t,x,y,speed,vy,ax,ay,yawRate,roll,pitch,rpm,gear,throttle,brake,steer,delta0,delta1,delta2,delta3,fz0,fx0,fy0,slip0,alpha0,omega0,fz1,fx1,fy1,slip1,alpha1,omega1,fz2,fx2,fy2,slip2,alpha2,omega2,fz3,fx3,fy3,slip3,alpha3,omega3
0.009,108.472,-1.60082,22.4411,-0.000119639,-0.300321,0.1641,-7.82146e-05,-0.000101256,0.00145933,3782.19,3,0,0.0443844,0,-0.0252254,0.0252839,-0.0115587,0.0115646,4565.41,-6.66246,-0.462274,-0.00176391,0.0257204,-71.3942,4551.76,-6.64253,-0.460892,-0.00177405,-0.0256094,-71.3908,4811.51,-7.02159,-0.487193,-0.000356608,0.0115292,-71.5679,4803.79,-7.01033,-0.486411,-0.000345195,-0.011536,-71.5662
0.019,108.697,-1.60483,22.4368,-8.55433e-05,-0.438782,-0.0295052,-7.2235e-05,-9.50208e-05,0.00149552,3776.2,3,0,0.0436478,0,-0.0251428,0.0252285,-0.0115614,0.0115668,4564.37,-6.82613,-0.43371,-0.00218031,0.0253058,-71.334,4551.72,-6.80722,-0.432508,-0.00217205,-0.0254002,-71.3306,4807.31,-7.18945,-0.456794,-0.00181894,0.011498,-71.4598,4800.55,-7.17934,-0.456152,-0.00181946,-0.0114987,-71.4579
0.029,108.921,-1.60884,22.4302,0.000216818,-0.845323,0.454982,8.89236e-05,-8.35654e-05,0.00155573,3771.82,3,0,0.0425031,0,-0.0250317,0.025081,-0.0115634,0.0115679,4561.99,-7.09724,-0.381225,-0.00254617,0.0246438,-71.291,4552.04,-7.08175,-0.380393,-0.00253363,-0.0245203,-71.2868,4798.02,-7.46444,-0.400949,-0.00250124,0.0114585,-71.3837,4793.78,-7.45784,-0.400594,-0.00249176,-0.0114501,-71.382
0.039,109.145,-1.61285,22.4225,-0.000103912,-0.875607,-0.0612542,-0.000199814,-6.6357e-05,0.0016407,3768.54,3,0,0.0410505,0,-0.0251139,0.02513,-0.0115688,0.011573,4563.32,-7.48705,-0.302808,-0.00280602,0.0249563,-71.258,4558.71,-7.47949,-0.302502,-0.00280665,-0.0249366,-71.2537,4783.72,-7.84866,-0.317433,-0.00291559,0.0114551,-71.3271,4783.77,-7.84874,-0.317436,-0.00292462,-0.0114328,-71.3257
0.049,109.369,-1.61686,22.4153,-7.62358e-05,-0.746345,-0.224258,-0.000198088,-4.36478e-05,0.00174867,3765.95,3,0,0.0396599,0,-0.025076,0.0250956,-0.0115738,0.0115772,4571.35,-7.99378,-0.19953,-0.00246356,0.025035,-71.2345,4571.28,-7.99366,-0.199527,-0.00246735,-0.0251584,-71.2315,4765.24,-8.33282,-0.207992,-0.00312913,0.011424,-71.2821,4771.07,-8.34301,-0.208247,-0.00315496,-0.0113926,-71.2813
0.059,109.593,-1.62087,22.4069,-0.00019047,-1.11812,-0.41705,-0.000379722,-1.65624e-05,0.00187717,3763.78,3,0,0.0381354,0,-0.0247478,0.0248151,-0.0115783,0.01158,4589,-8.61434,-0.0760047,-0.00270678,0.0235977,-71.2038,4595.54,-8.62661,-0.076113,-0.00264454,-0.0237693,-71.201,4744.52,-8.90627,-0.0785804,-0.00310127,0.0113758,-71.2424,4756.96,-8.92963,-0.0787865,-0.00312575,-0.0113321,-71.2426
0.069,109.817,-1.62488,22.3991,-0.00013949,-1.13421,-0.614254,-0.000403409,1.40196e-05,0.00202629,3761.87,3,0,0.0366805,0,-0.0250901,0.0250922,-0.0115872,0.0115883,4606.72,-9.33457,0.0645846,-0.00200746,0.0258094,-71.1987,4620.59,-9.36266,0.064779,-0.00196592,-0.0260654,-71.1967,4723.43,-9.57106,0.0662208,-0.00326103,0.0113606,-71.2105,4742.67,-9.61004,0.0664906,-0.00331058,-0.0113096,-71.212
0.079,110.041,-1.62888,22.3917,0.000223911,0.313842,-0.01512,-0.000214406,4.79938e-05,0.0021882,3760.22,3,0,0.0350006,0,-0.0244542,0.0244552,-0.0115949,0.0115948,4638.88,-10.1508,0.222637,-0.00255786,0.0239417,-71.1706,4656.66,-10.1897,0.223491,-0.0026487,-0.0239417,-71.1702,4703.62,-10.2925,0.225744,-0.00320166,0.0112886,-71.1793,4729.29,-10.3486,0.226977,-0.00323119,-0.0112233,-71.1821
0.089,110.265,-1.63288,22.3822,0.000160059,-0.769592,-0.139952,-0.000431716,8.32559e-05,0.002365,3758.64,3,0,0.0333903,0,-0.0249723,0.0249479,-0.0116057,0.0116049,4652.18,-11.0024,0.387322,-0.00253118,0.0246857,-71.1614,4676.9,-11.0609,0.389379,-0.00257334,-0.0245876,-71.1614,4687.53,-11.086,0.390264,-0.00324684,0.0113335,-71.1512,4718.88,-11.1602,0.392875,-0.00325712,-0.0112583,-71.1555
0.099,110.489,-1.63689,22.3747,0.000369611,-1.14482,-0.376927,-0.000365983,0.000119646,0.002547,3757.24,3,0,0.0320865,0,-0.0246132,0.0246222,-0.0116111,0.0116078,4676.66,-11.9115,0.559543,-0.00195034,0.0243642,-71.1443,4706.66,-11.9879,0.563133,-0.00198789,-0.0245691,-71.1462,4674.73,-11.9065,0.559312,-0.00323227,0.0113141,-71.1244,4710.82,-11.9985,0.56363,-0.00325334,-0.0112286,-71.1299
0.109,110.712,-1.64088,22.3667,0.000599701,-0.584977,-0.00173344,-0.000311044,0.000154551,0.00273451,3755.86,3,0,0.0304691,0,-0.0247434,0.0247135,-0.0116236,0.0116188,4690.86,-12.8272,0.724975,-0.0022386,0.0247142,-71.1317,4726.65,-12.9251,0.730506,-0.00230127,-0.0246648,-71.134,4665.68,-12.7584,0.721083,-0.00320533,0.0112918,-71.0993,4705.31,-12.8667,0.727208,-0.00320954,-0.0111995,-71.106
0.119,110.936,-1.64488,22.3589,0.000639706,-1.08377,-0.0225174,-0.00037225,0.000188812,0.00292087,3754.65,3,0,0.0291078,0,-0.0244848,0.024415,-0.0116334,0.0116269,4708.7,-13.7535,0.889058,-0.00196059,0.0248739,-71.1157,4749,-13.8712,0.896666,-0.00198997,-0.0247151,-71.1197,4660.23,-13.6119,0.879905,-0.00318354,0.0112895,-71.0757,4702.23,-13.7346,0.887837,-0.00317102,-0.0111902,-71.0833
0.129,111.159,-1.64888,22.3512,0.000776533,-1.00327,-0.043927,-0.000340278,0.000220331,0.00310547,3753.53,3,0,0.0276704,0,-0.0243708,0.024221,-0.0116392,0.0116314,4721.76,-14.6633,1.04035,-0.00202213,0.0246429,-71.0993,4765.35,-14.7987,1.04995,-0.00199255,-0.0244355,-71.1046,4657.78,-14.4646,1.02625,-0.00314261,0.0113202,-71.0536,4701.15,-14.5993,1.03581,-0.00313503,-0.0112126,-71.062
0.139,111.383,-1.65287,22.3439,0.000883033,-0.675518,0.0147162,-0.000359408,0.000249371,0.00328578,3752.44,3,0,0.0262553,0,-0.0245279,0.024419,-0.0116535,0.011645,4725.9,-15.5283,1.1785,-0.00177763,0.0247537,-71.091,4770.95,-15.6764,1.18974,-0.00178226,-0.0245273,-71.0975,4657.11,-15.3023,1.16135,-0.00311059,0.0113225,-71.0327,4700.87,-15.4461,1.17226,-0.00309399,-0.0112056,-71.0415
0.149,111.606,-1.65687,22.3364,0.000964218,-0.806287,-0.0209408,-0.000328194,0.000274507,0.00345733,3751.46,3,0,0.0248942,0,-0.0241691,0.0240852,-0.0116575,0.0116475,4737.79,-16.3802,1.30056,-0.00177405,0.0240253,-71.0723,4784.93,-16.5432,1.3135,-0.00174693,-0.0238358,-71.0795,4657.66,-16.1032,1.27856,-0.00312556,0.0113397,-71.0135,4701.04,-16.2531,1.29047,-0.00310664,-0.0112165,-71.0226
0.159,111.829,-1.66086,22.3291,0.00107806,-0.89659,-0.00111138,-0.000306558,0.000295777,0.00362089,3750.53,3,0,0.0235543,0,-0.0242277,0.0240935,-0.0116729,0.0116627,4742.71,-17.1729,1.40279,-0.00177918,0.0242308,-71.0606,4791.66,-17.3502,1.41726,-0.00178194,-0.0239957,-71.0683,4658.97,-16.8697,1.37802,-0.00301074,0.0113461,-70.9949,4701.11,-17.0223,1.39048,-0.00298923,-0.0112206,-71.0041
0.169,112.053,-1.66485,22.3223,0.00123263,-0.811007,0.0660301,-0.000219512,0.000313428,0.00377424,3749.62,3,0,0.0222949,0,-0.0241158,0.0239363,-0.0116799,0.0116685,4746.99,-17.9164,1.48784,-0.00147132,0.0244548,-71.0485,4796.71,-18.1041,1.50342,-0.00146446,-0.0241974,-71.0573,4660.56,-17.5902,1.46075,-0.00297863,0.0113693,-70.9769,4700.94,-17.7426,1.47341,-0.00295561,-0.0112396,-70.9859
0.179,112.276,-1.66884,22.3157,0.000981517,0.0995767,-0.307826,-0.000405859,0.000327082,0.00391659,3748.78,3,0,0.0208863,0,-0.0240997,0.0239059,-0.0116908,0.0116795,4747.99,-18.596,1.55298,-0.00171445,0.02368,-71.0335,4797.67,-18.7906,1.56923,-0.00177674,-0.0234575,-71.0428,4661.96,-18.2591,1.52484,-0.00289473,0.0113296,-70.9596,4700.2,-18.4089,1.53735,-0.00287404,-0.0111951,-70.9684
0.189,112.499,-1.67283,22.3085,0.00142126,-0.99263,0.236547,-0.000124047,0.00033697,0.00404695,3747.97,3,0,0.0197723,0,-0.0240487,0.02391,-0.011693,0.0116816,4752.51,-19.2333,1.60145,-0.00130047,0.0243857,-71.0224,4800.11,-19.4259,1.61749,-0.00133982,-0.0240913,-71.0321,4663.93,-18.8748,1.57161,-0.00287315,0.0114057,-70.9435,4699.75,-19.0197,1.58368,-0.00284343,-0.0112698,-70.952
0.199,112.722,-1.67682,22.3016,0.00125304,-1.04916,-0.0222255,-0.000195793,0.000342941,0.0041646,3747.21,3,0,0.0185107,0,-0.0239465,0.0237979,-0.0116972,0.0116859,4752.77,-19.7935,1.62992,-0.0014451,0.0238378,-71.0071,4799.76,-19.9892,1.64604,-0.00142955,-0.023594,-71.0173,4665.74,-19.431,1.60007,-0.00281642,0.011402,-70.9279,4699.02,-19.5697,1.61149,-0.00278999,-0.0112701,-70.9359
0.209,112.945,-1.68081,22.2953,0.00131327,-0.514589,-0.0445232,-0.000162795,0.000345483,0.00426989,3746.44,3,0,0.0172282,0,-0.0239348,0.0237691,-0.0117068,0.0116956,4748.46,-20.2755,1.64051,-0.00152463,0.0240516,-70.9951,4794.64,-20.4727,1.65647,-0.00153905,-0.023841,-71.0053,4668.11,-19.9324,1.61275,-0.00273215,0.0114337,-70.9126,4698.65,-20.0628,1.62331,-0.0027113,-0.0113008,-70.9202
0.219,113.168,-1.6848,22.2884,0.00112098,-2.78424,-0.34371,-0.000251776,0.00034513,0.00436132,3745.71,3,0,0.0164011,0,-0.0239934,0.0238329,-0.0117143,0.0117036,4744.22,-20.6912,1.63737,-0.000777182,0.0232662,-70.9823,4788.92,-20.8862,1.6528,-0.000808913,-0.0231785,-70.9926,4670.45,-20.3695,1.61191,-0.00270752,0.011457,-70.8971,4698.15,-20.4903,1.62148,-0.00268524,-0.0113244,-70.9043
0.229,113.39,-1.68879,22.2833,0.00119582,-0.618806,-0.00369413,-0.000128615,0.000342591,0.0044408,3745,3,0,0.015034,0,-0.02396,0.0238035,-0.0117184,0.0117082,4737.9,-21.0402,1.62316,-0.00100454,0.02427,-70.971,4779.65,-21.2256,1.63747,-0.00101634,-0.024004,-70.9821,4673.1,-20.7524,1.60096,-0.00265682,0.0114546,-70.8832,4698.2,-20.8639,1.60956,-0.002629,-0.0113299,-70.8897
0.239,113.613,-1.69277,22.2767,0.00134167,-0.74622,0.0834597,4.15811e-05,0.000337297,0.00450691,3744.35,3,0,0.0138275,0,-0.0238385,0.0236989,-0.0117191,0.0117094,4732.4,-21.3286,1.59622,-0.00126559,0.0238244,-70.9545,4772.76,-21.5105,1.60984,-0.00123978,-0.0236363,-70.9652,4676.18,-21.0753,1.57726,-0.00256985,0.0114751,-70.8697,4698.91,-21.1777,1.58493,-0.00255193,-0.0113593,-70.8758
0.249,113.836,-1.69676,22.2717,0.00103944,-0.567077,-0.187296,-8.31236e-05,0.000330586,0.0045603,3743.67,3,0,0.0128747,0,-0.0238438,0.0236777,-0.0117234,0.0117147,4723.39,-21.5402,1.56149,-0.000857436,0.0240717,-70.9451,4762.31,-21.7177,1.57435,-0.000867264,-0.02388,-70.9555,4678.95,-21.3376,1.54679,-0.00249832,0.0113966,-70.8566,4699.38,-21.4307,1.55355,-0.00248623,-0.0112843,-70.8622
0.259,114.059,-1.70074,22.2655,0.00101254,-0.901945,-0.152383,-6.10627e-05,0.000322846,0.0046029,3742.94,3,0,0.0117483,0,-0.0239827,0.02378,-0.01173,0.0117215,4711.23,-21.6855,1.521,-0.000873067,0.024037,-70.931,4749.2,-21.8603,1.53326,-0.00080688,-0.0237671,-70.9415,4682.91,-21.5551,1.51186,-0.00249126,0.0115557,-70.8429,4701.47,-21.6405,1.51785,-0.00247754,-0.0114527,-70.8482
0.269,114.281,-1.70473,22.2602,0.00110752,-0.795031,0.0581881,5.79084e-05,0.000314317,0.00463388,3742.41,3,0,0.0107425,0,-0.0239807,0.0237849,-0.0117331,0.0117251,4701.73,-21.7874,1.47783,-0.000702162,0.0241627,-70.9181,4737.12,-21.9514,1.48896,-0.000679852,-0.0238702,-70.9285,4686.27,-21.7158,1.47298,-0.00245313,0.0115165,-70.8304,4703.21,-21.7943,1.4783,-0.00243585,-0.0114187,-70.8352
0.279,114.504,-1.70871,22.2543,0.000969671,-0.422598,-0.0329988,5.61426e-05,0.000304953,0.00465531,3741.78,3,0,0.00953189,0,-0.024132,0.0239726,-0.0117374,0.0117301,4688.59,-21.827,1.4298,-0.00112371,0.0240783,-70.9043,4722.19,-21.9834,1.44005,-0.00103408,-0.0238612,-70.9148,4689.42,-21.8309,1.43006,-0.00234304,0.0115257,-70.8186,4705.07,-21.9037,1.43483,-0.00233346,-0.0114389,-70.8231
0.289,114.726,-1.71269,22.25,0.00101804,0.103809,0.13327,0.000117736,0.000296047,0.00466631,3741.22,3,0,0.00862779,0,-0.0239313,0.0238302,-0.0117415,0.0117344,4680.26,-21.8397,1.38558,-0.000765841,0.0238616,-70.8942,4712.16,-21.9886,1.39502,-0.000753975,-0.0236559,-70.904,4692.53,-21.897,1.38921,-0.00230855,0.0115443,-70.8079,4707.14,-21.9651,1.39354,-0.00229408,-0.0114594,-70.8121
0.299,114.949,-1.71667,22.2445,0.000840136,-1.12538,-0.172762,0.000104251,0.000287307,0.00466929,3740.62,3,0,0.00782362,0,-0.0239715,0.0237952,-0.0117439,0.0117373,4671.11,-21.8109,1.34204,-0.000445983,0.0241394,-70.876,4703.37,-21.9616,1.35131,-0.000349913,-0.0239946,-70.8857,4695.52,-21.9249,1.34906,-0.00232125,0.011587,-70.7951,4709.56,-21.9904,1.35309,-0.00232254,-0.0115158,-70.7992
0.309,115.171,-1.72066,22.2395,0.000762726,-0.214398,-0.00639909,7.34072e-05,0.000279242,0.00466658,3740.08,3,0,0.00665819,0,-0.0243174,0.0241288,-0.011746,0.0117399,4651.33,-21.706,1.29885,-0.00058158,0.0243641,-70.8691,4682.44,-21.8512,1.30753,-0.000594651,-0.024056,-70.8784,4698.05,-21.924,1.31189,-0.00221274,0.0115639,-70.7837,4711.75,-21.9879,1.31572,-0.00220323,-0.011495,-70.7877
0.319,115.393,-1.72464,22.2346,0.00121853,-1.57131,1.1331,0.000388905,0.000272042,0.0046552,3739.54,3,0,0.00601637,0,-0.0242005,0.0240806,-0.0117454,0.0117411,4647.66,-21.636,1.26436,0.000168688,0.0250508,-70.8508,4675.25,-21.7644,1.27187,6.28744e-05,-0.0244199,-70.8602,4700.32,-21.8811,1.27869,-0.0023563,0.0115652,-70.7729,4713.91,-21.9444,1.28238,-0.00228097,-0.0114898,-70.7767
0.329,115.616,-1.72862,22.2301,0.000663041,-0.0761189,-0.00916969,9.46445e-05,0.000265696,0.00464041,3738.97,3,0,0.00482324,0,-0.0242997,0.0241955,-0.0117504,0.0117452,4631.88,-21.494,1.23067,-0.000406439,0.0245424,-70.8413,4660.92,-21.6287,1.23839,-0.000433069,-0.0243577,-70.8501,4702.55,-21.8219,1.24945,-0.00212318,0.0115879,-70.7619,4716.48,-21.8866,1.25315,-0.00211697,-0.0115292,-70.7658
0.339,115.838,-1.73259,22.226,0.000545181,-0.420895,-0.120611,0.000103446,0.000260619,0.00462002,3738.45,3,0,0.00409014,0,-0.0241983,0.0240726,-0.0117512,0.0117468,4624.45,-21.3652,1.20522,-9.9217e-05,0.0242366,-70.8268,4654.02,-21.5018,1.21292,-0.000111514,-0.0240622,-70.8356,4704.54,-21.7352,1.22609,-0.00210436,0.0116009,-70.7513,4719,-21.802,1.22986,-0.00210689,-0.0115496,-70.7551
0.349,116.06,-1.73657,22.2206,0.000564563,-0.404057,-0.0211402,0.000121442,0.00025635,0.00459768,3737.91,3,0,0.00300154,0,-0.0244603,0.0242604,-0.0117529,0.0117483,4608.59,-21.189,1.18141,-0.000453711,0.0243632,-70.8151,4639.36,-21.3304,1.1893,-0.00044428,-0.0240835,-70.8236,4706.64,-21.6398,1.20655,-0.00202487,0.0116013,-70.7414,4721.7,-21.709,1.21041,-0.00202222,-0.0115557,-70.7453
0.359,116.282,-1.74055,22.2162,0.000569476,-0.586819,0.0517381,0.000141912,0.000254186,0.00457216,3737.39,3,0,0.00216665,0,-0.0245275,0.0243831,-0.0117536,0.0117495,4598.69,-21.0261,1.16892,-0.000232137,0.0246887,-70.8033,4628.29,-21.1614,1.17645,-0.000249334,-0.024451,-70.8122,4708.27,-21.5271,1.19678,-0.00197976,0.0116195,-70.731,4724.15,-21.5997,1.20081,-0.00197695,-0.0115758,-70.735
0.369,116.504,-1.74452,22.2117,0.000558455,-0.644285,0.197432,0.000196085,0.00025255,0.00454463,3736.87,3,0,0.00128058,0,-0.0245298,0.0244108,-0.0117559,0.0117507,4591.1,-20.865,1.15948,-0.000294746,0.0245378,-70.7874,4621.02,-21.001,1.16704,-0.000327477,-0.0242751,-70.7963,4710.12,-21.4059,1.18954,-0.00194378,0.0116173,-70.7213,4726.91,-21.4822,1.19378,-0.00192706,-0.0115804,-70.7255
0.379,116.726,-1.7485,22.208,0.000335813,-0.518422,-0.205893,3.11315e-05,0.000251961,0.0045166,3736.38,3,0,0.000513023,0,-0.0246406,0.0245189,-0.0117553,0.0117516,4580.8,-20.6898,1.15419,0.000160989,0.024596,-70.7798,4612,-20.8307,1.16205,8.87967e-05,-0.024439,-70.7882,4711.76,-21.2813,1.18718,-0.00205775,0.0116167,-70.7115,4729.58,-21.3618,1.19167,-0.00204307,-0.0115828,-70.7158
0.389,116.948,-1.75247,22.2038,0.000288489,-0.870043,-0.312278,6.49065e-06,0.000252638,0.00448829,3735.86,3,0.000514331,0,0,-0.0246611,0.0245084,-0.0117571,0.0117542,4572.94,-20.5248,1.1553,4.80342e-06,0.0244862,-70.7661,4605.08,-20.669,1.16342,0.000167519,-0.0243409,-70.7745,4713.36,-21.155,1.19077,-0.00187373,0.0116442,-70.7024,4732.28,-21.24,1.19555,-0.00188082,-0.0116137,-70.7069
0.399,117.17,-1.75645,22.1998,0.000379256,0.0401053,-0.0452934,7.04623e-05,0.00025435,0.00446115,3735.36,3,0.00256006,0,0,-0.0248669,0.0246935,-0.0117587,0.0117551,4563.24,-20.3574,1.16066,-0.000373913,0.0247021,-70.7533,4595.35,-20.5007,1.16882,-0.000445052,-0.024446,-70.7615,4714.98,-21.0344,1.19925,-0.00176721,0.0116417,-70.6927,4734.87,-21.1231,1.20431,-0.00176633,-0.0116069,-70.6974
0.409,117.392,-1.76042,22.1964,0.000147268,0.296346,-0.445441,-8.39382e-05,0.000256388,0.00443474,3734.87,3,0.00403616,0,0,-0.0248941,0.0247561,-0.011761,0.0117576,4557.42,-20.2111,1.16847,-0.000232533,0.0247058,-70.7404,4590.18,-20.3564,1.17686,-0.000180266,-0.0246437,-70.7489,4716.76,-20.9178,1.20932,-0.00173936,0.0116697,-70.6834,4737.65,-21.0104,1.21468,-0.00174988,-0.0116381,-70.6883
0.419,117.614,-1.76439,22.1922,0.000457146,-0.62729,-0.0166085,9.79185e-05,0.000259038,0.00441019,3734.44,3,0.0054014,0,0,-0.0247916,0.0247269,-0.0117581,0.0117547,4555.7,-20.0916,1.1801,-2.34583e-05,0.0248942,-70.7255,4588.51,-20.2363,1.1886,-4.62547e-05,-0.0247907,-70.7339,4718.48,-20.8095,1.22226,-0.00172326,0.0116793,-70.6749,4740.14,-20.9051,1.22788,-0.00172345,-0.0116465,-70.6799
0.429,117.836,-1.76836,22.1877,0.000545813,-0.552921,0.112884,0.000165847,0.000261646,0.00438849,3733.93,3,0.00730506,0,0,-0.0250329,0.0248888,-0.0117609,0.0117573,4547.58,-19.9571,1.18986,-0.000443142,0.0248586,-70.7107,4582.18,-20.109,1.19891,-0.00045089,-0.0246684,-70.7191,4720.14,-20.7144,1.23501,-0.00163536,0.0116839,-70.6663,4742.45,-20.8123,1.24084,-0.00163056,-0.0116512,-70.6715
0.439,118.058,-1.77233,22.1855,0.000436969,0.211071,-0.0616309,7.94217e-05,0.00026417,0.00436908,3733.46,3,0.00852185,0,0,-0.0250168,0.0248406,-0.011763,0.0117599,4545.03,-19.8577,1.20066,0.000136285,0.0255819,-70.6984,4580.48,-20.0126,1.21003,0.000133009,-0.0253927,-70.7066,4721.69,-20.6296,1.24733,-0.00164327,0.0117153,-70.6576,4744.33,-20.7285,1.25331,-0.00164347,-0.0116826,-70.6629
0.449,118.28,-1.7763,22.1805,0.000435298,-0.487293,0.281198,7.38243e-05,0.000266605,0.00435368,3733.01,3,0.0103269,0,0,-0.0251298,0.0249859,-0.0117634,0.0117604,4542.36,-19.7761,1.21101,-0.000327539,0.0256883,-70.6814,4576.68,-19.9255,1.22016,-0.000330512,-0.0252809,-70.6902,4723.35,-20.5641,1.25927,-0.00155408,0.0117054,-70.6495,4746.18,-20.6634,1.26535,-0.00153449,-0.0116739,-70.6548
0.459,118.502,-1.78027,22.1777,0.000450419,-0.304285,0.032358,7.17829e-05,0.000268287,0.00434125,3732.57,3,0.0116022,0,0,-0.0251452,0.0250325,-0.0117644,0.0117616,4540.29,-19.7106,1.2181,4.84006e-05,0.0253131,-70.6706,4574.36,-19.8586,1.22724,4.99835e-05,-0.0251313,-70.6793,4724.85,-20.5119,1.26762,-0.00154342,0.0117113,-70.6412,4747.61,-20.6107,1.27372,-0.00153731,-0.0116775,-70.6466
0.469,118.723,-1.78424,22.1735,0.000670124,-0.488065,0.393298,0.000205643,0.000269338,0.00433244,3732.12,3,0.0132994,0,0,-0.0250812,0.0249585,-0.0117646,0.0117619,4539.84,-19.6687,1.22275,-0.000357235,0.0244962,-70.6538,4574.35,-19.8182,1.23205,-0.000311311,-0.0241668,-70.6626,4726.46,-20.4773,1.27301,-0.00145883,0.0117155,-70.6334,4748.9,-20.5745,1.27906,-0.00144478,-0.0116829,-70.6388
0.479,118.945,-1.78821,22.1704,0.00031546,-0.751537,-0.179287,-4.60042e-05,0.000269367,0.0043283,3731.69,3,0.0145053,0,0,-0.0252342,0.0250582,-0.0117615,0.0117592,4538.44,-19.6438,1.22251,0.000141115,0.025267,-70.6451,4573.96,-19.7976,1.23208,0.000168547,-0.0250474,-70.6537,4727.98,-20.4642,1.27356,-0.00147069,0.0117372,-70.6252,4749.91,-20.5592,1.27947,-0.00146808,-0.0117034,-70.6305
0.489,119.167,-1.79218,22.1679,0.000375585,0.369153,0.0341713,-1.70476e-05,0.000269036,0.00432694,3731.24,3,0.0160491,0,0,-0.0252186,0.0250719,-0.0117668,0.0117645,4542.27,-19.6543,1.22204,7.484e-05,0.026188,-70.6302,4576.4,-19.802,1.23122,0.000107934,-0.0258642,-70.639,4729.86,-20.466,1.2725,-0.00143081,0.0117897,-70.6172,4751.13,-20.558,1.27823,-0.00141895,-0.011756,-70.6224
0.499,119.388,-1.79614,22.1632,0.000545998,-0.633917,0.267713,9.00125e-05,0.000267635,0.0043301,3730.82,3,0.0176321,0,0,-0.0252849,0.025166,-0.0117653,0.0117628,4543.05,-19.672,1.21588,-1.69005e-05,0.0255689,-70.6185,4575.96,-19.8145,1.22469,-3.50913e-05,-0.0252328,-70.6271,4731.4,-20.4876,1.26629,-0.00131586,0.0117396,-70.6098,4751.86,-20.5762,1.27177,-0.00129499,-0.0117019,-70.6148
0.509,119.61,-1.80011,22.1595,0.000506278,-0.581292,0.00767547,6.57906e-05,0.00026496,0.00433625,3730.39,3,0.0192782,0,0,-0.0252331,0.0251339,-0.0117643,0.0117618,4545.92,-19.7124,1.20449,-0.000280917,0.0252326,-70.6055,4578.44,-19.8534,1.2131,-0.000241801,-0.0250901,-70.614,4733.17,-20.5243,1.2541,-0.00127997,0.01175,-70.6022,4752.67,-20.6089,1.25927,-0.00127401,-0.0117126,-70.6071
0.519,119.831,-1.80407,22.1571,0.000430663,0.384064,-0.204992,1.31509e-05,0.0002617,0.00434577,3729.98,3,0.02073,0,0,-0.0252733,0.0251397,-0.0117664,0.011764,4549.73,-19.7722,1.19066,-0.000233273,0.0255058,-70.5938,4582.3,-19.9137,1.19918,-0.00027549,-0.0254678,-70.6021,4734.9,-20.5769,1.23912,-0.00125524,0.0117681,-70.5947,4753.35,-20.6571,1.24395,-0.00125446,-0.0117284,-70.5994
0.529,120.053,-1.80804,22.1532,0.000474344,-0.57712,-0.0371611,5.28516e-05,0.000257405,0.00435822,3729.57,3,0.0220153,0,0,-0.0253037,0.0251205,-0.0117629,0.0117608,4552.15,-19.8394,1.17175,-1.16776e-05,0.025601,-70.5843,4583.79,-19.9773,1.17989,-2.84957e-05,-0.025405,-70.5927,4736.41,-20.6425,1.21918,-0.00122511,0.0117016,-70.5871,4753.79,-20.7182,1.22365,-0.00121881,-0.0116656,-70.5915
0.539,120.274,-1.812,22.1504,0.000420516,0.0967846,0.133505,2.34937e-05,0.000252428,0.00437307,3729.16,3,0.023493,0,0,-0.0252574,0.0251131,-0.011768,0.0117658,4558.29,-19.9339,1.15064,-0.000128719,0.0256018,-70.5705,4588.15,-20.0644,1.15818,-0.000103084,-0.0252922,-70.579,4738.66,-20.7226,1.19617,-0.00118014,0.0117865,-70.58,4754.94,-20.7938,1.20028,-0.00115946,-0.0117515,-70.5842
0.549,120.496,-1.81596,22.1463,0.000617805,-0.525605,0.214687,0.000184621,0.00024662,0.00439083,3728.77,3,0.0250286,0,0,-0.0253252,0.0252237,-0.0117646,0.0117624,4560.84,-20.026,1.12479,-0.000256402,0.025272,-70.5608,4589.02,-20.1497,1.13174,-0.0002346,-0.0250841,-70.5692,4740.47,-20.8147,1.16909,-0.00114597,0.011779,-70.573,4755.66,-20.8814,1.17284,-0.00113624,-0.0117455,-70.577
0.559,120.717,-1.81993,22.1433,0.000488577,-0.629466,0.04146,9.68953e-05,0.000240119,0.00440934,3728.38,3,0.0263233,0,0,-0.0252331,0.0251088,-0.0117668,0.0117648,4566.57,-20.1357,1.09652,-0.000132218,0.0251498,-70.5499,4594.61,-20.2593,1.10325,-0.000125211,-0.0249749,-70.5578,4742.29,-20.9105,1.13871,-0.00108323,0.0117975,-70.5659,4756.3,-20.9723,1.14208,-0.00107942,-0.0117651,-70.5697
0.569,120.939,-1.82389,22.1399,0.000406807,-0.19164,-0.0404815,4.26809e-05,0.000233254,0.00443035,3728.01,3,0.0279738,0,0,-0.0252865,0.0251285,-0.0117653,0.0117633,4569.32,-20.2438,1.06581,-0.000393169,0.0253451,-70.5402,4596.43,-20.3639,1.07214,-0.0004199,-0.0251516,-70.5479,4744.03,-21.0178,1.10657,-0.00101958,0.0117867,-70.5589,4757.06,-21.0756,1.10961,-0.00101293,-0.0117527,-70.5625
0.579,121.16,-1.82785,22.1372,0.000321564,-0.0471239,-0.0809497,1.58375e-05,0.000225898,0.0044513,3727.6,3,0.0292126,0,0,-0.0252195,0.0250556,-0.0117667,0.011765,4576.39,-20.371,1.0338,-0.000248866,0.0255802,-70.5296,4601.88,-20.4845,1.03956,-0.000278735,-0.0253742,-70.5371,4745.79,-21.1251,1.07207,-0.00100082,0.0118438,-70.5521,4757.85,-21.1787,1.07479,-0.000996908,-0.0118082,-70.5555
0.589,121.381,-1.83181,22.1339,0.000317742,-0.027578,-0.0309765,5.45715e-05,0.000218298,0.00447336,3727.28,3,0.0306946,0,0,-0.0252183,0.0251237,-0.0117676,0.011766,4580.85,-20.492,0.99999,-0.000449795,0.0252335,-70.5183,4604.3,-20.5968,1.00511,-0.000436032,-0.0250895,-70.526,4747.46,-21.2373,1.03636,-0.000953905,0.0117945,-70.5455,4758.58,-21.287,1.03879,-0.000947631,-0.0117685,-70.5486
0.599,121.603,-1.83577,22.1311,0.00040065,0.0106541,0.0483227,0.000124185,0.000210447,0.00449556,3726.91,3,0.0319737,0,0,-0.0252002,0.0251089,-0.0117675,0.0117659,4583.89,-20.6073,0.964668,-0.00024629,0.0252131,-70.512,4606.56,-20.7092,0.969439,-0.000217764,-0.025091,-70.5192,4749.14,-21.3502,0.999444,-0.000906382,0.0118608,-70.5387,4759.46,-21.3966,1.00161,-0.000901138,-0.0118357,-70.5416
0.609,121.824,-1.83973,22.1282,0.00061466,0.078595,0.481036,0.000297392,0.000202525,0.00451733,3726.57,3,0.0332964,0,0,-0.0250372,0.0249094,-0.0117664,0.0117646,4588.5,-20.7279,0.929285,-0.00025489,0.0251023,-70.5021,4609.98,-20.8249,0.933635,-0.000260174,-0.0247798,-70.509,4750.53,-21.4598,0.9621,-0.000877874,0.0117284,-70.5322,4760.04,-21.5028,0.964026,-0.000857621,-0.0117069,-70.535
0.619,122.045,-1.84369,22.1248,0.000316629,-0.49748,0.0327427,8.45069e-05,0.000194764,0.00453887,3726.21,3,0.034557,0,0,-0.0250948,0.0249238,-0.0117635,0.011762,4591.44,-20.8401,0.894246,-8.00755e-05,0.0252254,-70.4924,4612.32,-20.9349,0.898313,-0.000124144,-0.0249948,-70.4992,4752.12,-21.5694,0.92554,-0.000827017,0.0118586,-70.526,4760.94,-21.6095,0.927259,-0.000816368,-0.0118334,-70.5286
0.629,122.266,-1.84765,22.1214,0.000356386,-0.825825,-0.194969,0.000164818,0.000186837,0.00455912,3725.9,3,0.035939,0,0,-0.0251599,0.0250697,-0.011768,0.011766,4594.71,-20.948,0.858462,-0.000341584,0.0246133,-70.4824,4613.32,-21.0329,0.861941,-0.000359775,-0.0247363,-70.489,4753.86,-21.6736,0.888199,-0.000697353,0.0119153,-70.5198,4762.14,-21.7113,0.889746,-0.000705511,-0.011891,-70.5223
0.639,122.487,-1.85161,22.1188,0.000305223,-0.57552,0.128995,0.000125308,0.000179051,0.00457816,3725.56,3,0.0371647,0,0,-0.0251027,0.0250425,-0.0117649,0.0117634,4598.02,-21.0506,0.823278,-2.86512e-05,0.025544,-70.4758,4616.4,-21.1348,0.826569,-6.37556e-05,-0.0253954,-70.4819,4755.3,-21.7707,0.85144,-0.00077862,0.011831,-70.5135,4763.02,-21.8061,0.852823,-0.000769579,-0.0118152,-70.5159
0.649,122.708,-1.85557,22.1173,0.000309982,0.613661,0.194609,0.000231997,0.000171924,0.00459461,3725.28,3,0.03842,0,0,-0.0249642,0.0248729,-0.011771,0.0117708,4603.68,-21.1523,0.791484,-0.000130785,0.0249789,-70.4649,4621.42,-21.2338,0.794533,-0.000136448,-0.0248084,-70.4711,4756.42,-21.854,0.817744,-0.000737256,0.0117791,-70.5074,4763.62,-21.8871,0.818982,-0.000723187,-0.0117676,-70.5096
0.659,122.93,-1.85952,22.1132,0.000199872,-0.246864,-0.03781,0.000102519,0.000164836,0.00461157,3724.94,3,0.0398647,0,0,-0.0252238,0.0250921,-0.0117669,0.0117655,4599.53,-21.2112,0.758165,-0.000120531,0.0254628,-70.4611,4617.97,-21.2963,0.761206,-8.33475e-05,-0.0253093,-70.4668,4757.94,-21.9417,0.784277,-0.000687008,0.0118204,-70.5014,4764.93,-21.974,0.785429,-0.000687066,-0.0118105,-70.5035
0.669,123.151,-1.86348,22.1109,0.000258115,0.196692,0.0514763,0.000149277,0.000158551,0.00462398,3724.66,3,0.0411167,0,0,-0.0249624,0.024872,-0.0117706,0.0117674,4608.7,-21.3107,0.730713,-0.000334677,0.0251206,-70.4461,4625.79,-21.3897,0.733422,-0.000347112,-0.024989,-70.4519,4759.08,-22.006,0.754556,-0.000627904,0.0118558,-70.4958,4765.92,-22.0376,0.75564,-0.000630342,-0.0118451,-70.4979
0.679,123.372,-1.86744,22.1075,0.000160328,-0.292161,0.00152061,0.000104362,0.000152386,0.00463613,3724.35,3,0.0424199,0,0,-0.0251238,0.0250691,-0.0117671,0.0117661,4606.51,-21.3565,0.701968,-0.000222971,0.0252326,-70.4428,4622.11,-21.4288,0.704345,-0.000237198,-0.0251541,-70.4484,4760.22,-22.0691,0.725391,-0.00059884,0.0118324,-70.4899,4766.98,-22.1005,0.726421,-0.000597444,-0.0118259,-70.4919
0.689,123.593,-1.87139,22.1052,0.00016344,-0.251654,-0.0433118,0.000134771,0.000146624,0.00464424,3724.06,3,0.0434917,0,0,-0.0248821,0.0248352,-0.011767,0.0117659,4612.37,-21.4211,0.676281,-3.24428e-05,0.0258276,-70.4317,4627.85,-21.493,0.678552,-5.60493e-05,-0.0258081,-70.437,4761.44,-22.1134,0.698139,-0.000584351,0.0119029,-70.4842,4768.15,-22.1446,0.699122,-0.000588386,-0.0118993,-70.4862
0.699,123.814,-1.87535,22.1016,-7.73115e-05,-1.05391,0.122998,-7.82773e-06,0.000141037,0.00465101,3723.78,3,0.044827,0,0,-0.0249535,0.0247958,-0.0117582,0.0117576,4607.78,-21.431,0.649867,-0.000360551,0.0241163,-70.4221,4623.29,-21.5031,0.652054,-0.00035403,-0.0236476,-70.427,4762.24,-22.1493,0.671651,-0.000515764,0.0118189,-70.4789,4768.95,-22.1806,0.672598,-0.000503804,-0.0118227,-70.4809
0.709,124.035,-1.8793,22.0996,0.000106492,-0.279221,0.0105805,0.000112941,0.000136439,0.00465513,3723.51,3,0.0460428,0,0,-0.0250821,0.0249821,-0.0117671,0.0117661,4605.09,-21.4374,0.628312,-0.000149511,0.0253369,-70.4181,4620.03,-21.507,0.63035,-9.352e-05,-0.0251945,-70.4233,4763.38,-22.1743,0.649909,-0.000509008,0.0118378,-70.4732,4770.03,-22.2053,0.650817,-0.000507437,-0.0118388,-70.4752
0.719,124.256,-1.88325,22.0964,0.000187867,-0.56385,0.466777,0.000183936,0.00013184,0.00465577,3723.24,3,0.0474062,0,0,-0.0248951,0.0248313,-0.0117658,0.0117645,4609.05,-21.4588,0.607659,-0.000341053,0.0260648,-70.4061,4622.7,-21.5224,0.609459,-0.000386751,-0.0256688,-70.4109,4764.43,-22.1822,0.628144,-0.000452073,0.0118725,-70.4681,4771.07,-22.2131,0.629019,-0.000433172,-0.0118736,-70.4701
0.729,124.477,-1.88721,22.0946,7.54e-05,0.360494,0.044872,0.000130013,0.000127319,0.00465441,3722.97,3,0.0486604,0,0,-0.0250312,0.0249837,-0.0117676,0.0117666,4604.19,-21.4299,0.586202,-0.000454535,0.025097,-70.4001,4617.9,-21.4938,0.587948,-0.000431014,-0.0250165,-70.4052,4765.45,-22.1805,0.606734,-0.000406216,0.0118377,-70.4627,4772.03,-22.2111,0.607572,-0.000405069,-0.0118434,-70.4646
0.739,124.697,-1.89116,22.0918,7.70743e-05,-0.2262,-0.0105066,0.000125632,0.000123181,0.00465004,3722.71,3,0.0496998,0,0,-0.0248714,0.0248234,-0.0117658,0.0117647,4605.44,-21.4156,0.567304,-0.000214156,0.0251017,-70.393,4619.38,-21.4804,0.56902,-0.000208615,-0.0250527,-70.3975,4766.64,-22.1652,0.587161,-0.000391173,0.0118405,-70.4574,4773.08,-22.1952,0.587955,-0.000391953,-0.0118456,-70.4594
0.749,124.918,-1.89511,22.0894,4.31581e-05,-0.715316,-0.108165,0.000113877,0.000119254,0.00464311,3722.47,3,0.0506523,0,0,-0.0248262,0.0247199,-0.0117664,0.0117654,4605.52,-21.3841,0.549228,-0.000214357,0.02436,-70.3833,4619.62,-21.4495,0.550909,-7.57815e-05,-0.024293,-70.3878,4767.85,-22.1378,0.568587,-0.000319623,0.0119011,-70.4523,4774.17,-22.1672,0.56934,-0.000331263,-0.0119087,-70.4542
0.759,125.139,-1.89906,22.0867,2.64426e-06,-0.602177,-0.127336,7.27568e-05,0.000115702,0.00463491,3722.21,3,0.0519721,0,0,-0.0250518,0.0249941,-0.0117664,0.0117655,4600.42,-21.3227,0.532278,-9.79028e-05,0.0249053,-70.3798,4612.75,-21.3798,0.533704,-0.000112932,-0.0249062,-70.3842,4768.62,-22.1023,0.551739,-0.000317465,0.0118502,-70.4474,4774.83,-22.131,0.552457,-0.000322711,-0.0118554,-70.4493
0.769,125.36,-1.90301,22.0846,-0.000210299,0.285589,-0.222256,-4.36279e-05,0.000111992,0.00462327,3721.94,3,0.0533549,0,0,-0.0248863,0.0248583,-0.0117661,0.0117649,4601.6,-21.2746,0.515343,-0.000453586,0.0252921,-70.3677,4613.64,-21.3303,0.516691,-0.000388297,-0.0252515,-70.372,4769.64,-22.0515,0.534163,-0.000241138,0.0119045,-70.4427,4775.77,-22.0799,0.534849,-0.000243449,-0.0119147,-70.4445
0.779,125.581,-1.90696,22.0819,9.07727e-05,0.17692,0.0619318,0.000163839,0.000108328,0.00461058,3721.71,3,0.0545941,0,0,-0.0249985,0.0249749,-0.0117657,0.0117648,4596.71,-21.1936,0.497952,-0.000576541,0.0248675,-70.362,4608.87,-21.2497,0.49927,-0.000549294,-0.0248617,-70.366,4770.46,-21.9947,0.516775,-0.000206289,0.0118469,-70.4379,4776.43,-22.0223,0.517422,-0.00020661,-0.0118562,-70.4397
0.789,125.802,-1.91091,22.08,9.17316e-06,-0.256274,-0.0961066,0.000120663,0.00010496,0.00459467,3721.48,3,0.0553613,0,0,-0.0249182,0.0248442,-0.0117675,0.0117666,4597.32,-21.1233,0.482536,-8.98623e-05,0.0252701,-70.3545,4610.03,-21.1817,0.48387,-8.33907e-05,-0.0252733,-70.3583,4771.39,-21.9231,0.500807,-0.00021716,0.0118547,-70.4332,4777.17,-21.9497,0.501413,-0.000218291,-0.0118658,-70.4349
0.799,126.022,-1.91486,22.0777,1.20906e-05,-0.875686,-0.0332419,0.000107719,0.000101713,0.0045777,3721.24,3,0.0562475,0,0,-0.0249739,0.0249035,-0.0117661,0.0117653,4595.2,-21.0356,0.467391,4.702e-05,0.0249038,-70.3459,4606.66,-21.0881,0.468557,0.000175729,-0.0248489,-70.3499,4772.34,-21.8465,0.485409,-0.000226651,0.0118569,-70.4286,4777.94,-21.8722,0.485979,-0.000226595,-0.0118687,-70.4303
0.809,126.243,-1.91881,22.0753,-8.71489e-05,-0.117716,-0.0508328,4.12535e-05,9.84723e-05,0.00455935,3721.01,3,0.0577192,0,0,-0.0250148,0.0249727,-0.0117657,0.0117651,4591.5,-20.9344,0.452136,-0.000217343,0.0251718,-70.3398,4601.82,-20.9814,0.453152,-0.000228239,-0.025103,-70.3435,4773.24,-21.763,0.470032,-0.000139853,0.0118571,-70.424,4778.65,-21.7877,0.470565,-0.000138769,-0.0118679,-70.4257
0.819,126.464,-1.92276,22.0736,-2.45354e-05,0.134277,0.0148716,9.70738e-05,9.51933e-05,0.00453866,3720.78,3,0.0587001,0,0,-0.0248458,0.0248439,-0.011766,0.0117651,4592.92,-20.8459,0.437215,-0.000102788,0.0255214,-70.33,4602.83,-20.8908,0.438158,-0.000138948,-0.0255173,-70.3336,4774.22,-21.6687,0.454474,-0.000117164,0.0118735,-70.4197,4779.44,-21.6924,0.45497,-0.000116378,-0.0118854,-70.4212
0.829,126.684,-1.9267,22.0708,-4.77981e-07,-0.443322,0.0867722,0.00013268,9.15248e-05,0.0045177,3720.56,3,0.0598162,0,0,-0.025023,0.0249571,-0.0117652,0.0117641,4586.22,-20.7193,0.419753,-0.000141174,0.0251236,-70.3262,4597.31,-20.7694,0.420767,-0.000114253,-0.0249995,-70.3296,4775.16,-21.5729,0.437045,-8.74468e-05,0.0118611,-70.4152,4780.07,-21.5951,0.437495,-8.18417e-05,-0.0118755,-70.4168
0.839,126.905,-1.93065,22.0687,-0.000161461,-0.574219,-0.156247,-2.81572e-06,8.81536e-05,0.00449501,3720.34,3,0.0608275,0,0,-0.0249395,0.0248562,-0.011764,0.0117635,4586.28,-20.6155,0.404297,-0.000131545,0.0250531,-70.3152,4596.88,-20.6632,0.405231,-8.96666e-05,-0.0249791,-70.3186,4776.04,-21.4685,0.421025,-6.66052e-05,0.0118646,-70.4112,4780.65,-21.4892,0.421431,-6.71207e-05,-0.0118781,-70.4127
0.849,127.126,-1.9346,22.0663,-6.23417e-05,-0.11127,0.0191024,8.07511e-05,8.49632e-05,0.00447225,3720.11,3,0.0622094,0,0,-0.0251155,0.0250485,-0.0117645,0.0117638,4580.68,-20.4861,0.38919,-0.000436552,0.0251213,-70.3095,4589.79,-20.5268,0.389963,-0.000427871,-0.0250293,-70.313,4777,-21.3641,0.40587,1.0122e-05,0.0118548,-70.407,4781.33,-21.3834,0.406237,1.32462e-05,-0.0118684,-70.4084
0.859,127.346,-1.93854,22.0642,-0.000206633,-0.299146,-0.354282,-1.17845e-05,8.12289e-05,0.00444763,3719.92,3,0.0631972,0,0,-0.0250083,0.0249854,-0.0117644,0.0117635,4580.18,-20.3711,0.372043,-0.00040494,0.0246456,-70.3007,4588.8,-20.4094,0.372743,-0.000354383,-0.024768,-70.304,4777.92,-21.2506,0.388105,5.45566e-05,0.0118566,-70.4028,4781.96,-21.2686,0.388433,4.42646e-05,-0.0118704,-70.4041
0.869,127.567,-1.94249,22.062,-0.000108883,-0.684693,0.0255054,4.13219e-05,7.75508e-05,0.00442298,3719.69,3,0.0641421,0,0,-0.0248928,0.0248836,-0.0117597,0.011759,4580.2,-20.2583,0.355198,-0.000345399,0.0246219,-70.2933,4588.35,-20.2943,0.35583,-0.000326572,-0.0245146,-70.2964,4778.87,-21.137,0.370605,6.43474e-05,0.0118659,-70.3989,4782.53,-21.1532,0.370889,7.06249e-05,-0.01188,-70.4002
0.879,127.788,-1.94643,22.0603,-5.10774e-05,-0.288717,0.059485,9.73168e-05,7.38476e-05,0.00439821,3719.48,3,0.0651941,0,0,-0.0250316,0.0249573,-0.0117632,0.0117622,4576.6,-20.129,0.337971,-0.000271079,0.0251774,-70.2884,4585.36,-20.1675,0.338618,-0.000243777,-0.025047,-70.2913,4779.57,-21.0217,0.35296,9.98479e-05,0.0118686,-70.3949,4782.87,-21.0362,0.353204,0.000107361,-0.0118834,-70.3961
0.889,128.008,-1.95038,22.0583,-0.000162071,0.000127317,-0.0613423,1.02651e-05,7.01903e-05,0.00437318,3719.26,3,0.0663529,0,0,-0.0250722,0.0249947,-0.011763,0.0117622,4574,-20.0031,0.321051,-0.000338499,0.0255719,-70.281,4581.84,-20.0374,0.321601,-0.000396051,-0.0254512,-70.2836,4780.61,-20.9066,0.335553,0.000139242,0.0118798,-70.391,4783.54,-20.9194,0.335758,0.000142685,-0.0118939,-70.3922
0.899,128.229,-1.95432,22.0558,7.73574e-05,-0.651392,-0.163159,0.000177668,6.6516e-05,0.004348,3719.07,3,0.0673602,0,0,-0.025019,0.0250061,-0.0117595,0.0117587,4572.5,-19.8814,0.304145,-0.000452927,0.0242383,-70.2719,4579.52,-19.9119,0.304611,-0.000458942,-0.0244906,-70.2748,4781.28,-20.7891,0.318031,0.000163358,0.0118465,-70.3875,4783.85,-20.8003,0.318203,0.000148711,-0.0118577,-70.3884
0.909,128.449,-1.95826,22.0546,-4.83165e-05,0.475026,-0.000637114,8.58941e-05,6.19301e-05,0.00432344,3718.86,3,0.0685187,0,0,-0.0252183,0.0252006,-0.0117629,0.0117623,4568.67,-19.7525,0.282938,-0.000578279,0.0252595,-70.2683,4574.6,-19.7781,0.283306,-0.000541312,-0.0252804,-70.2708,4782.35,-20.6763,0.296171,0.000211206,0.0118688,-70.3835,4784.52,-20.6857,0.296306,0.000211533,-0.011884,-70.3844
0.919,128.67,-1.96221,22.0529,-0.000350975,-0.553875,-0.275583,-0.000138688,5.78391e-05,0.00429768,3718.71,3,0.0690159,0,0,-0.0248635,0.0248615,-0.0117578,0.0117576,4574.43,-19.6595,0.264581,-4.70045e-06,0.0251703,-70.2605,4580.02,-19.6836,0.264905,-6.55038e-05,-0.0251613,-70.2626,4783.45,-20.5579,0.276671,0.000203877,0.0119608,-70.3798,4785.16,-20.5652,0.27677,0.000204505,-0.0119734,-70.3806
0.929,128.89,-1.96615,22.0501,-0.000134288,-0.0911561,-0.120578,2.93999e-05,5.38611e-05,0.00427389,3718.45,3,0.0706105,0,0,-0.0252319,0.0251643,-0.0117623,0.0117616,4568.54,-19.5255,0.246067,-0.000789611,0.0255792,-70.2529,4574.18,-19.5496,0.24637,-0.000735572,-0.0255796,-70.2543,4784.25,-20.4475,0.257685,0.000273126,0.011886,-70.3763,4785.58,-20.4532,0.257757,0.000274872,-0.0119,-70.3771
0.939,129.111,-1.97009,22.0492,-0.00032737,0.226598,-0.389786,-7.49658e-05,4.98064e-05,0.00424938,3718.28,3,0.071326,0,0,-0.0251025,0.0250429,-0.0117611,0.0117608,4567.14,-19.4077,0.227473,-0.000271847,0.0251384,-70.2494,4572.21,-19.4292,0.227725,-0.000291082,-0.0252133,-70.2516,4784.51,-20.3314,0.238299,0.000274657,0.011848,-70.3726,4785.5,-20.3355,0.238349,0.00026278,-0.0118637,-70.3732
0.949,129.331,-1.97404,22.0466,-0.000145548,-0.244749,0.188382,2.28314e-05,4.54772e-05,0.0042254,3718.09,3,0.0724367,0,0,-0.025117,0.0251269,-0.0117614,0.0117609,4570.06,-19.3105,0.207833,-0.000600358,0.0256996,-70.2394,4573.78,-19.3261,0.208002,-0.000595277,-0.0255441,-70.2413,4785.82,-20.2221,0.217646,0.00032422,0.0118655,-70.3695,4786.49,-20.2249,0.217676,0.000340618,-0.0118833,-70.3701
0.959,129.552,-1.97798,22.0452,-5.50327e-05,-0.320937,0.027605,9.65224e-05,4.13968e-05,0.00420211,3717.91,3,0.0732321,0,0,-0.0250985,0.0251096,-0.0117597,0.011759,4568.2,-19.1962,0.189109,-0.000375241,0.0251731,-70.236,4571.94,-19.2119,0.189264,-0.000341792,-0.0251874,-70.238,4786.69,-20.1143,0.198154,0.000344069,0.011866,-70.366,4786.99,-20.1156,0.198166,0.000345369,-0.011882,-70.3665
0.969,129.772,-1.98192,22.0442,-6.15341e-05,0.429391,0.138318,0.00010554,3.70099e-05,0.00417879,3717.74,3,0.0742033,0,0,-0.0250141,0.0249578,-0.0117602,0.0117602,4569.07,-19.0933,0.169101,-0.000439124,0.0248022,-70.2285,4572.79,-19.1088,0.169239,-0.000451561,-0.024654,-70.2301,4787.45,-20.0058,0.177183,0.000397324,0.0118504,-70.3626,4787.4,-20.0056,0.177181,0.000401165,-0.0118671,-70.363
0.979,129.992,-1.98586,22.0425,-0.000339931,0.724197,-0.265082,-8.77213e-05,3.27232e-05,0.0041569,3717.52,3,0.0752782,0,0,-0.0250027,0.0248787,-0.0117596,0.0117592,4565.03,-18.9765,0.149382,-0.000486064,0.0253369,-70.2225,4568.49,-18.9909,0.149496,-0.000536408,-0.0252456,-70.2239,4787.56,-19.9015,0.156664,0.000398504,0.0117447,-70.3595,4787.19,-19.9,0.156652,0.000392837,-0.0117622,-70.3598
0.989,130.213,-1.9898,22.0399,-7.70951e-05,-0.31859,0.226952,0.000115315,2.8398e-05,0.00413504,3717.43,3,0.076164,0,0,-0.0251047,0.0250867,-0.0117584,0.0117581,4566.29,-18.8819,0.129674,-0.000574862,0.024691,-70.2159,4567.59,-18.8873,0.129711,-0.000594807,-0.0245441,-70.2176,4789.24,-19.8038,0.136005,0.000419465,0.011871,-70.3564,4788.45,-19.8005,0.135983,0.00043395,-0.0118888,-70.3568
0.999,130.433,-1.99374,22.0385,-8.43983e-05,-0.224857,0.00619538,0.000114097,2.38662e-05,0.00411432,3717.22,3,0.0770326,0,0,-0.0251918,0.0252075,-0.0117576,0.0117573,4563.86,-18.7773,0.108922,-0.000397905,0.0252619,-70.2138,4564.61,-18.7804,0.10894,-0.000307423,-0.0253207,-70.2155,4789.9,-19.7073,0.114317,0.000460764,0.0118471,-70.3532,4788.72,-19.7024,0.114289,0.0004586,-0.011868,-70.3533
1.009,130.654,-1.99768,22.0367,-0.000214146,-0.439623,-0.408805,-3.09917e-05,1.95419e-05,0.00409301,3717.05,3,0.0779149,0,0,-0.0250034,0.0249948,-0.0117542,0.0117539,4569.15,-18.7017,0.08929,-0.000344292,0.0258545,-70.205,4570.09,-18.7055,0.0893083,-0.000358849,-0.026116,-70.2058,4790.56,-19.6079,0.0936167,0.000453081,0.0118239,-70.3509,4788.97,-19.6014,0.0935857,0.000444947,-0.0118397,-70.351
1.019,130.874,-2.00162,22.0353,-0.000145212,-0.336255,0.0281852,3.63999e-05,1.54797e-05,0.0040729,3716.91,3,0.0788276,0,0,-0.0251906,0.0251474,-0.0117572,0.011757,4566.67,-18.5997,0.0706905,-0.000445006,0.0251484,-70.2012,4566.89,-18.6006,0.0706939,-0.000446084,-0.0250878,-70.202,4791.32,-19.5147,0.0741681,0.00049062,0.0118086,-70.3477,4789.46,-19.5071,0.0741392,0.00049616,-0.0118255,-70.3477
1.029,131.094,-2.00556,22.0346,-0.000175282,0.0695386,0.00684119,2.01813e-05,1.14285e-05,0.00405312,3716.74,3,0.0795549,0,0,-0.0252305,0.0252121,-0.011758,0.0117577,4567.08,-18.511,0.052195,-0.000156893,0.0254612,-70.1985,4566.61,-18.5091,0.0521897,-0.000121022,-0.0254114,-70.1995,4792.32,-19.424,0.0547692,0.000519832,0.0118698,-70.3442,4790.23,-19.4155,0.0547453,0.000522187,-0.0118894,-70.3441
1.039,131.314,-2.0095,22.0333,-0.000251945,0.549463,0.0116207,-3.44038e-05,7.5341e-06,0.00403311,3716.64,3,0.0805341,0,0,-0.025006,0.0250449,-0.0117572,0.011757,4573.17,-18.4442,0.0344547,-0.000388238,0.0258578,-70.1889,4571.75,-18.4384,0.034444,-0.000355063,-0.0258282,-70.1898,4793.19,-19.3316,0.0361124,0.000588517,0.0119598,-70.3415,4790.91,-19.3224,0.0360952,0.000591948,-0.0119781,-70.3414
1.049,131.535,-2.01344,22.0311,-0.000157933,-0.502619,-0.0509844,5.45461e-05,3.23314e-06,0.00401499,3716.43,3,0.0812576,0,0,-0.025273,0.0252603,-0.0117565,0.0117562,4567.02,-18.3366,0.0147658,-3.89171e-05,0.0254057,-70.1904,4566.71,-18.3354,0.0147648,-3.85647e-05,-0.0254337,-70.1907,4793.77,-19.2471,0.0154989,0.000589202,0.0118715,-70.3385,4791.24,-19.2369,0.0154908,0.000595171,-0.0118928,-70.3383
1.059,131.755,-2.01737,22.0298,-0.000165473,0.165155,-0.0597329,4.74626e-05,-1.98364e-07,0.00399572,3716.26,3,0.0823621,0,0,-0.0251038,0.0250956,-0.0117561,0.0117562,4571.37,-18.266,-0.000906797,-0.000440054,0.0251485,-70.1787,4569.8,-18.2597,-0.000906484,-0.000457924,-0.0251865,-70.1792,4794.36,-19.157,-0.00095103,0.000607964,0.0118923,-70.3362,4791.61,-19.146,-0.000950483,0.000606087,-0.0119111,-70.336
1.069,131.975,-2.02131,22.028,-0.000122496,-0.416566,0.0469908,6.60027e-05,-3.96792e-06,0.00397766,3716.14,3,0.0831237,0,0,-0.0252436,0.0252271,-0.0117558,0.0117557,4569.41,-18.1756,-0.0181311,-0.000276695,0.0254498,-70.1768,4567.24,-18.167,-0.0181225,-0.000282914,-0.025431,-70.177,4795.16,-19.0736,-0.0190268,0.000634513,0.0118742,-70.3334,4792.23,-19.062,-0.0190152,0.000637413,-0.0118926,-70.3331
1.079,132.196,-2.02525,22.0271,-0.000484156,0.486821,-0.478995,-0.000178904,-7.39068e-06,0.00395932,3716.1,3,0.0841637,0,0,-0.0250737,0.0251022,-0.0117542,0.0117548,4570.43,-18.0959,-0.0337785,-0.000456639,0.0251385,-70.1712,4567.8,-18.0855,-0.0337591,-0.000488729,-0.0253122,-70.1715,4796.03,-18.9891,-0.0354459,0.000653626,0.0119672,-70.3304,4793.02,-18.9772,-0.0354236,0.000642766,-0.0119839,-70.3301
1.089,132.416,-2.02919,22.0246,-6.65823e-05,0.443275,0.0178907,0.000131038,-1.1347e-05,0.00394191,3715.87,3,0.0854309,0,0,-0.0253658,0.0253845,-0.0117543,0.0117544,4565.8,-17.9981,-0.0518082,-0.00121818,0.0248057,-70.1645,4562.84,-17.9864,-0.0517746,-0.00109631,-0.0249313,-70.165,4796.63,-18.908,-0.0544274,0.000767478,0.0118611,-70.3285,4793.4,-18.8953,-0.0543908,0.000761575,-0.0118846,-70.3281
1.099,132.636,-2.03312,22.0245,-0.000137789,0.335224,0.0632214,2.72948e-05,-1.47573e-05,0.00392254,3715.72,3,0.0856835,0,0,-0.0250736,0.0250893,-0.0117531,0.0117533,4570.98,-17.93,-0.0674552,-0.000140577,0.0256189,-70.1632,4568.13,-17.9188,-0.0674131,-0.000221927,-0.0256217,-70.1626,4797.36,-18.818,-0.070796,0.000708171,0.0118687,-70.3256,4793.74,-18.8038,-0.0707426,0.000716393,-0.0118848,-70.3253
1.109,132.856,-2.03706,22.0227,-0.000142358,-0.0190139,-0.0275856,9.40007e-05,-1.79495e-05,0.00390473,3715.61,3,0.0865921,0,0,-0.025248,0.0252291,-0.0117527,0.0117529,4569.78,-17.8438,-0.0820253,-0.000430943,0.0250139,-70.1573,4566.22,-17.8299,-0.0819613,-0.000393595,-0.0250617,-70.1576,4797.73,-18.7339,-0.0861169,0.000712348,0.0118078,-70.3233,4793.98,-18.7193,-0.0860495,0.000710834,-0.0118304,-70.3228
1.119,133.076,-2.041,22.0214,-0.000296822,0.110003,-0.0919074,-3.49274e-05,-2.13678e-05,0.00388644,3715.48,3,0.0874322,0,0,-0.0251889,0.0251742,-0.0117521,0.0117526,4571.25,-17.766,-0.0976776,-0.0003546,0.0254423,-70.1537,4567.11,-17.7499,-0.0975891,-0.000367931,-0.0254224,-70.1533,4798.66,-18.6498,-0.102537,0.000774288,0.0118663,-70.3211,4794.69,-18.6344,-0.102452,0.000776654,-0.0118882,-70.3206
1.129,133.297,-2.04493,22.021,-0.000147877,-0.0489458,0.423023,6.64343e-05,-2.43618e-05,0.00386748,3715.39,3,0.0878394,0,0,-0.0250176,0.0250828,-0.0117523,0.0117526,4576.4,-17.6993,-0.111489,4.48338e-05,0.0259365,-70.1477,4570.77,-17.6775,-0.111352,-5.04358e-05,-0.0257366,-70.1475,4799.48,-18.562,-0.116924,0.000756715,0.0119408,-70.3189,4795.36,-18.5461,-0.116823,0.000783987,-0.011962,-70.3183
1.139,133.517,-2.04887,22.0183,-0.00012219,-0.264378,-0.027289,0.000102096,-2.77269e-05,0.00384953,3715.25,3,0.0891505,0,0,-0.0251622,0.0251769,-0.0117514,0.0117518,4571.17,-17.5969,-0.126744,-0.000547449,0.0251271,-70.1443,4567.08,-17.5812,-0.126631,-0.000479185,-0.0252212,-70.144,4799.97,-18.4777,-0.133088,0.000811407,0.0118617,-70.3169,4795.72,-18.4614,-0.13297,0.000804094,-0.0118862,-70.3163
1.149,133.737,-2.0528,22.0172,-0.000277199,-0.722459,0.0797021,-2.93078e-05,-3.08089e-05,0.00383092,3715.1,3,0.0896873,0,0,-0.0251535,0.0251415,-0.0117486,0.0117489,4569.94,-17.5071,-0.140795,-0.000279422,0.025269,-70.1422,4565.58,-17.4904,-0.140661,-0.0002466,-0.0251157,-70.1414,4800.63,-18.3909,-0.147902,0.00086988,0.0118489,-70.3145,4796.14,-18.3737,-0.147764,0.000884478,-0.011871,-70.314
1.159,133.957,-2.05674,22.0167,-0.000146033,0.454071,0.106212,7.91272e-05,-3.34703e-05,0.00381229,3715.03,3,0.0906701,0,0,-0.0252212,0.0252107,-0.0117495,0.0117496,4569.45,-17.4201,-0.152941,-0.000493719,0.0252503,-70.1369,4563.95,-17.3992,-0.152757,-0.000497156,-0.0252023,-70.1364,4801.41,-18.3045,-0.160705,0.000874596,0.011869,-70.3124,4796.72,-18.2866,-0.160548,0.000879544,-0.0118924,-70.3118
1.169,134.177,-2.06067,22.0154,-0.000347918,0.232464,-0.269346,-7.09602e-05,-3.66473e-05,0.00379293,3714.92,3,0.0914214,0,0,-0.0251601,0.0251861,-0.0117488,0.0117493,4570.63,-17.3362,-0.167501,-0.000413315,0.0250571,-70.1331,4564.71,-17.3137,-0.167284,-0.000353591,-0.0252005,-70.1323,4802.01,-18.2138,-0.175981,0.000908362,0.0118641,-70.3104,4797.22,-18.1956,-0.175805,0.000902889,-0.011888,-70.3098
1.179,134.397,-2.06461,22.0143,-0.000167623,0.586531,0.0265075,5.39553e-05,-3.98232e-05,0.00377393,3714.81,3,0.0922851,0,0,-0.0252161,0.025276,-0.011748,0.0117487,4570.33,-17.2482,-0.182005,-0.000489551,0.0255401,-70.1307,4563.6,-17.2228,-0.181737,-0.000484504,-0.0256457,-70.1296,4802.65,-18.1249,-0.191257,0.000930912,0.0118559,-70.3084,4797.64,-18.106,-0.191057,0.000933456,-0.0118784,-70.3077
1.189,134.617,-2.06854,22.0122,-0.000209109,-0.145888,-0.0328412,1.71277e-05,-4.27122e-05,0.00375399,3714.73,3,0.0931567,0,0,-0.0251217,0.0251475,-0.0117466,0.0117471,4572.69,-17.1659,-0.19531,-0.000701314,0.0250584,-70.1231,4566.46,-17.1425,-0.195043,-0.000731087,-0.0251157,-70.122,4803.39,-18.032,-0.205164,0.000884665,0.0118547,-70.3075,4798.17,-18.0124,-0.20494,0.000885202,-0.0118754,-70.3069
1.199,134.837,-2.07248,22.0118,-0.000216675,-0.518989,-0.0589345,3.4846e-05,-4.57852e-05,0.00373414,3714.62,3,0.0934478,0,0,-0.0251999,0.0251955,-0.0117469,0.0117478,4571.78,-17.0717,-0.20932,-0.000104605,0.0251978,-70.1227,4565.37,-17.0478,-0.209027,-4.28408e-05,-0.0252486,-70.1215,4803.9,-17.9385,-0.219948,0.000923255,0.0118606,-70.3048,4798.46,-17.9182,-0.219698,0.000923041,-0.0118854,-70.304
1.209,135.057,-2.07641,22.0107,1.31587e-05,-0.55958,0.143233,0.000200177,-4.85807e-05,0.00371367,3714.4,3,0.0942189,0,0,-0.0249995,0.0250003,-0.0117441,0.0117434,4573.54,-16.9847,-0.222186,-0.000159047,0.0243158,-70.1175,4566.17,-16.9573,-0.221828,-0.000147811,-0.0244274,-70.1163,4804.59,-17.8427,-0.23341,0.000958794,0.0119003,-70.3025,4798.86,-17.8215,-0.233132,0.000970536,-0.0119171,-70.3017
1.219,135.278,-2.08034,22.0088,-0.000198921,-0.0936389,0.357957,7.02093e-05,-5.18729e-05,0.00369367,3714.43,3,0.0954612,0,0,-0.0251128,0.0251824,-0.0117439,0.0117448,4572.24,-16.8884,-0.237175,-0.000875961,0.0262757,-70.1111,4563.4,-16.8558,-0.236717,-0.000810572,-0.0260803,-70.1101,4805.01,-17.7482,-0.24925,0.00101861,0.0118055,-70.3012,4799.17,-17.7267,-0.248947,0.00103051,-0.0118346,-70.3003
1.229,135.498,-2.08428,22.0094,-0.000142601,0.93019,0.0482875,7.92607e-05,-5.52123e-05,0.00367252,3714.34,3,0.0959452,0,0,-0.0252297,0.025248,-0.011746,0.0117473,4567.38,-16.7739,-0.252176,-0.00029261,0.0254105,-70.1141,4559.36,-16.7445,-0.251733,-0.00029499,-0.0254992,-70.1123,4805.96,-17.6501,-0.265348,0.00102789,0.0118545,-70.2995,4799.73,-17.6272,-0.265004,0.00102936,-0.0118795,-70.2986
1.239,135.718,-2.08821,22.0069,-5.79091e-06,-0.248669,0.419518,0.000185603,-5.81513e-05,0.00365084,3714.26,3,0.0967901,0,0,-0.0249832,0.0249643,-0.0117408,0.0117413,4570.53,-16.6864,-0.265782,-0.000640881,0.0247447,-70.1053,4561.6,-16.6537,-0.265263,-0.00072181,-0.0246003,-70.1037,4806.67,-17.5485,-0.279514,0.00106889,0.0118487,-70.2983,4800.07,-17.5243,-0.27913,0.00108227,-0.0118739,-70.2973
1.249,135.938,-2.09214,22.0064,-0.000295565,-0.0139267,-0.0640753,-2.30308e-05,-6.12687e-05,0.00362988,3714.18,3,0.0973992,0,0,-0.0252318,0.0252314,-0.0117416,0.0117428,4568.04,-16.5815,-0.279878,-0.000431404,0.0253553,-70.1059,4558.97,-16.5486,-0.279322,-0.000447932,-0.0253728,-70.1041,4807.41,-17.4504,-0.294543,0.00107177,0.0118578,-70.2965,4800.52,-17.4254,-0.294121,0.00107293,-0.011884,-70.2955
1.259,136.158,-2.09608,22.0062,-0.000317675,0.568534,0.0470886,-5.11278e-05,-6.43011e-05,0.0036078,3714.11,3,0.098018,0,0,-0.0251662,0.0252157,-0.011741,0.0117424,4569.53,-16.486,-0.293826,-0.000294062,0.0255057,-70.1019,4559.54,-16.45,-0.293183,-0.000291098,-0.0255019,-70.1003,4807.89,-17.346,-0.309153,0.00107752,0.011859,-70.295,4800.85,-17.3206,-0.3087,0.00108932,-0.0118853,-70.2939
1.269,136.378,-2.10001,22.0041,-0.000170604,0.12367,0.0714946,6.6194e-05,-6.73418e-05,0.00358611,3714.04,3,0.099016,0,0,-0.0250742,0.0251753,-0.0117388,0.0117401,4569.32,-16.3861,-0.307706,-0.000765336,0.0253632,-70.0966,4559.16,-16.3497,-0.307022,-0.000684923,-0.0254858,-70.0948,4808.48,-17.2438,-0.323811,0.00114976,0.0118568,-70.2938,4801.25,-17.2179,-0.323325,0.00115181,-0.0118821,-70.2926
1.279,136.598,-2.10394,22.0041,-0.000169821,0.0948606,0.00277715,8.59273e-05,-7.02791e-05,0.00356363,3713.95,3,0.0993054,0,0,-0.0251297,0.0251531,-0.0117395,0.0117408,4568.74,-16.2814,-0.321087,-0.000174562,0.0252516,-70.0957,4559.68,-16.2491,-0.320451,-0.000192495,-0.0253595,-70.0935,4808.85,-17.1371,-0.337962,0.00111346,0.0118257,-70.2922,4801.44,-17.1106,-0.337441,0.00111296,-0.0118523,-70.291
1.289,136.818,-2.10788,22.003,-0.000295578,0.307288,-0.0344832,-3.32899e-06,-7.30448e-05,0.00354138,3713.9,3,0.100201,0,0,-0.0251326,0.0251214,-0.0117378,0.0117393,4566.74,-16.1726,-0.333577,-0.00042236,0.0245369,-70.0922,4556.92,-16.1378,-0.332859,-0.000452819,-0.0245336,-70.0903,4809.2,-17.0313,-0.351287,0.00114613,0.011794,-70.2908,4801.62,-17.0044,-0.350734,0.00114829,-0.0118202,-70.2896
1.299,137.038,-2.11181,22.0013,-0.000390262,-0.111457,-0.263402,-7.51116e-05,-7.57929e-05,0.00351891,3713.94,3,0.10102,0,0,-0.0252295,0.025267,-0.0117371,0.0117386,4567.73,-16.0735,-0.346201,-0.000618095,0.0249209,-70.0874,4556.35,-16.0334,-0.345339,-0.00062766,-0.0251169,-70.0853,4810.08,-16.9263,-0.36457,0.00116889,0.0118307,-70.2893,4802.33,-16.899,-0.363983,0.00116215,-0.0118547,-70.288
1.309,137.258,-2.11574,22.0011,-0.000343401,0.117063,-0.213633,-4.61069e-05,-7.86671e-05,0.00349596,3713.75,3,0.101529,0,0,-0.0251406,0.025223,-0.0117356,0.0117375,4567.15,-15.9666,-0.359284,-0.000408489,0.0252047,-70.0867,4555.68,-15.9265,-0.358382,-0.000362807,-0.025422,-70.0845,4810.6,-16.8178,-0.378436,0.00120421,0.0118507,-70.2885,4802.73,-16.7902,-0.377817,0.00120005,-0.0118774,-70.2872
1.319,137.478,-2.11967,21.9984,-0.000277079,-1.50422,-0.280619,1.72169e-05,-8.14185e-05,0.00347283,3713.73,3,0.102249,0,0,-0.025287,0.0252883,-0.0117352,0.0117368,4567.84,-15.8634,-0.371907,-0.000682399,0.0256048,-70.0817,4557.72,-15.8283,-0.371083,-0.000637969,-0.0258025,-70.0793,4811.33,-16.709,-0.391732,0.0013308,0.0118411,-70.2876,4803.03,-16.6802,-0.391056,0.00134705,-0.0118804,-70.2862
1.329,137.698,-2.1236,21.9992,-0.000295065,-0.184892,-0.00661674,-2.51942e-05,-8.43365e-05,0.00344973,3713.61,3,0.102798,0,0,-0.0251296,0.0251346,-0.0117329,0.0117347,4566.96,-15.7548,-0.385162,-0.000228411,0.0255976,-70.0813,4555.89,-15.7166,-0.384228,-0.000247118,-0.0256005,-70.0784,4811.79,-16.5994,-0.405809,0.00122704,0.0118484,-70.286,4803.44,-16.5706,-0.405106,0.00123505,-0.0118749,-70.2847
1.339,137.918,-2.12754,21.9984,-0.000315541,0.172434,-0.0198835,-2.1642e-05,-8.65708e-05,0.0034271,3713.54,3,0.10359,0,0,-0.0253495,0.0253883,-0.0117327,0.0117347,4564.26,-15.6422,-0.395132,-0.000512847,0.0252993,-70.0784,4551.96,-15.6001,-0.394067,-0.000511413,-0.025332,-70.0764,4812.27,-16.4922,-0.416602,0.00126188,0.0118443,-70.2849,4803.81,-16.4632,-0.41587,0.00126609,-0.0118713,-70.2834
1.349,138.138,-2.13147,21.9975,0.000143943,-0.228591,0.596332,0.000319625,-8.94283e-05,0.00340316,3713.63,3,0.104154,0,0,-0.0251802,0.0252269,-0.011731,0.0117339,4569.09,-15.5494,-0.408606,-0.000476212,0.0251757,-70.0718,4555.62,-15.5036,-0.407401,-0.000418732,-0.0250905,-70.0692,4812.87,-16.379,-0.430407,0.00123847,0.0118411,-70.2842,4804.39,-16.3502,-0.429649,0.00123872,-0.0118701,-70.2827
1.359,138.358,-2.1354,21.9971,-0.00027279,1.03059,-0.000529014,-2.27608e-05,-9.20171e-05,0.00338022,3713.45,3,0.105138,0,0,-0.0252684,0.025363,-0.0117303,0.0117326,4565.08,-15.431,-0.420065,-0.000859204,0.0253033,-70.071,4551.67,-15.3857,-0.418832,-0.00085796,-0.0254502,-70.0683,4813.31,-16.2701,-0.442906,0.00133631,0.01184,-70.2831,4804.59,-16.2406,-0.442104,0.00134166,-0.0118646,-70.2816
1.369,138.577,-2.13933,21.9958,-0.000370981,-0.548471,0.0334248,-5.7742e-05,-9.50849e-05,0.00335607,3713.42,3,0.105357,0,0,-0.0249531,0.0249852,-0.0117263,0.0117293,4566.97,-15.3271,-0.43425,-0.000400221,0.0242629,-70.0681,4554.02,-15.2837,-0.433018,-0.000415704,-0.024185,-70.0652,4813.74,-16.1553,-0.457713,0.00128786,0.0118479,-70.2821,4804.83,-16.1254,-0.456866,0.00128824,-0.0118774,-70.2805
1.379,138.797,-2.14326,21.9962,-0.000214002,1.62435,0.15114,5.85204e-05,-9.77643e-05,0.00333257,3713.59,3,0.10642,0,0,-0.0249526,0.0248568,-0.0117268,0.0117291,4561.81,-15.2026,-0.445983,-0.000777533,0.024118,-70.0634,4549.48,-15.1615,-0.444777,-0.000967228,-0.0239734,-70.06,4812.34,-16.0375,-0.470475,0.00135582,0.0118103,-70.2831,4803.15,-16.0069,-0.469577,0.00136805,-0.0118391,-70.2815
1.389,139.017,-2.14719,21.9946,-0.000396167,-0.386831,-0.0456743,-8.41223e-05,-0.000100037,0.00330923,3713.41,3,0.106582,0,0,-0.0251556,0.0251974,-0.0117277,0.0117304,4560.86,-15.093,-0.456254,-0.000364397,0.0243961,-70.0654,4547.54,-15.0489,-0.454922,-0.000352973,-0.0244117,-70.0627,4815.06,-15.9342,-0.481683,0.00134092,0.0118407,-70.2806,4805.61,-15.9029,-0.480738,0.00135466,-0.0118689,-70.2789
1.399,139.237,-2.15113,21.9938,-0.000303893,-0.230338,-0.130425,1.56312e-05,-0.000102924,0.00328551,3713.28,3,0.107298,0,0,-0.0251974,0.0252673,-0.0117263,0.011729,4560.61,-14.984,-0.469394,-0.000443205,0.0252412,-70.0624,4546.23,-14.9367,-0.467914,-0.000313425,-0.0254283,-70.0601,4815.56,-15.8216,-0.495635,0.00137666,0.0118357,-70.2798,4806.02,-15.7903,-0.494652,0.0013703,-0.0118676,-70.278
1.409,139.457,-2.15506,21.9934,-0.000593533,-0.556381,-0.105449,-0.000218027,-0.00010596,0.00326165,3713.28,3,0.107654,0,0,-0.0251094,0.0251473,-0.0117216,0.011725,4562.7,-14.882,-0.483462,-0.000247346,0.0247397,-70.0597,4548.7,-14.8363,-0.481978,-0.000248337,-0.0246283,-70.056,4816.24,-15.709,-0.510327,0.00135402,0.0118517,-70.279,4806.36,-15.6767,-0.509281,0.00136447,-0.0118831,-70.2773
1.419,139.677,-2.15899,21.9929,-0.000243057,0.155194,0.035001,3.26525e-05,-0.000108191,0.00323845,3713.16,3,0.108479,0,0,-0.0252228,0.0252608,-0.0117243,0.0117271,4561.41,-14.7719,-0.493503,-0.000447706,0.025141,-70.0574,4547.08,-14.7255,-0.491953,-0.000424329,-0.0252022,-70.0543,4816.69,-15.5987,-0.521122,0.00139585,0.0118458,-70.2776,4806.65,-15.5661,-0.520035,0.00139901,-0.0118756,-70.2757
1.429,139.897,-2.16292,21.9917,-0.000237408,-0.241333,0.129411,2.50745e-05,-0.000110727,0.00321553,3713.15,3,0.109135,0,0,-0.0252384,0.0252652,-0.0117225,0.0117252,4561.83,-14.6687,-0.505117,-0.000488059,0.0254546,-70.0543,4546.72,-14.6201,-0.503443,-0.000492915,-0.0254638,-70.0508,4816.9,-15.4889,-0.53336,0.00141233,0.0117957,-70.278,4806.64,-15.4559,-0.532224,0.0014233,-0.0118218,-70.2762
1.439,140.117,-2.16685,21.991,-0.000404302,-0.00835522,-0.274244,-6.63571e-05,-0.000113311,0.00319246,3713.11,3,0.109873,0,0,-0.025228,0.0253108,-0.0117209,0.0117243,4562.3,-14.565,-0.516958,-0.000766844,0.0248811,-70.0511,4546.64,-14.515,-0.515184,-0.000716683,-0.0251333,-70.0481,4817.45,-15.3796,-0.54587,0.00146792,0.0118303,-70.2771,4807.09,-15.3465,-0.544695,0.00146051,-0.0118588,-70.2752
1.449,140.337,-2.17078,21.9907,-0.00033003,-0.342044,-0.0738585,-5.18258e-05,-0.000115928,0.00316957,3713.09,3,0.110201,0,0,-0.025097,0.0252104,-0.011716,0.0117193,4564.56,-14.4677,-0.529161,-0.000371537,0.0253673,-70.0509,4548.86,-14.418,-0.527341,-0.000374987,-0.0255149,-70.0473,4817.82,-15.2705,-0.558521,0.00144449,0.0118352,-70.2763,4807.23,-15.2369,-0.557294,0.00144908,-0.0118634,-70.2744
1.459,140.557,-2.17471,21.9901,-0.000291439,-0.287364,-0.168452,-2.34219e-06,-0.000118216,0.00314602,3713.09,3,0.110777,0,0,-0.0249187,0.0249551,-0.0117171,0.0117199,4567.02,-14.368,-0.539895,-0.000498938,0.0257656,-70.0452,4552.24,-14.3215,-0.538148,-0.000478756,-0.0259706,-70.0416,4818.32,-15.1586,-0.569603,0.0014809,0.0118586,-70.2761,4807.61,-15.1249,-0.568337,0.00148619,-0.0118866,-70.2742
1.469,140.776,-2.17864,21.9895,-0.000298597,-0.228994,-0.0107999,-2.93558e-05,-0.000120214,0.00312467,3713.03,3,0.111399,0,0,-0.0253632,0.0254035,-0.0117173,0.0117207,4557.05,-14.2393,-0.54782,-0.000460279,0.0251654,-70.0493,4541.44,-14.1905,-0.545943,-0.000457111,-0.0252164,-70.0456,4818.73,-15.057,-0.579278,0.00149244,0.0118288,-70.2753,4807.91,-15.0231,-0.577977,0.00149864,-0.0118556,-70.2733
1.479,140.996,-2.18257,21.9894,-0.000307277,-0.090142,0.198232,-2.16234e-05,-0.000122463,0.0031012,3713,3,0.111832,0,0,-0.0251338,0.0251886,-0.0117157,0.0117192,4561.88,-14.1474,-0.558661,-0.000295705,0.0259133,-70.044,4545.16,-14.0955,-0.556614,-0.000295341,-0.0258183,-70.0404,4819.37,-14.9459,-0.590194,0.00148205,0.0118171,-70.2749,4808.53,-14.9123,-0.588867,0.00149852,-0.0118458,-70.2729
1.489,141.216,-2.1865,21.9885,-0.000359865,-0.178593,-0.231811,-6.77594e-05,-0.000124642,0.00307856,3712.99,3,0.112513,0,0,-0.02498,0.0251174,-0.0117129,0.0117163,4561.07,-14.0416,-0.5685,-0.000526396,0.0246897,-70.0402,4544.69,-13.9911,-0.566458,-0.000537584,-0.0249748,-70.0365,4819.28,-14.8365,-0.600684,0.00152026,0.0117509,-70.2747,4808.33,-14.8028,-0.599318,0.00151755,-0.0117768,-70.2727
1.499,141.436,-2.19043,21.9889,-0.000262216,0.469807,-0.221483,6.00792e-05,-0.000126817,0.00305636,3712.96,3,0.112951,0,0,-0.0251673,0.025233,-0.0117136,0.0117173,4560.85,-13.9396,-0.578392,-0.000351159,0.0253088,-70.0412,4544.97,-13.8911,-0.576379,-0.0003218,-0.025629,-70.0377,4819.98,-14.7316,-0.611255,0.00149627,0.0118711,-70.2741,4809.2,-14.6987,-0.609887,0.00148117,-0.0119011,-70.2721
1.509,141.656,-2.19436,21.988,-0.000321927,-0.324953,-0.0654102,-1.95097e-05,-0.000128993,0.00303457,3712.93,3,0.113339,0,0,-0.0252724,0.0253067,-0.0117118,0.0117156,4557,-13.8286,-0.58782,-7.77471e-05,0.0254583,-70.0427,4540.94,-13.7799,-0.585748,-1.33269e-05,-0.0255196,-70.0388,4820.38,-14.6278,-0.621794,0.00151748,0.0118035,-70.2736,4809.28,-14.5942,-0.620363,0.00152037,-0.011836,-70.2716
1.519,141.876,-2.19829,21.9867,-0.000357266,-0.271604,-0.100335,-5.66646e-05,-0.000130883,0.00301251,3712.92,3,0.114252,0,0,-0.0252763,0.0253254,-0.0117108,0.0117149,4559.45,-13.7354,-0.596755,-0.00070563,0.0250121,-70.0355,4542.12,-13.6832,-0.594487,-0.000730283,-0.0251159,-70.0315,4820.92,-14.5231,-0.630977,0.00157843,0.0118153,-70.274,4809.57,-14.4889,-0.629492,0.00158392,-0.0118438,-70.272
1.529,142.096,-2.20222,21.9872,-0.00019147,0.0160989,0.238708,5.86736e-05,-0.000132984,0.00299039,3712.91,3,0.114484,0,0,-0.0252101,0.0253044,-0.0117095,0.0117134,4561.93,-13.642,-0.606663,-0.000205089,0.0256383,-70.0367,4543.43,-13.5867,-0.604201,-0.000210599,-0.0256399,-70.033,4821.08,-14.417,-0.641124,0.00155464,0.0117792,-70.2732,4809.54,-14.3825,-0.63959,0.00156822,-0.0118079,-70.2711
1.539,142.315,-2.20615,21.9863,-0.000112906,0.208517,0.235502,0.000115644,-0.000135207,0.00296848,3712.89,3,0.115321,0,0,-0.0250306,0.0251593,-0.0117081,0.0117121,4562.44,-13.5435,-0.616872,-0.000795798,0.0242171,-70.0317,4543.95,-13.4887,-0.614373,-0.000703337,-0.0243224,-70.0277,4822.01,-14.3141,-0.651969,0.00160697,0.0118413,-70.2731,4810.28,-14.2793,-0.650382,0.00161152,-0.0118705,-70.271
1.549,142.535,-2.21008,21.9858,-0.000313981,-0.518258,-0.112934,-1.09403e-05,-0.000137377,0.00294752,3712.92,3,0.115545,0,0,-0.0252912,0.0253395,-0.0117069,0.0117108,4559.8,-13.4401,-0.626412,-0.000325044,0.025403,-70.0349,4542.44,-13.389,-0.624028,-0.000304556,-0.0255556,-70.0305,4822.21,-14.2136,-0.662461,0.00159759,0.0118049,-70.2732,4810.29,-14.1785,-0.660824,0.00159985,-0.0118369,-70.2711
1.559,142.755,-2.21401,21.9857,-0.000269617,-0.504188,0.00337072,1.96972e-05,-0.000139522,0.00292593,3712.87,3,0.115936,0,0,-0.0251924,0.0252273,-0.0117054,0.0117097,4560.72,-13.3444,-0.63632,-0.000175551,0.0253385,-70.0321,4542.66,-13.2916,-0.633801,-0.000118619,-0.0254081,-70.0279,4822.82,-14.1113,-0.672889,0.00159543,0.011817,-70.2726,4810.74,-14.076,-0.671204,0.00160084,-0.0118483,-70.2705
1.569,142.975,-2.21794,21.9851,-0.000572254,0.578681,-0.389513,-0.000183563,-0.000141738,0.00290502,3712.9,3,0.117024,0,0,-0.0252698,0.0253387,-0.0117027,0.0117074,4556.53,-13.2368,-0.645834,-0.000880546,0.0244674,-70.0287,4538.11,-13.1833,-0.643223,-0.000880245,-0.0246644,-70.0245,4822.91,-14.0107,-0.68359,0.00168502,0.0117732,-70.2727,4810.65,-13.9751,-0.681853,0.00168796,-0.0118031,-70.2705
1.579,143.195,-2.22187,21.9852,-0.000204383,-0.603477,0.148306,5.77026e-05,-0.000143985,0.00288338,3712.86,3,0.116795,0,0,-0.0252644,0.0253515,-0.0117028,0.0117072,4560.16,-13.1487,-0.656596,6.24135e-05,0.0254338,-70.0307,4540.36,-13.0916,-0.653745,-4.80873e-06,-0.025512,-70.0262,4823.5,-13.908,-0.694514,0.00161454,0.0118615,-70.2724,4811.16,-13.8724,-0.692736,0.00162568,-0.0118907,-70.2702
1.589,143.414,-2.2258,21.9838,0.000420408,-0.357282,0.822492,0.000477307,-0.000146054,0.0028616,3712.74,3,0.117826,0,0,-0.0250015,0.0250997,-0.0117007,0.0117043,4563.06,-13.0577,-0.666455,-0.000670138,0.0257448,-70.0242,4542.79,-12.9997,-0.663494,-0.000649093,-0.0258018,-70.0199,4823.42,-13.8027,-0.704482,0.00170698,0.0117679,-70.2721,4810.77,-13.7665,-0.702634,0.00172781,-0.0117986,-70.2699
1.599,143.634,-2.22973,21.9839,-0.000472087,-0.426391,-0.181564,-0.000121937,-0.000148656,0.0028414,3712.85,3,0.118135,0,0,-0.0251708,0.0251987,-0.0116988,0.011704,4560.39,-12.958,-0.677932,-0.000546126,0.0253177,-70.0252,4541.36,-12.9039,-0.675102,-0.000497971,-0.0253816,-70.0204,4824.38,-13.7081,-0.717175,0.00167555,0.0118114,-70.2728,4811.6,-13.6717,-0.715275,0.00168628,-0.0118468,-70.2706
1.609,143.854,-2.23366,21.9837,-0.000336999,-0.232146,-0.0588002,-3.68212e-05,-0.000150404,0.00282087,3712.85,3,0.118632,0,0,-0.0253114,0.0253898,-0.0116984,0.0117035,4556.51,-12.8534,-0.685316,-0.000293107,0.0253351,-70.0277,4536.22,-12.7961,-0.682264,-0.000310711,-0.0254769,-70.0232,4824.76,-13.6101,-0.725662,0.00169763,0.0117995,-70.2725,4811.79,-13.5735,-0.723711,0.00170277,-0.0118297,-70.2701
1.619,144.074,-2.23759,21.9837,-0.000259421,-0.29809,0.0421988,8.33845e-06,-0.000152636,0.0027994,3712.86,3,0.118964,0,0,-0.0251369,0.0252354,-0.0116971,0.0117015,4561.88,-12.7706,-0.696308,-0.000311462,0.0251424,-70.0226,4541.18,-12.7126,-0.693149,-0.000337694,-0.0252776,-70.0177,4825.36,-13.5081,-0.736524,0.00169045,0.0117875,-70.2727,4812.3,-13.4716,-0.734531,0.00169809,-0.011818,-70.2703
1.629,144.294,-2.24152,21.9829,-0.000287632,0.0372854,-0.0299969,-1.51761e-05,-0.000154918,0.0027797,3712.85,3,0.119769,0,0,-0.0252841,0.0254236,-0.0116943,0.0116993,4557.31,-12.668,-0.70601,-0.000580807,0.0254888,-70.0247,4536.83,-12.6111,-0.702838,-0.000594033,-0.0257046,-70.0198,4825.52,-13.4136,-0.747562,0.00175004,0.0117932,-70.2727,4812.34,-13.3769,-0.745519,0.00175437,-0.0118235,-70.2703
1.639,144.514,-2.24545,21.983,-0.000104118,-0.323412,0.240553,0.000127966,-0.000156772,0.00275833,3712.88,3,0.119932,0,0,-0.0252318,0.025313,-0.0116941,0.0116992,4560.04,-12.5781,-0.714886,-0.00033593,0.0251379,-70.0205,4539.68,-12.522,-0.711695,-0.000295059,-0.0251821,-70.0157,4825.94,-13.3116,-0.756572,0.00172431,0.0118074,-70.273,4812.58,-13.2747,-0.754477,0.00172714,-0.0118398,-70.2705
1.649,144.733,-2.24938,21.9825,-0.000334505,-0.0908185,-0.0254632,-2.68425e-05,-0.000158921,0.00273808,3712.75,3,0.120587,0,0,-0.0252242,0.0252529,-0.0116924,0.0116979,4559.81,-12.4852,-0.72465,-0.000495856,0.0251589,-70.0213,4539.45,-12.4294,-0.721414,-0.000515589,-0.0252311,-70.0163,4826.24,-13.2147,-0.766991,0.00173447,0.0118081,-70.2732,4812.79,-13.1778,-0.764853,0.00174027,-0.0118397,-70.2707
1.659,144.953,-2.25331,21.9823,-4.3239e-05,-0.478965,1.03436,0.000148503,-0.000160852,0.00271746,3712.9,3,0.120867,0,0,-0.0252314,0.0253289,-0.0116916,0.0116971,4563.48,-12.4011,-0.734045,-0.000325055,0.0266238,-70.0188,4540.76,-12.3394,-0.73039,-0.000363339,-0.0261393,-70.0138,4826.66,-13.1163,-0.776377,0.00174911,0.0118184,-70.2735,4813.07,-13.0794,-0.774192,0.00180543,-0.0118481,-70.271
1.669,145.173,-2.25724,21.9826,-0.000443959,0.434977,-0.190521,-9.58777e-05,-0.000162879,0.00269717,3712.58,3,0.121465,0,0,-0.0252522,0.0253557,-0.0116909,0.0116964,4559.37,-12.2974,-0.742623,-0.000484053,0.0251944,-70.0199,4537.61,-12.2388,-0.73908,-0.000442065,-0.0254137,-70.015,4826.8,-13.0188,-0.786182,0.00176649,0.0117336,-70.2735,4813.14,-12.9819,-0.783957,0.00176777,-0.0117661,-70.2709
1.679,145.393,-2.26117,21.982,-7.21888e-05,-0.158774,0.436657,0.000157008,-0.000164976,0.00267665,3712.91,3,0.121846,0,0,-0.025076,0.0251732,-0.0116873,0.0116926,4560.48,-12.2068,-0.752371,-0.000458036,0.0248387,-70.0176,4538.5,-12.148,-0.748745,-0.000457832,-0.0248189,-70.0123,4827.19,-12.9207,-0.796371,0.00179802,0.0117736,-70.274,4813.33,-12.8836,-0.794085,0.00181589,-0.0118072,-70.2715
1.689,145.612,-2.2651,21.9817,-0.000266248,-0.444061,0.0763663,1.41789e-05,-0.000166907,0.00265678,3713,3,0.122181,0,0,-0.0252509,0.0253069,-0.0116858,0.0116924,4558.65,-12.1114,-0.760873,-0.000365219,0.025539,-70.0174,4537.2,-12.0544,-0.757292,-0.000295069,-0.0255851,-70.0121,4827.92,-12.8268,-0.805816,0.00181056,0.0118346,-70.2744,4813.9,-12.7895,-0.803475,0.00182083,-0.0118676,-70.2718
1.699,145.832,-2.26903,21.9817,-0.000458635,0.495523,-0.11506,-0.000102198,-0.000168666,0.00263658,3712.94,3,0.122942,0,0,-0.0252447,0.0252953,-0.0116845,0.0116901,4556.62,-12.0139,-0.768546,-0.000609562,0.0254337,-70.0166,4534.69,-11.9561,-0.764848,-0.000651047,-0.0255078,-70.0113,4828.05,-12.7296,-0.814328,0.0018462,0.0117839,-70.2745,4813.95,-12.6924,-0.811949,0.00185154,-0.0118172,-70.2719
1.709,146.052,-2.27296,21.9811,-0.000496227,-0.00524206,-0.371258,-0.000126955,-0.000170689,0.00261632,3712.95,3,0.123352,0,0,-0.0252326,0.0253515,-0.0116824,0.011689,4556.33,-11.9208,-0.777714,-0.000722728,0.0245753,-70.0146,4533.92,-11.8622,-0.773891,-0.000673133,-0.0248947,-70.0095,4828.35,-12.6325,-0.824145,0.0018573,0.0117645,-70.2748,4814.14,-12.5954,-0.82172,0.00185391,-0.011797,-70.2722
1.719,146.272,-2.27689,21.9806,-0.000434112,-0.296102,-0.104405,-7.28907e-05,-0.000172462,0.00259558,3712.97,3,0.123759,0,0,-0.0250252,0.0251573,-0.011681,0.0116878,4562.14,-11.8414,-0.786794,-0.000618339,0.0264134,-70.0115,4539.76,-11.7833,-0.782935,-0.000519552,-0.0265398,-70.0069,4828.47,-12.5327,-0.832725,0.00185394,0.0117325,-70.2756,4814.16,-12.4956,-0.830257,0.00185822,-0.01177,-70.2729
1.729,146.492,-2.28082,21.9808,-0.000302888,0.0376702,-0.00216242,-8.15324e-06,-0.000174211,0.00257643,3713.01,3,0.124167,0,0,-0.0253463,0.0254168,-0.0116802,0.0116864,4554.68,-11.7348,-0.793477,-0.000615834,0.0251906,-70.0163,4532.94,-11.6788,-0.789689,-0.000625019,-0.0253095,-70.0106,4829.07,-12.4418,-0.841278,0.00187531,0.0117728,-70.2758,4814.64,-12.4046,-0.838764,0.00188244,-0.0118055,-70.2731
1.739,146.711,-2.28475,21.981,-0.000252877,-0.439793,0.0114713,1.53081e-05,-0.000175729,0.002556,3713.06,3,0.124256,0,0,-0.025207,0.0252861,-0.0116797,0.011686,4557.82,-11.6498,-0.800941,-0.000254515,0.0247661,-70.0142,4535.23,-11.5921,-0.796972,-0.00024886,-0.0249155,-70.0088,4829.45,-12.3441,-0.848675,0.00182273,0.0117767,-70.2774,4814.92,-12.3069,-0.846121,0.0018295,-0.0118055,-70.2747
1.749,146.931,-2.28869,21.9807,-0.000703471,0.506384,-0.638477,-0.000270947,-0.000177404,0.00253616,3713.05,3,0.125126,0,0,-0.0252267,0.0253334,-0.011677,0.0116834,4557.08,-11.5575,-0.808445,-0.000803136,0.025168,-70.0116,4534.08,-11.4992,-0.804365,-0.000835551,-0.0255184,-70.0062,4829.64,-12.2488,-0.856799,0.00191794,0.0117415,-70.2769,4815.07,-12.2118,-0.854213,0.00190427,-0.0117717,-70.2741
1.759,147.151,-2.29262,21.9802,-0.000295154,0.234302,0.0135975,1.17524e-05,-0.000179253,0.00251664,3712.87,3,0.125595,0,0,-0.0252929,0.0254164,-0.0116753,0.011682,4557.45,-11.4695,-0.816936,-0.000931584,0.0252674,-70.0114,4533.66,-11.4096,-0.812672,-0.000812225,-0.0254399,-70.0065,4830.09,-12.1556,-0.865807,0.00194293,0.0117633,-70.2777,4815.43,-12.1187,-0.863181,0.001946,-0.0117994,-70.275
1.769,147.371,-2.29655,21.9815,-0.000765701,-0.683818,-0.562029,-0.000311865,-0.00018118,0.0024961,3713.15,3,0.124999,0,0,-0.0251581,0.0252281,-0.0116735,0.0116808,4560.44,-11.3833,-0.82626,0.000265504,0.0252593,-70.0143,4538.29,-11.328,-0.822247,0.000237032,-0.0254708,-70.0081,4830.57,-12.0576,-0.875203,0.00183821,0.0118158,-70.2778,4815.76,-12.0206,-0.872518,0.0018337,-0.0118526,-70.2751
1.779,147.59,-2.30048,21.98,-0.000480176,-0.325028,-0.154666,-0.000127807,-0.000182683,0.00247726,3713.12,3,0.126159,0,0,-0.0252243,0.0252697,-0.0116717,0.011679,4557.46,-11.29,-0.832573,-0.000681927,0.025039,-70.0111,4534.03,-11.232,-0.828292,-0.000640486,-0.0251326,-70.0055,4830.77,-11.9671,-0.882501,0.00194033,0.0117704,-70.2784,4815.8,-11.93,-0.879767,0.00194676,-0.0118062,-70.2756
1.789,147.81,-2.30441,21.9811,-0.000287672,0.53143,0.10283,-2.78272e-05,-0.000184359,0.00245734,3713.06,3,0.126412,0,0,-0.0252813,0.0253737,-0.0116714,0.011678,4555.67,-11.1949,-0.839878,-0.000360222,0.0254029,-70.0128,4531.86,-11.1363,-0.835489,-0.00035673,-0.0254791,-70.007,4830.72,-11.8707,-0.890587,0.00191596,0.0116994,-70.2797,4815.6,-11.8336,-0.887799,0.00192506,-0.0117315,-70.2768
1.799,148.03,-2.30834,21.9806,-0.00045088,0.31351,-0.210991,-0.000127762,-0.000185924,0.00243758,3713.24,3,0.126878,0,0,-0.0251814,0.0253174,-0.0116689,0.0116759,4556.66,-11.1072,-0.847194,-0.000501714,0.0250618,-70.0113,4532.03,-11.0472,-0.842614,-0.000549692,-0.0253302,-70.0054,4831.16,-11.7764,-0.89823,0.00195037,0.0117313,-70.2795,4815.96,-11.7393,-0.895404,0.00195437,-0.0117606,-70.2767
1.809,148.25,-2.31227,21.9795,-0.000406785,-0.769692,-0.193235,-7.8007e-05,-0.000187775,0.00241846,3713.25,3,0.127262,0,0,-0.0252969,0.0254075,-0.0116676,0.0116749,4554.5,-11.0149,-0.855218,-0.000882964,0.0246021,-70.0086,4530.59,-10.9571,-0.850729,-0.000801193,-0.0248463,-70.003,4831.85,-11.6857,-0.907298,0.00205065,0.0117083,-70.2807,4816.62,-11.6488,-0.904438,0.00205221,-0.0117442,-70.2778
1.819,148.47,-2.3162,21.9808,-0.000328904,0.445914,-0.074168,-4.29035e-05,-0.000189637,0.00239869,3713.26,3,0.127568,0,0,-0.0251846,0.0252624,-0.0116662,0.0116736,4556.89,-10.9306,-0.864153,-0.000347473,0.0255356,-70.0121,4533.29,-10.874,-0.859678,-0.00036523,-0.0257161,-70.0056,4831.9,-11.5903,-0.916306,0.00196872,0.0117487,-70.2811,4816.41,-11.5531,-0.913368,0.00197379,-0.0117813,-70.2783
1.829,148.689,-2.32013,21.9804,-0.000291915,-1.19282,-0.142305,-3.40103e-05,-0.000191067,0.00237898,3713.19,3,0.127408,0,0,-0.0251009,0.0251796,-0.0116657,0.0116729,4562.34,-10.8537,-0.871712,-2.09922e-05,0.0263049,-70.0081,4537.65,-10.795,-0.866996,0.000130868,-0.0265624,-70.0023,4832.32,-11.496,-0.923297,0.00200408,0.0117881,-70.279,4816.73,-11.4589,-0.920318,0.00200402,-0.0118236,-70.276
1.839,148.909,-2.32406,21.9801,-0.000310715,0.0418459,0.0802462,-3.92581e-05,-0.000192686,0.00236105,3713.34,3,0.128395,0,0,-0.0253952,0.0255116,-0.011663,0.0116708,4553.92,-10.7521,-0.877478,-0.000414213,0.0255961,-70.014,4527.74,-10.6902,-0.872434,-0.000446303,-0.0257121,-70.0077,4832.52,-11.4098,-0.931161,0.0019938,0.0117453,-70.2825,4816.77,-11.3727,-0.928126,0.00200449,-0.0117773,-70.2795
1.849,149.129,-2.32799,21.9804,-0.000328935,-0.39924,-0.0195559,-4.26236e-05,-0.000194563,0.0023409,3713.54,3,0.128477,0,0,-0.0250939,0.0252335,-0.0116607,0.0116685,4560.12,-10.6748,-0.887234,-0.000330314,0.0251012,-70.0084,4534.34,-10.6145,-0.882218,-0.000352952,-0.0252971,-70.002,4832.93,-11.3134,-0.940311,0.0020077,0.0118755,-70.2835,4817.06,-11.2763,-0.937224,0.00201561,-0.0119083,-70.2804
1.859,149.349,-2.33193,21.9797,-0.000311592,-0.525259,-0.046167,-3.12298e-05,-0.000196351,0.00232243,3713.52,3,0.129076,0,0,-0.0252481,0.0253356,-0.0116581,0.0116656,4556.35,-10.5818,-0.894641,-0.000505186,0.0252842,-70.011,4531.18,-10.5234,-0.889699,-0.000509844,-0.0254714,-70.0046,4833.2,-11.2248,-0.949002,0.00202394,0.0117425,-70.2851,4817.19,-11.1876,-0.945858,0.00203077,-0.0117767,-70.2821
1.869,149.568,-2.33586,21.9804,-0.000343718,0.0330416,-0.0489516,-6.04837e-05,-0.000197981,0.00230332,3713.47,3,0.129348,0,0,-0.0252105,0.0252843,-0.0116579,0.011666,4556.94,-10.4961,-0.902187,-0.000517989,0.0253271,-70.0101,4532.09,-10.4389,-0.897268,-0.000465249,-0.0254776,-70.0034,4833.53,-11.1332,-0.956948,0.00210477,0.0117704,-70.2833,4817.37,-11.096,-0.953747,0.00210994,-0.0118031,-70.2803
1.879,149.788,-2.33979,21.9793,-0.000274388,-0.423885,0.127817,-4.00903e-05,-0.000199583,0.00228453,3713.6,3,0.129996,0,0,-0.0251959,0.0253011,-0.0116567,0.0116649,4558.44,-10.4139,-0.909788,-0.000816408,0.0261403,-70.0077,4532.06,-10.3537,-0.904522,-0.00093734,-0.0261898,-70.001,4833.86,-11.0431,-0.964757,0.00207082,0.0117751,-70.2866,4817.58,-11.0059,-0.961506,0.00207126,-0.0118023,-70.2834
1.889,150.008,-2.34372,21.9801,-0.000358681,-0.208456,-0.109864,-7.70608e-05,-0.000200935,0.00226619,3713.56,3,0.130088,0,0,-0.0252792,0.025427,-0.0116546,0.0116631,4554.77,-10.322,-0.915212,-0.000407092,0.0250649,-70.0122,4527.95,-10.2612,-0.909822,-0.000469623,-0.0253301,-70.0056,4834.08,-10.955,-0.971335,0.00202967,0.0117467,-70.2867,4817.7,-10.9178,-0.968043,0.00203264,-0.011775,-70.2836
1.899,150.228,-2.34765,21.9795,-0.000139352,-0.390589,0.238686,8.11113e-05,-0.000202658,0.00224705,3713.61,3,0.130662,0,0,-0.0252186,0.0253437,-0.0116529,0.0116613,4555.98,-10.2376,-0.923308,-0.000875603,0.0249063,-70.007,4529.62,-10.1783,-0.917966,-0.000768136,-0.0250287,-70.001,4834.27,-10.8629,-0.979704,0.00207293,0.0117406,-70.2879,4817.85,-10.826,-0.976376,0.00208381,-0.0117747,-70.2847
1.909,150.448,-2.35159,21.9802,-0.000507474,-0.36257,0.0103792,-0.000198788,-0.000204348,0.00222881,3713.66,3,0.130733,0,0,-0.0252289,0.025316,-0.0116513,0.0116601,4555.45,-10.1533,-0.930898,-0.000493618,0.0251364,-70.01,4529.17,-10.0947,-0.925529,-0.000524374,-0.0250898,-70.003,4835.8,-10.7781,-0.988187,0.00201556,0.0116502,-70.2887,4819.27,-10.7413,-0.984809,0.00203795,-0.0116826,-70.2856
1.919,150.667,-2.35552,21.9808,-0.000326957,0.00559048,-0.00488049,-4.26085e-05,-0.000205429,0.0022104,3713.77,3,0.130969,0,0,-0.0252864,0.0253727,-0.0116501,0.0116587,4554.92,-10.0682,-0.935714,-0.000312488,0.0252896,-70.012,4528.5,-10.0098,-0.930286,-0.000273815,-0.0254234,-70.0057,4834.79,-10.6868,-0.993206,0.00205928,0.0117582,-70.2895,4818.2,-10.6502,-0.989799,0.0020658,-0.0117914,-70.2863
1.929,150.887,-2.35945,21.9804,-0.000475926,-0.302785,0.0825729,-0.00017467,-0.000207012,0.00219179,3713.83,3,0.131386,0,0,-0.0251943,0.0253139,-0.0116481,0.0116571,4558.91,-9.99219,-0.943747,-0.000450611,0.0263441,-70.0093,4531.05,-9.93114,-0.93798,-0.000515454,-0.0262869,-70.0025,4835.18,-10.5977,-1.00094,0.00208302,0.0117685,-70.2906,4818.58,-10.5614,-0.997503,0.00210117,-0.0117976,-70.2875
1.939,151.107,-2.36338,21.9811,-0.000369808,0.584927,-0.0485103,-8.0828e-05,-0.000208297,0.00217389,3713.82,3,0.131833,0,0,-0.0252958,0.0254347,-0.0116474,0.0116562,4554.55,-9.9011,-0.948698,-0.000537936,0.0254644,-70.0119,4526.98,-9.84115,-0.942954,-0.000522004,-0.0256756,-70.0053,4835.08,-10.5109,-1.00713,0.00209198,0.0116987,-70.2915,4818.38,-10.4746,-1.00365,0.00209876,-0.0117308,-70.2883
1.949,151.327,-2.36732,21.9803,-0.000218322,0.355898,-0.098733,-1.46177e-05,-0.000209743,0.00215608,3713.86,3,0.132437,0,0,-0.0252938,0.0254221,-0.011645,0.0116538,4553.98,-9.81878,-0.955167,-0.00091391,0.0254102,-70.0096,4527.16,-9.76095,-0.949541,-0.000930858,-0.0257462,-70.0025,4835.35,-10.4254,-1.01418,0.00214935,0.0117281,-70.2929,4818.55,-10.3892,-1.01066,0.00214771,-0.0117567,-70.2896
1.959,151.546,-2.37125,21.9809,-0.000115217,0.571901,0.389211,8.77797e-05,-0.000211291,0.00213765,3713.91,3,0.132613,0,0,-0.0251548,0.0252068,-0.0116432,0.0116522,4553.69,-9.7342,-0.962153,-0.00070998,0.0247614,-70.0103,4526.41,-9.67589,-0.956389,-0.0008017,-0.0247287,-70.003,4835.18,-10.3359,-1.02163,0.00210954,0.0116046,-70.2939,4818.25,-10.2998,-1.01805,0.00212794,-0.0116369,-70.2907
1.969,151.766,-2.37518,21.9804,-0.000288027,-0.283139,0.219634,-4.25687e-05,-0.000212527,0.00212044,3713.99,3,0.13285,0,0,-0.0252846,0.0253706,-0.0116426,0.0116515,4554.6,-9.65776,-0.967974,-0.000847644,0.0257093,-70.0085,4527.01,-9.59926,-0.96211,-0.000895795,-0.0256807,-70.0015,4836.08,-10.2546,-1.0278,0.00214024,0.0117365,-70.2953,4819.01,-10.2184,-1.02417,0.00215701,-0.0117666,-70.292
1.979,151.986,-2.37912,21.9811,-0.000304772,-0.142234,-0.00792198,-2.47321e-05,-0.000214074,0.00210243,3714.04,3,0.132967,0,0,-0.02531,0.0254393,-0.0116402,0.0116497,4553.53,-9.57348,-0.97479,-0.000443917,0.0253524,-70.0126,4525.31,-9.51415,-0.968749,-0.000397544,-0.0255701,-70.0062,4836.35,-10.1681,-1.03533,0.00212274,0.0117154,-70.2959,4819.19,-10.132,-1.03166,0.00212663,-0.0117479,-70.2925
1.989,152.206,-2.38305,21.9822,-0.000791288,0.118799,-0.421414,-0.00034475,-0.000215852,0.00208402,3714.12,3,0.132962,0,0,-0.0250772,0.0251868,-0.0116331,0.0116437,4557.26,-9.49745,-0.983692,-0.000121057,0.0244322,-70.0125,4529.5,-9.43959,-0.9777,-0.000191563,-0.0245787,-70.0047,4836.75,-10.0799,-1.04402,0.00208968,0.0116825,-70.297,4819.37,-10.0437,-1.04027,0.00209523,-0.0117158,-70.2938
1.999,152.426,-2.38699,21.9817,-0.00056967,-0.373353,-0.26997,-0.000175543,-0.000216796,0.00206726,3714.14,3,0.133317,0,0,-0.0252784,0.0253762,-0.0116363,0.0116462,4553.89,-9.41408,-0.987263,-0.000242222,0.0252446,-70.0145,4526.44,-9.35734,-0.981312,-8.12899e-05,-0.0254026,-70.0084,4836.95,-9.99923,-1.04863,0.00210307,0.0117099,-70.2982,4819.54,-9.96325,-1.04485,0.00210615,-0.0117477,-70.2947
2.009,152.645,-2.39092,21.9818,-0.000664747,0.00510923,0.13892,0.000547567,-0.000229516,0.00204975,3714.17,3,0.1338,0,0.00226165,-0.0261701,0.0244605,-0.0116353,0.0116457,4547.86,-9.32196,-1.04381,-0.000843751,0.0260219,-70.02,4531.96,-9.28939,-1.04016,0.000111396,-0.0245385,-69.999,4836.94,-9.91451,-1.11016,0.00215475,0.0116765,-70.2994,4819.66,-9.87909,-1.10619,0.00213285,-0.0118044,-70.2961
2.019,152.865,-2.39486,21.9819,-0.00191638,0.291069,-0.0927619,-0.000197209,-0.000273594,0.00203268,3714.33,3,0.134265,0,0.00477239,-0.0277614,0.0229598,-0.0116321,0.0116447,4546.62,-9.24182,-1.24393,-0.00088348,0.0279725,-70.0375,4531.99,-9.21208,-1.23993,-0.000274628,-0.0234498,-69.9828,4840.26,-9.83868,-1.32427,0.00215675,0.0116481,-70.2994,4817.03,-9.79146,-1.31791,0.00220433,-0.0118421,-70.2975
2.029,153.085,-2.39885,21.9826,-0.0035681,-0.0647754,-0.169035,-0.00137991,-0.000342421,0.00201528,3714.36,3,0.134152,0,0.00727842,-0.0287599,0.0217278,-0.0116273,0.0116433,4572.61,-9.21512,-1.56576,-0.000258492,0.0287017,-70.0443,4509.56,-9.08806,-1.54417,7.83577e-05,-0.0224004,-69.9777,4847.19,-9.76848,-1.65978,0.00198974,0.0113938,-70.3025,4808.14,-9.68978,-1.64641,0.00212432,-0.0116125,-70.2978
2.039,153.305,-2.40287,21.9818,-0.00567256,-0.0514455,-0.401042,-0.00280061,-0.000465249,0.00199923,3714.59,3,0.134862,0,0.00977726,-0.0304592,0.0202669,-0.011626,0.0116449,4596.93,-9.19035,-2.13872,-0.00106694,0.0295185,-70.0546,4480.38,-8.95733,-2.08449,-0.000259644,-0.0209934,-69.9666,4861.84,-9.71996,-2.26197,0.00208097,0.0115739,-70.3055,4795.91,-9.58815,-2.23129,0.00229813,-0.0118557,-70.2956
2.049,153.524,-2.40697,21.9823,-0.00881636,-0.20681,-0.236268,-0.00547751,-0.000635824,0.00198326,3714.69,3,0.134967,0,0.0122665,-0.031689,0.0189913,-0.0116212,0.0116467,4635.82,-9.19405,-2.94756,-0.000643953,0.0311147,-70.063,4441.57,-8.80881,-2.82406,-0.000203652,-0.020286,-69.9592,4882.59,-9.68347,-3.10447,0.00196931,0.0115964,-70.3116,4775.34,-9.47077,-3.03628,0.00236747,-0.0118644,-70.2914
2.059,153.744,-2.41116,21.9823,-0.0123592,0.100766,-1.00768,-0.00846386,-0.000866365,0.00196838,3714.82,3,0.135468,0,0.0147436,-0.033107,0.017637,-0.0116164,0.0116474,4673.58,-9.19939,-4.04903,-0.00106192,0.0312587,-70.0706,4399.6,-8.66009,-3.81166,-0.000263066,-0.0188534,-69.9484,4909,-9.66277,-4.25298,0.00196041,0.011567,-70.3204,4748.4,-9.34667,-4.11385,0.0024351,-0.0118345,-70.285
2.069,153.964,-2.41547,21.9831,-0.0154377,-1.3942,-0.153463,-0.0114976,-0.00115131,0.00195348,3714.92,3,0.13484,0,0.0172061,-0.0341277,0.0164088,-0.0116102,0.0116515,4724.61,-9.22946,-5.43949,0.000174537,0.0325148,-70.0801,4357.18,-8.51169,-5.01647,0.000550931,-0.0184782,-69.9395,4941.16,-9.65248,-5.6888,0.00174396,0.0116954,-70.3316,4716.31,-9.21324,-5.42993,0.00248606,-0.0118779,-70.2762
2.079,154.184,-2.41989,21.9825,-0.0195415,-0.25542,-0.938187,-0.0155029,-0.00150089,0.00194096,3715.1,3,0.135953,0,0.0196517,-0.0356338,0.015044,-0.0116012,0.0116554,4758.51,-9.2361,-7.14202,-0.00110998,0.0331481,-70.0942,4313.72,-8.37279,-6.47445,-9.27818e-05,-0.017291,-69.9252,4976.83,-9.65985,-7.4697,0.00184358,0.0116515,-70.3446,4679.74,-9.08322,-7.0238,0.0026043,-0.0117582,-70.2659
2.089,154.404,-2.42445,21.9826,-0.0232504,0.0876494,-0.832848,-0.019407,-0.0019014,0.00192897,3715.59,3,0.136414,0,0.0220778,-0.036858,0.013798,-0.0115937,0.0116602,4802.74,-9.26438,-9.13194,-0.00150538,0.0339038,-70.1047,4268.25,-8.23337,-8.11566,-0.000180634,-0.0165554,-69.9127,5015.39,-9.67457,-9.53626,0.00184793,0.0117231,-70.3598,4640.24,-8.95091,-8.82295,0.00268536,-0.0116855,-70.2531
2.099,154.623,-2.42916,21.9825,-0.0277366,0.0364974,-1.15963,-0.0245617,-0.00235423,0.0019182,3715.39,3,0.136799,0,0.0244822,-0.0381283,0.0125622,-0.0115806,0.0116666,4847.97,-9.29942,-11.4132,-0.00135343,0.034859,-70.1188,4221.63,-8.09796,-9.93868,-0.000300639,-0.0156172,-69.8955,5055.44,-9.69738,-11.9017,0.00176668,0.0118073,-70.3768,4599.38,-8.82257,-10.828,0.00278477,-0.0115756,-70.2396
2.109,154.843,-2.43405,21.9831,-0.0309738,-0.29002,-0.82506,-0.0289828,-0.00284655,0.0019086,3715.67,3,0.136782,0,0.0268624,-0.0390229,0.0115117,-0.0115642,0.0116781,4903.75,-9.35934,-13.9588,-0.00108073,0.035369,-70.1321,4169.6,-7.95813,-11.869,0.00023224,-0.0152556,-69.8838,5095.03,-9.72441,-14.5033,0.00167822,0.0119075,-70.3967,4558.51,-8.7004,-12.9761,0.00277853,-0.0114265,-70.2253
2.119,155.063,-2.4391,21.9835,-0.0348935,-0.194466,-1.62292,-0.0341359,-0.00338577,0.00190023,3715.62,3,0.137009,0,0.0292161,-0.0402175,0.010285,-0.0115507,0.0116831,4951.93,-9.40988,-16.7662,-0.00112475,0.0355772,-70.1523,4120.01,-7.82904,-13.9495,0.000308681,-0.0144119,-69.8647,5134.21,-9.75626,-17.3833,0.00161357,0.0120696,-70.4137,4518.76,-8.58675,-15.2995,0.0027666,-0.0113149,-70.208
2.129,155.283,-2.44434,21.9835,-0.0384117,0.0908794,-1.29151,-0.0395864,-0.00395975,0.00189334,3715.75,3,0.137518,0,0.031541,-0.041373,0.00910111,-0.0115356,0.0116903,5001.02,-9.46869,-19.8029,-0.0012891,0.0367566,-70.1726,4070.44,-7.70678,-16.118,-3.87358e-05,-0.0137388,-69.8443,5172.99,-9.79429,-20.4839,0.00168235,0.0122115,-70.4333,4478.97,-8.48027,-17.7357,0.00291322,-0.0111222,-70.1912
2.139,155.502,-2.44978,21.9836,-0.0425285,-0.143769,-1.51383,-0.0462488,-0.00456669,0.0018876,3715.85,3,0.137703,0,0.0338348,-0.0425976,0.00794524,-0.0115157,0.011702,5050.89,-9.53415,-23.066,-0.00059915,0.038192,-70.1982,4021.66,-7.59136,-18.3658,-0.000267005,-0.0130235,-69.8228,5211.56,-9.83743,-23.7997,0.00161165,0.0124173,-70.4533,4439.6,-8.38027,-20.2744,0.00298582,-0.0109066,-70.1745
2.149,155.722,-2.45544,21.9839,-0.0452428,-0.825829,-5.35534,-0.0509235,-0.00519252,0.00188297,3715.96,3,0.137683,0,0.0360951,-0.0435964,0.00691157,-0.0114993,0.0117079,5104.31,-9.6114,-26.5045,-0.00131055,0.0343397,-70.209,3965.19,-7.46644,-20.5895,0.000794444,-0.0119494,-69.807,5248.21,-9.88236,-27.2517,0.00170511,0.0126503,-70.4745,4402.73,-8.29031,-22.8615,0.00283446,-0.0107462,-70.1548
2.159,155.942,-2.46133,21.9849,-0.0476272,0.84516,-0.949225,-0.0575524,-0.00583849,0.00188015,3716.02,3,0.138322,0,0.0383199,-0.0444593,0.00595208,-0.0114781,0.0117149,5163.33,-9.70799,-30.1464,-0.000618078,0.0393087,-70.2372,3912.6,-7.3564,-22.8439,-0.000178431,-0.0120506,-69.7825,5283.65,-9.93421,-30.8489,0.00156072,0.0127918,-70.4958,4365.53,-8.20799,-25.4884,0.00306971,-0.0103786,-70.1376
2.169,156.162,-2.46744,21.984,-0.0483395,0.112168,-0.744734,-0.0617334,-0.00650298,0.00187834,3716.13,3,0.138778,0,0.0405068,-0.0456103,0.00474924,-0.011459,0.0117241,5216.59,-9.79873,-33.9239,-0.00174062,0.0394192,-70.2538,3864.08,-7.25821,-25.1284,0.000381207,-0.0120016,-69.7614,5318.03,-9.98927,-34.5835,0.00166153,0.0130442,-70.5179,4331.12,-8.13549,-28.1656,0.00302088,-0.0101931,-70.1183
2.179,156.382,-2.4738,21.9847,-0.0507519,0.285862,-1.04361,-0.0689243,-0.00717466,0.0018779,3715.99,3,0.138924,0,0.0426537,-0.0465202,0.00381845,-0.0114345,0.011729,5267.53,-9.89215,-37.7934,-0.000969519,0.0396625,-70.2825,3812.99,-7.16061,-27.3574,0.000122371,-0.010881,-69.7371,5352.1,-10.051,-38.4001,0.00158515,0.0133426,-70.5388,4296.92,-8.0694,-30.8295,0.00308476,-0.00985405,-70.0995
2.189,156.601,-2.48042,21.9844,-0.0513226,-0.439727,-1.71633,-0.0742328,-0.00785265,0.0018786,3716.26,3,0.139099,0,0.0447586,-0.047541,0.0028174,-0.0114056,0.0117447,5320.89,-9.99616,-41.7839,-0.00128508,0.0393751,-70.3026,3763.02,-7.06945,-29.5503,0.0006575,-0.0108002,-69.7147,5384.83,-10.1163,-42.2861,0.00163915,0.0138994,-70.5611,4265.55,-8.01354,-33.4966,0.00309728,-0.0098403,-70.0799
2.199,156.821,-2.48731,21.9843,-0.0531197,-0.206937,-2.39019,-0.0811363,-0.00853457,0.00188015,3716.34,3,0.139597,0,0.0468193,-0.0485137,0.00182148,-0.0113929,0.0117287,5370.75,-10.0982,-45.8382,-0.00130024,0.0397492,-70.3291,3714.56,-6.98417,-31.7029,0.000321652,-0.00983769,-69.6901,5415.57,-10.1824,-46.2207,0.00168099,0.0139931,-70.5828,4232.75,-7.95849,-36.1256,0.0030273,-0.00921094,-70.0606
2.209,157.041,-2.49447,21.985,-0.0540126,0.611384,-1.65496,-0.0884318,-0.00921735,0.00188305,3716.37,3,0.140005,0,0.0488337,-0.049431,0.000842525,-0.0113547,0.0117507,5418.62,-10.204,-49.9467,-0.00118928,0.0412372,-70.3553,3669,-6.90921,-33.8194,9.91196e-05,-0.00930616,-69.6639,5446.73,-10.2569,-50.2058,0.00163849,0.0143195,-70.6046,4201.62,-7.9122,-38.7289,0.00322841,-0.00881287,-70.0411
2.219,157.26,-2.50193,21.9849,-0.0539154,-0.121382,-2.06577,-0.0946277,-0.00988959,0.00188676,3716.42,3,0.140092,0,0.0508,-0.0499549,9.03884e-05,-0.0113254,0.0117571,5474.76,-10.3301,-54.1449,-0.00102114,0.0411587,-70.3759,3618.32,-6.82726,-35.7849,0.000470894,-0.00922777,-69.6436,5476.15,-10.3327,-54.1587,0.00156549,0.0146458,-70.6275,4172.12,-7.87221,-41.2619,0.00313916,-0.00840781,-70.021
2.229,157.48,-2.50968,21.9846,-0.0537128,-0.0263227,-2.27598,-0.101543,-0.0105696,0.00189199,3716.36,3,0.140642,0,0.0527162,-0.0512389,-0.00100532,-0.0112946,0.0117622,5514.76,-10.4345,-58.291,-0.00118559,0.0420873,-70.4079,3575.95,-6.76605,-37.7978,0.00031345,-0.00846286,-69.615,5504.87,-10.4158,-58.1865,0.00163093,0.0150449,-70.6487,4143.49,-7.83989,-43.7967,0.00319989,-0.00797943,-70.0013
2.239,157.7,-2.51773,21.9848,-0.0526682,-0.161833,-2.57887,-0.107941,-0.0112459,0.0018978,3716.74,3,0.14087,0,0.0545803,-0.0524018,-0.00209788,-0.0112662,0.0117659,5556.4,-10.5456,-62.4895,-0.00126863,0.0424477,-70.4339,3535.29,-6.70973,-39.7593,0.000581031,-0.00782118,-69.5879,5533.19,-10.5016,-62.2285,0.00159279,0.0154362,-70.6707,4114.88,-7.80975,-46.2776,0.00321909,-0.00755971,-69.9815
2.249,157.92,-2.52614,21.9845,-0.0506706,-0.346948,-0.800869,-0.114019,-0.0118873,0.00190445,3716.49,3,0.141315,0,0.0563905,-0.0520551,-0.0022455,-0.0112234,0.0117802,5623.16,-10.7098,-66.8475,-0.00119505,0.0424264,-70.4446,3475.07,-6.61857,-41.3112,0.000233335,-0.00769704,-69.5732,5561.03,-10.5915,-66.1089,0.0015619,0.0159834,-70.6945,4086.71,-7.7835,-48.5823,0.00311553,-0.00711421,-69.9598
2.259,158.139,-2.53483,21.9848,-0.0498698,0.176181,-2.91125,-0.121288,-0.0125616,0.00191176,3716.53,3,0.141752,0,0.0581452,-0.0538274,-0.00370944,-0.0112064,0.0117701,5652.43,-10.807,-71.0073,-0.00120471,0.0432111,-70.4887,3444,-6.58464,-43.2644,0.000220663,-0.00688089,-69.5366,5588.86,-10.6854,-70.2087,0.00169469,0.0163234,-70.714,4059.53,-7.76149,-50.9969,0.00321194,-0.00658674,-69.9405
2.269,158.359,-2.54389,21.9846,-0.0478874,0.0271012,-3.25078,-0.12742,-0.0132027,0.00191949,3716.54,3,0.142136,0,0.0598424,-0.0540939,-0.00412975,-0.0111746,0.011775,5707.34,-10.9562,-75.3567,-0.00162984,0.0428949,-70.4988,3394.47,-6.51624,-44.8188,0.000452782,-0.00691697,-69.5214,5616.39,-10.7816,-74.1558,0.001724,0.0167906,-70.7371,4032.18,-7.74042,-53.2387,0.00318389,-0.00605146,-69.9183
2.279,158.579,-2.55329,21.9848,-0.0460439,-0.16255,-3.00085,-0.135127,-0.013844,0.00192843,3716.51,3,0.142324,0,0.0614806,-0.0548141,-0.00488227,-0.011145,0.0117732,5751.15,-11.0918,-79.6242,-0.000651559,0.0440323,-70.5313,3351.97,-6.46469,-46.4077,4.74175e-05,-0.00606294,-69.4927,5643.25,-10.8837,-78.1303,0.00165571,0.0172999,-70.7582,4004.64,-7.72344,-55.4439,0.00322427,-0.00554212,-69.8982
2.289,158.798,-2.56305,21.9847,-0.0416443,0.410239,-2.56498,-0.139794,-0.0144832,0.00193799,3716.53,3,0.142972,0,0.063058,-0.0557987,-0.00582554,-0.0111137,0.0117764,5790.62,-11.2234,-83.8724,-0.0020882,0.0443212,-70.5507,3313,-6.42126,-47.9862,0.000701587,-0.0060546,-69.4704,5669.41,-10.9884,-82.1168,0.0017806,0.0177047,-70.7804,3978.45,-7.71104,-57.6247,0.0031627,-0.00506103,-69.8774
2.299,159.018,-2.57319,21.9845,-0.0402993,-0.00970162,-3.13094,-0.148078,-0.0151017,0.0019477,3716.45,3,0.143258,0,0.0645733,-0.0558263,-0.00616125,-0.0110813,0.0117737,5843.18,-11.3821,-88.2486,-0.00109487,0.0448771,-70.5742,3265.47,-6.36087,-49.3178,3.96353e-05,-0.00522493,-69.4468,5697.16,-11.0976,-86.0432,0.0017171,0.0182566,-70.8018,3950.82,-7.69589,-59.6686,0.00321132,-0.00446047,-69.8551
2.309,159.237,-2.58368,21.9848,-0.0356886,0.591021,-2.99344,-0.153369,-0.0157304,0.00195818,3716.85,3,0.143724,0,0.0660249,-0.0568995,-0.00709946,-0.0110552,0.0117667,5878.03,-11.5117,-92.4714,-0.00142887,0.0452112,-70.6039,3229.63,-6.32499,-50.8075,0.000238447,-0.00480987,-69.4201,5724.06,-11.2102,-90.0492,0.00175631,0.018741,-70.8216,3923.75,-7.68438,-61.7273,0.00317765,-0.00394025,-69.8336
2.319,159.457,-2.59457,21.9844,-0.0318809,-0.0404351,-4.09171,-0.159313,-0.0163413,0.00196892,3716.38,3,0.143987,0,0.0674112,-0.0573392,-0.00758718,-0.0110201,0.0117682,5923.79,-11.6651,-96.8113,-0.00165632,0.0449071,-70.6205,3186.08,-6.27399,-52.0695,0.000546372,-0.00499035,-69.4002,5751.5,-11.3258,-93.9956,0.00177341,0.0192944,-70.8434,3895.88,-7.67172,-63.6696,0.00313981,-0.00339193,-69.8111
2.329,159.677,-2.60585,21.9844,-0.0264428,-0.194493,-3.30406,-0.164677,-0.0169492,0.00198063,3716.27,3,0.14431,0,0.0687311,-0.0579253,-0.00819374,-0.0109785,0.0117788,5962.11,-11.8104,-101.063,-0.00125139,0.0444733,-70.6484,3144.27,-6.22852,-53.298,0.000262188,-0.0038754,-69.375,5779.16,-11.448,-97.9616,0.00175511,0.0198381,-70.864,3867.74,-7.66166,-65.5616,0.00305917,-0.0027709,-69.7895
2.339,159.896,-2.61754,21.9849,-0.0231013,0.593902,-3.05022,-0.171443,-0.0175611,0.00199248,3716.27,3,0.144765,0,0.0699831,-0.0585951,-0.00888891,-0.0109547,0.0117622,5996.31,-11.9494,-105.313,-0.0012673,0.0465635,-70.6725,3105.92,-6.18944,-54.5491,0.000420983,-0.00369255,-69.3511,5805.87,-11.5699,-101.968,0.00173106,0.0201651,-70.8847,3839.41,-7.65113,-67.4313,0.00299933,-0.00211674,-69.7673
2.349,160.116,-2.62965,21.9848,-0.0203609,1.18925,-4.00392,-0.178528,-0.0181552,0.00200544,3716.29,3,0.145431,0,0.0711661,-0.058483,-0.00912274,-0.0109252,0.0117569,6034.68,-12.1042,-109.573,-0.00194124,0.046799,-70.6863,3057.47,-6.13258,-55.515,0.000137274,-0.00287626,-69.332,5834.44,-11.7025,-105.937,0.00203434,0.020806,-70.9049,3811.36,-7.64473,-69.2036,0.00299761,-0.00176826,-69.7424
2.359,160.335,-2.64214,21.9842,-0.0125789,0.475836,-4.28618,-0.181047,-0.0187652,0.00202011,3716.1,3,0.145774,0,0.0722788,-0.0597036,-0.0100185,-0.0108896,0.0117521,6051.26,-12.2264,-113.566,-0.00244049,0.0457511,-70.7081,3025.17,-6.11227,-56.7745,0.00074207,-0.00287024,-69.3078,5861.51,-11.843,-110.005,0.00197986,0.021281,-70.9235,3782.36,-7.64217,-70.9851,0.00281841,-0.00110331,-69.72
2.369,160.555,-2.6551,21.9844,-0.0107384,0.453938,-4.5629,-0.190258,-0.0193508,0.00203593,3715.9,3,0.146048,0,0.0733202,-0.0593174,-0.00990883,-0.0108565,0.0117434,6087.14,-12.3953,-117.806,-0.000845803,0.0472684,-70.726,2976.15,-6.06036,-57.5979,-0.000269979,-0.00212302,-69.2868,5891.78,-11.9975,-114.025,0.00187054,0.0219587,-70.9437,3750.54,-7.63727,-72.5849,0.00284221,-0.000442242,-69.697
2.379,160.774,-2.66845,21.9843,-0.00208329,0.639547,-3.78242,-0.191147,-0.0199631,0.00205463,3715.88,3,0.146553,0,0.0742892,-0.0606285,-0.0110306,-0.0108303,0.0117333,6095.36,-12.5262,-121.698,-0.0025105,0.047665,-70.7446,2948.03,-6.05833,-58.8596,0.000909058,-0.00254109,-69.2633,5917.44,-12.1606,-118.146,0.00205362,0.0222498,-70.9626,3721.22,-7.64725,-74.2968,0.00260892,-1.62981e-05,-69.6759
2.389,160.994,-2.68227,21.9843,0.00155879,-0.447327,-3.24241,-0.197786,-0.0205458,0.00207495,3715.75,3,0.146477,0,0.075185,-0.0599972,-0.0107871,-0.0107922,0.0117355,6134.62,-12.7317,-126.059,-0.000694137,0.0485303,-70.7552,2896,-6.01033,-59.5091,0.00028834,-0.00221144,-69.2471,5945.96,-12.3402,-122.182,0.00195549,0.0226091,-70.9829,3687.62,-7.65326,-75.7759,0.00269627,0.000746115,-69.6598
2.399,161.213,-2.69652,21.9843,0.00615353,0.175115,-4.34641,-0.203748,-0.0211513,0.00209927,3715.82,3,0.147095,0,0.0760065,-0.0605271,-0.0113055,-0.0107571,0.0117303,6154.07,-12.922,-130.186,-0.000282017,0.0483147,-70.7817,2862.25,-6.00999,-60.5493,-0.000480652,-0.00107317,-69.2195,5976.99,-12.5501,-126.44,0.00186729,0.0233604,-70.997,3653.32,-7.67104,-77.284,0.00284584,0.00117488,-69.6431
2.409,161.432,-2.71122,21.9843,0.0152967,-0.0129012,-4.12455,-0.204238,-0.021744,0.00212704,3715.88,3,0.147393,0,0.076753,-0.0608152,-0.0116,-0.0107204,0.0117256,6185.07,-13.159,-134.509,-0.0010041,0.0466218,-70.789,2821.93,-6.00379,-61.3696,0.000495899,-0.00204839,-69.2068,6005.05,-12.776,-130.594,0.00197247,0.0237626,-71.0145,3620.92,-7.70368,-78.7456,0.00279205,0.00171359,-69.6296
2.419,161.652,-2.72636,21.9836,0.0205121,0.923115,-5.54172,-0.208468,-0.0223495,0.00215909,3715.82,3,0.148446,0,0.0774238,-0.0615329,-0.0121868,-0.0106867,0.0117196,6204.98,-13.4005,-138.701,-0.00281652,0.0464378,-70.7998,2795.62,-6.0375,-62.491,0.000998064,-0.00134498,-69.1867,6033.93,-13.0311,-134.878,0.00237661,0.0242731,-71.0293,3589.71,-7.75245,-80.2415,0.00210967,0.00223825,-69.6196
2.429,161.871,-2.742,21.986,0.0256796,2.62225,-2.2177,-0.213627,-0.0229142,0.00219459,3716.03,3,0.148624,0,0.0780181,-0.0603497,-0.0115818,-0.010647,0.0117056,6253.38,-13.7272,-143.316,-0.000545583,0.046665,-70.8112,2743.77,-6.02304,-62.8822,-0.00053189,-0.000217752,-69.1717,6064.28,-13.3121,-138.982,0.00200809,0.0248575,-71.0457,3557.06,-7.80835,-81.5214,0.0030061,0.00275142,-69.6092
2.439,162.09,-2.75806,21.9821,0.0325142,-0.112581,-4.67525,-0.214573,-0.0235172,0.00223571,3716.18,3,0.149451,0,0.0785355,-0.0614736,-0.0124711,-0.0106178,0.0116945,6273.9,-14.0305,-147.572,-0.00306665,0.0476588,-70.8298,2730.61,-6.10656,-64.2283,0.000699568,-0.0017808,-69.151,6089.54,-13.6183,-143.236,0.00217886,0.025092,-71.0599,3532.28,-7.89937,-83.0849,0.00299954,0.00317334,-69.6011
2.449,162.309,-2.77462,21.9832,0.0355712,0.0201976,-3.39884,-0.221594,-0.0240825,0.00228079,3716.28,3,0.149458,0,0.0789754,-0.0609181,-0.0121163,-0.0105866,0.0116822,6308.78,-14.3932,-151.961,-0.000400741,0.049758,-70.845,2697.12,-6.15334,-64.966,-9.05328e-05,-0.000862974,-69.1353,6117.98,-13.9579,-147.365,0.00200233,0.025643,-71.0739,3505.46,-7.99754,-84.4367,0.00321627,0.00370165,-69.5941
2.459,162.529,-2.79166,21.9835,0.0415204,-0.416782,-1.27821,-0.224616,-0.0246123,0.00233052,3716.74,3,0.149599,0,0.0793373,-0.0595371,-0.0115088,-0.0105584,0.0116645,6360.7,-14.8282,-156.583,-0.000379191,0.0507931,-70.837,2651.96,-6.18232,-65.2839,0.000169515,-0.00155052,-69.1265,6141.53,-14.3173,-151.187,0.00189366,0.0261417,-71.089,3485.79,-8.12617,-85.8105,0.00350924,0.0038046,-69.5848
2.469,162.748,-2.8091,21.9824,0.0509394,-0.114848,-3.84815,-0.224248,-0.02517,0.00238479,3716.58,3,0.150476,0,0.0796209,-0.0607153,-0.0127444,-0.0105114,0.0116613,6358.42,-15.1683,-160.075,-0.00183677,0.0474433,-70.8648,2654.19,-6.3317,-66.82,0.00070391,-0.000922306,-69.0986,6162.12,-14.7001,-155.133,0.00221585,0.0263535,-71.1,3467.76,-8.27254,-87.302,0.00324947,0.00462184,-69.5808
2.479,162.967,-2.82704,21.9819,0.0537418,0.208273,-4.78898,-0.230512,-0.0256965,0.00244585,3716.64,3,0.15121,0,0.079826,-0.0610402,-0.0122579,-0.0104782,0.0116504,6359.53,-15.5596,-163.454,-0.000565642,0.0488617,-70.8901,2628.82,-6.43183,-67.5664,-0.000366075,0.000114452,-69.0866,6185.76,-15.1345,-158.988,0.00212478,0.0269026,-71.1109,3447.3,-8.43437,-88.6031,0.0035242,0.00518276,-69.5764
2.489,163.186,-2.84547,21.9839,0.0603465,0.752682,-2.50007,-0.232196,-0.0261999,0.00250766,3717.07,3,0.151075,0,0.0799522,-0.0605217,-0.0127015,-0.0104475,0.0116595,6389.23,-16.0276,-167.435,-0.00176414,0.0500981,-70.8834,2618.27,-6.56799,-68.614,0.000508501,0.00117406,-69.0737,6203.2,-15.5609,-162.56,0.00272503,0.0267309,-71.1228,3431.41,-8.60778,-89.923,0.00413678,0.00519584,-69.5695
2.499,163.405,-2.86437,21.9816,0.0666254,0.720407,-4.29581,-0.234587,-0.0266943,0.00257716,3716.88,3,0.152307,0,0.0799996,-0.0610807,-0.0125367,-0.0104153,0.0116203,6401.76,-16.5043,-170.931,-0.00159789,0.049152,-70.899,2598.58,-6.69935,-69.3838,8.28536e-05,0.000246283,-69.0605,6224.19,-16.0465,-166.19,0.00225365,0.0276428,-71.1332,3413.83,-8.80114,-91.1515,0.00359488,0.00603894,-69.5651
2.509,163.624,-2.88377,21.9825,0.0756873,-0.366814,-2.53257,-0.234207,-0.0271465,0.00264828,3718.72,3,0.151953,0,0.079968,-0.0598731,-0.0121291,-0.0103935,0.0116037,6447.3,-17.0806,-175.064,-0.00117897,0.0475199,-70.8937,2573.22,-6.81712,-69.8708,0.000432843,-0.000376493,-69.0559,6240.59,-16.5329,-169.451,0.00197598,0.0279729,-71.1454,3399.36,-9.0058,-92.3033,0.00410902,0.00629473,-69.5594
2.519,163.843,-2.90364,21.9809,0.0795355,0.474248,-4.89408,-0.237932,-0.0276068,0.0027256,3717.05,3,0.153274,0,0.0798575,-0.0602648,-0.0123793,-0.0103509,0.0115965,6454.57,-17.5994,-178.235,-0.00200082,0.0478441,-70.9105,2567.56,-7.00083,-70.9,0.000183654,0.00011249,-69.0375,6255.07,-17.0554,-172.726,0.0023737,0.0284303,-71.1535,3385.01,-9.22974,-93.473,0.00371194,0.00687774,-69.5553
2.529,164.062,-2.924,21.9817,0.0846922,0.898489,-3.18846,-0.241115,-0.0280261,0.00280528,3717.05,3,0.153539,0,0.0796682,-0.0593487,-0.0119269,-0.0103199,0.0115912,6482.67,-18.1929,-181.731,-0.000717005,0.0497938,-70.919,2552.08,-7.16213,-71.5434,-0.00010548,-0.000234393,-69.0307,6268.45,-17.5917,-175.726,0.00227334,0.0288119,-71.1616,3371.42,-9.46153,-94.5124,0.0038504,0.00722315,-69.5507
2.539,164.28,-2.94484,21.9809,0.0927793,0.356224,-4.75138,-0.240859,-0.0284342,0.00288905,3717.04,3,0.153975,0,0.0794003,-0.0595058,-0.0120251,-0.0102945,0.0115653,6492.29,-18.7642,-184.653,-0.00153299,0.0469092,-70.9261,2549.07,-7.3674,-72.5003,0.000224663,0.000120544,-69.0189,6281.09,-18.1538,-178.646,0.00236355,0.0291152,-71.1718,3359.74,-9.7104,-95.5571,0.00366219,0.0077697,-69.5494
2.549,164.499,-2.96617,21.9808,0.0977649,0.291296,-3.96271,-0.243573,-0.0288121,0.00297559,3717.13,3,0.154391,0,0.079054,-0.0589794,-0.0116201,-0.0102629,0.0115546,6506.75,-19.3695,-187.525,-0.000468392,0.0481858,-70.9374,2542.1,-7.56742,-73.2635,-0.000306617,0.000158913,-69.0113,6293,-18.7332,-181.365,0.00235674,0.0296136,-71.1765,3348.56,-9.96811,-96.5057,0.00386585,0.00812359,-69.5444
2.559,164.718,-2.98798,21.9822,0.110337,-0.078417,-3.07248,-0.239224,-0.0291587,0.00306348,3717.28,3,0.154089,0,0.0786297,-0.0582449,-0.0113492,-0.0101772,0.0116153,6528.83,-20.0095,-190.426,-0.000551268,0.0446622,-70.9312,2533.86,-7.76577,-73.905,0.000804374,-0.00182307,-69.0115,6300.9,-19.311,-183.778,0.00258579,0.0298461,-71.1837,3341.21,-10.2401,-97.4528,0.00346101,0.00849403,-69.5413
2.569,164.937,-3.01028,21.9817,0.108775,2.3661,-4.39183,-0.247599,-0.0295041,0.00315527,3717.2,3,0.155631,0,0.0781278,-0.0583018,-0.0111795,-0.0102173,0.0115312,6519.83,-20.5808,-192.418,-0.000723072,0.0483072,-70.9541,2538.88,-8.01436,-74.9291,-0.000691349,0.000720108,-68.9954,6310.34,-19.9195,-186.235,0.00241694,0.0301473,-71.1877,3332.05,-10.5181,-98.3378,0.00403872,0.00885186,-69.5401
2.579,165.155,-3.03307,21.9804,0.121065,-0.685727,0.462485,-0.241735,-0.0298045,0.00324655,3716.99,3,0.155462,0,0.0775488,-0.0574064,-0.0108228,-0.0102069,0.0114933,6544.46,-21.2565,-195.112,-0.000823717,0.046518,-70.943,2533.87,-8.23002,-75.5429,-8.41552e-05,-0.000311611,-68.9964,6317.69,-20.5199,-188.351,0.00240242,0.0307319,-71.1942,3326.59,-10.8048,-99.1768,0.00435252,0.00919256,-69.5369
2.589,165.374,-3.05633,21.9807,0.123386,0.539628,-2.20324,-0.246389,-0.0300939,0.00334021,3717.26,3,0.156112,0,0.0768932,-0.0571769,-0.0105316,-0.010164,0.0115053,6539.6,-21.8536,-196.862,0.000285614,0.0476734,-70.9616,2537.4,-8.47933,-76.3835,-0.000650444,0.000404817,-68.9879,6324.5,-21.1348,-190.386,0.00243243,0.0307748,-71.1974,3319.07,-11.0914,-99.9139,0.00400917,0.00951969,-69.5369
2.599,165.592,-3.0801,21.9801,0.128892,0.787537,-4.07923,-0.247142,-0.0303506,0.00343332,3717.34,3,0.156759,0,0.0761618,-0.0563677,-0.0101412,-0.0101514,0.0115043,6553.58,-22.511,-198.966,-0.00130969,0.0464125,-70.9512,2536.57,-8.71291,-77.0101,-6.81083e-05,-0.00023235,-68.99,6328.92,-21.7393,-192.145,0.00257265,0.0310097,-71.2027,3315.59,-11.3888,-100.661,0.00398359,0.00979282,-69.5354
2.609,165.811,-3.10433,21.9796,0.133635,0.346135,-5.19993,-0.248424,-0.0305933,0.00352664,3717.37,3,0.157079,0,0.0753552,-0.0560234,-0.00980124,-0.0101346,0.0114921,6554.52,-23.1264,-200.587,-0.000407212,0.0464175,-70.9665,2543.01,-8.9725,-77.8232,-0.000482511,-0.000175695,-68.9835,6332.27,-22.3422,-193.785,0.00264915,0.0312872,-71.2048,3312.53,-11.6876,-101.373,0.00402665,0.0100901,-69.5362
2.619,166.029,-3.12906,21.9795,0.141067,0.302196,-2.79257,-0.246841,-0.0307961,0.00361857,3717.39,3,0.157536,0,0.0744743,-0.054967,-0.00920942,-0.0100971,0.0115154,6570.62,-23.7877,-202.414,-0.000743238,0.0476181,-70.955,2546.16,-9.21785,-78.4365,-4.44229e-05,-0.00192209,-68.9878,6334.84,-22.934,-195.15,0.0024967,0.031503,-71.2074,3311.57,-11.9889,-102.016,0.00414467,0.0102434,-69.5369
2.629,166.247,-3.15425,21.9794,0.145093,0.844406,-4.46551,-0.248593,-0.0309868,0.00371035,3717.47,3,0.15809,0,0.0735198,-0.0546255,-0.00878178,-0.0101038,0.0114778,6559.61,-24.3502,-203.327,-0.000473063,0.0464747,-70.9701,2556.91,-9.49161,-79.2558,-0.000668722,-0.000518443,-68.9829,6336.45,-23.5218,-196.409,0.00264598,0.031758,-71.2086,3309.78,-12.2864,-102.592,0.00403596,0.0106345,-69.5378
2.639,166.466,-3.17992,21.9792,0.152126,0.448076,-4.30233,-0.245866,-0.0311426,0.00379946,3717.5,3,0.158365,0,0.0724928,-0.0537747,-0.00826589,-0.0100959,0.0114716,6562.53,-24.9463,-204.44,-0.00061876,0.0457314,-70.9638,2564.92,-9.75007,-79.904,-0.000494363,-0.00188217,-68.9859,6337.3,-24.0901,-197.424,0.00268622,0.032213,-71.2081,3309.87,-12.5819,-103.111,0.00394124,0.0109098,-69.5366
2.649,166.684,-3.20606,21.9789,0.15673,0.320473,-5.04416,-0.247098,-0.0312781,0.00388677,3717.53,3,0.15877,0,0.0713943,-0.0530773,-0.00766877,-0.0100719,0.011471,6557.29,-25.4993,-205.166,-0.00057423,0.0449957,-70.9688,2575.66,-10.0159,-80.5878,-0.00058604,-0.00124363,-68.9867,6336.06,-24.639,-198.244,0.0026977,0.0322986,-71.2103,3311.48,-12.8773,-103.61,0.00406536,0.0111185,-69.5418
2.659,166.902,-3.23266,21.9795,0.164768,-0.742583,-4.65788,-0.243924,-0.0313892,0.00397014,3717.62,3,0.158402,0,0.0702253,-0.0525634,-0.00721979,-0.0100739,0.011456,6558.22,-26.0501,-205.925,0.000792989,0.0436897,-70.9649,2589.92,-10.2875,-81.3221,-0.000249213,-0.00250953,-68.9894,6333.56,-25.1577,-198.871,0.00269532,0.0325058,-71.2097,3314.48,-13.1655,-104.073,0.00376912,0.0113275,-69.5443
2.669,167.12,-3.25973,21.9792,0.166985,0.847803,-5.0226,-0.245561,-0.0314661,0.00405154,3717.63,3,0.159548,0,0.068987,-0.0512878,-0.00632243,-0.0100667,0.011454,6550.47,-26.5528,-206.186,-0.00034526,0.0442047,-70.9664,2596.18,-10.5238,-81.7186,-0.00086823,-0.00158808,-68.9935,6330.91,-25.6628,-199.275,0.00275647,0.0326221,-71.2087,3317.86,-13.4492,-104.435,0.00413021,0.0114618,-69.5483
2.679,167.338,-3.28725,21.9788,0.174243,0.472623,-5.06967,-0.241869,-0.0315237,0.00412826,3717.61,3,0.159893,0,0.0676806,-0.0507769,-0.00591374,-0.0100613,0.0114518,6542.32,-27.022,-206.306,-0.00134636,0.0428574,-70.9578,2612.48,-10.7904,-82.3822,-0.000224187,-0.00255437,-68.9985,6324.99,-26.1244,-199.453,0.00289329,0.0327384,-71.2093,3324.29,-13.7305,-104.829,0.00398636,0.011561,-69.552
2.689,167.556,-3.31522,21.9793,0.179819,0.28353,-3.32843,-0.240493,-0.0315506,0.00420154,3717.74,3,0.160005,0,0.0663074,-0.0499296,-0.00508395,-0.0100506,0.0114511,6529.45,-27.4475,-206.077,-0.00024172,0.0430659,-70.9659,2624.95,-11.0344,-82.8465,-0.000686141,-0.002248,-69.0025,6319.32,-26.5643,-199.445,0.0027215,0.0328923,-71.2041,3330.41,-13.9999,-105.111,0.0041404,0.011705,-69.5579
2.699,167.774,-3.34365,21.9801,0.184295,-0.241287,-2.89284,-0.239693,-0.0315558,0.00426869,3717.8,3,0.15981,0,0.0648688,-0.0489097,-0.00443989,-0.0100536,0.0114458,6526.47,-27.8735,-206.016,0.00113568,0.0439131,-70.9613,2642.63,-11.2863,-83.4179,-0.000782881,-0.00338622,-69.0078,6311.83,-26.9568,-199.241,0.00268507,0.0330629,-71.2014,3338.65,-14.2588,-105.389,0.0040558,0.0117842,-69.5637
2.709,167.992,-3.37251,21.9798,0.188744,1.43943,-4.41974,-0.237149,-0.0315321,0.0043323,3717.84,3,0.160876,0,0.0633661,-0.0481568,-0.00364825,-0.0100589,0.0114386,6507.73,-28.2076,-205.271,-0.000901513,0.0416597,-70.9551,2655.54,-11.5104,-83.7625,-0.000690502,-0.00310871,-69.0166,6303.15,-27.3209,-198.818,0.00295377,0.0331006,-71.1966,3347.2,-14.5084,-105.579,0.00404059,0.0119133,-69.5694
2.719,168.21,-3.40181,21.9799,0.193397,0.881306,-4.40286,-0.234818,-0.0314827,0.00439002,3717.9,3,0.160923,0,0.061801,-0.0473097,-0.00292428,-0.010058,0.0114415,6493.23,-28.5197,-204.492,-0.000312976,0.041502,-70.9524,2676.27,-11.7548,-84.284,-0.000669433,-0.00371232,-69.024,6293.34,-27.6417,-198.197,0.00299406,0.0331784,-71.1915,3357.3,-14.746,-105.732,0.00404396,0.0119536,-69.576
2.729,168.428,-3.43153,21.979,0.19773,0.340733,-4.46722,-0.23191,-0.0314073,0.00444247,3717.91,3,0.161403,0,0.0601748,-0.046439,-0.00209847,-0.0100626,0.011456,6475.69,-28.7824,-203.451,-0.000478794,0.0406769,-70.9456,2694.56,-11.9765,-84.6567,-0.000984139,-0.00371433,-69.0333,6282.97,-27.9259,-197.396,0.0029814,0.0332202,-71.1868,3367.64,-14.9681,-105.803,0.00397734,0.0119949,-69.5846
2.739,168.645,-3.46168,21.9792,0.201761,0.340162,-3.56713,-0.229113,-0.0312986,0.00448867,3718.01,3,0.161685,0,0.0584892,-0.0451605,-0.00120563,-0.0100564,0.0114507,6463.77,-29.0282,-202.373,-0.00103824,0.0409107,-70.9351,2710.95,-12.1746,-84.8766,-0.000655546,-0.00451065,-69.0463,6270.06,-28.1582,-196.308,0.00306653,0.0332269,-71.181,3381.37,-15.1854,-105.867,0.00395151,0.0119383,-69.5919
2.749,168.863,-3.49224,21.9797,0.206343,0.326033,-4.10102,-0.225025,-0.0311638,0.00452872,3717.98,3,0.161753,0,0.056746,-0.0440754,-0.000265047,-0.0100579,0.0114625,6445.07,-29.2023,-200.918,-0.000714919,0.0394693,-70.9314,2730.46,-12.3716,-85.119,-0.000714383,-0.00496919,-69.0569,6255.35,-28.3427,-195.003,0.00311104,0.0331975,-71.1735,3397.23,-15.3927,-105.905,0.00393936,0.0117973,-69.6006
2.759,169.081,-3.52319,21.9802,0.209164,0.736901,-4.55352,-0.223495,-0.0310149,0.00456267,3718.13,3,0.162008,0,0.0549467,-0.0436885,0.000492895,-0.0100833,0.0114525,6414.01,-29.2793,-198.994,3.19701e-05,0.0397575,-70.9356,2758.71,-12.5932,-85.5886,-0.00116408,-0.00544321,-69.0647,6240.89,-28.489,-193.623,0.00307602,0.0332772,-71.1656,3411.75,-15.5743,-105.849,0.00391959,0.0118904,-69.612
2.769,169.298,-3.55456,21.9807,0.213083,0.407872,-4.04788,-0.219401,-0.0308218,0.00458932,3718.15,3,0.162027,0,0.0530932,-0.0423704,0.00152873,-0.0100982,0.0114597,6398.5,-29.3789,-197.276,-0.000230309,0.0387008,-70.9164,2778.43,-12.7573,-85.6634,-0.000872506,-0.00591485,-69.0818,6224.27,-28.5789,-191.904,0.00310494,0.0332169,-71.1577,3428.56,-15.7423,-105.708,0.00382893,0.0117801,-69.6214
2.779,169.516,-3.5863,21.9811,0.215843,1.37403,-4.80016,-0.215738,-0.0306071,0.00460976,3718.26,3,0.162536,0,0.0511873,-0.0415328,0.00245339,-0.0101087,0.0114628,6372.5,-29.3897,-195.105,-0.000808697,0.0379129,-70.9089,2801.03,-12.9182,-85.7583,-0.000966427,-0.00632254,-69.0952,6206.42,-28.6237,-190.02,0.00316321,0.0330823,-71.1486,3446.95,-15.8971,-105.534,0.0038381,0.0116843,-69.6327
2.789,169.733,-3.61843,21.9815,0.21898,0.672992,-4.71395,-0.212088,-0.0303607,0.00462301,3718.3,3,0.162396,0,0.0492309,-0.0403064,0.00347896,-0.0101218,0.0114711,6348.73,-29.364,-192.811,-0.000198859,0.0368338,-70.9025,2826.28,-13.072,-85.8343,-0.000966019,-0.00681035,-69.1105,6187.72,-28.6193,-187.921,0.00319292,0.0331084,-71.1392,3466.47,-16.033,-105.277,0.00374446,0.0116172,-69.6451
2.799,169.95,-3.65093,21.9811,0.221115,0.510924,-6.59567,-0.208014,-0.0300851,0.00462923,3718.38,3,0.162687,0,0.0472259,-0.0393682,0.00448003,-0.0101392,0.0114795,6321.28,-29.2761,-190.234,-0.000538325,0.0355071,-70.8822,2852.67,-13.2117,-85.8489,-0.000905072,-0.0079758,-69.1279,6168.07,-28.5666,-185.623,0.00313761,0.0330964,-71.1295,3486.52,-16.1473,-104.924,0.00357394,0.0115345,-69.6576
2.809,170.168,-3.68378,21.9821,0.224116,0.491412,-4.47419,-0.203353,-0.0297858,0.00462909,3718.53,3,0.162671,0,0.0451743,-0.0385238,0.00549134,-0.0101559,0.0114895,6286.08,-29.1119,-187.291,8.32727e-05,0.0363577,-70.8858,2882.98,-13.3516,-85.8971,-0.00120874,-0.0080689,-69.1422,6144.02,-28.454,-183.059,0.00306682,0.0327886,-71.1169,3511.24,-16.2611,-104.616,0.00396063,0.0112446,-69.6715
2.819,170.385,-3.71699,21.9825,0.227503,0.723129,-4.00585,-0.197035,-0.0294492,0.00462105,3718.46,3,0.162955,0,0.0430781,-0.0373257,0.00655745,-0.0101747,0.011498,6256.29,-28.9234,-184.296,-0.000688229,0.0349658,-70.8609,2910.67,-13.4563,-85.7417,-0.000893259,-0.00909234,-69.163,6119.27,-28.2899,-180.26,0.00341751,0.0325505,-71.1065,3535.36,-16.3443,-104.144,0.00336667,0.0111353,-69.6855
2.829,170.602,-3.75053,21.9837,0.228522,1.30223,-3.88332,-0.193528,-0.0290857,0.004606,3718.59,3,0.163025,0,0.0409394,-0.0362137,0.00768497,-0.0101979,0.0115093,6225.4,-28.6865,-181.121,-0.000152316,0.0347348,-70.8547,2940.09,-13.5479,-85.5388,-0.00128664,-0.00935379,-69.1797,6094.4,-28.0829,-177.31,0.00327742,0.0324469,-71.094,3561.18,-16.4098,-103.609,0.00351554,0.0108689,-69.7017
2.839,170.819,-3.7844,21.9836,0.231117,0.713316,-3.30718,-0.187162,-0.0286903,0.00458377,3718.64,3,0.163145,0,0.0387603,-0.0351387,0.00876511,-0.010218,0.0115213,6194.74,-28.4071,-177.777,-0.000684646,0.0341401,-70.8357,2971.68,-13.6272,-85.2817,-0.00094961,-0.010556,-69.2015,6067.4,-27.8232,-174.123,0.00340553,0.0323161,-71.0795,3589.65,-16.461,-103.016,0.00338071,0.010496,-69.716
2.849,171.037,-3.81859,21.9847,0.230959,0.298487,-4.92475,-0.183688,-0.0282682,0.00455449,3718.7,3,0.162711,0,0.036543,-0.0342321,0.00987612,-0.0102404,0.0115355,6155.2,-28.0452,-174.043,0.000871458,0.0337452,-70.8325,3008.05,-13.7057,-85.0549,-0.00132094,-0.0112441,-69.2193,6039.39,-27.5175,-170.768,0.00333863,0.0321422,-71.0643,3618.24,-16.4859,-102.308,0.00345399,0.0102528,-69.7324
2.859,171.254,-3.85309,21.985,0.233531,0.212926,-3.02888,-0.176328,-0.0278032,0.00451799,3719.06,3,0.163014,0,0.0342896,-0.0328068,0.0110904,-0.0102666,0.0115511,6124.13,-27.6796,-170.314,-0.000168157,0.0323585,-70.8074,3038.33,-13.7325,-84.4969,-0.00117811,-0.0116206,-69.2437,6009.2,-27.1602,-167.118,0.00344198,0.032042,-71.0508,3649.3,-16.494,-101.488,0.00342059,0.00985587,-69.7497
2.869,171.471,-3.88787,21.9858,0.233551,1.0398,-3.43046,-0.171112,-0.0273124,0.00447401,3718.8,3,0.163288,0,0.0320023,-0.0316036,0.0122221,-0.0102911,0.0115639,6083.34,-27.2272,-166.192,-0.000640586,0.0320522,-70.7897,3073.13,-13.7544,-83.9552,-0.0012767,-0.0123751,-69.2649,5976.26,-26.748,-163.266,0.00348791,0.0315536,-71.0356,3682.48,-16.4817,-100.602,0.00331472,0.00953167,-69.768
2.879,171.688,-3.92293,21.9865,0.23398,0.595318,-4.01438,-0.165875,-0.0268035,0.00442391,3718.94,3,0.163071,0,0.0296835,-0.0311781,0.0132935,-0.0103202,0.0115789,6031.12,-26.6909,-161.694,0.000408956,0.0313875,-70.7926,3115.89,-13.7895,-83.5367,-0.00143109,-0.0127307,-69.2854,5943.15,-26.3016,-159.335,0.00346941,0.0312791,-71.0176,3716.46,-16.4473,-99.6377,0.00323733,0.0092088,-69.7876
2.889,171.905,-3.95827,21.9873,0.234072,0.604638,-3.6879,-0.159593,-0.0262448,0.00436527,3719.05,3,0.163056,0,0.0273354,-0.0295387,0.0145538,-0.0103521,0.0115926,5998.75,-26.1954,-157.472,-2.82695e-05,0.0308148,-70.759,3154.16,-13.7736,-82.7993,-0.00125351,-0.0140334,-69.3125,5908.5,-25.8013,-155.103,0.00346312,0.0309283,-71.0015,3752.22,-16.3852,-98.4989,0.00318596,0.00877678,-69.8062
2.899,172.122,-3.99385,21.9882,0.234184,0.693223,-3.29537,-0.153288,-0.0256667,0.00430077,3719.08,3,0.163066,0,0.0249603,-0.028887,0.0156735,-0.0103816,0.0116091,5949.74,-25.5971,-152.744,0.000189004,0.0301853,-70.7513,3196.1,-13.7503,-82.0513,-0.00142753,-0.0143313,-69.336,5872.28,-25.2638,-150.755,0.00348349,0.0306257,-70.9836,3789.44,-16.303,-97.2838,0.00310931,0.00836949,-69.8269
2.909,172.339,-4.02969,21.9892,0.2344,-0.396989,-2.95599,-0.146324,-0.0250504,0.00422843,3719.15,3,0.162501,0,0.0225605,-0.0276209,0.0169853,-0.0104147,0.0116251,5912.39,-25.0081,-148.138,0.000898131,0.0294648,-70.7259,3237.05,-13.692,-81.1064,-0.00109219,-0.0157361,-69.3635,5834.6,-24.6791,-146.19,0.00345671,0.0302734,-70.9663,3828.21,-16.1925,-95.9181,0.00296031,0.00793585,-69.848
2.919,172.556,-4.06575,21.9896,0.232838,0.594714,-3.04172,-0.140195,-0.0244048,0.00415011,3719.19,3,0.163046,0,0.0201385,-0.0263981,0.0181386,-0.0104481,0.0116403,5864.77,-24.3468,-143.157,-2.5933e-05,0.0289683,-70.7075,3279.78,-13.6156,-80.0584,-0.00145825,-0.0162163,-69.3888,5795.28,-24.0583,-141.461,0.00359911,0.0299383,-70.9469,3868.91,-16.0613,-94.439,0.00291709,0.00743776,-69.8692
2.929,172.773,-4.10202,21.9907,0.232344,0.583118,-3.0001,-0.133151,-0.0237299,0.00406518,3719.32,3,0.162919,0,0.0176966,-0.0254677,0.0193817,-0.0104832,0.0116559,5813.22,-23.6386,-137.973,7.18042e-06,0.0276504,-70.6905,3323.3,-13.5137,-78.8765,-0.00143183,-0.0166591,-69.4168,5754.47,-23.3997,-136.579,0.00359396,0.0294351,-70.9276,3910.48,-15.9014,-92.813,0.00289264,0.0069801,-69.8918
2.939,172.99,-4.1385,21.9917,0.230947,0.784249,-2.82137,-0.126411,-0.0230243,0.00397351,3719.4,3,0.162879,0,0.0152373,-0.0244674,0.0205731,-0.0105185,0.0116706,5761.24,-22.8986,-132.672,3.45558e-05,0.0274937,-70.6699,3371.21,-13.3992,-77.6336,-0.0014467,-0.017677,-69.4445,5712.76,-22.7059,-131.556,0.00360018,0.029029,-70.9073,3953.75,-15.7145,-91.0486,0.00282967,0.00644147,-69.9143
2.949,173.206,-4.17516,21.9926,0.229606,0.271145,-2.6601,-0.119086,-0.0222855,0.00387536,3719.43,3,0.162605,0,0.0127629,-0.0233154,0.0217558,-0.0105605,0.0116834,5711.83,-22.141,-127.312,0.000220677,0.0267018,-70.6474,3419.16,-13.2538,-76.2105,-0.00131993,-0.0184882,-69.4739,5669.59,-21.9773,-126.371,0.00361422,0.0285823,-70.8866,3998.5,-15.4995,-89.1234,0.00272133,0.00593233,-69.9378
2.959,173.423,-4.212,21.9925,0.227887,0.372873,-2.64196,-0.111674,-0.0215192,0.00377109,3719.52,3,0.163005,0,0.010276,-0.0223345,0.023059,-0.0105942,0.0116994,5659.66,-21.3482,-121.81,-0.000550664,0.0257556,-70.6212,3465.95,-13.0735,-74.596,-0.00173693,-0.0192102,-69.5017,5625.31,-21.2186,-121.071,0.0036793,0.0280999,-70.8662,4044.54,-15.256,-87.0488,0.00269345,0.00539045,-69.9625
2.969,173.64,-4.24899,21.9946,0.225619,0.284285,-2.61913,-0.10482,-0.020723,0.00366074,3719.64,3,0.16241,0,0.00777884,-0.0212757,0.0243264,-0.010633,0.0117127,5604.6,-20.5215,-116.161,0.000369395,0.0253233,-70.605,3516.8,-12.8769,-72.8892,-0.00140708,-0.0201375,-69.5338,5579.41,-20.4293,-115.639,0.00364477,0.0276198,-70.8449,4092.05,-14.9832,-84.8118,0.00252422,0.00483899,-69.9877
2.979,173.857,-4.28613,21.9958,0.223179,0.112046,-2.80975,-0.0973833,-0.019897,0.00354423,3719.75,3,0.1621,0,0.00527405,-0.0201258,0.025474,-0.0106774,0.0117256,5550.59,-19.6766,-110.455,0.000554032,0.0241983,-70.5794,3570.62,-12.6577,-71.0541,-0.00142749,-0.020526,-69.563,5532.08,-19.6109,-110.086,0.00362954,0.0270139,-70.8226,4140.84,-14.6791,-82.4012,0.00252213,0.0042642,-70.0115
2.989,174.074,-4.32339,21.9962,0.220921,0.279714,-2.5443,-0.0897798,-0.0190448,0.0034232,3719.81,3,0.162325,0,0.00276405,-0.0193265,0.026759,-0.0107194,0.0117337,5491.46,-18.8019,-104.596,0.000111524,0.0242179,-70.5607,3623.87,-12.4076,-69.0243,-0.00154817,-0.0220705,-69.5958,5484.47,-18.7779,-104.463,0.00371977,0.026603,-70.7998,4191.36,-14.3505,-79.8333,0.00242352,0.00363897,-70.037
2.999,174.291,-4.36077,21.9976,0.217975,-0.0211722,-2.43538,-0.0823843,-0.0181628,0.00329562,3719.97,3,0.161955,0,0.000251327,-0.0181545,0.0279928,-0.0107515,0.0117479,5438,-17.9246,-98.7803,0.000528077,0.023484,-70.534,3678.71,-12.1257,-66.823,-0.00150268,-0.0226739,-69.6269,5435.14,-17.9152,-98.7283,0.00372846,0.026026,-70.777,4243.1,-13.986,-77.0751,0.00229021,0.00299973,-70.0625
3.009,174.507,-4.39824,21.9991,0.215401,0.93752,-2.00163,-0.0745498,-0.0172551,0.00316358,3719.87,3,0.162066,0,-0.00226165,-0.0171616,0.0292627,-0.0107958,0.0117541,5378.27,-17.0172,-92.8119,6.48652e-05,0.0226675,-70.5105,3732.48,-11.8098,-64.4107,-0.00146017,-0.0236776,-69.6606,5385.39,-17.0397,-92.9347,0.00376598,0.0254783,-70.7539,4295,-13.5896,-74.118,0.00222216,0.00242476,-70.0876
3.019,174.724,-4.4358,21.9997,0.212279,0.403357,-1.66947,-0.0667742,-0.0163222,0.00302641,3719.94,3,0.161924,0,-0.00477239,-0.0161583,0.030476,-0.0108351,0.0117601,5318.96,-16.0995,-86.8249,0.000139252,0.0220918,-70.4847,3791.01,-11.4747,-61.8832,-0.00170853,-0.0242903,-69.6909,5334.54,-16.1467,-87.0794,0.00377715,0.0249202,-70.7305,4348.45,-13.162,-70.9828,0.00213398,0.00179798,-70.1131
3.029,174.941,-4.47343,22.0015,0.209209,1.26231,-1.64076,-0.0589899,-0.0153642,0.00288471,3720.04,3,0.161819,0,-0.00727842,-0.0152329,0.0317003,-0.0108776,0.0117648,5256.64,-15.1657,-80.7703,-2.47649e-05,0.0215793,-70.4599,3848.44,-11.103,-59.1328,-0.00152174,-0.0256094,-69.7261,5282.8,-15.2412,-81.1722,0.00384769,0.0243408,-70.7072,4403.21,-12.7035,-67.657,0.00198991,0.00117133,-70.1369
3.039,175.158,-4.5111,22.002,0.205623,-0.00904382,-1.54772,-0.051324,-0.0143819,0.00273851,3720.03,3,0.161404,0,-0.00977726,-0.0142568,0.0328568,-0.0109229,0.0117657,5196.66,-14.2326,-74.7431,0.000386218,0.0210335,-70.4344,3908.7,-10.7052,-56.2184,-0.00144277,-0.026225,-69.7586,5230.67,-14.3258,-75.2322,0.00384469,0.0237792,-70.6829,4459.19,-12.2129,-64.1361,0.00185165,0.000546244,-70.1619
3.049,175.374,-4.54882,22.0028,0.202115,0.0110727,-1.38146,-0.0436967,-0.0133744,0.00258877,3720.05,3,0.161401,0,-0.0122665,-0.0132761,0.0341824,-0.0109681,0.0117632,5133.46,-13.2906,-68.6612,0.000236245,0.0200304,-70.4083,3964.16,-10.2632,-53.0215,-0.00172006,-0.0267461,-69.7933,5177.56,-13.4047,-69.2511,0.00383393,0.0231558,-70.6592,4516.98,-11.6945,-60.4156,0.00177234,-4.58323e-05,-70.1874
3.059,175.591,-4.58655,22.0046,0.198731,0.599048,-1.17319,-0.0360192,-0.012345,0.00243513,3720.13,3,0.161243,0,-0.0147436,-0.0123525,0.0353646,-0.011007,0.0117661,5070.54,-12.3484,-62.5992,0.000249483,0.0198961,-70.3828,4026.46,-9.80571,-49.7092,-0.00149714,-0.0281328,-69.8275,5123.7,-12.4778,-63.2554,0.00385171,0.0225761,-70.6344,4577.06,-11.1466,-56.5068,0.00165664,-0.000705287,-70.2163
3.069,175.808,-4.62428,22.0051,0.195623,0.417449,-0.791386,-0.0281988,-0.0112926,0.00227928,3720.33,3,0.161311,0,-0.0172061,-0.0114288,0.0365749,-0.0110537,0.0117559,5004.32,-11.407,-56.5142,-1.30904e-05,0.0190234,-70.3565,4088.13,-9.3186,-46.1675,-0.00160906,-0.0288375,-69.8614,5069.61,-11.5558,-57.2515,0.00388601,0.0219882,-70.609,4638.6,-10.5734,-52.3841,0.00172137,-0.00127748,-70.2496
3.079,176.025,-4.66202,22.0054,0.191446,0.481244,-0.527608,-0.0212659,-0.0102147,0.00212124,3720.57,3,0.161531,0,-0.0196517,-0.0104522,0.0379784,-0.0110999,0.0117478,4939.66,-10.4788,-50.4591,-5.27359e-05,0.0186001,-70.3268,4146.55,-8.79628,-42.3573,-0.00233286,-0.0293494,-69.8944,5014.64,-10.6378,-51.225,0.00384773,0.0214112,-70.5838,4700.31,-9.97101,-48.0141,0.00180699,-0.00189593,-70.2865
3.089,176.242,-4.69971,22.0075,0.188836,0.171812,-0.67012,-0.0125766,-0.00912954,0.00195987,3720.84,3,0.160837,0,-0.0220778,-0.0097962,0.0385049,-0.0111404,0.0117384,4871.17,-9.54728,-44.4728,0.000300942,0.0180369,-70.3051,4221.67,-8.27429,-38.543,-0.00107656,-0.0305133,-69.9271,4958.37,-9.71818,-45.2689,0.00390014,0.0207136,-70.558,4761.96,-9.33323,-43.4757,0.00175534,-0.0024674,-70.3232
3.099,176.459,-4.73738,22.0074,0.184583,-0.123897,0.0163812,-0.00576874,-0.00800775,0.00179944,3721.01,3,0.161122,0,-0.0244822,-0.00858896,0.0406858,-0.011187,0.0117202,4810.99,-8.6574,-38.526,0.000275354,0.0172627,-70.2722,4266.95,-7.6784,-34.1694,-0.00191574,-0.0315211,-69.9692,4902.06,-8.82127,-39.2553,0.00391021,0.0202149,-70.5336,4821.54,-8.67637,-38.6105,0.00192496,-0.00305707,-70.3585
3.109,176.676,-4.77496,22.0091,0.181902,0.124627,-0.878484,0.00323857,-0.00690501,0.00163502,3721.72,3,0.160773,0,-0.0268624,-0.00816678,0.0405179,-0.0112261,0.0117076,4732.72,-7.73827,-32.68,4.60177e-05,0.0178941,-70.2502,4358.62,-7.1266,-30.0968,-0.00105183,-0.0337408,-69.99,4844.59,-7.92118,-33.4525,0.00406184,0.019653,-70.5076,4879.41,-7.97811,-33.6929,0.0018149,-0.00392643,-70.3958
3.119,176.892,-4.81252,22.0096,0.175926,0.392943,-0.296395,0.00858198,-0.00576419,0.00147532,3721.66,3,0.161075,0,-0.0292161,-0.00688679,0.04297,-0.0112661,0.0116903,4653.82,-6.866,-26.8258,0.000516149,0.0164985,-70.2134,4395.99,-6.48561,-25.3396,-0.00223299,-0.033264,-70.0369,4789.28,-7.06585,-27.6066,0.00390901,0.0190044,-70.4841,4932.94,-7.2778,-28.4347,0.00191205,-0.00435614,-70.4285
3.129,177.109,-4.84995,22.0111,0.174356,-0.750697,0.620047,0.0181455,-0.00465506,0.00131442,3721.95,3,0.160411,0,-0.031541,-0.00654857,0.042752,-0.0113049,0.0116674,4548.35,-5.9785,-21.173,0.000208921,0.0155135,-70.1851,4479.03,-5.88737,-20.8503,-0.000696634,-0.0335927,-70.0597,4735.1,-6.22396,-22.0424,0.00418573,0.018639,-70.454,4984.8,-6.55217,-23.2047,0.00200439,-0.00505723,-70.4586
3.139,177.326,-4.88733,22.0115,0.167664,0.0867511,0.329672,0.0233388,-0.00352319,0.00115987,3722.2,3,0.160881,0,-0.0338348,-0.00529561,0.0448221,-0.0113449,0.0116416,4444.67,-5.15526,-15.6595,0.000664551,0.0154132,-70.1444,4518.85,-5.2413,-15.9208,-0.00234319,-0.0340064,-70.0973,4681.31,-5.42973,-16.4932,0.0039293,0.0177916,-70.4351,5034.04,-5.83885,-17.7359,0.00203993,-0.00558429,-70.4954
3.149,177.543,-4.92456,22.0135,0.164287,-0.272827,-0.127391,0.0324253,-0.00241592,0.00100804,3722.36,3,0.160239,0,-0.0360951,-0.00469149,0.0453513,-0.0113781,0.0116075,4333.14,-4.36799,-10.4686,0.000775002,0.0145788,-70.108,4583.96,-4.62081,-11.0745,-0.000956428,-0.0352114,-70.129,4629.87,-4.66709,-11.1854,0.00395109,0.0171302,-70.4101,5082.71,-5.12358,-12.2795,0.00189738,-0.00621982,-70.5267
3.159,177.76,-4.96168,22.0134,0.158263,-0.108163,1.38924,0.0371173,-0.00130778,0.000863979,3722.27,3,0.16086,0,-0.0383199,-0.00357855,0.0470006,-0.0114193,0.0115827,4230.09,-3.65472,-5.53203,0.00125119,0.0144044,-70.0722,4631.51,-4.00153,-6.05699,-0.00333213,-0.0342569,-70.1543,4582.37,-3.95908,-5.99273,0.00373993,0.0165215,-70.3874,5127.41,-4.42998,-6.70552,0.00211092,-0.00675953,-70.5608
3.169,177.977,-4.99864,22.0155,0.157492,0.0780272,0.853888,0.0493424,-0.00022632,0.000726522,3722.7,3,0.160385,0,-0.0405068,-0.00315463,0.0472802,-0.0114554,0.0115467,4130.38,-3.00081,-0.934789,-6.19672e-05,0.0134169,-70.0303,4700.1,-3.41473,-1.06373,-0.000678447,-0.0377656,-70.1968,4535.53,-3.29516,-1.02648,0.00404278,0.0157837,-70.3626,5173.45,-3.75863,-1.17086,0.00192159,-0.00750899,-70.5878
3.179,178.194,-5.03545,22.0163,0.15007,-0.199171,1.0693,0.0537874,0.000846912,0.000599994,3722.83,3,0.160327,0,-0.0426537,-0.0020477,0.048823,-0.0114851,0.011514,4047.7,-2.4286,3.42805,0.000943975,0.0133642,-69.9949,4756.44,-2.85384,4.02829,-0.00208697,-0.0368721,-70.2248,4493.54,-2.6961,3.80563,0.00393673,0.0151793,-70.3402,5215.4,-3.12921,4.41699,0.0020485,-0.00807047,-70.6202
3.189,178.412,-5.07208,22.0176,0.146664,0.528883,0.725137,0.0629738,0.00188945,0.000484174,3723.01,3,0.160467,0,-0.0447586,-0.00144494,0.0494878,-0.0115099,0.0114812,3966.77,-1.92061,7.49502,0.000104823,0.0124024,-69.9583,4825.24,-2.33626,9.11705,-0.00148485,-0.0386062,-70.2581,4452.1,-2.1556,8.41202,0.00401825,0.0144667,-70.317,5257.2,-2.54541,9.93322,0.00204246,-0.00875603,-70.6494
3.199,178.629,-5.10853,22.0185,0.140221,-0.275279,-0.189097,0.0692264,0.00291506,0.000381414,3723.09,3,0.160079,0,-0.0468193,-0.000572662,0.0507162,-0.0115423,0.0114393,3897.62,-1.48661,11.3618,0.000993295,0.0127099,-69.9246,4890.08,-1.86515,14.2549,-0.00166695,-0.0398223,-70.2912,4413.99,-1.68356,12.8671,0.00403634,0.0138209,-70.2936,5296.26,-2.02008,15.439,0.00200016,-0.00939841,-70.6783
3.209,178.846,-5.14476,22.02,0.134392,-2.55367,0.070922,0.0760173,0.00390524,0.000291174,3723.26,3,0.158967,0,-0.0488337,-2.7904e-05,0.0512693,-0.0115682,0.0114038,3825.9,-1.11401,14.9411,0.00160554,0.0121319,-69.8951,4965.4,-1.44581,19.3912,3.68625e-05,-0.0387633,-70.322,4377.01,-1.27448,17.0934,0.00376242,0.0130838,-70.2713,5333.65,-1.55303,20.8293,0.00194489,-0.0100058,-70.707
3.219,179.063,-5.18079,22.0208,0.131075,-0.119051,1.22799,0.0855843,0.00487782,0.000216384,3723.34,3,0.160106,0,-0.0508,0.000821637,0.0522221,-0.0115911,0.0113598,3763.31,-0.814332,18.3569,0.000347717,0.01098,-69.857,5022.65,-1.08684,24.4998,-0.000978539,-0.0405118,-70.3593,4341.75,-0.939498,21.1784,0.00396672,0.0124046,-70.2484,5369.01,-1.16178,26.1893,0.00202895,-0.0106843,-70.7346
3.229,179.281,-5.21658,22.0212,0.125176,-0.429312,1.7296,0.0923631,0.005824,0.000155024,3723.6,3,0.160246,0,-0.0527162,0.00163696,0.0532403,-0.0116153,0.0113161,3704.28,-0.574264,21.574,0.000630548,0.0106296,-69.8249,5084.31,-0.788205,29.6114,-0.00159166,-0.0407633,-70.3876,4308.1,-0.667872,25.0907,0.00400654,0.0117176,-70.2259,5403.08,-0.837624,31.4679,0.00213157,-0.0113149,-70.7621
3.239,179.498,-5.25213,22.0222,0.11854,-0.558502,0.623328,0.0993203,0.00673383,0.000107548,3723.38,3,0.160095,0,-0.0545803,0.00219728,0.0537276,-0.0116442,0.0112617,3642.34,-0.391734,24.5273,0.000648303,0.0101615,-69.7955,5154.56,-0.554374,34.7105,-0.00160259,-0.0413221,-70.4158,4274.39,-0.459711,28.7834,0.00412699,0.0110228,-70.2029,5435.37,-0.584574,36.6014,0.00214704,-0.0119754,-70.7894
3.249,179.715,-5.28743,22.0232,0.113354,-0.303634,2.08283,0.106936,0.00763718,7.40635e-05,3723.54,3,0.160302,0,-0.0563905,0.0032474,0.0550952,-0.0116551,0.0112295,3593.41,-0.266148,27.4441,0.000665127,0.00941765,-69.7602,5205.67,-0.385562,39.7575,-0.00174497,-0.042118,-70.4545,4242.15,-0.314198,32.3987,0.00390415,0.0103256,-70.1817,5466.4,-0.404873,41.7487,0.00214127,-0.0126243,-70.8152
3.259,179.933,-5.32244,22.0234,0.107043,-0.317286,2.15758,0.113648,0.00849967,5.30597e-05,3723.61,3,0.160611,0,-0.0581452,0.00372564,0.0553338,-0.011671,0.0111869,3536.73,-0.187664,30.0617,0.000698852,0.00917898,-69.7338,5278.91,-0.280108,44.8701,-0.00231023,-0.0419565,-70.4734,4209.5,-0.223363,35.7803,0.00394563,0.0096031,-70.1589,5497.8,-0.291723,46.7307,0.00217371,-0.0132807,-70.8421
3.269,180.15,-5.35717,22.0252,0.101524,-0.46808,1.89191,0.121952,0.00934083,4.49332e-05,3723.67,3,0.160157,0,-0.0598424,0.00425236,0.0557133,-0.0116869,0.0111439,3484.59,-0.15658,32.5499,0.000422753,0.00862364,-69.7047,5348.11,-0.240318,49.9573,-0.000924632,-0.0432246,-70.5115,4177.42,-0.187713,39.0217,0.00388902,0.00885548,-70.1368,5528.77,-0.248436,51.6448,0.00209014,-0.0139698,-70.8669
3.279,180.368,-5.39162,22.0256,0.0944562,0.133094,2.22616,0.128164,0.0101739,5.01214e-05,3723.65,3,0.160682,0,-0.0614806,0.00525315,0.056983,-0.0116983,0.0111015,3443.95,-0.172624,35.0395,0.00039766,0.00777163,-69.6724,5399.48,-0.270644,54.9355,-0.00194254,-0.0437634,-70.5449,4145.93,-0.20781,42.1816,0.00387568,0.00814358,-70.115,5558.74,-0.278626,56.5559,0.00219477,-0.0145673,-70.8917
3.289,180.585,-5.42574,22.0261,0.09129,-0.34939,3.94645,0.137885,0.0109725,6.56359e-05,3723.77,3,0.160775,0,-0.063058,0.00565594,0.0571356,-0.0117235,0.0110508,3395.17,-0.222858,37.2551,5.21297e-06,0.00714003,-69.6471,5470.55,-0.359086,60.0283,-0.00155041,-0.0452246,-70.5715,4113.44,-0.270006,45.1367,0.00393719,0.00745765,-70.0928,5590.51,-0.36696,61.3445,0.00226534,-0.0152248,-70.9172
3.299,180.803,-5.45956,22.0269,0.0806164,-0.732071,5.20549,0.140956,0.0117663,9.1647e-05,3723.74,3,0.160766,0,-0.0645733,0.00653029,0.0580415,-0.011719,0.0110171,3358.5,-0.307818,39.5189,0.00114414,0.00738889,-69.6224,5528.47,-0.506703,65.0525,-0.0026785,-0.0419183,-70.5975,4081.66,-0.374098,48.0282,0.00374976,0.00667252,-70.0704,5620.25,-0.515115,66.1325,0.00212051,-0.0159781,-70.9424
3.309,181.021,-5.49304,22.0283,0.0764768,0.324612,3.78009,0.150791,0.0125398,0.000126984,3723.71,3,0.160843,0,-0.0660249,0.00692838,0.0582688,-0.0117225,0.0109766,3317.39,-0.421287,41.6015,-0.000241732,0.00579428,-69.5913,5596.55,-0.710726,70.1832,-0.000930859,-0.0451979,-70.6385,4049.54,-0.514265,50.783,0.00382172,0.00599572,-70.0482,5651.41,-0.717694,70.8712,0.00214405,-0.0166414,-70.9642
3.319,181.239,-5.52618,22.0279,0.0665087,-0.751753,3.36965,0.153856,0.0133067,0.000171402,3723.68,3,0.160913,0,-0.0674112,0.00782176,0.0591908,-0.0117418,0.0109272,3282.65,-0.562703,43.6839,0.000822189,0.00625044,-69.5703,5658.18,-0.969909,75.2962,-0.00250025,-0.0441343,-70.6587,4017.16,-0.688611,53.4584,0.00372532,0.00506508,-70.0252,5681.88,-0.973973,75.6117,0.00229209,-0.0173735,-70.9896
3.329,181.456,-5.55894,22.0289,0.0616317,0.0787198,2.67304,0.162704,0.0140535,0.000222251,3723.75,3,0.161136,0,-0.0687311,0.00812907,0.0592978,-0.0117478,0.0108846,3240.01,-0.720168,45.5366,-9.48181e-05,0.00532341,-69.5443,5727.93,-1.27316,80.5029,-0.00139161,-0.0468404,-70.6901,3983.62,-0.885451,55.9875,0.0038465,0.00456019,-70.0029,5714.33,-1.27014,80.3117,0.00211855,-0.0179028,-71.0127
3.339,181.674,-5.59135,22.0293,0.0524627,0.135823,0.371214,0.166473,0.0147897,0.00027926,3723.62,3,0.161166,0,-0.0699831,0.00872472,0.059629,-0.0117544,0.0108419,3199.67,-0.893638,47.3255,0.000703431,0.00562151,-69.5259,5797.14,-1.61909,85.7441,-0.00216695,-0.0481902,-70.7123,3952.36,-1.10386,58.4584,0.0036759,0.00397838,-69.9775,5744.58,-1.60441,84.9666,0.00229718,-0.0184402,-71.0377
3.349,181.892,-5.62339,22.0298,0.0479471,-0.720482,5.13022,0.175488,0.0155316,0.000341978,3723.61,3,0.161271,0,-0.0711661,0.00939489,0.0603914,-0.011761,0.0107981,3167.68,-1.0834,49.203,-0.000143368,0.00384198,-69.4941,5843.26,-1.9985,90.7623,-0.0012478,-0.0462627,-70.7591,3917.69,-1.33992,60.8529,0.00361514,0.00317186,-69.9552,5777.48,-1.97601,89.7407,0.00228188,-0.0192366,-71.0572
3.359,182.11,-5.655,22.0323,0.0377593,1.88067,-0.544161,0.178118,0.016234,0.000406362,3723.55,3,0.161234,0,-0.0722788,0.00930054,0.0596172,-0.0117945,0.0107546,3115.54,-1.2662,50.5821,8.05924e-05,0.00500243,-69.4855,5933.07,-2.41129,96.326,-0.000873282,-0.0482708,-70.7663,3886.16,-1.57939,63.0934,0.00363481,0.00239671,-69.9279,5807.44,-2.36023,94.2862,0.00219809,-0.019856,-71.0816
3.369,182.328,-5.68629,22.0305,0.0325264,-0.493005,4.0689,0.186661,0.0169839,0.000476092,3723.51,3,0.161651,0,-0.0733202,0.0109001,0.0617275,-0.0117709,0.010711,3106.19,-1.47904,52.7602,-0.000599427,0.00291794,-69.4391,5951.76,-2.83399,101.094,-0.000992825,-0.0484903,-70.8251,3850.14,-1.83328,65.3967,0.00348151,0.00177994,-69.9088,5840.66,-2.78109,99.2066,0.00225425,-0.020452,-71.1004
3.379,182.547,-5.7171,22.0312,0.0220712,-0.889839,3.72155,0.187361,0.0176758,0.000544379,3723.42,3,0.161505,0,-0.0742892,0.0106418,0.0611796,-0.0117701,0.0106709,3047.67,-1.65935,53.8755,0.001573,0.00439924,-69.4472,6033.65,-3.28511,106.66,-0.00284405,-0.0456363,-70.8192,3815.13,-2.0772,67.4422,0.00323612,0.00115476,-69.8775,5872.65,-3.19745,103.814,0.00257567,-0.0210405,-71.1239
3.389,182.765,-5.74752,22.0313,0.0179507,-0.444255,2.29695,0.196871,0.0183838,0.000614096,3723.39,3,0.161855,0,-0.075185,0.0111481,0.0612313,-0.0117909,0.0106098,3015.1,-1.85187,55.4352,-0.000498313,0.00218119,-69.4099,6090.65,-3.74087,111.982,-0.00092873,-0.0488043,-70.8633,3778.94,-2.32103,69.4791,0.00335671,0.00044527,-69.8589,5905.56,-3.62719,108.579,0.0022496,-0.0216639,-71.1452
3.399,182.983,-5.7775,22.0317,0.00846546,-0.996769,3.25049,0.198316,0.0190771,0.000682617,3723.35,3,0.161816,0,-0.0760065,0.0113242,0.0614093,-0.0117738,0.0105827,2967.65,-2.02614,56.6209,0.00101601,0.00335506,-69.4044,6149.74,-4.19868,117.333,-0.00221027,-0.0468065,-70.8776,3745.25,-2.55704,71.457,0.00306564,-0.000139919,-69.8359,5935.09,-4.05213,113.238,0.00242835,-0.0221579,-71.1673
3.409,183.201,-5.80705,22.0322,0.00493435,-0.609459,5.10883,0.207125,0.0197778,0.000751294,3723.33,3,0.162166,0,-0.076753,0.0118275,0.0617748,-0.0117723,0.0105382,2938.8,-2.20833,58.1307,-0.000162412,0.00177608,-69.3724,6182.11,-4.64549,122.285,-0.00100804,-0.0481031,-70.9148,3708.07,-2.78639,73.3471,0.00336216,-0.000807694,-69.8194,5965.84,-4.48298,118.007,0.00230969,-0.0228398,-71.1837
3.419,183.42,-5.83615,22.033,-0.00110242,-0.133465,9.79741,0.211178,0.0204554,0.000818878,3723.31,3,0.162638,0,-0.0774238,0.0119225,0.061753,-0.0117676,0.0104957,2892.22,-2.36887,59.1699,0.000456554,0.00170437,-69.3631,6211.23,-5.08731,127.071,-0.00212866,-0.0449941,-70.9241,3671.28,-3.00696,75.1081,0.00294823,-0.00168241,-69.8071,5995.79,-4.91085,122.664,0.00235329,-0.0230253,-71.2066
3.429,183.638,-5.86482,22.0338,-0.00890729,0.405197,5.69781,0.216093,0.0211363,0.000885725,3723.61,3,0.162561,0,-0.0780181,0.0122539,0.0618571,-0.0117598,0.0104607,2859.94,-2.53369,60.4577,-0.000227194,0.00085656,-69.3366,6234.92,-5.52366,131.803,-0.000788219,-0.0480839,-70.9585,3638.19,-3.22316,76.9095,0.00327066,-0.00204947,-69.7943,6025.8,-5.3384,127.382,0.00235628,-0.0237806,-71.2202
3.439,183.857,-5.89302,22.0327,-0.0205088,-0.68944,3.71167,0.215141,0.0217895,0.000951805,3723.81,3,0.162743,0,-0.0785355,0.0123445,0.0614972,-0.0117819,0.0103975,2817.21,-2.68207,61.3954,0.000888676,0.00218432,-69.3287,6263.96,-5.96349,136.51,-0.00214695,-0.0462133,-70.9563,3605.43,-3.43248,78.5731,0.00322904,-0.00266497,-69.7866,6054.68,-5.76424,131.95,0.00237776,-0.024352,-71.2406
3.449,184.075,-5.92078,22.0332,-0.0242851,-0.693893,4.11571,0.222214,0.0224512,0.00101756,3724.13,3,0.162846,0,-0.0789754,0.0126052,0.0618424,-0.011764,0.010361,2786.91,-2.83657,62.5799,6.869e-05,0.00117148,-69.3031,6275.5,-6.38731,140.916,-0.000853253,-0.0493478,-70.9868,3577.01,-3.64074,80.3215,0.003647,-0.00304118,-69.7778,6082.18,-6.19055,136.575,0.0022733,-0.024799,-71.2529
3.459,184.294,-5.94807,22.0341,-0.0348864,-1.04952,3.04745,0.222613,0.0230769,0.00108292,3724.17,3,0.16256,0,-0.0793373,0.0124772,0.0615525,-0.0118042,0.0102853,2747.65,-2.97627,63.4185,0.000583839,0.00173883,-69.2923,6302.57,-6.82698,145.47,-0.000679849,-0.0472496,-70.9933,3548.25,-3.84349,81.8973,0.00369643,-0.00358359,-69.7707,6109.75,-6.61812,141.019,0.00232777,-0.0254629,-71.2678
3.469,184.513,-5.97489,22.0332,-0.0364896,-1.00683,8.1922,0.230608,0.023704,0.00114983,3724.6,3,0.163547,0,-0.0796209,0.0127852,0.0617317,-0.0117584,0.0102706,2720.01,-3.12843,64.4873,-0.00013165,6.73855e-05,-69.2712,6313.49,-7.26149,149.683,-0.00103541,-0.0470982,-71.015,3523.73,-4.05284,83.5423,0.00363634,-0.00431193,-69.7654,6136.18,-7.05755,145.479,0.00246463,-0.0258853,-71.2823
3.479,184.731,-6.00125,22.0334,-0.0485305,0.469366,1.52229,0.228279,0.0243026,0.00121717,3724.74,3,0.164002,0,-0.079826,0.0128146,0.0614884,-0.0117432,0.0102366,2691.06,-3.27645,65.4127,0.00102814,0.00143196,-69.2656,6344.35,-7.72446,154.215,-0.00248599,-0.0500654,-71.0121,3504.33,-4.26663,85.1811,0.00356314,-0.00458639,-69.7632,6158.7,-7.49842,149.702,0.00245177,-0.0261074,-71.3017
3.489,184.95,-6.02714,22.0334,-0.0529796,-0.711757,3.58682,0.23484,0.024882,0.00128711,3725.05,3,0.16395,0,-0.0799522,0.0126102,0.0610956,-0.0117491,0.0101892,2666.54,-3.4332,66.3626,-0.000522639,-3.34041e-05,-69.2433,6366.12,-8.19644,158.434,-0.00021454,-0.0493212,-71.0407,3482.73,-4.48405,86.6751,0.00386597,-0.00530392,-69.7564,6182.64,-7.96021,153.868,0.00239749,-0.0267332,-71.3096
3.499,185.169,-6.05254,22.0339,-0.0628351,-0.0710206,3.6023,0.233955,0.0254323,0.00135794,3725.31,3,0.164295,0,-0.0799996,0.0125438,0.0606392,-0.0117297,0.0101517,2639.62,-3.5856,67.1461,0.000820961,0.00120811,-69.2424,6398.88,-8.69208,162.773,-0.00190682,-0.0476322,-71.0339,3466.78,-4.70919,88.1871,0.00362873,-0.00573693,-69.752,6201.71,-8.42426,157.758,0.00266799,-0.0271111,-71.3253
3.509,185.388,-6.07749,22.0336,-0.0662715,-0.82702,5.38962,0.240618,0.025982,0.00143339,3725.28,3,0.16451,0,-0.079968,0.0126449,0.0612091,-0.0117288,0.0101087,2628.97,-3.76961,68.3211,-0.000693506,-0.000593127,-69.2147,6399.24,-9.17572,166.302,-3.35628e-05,-0.0491296,-71.0738,3448.41,-4.9446,89.6167,0.00402073,-0.00627498,-69.7493,6221.31,-8.92059,161.678,0.00247925,-0.0276308,-71.3322
3.519,185.607,-6.10193,22.0331,-0.0770772,0.438777,-1.31348,0.237972,0.0264761,0.00150875,3725.61,3,0.165205,0,-0.0798575,0.0122327,0.0600285,-0.011718,0.0100723,2601.94,-3.92707,68.9054,0.000896535,0.00130166,-69.221,6441.71,-9.72237,170.591,-0.00248948,-0.0527271,-71.0524,3436.04,-5.18596,90.9941,0.00394296,-0.00639679,-69.7438,6236,-9.41189,165.143,0.00280756,-0.027724,-71.3463
3.529,185.826,-6.12593,22.0341,-0.0815624,-0.173653,4.80664,0.243675,0.0269723,0.0015886,3725.89,3,0.16516,0,-0.0796682,0.0123967,0.0602547,-0.0117084,0.0100363,2596.78,-4.12675,70.0581,-0.00044575,-0.000553013,-69.1955,6438.82,-10.2324,173.712,-0.000700812,-0.0485325,-71.0877,3418.66,-5.43286,92.2314,0.00407064,-0.00720134,-69.7438,6252.35,-9.9361,168.681,0.00257431,-0.028415,-71.3544
3.539,186.045,-6.14943,22.0346,-0.0890467,-1.00319,5.02364,0.244917,0.027435,0.00166993,3726.09,3,0.16491,0,-0.0794003,0.0122931,0.0601018,-0.0117144,0.00999813,2584.32,-4.31725,70.9187,-0.000233538,-0.000222839,-69.1884,6453.62,-10.7811,177.1,0.000129035,-0.0482367,-71.0957,3404.35,-5.68716,93.4219,0.00409564,-0.00763372,-69.7405,6265.85,-10.4675,171.947,0.00258137,-0.0288061,-71.3629
3.549,186.264,-6.17241,22.0346,-0.0966457,0.561552,3.95235,0.246141,0.0278509,0.00175283,3726.28,3,0.165841,0,-0.079054,0.0114693,0.0588732,-0.0116958,0.00996583,2557.11,-4.48393,71.2362,-0.000313784,0.000190913,-69.1894,6486.54,-11.3742,180.703,-0.00124058,-0.0477483,-71.0851,3392.44,-5.9487,94.507,0.00387989,-0.00795982,-69.7392,6276.82,-11.0065,174.86,0.00252,-0.0292923,-71.3753
3.559,186.483,-6.19497,22.0342,-0.103256,-0.679156,5.88501,0.247002,0.0282724,0.0018397,3726.51,3,0.165863,0,-0.0786297,0.0119096,0.0594436,-0.0116888,0.00993065,2564.27,-4.71937,72.5173,3.79398e-05,-0.000395909,-69.1727,6477.24,-11.921,183.176,-0.00108381,-0.0472134,-71.113,3383,-6.2262,95.6711,0.0041635,-0.00843016,-69.737,6285.65,-11.5683,177.758,0.0027901,-0.0295438,-71.3786
3.569,186.703,-6.217,22.0345,-0.110732,0.289971,5.70172,0.247037,0.0286479,0.00192729,3726,3,0.166446,0,-0.0781278,0.0114836,0.0586949,-0.0116747,0.0099066,2555.48,-4.92716,73.2292,0.000484827,0.000140578,-69.1747,6488.37,-12.5101,185.929,-0.00220041,-0.046522,-71.1023,3373.57,-6.50452,96.6724,0.00417644,-0.00882624,-69.7354,6293.94,-12.1352,180.358,0.00284805,-0.0298101,-71.3876
3.579,186.922,-6.23855,22.0348,-0.116734,-0.465123,4.26036,0.249387,0.0289881,0.00201587,3726.79,3,0.166217,0,-0.0775488,0.0107983,0.0576756,-0.0116678,0.0098806,2544.86,-5.13227,73.7914,-0.000380853,4.98394e-05,-69.1689,6510.8,-13.1304,188.789,-0.000423646,-0.0474512,-71.1133,3365.37,-6.78701,97.5831,0.00431981,-0.00923928,-69.7359,6301.86,-12.7091,182.73,0.00275761,-0.0302382,-71.3939
3.589,187.141,-6.25963,22.0346,-0.126067,-0.655515,3.96613,0.247063,0.0293074,0.00210673,3726.93,3,0.166492,0,-0.0768932,0.0106593,0.0575245,-0.0116527,0.0098497,2547.9,-5.37006,74.6937,0.000313012,0.000849073,-69.165,6514.44,-13.7301,190.976,-0.00137336,-0.0464935,-71.1175,3360.76,-7.08328,98.5233,0.00426853,-0.00953497,-69.7334,6306.19,-13.2912,184.871,0.00285579,-0.0305192,-71.397
3.599,187.361,-6.28023,22.0349,-0.131589,-0.762854,3.68315,0.249216,0.0296005,0.00219814,3727.1,3,0.166594,0,-0.0761618,0.010218,0.0569728,-0.0116469,0.00983143,2550.83,-5.60954,75.5278,-0.00073484,0.000720351,-69.1573,6518.97,-14.3359,193.021,0.000363355,-0.0475616,-71.1341,3355.08,-7.37818,99.341,0.00427948,-0.00994109,-69.7341,6311.14,-13.8788,186.867,0.0027811,-0.0308908,-71.3999
3.609,187.58,-6.30033,22.0348,-0.135457,-0.454009,8.27648,0.251836,0.029858,0.0022901,3727.23,3,0.167269,0,-0.0753552,0.00969222,0.0560921,-0.0116436,0.00981398,2550.47,-5.84344,76.1745,-7.71465e-05,0.00113413,-69.161,6523.8,-14.9468,194.845,-0.00143038,-0.0448939,-71.1225,3347.76,-7.67013,99.9871,0.00428128,-0.0104629,-69.7348,6317.12,-14.4733,188.673,0.002627,-0.0313717,-71.4053
3.619,187.799,-6.31997,22.0349,-0.143884,-0.6177,5.06699,0.249729,0.0300955,0.0023826,3728.87,3,0.167323,0,-0.0744743,0.00942014,0.0557843,-0.0116361,0.00979462,2558,-6.09745,77.0076,-0.000192449,0.000546096,-69.156,6523.94,-15.551,196.401,-0.00124061,-0.0460908,-71.1359,3350.44,-7.98638,100.864,0.00441942,-0.0105044,-69.7361,6315.12,-15.0532,190.114,0.00301747,-0.0314339,-71.4068
3.629,188.019,-6.33911,22.0355,-0.151021,-0.52756,4.19488,0.248715,0.0302894,0.00247381,3727.64,3,0.167352,0,-0.0735198,0.00859968,0.0546006,-0.0116288,0.00977622,2554.98,-6.32343,77.4123,-0.000315813,0.00105313,-69.1617,6532.74,-16.1682,197.933,-0.000537801,-0.045599,-71.1318,3349.97,-8.291,101.5,0.00436201,-0.0107997,-69.7372,6314.48,-15.628,191.32,0.0028664,-0.0314756,-71.4094
3.639,188.238,-6.3578,22.035,-0.155701,-0.491344,5.23655,0.249947,0.0304759,0.00256606,3727.64,3,0.167895,0,-0.0724928,0.00844173,0.0546341,-0.0116317,0.00976141,2574.46,-6.60931,78.4832,-0.000568463,0.000566736,-69.1547,6520.13,-16.7389,198.768,-0.00095171,-0.0460594,-71.145,3349.93,-8.60014,102.124,0.00435375,-0.0110514,-69.7402,6314.64,-16.2113,192.504,0.00300001,-0.0319334,-71.4094
3.649,188.458,-6.376,22.0352,-0.161335,-1.07246,7.93406,0.249398,0.0306134,0.00265579,3727.08,3,0.167956,0,-0.0713943,0.0076961,0.053453,-0.0116335,0.00973446,2577.56,-6.84866,78.9323,-0.000161301,0.000870614,-69.1642,6522.05,-17.3293,199.724,-0.00137975,-0.0429608,-71.1335,3348.97,-8.89833,102.555,0.0042749,-0.0113424,-69.7432,6314.06,-16.7767,193.355,0.00313527,-0.0321683,-71.4117
3.659,188.678,-6.39373,22.036,-0.16846,-0.0288187,5.09609,0.247766,0.0307313,0.00274381,3727.81,3,0.168187,0,-0.0702253,0.00699382,0.0525073,-0.0116094,0.00975032,2586.83,-7.10113,79.5217,-0.000463055,0.00136567,-69.1643,6525.56,-17.9134,200.603,-0.00069853,-0.0443722,-71.1392,3353.64,-9.20611,103.094,0.00442088,-0.0114565,-69.7466,6308.83,-17.3184,193.94,0.00314087,-0.0324608,-71.4108
3.669,188.897,-6.41101,22.036,-0.173007,-0.828691,5.14373,0.248348,0.0308366,0.00283088,3728.09,3,0.168114,0,-0.068987,0.00654971,0.0522871,-0.011605,0.00974316,2604.37,-7.37617,80.3355,-0.00133801,0.000928219,-69.1603,6510.88,-18.4403,200.837,0.000723717,-0.0451776,-71.1581,3356.17,-9.50544,103.526,0.00438382,-0.0117599,-69.7516,6306.27,-17.8608,194.526,0.00295615,-0.0326121,-71.4083
3.679,189.117,-6.42781,22.0364,-0.180575,-0.381265,5.20034,0.244501,0.0308946,0.002914,3728.21,3,0.168395,0,-0.0676806,0.00585937,0.0511175,-0.0115957,0.00974251,2612.26,-7.61578,80.7303,-0.000243906,0.00193661,-69.1754,6515,-18.9938,201.342,-0.00120823,-0.0428773,-71.134,3360.76,-9.79794,103.862,0.00439896,-0.0119096,-69.7553,6300.74,-18.3692,194.721,0.00305524,-0.0327702,-71.4092
3.689,189.337,-6.44417,22.0365,-0.184457,-0.201101,4.96019,0.244492,0.0309358,0.00299559,3728.51,3,0.168695,0,-0.0663074,0.00510122,0.050473,-0.0115966,0.00974077,2627.44,-7.87452,81.3078,-0.000610213,0.00230182,-69.1784,6503.8,-19.4921,201.264,-0.00092421,-0.0441054,-71.1385,3365.31,-10.086,104.142,0.00443169,-0.0120343,-69.7608,6295.36,-18.8674,194.814,0.00310473,-0.0329945,-71.4065
3.699,189.557,-6.46006,22.0377,-0.190557,-0.0360956,4.74297,0.242256,0.0309484,0.00307247,3728.66,3,0.168484,0,-0.0648688,0.00438082,0.0494112,-0.0115942,0.00974064,2643.72,-8.12665,81.845,-0.000671164,0.00279086,-69.1848,6498.84,-19.9771,201.193,-3.16181e-05,-0.0433018,-71.1382,3373.71,-10.3706,104.444,0.00435173,-0.0121551,-69.7668,6286.72,-19.325,194.626,0.00307304,-0.0330858,-71.4033
3.709,189.776,-6.47552,22.0369,-0.197107,-0.573647,3.6783,0.238381,0.0309294,0.00314661,3728.64,3,0.168818,0,-0.0633661,0.0035512,0.0483849,-0.0115984,0.00974526,2658.49,-8.36928,82.2519,-0.000651112,0.00313915,-69.1938,6488.75,-20.4274,200.757,-0.000776804,-0.0421028,-71.1313,3382.03,-10.6471,104.638,0.00423245,-0.0122356,-69.7724,6278.08,-19.7642,194.239,0.00329138,-0.0332204,-71.3995
3.719,189.996,-6.49053,22.0378,-0.200373,-0.325434,4.98008,0.237999,0.0308954,0.00321646,3728.79,3,0.168839,0,-0.061801,0.00288499,0.0477899,-0.0115921,0.00974809,2680.84,-8.62695,82.8519,-0.000966968,0.00318164,-69.1988,6467.19,-20.8114,199.87,-1.85354e-05,-0.0421894,-71.1391,3390.96,-10.9121,104.798,0.00429741,-0.0123273,-69.7808,6268.19,-20.1711,193.72,0.00316886,-0.033278,-71.3948
3.729,190.216,-6.5051,22.0378,-0.205126,-0.269687,5.93757,0.234623,0.0308201,0.00328126,3729.02,3,0.169154,0,-0.0601748,0.00197759,0.0466763,-0.0115969,0.00975472,2693.04,-8.8408,83.0263,-0.00054053,0.00349188,-69.2136,6457.45,-21.1987,199.082,-0.00104084,-0.0406156,-71.1204,3399.65,-11.1605,104.811,0.00370783,-0.011998,-69.7893,6256.99,-20.5406,192.902,0.00321976,-0.0333183,-71.3906
3.739,190.436,-6.51927,22.0388,-0.209074,0.516879,5.54333,0.233582,0.0307429,0.00334257,3729.54,3,0.169259,0,-0.0584892,0.00151709,0.0465714,-0.011592,0.00976747,2725.82,-9.11559,83.826,-0.000906243,0.00368281,-69.2164,6423.78,-21.4822,197.548,-0.000485928,-0.0417163,-71.1376,3411.88,-11.4099,104.924,0.00419649,-0.0124762,-69.7977,6245.82,-20.887,192.075,0.00329292,-0.0332695,-71.3832
3.749,190.656,-6.53298,22.0386,-0.217161,-1.16807,0.829626,0.225917,0.0306046,0.00339618,3729.24,3,0.168754,0,-0.056746,0.000172049,0.0445139,-0.011603,0.009786,2733.1,-9.28647,83.6715,-0.000365145,0.00611001,-69.2396,6435.89,-21.8678,197.03,5.65493e-05,-0.0412633,-71.1015,3425.55,-11.6393,104.87,0.00421989,-0.0123214,-69.8043,6232.78,-21.1776,190.811,0.00325229,-0.0333956,-71.3805
3.759,190.876,-6.54631,22.0391,-0.217141,-0.217626,5.09647,0.226667,0.030465,0.00344692,3729.37,3,0.169331,0,-0.0549467,-0.000601835,0.0439947,-0.0115943,0.00978853,2759.28,-9.51546,84.0874,-0.00144211,0.00483875,-69.2432,6400.57,-22.0726,195.054,-4.03217e-05,-0.0401158,-71.1159,3438.89,-11.8591,104.798,0.00421227,-0.0123591,-69.8161,6218.14,-21.4435,189.494,0.00327977,-0.0334001,-71.3707
3.769,191.096,-6.55922,22.04,-0.222247,-0.0103416,4.71688,0.221729,0.0302912,0.00349064,3729.47,3,0.16923,0,-0.0530932,-0.0013071,0.0431685,-0.0115951,0.00980395,2786.51,-9.73121,84.4327,-0.00050051,0.00572326,-69.2603,6379.86,-22.2801,193.313,-0.000970426,-0.0390402,-71.1013,3454.72,-12.0648,104.68,0.00410574,-0.0122746,-69.8261,6202.04,-21.6591,187.925,0.00337689,-0.0333763,-71.3636
3.779,191.316,-6.57172,22.0401,-0.223309,-0.12122,4.86659,0.220095,0.0300783,0.00352876,3729.64,3,0.169382,0,-0.0511873,-0.00270761,0.0416315,-0.0116004,0.00981984,2800.52,-9.8869,84.2603,-0.0012519,0.00578985,-69.2766,6364.02,-22.4674,191.477,-0.000449514,-0.0392421,-71.0915,3471.02,-12.254,104.434,0.00407668,-0.012136,-69.8369,6185.17,-21.836,186.095,0.00347132,-0.0332925,-71.3553
3.789,191.536,-6.58386,22.0405,-0.229777,-0.580171,4.85891,0.212855,0.0298506,0.00356082,3729.87,3,0.169282,0,-0.0492309,-0.00327274,0.0409792,-0.0116057,0.00983885,2835.16,-10.1,84.6563,-0.00050514,0.00677467,-69.2909,6337.24,-22.5759,189.226,-0.00126243,-0.0366765,-71.084,3491.25,-12.4373,104.247,0.00393861,-0.0119477,-69.849,6164.83,-21.9617,184.078,0.00358247,-0.0332689,-71.3463
3.799,191.756,-6.5956,22.0419,-0.230734,-0.335082,4.63005,0.210902,0.029582,0.00358647,3729.99,3,0.169009,0,-0.0472259,-0.00465021,0.0395166,-0.0116081,0.00986026,2857.1,-10.2514,84.5433,-0.00128094,0.00710654,-69.3073,6311.69,-22.6467,186.766,0.000426802,-0.0371079,-71.079,3510.61,-12.5962,103.881,0.00403245,-0.0119758,-69.8615,6144.62,-22.0472,181.823,0.00329663,-0.033129,-71.3351
3.809,191.976,-6.607,22.0419,-0.235735,-0.245932,3.46454,0.203815,0.0292893,0.00360592,3730.12,3,0.169216,0,-0.0451743,-0.00550003,0.038771,-0.0116136,0.00988133,2889.73,-10.4246,84.6623,-0.000645939,0.00834564,-69.3264,6281.96,-22.6621,184.047,-0.000943969,-0.0362684,-71.0625,3534.42,-12.7504,103.55,0.00391033,-0.0117058,-69.8749,6121.29,-22.0824,179.34,0.00349119,-0.0330856,-71.3249
3.819,192.196,-6.61802,22.0427,-0.235812,-0.383258,4.4899,0.201801,0.0289664,0.00361903,3730.28,3,0.169075,0,-0.0430781,-0.0066116,0.037714,-0.0116213,0.00990472,2921.71,-10.5783,84.6553,-0.00136236,0.0084287,-69.3412,6247.12,-22.6181,181.007,0.000319331,-0.0363322,-71.0601,3556.46,-12.8764,103.047,0.00389223,-0.0116001,-69.8895,6098.38,-22.0796,176.698,0.00342813,-0.0329688,-71.3121
3.829,192.416,-6.62869,22.0439,-0.240161,-0.866114,2.80544,0.194697,0.0285986,0.00362413,3730.49,3,0.168564,0,-0.0409394,-0.00790977,0.0361124,-0.0116227,0.00993631,2947.56,-10.6868,84.3189,-0.000619521,0.0101866,-69.3663,6229.31,-22.5852,178.198,0.000267655,-0.0351828,-71.0342,3583.12,-12.9911,102.5,0.00387968,-0.0112699,-69.9037,6072.13,-22.0153,173.702,0.00342598,-0.0327698,-71.3009
3.839,192.637,-6.63906,22.0437,-0.240619,-0.0465975,4.44133,0.19053,0.0282244,0.00362497,3730.43,3,0.169243,0,-0.0387603,-0.0086043,0.0357571,-0.0116346,0.00995934,2988.89,-10.839,84.3821,-0.00114758,0.00972671,-69.3805,6177.44,-22.4021,174.401,-0.000785496,-0.0345007,-71.0364,3609.58,-13.0899,101.905,0.00373027,-0.0110664,-69.9213,6044.36,-21.9195,170.644,0.00359049,-0.0325727,-71.286
3.849,192.857,-6.64907,22.0451,-0.241416,-0.305435,4.24938,0.186034,0.0277979,0.00361734,3730.88,3,0.168772,0,-0.036543,-0.0100283,0.0341305,-0.0116438,0.00999279,3017.29,-10.9188,83.8957,-0.00125093,0.0106934,-69.4058,6149.56,-22.2537,170.989,0.00022123,-0.0340131,-71.0183,3637.22,-13.1622,101.133,0.0036736,-0.0107346,-69.9362,6016.63,-21.7727,167.293,0.00354698,-0.032467,-71.2725
3.859,193.077,-6.65879,22.0455,-0.244065,-0.194434,3.59192,0.178858,0.027355,0.00360366,3730.82,3,0.168842,0,-0.0342896,-0.0108802,0.0336236,-0.011651,0.010021,3058.5,-11.026,83.6861,-0.00102572,0.0113017,-69.4255,6106.17,-22.0129,167.076,-0.000718574,-0.0331649,-71.0035,3667.52,-13.2215,100.35,0.00357858,-0.0104841,-69.9536,5985.19,-21.5768,163.766,0.00363047,-0.0321134,-71.258
3.869,193.297,-6.66819,22.0469,-0.243736,-0.19626,3.683,0.174509,0.0268702,0.00358242,3731.05,3,0.168467,0,-0.0320023,-0.0122476,0.0321404,-0.011661,0.010055,3091.1,-11.0777,83.0784,-0.00134894,0.0119005,-69.4502,6074.92,-21.7709,163.274,0.00048594,-0.0327096,-70.9897,3697.56,-13.251,99.3779,0.00353816,-0.0101757,-69.9714,5954.93,-21.3408,160.049,0.0035424,-0.0319011,-71.2421
3.879,193.518,-6.67732,22.0468,-0.244804,-0.103432,3.9725,0.167557,0.0263637,0.0035551,3730.78,3,0.168801,0,-0.0296835,-0.0132268,0.0312444,-0.0116695,0.0100894,3131.17,-11.1355,82.5684,-0.00129608,0.0126328,-69.4732,6033.58,-21.4575,159.105,-0.000819855,-0.0315742,-70.9694,3731.01,-13.2687,98.3861,0.00342786,-0.0097048,-69.9903,5921.43,-21.0586,156.147,0.00371561,-0.0315292,-71.2268
3.889,193.738,-6.68616,22.0483,-0.244427,-0.153474,3.63195,0.162417,0.0258217,0.00352038,3731.44,3,0.168356,0,-0.0273354,-0.0145263,0.0300206,-0.0116787,0.0101256,3169.58,-11.1619,81.862,-0.00136291,0.0136289,-69.4989,5994.72,-21.1108,154.828,9.42028e-06,-0.0315251,-70.9573,3764.19,-13.2558,97.2192,0.00338601,-0.00943148,-70.0095,5888.28,-20.736,152.079,0.0036796,-0.0313529,-71.2093
3.899,193.958,-6.69475,22.0491,-0.244774,0.0259817,3.33351,0.155533,0.0252498,0.00347902,3731.47,3,0.168281,0,-0.0249603,-0.0156741,0.0289527,-0.0116891,0.0101626,3211.24,-11.1756,81.1005,-0.00129652,0.0140566,-69.5244,5952.28,-20.7148,150.326,-0.000398109,-0.0304056,-70.9385,3800.22,-13.2253,95.9754,0.00330755,-0.00899342,-70.0296,5852.14,-20.3663,147.797,0.00368595,-0.0309247,-71.192
3.909,194.179,-6.70308,22.0499,-0.244228,-0.0178688,3.36181,0.149138,0.0246484,0.00343104,3731.69,3,0.168156,0,-0.0225605,-0.0168715,0.0279886,-0.0116989,0.0102017,3254.37,-11.1693,80.2312,-0.00142755,0.0150759,-69.5507,5906.02,-20.27,145.603,-0.000291109,-0.0301404,-70.923,3837.58,-13.1709,94.6092,0.0032847,-0.00851621,-70.0504,5815.06,-19.9578,143.361,0.00370572,-0.0305703,-71.174
3.919,194.399,-6.71117,22.0516,-0.243564,-0.497753,3.27428,0.142819,0.0240108,0.00337562,3731.81,3,0.167452,0,-0.0201385,-0.0181001,0.0265394,-0.0117084,0.0102425,3297.39,-11.134,79.1884,-0.0013324,0.0158023,-69.5787,5865.21,-19.8045,140.856,0.000716686,-0.0289274,-70.9054,3876.52,-13.0895,93.0965,0.00312356,-0.00813172,-70.0718,5776.51,-19.505,138.725,0.00363872,-0.0302284,-71.1554
3.929,194.619,-6.71905,22.0526,-0.242945,-0.261034,2.9074,0.135517,0.0233456,0.00331417,3732.12,3,0.167363,0,-0.0176966,-0.0192787,0.025517,-0.0117174,0.0102834,3343.21,-11.083,78.0634,-0.00139293,0.0165753,-69.6059,5815.81,-19.2799,135.798,0.000438802,-0.0282381,-70.8869,3917.88,-12.9881,91.482,0.00302834,-0.0075831,-70.0939,5735.71,-19.0144,133.928,0.00371613,-0.0297855,-71.1359
3.939,194.84,-6.72672,22.0529,-0.241322,0.00263456,3.07499,0.128572,0.0226505,0.00324668,3732.17,3,0.167546,0,-0.0152373,-0.0205348,0.0246543,-0.0117261,0.0103273,3389.99,-11.0091,76.7981,-0.00148487,0.0174153,-69.6349,5759.81,-18.7051,130.485,-0.000265806,-0.0279365,-70.8665,3960.1,-12.8605,89.7137,0.00298595,-0.00705478,-70.1169,5694.36,-18.4926,129.002,0.00379912,-0.0293389,-71.1155
3.949,195.06,-6.7342,22.0548,-0.240006,0.533789,2.66519,0.121501,0.0219205,0.00317131,3732.39,3,0.167155,0,-0.0127629,-0.0217509,0.023483,-0.0117346,0.0103701,3440.08,-10.9122,75.4205,-0.00144725,0.0185736,-69.6645,5711.62,-18.1177,125.222,4.42146e-05,-0.0275567,-70.8432,4003.66,-12.6999,87.7763,0.00287817,-0.00652256,-70.1402,5651.34,-17.9265,123.9,0.00379271,-0.0288677,-71.095
3.959,195.281,-6.7415,22.0553,-0.238086,-0.629741,2.5912,0.114146,0.0211619,0.00309047,3732.54,3,0.166682,0,-0.010276,-0.0229319,0.0224348,-0.0117415,0.0104155,3491.12,-10.7917,73.8897,-0.00133595,0.0192688,-69.6945,5660.31,-17.497,119.801,0.00036783,-0.0267064,-70.8238,4048.64,-12.515,85.6895,0.00298188,-0.00598594,-70.1645,5606.89,-17.3319,118.67,0.00376837,-0.0284329,-71.0739
3.969,195.501,-6.74863,22.0556,-0.235537,0.111765,2.84796,0.106861,0.0203732,0.00300354,3732.59,3,0.16708,0,-0.00777884,-0.0241206,0.0212728,-0.0117479,0.0104624,3540.93,-10.6376,72.1502,-0.00171686,0.019519,-69.725,5606.24,-16.8421,114.233,-0.000719862,-0.0254437,-70.7972,4095.36,-12.3032,83.4472,0.00278668,-0.00544183,-70.189,5561.27,-16.707,113.317,0.00385661,-0.0279184,-71.0525
3.979,195.722,-6.75562,22.0573,-0.233502,-0.189868,2.35379,0.0992967,0.019555,0.00291035,3732.85,3,0.166471,0,-0.00527405,-0.0254522,0.0203213,-0.0117541,0.0105078,3592.61,-10.4578,70.2626,-0.00155649,0.0206637,-69.7577,5551.2,-16.1591,108.568,-3.43298e-05,-0.025113,-70.7791,4143.38,-12.061,81.0343,0.00267341,-0.00486627,-70.2131,5514.21,-16.0514,107.844,0.00386716,-0.0273974,-71.0292
3.989,195.942,-6.76248,22.0587,-0.230799,0.303858,2.32356,0.0917752,0.0187087,0.00281144,3733.02,3,0.166263,0,-0.00276405,-0.0266543,0.019313,-0.0117602,0.0105537,3647.89,-10.2577,68.2551,-0.00153331,0.0216421,-69.7896,5494.06,-15.449,102.798,-2.43166e-05,-0.0246382,-70.7573,4192.65,-11.7895,78.4481,0.00255981,-0.00424303,-70.2397,5466.18,-15.3706,102.277,0.00387443,-0.0268867,-71.0076
3.999,196.163,-6.76921,22.0597,-0.227935,0.311577,1.94558,0.0841656,0.0178329,0.00270646,3733.18,3,0.166067,0,-0.000251327,-0.0278903,0.0182686,-0.011765,0.0106015,3702.17,-10.0214,66.0276,-0.00178654,0.0217774,-69.8214,5437.59,-14.719,96.9785,-0.000152893,-0.0234188,-70.7313,4242.93,-11.4852,75.672,0.00251689,-0.00365667,-70.2653,5417.14,-14.6637,96.6139,0.00388101,-0.0263403,-70.9846
4.009,196.383,-6.77585,22.0612,-0.22464,0.528437,2.08093,0.0764392,0.0169306,0.00259626,3733.32,3,0.165743,0,0.00226165,-0.0291365,0.017261,-0.0117677,0.0106472,3758.85,-9.76037,63.6456,-0.00159361,0.0231608,-69.8558,5380.23,-13.9705,91.0991,-5.49472e-05,-0.0231857,-70.7078,4294.77,-11.152,72.7199,0.00238347,-0.00301521,-70.2912,5366.91,-13.9359,90.8736,0.0039069,-0.0257782,-70.9615
4.019,196.604,-6.7824,22.062,-0.221435,0.0987142,1.88289,0.0685023,0.0160021,0.00248083,3733.4,3,0.16544,0,0.00477239,-0.0303143,0.0161747,-0.0117653,0.0106999,3816.53,-9.4694,61.0775,-0.0016535,0.0239837,-69.8889,5320.8,-13.2017,85.1509,-8.43322e-05,-0.0224001,-70.6838,4347.71,-10.7873,69.5782,0.00226331,-0.00239409,-70.3169,5316.02,-13.1899,85.0745,0.0038978,-0.0251949,-70.9379
4.029,196.824,-6.78888,22.0633,-0.217732,-0.0809879,1.8305,0.0605607,0.0150478,0.00236037,3733.57,3,0.165051,0,0.00727842,-0.0315648,0.0152677,-0.0117607,0.0107552,3875.13,-9.1478,58.3166,-0.0016518,0.0247575,-69.9228,5259.04,-12.4147,79.1429,0.000273162,-0.0218108,-70.6599,4401.53,-10.3904,66.2382,0.00206385,-0.001757,-70.3424,5264.18,-12.4268,79.2203,0.00397947,-0.0246215,-70.9138
4.039,197.045,-6.7953,22.0644,-0.214197,0.0359514,1.62199,0.0528384,0.0140698,0.0022349,3733.65,3,0.16483,0,0.00977726,-0.0327245,0.0143331,-0.0117604,0.0107978,3935.36,-8.79602,55.3734,-0.00167254,0.0258031,-69.9569,5196.23,-11.6142,73.1147,9.91799e-05,-0.0213669,-70.6345,4456.44,-9.96071,62.7054,0.00202856,-0.00108979,-70.3674,5211.52,-11.6484,73.3298,0.00395248,-0.0240324,-70.8898
4.049,197.265,-6.80169,22.066,-0.21031,0.386983,1.36197,0.0449306,0.0130655,0.00210478,3733.77,3,0.16451,0,0.0122665,-0.0339458,0.0133192,-0.0117577,0.0108449,3994.74,-8.40879,52.1961,-0.00170267,0.0264276,-69.9923,5134.86,-10.8087,67.0932,0.000164464,-0.0206066,-70.6083,4513.17,-9.50006,58.97,0.00189833,-0.000457299,-70.3922,5158.54,-10.8585,67.4025,0.00395436,-0.0234347,-70.8657
4.059,197.486,-6.80805,22.0676,-0.206327,0.751373,1.52609,0.0374726,0.0120371,0.00197048,3733.87,3,0.16423,0,0.0147436,-0.0353083,0.0123934,-0.0117568,0.0108834,4052.31,-7.9856,48.7804,-0.00161681,0.0274382,-70.0295,5071.61,-9.99425,61.0504,8.7751e-05,-0.0198618,-70.5824,4571.76,-9.00923,55.0334,0.00179416,0.000190058,-70.418,5104.52,-10.0591,61.4466,0.00393393,-0.0228422,-70.8413
4.069,197.707,-6.81441,22.0677,-0.202916,-0.245062,0.803197,0.0294014,0.0109881,0.00183291,3734.07,3,0.163971,0,0.0172061,-0.0363688,0.0114619,-0.0117364,0.0109476,4117.23,-7.54696,45.2424,-0.00171886,0.0277846,-70.0614,5005.54,-9.17525,55.0037,0.000205677,-0.0189739,-70.5573,4632.18,-8.49087,50.901,0.00175281,0.000785847,-70.4488,5050.3,-9.25729,55.4955,0.00393301,-0.0222327,-70.816
4.079,197.927,-6.82077,22.0692,-0.199116,0.0888817,0.841556,0.0215832,0.00991528,0.0016924,3734.29,3,0.163715,0,0.0196517,-0.0375681,0.0106168,-0.0117231,0.0109975,4181.22,-7.07665,41.4594,-0.00153923,0.0289477,-70.0979,4938.11,-8.35767,48.9644,0.000241044,-0.0184983,-70.5313,4694.41,-7.9452,46.5479,0.00170652,0.00142793,-70.4832,4995.01,-8.45397,49.5286,0.00396205,-0.0216428,-70.7901
4.089,198.148,-6.82716,22.0704,-0.194708,-0.134008,1.01277,0.0143069,0.00881798,0.00154886,3734.63,3,0.163303,0,0.0220778,-0.0388794,0.00965169,-0.0117089,0.0110464,4245.01,-6.57519,37.4334,-0.00145127,0.0305302,-70.1343,4875,-7.551,42.9888,0.000557473,-0.0185824,-70.502,4757.09,-7.36836,41.949,0.00169885,0.00206873,-70.5202,4938.85,-7.6499,43.5518,0.00396173,-0.0210262,-70.7643
4.099,198.368,-6.8336,22.0709,-0.191295,-0.109677,0.421013,0.00610372,0.0077118,0.00140292,3734.96,3,0.163323,0,0.0244822,-0.039592,0.00889309,-0.0116899,0.0110969,4316.36,-6.05571,33.2876,-0.00148461,0.0305237,-70.1646,4805.34,-6.74173,37.0586,0.000209338,-0.0175534,-70.477,4818.67,-6.76044,37.1614,0.00181757,0.00269625,-70.558,4882.17,-6.84952,37.6511,0.00398775,-0.0204059,-70.7386
4.109,198.589,-6.84008,22.072,-0.186223,0.462532,0.409898,-0.000502221,0.0065834,0.00125655,3735.33,3,0.163368,0,0.0268624,-0.0411576,0.00793324,-0.011672,0.0111399,4373.09,-5.49511,28.7902,-0.00205684,0.0312649,-70.2018,4734.41,-5.94914,31.169,0.000298894,-0.017166,-70.4474,4877.06,-6.12838,32.1081,0.00194329,0.00336312,-70.5949,4825.36,-6.06342,31.7677,0.00401037,-0.0198721,-70.7135
4.119,198.81,-6.84664,22.0735,-0.18273,0.303377,0.911655,-0.00896645,0.00545539,0.00110987,3735.61,3,0.162898,0,0.0292161,-0.0420508,0.00720384,-0.0116463,0.0111899,4441.76,-4.92987,24.2318,-0.00119753,0.0332229,-70.2368,4646.16,-5.15673,25.3469,0.000381943,-0.0168247,-70.4169,4934.23,-5.47645,26.9184,0.00182705,0.00400476,-70.6305,4767.94,-5.29189,26.0112,0.00413331,-0.0191855,-70.6886
4.129,199.03,-6.85327,22.0736,-0.178192,-0.243039,-0.70254,-0.016087,0.00432043,0.000965622,3735.92,3,0.162858,0,0.031541,-0.0433294,0.00626803,-0.0116151,0.0112387,4498.3,-4.3437,19.4347,-0.00203338,0.0325234,-70.269,4544.9,-4.3887,19.636,0.000504136,-0.015975,-70.3839,4987.53,-4.81611,21.5484,0.00209052,0.00457591,-70.6655,4712.48,-4.55052,20.36,0.00399709,-0.0185253,-70.6634
4.139,199.251,-6.86001,22.0748,-0.173838,-0.936255,-0.0679908,-0.0238649,0.00318959,0.000823198,3736.12,3,0.162316,0,0.0338348,-0.0442335,0.00546029,-0.011592,0.0112785,4563.05,-3.75631,14.5543,-0.00146367,0.0341027,-70.3044,4437.02,-3.65257,14.1523,0.000790474,-0.0155714,-70.3489,5038.43,-4.14764,16.0706,0.00194879,0.00522745,-70.6991,4658.16,-3.83461,14.8577,0.00396206,-0.0179121,-70.6394
4.149,199.472,-6.86686,22.0765,-0.169573,0.0736148,-0.524702,-0.0318415,0.00205844,0.000686231,3736.3,3,0.162295,0,0.0360951,-0.0454922,0.00453188,-0.0115571,0.0113235,4615.46,-3.16728,9.50069,-0.00151563,0.0347962,-70.3398,4326.43,-2.96893,8.90572,0.000579825,-0.0147439,-70.3073,5087.13,-3.49096,10.4716,0.00198913,0.00585342,-70.7313,4605.56,-3.16048,9.48029,0.00405237,-0.0172547,-70.6149
4.159,199.692,-6.87386,22.0775,-0.164478,0.080378,-0.171965,-0.0389054,0.000943773,0.000554626,3736.56,3,0.162154,0,0.0383199,-0.0463654,0.00381079,-0.011523,0.0113643,4679.84,-2.59556,4.41671,-0.00179607,0.0357467,-70.3669,4217.35,-2.33905,3.98023,0.000713792,-0.0148028,-70.272,5134.19,-2.84756,4.84552,0.00196906,0.00648149,-70.764,4555.34,-2.52651,4.29921,0.00401101,-0.016582,-70.5901
4.169,199.913,-6.88099,22.0788,-0.16026,0.0744901,-0.544187,-0.0471916,-0.000159635,0.000430824,3736.68,3,0.161896,0,0.0405068,-0.0473564,0.00305137,-0.0114851,0.0114037,4741.36,-2.0427,-0.756888,-0.00152072,0.0364178,-70.4026,4118.72,-1.77445,-0.657493,0.000580979,-0.0138974,-70.2328,5179.32,-2.23138,-0.826801,0.00201276,0.00713265,-70.7952,4507.89,-1.94211,-0.719618,0.00407756,-0.0159278,-70.5663
4.179,200.134,-6.88826,22.077,-0.153808,-0.549972,-1.49992,-0.0525641,-0.00126606,0.000317256,3736.67,3,0.162666,0,0.0426537,-0.0494789,0.00163475,-0.0114451,0.0114438,4782.97,-1.51743,-6.05552,-0.00406093,0.0365434,-70.4338,4041.27,-1.28212,-5.11649,0.000772874,-0.0134368,-70.189,5223.06,-1.65705,-6.6127,0.00222172,0.00771161,-70.827,4462.77,-1.41584,-5.65013,0.00405176,-0.0153421,-70.5433
4.189,200.355,-6.89578,22.0812,-0.150848,-0.42409,-0.0915591,-0.0629921,-0.0023038,0.000212385,3736.75,3,0.161242,0,0.0447586,-0.0484651,0.0018193,-0.0114099,0.0114725,4885.11,-1.03752,-11.2543,-0.000695426,0.0377878,-70.4599,3944.81,-0.837819,-9.08805,0.000279082,-0.0129492,-70.1647,5266.9,-1.11861,-12.1339,0.00208264,0.0084857,-70.8542,4419.83,-0.938707,-10.1824,0.00421301,-0.0145573,-70.5146
4.199,200.575,-6.90342,22.0816,-0.144626,0.22818,-1.46835,-0.0697186,-0.00336681,0.000123171,3736.79,3,0.161649,0,0.0468193,-0.0509023,0.000371279,-0.0113647,0.0115105,4919.97,-0.606001,-16.5646,-0.00212784,0.038497,-70.5099,3881.68,-0.478113,-13.0689,0.000590196,-0.0121169,-70.1206,5305.8,-0.653525,-17.8637,0.00212756,0.00905898,-70.8856,4380.74,-0.539583,-14.7492,0.00404781,-0.0139106,-70.4962
4.209,200.796,-6.91132,22.0824,-0.139967,-0.108606,-1.32208,-0.0780329,-0.00437139,4.45306e-05,3736.86,3,0.16149,0,0.0488337,-0.0510349,5.40213e-05,-0.0113219,0.0115408,5002.55,-0.222769,-21.8682,-0.00185842,0.0392384,-70.5298,3805.15,-0.169447,-16.6339,0.000483379,-0.0118959,-70.0923,5344.55,-0.237998,-23.3632,0.00210251,0.00972908,-70.9165,4341.95,-0.193352,-18.9805,0.0040864,-0.0131685,-70.4719
4.219,201.017,-6.9194,22.084,-0.131437,0.153932,0.797162,-0.0828884,-0.00536224,-1.98272e-05,3736.9,3,0.161242,0,0.0508,-0.052046,-0.000816249,-0.0112852,0.0115626,5070.03,0.100526,-27.187,-0.00214634,0.039815,-70.5639,3740.64,0.0741674,-20.0584,0.000914423,-0.0118981,-70.0579,5379.82,0.106668,-28.8482,0.00204435,0.0103599,-70.9444,4306.68,0.0853907,-23.0937,0.00408146,-0.0124951,-70.449
4.229,201.237,-6.92774,22.0853,-0.128866,0.210375,-1.46724,-0.0937528,-0.00632594,-7.05011e-05,3736.9,3,0.161013,0,0.0527162,-0.0528179,-0.00147931,-0.0112356,0.0115917,5131.32,0.361771,-32.4609,-0.0010096,0.0409635,-70.6058,3679.8,0.259435,-23.2785,0.000281188,-0.0105965,-70.0225,5415.28,0.381791,-34.2572,0.00206694,0.0110857,-70.9713,4271.33,0.30114,-27.0206,0.00407345,-0.0117368,-70.4269
4.239,201.458,-6.93631,22.0853,-0.12055,-1.15952,-2.13138,-0.0983488,-0.00726207,-0.000107406,3737.3,3,0.160735,0,0.0545803,-0.0537594,-0.0022991,-0.0111911,0.0116241,5197.5,0.558257,-37.7453,-0.00188814,0.0398998,-70.6307,3621.77,0.389009,-26.302,0.00114405,-0.010879,-69.9935,5447.93,0.585156,-39.564,0.00214488,0.0116992,-70.9996,4238.29,0.455229,-30.7793,0.00401507,-0.0110417,-70.4037
4.249,201.679,-6.94516,22.0869,-0.116642,-0.108491,-1.34789,-0.10893,-0.00817213,-0.000130351,3737.03,3,0.160812,0,0.0563905,-0.0543821,-0.0028828,-0.0111377,0.0116483,5260.66,0.685757,-42.9918,-0.000765645,0.0425307,-70.6708,3564.02,0.464591,-29.1263,0.000123186,-0.00945541,-69.9584,5480.95,0.714473,-44.792,0.0020566,0.0124003,-71.0255,4203.81,0.547991,-34.3549,0.00405498,-0.0102609,-70.3821
4.259,201.9,-6.95427,22.0876,-0.107214,-0.708162,-0.117312,-0.112811,-0.00906369,-0.000140756,3736.93,3,0.16057,0,0.0581452,-0.0554179,-0.00381729,-0.0110983,0.011661,5326.7,0.749796,-48.2809,-0.00183375,0.0422372,-70.6947,3513.78,0.494606,-31.8487,0.00134732,-0.00986787,-69.9295,5511.98,0.775876,-49.9603,0.00199438,0.013033,-71.0522,4172.22,0.587289,-37.8168,0.00401062,-0.00962899,-70.3584
4.269,202.12,-6.96368,22.0888,-0.103627,0.156014,-1.43378,-0.122783,-0.00992329,-0.000138593,3736.8,3,0.160739,0,0.0598424,-0.0557089,-0.00425571,-0.0110605,0.0116722,5394.97,0.747743,-53.5376,-0.00106829,0.0435245,-70.7289,3458.66,0.47937,-34.3224,0.000138801,-0.00849399,-69.8996,5544.1,0.768412,-55.0175,0.0021403,0.0137787,-71.0773,4138.44,0.573588,-41.0683,0.00396553,-0.00880899,-70.3362
4.279,202.341,-6.97338,22.0887,-0.0972419,-0.352,-6.64622,-0.129147,-0.0107727,-0.00012401,3736.9,3,0.160797,0,0.0614806,-0.0567445,-0.0052025,-0.011013,0.0116909,5449.53,0.675835,-58.7083,-0.00272863,0.0407898,-70.7557,3415.35,0.423562,-36.7939,0.000888574,-0.00850911,-69.8716,5575.05,0.691401,-60.0604,0.00228447,0.0144499,-71.103,4106.22,0.509242,-44.2367,0.00386258,-0.00806795,-70.3131
4.289,202.562,-6.98342,22.0904,-0.0906128,0.458474,-2.02712,-0.137459,-0.0115922,-9.8648e-05,3736.8,3,0.16075,0,0.063058,-0.0569196,-0.005561,-0.0109698,0.0117045,5523.86,0.544954,-64.0364,-0.0010675,0.0445884,-70.7923,3365.21,0.331993,-39.0118,-4.28305e-05,-0.00729023,-69.8422,5607,0.553157,-65.0003,0.00213573,0.0151301,-71.1275,4073.41,0.401861,-47.2218,0.00397515,-0.00737371,-70.2909
4.299,202.782,-6.99376,22.0907,-0.0815503,0.234381,-2.79468,-0.14168,-0.0124051,-6.26261e-05,3736.82,3,0.160805,0,0.0645733,-0.0580588,-0.00655525,-0.0109241,0.0117186,5581.45,0.349571,-69.2419,-0.00249823,0.0438927,-70.8192,3326.94,0.208369,-41.2731,0.000882059,-0.00735318,-69.816,5637.52,0.353083,-69.9375,0.00225849,0.0157313,-71.1524,4041.82,0.253143,-50.1417,0.00384213,-0.00669683,-70.2676
4.309,203.003,-7.00445,22.0925,-0.0725741,0.617475,2.48122,-0.147881,-0.0131943,-1.78825e-05,3736.48,3,0.160553,0,0.0660249,-0.0581985,-0.00693272,-0.0108707,0.0117334,5655.7,0.101147,-74.6274,-0.000926461,0.0467513,-70.8519,3281.19,0.0586812,-43.2956,0.000187857,-0.00687273,-69.7896,5669.32,0.101391,-74.8071,0.00209947,0.0164381,-71.1747,4008.55,0.0716893,-52.8931,0.00391992,-0.00595243,-70.243
4.319,203.224,-7.0155,22.0928,-0.0688168,0.349379,-2.70561,-0.157104,-0.0139709,3.51447e-05,3736.66,3,0.16049,0,0.0674112,-0.0584999,-0.00748569,-0.0108399,0.0117413,5719.78,-0.201039,-79.9157,-0.000815069,0.0453755,-70.8844,3241.68,-0.113939,-45.2922,0.000159149,-0.00593465,-69.7637,5701.61,-0.200401,-79.6619,0.00214484,0.0171477,-71.2002,3975.16,-0.139719,-55.5402,0.00382453,-0.00518721,-70.2213
4.329,203.444,-7.02689,22.0932,-0.0607557,-0.312041,-3.66395,-0.162483,-0.0147461,9.57937e-05,3736.59,3,0.160298,0,0.0687311,-0.059553,-0.00827694,-0.0107934,0.01175,5773.88,-0.553162,-85.1482,-0.000991789,0.0455053,-70.9167,3205.82,-0.30713,-47.2766,0.000657494,-0.00574438,-69.737,5733.27,-0.549271,-84.5493,0.00214575,0.0176965,-71.2234,3941.7,-0.377631,-58.1288,0.00372528,-0.00446418,-70.1981
4.339,203.665,-7.03868,22.0934,-0.0518583,0.189114,-1.67042,-0.166963,-0.0154916,0.000161708,3736.42,3,0.160694,0,0.0699831,-0.059473,-0.00856235,-0.0107517,0.0117523,5850.95,-0.946262,-90.6482,-0.0016471,0.0456898,-70.9352,3160.23,-0.511096,-48.961,0.000398646,-0.00561603,-69.719,5766.81,-0.932654,-89.3445,0.00217423,0.018433,-71.2478,3908.86,-0.632171,-60.5595,0.00370738,-0.00372901,-70.1729
4.349,203.885,-7.05084,22.094,-0.0466295,0.0883321,-3.27483,-0.175442,-0.0162429,0.000232824,3736.45,3,0.160609,0,0.0711661,-0.0600642,-0.00920664,-0.0107076,0.011763,5907.27,-1.37554,-95.9596,-0.00110947,0.0467081,-70.9739,3125.42,-0.72777,-50.7704,0.00017203,-0.00456867,-69.6912,5797.78,-1.35004,-94.181,0.00220659,0.0190631,-71.2694,3874.45,-0.902184,-62.9378,0.00362661,-0.00301108,-70.1489
4.359,204.106,-7.06339,22.0945,-0.0382753,0.0690811,-3.21822,-0.180109,-0.0169766,0.000307013,3736.35,3,0.160647,0,0.0722788,-0.0602627,-0.00967447,-0.0106688,0.011762,5971.25,-1.83351,-101.381,-0.00143478,0.0461318,-70.9975,3086.01,-0.947581,-52.3951,0.0003776,-0.00428054,-69.6712,5829.81,-1.79008,-98.9799,0.0022602,0.0197323,-71.2926,3840.95,-1.17939,-65.2127,0.0035602,-0.00233385,-70.124
4.369,204.327,-7.07635,22.0945,-0.0300833,0.490138,-3.30752,-0.184485,-0.0177083,0.00038367,3736.3,3,0.16103,0,0.0733202,-0.0608168,-0.0102487,-0.0106217,0.0117681,6029,-2.31351,-106.775,-0.00204333,0.0462268,-71.0236,3051.4,-1.17091,-54.0407,0.000739025,-0.00395967,-69.649,5860.66,-2.24891,-103.793,0.00251004,0.0203061,-71.315,3808.51,-1.46144,-67.4493,0.00295434,-0.00179109,-70.099
4.379,204.547,-7.08973,22.0958,-0.0231018,-0.132444,-1.89245,-0.191273,-0.0184234,0.000461086,3736.11,3,0.160447,0,0.0742892,-0.0609165,-0.0104721,-0.0105898,0.0117517,6091.95,-2.80939,-112.247,-0.000664309,0.0485787,-71.0556,3012.28,-1.38916,-55.5026,0.000366255,-0.0041242,-69.6278,5892.95,-2.71762,-108.58,0.00216559,0.0209678,-71.3355,3773.13,-1.74003,-69.5215,0.0034257,-0.00102087,-70.0747
4.389,204.768,-7.10352,22.0959,-0.0170208,0.806683,-3.80751,-0.197456,-0.0191454,0.000539901,3736.05,3,0.160963,0,0.075185,-0.0616654,-0.0112861,-0.010537,0.0117737,6132.07,-3.31132,-117.415,-0.00184826,0.0480878,-71.0867,2979.97,-1.60918,-57.0596,0.000411008,-0.00255779,-69.6044,5924.69,-3.19933,-113.444,0.00228982,0.0215623,-71.3559,3737.72,-2.01837,-71.5688,0.0032758,-0.000355448,-70.0521
4.399,204.988,-7.11778,22.0961,-0.00950594,-0.0439881,-3.71379,-0.201975,-0.0198308,0.000617362,3736.01,3,0.160751,0,0.0760065,-0.060726,-0.0109202,-0.0104904,0.0117796,6200.31,-3.82859,-122.973,-0.00116461,0.047172,-71.0969,2924.57,-1.80588,-58.0043,0.000427087,-0.00297064,-69.5949,5955.69,-3.67754,-118.122,0.00230132,0.0222736,-71.3775,3702.54,-2.28626,-73.4341,0.00323008,0.000232841,-70.0294
4.409,205.209,-7.13243,22.0963,-0.00113954,-0.140479,-3.74038,-0.205712,-0.0205445,0.000695533,3736.08,3,0.160837,0,0.076753,-0.0616704,-0.0117725,-0.0104597,0.0117619,6219.72,-4.32694,-127.799,-0.000897912,0.0474791,-71.1353,2896.36,-2.01494,-59.5127,0.000193537,-0.00234341,-69.5646,5986.17,-4.16446,-123,0.00228359,0.0227231,-71.3946,3667.49,-2.5514,-75.3574,0.00315191,0.000939535,-70.0135
4.419,205.429,-7.14756,22.0963,0.00470724,-0.209303,-4.12856,-0.211492,-0.0212292,0.000773216,3735.95,3,0.161014,0,0.0774238,-0.0614026,-0.0117858,-0.0104018,0.0117864,6247.83,-4.83201,-132.657,-0.000911267,0.0476791,-71.1487,2852.68,-2.20623,-60.5693,0.000218947,-0.0017851,-69.5502,6017.64,-4.65398,-127.769,0.00236065,0.0233882,-71.4118,3630.51,-2.8078,-77.0846,0.00313597,0.00156199,-69.9991
4.429,205.65,-7.16314,22.097,0.00934624,1.35445,-8.5416,-0.217244,-0.0219094,0.000850467,3736.19,3,0.16145,0,0.0780181,-0.0613988,-0.011993,-0.0103668,0.0117676,6263.88,-5.3285,-137.26,-0.00113943,0.0464598,-71.1651,2810.83,-2.39109,-61.5935,3.72302e-05,-0.0014117,-69.5315,6046.42,-5.14351,-132.495,0.00225694,0.0234974,-71.432,3594.77,-3.05797,-78.7719,0.00314941,0.00240927,-69.9902
4.439,205.87,-7.17915,22.0979,0.0200931,1.4416,-3.28512,-0.219255,-0.0225899,0.000927334,3736.35,3,0.161435,0,0.0785355,-0.0618729,-0.0124508,-0.0103387,0.0117489,6282.98,-5.82791,-141.956,-0.000929024,0.0489496,-71.1909,2780.56,-2.57917,-62.8232,7.2007e-05,-0.00116206,-69.5091,6077.03,-5.63688,-137.303,0.00231696,0.0243206,-71.4456,3564.31,-3.30615,-80.531,0.00339137,0.00271199,-69.98
4.449,206.09,-7.19565,22.0965,0.0270069,0.104806,-2.57012,-0.221878,-0.023241,0.00100453,3736.3,3,0.161671,0,0.0789754,-0.0612973,-0.0123759,-0.01028,0.0117625,6318.32,-6.34864,-146.871,-0.00168043,0.0500624,-71.1885,2738.77,-2.75192,-63.6634,0.000468336,-0.00200208,-69.4998,6106.09,-6.13539,-141.937,0.00234473,0.024789,-71.4633,3534.17,-3.55114,-82.1527,0.00345277,0.00324332,-69.9719
4.459,206.311,-7.2126,22.0967,0.035926,-0.905815,-0.054362,-0.224053,-0.0238835,0.00108258,3736.92,3,0.161436,0,0.0793373,-0.0612784,-0.012425,-0.010235,0.0117645,6346.14,-6.87216,-151.597,-0.000829383,0.0521382,-71.2043,2707.82,-2.93226,-64.6843,0.000735097,-0.00284694,-69.4824,6132.73,-6.64106,-146.499,0.00229146,0.0252656,-71.4786,3509.2,-3.80007,-83.8278,0.00366596,0.00360865,-69.9653
4.469,206.531,-7.23002,22.0974,0.0419197,0.733665,-3.6817,-0.228892,-0.0245171,0.00116217,3736.92,3,0.161957,0,0.0796209,-0.0615072,-0.0126406,-0.0102013,0.0117421,6357.38,-7.39059,-155.896,-0.000813497,0.0487037,-71.2288,2680.51,-3.11615,-65.7316,-4.31176e-05,-0.0005901,-69.4623,6160.52,-7.16174,-151.069,0.00235657,0.0258038,-71.4918,3482.52,-4.0485,-85.3984,0.00368546,0.00440166,-69.9607
4.479,206.751,-7.24792,22.0975,0.0482952,0.600564,-3.48584,-0.232836,-0.0251204,0.00124317,3737.07,3,0.162065,0,0.079826,-0.0610089,-0.0124695,-0.0101553,0.0117416,6389.56,-7.94583,-160.542,-0.000598154,0.0494513,-71.2363,2649.69,-3.29506,-66.5754,-0.000151013,-0.000667679,-69.4507,6186.33,-7.69309,-155.436,0.00227891,0.0262517,-71.5063,3459.8,-4.30248,-86.93,0.00391106,0.004923,-69.9551
4.489,206.971,-7.26628,22.097,0.0559733,0.365749,-5.37611,-0.234768,-0.0257185,0.0013263,3737.2,3,0.162318,0,0.0799522,-0.0611544,-0.0127058,-0.0101201,0.0117264,6408.14,-8.50195,-164.844,-0.00100902,0.048118,-71.2543,2630.71,-3.49028,-67.6728,8.54516e-05,-0.000158037,-69.4349,6209.2,-8.23801,-159.726,0.00259406,0.0267174,-71.5189,3440.04,-4.56405,-88.4922,0.00349643,0.00545256,-69.9509
4.499,207.192,-7.28513,22.0966,0.06314,0.277968,-6.19528,-0.238001,-0.0262783,0.00141166,3737.44,3,0.162628,0,0.0799996,-0.0604474,-0.0124463,-0.0100564,0.0117595,6435.39,-9.08775,-169.15,-0.0013411,0.0467261,-71.2574,2603.13,-3.67601,-68.4215,3.6216e-05,-3.32326e-05,-69.4266,6231.77,-8.8002,-163.798,0.00257655,0.0269877,-71.5324,3419.26,-4.82851,-89.8729,0.00365407,0.00600204,-69.9461
4.509,207.412,-7.30445,22.0976,0.071679,0.882379,-4.2231,-0.238787,-0.0268306,0.00149886,3737.62,3,0.162765,0,0.079968,-0.0606376,-0.0125138,-0.0100372,0.011718,6455.02,-9.67866,-173.234,-0.00155986,0.0480978,-71.2729,2587.45,-3.87963,-69.4396,0.000325292,-0.000348575,-69.4125,6250.16,-9.37148,-167.736,0.0025465,0.0275871,-71.5435,3404.91,-5.10532,-91.3777,0.00391332,0.00640171,-69.9423
4.519,207.632,-7.32427,22.0974,0.0771018,0.114835,-4.88079,-0.242675,-0.0273469,0.00158838,3737.7,3,0.162683,0,0.0798575,-0.0600595,-0.0121644,-0.0099971,0.0117089,6477.24,-10.2922,-177.177,-0.000188298,0.0485228,-71.2866,2567.07,-4.07901,-70.219,-0.000302716,-6.33961e-05,-69.4006,6268.26,-9.96011,-171.46,0.00245021,0.0280977,-71.5533,3387.86,-5.38322,-92.6705,0.00403319,0.0069319,-69.9389
4.529,207.852,-7.34455,22.0975,0.0860969,1.51169,-5.83179,-0.243027,-0.0278418,0.00168005,3737.85,3,0.163416,0,0.0796682,-0.0597685,-0.0121663,-0.00993158,0.0117152,6493.1,-10.913,-180.826,-0.000991605,0.0465857,-71.2921,2553.49,-4.29167,-71.1122,6.0365e-05,-0.00117983,-69.3915,6288.28,-10.5688,-175.122,0.00208587,0.0290389,-71.5626,3373.62,-5.67006,-93.9518,0.00375192,0.00739087,-69.9342
4.539,208.072,-7.36535,22.0983,0.0919763,0.642259,-4.50249,-0.245683,-0.0282969,0.00177339,3737.82,3,0.162964,0,0.0794003,-0.0586629,-0.0115163,-0.00992851,0.0116884,6519.45,-11.5662,-184.529,0.000396279,0.047656,-71.3014,2530.26,-4.48893,-71.6175,-0.000439891,-0.000345353,-69.3852,6296.82,-11.1712,-178.228,0.00236755,0.0289342,-71.5724,3360.64,-5.96211,-95.1209,0.00393819,0.00765834,-69.9321
4.549,208.292,-7.38657,22.0975,0.100141,1.44187,-5.75159,-0.245977,-0.0287588,0.00186952,3738.05,3,0.163778,0,0.079054,-0.0597113,-0.0121447,-0.00989563,0.0116577,6503.92,-12.1642,-187.097,-0.00232081,0.0474625,-71.3149,2542.58,-4.75537,-73.1417,0.000450133,8.64006e-05,-69.3696,6306.65,-11.7953,-181.422,0.00274875,0.0291367,-71.5781,3350.85,-6.26707,-96.3931,0.00412854,0.00817856,-69.9298
4.559,208.512,-7.40833,22.0958,0.106974,-0.669764,-2.08116,-0.24694,-0.0291566,0.00196613,3738.03,3,0.16393,0,0.0786297,-0.0585253,-0.0114157,-0.00986355,0.011671,6534.91,-12.8539,-190.59,-0.00146375,0.0509333,-71.311,2526.12,-4.9688,-73.6741,-3.43905e-05,-0.00104415,-69.3697,6318.76,-12.4288,-184.286,0.00241542,0.0295276,-71.5855,3340.5,-6.57065,-97.4254,0.00461022,0.00836588,-69.929
4.569,208.731,-7.43056,22.0982,0.11559,0.295549,-2.53137,-0.247545,-0.0295348,0.00206497,3738.23,3,0.163537,0,0.0781278,-0.0580367,-0.0111142,-0.00982595,0.0116618,6539.53,-13.5099,-193.2,-4.74862e-05,0.0474188,-71.3261,2518.56,-5.20303,-74.4069,-0.000340071,-3.93533e-05,-69.3605,6325.8,-13.0683,-186.886,0.00244965,0.0298725,-71.5973,3330.08,-6.87953,-98.382,0.00412809,0.00923996,-69.9312
4.579,208.951,-7.45327,22.097,0.121351,0.544374,-2.92138,-0.248385,-0.0298927,0.00216452,3738.17,3,0.164319,0,0.0775488,-0.0576815,-0.0110254,-0.00981038,0.011648,6550.2,-14.1844,-195.861,-0.00198607,0.0487199,-71.3248,2516.81,-5.45012,-75.2567,0.000326362,-0.000400297,-69.3577,6332.48,-13.7129,-189.351,0.00277853,0.0301537,-71.5991,3324.68,-7.19955,-99.4132,0.00430406,0.00927742,-69.9258
4.589,209.171,-7.47648,22.0971,0.127286,0.140454,-4.90183,-0.250192,-0.0302092,0.00226489,3738.79,3,0.164229,0,0.0768932,-0.0566922,-0.0103487,-0.00978669,0.0116452,6561.63,-14.8681,-198.282,-0.000964796,0.0466888,-71.3316,2509.48,-5.68629,-75.8327,-0.000266698,-0.00015291,-69.3543,6338.92,-14.3635,-191.552,0.00274767,0.0306112,-71.6031,3318.21,-7.51881,-100.271,0.00431965,0.00975851,-69.9248
4.599,209.391,-7.50015,22.097,0.135834,0.61905,-5.72314,-0.248315,-0.0305125,0.00236596,3738.3,3,0.164629,0,0.0761618,-0.0568339,-0.0103557,-0.00976471,0.0116383,6556.75,-15.5203,-200.125,-0.00212295,0.0448452,-71.3367,2517.47,-5.95902,-76.838,0.000534463,-0.000372151,-69.3513,6341.73,-15.0113,-193.562,0.00300468,0.030987,-71.6071,3314.09,-7.84468,-101.152,0.00422109,0.010132,-69.9252
4.609,209.61,-7.52433,22.0981,0.139287,0.456323,-3.79335,-0.252439,-0.0307694,0.00246636,3738.46,3,0.164399,0,0.0753552,-0.0555862,-0.0094114,-0.00975031,0.0116151,6570.57,-16.2131,-202.237,-0.000163491,0.0478156,-71.3454,2512.74,-6.20027,-77.34,-0.00076819,0.000318233,-69.3485,6347.37,-15.6623,-195.367,0.00275291,0.0312557,-71.6097,3310.86,-8.16965,-101.905,0.00448976,0.0103119,-69.926
4.619,209.83,-7.54894,22.0969,0.150252,0.743211,-6.07753,-0.246485,-0.031025,0.00256701,3738.48,3,0.165065,0,0.0744743,-0.0562111,-0.00997942,-0.0097268,0.0116099,6555.51,-16.8362,-203.45,-0.00370846,0.0445753,-71.3404,2534.68,-6.50971,-78.6638,0.00131753,-0.00116658,-69.3495,6347.82,-16.3028,-197.004,0.00304926,0.0313508,-71.6152,3309.56,-8.4998,-102.712,0.00410936,0.0105749,-69.9233
4.629,210.049,-7.57411,22.0986,0.152275,0.402329,-4.14025,-0.252193,-0.0312127,0.00266592,3738.41,3,0.164494,0,0.0735198,-0.0539441,-0.0082806,-0.00971821,0.0115992,6580.37,-17.5513,-205.458,0.00100225,0.0464917,-71.3502,2518.24,-6.71672,-78.6267,-0.00110542,-0.000319196,-69.3528,6352.17,-16.9427,-198.333,0.00269579,0.0318252,-71.6145,3305.7,-8.81704,-103.213,0.00443634,0.0110425,-69.9289
4.639,210.269,-7.59969,22.0978,0.161131,0.903031,-4.55342,-0.248576,-0.031409,0.00276423,3739.13,3,0.165174,0,0.0724928,-0.0540747,-0.00842249,-0.00970375,0.0115927,6570.26,-18.1707,-206.433,-0.00182573,0.044395,-71.3484,2537.07,-7.01652,-79.7129,-7.27149e-05,-0.00064054,-69.3493,6350.98,-17.5643,-199.543,0.00302283,0.032182,-71.615,3306.38,-9.14413,-103.884,0.00431635,0.01143,-69.9301
4.649,210.488,-7.62577,22.0983,0.166701,0.205159,-4.68927,-0.248166,-0.0315551,0.00286065,3739.54,3,0.16486,0,0.0713943,-0.0529368,-0.0074333,-0.00968557,0.0115937,6572.59,-18.8113,-207.468,-0.000197218,0.0450439,-71.3523,2536.18,-7.25876,-80.0561,-0.000350522,-0.00130388,-69.3546,6349.04,-18.1715,-200.411,0.00297663,0.0323075,-71.6146,3309.17,-9.4711,-104.456,0.00452668,0.0110267,-69.9316
4.659,210.708,-7.65231,22.0981,0.171906,0.530093,-8.47826,-0.248337,-0.0316889,0.00295421,3738.66,3,0.165082,0,0.0702253,-0.0524376,-0.00716932,-0.00967026,0.0115999,6565.16,-19.4047,-208.112,-0.00105033,0.0417779,-71.3522,2554.38,-7.54999,-80.9724,-0.000190482,-0.00122196,-69.3528,6347.89,-18.7625,-201.225,0.00300368,0.0325173,-71.6152,3308.89,-9.78012,-104.89,0.00425794,0.0117899,-69.9357
4.669,210.927,-7.67933,22.099,0.177309,0.26833,-4.72036,-0.247756,-0.0317874,0.00304545,3738.65,3,0.164912,0,0.068987,-0.051586,-0.00637371,-0.00968094,0.0115745,6561.87,-19.994,-208.655,0.000211883,0.0448243,-71.3578,2565.52,-7.81715,-81.5788,-0.000524987,-0.00143543,-69.3567,6343.45,-19.3285,-201.71,0.00285163,0.032681,-71.6134,3313.22,-10.0954,-105.354,0.00439771,0.0118681,-69.9399
4.679,211.146,-7.7068,22.0985,0.184095,0.0972553,-5.33412,-0.24539,-0.0318587,0.00313281,3738.58,3,0.165187,0,0.0676806,-0.0506449,-0.00578826,-0.00967632,0.011571,6558.45,-20.5568,-209.014,-0.000590189,0.0429794,-71.3524,2579.85,-8.08631,-82.2185,-0.000534111,-0.00179281,-69.3605,6338.91,-19.8687,-202.018,0.00262591,0.0327294,-71.6124,3319.11,-10.4034,-105.778,0.00475279,0.0120277,-69.9446
4.689,211.365,-7.73473,22.0986,0.189535,0.538107,-4.86861,-0.243365,-0.0319032,0.00321717,3738.77,3,0.165522,0,0.0663074,-0.0499625,-0.00502673,-0.00967667,0.0115666,6548.67,-21.079,-208.995,-0.000879561,0.0430457,-71.3505,2592.42,-8.34453,-82.7347,-0.000508674,-0.00227069,-69.3677,6332.9,-20.3844,-202.108,0.00304637,0.0329712,-71.6086,3325.11,-10.7029,-106.118,0.00429461,0.0121894,-69.9481
4.699,211.585,-7.76311,22.0995,0.195037,0.598796,-4.93751,-0.241172,-0.0319139,0.00329658,3738.72,3,0.16533,0,0.0648688,-0.0487496,-0.00414099,-0.00967612,0.0115646,6543.59,-21.5825,-208.902,5.15489e-06,0.0422237,-71.3463,2602.27,-8.58299,-83.0768,-0.000709005,-0.00282812,-69.3749,6325.13,-20.862,-201.928,0.00294944,0.0328566,-71.6063,3331.94,-10.9896,-106.371,0.0042573,0.0123724,-69.954
4.709,211.804,-7.79193,22.0989,0.199688,0.62156,-4.16327,-0.239455,-0.0319077,0.00337233,3738.88,3,0.165776,0,0.0633661,-0.048214,-0.00365382,-0.00967979,0.0115609,6525.61,-22.0178,-208.288,-0.00117992,0.0426788,-71.3451,2625.3,-8.85794,-83.7959,-0.00043627,-0.00283974,-69.3803,6317,-21.314,-201.63,0.00305152,0.0331977,-71.6016,3341.08,-11.273,-106.643,0.0043654,0.0123845,-69.9613
4.719,212.023,-7.82119,22.0993,0.204509,0.539205,-4.79077,-0.237315,-0.031865,0.00344244,3738.89,3,0.165675,0,0.061801,-0.0470385,-0.0027117,-0.00968665,0.0115597,6515.35,-22.4402,-207.682,-0.000614066,0.0415529,-71.3416,2639.15,-9.08977,-84.125,-0.000725524,-0.0033121,-69.3898,6307.94,-21.7258,-201.071,0.00309746,0.0333118,-71.5974,3350.48,-11.5397,-106.799,0.00423702,0.0124679,-69.9675
4.729,212.242,-7.85088,22.0991,0.210496,-3.24635,-6.55964,-0.233187,-0.0318028,0.00350712,3738.94,3,0.164288,0,0.0601748,-0.0465933,-0.0019821,-0.00969923,0.0115589,6499.59,-22.8065,-206.775,0.0015053,0.0399766,-71.3391,2660.8,-9.3365,-84.6494,-0.000709236,-0.00447932,-69.3982,6301.98,-22.1131,-200.488,0.00291375,0.0331411,-71.592,3363.26,-11.8014,-106.997,0.00403878,0.0125934,-69.9756
4.739,212.461,-7.88101,22.0997,0.214909,-0.0778803,-2.33743,-0.231175,-0.0316985,0.00356732,3738.96,3,0.1657,0,0.0584892,-0.0450544,-0.00086912,-0.00968748,0.0115603,6484.5,-23.144,-205.618,7.11836e-05,0.0410273,-71.3331,2674.01,-9.54389,-84.7907,-0.00115519,-0.00397368,-69.4103,6285.44,-22.4336,-199.306,0.00310823,0.0334581,-71.585,3372.78,-12.0379,-106.948,0.00422954,0.0125444,-69.983
4.749,212.679,-7.91155,22.1,0.21784,0.593799,-7.55133,-0.228139,-0.0315868,0.00362071,3739.3,3,0.165713,0,0.056746,-0.0446223,-0.00045037,-0.00970647,0.0115658,6459.17,-23.3986,-204.093,-0.00147461,0.0379009,-71.3238,2701.17,-9.78509,-85.3498,-0.000339718,-0.00464089,-69.4214,6270.86,-22.7164,-198.142,0.00322894,0.0333352,-71.5784,3386.32,-12.2671,-106.999,0.00413882,0.0124951,-69.9917
4.759,212.898,-7.94251,22.1011,0.222081,0.166945,-3.48119,-0.225802,-0.0314296,0.00366847,3739.04,3,0.165421,0,0.0549467,-0.0431621,0.000870748,-0.00973592,0.0115358,6447.01,-23.6624,-202.693,0.000680734,0.0394703,-71.3244,2715.51,-9.96672,-85.3753,-0.00130239,-0.00493186,-69.434,6256.53,-22.9633,-196.705,0.00312073,0.0335334,-71.5701,3401.09,-12.483,-106.93,0.00413439,0.0124944,-70.0012
4.769,213.117,-7.97386,22.1014,0.225535,1.00141,-4.56198,-0.221887,-0.0312596,0.00370975,3739.14,3,0.165725,0,0.0530932,-0.0425559,0.00148077,-0.00974168,0.0115617,6418.58,-23.8231,-200.708,-0.000556616,0.0388372,-71.3152,2746.41,-10.1935,-85.8795,-0.000892371,-0.00544756,-69.4452,6239.95,-23.1601,-195.122,0.00324817,0.033399,-71.5621,3417.75,-12.6852,-106.872,0.00404577,0.0123951,-70.0118
4.779,213.336,-8.00561,22.1017,0.229063,0.920882,-4.28141,-0.217743,-0.0310482,0.00374442,3739.24,3,0.165701,0,0.0511873,-0.0413485,0.00266193,-0.00976018,0.0115668,6401.01,-23.9797,-198.804,-0.000633186,0.0384047,-71.2988,2766.5,-10.364,-85.9224,-0.000938569,-0.00651946,-69.4629,6222.79,-23.3121,-193.269,0.00329034,0.0333641,-71.5536,3435.69,-12.8709,-106.706,0.00400679,0.0123033,-70.0224
4.789,213.554,-8.03775,22.1021,0.232493,0.198061,-2.69461,-0.213597,-0.0308072,0.00377243,3739.29,3,0.165474,0,0.0492309,-0.0401351,0.00365459,-0.00977529,0.0115704,6379.36,-24.0773,-196.592,-0.000136892,0.0386605,-71.2926,2790.98,-10.5338,-86.0093,-0.000977937,-0.00702199,-69.478,6203.35,-23.413,-191.168,0.00331048,0.033366,-71.5437,3455.39,-13.0415,-106.484,0.00396505,0.0120933,-70.0341
4.799,213.773,-8.07026,22.1018,0.238,0.394142,-1.96855,-0.206062,-0.0305443,0.00379369,3739.29,3,0.165862,0,0.0472259,-0.0394257,0.00448869,-0.00979996,0.0115763,6350.4,-24.1028,-194.029,-0.00211737,0.0373952,-71.2739,2820.07,-10.7035,-86.1638,-0.000229925,-0.00841401,-69.4969,6181.56,-23.462,-188.87,0.00345224,0.0331011,-71.5335,3478.08,-13.201,-106.269,0.00378156,0.0118511,-70.0458
4.809,213.992,-8.10313,22.1034,0.235909,1.02645,-4.33286,-0.206998,-0.0302502,0.00380858,3739.28,3,0.16544,0,0.0451743,-0.0382783,0.00571254,-0.00982323,0.0115828,6311.67,-24.0496,-190.987,0.000524056,0.0372817,-71.2838,2847.89,-10.8515,-86.1756,-0.00154171,-0.0074942,-69.5084,6161.54,-23.4776,-186.445,0.00327713,0.0331259,-71.5206,3497.6,-13.3271,-105.835,0.00391333,0.0118643,-70.0608
4.819,214.21,-8.13637,22.1054,0.242431,2.09302,-1.22603,-0.198818,-0.0299222,0.00381445,3739.37,3,0.165369,0,0.0430781,-0.0373078,0.00668098,-0.0098289,0.0115906,6287.6,-23.9946,-188.195,-0.000884525,0.036055,-71.2575,2879.88,-10.9901,-86.1979,-0.000808594,-0.00878797,-69.5293,6136.81,-23.4192,-183.682,0.00340143,0.0329033,-71.5089,3523.14,-13.4449,-105.451,0.00371539,0.0115136,-70.0729
4.829,214.429,-8.16995,22.1047,0.240571,1.03435,-3.95517,-0.196847,-0.0295655,0.00381559,3739.38,3,0.165186,0,0.0409394,-0.0361717,0.00788856,-0.00987335,0.0115973,6253.51,-23.8714,-184.942,0.000521135,0.0359416,-71.2559,2905.78,-11.0922,-85.9358,-0.00148327,-0.00909264,-69.5478,6112.87,-23.3345,-180.783,0.00332807,0.0328085,-71.4959,3546.87,-13.5394,-104.896,0.00376129,0.011419,-70.0884
4.839,214.647,-8.20388,22.1057,0.242633,1.62427,-3.94595,-0.190942,-0.0291702,0.00380751,3739.58,3,0.165141,0,0.0387603,-0.0345561,0.00888322,-0.00990221,0.0116041,6229.56,-23.7293,-181.769,-0.00083721,0.0343184,-71.228,2938.33,-11.1925,-85.7362,-0.00102435,-0.00971944,-69.5694,6084.98,-23.1786,-177.551,0.00356354,0.0325847,-71.4834,3575.3,-13.6189,-104.322,0.00365571,0.0110535,-70.103
4.849,214.865,-8.2381,22.1056,0.244919,0.518566,-4.58242,-0.184966,-0.0287659,0.0037945,3739.73,3,0.164794,0,0.036543,-0.03464,0.00986816,-0.0099298,0.0116159,6176.46,-23.4464,-177.72,0.000124416,0.0334259,-71.2362,2976.01,-11.2972,-85.6312,-0.00115536,-0.0102786,-69.5869,6056.59,-22.9913,-174.271,0.00347081,0.0323731,-71.4669,3603.73,-13.6801,-103.693,0.0035213,0.0108183,-70.1198
4.859,215.084,-8.27266,22.1062,0.243844,0.250713,-7.12434,-0.181272,-0.0283071,0.00377174,3739.46,3,0.164401,0,0.0342896,-0.0327082,0.0111249,-0.00996661,0.0116235,6151.79,-23.2124,-174.186,0.000380324,0.0319746,-71.2026,3010.9,-11.3609,-85.2527,-0.00105546,-0.0119192,-69.6117,6029.57,-22.7512,-170.725,0.00350998,0.0323558,-71.4523,3630.68,-13.6995,-102.802,0.00353655,0.0106646,-70.1355
4.869,215.302,-8.30751,22.107,0.246155,0.554792,-4.5943,-0.173841,-0.0278278,0.00374323,3739.59,3,0.164464,0,0.0320023,-0.0319548,0.0122943,-0.00999308,0.0116354,6110.48,-22.8819,-170.085,6.37117e-05,0.0320781,-71.1942,3045.52,-11.4045,-84.7719,-0.00125069,-0.0121328,-69.6333,5995.88,-22.4527,-166.895,0.0034547,0.0318171,-71.4368,3665.12,-13.7248,-102.019,0.00340286,0.0102037,-70.1537
4.879,215.52,-8.34265,22.1083,0.247414,0.890711,-3.16108,-0.167141,-0.0273109,0.0037071,3739.6,3,0.164287,0,0.0296835,-0.0306692,0.0134646,-0.0100164,0.0116519,6072.49,-22.5199,-165.887,0.000311793,0.0315493,-71.1784,3080.84,-11.4253,-84.1616,-0.00114731,-0.0129446,-69.6579,5964.44,-22.1191,-162.935,0.00330672,0.0316295,-71.4203,3697.96,-13.7139,-101.02,0.00328718,0.0098285,-70.1721
4.889,215.738,-8.37806,22.1084,0.247724,0.252413,-3.22206,-0.160279,-0.026764,0.00366357,3739.62,3,0.164135,0,0.0273354,-0.0294685,0.0146428,-0.0100593,0.0116557,6032.38,-22.1081,-161.489,-0.000208369,0.0303941,-71.1572,3120.14,-11.435,-83.5275,-0.00133794,-0.0135146,-69.6814,5928.18,-21.7262,-158.7,0.00348072,0.0312695,-71.4028,3734.19,-13.6854,-99.9659,0.0033518,0.00938343,-70.1905
4.899,215.957,-8.41373,22.1096,0.246671,0.995821,-3.38059,-0.155489,-0.0261917,0.00361363,3739.76,3,0.164028,0,0.0249603,-0.0287049,0.0158316,-0.0100974,0.0116675,5979.5,-21.6152,-156.649,6.82741e-05,0.0304784,-71.1488,3161.99,-11.4302,-82.8369,-0.00139409,-0.0141848,-69.7063,5891.92,-21.2986,-154.355,0.00354711,0.0308938,-71.3838,3771.05,-13.6319,-98.7928,0.00321614,0.00898199,-70.2107
4.909,216.175,-8.44966,22.1097,0.246373,0.408927,-3.60342,-0.148297,-0.0255806,0.00355595,3739.81,3,0.163853,0,0.0225605,-0.0275523,0.0169979,-0.0101409,0.0116791,5936.5,-21.1169,-151.892,-0.000409077,0.0292967,-71.1217,3205.34,-11.4018,-82.0123,-0.00139192,-0.0150222,-69.7327,5854.34,-20.8246,-149.79,0.00350307,0.0305081,-71.3661,3809.34,-13.5503,-97.4662,0.00322987,0.0085593,-70.2318
4.919,216.393,-8.48582,22.1109,0.244989,0.595786,-3.33191,-0.142297,-0.0249381,0.00349163,3739.84,3,0.163573,0,0.0201385,-0.0263737,0.0182016,-0.0101789,0.0116899,5890.45,-20.5738,-146.927,-3.91336e-05,0.0290096,-71.1064,3248.75,-11.347,-81.0343,-0.00148252,-0.0155925,-69.7596,5815.36,-20.3115,-145.054,0.0036009,0.0301595,-71.3467,3849.32,-13.4447,-96.0146,0.00306609,0.00804415,-70.2527
4.929,216.611,-8.5222,22.1118,0.244099,1.12513,-2.96733,-0.135044,-0.0242637,0.00342038,3739.9,3,0.163531,0,0.0176966,-0.0252292,0.0193942,-0.0102203,0.0117014,5844.01,-19.9947,-141.825,-0.000803633,0.0283852,-71.0811,3293.97,-11.27,-79.9396,-0.00137762,-0.0165675,-69.7876,5774.42,-19.7566,-140.136,0.00365497,0.0296949,-71.3268,3891.32,-13.3138,-94.4362,0.00296786,0.00753205,-70.2746
4.939,216.829,-8.55879,22.1131,0.242953,0.780468,-2.58506,-0.128371,-0.0235593,0.00334259,3739.96,3,0.163009,0,0.0152373,-0.0241606,0.0206722,-0.0102652,0.0117126,5791.61,-19.3644,-136.471,6.18417e-05,0.0276725,-71.0691,3340.64,-11.1695,-78.7175,-0.00143678,-0.0174063,-69.8156,5732.62,-19.1672,-135.081,0.00362296,0.029252,-71.306,3934.36,-13.1547,-92.7078,0.0029741,0.00718333,-70.2975
4.949,217.047,-8.59557,22.114,0.241207,1.01118,-2.9155,-0.120806,-0.0228212,0.00325799,3740.01,3,0.162829,0,0.0127629,-0.0230766,0.0218979,-0.0103059,0.0117264,5741.62,-18.7111,-131.054,-0.000195046,0.0267827,-71.0432,3389.51,-11.0459,-77.3662,-0.00145998,-0.0182323,-69.8448,5688.71,-18.5387,-129.846,0.0036398,0.028736,-71.2848,3978.85,-12.9665,-90.818,0.00279579,0.00652869,-70.3206
4.959,217.265,-8.63253,22.1146,0.239246,0.627414,-2.70363,-0.113741,-0.0220544,0.00316738,3740.34,3,0.162577,0,0.010276,-0.0221932,0.0231012,-0.0103524,0.0117313,5687.11,-18.0177,-125.446,-0.000223891,0.0262503,-71.023,3440.08,-10.8987,-75.8811,-0.00153629,-0.018937,-69.8744,5644.48,-17.8826,-124.506,0.0037032,0.0283952,-71.2629,4025.01,-12.7519,-88.7835,0.00274805,0.00591952,-70.3446
4.969,217.483,-8.66965,22.1161,0.236975,0.946611,-2.13697,-0.106368,-0.0212553,0.00307005,3740.14,3,0.162246,0,0.00777884,-0.0210232,0.024335,-0.0103985,0.0117425,5635.49,-17.3052,-119.802,-7.63012e-05,0.0259287,-70.9998,3491.29,-10.7209,-74.2198,-0.00151642,-0.0199253,-69.9052,5598.17,-17.1906,-119.009,0.00367653,0.0278669,-71.2406,4072.41,-12.5054,-86.5735,0.00264735,0.00537842,-70.3689
4.979,217.701,-8.70692,22.1168,0.234777,0.0995669,-2.34503,-0.0986515,-0.0204272,0.00296677,3740.2,3,0.161705,0,0.00527405,-0.0198868,0.0255645,-0.0104502,0.0117486,5581.66,-16.563,-114.033,0.000444296,0.0246282,-70.9785,3543.89,-10.5161,-72.4016,-0.00151429,-0.0206458,-69.9359,5551.2,-16.4726,-113.411,0.00367246,0.0273564,-71.2172,4121.2,-12.2292,-84.1962,0.00252493,0.00481227,-70.3931
4.989,217.919,-8.74433,22.118,0.231724,0.909528,-2.35184,-0.0913204,-0.0195715,0.00285813,3740.25,3,0.161643,0,0.00276405,-0.0190173,0.0268799,-0.0104931,0.0117551,5521.26,-15.7835,-108.073,5.36904e-05,0.0242448,-70.9563,3596.73,-10.2819,-70.4024,-0.0015644,-0.021678,-69.9685,5502.82,-15.7308,-107.712,0.00373061,0.0268209,-71.1945,4171.44,-11.9248,-81.6519,0.00245403,0.00419387,-70.4189
4.999,218.137,-8.78185,22.1185,0.228944,0.256887,-1.87364,-0.0834086,-0.018686,0.00274307,3740.32,3,0.161318,0,0.000251327,-0.0179355,0.0280169,-0.0105407,0.011761,5465.59,-14.9951,-102.142,8.23587e-05,0.0237113,-70.9289,3654.01,-10.025,-68.2868,-0.00161129,-0.0224402,-69.9995,5453.55,-14.9621,-101.917,0.00370815,0.0262814,-71.1712,4222.69,-11.5852,-78.9145,0.00238807,0.00356575,-70.4449
5.009,218.355,-8.81948,22.1196,0.225728,0.163384,-1.91119,-0.075637,-0.0177742,0.0026231,3740.36,3,0.160951,0,-0.00226165,-0.0169603,0.0292193,-0.0105907,0.0117612,5406.48,-14.184,-96.1058,0.000170758,0.0227524,-70.9059,3710.11,-9.73353,-65.9511,-0.00161198,-0.0230656,-70.0325,5403.24,-14.1755,-96.0484,0.0037429,0.0257215,-71.1472,4275.04,-11.2156,-75.9934,0.00224491,0.00294637,-70.4703
5.019,218.573,-8.8572,22.1208,0.222186,0.492213,-1.63422,-0.0679575,-0.0168343,0.00249794,3740.39,3,0.160715,0,-0.00477239,-0.0159382,0.0306026,-0.0106399,0.0117656,5346.52,-13.3572,-90.0133,9.39267e-05,0.0222891,-70.8811,3764.14,-9.40395,-63.3726,-0.00158731,-0.0241679,-70.068,5351.95,-13.3708,-90.1047,0.00375894,0.025137,-71.1229,4328.58,-10.8141,-72.8754,0.00217296,0.00231334,-70.4956
5.029,218.791,-8.89498,22.1223,0.218449,0.809586,-1.75778,-0.0604287,-0.0158713,0.00236698,3740.41,3,0.160335,0,-0.00727842,-0.0149458,0.0317174,-0.0106751,0.0117709,5285.78,-12.513,-83.8991,0.00014777,0.0215626,-70.8559,3826.85,-9.05926,-60.7421,-0.00157295,-0.0249961,-70.099,5299.8,-12.5462,-84.1217,0.0037687,0.0245438,-71.0983,4383.13,-10.3761,-69.5716,0.00204135,0.00164819,-70.5208
5.039,219.009,-8.93283,22.1232,0.214515,0.037283,-1.44414,-0.0524619,-0.0148828,0.00223232,3740.4,3,0.159801,0,-0.00977726,-0.0140531,0.0329466,-0.0107463,0.011761,5221.24,-11.6568,-77.7124,0.000593119,0.0207655,-70.8315,3884.28,-8.67193,-57.8132,-0.00150195,-0.0252268,-70.1342,5246.9,-11.7141,-78.0944,0.00373861,0.0239307,-71.0737,4438.67,-9.90964,-66.0647,0.00190335,0.00105453,-70.5454
5.049,219.227,-8.97071,22.1241,0.210955,0.682823,-1.51833,-0.0443035,-0.0138689,0.00209302,3740.27,3,0.159809,0,-0.0122665,-0.0130658,0.0341199,-0.0107893,0.0117588,5158.7,-10.7983,-71.5501,6.26824e-05,0.0205678,-70.8021,3945.85,-8.25953,-54.7281,-0.00162888,-0.0271351,-70.1685,5193.42,-10.871,-72.0317,0.00384621,0.0233351,-71.0488,4496.08,-9.41129,-62.3597,0.00171024,0.000396549,-70.5698
5.059,219.445,-9.00862,22.1252,0.207125,0.534931,-0.256619,-0.0367222,-0.0128328,0.00194954,3740.4,3,0.159524,0,-0.0147436,-0.0121288,0.0353385,-0.0108399,0.0117526,5096.25,-9.93617,-65.403,0.00016202,0.0201359,-70.7762,4006.69,-7.81185,-51.4201,-0.00184296,-0.0273352,-70.2013,5139.94,-10.0214,-65.9637,0.00374713,0.0227817,-71.0235,4554.84,-8.88058,-58.4548,0.00165258,-0.00025873,-70.5961
5.069,219.663,-9.04654,22.1262,0.203256,0.149709,-0.991994,-0.0286863,-0.0117721,0.00180303,3740.48,3,0.159018,0,-0.0172061,-0.0111736,0.0366118,-0.0108921,0.0117422,5030.63,-9.071,-59.2239,0.000256164,0.0189829,-70.7505,4066.71,-7.33291,-47.876,-0.00145333,-0.0285213,-70.2395,5084.61,-9.16834,-59.8594,0.00379788,0.0221403,-70.9976,4616.32,-8.32394,-54.3464,0.00160944,-0.000902178,-70.6258
5.079,219.881,-9.08444,22.1267,0.199637,0.331168,-0.835927,-0.0209115,-0.0106929,0.00165366,3740.66,3,0.159017,0,-0.0196517,-0.0102889,0.0376764,-0.0109452,0.0117268,4963.02,-8.20763,-53.0714,-7.11978e-05,0.0191116,-70.7229,4134.44,-6.83736,-44.2111,-0.0016752,-0.0302219,-70.2707,5029.18,-8.31704,-53.7788,0.00385244,0.0215464,-70.971,4679.04,-7.738,-50.0346,0.00161171,-0.00158927,-70.6613
5.089,220.099,-9.12234,22.1282,0.19523,0.663574,-0.853655,-0.0133509,-0.00958512,0.00150219,3740.91,3,0.158687,0,-0.0220778,-0.00939116,0.0391219,-0.0109912,0.0117167,4898.45,-7.35875,-46.9537,0.000102226,0.0180526,-70.6938,4192.77,-6.29864,-40.1895,-0.00147875,-0.0308398,-70.3107,4973.11,-7.47091,-47.6693,0.00384958,0.0209381,-70.9446,4741.58,-7.1231,-45.45,0.00164668,-0.00215879,-70.697
5.099,220.317,-9.16019,22.128,0.190422,0.00711729,-0.677127,-0.00671973,-0.00846778,0.00134826,3741.18,3,0.158631,0,-0.0244822,-0.00856835,0.0400946,-0.0110422,0.0116979,4830.85,-6.51349,-40.9076,0.000276981,0.0176613,-70.668,4263.63,-5.7487,-36.1043,-0.00230734,-0.03071,-70.3359,4916.29,-6.62869,-41.6311,0.00379385,0.0203353,-70.9182,4802.86,-6.47575,-40.6705,0.00183228,-0.00279545,-70.7355
5.109,220.536,-9.19799,22.1295,0.187118,-0.0545851,-0.210347,0.00202368,-0.00733446,0.0011929,3741.51,3,0.158168,0,-0.0268624,-0.00776673,0.0411371,-0.0110913,0.0116782,4762.5,-5.68136,-34.931,0.000220091,0.0168573,-70.6396,4330.2,-5.16566,-31.7603,-0.00143222,-0.0319112,-70.3753,4858.7,-5.79612,-35.6366,0.00381742,0.0197145,-70.8923,4862.38,-5.80051,-35.6636,0.00174648,-0.00338536,-70.7705
5.119,220.754,-9.23572,22.1302,0.18217,0.209565,-0.173106,0.00890155,-0.0061899,0.00103828,3741.46,3,0.158145,0,-0.0292161,-0.00683807,0.0425512,-0.0111381,0.0116549,4684.74,-4.86416,-28.9984,0.000260488,0.0163199,-70.6087,4390.5,-4.55865,-27.1771,-0.00198717,-0.0325974,-70.4093,4800.96,-4.98484,-29.7178,0.00380447,0.0191147,-70.8669,4918.77,-5.10715,-30.447,0.00187112,-0.00405812,-70.8056
5.129,220.972,-9.27337,22.1312,0.177797,0.0264091,-1.16051,0.0171218,-0.0050532,0.000884574,3741.9,3,0.157729,0,-0.031541,-0.00625534,0.0430955,-0.0111915,0.011622,4586.59,-4.05723,-23.1772,0.000380013,0.0161219,-70.5783,4463.96,-3.94875,-22.5575,-0.00137159,-0.0341211,-70.4397,4744.48,-4.1969,-23.975,0.00393006,0.0184605,-70.8408,4973.21,-4.39923,-25.1309,0.00174996,-0.00470038,-70.8398
5.139,221.19,-9.31093,22.1323,0.172025,0.297701,-0.131471,0.0226586,-0.00390924,0.000733684,3742.06,3,0.157627,0,-0.0338348,-0.00527316,0.0444548,-0.0112313,0.011597,4482.11,-3.28848,-17.5217,0.000936806,0.015561,-70.5418,4517.98,-3.3148,-17.662,-0.0023407,-0.0334081,-70.4718,4690.8,-3.44159,-18.3375,0.00380918,0.0178595,-70.8159,5023.51,-3.6857,-19.6382,0.00187698,-0.00530907,-70.8728
5.149,221.408,-9.34838,22.1336,0.169545,-0.0533387,0.290995,0.0328761,-0.0027699,0.000586776,3742.29,3,0.157142,0,-0.0360951,-0.00442715,0.0455496,-0.0112755,0.0115666,4373.72,-2.5664,-12.1148,0.000361808,0.0144732,-70.5,4571.23,-2.6823,-12.6619,-0.000925137,-0.0355774,-70.5152,4637.13,-2.72097,-12.8444,0.00388208,0.0171565,-70.7909,5073.5,-2.97702,-14.0531,0.00183618,-0.00597584,-70.9031
5.159,221.626,-9.3857,22.1342,0.163264,-0.337979,0.376946,0.0385753,-0.00164673,0.000445015,3742.24,3,0.156983,0,-0.0383199,-0.00364506,0.0465397,-0.0113198,0.0115313,4262.66,-1.89695,-7.01948,0.00103866,0.0144284,-70.4653,4634.04,-2.06222,-7.63103,-0.00206413,-0.0351157,-70.5367,4587.37,-2.04145,-7.55419,0.00385687,0.0165675,-70.7657,5120.62,-2.27876,-8.43231,0.00193527,-0.00660272,-70.9359
5.169,221.844,-9.42288,22.1353,0.160484,-0.236896,1.96404,0.0481686,-0.00053075,0.000310891,3742.55,3,0.156842,0,-0.0405068,-0.00279717,0.0476667,-0.0113597,0.011495,4159.72,-1.29322,-2.20777,0.00038365,0.0131047,-70.423,4687.13,-1.45719,-2.4877,-0.00135932,-0.0360606,-70.5768,4539.42,-1.41127,-2.4093,0.00383261,0.015856,-70.7414,5166.39,-1.60618,-2.74206,0.00195098,-0.0072208,-70.9655
5.179,222.063,-9.45989,22.1363,0.153886,0.588132,-0.169796,0.053858,0.000559559,0.000185184,3742.65,3,0.156809,0,-0.0426537,-0.00208207,0.048437,-0.0114012,0.0114513,4064.18,-0.75262,2.27415,0.000625342,0.0138289,-70.3882,4756.84,-0.88089,2.66173,-0.00239389,-0.0381873,-70.5993,4494.75,-0.832354,2.51508,0.00388813,0.0151677,-70.7163,5210.19,-0.964843,2.91541,0.00215533,-0.00783885,-70.998
5.189,222.281,-9.49675,22.1376,0.149399,0.173147,0.919425,0.0626998,0.00163793,7.05342e-05,3742.82,3,0.156394,0,-0.0447586,-0.00125534,0.0495975,-0.0114318,0.0114162,3983.39,-0.280966,6.52453,0.000411445,0.0122018,-70.3466,4814.2,-0.339567,7.88534,-0.00127584,-0.0379688,-70.6427,4451.91,-0.314013,7.29194,0.00386874,0.0144866,-70.6934,5252.98,-0.370515,8.60403,0.00192093,-0.00849989,-71.0252
5.199,222.499,-9.53341,22.1385,0.14361,-1.69807,1.87837,0.0693842,0.00268565,-3.2578e-05,3742.85,3,0.155541,0,-0.0468193,-0.000588536,0.0504955,-0.0114681,0.0113747,3908.11,0.127319,10.4958,0.00153172,0.0126154,-70.3149,4884.37,0.159124,13.1178,-0.00117476,-0.0379985,-70.6688,4412.33,0.143745,11.85,0.00378152,0.0139097,-70.6687,5293.97,0.172468,14.2178,0.00180171,-0.00913884,-71.0546
5.209,222.718,-9.56987,22.1392,0.139012,0.162785,1.26189,0.0781608,0.0037113,-0.000121517,3742.99,3,0.156169,0,-0.0488337,0.000219137,0.0514638,-0.0114998,0.0113274,3835.94,0.466135,14.2364,0.000405528,0.0113717,-70.2772,4945.6,0.600978,18.3547,-0.00131334,-0.0398752,-70.7056,4373.13,0.531412,16.2301,0.00387032,0.0130309,-70.645,5331.84,0.647913,19.7882,0.00188411,-0.00971173,-71.082
5.219,222.936,-9.60611,22.14,0.131896,-0.231104,0.865929,0.0843007,0.00470287,-0.000197123,3743.05,3,0.155888,0,-0.0508,0.000825534,0.0520972,-0.0115403,0.0112788,3767.17,0.742601,17.7166,0.000901555,0.0113402,-70.2468,5019.01,0.989371,23.6039,-0.00166768,-0.039654,-70.7314,4337.67,0.855062,20.3996,0.003816,0.0124368,-70.6216,5368.3,1.05822,25.2466,0.0020201,-0.0104552,-71.1102
5.229,223.155,-9.64212,22.1413,0.126164,0.854729,-1.05845,0.091719,0.00567234,-0.000258766,3743.11,3,0.155848,0,-0.0527162,0.00160045,0.0529755,-0.0115569,0.0112416,3707.45,0.959377,21.0301,0.000974087,0.0120627,-70.2103,5087.15,1.3164,28.8564,-0.00131831,-0.0434773,-70.7656,4303.18,1.11353,24.4094,0.00371587,0.0117278,-70.5983,5402.73,1.39806,30.6465,0.00179675,-0.0111119,-71.1369
5.239,223.373,-9.67791,22.1407,0.120605,-0.357141,2.29735,0.0992061,0.00662053,-0.000305171,3742.69,3,0.156104,0,-0.0545803,0.00254969,0.0542215,-0.0115846,0.0111947,3652.5,1.11466,24.1818,0.000743538,0.0111692,-70.1759,5138.99,1.5683,34.0233,-0.00235686,-0.0420303,-70.7985,4269.48,1.30295,28.2667,0.00386433,0.0110332,-70.575,5435.39,1.65876,35.9857,0.00204902,-0.0117594,-71.1639
5.249,223.592,-9.71342,22.1433,0.112669,1.29642,-0.826752,0.105802,0.00753138,-0.000338589,3743.16,3,0.155694,0,-0.0563905,0.00304371,0.0546806,-0.0116129,0.0111344,3590.54,1.21575,27.0422,0.000248038,0.00931593,-70.1451,5209.72,1.764,39.2371,-0.00135801,-0.0424567,-70.8292,4235.61,1.43417,31.9006,0.00388871,0.0102895,-70.5523,5468.36,1.85158,41.185,0.00200984,-0.012452,-71.1899
5.259,223.81,-9.74866,22.1435,0.10766,0.438426,-0.530141,0.114087,0.00842423,-0.000358384,3743.17,3,0.155482,0,-0.0581452,0.00375541,0.0554464,-0.0116262,0.0111073,3536.27,1.26739,29.7911,0.00068386,0.00957572,-70.1144,5278.57,1.89182,44.469,-0.00140895,-0.0446159,-70.8598,4202.86,1.50629,35.4067,0.00395295,0.00958655,-70.5288,5499.67,1.97106,46.3316,0.00185143,-0.0131069,-71.2151
5.269,224.029,-9.78363,22.1443,0.102822,0.409407,2.47165,0.12286,0.00930109,-0.000363912,3743.21,3,0.155591,0,-0.0598424,0.00467274,0.0564666,-0.0116453,0.0110577,3488.88,1.2697,32.4514,0.000341654,0.00798764,-70.0793,5331.08,1.94013,49.5863,-0.00143187,-0.0439787,-70.8987,4169.65,1.51745,38.7834,0.00381878,0.00886455,-70.5061,5531.18,2.01295,51.4475,0.00199226,-0.0138003,-71.2389
5.279,224.248,-9.8183,22.143,0.0934509,-2.47019,4.51475,0.126242,0.0101525,-0.000357634,3743.06,3,0.15533,0,-0.0614806,0.00539458,0.0572861,-0.0116665,0.0110113,3438.26,1.2297,34.9082,0.00115955,0.00840391,-70.0558,5399.02,1.93097,54.8155,-0.00228509,-0.040637,-70.9159,4136.76,1.47952,41.9999,0.00335681,0.00820477,-70.4826,5562.47,1.98943,56.4749,0.00205642,-0.0145358,-71.2657
5.289,224.467,-9.85264,22.1463,0.0873982,1.60829,-0.203453,0.135243,0.0109756,-0.000339754,3743.22,3,0.155486,0,-0.063058,0.00567286,0.0572872,-0.0116754,0.0109595,3385.46,1.15029,37.1588,-4.69434e-05,0.00710983,-70.0253,5476.34,1.86072,60.1085,-0.00086218,-0.0449636,-70.9502,4102.63,1.39397,45.0306,0.00383389,0.00736227,-70.4585,5593.85,1.90065,61.3982,0.00199936,-0.0151799,-71.2882
5.299,224.685,-9.88667,22.146,0.082835,-0.598924,3.36818,0.144476,0.0118032,-0.000309182,3743.16,3,0.155148,0,-0.0645733,0.00667387,0.0584118,-0.0116961,0.0109197,3349.17,1.03558,39.5327,0.000130441,0.00633083,-69.9916,5528.05,1.70929,65.2516,-0.000418647,-0.045245,-70.9923,4069.37,1.25827,48.0338,0.00374777,0.00662724,-70.4362,5626.54,1.73975,66.4142,0.00191971,-0.0158476,-71.3117
5.309,224.904,-9.92033,22.1465,0.0747096,-0.203381,2.18973,0.149448,0.0125795,-0.000270423,3743.13,3,0.155191,0,-0.0660249,0.00653702,0.0576927,-0.0117072,0.0108774,3290.16,0.889807,41.3908,0.000327386,0.00680973,-69.9776,5620.19,1.51995,70.7029,-0.00122909,-0.0447566,-70.9988,4037.85,1.09201,50.7968,0.00363924,0.00590822,-70.4121,5657.47,1.53003,71.1718,0.00204411,-0.0164875,-71.3433
5.319,225.123,-9.95372,22.1463,0.06604,0.00866071,3.54647,0.154707,0.0133851,-0.00022011,3743.1,3,0.155667,0,-0.0674112,0.00808232,0.0596182,-0.0117223,0.0108289,3271.76,0.720209,43.7955,0.00100007,0.00602636,-69.9393,5652.83,1.24435,75.6684,-0.00298319,-0.0450685,-71.0438,4006.75,0.882003,53.6341,0.00358164,0.00526548,-70.3894,5686.62,1.25179,76.1207,0.00219112,-0.017076,-71.3596
5.329,225.342,-9.98668,22.1472,0.0615742,-0.387999,2.64883,0.164196,0.0141333,-0.000164469,3743.08,3,0.155209,0,-0.0687311,0.00779707,0.0588102,-0.0117321,0.0107846,3220.98,0.529805,45.5262,-0.000194365,0.00535861,-69.92,5737.36,0.943712,81.0933,-0.000332921,-0.046715,-71.0702,3971.96,0.653329,56.1406,0.00366348,0.00445939,-70.3642,5719.86,0.940834,80.8459,0.00194894,-0.0178404,-71.3822
5.339,225.561,-10.0193,22.1469,0.0516794,-0.28314,2.81639,0.16726,0.0149014,-0.000100137,3742.83,3,0.155572,0,-0.0699831,0.00905128,0.0602805,-0.0117402,0.0107401,3196.24,0.320096,47.6321,0.000661316,0.00547086,-69.8916,5786.79,0.579535,86.2379,-0.00230299,-0.046898,-71.0989,3940.24,0.394606,58.7196,0.00358411,0.00386942,-70.3413,5750.28,0.575878,85.6938,0.0020857,-0.0184715,-71.4051
5.349,225.78,-10.0516,22.1476,0.0446306,-0.931455,2.80736,0.173946,0.0156352,-3.16187e-05,3742.9,3,0.155168,0,-0.0711661,0.00910117,0.0600883,-0.0117479,0.0106969,3149.5,0.0995954,49.2471,0.000413498,0.00479268,-69.8727,5862.09,0.185374,91.6623,-0.00102347,-0.0464145,-71.1251,3906.27,0.123526,61.0802,0.00347081,0.00303883,-70.3152,5782.25,0.18285,90.4139,0.00204092,-0.0191591,-71.4276
5.359,226,-10.0834,22.1487,0.0382468,0.907319,4.32167,0.180895,0.0163609,4.14842e-05,3742.77,3,0.155744,0,-0.0722788,0.0095838,0.0600636,-0.0117499,0.0106551,3109.54,-0.129014,50.8795,0.000171602,0.00390513,-69.8492,5923.57,-0.245767,96.9237,-0.00196948,-0.0460873,-71.1502,3872.74,-0.160679,63.3672,0.00330491,0.00220062,-70.2931,5813.19,-0.241188,95.1176,0.00211942,-0.0197421,-71.4517
5.369,226.219,-10.1149,22.1479,0.0294149,-0.457735,3.73087,0.185098,0.0170968,0.000118724,3742.64,3,0.155621,0,-0.0733202,0.0104505,0.0612882,-0.0117598,0.0106092,3082.73,-0.366048,52.7101,0.000457395,0.00350763,-69.8217,5972.05,-0.709129,102.113,-0.00204219,-0.0470215,-71.1884,3841.21,-0.45611,65.6789,0.003353,0.00170259,-70.2663,5842.91,-0.693795,99.905,0.00215957,-0.0203342,-71.4697
5.379,226.438,-10.1459,22.1497,0.0214871,0.903805,1.36323,0.190625,0.0177942,0.00019577,3742.4,3,0.155386,0,-0.0742892,0.0103238,0.0606757,-0.0117629,0.0105671,3035.61,-0.594376,54.022,-4.20803e-05,0.00319321,-69.806,6048.75,-1.18435,107.644,-0.000752032,-0.0478293,-71.2079,3806.61,-0.745337,67.7427,0.00330207,0.000966828,-70.2405,5874.53,-1.15024,104.544,0.00202382,-0.0209952,-71.4907
5.389,226.658,-10.1765,22.1495,0.0155896,0.259009,6.19976,0.196755,0.0185082,0.000274323,3742.44,3,0.155664,0,-0.075185,0.0110679,0.0614778,-0.0117187,0.0105706,3006.13,-0.824793,55.6443,0.000425514,0.00242598,-69.7817,6090.92,-1.67117,112.745,-0.00185363,-0.0460588,-71.2391,3772.86,-1.03516,69.8368,0.00301777,0.000311767,-70.2166,5903.72,-1.61981,109.28,0.0022535,-0.0216149,-71.5105
5.399,226.877,-10.2067,22.1485,0.00734388,-1.01287,3.39218,0.201196,0.0192014,0.000353263,3742.32,3,0.155483,0,-0.0760065,0.0113218,0.0614749,-0.0117782,0.0104764,2967.7,-1.04857,56.991,0.000189908,0.00240284,-69.7619,6151.88,-2.17363,118.139,-0.000903066,-0.0478317,-71.2653,3738.55,-1.32094,71.7943,0.00295333,-0.000300194,-70.1947,5934.36,-2.09678,113.962,0.00220363,-0.0220917,-71.5292
5.409,227.096,-10.2365,22.1492,-0.000297374,-0.251028,2.83464,0.205352,0.0198869,0.000431205,3742.34,3,0.155616,0,-0.076753,0.0115563,0.0613408,-0.0117702,0.0104335,2926.62,-1.26222,58.2091,0.000215297,0.00223726,-69.7448,6199.88,-2.67395,123.313,-0.00113292,-0.0479088,-71.2834,3703.09,-1.59711,73.6527,0.00304566,-0.000930125,-70.1761,5964.13,-2.57227,118.624,0.00215112,-0.0227507,-71.5478
5.419,227.316,-10.2658,22.1486,-0.00655015,-0.982618,4.42713,0.210776,0.020584,0.000509608,3742.35,3,0.15579,0,-0.0774238,0.0121397,0.0621303,-0.0117749,0.01039,2895.19,-1.47572,59.6029,5.51175e-05,0.00194985,-69.72,6220.27,-3.17057,128.056,-0.000877201,-0.0486779,-71.3161,3667.03,-1.86915,75.4929,0.00299786,-0.00154427,-70.1627,5994.3,-3.05539,123.404,0.00218998,-0.0232827,-71.564
5.429,227.536,-10.2947,22.1484,-0.0141382,-0.805334,4.51178,0.21407,0.0212601,0.00058654,3742.45,3,0.156063,0,-0.0780181,0.0123846,0.0620975,-0.0117738,0.010347,2853.9,-1.67431,60.6834,0.000575449,0.00150457,-69.7057,6247.3,-3.66512,132.838,-0.00206703,-0.0480255,-71.3203,3631.35,-2.13041,77.2145,0.00324034,-0.00208232,-70.1492,6024.3,-3.53429,128.097,0.0022676,-0.0237432,-71.583
5.439,227.755,-10.3231,22.1485,-0.0203882,-0.0724516,2.86536,0.219739,0.0219221,0.000662551,3742.68,3,0.156304,0,-0.0785355,0.0122143,0.0616239,-0.0117681,0.0103088,2809.35,-1.86178,61.5966,-0.000238697,0.00179371,-69.6871,6279.03,-4.16118,137.672,-0.00095465,-0.0500082,-71.3372,3595.9,-2.38304,78.8424,0.00352515,-0.002784,-70.14,6056.62,-4.01378,132.795,0.00195485,-0.0244707,-71.597
5.449,227.975,-10.351,22.1484,-0.0297524,-0.727896,2.66544,0.22097,0.0225864,0.000739051,3742.87,3,0.15621,0,-0.0789754,0.0126527,0.0618985,-0.0117684,0.0102595,2776.12,-2.05221,62.7132,0.000645096,0.00202177,-69.6699,6295.19,-4.65365,142.21,-0.00134673,-0.0497244,-71.3542,3567.51,-2.63724,80.591,0.00332402,-0.00326629,-70.1318,6083.17,-4.49691,137.42,0.00224671,-0.0248135,-71.6137
5.459,228.195,-10.3785,22.1484,-0.0353116,-0.583596,4.52361,0.226351,0.0232322,0.000815712,3743.04,3,0.156507,0,-0.0793373,0.0127622,0.0618304,-0.0117687,0.0102159,2742.34,-2.23756,63.722,0.000227804,0.00059919,-69.6508,6311.08,-5.14941,146.647,-0.00136092,-0.0488071,-71.3704,3538.96,-2.88755,82.2327,0.00339253,-0.00389818,-70.1254,6111.8,-4.98681,142.016,0.00224871,-0.0253565,-71.6272
5.469,228.415,-10.4055,22.1479,-0.04647,-0.890913,1.86129,0.226158,0.0238512,0.000892817,3743.4,3,0.156573,0,-0.0796209,0.0126771,0.0615485,-0.0117559,0.0101675,2707.09,-2.41763,64.5798,0.000665199,0.00114783,-69.6392,6340.52,-5.66253,151.258,-0.00173383,-0.0480613,-71.3749,3514.75,-3.13892,83.8469,0.0034874,-0.00432801,-70.1141,6138.19,-5.48184,146.431,0.00231072,-0.0259145,-71.6413
5.479,228.634,-10.432,22.148,-0.0507185,-0.769965,3.75318,0.232294,0.0244653,0.000971706,3743.47,3,0.156791,0,-0.079826,0.012726,0.061482,-0.0117665,0.010124,2681.5,-2.60641,65.6166,1.63026e-05,0.000195787,-69.6187,6359.23,-6.18116,155.611,-0.000943332,-0.0489732,-71.3965,3491.89,-3.39411,85.4471,0.00362053,-0.00497332,-70.1111,6163.54,-5.99094,150.823,0.00227508,-0.0263126,-71.6549
5.489,228.854,-10.4581,22.1482,-0.0589033,-0.968729,3.88121,0.234303,0.0250493,0.00105181,3743.83,3,0.156779,0,-0.0799522,0.0126035,0.060974,-0.0117597,0.0100897,2654.42,-2.79283,66.5051,0.000209686,0.000413713,-69.6071,6387.71,-6.72079,160.041,-0.000864744,-0.0481354,-71.4047,3471.77,-3.6528,86.9834,0.00363353,-0.0054647,-70.1047,6186.47,-6.50906,154.999,0.00230962,-0.0267803,-71.6677
5.499,229.074,-10.4837,22.1487,-0.0660282,-0.150509,4.13474,0.237635,0.025628,0.00113512,3743.8,3,0.157068,0,-0.0799996,0.0128638,0.0613744,-0.01174,0.0100511,2640.67,-2.99847,67.6898,3.52223e-05,-0.000216412,-69.5862,6397.57,-7.2644,163.992,-0.000713924,-0.0488967,-71.4292,3452.9,-3.92075,88.5102,0.00368502,-0.00598593,-70.1001,6207.94,-7.04908,159.132,0.00231442,-0.0272179,-71.6782
5.509,229.294,-10.5088,22.1477,-0.0734073,-0.870878,4.51651,0.239228,0.0261651,0.00121968,3743.96,3,0.157309,0,-0.079968,0.0125475,0.0606964,-0.011733,0.010012,2616.24,-3.19208,68.47,0.000493266,0.000518686,-69.5821,6428.84,-7.84384,168.25,-0.00142745,-0.0484033,-71.4229,3435.49,-4.19165,89.9106,0.00379255,-0.00645669,-70.0947,6227.31,-7.59795,162.976,0.00233439,-0.0276353,-71.691
5.519,229.515,-10.5334,22.1486,-0.0787806,0.260958,8.16983,0.243312,0.0266811,0.00130751,3744.16,3,0.157753,0,-0.0798575,0.0122811,0.0603016,-0.0117254,0.00997921,2594.46,-3.39348,69.2393,-0.000339409,-0.00060229,-69.5669,6439.85,-8.42316,171.863,-0.000694844,-0.0459628,-71.4401,3415.6,-4.46752,91.1535,0.00358538,-0.0072547,-70.0916,6245.59,-8.16907,166.679,0.0022592,-0.0280495,-71.7023
5.529,229.735,-10.5576,22.148,-0.0880219,-0.720961,4.05324,0.243879,0.0271842,0.00139774,3744.29,3,0.157492,0,-0.0796682,0.0123894,0.0602748,-0.0117222,0.00993668,2585.3,-3.61492,70.2968,-0.00015719,-9.72249e-05,-69.5529,6462.67,-9.03648,175.726,-0.000195225,-0.0488456,-71.455,3403.84,-4.75944,92.5535,0.00388505,-0.00743941,-70.0865,6259.5,-8.7524,170.202,0.00233409,-0.0285234,-71.7092
5.539,229.955,-10.5812,22.1467,-0.0947814,-1.16528,6.54585,0.244856,0.0276533,0.00149049,3744.52,3,0.158105,0,-0.0794003,0.012309,0.0599112,-0.0117327,0.00990241,2570.79,-3.83322,71.1089,0.000459536,-0.000163013,-69.5494,6476.42,-9.65677,179.14,-0.00204987,-0.0467668,-71.4503,3389.64,-5.05418,93.7586,0.003828,-0.00786269,-70.0821,6272.73,-9.35306,173.506,0.00254981,-0.0288812,-71.7189
5.549,230.175,-10.6044,22.148,-0.103926,0.0634652,2.88863,0.245165,0.0280892,0.00158493,3744.56,3,0.158019,0,-0.079054,0.0117972,0.0592563,-0.011707,0.0098675,2556.21,-4.05303,71.8208,-8.66188e-05,-0.000167934,-69.5386,6495.22,-10.2986,182.493,-0.000582397,-0.0482367,-71.463,3378.18,-5.35631,94.9153,0.00400082,-0.00808689,-70.0777,6284.52,-9.96447,176.573,0.00245926,-0.0293051,-71.7246
5.559,230.395,-10.6271,22.1473,-0.108967,-0.682775,6.12218,0.248667,0.028511,0.00168193,3744.66,3,0.158304,0,-0.0786297,0.0116951,0.0590923,-0.0116955,0.00984253,2551.05,-4.29242,72.7525,0.000135403,4.18274e-05,-69.5297,6503.75,-10.9433,185.478,-0.00124178,-0.047417,-71.471,3365.38,-5.66263,95.9762,0.0040081,-0.00876253,-70.076,6294.83,-10.5917,179.52,0.00244552,-0.0297088,-71.7321
5.569,230.616,-10.6492,22.1473,-0.116608,-0.781023,4.35543,0.2498,0.0288904,0.00178016,3744.88,3,0.158284,0,-0.0781278,0.0110917,0.0581774,-0.0116978,0.00980843,2540.48,-4.52436,73.4159,-0.000478855,-4.50269e-05,-69.523,6520.64,-11.6127,188.436,-5.01718e-05,-0.0479251,-71.4799,3356.11,-5.97692,96.9863,0.00404235,-0.0091712,-70.0726,6302.99,-11.225,182.147,0.00245931,-0.0299168,-71.7371
5.579,230.836,-10.6709,22.1474,-0.122976,-0.424507,5.29003,0.251098,0.0292543,0.00188062,3744.92,3,0.158587,0,-0.0775488,0.011071,0.0579123,-0.0116785,0.0097872,2541.1,-4.7809,74.3594,-0.00023137,-0.000409722,-69.5151,6523.87,-12.2742,190.906,-0.000630298,-0.0475359,-71.4895,3348.6,-6.30015,97.989,0.00412671,-0.00950893,-70.0711,6310.01,-11.8718,184.648,0.00256308,-0.0304021,-71.7421
5.589,231.057,-10.6921,22.1468,-0.129407,-0.0299783,4.479,0.251955,0.0295733,0.00198171,3745.06,3,0.159064,0,-0.0768932,0.0104127,0.0568563,-0.0116733,0.00976489,2531.88,-5.01965,74.8977,-0.000230317,-0.000515188,-69.5151,6538.15,-12.9624,193.411,-0.00122332,-0.0476973,-71.4849,3342.51,-6.6268,98.8777,0.00404477,-0.00981954,-70.0692,6315.31,-12.5206,186.819,0.00266717,-0.0306402,-71.747
5.599,231.277,-10.7129,22.1465,-0.137559,-0.119432,5.31345,0.251096,0.029886,0.00208465,3745.04,3,0.159289,0,-0.0761618,0.0105056,0.0572777,-0.0116613,0.00974315,2544.66,-5.30711,76.0723,-3.23646e-05,-0.000110533,-69.5051,6529.92,-13.6187,195.211,-0.00163315,-0.0472502,-71.4962,3337.44,-6.96051,99.7722,0.00410016,-0.0101796,-70.0691,6319.77,-13.1804,188.929,0.0026541,-0.0310081,-71.7495
5.609,231.498,-10.7331,22.1467,-0.141976,-1.37549,7.21827,0.253447,0.0301343,0.00218609,3745.13,3,0.158887,0,-0.0753552,0.00930005,0.05558,-0.0116556,0.00972687,2530.28,-5.53396,76.2714,-0.000386307,3.52899e-05,-69.5132,6552.74,-14.3314,197.522,-6.06574e-05,-0.0454326,-71.4889,3332.21,-7.28784,100.444,0.00407198,-0.0106312,-70.067,6324.08,-13.8313,190.629,0.00261169,-0.031406,-71.753
5.619,231.718,-10.7529,22.1464,-0.152371,-0.817166,5.30617,0.250122,0.0303884,0.00228961,3745.25,3,0.159293,0,-0.0744743,0.00964107,0.0557059,-0.0116529,0.00970968,2551.86,-5.84549,77.571,0.00017593,0.000144492,-69.5023,6542.05,-14.9857,198.864,-0.00132197,-0.0453099,-71.5024,3332.72,-7.63416,101.307,0.00398812,-0.0108506,-70.0692,6323.64,-14.4854,192.225,0.00278034,-0.031595,-71.7544
5.629,231.939,-10.7722,22.1503,-0.160674,4.20247,1.0164,0.248864,0.0305916,0.00239156,3745.5,3,0.159675,0,-0.0735198,0.00871713,0.0549029,-0.0116338,0.00971058,2544.78,-6.08884,77.8732,-0.0006717,0.000244569,-69.5081,6550.7,-15.6738,200.459,-0.000706327,-0.0461263,-71.4997,3330.54,-7.96893,101.919,0.00420666,-0.0111675,-70.0634,6325.32,-15.1345,193.562,0.00272101,-0.031974,-71.7496
5.639,232.159,-10.791,22.1461,-0.162089,-0.633871,5.59806,0.252905,0.0307809,0.00249404,3745.47,3,0.159708,0,-0.0724928,0.00821516,0.0540773,-0.0116312,0.00968624,2558.68,-6.38448,78.7832,-0.00113554,-1.88888e-05,-69.5025,6545.97,-16.3337,201.554,2.38351e-05,-0.0461987,-71.5087,3328.32,-8.30492,102.481,0.00428091,-0.0114608,-70.0705,6326.37,-15.7857,194.793,0.00263423,-0.0322193,-71.7549
5.649,232.38,-10.8093,22.1464,-0.17089,-0.318743,4.85543,0.249388,0.0309351,0.00259433,3745.41,3,0.159771,0,-0.0713943,0.00775997,0.0534447,-0.0116237,0.00967739,2565.86,-6.6599,79.4005,3.63332e-05,0.00113462,-69.5112,6548.71,-16.9977,202.65,-0.00111143,-0.0451108,-71.4995,3330.67,-8.64502,103.068,0.00413389,-0.0116467,-70.0717,6323.41,-16.4129,195.678,0.00279972,-0.0323618,-71.7557
5.659,232.601,-10.8271,22.1463,-0.175958,0.361201,4.37523,0.24956,0.0310631,0.00269313,3745.66,3,0.160187,0,-0.0702253,0.00704813,0.0525837,-0.0116174,0.00967233,2574.76,-6.93754,80.0059,-0.000642632,0.000951744,-69.5091,6546.81,-17.64,203.43,-0.00114052,-0.0456865,-71.501,3332.14,-8.97826,103.54,0.00420885,-0.0118466,-70.0738,6321.16,-17.032,196.418,0.0028047,-0.0326022,-71.7542
5.669,232.822,-10.8445,22.1468,-0.184043,-0.306799,3.01933,0.247398,0.0311539,0.0027891,3745.73,3,0.159753,0,-0.068987,0.00619427,0.0512932,-0.0116115,0.00966334,2581.94,-7.20479,80.4635,-0.000606439,0.00158327,-69.5144,6551.26,-18.281,204.163,6.76991e-06,-0.0439953,-71.5005,3335.59,-9.30782,103.95,0.00410305,-0.0121244,-70.0765,6317.59,-17.629,196.881,0.0027933,-0.0329388,-71.7529
5.679,233.042,-10.8614,22.1459,-0.189771,-1.22316,5.21842,0.244508,0.031231,0.00288326,3745.63,3,0.159927,0,-0.0676806,0.00581456,0.0508935,-0.0116078,0.0096676,2604.22,-7.51233,81.359,-0.00021096,0.00205484,-69.5155,6538.1,-18.8603,204.258,-0.000860607,-0.0428009,-71.4973,3344.77,-9.64858,104.495,0.00453075,-0.01159,-70.0684,6312.51,-18.2095,197.21,0.00334181,-0.0334062,-71.7376
5.689,233.263,-10.8778,22.1466,-0.193196,0.0601891,4.92539,0.245898,0.0312779,0.00297485,3745.85,3,0.160237,0,-0.0663074,0.00507689,0.0502319,-0.0116004,0.00966916,2620.63,-7.79981,81.9946,-0.000874588,0.00170518,-69.5178,6519.54,-19.4042,203.984,-0.000146915,-0.044195,-71.5063,3345.45,-9.95709,104.673,0.00413408,-0.0124203,-70.0851,6305.35,-18.7667,197.282,0.00282942,-0.0331815,-71.7454
5.699,233.484,-10.8938,22.1473,-0.203629,0.493391,-3.10045,0.24042,0.0312806,0.00306081,3745.91,3,0.159956,0,-0.0648688,0.00412865,0.0487987,-0.0115966,0.00970856,2627.46,-8.04612,82.2152,-0.000316163,0.00375422,-69.5299,6531.87,-20.0027,204.388,-0.000379022,-0.0469546,-71.4866,3354.28,-10.2719,104.958,0.00407311,-0.0121652,-70.0935,6297.68,-19.2855,197.06,0.00256776,-0.0334333,-71.7473
5.709,233.705,-10.9094,22.1464,-0.204688,-0.576939,5.03317,0.241112,0.0312764,0.00314558,3745.98,3,0.160226,0,-0.0633661,0.00362021,0.0483332,-0.0115977,0.00967727,2650.47,-8.34135,82.924,-0.000988766,0.0025903,-69.53,6504.1,-20.4692,203.491,0.000178746,-0.0425312,-71.5009,3360.61,-10.5763,105.142,0.00398769,-0.0126047,-70.0957,6288.93,-19.792,196.759,0.00286892,-0.033416,-71.7375
5.719,233.926,-10.9245,22.1461,-0.21077,-0.384286,5.9291,0.236724,0.0312387,0.00322482,3746.13,3,0.16055,0,-0.061801,0.00289954,0.0475058,-0.0115981,0.00968387,2668.64,-8.61011,83.3919,-0.000360506,0.00337447,-69.5422,6490.2,-20.94,202.811,-0.00128422,-0.0405685,-71.4876,3370.35,-10.8741,105.32,0.00381865,-0.0127,-70.1022,6278.14,-20.2558,196.185,0.00301736,-0.0334178,-71.7332
5.729,234.147,-10.9391,22.1474,-0.213841,0.908813,4.88693,0.236773,0.0311739,0.00329925,3746.1,3,0.160586,0,-0.0601748,0.00199796,0.0465418,-0.0115953,0.00968728,2687.16,-8.86998,83.7965,-0.00091268,0.00307619,-69.5499,6476.47,-21.378,201.962,-0.000686126,-0.04158,-71.4832,3379.4,-11.155,105.383,0.00409342,-0.0127745,-70.1086,6268.34,-20.691,195.472,0.00295892,-0.0336186,-71.7261
5.739,234.368,-10.9534,22.1449,-0.22014,0.430575,4.01927,0.230634,0.0310958,0.00337015,3746.22,3,0.161465,0,-0.0584892,0.00174025,0.0464011,-0.0115956,0.00969919,2717.96,-9.16441,84.5445,7.94221e-05,0.00390258,-69.5601,6449.98,-21.748,200.632,-0.00370829,-0.041566,-71.4661,3391.33,-11.4349,105.49,0.00389924,-0.0126771,-70.1167,6256.16,-21.0945,194.603,0.00328198,-0.0335799,-71.7201
5.749,234.589,-10.9672,22.147,-0.221826,-0.388836,4.31914,0.23155,0.0309596,0.00343282,3746.37,3,0.160326,0,-0.056746,-8.62443e-05,0.044095,-0.0115929,0.00972113,2720.08,-9.34207,84.2395,-0.0011787,0.0040914,-69.5752,6455.63,-22.1717,199.927,0.000354134,-0.0407766,-71.4664,3402.28,-11.685,105.367,0.00395682,-0.0127899,-70.1232,6244.39,-21.4462,193.385,0.00296722,-0.0337232,-71.7122
5.759,234.81,-10.9806,22.1465,-0.226547,-0.418211,5.09033,0.227379,0.0308341,0.00349205,3746.43,3,0.160622,0,-0.0549467,-0.000373597,0.0439128,-0.0115949,0.0097345,2752.6,-9.6168,84.9008,-0.00115,0.00444911,-69.5794,6425.21,-22.4479,198.178,-0.000239625,-0.0400684,-71.471,3415.32,-11.9322,105.342,0.00391173,-0.0127561,-70.133,6230.16,-21.7664,192.163,0.003064,-0.0337101,-71.7035
5.769,235.031,-10.9935,22.1467,-0.231376,-0.407024,4.7798,0.222435,0.030653,0.00354401,3746.06,3,0.160596,0,-0.0530932,-0.00166552,0.0423623,-0.0115954,0.00975089,2765.82,-9.80675,84.8073,-0.00048337,0.00584431,-69.6017,6416.93,-22.7524,196.76,-0.000956956,-0.0386139,-71.4453,3431.91,-12.1685,105.231,0.00403142,-0.0124253,-70.1375,6215.23,-22.0373,190.575,0.00313892,-0.0337434,-71.6961
5.779,235.252,-11.0061,22.1471,-0.233581,-0.194731,4.76062,0.220328,0.0304653,0.00359141,3746.66,3,0.160576,0,-0.0511873,-0.00237388,0.0418993,-0.0115977,0.00976917,2797.84,-10.0529,85.2636,-0.00123447,0.00554741,-69.6062,6382.88,-22.9343,194.517,-0.000114004,-0.039143,-71.4551,3446.75,-12.3845,105.039,0.00384028,-0.012607,-70.1524,6197.91,-22.2697,188.88,0.0031068,-0.0336538,-71.6849
5.789,235.473,-11.0183,22.1483,-0.239648,-1.06378,6.45391,0.212724,0.0302291,0.00363039,3746.8,3,0.15981,0,-0.0492309,-0.00356982,0.040482,-0.0115987,0.00979149,2818.11,-10.2356,85.2148,-0.0003071,0.0084389,-69.6303,6371.77,-23.1427,192.671,0.00018976,-0.0358406,-71.4299,3463.53,-12.5797,104.731,0.00329294,-0.0124978,-70.1634,6177.82,-22.4382,186.807,0.00329595,-0.0335873,-71.6778
5.799,235.694,-11.0301,22.1484,-0.239333,0.519753,4.30012,0.212769,0.0299828,0.0036651,3746.87,3,0.160449,0,-0.0472259,-0.004392,0.0397223,-0.0116047,0.00981378,2852.44,-10.4593,85.5499,-0.00157261,0.00634702,-69.6355,6330.63,-23.2129,189.867,0.000291278,-0.0381638,-71.4375,3484.39,-12.7765,104.503,0.00374941,-0.0123766,-70.1749,6160.41,-22.5888,184.762,0.00309175,-0.0335032,-71.6634
5.809,235.915,-11.0415,22.148,-0.241662,-0.115841,7.4216,0.207788,0.0296851,0.00369125,3746.02,3,0.160466,0,-0.0451743,-0.00563707,0.0380831,-0.0116017,0.00984414,2871.41,-10.6038,85.2632,-0.00065574,0.007442,-69.6621,6311.07,-23.3061,187.4,-0.00125487,-0.0340562,-71.4035,3503.15,-12.9368,104.022,0.00352523,-0.0125552,-70.1862,6138.81,-22.67,182.285,0.00311954,-0.0333434,-71.6539
5.819,236.137,-11.0526,22.1482,-0.245549,-0.127272,4.61528,0.201762,0.0293742,0.00371223,3747.04,3,0.160388,0,-0.0430781,-0.00649911,0.0375992,-0.0116138,0.00986498,2908.71,-10.8025,85.4654,-0.00106664,0.00825298,-69.6729,6274.23,-23.3015,184.353,-0.000739589,-0.0358091,-71.4051,3530.2,-13.1106,103.727,0.00358131,-0.0119699,-70.1998,6113.1,-22.7031,179.619,0.00325615,-0.0332494,-71.6394
5.829,236.358,-11.0633,22.1485,-0.245465,-0.352034,5.54561,0.198789,0.0290203,0.00372549,3747.16,3,0.160237,0,-0.0409394,-0.00772505,0.0362681,-0.0116189,0.00989372,2936.01,-10.9427,85.228,-0.00112855,0.00808982,-69.6938,6240.98,-23.2606,181.166,-0.000528581,-0.0350692,-71.3894,3553.86,-13.2455,103.163,0.00354347,-0.011727,-70.213,6087.82,-22.6898,176.72,0.0033291,-0.0330382,-71.6258
5.839,236.579,-11.0736,22.1494,-0.250212,-0.457692,3.4178,0.191178,0.0286333,0.00373155,3747.28,3,0.15982,0,-0.0387603,-0.00883833,0.0349179,-0.011628,0.00992908,2969.87,-11.0868,85.0607,-0.00111715,0.00977747,-69.7131,6214.67,-23.2,177.996,0.000128424,-0.034219,-71.3752,3582.07,-13.3722,102.595,0.0034471,-0.0114852,-70.2281,6060,-22.6225,173.565,0.00329406,-0.0329253,-71.6119
5.849,236.8,-11.0837,22.1498,-0.251248,0.475127,4.22947,0.186035,0.0282319,0.00373226,3747.34,3,0.160123,0,-0.036543,-0.00965865,0.0347393,-0.0116345,0.00995549,3010.59,-11.2408,85.0172,-0.000998198,0.0101268,-69.7307,6162.9,-23.0108,174.037,-0.00101266,-0.0339982,-71.3702,3610.59,-13.4811,101.961,0.00338006,-0.0111496,-70.2444,6031.04,-22.5185,170.313,0.00336265,-0.0326418,-71.5957
5.859,237.022,-11.0934,22.1504,-0.250641,-0.166723,4.00094,0.182081,0.0277741,0.00372389,3747.49,3,0.159633,0,-0.0342896,-0.011171,0.0326256,-0.0116458,0.00998648,3039.21,-11.3221,84.433,-0.00133941,0.0110009,-69.7556,6141.71,-22.88,170.624,0.00029457,-0.0338337,-71.3458,3639.28,-13.5576,101.104,0.00331437,-0.0108943,-70.2599,6001.85,-22.359,166.739,0.003288,-0.0324625,-71.5803
5.869,237.243,-11.1028,22.1506,-0.253396,0.272173,3.69718,0.174213,0.027304,0.0037099,3748.01,3,0.159782,0,-0.0320023,-0.012014,0.0322706,-0.0116511,0.0100233,3082.73,-11.4409,84.1919,-0.00103305,0.0120614,-69.7756,6096.22,-22.6249,166.493,-0.00113271,-0.0328022,-71.3304,3671.98,-13.6278,100.285,0.00319094,-0.0104652,-70.2787,5968.53,-22.151,163.005,0.00345561,-0.0321369,-71.5631
5.879,237.464,-11.1119,22.152,-0.252661,0.245113,3.1465,0.169846,0.026791,0.00368835,3747.72,3,0.159232,0,-0.0296835,-0.0133861,0.0308337,-0.011658,0.0100637,3116.9,-11.5004,83.5246,-0.00139992,0.0124535,-69.7998,6061.98,-22.3668,162.445,0.000536395,-0.0327604,-71.319,3703.41,-13.6644,99.2417,0.0032047,-0.0101734,-70.2953,5936.24,-21.9029,159.075,0.00332152,-0.0319051,-71.5463
5.889,237.686,-11.1208,22.1514,-0.254464,-0.834545,3.83282,0.161503,0.0262488,0.00365962,3747.79,3,0.159117,0,-0.0273354,-0.0145013,0.0297636,-0.0116709,0.0101067,3156.94,-11.5572,82.8849,-0.00112074,0.0134751,-69.8252,6024.76,-22.056,158.179,-0.000618808,-0.0302023,-71.2925,3738.58,-13.6866,98.1557,0.00304824,-0.00975888,-70.3135,5901.26,-21.6039,154.936,0.00341333,-0.0315304,-71.5291
5.899,237.907,-11.1294,22.1526,-0.252336,-0.105607,3.69837,0.157451,0.0256803,0.00362519,3747.92,3,0.158942,0,-0.0249603,-0.015694,0.0288345,-0.0116796,0.0101387,3199.08,-11.6011,82.1713,-0.00161878,0.0137405,-69.8468,5972.79,-21.6597,153.417,0.000543043,-0.0311045,-71.2898,3773.81,-13.6853,96.9337,0.00306699,-0.00936385,-70.3332,5865.77,-21.2716,150.668,0.00336574,-0.0312409,-71.5088
5.909,238.128,-11.1377,22.1527,-0.252838,-0.209178,3.20422,0.149183,0.02507,0.00358261,3747.96,3,0.158924,0,-0.0225605,-0.0168501,0.0275438,-0.0116885,0.0101773,3241.98,-11.6185,81.2936,-0.00116691,0.0152863,-69.8756,5933.93,-21.2657,148.795,-0.000756294,-0.030295,-71.2544,3811.98,-13.6612,95.5865,0.00294438,-0.00885735,-70.3529,5827.86,-20.8856,146.135,0.00351078,-0.0308064,-71.4907
5.919,238.35,-11.1458,22.1541,-0.251581,0.46867,3.23854,0.143544,0.0244368,0.0035334,3748.23,3,0.158647,0,-0.0201385,-0.0180165,0.0266139,-0.0116991,0.0102221,3287.29,-11.6188,80.3467,-0.00144172,0.0155611,-69.8998,5883.61,-20.7955,143.805,-0.000233348,-0.0295982,-71.2442,3851.1,-13.6116,94.1274,0.00286912,-0.00842188,-70.3739,5789.03,-20.4612,141.493,0.00346995,-0.0305281,-71.47
5.929,238.571,-11.1536,22.1548,-0.250536,0.311198,3.10032,0.136502,0.0237666,0.0034772,3748.43,3,0.158371,0,-0.0176966,-0.0192876,0.0253783,-0.0117089,0.0102653,3330.74,-11.585,79.1754,-0.00135552,0.0162196,-69.9288,5837.03,-20.3023,138.753,-0.000297011,-0.0285598,-71.2209,3891.86,-13.5366,92.5137,0.00285989,-0.00795314,-70.3953,5748.27,-19.9936,136.643,0.00346374,-0.0300141,-71.4497
5.939,238.793,-11.1613,22.1548,-0.249267,-0.204635,2.78335,0.129205,0.0230674,0.00341447,3748.28,3,0.158171,0,-0.0152373,-0.0204749,0.0242991,-0.0117183,0.0103137,3379.7,-11.543,77.9747,-0.00145108,0.0171025,-69.9557,5786.36,-19.7627,133.5,-0.000332244,-0.0280381,-71.2001,3934.68,-13.4385,90.7789,0.00272228,-0.0074004,-70.4179,5706.24,-19.489,131.651,0.00352788,-0.0295915,-71.4286
5.949,239.014,-11.1687,22.1564,-0.247285,-0.153174,2.99935,0.122509,0.022334,0.00334473,3748.51,3,0.157608,0,-0.0127629,-0.0217438,0.0231676,-0.0117276,0.0103565,3428.63,-11.4707,76.5878,-0.0014464,0.0179283,-69.9849,5736.31,-19.1913,128.136,0.000380411,-0.0271436,-71.1804,3978.64,-13.3108,88.8738,0.00263196,-0.00689323,-70.4405,5663.03,-18.9461,126.499,0.00348485,-0.0292039,-71.4065
5.959,239.235,-11.176,22.1571,-0.245601,0.0881739,2.58545,0.114877,0.0215714,0.00326889,3748.63,3,0.157462,0,-0.010276,-0.0229347,0.0222272,-0.0117362,0.0104033,3479.13,-11.3756,75.0614,-0.00144974,0.0186545,-70.0143,5681.96,-18.5781,122.587,7.66223e-05,-0.0264888,-71.1586,4024.22,-13.1579,86.8217,0.00255933,-0.00633064,-70.4643,5618.01,-18.369,121.207,0.00354038,-0.0287509,-71.3842
5.969,239.457,-11.1831,22.1575,-0.243075,-0.180136,2.62727,0.107711,0.0207783,0.00318662,3748.77,3,0.157225,0,-0.00777884,-0.0241785,0.0211618,-0.0117436,0.0104524,3530.73,-11.2536,73.3733,-0.00151717,0.0194206,-70.0448,5628.47,-17.9397,116.967,7.86483e-05,-0.0258977,-71.1356,4071.2,-12.9762,84.6049,0.00246832,-0.00573719,-70.4886,5571.84,-17.7592,115.79,0.00354953,-0.0281906,-71.3614
5.979,239.678,-11.1901,22.1587,-0.240695,-0.322579,2.5085,0.100114,0.0199544,0.00309795,3748.88,3,0.156721,0,-0.00527405,-0.0254106,0.0200319,-0.0117504,0.0105009,3583.61,-11.1041,71.5183,-0.00140184,0.0203127,-70.0761,5574.71,-17.2737,111.255,0.000521045,-0.0249353,-71.1133,4119.28,-12.7639,82.2088,0.00239112,-0.00518667,-70.513,5524.66,-17.1186,110.256,0.00352457,-0.0277077,-71.3379
5.989,239.9,-11.1969,22.1593,-0.23785,0.0480693,2.34472,0.0924462,0.0191022,0.00300352,3749,3,0.156672,0,-0.00276405,-0.0266288,0.0190058,-0.0117565,0.010549,3638.82,-10.9313,69.5181,-0.00155799,0.0211376,-70.1063,5517.66,-16.5755,105.412,3.99492e-05,-0.0243539,-71.0877,4168.97,-12.5239,79.6463,0.00233725,-0.00456147,-70.5384,5476.08,-16.4506,104.618,0.00357727,-0.0271569,-71.314
5.999,240.121,-11.2036,22.1603,-0.234656,0.0874361,2.53,0.0848217,0.0182221,0.00290346,3749.11,3,0.156309,0,-0.000251327,-0.0278468,0.0180651,-0.0117647,0.0105998,3695.1,-10.7304,67.34,-0.00146625,0.0226263,-70.1389,5458.72,-15.8519,99.4806,0.000301891,-0.0242415,-71.064,4219.79,-12.2541,76.9021,0.00213739,-0.00390707,-70.564,5426.72,-15.7589,98.8974,0.00362904,-0.0266839,-71.2898
6.009,240.343,-11.2102,22.1615,-0.231156,0.285233,1.57443,0.0764837,0.0173228,0.00279709,3749.21,3,0.155951,0,0,-0.0282301,0.0178794,-0.0117634,0.0106496,3755.53,-10.5062,65.0628,-0.00101266,0.0220451,-70.1663,5394.79,-15.092,93.4622,-0.000194139,-0.0241199,-71.0459,4271.57,-11.9498,74.0029,0.0021925,-0.00329995,-70.5895,5376.24,-15.0401,93.1408,0.00364212,-0.0259719,-71.2652
6.019,240.564,-11.2167,22.1615,-0.226691,-0.452599,2.0095,0.0688294,0.0164305,0.00268581,3749.24,3,0.155705,0,0,-0.0279031,0.0183552,-0.0117667,0.010696,3814.24,-10.2458,62.6756,-0.0012211,0.0216574,-70.1832,5336.13,-14.3338,87.6832,-7.63331e-06,-0.0244971,-71.0376,4321.64,-11.6087,71.0131,0.00214556,-0.00260112,-70.6162,5327.41,-14.3104,87.5399,0.00354671,-0.0253936,-71.2402
6.029,240.786,-11.223,22.1627,-0.220677,-0.105705,1.974,0.0626656,0.0155423,0.00256962,3749.3,3,0.155403,0,0,-0.0278981,0.0186546,-0.0117657,0.0107447,3850.06,-9.8944,59.8435,-0.00127952,0.021355,-70.2099,5291.46,-13.5987,82.2479,0.000194378,-0.025266,-71.0207,4367.67,-11.2246,67.889,0.00203227,-0.00191872,-70.6398,5282.92,-13.5768,82.1151,0.00357841,-0.0247462,-71.2159
6.039,241.008,-11.2293,22.1636,-0.214529,0.246524,1.9717,0.0563803,0.0146791,0.00244795,3749.26,3,0.155208,0,0,-0.0276876,0.0192331,-0.0117646,0.0107902,3880.59,-9.50054,56.9675,-0.00120414,0.0210848,-70.2344,5256.87,-12.87,77.1714,-8.63595e-05,-0.0256123,-71.0034,4409.02,-10.7943,64.725,0.00184926,-0.00125217,-70.6611,5243.68,-12.8377,76.9778,0.00354257,-0.0241268,-71.1935
6.049,241.229,-11.2355,22.1646,-0.207404,0.266484,1.46278,0.0511825,0.0138417,0.0023202,3749.21,3,0.154856,0,0,-0.0275368,0.0193635,-0.0117649,0.0108309,3903.39,-9.05752,54.0329,-0.00136982,0.020177,-70.2593,5236.99,-12.152,72.4932,-2.12633e-06,-0.0254841,-70.9817,4444.73,-10.3137,61.5263,0.00188758,-0.000594598,-70.6792,5211.15,-12.0921,72.1356,0.00345673,-0.0235047,-71.1733
6.059,241.451,-11.2415,22.1649,-0.200212,-0.306937,1.66904,0.0457389,0.0130422,0.00218887,3749.19,3,0.154547,0,0,-0.0274252,0.019805,-0.0117543,0.0108837,3924.95,-8.59194,51.193,-0.00127203,0.0207508,-70.2853,5215.29,-11.4166,68.023,-0.000160715,-0.0259307,-70.9657,4476.59,-9.79953,58.3881,0.00180609,6.43584e-05,-70.6959,5184.29,-11.3487,67.6186,0.00342571,-0.0228899,-71.1556
6.069,241.672,-11.2474,22.1663,-0.191952,0.26414,1.86822,0.0418745,0.0122803,0.0020528,3749.09,3,0.154274,0,0,-0.0273223,0.0201699,-0.0117527,0.010914,3946.12,-8.10123,48.462,-0.0012588,0.0206889,-70.3087,5190.98,-10.6569,63.7501,-0.000142755,-0.0263964,-70.9511,4505.29,-9.24919,55.3292,0.00181164,0.000674057,-70.7131,5163.42,-10.6003,63.4116,0.00333707,-0.0222972,-71.1385
6.079,241.894,-11.2532,22.1668,-0.184206,0.335702,1.4909,0.0378285,0.0115537,0.00191338,3749.1,3,0.154165,0,0,-0.0272903,0.0205466,-0.0117444,0.0109556,3965.63,-7.58827,45.8197,-0.00126073,0.0209167,-70.3318,5166.12,-9.88541,59.6904,-0.000531767,-0.0268571,-70.9333,4531.9,-8.67182,52.3625,0.00184712,0.00126331,-70.7325,5146.2,-9.84728,59.4602,0.0033025,-0.0216908,-71.1236
6.089,242.116,-11.2589,22.1681,-0.175964,0.0909513,1.62505,0.0346762,0.0108638,0.00177066,3749.31,3,0.153586,0,0,-0.0272068,0.0209993,-0.0117362,0.0109912,3986.99,-7.06002,43.3157,-0.00100868,0.0210356,-70.3536,5139.77,-9.10132,55.8398,0.000223344,-0.027183,-70.9242,4556.81,-8.06903,49.5064,0.00188336,0.00180685,-70.7529,5131.36,-9.08643,55.7484,0.00316244,-0.0211743,-71.1099
6.099,242.337,-11.2644,22.1688,-0.167763,0.752494,1.4719,0.0316496,0.0102057,0.0016253,3749.5,3,0.15363,0,0,-0.0270914,0.0212226,-0.0117275,0.0110235,4004.59,-6.509,40.8712,-0.00116539,0.0209076,-70.3726,5114.8,-8.31352,52.2021,-0.000313348,-0.0271869,-70.9058,4579.99,-7.44424,46.7437,0.00199834,0.00234483,-70.7728,5116.91,-8.31695,52.2236,0.0031323,-0.0206392,-71.0985
6.109,242.559,-11.2699,22.169,-0.159908,-0.417667,1.34033,0.0285431,0.00958124,0.00147808,3749.7,3,0.153132,0,0,-0.0270548,0.0215196,-0.0117177,0.0110555,4021.19,-5.94393,38.5292,-0.00093436,0.0211713,-70.3899,5091.34,-7.52576,48.7829,-2.96983e-05,-0.0271002,-70.8912,4601.35,-6.80149,44.088,0.00210311,0.00287819,-70.7915,5102.07,-7.54163,48.8857,0.00314518,-0.020171,-71.0886
6.119,242.781,-11.2752,22.1698,-0.151995,0.0283861,1.24853,0.0258621,0.00898843,0.00133051,3749.86,3,0.153049,0,0,-0.0271043,0.0219477,-0.0117088,0.0110818,4033.06,-5.36624,36.2518,-0.000997626,0.0215588,-70.4067,5059.99,-6.73263,45.4826,-0.000193116,-0.0274979,-70.8788,4620.16,-6.1474,41.5291,0.00210682,0.00339072,-70.8084,5085.86,-6.76705,45.7151,0.00308304,-0.0196231,-71.08
6.129,243.002,-11.2804,22.1708,-0.143983,0.0793396,1.25642,0.0237614,0.00842743,0.00118369,3750.02,3,0.152754,0,0,-0.0271025,0.0223376,-0.0116988,0.0111075,4044.15,-4.78721,34.0826,-0.000862042,0.0216524,-70.4223,5019.34,-5.94158,42.3011,-2.47598e-05,-0.0275874,-70.8675,4636.48,-5.48838,39.0745,0.00219826,0.00385556,-70.8241,5069.56,-6.00103,42.7244,0.00301717,-0.0191764,-71.0718
6.139,243.224,-11.2856,22.1718,-0.136518,-0.34612,1.15704,0.0213915,0.0078945,0.00103887,3750.23,3,0.152274,0,0,-0.0270038,0.0225043,-0.0116875,0.011131,4056.2,-4.21399,32.0224,-0.000637875,0.0224846,-70.4345,4975.51,-5.16906,39.28,0.000208944,-0.0280675,-70.8497,4651.13,-4.83206,36.7191,0.00220229,0.00432718,-70.838,5053.01,-5.24957,39.8918,0.00298806,-0.0187329,-71.0649
6.149,243.446,-11.2906,22.1726,-0.128904,0.580009,0.931525,0.0197574,0.00739202,0.000897905,3750.28,3,0.152434,0,0,-0.0269826,0.0227817,-0.0116774,0.0111537,4061.43,-3.64688,30.0227,-0.00100168,0.0222151,-70.4458,4920.03,-4.41783,36.3696,-0.000376269,-0.0279668,-70.8327,4664.02,-4.18796,34.4771,0.00230591,0.00478091,-70.8508,5036.44,-4.52237,37.2302,0.00305257,-0.01833,-71.0584
6.159,243.667,-11.2955,22.1739,-0.121807,0.757756,0.591278,0.0180246,0.00691506,0.000761684,3750.26,3,0.152061,0,0,-0.0270228,0.0229999,-0.0116664,0.011173,4066.98,-3.09783,28.1238,-0.000827208,0.0228313,-70.4573,4866.35,-3.70671,33.6516,-0.000124808,-0.0285644,-70.8173,4675.86,-3.56161,32.3344,0.00232474,0.0051404,-70.8621,5020.45,-3.82409,34.7173,0.00298534,-0.017822,-71.0525
6.169,243.889,-11.3004,22.1748,-0.114976,0.6443,1.03799,0.0164351,0.00646468,0.000632389,3750.4,3,0.151761,0,0,-0.0270809,0.0233873,-0.0116553,0.0111919,4073.41,-2.57604,26.3337,-0.000768383,0.0227225,-70.4678,4812.59,-3.04349,31.1123,-7.12086e-05,-0.0279095,-70.8037,4687.09,-2.96413,30.301,0.00236678,0.00555495,-70.8727,5005.83,-3.1657,32.3616,0.00295321,-0.017484,-71.0469
6.179,244.111,-11.3051,22.1765,-0.10875,1.52067,0.796131,0.0147473,0.00603669,0.000509886,3750.27,3,0.15152,0,0,-0.0270282,0.0235138,-0.0116473,0.0112092,4084.02,-2.08242,24.6543,-0.000750453,0.0235054,-70.4757,4772.64,-2.43354,28.8113,-9.63708e-05,-0.0283397,-70.7848,4697.66,-2.39531,28.3587,0.00232257,0.00583401,-70.8831,4991.81,-2.5453,30.1344,0.00288553,-0.0170095,-71.0428
6.189,244.332,-11.3098,22.176,-0.102137,-0.753667,1.19449,0.0135523,0.00563501,0.000398019,3750.5,3,0.150963,0,0,-0.0270352,0.0238041,-0.0116337,0.011228,4095.41,-1.63008,23.0779,-0.000625167,0.0221499,-70.4856,4734.98,-1.88464,26.6819,0.000145322,-0.026715,-70.7736,4708.56,-1.87412,26.533,0.00244828,0.00623695,-70.8914,4979.65,-1.98203,28.0606,0.00286497,-0.0167551,-71.0374
6.199,244.554,-11.3144,22.1774,-0.0962167,0.112358,0.748889,0.0121748,0.00525512,0.000296552,3750.54,3,0.150863,0,0,-0.0269909,0.0238942,-0.0116238,0.011243,4111.94,-1.21942,21.609,-0.000630251,0.0230953,-70.4937,4709.08,-1.39651,24.747,-9.55499e-06,-0.0276819,-70.7592,4718.66,-1.39934,24.7974,0.00242502,0.00659002,-70.8999,4968.24,-1.47336,26.109,0.00287761,-0.0163928,-71.0335
6.209,244.776,-11.3189,22.1777,-0.090337,-0.0611781,1.1912,0.011071,0.00489913,0.000207143,3750.54,3,0.150836,0,0,-0.0270581,0.0241519,-0.0116121,0.0112577,4125.57,-0.854594,20.2119,-0.000809882,0.022784,-70.5016,4681.28,-0.969707,22.9344,-0.000404141,-0.0269099,-70.7476,4727.71,-0.979325,23.1619,0.00245389,0.00684358,-70.9081,4957.91,-1.02701,24.2896,0.00284876,-0.0160056,-71.0299
6.219,244.998,-11.3234,22.1787,-0.085049,-0.228206,1.12573,0.00980589,0.00456485,0.000129598,3750.53,3,0.150501,0,0,-0.0270738,0.0244404,-0.011601,0.0112705,4145.57,-0.537265,18.924,-0.00073164,0.0237704,-70.5096,4662.85,-0.604304,21.2853,-0.000219862,-0.0275978,-70.7376,4736.5,-0.613848,21.6215,0.00247009,0.00720034,-70.9151,4948.82,-0.641364,22.5907,0.00285516,-0.0157753,-71.0262
6.229,245.219,-11.3278,22.1795,-0.0797867,-0.0223699,0.628985,0.00892173,0.00425187,6.46955e-05,3750.52,3,0.150389,0,0,-0.0270559,0.0246428,-0.0115947,0.0112854,4162.76,-0.269315,17.6996,-0.00082753,0.0235924,-70.5179,4644.18,-0.30046,19.7466,-0.000339071,-0.0277364,-70.7291,4744.09,-0.306924,20.1714,0.00250652,0.00748186,-70.9216,4940.41,-0.319625,21.0061,0.00284489,-0.0154683,-71.0228
6.239,245.441,-11.3322,22.1814,-0.0751945,-0.725615,0.45646,0.00793039,0.0039576,1.12234e-05,3750.51,3,0.149425,0,0,-0.0269715,0.0245968,-0.0115847,0.0112974,4184.42,-0.046964,16.5604,-9.68494e-05,0.0233687,-70.5251,4634.75,-0.0520183,18.3426,0.000539396,-0.0269245,-70.72,4750.7,-0.0533196,18.8015,0.0024532,0.0077469,-70.9277,4932.89,-0.0553645,19.5225,0.00271015,-0.0152362,-71.0202
6.249,245.663,-11.3364,22.1814,-0.0701723,0.184241,0.724348,0.00713672,0.00368433,-2.79761e-05,3750.49,3,0.149947,0,0,-0.0270915,0.0249554,-0.0115783,0.0113075,4199.93,0.117499,15.474,-0.000778101,0.0239109,-70.5331,4617.42,0.129178,17.0122,-0.000389028,-0.0274121,-70.7135,4757.08,0.133086,17.5268,0.0025104,0.00801094,-70.9334,4925.36,0.137793,18.1467,0.00281214,-0.0149536,-71.0176
6.259,245.885,-11.3407,22.1825,-0.0656966,-0.0885724,0.384525,0.00646912,0.00342688,-5.66935e-05,3750.53,3,0.149537,0,0,-0.0269255,0.0248304,-0.0115693,0.011318,4221.52,0.239334,14.4667,-0.000591717,0.0238599,-70.5399,4610.56,0.26139,15.7999,-0.000153767,-0.0273494,-70.7065,4762.91,0.270028,16.322,0.00250689,0.00822274,-70.9387,4919.04,0.278879,16.857,0.00274805,-0.0146963,-71.0155
6.269,246.107,-11.3449,22.1831,-0.0613993,-0.0889968,0.779294,0.00572813,0.00318597,-7.36129e-05,3750.38,3,0.149392,0,0,-0.026796,0.0248968,-0.0115607,0.0113274,4244.24,0.312432,13.5221,-0.000723898,0.024806,-70.5446,4606.01,0.339064,14.6747,-0.000406753,-0.027799,-70.6971,4768.02,0.350989,15.1908,0.00251408,0.008464,-70.9461,4911.75,0.36157,15.6487,0.00277718,-0.0144738,-71.016
6.279,246.328,-11.349,22.1836,-0.0573766,-0.029581,0.57122,0.0051448,0.00296198,-7.89632e-05,3750.49,3,0.149334,0,0,-0.0269873,0.0253162,-0.0115555,0.0113369,4258.8,0.33629,12.6145,-0.00072526,0.0243012,-70.5549,4592.51,0.362641,13.6029,-0.000377889,-0.0273976,-70.6977,4772.59,0.376861,14.1363,0.00253328,0.00866339,-70.948,4905.53,0.387358,14.5301,0.00276582,-0.0142634,-71.0115
6.289,246.55,-11.3531,22.1854,-0.0536836,-0.771348,0.195108,0.00452754,0.00275001,-7.57317e-05,3750.48,3,0.148394,0,0,-0.026789,0.025107,-0.0115495,0.0113423,4284.76,0.324493,11.7832,3.32903e-05,0.0247142,-70.561,4596.64,0.348112,12.6408,0.000593166,-0.0276499,-70.691,4777.15,0.361783,13.1373,0.00244659,0.00886403,-70.9523,4899.68,0.371063,13.4742,0.00264825,-0.0140716,-71.0102
6.299,246.772,-11.3571,22.1856,-0.0499131,0.20867,0.497117,0.00417268,0.00255356,-6.18553e-05,3750.48,3,0.148845,0,0,-0.0268642,0.0253862,-0.0115421,0.011353,4301.77,0.266088,10.9848,-0.000587112,0.024937,-70.569,4588.36,0.283815,11.7167,-0.000172806,-0.0277604,-70.6907,4781.36,0.295753,12.2095,0.00252579,0.00904531,-70.9559,4894.23,0.302735,12.4977,0.00271494,-0.0138732,-71.0082
6.309,246.994,-11.3611,22.1864,-0.046781,-0.264326,-0.172098,0.00349447,0.00236534,-4.15714e-05,3750.82,3,0.148444,0,0,-0.0264676,0.0249244,-0.0115334,0.0113597,4326.32,0.179852,10.2332,-0.000656113,0.0245191,-70.5708,4596.85,0.191098,10.8731,-0.000355856,-0.0273254,-70.6792,4785.31,0.198932,11.3189,0.0026398,0.00921662,-70.9608,4888.48,0.203221,11.5629,0.00276455,-0.0136816,-71.0088
6.319,247.216,-11.3651,22.1856,-0.0435523,-0.151724,0.546849,0.00296191,0.00219254,-1.08233e-05,3750.49,3,0.148906,0,0,-0.026797,0.0256316,-0.0115301,0.0113674,4342.65,0.0470017,9.52144,-0.00123045,0.0244323,-70.5797,4587.32,0.0496498,10.0579,-0.00116283,-0.0267234,-70.6823,4790.36,0.0518474,10.5031,0.00257199,0.00938083,-70.9636,4883.72,0.0528579,10.7078,0.00276567,-0.0135196,-71.0067
6.329,247.437,-11.3691,22.1881,-0.0401657,0.491545,0.504992,0.00303722,0.00202771,2.28531e-05,3750.52,3,0.148217,0,0,-0.0264927,0.0252878,-0.0115242,0.0113721,4367.15,-0.0998031,8.85534,-0.000423794,0.0251992,-70.5895,4594.57,-0.105,9.31648,-5.09921e-05,-0.0276166,-70.6835,4794.39,-0.109567,9.72166,0.00251927,0.00953263,-70.9661,4879.25,-0.111506,9.89374,0.00266431,-0.0133838,-71.0048
6.339,247.659,-11.373,22.1883,-0.0378406,-0.520527,0.010178,0.00220485,0.00187244,6.29311e-05,3750.25,3,0.147843,0,0,-0.0264632,0.0253021,-0.0115208,0.0113805,4389.62,-0.276244,8.2193,-0.000638204,0.024276,-70.593,4600.12,-0.289491,8.61345,-0.00033071,-0.0264037,-70.6785,4798.65,-0.301985,8.98519,0.00256672,0.00968007,-70.97,4874.89,-0.306783,9.12793,0.00263662,-0.0132625,-71.0052
6.349,247.881,-11.3769,22.1883,-0.0349782,-0.007907,0.314557,0.00215091,0.00172772,0.00010785,3750.57,3,0.148099,0,0,-0.02648,0.0254654,-0.0115142,0.0113851,4405.55,-0.475139,7.61159,-0.000743345,0.0251516,-70.603,4596.56,-0.495739,7.94159,-0.000544209,-0.0271841,-70.6823,4802.64,-0.517966,8.29765,0.0025462,0.00981668,-70.9728,4870.7,-0.525305,8.41523,0.00268324,-0.0131115,-71.0041
6.359,248.103,-11.3807,22.1897,-0.0324694,0.259377,0.283714,0.00191763,0.00159011,0.000154522,3750.61,3,0.14773,0,0,-0.0262418,0.0253117,-0.0115076,0.0113886,4427.25,-0.684109,7.03981,-0.000622311,0.0250022,-70.608,4602.62,-0.711206,7.31865,-0.000393966,-0.0269421,-70.68,4806.65,-0.742735,7.6431,0.00251767,0.00999817,-70.9756,4867.15,-0.752083,7.7393,0.00264846,-0.0130555,-71.0036
6.369,248.325,-11.3845,22.1897,-0.0299559,0.278704,0.508867,0.00179765,0.00146094,0.000203667,3750.67,3,0.147794,0,0,-0.0261681,0.0253335,-0.0115047,0.0113935,4443.54,-0.905003,6.49173,-0.000945703,0.0246679,-70.6138,4603.92,-0.937666,6.72603,-0.000719629,-0.0264753,-70.6799,4810.16,-0.979671,7.02734,0.00255783,0.0100345,-70.9781,4863.48,-0.99053,7.10523,0.00267473,-0.0128579,-71.003
6.379,248.547,-11.3883,22.1905,-0.0277533,0.262969,0.686712,0.00165239,0.00133874,0.000253838,3750.73,3,0.147511,0,0,-0.0260867,0.0252571,-0.0114996,0.0113984,4459.22,-1.13192,5.96974,-0.000707175,0.0247613,-70.6219,4605.8,-1.16913,6.16597,-0.000562685,-0.0262487,-70.6818,4813.43,-1.22183,6.44394,0.00251964,0.0101548,-70.9813,4860.05,-1.23367,6.50634,0.00263642,-0.0127656,-71.0035
6.389,248.769,-11.3921,22.1903,-0.0259804,-0.0400086,0.390351,0.00119052,0.00122411,0.000304601,3750.78,3,0.147532,0,0,-0.0260404,0.0253076,-0.0115076,0.0114088,4474.98,-1.36309,5.47785,-0.000855636,0.0247047,-70.6268,4607.35,-1.40341,5.63988,-0.000789201,-0.026112,-70.6817,4816.43,-1.46709,5.89582,0.00243132,0.0102285,-70.9836,4856.77,-1.47938,5.9452,0.00257369,-0.0126575,-71.0034
6.399,248.99,-11.3959,22.1916,-0.0241218,0.160727,-0.112337,0.00111473,0.00111604,0.000353981,3750.84,3,0.147105,0,0,-0.0259416,0.0252946,-0.0114943,0.0114086,4488.53,-1.58885,5.00939,-0.000599362,0.0244672,-70.6347,4607.59,-1.631,5.14226,-0.000464303,-0.0262282,-70.6848,4819.34,-1.70595,5.37859,0.00252588,0.0103393,-70.986,4853.82,-1.71816,5.41707,0.00260186,-0.012567,-71.0032
6.409,249.212,-11.3996,22.1914,-0.0224357,-0.719018,0.0633763,0.00095803,0.00101372,0.000401585,3750.94,3,0.146871,0,0,-0.0258272,0.0252094,-0.0114884,0.0114086,4505.76,-1.80945,4.56759,-0.000665107,0.0244413,-70.6381,4613.23,-1.8526,4.67654,-0.000560873,-0.0258634,-70.6827,4822.13,-1.9365,4.88831,0.00249004,0.0104229,-70.9885,4851.14,-1.94814,4.91771,0.00257637,-0.0124777,-71.0037
6.419,249.434,-11.4033,22.1924,-0.0205859,-0.223327,0.255837,0.000927031,0.000917899,0.000447978,3750.97,3,0.146694,0,0,-0.0257538,0.0252065,-0.0114866,0.0114164,4514.66,-2.02247,4.144,-0.0003945,0.0253302,-70.6481,4610.79,-2.06553,4.23224,-0.000198323,-0.0266659,-70.6894,4824.66,-2.16134,4.42855,0.00249829,0.0105077,-70.9905,4848.58,-2.17206,4.4505,0.00257335,-0.0124127,-71.0037
6.429,249.656,-11.4071,22.1941,-0.0188654,1.77425,0.743288,0.00097658,0.000827239,0.000490504,3750.89,3,0.146851,0,0,-0.0254622,0.0248705,-0.0114828,0.0114187,4527.59,-2.2208,3.7454,-0.000906561,0.0239319,-70.6489,4612.67,-2.26253,3.81578,-0.000959414,-0.0248505,-70.6853,4826.47,-2.3674,3.99264,0.00245727,0.0104324,-70.9943,4845.58,-2.37678,4.00845,0.00254215,-0.0121912,-71.0058
6.439,249.878,-11.4107,22.1934,-0.0178453,0.153789,0.164757,0.000558586,0.00074309,0.000531822,3751.14,3,0.146505,0,0,-0.0257549,0.0253126,-0.0114798,0.011422,4531.55,-2.40998,3.36735,-0.00071428,0.0247957,-70.6592,4606.19,-2.44967,3.42281,-0.000659736,-0.0258945,-70.6925,4829.46,-2.56841,3.58872,0.00249828,0.0106528,-70.9952,4844.08,-2.57619,3.59959,0.00258024,-0.0122738,-71.005
6.449,250.1,-11.4144,22.1937,-0.0164771,-0.253658,-0.133891,0.000567957,0.000663541,0.000567494,3751.23,3,0.146205,0,0,-0.0254742,0.025099,-0.0114764,0.0114254,4541.89,-2.5775,3.01373,-0.000611482,0.024711,-70.6626,4607.79,-2.6149,3.05746,-0.000474555,-0.0260624,-70.6926,4831.5,-2.74185,3.2059,0.00255555,0.0107226,-70.9971,4842.29,-2.74797,3.21306,0.00259755,-0.0122237,-71.0054
6.459,250.322,-11.4181,22.1937,-0.0152009,0.306869,0.175073,0.000474422,0.000589346,0.000600206,3751.36,3,0.146479,0,0,-0.02549,0.0251824,-0.0114744,0.0114279,4547.17,-2.72924,2.67986,-0.00119586,0.0247266,-70.6654,4604.26,-2.7635,2.7135,-0.00116813,-0.0258077,-70.6917,4833.32,-2.90099,2.8485,0.00254449,0.0107465,-70.9996,4840.55,-2.90533,2.85276,0.00261053,-0.0121312,-71.0065
6.469,250.544,-11.4217,22.1955,-0.0143295,-1.12567,-0.444422,0.000289523,0.000519952,0.00062731,3751.4,3,0.145142,0,0,-0.0254476,0.0250971,-0.0114721,0.0114307,4555.31,-2.85759,2.36854,0.000190668,0.0251432,-70.6734,4606.96,-2.88999,2.3954,0.000446902,-0.0263207,-70.6968,4835.07,-3.03309,2.514,0.00241763,0.0108404,-71.0013,4839.25,-3.03571,2.51617,0.0024522,-0.0121293,-71.0071
6.479,250.766,-11.4254,22.1962,-0.0130693,1.08189,0.154939,0.000375661,0.000456056,0.000651268,3751.49,3,0.145798,0,0,-0.025422,0.0251317,-0.0114708,0.0114335,4557.91,-2.96842,2.07866,-0.000711206,0.0249015,-70.6767,4600.66,-2.99626,2.09816,-0.000644277,-0.025767,-70.6979,4836.44,-3.14982,2.20569,0.0024925,0.0108621,-71.0033,4837.88,-3.15075,2.20634,0.00254812,-0.0120461,-71.008
6.489,250.988,-11.429,22.1959,-0.0121005,0.123228,0.117459,0.000299897,0.000396354,0.000670657,3751.58,3,0.145526,0,0,-0.0253473,0.025101,-0.0114662,0.0114344,4562.48,-3.05986,1.80836,-0.000594339,0.0249532,-70.6812,4598.27,-3.08386,1.82254,-0.000518118,-0.0258112,-70.6995,4837.67,-3.24442,1.91743,0.00247619,0.0109135,-71.0055,4836.79,-3.24383,1.91708,0.00252727,-0.0120077,-71.0093
6.499,251.209,-11.4326,22.1967,-0.0111648,0.23876,0.0954183,0.000278214,0.000341198,0.000685479,3751.67,3,0.145296,0,0,-0.0253081,0.0251278,-0.0114646,0.0114366,4564.94,-3.12917,1.55755,-0.000509348,0.024988,-70.6861,4594.25,-3.14926,1.56755,-0.00048688,-0.0258923,-70.7019,4838.69,-3.31682,1.65095,0.00246846,0.0109428,-71.0068,4835.73,-3.31479,1.64994,0.00251361,-0.0119476,-71.0097
6.509,251.431,-11.4362,22.1967,-0.0107095,-0.494691,-0.249692,-2.50443e-05,0.000289858,0.000695849,3752,3,0.145004,0,0,-0.0251215,0.0249127,-0.0114638,0.0114408,4568.1,-3.17871,1.3241,-0.00048372,0.0247772,-70.6877,4593.13,-3.19613,1.33135,-0.000416839,-0.0255178,-70.7014,4839.76,-3.36775,1.40284,0.00246952,0.0110749,-71.0089,4835.09,-3.36449,1.40149,0.00251114,-0.0120131,-71.0111
6.519,251.653,-11.4398,22.1975,-0.00948975,-0.730374,0.214728,0.000272293,0.000242871,0.000701897,3752.79,3,0.144597,0,0,-0.0251212,0.0248799,-0.011461,0.0114405,4564.75,-3.20398,1.10864,-0.000174564,0.0235945,-70.6918,4584.5,-3.21784,1.11344,-4.17681e-05,-0.0242059,-70.7039,4839.95,-3.39715,1.17548,0.00242127,0.0111372,-71.012,4833.83,-3.39285,1.17399,0.00245257,-0.0120083,-71.0136
6.529,251.875,-11.4434,22.1979,-0.00893863,0.0959061,0.0741104,9.52141e-05,0.000200485,0.00070531,3751.96,3,0.144791,0,0,-0.0253263,0.0252174,-0.0114584,0.0114413,4561.3,-3.21713,0.914474,-0.000486711,0.024891,-70.6977,4574.72,-3.2266,0.917165,-0.000436748,-0.0255846,-70.7083,4841.05,-3.41444,0.970561,0.00245752,0.0110616,-71.0121,4833.61,-3.4092,0.969069,0.00249775,-0.0118578,-71.013
6.539,252.097,-11.447,22.1991,-0.00842155,1.12906,-0.145035,-2.62341e-05,0.000160329,0.000702899,3752.05,3,0.144735,0,0,-0.025042,0.0249501,-0.0114566,0.0114423,4564,-3.20803,0.731743,-0.00064287,0.0251111,-70.6963,4574.86,-3.21567,0.733485,-0.000482521,-0.0258242,-70.7044,4841.42,-3.40303,0.776223,0.00238528,0.0110279,-71.0151,4833.02,-3.39713,0.774876,0.00241532,-0.0117689,-71.0155
6.549,252.319,-11.4506,22.1971,-0.0075839,-1.23098,0.122722,6.08334e-05,0.000124369,0.000697944,3752.19,3,0.144619,0,0,-0.0250898,0.0249769,-0.011455,0.0114434,4564.41,-3.1857,0.56767,-0.000934004,0.0245541,-70.6948,4572.68,-3.19147,0.568699,-0.000878891,-0.0250654,-70.7015,4842.02,-3.37946,0.602197,0.00248743,0.0111191,-71.0161,4832.59,-3.37288,0.601024,0.00252475,-0.011803,-71.0161
6.559,252.541,-11.4542,22.1992,-0.00701862,-0.0563591,0.0224286,7.37071e-05,9.16104e-05,0.000691191,3752.23,3,0.144254,0,0,-0.0252497,0.0251561,-0.0114536,0.0114448,4556.31,-3.14928,0.417405,-0.000437621,0.0250649,-70.706,4560.84,-3.15241,0.41782,-0.000363883,-0.0256895,-70.7116,4842.38,-3.34701,0.443613,0.00245464,0.011153,-71.017,4832.2,-3.33997,0.44268,0.00247993,-0.0117838,-71.0166
6.569,252.763,-11.4577,22.1992,-0.00660337,-0.0693669,0.0184879,-7.80387e-05,6.17516e-05,0.000680514,3752.32,3,0.144272,0,0,-0.0252146,0.0251513,-0.0114525,0.011446,4556.93,-3.10105,0.281398,-0.000959027,0.0246078,-70.7023,4557.67,-3.10156,0.281444,-0.00102813,-0.0251048,-70.706,4842.47,-3.29537,0.29903,0.00256867,0.0111434,-71.0188,4831.56,-3.28794,0.298356,0.00259615,-0.0117183,-71.0181
6.579,252.985,-11.4613,22.2009,-0.0062397,0.472705,-0.235848,-0.00011586,3.46509e-05,0.00066723,3752.39,3,0.143776,0,0,-0.0251979,0.0251837,-0.0114517,0.0114468,4556.2,-3.04003,0.157877,-0.000340807,0.0249838,-70.7084,4553,-3.0379,0.157766,-0.000269605,-0.0256253,-70.712,4842.51,-3.23107,0.167797,0.00243278,0.0111939,-71.02,4831.21,-3.22353,0.167406,0.00245291,-0.0117321,-71.0189
6.589,253.207,-11.4649,22.2003,-0.00557154,-0.201376,-0.0105428,-4.64349e-05,9.43941e-06,0.000652863,3752.34,3,0.143797,0,0,-0.0249507,0.0249882,-0.0114514,0.0114496,4554.86,-2.9737,0.0429952,-0.000644153,0.0248238,-70.7069,4550.43,-2.97081,0.0429534,-0.000650813,-0.0254113,-70.7086,4842.33,-3.16138,0.0457087,0.00247029,0.0111515,-71.0217,4830.44,-3.15362,0.0455966,0.00249106,-0.0116436,-71.0204
6.599,253.429,-11.4684,22.2006,-0.00527313,-0.22447,-0.526809,-0.000163352,-1.22089e-05,0.000636968,3752.55,3,0.14368,0,0,-0.0251994,0.0252137,-0.0114492,0.0114483,4549.86,-2.89812,-0.0555488,-0.000745923,0.0246174,-70.7103,4543.4,-2.894,-0.0554699,-0.00079154,-0.0254931,-70.7114,4842.46,-3.08449,-0.0591211,0.00244793,0.01118,-71.0232,4830.12,-3.07663,-0.0589704,0.002458,-0.0116333,-71.0216
6.609,253.651,-11.472,22.2019,-0.00475466,-0.0820784,-0.0134303,-5.53371e-05,-3.27361e-05,0.000619389,3752.59,3,0.143251,0,0,-0.0252143,0.0251811,-0.011448,0.0114489,4545.77,-2.8156,-0.148811,-0.000282961,0.0251359,-70.7136,4537.89,-2.81072,-0.148553,-0.00022487,-0.0255968,-70.7136,4842.91,-2.99964,-0.158538,0.00239406,0.0113383,-71.0241,4830.3,-2.99183,-0.158125,0.00241601,-0.0117589,-71.0224
6.619,253.873,-11.4755,22.2019,-0.00416491,-0.426346,-0.029345,6.98012e-05,-5.07318e-05,0.00060108,3752.67,3,0.14312,0,0,-0.0251667,0.0252107,-0.0114446,0.011447,4543.51,-2.73101,-0.2305,-0.000545313,0.0238442,-70.7118,4533.14,-2.72478,-0.229974,-0.000542767,-0.0245431,-70.7113,4842.65,-2.91082,-0.245676,0.00244486,0.0112938,-71.0259,4829.72,-2.90305,-0.24502,0.00245422,-0.0116796,-71.0239
6.629,254.095,-11.4791,22.2026,-0.00398711,0.223994,-0.0311156,1.6739e-06,-6.74876e-05,0.000582372,3752.75,3,0.143131,0,0,-0.0252393,0.0252888,-0.0114465,0.0114504,4540.87,-2.64448,-0.306453,-0.000568353,0.0247811,-70.7164,4528.42,-2.63722,-0.305612,-0.000497069,-0.0253115,-70.7152,4842.28,-2.82001,-0.326794,0.00231597,0.0112425,-71.027,4829.19,-2.81238,-0.32591,0.00233052,-0.0116086,-71.0249
6.639,254.317,-11.4826,22.2033,-0.00368276,-1.09593,0.0794533,-6.44e-05,-8.28655e-05,0.000563187,3752.76,3,0.142315,0,0,-0.025231,0.0252462,-0.0114462,0.011451,4540.15,-2.55695,-0.376221,0.000210937,0.0254767,-70.7159,4526.84,-2.54946,-0.375118,0.000124478,-0.0257894,-70.7136,4842.21,-2.72707,-0.401252,0.00238738,0.0112618,-71.0275,4828.64,-2.71943,-0.400128,0.00240409,-0.0115942,-71.0253
6.649,254.539,-11.4861,22.2043,-0.00337965,0.911797,0.114401,-1.8158e-05,-9.65263e-05,0.000545224,3752.84,3,0.142787,0,0,-0.0252928,0.0253154,-0.0114452,0.0114511,4534.65,-2.4724,-0.437713,-0.00055402,0.0250679,-70.7191,4519.51,-2.46414,-0.436251,-0.00054576,-0.025434,-70.7169,4842.61,-2.64031,-0.46744,0.00242181,0.0113089,-71.0293,4828.68,-2.63271,-0.466095,0.00243974,-0.0116119,-71.0269
6.659,254.761,-11.4897,22.2039,-0.00334336,0.140202,-0.205103,-0.000219612,-0.00010935,0.000527048,3752.9,3,0.142654,0,0,-0.0252254,0.0252093,-0.0114433,0.0114507,4534.18,-2.38973,-0.495814,-0.00063224,0.0248023,-70.7174,4518.3,-2.38136,-0.494078,-0.000667191,-0.0251711,-70.7141,4842.48,-2.55222,-0.529527,0.00244331,0.0113164,-71.0318,4828.26,-2.54472,-0.527972,0.00245571,-0.0115961,-71.0293
6.669,254.983,-11.4932,22.2038,-0.00277306,-0.267129,0.337114,-9.57992e-06,-0.000120744,0.000510032,3752.99,3,0.142571,0,0,-0.0252966,0.0253885,-0.0114443,0.0114523,4533.08,-2.31202,-0.547342,-0.000802018,0.0252387,-70.7174,4514.4,-2.30249,-0.545087,-0.000764852,-0.0254826,-70.7143,4842.44,-2.4698,-0.584695,0.00244255,0.0113262,-71.0324,4827.84,-2.46236,-0.582933,0.00246342,-0.0115825,-71.0295
6.679,255.205,-11.4967,22.2049,-0.00273954,-0.262231,-0.0653532,-0.000162656,-0.000131742,0.000493933,3752.99,3,0.142148,0,0,-0.0252686,0.0253639,-0.0114446,0.0114535,4531.52,-2.23827,-0.596992,-0.000346351,0.0256475,-70.7213,4512.69,-2.22896,-0.594511,-0.000352554,-0.026052,-70.7172,4842.45,-2.39184,-0.637954,0.00240606,0.0113411,-71.0328,4827.49,-2.38446,-0.635984,0.00241956,-0.0115775,-71.0299
6.689,255.427,-11.5003,22.2052,-0.0026947,-0.42013,-0.232827,-0.00028266,-0.000141704,0.000478319,3753.15,3,0.141973,0,0,-0.0249439,0.0249773,-0.0114408,0.0114502,4533.98,-2.16869,-0.642482,-0.000399159,0.0262516,-70.7185,4515.36,-2.15978,-0.639843,-0.000364887,-0.0265961,-70.7139,4842.31,-2.31617,-0.686173,0.00240051,0.0113417,-71.0335,4826.86,-2.30878,-0.683983,0.00243144,-0.0115577,-71.0306
6.699,255.649,-11.5038,22.205,-0.00222582,-0.240443,0.325148,-0.00012974,-0.000150372,0.000465935,3753.09,3,0.142217,0,0,-0.0253372,0.0253698,-0.0114433,0.0114534,4523.92,-2.10785,-0.680271,-0.00102129,0.0239847,-70.719,4503.02,-2.09811,-0.677129,-0.00113243,-0.0240556,-70.7137,4842.49,-2.25629,-0.728176,0.00242975,0.0113391,-71.0358,4826.66,-2.24891,-0.725795,0.00246065,-0.0115351,-71.0328
6.709,255.871,-11.5073,22.2067,-0.00207616,-0.0931851,0.0455347,-0.000105526,-0.000158632,0.000453999,3753.14,3,0.141587,0,0,-0.0253898,0.0254742,-0.0114434,0.011454,4524.15,-2.05396,-0.717677,-0.000186343,0.0255172,-70.7264,4502.01,-2.04391,-0.714165,-0.000130572,-0.0258518,-70.7218,4842.36,-2.19843,-0.768155,0.00237869,0.011368,-71.0365,4826.35,-2.19116,-0.765615,0.00239106,-0.0115522,-71.0331
6.719,256.093,-11.5109,22.2077,-0.00199437,0.10443,0.169416,-0.000217172,-0.000166619,0.000442966,3753.13,3,0.14129,0,0,-0.025126,0.0252546,-0.0114432,0.0114545,4531.02,-2.00709,-0.754955,-0.000143619,0.0256184,-70.723,4508.48,-1.9971,-0.7512,-0.000243577,-0.0258012,-70.7169,4842.43,-2.14503,-0.806842,0.00235335,0.0113642,-71.0374,4826.17,-2.13783,-0.804133,0.00237823,-0.0115304,-71.034
6.729,256.315,-11.5144,22.207,-0.00178191,0.646384,-0.0398784,-0.000149692,-0.000173602,0.000436185,3753.23,3,0.141821,0,0,-0.025603,0.0257059,-0.011443,0.0114548,4522.65,-1.97271,-0.785141,-0.000941762,0.0251461,-70.7276,4499.5,-1.96261,-0.781123,-0.000963919,-0.0255077,-70.7219,4842.36,-2.11216,-0.840644,0.00242195,0.0113229,-71.0388,4825.77,-2.10493,-0.837763,0.00243514,-0.0114737,-71.0353
6.739,256.537,-11.5179,22.2077,-0.00158375,0.178478,0.261995,-0.000130201,-0.000180312,0.000428487,3753.31,3,0.141418,0,0,-0.0252414,0.0252993,-0.0114428,0.0114548,4529.67,-1.9409,-0.816754,-0.000560425,0.0247654,-70.7254,4505.52,-1.93056,-0.812401,-0.000695566,-0.0248521,-70.7191,4842.48,-2.07494,-0.873159,0.00238454,0.01137,-71.0395,4825.58,-2.06769,-0.87011,0.00240772,-0.0115093,-71.036
6.749,256.759,-11.5214,22.2059,-0.00175724,1.21659,-0.178078,-0.000284469,-0.000186807,0.000425678,3753.3,3,0.142619,0,0,-0.0257325,0.0257998,-0.0114435,0.0114561,4523.4,-1.92551,-0.845005,-0.00234446,0.024923,-70.7199,4499.55,-1.91536,-0.840549,-0.00250419,-0.0251456,-70.7125,4842.12,-2.06118,-0.904544,0.00257173,0.0113847,-71.0413,4824.94,-2.05387,-0.901334,0.00259531,-0.0115135,-71.0378
6.759,256.981,-11.5249,22.2092,-0.00114596,-0.138656,0.268142,2.8019e-05,-0.000191723,0.000420929,3753.36,3,0.140712,0,0,-0.0252515,0.0253893,-0.0114439,0.0114565,4535.45,-1.9091,-0.869549,-6.65201e-05,0.0257552,-70.7293,4509.37,-1.89812,-0.864549,-1.1754e-05,-0.0260375,-70.7236,4842.12,-2.03819,-0.928346,0.00234189,0.0113899,-71.0419,4824.71,-2.03086,-0.925008,0.00235286,-0.0115105,-71.0382
6.769,257.204,-11.5285,22.2095,-0.0013793,-0.442349,-0.412393,-0.000175385,-0.000197104,0.000418715,3753.63,3,0.140496,0,0,-0.0249254,0.0250927,-0.0114424,0.0114556,4540.13,-1.90102,-0.894877,-0.000214907,0.0243741,-70.7241,4514.17,-1.89015,-0.889762,-0.000324054,-0.0249511,-70.7175,4842.17,-2.02749,-0.954412,0.00241451,0.0115125,-71.0429,4824.63,-2.02014,-0.950954,0.00239707,-0.0116255,-71.0392
6.779,257.426,-11.532,22.2089,-0.00116367,0.286513,0.021989,-0.000150834,-0.000202256,0.000421613,3753.43,3,0.141056,0,0,-0.0256503,0.0257209,-0.0114431,0.0114569,4525.74,-1.90811,-0.91536,-0.000792795,0.0252351,-70.7359,4500.33,-1.8974,-0.91022,-0.000805877,-0.0254228,-70.7286,4842.06,-2.04148,-0.979338,0.00240787,0.0113913,-71.0434,4824.31,-2.03399,-0.975746,0.00242177,-0.0114922,-71.0398
6.789,257.648,-11.5355,22.2101,-0.00119339,0.509939,-0.144188,-0.000221965,-0.000206531,0.000421972,3753.52,3,0.140711,0,0,-0.0251597,0.0252067,-0.0114399,0.0114543,4531.96,-1.91236,-0.935992,-0.000317764,0.0245211,-70.7316,4505.65,-1.90126,-0.930559,-0.000407642,-0.0247537,-70.725,4841.1,-2.04281,-0.99984,0.00223528,0.0112482,-71.0457,4823.1,-2.03521,-0.996122,0.00224664,-0.011342,-71.0419
6.799,257.87,-11.539,22.2123,-0.00094375,4.25933,0.36873,-9.56597e-05,-0.000211337,0.000423618,3753.54,3,0.141381,0,0,-0.0251195,0.0252359,-0.0114406,0.0114562,4537.83,-1.92231,-0.95901,-0.0016495,0.0241613,-70.7217,4509.71,-1.9104,-0.953068,-0.00179766,-0.024188,-70.7134,4841.71,-2.05104,-1.02323,0.00236161,0.0113391,-71.0465,4823.4,-2.04328,-1.01936,0.00241513,-0.0114202,-71.0429
6.809,258.092,-11.5425,22.2109,-0.000917392,0.239363,0.0037022,-0.000131869,-0.000215623,0.00043072,3753.54,3,0.140292,0,0,-0.0256613,0.0257926,-0.0114436,0.0114584,4528.66,-1.95059,-0.976484,-9.69329e-05,0.0259474,-70.7446,4499.81,-1.93816,-0.970263,-6.32663e-05,-0.0262143,-70.7374,4842.09,-2.08558,-1.04407,0.00235064,0.0113968,-71.0459,4823.58,-2.07761,-1.04008,0.0023598,-0.0114794,-71.042
6.819,258.314,-11.5461,22.2142,-0.00047734,3.43415,0.415289,0.000135876,-0.000219298,0.000433284,3753.43,3,0.140299,0,0,-0.024579,0.0247673,-0.0114395,0.0114551,4547.04,-1.97016,-0.997157,-0.000592987,0.0247816,-70.7318,4515.89,-1.95666,-0.990325,-0.000608499,-0.0251663,-70.724,4840.32,-2.09724,-1.06147,0.00232281,0.0112764,-71.0479,4821.27,-2.08898,-1.05729,0.00233694,-0.011342,-71.044
6.829,258.536,-11.5496,22.211,-0.000883718,0.179201,-0.00350366,-0.000184479,-0.000222766,0.000443253,3753.63,3,0.14031,0,0,-0.0257296,0.0258244,-0.0114437,0.0114592,4532.34,-2.00897,-1.00965,-0.000895306,0.0249485,-70.7417,4503.74,-1.99629,-1.00328,-0.000848595,-0.0250801,-70.7341,4842.26,-2.14635,-1.07869,0.00238671,0.0114193,-71.0481,4823.18,-2.13789,-1.07444,0.00240017,-0.0114893,-71.0441
6.839,258.758,-11.5531,22.2133,-0.000551804,1.24524,0.442504,-1.31437e-05,-0.000225724,0.000448948,3753.66,3,0.139768,0,0,-0.0251912,0.0252889,-0.0114493,0.0114634,4545.68,-2.04077,-1.02607,-0.000167968,0.0264774,-70.7387,4515.93,-2.02742,-1.01935,-0.000136586,-0.0264582,-70.7313,4841.87,-2.17375,-1.09293,0.00231111,0.0113783,-71.0491,4822.82,-2.1652,-1.08863,0.00232884,-0.0114424,-71.045
6.849,258.98,-11.5566,22.2117,-0.000665522,-0.164939,0.0617826,-0.000145374,-0.00022897,0.000458129,3753.7,3,0.139904,0,0,-0.0253899,0.0255428,-0.0114441,0.01146,4545.5,-2.08242,-1.04078,-0.000771926,0.0250876,-70.7395,4515.49,-2.06868,-1.03391,-0.000811801,-0.0252802,-70.7314,4842.09,-2.2183,-1.1087,0.00239245,0.0114954,-71.0499,4823.08,-2.20959,-1.10434,0.00240578,-0.0115528,-71.0459
6.859,259.202,-11.5601,22.213,-0.000465067,0.76452,0.207787,-2.19343e-05,-0.000231585,0.000467008,3753.74,3,0.139762,0,0,-0.0253333,0.0254925,-0.0114436,0.0114595,4546.48,-2.12324,-1.0529,-0.000559448,0.0252317,-70.7439,4516.26,-2.10913,-1.0459,-0.000537449,-0.0254726,-70.7359,4841.9,-2.26121,-1.12131,0.00234753,0.0114206,-71.0503,4822.79,-2.25228,-1.11689,0.0023597,-0.0114756,-71.0463
6.869,259.424,-11.5636,22.2121,-0.000353018,-0.0447929,0.396672,2.60036e-05,-0.000233882,0.000476431,3753.8,3,0.13983,0,0,-0.0254039,0.0255141,-0.0114447,0.0114607,4548.85,-2.16721,-1.0639,-0.000898896,0.0250485,-70.7415,4518.34,-2.15268,-1.05676,-0.0010071,-0.0251386,-70.7333,4841.86,-2.30681,-1.13242,0.00236097,0.0114084,-71.0514,4822.66,-2.29766,-1.12793,0.00238663,-0.0114568,-71.0475
6.879,259.646,-11.5672,22.2132,-0.000607804,0.175397,-0.00207265,-0.000170497,-0.000235872,0.000486084,3753.82,3,0.139466,0,0,-0.0253855,0.0254802,-0.0114445,0.0114609,4551.05,-2.21219,-1.07346,-0.0005353,0.0254513,-70.7452,4520.6,-2.19739,-1.06628,-0.000556633,-0.0255875,-70.7371,4841.87,-2.35355,-1.14206,0.0023393,0.0114315,-71.052,4822.46,-2.34412,-1.13748,0.00235264,-0.0114798,-71.0479
6.889,259.869,-11.5707,22.2141,-0.000690731,0.818349,0.182007,-0.000268033,-0.000238054,0.000495365,3753.82,3,0.139354,0,0,-0.0253109,0.025438,-0.0114448,0.0114616,4555.1,-2.25644,-1.08436,-0.000626713,0.0264683,-70.7448,4524.05,-2.24106,-1.07697,-0.000602968,-0.0263792,-70.7367,4841.71,-2.39841,-1.15259,0.00232568,0.0114302,-71.0529,4822.47,-2.38888,-1.14801,0.00234886,-0.0114796,-71.0489
6.899,260.091,-11.5742,22.2142,-0.000473743,0.15852,0.0272708,-0.00013405,-0.000239719,0.000505473,3753.9,3,0.139071,0,0,-0.0253614,0.0255282,-0.0114451,0.0114617,4553.62,-2.30173,-1.09159,-0.000312703,0.0257348,-70.7501,4522.38,-2.28594,-1.0841,-0.000347506,-0.0259695,-70.7416,4841.59,-2.44729,-1.16062,0.00230425,0.0114238,-71.0535,4822.43,-2.4376,-1.15603,0.00231509,-0.0114663,-71.0495
6.909,260.313,-11.5777,22.2135,-0.000366833,-0.124483,-0.469701,-8.25746e-05,-0.000241105,0.000514364,3753.98,3,0.13925,0,0,-0.0252592,0.0253761,-0.0114457,0.0114622,4557.36,-2.34414,-1.0988,-0.000839618,0.0257358,-70.7452,4527.03,-2.32854,-1.09149,-0.000815468,-0.0264114,-70.7369,4841.43,-2.49026,-1.16729,0.00237115,0.0114079,-71.0548,4822.31,-2.48042,-1.16268,0.00235196,-0.0114502,-71.0507
6.919,260.535,-11.5812,22.2145,-0.000543586,-0.280127,-0.182224,-0.00021909,-0.00024265,0.000523901,3754,3,0.138783,0,0,-0.0253662,0.0254554,-0.0114454,0.0114623,4554.69,-2.38621,-1.1052,-0.000309676,0.0254996,-70.7519,4524.35,-2.37031,-1.09783,-0.000287874,-0.0257093,-70.7432,4841.39,-2.53641,-1.17476,0.00229585,0.0114357,-71.0551,4822.29,-2.5264,-1.17013,0.00230185,-0.0114746,-71.0512
6.929,260.757,-11.5847,22.2145,-0.0004856,-0.254992,-0.123001,-0.000198488,-0.000243534,0.000532404,3754.11,3,0.138827,0,0,-0.0252737,0.0254056,-0.0114457,0.0114628,4556.33,-2.42581,-1.10962,-0.000627251,0.0246059,-70.7491,4524.79,-2.40901,-1.10194,-0.000652781,-0.0248458,-70.7408,4841.26,-2.57751,-1.17901,0.00232636,0.0114316,-71.0566,4822.17,-2.56734,-1.17436,0.00234133,-0.0114607,-71.0525
6.939,260.979,-11.5883,22.2149,-0.000501187,0.0104915,-0.36832,-0.000196863,-0.000244413,0.000540892,3754.09,3,0.138786,0,0,-0.0253006,0.025468,-0.0114462,0.0114633,4556.29,-2.46446,-1.11362,-0.000693024,0.0247903,-70.7524,4524.66,-2.44736,-1.10589,-0.000655558,-0.025239,-70.7443,4841.44,-2.6187,-1.18331,0.00233721,0.0114289,-71.0568,4822.25,-2.60832,-1.17862,0.00233254,-0.0114677,-71.0527
6.949,261.201,-11.5918,22.2159,-0.000379474,0.333904,-0.0815213,-0.000134332,-0.00024532,0.000548576,3754.13,3,0.138492,0,0,-0.0252294,0.0253801,-0.0114463,0.0114633,4557.97,-2.50039,-1.11816,-0.000449744,0.025318,-70.7549,4526.17,-2.48295,-1.11036,-0.000447313,-0.0256034,-70.7462,4841.18,-2.65576,-1.18764,0.00223799,0.0114103,-71.0597,4822.12,-2.6453,-1.18296,0.00224185,-0.0114386,-71.0557
6.959,261.423,-11.5953,22.2158,-0.000348254,0.138685,0.0164951,-0.000109316,-0.000245761,0.000556046,3754.24,3,0.138471,0,0,-0.0252828,0.0253892,-0.0114464,0.0114634,4557.51,-2.53419,-1.12006,-0.000554555,0.0253211,-70.756,4526.6,-2.517,-1.11246,-0.000535933,-0.0254827,-70.7478,4841.22,-2.69194,-1.18979,0.00232071,0.0114605,-71.0584,4822.32,-2.68144,-1.18514,0.00233037,-0.0114941,-71.0544
6.969,261.646,-11.5988,22.2156,-0.000406629,0.205779,-0.0171436,-0.000182222,-0.000245797,0.000563622,3754.22,3,0.138583,0,0,-0.0254791,0.0256014,-0.0114466,0.0114638,4554.74,-2.56715,-1.11954,-0.000831319,0.0252351,-70.7572,4523.2,-2.54938,-1.11179,-0.000859182,-0.0253678,-70.7489,4841.24,-2.72863,-1.18996,0.00233458,0.0114275,-71.0592,4822.42,-2.71802,-1.18534,0.00234547,-0.0114583,-71.0552
6.979,261.868,-11.6023,22.2166,-0.000717664,0.34529,-0.66216,-0.000372502,-0.000246242,0.000568909,3754.23,3,0.138261,0,0,-0.0251069,0.0252253,-0.0114455,0.0114635,4558.92,-2.59361,-1.1226,-0.000584879,0.024963,-70.7573,4529.25,-2.57673,-1.11529,-0.000485815,-0.0253449,-70.7488,4840.97,-2.75407,-1.19205,0.00231488,0.0114396,-71.0595,4822.36,-2.74348,-1.18747,0.00230538,-0.0114735,-71.0555
6.989,262.09,-11.6058,22.2164,-0.000265732,0.0262656,0.0108939,-0.000107309,-0.000246412,0.000575094,3754.39,3,0.138227,0,0,-0.0253387,0.0255084,-0.0114477,0.0114648,4557.43,-2.62095,-1.123,-0.000810466,0.0249466,-70.759,4526.27,-2.60303,-1.11533,-0.000794826,-0.0251896,-70.7505,4841.09,-2.78408,-1.1929,0.00231766,0.011524,-71.0606,4822.43,-2.77335,-1.1883,0.00232626,-0.0115511,-71.0566
6.999,262.312,-11.6094,22.2176,-0.000448017,0.31598,-0.481798,-0.00022891,-0.000246445,0.000579508,3754.33,3,0.13781,0,0,-0.0252053,0.025332,-0.0114473,0.0114646,4559.86,-2.64247,-1.12376,-0.000220643,0.0257788,-70.761,4530.06,-2.62521,-1.11641,-0.000211805,-0.0262034,-70.7524,4841.05,-2.80543,-1.19305,0.00228033,0.0114486,-71.0612,4822.45,-2.79465,-1.18847,0.00227103,-0.0114753,-71.0573
7.009,262.534,-11.6129,22.2182,-0.000358416,0.108232,-0.26184,-0.000157449,-0.000246313,0.000583622,3754.34,3,0.137516,0,0,-0.0250917,0.0251624,-0.0114463,0.0114633,4559.1,-2.66079,-1.12297,-8.97238e-05,0.0242753,-70.7612,4528.68,-2.64304,-1.11547,-2.9395e-05,-0.0245378,-70.7533,4839.98,-2.82472,-1.19215,0.00212053,0.0112515,-71.063,4821.49,-2.81393,-1.1876,0.00211487,-0.0112811,-71.0591
7.019,262.756,-11.6164,22.2175,-0.000398834,0.263635,-0.0388606,-0.0002345,-0.000245984,0.000588776,3754.41,3,0.137871,0,0,-0.025422,0.0255621,-0.0114488,0.0114663,4554.16,-2.68138,-1.12025,-0.000571854,0.0253173,-70.7649,4522.29,-2.66262,-1.11241,-0.000613379,-0.025433,-70.7564,4840.74,-2.85011,-1.19075,0.00226662,0.0114388,-71.0627,4822.29,-2.83925,-1.18621,0.00228342,-0.0114627,-71.0588
7.029,262.978,-11.6199,22.218,-0.000321478,-0.163057,-0.0722791,-0.000155638,-0.000245919,0.000590874,3754.44,3,0.13749,0,0,-0.0251764,0.0253257,-0.0114485,0.0114659,4560.99,-2.69497,-1.12163,-0.000383533,0.0250788,-70.7614,4529.13,-2.67615,-1.1138,-0.00038997,-0.0253023,-70.7531,4840.59,-2.86018,-1.19039,0.00223474,0.0114916,-71.0635,4822.25,-2.84934,-1.18588,0.00224634,-0.0115179,-71.0596
7.039,263.201,-11.6234,22.2178,-0.000158311,-0.380404,0.255528,-6.78491e-05,-0.000245856,0.000594056,3754.51,3,0.137475,0,0,-0.0252844,0.025415,-0.0114487,0.0114654,4557.44,-2.70738,-1.12047,-0.000501988,0.0251814,-70.7658,4526.7,-2.68912,-1.11292,-0.000493757,-0.0252106,-70.7571,4840.45,-2.8755,-1.19005,0.00226466,0.0114434,-71.0638,4822.09,-2.86459,-1.18554,0.0022842,-0.011469,-71.06
7.049,263.423,-11.6269,22.2184,-0.000130777,0.46183,-0.12344,-5.81358e-05,-0.000245435,0.000596284,3754.54,3,0.137581,0,0,-0.0252332,0.0253407,-0.0114513,0.0114679,4558.67,-2.71826,-1.11886,-0.00076959,0.0255564,-70.7635,4528.71,-2.7004,-1.11151,-0.000805026,-0.0259084,-70.7548,4840.31,-2.8862,-1.18798,0.00230141,0.0114391,-71.0649,4821.97,-2.87527,-1.18348,0.00230423,-0.0114611,-71.0611
7.059,263.645,-11.6305,22.219,-0.000214187,-0.420843,-0.0801434,-0.000114596,-0.000245108,0.000598234,3754.58,3,0.136983,0,0,-0.0253007,0.0254295,-0.0114489,0.0114657,4556.98,-2.72614,-1.11695,-0.00024072,0.0249145,-70.767,4526.27,-2.70777,-1.10943,-0.000190705,-0.0251835,-70.7586,4840.28,-2.89562,-1.18639,0.00223747,0.0114624,-71.0654,4822,-2.88468,-1.18191,0.00224486,-0.011485,-71.0615
7.069,263.867,-11.634,22.218,-0.000209284,-0.211414,0.20165,-6.83581e-05,-0.00024492,0.000600131,3754.6,3,0.137494,0,0,-0.0253553,0.0255085,-0.0114503,0.0114674,4556.31,-2.73438,-1.11593,-0.000955275,0.0254588,-70.7653,4524.88,-2.71552,-1.10824,-0.000891991,-0.0255313,-70.7576,4840.19,-2.90475,-1.18546,0.00230054,0.0114485,-71.0664,4821.95,-2.8938,-1.18099,0.00231619,-0.0114733,-71.0625
7.079,264.089,-11.6375,22.2198,-0.000164428,0.773059,0.0824313,-9.01912e-05,-0.000244473,0.000600614,3754.68,3,0.137141,0,0,-0.0251298,0.0253086,-0.0114498,0.0114671,4557.07,-2.73704,-1.11408,-0.000642018,0.024895,-70.7675,4525.85,-2.71829,-1.10645,-0.000598258,-0.0251099,-70.7593,4840.14,-2.90705,-1.18328,0.00228402,0.0114744,-71.0675,4821.92,-2.89611,-1.17883,0.0022945,-0.0114946,-71.0637
7.089,264.311,-11.641,22.2194,-0.000295352,-0.253186,-0.243199,-0.000150297,-0.000244375,0.000601644,3754.69,3,0.136865,0,0,-0.0252575,0.0253577,-0.0114509,0.0114677,4555.48,-2.74078,-1.11325,-0.0004621,0.0250555,-70.7698,4525.67,-2.72285,-1.10596,-0.000399206,-0.0253361,-70.7616,4840.01,-2.91196,-1.18278,0.00225878,0.0114462,-71.0672,4821.86,-2.90104,-1.17834,0.00225616,-0.011471,-71.0634
7.099,264.533,-11.6445,22.2194,-0.000238127,-0.228043,0.0646906,-0.000162665,-0.000243983,0.000602367,3754.45,3,0.136895,0,0,-0.0252512,0.025341,-0.0114484,0.0114654,4555.55,-2.74411,-1.11148,-0.00059844,0.0255684,-70.7692,4525.08,-2.72576,-1.10404,-0.000636678,-0.0256164,-70.7605,4840,-2.91545,-1.18088,0.00227406,0.011448,-71.0681,4821.76,-2.90447,-1.17643,0.00228897,-0.0114677,-71.0643
7.109,264.756,-11.6481,22.2205,-7.82885e-05,-0.329969,0.056621,-5.08684e-05,-0.000243351,0.00060219,3754.77,3,0.136394,0,0,-0.0251825,0.0253422,-0.0114512,0.011468,4556.94,-2.74414,-1.10894,-0.000173659,0.0250015,-70.7709,4524.98,-2.7249,-1.10116,-0.000186953,-0.0252647,-70.7629,4839.92,-2.91456,-1.1778,0.00221236,0.0114483,-71.0686,4821.78,-2.90363,-1.17339,0.00222129,-0.0114654,-71.0647
7.119,264.978,-11.6516,22.2201,-0.000174249,-0.283987,-0.0120919,-0.000111368,-0.000243739,0.000602731,3754.79,3,0.136589,0,0,-0.0253074,0.025452,-0.0114521,0.0114691,4553.39,-2.74447,-1.10984,-0.000463204,0.0251396,-70.7729,4522.29,-2.72572,-1.10226,-0.000482446,-0.0253514,-70.7642,4839.96,-2.91719,-1.17969,0.00225602,0.0114908,-71.0693,4821.75,-2.90622,-1.17525,0.00226502,-0.0115114,-71.0655
7.129,265.2,-11.6551,22.2211,-0.000138549,0.262266,-0.0897016,-7.2453e-05,-0.000243297,0.00060215,3754.81,3,0.136407,0,0,-0.0251119,0.0252626,-0.0114509,0.0114681,4556.09,-2.74345,-1.10848,-0.000407051,0.0254254,-70.7712,4525.42,-2.72498,-1.10102,-0.00039795,-0.025747,-70.763,4839.53,-2.91413,-1.17744,0.00223837,0.0114495,-71.0701,4821.32,-2.90316,-1.17301,0.00223952,-0.0114679,-71.0663
7.139,265.422,-11.6586,22.2211,-0.000187522,0.0299099,0.0197042,-0.000103374,-0.000243197,0.000602976,3754.85,3,0.136323,0,0,-0.0253945,0.0254842,-0.0114525,0.0114693,4549.58,-2.74329,-1.10644,-0.000355751,0.0253159,-70.777,4519.63,-2.72523,-1.09916,-0.000342618,-0.0254275,-70.7687,4839.72,-2.91824,-1.177,0.00223264,0.0114469,-71.0703,4821.49,-2.90724,-1.17257,0.00224183,-0.0114675,-71.0665
7.149,265.644,-11.6621,22.2222,-0.000331894,1.11823,0.0127347,-0.000219376,-0.000242808,0.000602046,3754.89,3,0.136315,0,0,-0.025191,0.0253001,-0.0114544,0.011471,4554.5,-2.74202,-1.10587,-0.00053062,0.0257022,-70.7724,4524.03,-2.72367,-1.09847,-0.000531447,-0.0256988,-70.7643,4839.64,-2.91369,-1.1751,0.00223634,0.0114491,-71.0711,4821.4,-2.9027,-1.17067,0.00225093,-0.0114704,-71.0672
7.159,265.867,-11.6657,22.2213,-0.00014108,0.0331478,0.292029,-7.30218e-05,-0.000242277,0.000602573,3754.92,3,0.136244,0,0,-0.0252017,0.0253795,-0.0114534,0.0114701,4554,-2.74412,-1.10333,-0.000644623,0.0256518,-70.7732,4522.56,-2.72517,-1.09571,-0.000604745,-0.0256562,-70.7655,4839.46,-2.91613,-1.17249,0.00223685,0.011447,-71.0718,4821.31,-2.90519,-1.16809,0.00226056,-0.0114685,-71.068
7.169,266.089,-11.6692,22.2213,-2.15135e-05,0.0882308,0.0956264,-7.87304e-06,-0.000242192,0.000602714,3754.89,3,0.136249,0,0,-0.0252647,0.0254154,-0.0114536,0.0114702,4550.85,-2.74286,-1.10218,-0.000733182,0.0253869,-70.7757,4520.53,-2.72459,-1.09483,-0.000648913,-0.0256234,-70.7675,4839.42,-2.91679,-1.17207,0.00226817,0.011476,-71.0722,4821.32,-2.90588,-1.16768,0.00227161,-0.0114949,-71.0684
7.179,266.311,-11.6727,22.2219,-0.000373516,0.0471398,-0.181796,-0.000268457,-0.000241846,0.00060267,3755.06,3,0.135981,0,0,-0.0251907,0.0252985,-0.0114536,0.0114709,4552.02,-2.74337,-1.10089,-0.000527307,0.0252912,-70.7752,4522.2,-2.72539,-1.09368,-0.000542196,-0.0254005,-70.7666,4839.47,-2.91661,-1.17041,0.00224813,0.0115115,-71.0733,4821.37,-2.9057,-1.16603,0.00226157,-0.0115295,-71.0695
7.189,266.533,-11.6762,22.2225,-0.000119127,0.790098,0.101205,-7.82774e-05,-0.000241175,0.000603539,3755,3,0.136035,0,0,-0.0253388,0.025446,-0.0114547,0.011471,4549.1,-2.74556,-1.09713,-0.000647265,0.0253431,-70.7775,4518.8,-2.72727,-1.08982,-0.000689118,-0.0254387,-70.7692,4839.27,-2.92069,-1.16711,0.00224788,0.0114444,-71.0734,4821.25,-2.90981,-1.16276,0.0022583,-0.0114614,-71.0696
7.199,266.755,-11.6797,22.2225,0.000423735,0.159564,1.19467,0.000270321,-0.000240888,0.000603633,3755.03,3,0.13582,0,0,-0.0252144,0.0253583,-0.0114546,0.0114712,4552.04,-2.74777,-1.09653,-0.000385666,0.0251247,-70.7767,4520.16,-2.72852,-1.08885,-0.000399135,-0.0247759,-70.7685,4838.59,-2.92073,-1.16556,0.00210043,0.0113938,-71.0737,4820.63,-2.90989,-1.16123,0.00215767,-0.0114127,-71.0699
7.209,266.978,-11.6833,22.2219,-9.16543e-05,-0.171512,-0.208021,-5.34925e-05,-0.000240607,0.000604872,3755.07,3,0.135878,0,0,-0.0252842,0.0254474,-0.0114558,0.0114722,4551.7,-2.7532,-1.09517,-0.000748928,0.0254984,-70.777,4521.23,-2.73476,-1.08784,-0.000648998,-0.025933,-70.7691,4838.85,-2.92689,-1.16426,0.00222066,0.0114219,-71.0747,4820.96,-2.91606,-1.15996,0.00221458,-0.011442,-71.0708
7.219,267.2,-11.6868,22.223,-5.03038e-06,0.0740978,0.0412518,-1.15309e-05,-0.000240459,0.000605606,3755.1,3,0.135544,0,0,-0.0252486,0.0253671,-0.0114555,0.0114718,4551.53,-2.75644,-1.09446,-0.000396243,0.0255458,-70.7793,4522.22,-2.73869,-1.08741,-0.000375166,-0.0258028,-70.7709,4838.89,-2.93046,-1.16356,0.00220846,0.0114608,-71.0755,4820.94,-2.91959,-1.15924,0.00221118,-0.0114792,-71.0717
7.229,267.422,-11.6903,22.2234,-0.000141047,0.621833,0.0537649,-9.26421e-05,-0.000240028,0.000607167,3754.97,3,0.135605,0,0,-0.0253095,0.0254124,-0.0114564,0.0114729,4550.4,-2.76286,-1.09222,-0.000626297,0.0252915,-70.7795,4520.62,-2.74477,-1.08507,-0.000634627,-0.0254024,-70.7714,4838.77,-2.93794,-1.16144,0.00221783,0.0114148,-71.0756,4820.81,-2.92704,-1.15713,0.00222583,-0.0114314,-71.0718
7.239,267.644,-11.6938,22.2234,0.000119139,-0.309691,0.388169,6.60164e-05,-0.000239707,0.000608604,3755.15,3,0.135208,0,0,-0.0252736,0.0254201,-0.0114575,0.0114729,4553,-2.77097,-1.09139,-0.000312015,0.025224,-70.7802,4521.77,-2.75196,-1.0839,-0.000347582,-0.0252932,-70.7719,4838.81,-2.94492,-1.1599,0.00217494,0.0114644,-71.0761,4820.83,-2.93397,-1.15559,0.00220102,-0.0114734,-71.0724
7.249,267.866,-11.6974,22.2235,3.37016e-05,-0.167777,0.195325,1.1453e-05,-0.0002393,0.000610794,3755.16,3,0.135249,0,0,-0.0252977,0.0254751,-0.0114572,0.0114734,4551.43,-2.77999,-1.08916,-0.000385816,0.0254031,-70.7825,4520.16,-2.76089,-1.08168,-0.000402518,-0.0256065,-70.7743,4838.64,-2.95542,-1.15789,0.00220405,0.0114493,-71.0766,4820.7,-2.94446,-1.15359,0.00221315,-0.0114648,-71.0728
7.259,268.089,-11.7009,22.2245,-0.000363234,0.071967,-0.0766305,-0.000268528,-0.00023945,0.000612233,3755.21,3,0.134917,0,0,-0.0250713,0.0252272,-0.0114571,0.0114755,4553.58,-2.78785,-1.09035,-1.32267e-05,0.0253498,-70.7801,4523.62,-2.76951,-1.08318,-0.000127748,-0.0254056,-70.7717,4837.72,-2.96181,-1.15839,0.00209443,0.011324,-71.0772,4819.83,-2.95086,-1.15411,0.0021252,-0.0113484,-71.0734
7.269,268.311,-11.7044,22.2236,-0.000117588,0.30323,0.0180692,-9.04981e-05,-0.000238818,0.000615476,3755.24,3,0.135395,0,0,-0.0254103,0.0255103,-0.0114576,0.0114738,4547.14,-2.79866,-1.08594,-0.000828704,0.0251393,-70.7833,4517.92,-2.78067,-1.07896,-0.000870149,-0.0252874,-70.7748,4838.57,-2.97802,-1.15554,0.00225323,0.0114948,-71.0776,4820.68,-2.96701,-1.15126,0.00226043,-0.0115105,-71.0739
7.279,268.533,-11.7079,22.2243,-0.000321686,0.0580047,-0.253953,-0.000216405,-0.000238399,0.000617161,3755.24,3,0.134998,0,0,-0.0252348,0.0253241,-0.0114576,0.0114741,4549.86,-2.808,-1.08468,-0.000400037,0.0248699,-70.7832,4520.44,-2.78984,-1.07767,-0.000438061,-0.0250685,-70.7752,4838.44,-2.9861,-1.15348,0.00221198,0.0114676,-71.0778,4820.6,-2.97509,-1.14923,0.00221548,-0.0114829,-71.0741
7.289,268.755,-11.7115,22.2239,-0.000100931,-0.317664,0.0369056,-9.01945e-05,-0.000237848,0.000620111,3755.28,3,0.134991,0,0,-0.0253384,0.025496,-0.0114582,0.0114748,4550.77,-2.82198,-1.08239,-0.000456388,0.0253799,-70.7844,4520.29,-2.80309,-1.07514,-0.000502448,-0.0255736,-70.7763,4838.29,-3.00028,-1.15078,0.00220677,0.0114529,-71.0784,4820.52,-2.98926,-1.14655,0.00221493,-0.0114676,-71.0747
7.299,268.977,-11.715,22.2242,-0.0001305,-0.255708,0.00567538,-9.31952e-05,-0.000237392,0.000622782,3755.3,3,0.134916,0,0,-0.0251182,0.0253064,-0.01146,0.0114762,4553.11,-2.83559,-1.08087,-0.000623935,0.0246774,-70.7823,4522.8,-2.81672,-1.07368,-0.000615953,-0.0248936,-70.7743,4838.12,-3.01309,-1.14853,0.00220229,0.011437,-71.079,4820.46,-3.00209,-1.14434,0.0022102,-0.0114534,-71.0753
7.309,269.2,-11.7185,22.2249,-0.000139913,0.41145,0.0735674,-8.55101e-05,-0.000237168,0.000626276,3755.32,3,0.134882,0,0,-0.0253508,0.0254725,-0.0114588,0.0114751,4550.33,-2.84977,-1.07919,-0.000675693,0.0251044,-70.7863,4520.83,-2.83129,-1.0722,-0.000709078,-0.0252199,-70.7779,4838.1,-3.02999,-1.14744,0.00220833,0.0114435,-71.0793,4820.43,-3.01892,-1.14325,0.0022222,-0.0114595,-71.0756
7.319,269.422,-11.722,22.2249,-0.000174546,-0.088964,0.0643917,-0.000126676,-0.000236855,0.000629223,3755.27,3,0.1347,0,0,-0.0252389,0.0253141,-0.0114591,0.0114753,4552.08,-2.86427,-1.07818,-0.00050782,0.0250973,-70.7854,4522.72,-2.8458,-1.07123,-0.000592827,-0.0251304,-70.777,4838.1,-3.04424,-1.14593,0.00220025,0.011423,-71.0798,4820.41,-3.03312,-1.14174,0.00221439,-0.0114386,-71.0761
7.329,269.644,-11.7256,22.2246,-0.000347308,-0.65603,0.292369,-0.000226436,-0.000236436,0.000632794,3755.35,3,0.13457,0,0,-0.0250974,0.0251608,-0.0114572,0.0114734,4556.25,-2.88317,-1.07726,-0.000470846,0.0264712,-70.7843,4526.2,-2.86415,-1.07016,-0.000454554,-0.0261938,-70.7764,4838.28,-3.06163,-1.14394,0.00214545,0.0114891,-71.0795,4820.63,-3.05047,-1.13977,0.00218335,-0.0115111,-71.076
7.339,269.866,-11.7291,22.2255,-0.000226419,0.0658314,-0.118393,-0.000159358,-0.000236559,0.000636665,3755.37,3,0.134475,0,0,-0.0253545,0.0254969,-0.0114597,0.011476,4549.95,-2.89679,-1.07633,-0.00061609,0.0248949,-70.7877,4519.88,-2.87765,-1.06922,-0.000508033,-0.0251253,-70.78,4837.97,-3.08017,-1.14447,0.00218073,0.0113938,-71.0805,4820.27,-3.0689,-1.14028,0.00218828,-0.0114139,-71.0768
7.349,270.088,-11.7326,22.2259,-0.000336048,-0.369632,-0.200681,-0.000248043,-0.000236488,0.00064007,3755.4,3,0.13414,0,0,-0.0252027,0.0253519,-0.0114609,0.0114774,4552.15,-2.9137,-1.07653,-7.57186e-05,0.0254421,-70.7903,4522.34,-2.89461,-1.06948,-0.000118426,-0.0256258,-70.7819,4837.98,-3.09665,-1.14412,0.00215165,0.0114487,-71.081,4820.25,-3.0853,-1.13993,0.00215961,-0.0114638,-71.0773
7.359,270.311,-11.7361,22.2255,-0.000270125,-0.579729,-0.186457,-0.000184689,-0.000236137,0.000643141,3755.79,3,0.134211,0,0,-0.0249547,0.025027,-0.0114548,0.0114702,4558.15,-2.93153,-1.07635,-0.000562854,0.026394,-70.7852,4528.1,-2.9122,-1.06925,-0.000506557,-0.0265668,-70.777,4837.12,-3.11095,-1.14222,0.00221646,0.0115029,-71.0818,4819.31,-3.0995,-1.13802,0.0022423,-0.0115182,-71.0782
7.369,270.533,-11.7397,22.2258,-0.00021867,0.197659,-0.0431365,-0.000169742,-0.000235799,0.000648371,3755.34,3,0.134388,0,0,-0.0254318,0.0255424,-0.0114617,0.0114777,4548.58,-2.94916,-1.07255,-0.000579443,0.0251275,-70.791,4518.38,-2.92958,-1.06543,-0.000637065,-0.0252614,-70.7826,4837.9,-3.13675,-1.14077,0.00213921,0.0114551,-71.082,4820.16,-3.12525,-1.13659,0.00214803,-0.0114698,-71.0784
7.379,270.755,-11.7432,22.2264,-0.000384028,0.0568443,-0.46188,-0.000254106,-0.00023558,0.000651559,3755.47,3,0.134101,0,0,-0.0252193,0.0253664,-0.0114613,0.0114776,4552.06,-2.96594,-1.07238,-0.000395629,0.0248319,-70.7905,4522.17,-2.94646,-1.06533,-0.000341795,-0.0252216,-70.7827,4837.73,-3.15206,-1.13967,0.00218506,0.0114534,-71.0822,4820.07,-3.14056,-1.13551,0.00217944,-0.0114708,-71.0785
7.389,270.977,-11.7467,22.2255,-0.000147695,-0.300126,0.0454504,-0.000108139,-0.000235483,0.000655826,3755.5,3,0.134327,0,0,-0.0251397,0.0253366,-0.011464,0.0114799,4553.07,-2.98602,-1.07217,-0.000944991,0.023925,-70.7879,4523.08,-2.96635,-1.06511,-0.000885222,-0.0241076,-70.7798,4837.73,-3.17271,-1.1392,0.00220787,0.0114208,-71.0831,4820.07,-3.16113,-1.13504,0.00221613,-0.0114374,-71.0794
7.399,271.2,-11.7503,22.2271,-0.00018832,0.238235,-0.0425848,-0.000110383,-0.000235228,0.000659866,3755.51,3,0.133875,0,0,-0.0253132,0.0254275,-0.0114626,0.0114787,4552.92,-3.00431,-1.07097,-0.000314533,0.0253212,-70.7942,4524.16,-2.98534,-1.06421,-0.000336577,-0.0254891,-70.786,4837.72,-3.19224,-1.13796,0.00216239,0.0114729,-71.0829,4820.06,-3.18059,-1.13381,0.00216948,-0.0114907,-71.0792
7.409,271.422,-11.7538,22.2272,-0.000174336,0.542854,-0.0121458,-0.000108554,-0.000234863,0.000663473,3755.5,3,0.133926,0,0,-0.0251922,0.0252644,-0.0114635,0.0114794,4556.48,-3.0231,-1.07015,-0.000448541,0.0255312,-70.791,4527.65,-3.00397,-1.06338,-0.000471955,-0.0256317,-70.783,4837.6,-3.20961,-1.13617,0.0021419,0.0114735,-71.0835,4819.95,-3.19791,-1.13203,0.00214967,-0.0114906,-71.0799
7.419,271.644,-11.7573,22.2263,-0.000232109,0.253849,0.0972328,-0.000119971,-0.000234597,0.000668378,3755.55,3,0.13421,0,0,-0.0253786,0.0255124,-0.0114635,0.0114787,4552.31,-3.04266,-1.06796,-0.00116564,0.024525,-70.7892,4521.97,-3.02239,-1.06084,-0.00121489,-0.0245739,-70.7815,4837.62,-3.23335,-1.13489,0.00231303,0.0114447,-71.0842,4819.85,-3.22148,-1.13072,0.00232853,-0.0114563,-71.0804
7.429,271.866,-11.7608,22.2275,-0.000142386,-0.213106,0.0675301,-0.000107446,-0.000234528,0.000671982,3755.56,3,0.133466,0,0,-0.0252766,0.0254418,-0.0114644,0.0114803,4554.91,-3.06082,-1.06825,3.30681e-05,0.0257252,-70.7963,4524.47,-3.04037,-1.06112,-2.91774e-05,-0.0258935,-70.7881,4837.47,-3.2507,-1.13452,0.00212641,0.0114591,-71.084,4819.76,-3.23879,-1.13037,0.00213882,-0.0114745,-71.0803
7.439,272.089,-11.7644,22.2272,0.000157384,1.00165,0.49883,0.000116396,-0.000234302,0.000675181,3755.68,3,0.134114,0,0,-0.0251276,0.0252841,-0.0114627,0.0114788,4557.15,-3.0769,-1.06775,-0.00119124,0.0241765,-70.7879,4526.36,-3.05611,-1.06053,-0.00110524,-0.0242395,-70.7804,4837.39,-3.26612,-1.13341,0.00219974,0.0114592,-71.0847,4819.84,-3.25426,-1.1293,0.00222345,-0.0114772,-71.0809
7.449,272.311,-11.7679,22.2277,-0.000172824,0.0388137,0.00990403,-0.000123136,-0.000234413,0.000679716,3755.61,3,0.1335,0,0,-0.0253672,0.0254487,-0.0114647,0.0114806,4553.35,-3.09499,-1.06736,-0.000316702,0.025349,-70.7974,4524.39,-3.07531,-1.06058,-0.000326607,-0.0254384,-70.7889,4837.35,-3.28803,-1.13394,0.00214974,0.0114672,-71.0848,4819.74,-3.27606,-1.12981,0.00215909,-0.0114843,-71.0812
7.459,272.533,-11.7714,22.2276,-0.000296604,0.133191,-0.218711,-0.000202964,-0.000233809,0.000682955,3755.64,3,0.133564,0,0,-0.0251744,0.0252587,-0.0114646,0.0114808,4556.61,-3.11196,-1.06538,-0.000597254,0.0252079,-70.7931,4527.15,-3.09184,-1.05849,-0.000641211,-0.0254026,-70.7854,4837.09,-3.30352,-1.13096,0.00219322,0.0114239,-71.0855,4819.5,-3.2915,-1.12684,0.00219191,-0.0114405,-71.0817
7.469,272.755,-11.775,22.2277,-0.000232984,0.240649,-0.0430076,-0.000130178,-0.00023349,0.000686178,3755.58,3,0.133561,0,0,-0.025136,0.0253,-0.011466,0.011481,4558.34,-3.12783,-1.06433,-0.000723831,0.025808,-70.7915,4527,-3.10632,-1.05701,-0.000719993,-0.0259589,-70.784,4836.56,-3.31874,-1.12929,0.00216071,0.0112957,-71.0861,4819.04,-3.30672,-1.1252,0.00215672,-0.0113081,-71.0822
7.479,272.978,-11.7785,22.228,-0.00017262,0.0245011,-0.0267345,-0.000117707,-0.00023377,0.000690501,3755.64,3,0.133328,0,0,-0.0253698,0.025503,-0.011466,0.0114817,4551.59,-3.14288,-1.06403,-0.000305234,0.0255092,-70.7997,4522.23,-3.1226,-1.05716,-0.000319288,-0.0256872,-70.7913,4837.22,-3.34011,-1.1308,0.00212097,0.0114789,-71.0859,4819.68,-3.328,-1.1267,0.00212937,-0.0114963,-71.0822
7.489,273.2,-11.782,22.228,-0.000481452,-0.580709,-0.196294,-0.000339842,-0.000233263,0.000692756,3755.75,3,0.133077,0,0,-0.0251192,0.025236,-0.0114652,0.0114807,4557.41,-3.15717,-1.06308,-0.000474759,0.0251057,-70.7943,4528.4,-3.13708,-1.05631,-0.000476777,-0.0251588,-70.7865,4837.38,-3.35113,-1.12838,0.00209798,0.0114496,-71.0866,4819.84,-3.33897,-1.12429,0.0021272,-0.0114698,-71.0828
7.499,273.422,-11.7855,22.2282,-0.000161088,-0.274988,-0.00521073,-0.000122337,-0.000232754,0.000696813,3755.71,3,0.133086,0,0,-0.0254373,0.0255433,-0.0114665,0.0114823,4551.71,-3.1717,-1.05943,-0.000313943,0.0251893,-70.8007,4522.63,-3.15143,-1.05266,-0.000290828,-0.0253218,-70.7928,4837.09,-3.37055,-1.12585,0.00213832,0.0114699,-71.0866,4819.62,-3.35838,-1.12179,0.00214639,-0.0114855,-71.0829
7.509,273.644,-11.7891,22.2288,-0.00059971,0.949119,-0.339072,-0.000401458,-0.000232285,0.000699094,3755.72,3,0.133327,0,0,-0.025183,0.0253105,-0.0114678,0.0114831,4555.57,-3.18478,-1.05819,-0.000687066,0.0257738,-70.7953,4526.79,-3.16465,-1.0515,-0.000683727,-0.0258406,-70.7875,4836.79,-3.38137,-1.12351,0.00217121,0.0114009,-71.0871,4819.45,-3.36925,-1.11948,0.00217579,-0.0114187,-71.0834
7.519,273.867,-11.7926,22.2288,-0.00015809,0.202698,-0.00795738,-9.98363e-05,-0.000231621,0.000702375,3755.59,3,0.133038,0,0,-0.0252554,0.0254139,-0.0114674,0.011483,4555.98,-3.20001,-1.05526,-0.000530656,0.0251076,-70.7984,4526.49,-3.1793,-1.04843,-0.000515967,-0.0253228,-70.7906,4837,-3.39739,-1.12035,0.00214676,0.0114772,-71.0875,4819.73,-3.38526,-1.11635,0.00215278,-0.0114935,-71.0838
7.529,274.089,-11.7961,22.2286,-9.30959e-05,0.16172,-0.0492882,-7.28972e-05,-0.000231343,0.000705516,3755.76,3,0.133102,0,0,-0.0251927,0.0253352,-0.0114678,0.0114831,4555.28,-3.21382,-1.05383,-0.000592613,0.0253696,-70.7992,4526.57,-3.19357,-1.04719,-0.000580485,-0.0256213,-70.7911,4836.86,-3.41248,-1.11897,0.00214436,0.0114343,-71.0878,4819.68,-3.40036,-1.115,0.00214822,-0.0114491,-71.0842
7.539,274.311,-11.7997,22.2287,-0.000189834,-0.0396007,-0.0304282,-0.000129679,-0.000230586,0.000708238,3755.77,3,0.132962,0,0,-0.0252711,0.0253684,-0.0114679,0.0114835,4555.24,-3.2262,-1.05038,-0.000540976,0.0252704,-70.7987,4526.52,-3.20585,-1.04375,-0.000572948,-0.0253949,-70.7909,4836.76,-3.42558,-1.11529,0.00213251,0.0114697,-71.0882,4819.64,-3.41345,-1.11134,0.0021422,-0.0114854,-71.0846
7.549,274.533,-11.8032,22.2289,6.37577e-05,-0.0971805,0.226192,4.67037e-05,-0.000229958,0.000711232,3755.78,3,0.132835,0,0,-0.0252646,0.0253463,-0.0114666,0.0114821,4555.3,-3.23987,-1.04753,-0.000450582,0.0253355,-70.8001,4526.23,-3.2192,-1.04084,-0.00044018,-0.0254492,-70.7923,4836.62,-3.43996,-1.11222,0.00214342,0.0114676,-71.0884,4819.62,-3.42786,-1.10831,0.00214936,-0.011485,-71.0848
7.559,274.756,-11.8067,22.2295,-0.000171968,-0.256563,0.00415462,-0.000129007,-0.00022964,0.000713293,3755.82,3,0.132503,0,0,-0.0251988,0.025354,-0.011469,0.0114846,4557.01,-3.25049,-1.04647,-0.000213233,0.0250907,-70.8,4527.68,-3.22956,-1.03974,-0.000184026,-0.0252719,-70.7921,4836.61,-3.44992,-1.11068,0.0020532,0.0114648,-71.0901,4819.51,-3.43773,-1.10675,0.00206386,-0.0114817,-71.0866
7.569,274.978,-11.8103,22.2291,-0.000222917,-0.25052,-0.113806,-0.000150912,-0.000229412,0.00071628,3755.83,3,0.132677,0,0,-0.0252496,0.0253996,-0.0114697,0.0114852,4554.36,-3.2622,-1.04483,-0.000439834,0.0252073,-70.8015,4525.75,-3.2417,-1.03826,-0.000420883,-0.0254133,-70.7937,4836.5,-3.46429,-1.10955,0.00213645,0.0114635,-71.0888,4819.49,-3.4521,-1.10565,0.0021411,-0.011481,-71.0852
7.579,275.2,-11.8138,22.2296,-0.000184889,-0.0946969,0.0322836,-0.000122706,-0.000228945,0.000718055,3755.85,3,0.132509,0,0,-0.0251614,0.0252535,-0.011469,0.0114847,4556.59,-3.27188,-1.04321,-0.000432102,0.0251782,-70.8,4528.39,-3.25163,-1.03675,-0.000412677,-0.0252454,-70.792,4836.49,-3.47286,-1.10729,0.00213051,0.0114648,-71.0884,4819.43,-3.46061,-1.10338,0.00214568,-0.0114829,-71.0849
7.589,275.422,-11.8173,22.2288,-0.000488898,-0.413507,-0.445973,-0.000329398,-0.000228693,0.000720735,3755.86,3,0.132681,0,0,-0.0251675,0.0251957,-0.011467,0.011483,4553.31,-3.28173,-1.04131,-0.00068497,0.024904,-70.7982,4525.46,-3.26166,-1.03494,-0.000776057,-0.0250735,-70.7897,4836.49,-3.48583,-1.10607,0.00216791,0.0114535,-71.0897,4819.47,-3.47356,-1.10218,0.00216926,-0.0114711,-71.0861
7.599,275.645,-11.8209,22.2298,-0.000106211,-0.089305,0.276361,-7.35311e-05,-0.000228367,0.000723887,3755.88,3,0.132394,0,0,-0.0254166,0.0255501,-0.0114705,0.0114859,4551.21,-3.29457,-1.03935,-0.000405296,0.0254283,-70.804,4521.55,-3.27309,-1.03257,-0.000339008,-0.0254257,-70.7967,4836.46,-3.50106,-1.10449,0.00210647,0.0114644,-71.0898,4819.38,-3.48869,-1.10059,0.00212773,-0.0114837,-71.0862
7.609,275.867,-11.8244,22.2302,-0.000171943,-0.304478,-0.0115385,-0.000122983,-0.000228028,0.000725534,3755.88,3,0.132114,0,0,-0.0250957,0.0252644,-0.0114721,0.0114875,4557.14,-3.30636,-1.03916,-4.87501e-05,0.0256851,-70.8022,4527.77,-3.28505,-1.03246,-9.80093e-05,-0.0258825,-70.7946,4836.39,-3.50896,-1.10283,0.00210167,0.0114641,-71.0899,4819.34,-3.4966,-1.09895,0.00210849,-0.0114809,-71.0863
7.619,276.089,-11.8279,22.2302,-0.000133188,0.446287,0.0617746,-6.40176e-05,-0.000228065,0.000728742,3755.9,3,0.132421,0,0,-0.0254395,0.0255418,-0.0114711,0.0114865,4550.16,-3.31589,-1.03773,-0.00055068,0.0252027,-70.8062,4521.89,-3.29529,-1.03128,-0.00060104,-0.0253358,-70.798,4836.39,-3.52448,-1.10301,0.00213077,0.0114642,-71.0901,4819.31,-3.51203,-1.09911,0.00214224,-0.0114801,-71.0866
7.629,276.312,-11.8315,22.2305,-8.66039e-05,-1.48937,0.0386149,-5.83043e-05,-0.000227634,0.000729915,3755.93,3,0.131503,0,0,-0.0252634,0.0253902,-0.011471,0.0114863,4557.18,-3.32635,-1.03737,0.000220291,0.0252817,-70.8028,4529.05,-3.30582,-1.03097,0.000415545,-0.0254159,-70.7954,4834.93,-3.52909,-1.1006,0.00203862,0.0114048,-71.0904,4817.78,-3.51657,-1.09669,0.00204452,-0.0114254,-71.0868
7.639,276.534,-11.835,22.2307,0.000109852,-0.340002,0.306792,5.76239e-05,-0.00022707,0.000732683,3755.94,3,0.131889,0,0,-0.0252594,0.0253941,-0.0114723,0.0114868,4557.82,-3.33944,-1.03494,-0.000143778,0.0252839,-70.8041,4528.17,-3.31772,-1.02821,-0.000100367,-0.0254177,-70.7967,4836.24,-3.54344,-1.09816,0.00207902,0.0114739,-71.0904,4819.18,-3.53093,-1.09429,0.00209393,-0.0114861,-71.0868
7.649,276.756,-11.8385,22.2303,-7.23352e-05,-0.266397,0.325062,-8.05422e-05,-0.000227003,0.00073519,3755.89,3,0.13206,0,0,-0.025222,0.0253831,-0.0114727,0.0114874,4558.38,-3.35128,-1.03477,-0.000281389,0.0261056,-70.8041,4528.55,-3.32935,-1.028,-0.000384038,-0.0260884,-70.796,4836.2,-3.55552,-1.09783,0.00209776,0.0114765,-71.0911,4819.17,-3.54301,-1.09397,0.00212043,-0.0114898,-71.0875
7.659,276.978,-11.8421,22.2305,-0.000199727,-0.107738,-0.116402,-0.000141796,-0.000226875,0.000737819,3755.96,3,0.132042,0,0,-0.0252778,0.025427,-0.0114727,0.0114878,4554.8,-3.36062,-1.03337,-0.000384681,0.0253044,-70.8058,4526.02,-3.33938,-1.02684,-0.000429104,-0.0255434,-70.7978,4836.22,-3.56826,-1.09722,0.00212702,0.0114815,-71.0913,4819.2,-3.5557,-1.09336,0.0021308,-0.0114957,-71.0877
7.669,277.201,-11.8456,22.2308,-0.000179609,0.107538,-0.0522005,-0.000102477,-0.00022646,0.000739883,3755.97,3,0.131964,0,0,-0.0252344,0.0253394,-0.0114733,0.0114884,4554.03,-3.36945,-1.03131,-0.000378297,0.025281,-70.8053,4525.61,-3.34842,-1.02487,-0.000405666,-0.0254311,-70.7974,4836.93,-3.57876,-1.09537,0.0021669,0.0116078,-71.0903,4819.74,-3.56604,-1.09148,0.00217619,-0.0116258,-71.0867
7.679,277.423,-11.8492,22.2308,-0.0001718,0.239373,0.102592,-0.000122124,-0.00022635,0.000742161,3755.9,3,0.132033,0,0,-0.0252626,0.0253344,-0.0114734,0.0114886,4554.2,-3.37995,-1.03084,-0.00062118,0.0254918,-70.8041,4526.02,-3.35904,-1.02446,-0.000627045,-0.0254899,-70.7963,4836.23,-3.58926,-1.09468,0.00212434,0.0115283,-71.0921,4819.14,-3.57658,-1.09081,0.00213963,-0.0115429,-71.0885
7.689,277.645,-11.8527,22.2312,6.66627e-05,-0.183228,0.685978,2.17536e-05,-0.000225881,0.00074427,3756.04,3,0.131645,0,0,-0.0252746,0.0254231,-0.0114748,0.0114897,4555.76,-3.39071,-1.02906,-0.000122543,0.0261654,-70.8063,4525.6,-3.36827,-1.02225,-0.000166493,-0.0259561,-70.7988,4835.86,-3.59919,-1.09233,0.00205327,0.0114602,-71.092,4818.87,-3.58654,-1.08849,0.00209112,-0.0114741,-71.0884
7.699,277.867,-11.8562,22.2298,-0.000124247,-0.759371,-0.121715,-7.05147e-05,-0.000225846,0.00074686,3755.93,3,0.131995,0,0,-0.0253928,0.0254987,-0.0114747,0.0114897,4553.25,-3.40065,-1.02833,-0.000822855,0.0253696,-70.8044,4525.34,-3.3798,-1.02203,-0.00072122,-0.0256234,-70.7968,4836.02,-3.61183,-1.0922,0.00216486,0.0115323,-71.0926,4819.19,-3.59927,-1.0884,0.0021613,-0.011553,-71.089
7.709,278.09,-11.8598,22.2312,-0.000365532,-0.484712,-0.235288,-0.000266443,-0.000225903,0.000748712,3756.02,3,0.131483,0,0,-0.0251966,0.025302,-0.011474,0.0114895,4555.64,-3.41087,-1.02913,-6.07111e-05,0.0255159,-70.8068,4527.95,-3.39013,-1.02288,-6.22831e-05,-0.0256435,-70.7988,4835.9,-3.6207,-1.09244,0.00206787,0.0114689,-71.0924,4819.01,-3.60806,-1.08863,0.00207251,-0.0114855,-71.0889
7.719,278.312,-11.8633,22.2302,-0.000159136,-0.314637,0.0580471,-0.000120878,-0.000225392,0.000751305,3755.97,3,0.131987,0,0,-0.0252033,0.0252689,-0.0114742,0.0114893,4555.46,-3.42254,-1.02676,-0.00103898,0.0247021,-70.8005,4527.1,-3.40123,-1.02037,-0.00107192,-0.0247481,-70.7924,4835.74,-3.63311,-1.08994,0.00215703,0.0114349,-71.0933,4818.82,-3.6204,-1.08612,0.00217291,-0.01145,-71.0898
7.729,278.534,-11.8668,22.2315,-0.00010863,0.211481,0.195438,-7.51626e-05,-0.000224948,0.000754573,3756.03,3,0.131651,0,0,-0.025418,0.0255453,-0.0114753,0.0114905,4551.75,-3.43463,-1.02391,-0.000245712,0.0259679,-70.8114,4522.29,-3.4124,-1.01728,-0.000247149,-0.0260223,-70.8039,4835.93,-3.64906,-1.08783,0.00209282,0.0114654,-71.0926,4819.05,-3.63633,-1.08404,0.00210621,-0.0114825,-71.0891
7.739,278.757,-11.8704,22.2318,-0.000232896,0.320847,-0.0828394,-0.000168707,-0.000224875,0.000755856,3756.1,3,0.131542,0,0,-0.0251114,0.0252556,-0.0114749,0.0114899,4558.4,-3.4455,-1.02507,-0.000484599,0.0251896,-70.8041,4529.7,-3.4238,-1.01862,-0.000513105,-0.0253867,-70.7961,4835.41,-3.65487,-1.08736,0.00209268,0.0114081,-71.0929,4818.59,-3.64216,-1.08358,0.00209997,-0.011424,-71.0894
7.749,278.979,-11.8739,22.2312,-6.4656e-05,0.0676502,0.0428904,-4.0349e-05,-0.000224596,0.00075933,3756.06,3,0.131662,0,0,-0.0253425,0.0254729,-0.0114759,0.0114907,4552.97,-3.45721,-1.02258,-0.000566605,0.0253741,-70.8093,4525.14,-3.43608,-1.01633,-0.000526673,-0.0255789,-70.8018,4835.66,-3.67186,-1.08607,0.00211859,0.0114692,-71.0933,4818.83,-3.65908,-1.08229,0.00212431,-0.0114859,-71.0898
7.759,279.201,-11.8774,22.2316,0.000107803,0.566032,0.500643,6.51158e-05,-0.000224304,0.000761379,3756.07,3,0.131704,0,0,-0.0252136,0.0253073,-0.0114769,0.0114921,4554.4,-3.46762,-1.02157,-0.000766865,0.0250735,-70.8061,4526.06,-3.44605,-1.01522,-0.000833016,-0.0250028,-70.7981,4835.51,-3.68166,-1.08463,0.00213418,0.0114402,-71.0948,4818.66,-3.66883,-1.08085,0.0021608,-0.0114544,-71.0913
7.769,279.423,-11.881,22.2314,-0.000212285,0.0873002,0.0794029,-0.000144099,-0.000223859,0.000764299,3756.11,3,0.13156,0,0,-0.0253236,0.0254247,-0.011477,0.0114917,4554.58,-3.48106,-1.01958,-0.000592222,0.0259139,-70.8082,4526.3,-3.45944,-1.01325,-0.000609339,-0.0259234,-70.8005,4835.56,-3.69581,-1.08248,0.00210629,0.0114749,-71.0937,4818.7,-3.68293,-1.07871,0.00211972,-0.011491,-71.0902
7.779,279.646,-11.8845,22.2311,-0.000322155,-0.305993,-0.364906,-0.000203435,-0.000223625,0.000766757,3756.23,3,0.13154,0,0,-0.0253045,0.0254487,-0.0114771,0.011492,4554.31,-3.49205,-1.01846,-0.000785088,0.0249056,-70.8065,4525.65,-3.47008,-1.01205,-0.000794234,-0.0252246,-70.7993,4835.46,-3.70763,-1.08133,0.00216596,0.0114716,-71.0941,4818.67,-3.69476,-1.07758,0.00215826,-0.0114857,-71.0904
7.789,279.868,-11.8881,22.2324,-0.000190573,0.278998,-0.0742267,-0.000123105,-0.000223332,0.000768914,3756.1,3,0.131213,0,0,-0.0251661,0.025324,-0.0114769,0.0114919,4556.73,-3.50374,-1.01766,-0.000315424,0.0253184,-70.8089,4528.35,-3.48191,-1.01133,-0.000334785,-0.025545,-70.8013,4835.34,-3.71796,-1.07989,0.00207878,0.0114616,-71.0941,4818.61,-3.7051,-1.07615,0.00208521,-0.0114764,-71.0906
7.799,280.09,-11.8916,22.2313,-0.000355666,-0.429095,-0.155762,-0.000253121,-0.000223199,0.000771886,3756.06,3,0.131361,0,0,-0.0252643,0.025368,-0.0114763,0.0114921,4554.77,-3.51576,-1.01662,-0.000732358,0.0249297,-70.8069,4527.47,-3.49469,-1.01053,-0.000705473,-0.025004,-70.7992,4835.36,-3.73235,-1.07925,0.00211,0.0114591,-71.0943,4818.7,-3.71949,-1.07553,0.00211841,-0.0114766,-71.0908
7.809,280.313,-11.8951,22.2324,-0.000153447,0.432505,0.0303211,-0.000107623,-0.000222665,0.000774498,3756.09,3,0.131246,0,0,-0.0253067,0.0253869,-0.0114784,0.0114931,4552.56,-3.52595,-1.0137,-0.000423389,0.0254824,-70.811,4525.05,-3.50464,-1.00757,-0.000449588,-0.0255566,-70.8033,4835.31,-3.74494,-1.07666,0.00209967,0.0114879,-71.0943,4818.67,-3.73205,-1.07295,0.00210891,-0.0115034,-71.0908
7.819,280.535,-11.8987,22.2323,-6.59202e-05,-0.387536,0.334074,-6.10629e-05,-0.000222158,0.00077634,3756.19,3,0.130896,0,0,-0.0250702,0.0251965,-0.01148,0.0114926,4557.83,-3.53843,-1.01256,-0.000265693,0.0252358,-70.8066,4529.59,-3.5165,-1.00628,-0.000331378,-0.0252125,-70.7989,4835.22,-3.75378,-1.07418,0.00205521,0.0114845,-71.0946,4818.63,-3.7409,-1.0705,0.00208904,-0.0114969,-71.0912
7.829,280.757,-11.9022,22.2313,-0.000137762,-0.00492794,-0.038921,-8.09978e-05,-0.000222345,0.000780285,3756.19,3,0.13146,0,0,-0.0254677,0.0256094,-0.0114789,0.0114937,4549.69,-3.55006,-1.0116,-0.000985373,0.0248737,-70.8097,4521.45,-3.52802,-1.00532,-0.000984803,-0.025105,-70.8026,4835.21,-3.77284,-1.07509,0.00213222,0.0114668,-71.0952,4818.67,-3.75994,-1.07141,0.00213726,-0.011484,-71.0918
7.839,280.98,-11.9058,22.2327,-7.13405e-05,0.374412,0.345625,-7.85392e-05,-0.000222172,0.000781673,3756.14,3,0.131053,0,0,-0.025156,0.0252915,-0.0114783,0.0114937,4555.33,-3.56078,-1.01207,-0.000398256,0.0256907,-70.8104,4526.97,-3.53862,-1.00577,-0.000417035,-0.0256386,-70.8027,4835.15,-3.77951,-1.07424,0.00208277,0.0114639,-71.0948,4818.46,-3.76646,-1.07053,0.00211047,-0.0114787,-71.0914
7.849,281.202,-11.9093,22.2319,-0.000170039,0.490765,-0.0592895,-0.000109142,-0.000221934,0.000785418,3756.16,3,0.131387,0,0,-0.0254205,0.0254857,-0.0114785,0.0114931,4551.35,-3.57471,-1.0101,-0.000983125,0.025052,-70.8102,4523.39,-3.55275,-1.00389,-0.00100728,-0.0251832,-70.8026,4834.64,-3.79721,-1.07297,0.00210325,0.0113628,-71.0956,4818.07,-3.78419,-1.06929,0.00210952,-0.0113789,-71.0922
7.859,281.424,-11.9128,22.2326,-0.000210496,-0.0552514,0.106979,-0.000135192,-0.000221868,0.000787295,3756.18,3,0.130874,0,0,-0.0252373,0.0253063,-0.0114785,0.0114936,4556.56,-3.58736,-1.01096,-0.000260598,0.0259709,-70.8119,4528.42,-3.5652,-1.00471,-0.000264873,-0.0259298,-70.8043,4835.19,-3.80672,-1.07277,0.0020455,0.0115049,-71.0951,4818.5,-3.79358,-1.06907,0.00206195,-0.0115231,-71.0916
7.869,281.646,-11.9164,22.2323,-0.000303816,-0.147836,-0.333687,-0.000203786,-0.000221608,0.000789547,3756.21,3,0.130966,0,0,-0.0250979,0.0252719,-0.0114801,0.011495,4557.06,-3.59801,-1.00988,-0.000761018,0.0237569,-70.8073,4528.46,-3.57543,-1.00354,-0.000718967,-0.0241096,-70.8001,4835.04,-3.81749,-1.07148,0.00209914,0.0114643,-71.0956,4818.3,-3.80427,-1.06777,0.00210275,-0.0114801,-71.0921
7.879,281.869,-11.9199,22.2326,-1.70666e-05,0.629523,0.106512,-7.22331e-06,-0.000221735,0.00079321,3756.2,3,0.131107,0,0,-0.0253895,0.0255174,-0.01148,0.0114946,4551.78,-3.61051,-1.00929,-0.000767187,0.0251986,-70.8135,4523.8,-3.58833,-1.00309,-0.000740382,-0.0254022,-70.8058,4835.01,-3.83518,-1.07209,0.00210288,0.0114571,-71.0956,4818.27,-3.8219,-1.06838,0.00210938,-0.0114737,-71.0921
7.889,282.091,-11.9235,22.2331,-0.000113213,0.465009,0.164077,-8.19006e-05,-0.00022168,0.000795061,3756.19,3,0.13081,0,0,-0.0251248,0.0252265,-0.0114806,0.0114955,4555.79,-3.62213,-1.00993,-0.000465353,0.0253048,-70.8113,4528.48,-3.60042,-1.00387,-0.000518433,-0.0253393,-70.8036,4835.16,-3.84425,-1.07186,0.00208571,0.0114945,-71.0957,4818.32,-3.83085,-1.06812,0.00210182,-0.0115094,-71.0922
7.899,282.313,-11.927,22.2327,-0.000167729,-0.0200204,-0.0126981,-9.94376e-05,-0.000221241,0.000798072,3756.2,3,0.130754,0,0,-0.025312,0.0253984,-0.0114812,0.0114958,4553.87,-3.63432,-1.0075,-0.000537072,0.0250971,-70.8123,4525.94,-3.61203,-1.00132,-0.000514802,-0.0252157,-70.805,4835.05,-3.85872,-1.06971,0.00208261,0.0114755,-71.0959,4818.28,-3.84534,-1.066,0.00209014,-0.0114924,-71.0924
7.909,282.536,-11.9305,22.2329,-0.000524167,-0.0555073,-0.463033,-0.00036315,-0.000221183,0.000800211,3756.2,3,0.130647,0,0,-0.0252137,0.0253525,-0.0114821,0.0114962,4554.94,-3.64491,-1.00747,-0.00037717,0.025299,-70.812,4526.65,-3.62228,-1.00122,-0.000388632,-0.025543,-70.8044,4834.8,-3.86886,-1.06937,0.00206721,0.0114439,-71.096,4818.12,-3.85551,-1.06568,0.0020661,-0.0114581,-71.0925
7.919,282.758,-11.9341,22.2329,-0.000178782,-0.278598,0.0710582,-0.000131097,-0.000220967,0.000803119,3756.23,3,0.130529,0,0,-0.0251571,0.0253369,-0.0114822,0.0114966,4557.23,-3.66,-1.007,-0.000285087,0.0256679,-70.8123,4528.57,-3.63698,-1.00066,-0.000390881,-0.025807,-70.8046,4834.94,-3.88303,-1.06836,0.00206986,0.0114945,-71.0965,4818.26,-3.86963,-1.06468,0.00208457,-0.0115098,-71.093
7.929,282.98,-11.9376,22.2328,-0.000165188,-0.117953,-0.014785,-0.000106841,-0.000220746,0.00080594,3756.2,3,0.130637,0,0,-0.0253163,0.0254387,-0.0114821,0.0114965,4553.32,-3.6697,-1.00513,-0.000538218,0.0251078,-70.8138,4525.63,-3.64739,-0.999016,-0.000567123,-0.0252619,-70.8061,4834.73,-3.8965,-1.06725,0.0020645,0.01144,-71.0966,4818.11,-3.88311,-1.06358,0.00207093,-0.0114543,-71.0931
7.939,283.202,-11.9412,22.2339,-0.000121012,0.878108,-0.0480207,-6.22459e-05,-0.000220663,0.000807821,3756.22,3,0.130543,0,0,-0.0251479,0.0252038,-0.0114828,0.0114972,4556.86,-3.68113,-1.00553,-0.000428487,0.025679,-70.8125,4529.89,-3.65934,-0.999582,-0.000426649,-0.0258393,-70.8048,4834.88,-3.90572,-1.06688,0.00206733,0.0114748,-71.0963,4818.3,-3.89233,-1.06322,0.00206825,-0.0114918,-71.0928
7.949,283.425,-11.9447,22.2341,-3.18284e-05,-0.400965,0.231298,-3.98967e-05,-0.000220264,0.000810175,3756.39,3,0.129938,0,0,-0.0250865,0.0251926,-0.0114859,0.0114993,4559.57,-3.69405,-1.00431,-3.54936e-05,0.0252531,-70.8119,4531.17,-3.67104,-0.998053,-2.41653e-05,-0.0252966,-70.8045,4835.11,-3.91729,-1.065,0.00201302,0.0116428,-71.0966,4818.58,-3.90389,-1.06136,0.00203618,-0.0116554,-71.0931
7.959,283.647,-11.9483,22.2329,-0.000128984,-0.191923,-0.0620844,-8.30005e-05,-0.000220281,0.000813682,3756.24,3,0.130493,0,0,-0.0253519,0.0255085,-0.0114831,0.0114977,4552.88,-3.7046,-1.00291,-0.000527252,0.0250935,-70.8158,4523.99,-3.68109,-0.996549,-0.000513218,-0.0253592,-70.8085,4834.92,-3.93409,-1.06504,0.00208206,0.0114971,-71.0967,4818.4,-3.92064,-1.0614,0.00208462,-0.0115136,-71.0931
7.969,283.869,-11.9518,22.2334,8.99097e-05,0.478369,0.243767,6.12109e-05,-0.00022031,0.000815697,3756.23,3,0.130538,0,0,-0.0251424,0.0252968,-0.0114815,0.0114957,4554.96,-3.71547,-1.0035,-0.00054965,0.0256083,-70.8144,4526.5,-3.69225,-0.997234,-0.000537198,-0.0258237,-70.8067,4834.51,-3.94349,-1.06509,0.0021085,0.0115059,-71.096,4817.92,-3.92997,-1.06144,0.00211887,-0.0115205,-71.0926
7.979,284.092,-11.9553,22.2336,-0.000137794,-0.175148,0.0934339,-4.38184e-05,-0.000220037,0.000818349,3756.25,3,0.130185,0,0,-0.0253101,0.0254153,-0.0114841,0.0114989,4553.88,-3.72666,-1.00202,-0.000328627,0.0251128,-70.8154,4525.98,-3.70384,-0.995885,-0.00029366,-0.0252035,-70.808,4834.76,-3.95653,-1.06383,0.00204387,0.0114722,-71.0966,4818.14,-3.94293,-1.06017,0.00205263,-0.0114915,-71.0931
7.989,284.314,-11.9589,22.2337,-0.000224685,-0.0830684,-0.0506977,-0.000177434,-0.000219995,0.000820682,3756.31,3,0.130134,0,0,-0.0252666,0.025372,-0.0114861,0.0115004,4556.49,-3.73943,-1.00241,-0.000213937,0.0253864,-70.8143,4528.78,-3.71669,-0.99631,-0.000185104,-0.0254994,-70.8067,4834.72,-3.96777,-1.06362,0.00202234,0.011478,-71.0968,4818.12,-3.95415,-1.05996,0.00203216,-0.0114955,-71.0933
7.999,284.536,-11.9624,22.2333,8.43281e-05,-0.288497,0.311718,4.16277e-05,-0.000219288,0.000823402,3756.27,3,0.130219,0,0,-0.0252382,0.0253914,-0.0114851,0.0114991,4557.76,-3.75287,-0.999464,-0.000421799,0.0253593,-70.8141,4529,-3.72919,-0.993156,-0.000487394,-0.0254914,-70.8066,4834.64,-3.98085,-1.06018,0.00206651,0.0114872,-71.0972,4818.1,-3.96723,-1.05655,0.00207931,-0.0115016,-71.0936
