t,x,y,speed,vy,ax,ay,yawRate,roll,pitch,rpm,gear,throttle,brake,steer,delta0,delta1,delta2,delta3,sz0,sz1,sz2,sz3,fz0,fx0,fy0,slip0,alpha0,omega0,fz1,fx1,fy1,slip1,alpha1,omega1,fz2,fx2,fy2,slip2,alpha2,omega2,fz3,fx3,fy3,slip3,alpha3,omega3
0.009,140.654,1.40904,28.7493,-0.00209877,-0.0594998,0.0210386,0.000574601,-0.00010606,0.00805112,3804.59,4,0,0,0,-0.00873093,0.00885119,0.00123614,-0.00124297,0.117027,0.11686,0.0939595,0.0937914,4016.75,26.4872,-563.193,-0.000888299,0.00866021,-84.6628,4016.24,26.0928,577.422,-0.000890117,-0.00886773,-84.6654,4214.89,-0.985705,141.553,-0.00127383,-0.00145402,-84.702,4214.73,-0.956235,-128.025,-0.00127356,0.00126394,-84.7045
0.019,140.942,1.41329,28.7474,-0.0020982,-0.215913,0.0195314,0.000576647,-0.000100894,0.00806163,3801.58,4,0,0,0,-0.00872271,0.00884195,0.00123636,-0.00124308,0.117039,0.116877,0.0939515,0.0937875,4017.94,-34.7335,-562.462,-0.00158045,0.00865584,-84.6021,4019.07,-35.0147,576.729,-0.00158125,-0.00886188,-84.6046,4211.88,1.28637,141.174,-0.00125035,-0.00144927,-84.6971,4213.7,1.12372,-127.879,-0.00125187,0.00126203,-84.6997
0.029,141.229,1.41755,28.7449,-0.00209712,-0.262717,0.0199298,0.00058776,-9.03415e-05,0.00808072,3799.57,4,0,0,0,-0.00871505,0.00881866,0.00123696,-0.00124343,0.117055,0.116902,0.0939369,0.0937803,4020.45,-71.5077,-561.95,-0.00199561,0.00865013,-84.5615,4024.27,-72.0059,575.665,-0.00199847,-0.00884474,-84.5642,4205.79,2.39988,140.88,-0.00123886,-0.00144638,-84.6892,4211.14,2.10561,-127.848,-0.00124168,0.00126204,-84.6924
0.039,141.517,1.4218,28.742,-0.00210421,-0.318241,0.0228657,0.00058129,-7.46369e-05,0.00810896,3798.16,4,0,0,0,-0.0086967,0.00879077,0.00123741,-0.00124344,0.117076,0.116939,0.0939144,0.0937693,4023.68,-95.2077,-560.802,-0.00226267,0.00863264,-84.5328,4030.42,-96.5987,573.672,-0.00227482,-0.00881136,-84.5365,4197.68,5.60933,140.31,-0.00120472,-0.00143997,-84.6798,4207.48,5.23818,-127.659,-0.00120863,0.00125999,-84.6837
0.049,141.804,1.42606,28.7389,-0.00211066,-0.257332,0.0225687,0.000579579,-5.49445e-05,0.0081454,3797.14,4,0,0,0,-0.00867362,0.00875896,0.00123876,-0.00124416,0.117104,0.116988,0.0938834,0.0937541,4027.55,-107.988,-560.347,-0.00240591,0.00862297,-84.5116,4037.26,-108.704,573.16,-0.00240955,-0.00879696,-84.5164,4188.03,0.263523,140.8,-0.00126066,-0.001449,-84.6679,4202.49,-0.21019,-128.386,-0.00126587,0.00127123,-84.673
0.059,142.091,1.43032,28.7356,-0.00212053,-0.342773,0.0183595,0.00056708,-3.28413e-05,0.00818819,3796.36,4,0,0,0,-0.00865122,0.0087175,0.00124084,-0.00124546,0.117139,0.117049,0.0938443,0.0937345,4030.84,-117.623,-558.874,-0.00251386,0.00859886,-84.4953,4043.08,-117.809,571.124,-0.00251084,-0.00876138,-84.5007,4179.11,4.55106,140.176,-0.00121411,-0.001442,-84.6559,4197.86,4.10665,-127.855,-0.00121983,0.00126453,-84.6621
0.069,142.379,1.43458,28.7323,-0.00213287,-0.332854,0.0178815,0.000547588,-1.0032e-05,0.00823508,3795.72,4,0,0,0,-0.00862406,0.0086641,0.00124218,-0.00124591,0.11718,0.117119,0.0937979,0.0937107,4034,-122.892,-557.308,-0.00257257,0.00857295,-84.4816,4047.78,-123.086,568.003,-0.00256951,-0.00871099,-84.4876,4170.98,5.1705,140.005,-0.00120622,-0.00144129,-84.6439,4193.22,4.78811,-127.784,-0.001212,0.00126437,-84.6511
0.079,142.666,1.43884,28.7289,-0.002147,-0.345954,0.0176631,0.000510741,1.19495e-05,0.00828382,3795.17,4,0,0,0,-0.00858853,0.00860836,0.00124475,-0.00124744,0.117227,0.117197,0.0937466,0.0936837,4036.65,-126.458,-554.619,-0.00261237,0.00853119,-84.4694,4051.11,-126.786,564.179,-0.00261088,-0.00865199,-84.4761,4164.39,6.38812,139.961,-0.00119189,-0.00144206,-84.6327,4189.07,6.15868,-127.842,-0.00119681,0.00126594,-84.6407
0.089,142.953,1.4431,28.7256,-0.0021488,-0.14997,0.0247362,0.000489248,3.20175e-05,0.00833246,3794.69,4,0,0,0,-0.0085504,0.00855399,0.00124592,-0.00124762,0.117279,0.117279,0.0936923,0.0936541,4038.96,-126.1,-552.829,-0.00260803,0.00850232,-84.4587,4053.04,-126.201,561.849,-0.00260458,-0.00861576,-84.4654,4158.88,-4.20154,141.402,-0.00130395,-0.00146385,-84.6203,4184.99,-4.41494,-129.421,-0.00130834,0.00128918,-84.6288
0.099,143.24,1.44737,28.722,-0.0021567,-0.318898,0.0149435,0.00043179,4.95883e-05,0.0083794,3794.23,4,0,0,0,-0.00851323,0.00849178,0.00124745,-0.00124816,0.117334,0.117363,0.0936375,0.0936237,4040.02,-128.686,-550.202,-0.00263726,0.00846333,-84.4484,4053.73,-128.419,558.028,-0.00263002,-0.0085599,-84.4548,4156.4,1.13402,140.607,-0.00124588,-0.00145302,-84.6102,4183.02,1.05855,-128.61,-0.00124964,0.001278,-84.6189
0.109,143.528,1.45163,28.7185,-0.00215461,-0.417721,0.0171451,0.000367647,6.43422e-05,0.00842359,3793.79,4,0,0,0,-0.00847329,0.00842631,0.00125161,-0.00125134,0.117391,0.117446,0.0935844,0.0935931,4040.89,-130.173,-546.811,-0.00265422,0.00841334,-84.4386,4053.32,-129.973,552.979,-0.00264852,-0.00848752,-84.4444,4155.5,7.44019,139.931,-0.00117759,-0.00144352,-84.599,4181.92,7.54184,-128.101,-0.00118025,0.00127091,-84.6078
0.119,143.815,1.45589,28.7151,-0.00214266,-0.343964,0.0146274,0.000301742,7.63697e-05,0.00846439,3793.36,4,0,0,0,-0.00842904,0.00837419,0.00125326,-0.00125213,0.117448,0.117527,0.0935343,0.0935635,4041.43,-129.757,-544.236,-0.00264983,0.0083753,-84.4287,4052.72,-129.509,549.944,-0.00264405,-0.00844423,-84.4343,4155.24,3.52467,140.453,-0.00121906,-0.00145104,-84.588,4181.01,3.67118,-128.897,-0.001221,0.00128238,-84.5964
0.129,144.102,1.46015,28.7117,-0.00211776,-0.361995,0.00929918,0.000233261,8.5992e-05,0.00850158,3792.93,4,0,0,0,-0.00839095,0.00832477,0.00125502,-0.00125314,0.117506,0.117604,0.0934889,0.0935361,4041.38,-130.952,-540.38,-0.0026638,0.00831966,-84.4191,4051.6,-129.936,545.952,-0.00264976,-0.00838786,-84.4239,4156.41,6.1142,140.309,-0.00119107,-0.00144871,-84.5777,4181.21,6.27502,-129.024,-0.00119307,0.0012841,-84.5857
0.139,144.389,1.46441,28.7082,-0.00207687,-0.332043,0.0128799,0.000176984,9.36667e-05,0.00853526,3792.5,4,0,0,0,-0.00835311,0.00826941,0.00125693,-0.00125442,0.117563,0.117677,0.0934487,0.0935113,4041.65,-128.961,-538.434,-0.00264163,0.00829085,-84.4096,4050.67,-128.443,542.809,-0.00263374,-0.00834324,-84.4135,4157.89,0.922664,140.69,-0.00124655,-0.00145388,-84.5679,4181.73,1.09244,-129.878,-0.00124795,0.00129614,-84.5755
0.149,144.676,1.46868,28.7048,-0.00202963,-0.312948,0.0103429,0.000100816,9.97862e-05,0.00856574,3792.06,4,0,0,0,-0.00831099,0.00821559,0.0012583,-0.00125525,0.117619,0.117747,0.093414,0.0934897,4041.67,-128.148,-535.556,-0.00263284,0.00824902,-84.3998,4049.73,-127.94,539.094,-0.0026288,-0.00829052,-84.4033,4159.94,0.596538,140.753,-0.00125009,-0.00145434,-84.558,4182.87,0.801283,-130.49,-0.00125098,0.00130456,-84.5651
0.159,144.963,1.47294,28.7013,-0.00196587,-0.387171,0.0144151,3.62121e-05,0.000104737,0.00859346,3791.63,4,0,0,0,-0.0082721,0.00817576,0.00125898,-0.00125547,0.117674,0.117813,0.0933848,0.0934714,4041.54,-127.957,-532.639,-0.00263107,0.00820689,-84.39,4048.76,-128.156,535.938,-0.00263182,-0.00824601,-84.393,4162.23,5.34839,139.739,-0.00119955,-0.0014394,-84.5491,4184.37,5.59242,-130.188,-0.00120023,0.00129994,-84.5555
0.169,145.25,1.4772,28.6979,-0.00189174,-0.376337,0.00816458,-3.60133e-05,0.000108889,0.00861892,3791.19,4,0,0,0,-0.00823368,0.00813244,0.00126041,-0.00125652,0.117728,0.117876,0.0933606,0.0934565,4041.47,-129.689,-529.313,-0.00265084,0.00815905,-84.3804,4048.22,-128.9,532.571,-0.00264056,-0.00819801,-84.3826,4164.45,4.37799,139.974,-0.00121011,-0.00144226,-84.5396,4185.95,4.54644,-131.03,-0.00121139,0.00131152,-84.5457
0.179,145.537,1.48146,28.6945,-0.00180115,-0.386839,0.0150373,-8.34157e-05,0.000112473,0.00864263,3790.75,4,0,0,0,-0.00819982,0.00808627,0.00126117,-0.00125698,0.117781,0.117937,0.0933411,0.0934447,4041.68,-129.159,-527.084,-0.00264504,0.00812644,-84.3707,4047.89,-129.282,529.21,-0.00264524,-0.00814982,-84.3723,4166.33,5.47982,139.663,-0.00119867,-0.00143744,-84.5301,4187.38,5.64781,-131.533,-0.0011999,0.00131832,-84.5357
0.189,145.824,1.48573,28.691,-0.00170774,-0.350222,0.0117904,-0.000147564,0.000115579,0.00866501,3790.3,4,0,0,0,-0.0081581,0.00804144,0.00126169,-0.00125723,0.117834,0.117996,0.0933257,0.0934357,4042,-128.684,-524.586,-0.00263982,0.00808984,-84.3607,4047.91,-128.568,526.451,-0.00263742,-0.00810976,-84.3623,4167.92,3.33636,139.402,-0.00122182,-0.00143346,-84.5199,4188.62,3.48059,-132.057,-0.00122306,0.00132552,-84.5252
0.199,146.111,1.48999,28.6876,-0.00160279,-0.333569,0.010178,-0.000202301,0.000118283,0.00868649,3789.86,4,0,0,0,-0.00812327,0.00800791,0.00126192,-0.00125721,0.117886,0.118053,0.0933135,0.0934291,4042.35,-128.052,-521.772,-0.00263292,0.00804861,-84.3509,4048,-128,523.599,-0.00263128,-0.00806834,-84.352,4169.29,4.28131,139.279,-0.00121205,-0.0014314,-84.511,4189.69,4.42596,-132.774,-0.00121328,0.0013354,-84.5159
0.209,146.398,1.49425,28.6842,-0.00148732,-0.357344,0.0114065,-0.000243359,0.000120636,0.00870732,3789.41,4,0,0,0,-0.00808863,0.00796863,0.00126253,-0.00125764,0.117938,0.11811,0.0933043,0.0934246,4042.77,-128.825,-519.338,-0.0026417,0.00801298,-84.3413,4048.31,-128.968,520.753,-0.00264223,-0.00802694,-84.3418,4170.68,6.18512,138.623,-0.00119196,-0.0014218,-84.5011,4190.85,6.3337,-132.925,-0.00119321,0.00133727,-84.5057
0.219,146.684,1.49851,28.6808,-0.00136859,-0.328572,0.0133017,-0.000282318,0.000122608,0.00872771,3788.97,4,0,0,0,-0.0080517,0.00792599,0.00126209,-0.00125707,0.117989,0.118165,0.0932974,0.0934217,4043.42,-128.504,-517.301,-0.00263806,0.00798273,-84.3315,4048.59,-128.296,517.63,-0.00263494,-0.00798139,-84.3318,4171.54,3.51569,138.584,-0.00122061,-0.00142112,-84.4918,4191.48,3.62376,-133.722,-0.00122207,0.00134843,-84.4962
0.229,146.971,1.50278,28.6773,-0.00125222,-0.300846,0.00691807,-0.000341186,0.000124125,0.00874783,3788.52,4,0,0,0,-0.00801337,0.00788656,0.00126282,-0.0012576,0.118041,0.118221,0.0932924,0.09342,4044.42,-127.983,-514.948,-0.00263207,0.00794746,-84.3215,4049.13,-127.783,514.916,-0.00262926,-0.00794145,-84.3219,4172.23,2.4774,138.453,-0.00123186,-0.00141914,-84.4816,4191.89,2.56998,-134.455,-0.00123338,0.00135871,-84.4856
0.239,147.258,1.50704,28.6739,-0.00112375,-0.319428,0.00797128,-0.000369296,0.000125161,0.00876776,3788.08,4,0,0,0,-0.00797764,0.00785235,0.00126253,-0.00125722,0.118094,0.118276,0.0932889,0.0934192,4044.65,-128.266,-512.037,-0.00263559,0.00790513,-84.3118,4049.27,-128.273,512.172,-0.002635,-0.0079017,-84.3118,4172.93,2.10468,138.058,-0.00123597,-0.00141342,-84.473,4192.27,2.16658,-134.883,-0.00123775,0.00136467,-84.4768
0.249,147.544,1.5113,28.6704,-0.000994181,-0.424158,0.0104099,-0.000401256,0.000125763,0.00878749,3787.64,4,0,0,0,-0.00794052,0.00780983,0.00126407,-0.00125868,0.118146,0.11833,0.0932868,0.0934193,4045.35,-128.88,-510.273,-0.00264244,0.00787891,-84.3022,4049.71,-128.749,509.343,-0.00264044,-0.00786038,-84.3017,4173.79,6.34838,137.184,-0.00119089,-0.00140081,-84.4626,4192.78,6.46048,-134.81,-0.00119236,0.00136346,-84.4661
0.259,147.831,1.51556,28.667,-0.000867772,-0.362332,0.00743663,-0.0004366,0.000125894,0.00880706,3787.2,4,0,0,0,-0.00790328,0.00776791,0.00126364,-0.00125819,0.118199,0.118384,0.0932853,0.0934193,4045.97,-128.538,-508.098,-0.00263868,0.00784671,-84.2924,4049.89,-128.597,506.386,-0.00263903,-0.00781743,-84.2916,4174.22,3.8702,136.991,-0.00121736,-0.00139804,-84.4518,4192.82,3.9714,-135.434,-0.00121874,0.0013723,-84.4552
0.269,148.118,1.51982,28.6636,-0.00074081,-0.363481,0.00396029,-0.000473987,0.000125547,0.00882643,3786.75,4,0,0,0,-0.00786376,0.00773455,0.00126322,-0.00125771,0.118252,0.118438,0.0932848,0.0934196,4046.32,-129.811,-504.709,-0.00265325,0.0077975,-84.2824,4049.91,-129.32,502.975,-0.00264749,-0.00776822,-84.2818,4174.87,7.1225,136.367,-0.00118281,-0.00138903,-84.4424,4193.04,7.23355,-135.592,-0.00118423,0.00137442,-84.4455
0.279,148.404,1.52408,28.6601,-0.000610893,-0.388221,0.00212836,-0.000496735,0.000124802,0.00884556,3786.31,4,0,0,0,-0.00782363,0.00770014,0.00126413,-0.00125863,0.118305,0.118491,0.0932851,0.0934203,4046.99,-129.064,-503.007,-0.00264484,0.00777203,-84.2728,4050.3,-128.309,501.08,-0.0026362,-0.00774029,-84.2717,4175.01,4.53832,136.395,-0.00121044,-0.00138944,-84.433,4192.72,4.60396,-136.37,-0.00121214,0.0013855,-84.4358
0.289,148.691,1.52834,28.6567,-0.000480796,-0.290314,0.00071687,-0.000511198,0.000123717,0.00886443,3785.87,4,0,0,0,-0.00779386,0.00766041,0.0012636,-0.0012581,0.118357,0.118543,0.0932856,0.0934206,4047.59,-127.484,-501.461,-0.00262717,0.00774882,-84.2631,4050.59,-127.07,498.643,-0.00262252,-0.0077046,-84.2617,4175.2,0.483738,136.601,-0.00125366,-0.00139239,-84.4225,4192.48,0.533198,-137.306,-0.00125523,0.00139881,-84.4252
0.299,148.977,1.5326,28.6533,-0.000356717,-0.364131,0.00344467,-0.000535781,0.000122297,0.008883,3785.42,4,0,0,0,-0.00775425,0.00762144,0.00126331,-0.00125783,0.11841,0.118594,0.0932867,0.0934211,4047.94,-128.644,-498.53,-0.00264039,0.00770622,-84.2532,4050.45,-128.409,494.704,-0.00263795,-0.00764804,-84.2517,4175.96,6.01114,135.434,-0.00119487,-0.00137566,-84.4126,4192.79,6.09328,-136.919,-0.00119633,0.0013932,-84.4151
0.309,149.264,1.53685,28.6499,-0.000232536,-0.343468,0.00215301,-0.000552302,0.000120585,0.00890124,3784.98,4,0,0,0,-0.00771348,0.00758941,0.00126338,-0.00125793,0.118462,0.118645,0.0932882,0.0934214,4048.37,-127.891,-496.309,-0.0026321,0.00767355,-84.2433,4050.6,-127.862,492.727,-0.00263195,-0.00761926,-84.2418,4176.17,2.77378,135.462,-0.00122937,-0.00137606,-84.403,4192.56,2.84213,-137.665,-0.00123074,0.00140381,-84.4052
0.319,149.55,1.54111,28.6464,-0.000110047,-0.406245,-0.000579343,-0.000562727,0.000118668,0.00891915,3784.54,4,0,0,0,-0.00768166,0.00755816,0.00126349,-0.00125811,0.118514,0.118695,0.0932901,0.0934218,4048.47,-129.123,-493.915,-0.00264613,0.00763902,-84.2336,4050.59,-128.519,490.194,-0.00263953,-0.0075828,-84.2317,4176.73,6.02575,134.719,-0.00119482,-0.0013654,-84.3926,4192.7,6.11206,-137.53,-0.0011961,0.00140183,-84.3947
0.329,149.837,1.54536,28.643,8.49963e-06,-0.329639,-0.00302154,-0.000569407,0.000116587,0.00893667,3784.09,4,0,0,0,-0.00764794,0.00751554,0.00126377,-0.00125847,0.118564,0.118743,0.0932923,0.0934221,4048.9,-127.363,-492.325,-0.0026265,0.00761534,-84.2237,4050.77,-126.779,487.775,-0.00262027,-0.00754746,-84.2216,4176.7,1.13585,135.162,-0.0012469,-0.00137175,-84.3825,4192.28,1.15877,-138.588,-0.00124855,0.00141692,-84.3844
0.339,150.123,1.54962,28.6396,0.000120092,-0.379207,-0.000585406,-0.000585895,0.000114347,0.00895385,3783.64,4,0,0,0,-0.00761012,0.0074853,0.00126298,-0.00125777,0.118615,0.118791,0.0932945,0.0934221,4048.93,-128.24,-489.602,-0.00263667,0.0075761,-84.2137,4050.44,-127.948,484.376,-0.00263383,-0.00749891,-84.2118,4177.3,6.01078,134.144,-0.00119509,-0.00135716,-84.3724,4192.5,6.06887,-138.258,-0.00119654,0.00141213,-84.3741
0.349,150.41,1.55387,28.6362,0.00023385,-0.262827,0.00309361,-0.000583499,0.000111988,0.00897064,3783.2,4,0,0,0,-0.00757316,0.00745687,0.00126262,-0.00125749,0.118664,0.118837,0.093297,0.0934221,4049.5,-126.403,-488.124,-0.00261606,0.00755389,-84.2038,4050.66,-126.787,482.824,-0.00262085,-0.00747611,-84.2017,4177.13,-0.601879,134.944,-0.00126549,-0.00136862,-84.3632,4191.98,-0.598376,-139.716,-0.00126714,0.00143292,-84.3648
0.359,150.696,1.55812,28.6328,0.000341499,-0.233796,-0.000768115,-0.000583758,0.000109567,0.00898709,3782.75,4,0,0,0,-0.00754428,0.00742666,0.00126266,-0.00125766,0.118713,0.118883,0.0932996,0.0934221,4049.17,-126.84,-485.817,-0.00262146,0.00752098,-84.194,4050.65,-126.528,480.324,-0.00261817,-0.00744001,-84.1917,4177.3,-1.95997,134.71,-0.00127998,-0.0013653,-84.353,4191.82,-2.00762,-139.937,-0.00128205,0.00143609,-84.3546
0.369,150.982,1.56237,28.6293,0.000442569,-0.352099,0.000943905,-0.000583622,0.000107125,0.00900317,3782.31,4,0,0,0,-0.00751215,0.00739219,0.00126257,-0.00125769,0.11876,0.118927,0.0933023,0.093422,4049.57,-127.68,-484.1,-0.00263079,0.00749587,-84.184,4050.49,-127.52,477.822,-0.00262956,-0.00740421,-84.1817,4177.91,3.15872,133.605,-0.00122557,-0.00134947,-84.3425,4192.13,3.18063,-139.349,-0.00122708,0.00142765,-84.3439
0.379,151.268,1.56662,28.6259,0.000535074,-0.407654,-0.00151622,-0.000593411,0.000104616,0.00901891,3781.86,4,0,0,0,-0.00747736,0.00736372,0.00126223,-0.00125745,0.118807,0.11897,0.093305,0.0934218,4049.31,-130.302,-480.445,-0.00266059,0.00744371,-84.174,4050,-130.003,473.972,-0.00265785,-0.00734948,-84.1717,4178.5,10.0585,132.752,-0.00115222,-0.0013372,-84.3335,4192.42,10.1546,-138.988,-0.00115321,0.00142237,-84.3348
0.389,151.555,1.57087,28.6225,0.000627458,-0.366166,-0.0034375,-0.000586694,0.000102082,0.0090343,3781.42,4,0,0,0,-0.00744558,0.00733664,0.00126254,-0.00125787,0.118853,0.119013,0.0933077,0.0934215,4049.57,-128.459,-479.126,-0.00264006,0.00742416,-84.1642,4050.24,-128.025,472.783,-0.00263573,-0.00733183,-84.1617,4178.39,5.25416,133.078,-0.00120335,-0.00134191,-84.3231,4192.03,5.30199,-139.736,-0.00120459,0.00143308,-84.3243
0.399,151.841,1.57512,28.6191,0.000714969,-0.304854,-0.00394176,-0.000580227,9.95733e-05,0.00904935,3780.97,4,0,0,0,-0.00741603,0.00730576,0.0012625,-0.00125798,0.118898,0.119054,0.0933105,0.0934213,4049.77,-127.167,-477.657,-0.00262571,0.00740258,-84.1542,4050.3,-126.965,470.735,-0.00262406,-0.00730208,-84.1516,4178.27,0.665693,133.43,-0.00125216,-0.00134699,-84.3139,4191.65,0.636961,-140.496,-0.00125397,0.00144397,-84.3151
0.409,152.127,1.57937,28.6157,0.000793039,-0.33974,-0.00506677,-0.000580984,9.70696e-05,0.00906406,3780.52,4,0,0,0,-0.00738433,0.00727389,0.00126217,-0.00125778,0.118941,0.119094,0.0933132,0.0934208,4049.82,-127.375,-475.604,-0.00262823,0.00737292,-84.1442,4050.15,-127.152,468.186,-0.00262644,-0.0072655,-84.1416,4178.52,4.55936,132.944,-0.00121082,-0.00134,-84.3032,4191.66,4.60487,-140.391,-0.00121197,0.00144241,-84.3044
0.419,152.413,1.58361,28.6123,0.000868462,-0.346689,-0.00399068,-0.000574927,9.45624e-05,0.00907844,3780.07,4,0,0,0,-0.00735332,0.0072506,0.00126206,-0.00125777,0.118984,0.119134,0.0933156,0.0934201,4049.73,-128.23,-473.218,-0.00263808,0.00733867,-84.134,4049.94,-128.048,465.838,-0.00263673,-0.00723195,-84.1317,4178.71,4.68563,132.645,-0.00120948,-0.00133573,-84.2941,4191.62,4.71024,-140.464,-0.00121081,0.00144345,-84.2952
0.429,152.699,1.58785,28.6088,0.000940217,-0.34985,-0.0046196,-0.000566208,9.2107e-05,0.00909251,3779.63,4,0,0,0,-0.0073243,0.00722592,0.00126177,-0.00125762,0.119026,0.119172,0.0933183,0.0934197,4049.76,-128.317,-471.599,-0.00263921,0.0073153,-84.1241,4049.96,-127.614,464.206,-0.00263198,-0.00720833,-84.1217,4178.69,5.11313,132.269,-0.001205,-0.00133042,-84.2839,4191.37,5.1031,-140.375,-0.00120668,0.00144223,-84.285
0.439,152.985,1.59209,28.6054,0.00100679,-0.350831,-0.00371569,-0.000549722,8.97279e-05,0.00910626,3779.18,4,0,0,0,-0.00729811,0.00719465,0.0012624,-0.00125839,0.119067,0.119209,0.0933207,0.093419,4049.87,-127.18,-470.196,-0.00262661,0.00729479,-84.1143,4049.97,-127.031,462.28,-0.00262564,-0.00718047,-84.1117,4178.74,2.06558,132.687,-0.00123738,-0.00133637,-84.2728,4191.24,2.05658,-141.061,-0.00123889,0.00145199,-84.2739
0.449,153.271,1.59633,28.602,0.00106342,-0.35863,-0.00257016,-0.000547843,8.73925e-05,0.00911968,3778.73,4,0,0,0,-0.00726665,0.00716669,0.0012622,-0.00125831,0.119106,0.119245,0.0933231,0.0934183,4049.82,-127.903,-468.087,-0.00263492,0.00726448,-84.1041,4049.74,-128.543,459.672,-0.0026428,-0.00714327,-84.1017,4178.73,2.7578,132.442,-0.00123006,-0.00133291,-84.2634,4191.07,2.80174,-141.132,-0.00123101,0.00145301,-84.2644
0.459,153.557,1.60057,28.5986,0.00111601,-0.325513,-0.00512294,-0.000545199,8.5111e-05,0.0091328,3778.28,4,0,0,0,-0.00723603,0.00714628,0.00126198,-0.00125821,0.119145,0.119281,0.0933251,0.0934173,4049.99,-126.353,-466.699,-0.00261771,0.0072441,-84.0942,4049.83,-126.552,458.496,-0.00262066,-0.007126,-84.0918,4178.8,1.13481,132.552,-0.00124729,-0.00133447,-84.2524,4190.96,1.11113,-141.471,-0.00124887,0.00145785,-84.2534
0.469,153.843,1.60481,28.5952,0.00116793,-0.360766,-0.00521173,-0.000527762,8.29186e-05,0.0091456,3777.84,4,0,0,0,-0.00721349,0.00712488,0.00126215,-0.00125851,0.119183,0.119315,0.0933272,0.0934164,4049.84,-127.104,-464.724,-0.00262636,0.00721585,-84.0843,4049.71,-127.255,456.562,-0.00262871,-0.0070983,-84.0818,4178.94,3.21374,132.272,-0.0012252,-0.00133046,-84.2427,4190.95,3.21296,-141.347,-0.00122659,0.00145606,-84.2437
0.479,154.129,1.60905,28.5918,0.0012107,-0.296123,-0.00942287,-0.000522977,8.08355e-05,0.0091581,3777.39,4,0,0,0,-0.00719262,0.00710031,0.00126144,-0.00125793,0.11922,0.119349,0.0933288,0.0934153,4049.84,-126.827,-463.308,-0.0026234,0.0071954,-84.0743,4049.71,-126.584,454.639,-0.00262141,-0.00707051,-84.0718,4178.82,0.877523,132.302,-0.00125006,-0.00133094,-84.2325,4190.71,0.839991,-141.503,-0.00125172,0.00145836,-84.2335
0.489,154.415,1.61328,28.5884,0.00125035,-0.365088,-0.00574565,-0.000511665,7.88264e-05,0.00917028,3776.94,4,0,0,0,-0.00716335,0.0070746,0.00126145,-0.00125803,0.119255,0.119381,0.0933307,0.0934144,4049.77,-126.991,-461.481,-0.00262545,0.00716914,-84.0641,4049.5,-126.958,452.705,-0.00262583,-0.00704286,-84.0619,4178.99,3.30758,132.031,-0.00122422,-0.00132704,-84.2235,4190.77,3.31781,-141.415,-0.00122544,0.00145706,-84.2245
0.499,154.701,1.61751,28.585,0.00128381,-0.382395,-0.00795813,-0.000507182,7.69068e-05,0.00918215,3776.49,4,0,0,0,-0.00713376,0.00705544,0.00126221,-0.00125892,0.11929,0.119413,0.0933325,0.0934135,4049.63,-128.198,-459.722,-0.00263915,0.00714403,-84.054,4049.4,-127.719,451.168,-0.00263447,-0.0070209,-84.0519,4178.98,3.99597,132.026,-0.00121692,-0.00132696,-84.2135,4190.65,3.95099,-141.529,-0.00121874,0.00145868,-84.2145
0.509,154.987,1.62174,28.5803,0.00131838,-0.792006,0.00113565,-0.000499633,7.11845e-05,0.00920153,3773,4,0,0.09,0,-0.00710933,0.00702958,0.00126143,-0.00125834,0.119335,0.11945,0.0933324,0.0934065,4051.95,-214.71,-457.997,-0.00360215,0.00712682,-83.9395,4050.74,-214.624,449.37,-0.0036025,-0.00700356,-83.9371,4174.7,-461.149,129.814,-0.00617774,-0.00132769,-83.7183,4185.01,-462.106,-138.973,-0.00617485,0.00145482,-83.7201
0.519,155.272,1.62597,28.5669,0.00135444,-1.73023,0.021278,-0.000509448,4.64907e-05,0.00926973,3760.73,4,0,0.19,0,-0.00703613,0.00696677,0.00125975,-0.00125734,0.11943,0.11952,0.0933498,0.0934028,4071.65,-479.594,-454.388,-0.00653327,0.00708914,-83.6416,4063.41,-478.237,446.166,-0.00653177,-0.00697827,-83.6382,4139.04,-1065.24,122.848,-0.0129109,-0.00134037,-83.1072,4140.37,-1063.72,-130.873,-0.0128928,0.00145381,-83.1091
0.529,155.558,1.63018,28.5424,0.00138868,-2.87418,0.032536,-0.000518206,-6.45309e-06,0.00944122,3742.19,4,0,0.29,0,-0.00691083,0.00688292,0.00126094,-0.00125991,0.119621,0.119662,0.0933565,0.0933702,4119.36,-860.893,-446.064,-0.0106992,0.00697931,-83.2209,4097.81,-856.512,439.573,-0.0107123,-0.00690573,-83.2134,4071.24,-1656.5,111.059,-0.020264,-0.00134951,-82.3978,4055,-1650.4,-117.187,-0.0202924,0.00144324,-82.3923
0.539,155.843,1.63438,28.5063,0.00143465,-4.06563,0.0519482,-0.000461748,-8.92194e-05,0.00976473,3719.27,4,0,0.39,0,-0.00666116,0.00669261,0.00126245,-0.00126373,0.119957,0.119918,0.0933061,0.0932582,4198.08,-1313.39,-434.689,-0.015557,0.00681715,-82.7165,4159.41,-1305.62,430.658,-0.0156381,-0.00679497,-82.699,3968.18,-2218.42,96.1651,-0.028685,-0.00135928,-81.5529,3928.18,-2204.94,-99.8447,-0.0288779,0.00143044,-81.5279
0.549,156.128,1.63858,28.4581,0.00147218,-5.45788,0.0748885,-0.000333268,-0.000197819,0.0102778,3693.18,4,0,0.49,0,-0.00629426,0.0064008,0.00127263,-0.0012773,0.120494,0.120342,0.0931564,0.0930217,4305.32,-1807.34,-420.332,-0.0207743,0.00660267,-82.1515,4249.19,-1796.54,418.851,-0.0209878,-0.00663378,-82.1183,3829.69,-2730.7,78.2743,-0.0388442,-0.00134572,-80.501,3763.21,-2706.31,-79.3036,-0.0393968,0.00139179,-80.4384
0.559,156.412,1.64275,28.3982,0.0014872,-6.14034,0.0902268,-9.25368e-05,-0.000325027,0.0110049,3664.65,4,0,0.59,0,-0.00572395,0.00592174,0.00127819,-0.0012874,0.121279,0.120982,0.0928679,0.0926215,4433.21,-2338.59,-389.396,-0.0263885,0.0061438,-81.5384,4361.29,-2324.81,391.225,-0.0267934,-0.00623663,-81.4854,3658.92,-3187.05,61.9058,-0.0523411,-0.00137355,-79.1304,3566.52,-3145.46,-60.4724,-0.0535682,0.00139032,-79.003
0.569,156.695,1.64692,28.3264,0.00144291,-7.54341,0.116473,0.000306242,-0.000462693,0.0119574,3634.07,4,0,0.69,0,-0.0050222,0.00533629,0.00129925,-0.00131394,0.122347,0.121882,0.0924088,0.0920288,4578.3,-2874.75,-352.039,-0.032135,0.00557584,-80.8828,4494.02,-2858.56,358.388,-0.0327773,-0.00574539,-80.8074,3464.28,-3532.89,45.6981,-0.0710791,-0.0013938,-77.2616,3349.12,-3464.57,-42.3275,-0.0735092,0.00137074,-77.0246
0.579,156.978,1.65108,28.245,0.00128886,-8.77763,0.138619,0.000926485,-0.000603538,0.0131348,3601.55,4,0,0.79,0,-0.00411118,0.00455105,0.00132692,-0.00134781,0.123721,0.123069,0.091753,0.0912218,4734.61,-3404.67,-306.089,-0.0380433,0.00486024,-80.1842,4641.81,-3386.81,317.29,-0.03896,-0.00510774,-80.0854,3255.16,-3710.47,31.0605,-0.098667,-0.00140683,-74.5848,3121.81,-3603.52,-26.4794,-0.103178,0.00132321,-74.1651
0.589,157.259,1.65522,28.1564,0.000949852,-8.82376,0.146847,0.00183535,-0.000742424,0.0145266,3566.99,4,0,0.89,0,-0.00299888,0.0035612,0.00136501,-0.00139275,0.125407,0.124559,0.0908832,0.0901881,4893.09,-3938.18,-237.019,-0.0445949,0.00379028,-79.4377,4795.33,-3918.76,252.112,-0.0458268,-0.00408929,-79.3156,3040.38,-3668.67,21.1369,-0.141287,-0.00152165,-70.6313,2893.67,-3516.51,-15.8963,-0.149132,0.00134254,-69.9261
0.599,157.54,1.65935,28.0631,0.000339126,-9.56039,0.159704,0.00300978,-0.000877011,0.0161148,3530.08,4,0,0.99,0,-0.00165357,0.00232549,0.00140692,-0.00144207,0.127401,0.126354,0.0897917,0.0889252,5057.75,-4432.03,-169.664,-0.051312,0.00275284,-78.6354,4957.15,-4410.12,190.297,-0.0528799,-0.00309829,-78.4892,2833.04,-3451.27,13.039,-0.205431,-0.00161029,-64.8396,2676.44,-3278.45,-7.8554,-0.217943,0.00129388,-63.7493
0.609,157.82,1.66347,27.9665,-0.000566523,-9.78921,0.176196,0.00439073,-0.00100316,0.0178692,3493.44,4,0,1,0,-0.000209995,0.000991299,0.00146293,-0.0015052,0.129685,0.128442,0.088497,0.0874625,5214.2,-4861.75,-40.7273,-0.0580181,0.00132135,-77.8742,5113.49,-4839.06,75.9696,-0.0599687,-0.00170924,-77.7018,2635.92,-3233.38,8.60212,-0.288867,-0.00180494,-57.6579,2471.99,-3049.59,-3.6204,-0.306614,0.00131583,-56.1426
0.619,158.099,1.66758,27.8686,-0.00190597,-9.26026,0.142398,0.00571212,-0.00110639,0.0197278,3463.2,4,0,1,0,0.00135614,-0.00047507,0.00152119,-0.00157033,0.132206,0.13079,0.0870495,0.085863,5349.38,-5164.35,7.16608,-0.0630554,-0.000187385,-77.2431,5253.41,-5145.57,0.109812,-0.0653299,-0.000266299,-77.0509,2459.66,-3035.67,5.92013,-0.379317,-0.00201515,-49.9714,2296.74,-2850.53,-1.14848,-0.402658,0.00133175,-48.008
0.629,158.377,1.67169,27.7688,-0.00359416,-9.54907,0.164979,0.00697098,-0.00117953,0.0216243,3437.75,4,0,1,0,0.00297745,-0.00203299,0.0015857,-0.00164081,0.134893,0.133334,0.0855016,0.0841843,5460.03,-5380.53,83.8663,-0.0669117,-0.00196519,-76.6997,5374.66,-5370.5,-58.9013,-0.0694161,0.00145592,-76.4993,2317.45,-2874.18,4.14047,-0.476103,-0.00223262,-41.8371,2163.28,-2697.15,0.415443,-0.505087,0.00134483,-39.4277
0.639,158.653,1.67579,27.6688,-0.00553571,-9.49998,0.161978,0.00819456,-0.00121847,0.0235004,3415.72,4,0,1,0,0.00461279,-0.00363938,0.0016493,-0.00170936,0.137687,0.136018,0.0839082,0.0824891,5544.69,-5532.28,163.989,-0.0698683,-0.00359605,-76.2127,5475.64,-5532.39,-132.444,-0.0723695,0.00303274,-76.0229,2208.99,-2749.84,3.11326,-0.57831,-0.00251792,-33.3423,2070.54,-2589.67,1.36833,-0.612692,0.00140169,-30.5122
0.649,158.929,1.67988,27.5684,-0.00773844,-10.0459,0.182027,0.00929952,-0.00122472,0.0253097,3396.09,4,0,1,0,0.00637108,-0.00539269,0.00171625,-0.00177987,0.140526,0.138787,0.0823224,0.0808337,5603.78,-5629,237.337,-0.0719078,-0.00508682,-75.7614,5553.26,-5639.27,-201.816,-0.0742148,0.00447869,-75.5993,2139.04,-2669.12,1.9493,-0.684688,-0.00268828,-24.5828,2020.49,-2531.36,2.40684,-0.72396,0.0013391,-21.3776
0.659,159.204,1.68396,27.4671,-0.0101671,-10.0598,0.183865,0.0102498,-0.00120409,0.0270193,3378.05,4,0,1,0,0.00787452,-0.00689511,0.00178391,-0.00184939,0.143364,0.141594,0.0807953,0.0792697,5637.18,-5699.1,328.123,-0.0741803,-0.00690337,-75.3349,5604.35,-5715.75,-287.746,-0.0761075,0.00621462,-75.214,2104.05,-2628.58,1.43645,-0.794168,-0.00299657,-15.6676,2006.5,-2515.02,2.99588,-0.837625,0.0013937,-12.1444
0.669,159.478,1.68804,27.3655,-0.0127837,-10.2332,0.204428,0.0110442,-0.00116434,0.0286087,3361.06,4,0,1,0,0.0093009,-0.00834857,0.00184592,-0.00191208,0.146152,0.144386,0.0793662,0.0778338,5656.44,-5742.53,409.082,-0.0760414,-0.00856353,-74.9241,5638.63,-5762.31,-366.659,-0.0774735,0.00782006,-74.8515,2102.11,-2626.33,0.918092,-0.905381,-0.00326583,-6.68728,2023.94,-2535.39,3.62519,-0.952287,0.00140219,-2.90463
0.679,159.751,1.69211,27.2632,-0.0155613,-11.2415,0.222409,0.0117326,-0.00111361,0.030032,3344.77,4,0,1,0,0.0107568,-0.00986063,0.00189877,-0.00196468,0.148818,0.147086,0.0781071,0.0765929,5661.4,-5760.26,471.233,-0.0773124,-0.00989604,-74.5156,5654.69,-5780.99,-425.599,-0.078244,0.00906555,-74.4925,2133.83,-2663.1,0.500021,-0.998336,-0.00347878,-0.129775,2071.75,-2591.08,4.17957,-0.998337,0.00134427,-0.129775
0.689,160.023,1.69616,27.1604,-0.0184924,-11.2865,0.213862,0.012296,-0.00105921,0.031155,3328.8,4,0,1,0,0.0119317,-0.0110865,0.00194577,-0.00201042,0.151259,0.14958,0.0771041,0.0756261,5606.66,-5729.7,534.682,-0.0790517,-0.0113324,-74.1057,5607.15,-5748.04,-486.825,-0.0794686,0.0104152,-74.128,2244.07,-2790.19,0.914677,-0.998724,-0.00372312,-0.0987962,2193.97,-2732.57,4.70423,-0.998725,0.00130159,-0.0987973
0.699,160.294,1.7002,27.0571,-0.0215333,-10.2713,0.197153,0.0128279,-0.00100797,0.0319938,3312.2,4,0,1,0,0.0130832,-0.0122892,0.00197577,-0.00203866,0.153483,0.151865,0.0763415,0.07491,5526.42,-5675.98,593.579,-0.0809228,-0.012756,-73.6882,5529.81,-5690.96,-541.948,-0.080919,0.0117168,-73.7485,2396.73,-2964.46,1.52266,-0.999056,-0.00399836,-0.0725827,2353.73,-2915.58,5.2456,-0.999056,0.00127848,-0.0725827
0.709,160.564,1.70423,26.9518,-0.0246835,-10.2551,0.210928,0.0133885,-0.000965002,0.032603,3294.71,4,0,1,0,0.0140387,-0.0132815,0.00199838,-0.00205927,0.155473,0.153919,0.0758388,0.0744572,5450.21,-5623.82,640.694,-0.082692,-0.0139943,-73.2584,5453.04,-5634.63,-585.5,-0.0823697,0.0128393,-73.3477,2562.44,-3151.36,2.11972,-0.999346,-0.00421625,-0.0523481,2521.83,-3105.79,5.90907,-0.999346,0.00118611,-0.052348
0.719,160.833,1.70825,26.8452,-0.0279521,-10.5304,0.208751,0.0139809,-0.000932888,0.0330454,3276.39,4,0,1,0,0.0148776,-0.0141707,0.00200859,-0.00206741,0.157244,0.155746,0.0755845,0.0742505,5392.46,-5586.08,668.718,-0.0841454,-0.0148455,-72.824,5392.07,-5591.94,-607.691,-0.0835661,0.0135403,-72.9335,2720.51,-3327.43,2.73285,-0.999494,-0.0044119,-0.0385409,2678.45,-3280.81,6.64616,-0.999494,0.00104941,-0.0385407
0.729,161.1,1.71225,26.7369,-0.0313487,-10.9623,0.223417,0.0146689,-0.000911656,0.0333828,3257.55,4,0,1,0,0.0155612,-0.014897,0.00201118,-0.00206814,0.158834,0.157382,0.0755464,0.074254,5356.73,-5569.4,690.547,-0.085634,-0.0155566,-72.3897,5351.63,-5571.35,-623.667,-0.0849376,0.0141152,-72.5109,2857.49,-3478.25,3.37937,-0.999642,-0.00459053,-0.0306756,2811.58,-3427.9,7.37126,-0.999641,0.000880292,-0.0306748
0.739,161.367,1.71624,26.627,-0.0348915,-11.2942,0.234068,0.015447,-0.000899329,0.0336684,3238.51,4,0,1,0,0.016247,-0.0156109,0.00200571,-0.00206122,0.16029,0.158874,0.0756774,0.0744187,5342.78,-5571.28,716.132,-0.0871751,-0.0163364,-71.9593,5333.27,-5570.83,-642.399,-0.0864077,0.0147409,-72.0868,2965.6,-3596.15,4.09456,-0.999646,-0.00477446,-0.0283979,2914.89,-3541,8.03459,-0.999646,0.000694185,-0.0283857
0.749,161.633,1.72021,26.5165,-0.0385869,-10.5778,0.243369,0.0163605,-0.00089252,0.0339433,3219.57,4,0,1,0,0.0169312,-0.0163113,0.00199137,-0.00204567,0.161661,0.160269,0.0759256,0.0746931,5347.77,-5590.04,742.1,-0.0887727,-0.0171005,-71.5367,5334.68,-5589.27,-660.849,-0.0880017,0.0153414,-71.6685,3041.88,-3678.71,4.92214,-0.999651,-0.00498602,-0.0279495,2986.93,-3619.31,8.57182,-0.999651,0.000517592,-0.0279481
0.759,161.898,1.72417,26.4039,-0.0424777,-10.9964,0.233942,0.0173153,-0.000887366,0.0342356,3200.96,4,0,1,0,0.0174283,-0.0168225,0.00198054,-0.00203378,0.162985,0.161611,0.0762452,0.075033,5368.09,-5620.86,762.282,-0.0901861,-0.0177134,-71.1244,5353.39,-5621.26,-671.964,-0.0893655,0.0157558,-71.2623,3089.51,-3730,5.73806,-0.999598,-0.00519215,-0.0305344,3031.93,-3668,9.06654,-0.999598,0.000308185,-0.0305344
0.769,162.161,1.72812,26.2905,-0.0465526,-10.4672,0.223556,0.0183575,-0.000880338,0.034561,3182.86,4,0,1,0,0.0180059,-0.0174248,0.00196441,-0.00201682,0.16429,0.16293,0.0765913,0.0753961,5394.99,-5654.22,801.991,-0.0918671,-0.01875,-70.7221,5380.62,-5657.42,-703.93,-0.0909475,0.0166042,-70.8705,3111.26,-3753.35,6.68687,-0.999563,-0.00543935,-0.033988,3053.22,-3690.97,9.40762,-0.999563,0.000119164,-0.0339912
0.779,162.423,1.73205,26.1766,-0.0508291,-11.2885,0.266297,0.0194705,-0.000868788,0.0349245,3165.32,4,0,1,0,0.0185813,-0.0180234,0.0019499,-0.0020015,0.165592,0.164246,0.0769334,0.0757546,5428.19,-5689.89,812.801,-0.0926293,-0.019074,-70.3303,5416.22,-5696.43,-707.753,-0.0915938,0.0167669,-70.4951,3116.6,-3759.09,7.33497,-0.999485,-0.00560789,-0.0380196,3060.48,-3698.79,9.78441,-0.999486,-0.000167031,-0.0380196
0.789,162.684,1.73598,26.0619,-0.0553323,-11.7683,0.266154,0.0205582,-0.00085111,0.0353236,3148.36,4,0,1,0,0.0190636,-0.0185146,0.00193412,-0.0019848,0.166896,0.16557,0.0772477,0.0760876,5460.2,-5722.26,836.732,-0.093585,-0.0197016,-69.9465,5451.62,-5732.66,-722.928,-0.0923098,0.0171729,-70.1355,3107.05,-3748.83,8.09198,-0.999466,-0.00581542,-0.0413199,3054.86,-3692.73,9.94806,-0.999467,-0.000440348,-0.0413201
0.799,162.945,1.73989,25.9471,-0.0600301,-11.6422,0.28836,0.0217327,-0.000826699,0.0357502,3131.93,4,0,1,0,0.0196505,-0.0191113,0.00192452,-0.00197411,0.1682,0.166899,0.0775204,0.0763833,5488.31,-5749.68,865.942,-0.0946211,-0.0204568,-69.5694,5484.14,-5764.06,-744.676,-0.0930221,0.0177128,-69.7907,3089.2,-3729.65,9.00922,-0.99943,-0.00607891,-0.0440393,3042.46,-3679.36,9.93781,-0.999431,-0.000676562,-0.044034
0.809,163.203,1.7438,25.8331,-0.0649534,-11.0879,0.281513,0.022882,-0.000795932,0.0361936,3115.95,4,0,1,0,0.0202582,-0.0197434,0.00191024,-0.00195863,0.169495,0.168227,0.0777453,0.0766368,5512.35,-5773.96,882.316,-0.0953844,-0.0209127,-69.1984,5512.94,-5791.37,-752.853,-0.0933665,0.017934,-69.459,3069.14,-3708.06,9.76903,-0.999412,-0.0063049,-0.0447651,3028.84,-3664.66,10.214,-0.999412,-0.000976593,-0.0447647
0.819,163.461,1.74769,25.7176,-0.0701018,-11.3155,0.262243,0.0240212,-0.000759901,0.0366426,3100.31,4,0,1,0,0.0206545,-0.0201834,0.00190733,-0.00195405,0.170772,0.169545,0.0779253,0.0768512,5528.81,-5789.92,913.1,-0.0964939,-0.0217311,-68.8282,5534.12,-5810.37,-774.757,-0.093945,0.0184705,-69.133,3048.63,-3685.95,10.8188,-0.999423,-0.0066119,-0.0448102,3015.03,-3649.73,10.8522,-0.999423,-0.00122209,-0.0448102
0.829,163.718,1.75158,25.6029,-0.0754305,-10.7191,0.302293,0.0252215,-0.000719999,0.0370863,3084.93,4,0,1,0,0.0211379,-0.0206923,0.00190064,-0.00194558,0.172016,0.170837,0.0780613,0.0770273,5539.89,-5799.72,941.573,-0.0974671,-0.0225062,-68.4611,5549.14,-5822.05,-797.322,-0.094411,0.0190229,-68.8138,3028.94,-3664.7,11.8429,-0.999415,-0.00693078,-0.0437932,3001.95,-3635.57,12.1997,-0.999416,-0.00146765,-0.0437932
0.839,163.973,1.75545,25.4881,-0.0809699,-11.1662,0.315902,0.0263732,-0.000677577,0.0375156,3069.69,4,0,1,0,0.021552,-0.0211239,0.00189397,-0.00193708,0.173217,0.172092,0.0781638,0.0771747,5545.25,-5805.65,953.189,-0.0980344,-0.0228771,-68.0961,5558.28,-5828.79,-798.778,-0.0943456,0.0190802,-68.4994,3016.29,-3651.01,12.6971,-0.999436,-0.00718974,-0.0420868,2995.44,-3628.51,16.1646,-0.999436,-0.00180733,-0.0420869
0.849,164.227,1.75932,25.3731,-0.0866879,-11.634,0.335293,0.0275201,-0.000633454,0.0379239,3054.52,4,0,1,0,0.02201,-0.0216083,0.00189371,-0.00193447,0.174364,0.173298,0.0782353,0.0772951,5544.66,-5804.55,971.568,-0.0986842,-0.0234242,-67.7293,5560.68,-5828.22,-807.982,-0.0943816,0.0193256,-68.1848,3006.76,-3640.7,13.6793,-0.999464,-0.0074817,-0.0304106,2991.72,-3624.45,25.7688,-0.999465,-0.00212802,-0.0304505
0.859,164.481,1.76318,25.2589,-0.0925026,-11.3322,0.350504,0.02857,-0.000587654,0.0383067,3039.34,4,0,1,0,0.0223809,-0.0220181,0.00189061,-0.00192922,0.175448,0.174445,0.0782891,0.0774007,5540.18,-5801.78,989.496,-0.0995335,-0.023987,-67.3628,5558.95,-5825.56,-816.89,-0.0945566,0.0195732,-67.8712,2999.89,-3633.26,14.718,-0.999497,-0.00779208,-0.0371868,2990.79,-3623.35,59.0323,-0.999498,-0.00243829,-0.0371864
0.869,164.733,1.76703,25.1444,-0.0980931,-11.3549,0.413309,0.0291444,-0.000536782,0.0386617,3024.12,4,0,1,0,0.0227686,-0.0224436,0.00188937,-0.00192549,0.176463,0.17553,0.078324,0.0774903,5532.05,-5796.06,1003.99,-0.10033,-0.0244916,-66.9945,5554.53,-5821.43,-820.906,-0.094693,0.0197294,-67.5562,2995.23,-3628.2,15.6541,-0.999533,-0.0080694,-0.0338777,2995.1,-3627.84,123.245,-0.999534,-0.00271811,-0.0338779
0.879,164.984,1.77088,25.03,-0.10358,-11.3698,0.389121,0.0295869,-0.000475801,0.0389884,3008.83,4,0,1,0,0.0230935,-0.0227949,0.00187839,-0.0019118,0.177404,0.176551,0.0783456,0.0775725,5520.04,-5787.6,1018.91,-0.101262,-0.0250369,-66.6221,5548.9,-5816.63,-824.804,-0.0948632,0.0198843,-67.2415,2990.48,-3623.05,16.5871,-0.999569,-0.0083474,-0.0278339,3001.72,-3635.14,71.5728,-0.99957,-0.00296346,-0.0278236
0.889,165.233,1.77473,24.9158,-0.109377,-10.8483,0.387575,0.0304057,-0.000411932,0.0392875,2993.44,4,0,1,0,0.0233699,-0.0230989,0.00188757,-0.00191811,0.178272,0.177501,0.0783602,0.077656,5507.76,-5778.96,1038.06,-0.10242,-0.0257147,-66.2454,5541.85,-5810.49,-836.43,-0.0952468,0.0202229,-66.9279,2986.47,-3618.69,17.7411,-0.99961,-0.00868772,-0.0284942,3005.65,-3639.45,53.6867,-0.999611,-0.00322064,-0.0284932
0.899,165.482,1.77857,24.8019,-0.1154,-11.2556,0.388127,0.0314003,-0.000351179,0.0395605,2977.95,4,0,1,0,0.0237033,-0.0234629,0.00188693,-0.00191427,0.179069,0.178383,0.0783687,0.0777374,5495.53,-5772.5,1039.9,-0.103127,-0.0259406,-65.8653,5531.94,-5802.35,-827.433,-0.0950965,0.0200714,-66.612,2987.05,-3619.31,18.7883,-0.999627,-0.00898775,-0.0262169,3011.27,-3645.55,45.0958,-0.999628,-0.00358107,-0.0262169
0.909,165.729,1.7824,24.6879,-0.121625,-11.1361,0.385702,0.0325022,-0.000296247,0.0398092,2962.35,4,0,1,0,0.0239232,-0.0237249,0.00188739,-0.00191156,0.179798,0.179195,0.0783757,0.0778174,5484.71,-5766.39,1049.64,-0.104089,-0.0263744,-65.4826,5521.02,-5794.03,-826.823,-0.0952525,0.0201269,-66.2903,2981.26,-3613.02,19.8873,-0.999672,-0.00931437,-0.0237472,3007.96,-3641.97,41.7969,-0.999673,-0.00394313,-0.0237482
0.919,165.976,1.78622,24.574,-0.128047,-11.1797,0.410305,0.0337549,-0.000247758,0.0400364,2946.66,4,0,1,0,0.0241624,-0.0239986,0.00188646,-0.0019076,0.180464,0.17994,0.0783755,0.0778871,5474.02,-5761.58,1056.38,-0.105112,-0.0267589,-65.1045,5509.08,-5787.01,-823.198,-0.0955441,0.0201426,-65.9687,2985.81,-3617.94,21.224,-0.999697,-0.0096911,-0.0208762,3013.42,-3647.88,40.6198,-0.999697,-0.00429208,-0.0208696
0.929,166.221,1.79004,24.4611,-0.134678,-10.4583,0.413083,0.0351328,-0.00020491,0.0402436,2930.88,4,0,1,0,0.0244753,-0.0243477,0.00188094,-0.00189915,0.181071,0.18062,0.078374,0.0779512,5463.9,-5757.46,1060.74,-0.106087,-0.0270884,-64.7241,5497.49,-5781.12,-815.027,-0.09579,0.0200615,-65.6418,2985.66,-3617.77,22.5577,-0.99972,-0.0100724,-0.0197978,3013.32,-3647.76,40.2376,-0.999721,-0.00467608,-0.019797
0.939,166.465,1.79386,24.3465,-0.141569,-11.3173,0.415762,0.0365339,-0.000166098,0.0404332,2915.02,4,0,1,0,0.0245513,-0.0244168,0.00188748,-0.00190314,0.181623,0.181239,0.0783722,0.0780103,5454.42,-5753.72,1067.1,-0.107165,-0.027472,-64.3431,5486.68,-5777.26,-808.076,-0.0962018,0.0200153,-65.3128,2983.7,-3615.62,23.9333,-0.999745,-0.0104706,-0.0182093,3011.44,-3645.72,40.423,-0.999746,-0.00507641,-0.0182095
0.949,166.708,1.79766,24.2329,-0.148689,-11.4449,0.459814,0.0380932,-0.000129376,0.0406067,2899.12,4,0,1,0,0.0247235,-0.0246157,0.00188771,-0.00190082,0.182122,0.1818,0.0783651,0.0780599,5443.5,-5749.22,1068.87,-0.108125,-0.0277364,-63.9608,5475.68,-5772.31,-799.944,-0.0964959,0.0199289,-64.9834,2981.52,-3613.24,25.3281,-0.999764,-0.0108727,-0.0166876,3010.05,-3644.2,41.017,-0.999765,-0.00550571,-0.0166875
0.959,166.95,1.80147,24.1195,-0.156071,-11.1271,0.451328,0.039753,-9.29996e-05,0.0407656,2883.16,4,0,1,0,0.0248572,-0.0247832,0.00188836,-0.00189921,0.182572,0.182308,0.0783528,0.0781012,5434.37,-5744.7,1079.86,-0.109383,-0.0282603,-63.5764,5466.98,-5769.82,-798.101,-0.0970169,0.0199965,-64.6539,2977.08,-3608.4,27.0186,-0.999736,-0.0113641,-0.0149198,3007.28,-3641.2,41.7491,-0.999736,-0.00588923,-0.0149171
0.969,167.191,1.80527,24.0062,-0.163725,-11.1382,0.469949,0.0415064,-5.55722e-05,0.0409109,2867.17,4,0,1,0,0.0250308,-0.0249855,0.00188657,-0.00189521,0.182975,0.182768,0.0783352,0.0781353,5423.93,-5740.54,1081.58,-0.110415,-0.0285415,-63.1897,5458.07,-5767.3,-786.63,-0.0972792,0.0198319,-64.3258,2971.91,-3602.78,28.5354,-0.9998,-0.0118091,-0.0138762,3004.87,-3638.57,42.832,-0.999801,-0.00635848,-0.013877
0.979,167.43,1.80906,23.8935,-0.171671,-10.1758,0.457347,0.043338,-1.60721e-05,0.0410436,2851.15,4,0,1,0,0.0251572,-0.0251234,0.00188573,-0.00189203,0.183333,0.183183,0.07831,0.0781616,5414.42,-5737.36,1089.06,-0.111868,-0.0290182,-62.8003,5450.3,-5768.53,-780.202,-0.0979783,0.0198107,-64.0001,2965.17,-3595.44,30.2082,-0.999817,-0.0123017,-0.0127122,3001.94,-3635.38,43.9941,-0.999817,-0.00681039,-0.0127122
0.989,167.669,1.81286,23.7795,-0.179915,-11.5896,0.491562,0.0451453,2.61949e-05,0.0411645,2835.11,4,0,1,0,0.0251612,-0.0251244,0.0018927,-0.00189683,0.183649,0.183557,0.0782795,0.0781837,5403.51,-5733.56,1085.76,-0.11283,-0.0291738,-62.4073,5442.71,-5766.15,-762.532,-0.0979554,0.0194712,-63.6768,2958.7,-3588.4,31.7648,-0.999833,-0.0127664,-0.0115755,3000.17,-3633.45,45.5204,-0.999833,-0.0073462,-0.0115755
0.999,167.906,1.81665,23.6663,-0.188434,-11.4968,0.525513,0.047102,7.14851e-05,0.0412742,2819.06,4,0,1,0,0.0252372,-0.0252296,0.00189225,-0.0018942,0.183923,0.183893,0.07824,0.0781986,5393.26,-5729.38,1091.65,-0.114268,-0.0296218,-62.0103,5435.92,-5765.17,-756.753,-0.0983604,0.0194256,-63.3561,2951.09,-3580.09,33.5459,-0.999855,-0.0132972,-0.0103827,2997.97,-3631.05,47.0093,-0.999855,-0.00784633,-0.0103819
1.009,168.142,1.82044,23.5537,-0.197279,-11.1026,0.522847,0.0490613,0.000119674,0.041373,2802.99,4,0,1,0,0.0253435,-0.0253649,0.0018949,-0.00189421,0.184159,0.184195,0.0781937,0.0782091,5382.8,-5725.9,1094.3,-0.115749,-0.030005,-61.6104,5428.81,-5764.86,-746.14,-0.0987358,0.0192753,-63.0381,2943.21,-3571.5,35.4377,-0.999796,-0.0138632,-0.0100905,2995.95,-3628.84,48.5857,-0.999796,-0.00835301,-0.0100994
1.019,168.377,1.82423,23.4406,-0.206437,-11.5631,0.547686,0.051063,0.000170477,0.0414617,2786.92,4,0,1,0,0.0253809,-0.0254225,0.00189976,-0.00189654,0.184359,0.184463,0.0781404,0.0782156,5372.61,-5723.7,1090.2,-0.117021,-0.030183,-61.2086,5422.28,-5764.75,-726.827,-0.0988202,0.0188978,-62.7237,2935.73,-3563.33,37.229,-0.999872,-0.0144005,-0.00841782,2994.59,-3627.34,50.4415,-0.999873,-0.00893415,-0.00841783
1.029,168.611,1.82802,23.3282,-0.215893,-10.8572,0.564287,0.053157,0.000223652,0.0415405,2770.84,4,0,1,0,0.0254454,-0.0255008,0.00190175,-0.0018958,0.184525,0.184702,0.0780804,0.0782182,5363.33,-5719.74,1098.57,-0.11881,-0.0307644,-60.8034,5416.58,-5765.43,-723.005,-0.0993804,0.018905,-62.4112,2927.73,-3554.59,39.2593,-0.999886,-0.0150105,-0.00781258,2992.86,-3625.44,52.2136,-0.999886,-0.00947709,-0.00781926
1.039,168.844,1.83181,23.2156,-0.22567,-11.0227,0.573335,0.0552871,0.000278934,0.0416101,2754.74,4,0,1,0,0.0254972,-0.0255673,0.00190346,-0.00189465,0.18466,0.184913,0.0780156,0.078219,5353.47,-5716.16,1092.85,-0.120233,-0.0309238,-60.3946,5410.21,-5765.91,-699.002,-0.0993894,0.0184102,-62.102,2920.47,-3546.64,41.2137,-0.999896,-0.0155995,-0.00604708,2991.91,-3624.38,54.2998,-0.999896,-0.0101006,-0.00603668
1.049,169.076,1.8356,23.1028,-0.235767,-11.4112,0.606697,0.057455,0.000336171,0.041671,2738.62,4,0,1,0,0.0255061,-0.0256076,0.00190633,-0.00189455,0.184765,0.185098,0.0779459,0.0782177,5343.95,-5709.14,1093.62,-0.121815,-0.0312912,-59.979,5404.21,-5764.11,-685.1,-0.0994212,0.0181463,-61.7975,2913.27,-3538.75,43.3025,-0.999914,-0.0162275,-0.00522831,2991.13,-3623.5,56.4032,-0.999915,-0.0107221,-0.00521737
1.059,169.306,1.83939,22.991,-0.246202,-10.7035,0.594986,0.0596296,0.000395048,0.0417235,2722.46,4,0,1,0,0.0255923,-0.0257321,0.00190768,-0.00189272,0.184844,0.185258,0.0778721,0.0782146,5335.21,-5704.11,1091.53,-0.123628,-0.0316025,-59.5572,5398.74,-5764.16,-667.925,-0.0995081,0.0177985,-61.4981,2906,-3530.78,45.4714,-0.999926,-0.0168846,-0.00493252,2990.27,-3622.53,58.5893,-0.999926,-0.0113576,-0.00493276
1.069,169.536,1.84318,22.8782,-0.256946,-11.3099,0.635788,0.0618692,0.000455347,0.0417682,2706.26,4,0,1,0,0.0255816,-0.0257509,0.00191233,-0.00189433,0.184897,0.185397,0.0777959,0.0782116,5326.19,-5697.73,1092.12,-0.125484,-0.0320152,-59.1299,5393.12,-5761.85,-653.869,-0.0994477,0.0175156,-61.2024,2899.8,-3523.98,47.6942,-0.999937,-0.0175512,-0.00427057,2990.43,-3622.66,60.9447,-0.999938,-0.0120356,-0.00427273
1.079,169.764,1.84698,22.7655,-0.268039,-12.2877,0.66146,0.0640805,0.00051691,0.0418056,2690.03,4,0,1,0,0.0255549,-0.0257333,0.00191285,-0.00189192,0.184929,0.185515,0.0777172,0.0782081,5316.68,-5693.43,1084.7,-0.12718,-0.0321845,-58.6976,5387.09,-5758.86,-627.897,-0.0990306,0.016933,-60.9108,2894.46,-3518.1,49.9073,-0.999947,-0.0182133,-0.00347262,2991.5,-3623.78,63.5468,-0.999947,-0.0127744,-0.00347262
1.089,169.991,1.85078,22.6541,-0.279431,-11.1522,0.668379,0.0664782,0.000579845,0.0418363,2673.77,4,0,1,0,0.0256328,-0.0258319,0.00191829,-0.00189354,0.184939,0.185615,0.0776362,0.0782043,5310.04,-5688.73,1087.7,-0.129516,-0.032729,-58.2609,5383.72,-5760.45,-615.791,-0.0992405,0.0167024,-60.6229,2887.54,-3510.49,52.4158,-0.999957,-0.0189741,-0.00282432,2990.98,-3623.17,65.8897,-0.999957,-0.0134387,-0.00282433
1.099,170.217,1.85458,22.5416,-0.291167,-11.8785,0.716741,0.0688619,0.000644154,0.0418609,2657.49,4,0,1,0,0.0255861,-0.0258171,0.00192212,-0.00189402,0.184931,0.185697,0.0775547,0.078202,5302.06,-5685.27,1082.04,-0.131506,-0.0329904,-57.82,5378.93,-5758.8,-592.281,-0.0989426,0.0161837,-60.3385,2882.14,-3504.53,54.796,-0.999965,-0.0196903,-0.00156291,2992.18,-3624.42,68.6548,-0.999966,-0.0142128,-0.00154065
1.109,170.442,1.85838,22.43,-0.303242,-10.8219,0.701693,0.071292,0.000709939,0.04188,2641.18,4,0,1,0,0.025606,-0.0258792,0.00192546,-0.00189373,0.184906,0.185765,0.0774718,0.0782001,5295.67,-5679.59,1088.94,-0.134167,-0.0337087,-57.374,5376.26,-5759.46,-586.521,-0.0991513,0.0160891,-60.0557,2875.3,-3496.99,57.5167,-0.999972,-0.0205179,-0.00172255,2991.96,-3624.13,71.1443,-0.999972,-0.0149107,-0.00172252
1.119,170.666,1.86219,22.318,-0.315662,-11.013,0.729657,0.0737847,0.000777231,0.041894,2624.84,4,0,1,0,0.0255951,-0.025909,0.00192905,-0.00189372,0.184866,0.185821,0.0773886,0.0781998,5288.81,-5676.29,1085.93,-0.136446,-0.0340951,-56.9252,5373.2,-5758.92,-565.863,-0.0988944,0.0156351,-59.776,2869.96,-3491.09,60.144,-0.99998,-0.0213105,-0.00134937,2993.51,-3625.74,74.026,-0.999981,-0.0157082,-0.00135278
1.129,170.889,1.86601,22.206,-0.328425,-11.1775,0.75564,0.0763177,0.000846187,0.0419036,2608.49,4,0,1,0,0.0255121,-0.0258358,0.00193558,-0.0018967,0.184812,0.185865,0.077306,0.0782021,5282.3,-5673.3,1082.98,-0.138806,-0.0344859,-56.4731,5370.17,-5758.52,-543.636,-0.098622,0.0151357,-59.4992,2863.69,-3484.15,62.8695,-0.999879,-0.0221392,-0.000773866,2994.2,-3626.43,76.9608,-0.999876,-0.0165184,-0.000772789
1.139,171.111,1.86983,22.0947,-0.341502,-10.4851,0.792303,0.0790091,0.000917092,0.0419094,2592.13,4,0,1,0,0.0255777,-0.0259312,0.00193569,-0.00189278,0.184747,0.1859,0.0772215,0.0782047,5276.27,-5669.41,1084.37,-0.141463,-0.0350617,-56.0179,5368.27,-5759.07,-528.733,-0.0985292,0.014813,-59.2253,2858.51,-3478.4,65.7245,-0.999989,-0.023006,-0.000484289,2996.44,-3628.78,79.9809,-0.999989,-0.0173444,-0.000484266
1.149,171.331,1.87366,21.9823,-0.354956,-11.0741,0.813828,0.0816532,0.000990184,0.0419117,2575.75,4,0,1,0,0.0254711,-0.0258511,0.00194154,-0.00189503,0.184671,0.185926,0.0771381,0.0782108,5270.56,-5666.88,1081.72,-0.143983,-0.0355054,-55.5587,5366.74,-5758.74,-504.954,-0.098115,0.0142801,-58.9534,2853.04,-3472.33,68.6395,-0.999997,-0.0238919,-0.000145813,2998.66,-3631.11,83.1894,-0.999997,-0.0182188,-0.000145777
1.159,171.551,1.87749,21.8712,-0.36877,-10.8781,0.820965,0.0844101,0.00106562,0.0419112,2559.36,4,0,1,0,0.0255709,-0.0259897,0.00194161,-0.00189062,0.184586,0.185947,0.0770538,0.0782184,5264.49,-5665.71,1073.15,-0.146333,-0.0357337,-55.0977,5364.81,-5757.73,-472.043,-0.0974993,0.0135367,-58.6853,2848.19,-3466.93,71.5247,-1,-0.024768,0.000553436,3001.94,-3634.57,86.7034,-1,-0.0191667,0.000575627
1.169,171.769,1.88133,21.759,-0.382935,-10.8514,0.832919,0.0872312,0.00114348,0.041908,2542.95,4,0,1,0,0.0254319,-0.025897,0.00194887,-0.00189402,0.184493,0.185963,0.0769707,0.0782302,5259.72,-5661.78,1078.2,-0.149374,-0.0364895,-54.6337,5364.71,-5758.95,-460.196,-0.0974,0.0132794,-58.4193,2841.73,-3459.75,74.7701,-1,-0.0257643,0.000271181,3003.7,-3636.39,89.8938,-1,-0.0200317,0.000270594
1.179,171.986,1.88518,21.6473,-0.397443,-11.0759,0.894902,0.0901687,0.00122389,0.0419026,2526.55,4,0,1,0,0.0254032,-0.0259,0.00195261,-0.00189387,0.184392,0.185975,0.0768872,0.0782445,5254.66,-5659.33,1076.8,-0.15208,-0.036986,-54.1671,5364.24,-5758.31,-437.469,-0.0969296,0.0127557,-58.1547,2836.76,-3454.21,77.8625,-1.00001,-0.0267098,0.000526029,3007.42,-3640.32,93.6349,-1.00001,-0.0210304,0.000526384
1.189,172.202,1.88904,21.5358,-0.41233,-11.0676,0.923111,0.0931576,0.00130704,0.0418953,2510.13,4,0,1,0,0.0253656,-0.0258852,0.00195686,-0.00189338,0.184286,0.185984,0.0768031,0.0782612,5249.3,-5657.49,1071.96,-0.154736,-0.0373873,-53.6984,5364.25,-5757.03,-407.245,-0.0962443,0.0120753,-57.893,2831.01,-3447.79,81.1416,-1.00001,-0.0277189,0.000802585,3010.61,-3643.66,97.3629,-1.00001,-0.0220257,0.000807839
1.199,172.417,1.89291,21.4239,-0.427591,-11.1928,0.938349,0.09626,0.0013932,0.0418863,2493.71,4,0,1,0,0.0253304,-0.0258797,0.00196027,-0.00189243,0.184173,0.185992,0.076719,0.0782817,5244.96,-5655.58,1070.79,-0.157775,-0.0379608,-53.2267,5365.01,-5758.45,-381.678,-0.0958814,0.0115157,-57.6326,2826.31,-3442.52,84.5699,-1.00004,-0.0287644,0.000799859,3015.37,-3648.7,101.245,-1.00004,-0.0230516,0.000800113
1.209,172.631,1.89679,21.3125,-0.443225,-11.4088,0.979532,0.0994613,0.00148248,0.041876,2477.29,4,0,1,0,0.0253705,-0.0259636,0.00196185,-0.00188896,0.184056,0.185999,0.0766348,0.0783053,5239.96,-5653.55,1067.11,-0.160476,-0.0384005,-52.7534,5365.25,-5755.25,-351.036,-0.0950533,0.0108247,-57.3757,2820.57,-3436.09,87.9716,-1.00002,-0.029814,0.000920991,3019.41,-3652.94,105.405,-1.00001,-0.0241525,0.000918759
1.219,172.844,1.90068,21.2011,-0.459257,-10.7764,0.96233,0.102736,0.00157494,0.0418647,2460.85,4,0,1,0,0.0253115,-0.0259599,0.0019656,-0.00188782,0.183935,0.186007,0.0765506,0.0783327,5236.13,-5651.05,1069.44,-0.163773,-0.0391216,-52.2774,5367.11,-5757.46,-328.943,-0.0947714,0.0103405,-57.1189,2814.05,-3428.79,91.6386,-1.00005,-0.0309563,0.00101841,3022.95,-3656.64,109.406,-1.00005,-0.0252102,0.00101819
1.229,173.055,1.90459,21.0891,-0.475664,-10.9841,1.02699,0.106168,0.00167062,0.0418523,2444.4,4,0,1,0,0.025205,-0.0258947,0.00197084,-0.00188826,0.183812,0.186016,0.0764666,0.0783644,5232.06,-5649.09,1068.58,-0.166961,-0.0397415,-51.8,5368.93,-5757.9,-303.929,-0.0943064,0.00979878,-56.864,2808.23,-3422.25,95.3514,-1.00006,-0.0321105,0.00109886,3027.58,-3661.5,113.702,-1.00007,-0.0263342,0.00109858
1.239,173.266,1.90851,20.9777,-0.492476,-11.1698,1.06641,0.109708,0.00176965,0.0418392,2427.94,4,0,1,0,0.0252171,-0.0259552,0.00197469,-0.00188721,0.183684,0.186027,0.0763819,0.0783994,5227.36,-5647.91,1062.6,-0.169868,-0.0401338,-51.3208,5370.3,-5755.1,-263.616,-0.0934145,0.00891677,-56.6104,2803.08,-3416.44,99.1337,-0.999974,-0.033279,-0.0042294,3033.32,-3667.54,118.366,-0.999971,-0.0275412,-0.00459421
1.249,173.475,1.91244,20.8661,-0.509696,-10.5375,1.10036,0.113359,0.00187227,0.0418254,2411.47,4,0,1,0,0.0251699,-0.0259405,0.00197697,-0.00188361,0.183555,0.18604,0.0762967,0.0784382,5222.37,-5642.95,1069.1,-0.173419,-0.041077,-50.8404,5371.92,-5756.59,-249.963,-0.0932568,0.00862779,-56.3582,2796.43,-3408.95,103.155,-1.00002,-0.0345446,0.00112603,3037.86,-3672.28,122.782,-1.00002,-0.0286895,0.0011199
1.259,173.683,1.91639,20.7544,-0.52734,-10.4377,1.12374,0.11712,0.00197869,0.041811,2394.99,4,0,1,0,0.0251168,-0.0259257,0.00198137,-0.00188254,0.183422,0.186055,0.0762119,0.0784818,5220.29,-5642.33,1069.25,-0.176773,-0.0417569,-50.3571,5376.16,-5757.8,-220.308,-0.0926888,0.00799166,-56.1061,2790.14,-3401.85,107.3,-1.00001,-0.0358452,0.00121651,3043.23,-3677.9,127.477,-1.00001,-0.029901,0.00121708
1.269,173.89,1.92036,20.6429,-0.545409,-10.7336,1.16043,0.121049,0.00208915,0.0417962,2378.48,4,0,1,0,0.025034,-0.0258947,0.00198644,-0.0018821,0.183287,0.186074,0.0761256,0.0785287,5215.98,-5641.53,1062.71,-0.17988,-0.0421586,-49.874,5378.59,-5754.8,-174.598,-0.0917892,0.00701775,-55.8549,2784.34,-3395.28,111.417,-1.00002,-0.0371385,-0.00288699,3049.75,-3684.73,132.695,-1.00002,-0.0312375,-0.00321099
1.279,174.096,1.92434,20.5304,-0.563913,-12.2462,1.26967,0.1251,0.00220372,0.0417812,2361.95,4,0,1,0,0.0249892,-0.0259076,0.00199631,-0.00188492,0.183151,0.186097,0.076039,0.0785801,5210.45,-5638.45,1059.53,-0.18283,-0.0426769,-49.388,5380.15,-5746.54,-133.472,-0.0906366,0.00614666,-55.6049,2779.5,-3389.75,115.688,-1.00002,-0.0384686,0.00109843,3057.7,-3693.08,138.243,-1.00002,-0.0326444,0.00108662
1.289,174.301,1.92835,20.4192,-0.582904,-11.3668,1.24813,0.129263,0.00232255,0.041766,2345.4,4,0,1,0,0.0249477,-0.0259221,0.0019914,-0.00187443,0.183013,0.186123,0.0759521,0.0786364,5207.31,-5636.3,1061.6,-0.186524,-0.0434814,-48.9021,5384.48,-5748.55,-105.109,-0.0902756,0.00555248,-55.3543,2772.44,-3381.76,120.119,-1.00002,-0.0398837,0.000448365,3063.68,-3699.3,143.584,-1.00002,-0.0340038,0.000380371
1.299,174.505,1.93237,20.3073,-0.602336,-11.7663,1.29303,0.133592,0.00244577,0.0417505,2328.82,4,0,1,0,0.0249061,-0.0259272,0.00199836,-0.00187531,0.182873,0.186155,0.0758642,0.078697,5202.74,-5633.52,1060.64,-0.189916,-0.0441466,-48.4152,5387.62,-5744.49,-65.5942,-0.0894812,0.00472882,-55.1049,2766.03,-3374.46,124.73,-1.00002,-0.0413497,0.000865157,3070.9,-3706.83,149.267,-1.00002,-0.0354375,0.000834991
1.309,174.708,1.93642,20.196,-0.622228,-11.2127,1.32983,0.138171,0.00257356,0.041735,2312.21,4,0,1,0,0.0248929,-0.025968,0.00200077,-0.00187066,0.182731,0.18619,0.0757745,0.0787613,5199.26,-5630.6,1063.75,-0.193584,-0.0450105,-47.926,5391.91,-5744.25,-35.1261,-0.0890022,0.00409625,-54.8525,2759.21,-3366.69,129.441,-1.00002,-0.0428593,0.00121006,3078.13,-3714.35,155.136,-1.00002,-0.0369121,0.0012099
1.319,174.909,1.94049,20.0841,-0.642634,-11.4653,1.37993,0.142856,0.00270604,0.0417193,2295.57,4,0,1,0,0.0248342,-0.0259638,0.0020048,-0.00186792,0.182587,0.18623,0.0756844,0.0788309,5194.74,-5627.68,1063.16,-0.197098,-0.0457177,-47.4362,5395.49,-5739.94,5.03354,-0.0882598,0.00325931,-54.6018,2752.41,-3358.91,134.305,-1.00002,-0.0444216,0.000785025,3085.97,-3722.49,161.289,-1.00002,-0.0384488,0.000743522
1.329,175.11,1.94459,19.9727,-0.66352,-11.0661,1.43326,0.147789,0.00284337,0.0417036,2278.88,4,0,1,0,0.024817,-0.0260136,0.00200933,-0.00186452,0.182441,0.186275,0.0755928,0.0789049,5190.83,-5624.81,1064.51,-0.200822,-0.0465272,-46.9461,5400.02,-5738.31,40.6608,-0.0877218,0.00250403,-54.3488,2745.23,-3350.7,139.301,-1.00002,-0.0460389,0.00264304,3093.91,-3730.71,167.659,-1.00002,-0.0400322,0.00280227
1.339,175.309,1.94871,19.8609,-0.684967,-10.9982,1.4686,0.152823,0.00298551,0.0416879,2262.16,4,0,1,0,0.0247343,-0.0259979,0.00201532,-0.00186324,0.182294,0.186325,0.0754996,0.0789832,5186.28,-5621.08,1066.61,-0.204604,-0.0473981,-46.4539,5404.09,-5736.2,74.5221,-0.0872242,0.0017715,-54.0962,2737.67,-3342.04,144.513,-1.00002,-0.0477352,0.0011283,3101.87,-3738.94,174.148,-1.00002,-0.0416396,0.00112897
1.349,175.508,1.95286,19.7494,-0.70696,-10.5532,1.49049,0.158031,0.00313234,0.0416721,2245.38,4,0,1,0,0.0246975,-0.0260298,0.00201981,-0.00186002,0.182145,0.186381,0.0754049,0.0790657,5182.6,-5617.82,1069.87,-0.20851,-0.0483268,-45.9614,5409.3,-5735.76,105.837,-0.0868092,0.00103637,-53.8411,2730.32,-3333.58,149.974,-0.999994,-0.0495075,0.000906616,3110.56,-3747.92,180.865,-0.999991,-0.0432923,0.000883107
1.359,175.705,1.95703,19.6376,-0.729525,-11.0485,1.5585,0.163378,0.00328346,0.0416564,2228.56,4,0,1,0,0.0246931,-0.0260981,0.00202,-0.0018522,0.181994,0.186441,0.075309,0.0791528,5177.19,-5614.19,1068.21,-0.211972,-0.0490048,-45.4686,5412.4,-5725.03,141.117,-0.0858404,-4.98084e-05,-53.5855,2723.36,-3325.54,155.3,-1.00002,-0.0512553,0.00108058,3119.89,-3757.52,188.34,-1.00002,-0.0451203,0.00108894
1.369,175.901,1.96124,19.5257,-0.752747,-10.6424,1.59377,0.168727,0.00343766,0.0416406,2211.67,4,0,1,0,0.0246121,-0.0260769,0.00202502,-0.00184922,0.181841,0.186506,0.0752122,0.0792437,5173.85,-5610.3,1074.55,-0.216089,-0.0501228,-44.9752,5417.36,-5727.35,147.427,-0.085692,-0.000687144,-53.3266,2715.24,-3316.18,161.021,-1.00002,-0.0531477,0.000983189,3127.75,-3765.55,195.35,-1.00002,-0.0468402,0.000983235
1.379,176.096,1.96548,19.4135,-0.77657,-11.5048,1.66717,0.174129,0.00359312,0.0416249,2194.73,4,0,1,0,0.0245285,-0.0260547,0.00203065,-0.00184701,0.181688,0.186575,0.0751153,0.0793381,5169.65,-5607.97,1072.06,-0.219709,-0.0507854,-44.4824,5419.99,-5712.55,254.239,-0.0847781,-0.0019899,-53.0645,2709.19,-3309.1,166.624,-1.00002,-0.0549792,0.0010521,3137.11,-3775.11,203.507,-1.00002,-0.0488295,0.00106691
1.389,176.289,1.96975,19.3018,-0.800659,-10.8449,1.73765,0.180345,0.00375411,0.0416092,2177.71,4,0,1,0,0.0244853,-0.026087,0.00203505,-0.00184296,0.181533,0.186648,0.0750153,0.0794375,5165.64,-5603.05,1079.68,-0.223934,-0.052007,-43.9895,5426.28,-5716.69,311.367,-0.0848275,-0.00253104,-52.7995,2700.85,-3299.41,172.86,-1.00002,-0.0570586,0.000919895,3145.14,-3783.24,210.965,-1.00002,-0.0506438,0.000920097
1.399,176.482,1.97406,19.1904,-0.825223,-10.7202,1.80152,0.187139,0.00392666,0.0415934,2160.64,4,0,1,0,0.0245342,-0.0262242,0.00203702,-0.00183448,0.181374,0.186725,0.0749109,0.0795419,5159.25,-5598.91,1076.46,-0.227665,-0.0526693,-43.494,5432.68,-5706.94,393.645,-0.0841324,-0.00371499,-52.5346,2692.37,-3289.55,178.996,-1.00002,-0.05912,0.000851378,3156.99,-3795.38,219.744,-1.00002,-0.0527332,0.000851214
1.409,176.674,1.97841,19.0781,-0.850482,-11.0449,1.87839,0.194129,0.00411265,0.0415774,2143.51,4,0,1,0,0.0243935,-0.0261554,0.00204359,-0.00183241,0.181209,0.18681,0.0748037,0.0796542,5151.86,-5592.23,1079.15,-0.231807,-0.0536929,-42.9951,5440.05,-5704.65,440.231,-0.0838112,-0.00453286,-52.2704,2681.46,-3276.96,185.289,-1.00002,-0.0612941,0.000797028,3169.31,-3807.97,228.584,-1.00002,-0.0548137,0.000796072
1.419,176.864,1.9828,18.9662,-0.87645,-11.2732,1.96282,0.201398,0.00431125,0.0415612,2126.31,4,0,1,0,0.0243854,-0.0262363,0.00204761,-0.00182584,0.181037,0.186904,0.0746909,0.0797725,5143.71,-5586.04,1077.34,-0.235767,-0.0544889,-42.4937,5447.15,-5694.19,502.024,-0.0831583,-0.00565335,-52.0065,2670.67,-3264.46,191.715,-1.00001,-0.0635244,0.00070936,3183.63,-3822.62,238.187,-1.00001,-0.0570428,0.00070296
1.429,177.054,1.98724,18.8542,-0.90318,-10.7977,1.99668,0.208854,0.00452071,0.0415447,2109.02,4,0,1,0,0.024262,-0.0261976,0.00205897,-0.00182603,0.180858,0.187007,0.0745733,0.0798986,5136.65,-5579.11,1082.06,-0.240306,-0.0556851,-41.9887,5455.28,-5696,543.737,-0.083134,-0.00642051,-51.7417,2658.12,-3249.94,198.392,-1.00001,-0.0658933,0.000755138,3196.65,-3835.84,247.573,-1.00001,-0.0592183,0.000761151
1.439,177.242,1.99173,18.7421,-0.930662,-10.6614,2.07123,0.216549,0.00473911,0.0415278,2091.63,4,0,1,0,0.0241776,-0.0262053,0.00205889,-0.00181648,0.180672,0.187119,0.0744503,0.0800319,5129.6,-5572.45,1085.58,-0.244751,-0.0568182,-41.4796,5463.03,-5693.57,591.877,-0.0829647,-0.00730263,-51.4713,2646.08,-3235.94,205.187,-1.00003,-0.0683125,-0.00537803,3210.29,-3849.64,257.644,-1.00003,-0.0615435,-0.00637531
1.449,177.429,1.99627,18.6296,-0.958939,-11.5351,2.16181,0.224407,0.00496481,0.0415106,2074.18,4,0,1,0,0.0241482,-0.02628,0.00206725,-0.0018132,0.18048,0.187237,0.0743232,0.0801723,5121.75,-5566.55,1083.33,-0.248904,-0.0576495,-40.9743,5468.67,-5675.65,666.326,-0.0822901,-0.00864305,-51.2045,2635.12,-3223.1,212.238,-1.00001,-0.0708053,0.000614718,3225.03,-3864.52,268.507,-1.00001,-0.064034,0.000615486
1.459,177.615,2.00086,18.5182,-0.987959,-10.419,2.18418,0.232705,0.00519673,0.0414929,2056.58,4,0,1,0,0.0241162,-0.0263588,0.00206988,-0.00180255,0.180281,0.187362,0.0741903,0.0803176,5115.35,-5559.76,1089.32,-0.25361,-0.058961,-40.4639,5476.11,-5677.77,710.46,-0.0824915,-0.00946126,-50.9291,2622.84,-3208.73,219.544,-1.00001,-0.0734386,0.000556221,3237.82,-3877.28,279.14,-1.00001,-0.0664815,0.000549332
1.469,177.8,2.0055,18.4059,-1.01782,-10.6939,2.27133,0.241171,0.00543421,0.0414748,2038.89,4,0,1,0,0.0240441,-0.0263824,0.00207624,-0.00179644,0.180078,0.187492,0.0740543,0.0804693,5108.26,-5553.75,1089.88,-0.258013,-0.059979,-39.9551,5481.86,-5663.28,780.857,-0.0821509,-0.0107328,-50.6501,2612.01,-3195.91,227.085,-1,-0.0761371,0.00015891,3252.26,-3891.68,290.694,-1,-0.0691117,9.07651e-05
1.479,177.984,2.0102,18.2931,-1.04851,-11.4115,2.38222,0.249903,0.00567724,0.0414562,2021.08,4,0,1,0,0.0239269,-0.0263668,0.00208301,-0.0017908,0.179869,0.187627,0.0739146,0.080626,5100.98,-5547.25,1091.44,-0.262458,-0.0610628,-39.4453,5487.53,-5649.62,850.302,-0.0819507,-0.0119901,-50.3665,2600.92,-3182.73,234.871,-1.00001,-0.0789456,0.000682501,3266.54,-3905.82,302.686,-1.00001,-0.0718386,0.000734153
1.489,178.166,2.01496,18.1813,-1.08001,-10.3506,2.40917,0.259081,0.00592606,0.0414371,2003.17,4,0,1,0,0.0238999,-0.0264586,0.00208875,-0.00178283,0.179656,0.187766,0.0737718,0.0807882,5094.21,-5539.92,1097.94,-0.267385,-0.0624798,-38.9344,5494.52,-5651.05,899.667,-0.0823662,-0.0129223,-50.0796,2588.23,-3167.71,242.819,-1.00001,-0.0818809,0.000331156,3279.2,-3918.2,314.579,-1.00001,-0.0745495,0.000310791
1.499,178.348,2.01978,18.0687,-1.11241,-10.5233,2.50473,0.268493,0.0061812,0.0414175,1985.13,4,0,1,0,0.0237981,-0.0264803,0.00209567,-0.00177649,0.179438,0.187908,0.0736257,0.0809552,5086.74,-5532.58,1101.86,-0.272116,-0.0637529,-38.4228,5500.81,-5642.89,963.548,-0.0825259,-0.0141073,-49.7872,2576.75,-3153.95,251.12,-0.999961,-0.0849225,0.000288255,3294.23,-3932.94,327.472,-0.999952,-0.0774388,0.000279642
1.509,178.529,2.02466,17.9562,-1.1457,-10.7061,2.58495,0.278261,0.00644324,0.0413973,1967,4,0,1,0,0.0237231,-0.0265349,0.00211189,-0.00177692,0.179214,0.188055,0.0734756,0.0811266,5078.77,-5525.35,1103.52,-0.276794,-0.0649187,-37.9113,5506.92,-5628.73,1038.5,-0.0826043,-0.0154927,-49.4919,2564.61,-3139.41,259.52,-1,-0.0880525,-0.000326131,3309.4,-3947.7,341.028,-1,-0.0804784,-0.000469862
1.519,178.708,2.02961,17.8433,-1.17991,-11.3144,2.71604,0.288307,0.00671263,0.0413767,1948.77,4,0,1,0,0.0236739,-0.0266179,0.00210934,-0.00176165,0.178985,0.188207,0.0733219,0.081303,5070.14,-5517.01,1106.9,-0.281412,-0.0661821,-37.399,5512.92,-5611.82,1113.37,-0.082625,-0.0168761,-49.1919,2552.53,-3124.84,268.215,-1,-0.0913093,0.000156116,3325.7,-3963.53,355.353,-1,-0.0836545,0.000157474
1.529,178.886,2.03463,17.7308,-1.21505,-10.8657,2.77268,0.298719,0.00698963,0.0413555,1930.44,4,0,1,0,0.0235919,-0.026649,0.00211573,-0.00175305,0.178751,0.188363,0.0731644,0.0814844,5062.15,-5509.05,1111.08,-0.286484,-0.0675786,-36.8842,5520.32,-5605.59,1180.92,-0.0831676,-0.0181841,-48.8917,2538.94,-3108.49,277.071,-1,-0.0947059,-0.000226584,3340.96,-3978.19,369.631,-1,-0.0868166,-0.000286782
1.539,179.064,2.03972,17.6182,-1.25114,-10.3757,2.83784,0.309509,0.00727468,0.0413336,1911.98,4,0,1,0,0.0235313,-0.0267082,0.00212259,-0.00174394,0.178509,0.188523,0.0730024,0.0816708,5053.69,-5500.26,1116.57,-0.291573,-0.0690684,-36.3673,5527.81,-5600.7,1245.72,-0.0838182,-0.0194649,-48.5851,2524.89,-3091.54,286.155,-0.999999,-0.0982362,-4.4643e-05,3356.64,-3993.15,384.504,-0.999999,-0.090091,-4.90652e-05
1.549,179.24,2.04489,17.5047,-1.28823,-11.045,2.9721,0.320499,0.00756804,0.0413112,1893.42,4,0,1,0,0.0234054,-0.0266978,0.00213143,-0.0017385,0.178261,0.188689,0.0728366,0.0818636,5044.36,-5490.71,1121.66,-0.296619,-0.070568,-35.8514,5534.8,-5588.36,1318.1,-0.0842929,-0.0208789,-48.2733,2511.31,-3075.03,295.5,-0.999989,-0.101879,-0.000180081,3373.86,-4009.53,400.488,-0.999987,-0.0935761,-0.00019061
1.559,179.415,2.05013,17.3918,-1.3263,-10.4914,3.04092,0.331922,0.00786978,0.0412881,1874.73,4,0,1,0,0.0233308,-0.0267667,0.00213878,-0.00172956,0.178007,0.188859,0.0726656,0.0820608,5034.9,-5480.77,1127.76,-0.301976,-0.0721974,-35.3312,5541.79,-5584.6,1380.68,-0.0851726,-0.022174,-47.9611,2496.14,-3056.62,304.981,-0.999994,-0.105677,-0.000252274,3390.64,-4025.38,416.426,-0.999994,-0.0970332,-0.000252392
1.569,179.588,2.05545,17.278,-1.36543,-11.7632,3.2151,0.343542,0.00817992,0.0412641,1855.91,4,0,1,0,0.0231764,-0.0267559,0.0021472,-0.00172285,0.177744,0.189034,0.0724902,0.0822642,5025.23,-5471.94,1128.95,-0.306843,-0.0734537,-34.81,5549.02,-5553.1,1479.56,-0.0853032,-0.0240897,-47.6429,2482.23,-3039.54,314.755,-0.999993,-0.109576,-0.000432043,3409.86,-4043.47,434.314,-0.999993,-0.100875,-0.000446466
1.579,179.761,2.06086,17.1653,-1.40552,-10.5159,3.24024,0.355723,0.00849835,0.0412395,1836.93,4,0,1,0,0.023096,-0.026831,0.00215703,-0.00171431,0.177474,0.189213,0.0723096,0.0824725,5016.12,-5461.43,1138.14,-0.312578,-0.0753584,-34.289,5558.03,-5559.57,1532.41,-0.0866699,-0.0253068,-47.3201,2466.82,-3020.65,324.718,-0.999992,-0.113657,-0.000568265,3427.74,-4060.12,451.584,-0.999993,-0.104565,-0.000575857
1.589,179.933,2.06635,17.0515,-1.44672,-10.9952,3.38641,0.368078,0.00882497,0.0412138,1817.84,4,0,1,0,0.0230292,-0.0269263,0.0021627,-0.00170233,0.177197,0.189398,0.0721246,0.082687,5005.37,-5450.78,1142.03,-0.317822,-0.0769096,-33.7653,5564.35,-5537.31,1617.11,-0.0873176,-0.0270662,-46.9913,2451.43,-3001.67,334.826,-0.999987,-0.117856,-0.00066763,3446.4,-4077.3,470.37,-0.999987,-0.108577,-0.000668307
1.599,180.103,2.07193,16.9378,-1.48898,-10.715,3.46263,0.380782,0.00915965,0.0411874,1798.6,4,0,1,0,0.0229032,-0.0269401,0.00217117,-0.00169371,0.176913,0.189587,0.0719351,0.0829076,4995.57,-5440.07,1149.26,-0.323494,-0.0787476,-33.2402,5572.56,-5530.62,1686.19,-0.0885622,-0.0286423,-46.6597,2434.96,-2981.35,345.066,-0.999954,-0.122227,-0.000984952,3464.3,-4093.57,489.215,-0.999947,-0.112586,-0.00105635
1.609,180.273,2.0776,16.8241,-1.5323,-10.25,3.54354,0.393842,0.009502,0.04116,1779.19,4,0,1,0,0.02278,-0.0269622,0.00218154,-0.00168326,0.176621,0.18978,0.0717404,0.0831325,4985.57,-5428.93,1157.2,-0.329272,-0.0806775,-32.7132,5580.83,-5526.56,1751.76,-0.0900071,-0.0302151,-46.3191,2419.05,-2961.53,355.541,-0.999981,-0.126734,0.0019347,3483.63,-4111.1,508.921,-0.999981,-0.116735,0.00305607
1.619,180.441,2.08337,16.71,-1.57675,-10.2344,3.6633,0.40722,0.00985205,0.0411317,1759.64,4,0,1,0,0.0227057,-0.0270548,0.00218897,-0.00167443,0.176321,0.189978,0.0715413,0.0833635,4974.82,-5417.15,1164.74,-0.335011,-0.0826258,-32.1864,5588.49,-5516.7,1821.65,-0.0913561,-0.0318896,-45.9768,2402.77,-2941.15,366.34,-0.999908,-0.131423,-0.00110943,3503.37,-4128.79,529.612,-0.999889,-0.121066,-0.00110704
1.629,180.609,2.08923,16.5955,-1.62235,-10.5603,3.76617,0.420776,0.0102093,0.0411025,1739.91,4,0,1,0,0.0226058,-0.0271267,0.00220215,-0.00166809,0.176014,0.190179,0.0713377,0.0835993,4963.97,-5406.09,1169.28,-0.340695,-0.0843908,-31.6542,5595.39,-5489.92,1912.52,-0.0924333,-0.0339961,-45.6311,2386.65,-2920.83,377.291,-0.999973,-0.136258,0.000419317,3523.88,-4147.03,551.22,-0.999974,-0.125576,0.00106029
1.639,180.775,2.09518,16.4811,-1.66903,-10.5146,3.86014,0.434726,0.0105735,0.0410724,1720.03,4,0,1,0,0.0224824,-0.0271714,0.00220759,-0.00165465,0.1757,0.190384,0.0711301,0.0838408,4953.34,-5394.96,1174.79,-0.346572,-0.0862611,-31.1214,5602.71,-5468.81,1997.31,-0.0938698,-0.0361033,-45.2778,2369.9,-2899.64,388.42,-0.999968,-0.141262,-0.00134198,3544.04,-4164.68,573.434,-0.99997,-0.130187,-0.00126694
1.649,180.94,2.10124,16.3667,-1.71682,-9.5307,3.92699,0.449087,0.0109443,0.0410414,1699.99,4,0,1,0,0.0224242,-0.0273045,0.00221582,-0.001641,0.175379,0.190593,0.0709178,0.0840861,4942.46,-5381.9,1185.86,-0.352951,-0.0886629,-30.588,5611.22,-5473.56,2047.97,-0.096004,-0.0376585,-44.9171,2352.89,-2878.01,399.747,-0.999963,-0.146436,-0.00174043,3563.74,-4181.64,595.932,-0.999965,-0.134849,-0.00174041
1.659,181.104,2.1074,16.2514,-1.76582,-10.1281,4.0916,0.463516,0.0113215,0.0410094,1679.75,4,0,1,0,0.0223047,-0.027353,0.00222586,-0.00163105,0.175051,0.190804,0.0707019,0.0843369,4931.37,-5370.3,1191.14,-0.358911,-0.0906067,-30.0521,5617.86,-5444.81,2138.34,-0.0974797,-0.0400058,-44.5515,2336.65,-2857.09,411.379,-0.999964,-0.151768,-0.00201034,3585.57,-4200.36,620.352,-0.999968,-0.139864,-0.00201722
1.669,181.267,2.11367,16.1357,-1.81595,-10.1672,4.20633,0.47823,0.0117047,0.0409764,1659.35,4,0,1,0,0.0221425,-0.027361,0.00223682,-0.00162233,0.174716,0.191019,0.0704825,0.0845925,4920.32,-5357.63,1200.03,-0.365272,-0.0929256,-29.5137,5625.29,-5431.02,2209.72,-0.0994817,-0.0421088,-44.1804,2319.32,-2834.76,423.137,-0.999952,-0.157308,-0.00202745,3606.1,-4217.59,644.551,-0.999954,-0.144834,-0.00192872
1.679,181.428,2.12004,16.02,-1.86724,-9.93991,4.29779,0.493191,0.0120935,0.0409426,1638.75,4,0,1,0,0.0220009,-0.027401,0.00224652,-0.00161048,0.174376,0.191236,0.0702593,0.0848518,4909.23,-5344.02,1211.71,-0.371904,-0.0955491,-28.9763,5632.85,-5426.61,2266.71,-0.101786,-0.0440126,-43.8041,2302.12,-2812.43,435.037,-0.999945,-0.162996,-0.00155468,3627.05,-4234.93,669.678,-0.999948,-0.149978,-0.00104376
1.689,181.589,2.12652,15.9043,-1.91965,-9.25388,4.35048,0.508523,0.0124875,0.0409078,1617.98,4,0,1,0,0.0219204,-0.0275248,0.002256,-0.00159764,0.174029,0.191456,0.0700324,0.0851146,4898.43,-5331.39,1220.85,-0.378555,-0.0980377,-28.4319,5640.8,-5419.39,2328.97,-0.104337,-0.0461581,-43.417,2284.48,-2789.43,447.089,-0.99994,-0.16888,-0.00282734,3647.57,-4251.57,695.241,-0.999943,-0.15521,-0.00283056
1.699,181.749,2.13311,15.7875,-1.97328,-9.70878,4.50273,0.523832,0.0128862,0.0408722,2165.56,3,0,1,0,0.0217154,-0.0274995,0.00226977,-0.00158952,0.173677,0.191677,0.069803,0.0853821,4887.66,-5318.83,1229.7,-0.385214,-0.100525,-27.8879,5648.32,-5401.51,2400.94,-0.106677,-0.0485644,-43.0254,2267.37,-2766.85,459.377,-0.999936,-0.174932,-0.00310527,3669.2,-4268.87,722.396,-0.999941,-0.160745,-0.00309705
1.709,181.907,2.13981,15.6705,-2.02801,-10.0778,4.68703,0.539426,0.0132895,0.0408361,2135.56,3,0,1,0,0.0216209,-0.0276099,0.00227887,-0.00158014,0.173319,0.191902,0.0695701,0.0856528,4876.05,-5306.45,1235.3,-0.392497,-0.102973,-27.3144,5654.31,-5380.2,2477.1,-0.10941,-0.0512827,-42.6046,2250.27,-2744.09,471.867,-0.999922,-0.181179,-0.00349588,3691.32,-4286.3,750.445,-0.999927,-0.166436,-0.00346321
1.719,182.065,2.14663,15.5534,-2.08393,-9.64927,4.75472,0.555104,0.0136966,0.0408001,2104.97,3,0,1,0,0.0214743,-0.0276633,0.0022886,-0.00156594,0.172957,0.192128,0.0693337,0.0859247,4865.22,-5293.31,1245.59,-0.400272,-0.105942,-26.7323,5661.87,-5379.57,2525.95,-0.112777,-0.0535635,-42.1827,2232.3,-2720.17,484.344,-0.999913,-0.187617,-0.00418872,3712.11,-4302.15,778.389,-0.99992,-0.172128,-0.00428953
1.729,182.221,2.15356,15.4359,-2.14096,-9.56287,4.87666,0.570916,0.0141063,0.0407642,2074.18,3,0,1,0,0.0213765,-0.0277701,0.00229914,-0.00155302,0.172591,0.192356,0.0690947,0.086199,4854.61,-5281.54,1252.05,-0.408199,-0.108668,-26.1465,5668.12,-5357.64,2597.51,-0.115748,-0.0564272,-41.7556,2214.89,-2696.7,496.992,-0.999904,-0.194211,-0.00445608,3733.6,-4318.18,807.92,-0.999913,-0.178137,-0.00445919
1.739,182.376,2.1606,15.3171,-2.19916,-10.4279,5.11553,0.586593,0.0145177,0.0407283,2043.09,3,0,1,0,0.0211888,-0.0277546,0.00231069,-0.00154401,0.172223,0.192586,0.0688538,0.0864753,4844.34,-5269.7,1259.52,-0.4162,-0.111554,-25.5583,5674.17,-5329.92,2665.63,-0.118866,-0.0593462,-41.3217,2197.83,-2673.42,509.888,-0.999888,-0.201013,-0.0057113,3755.3,-4334.02,838.256,-0.999896,-0.184299,-0.00615152
1.749,182.53,2.16775,15.1988,-2.25841,-9.74012,5.14357,0.60258,0.0149297,0.0406921,2011.66,3,0,1,0,0.0210794,-0.0278421,0.00232184,-0.00153227,0.171851,0.192816,0.068611,0.0867523,4834.51,-5256.98,1270.92,-0.424645,-0.114902,-24.9712,5681.5,-5322.92,2706.1,-0.122935,-0.0619014,-40.876,2180.1,-2649.21,522.706,-0.999877,-0.207993,-0.00534008,3774.67,-4347.38,867.879,-0.999886,-0.19037,-0.00534441
1.759,182.683,2.17502,15.0793,-2.31878,-10.8039,5.44861,0.618467,0.0153417,0.0406552,1979.9,3,0,1,0,0.0210199,-0.0279863,0.00233186,-0.0015167,0.171478,0.193046,0.0683666,0.0870289,4823.79,-5244.7,1277.94,-0.432492,-0.117832,-24.3864,5685.43,-5285.84,2781.34,-0.126105,-0.0652703,-40.4203,2164.37,-2627.02,536.11,-0.999866,-0.215178,-0.00574688,3797.29,-4363.15,900.526,-0.999876,-0.19699,-0.00572813
1.769,182.835,2.1824,14.9599,-2.38015,-9.53952,5.37929,0.634556,0.0157527,0.0406175,1947.91,3,0,1,0,0.0207935,-0.0279657,0.00234191,-0.00150816,0.171103,0.193274,0.0681226,0.0873073,4814.54,-5231.38,1292.5,-0.441545,-0.121714,-23.8002,5692.88,-5295.86,2798.46,-0.131225,-0.0676788,-39.9518,2146.84,-2602.64,549.093,-0.999855,-0.222522,-0.00617183,3815.01,-4374.29,930.286,-0.999866,-0.203131,-0.00617163
1.779,182.986,2.1899,14.8408,-2.44253,-8.7046,5.37097,0.650767,0.0161621,0.0405788,1915.66,3,0,1,0,0.0207302,-0.0281442,0.00235306,-0.00148963,0.170727,0.193501,0.0678779,0.0875832,4804.71,-5218.91,1302.61,-0.450057,-0.125094,-23.2129,5697.72,-5275.39,2851.72,-0.135443,-0.0710021,-39.4788,2131.42,-2580.42,562.705,-0.999813,-0.230074,-0.00654052,3835.92,-4387.71,963.208,-0.999808,-0.209839,-0.00648874
1.789,183.135,2.1975,14.7192,-2.50599,-9.3516,5.56521,0.666531,0.0165695,0.0405391,1883.22,3,0,1,0,0.0204627,-0.0280571,0.00236559,-0.00148559,0.170352,0.193726,0.0676357,0.0878625,4794.75,-5205.7,1314.17,-0.458855,-0.128804,-22.6265,5702.05,-5261.63,2894.41,-0.140025,-0.0742189,-39.0001,2115.7,-2557.69,576.231,-0.999873,-0.237812,-0.00712787,3855.33,-4399.39,995.826,-0.999907,-0.216575,-0.00720162
1.799,183.284,2.20522,14.5982,-2.57032,-9.20145,5.66455,0.682574,0.0169747,0.0404983,1850.54,3,0,1,0,0.020379,-0.0281948,0.00237628,-0.00147188,0.169975,0.193948,0.0673941,0.0881394,4785.09,-5193.46,1323.41,-0.467717,-0.132367,-22.0389,5706.35,-5240.01,2946.83,-0.14455,-0.0778622,-38.5158,2100.83,-2535.68,590.037,-0.999964,-0.245761,-0.0103041,3875.88,-4411.59,1029.85,-1.00005,-0.223585,-0.0122015
1.809,183.431,2.21305,14.476,-2.63554,-9.41454,5.86789,0.698386,0.0173776,0.0404564,1817.64,3,0,1,0,0.0201957,-0.0282048,0.00238834,-0.00146221,0.169598,0.194166,0.0671535,0.088414,4775.46,-5180.02,1335.43,-0.476834,-0.136405,-21.4482,5710.97,-5226.77,2987.02,-0.14937,-0.0813069,-38.024,2086.09,-2513.61,603.935,-0.999808,-0.253846,-0.00789691,3895.96,-4422.91,1064.29,-0.999823,-0.230622,-0.00789696
1.819,183.578,2.22099,14.3538,-2.70161,-8.94493,5.88971,0.71425,0.017778,0.0404137,1784.52,3,0,1,0,0.0201027,-0.0283086,0.00239847,-0.00144646,0.16922,0.19438,0.0669147,0.0886881,4766.26,-5166.81,1347.82,-0.48624,-0.140606,-20.8553,5716.61,-5215.87,3024.46,-0.154413,-0.084847,-37.5272,2071.41,-2491.42,617.821,-0.999795,-0.262141,-0.0083862,3915.64,-4433.4,1099.15,-0.999812,-0.237826,-0.00838602
1.829,183.723,2.22904,14.2298,-2.7685,-9.68304,6.19167,0.729844,0.018176,0.0403702,1751.2,3,0,1,0,0.0198624,-0.0282623,0.00241123,-0.00144224,0.168844,0.194592,0.0666786,0.0889627,4756,-5153.11,1358.53,-0.495817,-0.144795,-20.2606,5718.79,-5197.83,3065.99,-0.15941,-0.0886723,-37.0277,2057.09,-2469.43,631.794,-0.999779,-0.27062,-0.0100534,3935.97,-4443.99,1134.91,-0.999798,-0.245205,-0.0108948
1.839,183.867,2.23719,14.1065,-2.83605,-9.04334,6.27006,0.745571,0.0185716,0.040326,1717.66,3,0,1,0,0.0197403,-0.0283471,0.00242144,-0.001428,0.168467,0.194801,0.066444,0.0892354,4746.85,-5140.01,1370.52,-0.505672,-0.149173,-19.6633,5723.9,-5186.37,3101.28,-0.164628,-0.0924468,-36.5248,2042.69,-2447.17,645.664,-0.999768,-0.279266,-0.00939941,3955.67,-4453.51,1171.03,-0.999792,-0.252703,-0.00940469
1.849,184.011,2.24545,13.9817,-2.90438,-8.86975,6.29388,0.760995,0.0189648,0.0402812,1683.91,3,0,1,0,0.019588,-0.028402,0.0024323,-0.00141669,0.16809,0.195006,0.066211,0.0895063,4737.52,-5126.37,1383.16,-0.515843,-0.15387,-19.0634,5728.32,-5176.8,3132.76,-0.170272,-0.096352,-36.0158,2028.3,-2424.72,659.524,-0.999744,-0.288101,-0.0100142,3974.57,-4462,1206.74,-0.999765,-0.260157,-0.0100996
1.859,184.153,2.25381,13.8564,-2.97329,-8.25307,6.31326,0.776331,0.0193556,0.0402358,1649.96,3,0,1,0,0.0194244,-0.0284409,0.00244334,-0.00140768,0.167715,0.195208,0.0659802,0.0897768,4728.53,-5112.67,1396.73,-0.526442,-0.158846,-18.4591,5733.91,-5176.38,3152.42,-0.176273,-0.100002,-35.5046,2012.89,-2400.96,672.913,-0.999733,-0.297088,-0.0105759,3991.88,-4468.7,1241.98,-0.999758,-0.267605,-0.0106711
1.869,184.293,2.26227,13.7304,-3.04278,-9.04184,6.57112,0.791534,0.0197439,0.0401899,1615.78,3,0,1,0,0.0193031,-0.0285396,0.00245355,-0.00139367,0.167339,0.195407,0.0657511,0.0900447,4718.79,-5100.11,1405.11,-0.536619,-0.16319,-17.8526,5735.73,-5138.55,3215.55,-0.180971,-0.105144,-34.9894,2000,-2379.77,687.172,-0.99974,-0.306348,-0.0109563,4013.94,-4478.42,1281.97,-0.999783,-0.275928,-0.0109347
1.879,184.433,2.27083,13.6034,-3.11276,-8.47043,6.60423,0.806545,0.0201296,0.0401434,1581.41,3,0,1,0,0.0191095,-0.0285296,0.00246466,-0.00138561,0.166965,0.195602,0.0655239,0.0903118,4709.47,-5085.66,1419.42,-0.547849,-0.168629,-17.2431,5741.27,-5142.21,3228.04,-0.187337,-0.108845,-34.4699,1985.79,-2356.99,700.697,-0.999754,-0.315685,-0.0115754,4032.77,-4485.59,1318.5,-0.999821,-0.283633,-0.0115755
1.889,184.572,2.27948,13.4756,-3.18319,-9.36077,6.96608,0.821336,0.0205126,0.0400966,1546.84,3,0,1,0,0.0189961,-0.0286194,0.00247386,-0.0013715,0.166591,0.195796,0.0652981,0.0905765,4699.85,-5072.87,1428.39,-0.558681,-0.173415,-16.6295,5743.25,-5110.1,3281.62,-0.192376,-0.114017,-33.9483,1972.64,-2335.13,714.657,-0.999679,-0.325276,-0.0126183,4054.05,-4493.52,1359.18,-0.999712,-0.292169,-0.0130464
1.899,184.71,2.28822,13.3474,-3.25395,-8.30487,6.88821,0.836134,0.020893,0.0400492,1512.06,3,0,1,0,0.018799,-0.0286076,0.00248663,-0.00136363,0.166219,0.195986,0.0650744,0.0908398,4691.01,-5059.18,1441.59,-0.570588,-0.179082,-16.0129,5748.4,-5112.23,3294.2,-0.199034,-0.118063,-33.4218,1958.16,-2311.71,727.822,-0.99966,-0.334956,-0.0122061,4071.23,-4498.38,1395.47,-0.999695,-0.299951,-0.0117924
1.909,184.846,2.29706,13.2187,-3.32508,-7.47393,6.73594,0.850615,0.0212703,0.0400014,1477.07,3,0,1,0,0.0187253,-0.028719,0.00249514,-0.00134616,0.165847,0.196173,0.0648521,0.0911003,4681.42,-5044.68,1454.83,-0.582662,-0.184923,-15.3924,5752.58,-5105.44,3316.15,-0.205362,-0.122522,-32.8933,1944.5,-2289.02,741.12,-0.999635,-0.344822,-0.0133036,4089.63,-4503.48,1433.65,-0.99967,-0.30814,-0.0133037
1.919,184.982,2.30598,13.0884,-3.39643,-7.83953,6.99538,0.864842,0.0216447,0.0399531,1441.82,3,0,1,0,0.0184862,-0.028683,0.00250607,-0.00134183,0.165475,0.196356,0.0646325,0.091361,4672.89,-5032.38,1464.92,-0.594839,-0.190456,-14.7682,5756.32,-5089.81,3348.3,-0.211555,-0.127567,-32.3588,1931.2,-2266.55,754.435,-0.99957,-0.354881,-0.0138697,4108.73,-4508.33,1473.42,-0.999577,-0.316689,-0.0138913
1.929,185.116,2.31498,12.9575,-3.468,-7.92386,7.14181,0.87885,0.0220157,0.0399044,1406.27,3,0,1,0,0.0183626,-0.028755,0.00251577,-0.00133019,0.165106,0.196536,0.0644143,0.0916183,4663.5,-5018.85,1475.79,-0.607435,-0.196354,-14.1376,5758.98,-5074.71,3377.42,-0.217746,-0.132599,-31.8224,1918.28,-2244.37,767.612,-0.999656,-0.365119,-0.0144918,4128.09,-4513.1,1513.14,-0.99974,-0.325329,-0.014535
1.939,185.249,2.32406,12.8257,-3.53968,-8.17536,7.37391,0.892649,0.0223837,0.039856,2193.8,2,0,1,0,0.0182362,-0.0288262,0.00252647,-0.00132213,0.164738,0.196715,0.0641974,0.091873,4655.32,-5008.52,1481.56,-0.621247,-0.201987,-13.4654,5761.36,-5060.86,3404.49,-0.224856,-0.138142,-31.242,1905.38,-2222,780.767,-0.999574,-0.375563,-0.0175923,4147.62,-4517.18,1554.02,-0.999623,-0.334196,-0.019875
1.949,185.381,2.33322,12.6929,-3.61146,-8.14482,7.52683,0.905919,0.0227483,0.0398091,2130.71,2,0,1,0,0.0180239,-0.0288233,0.00253835,-0.00131007,0.164373,0.196891,0.0639817,0.0921244,4647.16,-4997.49,1489.11,-0.636545,-0.208382,-12.7638,5765.32,-5060.55,3415.73,-0.232788,-0.143275,-30.6527,1891.63,-2198.68,793.107,-0.999513,-0.38603,-0.0143496,4165.31,-4519.46,1593.64,-0.999541,-0.342944,-0.0127646
1.959,185.513,2.34244,12.5593,-3.68331,-8.34537,7.71016,0.918833,0.0231079,0.0397637,2067.41,2,0,1,0,0.0179303,-0.0289317,0.00254677,-0.0012999,0.16401,0.197066,0.0637677,0.0923725,4639.96,-4988.23,1494.49,-0.652258,-0.214668,-12.0544,5767.55,-5050.41,3434.17,-0.240396,-0.148951,-30.067,1878.17,-2175.53,805.372,-0.99952,-0.396729,-0.016701,4182.28,-4520.46,1633.56,-0.999579,-0.351932,-0.0166855
1.969,185.642,2.35173,12.4249,-3.75507,-7.53931,7.60959,0.93136,0.0234608,0.0397198,2003.86,2,0,1,0,0.0177339,-0.0289332,0.00255715,-0.00129028,0.163652,0.197238,0.0635555,0.0926151,4633.27,-4978.2,1503.04,-0.668963,-0.221779,-11.3384,5772.55,-5058.78,3430.32,-0.248864,-0.153796,-29.4801,1864.83,-2152.45,817.305,-0.99948,-0.407502,-0.0172431,4197.13,-4519.86,1671.14,-0.999533,-0.36051,-0.01697
1.979,185.771,2.36108,12.2902,-3.82671,-7.07993,7.54948,0.943555,0.0238057,0.039677,1940.12,2,0,1,0,0.0176521,-0.029042,0.00256591,-0.00127462,0.163299,0.197406,0.0633453,0.0928514,4627.22,-4969.92,1508.8,-0.685843,-0.228561,-10.6204,5774.46,-5049.2,3444.17,-0.256673,-0.15965,-28.8944,1852.84,-2130.71,829.58,-0.99946,-0.418471,-0.0181212,4212.9,-4518.71,1711.33,-0.999525,-0.369786,-0.0180645
1.989,185.899,2.37047,12.1535,-3.89814,-7.46235,7.86615,0.955167,0.0241419,0.0396348,1876.53,2,0,1,0,0.0174397,-0.0290154,0.0025766,-0.00127048,0.162953,0.19757,0.0631389,0.0930847,4621.71,-4962.84,1512.86,-0.703142,-0.235267,-9.90132,5775.01,-5036.99,3459.39,-0.264567,-0.165777,-28.3113,1841.65,-2109.73,841.908,-0.999366,-0.429552,-0.0188696,4228.46,-4517.06,1751.21,-0.999385,-0.37902,-0.0188774
1.999,186.026,2.37991,12.0162,-3.96926,-7.5226,8.00837,0.966547,0.024469,0.0395928,1813.06,2,0,1,0,0.017275,-0.0290336,0.0025868,-0.00126133,0.162613,0.197729,0.0629357,0.0933104,4615.89,-4954.07,1520.12,-0.72084,-0.242793,-9.18494,5776.01,-5028.86,3470.31,-0.272533,-0.171641,-27.7281,1830.94,-2089.24,854.059,-0.999411,-0.440773,-0.0191552,4242.23,-4513.74,1789.75,-0.999489,-0.388244,-0.0188191
2.009,186.151,2.38939,11.8782,-4.03993,-7.46548,8.18554,0.977515,0.0247878,0.0395507,1749.6,2,0,1,0,0.017098,-0.0290351,0.00259264,-0.00125698,0.162279,0.197883,0.0627367,0.0935307,4610.76,-4946.6,1526,-0.738931,-0.250171,-8.47201,5777.29,-5020.13,3482.12,-0.280749,-0.177835,-27.1424,1820.89,-2069.3,866.335,-0.999304,-0.452145,-0.0199861,4256.33,-4509.96,1829.19,-0.999318,-0.397648,-0.0199926
2.019,186.276,2.3989,11.7395,-4.11023,-7.08528,8.12698,0.988151,0.0250987,0.039508,1686.34,2,0,1,0,0.0170642,-0.0291504,0.00260453,-0.00123969,0.16195,0.19803,0.0625426,0.0937446,4604.85,-4938.4,1531.59,-0.757425,-0.257861,-7.75945,5777.52,-5011.25,3492.86,-0.288988,-0.184015,-26.5603,1811.37,-2049.97,878.361,-0.999362,-0.463592,-0.0204952,4270.29,-4506.14,1867.54,-0.999449,-0.406992,-0.0204932
2.029,186.399,2.40845,11.5996,-4.17991,-7.38388,8.4221,0.998423,0.0254025,0.0394646,1623.12,2,0,1,0,0.0168795,-0.029152,0.00261389,-0.00123427,0.161627,0.198171,0.0623534,0.0939549,4598.95,-4930.66,1536.15,-0.776305,-0.265489,-7.05064,5777.8,-4998.44,3508.09,-0.297158,-0.190654,-25.9763,1802.36,-2031.06,890.45,-0.999338,-0.475217,-0.0210178,4285.52,-4502.34,1907.79,-0.999429,-0.416769,-0.0210885
2.039,186.522,2.41801,11.4594,-4.249,-6.63317,8.21139,1.00837,0.0257002,0.0394203,1560.01,2,0,1,0,0.0167603,-0.0292017,0.00262212,-0.00122293,0.161308,0.198306,0.0621689,0.0941601,4593.18,-4922.47,1542.1,-0.795772,-0.273629,-6.34321,5778.9,-4993.31,3515.35,-0.305909,-0.196985,-25.3915,1793.24,-2012.02,902.127,-0.999314,-0.486923,-0.0216847,4299,-4497.51,1945.59,-0.999411,-0.426127,-0.0219553
2.049,186.643,2.42759,11.318,-4.31735,-6.21165,8.1787,1.01799,0.0259924,0.0393752,1497.01,2,0,1,0,0.016616,-0.029236,0.00263084,-0.0012146,0.160992,0.198434,0.0619892,0.094362,4586.56,-4913.81,1547.06,-0.815671,-0.2819,-5.63798,5779.55,-4986.03,3524.53,-0.314639,-0.203543,-24.8069,1784.35,-1993.19,913.582,-0.999289,-0.498738,-0.0218182,4312.98,-4492.63,1983.77,-0.999392,-0.435642,-0.0217469
2.059,186.763,2.43718,11.1754,-4.38495,-6.56534,8.48083,1.02716,0.0262797,0.0393292,1434,2,0,1,0,0.0164474,-0.0292462,0.00263952,-0.0012092,0.16068,0.198558,0.0618137,0.0945601,4580.39,-4906.01,1551.01,-0.836052,-0.290198,-4.93379,5779.19,-4974.7,3537.1,-0.323242,-0.210466,-24.2204,1775.89,-1974.77,924.939,-0.999352,-0.510725,-0.022316,4328.39,-4488.18,2023.26,-0.999534,-0.445572,-0.0223216
2.069,186.882,2.44676,11.0319,-4.4517,-6.45379,8.58719,1.03594,0.0265624,0.0392824,1370.73,2,0,1,0,0.0162775,-0.029248,0.00264863,-0.00120339,0.160371,0.198676,0.0616427,0.0947554,4573.8,-4897.5,1555.56,-0.857155,-0.299025,-4.22666,5780.97,-4972.07,3542.3,-0.332487,-0.217007,-23.631,1767.29,-1956.17,935.952,-0.999241,-0.522766,-0.0228189,4342.95,-4483.03,2061.61,-0.999359,-0.455218,-0.0228114
2.079,187,2.45635,10.8881,-4.51755,-6.33137,8.65964,1.04442,0.0268407,0.0392352,1307.19,2,0,1,0,0.0161564,-0.029295,0.0026539,-0.00119488,0.160064,0.19879,0.0614753,0.0949477,4567.66,-4890.37,1558.06,-0.878916,-0.30762,-3.51698,5781.34,-4962.25,3553.88,-0.341591,-0.224287,-23.0387,1758.66,-1937.5,946.661,-0.999212,-0.534993,-0.0232794,4357.91,-4477.36,2100.94,-0.999334,-0.465299,-0.0232795
2.089,187.117,2.46592,10.7431,-4.58242,-6.49112,8.90452,1.05245,0.0271147,0.0391878,1243.4,2,0,1,0,0.0160292,-0.0293325,0.00266382,-0.00118779,0.159759,0.1989,0.0613113,0.0951372,4561.49,-4883.41,1559.96,-0.901659,-0.316579,-2.80816,5781.51,-4954.32,3563.1,-0.351082,-0.231616,-22.4476,1750.28,-1919.17,957.051,-0.999183,-0.547251,-0.023811,4372.8,-4471.42,2139.89,-0.999311,-0.475398,-0.0238432
2.099,187.233,2.47548,10.5976,-4.64626,-6.05484,8.8328,1.06014,0.027384,0.0391405,2177.91,1,0,1,0,0.0159017,-0.0293645,0.00267162,-0.00117832,0.159458,0.199006,0.0611503,0.095323,4555.48,-4876.42,1562.35,-0.925152,-0.32592,-2.06787,5782.81,-4952.44,3566.78,-0.361018,-0.238648,-21.8259,1741.76,-1900.7,967.044,-0.999148,-0.559615,-0.0242495,4386.55,-4464.72,2177.31,-0.999283,-0.48529,-0.0241324
2.109,187.347,2.485,10.4504,-4.70908,-6.78084,9.34934,1.06712,0.0276502,0.0390961,2040.17,1,0,1,0,0.0157633,-0.0293882,0.00268028,-0.00117557,0.159161,0.199111,0.0609899,0.0955055,4550.76,-4874.12,1556.85,-0.953353,-0.335148,-1.23333,5783.45,-4958.05,3561.33,-0.373777,-0.246501,-21.1239,1732.15,-1881.16,976.104,-0.999105,-0.572064,-0.0252919,4400.23,-4457.2,2215.32,-0.999249,-0.495517,-0.0253463
2.119,187.461,2.49449,10.3033,-4.77082,-6.94801,9.5959,1.07362,0.027911,0.0390555,1901.89,1,0,1,0,0.0156409,-0.0294095,0.00268676,-0.0011638,0.158868,0.199216,0.0608309,0.0956812,4547.12,-4872.92,1551.41,-0.982847,-0.344652,-0.392483,5783.75,-4960.72,3558.72,-0.386231,-0.254536,-20.436,1722.52,-1861.6,984.871,-0.999059,-0.584684,-0.0260939,4413.89,-4448.38,2254.8,-0.999213,-0.506352,-0.0260951
2.129,187.573,2.50394,10.1555,-4.83142,-6.1669,9.30384,1.07947,0.0281661,0.0390174,1774.67,1,0,1,0,0.0154958,-0.0294188,0.00269461,-0.00115901,0.158581,0.199321,0.0606733,0.0958539,4544.04,-4862.34,1568.7,-0.999031,-0.35503,-0.0265836,5786.75,-5008.28,3507.89,-0.406861,-0.261747,-19.4528,1712.27,-1841.59,992.745,-0.999025,-0.597246,-0.026577,4423.08,-4437.81,2288.46,-0.99919,-0.516067,-0.0265726
2.139,187.685,2.51333,10.0064,-4.89092,-6.04529,9.37286,1.08402,0.0284201,0.0389787,1667.51,1,0,1,0,0.015395,-0.0294545,0.00270174,-0.00114875,0.158299,0.199426,0.0605167,0.0960225,4537.78,-4839.86,1604.87,-0.999002,-0.364895,-0.0269157,5786.03,-5074.23,3429.2,-0.435411,-0.27007,-18.2782,1702.58,-1822.29,1000.48,-0.998995,-0.609818,-0.0269177,4436.51,-4429.43,2325.48,-0.999166,-0.526449,-0.0269172
2.149,187.795,2.52265,9.85652,-4.94914,-5.51462,9.19619,1.08732,0.0286683,0.0389398,1565.83,1,0,1,0,0.0152617,-0.0294686,0.00270902,-0.00114342,0.158029,0.199533,0.0603626,0.096186,4529.6,-4813.92,1643.29,-0.998972,-0.375659,-0.0273049,5784.7,-5129.97,3359.32,-0.462934,-0.278061,-17.1611,1693.71,-1804.01,1008.14,-0.99896,-0.622316,-0.0281398,4447.67,-4420.25,2359.27,-0.999139,-0.536212,-0.0292524
2.159,187.904,2.53189,9.70558,-5.00588,-5.76024,9.48181,1.08937,0.0289074,0.0389013,1468.8,1,0,1,0,0.0151484,-0.02951,0.00271565,-0.00114102,0.157768,0.199636,0.0602119,0.096345,4522.88,-4789.25,1680.99,-0.998947,-0.386322,-0.027669,5782.01,-5169.6,3305.9,-0.489201,-0.286878,-16.0947,1686.63,-1787.59,1016.48,-0.998919,-0.634886,-0.0276767,4459.76,-4410.2,2395.42,-0.999096,-0.546793,-0.0276759
2.169,188.013,2.54104,9.55424,-5.06095,-5.48382,9.45105,1.09069,0.0291354,0.0388638,1374.76,1,0,1,0,0.0149776,-0.0294847,0.00272441,-0.00113472,0.157517,0.199735,0.0600654,0.096498,4516.4,-4763.76,1719.76,-0.998913,-0.397467,-0.0280989,5779.57,-5206.41,3255.16,-0.515443,-0.295455,-15.0581,1680.37,-1772.18,1024.82,-0.998895,-0.647399,-0.02809,4469.55,-4399,2428.87,-0.999092,-0.556979,-0.0280902
2.179,188.12,2.55008,9.40228,-5.11425,-5.54801,9.65978,1.09118,0.0293527,0.038828,1282.76,1,0,1,0,0.014861,-0.0294964,0.00272976,-0.00112747,0.157275,0.199829,0.0599231,0.0966447,4511,-4738.75,1758.55,-0.998866,-0.40884,-0.0279462,5776.42,-5234.95,3213.34,-0.541339,-0.304611,-14.0409,1674.82,-1757.59,1033.21,-0.998858,-0.659901,-0.0284973,4478.96,-4387.15,2462.16,-0.999065,-0.567327,-0.0284243
2.189,188.226,2.55902,9.25039,-5.16565,-4.84314,9.36968,1.09095,0.0295602,0.0387943,1192.4,1,0,1,0,0.014758,-0.0295181,0.00273797,-0.00111986,0.157043,0.199919,0.0597858,0.0967855,4505.35,-4712.49,1798.33,-0.998885,-0.420594,-0.0289903,5775.23,-5266.28,3169.43,-0.567733,-0.313229,-13.0427,1669.27,-1743.12,1041.24,-0.998818,-0.672412,-0.0288205,4486.66,-4374.32,2493.6,-0.999036,-0.577449,-0.028603
2.199,188.33,2.56783,9.0978,-5.21514,-5.10921,9.67878,1.09005,0.0297599,0.0387629,1103.49,1,0,1,0,0.0147112,-0.0295832,0.00274359,-0.00111187,0.156821,0.200005,0.0596528,0.0969201,4500.98,-4688.08,1835.83,-0.998788,-0.431938,-0.0252106,5772.72,-5285.79,3139.27,-0.59376,-0.323356,-12.0574,1663.91,-1728.98,1049.05,-0.998779,-0.684916,-0.029409,4496.19,-4361.42,2527.61,-0.999006,-0.58839,-0.029419
2.209,188.434,2.57652,8.94474,-5.26258,-4.86631,9.66056,1.08855,0.0299534,0.0387341,1015.9,1,0,1,0,0.0145415,-0.0295459,0.00274931,-0.0011109,0.15661,0.200088,0.059524,0.0970499,4496.37,-4661.89,1875.16,-0.998744,-0.444034,-0.029857,5773.76,-5312.54,3103.37,-0.620558,-0.332442,-11.0917,1657.93,-1714.4,1056.08,-0.99874,-0.69735,-0.0298342,4503.44,-4348.45,2557.58,-0.998978,-0.598399,-0.0298368
2.219,188.537,2.58507,8.79146,-5.30793,-4.89336,9.85841,1.08649,0.0301428,0.0387075,929.788,1,0,1,0,0.0144426,-0.0295629,0.00275501,-0.00110669,0.156408,0.200172,0.0593982,0.0971742,4490.01,-4633.84,1913.42,-0.998713,-0.456341,-0.030252,5772.47,-5333.42,3072,-0.647341,-0.342012,-10.1424,1651.91,-1699.89,1062.8,-0.998698,-0.709825,-0.0301876,4512.19,-4335.92,2588.86,-0.998947,-0.60882,-0.0301859
2.229,188.639,2.59348,8.63854,-5.35113,-4.61741,9.80573,1.08393,0.0303291,0.0386828,846.339,1,0,1,0,0.0144504,-0.0296735,0.00276198,-0.00109502,0.156213,0.200256,0.0592754,0.0972935,4484.45,-4606.81,1950.34,-0.998666,-0.468387,-0.0304803,5772.77,-5351.48,3046.47,-0.673914,-0.352053,-9.22333,1645.8,-1685.45,1069.12,-0.99866,-0.72229,-0.0304756,4521.97,-4323.58,2621.02,-0.99892,-0.619583,-0.0305059
2.239,188.739,2.60174,8.48492,-5.39215,-4.61561,9.96734,1.0808,0.0305134,0.0386593,765.599,1,0,1,0,0.0142837,-0.0296199,0.00276861,-0.00109546,0.156026,0.20034,0.0591549,0.0974108,4478.76,-4578.91,1987.54,-0.998646,-0.480786,-0.0307089,5773.26,-5368.55,3022.29,-0.700364,-0.362017,-8.33423,1640.03,-1671.51,1075.3,-0.998615,-0.734705,-0.0308822,4533.46,-4313.62,2652.14,-0.99888,-0.629783,-0.0310954
2.249,188.839,2.60983,8.33163,-5.43089,-4.21187,9.86311,1.07728,0.0306964,0.0386363,687.351,1,0,1,0,0.0141872,-0.0296314,0.0027719,-0.00108825,0.155845,0.200426,0.0590373,0.0975273,4471.75,-4549.38,2024.14,-0.998591,-0.493442,-0.0291422,5775.4,-5387,2998.15,-0.726747,-0.371568,-7.47502,1633.58,-1657.1,1080.69,-0.998589,-0.747065,-0.0305222,4542.14,-4301.34,2681.69,-0.99887,-0.64009,-0.0300753
2.259,188.937,2.61776,8.17814,-5.4674,-4.20445,9.99105,1.07327,0.0308788,0.0386135,611.551,1,0,1,0,0.0141171,-0.0296639,0.00277996,-0.00108688,0.155668,0.200514,0.0589219,0.0976427,4464.94,-4519.94,2059.89,-0.998561,-0.506223,-0.0317634,5776.55,-5401.19,2978.71,-0.752946,-0.381678,-6.63533,1627.66,-1643.32,1086.15,-0.998552,-0.759453,-0.0307625,4552.61,-4290.21,2712.02,-0.998838,-0.650532,-0.0306383
2.269,189.035,2.62551,8.02513,-5.50157,-4.01294,10.0065,1.06893,0.0310609,0.0385903,537.983,1,0,1,0,0.0141095,-0.0297615,0.00278449,-0.00107554,0.155494,0.200604,0.0588086,0.0977571,4457.89,-4490.26,2094.68,-0.998534,-0.519036,-0.0308472,5777.06,-5412.52,2962.47,-0.779031,-0.392209,-5.82601,1622.2,-1630.14,1091.6,-0.998527,-0.771841,-0.0308803,4565.26,-4280.28,2743.63,-0.998828,-0.661272,-0.0309073
2.279,189.131,2.63307,7.87168,-5.53345,-3.97053,10.1395,1.06405,0.0312429,0.0385667,466.552,1,0,1,0,0.0139145,-0.0296637,0.00279045,-0.00107727,0.155324,0.200694,0.058698,0.0978748,4450.72,-4459.9,2129.51,-0.998509,-0.532137,-0.0307985,5778.76,-5425.82,2944.76,-0.805245,-0.402312,-5.03896,1616.76,-1617.17,1096.72,-0.998496,-0.784136,-0.0309337,4576.63,-4270.63,2772.62,-0.998808,-0.671322,-0.0310432
2.289,189.226,2.64045,7.71877,-5.56295,-3.72591,10.1267,1.05884,0.0314253,0.0385423,397.177,1,0,1,0,0.0138603,-0.0297141,0.00279585,-0.00107476,0.155156,0.200787,0.0585899,0.0979938,4443.37,-4429.42,2163.33,-0.998476,-0.545275,-0.0309394,5780.29,-5437.91,2928.55,-0.83151,-0.412562,-4.27415,1611.62,-1604.62,1101.78,-0.998466,-0.796441,-0.0308088,4589.26,-4261.45,2802.5,-0.998789,-0.68166,-0.0308076
2.299,189.32,2.64763,7.56567,-5.59012,-4.65151,11.007,1.05309,0.0316076,0.0385172,329.87,1,0,1,0,0.0138541,-0.0298134,0.00280052,-0.00106338,0.154988,0.200882,0.0584843,0.098114,4436,-4398.8,2196.36,-0.998441,-0.558629,-0.0320319,5779.18,-5441.8,2921.02,-0.85747,-0.424511,-3.53258,1607.24,-1592.82,1107.16,-0.998436,-0.808884,-0.0306511,4605.83,-4252.73,2837.07,-0.998769,-0.693439,-0.0304631
2.309,189.413,2.6546,7.41388,-5.6149,-3.12158,9.95335,1.04722,0.0317901,0.0384915,264.27,1,0,1,0,0.0136752,-0.0297341,0.00280438,-0.00106448,0.154823,0.200976,0.058381,0.098237,4428.2,-4367.18,2229.6,-0.99834,-0.572108,-0.0310362,5783.52,-5460.97,2897.61,-0.884377,-0.433138,-2.80868,1602.21,-1580.8,1111.62,-0.998401,-0.820945,-0.030783,4615.32,-4244,2861.24,-0.998747,-0.702241,-0.0309201
2.319,189.506,2.66136,7.26202,-5.63728,-3.08107,10.0808,1.04099,0.0319725,0.0384651,200.57,1,0,1,0,0.0136458,-0.0298036,0.00281161,-0.00105536,0.154659,0.201074,0.0582805,0.098362,4420.61,-4336.24,2261.23,-0.998373,-0.585625,-0.0306119,5784.11,-5468.48,2886.76,-0.910929,-0.444381,-2.10657,1597.55,-1569.08,1116.26,-0.998368,-0.833269,-0.0305855,4629.29,-4235.03,2891.73,-0.998724,-0.713098,-0.0305377
2.329,189.597,2.66791,7.11032,-5.65732,-3.1466,10.296,1.03425,0.0321547,0.0384383,138.632,1,0,1,0,0.0135808,-0.0298401,0.00281596,-0.0010504,0.154495,0.201172,0.0581824,0.0984902,4413.59,-4305.64,2292.52,-0.998393,-0.59932,-0.0304846,5784.83,-5476.08,2875.94,-0.937771,-0.455656,-1.42488,1593.08,-1557.74,1120.74,-0.998332,-0.845502,-0.0305241,4643.24,-4226.39,2921.44,-0.998698,-0.72379,-0.0305237
2.339,189.686,2.67422,6.95836,-5.67504,-4.13779,11.2913,1.02697,0.0323364,0.0384112,78.4297,1,0,1,0,0.0134495,-0.0298002,0.00282077,-0.00104694,0.154334,0.201271,0.0580863,0.098619,4406.96,-4275.25,2323.29,-0.998315,-0.613185,-0.0303709,5784,-5479.61,2869.21,-0.964762,-0.467969,-0.760128,1588.86,-1546.74,1125.18,-0.998299,-0.857774,-0.0307904,4658.56,-4217.5,2953,-0.998679,-0.735254,-0.0311567
2.349,189.775,2.6803,6.80842,-5.69027,-2.76323,10.3476,1.01977,0.0325178,0.0383839,19.3379,1,0,1,0,0.0134219,-0.0298859,0.00282326,-0.00104627,0.154174,0.201372,0.0579934,0.0987546,4399.28,-4243.73,2353.53,-0.998297,-0.627104,-0.0303316,5788.04,-5495.66,2849.68,-0.992563,-0.477284,-0.10642,1583.47,-1534.9,1128.52,-0.998262,-0.86987,-0.0303089,4665.12,-4205.95,2975.38,-0.998654,-0.744578,-0.0302888
2.359,189.863,2.68615,6.65852,-5.70319,-2.65843,10.3828,1.01223,0.032712,0.038352,0.759681,1,0,1,0,0.0133577,-0.0299229,0.00282933,-0.00103275,0.154002,0.201476,0.0578984,0.0988969,4389.39,-4210.74,2381.55,-0.998278,-0.641187,-0.029444,5789.53,-5475.44,2884.05,-0.998689,-0.489045,-0.0294443,1578.57,-1523.66,1131.95,-0.998269,-0.881979,-0.0295856,4686.47,-4202.91,3007.74,-0.998667,-0.755294,-0.0297999
2.369,189.95,2.69176,6.50938,-5.71343,-2.09672,10.0887,1.00495,0.0329364,0.03831,0.54954,1,0,1,0,0.0132468,-0.0299235,0.00283388,-0.001028,0.153814,0.201583,0.0578014,0.099057,4371.96,-4172.34,2404.88,-0.998309,-0.655081,-0.0284356,5795.52,-5453.53,2927.07,-0.998718,-0.499681,-0.0284353,1570.34,-1509.57,1132.88,-0.998286,-0.894053,-0.0284479,4710.82,-4203.31,3039.87,-0.998686,-0.765255,-0.0284485
2.379,190.036,2.69712,6.36048,-5.72113,-2.43475,10.5823,0.997613,0.0331903,0.0382588,0.417536,1,0,1,0,0.0131251,-0.0299264,0.00283997,-0.00102393,0.153605,0.201694,0.0577004,0.0992337,4351.72,-4131.52,2426.56,-0.998302,-0.669234,-0.0276129,5801.53,-5428.93,2973.35,-0.99872,-0.51139,-0.0276169,1560.81,-1494.36,1132.78,-0.998297,-0.906281,-0.0276374,4742.07,-4206.72,3077.43,-0.9987,-0.776333,-0.0277002
2.389,190.12,2.70224,6.21287,-5.72625,-2.26603,10.6228,0.990549,0.0334699,0.0381995,0.377649,1,0,1,0,0.0130355,-0.0299781,0.00284445,-0.00101246,0.15337,0.201812,0.0575941,0.0994282,4330.71,-4090.47,2446.75,-0.998303,-0.683453,-0.0268102,5808.25,-5405.24,3018.42,-0.998727,-0.522843,-0.0268046,1550.23,-1478.39,1131.71,-0.998296,-0.918479,-0.0269093,4774.64,-4211.65,3114.62,-0.998704,-0.787005,-0.026912
2.399,190.204,2.70711,6.06605,-5.72884,-1.73701,10.4108,0.983572,0.0337699,0.0381339,0.205234,1,0,1,0,0.0128905,-0.0299841,0.00285051,-0.00100506,0.153111,0.201937,0.0574823,0.0996435,4310.38,-4050.36,2466.26,-0.99829,-0.69752,-0.0264261,5816.17,-5385.47,3058.55,-0.998724,-0.533122,-0.0264245,1539.43,-1462.38,1130.25,-0.998284,-0.930667,-0.0263999,4806.08,-4216.8,3149.71,-0.998703,-0.79701,-0.0263763
2.409,190.287,2.71173,5.92014,-5.72904,-1.47999,10.2808,0.976645,0.0340841,0.0380637,0.162924,1,0,1,0,0.0127742,-0.0300356,0.00285551,-0.000993301,0.15283,0.202068,0.057365,0.0998761,4291.99,-4011.83,2486.01,-0.998264,-0.711797,-0.0261046,5822.03,-5361.83,3100.71,-0.998721,-0.544339,-0.0261046,1529,-1446.85,1128.84,-0.998281,-0.942917,-0.0261082,4837.51,-4220.94,3185.54,-0.998738,-0.807597,-0.0261083
2.419,190.368,2.71608,5.77488,-5.72676,-1.24279,10.3718,0.969663,0.0344063,0.0379906,0.102339,1,0,1,0,0.0126261,-0.0300629,0.00286164,-0.000983016,0.152531,0.202202,0.0572433,0.100124,4275.44,-3975.03,2505.78,-0.998234,-0.726127,-0.0259612,5827.11,-5337.82,3141.55,-0.998696,-0.555453,-0.0259668,1518.79,-1431.42,1127.61,-0.997882,-0.955165,-0.0259623,4866,-4221.85,3220.74,-0.997966,-0.818005,-0.0259952
2.429,190.449,2.72018,5.63056,-5.72223,-1.13523,10.2907,0.963039,0.034732,0.0379161,0.125084,1,0,1,0,0.0124671,-0.0300858,0.00286796,-0.000972734,0.15222,0.20234,0.0571178,0.100384,4260.93,-3939.92,2525.92,-0.998167,-0.740536,-0.0260537,5830.74,-5312.06,3182.12,-0.998654,-0.566915,-0.0260723,1509.23,-1417.15,1126.23,-0.998176,-0.967494,-0.0259417,4891.94,-4223.21,3251.9,-0.998647,-0.828629,-0.0259655
2.439,190.528,2.72401,5.48681,-5.71534,-1.02096,10.4348,0.956347,0.0350572,0.0378409,0.141956,1,0,1,0,0.0122814,-0.0300836,0.00287427,-0.000964751,0.151901,0.202478,0.0569898,0.100651,4247.57,-3905.8,2546.04,-0.998097,-0.755122,-0.0258956,5834.55,-5288.1,3219.76,-0.998613,-0.577707,-0.0258836,1500.1,-1403,1125.31,-0.99788,-0.979865,-0.0259198,4914.48,-4220.81,3282.49,-0.998129,-0.838831,-0.0258094
2.449,190.606,2.72757,5.34399,-5.70622,-1.32776,10.9609,0.949941,0.0353795,0.037766,0.117184,1,0,1,0,0.0121005,-0.0300907,0.0028793,-0.000956845,0.151577,0.202614,0.0568598,0.100922,4236.26,-3873.57,2566.3,-0.998027,-0.769795,-0.0260049,5835.64,-5258.66,3260.53,-0.998569,-0.589944,-0.0261482,1491.68,-1389.88,1124.51,-0.998048,-0.9924,-0.0264015,4938.41,-4218.76,3314.16,-0.998561,-0.850453,-0.02681
2.459,190.684,2.73086,5.20259,-5.69489,-0.787469,10.5615,0.94387,0.0356976,0.0376918,0.145488,1,0,1,0,0.0119599,-0.0301421,0.00288623,-0.000945248,0.15125,0.202748,0.0567288,0.101194,4225.6,-3842.42,2585.91,-0.997976,-0.784241,-0.0261256,5837.81,-5233.46,3296.35,-0.998542,-0.600903,-0.0261224,1483.43,-1376.93,1123.73,-0.997977,-1.00484,-0.0262899,4956.64,-4214.6,3340.74,-0.998519,-0.860493,-0.0262888
2.469,190.76,2.73388,5.06155,-5.68147,-0.479118,10.3638,0.937834,0.036011,0.0376183,0.107617,1,0,1,0,0.0118031,-0.0301793,0.00289362,-0.000934637,0.150924,0.202878,0.0565972,0.101465,4214.77,-3811.32,2604.77,-0.997906,-0.798912,-0.0264465,5840.79,-5210.95,3329.25,-0.998502,-0.6109,-0.0264425,1475.3,-1364.18,1122.91,-0.997897,-1.01739,-0.0264542,4973.42,-4210.27,3365.53,-0.998472,-0.870081,-0.0264564
2.479,190.836,2.73661,4.922,-5.66591,-0.43764,10.4702,0.932223,0.0363197,0.0375454,0.611335,1,0,1,0,0.0116488,-0.0302134,0.00290094,-0.000918894,0.150598,0.203004,0.0564652,0.101732,4204.76,-3780.57,2624.04,-0.997877,-0.813882,-0.0270282,5841.32,-5182.15,3366.38,-0.998493,-0.623052,-0.0270327,1467.44,-1351.71,1122.21,-0.997819,-1.03018,-0.0265,4991.76,-4203.3,3394.64,-0.998425,-0.882019,-0.0263673
2.489,190.91,2.73907,4.78307,-5.64832,0.116866,10.0412,0.926768,0.0366239,0.037473,0.167379,1,0,1,0,0.0114687,-0.0302199,0.00290708,-0.000910251,0.150274,0.203126,0.0563335,0.101997,4193.99,-3749.98,2641.73,-0.997749,-0.828623,-0.0266791,5843.75,-5159.63,3397.53,-0.998414,-0.633039,-0.0266788,1459.4,-1339.24,1121.17,-0.997725,-1.04289,-0.0267192,5006.5,-4197.9,3417.65,-0.99836,-0.891497,-0.0267634
2.499,190.983,2.74124,4.64513,-5.62873,-0.0767488,10.4181,0.92156,0.0369242,0.0374007,0.144659,1,0,1,0,0.0113278,-0.03027,0.00291342,-0.000898359,0.14995,0.203243,0.0562019,0.102258,4184.45,-3719.66,2660.32,-0.997662,-0.844111,-0.0267645,5842.71,-5127.77,3435.32,-0.998367,-0.646046,-0.0267628,1451.53,-1326.99,1120.15,-0.997654,-1.05582,-0.026779,5024.09,-4190.53,3445.8,-0.998337,-0.903556,-0.0267662
2.509,191.055,2.74312,4.50786,-5.60722,0.0456475,10.4324,0.916445,0.0372208,0.0373283,0.166645,1,0,1,0,0.0111383,-0.0302637,0.00292021,-0.000890122,0.149628,0.203354,0.0560705,0.102514,4173.46,-3688.89,2677.18,-0.997594,-0.859432,-0.0268579,5844.58,-5103.48,3466.91,-0.998316,-0.656806,-0.0268659,1443.92,-1314.96,1119.27,-0.997443,-1.06884,-0.0268468,5039.63,-4183.57,3470.9,-0.998035,-0.914203,-0.026851
2.519,191.127,2.74471,4.37141,-5.58377,-0.144207,10.8912,0.911592,0.037514,0.0372556,0.232771,1,0,1,0,0.0109466,-0.0302528,0.00292555,-0.000881982,0.149306,0.20346,0.0559393,0.102766,4163.23,-3658.63,2694.08,-0.997506,-0.87518,-0.0271912,5844.11,-5073.86,3501.56,-0.99829,-0.669147,-0.0264532,1436.16,-1303.12,1117.97,-0.997546,-1.08196,-0.026629,5056.44,-4177.56,3496.36,-0.998384,-0.925687,-0.0260026
2.529,191.197,2.74601,4.23625,-5.55846,-0.117964,11.0069,0.906979,0.037804,0.037182,0.177499,1,0,1,0,0.0108262,-0.0303262,0.00293368,-0.000866089,0.148982,0.20356,0.0558092,0.103015,4152.85,-3628.34,2710.53,-0.997382,-0.891059,-0.0269585,5844.12,-5045.74,3534.41,-0.998222,-0.681119,-0.0269729,1428.72,-1291.44,1116.95,-0.997378,-1.09524,-0.0260383,5072.89,-4170.14,3522.55,-0.998185,-0.93732,-0.0242678
2.539,191.266,2.74701,4.10209,-5.53135,0.291958,10.6207,0.902689,0.0380908,0.0371077,0.207924,1,0,1,0,0.0106698,-0.0303557,0.0029407,-0.00085682,0.148659,0.203656,0.0556799,0.103259,4141.76,-3598.22,2725.63,-0.99728,-0.906767,-0.0270057,5845.72,-5022.2,3563.38,-0.998175,-0.691672,-0.027005,1421.46,-1280.2,1115.8,-0.99748,-1.1086,-0.0269127,5088.25,-4165.2,3544.94,-0.998554,-0.947639,-0.0269111
2.549,191.334,2.74771,3.96887,-5.5024,0.689841,10.349,0.898535,0.0383745,0.0370323,0.203233,1,0,1,0,0.0104733,-0.0303411,0.00294504,-0.000850212,0.148336,0.203746,0.0555515,0.103501,4130.39,-3567.88,2740.31,-0.997183,-0.922734,-0.0268676,5846.49,-4997.84,3591.89,-0.998127,-0.702496,-0.0267876,1414.34,-1268.9,1114.84,-0.997197,-1.12204,-0.0275792,5102.79,-4157.95,3568.42,-0.998152,-0.95822,-0.0289363
2.559,191.401,2.74811,3.83617,-5.47171,0.426358,10.8593,0.89439,0.0386547,0.0369559,0.199554,1,0,1,0,0.0103089,-0.0303621,0.0029525,-0.000841925,0.148011,0.203829,0.0554246,0.10374,4120.18,-3537.79,2755.77,-0.997048,-0.939569,-0.0268611,5845.94,-4967.94,3624.69,-0.998063,-0.715313,-0.0268587,1407.55,-1258.02,1113.99,-0.997048,-1.13571,-0.026716,5119.9,-4150.73,3594.6,-0.998022,-0.97036,-0.0264229
2.569,191.467,2.7482,3.70494,-5.43927,1.00419,10.3094,0.890642,0.0389316,0.0368783,0.192237,1,0,1,0,0.0101376,-0.0303763,0.00295869,-0.000832304,0.147686,0.203908,0.0552992,0.103976,4108.7,-3507.34,2769.8,-0.996644,-0.955848,-0.0268358,5847.09,-4944.77,3651.49,-0.997811,-0.725715,-0.0268357,1400.97,-1247.42,1113.16,-0.99692,-1.14944,-0.0268659,5134.11,-4144.87,3616.07,-0.997965,-0.980449,-0.0268656
2.579,191.532,2.74798,3.57455,-5.40514,0.946555,10.5279,0.887006,0.0392049,0.0367996,0.158508,1,0,1,0,0.00999779,-0.0304262,0.00296477,-0.000819544,0.14736,0.203981,0.0551755,0.104209,4098.85,-3475.95,2784.99,-0.996685,-0.973383,-0.0268334,5845.39,-4913.88,3683.08,-0.997877,-0.739058,-0.026833,1394.57,-1236.42,1112.12,-0.996765,-1.16338,-0.0268505,5150.44,-4136.93,3641.66,-0.997859,-0.992969,-0.0268483
2.589,191.596,2.74746,3.44495,-5.36935,1.13582,10.4325,0.883434,0.0394745,0.0367197,0.355265,1,0,1,0,0.00980548,-0.0304145,0.00297094,-0.000812459,0.147034,0.204047,0.0550537,0.10444,4087.73,-3438.53,2799.16,-0.996658,-0.99058,-0.0268446,5845.94,-4888.54,3710.78,-0.997907,-0.750665,-0.026842,1388.65,-1223.22,1109.98,-0.996488,-1.17743,-0.0268604,5166.12,-4130.32,3665.14,-0.997533,-1.00401,-0.0268894
2.599,191.659,2.74661,3.31612,-5.33195,1.24695,10.4942,0.879947,0.0397404,0.0366385,0.159753,1,0,1,0,0.00962331,-0.0304156,0.00297719,-0.000806762,0.146708,0.204107,0.0549338,0.104669,4076.55,-3392.69,2813.14,-0.996497,-1.00798,-0.0265744,5846.47,-4863.9,3737.39,-0.997827,-0.761847,-0.0264679,1382.99,-1206.29,1105.2,-0.996485,-1.19164,-0.026723,5180.46,-4124.44,3686.3,-0.997779,-1.01488,-0.0266051
2.609,191.721,2.74545,3.18877,-5.29293,1.44651,10.4066,0.876601,0.0400022,0.0365554,0.218646,1,0,1,0,0.00942165,-0.0303901,0.00298304,-0.000799117,0.146381,0.204161,0.0548162,0.104896,4065.43,-3337.14,2826.44,-0.996348,-1.0258,-0.0261783,5846.37,-4837.85,3764.35,-0.997769,-0.773757,-0.026148,1378.25,-1185.01,1097.85,-0.996178,-1.20599,-0.0266697,5195.4,-4116.64,3709.71,-0.997425,-1.0266,-0.0266666
2.619,191.783,2.74397,3.06285,-5.25236,1.63988,10.2612,0.873331,0.0402592,0.0364694,0.231197,1,0,1,0,0.00927662,-0.0304341,0.00298814,-0.000787279,0.146054,0.204208,0.0547012,0.10512,4054.11,-3271.7,2837.6,-0.996179,-1.04439,-0.0264097,5844.31,-4808.41,3792.27,-0.997711,-0.786774,-0.0264104,1374.73,-1160.18,1087.64,-0.996159,-1.22045,-0.0264056,5211.3,-4110.36,3732.65,-0.997644,-1.03859,-0.026406
2.629,191.843,2.74218,2.9381,-5.21029,1.95467,10.1094,0.869938,0.0405105,0.0363795,0.180051,1,0,1,0,0.00910198,-0.0304433,0.00299412,-0.000777469,0.145725,0.204246,0.05459,0.105344,4042.66,-3201.79,2844.78,-0.995988,-1.06304,-0.0260359,5842.37,-4780.75,3818.08,-0.997642,-0.799145,-0.0260352,1372.7,-1132.86,1075.01,-0.996005,-1.235,-0.0260116,5226.51,-4104.02,3754.74,-0.997598,-1.05001,-0.0259452
2.639,191.902,2.74006,2.81458,-5.16684,2.0502,9.98235,0.866324,0.0407546,0.0362846,0.254138,1,0,1,0,0.00893098,-0.0304567,0.0029997,-0.000767494,0.145394,0.204272,0.054484,0.105567,4030.64,-3131.05,2846.79,-0.995882,-1.08197,-0.0255504,5839.45,-4752.44,3843.16,-0.99763,-0.81171,-0.0255486,1372.7,-1104.43,1061.71,-0.995849,-1.24962,-0.0255314,5242.48,-4097.54,3777.65,-0.997554,-1.06197,-0.0255282
2.649,191.96,2.73762,2.69254,-5.12197,2.14816,9.99225,0.862582,0.0409903,0.036184,0.185857,1,0,1,0,0.00875094,-0.0304594,0.00300469,-0.000758456,0.14506,0.204287,0.0543847,0.105789,4019.31,-3061.04,2844.69,-0.995739,-1.10172,-0.0249888,5834.47,-4720.74,3868.9,-0.997603,-0.825523,-0.024994,1374.43,-1077.43,1047.39,-0.995697,-1.26437,-0.0250267,5258.69,-4090.78,3800.89,-0.997516,-1.07436,-0.0251013
2.659,192.017,2.73486,2.57174,-5.07582,2.31077,9.87432,0.858539,0.0412159,0.036077,0.317153,1,0,1,0,0.00856662,-0.030457,0.00300925,-0.000749513,0.144722,0.204287,0.054294,0.106011,4008.69,-2999.62,2838.63,-0.995578,-1.12122,-0.024284,5829.77,-4691.64,3892.08,-0.99757,-0.838237,-0.024284,1378.11,-1052.32,1034.96,-0.995551,-1.27916,-0.0243954,5274.42,-4084.53,3823.02,-0.99751,-1.08628,-0.0243877
2.669,192.073,2.73178,2.45215,-5.02838,2.20454,10.1153,0.854251,0.0414306,0.0359639,0.370707,1,0,1,0,0.00838414,-0.0304554,0.00301364,-0.000741376,0.144381,0.204272,0.0542133,0.106232,3998.84,-2944.81,2829.52,-0.995397,-1.14189,-0.0238762,5822.74,-4657.63,3917.15,-0.997539,-0.852844,-0.0238734,1382.98,-1031.82,1023.24,-0.995358,-1.29405,-0.0238108,5290.48,-4077.39,3846.11,-0.997448,-1.09905,-0.0238067
2.679,192.128,2.72838,2.33426,-4.97962,2.61601,9.67647,0.849999,0.0416337,0.0358452,0.386682,1,0,1,0,0.00821558,-0.0304751,0.00301675,-0.000729122,0.144038,0.20424,0.0541434,0.10645,3988.73,-2902.46,2817.81,-0.995237,-1.1621,-0.0232842,5817.03,-4628.61,3938.44,-0.997523,-0.865676,-0.0232865,1388.73,-1015.83,1013.85,-0.995118,-1.30907,-0.023293,5304.79,-4070.56,3866.94,-0.997358,-1.11076,-0.0232956
2.689,192.182,2.72465,2.21704,-4.92966,2.67122,9.74532,0.845422,0.0418254,0.0357222,0.43022,1,0,1,0,0.00798713,-0.0304108,0.00301581,-0.000729291,0.143693,0.20419,0.0540845,0.106667,3979.99,-2869.56,2806.35,-0.994924,-1.18306,-0.0229935,5811.06,-4597.63,3960.97,-0.997442,-0.87949,-0.0230606,1394.65,-1004.94,1006.69,-0.994972,-1.32421,-0.0229407,5318.11,-4063.51,3886.65,-0.997542,-1.12264,-0.023037
2.699,192.235,2.72059,2.1011,-4.87849,2.63413,9.85947,0.840889,0.0420065,0.0355964,0.438922,1,0,1,0,0.00778871,-0.0303846,0.00302305,-0.000720135,0.143347,0.204126,0.0540362,0.10688,3972.25,-2845.8,2795.87,-0.994574,-1.20498,-0.0236847,5804.71,-4563.99,3984.97,-0.99736,-0.894478,-0.0236803,1399.89,-999.233,1000.83,-0.994542,-1.33953,-0.0226548,5331.2,-4052.46,3907.23,-0.997283,-1.13559,-0.0226212
2.709,192.288,2.7162,1.98645,-4.82604,2.86469,9.64086,0.836543,0.042178,0.0354693,0.469216,1,0,1,0,0.00760387,-0.0303769,0.00302282,-0.00070836,0.143002,0.204047,0.0539971,0.107089,3965.07,-2830.3,2787.02,-0.994169,-1.22704,-0.0224574,5799.65,-4528.53,4009.56,-0.99727,-0.909031,-0.0224548,1404.11,-996.856,997.238,-0.994096,-1.35503,-0.0224905,5342.4,-4038.03,3924.01,-0.997161,-1.14801,-0.0222625
2.719,192.339,2.71147,1.8728,-4.77239,3.08404,9.41628,0.832469,0.0423415,0.0353423,0.486381,1,0,1,0,0.00743145,-0.0303793,0.00302579,-0.000701064,0.14266,0.203956,0.0539657,0.107292,3957.42,-2820.85,2778.44,-0.993629,-1.24954,-0.0225863,5796.33,-4487.93,4036.39,-0.997143,-0.923417,-0.0225705,1406.95,-997.113,994.881,-0.993552,-1.37082,-0.0226467,5352.24,-4019.33,3936.84,-0.997047,-1.16028,-0.0228548
2.729,192.389,2.70639,1.75995,-4.71754,2.90232,9.8303,0.82865,0.0424987,0.0352164,0.507401,1,0,1,0,0.0072353,-0.0303509,0.00302423,-0.000699925,0.142319,0.203855,0.0539397,0.10749,3951.4,-2814.41,2773.8,-0.992949,-1.27385,-0.022429,5792.28,-4433.53,4068.37,-0.996998,-0.940236,-0.0224296,1408.32,-997.96,993.907,-0.992872,-1.38687,-0.0226805,5362.9,-3993.56,3947.19,-0.996872,-1.17459,-0.0226344
2.739,192.439,2.70098,1.64874,-4.6615,3.40313,9.18185,0.825696,0.0426503,0.0350916,0.549694,1,0,1,0,0.00705787,-0.0303382,0.00302815,-0.000684655,0.141982,0.203745,0.0539181,0.107681,3943.78,-2809.97,2767.21,-0.992153,-1.29684,-0.0228258,5791.45,-4382.53,4096.3,-0.996837,-0.95361,-0.0228273,1408.63,-998.232,993.863,-0.992037,-1.40327,-0.022773,5370.52,-3968.66,3950.12,-0.996718,-1.18649,-0.0227719
2.749,192.487,2.69522,1.53833,-4.60437,3.34162,9.39691,0.823242,0.0427972,0.0349676,0.503424,1,0,1,0,0.00689287,-0.0303435,0.00302922,-0.000674736,0.141646,0.203627,0.0538993,0.107867,3937.35,-2805.39,2762.69,-0.991097,-1.32291,-0.0228091,5788.14,-4315.01,4128.28,-0.996657,-0.971126,-0.0229076,1408.09,-998.825,992.509,-0.991019,-1.41993,-0.0229114,5379.67,-3939.03,3949.82,-0.996528,-1.20066,-0.0230652
2.759,192.535,2.68912,1.42903,-4.54618,3.31043,9.5598,0.821503,0.0429385,0.0348436,0.523193,1,0,1,0,0.00670675,-0.0303202,0.00302992,-0.00067066,0.141313,0.203501,0.0538828,0.108047,3930.37,-2800.87,2757.34,-0.989851,-1.34914,-0.0227381,5785.73,-4249.06,4155.66,-0.996489,-0.987814,-0.0227363,1407.86,-997.838,993.167,-0.989756,-1.43699,-0.0228519,5388.15,-3909.5,3944.36,-0.996337,-1.21527,-0.0228555
2.769,192.581,2.68266,1.3208,-4.48702,3.37447,9.53997,0.820441,0.043073,0.0347187,0.527301,1,0,1,0,0.00650459,-0.0302688,0.00303092,-0.000663084,0.140982,0.203367,0.0538689,0.108222,3923.18,-2796.67,2751.36,-0.988224,-1.37601,-0.0227777,5782.71,-4186.37,4177.31,-0.996309,-1.00395,-0.0227378,1408.27,-996.523,995.068,-0.988113,-1.45436,-0.0227619,5395.35,-3885.09,3934.93,-0.99615,-1.2286,-0.0227085
2.779,192.627,2.67585,1.21359,-4.42694,3.49556,9.4087,0.82002,0.0431987,0.034592,0.580659,1,0,1,0,0.00631659,-0.0302362,0.00303134,-0.000656636,0.140652,0.203224,0.0538584,0.108391,3915.69,-2792.77,2744.65,-0.986114,-1.40318,-0.0227944,5779.52,-4130.2,4192.88,-0.99614,-1.01933,-0.0227952,1409.94,-995.192,998.756,-0.986147,-1.47212,-0.0226831,5401.57,-3865.41,3922.61,-0.996246,-1.24153,-0.0226747
2.789,192.672,2.66869,1.10822,-4.36591,3.96718,8.67457,0.820512,0.0433135,0.0344631,0.62409,1,0,1,0,0.00616533,-0.0302497,0.0030313,-0.000641842,0.140323,0.20307,0.0538528,0.108555,3908.29,-2789.07,2737.84,-0.9831,-1.43133,-0.0225121,5774.78,-4079.63,4201.93,-0.995954,-1.03534,-0.0225078,1412.99,-994.45,1003.79,-0.98254,-1.49029,-0.0225189,5406.48,-3848,3907.66,-0.995734,-1.25561,-0.0225118
2.799,192.715,2.66117,1.00259,-4.30418,4.10816,8.50286,0.820915,0.0434156,0.0343322,0.667479,1,0,1,0,0.00594045,-0.030163,0.00303161,-0.000645715,0.14,0.202905,0.053853,0.108715,3901.5,-2785.97,2731.31,-0.978255,-1.45977,-0.0224121,5769.5,-4038.61,4205.52,-0.995711,-1.05013,-0.0224173,1417.34,-994.353,1010.01,-0.977116,-1.50873,-0.0224793,5408.94,-3838.62,3891.81,-0.995522,-1.26695,-0.0224926
2.809,192.758,2.65329,0.898311,-4.24162,4.00105,8.84511,0.82178,0.0435034,0.0342,0.710154,1,0,1,0,0.00576113,-0.0301287,0.00303145,-0.000637742,0.13968,0.202727,0.0538601,0.108866,3896.68,-2782.78,2727.68,-0.968685,-1.49229,-0.0223263,5761.81,-4000.07,4203.7,-0.995459,-1.07014,-0.0223252,1422.81,-994.889,1017.15,-0.965397,-1.52761,-0.0224889,5414.23,-3826.73,3878.8,-0.994484,-1.28436,-0.0224872
2.819,192.8,2.64503,0.794342,-4.17837,3.71256,9.41823,0.822763,0.0435764,0.0340673,0.71215,1,0,1,0,0.00557778,-0.0300823,0.00303051,-0.00063425,0.139367,0.202537,0.0538746,0.10901,3893.15,-2780.37,2725.1,-0.942101,-1.52696,-0.0226257,5752.79,-3970.97,4196.59,-0.995081,-1.09148,-0.0226298,1428.73,-996.919,1023.43,-0.939477,-1.54675,-0.0225995,5416.49,-3821.07,3865.86,-0.994854,-1.30057,-0.0224772
2.829,192.841,2.63641,0.691614,-4.11429,4.13978,8.8048,0.824086,0.0436346,0.0339357,0.801373,1,0,1,0,0.00538419,-0.0300159,0.00302869,-0.000629709,0.139063,0.202336,0.0538961,0.109145,3888.74,-2779.2,2720,-0.781101,-1.5589,-0.0228846,5747.61,-3953.96,4191.04,-0.99473,-1.10854,-0.0228845,1435.1,-997.133,1032.1,-0.661111,-1.56639,-0.0229005,5414.96,-3819.64,3852.45,-0.994389,-1.31401,-0.0229255
2.839,192.881,2.6274,0.590417,-4.04851,4.38215,8.75237,0.823933,0.043686,0.0338052,0.923948,1,0,1,0,0.00526427,-0.0300382,0.00302838,-0.000618137,0.138771,0.202128,0.0539191,0.109274,3879.3,-2445.26,3011.59,1.11101,-1.54665,-0.0227187,5740.9,-3941.18,4183.17,-0.994275,-1.13097,-0.0227299,1442.08,-479.768,1359.93,1.10048,-1.55577,-0.0225946,5415.64,-3817.28,3846.67,-0.99391,-1.33089,-0.0222643
2.849,192.92,2.61807,0.496871,-3.97815,5.54523,7.24578,0.81819,0.0437991,0.0336567,0.544735,1,0,1,0,0.00507675,-0.029964,0.00302962,-0.000613763,0.138501,0.201929,0.053899,0.10944,3822.53,-1925.78,3301.98,1.04526,-1.51869,-0.0191434,5742.96,-3936.41,4185.49,-0.994722,-1.14589,-0.0191434,1459.62,417.571,1398.61,1.03879,-1.5366,-0.0191347,5433.08,-3813.67,3871.65,-0.994406,-1.34038,-0.0191347
2.859,192.959,2.6085,0.412462,-3.90533,5.39423,7.38631,0.807715,0.0440258,0.0334551,0.0540067,1,0,1,0,0.00490019,-0.0299196,0.00303334,-0.000607587,0.138207,0.201731,0.0538212,0.109664,3726.47,-1031.02,3465.68,1.01872,-1.48605,-0.0121653,5743.34,-3934.31,4184.84,-0.996188,-1.17452,-0.0121598,1485.82,822.081,1237.68,1.01842,-1.52272,-0.0121227,5496.3,-3811.11,3960.49,-0.995921,-1.35988,-0.0121713
2.869,192.996,2.59877,0.336639,-3.83221,5.744,6.46061,0.790827,0.044348,0.0331728,0.278365,1,0,1,0,0.00464858,-0.0298753,0.0030373,-0.000596003,0.137793,0.201512,0.053745,0.109952,3627.09,-162.188,3305.73,1.00565,-1.46238,-0.00285156,5734.58,-3932.1,4174.25,-0.998432,-1.19576,-0.00280835,1521.53,1011.6,1136.54,1.0041,-1.50859,-0.00267505,5587.64,-3831.69,4066.92,-0.998732,-1.37236,-0.00251043
2.879,193.032,2.58891,0.267735,-3.75902,5.95783,5.94889,0.766356,0.0447171,0.032797,0.443262,1,0,1,0,0.00429431,-0.0298315,0.00303869,-0.000579049,0.137201,0.201251,0.05372,0.11032,3537.77,548.558,3204.98,0.993216,-1.44283,0.00729842,5705.08,-3924.15,4141.13,-1.00218,-1.22096,0.00748124,1568.63,1087.82,1130.15,0.993726,-1.49695,0.00754195,5695.18,-3872.27,4176.2,-1.00247,-1.38608,0.00752172
2.889,193.068,2.57897,0.20447,-3.68531,6.0451,5.63617,0.734858,0.045098,0.0323318,0.54266,1,0,1,0,0.00384485,-0.0297697,0.00303659,-0.000560274,0.136452,0.200926,0.0537635,0.110779,3455.07,1111.88,3128.83,0.985606,-1.42768,0.0170383,5661.23,-3910.19,4093.9,-1.00621,-1.24834,0.017086,1626.56,1130.6,1169.38,0.98529,-1.48714,0.0171604,5806.23,-3925.18,4278.47,-1.00579,-1.40037,0.0169025
2.899,193.103,2.56897,0.146315,-3.61076,6.3895,5.20369,0.697982,0.0454689,0.0317915,0.527323,1,0,1,0,0.00330084,-0.0297276,0.00303136,-0.000531559,0.135575,0.200522,0.0538814,0.111325,3381.47,1514.45,3023.37,0.979605,-1.41627,0.0251666,5610.89,-3892.02,4041.57,-1.01048,-1.27681,0.0251665,1691.56,1166.58,1224.93,0.980196,-1.47847,0.025193,5911.4,-3983.61,4367.55,-1.01146,-1.41442,0.0251547
2.909,193.137,2.55893,0.0915626,-3.53642,6.18972,5.18158,0.653975,0.0458135,0.0311967,0.457114,1,0,1,0,0.00273317,-0.029548,0.00302048,-0.000519336,0.134584,0.200027,0.054069,0.111947,3328.25,1726.14,2845.65,0.975652,-1.4079,0.0313215,5559.52,-3871.4,3990.06,-1.01474,-1.30612,0.0313208,1758.55,1201.78,1283.83,0.97637,-1.47063,0.0313274,6003.63,-4042.05,4439.08,-1.01641,-1.42831,0.0313247
2.919,193.17,2.54883,0.0404019,-3.46181,6.3854,4.91084,0.606636,0.0461135,0.0305721,0.352746,1,0,1,0,0.00207479,-0.0294373,0.00300803,-0.000488607,0.133508,0.199444,0.0543221,0.112618,3294.64,1845.5,2729.24,0.973221,-1.40282,0.0351785,5511.29,-3850.68,3942.92,-1.01912,-1.33803,0.0351787,1823.24,1238.96,1337.61,0.974017,-1.46423,0.0351909,6076.16,-4094.81,4489.13,-1.02151,-1.44404,0.035189
2.929,193.203,2.53869,-0.00825249,-3.38739,6.27122,4.92141,0.555035,0.0463611,0.0299417,0.233946,1,0,1,0,0.00140578,-0.0292708,0.00299303,-0.00046171,0.132396,0.198781,0.0546246,0.113315,3274.33,1919.39,2652.78,0.972053,-1.40025,0.0369623,5469.87,-3830.88,3904.34,-1.02363,-1.37083,0.0369784,1880.84,1278.65,1379.36,0.972962,-1.45879,0.0370105,6126.6,-4138.46,4517.56,-1.02724,-1.4613,0.0370409
2.939,193.235,2.52849,-0.0541567,-3.31292,5.98517,5.00328,0.501271,0.0465569,0.0293255,0.110535,1,0,1,0,0.000727266,-0.0290946,0.00297684,-0.000432874,0.13129,0.198054,0.0549614,0.114013,3262.05,1962.79,2605.46,0.971658,-1.40127,0.0372347,5436.42,-3814.25,3873.78,-1.02922,-1.40714,0.0371888,1926.86,1318.77,1404.85,0.972525,-1.45565,0.0372221,6156.46,-4169.01,4530.05,-1.03544,-1.48268,0.0372615
2.949,193.265,2.51824,-0.0973711,-3.23841,6.18176,4.84485,0.446348,0.0467058,0.0287382,0.0206976,1,0,1,0,5.67095e-05,-0.0289134,0.00295771,-0.000410641,0.130214,0.197281,0.055316,0.114689,3257.4,2004.7,2567.45,0.972263,-1.40156,0.0363053,5413.1,-3800.09,3854.99,-1.03558,-1.4391,0.036301,1963.2,1353.64,1421.9,0.973228,-1.4507,0.0363359,6164.68,-4192.27,4519.76,-1.04514,-1.50039,0.0363295
2.959,193.296,2.50793,-0.138106,-3.16399,6.3803,4.72632,0.390483,0.0468143,0.0281889,0.0426211,1,0,1,0,-0.000604336,-0.0287521,0.00293827,-0.000387468,0.129185,0.19648,0.0556734,0.115322,3256.58,2037.28,2540.64,0.973133,-1.40341,0.0347745,5397.33,-3789.54,3843.25,-1.04516,-1.47118,0.0347216,1987.36,1381.1,1429.05,0.974195,-1.44646,0.0348132,6158.06,-4204.87,4498.97,-1.06178,-1.5194,0.0347808
2.969,193.325,2.49756,-0.176489,-3.09,6.23368,4.70026,0.333843,0.0468889,0.0276823,0.104742,1,0,1,0,-0.00121694,-0.0285341,0.00292189,-0.000361968,0.12821,0.195665,0.0560199,0.1159,3257.36,2062.17,2521.48,0.974362,-1.40728,0.0330723,5387.78,-3783.11,3836.19,-1.06518,-1.5042,0.0330544,1999.65,1402.09,1425.74,0.974922,-1.44412,0.0330825,6141.17,-4206.73,4474.08,-1.11106,-1.54246,0.0330812
2.979,193.354,2.48713,-0.212495,-3.01618,6.36013,4.55825,0.277543,0.0469346,0.0272188,0.143024,1,0,1,0,-0.00183702,-0.0283852,0.00290766,-0.000332576,0.127294,0.194848,0.0563467,0.116411,3259.5,2084.56,2505.78,0.974732,-1.41139,0.0314729,5383.16,-3779.78,3832.97,-1.11447,-1.53523,0.0314752,2003.95,1414.04,1419.97,0.975631,-1.44136,0.0314828,6115.22,-4202.62,4442.29,-1.54663,-1.56508,0.0314774
2.989,193.382,2.47664,-0.246422,-2.94274,6.14298,4.62323,0.220336,0.0469566,0.0267963,0.162989,1,0,1,0,-0.00240009,-0.0281892,0.00289194,-0.000317915,0.126433,0.194039,0.0566449,0.116852,3260.89,2101.64,2493.3,0.974713,-1.41753,0.0302466,5379.94,-3779.9,3828.33,-2.02572,-1.56702,0.0302451,2000.66,1420.52,1408.82,0.975753,-1.44043,0.0302502,6087.59,-3961.26,4622.47,0.847506,-1.55024,0.0302463
2.999,193.409,2.4661,-0.276125,-2.86778,6.71951,4.24128,0.163524,0.0469764,0.0264061,0.0746598,1,0,1,0,-0.00290618,-0.027928,0.00287874,-0.000308357,0.125608,0.193244,0.056907,0.117201,3258.84,2120.54,2474.53,0.972459,-1.42258,0.0304688,5381.77,-3575.14,4022.67,0.841328,-1.54791,0.0304386,1992.79,1421.18,1396.95,0.974781,-1.43769,0.0305767,6075.84,-3568.72,4917.32,0.92574,-1.5278,0.0301987
3.009,193.435,2.45557,-0.299434,-2.7894,7.40129,3.7378,0.110726,0.0470511,0.026026,0.241641,1,0,1,0,-0.00348435,-0.027759,0.00286948,-0.000289884,0.124774,0.192449,0.0571241,0.117475,3239.29,2138.47,2433.09,0.970307,-1.42965,0.0332274,5400.2,-3212.08,4341.05,0.912575,-1.523,0.0332641,1974.74,1419.7,1372.61,0.97175,-1.43723,0.0332437,6099.6,-3052.2,5281.03,0.944002,-1.50379,0.0332626
3.019,193.461,2.44511,-0.31563,-2.70762,7.81255,3.29324,0.0620535,0.0472452,0.0256261,0.763073,1,0,1,0,-0.00407513,-0.0275256,0.00286076,-0.000283811,0.123872,0.191653,0.0572881,0.117718,3192.9,2152.96,2357.83,0.963066,-1.43812,0.0388789,5431.69,-2771.09,4671.65,0.929958,-1.5012,0.038837,1945.48,1414.14,1336.08,0.964982,-1.43869,0.0388622,6167.71,-2461.53,5655.22,0.949434,-1.48034,0.0388668
3.029,193.485,2.4348,-0.324193,-2.62259,8.17457,2.81946,0.0185881,0.047596,0.0251773,1.39402,1,0,1,0,-0.00476553,-0.0273037,0.00285524,-0.000274459,0.122844,0.190863,0.0574006,0.117977,3120.46,2158.03,2253.92,0.9513,-1.44836,0.0469606,5466.92,-2285.49,4966.27,0.932833,-1.48262,0.0470189,1909.61,1400.67,1297.98,0.953956,-1.44288,0.0469645,6281.34,-1839.93,6005.82,0.948803,-1.45728,0.0470405
3.039,193.509,2.42471,-0.325445,-2.53503,8.54809,2.29307,-0.0201579,0.0481078,0.0246561,1.99885,1,0,1,0,-0.00555068,-0.0270546,0.00285068,-0.000267355,0.121643,0.19008,0.0574678,0.1183,3028.78,2150.53,2132.77,0.934655,-1.45875,0.0569034,5495.57,-1821.78,5184.82,0.928909,-1.46864,0.0569037,1876.21,1377.08,1274.29,0.938819,-1.44748,0.0569085,6429.1,-1308.71,6294.49,0.943802,-1.43853,0.0569077
3.049,193.532,2.4149,-0.320124,-2.44561,8.69588,1.82217,-0.0550887,0.0487542,0.0240481,2.48054,1,0,1,0,-0.00651316,-0.0268315,0.00284996,-0.000248299,0.120242,0.18929,0.0575034,0.118719,2926,2126.94,2009.38,0.909869,-1.47254,0.0676342,5509.67,-1364.27,5338.1,0.923109,-1.45672,0.0676544,1850.05,1351.89,1262.97,0.916387,-1.45698,0.0675993,6599,-777.138,6553.08,0.938705,-1.41833,0.067676
3.059,193.554,2.40543,-0.30902,-2.35472,9.0411,1.39223,-0.0866975,0.0494905,0.0233495,2.78948,1,0,1,0,-0.0076478,-0.026605,0.00284872,-0.000226233,0.11864,0.188474,0.0575235,0.119255,2822.73,2090.15,1897.12,0.876496,-1.48611,0.0783459,5504.23,-968.093,5418.43,0.915317,-1.44858,0.0780809,1839.63,1325.9,1275.24,0.887781,-1.4664,0.0781454,6772.85,-368.218,6762.84,0.931554,-1.40312,0.0782676
3.069,193.576,2.39635,-0.292959,-2.26286,9.27692,1.08246,-0.116267,0.0502656,0.0225654,2.90273,1,0,1,0,-0.00890394,-0.026344,0.00284761,-0.000200745,0.116853,0.187603,0.0575452,0.119907,2725.54,2043.98,1802.98,0.826698,-1.50141,0.0879045,5479.78,-608.455,5445.9,0.907343,-1.44248,0.0879055,1846.19,1306.16,1304.74,0.848382,-1.47818,0.0878881,6938.37,-13.464,6938.36,0.92419,-1.38971,0.0879093
3.079,193.596,2.38769,-0.272454,-2.1704,9.43718,0.717798,-0.144567,0.0510316,0.0217074,2.85404,1,0,1,0,-0.0102752,-0.0260531,0.00284333,-0.000178678,0.114912,0.186651,0.0575851,0.120663,2638.6,1994.7,1727.25,0.742763,-1.51841,0.0961643,5438.36,-284.858,5401.18,0.899588,-1.43818,0.0961632,1867.93,1296.1,1345.1,0.786799,-1.4937,0.0961861,7085.49,311.654,7078.63,0.917416,-1.37672,0.096186
3.089,193.616,2.37948,-0.248128,-2.07779,9.54493,0.475566,-0.172101,0.0517462,0.0207916,2.64442,1,0,1,0,-0.0117939,-0.0257342,0.002842,-0.000138079,0.11286,0.185598,0.0576599,0.121495,2565.17,1946.57,1670.61,0.551821,-1.53783,0.102703,5381.61,-0.0654642,5297.89,0.89215,-1.43543,0.102742,1903.16,1293.73,1395.82,0.674556,-1.51287,0.102719,7207.56,600.137,7182.53,0.911008,-1.3647,0.102732
3.099,193.635,2.37175,-0.220173,-1.98539,9.54107,-0.0518248,-0.199847,0.0523764,0.019835,2.2966,1,0,1,0,-0.0133488,-0.0253706,0.00283514,-0.000104458,0.110735,0.184431,0.0577781,0.122374,2504.27,1855.67,1681.62,-0.689817,-1.56144,0.107631,5314.8,246.036,5191.29,0.885581,-1.43413,0.107616,1947.28,1297.23,1452.27,0.309852,-1.54001,0.107577,7301.14,880.563,7247.84,0.906135,-1.35106,0.107591
3.109,193.653,2.36452,-0.190336,-1.89217,9.77595,0.240721,-0.224871,0.0529089,0.0188577,1.98175,1,0,1,0,-0.0150018,-0.0249615,0.00282867,-6.69352e-05,0.108602,0.183144,0.0579422,0.12327,2445.24,1583.18,1863.53,-2.30682,-1.55807,0.109953,5245.59,461.065,5094.65,0.879988,-1.43379,0.109939,1997.22,1167.49,1620.45,-4.56301,-1.56657,0.109964,7364.94,1095.4,7283.03,0.900564,-1.34138,0.109962
3.119,193.67,2.3578,-0.160604,-1.79711,9.92578,0.267587,-0.246242,0.0533698,0.0178881,1.78584,1,0,1,0,-0.0165915,-0.024515,0.00281698,-3.40257e-05,0.106516,0.18176,0.0581503,0.124158,2377.16,1166.24,2071.42,-1.46681,-1.53439,0.108963,5189.04,640.748,5034.64,0.876346,-1.43465,0.108963,2023.29,858.182,1832.27,-1.86353,-1.54147,0.108954,7405.53,1308.75,7288.97,0.898249,-1.32973,0.108954
3.129,193.686,2.35158,-0.133597,-1.70037,9.91589,0.887182,-0.26161,0.0537968,0.0169602,1.68376,1,0,1,0,-0.0182036,-0.0240271,0.00280713,2.62086e-06,0.104475,0.18031,0.0583896,0.125009,2321.52,608.219,2073.65,-1.298,-1.51416,0.104141,5158.27,811.372,5026.64,0.876784,-1.43501,0.104141,2017.24,510.883,1951.47,-1.44318,-1.5112,0.104136,7425.7,1484.62,7275.77,0.897727,-1.32056,0.104126
3.139,193.702,2.34582,-0.109795,-1.6031,9.85282,1.1796,-0.270558,0.0542038,0.0161066,1.60903,1,0,1,0,-0.0198051,-0.0235259,0.00279411,3.17031e-05,0.102453,0.17883,0.0586268,0.125794,2293.21,142.71,2133.8,-1.21756,-1.49609,0.0960387,5155.13,968.894,5061.63,0.881087,-1.43509,0.0960381,1977.86,148.38,1927.99,-1.30199,-1.48289,0.0960424,7422.44,1640.76,7238.82,0.900369,-1.3128,0.0960629
3.149,193.716,2.34049,-0.089309,-1.50613,9.69702,1.37906,-0.271384,0.0545806,0.0153507,1.47722,1,0,1,0,-0.0213899,-0.0230088,0.00278454,5.959e-05,0.100504,0.177356,0.0588285,0.126487,2281,-203.243,2198.77,-1.16979,-1.48092,0.0857589,5171.97,1077.96,5058.39,0.886602,-1.43694,0.0857574,1915.21,-182.389,1792.21,-1.22275,-1.4552,0.0857461,7392.51,1776.3,7175.93,0.905287,-1.30712,0.0857447
3.159,193.73,2.33557,-0.0713302,-1.40996,9.55996,1.57371,-0.265145,0.0548994,0.0147016,1.23125,1,0,1,0,-0.0229052,-0.0225096,0.00277722,8.31603e-05,0.098673,0.17592,0.0589685,0.127065,2284.22,-439.789,2241.48,-1.13798,-1.46862,0.0748199,5194.67,1166.01,5062.12,0.893104,-1.43946,0.0747434,1845.12,-414.472,1677.71,-1.1767,-1.43317,0.0747842,7334.62,1874.88,7090.94,0.910584,-1.30683,0.0747816
3.169,193.743,2.33103,-0.0551995,-1.3149,9.34256,1.73383,-0.25372,0.0551337,0.0141548,0.891177,1,0,1,0,-0.0243259,-0.0219966,0.0027741,0.000101696,0.096978,0.174536,0.0590399,0.127514,2306.43,-587.667,2230.31,-1.11475,-1.45784,0.0645136,5215.93,1243.59,5065.51,0.89994,-1.44162,0.0645135,1778.19,-569.775,1596.02,-1.14672,-1.41652,0.0645197,7253.26,1937.06,6989.82,0.914594,-1.31246,0.0645174
3.179,193.755,2.32688,-0.0403534,-1.22086,9.27392,1.73249,-0.238243,0.055264,0.0136962,0.493199,1,0,1,0,-0.0256473,-0.0214943,0.00277346,0.000113682,0.0954277,0.173201,0.0590486,0.127824,2341.25,-679.662,2240.43,-1.09871,-1.44948,0.0556234,5229.52,1272.76,5072.28,0.902115,-1.44854,0.055621,1721.75,-696.374,1549.39,-1.1233,-1.40015,0.0556213,7156.88,1981.02,6877.25,0.918169,-1.32031,0.0556256
3.189,193.766,2.32309,-0.0266863,-1.12767,9.20721,1.75883,-0.219606,0.0552858,0.0133082,0.0914204,1,0,1,0,-0.0268573,-0.0210164,0.00277506,0.000120172,0.094038,0.171904,0.0590075,0.127995,2377.54,-753.738,2254.9,-1.08731,-1.44193,0.0483712,5234.37,1287.09,5073.66,0.90144,-1.45652,0.0483711,1680.51,-760.078,1498.8,-1.10775,-1.38775,0.0483745,7053.5,1997.42,6764.77,0.918945,-1.3332,0.0483745
3.199,193.777,2.31966,-0.0140524,-1.03544,9.06193,1.82852,-0.198581,0.0552056,0.0129721,0.282385,1,0,1,0,-0.0279347,-0.0205303,0.00277906,0.00012313,0.0928076,0.170636,0.0589309,0.128033,2409.79,-822.251,2265.17,-1.07912,-1.43394,0.0427457,5231.44,1300.5,5067.21,0.899274,-1.46307,0.0428014,1656.45,-783.823,1459.26,-1.09806,-1.37905,0.0427063,6951.45,1986.8,6661.48,0.915559,-1.35272,0.0429558
3.209,193.786,2.31661,-0.00240251,-0.943994,8.98173,1.87974,-0.175876,0.0550375,0.0126715,0.573969,1,0,1,0,-0.0288756,-0.020014,0.00278381,0.000119108,0.0917216,0.169383,0.0588357,0.127953,2437.37,-867.854,2277.63,-1.07561,-1.42857,0.0386034,5222.7,1269.6,5066.04,0.885904,-1.47613,0.0386086,1646.75,-797.564,1440.73,-1.09231,-1.37204,0.0386124,6857.48,1964.75,6569.99,0.908103,-1.37474,0.038614
3.219,193.795,2.31391,0.00820439,-0.853049,8.90561,1.95671,-0.151791,0.0548028,0.0123932,0.823046,1,0,1,0,-0.029755,-0.019545,0.00278863,0.000111473,0.0907596,0.168142,0.0587376,0.127775,2456.69,-914.363,2280.19,-1.07358,-1.42148,0.0354555,5212.48,1242.26,5062.29,0.867412,-1.48743,0.0354552,1647.42,-805.276,1437.2,-1.09022,-1.3679,0.0354464,6775.75,1924.82,6496.6,0.892678,-1.40285,0.0354918
3.229,193.803,2.31158,0.0177093,-0.762563,8.82796,2.00658,-0.127456,0.0545265,0.0121287,0.966083,1,0,1,0,-0.0305249,-0.0190307,0.00279278,9.99529e-05,0.0898957,0.16691,0.0586478,0.127519,2468.6,-948.051,2279.29,-1.07402,-1.4152,0.0330271,5203.7,1191.05,5065.56,0.827738,-1.50333,0.0330271,1653.76,-811.628,1440.89,-1.09088,-1.36583,0.0330097,6709.5,1873.55,6442.61,0.864045,-1.43548,0.0330097
3.239,193.81,2.30959,0.026038,-0.67229,8.78608,2.09296,-0.102873,0.0542327,0.0118729,1.02119,1,0,1,0,-0.0312306,-0.0185236,0.00279666,8.88314e-05,0.089108,0.165693,0.0585714,0.127211,2474.2,-969.478,2276.35,-1.07676,-1.40968,0.0308881,5199.62,1123.52,5076.79,0.734416,-1.52363,0.0308871,1661.74,-817.447,1446.77,-1.09375,-1.36535,0.0308824,6658.92,1814.09,6407.06,0.806354,-1.47246,0.0308816
3.249,193.816,2.30796,0.0331748,-0.582087,8.7505,2.18853,-0.0784591,0.0539431,0.0116242,0.999353,1,0,1,0,-0.0319071,-0.0180322,0.00279938,7.46288e-05,0.0883771,0.164499,0.0585086,0.126871,2473.77,-985.323,2269.07,-1.08031,-1.40229,0.0288268,5202.38,1049.08,5095.51,0.406507,-1.54759,0.0288273,1668.36,-821.152,1452.29,-1.09853,-1.3668,0.0288349,6623.03,1744.71,6389.09,0.635529,-1.51611,0.0288349
3.259,193.821,2.30666,0.0390726,-0.491849,8.74898,2.3208,-0.0546182,0.0536747,0.011383,0.919893,1,0,1,0,-0.0325322,-0.0175305,0.00280248,6.24645e-05,0.0876872,0.163338,0.0584561,0.126518,2470.08,-985.826,2264.82,-1.08732,-1.39705,0.0266741,5212.41,926.011,5129.5,-2.29367,-1.55879,0.0266843,1671.48,-822.402,1455.16,-1.1053,-1.36941,0.0266766,6600.52,1653.67,6390.01,-2.93656,-1.56546,0.0266972
3.269,193.826,2.30569,0.043341,-0.401335,8.72934,2.50466,-0.0318318,0.0534406,0.0111527,0.795635,1,0,1,0,-0.0331431,-0.0170483,0.00280469,4.6582e-05,0.0870296,0.162223,0.0584067,0.126168,2462.92,-980.231,2259.45,-1.09547,-1.38919,0.024154,5231.67,785.586,5172.35,-1.29766,-1.51078,0.0241542,1669.57,-818.95,1454.92,-1.11382,-1.37399,0.0241458,6587.29,1516.15,6410.43,-1.42477,-1.5187,0.0241342
3.279,193.829,2.30504,0.0459156,-0.310478,8.70163,2.634,-0.0104928,0.0532498,0.0109381,0.643727,1,0,1,0,-0.0337252,-0.0165835,0.00280737,3.43606e-05,0.0863989,0.161164,0.0583525,0.125834,2454.12,-967.295,2255.45,-1.10548,-1.37676,0.0211965,5259.82,652.216,5219.22,-1.16498,-1.44169,0.0211966,1661.33,-809.275,1450.9,-1.12553,-1.38167,0.0211935,6579.8,1361.86,6437.32,-1.18044,-1.44162,0.0212007
3.289,193.832,2.30469,0.0468209,-0.219275,8.69202,2.795,0.00944837,0.053105,0.0107442,0.483385,1,0,1,0,-0.0342884,-0.0161426,0.00281057,2.16437e-05,0.0857952,0.160176,0.0582866,0.125522,2445.39,-945.349,2255.27,-1.12155,-1.35536,0.0179255,5294.47,513.609,5226.29,-1.10636,-1.31184,0.0179346,1646.96,-793.088,1443.42,-1.14357,-1.39273,0.0178602,6575.75,1207.19,6464,-1.10618,-1.33821,0.0178761
3.299,193.834,2.30462,0.0462574,-0.12796,8.64936,2.92026,0.0274617,0.0530008,0.0105746,0.352772,1,0,1,0,-0.0348283,-0.0157355,0.00281454,9.24924e-06,0.0852234,0.159273,0.0582046,0.125233,2437.89,-913.397,2260.32,-1.15909,-1.30318,0.014368,5330.25,374.413,5226.06,-1.07127,-0.960887,0.0143673,1628.55,-770.52,1434.74,-1.17928,-1.40992,0.0143544,6572.15,1060.45,6486.03,-1.06878,-1.18628,0.0143542
3.309,193.835,2.30482,0.0443833,-0.0365324,8.61277,3.0375,0.0434305,0.052928,0.010432,0.240018,1,0,1,0,-0.0353311,-0.0153885,0.00281956,-1.1632e-06,0.0846902,0.158477,0.058103,0.124966,2432.89,-873.213,2270.78,-1.30175,-0.031828,0.0106952,5356.61,240.68,5074.73,-1.04598,0.180243,0.0106942,1608.23,-741.844,1426.91,-1.27855,-1.44115,0.0106738,6566.74,925.761,6501.15,-1.04599,-0.922421,0.0106735
3.319,193.835,2.30528,0.0409688,0.0503686,7.66016,2.83435,0.0497545,0.0528481,0.0103199,0.36266,1,0,1,0,-0.0358382,-0.0151051,0.0028236,-1.34892e-05,0.0841587,0.157862,0.0579994,0.124695,2478.01,-958.368,1448.35,-4.01896,1.56557,0.00723647,5324.95,135.968,3982.34,-1.03117,0.953306,0.00723623,1590.54,-714.291,1421.13,-1.85492,-1.46232,0.00723946,6555.06,809.501,6504.89,-1.02932,-0.337356,0.00723754
3.329,193.834,2.30593,0.0364238,0.126063,6.55083,2.61419,0.0374211,0.0525836,0.0102356,1.21985,1,0,1,0,-0.0364837,-0.0149167,0.00282588,-2.62885e-05,0.0834713,0.157457,0.0579681,0.12435,2669.96,-982.81,773.511,-12.7485,1.56976,0.00539801,5196.32,123.969,3156.69,-1.02796,1.20201,0.00539944,1610.15,-836.66,998.332,-1.30409,1.47067,0.00536598,6505.85,850.468,6283.97,-1.02571,0.678993,0.00536761
3.339,193.833,2.30672,0.0313571,0.186001,4.73785,2.20435,0.0236496,0.0519061,0.0101733,2.94342,1,0,1,0,-0.0370681,-0.0147111,0.00282178,-4.28385e-05,0.0828721,0.157026,0.0580574,0.123897,2922.16,-1014.23,256.453,-1.42909,1.55319,0.00426492,5012.21,139.49,2463.75,-1.02931,1.33537,0.00426496,1720.19,-849.741,160.802,-1.15128,1.49918,0.00427355,6368.13,876.539,5322.37,-1.02668,1.17731,0.00429147
3.349,193.831,2.30758,0.0263796,0.229262,3.35684,1.57068,0.0139229,0.0505749,0.0101234,5.4524,1,0,1,0,-0.0373179,-0.0143984,0.00280708,-6.67041e-05,0.0826138,0.156359,0.0583361,0.1233,3228.12,-1044.17,-162.853,-1.21416,1.54386,0.00398926,4759.88,152.034,1836.65,-1.03533,1.41395,0.00396189,1945.77,-863.746,-357.639,-1.11318,1.50739,0.00397013,6113.96,869.405,4493.77,-1.02899,1.32419,0.00399614
3.359,193.829,2.30846,0.021246,0.2592,2.18741,1.24804,0.00624896,0.0484972,0.0100773,8.17066,1,0,1,0,-0.0371079,-0.0139168,0.00278044,-0.000100204,0.0828218,0.155347,0.0588916,0.122479,3566.73,-1061.07,-519.867,-1.27087,1.55009,0.00436206,4458.35,163.822,1286.8,-1.05398,1.46525,0.00436545,2264.94,-857.03,-695.277,-1.21673,1.54062,0.00436162,5776.28,876.378,3768.59,-1.03994,1.40442,0.00436252
3.369,193.827,2.30933,0.0159876,0.278154,1.22049,0.985866,-1.25423e-05,0.0457182,0.0100279,10.615,1,0,1,0,-0.0364258,-0.0132323,0.00273701,-0.000144027,0.0835484,0.153924,0.0597843,0.121374,3903.98,-1079.69,-816.392,-1.31369,1.55064,0.00533443,4140.61,181.418,811.711,-1.10105,1.50542,0.00513565,2639.35,-850.979,-939.901,-1.60732,1.55903,0.00476458,5393.86,875.726,3120.42,-1.05996,1.44877,0.0056664
3.379,193.825,2.31015,0.0109238,0.287683,0.38947,0.616837,-0.00527718,0.0423713,0.00997026,12.517,1,0,1,0,-0.0352487,-0.0123226,0.00267674,-0.000200649,0.0847774,0.152079,0.0610316,0.119963,4213.54,-1096.7,-1068.58,-1.36584,1.55021,0.00648338,3837.67,204.764,412.172,-1.25846,1.53949,0.00646522,3031.68,-839.127,-1140.97,-0.481063,1.56513,0.00651447,5004.82,878.212,2548.79,-1.09588,1.48062,0.00642633
3.389,193.823,2.31092,0.00599201,0.289251,-0.312914,0.356217,-0.00919984,0.0386337,0.00990149,13.7574,1,0,1,0,-0.033685,-0.0111995,0.00260073,-0.000268673,0.0864444,0.149852,0.0626123,0.118265,4476.99,-1104.12,-1284.18,-1.59534,1.55571,0.00779057,3572.43,229.115,86.4297,-3.54338,1.56693,0.00778948,3410.01,-806.675,-1314.81,0.621502,1.54416,0.00778964,4640.92,881.144,2057.73,-1.15282,1.50393,0.00778561
3.399,193.821,2.31163,0.00133592,0.284187,-0.853022,0.206245,-0.0117163,0.0346927,0.00982046,14.3209,1,0,1,0,-0.0318385,-0.00989181,0.00251314,-0.000344653,0.0884506,0.147318,0.0644736,0.116327,4684.63,-1104.27,-1465.99,-2.76186,1.56475,0.0090708,3358.21,252.309,-170.997,0.352301,1.55257,0.00907006,3750.66,-756.774,-1466.14,0.785487,1.51596,0.00907271,4324.2,877.399,1648.42,-1.22971,1.51748,0.00907115
3.409,193.819,2.31228,-0.00289533,0.273668,-1.33891,-0.0288724,-0.0132818,0.0307215,0.00972751,14.2845,1,0,1,0,-0.0298186,-0.00843485,0.00241655,-0.000428392,0.0906828,0.144579,0.0665439,0.114219,4832.71,-1107.71,-1611.06,-5.18762,1.56782,0.0101929,3200.41,280.33,-362.994,0.675998,1.52812,0.0101965,4036.99,-729.125,-1589.2,0.797988,1.50279,0.0102114,4068.21,890.338,1331.44,-1.43515,1.5379,0.0102143
3.419,193.817,2.31285,-0.00672798,0.258965,-1.62348,-0.14883,-0.013648,0.0268637,0.00962419,13.758,1,0,1,0,-0.0277404,-0.00687955,0.00231666,-0.000516239,0.093029,0.141739,0.0687445,0.112014,4926.68,-1098.81,-1730.17,-0.553918,1.5616,0.0111487,3096.96,301.864,-508.793,0.731625,1.51178,0.0110804,4264.87,-678.987,-1693.05,0.835404,1.4751,0.0111655,3875.9,887.549,1083.97,-1.63716,1.54496,0.0110411
3.429,193.815,2.31335,-0.0100713,0.240972,-1.91994,-0.317358,-0.0135762,0.0232258,0.00951273,12.8853,1,0,1,0,-0.0256875,-0.00527072,0.00221323,-0.000603194,0.0953884,0.138896,0.070998,0.109788,4972.7,-1095.17,-1820.32,-0.140821,1.55654,0.0117605,3041.91,330.192,-610.379,0.778194,1.49021,0.0117606,4433.13,-649.613,-1771.83,0.836855,1.46091,0.0117628,3745.47,907.78,912.65,-5.13471,1.56626,0.0117584
3.439,193.814,2.31379,-0.0129165,0.220661,-2.05978,-0.415631,-0.0128306,0.0198757,0.00939566,11.8047,1,0,1,0,-0.0237329,-0.00365953,0.00211267,-0.0006895,0.0976801,0.136132,0.073236,0.107607,4981.44,-1071.62,-1887.73,0.424676,1.53895,0.0121244,3024.84,350.968,-683.428,0.789816,1.47609,0.0121262,4550,-601.504,-1834.48,0.856035,1.43092,0.0121325,3667.34,906.127,786.834,-19.3926,1.56965,0.0121229
3.449,193.812,2.31415,-0.0152094,0.198679,-2.1922,-0.515443,-0.0119114,0.0168451,0.00927532,10.6342,1,0,1,0,-0.0219287,-0.00209635,0.00201733,-0.00077163,0.0998457,0.133508,0.075404,0.105522,4963.1,-1057.65,-1933.06,0.505,1.52901,0.0123127,3036.63,377.632,-729.789,0.810164,1.45395,0.0123112,4622.94,-574.838,-1876.18,0.854026,1.41508,0.0123079,3632.27,931.246,712.884,0.00430008,1.54693,0.0123156
3.459,193.811,2.31444,-0.0169854,0.175579,-2.26831,-0.595434,-0.0110421,0.014138,0.0091541,9.47706,1,0,1,0,-0.0202784,-0.00058586,0.00192654,-0.000850892,0.101848,0.131066,0.0774608,0.103571,4927.73,-1034.65,-1961.64,0.611759,1.51073,0.0122565,3065.81,397.642,-760.036,0.815906,1.43703,0.0122616,4663.83,-535.11,-1904.21,0.864336,1.38285,0.0122561,3627.31,934.354,662.991,0.149091,1.53951,0.0122556
3.469,193.81,2.31466,-0.0182357,0.151921,-2.2802,-0.651824,-0.0100478,0.0117379,0.00903414,8.39086,1,0,1,0,-0.0188088,0.000818728,0.00184356,-0.000921846,0.103671,0.128827,0.0793815,0.101777,4883.07,-1014.54,-1973.95,0.662855,1.49242,0.0120067,3105.26,419.444,-771.869,0.825566,1.41291,0.0120066,4681.47,-509.146,-1916.75,0.864695,1.35761,0.0120056,3642.6,947.703,645.593,0.478501,1.51308,0.012006
3.479,193.809,2.31481,-0.0190083,0.128053,-2.2681,-0.691797,-0.00923226,0.00961687,0.0089173,7.4089,1,0,1,0,-0.0175107,0.0021128,0.00176883,-0.000986457,0.105311,0.126795,0.0811527,0.100148,4835.35,-996.192,-1973.01,0.694466,1.4716,0.0115765,3148.96,441.513,-767.923,0.836098,1.38007,0.0115999,4684.5,-485.313,-1916.93,0.865059,1.326,0.011529,3669.05,961.332,650.673,0.61837,1.48047,0.0116927
3.489,193.808,2.31489,-0.0193494,0.104326,-2.26737,-0.705701,-0.00864069,0.00774319,0.00880513,6.545,1,0,1,0,-0.0163608,0.00331305,0.00169916,-0.00104509,0.106776,0.124962,0.0827708,0.0986843,4788.32,-982.548,-1959.66,0.703632,1.45037,0.0109985,3193.3,464.031,-749.579,0.848328,1.33198,0.0110808,4678.99,-468.257,-1905.41,0.860447,1.29113,0.0110415,3700.42,979.535,677.293,0.728309,1.4242,0.0110402
3.499,193.808,2.31492,-0.0192227,0.0811355,-2.08279,-0.79931,-0.00798294,0.00608652,0.00869881,5.78874,1,0,1,0,-0.0153514,0.00440554,0.00163645,-0.00109745,0.10808,0.123316,0.084239,0.0973777,4743.46,-957.078,-1935.15,0.753261,1.39384,0.0105084,3235.73,472.623,-723.549,0.841717,1.29913,0.0103089,4670.15,-426.828,-1888.39,0.880285,1.19041,0.0114485,3730.98,966.049,709.206,0.567683,1.45905,0.0082834
3.509,193.807,2.31488,-0.0187991,0.0586645,-2.0544,-0.753458,-0.00775669,0.00462153,0.00859919,5.12219,1,0,1,0,-0.0144606,0.00540304,0.00158143,-0.00114456,0.109242,0.12184,0.0855642,0.096217,4700.36,-949.139,-1903.93,0.748625,1.34635,0.00969527,3278.2,495.322,-678.639,0.857893,1.18803,0.00966736,4657.31,-420.556,-1857.75,0.872885,1.11203,0.00968447,3762.87,989.081,772.801,0.730264,1.33902,0.0096735
3.519,193.807,2.31479,-0.0180572,0.0372377,-1.9786,-0.724652,-0.00755458,0.00332891,0.00850692,4.51269,1,0,1,0,-0.0136652,0.00632323,0.0015308,-0.00118836,0.110279,0.120518,0.0867547,0.0951901,4656.82,-939.291,-1863.03,0.752614,1.23683,0.00889563,3320.21,509.682,-626.011,0.863621,1.02478,0.00889521,4642.85,-407.582,-1820.3,0.872523,0.938794,0.00889974,3792.85,999.92,847.046,0.763836,1.19186,0.00889693
3.529,193.807,2.31466,-0.0169815,0.0171358,-1.80391,-0.726837,-0.00689469,0.00219403,0.00842277,3.9568,1,0,1,0,-0.0129416,0.0071487,0.00148679,-0.00122443,0.111217,0.11933,0.0878194,0.0942836,4607.02,-924.307,-1819.92,0.778286,0.917501,0.00802618,3364.91,518.919,-566.409,0.864646,0.713159,0.00803183,4626.51,-390.64,-1775.78,0.879124,0.545438,0.00803265,3821.6,1002,934.79,0.750976,0.904097,0.00800083
3.539,193.807,2.31448,-0.0156578,-0.00140463,-1.62259,-0.692544,-0.00548884,0.00120267,0.00834849,3.4545,1,0,1,0,-0.0122959,0.00787816,0.0014477,-0.00125413,0.112108,0.118255,0.0887665,0.0934856,4535.99,-921.571,-1768.5,0.770711,-0.100387,0.00699585,3418.47,531.959,-498.835,0.877045,0.00249262,0.00699821,4607.8,-380.859,-1698.01,0.883416,-0.257056,0.00702058,3849.41,1012.59,1036.27,0.792292,-0.418604,0.00694105
3.549,193.807,2.31427,-0.014149,-0.017841,-1.36145,-0.648959,-0.00585262,0.000363487,0.00828177,2.87865,1,0,1,0,-0.0117729,0.00853225,0.0014129,-0.00128279,0.112813,0.117334,0.0896037,0.0927939,4517.8,-910.223,-1619.8,0.786829,-1.10945,0.00627929,3454.82,537.767,-386.39,0.876007,-0.796384,0.00627909,4580.49,-373.464,-1585.92,0.882419,-0.810034,0.00628342,3881.81,1013.7,1094.8,0.777046,-1.09238,0.00628327
3.559,193.807,2.31403,-0.0125308,-0.0318338,-1.17154,-0.564935,-0.00472093,-0.000318742,0.00822403,2.32094,1,0,1,0,-0.0113039,0.00910748,0.00138161,-0.0013061,0.113448,0.116527,0.0903332,0.0922048,4453.24,-908.956,-1500.21,0.779314,-1.31802,0.00531017,3515.2,545.259,-287.775,0.883581,-1.08824,0.00547172,4545.23,-369.868,-1455.4,0.882907,-1.12445,0.00592812,3918.03,1021.69,1164.43,0.810256,-1.28395,0.00409527
3.569,193.808,2.31378,-0.0107831,-0.0433106,-1.0098,-0.476515,-0.00289133,-0.000839048,0.00817445,1.72607,1,0,1,0,-0.0108874,0.00961467,0.00135814,-0.00132749,0.114016,0.115821,0.0909534,0.0917186,4384.13,-912.299,-1377.65,0.73308,-1.43315,0.0046127,3584.09,553.082,-190.239,0.89467,-1.21904,0.00461539,4501.05,-367.782,-1317.56,0.880438,-1.28582,0.00461237,3960.98,1031.35,1238.58,0.851749,-1.34624,0.00461275
3.579,193.808,2.31352,-0.00892554,-0.0523073,-0.654097,-0.439525,-0.000792828,-0.00119757,0.00813225,1.15402,1,0,1,0,-0.0105494,0.0100332,0.0013372,-0.00134217,0.114479,0.11524,0.0914673,0.0913308,4318.15,-888.214,-1278.69,0.836349,-1.40308,0.00390324,3651.36,537.946,-112.504,0.856855,-1.37321,0.00390612,4448.95,-354.907,-1189.16,0.897956,-1.33653,0.00390555,4009.49,1016.8,1305.98,0.735732,-1.47753,0.0039091
3.589,193.809,2.31326,-0.00708686,-0.0590557,-0.524737,-0.357071,0.000945214,-0.00140338,0.00809676,0.589365,1,0,1,0,-0.0103049,0.0103469,0.00132069,-0.001355,0.11483,0.114792,0.0918768,0.0910385,4251.99,-889.126,-1166.67,0.823819,-1.45506,0.00326086,3719.06,538.026,-27.058,0.85712,-1.42362,0.0032604,4391.02,-351.657,-1060.86,0.901055,-1.39202,0.00320328,4063.47,1014.82,1374.01,0.68469,-1.51341,0.00341296
3.599,193.809,2.31301,-0.00524186,-0.0636353,-0.31034,-0.298884,0.0025289,-0.00147175,0.00806735,0.13579,1,0,1,0,-0.0101214,0.0105875,0.00130794,-0.0013635,0.115074,0.114472,0.0921859,0.0908371,4192.11,-877.905,-1082.44,0.861409,-1.45292,0.00268342,3781.57,524.37,39.4148,0.751154,-1.50293,0.00268756,4330.68,-346.611,-945.298,0.909022,-1.42179,0.00268552,4119.49,1004.74,1436,-0.63459,-1.5624,0.00268226
3.609,193.81,2.31277,-0.00342244,-0.0661956,-0.029906,-0.264311,0.00400898,-0.0014223,0.00804349,0.273695,1,0,1,0,-0.00999762,0.010757,0.00129896,-0.00136869,0.115219,0.114269,0.092401,0.0907208,4137.16,-859.569,-1007.5,0.910246,-1.42602,0.00215906,3839.13,500.717,96.8271,-1.53307,-1.54576,0.00215909,4270.63,-343.784,-841.993,0.916178,-1.44557,0.00215604,4174.7,980.132,1491.7,-1.21304,-1.52081,0.00215541
3.619,193.811,2.31255,-0.00173555,-0.0669773,0.0998236,-0.173507,0.00518814,-0.00127718,0.00802485,0.599434,1,0,1,0,-0.00998289,0.0107962,0.0012939,-0.00136928,0.115279,0.11417,0.0925312,0.0906808,4087.17,-868.852,-928.995,0.896145,-1.47569,0.00162461,3892.51,497.183,158.89,-1.29879,-1.53733,0.00165659,4213.13,-346.937,-745.31,0.915563,-1.47711,0.00163239,4228.21,982.765,1545.42,-1.20035,-1.53113,0.00166313
3.629,193.811,2.31235,-0.000228101,-0.0662506,0.185206,-0.0922453,0.00585404,-0.00105848,0.00801134,0.844192,1,0,1,0,-0.00998917,0.0108058,0.00128976,-0.00136864,0.115265,0.114162,0.0925864,0.0907075,4044.86,-870.541,-863.679,0.902611,-1.4981,0.00110188,3938.66,485.415,210.205,-1.1121,-1.50885,0.00115105,4160.32,-349.178,-660.946,0.912648,-1.49906,0.00113381,4276.71,974.423,1590.83,-1.06946,-1.5172,0.00110695
3.639,193.812,2.31217,0.00112852,-0.0641721,0.273115,-0.0482628,0.00629724,-0.000787732,0.00800293,1.01496,1,0,1,0,-0.0100381,0.0107594,0.0012923,-0.00136508,0.115195,0.114229,0.0925782,0.0907894,4010.39,-870.326,-809.536,0.929099,-1.5117,0.000616772,3977.61,470.892,252.708,-1.04596,-1.4754,0.000613556,4113.28,-351.285,-590.577,0.939755,-1.51726,0.000617716,4319.04,958.248,1629.61,-1.04028,-1.49058,0.000616032
3.649,193.812,2.31201,0.00236831,-0.0608329,0.547185,-0.0513418,0.00682535,-0.000484293,0.00799959,1.11471,1,0,1,0,-0.0101215,0.010665,0.0012951,-0.00136022,0.115081,0.114356,0.0925188,0.0909145,3984.46,-851.696,-774.09,0.990427,-1.46138,0.000121713,4008.54,439.624,280.778,-1.00553,-1.38049,0.000121707,4072.67,-353.954,-535.297,0.978916,-1.53257,0.000116298,4354.38,929.287,1659.39,-1.0057,-1.42875,0.000115903
3.659,193.813,2.31187,0.00331645,-0.0566915,0.464221,0.0719825,0.00662345,-0.000164702,0.00800123,1.15471,1,0,1,0,-0.0102149,0.0105493,0.00129838,-0.00135385,0.114938,0.11453,0.0924194,0.0910716,3964.04,-873.929,-731.716,1.09248,-1.54499,-0.000380966,4035.05,443.47,315.934,-0.985253,-1.41243,-0.000380552,4038.61,-360.662,-484.52,1.13975,-1.5578,-0.000385717,4384.69,943.303,1688.8,-0.981076,-1.475,-0.000374861
3.669,193.813,2.31176,0.00413119,-0.0517738,0.485974,0.108791,0.00638257,0.000157394,0.00800765,1.15701,1,0,1,0,-0.0103363,0.0103925,0.0013036,-0.00134625,0.114777,0.114738,0.092291,0.0912501,3950.66,-879.214,-702.619,0,0,-0.000854778,4054.64,433.879,339.907,-0.965717,-1.39315,-0.00085367,4011.12,-365.082,-447.453,0.0450493,-1.56626,-0.000853298,4407.34,932.194,1708.62,-0.958969,-1.45484,-0.000851527
3.679,193.814,2.31167,0.00480739,-0.0462547,0.604563,0.105093,0.00609673,0.000471392,0.0080186,1.12108,1,0,1,0,-0.0104415,0.0102403,0.00130966,-0.00133915,0.11461,0.11497,0.0921432,0.0914405,3944.01,-871.502,-688.972,1.48312,-1.54761,-0.00127554,4067.6,414.031,352.375,-0.957502,-1.3202,-0.00127749,3989.62,-369.481,-423.679,-0.670785,-1.54552,-0.00128662,4423.82,914.28,1722.07,-0.948981,-1.40815,-0.00128748
3.689,193.814,2.31159,0.00527304,-0.040393,0.561364,0.149894,0.00547084,0.000769156,0.0080337,1.05311,1,0,1,0,-0.0105799,0.0100442,0.00131643,-0.00133068,0.114444,0.115215,0.0919843,0.0916345,3941.59,-881.393,-674.083,-0.482114,-1.53832,-0.00170581,4076.84,410.4,365.526,-0.938327,-1.31414,-0.00171203,3973.68,-374.172,-406.183,-0.745062,-1.52202,-0.00168981,4435.64,909.779,1732.08,-0.928617,-1.39712,-0.00169933
3.699,193.814,2.31154,0.00563346,-0.0342496,0.61773,0.158368,0.00489491,0.00104515,0.0080525,0.962705,1,0,1,0,-0.0107025,0.00985531,0.00132268,-0.00132312,0.114285,0.115469,0.0918216,0.091826,3944.08,-882.764,-669.199,-0.509537,-1.52166,-0.00204858,4080.86,400.379,371.525,-0.92695,-1.26597,-0.0020477,3962.55,-379.471,-399.916,-0.780266,-1.4906,-0.00204155,4442.81,901.26,1735.48,-0.912641,-1.36138,-0.00204106
3.709,193.815,2.31151,0.00583011,-0.0280725,0.574412,0.186275,0.00401177,0.00129574,0.00807453,0.882361,1,0,1,0,-0.0107974,0.00968126,0.0013291,-0.00131562,0.114138,0.115725,0.0916605,0.0920098,3950.44,-888.506,-667.916,-0.704702,-1.45697,-0.00233581,4080.93,396.16,374.255,-0.90848,-1.23907,-0.00233456,3955.47,-385.465,-401.427,-0.801223,-1.44491,-0.00233684,4446.43,900.387,1735.46,-0.887262,-1.35075,-0.00233602
3.719,193.815,2.3115,0.00593952,-0.0219052,0.606187,0.172316,0.00310793,0.00151886,0.00809928,0.774757,1,0,1,0,-0.0109027,0.00949118,0.00133573,-0.00130783,0.114003,0.11598,0.0915058,0.0921817,3961.5,-891.756,-674.337,-0.721263,-1.40156,-0.0025851,4076.24,391,372.182,-0.892759,-1.18614,-0.00258834,3951.99,-391.509,-411.962,-0.813236,-1.3774,-0.00258515,4446.85,894.295,1729.59,-0.87417,-1.29106,-0.00259261
3.729,193.815,2.31151,0.00592848,-0.0159134,0.588222,0.16841,0.00191726,0.00171422,0.00812619,0.676593,1,0,1,0,-0.0109908,0.00931015,0.00134161,-0.00130184,0.113881,0.116232,0.0913606,0.0923395,3976.23,-895.823,-681.562,-0.740641,-1.31459,-0.00277616,4067.98,387.804,368.735,-0.875018,-1.13005,-0.00277841,3951.22,-397.918,-430.594,-0.824935,-1.25967,-0.00277652,4445.2,888.267,1719.04,-0.863839,-1.17437,-0.00277697
3.739,193.815,2.31153,0.00582066,-0.0101835,0.535344,0.179444,0.000322855,0.0018828,0.00815468,0.583084,1,0,1,0,-0.0110734,0.00912902,0.00134684,-0.00129726,0.113768,0.116481,0.0912276,0.0924812,3995.05,-904.625,-686.927,-0.809055,-1.11256,-0.00290171,4055.91,390.801,366.22,-0.833254,-1.13138,-0.00290106,3952.34,-406.841,-457.673,-0.846486,-0.963625,-0.00290199,4442.78,894.084,1704.38,-0.806133,-1.06211,-0.00290112
3.749,193.815,2.31156,0.00565167,-0.00478934,0.483843,0.182399,-0.00151824,0.00202612,0.00818418,0.495154,1,0,1,0,-0.0111559,0.00894955,0.00135166,-0.00129103,0.113668,0.116724,0.0911083,0.0926052,4015.57,-914.537,-691.533,-0.848847,-0.862442,-0.00297595,4041.45,395.754,363.276,-0.761177,-1.15855,-0.00297594,3954.84,-418.321,-493.729,-0.870986,-0.211181,-0.00297671,4439.93,905.079,1684.9,-0.622899,-0.54982,-0.00297645
3.759,193.815,2.31161,0.00542963,0.000157476,0.434389,0.179369,-0.00194799,0.00214672,0.00821428,0.414899,1,0,1,0,-0.0112146,0.00877227,0.00135623,-0.00128747,0.113587,0.116958,0.0909989,0.0927193,4034.42,-920.171,-711.525,-0.85136,-0.438465,-0.00303209,4024.75,396.477,351.496,-0.714223,-0.992548,-0.00303209,3960.39,-425.298,-521.181,-0.871252,0.456453,-0.00303536,4433.5,907.841,1650.87,-0.462068,1.11741,-0.00303533
3.769,193.815,2.31167,0.0051624,0.00447761,0.374527,0.143352,-0.00110263,0.00224016,0.00824562,0.305189,1,0,1,0,-0.0112192,0.00864068,0.00136052,-0.00127921,0.113566,0.117166,0.0909028,0.09282,4034.18,-920.458,-742.879,-0.816221,0.492831,-0.00325758,4016.7,390.441,326.125,-0.746078,0.118515,-0.00325909,3967.88,-425.533,-539.395,-0.841112,0.798984,-0.00322842,4424.63,900.17,1621.67,-0.631618,1.17633,-0.00322859
3.779,193.815,2.31173,0.0048371,0.00822794,0.430767,0.144396,0.000747751,0.00228725,0.00827776,0.128302,1,0,1,0,-0.0111509,0.00858938,0.00136341,-0.00127829,0.113656,0.117254,0.0908302,0.0928973,4015.87,-908.03,-781.795,-0.399468,1.41457,-0.00317316,4043.34,373.225,276.076,-0.841695,0.923353,-0.00317367,3980.7,-420.769,-550.923,-0.774779,1.04164,-0.00319027,4410.42,882.366,1601.89,-0.801831,0.999647,-0.0031409
3.789,193.815,2.3118,0.00439861,0.011308,0.252371,0.134383,0.0014875,0.00228829,0.0083094,0.0377324,1,0,1,0,-0.0110926,0.00854749,0.0013651,-0.00127657,0.113737,0.117311,0.0907799,0.0929524,4029.49,-913.343,-803.362,-0.583055,1.39214,-0.00316657,4042.86,375.15,248.495,-0.81069,1.13261,-0.00316115,3997.15,-417.155,-562.313,-0.680191,1.21797,-0.00315538,4393.97,880.803,1584.69,-0.784774,1.07742,-0.00318829
3.799,193.815,2.31187,0.00396,0.0139691,0.247658,0.11724,0.00189462,0.00224647,0.00834074,0.198811,1,0,1,0,-0.0110669,0.00847157,0.00136649,-0.00127466,0.113793,0.117402,0.0907554,0.0929821,4056.18,-911.297,-827.556,-0.389569,1.47069,-0.00314265,4023.02,370.662,220.134,-0.812821,1.20715,-0.00314283,4015.6,-414.03,-578.293,-0.53858,1.36261,-0.00311075,4375.63,873.132,1559.87,-0.805697,1.10825,-0.00311375
3.809,193.815,2.31194,0.00347609,0.0159948,0.115363,0.104399,0.00156805,0.00216525,0.00837106,0.325179,1,0,1,0,-0.0110101,0.00841413,0.00136618,-0.00127529,0.113858,0.117492,0.0907566,0.0929869,4081.49,-918.137,-843.897,-0.690668,1.38902,-0.00300737,4001.25,377.352,199.624,-0.717447,1.34581,-0.00297192,4035.27,-413.492,-595.598,-0.473909,1.41781,-0.0029554,4356.41,879.272,1534.07,-0.718106,1.28843,-0.00300464
3.819,193.815,2.31201,0.00300481,0.0174958,0.105785,0.0891712,0.00109787,0.00205234,0.00839981,0.430234,1,0,1,0,-0.0109454,0.00836629,0.00136558,-0.00127654,0.113948,0.11756,0.0907819,0.0929695,4104.62,-912.911,-866.847,-0.43852,1.48611,-0.00281315,3980.06,372.016,173.418,-0.756233,1.35109,-0.00281318,4055.08,-412.865,-615.448,-0.406803,1.46001,-0.00279699,4337.28,875.508,1501.4,-0.725643,1.33443,-0.00279866
3.829,193.814,2.31208,0.0025422,0.0184654,0.110533,0.0495408,0.00059525,0.00191664,0.0084267,0.500884,1,0,1,0,-0.0108623,0.00833425,0.00136584,-0.00127721,0.114065,0.117601,0.0908284,0.0929329,4122.73,-910.165,-885.051,0.0943487,1.53075,-0.00261283,3962.37,370.298,151.451,-0.75495,1.3711,-0.00260772,4074.03,-411.133,-635.736,-0.170585,1.50459,-0.00260301,4319.4,867.044,1467.6,-0.791921,1.3155,-0.00260455
3.839,193.814,2.31215,0.00205272,0.0188589,-0.0104845,0.0520558,-0.000147389,0.00176625,0.00845164,0.556706,1,0,1,0,-0.0107502,0.00833256,0.00136071,-0.00128012,0.114204,0.117616,0.0908928,0.0928804,4136.08,-915.403,-899.329,-0.559169,1.47724,-0.00242455,3948.64,377.398,135.338,-0.578089,1.45981,-0.00238367,4091.11,-411.771,-653.559,-0.237451,1.50768,-0.00240331,4304.18,874.542,1440.07,-0.678579,1.42261,-0.00240396
3.849,193.814,2.31221,0.00162822,0.0188682,-0.0123705,0.0427644,-0.000477184,0.00160737,0.00847468,0.572344,1,0,1,0,-0.0106453,0.00832737,0.00135714,-0.00128109,0.114361,0.117609,0.0909718,0.0928154,4145.91,-916.253,-912.583,-0.592545,1.47358,-0.002256,3937.8,380.694,120.384,-0.314317,1.5047,-0.00217334,4106.27,-412.592,-670.112,-0.34525,1.50469,-0.00221654,4291.03,882.027,1414.27,-0.182735,1.51776,-0.00223642
3.859,193.814,2.31227,0.00121669,0.0184041,-0.0974894,0.0381281,-0.000802647,0.00144472,0.00849595,0.585481,1,0,1,0,-0.0105116,0.00835517,0.00135392,-0.00128559,0.114529,0.117585,0.0910616,0.0927416,4153,-919.558,-925.393,-0.726768,1.43652,-0.00204556,3929.75,385.947,106.845,7.36366,1.56407,-0.00204777,4119.52,-412.925,-684.042,-0.403126,1.50333,-0.00204906,4279.99,888.125,1393.83,1.78667,1.51873,-0.00205052
3.869,193.814,2.31232,0.000864045,0.0176257,-0.029104,-0.0196748,-0.000839787,0.00128126,0.00851565,0.588226,1,0,1,0,-0.0103815,0.00838328,0.00134975,-0.00128783,0.114704,0.117549,0.0911594,0.0926616,4158.42,-907.329,-940.06,3.25562,1.55589,-0.001911,3922.97,379.413,89.9436,-0.488745,1.49462,-0.00191099,4131.4,-406.788,-697.821,0,0,-0.00190545,4269.61,869.916,1368.24,-0.746429,1.42499,-0.00190545
3.879,193.814,2.31237,0.000476529,0.0164561,-0.160954,-0.00294309,-0.00108495,0.00111916,0.00853397,0.588099,1,0,1,0,-0.0102465,0.00842223,0.00134538,-0.00129342,0.114882,0.117504,0.0912623,0.0925779,4160.85,-913.696,-946.006,-0.195238,1.52661,-0.00176271,3919.15,386.342,81.8688,0,0,-0.00176676,4141.64,-405.897,-706.082,4.36274,1.55949,-0.00176961,4261.8,878.006,1355.6,-0.466937,1.50024,-0.00176331
3.889,193.814,2.31241,0.000192012,0.0151519,-0.162046,-0.0134992,-0.000769867,0.000959609,0.0085511,0.57343,1,0,1,0,-0.0101318,0.00844568,0.00134115,-0.0012952,0.115062,0.11745,0.0913684,0.0924916,4161.48,-914.389,-953.788,-0.391405,1.51151,-0.00166335,3917.05,389.739,73.3083,1.85521,1.52217,-0.00166328,4150.6,-403.835,-711.805,2.3197,1.54059,-0.00165457,4254.97,883.01,1347.54,0,0,-0.00167909
3.899,193.814,2.31244,-5.35771e-05,0.0136286,-0.108513,-0.0481935,-0.000443205,0.000804028,0.0085672,0.556144,1,0,1,0,-0.00999646,0.00849195,0.00133631,-0.00129844,0.115241,0.117393,0.0914753,0.0924053,4162.42,-899.341,-964.966,1.32436,1.46577,-0.00156916,3915.06,383.529,60.1346,-0.363565,1.50932,-0.00156792,4158.78,-397.5,-716.352,1.38687,1.46268,-0.0015358,4248.26,869.06,1337.35,-0.78908,1.38014,-0.00162402
3.909,193.813,2.31247,-0.000279909,0.0119722,-0.197383,-0.0322583,-6.43139e-06,0.000653234,0.00858242,0.539848,1,0,1,0,-0.00987689,0.00852833,0.00133279,-0.00130318,0.115418,0.117331,0.0915818,0.0923196,4160.12,-912.327,-965.583,-0.354355,1.51032,-0.00148402,3915.86,393.823,59.0445,1.39622,1.4592,-0.00148212,4165.82,-395.65,-715.08,1.35885,1.43314,-0.00151517,4243.47,884.343,1342.4,2.39537,1.53461,-0.00143456
3.919,193.813,2.31249,-0.000427124,0.0102621,-0.127501,-0.052858,0.000652043,0.000508548,0.00859687,0.518076,1,0,1,0,-0.00975001,0.00857403,0.00132838,-0.00130535,0.115592,0.117269,0.0916863,0.0922355,4158.82,-894.358,-975.541,1.23197,1.41097,-0.00142058,3915.93,385.574,46.8718,-0.285688,1.51217,-0.00142058,4172.13,-389.211,-713.633,1.19421,1.30068,-0.00142126,4238.48,874.267,1342.73,-0.651848,1.36895,-0.00139993
3.929,193.813,2.3125,-0.000546481,0.00851284,-0.0955112,-0.0540757,0.00125369,0.000371211,0.0086106,0.49042,1,0,1,0,-0.00962584,0.00862051,0.00132349,-0.00130828,0.115761,0.117207,0.0917881,0.0921541,4156,-882.599,-984.869,1.12569,1.29365,-0.00135735,3917.43,379.389,38.518,-0.750382,1.40555,-0.00134508,4177.3,-382.862,-709.662,1.16467,1.11685,-0.00141569,4234.61,868.554,1349.6,-0.80706,1.18113,-0.00120557
3.939,193.813,2.31251,-0.000626143,0.00673545,-0.132603,-0.0598332,0.00150664,0.000242251,0.0086237,0.46553,1,0,1,0,-0.00950013,0.00867159,0.00131996,-0.00131062,0.115924,0.117146,0.091887,0.0920754,4152.37,-882.636,-987.117,1.13757,1.29406,-0.00130188,3920.06,381.147,35.8316,-0.704161,1.41904,-0.00130262,4181.11,-377.809,-703.411,1.14166,0.825538,-0.00128367,4232.08,869.408,1358.26,-0.78743,1.05104,-0.00127491
3.949,193.813,2.31251,-0.00066907,0.00504388,-0.142996,-0.0506692,0.00147274,0.000121687,0.00863623,0.427933,1,0,1,0,-0.00939512,0.00870747,0.00131615,-0.00131536,0.116084,0.117083,0.0919837,0.0919987,4145.82,-882.934,-987.628,1.15948,1.29754,-0.00169548,3925.26,383.441,37.6362,-0.579732,1.4407,-0.00100424,4183.53,-374.351,-698.511,1.13851,0.505152,-0.00122268,4230.79,872.063,1367.17,-0.70798,0.883684,-0.00122152
3.959,193.813,2.31251,-0.000664776,0.00346192,-0.198209,-0.0342621,0.00124699,9.0298e-06,0.00864824,0.396056,1,0,1,0,-0.0092921,0.0087445,0.001313,-0.00131862,0.116243,0.117017,0.0920769,0.091924,4136.41,-903.16,-976.671,-0.779541,1.21487,-0.00118515,3933.36,399.68,50.0566,1.15423,0.974751,-0.00118612,4185.09,-375.231,-692.574,1.16832,0.0145628,-0.00121903,4230.73,886.105,1378.06,1.24797,-0.158491,-0.00112443
3.969,193.813,2.3125,-0.000634387,0.00191586,-0.0815385,-0.0581802,0.000562886,-9.53992e-05,0.00865996,0.371012,1,0,1,0,-0.00915537,0.00881092,0.00130872,-0.00132161,0.116393,0.116959,0.0921655,0.0918531,4131.62,-873.712,-982.648,1.1217,1.0236,-0.00121512,3936.22,381.586,46.227,-0.702513,1.23517,-0.00121421,4186.16,-371.175,-692.847,1.16251,0.0339015,-0.00116069,4229.51,867.707,1374.58,-0.793478,0.178055,-0.00116009
3.979,193.813,2.31249,-0.000595656,0.00054639,-0.118833,-0.0441274,-0.000314626,-0.000188386,0.00867156,0.320949,1,0,1,0,-0.00908616,0.00881555,0.00130535,-0.00132426,0.116515,0.116928,0.092247,0.0917882,4134.83,-889.253,-968.666,2.25893,1.28137,-0.00140846,3930.28,394.134,65.2361,1.34459,-0.246561,-0.000922298,4185.97,-374.474,-690.676,1.2826,-0.186108,-0.00117225,4230.35,879.285,1377.56,2.68777,-0.684165,-0.00114027
3.989,193.813,2.31248,-0.000546967,-0.000648655,-0.11212,-0.0266573,-0.00159048,-0.000258145,0.00868327,0.229098,1,0,1,0,-0.00905933,0.00877852,0.00130239,-0.0013269,0.116567,0.116964,0.0923164,0.0917337,4156.42,-894.359,-946.322,-0.502359,-1.29794,-0.00114762,3907.4,398.66,84.7777,1.21513,-1.12901,-0.00115002,4182.56,-380.286,-694.208,0,0,-0.0011493,4233.82,886.736,1373.67,1.20282,0.232465,-0.00114926
3.999,193.813,2.31247,-0.000499705,-0.0016634,-0.100888,0.00475252,-0.00262656,-0.000293923,0.00869434,0.0982876,1,0,1,0,-0.0090766,0.00871933,0.00130007,-0.00132901,0.116554,0.117039,0.0923706,0.0916942,4181.13,-897.408,-925.084,-0.746244,-1.30914,-0.00106533,3890.58,402.995,100.746,1.15866,-1.2061,-0.00107342,4175.17,-386.937,-698.533,-0.722865,0.787786,-0.00107054,4241.45,896.042,1367.59,1.09415,0.28989,-0.00106459
4.009,193.813,2.31245,-0.000421716,-0.00255942,-0.0944531,-0.0105454,-0.00303535,-0.000294635,0.00870463,0.0307444,1,0,1,0,-0.00907833,0.00868005,0.00129849,-0.00132953,0.116549,0.117098,0.0924082,0.0916701,4183.34,-899.881,-909.82,-0.813416,-1.30547,-0.000989278,3892.29,407.537,113.088,1.12278,-1.20627,-0.000989262,4164.8,-390.026,-700.41,-0.8092,0.68971,-0.000987674,4251.8,897.412,1363.86,1.0921,0.366448,-0.000992901
4.019,193.813,2.31244,-0.000344276,-0.00332013,-0.0654898,-0.0208566,-0.00306516,-0.000261433,0.00871397,0.149801,1,0,1,0,-0.0090687,0.00864947,0.00129778,-0.00132974,0.116561,0.117143,0.0924281,0.0916627,4174.82,-901.68,-899.152,-0.84687,-1.30694,-0.000885781,3901.43,410.024,123.273,1.11709,-1.23806,-0.000885643,4152.1,-392.287,-700.903,-0.850169,0.592478,-0.000881813,4264.6,896.808,1362.66,1.11501,0.424096,-0.000889098
4.029,193.813,2.31243,-0.000267869,-0.00394919,-0.0607072,-0.00792192,-0.00293406,-0.000199559,0.00872216,0.246354,1,0,1,0,-0.00906072,0.00861546,0.00129767,-0.00132966,0.116572,0.11719,0.0924311,0.0916715,4162.93,-904.376,-888.005,-0.880953,-1.27909,-0.000677522,3912.21,413.33,133.137,1.09267,-1.23482,-0.000847544,4138.36,-394.626,-698.554,-0.872967,0.248678,-0.000814229,4278.72,900.202,1363.38,1.08356,0.297087,-0.000686723
4.039,193.813,2.31242,-0.000161835,-0.00443061,-0.0379816,-0.0237645,-0.0027006,-0.000117635,0.00872928,0.311426,1,0,1,0,-0.00905957,0.0085773,0.00129844,-0.00132806,0.116572,0.117247,0.0924192,0.0916948,4151.09,-906.028,-877.647,-0.899748,-1.28042,-0.000687648,3922.04,414.854,142.155,1.08544,-1.26261,-0.000654326,4125.15,-397.679,-697.557,-0.904797,0.0793679,-0.000699021,4292.2,904.215,1368.43,1.06557,0.0209324,-0.000610976
4.049,193.813,2.3124,-0.000102379,-0.00476945,-0.0286505,-0.0067563,-0.00247637,-2.49588e-05,0.0087355,0.344978,1,0,1,0,-0.00906818,0.00853047,0.00129883,-0.00132649,0.11656,0.117312,0.0923945,0.09173,4141.01,-906.389,-867.056,-0.894673,-1.31802,-0.000589187,3929.75,414.812,150.595,1.08845,-1.31726,-0.000589838,4113.69,-399.54,-694.858,-0.914155,-0.135021,-0.000563148,4303.73,905.073,1370.29,1.06188,-0.126961,-0.000636313
4.059,193.813,2.31239,-3.44364e-05,-0.00496479,-0.0133218,-0.00449447,-0.00226194,7.02891e-05,0.00874114,0.343582,1,0,1,0,-0.00908572,0.00847674,0.00130047,-0.00132569,0.116536,0.117385,0.0923602,0.091774,4133.52,-907.113,-857.24,-0.899939,-1.3391,-0.000541063,3935.18,416.145,159.059,1.09047,-1.3348,-0.00054223,4104.8,-400.442,-691.668,-0.912669,-0.341093,-0.000542675,4312.64,903.542,1371.75,1.07804,-0.308516,-0.000541294
4.069,193.813,2.31238,3.94069e-05,-0.00502608,0.00529919,-0.0123176,-0.00203795,0.000162045,0.00874645,0.327044,1,0,1,0,-0.00910831,0.00842114,0.00130206,-0.00132394,0.116504,0.117461,0.0923194,0.0918233,4128.68,-906.492,-848.05,-0.871021,-1.3964,-0.000524241,3938.16,416.006,166.94,1.10916,-1.38186,-0.000521478,4098.28,-400.886,-688.585,-0.903467,-0.536657,-0.000526413,4318.65,901.008,1372.99,1.14855,-0.655669,-0.000518603
4.079,193.813,2.31237,0.000110753,-0.00496502,0.00510112,0.0108212,-0.00181745,0.000246689,0.00875167,0.298455,1,0,1,0,-0.00913282,0.00837128,0.00130411,-0.00132065,0.116468,0.117538,0.0922753,0.0918747,4126.43,-909.08,-840.695,-0.899109,-1.34079,-0.000525406,3938.84,416.251,171.85,1.13396,-1.40435,-0.000520728,4093.69,-405.235,-684.755,-0.932874,-0.552593,-0.000522055,4322.96,911.236,1376.69,1.06202,-0.487631,-0.000521257
4.089,193.813,2.31236,0.000176596,-0.00479183,0.0216891,0.00252113,-0.00161858,0.000322888,0.00875694,0.268096,1,0,1,0,-0.00916161,0.00831623,0.00130616,-0.0013188,0.11643,0.117613,0.0922299,0.0919259,4125.93,-909.637,-833.978,-0.889866,-1.34639,-0.000529685,3938.48,417.465,177.95,1.13935,-1.40261,-0.000532517,4090.93,-405.162,-681.774,-0.913605,-0.688071,-0.000530921,4324.65,908.468,1377.66,1.08266,-0.662043,-0.000532015
4.099,193.814,2.31235,0.000215868,-0.00452665,0.0251158,0.0173406,-0.00143827,0.000390976,0.00876234,0.236891,1,0,1,0,-0.00919106,0.00825971,0.0013076,-0.00131834,0.116391,0.117685,0.0921849,0.0919753,4126.72,-910.197,-828.746,-0.879287,-1.34494,-0.00053614,3937.04,417.993,182.977,1.16196,-1.41373,-0.000535474,4089.14,-405.432,-679.45,-0.895927,-0.774911,-0.000542792,4325.29,906.918,1378.87,1.12643,-0.875183,-0.000542918
4.109,193.814,2.31234,0.000274747,-0.00418198,0.0311558,0.0203394,-0.00121319,0.000452287,0.00876787,0.216055,1,0,1,0,-0.00921853,0.00821086,0.00130931,-0.00131576,0.116354,0.117754,0.0921413,0.0920215,4127.98,-910.548,-824.913,-0.864096,-1.34269,-0.000555905,3935.48,417.99,186.236,1.20766,-1.43176,-0.000556288,4087.79,-406.948,-676.989,-0.896169,-0.786044,-0.000557941,4325.46,909.517,1380.57,1.1034,-0.80291,-0.000555204
4.119,193.814,2.31233,0.000319723,-0.00378308,0.0391691,0.0182121,-0.000996643,0.000508499,0.0087735,0.202134,1,0,1,0,-0.00924249,0.00816972,0.00131131,-0.00131346,0.116319,0.117818,0.0920995,0.092064,4129.36,-909.414,-822.056,-0.807619,-1.40981,-0.000556458,3933.86,415.878,188.274,1.96722,-1.53153,-0.000570393,4086.66,-407.214,-675.656,-0.869527,-0.811431,-0.000566324,4325.45,908.121,1381.39,1.13076,-0.967987,-0.000564104
4.129,193.814,2.31233,0.00035539,-0.00334381,0.0348449,0.035347,-0.000768057,0.000561019,0.00877912,0.187161,1,0,1,0,-0.00926675,0.00812499,0.00131266,-0.00131223,0.116286,0.117877,0.0920596,0.0921036,4130.22,-911.393,-820.926,-0.845026,-1.30654,-0.000559887,3933.11,417.064,188.882,1.50173,-1.49152,-0.000557939,4085.32,-408.615,-673.494,-0.878082,-0.803796,-0.000560175,4325.55,911.303,1382.72,1.08613,-0.783659,-0.000557808
4.139,193.814,2.31232,0.000356927,-0.0028866,0.02707,0.0506142,-0.000544864,0.000610375,0.00878464,0.177427,1,0,1,0,-0.00929117,0.00808227,0.00131381,-0.00131241,0.116259,0.117929,0.0920216,0.0921401,4129.43,-911.384,-820.654,-0.825824,-1.2921,-0.000549172,3933.76,417.504,189.425,1.46053,-1.47038,-0.000549251,4084.16,-407.381,-672.292,-0.838965,-0.949854,-0.000543336,4325.4,906.35,1382.97,1.45883,-1.32261,-0.00054339
4.149,193.814,2.31232,0.000396852,-0.00242477,0.0285244,0.0401412,-0.000194581,0.000655729,0.00879001,0.159145,1,0,1,0,-0.00929555,0.00806277,0.00131563,-0.00131,0.116241,0.11797,0.091986,0.0921727,4126.53,-910.11,-823.634,-0.712245,-1.33382,-0.000520602,3936.7,414.534,187.384,-0.346072,-1.47494,-0.000520541,4083.15,-407.762,-670.264,-0.831278,-0.996607,-0.00052385,4325.48,907.819,1384.63,1.24467,-1.17707,-0.000523321
4.159,193.814,2.31232,0.000445207,-0.0019641,0.0694429,-0.0171171,0.000269647,0.000694654,0.00879514,0.133045,1,0,1,0,-0.00929367,0.00805155,0.00131722,-0.00130761,0.116236,0.117997,0.0919536,0.0922013,4120.45,-904.757,-828.204,1.37701,-1.25489,-0.000484378,3942.5,410.719,184.53,-0.81385,-1.09278,-0.000524952,4083.11,-403.993,-668.436,0.555365,-1.50222,-0.000525361,4324.3,893.368,1384.6,-0.911876,-0.623936,-0.000469529
4.169,193.814,2.31232,0.000430375,-0.00154955,-0.00266837,0.0327855,0.000685678,0.00072293,0.00880001,0.0901786,1,0,1,0,-0.00928309,0.00804983,0.0013183,-0.00130536,0.11625,0.118003,0.0919261,0.0922244,4110.7,-912.837,-830.951,-0.876334,-0.521706,-0.000487357,3952.07,414.441,180.673,0.384715,-1.41359,-0.000478716,4083.96,-407.195,-661.931,-0.789961,-1.25801,-0.00047419,4323.38,911.146,1390.27,1.09594,-0.994818,-0.000476268
4.179,193.814,2.31232,0.000407588,-0.00118843,-0.00890589,0.0212003,0.00108233,0.000735519,0.00880465,0.0291588,1,0,1,0,-0.00922732,0.00808596,0.00131932,-0.00130741,0.116286,0.117987,0.0919051,0.0922411,4099.35,-903.121,-840.333,1.25729,1.07976,-0.000448845,3963.06,407.207,173.089,-0.876755,0.532439,-0.000448813,4087.28,-401.477,-658.036,1.43221,-1.43506,-0.000463255,4318.99,896.093,1391.47,-0.872586,-1.13258,-0.000464145
4.189,193.814,2.31232,0.00041796,-0.000765131,0.0461724,0.0132858,0.00170473,0.000728042,0.0088092,0.0453176,1,0,1,0,-0.00920527,0.00809526,0.00131956,-0.00130418,0.116343,0.117954,0.0918929,0.092248,4087.25,-899.202,-846.503,1.14643,1.1449,-0.0004816,3972.71,403.212,165.739,-0.910178,0.831286,-0.000479353,4092.64,-397.801,-651.838,1.1782,-1.29361,-0.000463521,4312.9,891.211,1395.09,-0.912497,-1.04824,-0.0004626
4.199,193.814,2.31232,0.000390155,-0.000447448,-0.0402606,0.0019649,0.00188467,0.000698834,0.00881373,0.132155,1,0,1,0,-0.00914825,0.00813326,0.00131967,-0.00130529,0.116407,0.117912,0.0918905,0.0922453,4079.62,-905.143,-848.66,-0.220314,1.49031,-0.000458373,3979.16,406.138,163.019,-0.823057,1.16442,-0.000464307,4100.01,-394.356,-644.822,1.12408,-1.23569,-0.000455682,4304.94,891.175,1399.61,-0.89562,-1.2049,-0.000453444
4.209,193.814,2.31232,0.00037445,-4.0483e-05,0.0368408,0.0301284,0.00213317,0.000649124,0.00881826,0.197785,1,0,1,0,-0.0091254,0.00814588,0.00132007,-0.00130679,0.116471,0.117869,0.0918986,0.0922316,4078.8,-894.336,-856.265,1.13454,1.22199,-0.000467104,3979.33,397.369,153.266,-0.935498,1.00043,-0.000463246,4108.59,-392.612,-639.827,1.11766,-1.24454,-0.00025783,4295.63,889.513,1402.1,-0.878946,-1.2313,-0.00085689
4.219,193.814,2.31232,0.000358605,0.000316928,0.0479938,0.018658,0.00221223,0.000582288,0.00882289,0.253462,1,0,1,0,-0.00906733,0.00818722,0.00131902,-0.0013074,0.116534,0.117826,0.0919169,0.0922078,4080.6,-890.879,-859.679,1.10292,1.17781,-0.0004579,3977.04,394.917,148.903,-0.926244,1.01134,-0.000466201,4117.94,-388.812,-637.275,1.09917,-1.14275,-0.000498487,4285.82,882.142,1403.58,-0.924379,-1.03336,-0.000416735
4.229,193.814,2.31232,0.000342342,0.000645053,0.105757,0.0114656,0.00213052,0.0005033,0.00882761,0.297284,1,0,1,0,-0.00900994,0.0082287,0.00131779,-0.00130846,0.116599,0.117781,0.0919443,0.0921748,4084.78,-877.62,-867.523,1.04652,0.963532,-0.000475127,3972.95,384.863,140.109,-0.956038,0.884764,-0.000475375,4126.78,-385.251,-637.007,1.08477,-0.995358,-0.000477578,4276.11,871.497,1403.24,-0.953436,-0.677341,-0.000477254
4.239,193.814,2.31232,0.00032117,0.000976008,0.131018,0.0237696,0.00207187,0.00041794,0.00883234,0.309559,1,0,1,0,-0.008983,0.00824468,0.00131708,-0.00131179,0.116665,0.117733,0.0919796,0.0921343,4088.07,-879.946,-869.483,1.05934,1.04285,-0.000444295,3969.87,386.365,137.456,-0.946199,0.955158,-0.000443118,4134.45,-384.504,-635.839,1.09719,-0.988194,-0.00047344,4268.14,873.647,1404.4,-0.9394,-0.756562,-0.000485641
4.249,193.814,2.31232,0.000288268,0.00118638,0.049934,0.0185656,0.00175691,0.000332159,0.00883702,0.305951,1,0,1,0,-0.0089385,0.00827604,0.00131971,-0.00131066,0.116731,0.117686,0.0920195,0.0920884,4090.49,-890.014,-869.046,1.20436,1.37031,-0.000465664,3967.58,393.338,137.612,-0.887432,1.18991,-0.000467448,4140.66,-384.163,-636.986,1.11393,-0.928333,-0.00032439,4261.87,876.954,1405.28,-0.907512,-0.927183,-0.000751347
4.259,193.814,2.31232,0.000269411,0.00137043,0.0539519,-0.00725946,0.00157119,0.000249697,0.00884161,0.295518,1,0,1,0,-0.00887128,0.0083275,0.00131293,-0.00131388,0.116799,0.117636,0.0920627,0.0920401,4092.6,-877.924,-875.381,1.06105,1.07007,-0.000451374,3965.79,385.023,130.171,-0.94189,1.01045,-0.00045203,4145.22,-379.783,-636.322,1.0827,-0.698078,-0.000451678,4256.72,863.704,1403.56,-0.956957,-0.365623,-0.000452111
4.269,193.814,2.31232,0.000224145,0.00146831,-0.0145983,0.00185189,0.00121003,0.000173787,0.00884602,0.270954,1,0,1,0,-0.00879351,0.00838793,0.00131104,-0.00131722,0.116864,0.11759,0.0921066,0.0919914,4093.19,-873.36,-877.419,1.05363,0.958928,-0.000426764,3965.06,382.014,123.753,-0.945104,1.01188,-0.000426582,4148.18,-380.059,-636.963,1.09981,-0.650228,-0.000432003,4254,864.393,1402.98,-0.951983,-0.275189,-0.00043955
4.279,193.814,2.31232,0.000215687,0.0016361,-0.00399029,-0.000301715,0.00129205,0.000105579,0.00885023,0.241878,1,0,1,0,-0.00878288,0.00839016,0.00130929,-0.00131794,0.116926,0.117546,0.0921499,0.0919438,4092.78,-884.589,-878.619,1.1317,1.33114,-0.000407265,3966.01,389.68,125.613,-0.878759,1.23316,-0.000382177,4150.06,-377.863,-635.285,1.16572,-0.674155,-0.000468024,4252.45,867.411,1404.29,-1.03324,-0.47072,-0.000297735
4.289,193.814,2.31233,0.000213541,0.001778,0.0466561,-0.00264764,0.00141075,4.57146e-05,0.00885421,0.209238,1,0,1,0,-0.00875969,0.00840112,0.00130789,-0.00131789,0.116983,0.117507,0.0921908,0.0918988,4093.97,-886.122,-880.452,1.31073,1.45545,-0.000375486,3965.53,389.901,122.874,-0.86775,1.29994,-0.000381776,4150.65,-377.718,-636.935,1.09569,-0.496445,-0.000452418,4251.64,868.281,1403.89,-0.926267,-0.39984,-0.000233617
4.299,193.814,2.31233,0.000196564,0.00182272,0.0912485,-0.00645104,0.00141078,-6.26156e-06,0.00885792,0.181413,1,0,1,0,-0.00871864,0.00843054,0.00130617,-0.0013211,0.117034,0.117473,0.0922291,0.0918576,4092.72,-875.777,-886.589,1.06405,1.15056,-0.000355465,3966.5,382.853,116.346,-0.9397,1.09934,-0.000386382,4150.94,-375.586,-638.352,1.08538,-0.23609,-0.000366724,4251.6,860.523,1402.52,-0.954622,-0.0690391,-0.000370859
4.309,193.814,2.31233,0.000151948,0.00176038,0.00939831,0.0162464,0.00110266,-5.17352e-05,0.00886141,0.186175,1,0,1,0,-0.00867929,0.00845614,0.00130471,-0.00132303,0.117081,0.117444,0.0922641,0.0918203,4091.36,-882.026,-887.632,1.1697,1.39086,-0.000337327,3967.6,387.177,115.637,-0.888138,1.27352,-0.000335723,4150.89,-376.946,-638.061,1.12391,-0.318235,-0.000337896,4252.39,870.478,1403.8,-0.851464,-0.552248,-0.000337305
4.319,193.814,2.31234,0.000149647,0.00175378,0.0357046,0.0048416,0.00119012,-9.18259e-05,0.0088647,0.137961,1,0,1,0,-0.00864945,0.00847281,0.00130681,-0.00132391,0.117124,0.11742,0.0922959,0.0917867,4091.72,-881.333,-888.775,1.18365,1.39947,-0.000310909,3967.32,386.957,113.794,-0.876394,1.30078,-0.000310613,4150.83,-375.537,-638.461,1.11491,-0.197486,-0.000337895,4252.84,867.205,1403.09,-0.897272,-0.216084,-0.000291057
4.329,193.814,2.31234,0.000143852,0.00169023,0.0800468,-0.0127338,0.00107552,-0.00012729,0.00886776,0.12238,1,0,1,0,-0.00863787,0.00847493,0.00130232,-0.0013253,0.117158,0.117401,0.0923245,0.0917568,4093.43,-872.107,-890.335,1.05037,1.00278,-0.000274664,3966.14,380.239,108.222,-0.949393,1.07363,-0.000307206,4150.73,-373.481,-639.973,1.08755,0.112226,-0.000297466,4252.96,856.313,1399.11,-0.962473,0.181351,-0.000282577
4.339,193.814,2.31234,0.000113057,0.00154842,-0.0346267,-0.00567663,0.000726611,-0.000158013,0.00887059,0.0953402,1,0,1,0,-0.0086163,0.00848556,0.00130128,-0.00132586,0.117183,0.11739,0.09235,0.0917307,4094.33,-885.3,-886.097,-0.818923,1.23139,-0.000257734,3965.6,391.222,114.303,1.34029,1.42857,-0.000258049,4150.52,-374.831,-639.264,1.1919,-0.0569863,-0.000259829,4253.94,868.664,1402.19,-0.930511,-0.049007,-0.000259392
4.349,193.814,2.31235,0.000102053,0.00144426,0.0274143,-0.00818303,0.000596139,-0.00018436,0.00887315,0.0900479,1,0,1,0,-0.00859232,0.0084986,0.00130024,-0.0013268,0.117204,0.117383,0.0923724,0.0917084,4098.99,-876.309,-892.584,1.07855,1.19832,-0.000228451,3962.7,382.282,108.388,-0.939206,1.09836,-0.000240821,4150.27,-374.616,-641.535,1.12979,0.620402,0.00027935,4254.38,864.065,1398.56,-0.920257,0.454801,-0.00133592
4.359,193.814,2.31235,7.07189e-05,0.0012749,-0.055554,0.00544058,0.000314264,-0.000205966,0.00887546,0.0708888,1,0,1,0,-0.00856976,0.00851005,0.00129968,-0.00132906,0.11722,0.11738,0.0923922,0.0916898,4100.54,-885.497,-888.559,-0.917485,0.881838,-0.000219997,3960.77,390.85,112.91,1.16955,1.23247,-0.000219849,4149.74,-376.013,-641.468,1.29689,0.941269,-0.00024868,4255.6,871.155,1399.64,1.13613,0.408799,-0.000164915
4.369,193.814,2.31235,4.74649e-05,0.00108492,-0.0617109,-0.00616587,2.46932e-05,-0.000221843,0.00887749,0.0569299,1,0,1,0,-0.00855764,0.00851342,0.00129873,-0.00132955,0.117228,0.117385,0.0924085,0.0916746,4104.71,-880.885,-891.178,0,0,-0.000184443,3957.07,386.329,110.264,-0.845864,1.30669,-0.000180142,4148.89,-375.272,-643.137,1.21228,1.11084,-0.000187259,4256.69,865.634,1394.88,-0.870269,1.03255,-0.00018378
4.379,193.814,2.31236,5.02266e-05,0.000987635,0.00267937,0.00120748,-3.28689e-05,-0.00023067,0.00887919,0.020195,1,0,1,0,-0.00858388,0.00848167,0.00129837,-0.00133018,0.117227,0.117397,0.0924212,0.0916637,4108.79,-879.495,-891.428,1.16812,1.35981,-0.000149523,3953.66,386.42,112.512,-0.865809,1.1935,-0.000148513,4147.41,-376.44,-645.197,0,0,-0.000156863,4258.33,867.433,1393.4,-0.632043,1.42085,-0.000146386
4.389,193.814,2.31236,3.50605e-05,0.000809063,-0.00594212,-0.00365885,-0.00024015,-0.000231733,0.00888059,0.00531648,1,0,1,0,-0.00857813,0.00847987,0.00129785,-0.00132996,0.117219,0.117414,0.0924299,0.091657,4113.26,-876.886,-890.816,1.05965,0.985045,-0.000126341,3949.63,385.572,113.641,-0.918198,0.849585,-0.000119206,4145.34,-376.989,-646.824,0,0,-0.00011861,4260.77,865.809,1389.81,-0.879335,1.29144,-0.000130381
4.399,193.814,2.31236,2.16689e-05,0.000647141,-0.048589,0.00705054,-0.000364944,-0.00022454,0.00888163,0.0351058,1,0,1,0,-0.00859876,0.00845471,0.00129784,-0.0013306,0.117205,0.117436,0.0924344,0.0916551,4116.9,-888.289,-883.415,-0.986902,-0.294862,-8.86049e-05,3946.68,394.354,119.102,1.01779,-0.376769,-8.92267e-05,4142.54,-379.377,-647.602,-0.943654,1.11231,-9.29311e-05,4264.28,874.878,1390.74,1.01665,0.440412,-9.33664e-05
4.409,193.814,2.31237,5.09866e-06,0.000471416,-0.030488,-0.00315324,-0.000556386,-0.00020813,0.00888231,0.0724319,1,0,1,0,-0.00861166,0.00843623,0.00129751,-0.00132885,0.117181,0.117466,0.0924339,0.0916584,4120.92,-883.465,-882.396,-0.966616,-0.906473,-6.07951e-05,3943.05,390.679,120.192,1.03836,-0.989377,-5.95507e-05,4139.2,-379.512,-650.043,-0.963026,1.24067,-5.0754e-05,4267.72,870.333,1385.35,1.02976,1.16581,-5.08526e-05
4.419,193.814,2.31237,7.80486e-06,0.00032297,-0.0157896,0.000355627,-0.000585965,-0.000182909,0.00888262,0.0993615,1,0,1,0,-0.00863616,0.00840873,0.00129784,-0.00132942,0.117152,0.1175,0.0924286,0.0916669,4123.25,-887.196,-879.385,-0.994626,-0.632873,-2.00334e-05,3940.62,394.02,122.498,1.00618,-0.735584,-2.00433e-05,4135.28,-381.619,-651.137,-0.991622,1.02014,-1.95135e-05,4272.05,875.954,1384.7,1.00355,0.547565,-2.08647e-05
4.429,193.814,2.31237,-2.69997e-05,0.000149648,-0.0540597,0.0284792,-0.000744392,-0.000149597,0.00888262,0.124698,1,0,1,0,-0.00865963,0.008382,0.00129822,-0.00132937,0.11712,0.117536,0.0924182,0.0916804,4124.74,-891.698,-875.136,-1.00356,-0.554428,1.42931e-05,3939.1,397.906,125.595,0.995563,-0.652188,1.49018e-05,4130.9,-383.828,-652.223,-1.00688,0.838302,1.05262e-05,4276.79,882.188,1384.44,0.997616,0.259918,1.94876e-05
4.439,193.814,2.31237,-2.53681e-05,-4.14546e-06,-0.0205329,-0.00197147,-0.000753631,-0.000109568,0.00888235,0.156227,1,0,1,0,-0.00868848,0.00835158,0.00129887,-0.00132809,0.117085,0.117575,0.0924035,0.0916986,4125.45,-886.097,-873.823,-1.01399,-1.03505,2.36324e-05,3937.73,393.449,126.82,0.983988,-1.0862,3.41727e-05,4126.73,-383.515,-654.169,-1.01201,0.993716,3.32358e-05,4280.97,876.149,1379.19,0.992134,0.669699,4.21926e-05
4.449,193.814,2.31237,-1.75287e-05,-0.000139353,0.0363182,-0.0507971,-0.00071712,-6.43795e-05,0.00888183,0.167879,1,0,1,0,-0.00871614,0.00832251,0.00129959,-0.00132681,0.117048,0.117614,0.0923845,0.091721,4125.9,-881.295,-873.986,0.935052,-1.30916,5.87885e-05,3937.2,391.374,127.918,0.882893,-1.44559,5.96292e-05,4122.67,-381.847,-656.283,-1.05312,1.33195,4.98339e-05,4284.62,862.151,1373.25,-1.01426,1.00463,7.77746e-05
4.459,193.814,2.31238,-4.02524e-05,-0.000275046,0.0110389,-0.0338072,-0.000740717,-1.60383e-05,0.00888113,0.170236,1,0,1,0,-0.00874642,0.00829321,0.00130053,-0.00132572,0.117009,0.117654,0.092362,0.0917466,4125.61,-884.754,-868.906,-1.09656,-1.41419,7.48849e-05,3937.28,393.675,130.332,0.953132,-1.23459,6.94997e-05,4118.75,-383.535,-656.627,-1.04349,1.17989,7.77618e-05,4288.82,869.516,1373.69,-1.16154,1.4738,7.88168e-05
4.469,193.814,2.31238,-9.73383e-05,-0.00041687,-0.0210464,0.00543193,-0.000822724,3.35071e-05,0.00888029,0.178406,1,0,1,0,-0.00876591,0.00827081,0.00130138,-0.00132687,0.11697,0.117692,0.092337,0.0917751,4124.89,-885.623,-867.343,-1.08345,-1.35299,9.46555e-05,3937.55,394.38,132.081,0.949012,-1.22856,9.61188e-05,4115.37,-384.688,-657.077,-1.04401,1.08918,9.16229e-05,4292.23,872.299,1373.42,0.892332,1.38113,9.08197e-05
4.479,193.814,2.31238,-8.89255e-05,-0.00049817,-0.0234513,0.0251107,-0.000733633,8.25062e-05,0.00887933,0.177247,1,0,1,0,-0.00879993,0.00824057,0.0013034,-0.00132381,0.116931,0.117729,0.0923104,0.0918042,4124.56,-890.059,-864.645,-1.02451,-0.898549,0.000100428,3937.61,397.876,133.946,0.972291,-0.936279,0.000100474,4112.44,-387.954,-656.559,-1.0257,0.649286,0.000100282,4295.57,883.94,1376.72,0.987973,0.21611,0.000100291
4.489,193.814,2.31238,-7.88592e-05,-0.00056824,0.0021104,-0.00353608,-0.000655289,0.000129778,0.00887829,0.170115,1,0,1,0,-0.0088257,0.00821608,0.00130384,-0.00132245,0.116893,0.117765,0.092283,0.0918342,4124.44,-888.067,-862.607,-1.0487,-1.15399,0.00010724,3937.53,396.758,135.687,0.956925,-1.10127,0.000107158,4110.27,-387.513,-657.336,-1.03832,0.756886,0.000104938,4297.38,879.646,1374.41,0.979828,0.422668,0.000108318
4.499,193.814,2.31238,-0.000104239,-0.000635384,-0.00601091,0.00198971,-0.000653746,0.000174244,0.00887719,0.157379,1,0,1,0,-0.00885394,0.00819125,0.00130509,-0.00132112,0.116856,0.117798,0.0922555,0.0918638,4124.11,-888.232,-860.149,-1.05566,-1.20018,8.32481e-05,3937.51,397.322,137.552,0.956572,-1.11359,0.000135258,4108.61,-387.471,-657.515,-1.04934,0.778477,0.00011528,4298.85,878.029,1373.29,0.968911,0.596127,9.87417e-05
4.509,193.814,2.31238,-0.000104242,-0.000672351,0.010564,-0.0135749,-0.000592236,0.000215329,0.00887604,0.146241,1,0,1,0,-0.00887612,0.00817154,0.00130643,-0.00132042,0.116822,0.117829,0.0922285,0.0918926,4123.71,-886.89,-858.364,-1.15963,-1.42652,0.000117976,3937.55,396.394,138.764,0.925801,-1.2587,0.000118349,4107.48,-387.249,-657.872,-1.06836,0.878657,0.000129569,4299.58,875.815,1372.29,0.918252,1.04237,9.04191e-05
4.519,193.814,2.31238,-0.000115437,-0.000691038,0.0023538,0.00225367,-0.000557789,0.000252609,0.00887485,0.131247,1,0,1,0,-0.008901,0.00815144,0.00130724,-0.00131883,0.116791,0.117855,0.0922028,0.0919196,4123.29,-888.39,-856.506,-1.07796,-1.26062,0.000124087,3937.76,397.584,139.961,0.939448,-1.16068,0.000124675,4106.67,-388.344,-657.656,-1.06056,0.659283,0.000123617,4300.4,879.189,1373.52,0.964072,0.403591,0.000123375
4.529,193.814,2.31238,-0.000118758,-0.000699139,0.00302704,-0.00549328,-0.000500917,0.000285865,0.00887363,0.11872,1,0,1,0,-0.0089165,0.00813912,0.00130766,-0.00131806,0.116763,0.117877,0.0921786,0.0919449,4122.57,-887.521,-855.054,-1.18545,-1.42224,0.000117237,3938.2,397.042,140.994,0.910839,-1.26893,0.000117153,4106.31,-388.181,-657.648,-1.07047,0.683526,0.000123451,4300.47,877.795,1373.13,0.922369,0.589546,0.000123779
4.539,193.814,2.31237,-0.000123119,-0.000687957,0.00689792,-0.00774082,-0.000425116,0.000314936,0.00887236,0.0999329,1,0,1,0,-0.00893334,0.00812691,0.00130892,-0.00131709,0.116739,0.117895,0.0921564,0.0919677,4121.63,-887.222,-854.341,0,0,0.000124826,3938.86,397.18,141.556,0.892336,-1.27567,0.000132088,4106.21,-388.333,-657.974,-1.24156,0.842432,0.000127551,4300.29,876.941,1373.97,1.29531,0.92232,0.000127574
4.549,193.814,2.31237,-0.000116799,-0.000652512,0.0125645,-0.000850222,-0.000328628,0.000339699,0.00887106,0.0866122,1,0,1,0,-0.00895013,0.00811572,0.00130988,-0.00131607,0.116719,0.117908,0.0921364,0.0919879,4120.52,-887.859,-853.678,-1.22845,-1.41091,0.000130348,3939.78,397.535,141.879,0.888237,-1.23038,0.000131527,4106.39,-389.486,-657.487,-1.21541,0.478142,0.000131711,4300.11,880.872,1375.54,1.08909,-0.0664572,0.000125649
4.559,193.814,2.31237,-0.000133506,-0.000622615,0.0132607,0.0101908,-0.000285192,0.000360032,0.00886973,0.0705295,1,0,1,0,-0.00895948,0.00811141,0.00130995,-0.00131494,0.116704,0.117916,0.0921188,0.0920055,4118.74,-886.832,-852.708,0,0,0.000132082,3941.03,397.153,141.199,0.854359,-1.2794,0.000131786,4106.88,-388.647,-656.073,-1.13378,-0.162682,5.63526e-05,4299.44,878.729,1374.06,0.915134,0.3157,0.000289086
4.569,193.814,2.31237,-0.000130129,-0.000576016,0.00445158,0.00809322,-0.000190906,0.0003757,0.00886839,0.0509057,1,0,1,0,-0.00896738,0.00810871,0.0013112,-0.00131476,0.116693,0.11792,0.0921038,0.0920205,4117.12,-889.185,-852.895,-1.09458,-1.07952,0.00011708,3942.45,399.186,142.363,0.929074,-0.91012,0.00010893,4107.62,-388.669,-655.301,-1.15777,-0.560674,0.000133126,4298.51,880.394,1375.93,0.950105,-0.253993,0.000132983
4.579,193.814,2.31237,-0.00013966,-0.000536617,-0.001672,0.00572967,-0.000155753,0.000386724,0.00886704,0.0343345,1,0,1,0,-0.00896419,0.0081158,0.00131154,-0.0013153,0.116686,0.11792,0.0920915,0.0920326,4115.55,-887.061,-852.936,0,0,0.000133479,3943.62,397.446,141.75,0.802316,-1.19223,0.000133886,4108.64,-387.738,-655.361,0,0,0.000132469,4297.15,876.64,1375.9,0,0,0.000131577
4.589,193.814,2.31236,-0.000110351,-0.000452455,0.0365834,-0.0111371,1.69206e-05,0.000392986,0.0088657,0.0206554,1,0,1,0,-0.00896719,0.00811894,0.00131139,-0.00131377,0.116682,0.117916,0.0920819,0.0920414,4114.54,-883.829,-854.68,0.915174,-0.552599,0.000134009,3944.53,395.478,140.927,-1.26514,-1.04612,0.000137724,4109.89,-387.213,-654.434,0,0,0.00014616,4295.63,874.985,1375.98,-1.15217,-0.520419,0.000115438
4.599,193.814,2.31236,-0.000113943,-0.000399849,0.00948444,-0.00511838,5.05911e-05,0.000394604,0.00886439,0.00269634,1,0,1,0,-0.00897123,0.00812047,0.00131249,-0.00131361,0.116681,0.117909,0.0920753,0.0920473,4113.12,-886.972,-853.289,0,0,8.65232e-05,3945.61,397.321,141.388,0.739641,-1.07754,0.000171398,4111.29,-387.444,-653.07,0,0,0.000134445,4294.21,878.043,1377.09,0.822148,-0.994007,0.000132919
4.609,193.814,2.31236,-0.000121559,-0.000339361,-0.0159745,0.0137063,7.50588e-05,0.000392024,0.00886309,0.0127716,1,0,1,0,-0.00897414,0.00812386,0.00131309,-0.00131429,0.116684,0.117899,0.0920713,0.0920503,4111.94,-889.397,-852.845,-1.06376,-0.60419,0.000133308,3946.63,399.588,141.64,0.935377,-0.454027,0.000131956,4112.86,-387.924,-651.476,0,0,0.000125,4292.72,881.321,1378.35,0.958807,-0.570997,0.000132914
4.619,193.814,2.31236,-7.16791e-05,-0.000217344,0.0882204,-0.0275206,0.000348475,0.000385589,0.00886182,0.0249979,1,0,1,0,-0.00897056,0.00813273,0.00131259,-0.00131343,0.116689,0.117886,0.0920699,0.0920507,4110.72,-879.87,-856.594,0.960175,0.217416,0.000118798,3947.5,392.697,138.471,-1.0643,0.417902,0.000119091,4114.65,-385.162,-652.041,0.896108,-0.768166,0.000108564,4290.29,870.288,1377.12,-1.0419,-0.245395,0.000136863
4.629,193.814,2.31236,-0.000100168,-0.000202099,0.0293096,-0.01826,0.000191634,0.000375602,0.00886064,0.0425359,1,0,1,0,-0.00895888,0.00814831,0.00131331,-0.00131451,0.116697,0.117871,0.092071,0.0920486,4109.22,-881.086,-856.696,0.952557,0.342964,0.000122231,3948.56,393.752,138.197,-1.08436,0.612333,0.000122069,4116.42,-384.099,-651.391,0.927965,-0.599692,0.000108304,4288.41,867.607,1377.53,-1.02518,-0.166318,0.000130687
4.639,193.814,2.31235,-8.93221e-05,-0.000115877,0.042037,-0.0157751,0.000302292,0.000362608,0.00885952,0.0349884,1,0,1,0,-0.00895295,0.00815938,0.00131275,-0.00131361,0.116708,0.117854,0.0920744,0.0920441,4107.76,-879.735,-856.061,0.962686,0.0923697,0.000108409,3949.53,392.711,137.886,-1.05831,0.488612,0.000108564,4118.15,-383.686,-650.018,0.938465,-0.715893,0.000108376,4286.51,867.629,1378.03,-1.02587,-0.196848,0.000108496
4.649,193.814,2.31235,-9.56591e-05,-7.76045e-05,0.00734298,-0.0108602,0.0002296,0.000347236,0.00885849,0.0550229,1,0,1,0,-0.00894162,0.00817512,0.00131222,-0.00131429,0.116719,0.117836,0.0920797,0.0920375,4107.78,-880.076,-857.286,0.958635,0.386454,0.00010293,3949.66,393.073,137.346,-1.0672,0.60171,0.000104583,4119.77,-383.125,-649.445,0.941423,-0.654918,0.000102514,4284.71,867.996,1378.77,-1.02276,-0.27772,0.000103539
4.659,193.814,2.31235,-8.66482e-05,-7.13482e-06,0.0176525,0.000248128,0.000307964,0.000329808,0.00885757,0.0659414,1,0,1,0,-0.00892476,0.00819507,0.00131186,-0.00131461,0.116733,0.117816,0.0920869,0.0920293,4106.81,-880.937,-858.847,0.953072,0.812795,8.38102e-05,3950.38,393.357,135.365,-1.0727,0.984714,8.36168e-05,4121.38,-384.051,-648.377,0.923763,-0.966529,8.32969e-05,4283.17,873.672,1379.89,-1.12457,-1.19233,8.31927e-05
4.669,193.814,2.31235,-8.39437e-05,5.02487e-05,-0.0270578,0.0130674,0.000298955,0.000311137,0.00885677,0.0653034,1,0,1,0,-0.00891842,0.00820619,0.00131147,-0.00131505,0.116747,0.117797,0.0920954,0.0920195,4105.95,-887.964,-856.215,-1.02579,-0.0593106,5.08851e-05,3950.76,398.952,137.537,0.967225,0.171942,9.90284e-05,4122.83,-384.943,-646.617,0.793865,-1.38096,7.53084e-05,4281.94,878.874,1381.49,0.985355,-0.741232,7.53234e-05
4.679,193.814,2.31235,-7.36536e-05,0.000112334,-0.0106336,0.0261604,0.000345682,0.000291413,0.00885609,0.069904,1,0,1,0,-0.00891234,0.00821555,0.00131119,-0.00131527,0.116763,0.117776,0.0921051,0.0920084,4104.92,-888.011,-858.797,-1.03058,0.39687,7.82407e-05,3951.76,398.976,135.539,0.960445,0.443066,4.63245e-05,4124.15,-385.189,-645.821,0,0,6.19007e-05,4280.49,881.094,1382.42,0.987566,-0.573048,6.02114e-05
4.689,193.814,2.31235,-7.44713e-05,0.000116182,-0.0404332,-0.000111366,0.000224142,0.000271528,0.00885552,0.0869314,1,0,1,0,-0.00888896,0.00824076,0.0013106,-0.00131645,0.116777,0.117757,0.0921155,0.0919966,4104.89,-884.222,-859.781,-1.08828,1.24083,5.86918e-05,3951.84,395.925,134.637,0.89794,1.19119,5.8814e-05,4125.38,-382.041,-646.477,0.954641,-0.807175,5.59875e-05,4278.82,872.146,1381.24,-1.02593,-1.13056,5.59861e-05
4.699,193.814,2.31234,-5.76246e-05,0.000182223,0.0120136,0.00737204,0.000295679,0.000251432,0.00885507,0.0736436,1,0,1,0,-0.00888476,0.00824824,0.00131009,-0.00131666,0.116793,0.117738,0.0921267,0.0919843,4103.71,-879.156,-863.154,0.979073,1.11122,3.87099e-05,3952.51,392.098,131.379,-1.02642,1.06207,3.90409e-05,4126.54,-381.632,-645.945,0.977062,-0.81877,3.89654e-05,4277.6,870.429,1380.97,-1.027,-0.744584,4.04031e-05
4.709,193.814,2.31234,-5.49688e-05,0.000199017,-0.0218885,0.00940294,0.000195711,0.000231859,0.00885476,0.0695389,1,0,1,0,-0.00886832,0.00826593,0.00130966,-0.00131743,0.116808,0.11772,0.092138,0.0919718,4104.94,-878.489,-861.756,0.978138,0.859592,2.97884e-05,3951.52,391.772,130.527,-1.01259,1.05314,2.97567e-05,4127.51,-381.085,-643.952,0.984894,-0.992194,2.78706e-05,4276.78,870.076,1379.09,-1.02751,0.227625,2.78953e-05
4.719,193.814,2.31234,-1.65825e-05,0.000274804,0.0317515,-0.0157286,0.000391957,0.000212706,0.00885456,0.0673273,1,0,1,0,-0.00886938,0.00826803,0.00130971,-0.00131865,0.116823,0.117703,0.0921496,0.091959,4104.46,-878.753,-862.123,0.98956,0.934014,1.8126e-05,3951.95,391.864,130.394,-1.01233,1.06293,1.82213e-05,4128.22,-380.287,-646.063,0.992166,-0.522834,4.47172e-06,4275.72,865.649,1380.81,-1.00505,-0.206907,1.8906e-05
4.729,193.814,2.31234,-2.94496e-05,0.000264538,-0.0333529,0.0020491,0.000223468,0.000194693,0.0088545,0.0594564,1,0,1,0,-0.0088603,0.00827753,0.00130868,-0.00131767,0.116835,0.117689,0.0921609,0.0919467,4104.64,-882.16,-859.751,-0.954996,-0.0667431,3.93544e-06,3951.75,395.015,131.281,0.962752,1.14858,4.28094e-06,4128.66,-381.333,-645.295,1.14845,-0.982679,7.21709e-06,4275.22,871.787,1381.72,0.255109,-1.30784,8.77022e-06
4.739,193.814,2.31234,-1.70493e-05,0.000278494,0.0031894,-0.011142,0.000198669,0.000178064,0.00885454,0.0640646,1,0,1,0,-0.00883695,0.00829935,0.00130825,-0.00131886,0.116847,0.117676,0.0921716,0.091935,4105.4,-876.23,-864.441,1.00325,0.896014,-8.89065e-06,3951.31,390.309,127.88,-0.996237,0.99142,-8.28868e-06,4129.3,-379.76,-646.401,1.00502,-0.257734,-5.83142e-06,4274.64,863.806,1380.62,-0.998039,-0.0319453,-1.84108e-05
4.749,193.814,2.31234,-2.40844e-05,0.00026296,-0.0610432,-0.00162942,0.000120657,0.000162498,0.0088547,0.0575276,1,0,1,0,-0.0088277,0.0083095,0.00130788,-0.00131982,0.11686,0.117663,0.092182,0.0919236,4104.77,-882.8,-861.686,-0.990464,0.320964,-1.45432e-05,3951.89,395.48,130.749,1.01078,0.593899,-1.15168e-05,4129.6,-380.44,-646.257,0.984953,-0.323817,-1.93358e-05,4274.5,869.139,1382.29,-0.919428,-1.02773,-2.03725e-05
4.759,193.814,2.31234,5.63086e-05,0.00036153,0.134484,-0.0577637,0.000463452,0.000148493,0.00885493,0.0479169,1,0,1,0,-0.00882368,0.0083135,0.00130721,-0.00131908,0.11687,0.117652,0.0921919,0.0919129,4106.05,-861.589,-868.082,1.00418,0.479541,-3.27231e-05,3950.69,380.823,124.256,-0.994346,0.545897,-3.27438e-05,4129.94,-376.828,-647.653,1.00844,0.251555,-3.41109e-05,4273.49,848.335,1375.84,-0.997888,0.200789,-3.28544e-05
4.769,193.814,2.31234,1.41779e-05,0.000306388,0.00549833,-0.0105515,0.000176359,0.000136431,0.00885524,0.0405499,1,0,1,0,-0.00882605,0.00831237,0.00130716,-0.00131917,0.116877,0.117646,0.0922007,0.0919033,4106.52,-879.632,-863.751,0,0,-3.30235e-05,3950.43,392.618,128.509,0,0,-2.95546e-05,4129.84,-379.672,-646.242,1.03342,-0.129547,-2.79667e-05,4274.21,865.792,1380.71,-0.983442,0.0126446,-2.79141e-05
4.779,193.814,2.31234,-8.74966e-06,0.00026162,-0.0375142,0.0121634,-3.44118e-06,0.000126494,0.00885559,0.03362,1,0,1,0,-0.00880951,0.0083254,0.00130696,-0.00132179,0.116883,0.117641,0.0922086,0.0918951,4107.41,-877.137,-864.692,1.02868,0.938532,-9.80178e-06,3949.94,391.909,128.159,-0.944778,1.12946,-8.67504e-06,4129.69,-379.833,-646.62,1.04698,0.179167,-3.35311e-05,4274.45,865.692,1380.14,-0.981665,0.148395,-3.96405e-05
4.789,193.814,2.31234,2.14745e-05,0.000302546,0.00369916,0.0288435,0.000159517,0.000118346,0.00885601,0.0238783,1,0,1,0,-0.00882614,0.00831145,0.00130637,-0.00131984,0.116889,0.117636,0.0922156,0.0918876,4106.71,-881.3,-864.339,-0.961611,0.674201,-3.86435e-05,3950.31,394.032,128.275,1.07023,0.857639,-3.90268e-05,4129.38,-382.183,-645.604,-0.938255,-0.511339,-3.3387e-05,4275.16,875.282,1381.9,1.00935,-0.231799,-4.63391e-05
4.799,193.814,2.31234,3.97371e-05,0.000267496,0.0258125,-0.0119642,0.00012038,0.00011231,0.00885644,0.0159882,1,0,1,0,-0.00881847,0.00831666,0.00130763,-0.00132168,0.116894,0.117634,0.0922216,0.0918816,4108.02,-875.761,-865.884,1.01996,0.88366,-3.89005e-05,3949.62,389.864,126.361,-0.977931,0.859361,-4.11919e-05,4129.13,-379.68,-646.653,1.05531,0.203669,-0.000250742,4275.08,864.598,1378.32,-0.982858,0.447222,0.000373681
4.809,193.814,2.31235,6.63529e-05,0.000264004,0.0718883,-0.0396237,0.000152398,0.000108422,0.0088569,0.0142181,1,0,1,0,-0.00881277,0.00831946,0.00130614,-0.00131967,0.116896,0.117634,0.0922263,0.0918768,4108.78,-870.072,-866.996,1.01017,0.544981,-5.25498e-05,3949.05,386.304,125.168,-0.987193,0.586729,-5.23079e-05,4128.76,-378.297,-647.9,1.03358,0.625049,-4.3975e-05,4275.32,855.668,1376.23,-0.992996,0.286291,-4.38335e-05
4.819,193.814,2.31235,1.96302e-05,0.000185307,-0.0578674,0.0109884,-8.79595e-05,0.00010643,0.00885737,0.00317377,1,0,1,0,-0.00881378,0.00831717,0.00130573,-0.00132103,0.116897,0.117635,0.0922298,0.0918736,4109.18,-881.345,-862.311,-0.982952,-0.321034,-4.7345e-05,3948.77,394.528,129.734,1.02335,-0.346697,-3.75435e-05,4128.1,-381.358,-647.148,-1.18603,0.854178,-1.61615e-05,4276.63,871.162,1380.5,1.14537,-0.140663,-9.09115e-05
4.829,193.814,2.31235,1.7296e-05,0.000148678,-0.0321236,0.00867146,-0.000138016,0.000106264,0.00885784,2.21114e-05,1,0,1,0,-0.00880294,0.00832385,0.00130579,-0.00132204,0.116896,0.117638,0.0922323,0.0918716,4109.65,-876.458,-865.34,1.0577,0.845943,-4.78481e-05,3948.37,391.205,127.513,-0.909486,0.784575,-4.77644e-05,4127.58,-380.75,-647.467,0,0,-5.18485e-05,4277.12,867.348,1378.1,-0.876896,1.0907,-5.194e-05
4.839,193.814,2.31235,5.99161e-05,0.000174471,0.0628568,-0.0281768,1.40735e-05,0.000107684,0.00885836,0.00911881,1,0,1,0,-0.00881821,0.00830914,0.0013061,-0.00132287,0.116895,0.117643,0.0922337,0.0918706,4111.03,-872.224,-866.363,1.01242,0.554052,-3.05997e-05,3947.27,387.877,125.763,-0.984009,0.592542,-3.04908e-05,4126.93,-379.41,-649.15,1.0619,1.15302,-4.7074e-05,4277.41,857.179,1374.95,-0.992015,0.374158,-4.90377e-05
4.849,193.814,2.31235,9.75615e-06,9.11366e-05,-0.0824354,0.0226508,-0.000165731,0.00011082,0.00885887,0.011777,1,0,1,0,-0.00881618,0.00830848,0.00130571,-0.00132189,0.116892,0.117649,0.0922341,0.0918711,4110.24,-885.314,-858.226,-0.99028,-0.478644,-4.25112e-05,3948.02,398.033,131.975,1.01566,-0.492104,-4.61972e-05,4126.19,-382.175,-646.399,-1.08195,-0.447736,-4.63282e-05,4278.92,874.153,1379.66,1.06786,-0.089238,-4.87698e-05
4.859,193.814,2.31235,1.86538e-05,7.59123e-05,-0.0226896,0.0175066,-0.000181367,0.000115501,0.00885938,0.0167254,1,0,1,0,-0.0088109,0.00830961,0.00130587,-0.00132301,0.116888,0.117657,0.0922333,0.0918726,4111.91,-878.451,-863.901,0,0,-3.17579e-05,3946.85,392.2,129.324,0,0,-3.1869e-05,4125.51,-381.789,-648.884,-0.922839,1.01911,-4.74666e-05,4279.52,869.228,1377.6,1.04483,0.448413,-4.74328e-05
4.869,193.814,2.31235,2.53157e-05,4.59528e-05,-0.0146244,-0.000119052,-0.000166479,0.000121444,0.00885988,0.022493,1,0,1,0,-0.00882095,0.00829849,0.00130587,-0.00132122,0.116883,0.117665,0.0922317,0.0918749,4112.39,-877.914,-862.646,1.18604,-0.891036,-4.69079e-05,3946.42,392.015,129.737,0,0,-4.57819e-05,4124.77,-380.987,-648.9,0,0,-4.91637e-05,4280.19,864.906,1375.25,-1.00632,0.837473,-4.33824e-05
4.879,193.814,2.31235,-2.97644e-06,-1.38186e-06,-0.049271,0.0284803,-0.000269409,0.000128669,0.00886037,0.0270375,1,0,1,0,-0.00881819,0.00829715,0.00130566,-0.00132244,0.116877,0.117674,0.0922292,0.0918787,4112.5,-881.046,-861.371,-0.975868,-0.433793,-5.02169e-05,3946.4,394.474,130.646,1.03617,-0.618185,-5.8942e-05,4124.03,-382.412,-648.973,-0.943154,0.69438,-4.69194e-05,4281.2,870.603,1377.23,1.02265,0.146086,-5.34585e-05
4.889,193.814,2.31235,2.68426e-05,-2.68143e-06,-0.0258507,0.0113602,-0.000169233,0.000136866,0.00886084,0.0326722,1,0,1,0,-0.00883671,0.00827868,0.00130711,-0.00132116,0.116871,0.117684,0.092226,0.0918826,4113.34,-881.653,-859.787,-1.0104,-0.580255,-3.34368e-05,3945.93,394.991,131.685,0.967886,-0.687945,-3.32606e-05,4123.19,-383.092,-648.902,-0.971999,0.397876,-4.43607e-05,4282.15,872.412,1377.09,1.01665,0.0560976,-1.80289e-05
4.899,193.814,2.31235,3.1358e-05,-2.82887e-05,-0.00432946,-0.00789046,-0.000134923,0.000145788,0.0088613,0.0308063,1,0,1,0,-0.00884506,0.00826855,0.00130687,-0.00132032,0.116865,0.117693,0.092222,0.0918874,4113.43,-879.729,-859.985,-0.98538,-0.985606,-3.17841e-05,3945.73,393.856,131.755,1.09714,-1.02789,-7.03766e-05,4122.75,-380.797,-648.975,0,0,-0.000188737,4282.79,864.875,1373.43,-3.38139,1.34416,0.000221749
4.909,193.814,2.31235,2.11639e-05,-5.38768e-05,-0.00011856,-0.000328408,-0.000186837,0.000155365,0.00886171,0.0336234,1,0,1,0,-0.00883624,0.00827198,0.00130634,-0.00132118,0.116858,0.117703,0.0922175,0.0918934,4113.7,-878.821,-860.893,0,0,-3.75592e-05,3945.87,392.043,131.089,-0.901687,-1.11036,-3.62078e-05,4121.96,-382.293,-649.966,-0.939203,1.0595,-3.87865e-05,4283.34,867.792,1374.7,0,0,-3.7288e-05
4.919,193.814,2.31235,4.79997e-06,-9.11478e-05,-0.0129419,0.00562403,-0.000237901,0.000165019,0.00886213,0.0355301,1,0,1,0,-0.00884301,0.0082642,0.00130657,-0.00132061,0.116852,0.117713,0.0922127,0.0918993,4113.79,-877.302,-861.051,1.07728,-0.504445,-3.30204e-05,3945.46,391.678,131.264,-0.920829,-0.729911,-3.4537e-05,4121.39,-382.428,-650.733,-0.90986,1.20859,-3.6124e-05,4284.03,865.971,1374.84,-0.957627,0.696015,-3.64623e-05
4.929,193.814,2.31235,2.66618e-06,-0.000102466,-0.0441097,0.0227874,-0.000201964,0.00017479,0.00886251,0.0381594,1,0,1,0,-0.00885126,0.00825444,0.00130685,-0.00132006,0.116845,0.117723,0.0922076,0.0919055,4113.58,-882.696,-856.533,-0.983675,-0.655193,-3.38687e-05,3945.66,396.002,134.052,1.02804,-0.784342,-3.68627e-05,4120.77,-384.126,-649.467,-0.966293,0.157431,-3.68754e-05,4284.98,874.139,1376.27,1.0037,-0.0579677,-3.67645e-05
4.939,193.814,2.31235,3.98998e-05,-8.19199e-05,0.0575143,-0.0249329,-7.14155e-05,0.000184236,0.00886287,0.0341926,1,0,1,0,-0.00886297,0.00824145,0.00130751,-0.00131863,0.11684,0.117732,0.0922024,0.0919117,4114.02,-874.434,-861.37,1.0154,0.126768,-3.62428e-05,3945.43,390.002,131.164,-0.980003,-0.0473666,-3.6251e-05,4120.49,-381.875,-650.852,0,0,-3.24039e-05,4284.8,861.632,1372.06,-0.988133,0.495337,-3.23181e-05
4.949,193.814,2.31235,2.59735e-05,-0.000112875,0.0400394,-0.0265184,-0.000109721,0.000193355,0.00886322,0.0308876,1,0,1,0,-0.00885917,0.00824161,0.00130734,-0.0013192,0.116834,0.117741,0.0921971,0.0919182,4114.12,-873.738,-861.146,1.01324,0.167622,-5.65528e-05,3945.41,390.056,131.879,-0.981353,-0.174866,-1.15973e-05,4120.19,-381.029,-650.585,1.0549,0.88441,-3.57845e-05,4285.05,858.084,1370.14,-0.992564,0.458042,-3.3341e-05
4.959,193.814,2.31235,-8.70205e-06,-0.000151673,-0.0495497,0.0120712,-0.000200049,0.000201818,0.00886355,0.0296736,1,0,1,0,-0.00885658,0.00824044,0.00130761,-0.00131975,0.116829,0.117749,0.092192,0.0919246,4113.5,-882.596,-855.742,-0.987399,-0.630983,-1.76698e-05,3945.88,396.374,135.01,1.01672,-0.744307,-1.7185e-05,4119.85,-383.651,-649.554,-0.968962,-0.0574383,-3.2472e-05,4285.92,871.664,1375.24,1.01706,-0.0551698,-3.22577e-05
4.969,193.814,2.31235,2.48175e-05,-0.000111235,0.0196353,-0.00943268,-5.06857e-05,0.000209501,0.00886388,0.0285083,1,0,1,0,-0.00887433,0.008224,0.00130781,-0.0013181,0.116825,0.117756,0.0921871,0.0919303,4113.71,-880.558,-857.098,-0.982562,-0.743241,-2.82454e-05,3945.79,394.982,134.37,1.02084,-0.856475,-5.16565e-05,4119.72,-383.501,-650.194,-0.957452,0.41221,-3.41543e-05,4285.93,869.773,1374.48,1.01787,0.0899864,-3.41727e-05
4.979,193.814,2.31235,-2.16451e-05,-0.000169256,-0.0443364,0.00335693,-0.000236542,0.000216614,0.00886418,0.0221182,1,0,1,0,-0.00886249,0.00823101,0.00130791,-0.00131952,0.11682,0.117763,0.0921824,0.0919361,4114.04,-879.384,-856.378,-0.943191,-1.26826,-1.55576e-05,3945.65,394.029,134.963,1.05586,-1.27951,-9.88864e-06,4119.65,-382.731,-650.474,0,0,-2.34942e-05,4285.93,866.412,1373.33,-0.956135,0.711832,-2.00524e-05
4.989,193.814,2.31235,1.36822e-05,-0.000114866,0.0455432,-0.0132527,-1.63502e-05,0.000222729,0.00886449,0.0216121,1,0,1,0,-0.00887375,0.00821956,0.00130835,-0.00131796,0.116818,0.117768,0.0921783,0.0919411,4113.2,-874.495,-859.232,1.01445,0.0863417,-3.35213e-05,3946.12,391.033,133.057,-0.976872,-0.134658,-2.85759e-05,4119.65,-382.571,-650.721,0,0,-3.2688e-05,4285.77,863.545,1372.37,-0.985697,0.426182,-3.15791e-05
4.999,193.814,2.31235,6.91989e-06,-0.00012126,0.00476328,-0.00577814,-3.28055e-05,0.000227997,0.00886479,0.0185388,1,0,1,0,-0.00887492,0.00821624,0.00130838,-0.00131749,0.116816,0.117773,0.0921744,0.0919458,4113.09,-880.866,-855.902,-1.03421,-0.662442,-3.29767e-05,3946.35,395.396,135.092,1.07995,-0.769461,-3.29409e-05,4119.75,-383.905,-649.969,-0.959541,-0.027542,-3.89826e-05,4286.11,870.982,1374.61,1.01156,-0.133315,-3.16237e-05
5.009,193.814,2.31235,-9.17536e-06,-0.000127214,0.00887841,0.00317038,-8.6095e-05,0.00023238,0.00886507,0.0187546,1,0,1,0,-0.00886991,0.00821775,0.00130873,-0.00131843,0.116814,0.117777,0.0921711,0.09195,4113.27,-877.88,-858.504,1.07937,0.519119,2.36517e-06,3946.05,393.148,133.755,0,0,2.37425e-06,4119.72,-383.476,-650.142,-0.923905,0.203335,-2.50761e-05,4285.87,868.262,1373.33,1.05716,0.589163,-2.50799e-05
5.019,193.814,2.31235,-4.72374e-05,-0.00016342,-0.0657515,0.0221521,-0.00020306,0.000235852,0.00886533,0.0107879,1,0,1,0,-0.00886762,0.00821962,0.00130829,-0.0013188,0.116813,0.11778,0.0921683,0.0919539,4112.36,-879.507,-854.26,-0.979383,-1.15496,-2.16537e-05,3946.98,394.841,135.465,1.01894,-0.911331,-2.21491e-05,4119.91,-383.398,-649.328,-0.935307,-0.850048,-1.85989e-05,4285.76,869.386,1374.29,1.01503,-0.162049,-3.10659e-05
5.029,193.814,2.31235,-2.60006e-05,-0.000117896,-0.0183242,0.014027,-8.91008e-05,0.00023852,0.00886556,0.0101436,1,0,1,0,-0.0088713,0.0082152,0.00130886,-0.00131873,0.116812,0.117782,0.0921658,0.0919568,4112.35,-879.541,-856.19,-0.976255,-0.678369,-1.22148e-06,3947.2,394.422,134.794,1.02967,-0.785976,-3.57473e-05,4120.07,-383.803,-649.629,-0.963402,-0.347934,-0.000157689,4285.59,870.42,1374.49,1.00986,-0.213257,0.000252305
5.039,193.814,2.31235,-1.39564e-05,-9.43167e-05,-0.0123376,0.00462993,-2.29563e-06,0.000240049,0.00886578,0.0051589,1,0,1,0,-0.00888369,0.00820353,0.00130886,-0.0013167,0.116814,0.117783,0.0921642,0.0919589,4111.76,-881.367,-854.51,-0.989901,-0.56254,-1.792e-05,3947.61,396.349,135.957,1.01297,-0.583109,-3.68898e-05,4120.33,-383.786,-649.256,-0.967984,-0.60567,-2.36694e-05,4285.4,871.012,1374.9,1.01034,-0.309509,-2.34007e-05
5.049,193.814,2.31235,-3.89976e-05,-0.000106443,-0.041465,0.024952,-9.46188e-05,0.000240816,0.00886597,0.00312819,1,0,1,0,-0.00886914,0.00821553,0.0013086,-0.00131826,0.116815,0.117783,0.0921629,0.0919611,4111.3,-880.798,-855.156,-0.98959,-0.494347,-1.22273e-05,3947.95,395.439,135.314,1.0163,-0.544094,-1.20681e-05,4120.62,-384.107,-648.984,-0.960849,-0.549992,-1.47332e-05,4285.14,872.352,1375.22,0.99851,-0.294284,-1.39402e-05
5.059,193.814,2.31235,-8.47792e-06,-6.93583e-05,0.0163732,-0.00780884,2.12076e-05,0.000240592,0.00886615,0.00213961,1,0,1,0,-0.00887327,0.00820897,0.00130887,-0.00131715,0.116817,0.117783,0.0921622,0.0919619,4111.65,-874.129,-857.862,1.00448,0.216763,0.000116487,3947.75,391.823,134.06,-0.990945,0.0555575,-0.000139971,4120.99,-382.294,-649.835,1.02879,0.0169301,-2.3673e-05,4284.49,863.939,1373.41,-0.993866,0.142074,-2.35698e-05
5.069,193.814,2.31235,-3.55463e-05,-7.26554e-05,-0.0247458,0.0158761,-3.92477e-05,0.000239434,0.00886631,0.00548101,1,0,1,0,-0.00886671,0.00821561,0.00130837,-0.00131781,0.116821,0.117781,0.0921621,0.0919628,4110.31,-879.873,-855.7,-1.03238,-0.459715,-1.68053e-05,3948.78,395.299,135.159,1.07216,-0.489564,-1.64009e-05,4121.48,-383.027,-648.652,0,0,-1.39157e-05,4284.34,869.019,1374.79,1.00466,-0.468596,-2.46232e-05
5.079,193.814,2.31235,1.54078e-05,-1.76049e-05,0.0405619,-0.0288432,0.000173131,0.000237438,0.00886645,0.00756687,1,0,1,0,-0.0088697,0.00821086,0.00130901,-0.00131658,0.116824,0.11778,0.0921627,0.0919626,4110.86,-877.207,-856.873,0,0,-1.7267e-05,3948.36,393.193,134.219,0,0,-8.68837e-07,4121.78,-381.983,-649.26,1.03206,-0.392602,-1.54479e-05,4283.68,864.348,1374.01,-0.988202,-0.0441619,-2.49323e-05
5.089,193.814,2.31235,-1.84748e-05,-3.24274e-05,0.00043902,0.000244406,1.59143e-05,0.000234775,0.0088666,0.0124052,1,0,1,0,-0.00886464,0.0082157,0.00130922,-0.00131777,0.116827,0.117778,0.0921635,0.0919622,4110.86,-877.044,-857.232,0,0,-1.12462e-05,3948.36,393.237,134.197,0,0,-4.275e-06,4122.15,-381.94,-648.412,1.45583,-1.06271,2.52402e-05,4283.29,865.817,1374.03,0,0,-7.77507e-05
5.099,193.814,2.31235,-2.87078e-05,-2.90676e-05,-0.0045602,0.00143338,-1.77343e-05,0.000231635,0.00886673,0.00849608,1,0,1,0,-0.0088617,0.00821786,0.00130863,-0.00131761,0.11683,0.117776,0.0921648,0.0919613,4110.47,-874.094,-857.466,0.96734,0.148048,-3.81065e-05,3948.58,391.508,133.771,-0.929872,0.191372,7.02886e-06,4122.64,-381.502,-649.114,1.01868,-0.169571,-2.27066e-06,4282.96,862.278,1373.66,-0.987496,0.085618,-4.3335e-05
5.109,193.814,2.31235,-1.19224e-05,7.59728e-06,0.0333023,-0.0050385,8.79465e-05,0.000227991,0.00886685,0.0158093,1,0,1,0,-0.00886758,0.0082129,0.00130858,-0.00131663,0.116834,0.117773,0.0921667,0.0919598,4110.04,-873.883,-858.037,1.00536,0.368528,-2.35161e-05,3948.76,391.934,132.216,-0.988494,0.932643,-2.81954e-05,4122.92,-381.313,-648.885,1.02187,-0.23609,-1.33577e-05,4282.4,861.006,1373.35,-0.994473,0.12648,-1.64963e-05
5.119,193.814,2.31235,-1.76033e-05,-1.39337e-05,-0.025756,-0.0126084,2.86412e-05,0.000224168,0.00886696,0.017464,1,0,1,0,-0.00886463,0.00821546,0.00130809,-0.0013148,0.116838,0.11777,0.0921686,0.0919582,4110.21,-877.96,-855.955,-1.11809,-0.761196,-5.61707e-05,3948.94,394.145,134.418,0.854799,-0.3504,-5.72581e-05,4123.23,-381.552,-648.827,0.992845,-0.237375,-1.54327e-05,4282.22,863.748,1374.55,-0.970139,-0.270817,-1.787e-05
5.129,193.814,2.31235,-1.15477e-05,2.28923e-05,0.00464774,0.00149663,7.49087e-05,0.000220241,0.00886706,0.0164587,1,0,1,0,-0.00886016,0.00821784,0.00130743,-0.00131595,0.116842,0.117767,0.0921709,0.0919562,4109.53,-876.413,-857.921,0,0,-7.40804e-06,3949.42,393.102,133.39,0,0,-7.28757e-06,4123.48,-381.86,-647.97,1.03579,-1.03729,1.35531e-05,4281.96,866.206,1374.67,0,0,-4.66696e-05
5.139,193.814,2.31235,-4.09242e-05,2.9436e-06,-0.0564994,0.036663,-5.00287e-05,0.000216128,0.00886717,0.0130798,1,0,1,0,-0.00883987,0.00823536,0.00130813,-0.00131882,0.116847,0.117763,0.0921732,0.0919544,4109.44,-879.723,-857.191,-0.998525,-0.0262435,-8.35514e-06,3949.47,396,134.281,1.00206,-0.166807,-8.53434e-06,4123.64,-383.436,-647.299,-0.994256,-0.800266,-9.35995e-06,4281.98,872.069,1375.83,1.00379,-0.308909,-8.92724e-06
5.149,193.814,2.31235,-1.52282e-05,2.96901e-05,-0.00657011,0.00160729,3.13603e-05,0.00021162,0.00886731,0.0224292,1,0,1,0,-0.00884882,0.00822608,0.00130836,-0.00131725,0.116852,0.117759,0.0921758,0.0919518,4109.95,-876.649,-858.089,0,0,-1.99982e-05,3949.13,393.218,132.516,0,0,-1.97803e-05,4124.01,-382.062,-648.318,0,0,-2.96464e-06,4281.43,866.178,1374.9,0.961125,-0.965732,-4.43751e-05
5.159,193.814,2.31235,-1.27037e-05,4.53717e-05,-0.0117507,0.00550615,9.51723e-05,0.000207228,0.00886745,0.0169158,1,0,1,0,-0.00884811,0.00822784,0.00130817,-0.00131766,0.116856,0.117756,0.0921786,0.0919493,4109.23,-877.737,-857.413,-0.984958,-0.0376524,-2.4446e-05,3949.39,395.146,134.099,1.01233,-0.265324,-1.73018e-05,4124.25,-381.786,-647.618,0,0,-2.08207e-05,4281.18,866.404,1374.87,1.02534,-0.66189,-1.92553e-05
5.169,193.814,2.31235,2.74398e-05,0.00010832,0.111011,-0.0255748,0.000267658,0.000202948,0.00886757,0.0135417,1,0,1,0,-0.00884564,0.00822935,0.00130826,-0.00131753,0.11686,0.117753,0.0921812,0.0919468,4109.61,-864.957,-861.49,1.00246,0.478912,-3.09286e-05,3949.24,385.436,129.399,-0.996635,0.500115,2.0256e-05,4124.55,-379.849,-649.047,1.01359,0.346239,-1.39529e-05,4280.46,855.165,1371.84,-0.996881,0.214113,-1.38204e-05
5.179,193.814,2.31235,-1.92435e-05,2.602e-05,-0.0609918,0.00402463,-2.06207e-05,0.000198769,0.00886771,0.0151311,1,0,1,0,-0.00883668,0.0082366,0.00130769,-0.00131774,0.116863,0.11775,0.0921839,0.0919443,4109.21,-879.429,-854.717,-0.992768,-0.474538,-1.68877e-05,3949.42,396.221,135.119,0.994516,-0.480275,-1.88125e-05,4124.54,-382.034,-647.207,0,0,-3.40571e-05,4280.81,868.459,1375.32,0.950989,-0.338795,2.09749e-05
5.189,193.814,2.31235,-1.51027e-05,4.27977e-05,0.00406031,-0.0148735,-9.2629e-06,0.000194933,0.00886786,0.016588,1,0,1,0,-0.00882753,0.00824464,0.00130769,-0.00131882,0.116867,0.117748,0.0921864,0.091942,4109.9,-870.991,-859.315,1.00366,0.48374,-1.13444e-05,3948.9,390.04,131.43,-0.994554,0.552877,-1.21518e-05,4124.84,-379.432,-648.569,1.01135,0.164715,-1.38245e-05,4280.17,854.938,1371.92,-0.997045,0.209119,-1.30077e-05
5.199,193.814,2.31235,3.1074e-05,0.000102151,0.0934199,-0.0383019,0.0002082,0.00019138,0.00886799,0.0124104,1,0,1,0,-0.00884113,0.00823436,0.00130739,-0.00131909,0.116869,0.117746,0.092189,0.0919394,4109.85,-865.529,-860.856,1.00313,0.434802,-1.33101e-05,3949.26,386.426,129.59,-0.995266,0.506286,-1.33184e-05,4124.9,-379.503,-648.933,1.01459,0.400039,-2.1909e-06,4280,853.921,1371.38,-0.996862,0.233329,-7.89846e-06
5.209,193.814,2.31235,2.04386e-06,7.80887e-05,0.015189,-0.0108597,5.7018e-05,0.000188469,0.00886814,0.0107515,1,0,1,0,-0.00883335,0.00823879,0.00130758,-0.00131828,0.116871,0.117745,0.0921912,0.0919375,4110.46,-874.907,-857.86,0,0,-0.0001156,3948.46,393.038,132.993,1.0325,-0.385685,8.1004e-05,4124.85,-380.7,-648.336,1.03215,0.214334,-9.89906e-06,4280.3,861.107,1373.33,-0.994048,0.207587,-8.62669e-06
5.219,193.814,2.31235,-1.3866e-05,6.66566e-05,0.00479926,0.00761534,-2.38426e-06,0.000186073,0.00886827,0.0061245,1,0,1,0,-0.00883583,0.0082368,0.00130758,-0.00131796,0.116873,0.117744,0.0921931,0.0919356,4110.7,-874.835,-858.831,0,0,4.8391e-05,3948.46,392.399,131.831,0,0,-3.04427e-05,4124.75,-381.527,-648.351,0,0,0.000522983,4280.49,864.386,1374.05,0,0,-0.00107856
5.229,193.814,2.31235,-1.63659e-05,3.147e-05,-0.0402133,-0.00281366,-5.9597e-05,0.000184146,0.0088684,0.0115571,1,0,1,0,-0.00882743,0.00824157,0.00130741,-0.00131875,0.116875,0.117743,0.0921949,0.0919339,4110.13,-875.417,-856.416,-0.980723,-1.05928,-1.57538e-05,3948.91,393.456,133.125,1.01508,-0.45847,-1.02791e-05,4124.73,-381.186,-648.173,0,0,-1.42638e-05,4280.58,863.921,1374.02,0,0,-1.10881e-05
5.239,193.814,2.31235,-1.09465e-05,4.00941e-05,-0.012115,-0.0061217,1.76993e-05,0.000182489,0.00886849,0.00891404,1,0,1,0,-0.00882886,0.00824165,0.00130745,-0.00131841,0.116878,0.11774,0.0921965,0.0919324,4109.17,-875.092,-858.011,-0.952521,0.327427,-1.45285e-05,3949.54,393.256,132.427,1.02505,0.11928,-1.30211e-05,4124.69,-380.477,-647.879,1.23983,-0.324616,-1.40527e-05,4280.52,861.661,1373.15,-1.1714,0.335218,-1.43872e-05
5.249,193.814,2.31235,-5.99136e-06,5.48569e-05,-0.00719451,-0.00236574,4.13051e-05,0.000181371,0.00886859,0.00426754,1,0,1,0,-0.00882917,0.00824118,0.00130742,-0.00131858,0.116879,0.11774,0.0921978,0.0919313,4109.36,-875.983,-856.947,-0.991541,-0.430055,-6.94912e-06,3949.38,393.833,133.283,1.01123,-0.517198,-6.93157e-06,4124.55,-381.102,-647.738,0,0,-8.99062e-06,4280.69,864.173,1374.04,1.32959,-0.648868,-4.10713e-06
5.259,193.814,2.31235,5.09316e-08,6.44086e-05,0.0201208,0.00809764,5.52813e-05,0.000180473,0.00886866,0.00149611,1,0,1,0,-0.00883037,0.00823944,0.0013073,-0.00131818,0.116879,0.11774,0.0921989,0.0919302,4109.84,-874.361,-858.937,0,0,-6.02552e-06,3948.97,392.335,131.414,0,0,-5.20768e-06,4124.44,-381.821,-648.118,-0.971323,-0.0831934,-8.80937e-06,4280.91,865.543,1374.01,1.00613,-0.179679,-4.93759e-06
5.269,193.814,2.31235,2.63085e-05,7.68631e-05,0.0467001,-0.0169955,0.000117028,0.000179775,0.00886873,0.00155936,1,0,1,0,-0.00883247,0.00823764,0.00130722,-0.0013176,0.11688,0.11774,0.0921998,0.0919296,4110.71,-872.471,-858.864,1.00039,0.64472,-1.93632e-05,3948.32,391.316,131.58,-0.999377,0.647477,-1.91322e-05,4124.46,-381.158,-648.525,0,0,-7.28039e-06,4280.79,862.803,1372.95,0,0,-7.63182e-06
5.279,193.814,2.31235,-8.07706e-06,2.94778e-05,-0.0226481,-0.00125678,-3.29749e-05,0.000179493,0.00886879,0.000602334,1,0,1,0,-0.00882466,0.00824351,0.00130639,-0.00131792,0.116879,0.117742,0.0922004,0.0919293,4110.7,-876.596,-855.816,-0.998464,-0.493597,-1.20029e-05,3948.28,394.503,133.556,1.00197,-0.486365,-5.39783e-06,4124.33,-381.774,-648.705,-0.981246,0.807421,2.32682e-05,4281.04,865.084,1373.83,0.998553,-0.22802,-6.81753e-05
5.289,193.814,2.31235,-1.42103e-05,3.55752e-05,-0.0406695,0.024836,-4.49447e-05,0.000179686,0.00886883,0.00411069,1,0,1,0,-0.00883147,0.0082381,0.00130721,-0.00131885,0.116878,0.117743,0.0922007,0.0919291,4110.62,-879.098,-853.513,-0.998119,-0.49158,-3.04039e-06,3948.19,396.099,134.414,1.00309,-0.470994,-3.07194e-06,4124.14,-383.136,-647.163,-0.980009,-0.420787,-2.36702e-06,4281.53,871.535,1374.62,0.996545,-0.178967,-3.36026e-06
5.299,193.814,2.31235,-1.46224e-05,2.0355e-05,0.000887252,-0.0037103,-7.16992e-05,0.000180268,0.0088689,0.0031949,1,0,1,0,-0.00882609,0.00824082,0.00130721,-0.00131892,0.116878,0.117744,0.0922009,0.0919293,4111.02,-871.086,-858.232,0.999523,0.269367,1.15349e-06,3947.82,390.674,132.306,-0.995995,0.00461956,2.72698e-06,4124.07,-380.461,-649.015,1.018,0.865715,-4.6473e-06,4281.09,858.619,1371.47,-0.995598,0.348851,-3.61643e-06
5.309,193.814,2.31235,-1.34991e-05,2.00076e-05,-0.0156352,-0.00232274,-2.36721e-05,0.000181257,0.00886895,0.00332307,1,0,1,0,-0.00883762,0.00823009,0.00130784,-0.00131691,0.116877,0.117746,0.0922008,0.0919296,4110.53,-874.58,-855.112,-0.986629,-1.08844,9.27227e-07,3948.25,393.239,134.543,1.01349,-1.1333,-1.31387e-05,4123.88,-381.022,-648.602,0,0,-1.75108e-05,4281.32,862.96,1372.81,0,0,2.2178e-05
5.319,193.814,2.31235,-1.2839e-05,1.55154e-05,-0.00971809,0.00488928,-4.79498e-05,0.00018273,0.008869,0.00383712,1,0,1,0,-0.00883495,0.00823295,0.00130538,-0.00131837,0.116876,0.117747,0.0922004,0.0919301,4110.98,-875.383,-856.498,-0.997336,-0.36397,-5.03372e-06,3948.01,393.657,133.148,1.00392,-0.473853,-4.36619e-06,4123.64,-381.76,-648.762,-0.967213,0.651643,5.35704e-05,4281.65,864.375,1373.11,0.984934,-0.17256,-0.00012079
5.329,193.814,2.31235,-7.69248e-06,5.21368e-06,-0.0242227,-0.00101961,-3.64071e-05,0.000184383,0.008869,0.00584416,1,0,1,0,-0.00883135,0.00823522,0.0013065,-0.00131776,0.116875,0.117748,0.0922,0.091931,4111.25,-876.673,-854.445,-1.00042,-0.551208,-3.33054e-06,3948.03,394.67,133.892,0.999251,-0.512473,3.294e-06,4123.55,-381.993,-648.447,-1.0023,-0.0381734,0.000160307,4281.97,865.542,1373.03,0.999859,-0.128976,-0.000323067
5.339,193.814,2.31235,-1.99757e-05,-1.24661e-05,-0.00811739,0.00526152,-5.76822e-05,0.000186008,0.00886902,0.00647584,1,0,1,0,-0.00882486,0.00824152,0.00130718,-0.00131903,0.116875,0.117749,0.0921993,0.091932,4110.3,-871.498,-857.833,1.0399,0.385397,1.65896e-06,3948.27,391.59,132.448,-1.05769,-0.0115051,2.16396e-06,4123.31,-381.165,-648.514,0,0,3.8678e-07,4281.79,861.721,1371.32,-0.997618,0.968087,2.79439e-07
5.349,193.814,2.31235,2.91839e-05,3.84375e-05,0.089358,-0.0355918,0.000133574,0.000187634,0.00886903,0.00656829,1,0,1,0,-0.00883085,0.00823516,0.00130734,-0.00131833,0.116873,0.117751,0.0921986,0.0919328,4110.82,-865.026,-859.27,0.999612,0.340417,1.00497e-06,3948.1,386.428,130.257,-1.00049,0.37974,3.3079e-06,4123.35,-379.801,-649.602,0.998189,0.712931,3.16879e-06,4281.6,852.952,1369.27,-1.00033,0.298672,-5.80087e-06
5.359,193.814,2.31235,-8.99389e-06,-3.29012e-06,-0.0241999,0.010585,-3.1951e-05,0.000189278,0.00886906,0.00817102,1,0,1,0,-0.00883669,0.00822968,0.00130745,-0.00131807,0.116872,0.117753,0.0921978,0.0919339,4110.88,-877.604,-853.747,-0.998701,-0.444605,-1.53089e-06,3947.92,396.171,134.806,1.00186,-0.480411,-1.51162e-06,4123.12,-382.782,-647.738,-0.981916,-0.435453,4.92866e-08,4282.44,868.428,1373.16,0.995744,-0.165649,-4.04538e-06
5.369,193.814,2.31235,-1.15442e-05,-1.71594e-05,-0.0135364,-0.00425366,-5.92115e-05,0.000190878,0.0088691,0.00745305,1,0,1,0,-0.00884174,0.00822558,0.0013073,-0.0013173,0.11687,0.117755,0.0921968,0.0919349,4111.3,-874.315,-854.178,-1.08666,-0.990859,-3.69085e-05,3947.54,393.69,134.042,1.07745,-0.760677,-3.67671e-05,4123.36,-380.218,-648.771,0,0,-1.84645e-05,4282.5,859.983,1371.14,-3.41184,0.965553,-1.79774e-05
5.379,193.814,2.31235,-3.48199e-05,-5.11433e-05,-0.0263623,0.00161545,-0.000185176,0.000192905,0.0088691,0.00604925,1,0,1,0,-0.00882024,0.0082446,0.00130717,-0.00131996,0.116867,0.117758,0.0921958,0.0919367,4112.04,-869.897,-857.64,0.998165,0.408527,2.58823e-06,3947.11,390.54,132.086,-1.00317,0.385662,6.45639e-06,4123.01,-380.63,-649.604,0.999576,0.999134,1.48207e-06,4282.09,856.561,1369.89,-1.00006,0.340175,6.61854e-06
5.389,193.814,2.31235,-1.59463e-05,-1.01314e-05,0.00421595,0.00357648,-5.09897e-05,0.000194693,0.00886913,0.00829615,1,0,1,0,-0.00884171,0.00822514,0.00130673,-0.00131766,0.116866,0.117759,0.0921948,0.0919377,4111.3,-873.29,-855.611,-1.05187,-0.986352,2.43614e-07,3947.54,392.633,133.421,0,0,-3.82286e-07,4122.94,-381.744,-649.341,0,0,4.61747e-05,4282.44,862.593,1371.58,1.01516,0.247484,-9.12964e-05
5.399,193.814,2.31235,6.06255e-06,-6.81852e-06,0.0442917,-0.0272123,3.04794e-05,0.000196588,0.00886915,0.00697686,1,0,1,0,-0.00883886,0.00822633,0.00130757,-0.00131702,0.116865,0.11776,0.0921938,0.0919389,4111.2,-868.005,-856.974,0.99843,0.146771,-8.16531e-06,3947.65,389.104,131.31,-1.0019,0.484446,-8.0706e-06,4122.81,-380.25,-649.668,1.01871,0.783011,-1.50658e-06,4282.14,854.235,1368.72,-1.00667,0.348821,-1.48493e-06
5.409,193.814,2.31235,-2.57813e-05,-4.254e-05,-0.0258733,0.00397314,-6.36791e-05,0.000198259,0.00886917,0.000650422,1,0,1,0,-0.00884093,0.0082243,0.0013075,-0.0013181,0.116865,0.117761,0.0921928,0.0919402,4110.99,-874.963,-855.791,-0.994975,-0.135113,-4.47028e-06,3948.05,394.408,133.508,0.995851,-0.216317,-4.64736e-06,4122.71,-381.778,-648.855,0,0,-6.29889e-06,4282.58,863.41,1371.87,1.0003,-0.185993,-5.73197e-06
5.419,193.814,2.31235,-2.30709e-05,-3.40815e-05,-0.0319533,0.00746497,-5.8308e-05,0.000199822,0.0088692,0.00582055,1,0,1,0,-0.00884453,0.00822067,0.00130731,-0.00131764,0.116865,0.117762,0.0921918,0.0919414,4110.47,-874.905,-853.318,-1.01045,-0.689539,-1.21855e-05,3948.18,394.539,135.081,1.02165,-0.709327,-5.04921e-06,4122.75,-381.923,-648.416,-0.768581,-0.487082,-9.68564e-06,4282.77,864.667,1372.08,0.92807,-0.19636,-6.71364e-07
5.429,193.814,2.31235,-3.90495e-05,-6.28939e-05,-0.0377715,0.0091997,-0.000155007,0.0002012,0.0088692,0.00712148,1,0,1,0,-0.00882878,0.00823454,0.00130746,-0.00131896,0.116863,0.117763,0.0921909,0.0919428,4111.24,-873.239,-856.079,-1.02292,0.0245992,3.24496e-07,3947.81,393.026,132.852,0.97323,0.331401,3.03927e-06,4122.72,-381.172,-648.298,0,0,2.51956e-07,4282.5,860.725,1369.69,-1.01618,1.07607,1.49333e-06
5.439,193.814,2.31235,-2.07009e-05,-2.0991e-05,-0.0287375,0.0257253,-2.93002e-05,0.000202243,0.00886921,0.00475523,1,0,1,0,-0.00883552,0.00822896,0.00130753,-0.00131852,0.116863,0.117764,0.0921901,0.0919437,4110.96,-877.277,-853.597,-1.00103,-0.295168,3.74727e-06,3948.02,396.86,135.067,0.998726,-0.36101,3.73066e-06,4122.72,-383.36,-647.959,-1.00018,-0.360382,2.58901e-06,4282.9,869.436,1372.82,0.999654,-0.222668,2.46975e-06
5.449,193.814,2.31235,-2.89038e-05,-3.50154e-05,-0.0424464,0.0233406,-7.81107e-05,0.000203012,0.00886922,0.00789361,1,0,1,0,-0.00884181,0.00822258,0.0013076,-0.00131829,0.116862,0.117765,0.0921895,0.0919446,4110.39,-875.98,-851.981,-1.00814,-0.58287,-2.44233e-05,3948.38,395.572,135.622,1.0169,-0.592469,2.46399e-05,4122.76,-383.16,-648.079,-1.00208,-0.353021,2.40894e-06,4282.83,868.596,1372.63,1.00219,-0.226717,1.27282e-06
5.459,193.814,2.31235,-5.11375e-05,-5.3425e-05,-0.0418496,0.0263549,-0.000160491,0.000203894,0.00886922,0.00410029,1,0,1,0,-0.00883529,0.00822792,0.0013075,-0.00131956,0.116861,0.117767,0.0921888,0.0919456,4110.66,-872.517,-854.872,0,0,8.7318e-06,3948.03,392.746,133.94,0,0,8.7664e-06,4122.81,-381.642,-648.477,0,0,4.22723e-06,4282.53,862.728,1371.31,0.863684,-0.127112,4.21246e-06
5.469,193.814,2.31235,1.68385e-05,3.16906e-05,0.105524,-0.0141542,0.0001576,0.00020453,0.00886923,0.00574541,1,0,1,0,-0.008846,0.00821856,0.00130757,-0.00131651,0.116861,0.117767,0.0921883,0.0919461,4110.61,-862.928,-858.873,1.00024,0.504362,-2.15955e-05,3948.07,386.414,130.45,-0.999652,0.483878,-2.10572e-05,4122.9,-381.027,-649.575,0,0,-5.00657e-06,4282.09,857.097,1369.21,-0.998574,0.39857,-4.31109e-06
5.479,193.814,2.31235,-2.23251e-05,-1.5736e-05,0.00717926,0.00346289,-2.45329e-05,0.000205127,0.00886928,0.001761,1,0,1,0,-0.00884305,0.00822022,0.0013078,-0.00131756,0.116861,0.117768,0.0921878,0.0919467,4110.54,-872.352,-852.782,-0.933216,-1.21275,-3.59231e-06,3947.79,393.131,132.205,1.06028,0.938838,-3.43896e-06,4122.86,-381.779,-648.79,0,0,-5.84688e-06,4282.53,860.924,1370.74,0,0,-5.96702e-06
5.489,193.814,2.31235,-5.20356e-05,-5.19284e-05,-0.0772804,0.0384984,-0.000139933,0.000205812,0.0088693,0.00410774,1,0,1,0,-0.00883305,0.00822883,0.00130772,-0.00131907,0.116861,0.117769,0.0921874,0.0919476,4110.29,-876.756,-852.136,-0.999483,-0.377205,4.97332e-06,3948.36,396.915,135.754,1.00063,-0.418509,4.94572e-06,4122.75,-383.272,-648.229,-0.998445,-0.290608,-4.77136e-06,4282.86,868.684,1372.51,1.00091,-0.252645,-3.76858e-06
5.499,193.814,2.31234,-6.94526e-06,1.10627e-05,0.0210169,0.00853408,8.55475e-05,0.000206136,0.00886933,0.00793118,1,0,1,0,-0.00884654,0.00821708,0.00130894,-0.00131822,0.116862,0.117768,0.0921873,0.091948,4110.65,-872.045,-855.058,-0.993419,-0.191233,3.71256e-06,3948.2,393.026,133.764,1.00493,-0.293281,3.71553e-06,4122.89,-382.315,-648.601,-0.991034,-0.274832,-5.05945e-06,4282.58,864.093,1371.23,1.0021,-0.182003,-8.62242e-06
5.509,193.814,2.31234,-3.19756e-05,-2.7634e-05,0.00298633,0.00729524,-5.10843e-05,0.000206277,0.00886938,0.00176417,1,0,1,0,-0.0088253,0.00823556,0.00130758,-0.00131923,0.116862,0.117768,0.092187,0.0919486,4110.17,-867.186,-856.509,1.00202,0.464298,2.80954e-06,3948.49,389.768,132.326,-1.00487,0.480108,-8.6695e-07,4122.97,-380.961,-649.21,0,0,-3.25364e-06,4282.1,858.176,1369.82,-0.992556,0.30351,-5.62534e-06
5.519,193.814,2.31234,-4.26544e-05,-2.40741e-05,-0.018382,0.0265599,-7.92064e-05,0.000206026,0.00886944,0.00219187,1,0,1,0,-0.00883954,0.00822276,0.00130767,-0.00131836,0.116863,0.117767,0.092187,0.0919488,4110.04,-872.239,-855.107,-1.01859,0.0972121,5.59974e-07,3948.69,393.045,133.673,1.0386,-0.119541,-5.26703e-06,4123.06,-381.97,-648.259,-0.989795,-0.644144,-4.43893e-06,4282.36,863.458,1371.03,1.00179,-0.179458,-4.0939e-06
5.529,193.814,2.31234,-1.64796e-05,-1.98743e-05,0.00887017,-0.0135974,-2.3873e-05,0.000205642,0.0088695,0.00216554,1,0,1,0,-0.0088366,0.00822455,0.00130779,-0.00131789,0.116864,0.117767,0.0921871,0.0919488,4110.82,-868.055,-855.708,1.00244,0.367461,-4.78099e-06,3948.08,390.408,132.86,-0.99712,0.399672,-6.60821e-06,4123.18,-380.439,-649.523,0.966207,0.778708,-7.24727e-06,4281.88,855.375,1369.09,-0.983841,0.253854,-4.51508e-06
5.539,193.814,2.31234,-1.80961e-05,-1.16357e-05,0.0241417,-0.0130888,-3.3161e-05,0.00020528,0.00886956,0.00260833,1,0,1,0,-0.00883393,0.00822705,0.00130769,-0.00131841,0.116864,0.117768,0.092187,0.0919488,4110.79,-865.287,-856.52,1.01365,0.41703,8.64317e-06,3948.07,388.778,132.046,-0.980384,0.438386,4.51605e-06,4123.34,-379.898,-649.634,1.05454,0.666659,5.19078e-06,4281.74,852.248,1368.23,-0.990032,0.247083,3.15147e-06
5.549,193.814,2.31234,-3.09791e-06,-8.14028e-07,0.00752825,-0.0154,3.28437e-05,0.000204765,0.00886959,0.000830246,1,0,1,0,-0.00883651,0.00822335,0.0013079,-0.00131749,0.116864,0.117768,0.0921875,0.0919487,4110.94,-870.296,-854.729,0,0,-5.1405e-06,3948.02,392.1,133.754,0,0,1.37295e-05,4123.3,-380.686,-648.752,0,0,-7.8248e-06,4281.85,858.194,1369.68,-1.09363,0.365091,4.69896e-06
5.559,193.814,2.31234,-1.27826e-05,3.77347e-06,0.0317277,-0.00692702,4.76464e-05,0.000204099,0.00886965,0.00283315,1,0,1,0,-0.00884563,0.00821574,0.00130731,-0.0013167,0.116866,0.117767,0.0921879,0.0919488,4110.44,-867.609,-856.955,1.00255,0.851526,-7.36232e-06,3948.28,390.09,132.435,-0.995836,0.545014,-8.97216e-06,4123.4,-380.454,-649.377,1.01148,0.8053,1.78936e-05,4281.69,855.587,1369.02,-0.996843,0.265274,-5.92653e-05
5.569,193.814,2.31234,-1.95661e-05,6.90902e-08,0.0369609,-0.0150672,-1.79727e-05,0.000203516,0.00886972,0.00581545,1,0,1,0,-0.00883482,0.00822472,0.00130762,-0.00131832,0.116867,0.117767,0.0921882,0.0919489,4109.82,-863.674,-856.329,1.00235,0.360952,-6.95831e-06,3948.64,387.711,131.719,-0.9968,0.424258,-1.51226e-06,4123.56,-378.948,-649.507,1.00716,0.413413,-2.17447e-06,4281.31,848.732,1367.24,-0.998195,0.2403,-1.24889e-05
5.579,193.814,2.31234,-1.01217e-05,1.58139e-05,-9.53992e-05,0.00767965,4.39054e-05,0.000203026,0.0088698,0.00108393,1,0,1,0,-0.00883358,0.00822538,0.0013077,-0.00131811,0.116867,0.117767,0.0921886,0.0919487,4110.44,-871.696,-853.838,-0.998156,-0.294821,-2.55979e-05,3948.33,393.717,134.437,1.00399,-0.414749,4.69926e-06,4123.42,-381.892,-648.38,-0.989976,-0.370386,-1.09402e-05,4281.88,862.784,1370.62,1.00235,-0.204937,-5.96362e-06
5.589,193.814,2.31234,-3.21035e-05,-3.78062e-06,-0.0403365,0.0279417,-3.78349e-05,0.000202349,0.00886989,0.000943174,1,0,1,0,-0.00883625,0.00822254,0.00130763,-0.0013181,0.116868,0.117767,0.0921891,0.0919485,4109.66,-874.092,-852.007,-0.996888,-0.375868,-2.39479e-06,3949.06,395.831,135.508,1.00382,-0.425323,-1.13062e-05,4123.46,-382.627,-647.588,-0.99095,-0.529231,-9.33873e-06,4282.03,866.406,1371.47,1.00172,-0.243045,-1.93189e-06
5.599,193.814,2.31234,-4.94901e-07,2.86266e-05,0.0436501,-0.0118246,8.2705e-05,0.000201611,0.00886999,0.000718737,1,0,1,0,-0.00883816,0.00822026,0.00130775,-0.0013173,0.11687,0.117766,0.0921895,0.0919481,4110.04,-866.419,-855.488,1.01051,0.419144,-6.71523e-06,3948.72,389.814,132.593,-0.985635,0.448146,-8.33527e-06,4123.62,-380.494,-649.023,0,0,-8.47826e-06,4281.48,856.225,1369.06,-0.980399,0.262206,-6.54212e-06
5.609,193.814,2.31234,-3.15497e-05,-1.69212e-05,-0.0406289,0.00868204,-6.98569e-05,0.000201074,0.00887007,0.00190453,1,0,1,0,-0.00883025,0.0082273,0.00130764,-0.00131841,0.11687,0.117766,0.09219,0.0919481,4110.05,-871.48,-853.208,-1.00077,-0.432704,-5.65307e-06,3948.8,393.662,134.868,1.00055,-0.605735,-5.79923e-06,4123.6,-381.203,-648.57,0,0,-7.83753e-06,4281.68,860.745,1370.44,1.01205,-0.377362,-8.33141e-06
5.619,193.814,2.31234,-2.30874e-05,-2.81102e-06,-0.0298749,0.00895274,-3.9286e-05,0.000200377,0.00887015,0.00205949,1,0,1,0,-0.00883557,0.00822264,0.00130752,-0.00131761,0.116872,0.117766,0.0921906,0.0919477,4110.01,-871.416,-852.341,-0.990321,-0.652436,-9.89624e-06,3948.83,393.858,135.071,1.00463,-0.629247,-7.75716e-06,4123.67,-381.076,-648.117,0,0,-4.34523e-06,4281.69,860.665,1370.08,0.868831,-0.174324,-4.41129e-06
5.629,193.814,2.31234,-1.72161e-05,4.78836e-06,0.00843099,-0.0021821,-2.37904e-05,0.000199745,0.00887021,0.00169849,1,0,1,0,-0.00883309,0.00822432,0.00130761,-0.00131763,0.116872,0.117765,0.0921911,0.0919475,4110.08,-867.269,-855.257,1.0068,0.520108,-2.27439e-06,3948.74,390.098,132.537,-0.994684,0.528816,-2.53432e-06,4123.76,-380.641,-649.193,0,0,8.26101e-06,4281.44,856.472,1369.24,-0.827532,0.165297,-2.31297e-05
5.639,193.814,2.31234,3.93605e-06,3.30611e-05,0.0353395,-0.0142822,9.08704e-05,0.000198905,0.00887027,0.0035277,1,0,1,0,-0.00884486,0.00821426,0.00130778,-0.00131755,0.116874,0.117764,0.0921918,0.091947,4110.34,-868.367,-854.489,1.00455,0.154191,-2.3872e-05,3948.91,391.318,132.823,-0.994138,0.874105,-2.30071e-05,4123.78,-380.353,-648.821,0.989898,0.337768,-1.28355e-05,4281.4,855.593,1368.9,-1.00207,0.23553,-1.42431e-05
5.649,193.814,2.31234,-8.60346e-06,1.68098e-05,0.0276275,-0.00753337,3.00028e-05,0.000198018,0.00887034,0.00736391,1,0,1,0,-0.00883549,0.00822075,0.00130747,-0.00131774,0.116876,0.117763,0.0921924,0.0919469,4109.24,-867.104,-855.3,1.00715,0.575742,2.76118e-07,3949.4,390.596,132.541,-0.991788,0.65856,-1.69757e-05,4123.97,-380.029,-648.845,1.01683,0.328588,-9.54807e-06,4281.21,854.937,1368.92,-0.994952,0.186074,-5.78679e-07
5.659,193.814,2.31234,1.40086e-05,3.67043e-05,0.0605198,-0.0270792,9.2218e-05,0.000197213,0.00887041,0.00185786,1,0,1,0,-0.00882927,0.00822493,0.00130763,-0.00131763,0.116876,0.117764,0.092193,0.0919465,4109.83,-864.063,-855.761,1.00246,0.39713,4.29273e-06,3948.88,388.296,131.749,-0.996976,0.474938,4.17205e-06,4124,-379.401,-649.127,1.00807,0.442529,-4.80396e-06,4281.01,851.149,1367.54,-0.996735,0.254934,-4.78148e-06
5.669,193.814,2.31234,-3.0142e-05,-8.21389e-06,-0.0899297,0.0571186,-6.66222e-05,0.000196322,0.0088705,0.00513668,1,0,1,0,-0.00882418,0.00822887,0.00130746,-0.0013185,0.116878,0.117764,0.0921936,0.0919464,4109.54,-879.256,-850.65,-0.997873,-0.214653,-6.56766e-06,3949.16,401.032,136.976,1.00274,-0.328978,-6.56844e-06,4123.83,-384.931,-646.003,-0.996363,-0.45155,-1.12798e-05,4282.2,876.254,1373.13,1.00073,-0.235709,-1.13079e-05
5.679,193.814,2.31234,-5.21725e-06,2.23579e-05,-0.00184869,0.00217017,3.8341e-05,0.000195574,0.00887064,0.00101066,1,0,1,0,-0.00883319,0.00822048,0.00130755,-0.00131734,0.116878,0.117764,0.0921942,0.091946,4109.97,-871.279,-852.245,-0.982443,-0.446923,-1.06034e-05,3948.7,394.043,134.739,0.996133,-0.454181,-1.17774e-05,4123.98,-381.249,-647.691,-0.899141,-0.867063,-2.14854e-05,4281.37,861.202,1369.68,0.987898,-0.127555,4.51159e-06
5.689,193.814,2.31234,-4.4554e-06,2.4947e-05,0.00668639,0.00689031,2.5998e-05,0.000195206,0.00887076,0.00162517,1,0,1,0,-0.00883083,0.00822292,0.00130717,-0.00131675,0.116877,0.117766,0.0921947,0.0919459,4110.52,-869.671,-853.895,-0.956849,-0.128319,-2.55415e-05,3948.18,392.657,133.787,1.03621,-0.242566,-2.5619e-05,4123.91,-381.56,-648.458,-0.988863,-0.141764,-1.07611e-05,4281.42,861.124,1369.73,1.01322,-0.173779,-1.0682e-05
5.699,193.814,2.31234,-1.35529e-05,1.60181e-05,-0.0054111,0.0132179,2.06992e-06,0.000194903,0.00887087,0.000525629,1,0,1,0,-0.0088331,0.00822031,0.00130677,-0.00131757,0.116878,0.117765,0.0921952,0.0919457,4109.97,-870.13,-852.847,-0.955875,-0.443958,-1.59192e-05,3948.81,393.131,134.353,1.06546,-0.519036,-4.35847e-06,4123.97,-381.357,-647.346,-0.963829,-0.981332,-8.50493e-05,4281.58,861.04,1368.98,1.00636,0.0306595,0.000126551
5.709,193.814,2.31234,-1.65174e-05,1.27032e-05,-0.0411213,0.0204127,-1.30291e-06,0.000194881,0.00887097,0.0011859,1,0,1,0,-0.00883525,0.008218,0.00130866,-0.00131793,0.116879,0.117765,0.0921954,0.0919456,4110.01,-875.062,-849.908,-1.00182,-0.374325,2.80583e-06,3949.06,397.343,136.37,1.00428,-0.432207,-1.00984e-05,4123.83,-382.265,-647.433,-0.994568,-0.526977,-8.9279e-06,4281.79,865.293,1370.72,1.00098,-0.2466,-9.77938e-06
5.719,193.814,2.31234,-2.1451e-06,3.03308e-06,0.0110689,-0.013488,-1.43886e-05,0.00019492,0.00887107,0.00124792,1,0,1,0,-0.00881619,0.00823348,0.00130723,-0.00131818,0.11688,0.117765,0.0921957,0.0919458,4110.42,-864.838,-854.879,1.00192,0.380466,-9.91131e-06,3948.47,389.401,132.581,-0.997547,0.410369,-9.6293e-06,4123.91,-379.52,-648.406,1.01074,-0.193758,-8.49968e-06,4281.18,852.601,1366.16,-0.997197,0.500138,-8.65703e-06
5.729,193.814,2.31234,-3.02673e-05,-1.63704e-05,-0.0397166,0.0212069,-8.68854e-05,0.000194872,0.00887117,0.00150047,1,0,1,0,-0.00881876,0.00823092,0.00130724,-0.001319,0.116881,0.117765,0.092196,0.0919459,4109.63,-869.362,-853.046,-0.993248,-0.425313,-4.85622e-06,3949.16,392.845,134.381,1.00842,-0.597174,-4.89127e-06,4123.81,-381.068,-648.07,-0.930485,-0.74871,-8.29088e-06,4281.55,859.833,1369.31,0.994921,-0.185542,-6.8121e-06
5.739,193.814,2.31234,-6.44849e-06,1.58943e-06,0.00193852,-0.0019606,-1.7192e-05,0.000194607,0.00887128,0.000165385,1,0,1,0,-0.00882567,0.00822365,0.00130745,-0.00131746,0.116883,0.117765,0.0921963,0.0919457,4110.17,-868.374,-854.346,0,0,-1.19145e-05,3948.71,392.088,133.236,0,0,-1.22473e-05,4123.9,-380.585,-648.733,0,0,-1.271e-05,4281.41,857.114,1368.74,0,0,-1.23867e-05
5.749,193.814,2.31234,-2.77596e-06,1.29809e-05,0.00521971,-0.000321901,-1.01352e-05,0.000194665,0.00887138,0.00321639,1,0,1,0,-0.00882753,0.0082225,0.00130739,-0.00131811,0.116881,0.117767,0.0921965,0.0919458,4110.66,-868.162,-853.159,0,0,-4.35235e-06,3948.36,391.815,133.827,0,0,-1.12437e-05,4123.87,-380.672,-648.51,0,0,-1.1713e-05,4281.46,857.492,1368.28,1.01909,0.492901,-1.09282e-06
5.759,193.814,2.31234,-1.0925e-05,2.21947e-06,-0.00887318,0.00584968,-1.8341e-05,0.000194695,0.00887147,0.00120031,1,0,1,0,-0.00883011,0.00821893,0.00130718,-0.00131691,0.116881,0.117767,0.0921968,0.091946,4110.27,-868.15,-853.022,0,0,-4.55454e-05,3948.6,392.076,134.194,0,0,2.93684e-05,4123.76,-380.654,-648.487,0,0,-2.67003e-06,4281.45,857.434,1368.36,1.02481,0.348688,-7.54501e-06
5.769,193.814,2.31234,-8.72512e-06,-7.49314e-07,-0.0207762,-0.000659738,-2.05237e-05,0.000194912,0.00887156,8.57345e-05,1,0,1,0,-0.0088328,0.00821655,0.00130716,-0.00131741,0.116881,0.117768,0.0921968,0.0919462,4110.41,-869.615,-851.093,-0.972805,-0.708483,-9.16971e-06,3948.56,393.331,135.219,0.991951,-0.718937,-1.17494e-05,4123.77,-381.107,-649.779,-0.869571,1.10687,-4.7337e-05,4281.57,858.206,1369.58,0.927202,-0.657426,6.36915e-05
5.779,193.814,2.31234,-5.34495e-06,1.08283e-06,0.00334149,-0.00323673,-7.6268e-06,0.000195201,0.00887165,0.00145371,1,0,1,0,-0.00882489,0.00822302,0.00130698,-0.00131761,0.116882,0.117768,0.0921968,0.0919465,4110.31,-866.378,-854.059,1.01511,0.511217,-1.33967e-05,3948.56,390.657,133.15,-0.985453,0.472107,-4.40766e-06,4123.8,-380.312,-648.731,0,0,-4.08839e-05,4281.44,855.548,1367.92,-0.971453,0.435779,5.98969e-05
5.789,193.814,2.31234,6.82658e-06,2.10952e-05,0.0194359,-0.0057866,6.47055e-05,0.000195494,0.00887173,0.000683701,1,0,1,0,-0.00883242,0.00821587,0.00130909,-0.00131974,0.116882,0.117769,0.0921968,0.0919467,4110.3,-867.769,-853.381,0,0,-2.47782e-05,3948.65,391.873,133.778,0,0,-1.85809e-05,4123.88,-380.625,-648.786,0,0,-0.000507147,4281.7,856.756,1368.3,0,0,0.000944097
5.799,193.814,2.31234,-1.41002e-05,-6.68397e-06,-0.0217819,-0.00359382,-3.07221e-07,0.000195483,0.00887185,0.000336404,1,0,1,0,-0.00883108,0.00821639,0.0013063,-0.00131566,0.116885,0.117768,0.0921969,0.0919471,4108.79,-871.65,-849.102,-0.998014,-0.58647,-8.89469e-06,3949.58,393.492,134.594,1.00325,-0.424231,-3.68502e-06,4123.82,-380.881,-648.06,0,0,-1.35672e-05,4281.57,859.571,1369.15,1.0094,-0.303884,1.33768e-05
5.809,193.814,2.31234,2.95057e-06,1.36503e-05,0.0127299,-0.00609457,2.4758e-05,0.000195773,0.00887194,0.00508397,1,0,1,0,-0.00882796,0.00821808,0.00130738,-0.00131764,0.116883,0.11777,0.0921969,0.0919473,4110.47,-866.778,-852.783,0,0,-8.79665e-06,3948.64,391.234,134.201,0,0,-8.19473e-06,4123.78,-380.482,-648.8,0,0,-1.40867e-05,4281.53,856.108,1367.89,0,0,-1.41354e-05
5.819,193.814,2.31234,-1.98742e-05,-2.2072e-05,-0.051543,0.0129457,-8.39725e-05,0.000195883,0.00887205,0.0013546,1,0,1,0,-0.00882318,0.00822214,0.00130734,-0.00131788,0.116883,0.11777,0.0921969,0.0919476,4110.42,-870.646,-850.264,-0.996051,-0.520989,-1.27231e-05,3948.61,394.617,135.725,1.00478,-0.548922,-1.27268e-05,4123.75,-381.412,-648.237,-0.917505,-0.321706,-1.03918e-05,4281.73,860.653,1369.02,0.974467,-0.221234,-1.03925e-05
5.829,193.814,2.31234,1.47557e-06,1.70827e-05,0.0308486,-0.00236841,4.70555e-05,0.000196082,0.00887216,0.00200459,1,0,1,0,-0.00882161,0.00822281,0.00130748,-0.00131823,0.116883,0.117771,0.0921969,0.091948,4110.25,-865.074,-854.117,1.01075,0.578012,-1.44577e-05,3948.69,390.375,132.956,-0.983838,0.606856,-9.3543e-06,4123.79,-380.527,-648.895,0,0,-1.36692e-05,4281.43,855.786,1367.58,0,0,-1.34182e-05
5.839,193.814,2.31234,-2.62131e-06,9.21504e-06,0.00938706,-0.00243683,1.83305e-05,0.000196206,0.00887227,0.00174021,1,0,1,0,-0.00882618,0.00821862,0.0013075,-0.00131786,0.116884,0.117772,0.0921968,0.0919482,4110.46,-867.369,-852.693,-0.973518,-0.675354,-7.54266e-06,3948.49,392.177,134.304,1.02002,-0.679431,-1.04158e-05,4123.78,-380.53,-648.911,0,0,-9.91826e-06,4281.48,856.144,1367.99,0,0,-9.90672e-06
5.849,193.814,2.31234,-1.61701e-05,-1.62542e-05,0.0138634,-0.00713798,-6.33703e-05,0.000196395,0.00887236,0.000304227,1,0,1,0,-0.00881339,0.00822922,0.0013072,-0.00131885,0.116884,0.117772,0.0921968,0.0919486,4110.42,-861.105,-854.85,1.00245,0.420389,-5.83855e-06,3948.58,387.692,132.033,-0.996678,0.444137,-4.61947e-06,4123.86,-379.08,-649.128,1.012,0.392788,-7.48546e-06,4281.18,848.725,1365.54,-0.997079,0.294784,-7.5081e-06
5.859,193.814,2.31234,3.10381e-06,1.64914e-05,0.0479901,-0.0129241,4.96506e-05,0.000196626,0.00887245,0.00472626,1,0,1,0,-0.00882859,0.00821534,0.00130777,-0.00131824,0.116884,0.117773,0.0921969,0.0919487,4110.8,-861.464,-854.951,1.00224,0.507643,2.70067e-05,3948.15,388.151,131.96,-0.997122,0.525571,-4.75583e-06,4123.83,-379.409,-649.264,1.01563,0.634976,7.00339e-07,4281.29,849.119,1365.44,-0.997383,0.317605,-1.88042e-05
5.869,193.814,2.31234,-2.13337e-05,-1.6024e-05,-0.0198493,0.00899419,-7.63225e-05,0.000196984,0.00887254,0.00088673,1,0,1,0,-0.0088183,0.00822327,0.00130732,-0.00131824,0.116884,0.117773,0.0921968,0.0919491,4110.59,-868.402,-853.038,-1.01535,0.0756944,-5.83846e-06,3948.49,393.211,134.126,0.982574,-0.132086,-6.35267e-06,4123.73,-380.706,-648.782,0,0,-8.85452e-06,4281.59,857.01,1367.95,1.0055,-0.194314,-1.10471e-05
5.879,193.814,2.31234,-1.23505e-05,1.80874e-06,0.0012295,0.0107088,-2.42766e-05,0.000197367,0.00887262,0.00287956,1,0,1,0,-0.00883036,0.00821282,0.00130773,-0.0013181,0.116884,0.117774,0.0921967,0.0919493,4110.17,-867.105,-853.178,-0.979744,0.632523,-5.69912e-06,3948.65,392.041,133.706,1.0267,0.394105,-5.1644e-06,4123.69,-381.31,-649.175,-0.992401,0.489127,-8.46055e-06,4281.73,858.092,1368.6,1.01158,-0.422524,-7.87083e-06
5.889,193.814,2.31234,-2.37462e-05,-8.25228e-06,-0.00808102,0.0146006,-3.79186e-05,0.000197756,0.0088727,0.000354043,1,0,1,0,-0.0088214,0.00822023,0.00130728,-0.00131832,0.116885,0.117775,0.0921966,0.0919499,4109.68,-866.798,-853.162,-0.966438,0.801813,-3.72151e-06,3949.08,392.023,134.144,1.03042,-0.374563,-8.76027e-06,4123.7,-380.526,-648.741,0,0,-8.13445e-06,4281.61,856.178,1367.68,1.01512,-0.232577,-7.05793e-06
5.899,193.814,2.31234,-3.56223e-05,-4.80347e-05,-0.0492949,0.00319904,-0.000170138,0.000197981,0.0088728,0.00196016,1,0,1,0,-0.00880866,0.00823082,0.00130717,-0.00131911,0.116886,0.117775,0.0921964,0.0919504,4110.47,-866.278,-852.189,0,0,-8.45169e-06,3948.43,391.745,134.344,0,0,-6.49837e-06,4123.82,-379.208,-648.904,1.77908,0.352046,-9.16861e-06,4281.5,851.313,1366.12,-1.37755,0.404083,-1.11714e-05
5.909,193.814,2.31234,-1.03109e-05,1.74614e-06,-0.00295336,0.00961363,7.86893e-06,0.000198114,0.00887291,0.00297509,1,0,1,0,-0.00881969,0.00822022,0.00130738,-0.00131795,0.116886,0.117775,0.0921964,0.0919505,4110.02,-867.972,-851.967,-0.995393,-0.213689,-6.64345e-06,3948.84,392.83,134.234,1.00735,-0.183053,-6.65698e-06,4123.71,-381.339,-648.328,-0.986251,-0.3017,-1.10275e-05,4281.69,859.251,1368.03,1.0029,-0.20146,-7.93397e-06
5.919,193.814,2.31234,5.735e-06,2.50146e-05,0.0283548,0.000856087,7.845e-05,0.0001982,0.00887301,0.00377452,1,0,1,0,-0.00882993,0.00821061,0.00130772,-0.00131743,0.116886,0.117776,0.0921965,0.0919506,4110.34,-866.626,-852.486,-0.998589,-0.0525618,-1.23784e-05,3948.69,392.02,134.096,0.998731,-0.168804,-1.16014e-05,4123.71,-381.225,-648.5,-0.987016,-0.203633,-3.25531e-05,4281.64,858.353,1367.73,1.00277,-0.177876,2.58399e-05
5.929,193.814,2.31234,-1.24221e-05,7.15591e-06,0.0161682,0.00646692,2.75931e-06,0.000198324,0.00887311,0.00868732,1,0,1,0,-0.0088276,0.00821347,0.00130724,-0.00131715,0.116886,0.117777,0.0921964,0.0919509,4109.81,-864.571,-852.436,1.01768,-0.00222752,-1.84877e-05,3948.95,390.695,133.882,-0.970806,0.193255,-1.82136e-05,4123.77,-380.714,-648.801,-0.956119,0.11696,-7.66126e-06,4281.5,856.158,1367.21,1.01065,-0.0931244,-5.84703e-06
5.939,193.814,2.31234,-1.36715e-05,-1.31334e-07,0.00306931,-0.00195981,-1.2808e-05,0.000198496,0.0088732,0.00298243,1,0,1,0,-0.00883014,0.00820963,0.0013079,-0.00131818,0.116886,0.117777,0.0921964,0.0919511,4110.44,-866.116,-851.81,0,0,-2.37976e-05,3948.59,392.039,134.454,1.04838,-0.564492,1.73864e-05,4123.8,-380.127,-649.145,0,0,-4.90628e-05,4281.51,854.037,1366.88,0,0,6.56302e-05
5.949,193.814,2.31234,-1.24709e-05,6.56889e-06,-0.000601513,0.00207028,2.83369e-05,0.000198704,0.00887326,0.00186889,1,0,1,0,-0.00882168,0.00821672,0.00130736,-0.00131778,0.116886,0.117777,0.0921964,0.0919516,4109.69,-867.642,-850.44,-0.994042,-0.524765,-3.79781e-06,3949.12,393.265,135.285,1.00502,-0.53621,-3.03165e-06,4123.77,-380.485,-648.496,0,0,-7.59417e-06,4281.53,855.988,1367.27,1.00837,-0.244322,-8.71411e-06
5.959,193.814,2.31234,-9.35605e-06,2.24096e-06,-0.0215145,0.00401505,1.26562e-05,0.000198758,0.00887333,0.00141769,1,0,1,0,-0.00882663,0.00821221,0.00130729,-0.00131708,0.116887,0.117777,0.0921964,0.0919517,4110.1,-869.471,-849.083,-0.997682,-0.464014,-1.74599e-05,3948.78,394.934,136.11,1.00301,-0.480854,-1.70905e-05,4123.75,-381.106,-648.123,-0.992254,-0.50855,-8.19307e-06,4281.72,858.69,1367.74,1.00139,-0.232106,-9.68076e-06
5.969,193.814,2.31234,-9.00494e-06,1.24313e-05,-0.0237818,0.0310987,1.87578e-05,0.000198787,0.0088734,0.00101117,1,0,1,0,-0.00882364,0.00821413,0.00130718,-0.00131655,0.116888,0.117777,0.0921964,0.0919519,4110.13,-873.098,-850.255,-1.00053,-0.150086,-1.50303e-05,3948.82,397.884,135.438,0.999267,-0.180574,-1.97133e-05,4123.71,-383.353,-647.109,-0.998507,-0.383956,-6.26546e-06,4282.06,867.144,1369.25,1.00032,-0.22413,-6.31038e-06
5.979,193.814,2.31234,-1.63246e-05,-2.24426e-05,-0.0181309,-0.0143283,-5.50246e-05,0.000198789,0.00887349,0.00108678,1,0,1,0,-0.00882522,0.00821289,0.0013075,-0.00131571,0.116888,0.117778,0.0921964,0.0919521,4110.63,-864.533,-851.602,0.822229,-0.469382,-5.44109e-05,3948.26,391.209,135.01,0,0,-5.44398e-05,4123.99,-379.447,-649.166,1.04468,0.68214,-1.86218e-05,4281.44,851.126,1365.58,-1.00087,0.332855,-1.8873e-05
5.989,193.814,2.31234,-8.9878e-06,8.36738e-06,0.0299842,-0.00158797,2.28402e-06,0.000199085,0.00887357,0.00283539,1,0,1,0,-0.00881835,0.00821731,0.00130737,-0.00131777,0.116887,0.11778,0.0921964,0.0919526,4110.65,-860.3,-853.556,1.00189,0.502127,-4.57096e-06,3948.24,388.161,132.599,-0.998954,0.488549,-4.55468e-06,4123.8,-380.135,-649.306,0,0,-7.33322e-06,4281.34,852.255,1365.42,-0.992778,0.60149,-7.32134e-06
5.999,193.814,2.31234,-5.49132e-05,-3.05122e-05,-0.059373,0.0372089,-0.000155011,0.000199307,0.00887364,0.00380532,1,0,1,0,-0.00882055,0.00821571,0.00130715,-0.00131888,0.116887,0.11778,0.0921964,0.0919531,4109.58,-866.992,-849.31,-0.991636,-0.640109,-6.2868e-06,3949.14,393.412,135.787,1.00864,-0.610293,-5.86461e-06,4123.79,-380.952,-648.051,-0.945377,-0.595721,-5.76144e-06,4281.69,857.66,1367.12,0.991665,-0.201845,-5.87611e-06
6.009,193.814,2.31234,-1.69618e-05,-6.3911e-06,-0.0164013,0.00415486,-1.90637e-05,0.000199368,0.00887371,0.000556165,1,0,1,0,-0.0088269,0.00820954,0.00130731,-0.00131678,0.116889,0.117779,0.0921966,0.0919531,4110.08,-866.376,-850.434,-0.980555,-0.435046,-2.30126e-05,3948.87,392.637,134.822,1.02994,-0.382685,-2.24282e-05,4123.85,-381.159,-649.402,-1.09934,0.613263,-1.06615e-05,4281.73,856.504,1367.4,1.06659,-0.423283,-1.6604e-05
6.019,193.814,2.31234,-9.82423e-06,-1.09687e-05,0.0106219,-0.0200827,-2.67482e-05,0.000199578,0.00887378,0.00117935,1,0,1,0,-0.00881498,0.00821863,0.00130736,-0.00131792,0.116889,0.11778,0.0921964,0.0919533,4110.37,-860.111,-852.554,1.00029,0.30195,-7.78613e-06,3948.86,388.087,133.188,-0.999655,0.334849,-2.1878e-06,4123.86,-378.958,-649.617,0.96595,0.743393,1.9714e-05,4281.21,847.155,1364.73,-0.985167,0.212619,-6.04617e-05
6.029,193.814,2.31234,-1.73361e-05,-9.70005e-06,0.00647097,-0.00405643,-4.17525e-05,0.000199566,0.00887385,0.000161691,1,0,1,0,-0.00881513,0.00821893,0.00130759,-0.00131815,0.11689,0.11778,0.0921965,0.0919536,4110.24,-860.602,-852.895,1.0001,0.47237,-2.70357e-06,3948.69,388.934,133.07,-0.999834,0.490155,-3.44255e-06,4123.88,-379.2,-649.31,1.00793,0.679211,-1.37341e-05,4281.3,848.281,1364.55,-0.998531,0.286605,1.36415e-05
6.039,193.814,2.31234,-9.10619e-06,1.06789e-05,0.0218264,0.00388058,2.30781e-05,0.000199351,0.0088739,0.00121934,1,0,1,0,-0.00882571,0.00820933,0.00130744,-0.00131734,0.116891,0.11778,0.0921968,0.0919536,4110.01,-862.787,-852.852,0.9956,0.936845,-5.37046e-06,3948.86,390.288,132.987,-1.00665,0.948432,1.9025e-06,4123.91,-380.208,-648.904,0,0,1.30481e-06,4281.41,853.316,1365.81,0,0,-9.19127e-06
6.049,193.814,2.31234,-3.32392e-05,-9.61782e-06,-0.0471863,0.0346832,-4.89545e-05,0.000199071,0.00887397,0.00306317,1,0,1,0,-0.00881835,0.00821502,0.00130721,-0.00131798,0.116891,0.11778,0.0921969,0.0919538,4108.68,-868.796,-848.048,-0.985798,-0.428427,-1.77716e-06,3949.79,395.201,135.883,1.01979,-0.359596,-6.73463e-07,4123.92,-381.765,-646.542,-0.988595,-0.774599,-3.04357e-06,4281.8,861.141,1367.52,1.00202,-0.215955,-4.55312e-06
6.059,193.814,2.31234,-1.72698e-05,-1.33619e-05,-0.0226418,-0.00206465,-4.63956e-05,0.000198578,0.00887404,0.00249095,1,0,1,0,-0.00881469,0.00821736,0.00130723,-0.00131808,0.116892,0.11778,0.0921972,0.0919539,4109.64,-865.256,-850.216,-0.994164,-0.532666,-4.86733e-06,3949.17,392.656,135.22,1.00357,-0.537334,-4.86756e-06,4124.03,-380.4,-649.68,0,0,-6.1746e-06,4281.25,853.613,1366.93,1.37266,-1.11085,-6.1726e-06
6.069,193.814,2.31234,-1.74359e-05,9.66759e-06,-0.0113678,0.017738,-5.27932e-06,0.000198104,0.00887412,0.000130758,1,0,1,0,-0.00882327,0.00820992,0.00130433,-0.001315,0.116892,0.11778,0.0921975,0.0919537,4110,-866.277,-850.199,-0.996434,-0.303499,4.11187e-05,3948.92,393.393,135.181,1.00441,-0.35784,-4.52063e-05,4124.06,-380.827,-648.116,-0.988239,-0.504853,0.000127462,4281.44,856.686,1366.6,1.0022,-0.211353,-0.000262121
6.079,193.814,2.31234,-5.50815e-06,6.54858e-06,0.0233625,-0.0125844,-1.07948e-05,0.000197818,0.00887417,0.000670447,1,0,1,0,-0.00881913,0.00821338,0.00130731,-0.00131741,0.116892,0.117781,0.0921978,0.0919536,4110.47,-859.649,-852.469,1.00087,0.387096,-5.3091e-06,3948.62,388.119,132.741,-0.99952,0.485192,-5.13517e-06,4124.15,-378.789,-649.262,1.00425,0.54317,-5.26996e-06,4281.01,846.317,1363.86,-0.998113,0.272411,-4.69002e-07
6.089,193.814,2.31234,4.30353e-06,2.45233e-05,0.0250475,-0.00294279,6.16816e-05,0.000197325,0.00887424,0.000498435,1,0,1,0,-0.00882228,0.00821014,0.00130721,-0.00131789,0.116893,0.11778,0.0921982,0.0919536,4109.54,-863.962,-851.42,0,0,-3.37549e-06,3949.32,390.768,133.773,0,0,-3.36054e-06,4124.19,-380.122,-648.635,0,0,-7.55576e-06,4281.22,853.827,1366.03,0.864578,-0.205689,-7.16153e-06
6.099,193.814,2.31234,-1.20646e-06,4.96704e-06,-0.0104022,-0.00177188,3.07555e-05,0.000196817,0.00887429,0.000234153,1,0,1,0,-0.00881896,0.00821348,0.00130731,-0.00131695,0.116895,0.117779,0.0921986,0.0919535,4109.72,-865.221,-850.109,-0.978546,-0.442011,-2.99473e-05,3949.19,392.529,135.029,0.9837,-0.457036,-2.0962e-05,4124.16,-380.383,-648.39,-0.968284,-0.456807,-3.05517e-06,4281.24,854.937,1366.25,0.994899,-0.246215,-2.68365e-05
6.109,193.814,2.31234,-5.24699e-06,1.08139e-05,0.0375542,-0.00964126,1.18023e-05,0.000196337,0.00887435,0.00308145,1,0,1,0,-0.00881396,0.00821673,0.00130719,-0.00131798,0.116895,0.117779,0.092199,0.0919535,4109.43,-858.201,-852.943,1.0029,0.447614,-5.72167e-06,3949.29,387.766,132.472,-0.995962,0.509294,-5.48832e-06,4124.29,-378.52,-649.192,1.01207,0.467936,-6.76862e-06,4280.76,845.097,1363.56,-0.997654,0.258032,-7.21195e-06
6.119,193.814,2.31234,3.46299e-05,6.30345e-05,0.138778,-0.0490106,0.000200638,0.000195889,0.00887443,0.0012267,1,0,1,0,-0.00882309,0.00820792,0.00130719,-0.00131776,0.116896,0.11778,0.0921994,0.0919533,4110.19,-846.239,-855.51,1.00116,0.358824,3.41359e-06,3948.6,379.569,129.864,-0.998443,0.379437,3.55411e-06,4124.4,-376.214,-650.559,1.00341,0.597101,-1.71649e-06,4280.21,831.41,1359.79,-0.999347,0.248624,-2.46705e-05
6.129,193.814,2.31234,-2.94634e-05,-2.15202e-05,-0.0359512,0.00137496,-0.000104634,0.000195616,0.00887453,0.000493615,1,0,1,0,-0.00881356,0.00821566,0.00130715,-0.00131808,0.116896,0.11778,0.0921997,0.0919534,4109.68,-861.735,-849.204,1.01035,-0.880387,-5.09258e-06,3949,390.432,135.687,-0.979351,-1.15581,-4.69136e-06,4124.28,-378.835,-648.903,1.02121,0.324803,-5.91561e-06,4280.9,848.514,1364.57,-0.993041,0.225865,-6.56647e-06
6.139,193.814,2.31234,3.67431e-06,2.54235e-05,0.0311759,-0.00544919,6.44767e-05,0.000195523,0.00887463,0.00349527,1,0,1,0,-0.00881248,0.00821631,0.00130708,-0.00131725,0.116896,0.117781,0.0922,0.0919534,4110.21,-860.209,-851.862,1.00468,0.426013,-1.22259e-05,3948.69,389.155,133.536,-0.993704,0.410257,-7.43661e-06,4124.22,-379.715,-648.983,0,0,6.35867e-05,4280.95,850.694,1364.59,-0.975819,0.542973,-0.000152535
6.149,193.814,2.31234,-1.11581e-05,1.87654e-05,0.0413405,0.0140889,1.95062e-05,0.000195329,0.00887475,0.00448697,1,0,1,0,-0.00881005,0.0082181,0.001307,-0.00131811,0.116897,0.117781,0.0922002,0.0919535,4109.5,-856.363,-853.745,1.00337,0.581987,-1.06123e-05,3949.17,386.752,131.788,-0.995524,0.558367,-1.10829e-05,4124.24,-380.08,-648.986,0,0,-2.666e-06,4280.91,851.737,1364.62,0,0,-3.03726e-05
6.159,193.814,2.31234,-1.67952e-05,-9.18636e-06,-0.0255188,0.00253457,-4.79911e-05,0.000195205,0.00887487,0.000357979,1,0,1,0,-0.00881389,0.00821377,0.00130724,-0.00131781,0.116898,0.117781,0.0922004,0.0919533,4109.89,-864.104,-849.347,-0.990702,-0.61872,-1.30273e-05,3948.99,392.183,135.253,1.01726,-0.622247,-8.95377e-06,4124.19,-379.893,-648.507,0,0,-2.08278e-05,4281.12,852.737,1365.32,1.01248,-0.153505,3.82458e-06
6.169,193.814,2.31233,-2.5704e-05,-1.26502e-05,-0.0352357,0.0184049,-6.00038e-05,0.000195151,0.00887498,0.00112471,1,0,1,0,-0.00881286,0.00821458,0.00130713,-0.00131812,0.116899,0.117781,0.0922006,0.0919534,4108.96,-865.112,-848.897,-0.985563,-0.445314,-1.05985e-05,3949.76,393.343,135.705,1.01767,-0.488892,-1.05088e-05,4124.15,-380.646,-648.413,-0.970847,-0.22036,-6.88514e-06,4281.19,855.51,1366.1,1.0016,-0.289695,-2.28027e-05
6.179,193.814,2.31233,-8.78807e-06,1.81398e-05,-0.0234449,0.0236915,2.56609e-05,0.000195158,0.00887509,0.00302229,1,0,1,0,-0.0088197,0.00820612,0.00130688,-0.00131584,0.116899,0.117781,0.0922008,0.0919534,4109.5,-867.612,-847.43,-0.981352,-0.384757,3.38429e-07,3949.38,395.268,136.467,0.985177,-0.41302,7.50111e-07,4123.97,-381.796,-647.549,-1.00159,-0.404255,9.39949e-06,4281.41,860.25,1366.89,1.00425,-0.247228,-3.73556e-05
6.189,193.814,2.31233,-9.97828e-06,1.10381e-05,-0.0236559,0.0213468,-1.12781e-05,0.000195234,0.00887518,0.00141356,1,0,1,0,-0.00882057,0.00820588,0.00130741,-0.00131743,0.116899,0.117782,0.0922009,0.0919534,4109.59,-866.747,-848.195,-0.995299,-0.339555,1.9502e-05,3949.36,394.628,135.978,0.999322,-0.376628,-3.64459e-05,4124.1,-381.527,-647.744,-0.996922,-0.382208,-1.39212e-05,4281.48,859.042,1366.44,1.00269,-0.228375,-8.51671e-06
6.199,193.814,2.31233,4.12757e-06,1.73265e-05,0.0258238,-0.0111305,6.4627e-05,0.000195269,0.00887527,0.00117802,1,0,1,0,-0.00882094,0.00820603,0.00130714,-0.00131653,0.1169,0.117782,0.092201,0.0919535,4109.4,-861.806,-850.866,0,0,-2.24996e-05,3949.31,390.928,134.177,0,0,-2.25651e-05,4124.19,-379.411,-648.762,0,0,-1.30573e-05,4281,849.902,1364.36,-0.980008,0.33312,-1.23235e-05
6.209,193.814,2.31233,-1.29719e-07,1.93445e-05,0.048245,-0.0089459,3.24793e-05,0.000195369,0.00887536,0.00141208,1,0,1,0,-0.00881892,0.00820704,0.00130752,-0.00131791,0.1169,0.117783,0.092201,0.0919538,4109.89,-856.921,-852.598,1.00155,0.539764,-1.13443e-05,3949.02,387.358,132.223,-0.997924,0.569185,-8.43706e-06,4124.21,-378.919,-649.19,1.02175,0.723595,-1.09589e-05,4280.85,845.988,1362.96,-0.997631,0.313106,-7.62588e-06
6.219,193.814,2.31233,-7.73425e-06,-9.8949e-06,0.0177095,-0.0182545,-2.177e-05,0.000195447,0.00887545,0.00608146,1,0,1,0,-0.00880733,0.00821676,0.00130712,-0.0013176,0.1169,0.117783,0.0922011,0.0919541,4109.89,-857.754,-852.061,1.00258,0.519388,-1.05732e-05,3949.04,387.975,132.576,-0.996446,0.582429,-1.46712e-05,4124.23,-378.214,-649.332,1.00994,0.529148,-1.13736e-05,4280.78,843.286,1362.49,-0.997921,0.254383,-5.36189e-06
6.229,193.814,2.31233,-4.59505e-06,2.63305e-06,0.00174113,-0.00886237,-8.05714e-06,0.000195436,0.00887554,0.000862155,1,0,1,0,-0.00881467,0.0082096,0.00130753,-0.00131761,0.116901,0.117783,0.0922012,0.0919541,4109.82,-862.273,-850.697,0,0,-5.1189e-06,3948.96,391.448,134.865,1.0619,-0.648411,-8.67568e-06,4124.27,-378.992,-647.857,0.913447,-0.828288,-1.64554e-05,4281,849.381,1363.8,-0.854692,0.43235,6.77139e-06
6.239,193.814,2.31233,3.59084e-06,1.37014e-05,0.0330916,-0.015496,5.34134e-05,0.000195468,0.00887562,0.000195718,1,0,1,0,-0.00880531,0.00821758,0.00130711,-0.00131776,0.116901,0.117784,0.0922013,0.0919544,4109.9,-857.726,-851.393,1.00255,0.35885,-7.48399e-06,3948.95,388.031,133.308,-0.996601,0.391042,-1.07698e-05,4124.24,-378.775,-649.177,1.02063,0.653237,-8.76497e-06,4280.82,845.982,1362.97,-0.995929,0.294927,-1.15194e-05
6.249,193.814,2.31233,-1.25219e-05,-6.44543e-06,-0.000510482,-0.00879028,-3.03258e-05,0.000195276,0.00887572,0.00182253,1,0,1,0,-0.00880708,0.0082154,0.00130712,-0.00131794,0.116902,0.117784,0.0922014,0.0919546,4109.72,-860.963,-850.002,1.02518,-0.370659,-5.95447e-06,3949.07,390.607,134.536,0,0,-5.1359e-06,4124.29,-378.866,-648.958,1.02646,0.477162,-7.82047e-06,4280.87,847.158,1363.51,-0.994247,0.24703,-7.28421e-06
6.259,193.814,2.31233,-2.78439e-06,1.76964e-05,0.0103122,0.00878106,4.77065e-05,0.00019514,0.00887581,0.00313221,1,0,1,0,-0.00881712,0.00820671,0.00130709,-0.00131697,0.116902,0.117784,0.0922016,0.0919545,4109.5,-863.033,-849.624,-0.992024,-0.242376,-1.94611e-05,3949.34,392.088,134.979,1.01072,-0.357635,-1.98307e-05,4124.23,-380.588,-648.154,-0.984291,-0.376818,-1.18922e-05,4281.17,854.813,1365.1,1.0027,-0.202853,-8.09189e-06
6.269,193.814,2.31233,-1.86728e-05,-2.1657e-06,-0.0190134,0.0190419,-2.21573e-05,0.000195167,0.00887589,0.00359795,1,0,1,0,-0.0088094,0.00821257,0.0013071,-0.00131795,0.116902,0.117785,0.0922017,0.0919548,4109.34,-863.731,-848.928,-0.994927,-0.322347,-5.16452e-06,3949.44,392.944,135.525,1.00697,-0.415359,-8.01119e-06,4124.23,-380.769,-648.118,-0.995252,-0.35205,-2.25402e-05,4281.24,855.382,1365.26,1.00585,-0.2286,1.83274e-05
6.279,193.814,2.31233,-2.18822e-05,-9.14748e-06,-0.0507676,0.0214057,-4.47475e-05,0.000195205,0.00887597,0.000565526,1,0,1,0,-0.00880836,0.00821287,0.0013071,-0.00131798,0.116902,0.117785,0.0922018,0.091955,4109.66,-867.602,-845.973,-0.998604,-0.391973,4.86734e-06,3949.25,396.258,137.18,1.00175,-0.417284,-2.21934e-05,4124.19,-381.406,-647.785,-1.01206,-0.368987,-1.21358e-05,4281.42,858.257,1365.97,1.00796,-0.260804,-5.94331e-06
6.289,193.814,2.31233,-9.59667e-06,1.63688e-06,0.0103708,-0.00462639,4.79717e-06,0.000195323,0.00887605,0.000402933,1,0,1,0,-0.0088137,0.00820758,0.00130703,-0.00131761,0.116902,0.117786,0.0922019,0.0919551,4109.74,-859.802,-850.164,0.998902,0.202535,-1.01231e-05,3949.1,390.215,134.366,-0.940218,0.324426,-7.63892e-06,4124.32,-378.404,-646.855,1.05607,-1.02001,7.99374e-06,4280.95,847.36,1361.37,-1.02559,0.770261,-4.35406e-05
6.299,193.814,2.31233,3.5136e-06,2.24941e-05,0.0300378,-0.00864858,7.90009e-05,0.000195643,0.00887611,0.00236338,1,0,1,0,-0.00881824,0.00820338,0.00130748,-0.00131603,0.116902,0.117787,0.092202,0.0919554,4110.25,-860.533,-849.994,0,0,-1.46649e-05,3948.78,390.173,134.365,-1.04134,0.377711,-8.99457e-07,4124.17,-379.395,-648.912,0,0,-1.72177e-05,4281,849.127,1363.45,-0.983585,0.589383,2.3692e-05
6.309,193.814,2.31233,-9.31409e-07,2.0759e-05,0.0434117,-8.93312e-05,5.96171e-05,0.000195995,0.00887617,0.00438984,1,0,1,0,-0.00881764,0.00820339,0.00130731,-0.00131717,0.116903,0.117787,0.092202,0.0919557,4109.75,-856.875,-851.444,1.00026,0.529816,-0.000105363,3949.18,388.034,133.135,-0.997457,0.513711,0.000123313,4124.2,-379.339,-648.441,0,0,4.10331e-05,4281.06,848.974,1362.32,-0.989654,1.10051,-0.000102935
6.319,193.814,2.31233,-2.31206e-05,-1.68152e-05,-0.0286609,0.00230796,-5.8259e-05,0.000196375,0.00887623,6.77736e-05,1,0,1,0,-0.00881289,0.00820715,0.00130719,-0.00131781,0.116903,0.117787,0.0922018,0.091956,4109.21,-862.285,-847.358,-0.999758,-0.855845,-8.15029e-06,3949.57,392.181,136.08,0.999941,-0.75828,2.82074e-06,4124.17,-378.797,-648.234,0,0,-3.3012e-05,4281.18,849.108,1363.67,0,0,5.90047e-05
6.329,193.814,2.31233,-1.11947e-05,-1.47662e-06,0.0261962,-0.00491484,-1.60595e-05,0.000196702,0.00887628,0.00252104,1,0,1,0,-0.00880425,0.00821434,0.0013071,-0.00131811,0.116903,0.117788,0.0922018,0.0919564,4109.73,-855.422,-851.507,1.00029,0.461284,-1.52629e-06,3949.16,387.163,132.722,-0.999528,0.511325,-1.5684e-06,4124.18,-378.599,-649.261,1.00135,0.689774,-8.46046e-06,4280.94,844.144,1361.86,-1.00018,0.305058,2.91566e-06
6.339,193.814,2.31233,-1.474e-05,-5.7855e-06,-0.0118806,0.00718918,-2.41145e-05,0.000196878,0.00887633,0.000537299,1,0,1,0,-0.00881297,0.00820602,0.00130714,-0.00131655,0.116904,0.117788,0.0922018,0.0919565,4109.52,-862.515,-849.075,-0.993221,-0.195044,-6.24682e-06,3949.27,392.433,135.019,1.00831,-0.184411,-6.35161e-06,4124.13,-380.001,-648.608,-0.982351,-0.134116,1.07396e-05,4281.32,851.749,1364.2,1.00384,-0.274535,-3.27404e-05
6.349,193.814,2.31233,2.64852e-06,1.7477e-05,0.0400641,-0.0150661,5.95378e-05,0.00019684,0.00887639,0.00230228,1,0,1,0,-0.00881626,0.00820262,0.0013075,-0.00131707,0.116905,0.117787,0.0922019,0.0919569,4109.06,-858.403,-850.221,1.00335,0.399016,-3.05207e-05,3949.68,389.581,134.153,-0.971183,0.431197,-1.55491e-06,4124.29,-378.433,-649.074,1.08678,0.498669,-9.40029e-06,4280.88,844.603,1362.67,-1.02095,0.179,9.07976e-06
6.359,193.814,2.31233,-1.03681e-05,-1.13312e-05,-0.0208475,-0.00429918,-1.46433e-05,0.000196846,0.00887644,0.00039448,1,0,1,0,-0.00880544,0.00821194,0.00130711,-0.00131759,0.116905,0.117788,0.0922019,0.0919572,4109.63,-862.587,-847.482,-0.99616,-0.543902,-3.59701e-06,3949.29,392.582,135.917,1.00484,-0.535159,-1.33873e-05,4124.24,-379.545,-648.36,0,0,-7.53689e-06,4281.11,850.516,1363.7,1.00687,-0.18751,-8.55719e-06
6.369,193.814,2.31233,1.08864e-05,2.859e-05,0.0762639,-0.0205781,7.45109e-05,0.000196747,0.00887653,0.000113306,1,0,1,0,-0.00881101,0.00820633,0.00130723,-0.00131717,0.116905,0.117789,0.0922019,0.0919573,4110.2,-848.543,-852.599,1.001,0.378493,1.73536e-06,3948.61,382.722,132.017,-0.998673,0.336981,9.74012e-06,4124.33,-377.812,-649.805,1.00803,0.751666,-7.4368e-06,4280.64,839.226,1360.09,-0.99766,0.299893,-7.48632e-06
6.379,193.814,2.31233,3.04985e-05,4.75819e-05,0.106431,-0.0496936,0.000151029,0.000196708,0.0088766,0.000808287,1,0,1,0,-0.00881645,0.00820136,0.00130805,-0.00131885,0.116905,0.11779,0.0922021,0.0919575,4110.34,-847.83,-851.909,1.00094,0.296057,1.1503e-05,3948.52,382.516,132.153,-0.998571,0.317589,1.17822e-05,4124.39,-376.208,-650.164,1.00363,0.543001,-5.98155e-06,4280.3,831.67,1358.3,-0.999252,0.259963,-7.66604e-06
6.389,193.814,2.31233,-7.55308e-06,3.82497e-06,0.0306182,-0.0079298,-9.08875e-06,0.000196733,0.0088767,0.00417761,1,0,1,0,-0.00881039,0.00820633,0.00130711,-0.00131734,0.116905,0.11779,0.0922021,0.0919578,4109.74,-855.749,-850.812,1.00313,0.499087,-9.7538e-06,3949.03,387.856,132.869,-0.995324,0.617178,-9.70227e-06,4124.32,-378.471,-648.975,1.01774,0.38781,-7.32666e-06,4280.71,843.626,1361.33,-0.996756,0.323588,-7.26814e-06
6.399,193.814,2.31233,1.40235e-05,2.55182e-05,0.0387949,-0.0167194,9.76278e-05,0.000196736,0.00887679,0.00311449,1,0,1,0,-0.00881077,0.00820565,0.00130824,-0.00131855,0.116906,0.11779,0.0922021,0.0919579,4110.17,-857.391,-849.851,1.00581,0.361024,-6.06613e-06,3948.78,388.718,134.002,-0.993039,0.397641,-1.37057e-05,4124.3,-379.221,-648.874,0,0,-0.000247782,4280.89,847.747,1362.36,-0.976456,0.73337,0.00045896
6.409,193.814,2.31233,-4.07465e-05,-5.50456e-05,-0.0647897,0.0019113,-0.000163042,0.000196672,0.00887689,0.00257722,1,0,1,0,-0.0087927,0.00822063,0.00130698,-0.00131872,0.116906,0.11779,0.0922022,0.0919582,4109.58,-860.965,-847.666,-1.05864,-0.684068,-1.26034e-05,3949.39,391.795,135.661,1.01015,-0.595942,-1.2545e-05,4124.38,-378.477,-648.802,1.06366,0.200039,-1.59395e-05,4280.94,845.839,1362.79,-1.02402,0.0872549,-1.5894e-05
6.419,193.814,2.31233,-7.57166e-06,7.17335e-06,0.0172478,-0.00184895,5.22774e-06,0.000196583,0.00887699,0.000381212,1,0,1,0,-0.00881079,0.00820436,0.00130709,-0.00131716,0.116907,0.11779,0.0922024,0.0919581,4109.89,-857.25,-850.134,1.00501,0.617669,-7.72924e-06,3949,389.059,134.229,-0.992768,0.375705,-1.46445e-05,4124.29,-378.926,-648.934,0,0,-7.16282e-06,4280.86,846.775,1362.21,-0.987945,0.417676,-1.13038e-05
6.429,193.814,2.31233,-1.58484e-05,-3.40285e-06,-0.0259124,0.0119829,-7.40835e-06,0.000196639,0.00887708,0.0022599,1,0,1,0,-0.00881127,0.00820336,0.00130667,-0.00131713,0.116907,0.117791,0.0922025,0.0919582,4109.72,-861.492,-847.231,-0.999792,-0.506884,-1.38886e-05,3949.17,392.454,136.326,1.00025,-0.626474,-1.51242e-05,4124.25,-379.762,-647.926,-0.978719,-0.83766,-0.000107361,4281.03,851.503,1363.43,1.00312,-0.201336,0.000165914
6.439,193.814,2.31233,2.27044e-06,7.44361e-06,-0.0218729,-0.0010431,5.67598e-05,0.000196612,0.00887716,0.00189465,1,0,1,0,-0.00881262,0.00820121,0.00130704,-0.00131535,0.116907,0.117791,0.0922027,0.0919582,4109.39,-863.534,-845.597,-0.999963,-0.470069,-6.02917e-05,3949.56,394.19,137.008,1.00305,-0.498382,1.45041e-05,4124.25,-380.308,-647.895,-0.989755,-0.517095,-1.27622e-05,4281.21,853.579,1363.95,1.00184,-0.245939,-2.41703e-06
6.449,193.814,2.31233,-2.01244e-05,-1.2302e-06,-0.0634459,0.0358221,1.60398e-05,0.000196549,0.00887723,0.00111753,1,0,1,0,-0.00880558,0.00820805,0.00130708,-0.00131771,0.116909,0.117791,0.0922027,0.0919586,4108.21,-869.765,-843.382,-0.998372,-0.317024,-1.22969e-05,3950.44,399.585,138.406,1.00209,-0.343449,-1.1304e-05,4124.22,-382.24,-646.315,-0.993542,-0.544548,-1.41207e-05,4281.56,862.286,1365.82,1.00121,-0.253737,-1.12518e-05
6.459,193.814,2.31233,-1.68457e-05,-5.98811e-06,-0.021903,-0.000241084,-2.41619e-05,0.000196325,0.00887734,0.000297734,1,0,1,0,-0.00881436,0.00819883,0.00130722,-0.00131703,0.11691,0.117791,0.0922026,0.0919584,4109.71,-859.279,-846.959,0,0,0.000227803,3949.03,391.198,136.156,1.00096,-1.0443,-0.000220094,4124.33,-378.64,-647.466,0,0,-1.77575e-05,4280.85,847.444,1362.23,0,0,-1.51917e-05
6.469,193.814,2.31233,-3.03551e-06,1.59533e-05,0.0368385,-0.00711353,2.63197e-05,0.000196348,0.00887745,0.000421527,1,0,1,0,-0.00881208,0.00820045,0.0013073,-0.00131711,0.116909,0.117792,0.092203,0.0919587,4109.69,-856.472,-850.029,1.00879,0.703933,-1.03514e-05,3949.13,388.893,133.568,-0.990458,0.713292,-7.20954e-06,4124.39,-378.677,-649.1,0,0,-3.25765e-05,4280.69,844.586,1361.37,-0.993743,0.327035,3.59652e-05
6.479,193.814,2.31233,-9.07061e-06,-2.8841e-06,0.00674839,-0.0128585,-3.09319e-05,0.000196482,0.00887754,0.00118302,1,0,1,0,-0.00880433,0.00820751,0.00130717,-0.00131757,0.116908,0.117793,0.0922029,0.091959,4110.34,-857.05,-849.076,1.00558,0.397682,-8.29749e-06,3948.71,388.968,134.129,-0.994037,0.500869,-5.5677e-06,4124.39,-378.393,-649.185,1.01969,0.736825,-1.89768e-05,4280.71,843.62,1361.11,-0.996094,0.297584,1.6199e-05
6.489,193.814,2.31233,-9.43683e-06,4.04635e-06,-0.00616303,-0.000353541,1.39171e-06,0.000196412,0.00887762,0.00112245,1,0,1,0,-0.00881281,0.00819966,0.00130714,-0.00131696,0.11691,0.117792,0.0922031,0.091959,4109.09,-859.819,-846.362,-0.987764,-0.919791,-1.7349e-05,3949.74,391.702,135.719,1.01147,-0.54439,-1.40148e-05,4124.4,-378.962,-647.468,0,0,-8.52589e-07,4280.93,848.308,1361.69,1.04224,0.451972,-2.85428e-05
6.499,193.814,2.31233,-4.01166e-06,2.55391e-07,-0.0431891,0.00718643,1.33851e-05,0.000196334,0.00887769,0.00224826,1,0,1,0,-0.00880515,0.00820485,0.00130714,-0.00131731,0.116911,0.117792,0.0922033,0.0919592,4109,-865.415,-843.925,-0.999386,-0.39788,-1.11467e-05,3949.92,396.46,137.837,1.00093,-0.415141,-8.76681e-06,4124.34,-380.668,-647.477,-1.00071,-0.534533,-9.70601e-06,4281.22,855.042,1363.98,1.00255,-0.259069,-1.3155e-05
6.509,193.814,2.31233,-2.29082e-05,-1.072e-05,-0.0162942,0.0107931,-6.50573e-05,0.000196239,0.00887779,0.00455029,1,0,1,0,-0.00880682,0.00820333,0.00130676,-0.00131775,0.116912,0.117793,0.0922034,0.0919593,4109.62,-860.282,-848.693,-0.998697,0.191166,-1.03835e-05,3949.23,392.151,134.58,1.00183,0.199763,-1.02501e-05,4124.41,-379.536,-648.764,-0.982439,0.220746,-6.38478e-06,4280.97,848.921,1362.65,1.0047,-0.306207,-2.22643e-05
6.519,193.814,2.31233,-2.55472e-05,-5.23291e-06,-0.00214197,0.0152954,-3.69957e-05,0.000196037,0.00887788,0.000603506,1,0,1,0,-0.00880639,0.00820322,0.00130704,-0.00131758,0.116912,0.117793,0.0922035,0.0919595,4108.34,-857.965,-848.625,0,0,-8.80863e-06,3950.06,390.305,134.407,0,0,-8.82661e-06,4124.52,-379.141,-647.627,0,0,-9.70866e-06,4280.81,848.054,1362.1,1.01915,-0.0574232,-1.01006e-05
6.529,193.814,2.31233,-4.12258e-05,-4.26363e-05,-0.0456709,0.00944183,-0.000156972,0.000195948,0.00887798,0.00408495,1,0,1,0,-0.00878975,0.00821814,0.00130681,-0.0013189,0.116912,0.117794,0.0922036,0.0919599,4109.48,-857.66,-848.282,0,0,-9.05759e-06,3949.47,390.413,135.045,0,0,-9.07976e-06,4124.5,-378.519,-648.863,0,0,-8.21683e-06,4280.64,845.044,1361.44,-0.991651,0.271775,-8.2887e-06
6.539,193.814,2.31233,-1.11569e-05,-5.57883e-06,-0.0071458,-0.00431476,-3.12712e-05,0.000195821,0.00887807,6.28106e-05,1,0,1,0,-0.00880265,0.00820579,0.001307,-0.00131703,0.116912,0.117794,0.0922039,0.0919597,4110,-857.358,-847.785,0,0,-1.85728e-05,3949,390.089,135.306,0,0,-1.85714e-05,4124.52,-378.395,-648.062,0.984566,-0.76821,-1.12999e-05,4280.75,845.176,1359.71,-0.967881,0.911664,-1.07015e-05
6.549,193.814,2.31233,-2.48654e-05,-9.88036e-06,-0.022559,0.0158073,-6.19778e-05,0.000195702,0.00887816,0.000576433,1,0,1,0,-0.00880418,0.00820423,0.00130691,-0.00131752,0.116913,0.117794,0.0922041,0.0919597,4108.85,-859.674,-846.937,-0.998665,-0.386189,-9.69549e-06,3949.89,391.744,135.625,1.02883,-0.384211,-5.39357e-06,4124.51,-379.479,-647.885,-0.890097,-0.817532,-8.76121e-06,4280.88,849.655,1362.23,0.983797,-0.167267,-6.3171e-06
6.559,193.814,2.31233,-9.78617e-06,-7.54952e-08,0.0104025,-0.00664474,-1.96179e-05,0.000195718,0.00887824,0.000690402,1,0,1,0,-0.00880386,0.00820363,0.00130711,-0.00131736,0.116913,0.117795,0.0922042,0.0919598,4109.55,-856.467,-848.79,1.0097,0.707396,-4.11547e-06,3949.35,389.45,134.316,-0.997426,0.694392,-3.27528e-06,4124.5,-378.367,-649.204,1.02241,0.891877,-5.95719e-06,4280.6,843.339,1361.09,-0.995799,0.180549,-7.04345e-06
6.569,193.814,2.31233,-3.1003e-05,-1.92006e-05,-0.0118719,-0.00120004,-9.65734e-05,0.000195638,0.00887833,0.00172686,1,0,1,0,-0.00879676,0.00821053,0.00130688,-0.00131835,0.116914,0.117794,0.0922044,0.0919603,4109.13,-853.922,-847.942,1.00696,-0.0175415,-3.84083e-06,3949.47,388.136,135.123,-0.993092,-0.0520921,-4.0663e-06,4124.6,-377.378,-649.197,1.01725,0.43862,-6.10471e-06,4280.46,839.003,1359.54,-0.99768,0.253816,-6.49773e-06
6.579,193.814,2.31233,-1.44991e-05,6.74253e-06,0.00330954,-0.00106017,-1.11646e-06,0.000195423,0.00887845,0.00107653,1,0,1,0,-0.0088062,0.00819998,0.0013034,-0.00131301,0.116915,0.117795,0.0922047,0.0919603,4109.26,-858.219,-846.716,-0.981376,-0.726033,-4.6032e-05,3949.38,391.118,135.764,1.01899,-0.650376,2.804e-05,4124.57,-378.547,-648.724,0,0,0.000375723,4280.64,845.337,1361.25,-0.975094,0.306198,-0.000772325
6.589,193.814,2.31233,3.96515e-06,3.254e-05,0.0513079,-0.00806246,8.88813e-05,0.000195423,0.00887856,0.00230533,1,0,1,0,-0.0088128,0.00819396,0.0013071,-0.00131728,0.116915,0.117796,0.0922048,0.0919602,4110.12,-853.46,-848.946,1.00383,0.399063,-4.54164e-05,3948.96,387.338,133.719,-0.998003,0.456189,2.43509e-05,4124.54,-378.526,-649.163,0,0,-1.03702e-05,4280.58,843.124,1360.21,-0.939301,0.348608,-1.12772e-05
6.599,193.814,2.31233,-3.96725e-05,-3.153e-05,-0.0462522,0.0138887,-0.000153909,0.000195555,0.00887866,0.000783557,1,0,1,0,-0.00879134,0.00821162,0.00130686,-0.0013186,0.116914,0.117797,0.0922048,0.0919607,4110.03,-858.391,-846.689,-0.994147,-0.494208,-8.35036e-06,3949.12,391.196,135.64,1.00855,-0.467014,1.57134e-06,4124.53,-378.838,-648.677,0,0,-3.40552e-06,4280.77,846.362,1361.24,1.00469,0.0458558,-2.41808e-05
6.609,193.814,2.31233,-1.9954e-05,-1.96882e-05,-0.016468,-0.00708556,-5.33555e-05,0.000195334,0.00887878,0.0051112,1,0,1,0,-0.00880034,0.00820365,0.00130702,-0.00131749,0.116917,0.117796,0.092205,0.0919606,4109.14,-857.472,-846.82,-0.971286,-0.813936,-1.12857e-05,3949.64,391.059,135.414,1.01957,-0.292222,-1.19011e-05,4124.62,-377.904,-648.642,1.02531,-0.0114413,-1.37677e-05,4280.55,842.327,1360.31,-0.992724,0.236417,-8.08492e-06
6.619,193.814,2.31233,-2.41923e-05,-1.0354e-05,-0.00642915,0.00235184,-7.32987e-05,0.000195474,0.00887888,0.00086183,1,0,1,0,-0.0087967,0.00820698,0.0013069,-0.00131807,0.116916,0.117797,0.0922051,0.0919609,4109.72,-854.859,-847.702,1.01287,0.0759491,6.2394e-06,3949.27,388.786,134.923,-0.989687,0.16065,-1.41215e-05,4124.61,-378.128,-648.827,1.05658,0.368878,-6.24841e-06,4280.63,842.641,1359.75,-1.00339,0.415233,-6.32343e-06
6.629,193.814,2.31233,-2.48914e-05,-1.19464e-05,-0.016266,0.00830822,-7.34678e-05,0.000195631,0.00887897,0.00163649,1,0,1,0,-0.00879897,0.00820436,0.00130694,-0.00131781,0.116916,0.117798,0.0922052,0.091961,4109.73,-855.983,-847.3,1.01787,-0.252408,-7.69756e-06,3949.3,389.832,135.283,0,0,-4.25465e-06,4124.53,-378.652,-648.791,0,0,-7.68028e-06,4280.79,844.841,1360.49,-0.913094,0.684572,-6.69049e-06
6.639,193.814,2.31233,-5.76777e-06,1.10541e-05,0.00775538,0.000359517,2.83005e-05,0.000195821,0.00887904,0.00394357,1,0,1,0,-0.00880053,0.00820244,0.00130697,-0.00131736,0.116916,0.117798,0.0922053,0.0919612,4109.5,-856.314,-847.129,0,0,-1.05122e-05,3949.5,389.987,135.483,0,0,-1.01853e-05,4124.49,-378.826,-648.72,0,0,-8.51571e-06,4280.79,845.779,1360.88,1.01716,0.0283357,-1.30547e-05
6.649,193.814,2.31233,-4.64202e-06,1.14682e-05,0.00394739,0.000573569,4.93058e-05,0.000195826,0.00887911,0.00506913,1,0,1,0,-0.00880031,0.00820134,0.00130702,-0.00131716,0.116918,0.117797,0.0922054,0.0919614,4108.62,-858.719,-846.07,-0.995415,-0.378927,-7.39556e-06,3950.24,392.116,136.089,1.00585,-0.391362,-7.65509e-06,4124.57,-379.038,-647.942,0,0,-9.38077e-06,4280.86,847.553,1361.25,0.989469,-0.191734,-9.53124e-06
6.659,193.814,2.31233,-1.68461e-05,-1.69357e-05,-0.0120265,-0.000495974,-5.33959e-05,0.000195921,0.00887917,0.000931753,1,0,1,0,-0.00879933,0.0082019,0.00130755,-0.0013179,0.116918,0.117798,0.0922056,0.0919617,4109.66,-856.795,-847.753,0,0,-1.57852e-05,3949.36,390.265,134.385,0,0,-9.30516e-06,4124.56,-378.424,-648.693,0,0,-1.27432e-05,4280.8,844.354,1360.14,-1.01518,0.703859,-1.5918e-05
6.669,193.814,2.31233,-4.60331e-06,9.73647e-06,0.0143399,-0.00618797,1.56507e-07,0.000195858,0.00887925,0.00625148,1,0,1,0,-0.00880812,0.00819348,0.00130431,-0.00131791,0.116919,0.117798,0.0922057,0.0919616,4108.54,-855.608,-846.858,1.05524,-0.474452,-4.13267e-06,3950.05,389.891,135.554,0,0,-4.14009e-06,4124.63,-378.108,-648.802,0,0,-1.36041e-05,4280.72,842.973,1360.38,-1.03471,0.169935,-1.35065e-05
6.679,193.814,2.31233,1.83353e-06,5.81435e-06,0.0324623,-0.0173742,3.84593e-05,0.00019583,0.00887929,0.00213776,1,0,1,0,-0.00879518,0.0082047,0.001307,-0.00131717,0.116919,0.117798,0.0922058,0.091962,4108.97,-851.725,-848.739,1.00126,0.454952,-5.94072e-06,3949.87,387.229,133.8,-0.997921,0.477189,-6.92635e-06,4124.71,-377.364,-649.236,1.00796,0.531496,-7.33758e-06,4280.36,838.347,1359.01,-0.997646,0.229171,-8.20601e-06
6.689,193.814,2.31233,-9.56376e-06,-1.1902e-05,0.0108972,-0.0150406,-1.44299e-05,0.000195626,0.00887936,0.00384849,1,0,1,0,-0.00879087,0.00820833,0.00130694,-0.00131767,0.11692,0.117798,0.092206,0.0919622,4109.41,-850.31,-848.631,1.00069,0.354554,-7.2026e-06,3949.52,386.696,134.018,-0.996811,0.35571,-7.23433e-06,4124.72,-376.84,-649.285,1.00607,0.439053,-8.83691e-06,4280.39,835.747,1358.02,-0.99879,0.257028,-1.02427e-05
6.699,193.814,2.31233,-8.39898e-06,-1.59808e-06,0.0146612,-0.00805999,-1.81122e-05,0.000195351,0.00887944,0.00405062,1,0,1,0,-0.00879458,0.00820442,0.00130684,-0.00131733,0.11692,0.117799,0.0922062,0.0919623,4109.88,-852.642,-848.466,0.999092,0.54736,-1.97632e-05,3949.14,387.868,133.925,-1.00245,0.562568,-1.05121e-05,4124.72,-377.8,-649.17,1.01431,0.723257,3.38233e-05,4280.45,840.135,1359.02,-0.99706,0.295486,-9.13249e-05
6.709,193.814,2.31233,-1.40323e-05,-1.33789e-05,-0.0148161,-0.00306296,-6.252e-05,0.000194976,0.00887954,0.000581267,1,0,1,0,-0.00879259,0.00820491,0.00130692,-0.00131756,0.116921,0.117799,0.0922064,0.0919624,4110.05,-854.101,-847.011,1.00422,-0.00836901,-6.71942e-06,3949.12,388.617,135.07,-0.995963,0.131767,-3.46087e-06,4124.76,-378.323,-648.466,0,0,-5.48973e-06,4280.51,843.626,1359.71,-0.980115,0.686727,-5.99252e-06
6.719,193.814,2.31233,-5.02383e-06,4.10662e-06,0.00996979,-0.0096214,1.47122e-05,0.000194707,0.00887964,0.00284769,1,0,1,0,-0.008798,0.00820075,0.00130687,-0.00131663,0.116921,0.1178,0.0922067,0.0919624,4109.13,-855.343,-846.853,0,0,-2.25094e-05,3949.66,390,135.36,0,0,-2.54255e-05,4124.75,-378.012,-648.882,0,0,-1.18099e-05,4280.41,841.93,1359.7,-0.990693,0.235997,-1.37605e-05
6.729,193.814,2.31233,-1.2616e-05,-3.58682e-07,0.00956891,-0.00402349,-3.95391e-05,0.000194685,0.00887973,4.9997e-05,1,0,1,0,-0.0087924,0.00820641,0.00130684,-0.00131799,0.11692,0.117801,0.0922068,0.0919626,4109.97,-852.461,-847.691,1.00644,0.354218,1.6837e-06,3949.1,387.854,134.445,-1.00045,0.394071,9.69878e-07,4124.77,-377.84,-649.213,1.00565,0.831722,-4.4422e-06,4280.37,840.075,1358.92,-0.992877,0.28348,-1.3782e-06
6.739,193.814,2.31233,-8.43182e-06,3.79251e-06,-0.00933287,0.0042824,-1.56231e-05,0.000194586,0.00887982,0.00209632,1,0,1,0,-0.00879743,0.00819998,0.00130737,-0.0013176,0.116921,0.1178,0.092207,0.0919625,4109.76,-856.408,-845.869,-0.991075,-0.606679,-5.42563e-06,3949.36,391.228,136.201,1.00763,-0.583473,-5.35226e-06,4124.7,-378.872,-648.471,0,0,-1.24621e-05,4280.61,845.735,1360.35,1.00429,-0.135359,4.28819e-06
6.749,193.814,2.31233,-1.46631e-05,-2.64372e-06,-0.010469,0.00808184,-1.26174e-05,0.000194545,0.0088799,0.0017779,1,0,1,0,-0.00879934,0.00819799,0.00130694,-0.00131701,0.116922,0.1178,0.0922072,0.0919626,4108.76,-855.921,-846.542,-0.998336,-0.328186,-1.01126e-05,3950.07,390.438,136.035,0,0,-4.19939e-06,4124.7,-378.976,-648.674,0,0,1.07919e-05,4280.61,846.198,1360.67,1.08327,-0.320425,-4.31874e-05
6.759,193.814,2.31233,8.44111e-06,2.54961e-05,0.0252864,-0.00821381,7.85464e-05,0.000194587,0.00887997,0.00151174,1,0,1,0,-0.0088043,0.0081933,0.00130738,-0.0013171,0.116923,0.1178,0.0922074,0.0919626,4109.56,-854.913,-846.597,0,0,-1.76349e-05,3949.44,390.118,135.743,0,0,-1.27395e-05,4124.7,-378.384,-648.813,0,0,-1.37467e-05,4280.55,843.315,1359.67,0,0,-1.46611e-06
6.769,193.814,2.31233,-1.59092e-05,-2.42723e-05,-0.0239516,-0.00619856,-5.91447e-05,0.000194528,0.00888005,0.00270839,1,0,1,0,-0.00878755,0.00820669,0.00130693,-0.00131777,0.116924,0.1178,0.0922075,0.0919628,4109.06,-855.33,-846.157,0,0,-2.11012e-06,3949.83,390.21,135.669,0,0,-2.10746e-06,4124.74,-378.054,-648.74,0,0,-9.14349e-06,4280.48,842.437,1359.61,-0.991028,0.22373,-9.41e-06
6.779,193.814,2.31233,-7.6871e-06,4.2672e-06,0.0173103,-0.00132883,-7.25537e-06,0.000194397,0.00888014,0.00098325,1,0,1,0,-0.0087996,0.00819608,0.00130695,-0.00131704,0.116924,0.117801,0.0922077,0.0919628,4109.07,-852.675,-847.443,1.00521,0.487915,-1.90287e-06,3949.73,388.349,134.73,-0.992846,0.390777,-3.67298e-06,4124.74,-378.152,-648.95,0,0,-5.73872e-06,4280.42,841.949,1359.22,-0.99165,0.337255,-6.77424e-06
6.789,193.814,2.31233,-1.80449e-05,-1.45585e-05,-0.0142321,-0.00745181,-7.74306e-05,0.000194391,0.00888023,0.00327394,1,0,1,0,-0.00879158,0.0082031,0.00130681,-0.00131789,0.116924,0.117801,0.0922077,0.0919631,4109.33,-855.109,-846.095,0,0,-4.53839e-06,3949.45,390.173,136.085,0,0,-4.10457e-06,4124.79,-377.254,-648.895,1.00526,0.298901,-6.12643e-06,4280.28,839.171,1358.61,-0.995844,0.242842,-6.98694e-06
6.799,193.814,2.31233,-2.13037e-05,-1.04226e-05,-0.0260656,0.0116677,-3.72866e-05,0.000194289,0.00888032,0.000113829,1,0,1,0,-0.00879938,0.00819496,0.00130694,-0.00131731,0.116925,0.117802,0.092208,0.0919632,4108.05,-857.764,-845.743,-1.01009,-0.139459,-6.23708e-06,3950.68,392.466,137.563,0.993149,-0.646607,-6.35976e-06,4124.76,-378.898,-648.143,-0.963378,-0.619222,-1.05086e-05,4280.54,847.269,1360.83,1.00078,-0.33247,-1.03446e-05
6.809,193.814,2.31233,4.65199e-06,1.7503e-06,0.0466296,-0.0369043,9.59845e-06,0.00019447,0.00888043,0.00445951,1,0,1,0,-0.00879088,0.00820253,0.00130685,-0.00131745,0.116924,0.117803,0.092208,0.0919635,4110.11,-845.947,-848.522,1.00074,0.354339,-0.000134207,3948.99,383.862,132.926,-0.998877,0.410917,0.000106084,4124.82,-375.613,-649.916,1.0039,0.543077,-4.38834e-06,4279.98,828.418,1355.31,-0.999172,0.25773,-4.50532e-06
6.819,193.814,2.31233,-4.49006e-06,2.22948e-05,0.0183919,0.00103821,3.04792e-05,0.00019449,0.00888051,0.00015965,1,0,1,0,-0.00880612,0.00818839,0.00130514,-0.00131744,0.116925,0.117802,0.0922081,0.0919635,4108.99,-855.615,-845.313,-0.949874,-0.490488,2.04887e-06,3949.86,390.955,136.14,0.941595,-0.490076,9.23691e-07,4124.68,-378.457,-648.678,0,0,3.45963e-05,4280.46,843.706,1359.59,1.01826,-0.189448,-8.41338e-05
6.829,193.814,2.31233,-6.89036e-06,-7.01486e-08,-8.08976e-05,-0.00419587,-9.02184e-06,0.000194718,0.0088806,0.00326741,1,0,1,0,-0.00879934,0.00819345,0.00130745,-0.00131837,0.116925,0.117803,0.0922081,0.0919636,4109.36,-854.19,-845.746,0,0,5.15809e-06,3949.56,389.847,135.378,0,0,1.34786e-05,4124.71,-378.213,-648.688,0,0,-1.03515e-05,4280.54,842.449,1358.86,0,0,-1.28813e-05
6.839,193.814,2.31233,-7.51156e-06,8.5103e-06,0.0229797,0.00151914,2.26441e-05,0.000194856,0.00888067,4.09429e-05,1,0,1,0,-0.00879748,0.00819505,0.00130714,-0.00131729,0.116926,0.117803,0.0922081,0.0919638,4108.83,-850.295,-847.861,1.00432,0.57507,-1.62563e-05,3949.98,388.105,134.637,-0.993984,0.468472,-5.71055e-06,4124.74,-377.888,-648.873,0,0,-1.41677e-05,4280.43,840.323,1358.44,-0.999077,0.318054,-2.40706e-06
6.849,193.814,2.31233,-2.17898e-05,-1.72981e-05,-0.0252884,-0.0010058,-7.52776e-05,0.00019495,0.00888074,0.00210096,1,0,1,0,-0.00878973,0.00820181,0.00130684,-0.00131769,0.116927,0.117803,0.0922081,0.0919641,4108.95,-854.68,-845.256,-0.975746,-0.83257,-4.41101e-06,3949.87,390.16,135.845,0,0,-3.86025e-06,4124.77,-377.617,-648.656,1.01863,0.0457463,-1.00185e-05,4280.5,840.464,1358.8,-0.99189,0.192994,1.50189e-06
6.859,193.814,2.31233,-2.4364e-05,-2.37727e-05,-0.0191566,0.00361793,-9.86399e-05,0.000194861,0.00888083,0.00334883,1,0,1,0,-0.00878792,0.0082031,0.00130674,-0.0013177,0.116927,0.117803,0.0922082,0.0919643,4109.32,-853.322,-846.742,1.01435,0.972211,-5.80996e-06,3949.54,389.498,134.631,0,0,-4.90755e-06,4124.79,-377.798,-648.891,0,0,-6.76062e-06,4280.46,840.186,1358.25,-1.06212,0.373519,-5.90208e-06
6.869,193.814,2.31233,-3.22504e-05,-1.52527e-05,-0.0188666,0.0175015,-9.27974e-05,0.000194731,0.00888091,0.000850456,1,0,1,0,-0.00878524,0.00820536,0.00130692,-0.00131816,0.116927,0.117804,0.0922083,0.0919644,4108.99,-853.223,-846.424,1.03162,0.751308,-5.32274e-06,3949.91,389.215,134.959,-0.974394,0.775167,-5.38148e-06,4124.82,-378.372,-648.695,0,0,-6.86051e-06,4280.49,842.819,1359.05,0,0,-6.88057e-06
6.879,193.814,2.31233,-4.10732e-05,-4.09847e-05,-0.0531142,0.014157,-0.000157724,0.00019431,0.00888101,0.00212433,1,0,1,0,-0.00878148,0.0082081,0.00130665,-0.00131856,0.116928,0.117804,0.0922083,0.0919645,4109.05,-854.393,-844.879,-0.931609,-0.824984,-2.97696e-06,3949.8,390.422,136.031,1.07354,-0.659579,-2.96515e-06,4124.9,-378.161,-648.404,0,0,-3.61478e-06,4280.4,842.75,1358.85,0.98713,0.235976,-2.1746e-06
6.889,193.814,2.31233,-1.18469e-05,1.18445e-05,0.0336185,0.0052351,3.05019e-06,0.000193967,0.00888111,0.000454524,1,0,1,0,-0.00879549,0.00819509,0.00130695,-0.00131728,0.116929,0.117804,0.0922087,0.0919644,4108.66,-849.592,-847.648,0.97751,0.588678,-1.48675e-05,3950.02,387.03,133.979,-0.956044,0.521181,-1.47607e-05,4125.05,-377.807,-648.888,0,0,-1.47209e-05,4280.33,839.96,1357.96,-1.07317,0.414485,-1.49892e-05
6.899,193.814,2.31233,-6.78092e-06,9.20096e-06,-0.00473273,-0.000365291,-6.72709e-06,0.000193751,0.00888121,0.00215301,1,0,1,0,-0.00879807,0.00819153,0.00130697,-0.00131685,0.116929,0.117805,0.092209,0.0919644,4109.12,-855.76,-843.91,-0.99433,-0.469802,-1.50604e-05,3949.64,391.773,136.714,1.00707,-0.479448,-3.81618e-06,4124.93,-377.901,-648.143,0,0,-8.98864e-06,4280.4,842.771,1358.75,0.603932,0.0468872,-1.06912e-05
6.909,193.814,2.31233,5.31944e-06,2.25593e-05,0.0315094,-0.0100715,4.20764e-05,0.000193773,0.0088813,0.00114719,1,0,1,0,-0.00879922,0.0081907,0.00130697,-0.00131673,0.116929,0.117806,0.092209,0.0919644,4109.51,-851.204,-846.304,0.983279,0.398989,-2.31269e-05,3949.44,388.242,134.938,-0.965915,0.41016,-2.26236e-05,4124.99,-377.621,-648.946,0,0,-2.06565e-05,4280.32,839.307,1357.7,-1.11196,0.390929,-6.15962e-06
6.919,193.814,2.31233,-2.36921e-05,-1.5324e-05,-0.0138995,0.00357705,-8.08024e-05,0.000193785,0.00888139,0.00269578,1,0,1,0,-0.0087885,0.0081994,0.00130675,-0.00131782,0.116929,0.117805,0.0922092,0.0919647,4108.84,-851.974,-845.684,0.983859,0.0946647,2.45317e-06,3950.02,388.667,135.362,-0.958919,0.202071,-2.08843e-05,4124.94,-377.713,-649.004,0,0,-1.12536e-05,4280.28,839.737,1358.13,-0.996223,0.237482,-1.19383e-05
6.929,193.814,2.31233,-2.08698e-05,-1.45372e-05,-0.0590929,0.0113526,-5.87876e-05,0.000193779,0.00888148,0.000852968,1,0,1,0,-0.00879162,0.00819596,0.0013069,-0.00131727,0.11693,0.117805,0.0922094,0.0919647,4108.48,-859.114,-840.559,-0.997794,-0.49025,-7.62073e-06,3950.31,395.205,138.899,1.00317,-0.501287,-7.21694e-06,4124.85,-378.663,-646.805,-0.76809,-1.10901,-8.19812e-06,4280.65,846.644,1359.36,0.956206,-0.176129,-9.71543e-06
6.939,193.814,2.31233,-9.71366e-06,6.57513e-06,-0.0153226,0.00651263,-8.57371e-07,0.000193879,0.00888157,0.000892016,1,0,1,0,-0.00879239,0.00819518,0.00130656,-0.00131591,0.116931,0.117806,0.0922094,0.0919648,4108.82,-855.835,-843.991,-0.99715,-0.319627,-2.08929e-05,3950.02,391.944,137.014,1.004,-0.511135,-2.09967e-05,4124.81,-378.78,-648.316,-0.972606,-0.32256,-6.34223e-06,4280.49,845.044,1359.33,1.00265,-0.269282,-6.21125e-06
6.949,193.814,2.31233,-1.645e-05,-1.05281e-05,-0.0336157,0.0106508,-2.55011e-05,0.000193809,0.00888167,1.34399e-06,1,0,1,0,-0.00879151,0.00819408,0.00130702,-0.001317,0.116931,0.117806,0.0922097,0.0919649,4108.44,-856.238,-843.683,-0.986905,-0.310651,2.03947e-06,3950.29,392.587,136.876,0.997356,-0.373597,2.22626e-06,4124.76,-378.975,-647.624,-1.00958,-0.714315,-1.01707e-05,4280.56,846.004,1359.36,1.01269,-0.238609,-8.02018e-06
6.959,193.814,2.31232,-4.49093e-06,1.72214e-05,0.013963,0.00247691,5.95334e-05,0.000193734,0.00888176,0.00110202,1,0,1,0,-0.00879707,0.00819036,0.00130635,-0.00131684,0.116932,0.117806,0.0922098,0.091965,4108.83,-853.358,-844.93,-1.01139,-0.396001,-2.38364e-05,3950.51,390.245,135.746,0.999209,-0.214553,-2.38955e-05,4124.88,-378.336,-648.426,0,0,-1.77453e-05,4280.4,842.618,1358.57,0.997473,-0.203105,-1.81996e-05
6.969,193.814,2.31232,-1.36004e-05,-1.84133e-06,-0.0245663,0.0109102,-1.35077e-05,0.000193677,0.00888185,0.00265384,1,0,1,0,-0.00879075,0.00819469,0.00130704,-0.00131739,0.116932,0.117806,0.0922099,0.0919653,4108.96,-854.537,-843.428,-0.994197,-0.549122,-0.000108586,3949.92,391.586,137.137,1.00637,-0.60088,7.98303e-05,4124.87,-378.904,-648.126,-0.977869,-0.391672,-0.000137884,4280.52,845.075,1358.93,1.00009,-0.204087,0.000244108
6.979,193.814,2.31232,3.27144e-06,2.79046e-05,0.057758,-0.00362954,9.23057e-05,0.000193628,0.00888193,0.000838281,1,0,1,0,-0.00878828,0.00819575,0.00130621,-0.00131643,0.116932,0.117807,0.09221,0.0919654,4109.23,-843.781,-848.238,1.00173,0.474967,-8.95507e-06,3949.91,386.615,134.765,-0.999841,0.295157,-1.52714e-05,4124.98,-376.887,-649.34,1.00886,0.712894,0.000128684,4279.96,834.137,1355.95,-0.999051,0.288525,-0.00029633
6.989,193.814,2.31232,-3.17055e-05,-2.82037e-06,-0.0837755,0.0451264,-6.17474e-05,0.000193595,0.00888202,3.59175e-05,1,0,1,0,-0.00878885,0.00819635,0.00130671,-0.00131778,0.116932,0.117808,0.09221,0.0919657,4108.83,-863.978,-838.185,-0.999049,-0.358095,-4.43628e-06,3949.91,399.099,139.813,1.00125,-0.376151,-4.88211e-06,4124.79,-381.561,-646.661,-1.00985,-0.407126,-4.81487e-06,4281.08,856.154,1361.43,1.00605,-0.25884,-1.06849e-05
6.999,193.814,2.31232,-1.35294e-05,4.94929e-06,0.00344675,0.0136167,-3.28973e-05,0.000193542,0.00888213,0.00193335,1,0,1,0,-0.0087944,0.00818942,0.00130685,-0.00131639,0.116933,0.117808,0.0922102,0.0919656,4109.13,-853.146,-845.67,-0.99342,0.655242,-1.94081e-05,3949.51,390.321,134.903,1.00931,0.700594,-1.11058e-05,4124.91,-378.871,-648.222,-0.984051,-0.316876,-7.75743e-06,4280.48,843.963,1358.3,1.00356,-0.142874,-1.58215e-05
