t,x,y,speed,vy,ax,ay,yawRate,roll,pitch,rpm,gear,throttle,brake,steer,delta0,delta1,delta2,delta3,sz0,sz1,sz2,sz3,fz0,fx0,fy0,slip0,alpha0,omega0,fz1,fx1,fy1,slip1,alpha1,omega1,fz2,fx2,fy2,slip2,alpha2,omega2,fz3,fx3,fy3,slip3,alpha3,omega3
0.009,24.801,0.0251459,5.00079,2.51621e-05,-0.215112,0.211423,-0.00620954,-8.49531e-05,0.00934241,2638.32,1,0,0.000153706,0,-0.00657415,0.00653429,0.00125026,-0.00125342,0.120207,0.120086,0.0936519,0.0934791,4036.45,1531.48,-527.868,0.0169304,0.00825069,-13.9689,4024.02,-2615.69,255.535,-0.0348293,-0.00463642,-15.2224,4228.44,-2764.69,142.421,-0.0347379,-0.00220965,-13.02,4237.63,-4824.98,3.45425,-0.111985,-0.000101187,-14.3239
0.019,24.8509,0.0252048,4.99795,-0.000117757,-0.102457,-0.0702704,-0.0066618,-7.30767e-05,0.00936025,2624.71,1,0.00102387,0,0,-0.00659294,0.00649837,0.00124899,-0.00125544,0.120214,0.120104,0.0936312,0.0934688,4037.57,1156.51,-483.253,0.0122158,0.0075569,-13.9116,4034.91,-2844.36,295.641,-0.0386656,-0.0053272,-15.1401,4220.4,-2920.34,155.959,-0.0373791,-0.00251278,-12.9909,4235.16,-4827.87,4.87249,-0.112934,-0.000218152,-14.3022
0.029,24.9008,0.0252662,4.99394,-0.000276057,-0.0890803,-0.340979,-0.00692916,-4.82615e-05,0.00939849,2618.75,1,0.00280257,0,0,-0.0065471,0.006508,0.00124959,-0.00125554,0.120228,0.120141,0.0935981,0.0934529,4043.26,1088.12,-463.643,0.0113535,0.00725742,-13.8954,4049.97,-2949.02,307.852,-0.0403729,-0.00554285,-15.0995,4204.88,-2862.96,169.026,-0.0366371,-0.00270389,-12.9979,4229.66,-4821.26,6.60323,-0.112743,-0.00048446,-14.2855
0.039,24.9507,0.0253291,4.9896,-0.000159553,-0.152057,0.0532053,-0.00630545,-1.3461e-05,0.00945522,2616.05,1,0.00466464,0,0,-0.00651694,0.00647684,0.00125256,-0.00126091,0.120256,0.120202,0.0935494,0.0934296,4054.17,1243.1,-515.429,0.013221,0.0080226,-13.8896,4060.62,-3052.73,263.58,-0.042119,-0.00483695,-15.0828,4187.63,-2758.4,149.659,-0.0351338,-0.00234956,-12.9963,4219.93,-4814.16,4.07804,-0.113239,-0.000147162,-14.2766
0.049,25.0005,0.0253926,4.98534,-0.000222933,-0.280987,-0.00154049,-0.00621116,2.65529e-05,0.00952484,2614.33,1,0.00642501,0,0,-0.00647467,0.00643421,0.00125335,-0.00125842,0.120296,0.120285,0.0934864,0.0933982,4061.29,1310.24,-510.281,0.0140049,0.00794045,-13.8906,4073,-3093.4,252.176,-0.042697,-0.00464597,-15.0687,4170.18,-2583.31,142.507,-0.0325877,-0.00216184,-13.0084,4210.61,-4803.06,4.97052,-0.112932,-0.000228345,-14.2642
0.059,25.0503,0.025456,4.98123,-0.000235211,-0.180648,-0.0245851,-0.00617582,6.79357e-05,0.00960118,2613.37,1,0.00817964,0,0,-0.00644199,0.00635868,0.00125813,-0.0012602,0.120349,0.120388,0.0934099,0.0933597,4066.76,1401.27,-516.349,0.0151063,0.00803056,-13.8907,4083.26,-3080.83,266.475,-0.0423047,-0.00486543,-15.0619,4152.78,-2513.36,159.036,-0.0317213,-0.00239983,-13.0254,4201.64,-4791.88,5.31896,-0.112552,-0.000265391,-14.2588
0.069,25.1,0.0255187,4.97733,-0.000263401,-0.154637,-0.0903343,-0.00597343,0.000106942,0.00967836,2612.82,1,0.00978023,0,0,-0.00641661,0.0062622,0.00126274,-0.00126494,0.120412,0.120503,0.0933238,0.093315,4068.8,1510.4,-489.639,0.0164353,0.00763343,-13.8994,4090.21,-3096.48,283.684,-0.0425183,-0.00514132,-15.0493,4141.7,-2504.63,161.041,-0.0317062,-0.0024347,-13.0158,4194.11,-4790.25,4.8872,-0.113637,-0.000217965,-14.2389
0.079,25.1497,0.02558,4.97365,-0.000440629,-0.0262211,-0.30686,-0.0062877,0.000140508,0.00975138,2612.17,1,0.0113071,0,0,-0.0063974,0.00615341,0.00126414,-0.00127152,0.120481,0.120623,0.0932345,0.0932673,4070.01,1415.77,-458.326,0.0152177,0.00715837,-13.8889,4092.63,-2981.65,312.375,-0.0403506,-0.00556926,-15.053,4132.66,-2563.09,188.669,-0.0327155,-0.00290866,-13.0181,4189.82,-4771.64,6.66388,-0.111129,-0.000526413,-14.2533
0.089,25.1993,0.0256397,4.97021,-0.000482587,-0.0120829,-0.310787,-0.0066537,0.000167818,0.0098171,2612.24,1,0.0126799,0,0,-0.00628866,0.00612727,0.00126879,-0.00126619,0.120551,0.120743,0.0931465,0.0932198,4071.17,1433.39,-465.695,0.0154358,0.00726959,-13.8795,4090.92,-2910.89,306.426,-0.0390839,-0.00544805,-15.0632,4130.92,-2638.17,184.289,-0.0339068,-0.00288248,-12.9893,4187.25,-4779.55,6.56994,-0.112949,-0.000461233,-14.2201
0.099,25.249,0.0256975,4.96688,-0.000537525,-0.0522286,-0.29785,-0.00676435,0.000187543,0.0098731,2611.8,1,0.0139749,0,0,-0.00625934,0.00603203,0.00126966,-0.00127015,0.120623,0.120854,0.0930654,0.0931754,4070.45,1551.29,-455.757,0.0169098,0.00712702,-13.8901,4086.77,-2954.97,294.559,-0.0399281,-0.00526784,-15.0469,4133.23,-2587.31,180.892,-0.0330775,-0.00279844,-12.985,4186.63,-4772.57,6.61211,-0.111835,-0.000473854,-14.2259
0.109,25.2986,0.0257538,4.96387,-0.000409841,-0.102674,-0.0550208,-0.00639773,0.000200818,0.00991864,2612.02,1,0.0151381,0,0,-0.00619988,0.00597525,0.00127343,-0.0012707,0.120691,0.120955,0.092993,0.093132,4070.66,1582.59,-477.253,0.0173257,0.00745504,-13.8789,4080.37,-2897.78,269.561,-0.0389591,-0.00485206,-15.0606,4139.81,-2764.01,160.315,-0.0358143,-0.00256055,-12.9268,4188.79,-4799.89,4.78007,-0.116598,-0.000196598,-14.1584
0.119,25.3481,0.025809,4.96092,-0.000496282,-0.0909958,-0.149693,-0.00664545,0.000208947,0.00995375,2611.64,1,0.0163117,0,0,-0.00617162,0.00590041,0.00127756,-0.0012704,0.120755,0.121042,0.0929353,0.0930974,4067.7,1566.49,-462.55,0.0171249,0.00723585,-13.8751,4075.25,-2849.02,270.355,-0.038168,-0.00485276,-15.0589,4145.6,-2766.43,170.168,-0.0357895,-0.00271694,-12.9233,4192.46,-4797.3,6.32457,-0.115311,-0.000386969,-14.1595
0.129,25.3977,0.0258633,4.95822,-0.000315586,-0.240112,0.0639384,-0.00612767,0.000212574,0.00997934,2611.63,1,0.0173353,0,0,-0.00618934,0.00579523,0.00128172,-0.00126751,0.120815,0.121116,0.0928896,0.0930689,4065.55,1640.65,-470.915,0.0180949,0.00737057,-13.8757,4069.6,-2853.12,251.329,-0.0382994,-0.00455073,-15.0579,4155.21,-2868.37,152.12,-0.0373559,-0.00247378,-12.8778,4198.1,-4811.13,6.41155,-0.116989,-0.000395956,-14.1229
0.139,25.4472,0.0259167,4.95561,-0.000422567,-0.250534,-0.0301645,-0.00651145,0.000213819,0.00999659,2611.26,1,0.0183884,0,0,-0.00609603,0.00580824,0.00128054,-0.00127242,0.120866,0.121178,0.0928569,0.0930504,4062.91,1642.16,-456.878,0.0181177,0.00716272,-13.8711,4065.06,-2822,250.042,-0.0378139,-0.00452635,-15.058,4163.85,-2907.34,147.565,-0.0379028,-0.00241439,-12.8585,4202.78,-4816.39,6.10319,-0.117105,-0.000341592,-14.1173
0.149,25.4967,0.0259703,4.953,-0.00037674,-0.0522444,-0.0675293,-0.00654867,0.000213377,0.010007,2610.95,1,0.0195417,0,0,-0.00607763,0.00575899,0.00128079,-0.00127383,0.120913,0.121228,0.0928378,0.09304,4059.9,1684.11,-457.289,0.0186806,0.00717561,-13.8731,4062.09,-2777.28,258.658,-0.0370862,-0.00465521,-15.0528,4169.54,-2878.45,166.091,-0.0373501,-0.00269601,-12.8727,4206.7,-4815.28,5.36686,-0.116044,-0.000251128,-14.1383
0.159,25.5461,0.0260233,4.95061,-0.000428726,-0.0335057,-0.13528,-0.00684951,0.000211296,0.0100121,2610.55,1,0.0205491,0,0,-0.00602674,0.00575167,0.00128147,-0.00127315,0.120953,0.121271,0.0928301,0.093037,4057.71,1629.13,-439.721,0.0179677,0.00690933,-13.8582,4059.31,-2690.1,271.223,-0.0356549,-0.00483778,-15.0643,4176.47,-2905.4,168.621,-0.0377187,-0.00274736,-12.8638,4211.75,-4813.56,4.97246,-0.114688,-0.000213553,-14.1525
0.169,25.5956,0.0260761,4.9483,-0.000302388,-0.336913,0.177845,-0.00654693,0.000208333,0.0100133,2610.33,1,0.0214072,0,0,-0.00601932,0.00571433,0.00128173,-0.00127336,0.120988,0.121306,0.092832,0.0930398,4059.06,1727.4,-485.755,0.0192817,0.00761542,-13.8566,4053.43,-2753.7,208.114,-0.0367536,-0.0038558,-15.0637,4185.09,-2729.35,136.324,-0.0346889,-0.00212575,-12.8641,4216.8,-4813.18,4.0991,-0.113654,-0.000137987,-14.1541
0.179,25.645,0.0261286,4.94604,-0.00041269,-0.197718,-0.00739927,-0.00673921,0.000204732,0.0100118,2610.1,1,0.0224381,0,0,-0.00597083,0.00571775,0.00128081,-0.00127297,0.12102,0.121336,0.0928423,0.0930496,4055.68,1783.35,-453.354,0.0200091,0.00713004,-13.8657,4053.38,-2732.38,244.563,-0.0364194,-0.00442518,-15.0531,4190.19,-2692.66,155.213,-0.0340621,-0.00240474,-12.8808,4220.52,-4806.47,3.95867,-0.111788,-0.000131562,-14.1857
0.189,25.6944,0.0261809,4.94399,-0.000315223,-0.0526917,-0.0500021,-0.00657057,0.000200147,0.0100086,2609.87,1,0.0233935,0,0,-0.00601728,0.00563764,0.00128269,-0.00126992,0.121049,0.121358,0.0928591,0.0930627,4054.44,1775.45,-436.303,0.0198961,0.00687121,-13.8687,4053.88,-2672.88,262.54,-0.0354277,-0.00469777,-15.0486,4192.08,-2705.51,176.682,-0.0342587,-0.00275091,-12.889,4222.75,-4800.19,5.18502,-0.110363,-0.000241877,-14.1988
0.199,25.7438,0.0262329,4.94208,-0.000235507,-0.0722168,0.120668,-0.00645771,0.000195415,0.0100044,2609.78,1,0.0242336,0,0,-0.00598432,0.00563712,0.00128165,-0.00127073,0.121076,0.12138,0.0928795,0.0930796,4054.54,1744.87,-444.218,0.0195001,0.00699129,-13.8481,4052.17,-2591.05,249.91,-0.0340934,-0.00448527,-15.0693,4196.76,-2727.35,168.214,-0.0345434,-0.00262425,-12.8724,4224.46,-4807.41,-1.28222,-0.111287,0.000191482,-14.1924
0.209,25.7931,0.0262846,4.94038,-0.000421468,-0.249711,-0.0768613,-0.00717713,0.000190429,0.00999969,2609.63,1,0.0249334,0,0,-0.00591372,0.00567608,0.00127785,-0.00127282,0.121101,0.1214,0.0929038,0.0931001,4054.68,1755.99,-453.273,0.0196551,0.0071293,-13.8464,4050.77,-2596.73,234.596,-0.0341904,-0.00424456,-15.0708,4200.94,-2672.6,150.856,-0.0336261,-0.00231844,-12.864,4228.59,-4807.26,4.85745,-0.110559,-0.000211151,-14.1788
0.219,25.8425,0.0263365,4.93871,-0.000341818,-0.0286034,-0.147133,-0.00688387,0.000184972,0.00999469,2609.55,1,0.025789,0,0,-0.00595572,0.00560875,0.00127817,-0.00126829,0.121126,0.121415,0.0929291,0.0931194,4052.63,1753.12,-417.374,0.0195962,0.00658496,-13.853,4053.03,-2531.26,286.29,-0.0331553,-0.00504292,-15.0641,4202.2,-2809.44,176.695,-0.0358021,-0.00280095,-12.8534,4230.18,-4814.33,4.73414,-0.111468,-0.000198072,-14.171
0.229,25.8918,0.0263882,4.93719,-0.000349099,-0.0406098,-0.113388,-0.00697824,0.000179604,0.00998962,2609.47,1,0.0264902,0,0,-0.00590581,0.0056305,0.00127633,-0.00126894,0.121149,0.121431,0.0929569,0.0931413,4052.99,1770.18,-434.513,0.0198354,0.00684718,-13.8476,4051.29,-2510.61,257.838,-0.0328236,-0.00459294,-15.0696,4203.95,-2801.75,180.281,-0.0356596,-0.00285251,-12.8465,4231.56,-4822.05,2.82578,-0.112574,-4.71442e-05,-14.15
0.239,25.9411,0.0264396,4.9358,-0.000310214,-0.088714,-0.0580697,-0.00702149,0.000173382,0.00998445,2609.33,1,0.0271285,0,0,-0.00588658,0.00562591,0.00127738,-0.00127594,0.121171,0.121445,0.0929847,0.0931628,4054.38,1671.98,-449.647,0.0185542,0.00707012,-13.8186,4050.59,-2394.66,240.678,-0.0310191,-0.00430747,-15.0986,4207.23,-2892.06,150.868,-0.0370796,-0.00242708,-12.816,4233.33,-4828.72,3.95206,-0.113454,-0.000128438,-14.1335
0.249,25.9904,0.0264913,4.93444,-0.000442782,0.00272206,-0.306339,-0.00751456,0.000167075,0.00997893,2609.24,1,0.0278141,0,0,-0.00589157,0.00560104,0.00127803,-0.00127736,0.12119,0.121456,0.0930135,0.0931838,4051.89,1675.17,-411.397,0.0185765,0.00649174,-13.8307,4051.95,-2364.97,279.305,-0.0305831,-0.00489842,-15.0859,4207.81,-2942.88,181.457,-0.0379548,-0.00295192,-12.8185,4235.34,-4828.16,6.1756,-0.11298,-0.000359747,-14.1295
0.259,26.0397,0.0265425,4.93317,-0.000316484,-0.149562,-0.0424214,-0.00698826,0.000159849,0.00997327,2609.21,1,0.028365,0,0,-0.00587282,0.00559845,0.00127437,-0.00126715,0.121211,0.121467,0.0930421,0.0932042,4053.46,1774.79,-440.008,0.0198989,0.00693209,-13.8328,4048.61,-2422.33,247.551,-0.0314693,-0.00441883,-15.0844,4211.57,-2897.86,154.956,-0.0371239,-0.00249312,-12.8029,4235.95,-4838.9,4.19347,-0.114888,-0.000143757,-14.1042
0.269,26.089,0.0265935,4.93205,-0.000381843,-0.362173,-0.122519,-0.00721077,0.000152159,0.00996711,2609.2,1,0.0288363,0,0,-0.00587465,0.00557918,0.00127286,-0.00126455,0.12123,0.121475,0.0930708,0.093224,4053.03,1814.48,-442.241,0.020432,0.00696865,-13.8366,4048.44,-2439.81,241.495,-0.0317364,-0.00432548,-15.0812,4214.06,-2855.37,145.638,-0.0363825,-0.00231862,-12.7944,4238.43,-4838.62,6.72141,-0.114348,-0.000480338,-14.0876
0.279,26.1382,0.0266446,4.93089,-0.000258774,-0.020787,-0.117044,-0.00667672,0.000144513,0.00996069,2609.21,1,0.0295452,0,0,-0.00588075,0.00555754,0.00127268,-0.00126299,0.121248,0.121481,0.0930989,0.0932433,4050.75,1893.45,-412.993,0.0214803,0.00653089,-13.857,4048.77,-2453.85,270.324,-0.0319726,-0.00477867,-15.0618,4213.85,-3032.44,171.695,-0.0394133,-0.00284209,-12.7809,4237.45,-4848.71,5.54627,-0.116569,-0.000270407,-14.0766
0.289,26.1875,0.0266958,4.92977,-0.000119043,-0.228743,0.214677,-0.0061262,0.000136752,0.00995367,2609.09,1,0.0300183,0,0,-0.00586541,0.00556085,0.00127249,-0.00126134,0.121264,0.121485,0.0931274,0.093262,4053.47,2008.51,-465.479,0.0230975,0.00734816,-13.8594,4044.65,-2539.28,216.465,-0.0333253,-0.0039565,-15.0588,4216.8,-2872.68,146.827,-0.0366338,-0.00234441,-12.7893,4237.74,-4850.77,3.62044,-0.116952,-9.34063e-05,-14.0706
0.299,26.2367,0.0267466,4.92885,-0.000167618,-0.170298,0.125987,-0.00623872,0.000128552,0.00994621,2609.1,1,0.0305187,0,0,-0.0058374,0.00557594,0.00126974,-0.00126186,0.121277,0.121488,0.0931546,0.0932788,4052.53,2003.02,-463.605,0.0230264,0.00732008,-13.8604,4043.94,-2509.86,226.315,-0.032872,-0.00410621,-15.0587,4217.64,-2897.05,143.565,-0.0370243,-0.00230421,-12.7877,4238.97,-4858.52,6.47449,-0.118385,-0.000394876,-14.0447
0.309,26.286,0.0267974,4.9279,-0.000361143,0.0398988,-0.268416,-0.00696952,0.00012048,0.00993828,2609.03,1,0.0310933,0,0,-0.00580215,0.00559965,0.00126642,-0.00126313,0.121289,0.121489,0.0931813,0.093297,4048.48,1953.58,-411.68,0.0223171,0.00651786,-13.8637,4045.82,-2428.51,268.082,-0.0316102,-0.00474079,-15.0553,4216.49,-2949.25,182.365,-0.0379493,-0.00296259,-12.797,4239.2,-4852.81,6.59791,-0.117067,-0.000438441,-14.0598
0.319,26.3352,0.0268482,4.92704,-0.00019931,-0.0226739,-0.043057,-0.00633431,0.000112049,0.00993003,2609.01,1,0.0315268,0,0,-0.00583987,0.00555894,0.00126823,-0.00126019,0.121299,0.121487,0.0932077,0.093312,4048.71,2041.99,-422.65,0.023554,0.00669506,-13.8724,4043.47,-2485.74,250.73,-0.0325145,-0.00448226,-15.047,4218.68,-2956.5,172.868,-0.0380349,-0.00281076,-12.7844,4239.39,-4857.59,5.62615,-0.118081,-0.000277957,-14.0486
0.329,26.3844,0.0268987,4.92618,-0.00024438,-0.0618362,0.000149142,-0.00650729,0.000103858,0.00992138,2608.98,1,0.0319713,0,0,-0.00579648,0.00559681,0.00126342,-0.00126288,0.121307,0.121483,0.0932328,0.0933279,4050.34,2001.37,-442.035,0.0229964,0.00699021,-13.8557,4041.65,-2421.37,239.898,-0.0315235,-0.00430613,-15.0641,4220.38,-2888.76,171.212,-0.0368736,-0.00274312,-12.7885,4238.86,-4852.93,4.39899,-0.117173,-0.000158775,-14.0647
0.339,26.4336,0.026949,4.92546,-0.000327991,0.014976,-0.217436,-0.0069451,9.53733e-05,0.00991252,2608.99,1,0.0324069,0,0,-0.00579057,0.00560117,0.0012636,-0.00126132,0.121314,0.121478,0.0932574,0.093341,4046.68,1967.57,-414.865,0.0225276,0.00657058,-13.861,4041.83,-2376.59,268.5,-0.0308561,-0.00474156,-15.0596,4220.53,-2933.53,175.066,-0.0376232,-0.00283116,-12.7889,4240.08,-4851.96,6.3386,-0.116698,-0.00038446,-14.0622
0.349,26.4828,0.0269996,4.92481,-0.00019272,-0.0489499,0.00237481,-0.00647615,8.7463e-05,0.00990346,2609.07,1,0.0327584,0,0,-0.00579612,0.00559866,0.00126329,-0.00125982,0.121318,0.12147,0.0932805,0.0933535,4047.08,2038.46,-435.49,0.0235335,0.00689641,-13.8628,4039.72,-2416.1,241.231,-0.0314638,-0.00432699,-15.0591,4222.59,-2957.9,165.014,-0.0379996,-0.00268067,-12.7713,4240.42,-4860.69,4.43919,-0.118555,-0.000158718,-14.039
0.359,26.532,0.0270503,4.92412,-0.000107897,0.0444807,0.0594245,-0.00624735,7.99e-05,0.00989418,2609.06,1,0.0331931,0,0,-0.00583651,0.00556429,0.00126529,-0.00125726,0.121322,0.12146,0.0933041,0.0933662,4046.13,2009.19,-430.876,0.0231271,0.00682284,-13.864,4038.87,-2373.96,244.306,-0.0308293,-0.00436868,-15.0584,4222.01,-2984.1,173.03,-0.0384624,-0.00282683,-12.7735,4239.78,-4856.99,4.32932,-0.117862,-0.000151194,-14.0507
0.369,26.5812,0.0271012,4.92352,-0.000148503,-0.0789165,-0.00361555,-0.00661148,7.32049e-05,0.00988474,2609.12,1,0.0335054,0,0,-0.00579248,0.00561347,0.00126369,-0.00126222,0.121322,0.121449,0.093325,0.0933782,4044.87,1976.41,-431.52,0.0226831,0.00683125,-13.8478,4038.05,-2321.79,245.197,-0.0300486,-0.00437543,-15.076,4223.26,-2928.77,157.547,-0.0374932,-0.00254256,-12.7723,4240.13,-4854.78,3.70357,-0.1173,-0.000101062,-14.0529
0.379,26.6304,0.0271521,4.92297,-5.0378e-05,-0.152568,0.20849,-0.00640933,6.62474e-05,0.00987515,2609.18,1,0.0338146,0,0,-0.00580819,0.00560883,0.00126244,-0.00125436,0.12132,0.121437,0.0933463,0.0933889,4045.71,1995.06,-448.147,0.0229543,0.00708955,-13.8437,4036.1,-2326.03,214.599,-0.0301129,-0.0039068,-15.081,4223.71,-2902.99,145.425,-0.0370475,-0.00233243,-12.7727,4240.19,-4854.27,3.13515,-0.11718,-5.54876e-05,-14.0475
0.389,26.6796,0.0272029,4.9224,-0.000170624,-0.17975,0.0728184,-0.00656166,5.93867e-05,0.00986535,2609.21,1,0.0341533,0,0,-0.00579448,0.00563346,0.00125829,-0.00125376,0.121316,0.121423,0.0933656,0.0933998,4044.93,2063.7,-452.654,0.0239284,0.00716756,-13.8559,4035.78,-2372.38,223.111,-0.0308231,-0.00404328,-15.0698,4224.61,-2818.99,155.004,-0.0356688,-0.00244146,-12.7867,4240.41,-4848.58,4.90629,-0.11593,-0.000208394,-14.0642
0.399,26.7287,0.0272537,4.92192,-9.3269e-05,-0.226158,0.13775,-0.00615819,5.22351e-05,0.00985539,2609.28,1,0.0344449,0,0,-0.00584321,0.00560076,0.00126227,-0.00125494,0.121311,0.121407,0.0933848,0.0934082,4046.02,2147.01,-451.8,0.0251073,0.00716391,-13.8717,4036.16,-2434.89,220.718,-0.0317786,-0.00401479,-15.055,4224.77,-2788.06,154.811,-0.0351712,-0.00242218,-12.7886,4239.92,-4843.87,5.61812,-0.115082,-0.000286076,-14.0715
0.409,26.7779,0.0273046,4.92146,5.66836e-05,-0.110264,0.249309,-0.00557543,4.51346e-05,0.00984535,2609.36,1,0.0348046,0,0,-0.00587815,0.00558055,0.00126576,-0.00125128,0.121306,0.121391,0.0934032,0.0934158,4043.53,2175.45,-446.062,0.0255335,0.00708205,-13.8795,4034.02,-2435.5,235.786,-0.0318216,-0.00425158,-15.0485,4224.85,-2826.63,166.045,-0.0357976,-0.00262145,-12.7891,4239.37,-4847,3.85896,-0.115824,-0.000118791,-14.0696
0.419,26.8271,0.0273552,4.92106,-0.000156832,-0.114618,0.0445488,-0.00650657,3.86923e-05,0.00983509,2609.37,1,0.0350888,0,0,-0.00580085,0.00567212,0.00125732,-0.00125822,0.121298,0.121374,0.0934186,0.0934255,4042.79,2167.61,-445.218,0.0254257,0.00706824,-13.8765,4033.18,-2419.54,230.196,-0.0315793,-0.00416306,-15.0521,4225.77,-2796.91,161.748,-0.0353054,-0.00253629,-12.7927,4239.25,-4836.58,3.84319,-0.113815,-0.000123334,-14.0949
0.429,26.8762,0.0274061,4.92078,-0.000440942,0.142179,-0.551883,-0.0075448,3.23121e-05,0.00982469,2609.45,1,0.0354256,0,0,-0.00579271,0.00569607,0.00126252,-0.00127828,0.121288,0.121356,0.0934351,0.0934329,4038.9,2094.08,-392.257,0.0243409,0.00623698,-13.8917,4036.15,-2329.88,287.636,-0.030221,-0.00503711,-15.0383,4222.29,-2911.11,210.426,-0.0372586,-0.00338684,-12.8045,4240.69,-4831.04,7.5257,-0.112538,-0.000733823,-14.0943
0.439,26.9254,0.0274566,4.92051,-0.000133342,-0.0909483,0.0826429,-0.00613722,2.51366e-05,0.00981431,2609.55,1,0.0355694,0,0,-0.0058551,0.00566009,0.00125851,-0.00125514,0.121279,0.121335,0.0934505,0.0934383,4041.68,2253.3,-440.522,0.0266868,0.00700741,-13.8963,4031.76,-2470.65,237.306,-0.0323975,-0.00428292,-15.035,4226.17,-2864.74,163.963,-0.0363999,-0.00260797,-12.7784,4239.17,-4848.52,5.18862,-0.116175,-0.000237632,-14.0602
0.449,26.9746,0.027507,4.92034,-0.000162964,-0.0147225,-0.0640814,-0.0062452,1.82911e-05,0.00980378,2609.64,1,0.0357943,0,0,-0.00584923,0.00568707,0.00125766,-0.00125561,0.121268,0.121314,0.0934638,0.0934433,4039.42,2232.18,-426.777,0.0263777,0.0067904,-13.8983,4032.59,-2435.44,251.59,-0.0318473,-0.00449969,-15.0344,4226.65,-2951.87,174.793,-0.037853,-0.00283196,-12.7655,4239.98,-4857.92,5.88281,-0.118024,-0.0003154,-14.0331
0.459,27.0237,0.0275576,4.92016,-4.86792e-05,-0.30497,0.161124,-0.00601262,1.18929e-05,0.00979321,2609.74,1,0.0358766,0,0,-0.00589298,0.00566955,0.00125884,-0.00125296,0.121257,0.121291,0.0934777,0.0934481,4041.42,2206.68,-461.963,0.0260315,0.00733645,-13.8789,4030.25,-2415.43,219.284,-0.0315396,-0.00399648,-15.0554,4229.3,-2924.69,144.882,-0.0373369,-0.00233089,-12.7461,4241.83,-4861,6.12738,-0.118301,-0.000349498,-14.0155
0.469,27.0729,0.0276084,4.91994,-0.000144388,-0.065162,0.0103405,-0.00639064,6.49199e-06,0.00978262,2609.87,1,0.0361908,0,0,-0.00584938,0.00573452,0.0012599,-0.00126419,0.121243,0.12127,0.0934904,0.0934536,4039.4,2173.21,-447.736,0.025542,0.00711084,-13.8783,4029.89,-2357.19,238.889,-0.0306623,-0.0042931,-15.0579,4227.72,-2997.37,158.001,-0.0386004,-0.00258488,-12.748,4240.7,-4864.21,5.78092,-0.119311,-0.000298741,-14.0133
0.479,27.122,0.027659,4.91974,-0.000128334,-0.0421259,0.0266785,-0.00638375,7.86623e-07,0.00977208,2609.96,1,0.0364078,0,0,-0.00586051,0.00574831,0.00125565,-0.00125685,0.121229,0.121247,0.0935024,0.0934576,4038.62,2130.86,-440.593,0.0249274,0.00699455,-13.8689,4029.42,-2301.56,246.099,-0.0298312,-0.00439757,-15.0686,4228.17,-3016.71,160.624,-0.0389305,-0.00263839,-12.7452,4240.64,-4862.72,4.5536,-0.118976,-0.000170924,-14.0199
0.489,27.1712,0.0277098,4.91943,-7.58436e-05,-0.058033,0.134435,-0.00623415,-4.45543e-06,0.00976135,2609.98,1,0.0366498,0,0,-0.00586838,0.00576666,0.00125291,-0.0012565,0.121212,0.121223,0.0935145,0.0934623,4039.04,2198.13,-448.917,0.0259109,0.00713387,-13.8796,4028.81,-2356.21,241.251,-0.0306598,-0.00433268,-15.0581,4228.1,-2925.28,170.159,-0.0373827,-0.00274006,-12.7627,4238.65,-4847.84,-0.989324,-0.11616,0.000190621,-14.0634
0.499,27.2203,0.0277603,4.91922,-0.000206663,-0.0254766,0.00927536,-0.00675582,-9.79143e-06,0.00975063,2610.07,1,0.0368756,0,0,-0.00586067,0.00580255,0.00125125,-0.00125754,0.121195,0.121199,0.0935253,0.0934664,4039.12,2142.09,-443.881,0.0250893,0.00704648,-13.8695,4027.5,-2292.01,245.785,-0.0297072,-0.00439426,-15.0697,4227.72,-2870.1,162.377,-0.036467,-0.00258414,-12.7782,4238.4,-4836.57,3.57434,-0.113975,-0.000103445,-14.0917
0.509,27.2694,0.0278107,4.91913,-0.000199782,-0.121733,-0.016704,-0.00664423,-1.52175e-05,0.00973995,2610.19,1,0.0370001,0,0,-0.00586473,0.00582648,0.00125082,-0.00125605,0.121179,0.121174,0.0935356,0.0934692,4037.82,2207.65,-449.507,0.026063,0.00714433,-13.8826,4027.31,-2352.78,240.21,-0.0306225,-0.00431726,-15.0582,4228.82,-2823.72,157.087,-0.0356956,-0.00247375,-12.7783,4238.8,-4840.88,4.13545,-0.114721,-0.000145595,-14.0773
0.519,27.3186,0.0278615,4.91909,-0.000238733,-0.217263,-0.20598,-0.00661976,-2.02552e-05,0.00972926,2610.29,1,0.0371045,0,0,-0.00594367,0.00577975,0.00125476,-0.00125322,0.121163,0.121148,0.0935462,0.0934707,4035.3,2216.83,-421.269,0.0261849,0.00670238,-13.8993,4029.03,-2363.82,269.503,-0.0307941,-0.00477176,-15.043,4227.95,-2769.33,173.134,-0.0348498,-0.00270079,-12.7926,4240.72,-4838.51,7.11386,-0.113896,-0.000678187,-14.0659
0.529,27.3677,0.0279124,4.91899,-0.000167326,-0.0596594,-0.0449473,-0.00647036,-2.42911e-05,0.0097186,2610.51,1,0.0373412,0,0,-0.00591,0.00584174,0.00125212,-0.00125406,0.121144,0.121123,0.0935546,0.0934738,4036.28,2181.58,-433.687,0.0256754,0.00689372,-13.8841,4027.35,-2304.27,257.184,-0.0299,-0.00457417,-15.061,4228.88,-2868.87,165.674,-0.0364348,-0.00263539,-12.7774,4239.31,-4846.35,4.96422,-0.115701,-0.000218054,-14.0639
0.539,27.4169,0.0279634,4.91891,-0.000229706,-0.0176262,-0.206769,-0.00658379,-2.82312e-05,0.00970794,2610.61,1,0.0375172,0,0,-0.00591911,0.00586146,0.00124841,-0.00126092,0.121125,0.121097,0.0935639,0.0934778,4034.16,2178.59,-425.035,0.0256404,0.00675881,-13.885,4028.16,-2290.8,270.119,-0.0296989,-0.00477157,-15.0617,4227.66,-2788.6,178.457,-0.0351635,-0.00279584,-12.7965,4239.13,-4844.37,5.41333,-0.115338,-0.000265817,-14.0673
0.549,27.466,0.0280148,4.91887,9.92668e-05,-0.10059,0.213037,-0.00563662,-3.21715e-05,0.00969737,2610.73,1,0.0376297,0,0,-0.00601389,0.00580075,0.0012559,-0.00125103,0.121108,0.121071,0.0935721,0.093478,4035.3,2243.35,-451.846,0.0266177,0.00718839,-13.8906,4025.94,-2347.37,245.159,-0.0305573,-0.00439705,-15.0572,4228.65,-2790.84,163.808,-0.035176,-0.00256334,-12.7883,4239.05,-4849.23,4.26808,-0.116348,-0.000152732,-14.0579
0.559,27.5152,0.0280658,4.91892,-0.000123621,-0.0196837,-0.0565106,-0.00650305,-3.57028e-05,0.00968681,2610.82,1,0.0377708,0,0,-0.00595587,0.00588579,0.00125057,-0.00125538,0.121087,0.121047,0.0935785,0.0934808,4034.63,2145.14,-437.311,0.0251663,0.00694619,-13.8756,4026.19,-2245.11,262.882,-0.0290329,-0.00465497,-15.0735,4228.4,-2864.75,164.577,-0.0363728,-0.00261584,-12.7797,4239.21,-4847.27,5.6816,-0.115907,-0.000296168,-14.0616
0.569,27.5643,0.028117,4.91894,5.67053e-06,-0.156865,0.0919377,-0.00606514,-3.9814e-05,0.00967637,2610.94,1,0.0378385,0,0,-0.00603155,0.0058439,0.0012559,-0.00125047,0.121068,0.12102,0.0935864,0.0934817,4034.45,2132.66,-446.075,0.0249988,0.00708031,-13.8709,4025.49,-2236.75,254.446,-0.0289105,-0.00452313,-15.0797,4229.53,-2877.99,158.238,-0.0365706,-0.00252054,-12.7675,4239.83,-4846.18,5.46048,-0.115561,-0.000270499,-14.0597
0.579,27.6134,0.0281685,4.91895,-4.6772e-05,-0.0700907,0.0216413,-0.00631883,-4.2929e-05,0.00966599,2611.1,1,0.0379991,0,0,-0.00600944,0.00589609,0.00125256,-0.00125304,0.121046,0.120995,0.0935929,0.093484,4033.98,2126.8,-440.609,0.0249117,0.00699515,-13.8719,4025.34,-2215.08,262.898,-0.0285984,-0.00465188,-15.0807,4228.97,-2881.31,164.605,-0.0366372,-0.00262497,-12.774,4239.23,-4845.52,5.04919,-0.11555,-0.00022738,-14.064
0.589,27.6626,0.0282198,4.91907,-0.000124107,-0.00623803,-0.158058,-0.00656267,-4.66062e-05,0.00965573,2611.2,1,0.0381066,0,0,-0.0060284,0.00590793,0.00125245,-0.00125293,0.121026,0.120969,0.0935988,0.093485,4032.43,2088.3,-425.804,0.0243553,0.00676004,-13.8734,4026.18,-2172.78,281.325,-0.0279855,-0.00492809,-15.0807,4229.1,-2940.19,180.817,-0.0376289,-0.00292013,-12.7718,4241.02,-4849.65,6.45969,-0.116022,-0.000422183,-14.05
0.599,27.7117,0.0282711,4.91913,-5.6181e-05,-0.126965,0.0452756,-0.00629807,-5.00576e-05,0.00964553,2611.34,1,0.0381635,0,0,-0.00602168,0.00594608,0.00124956,-0.00125316,0.121005,0.120943,0.0936045,0.0934872,4033.89,2179.26,-455.184,0.0256924,0.00722988,-13.8799,4023.93,-2262.59,250.392,-0.0293054,-0.00446867,-15.0757,4230.55,-2899.94,154.905,-0.0369169,-0.00247796,-12.7602,4239.62,-4854.62,4.63317,-0.117376,-0.000183459,-14.04
0.609,27.7609,0.0283225,4.9191,0.000139213,-0.0800797,0.2586,-0.00548206,-5.40406e-05,0.00963543,2611.46,1,0.0383238,0,0,-0.00609502,0.00590585,0.00125693,-0.00124857,0.120985,0.120917,0.0936125,0.0934868,4034.32,2199.3,-455.69,0.0259826,0.00724076,-13.8831,4023.55,-2267.86,260.418,-0.0293941,-0.00462677,-15.0738,4229.9,-2827.86,164.588,-0.0357548,-0.00259457,-12.7834,4239.08,-4853.34,3.62247,-0.117218,-9.90948e-05,-14.0475
0.619,27.81,0.0283735,4.91928,-5.6129e-05,-0.13634,0.0156401,-0.00622267,-5.75911e-05,0.00962544,2611.56,1,0.0383581,0,0,-0.00605084,0.00598001,0.00125028,-0.00125414,0.120964,0.120892,0.0936159,0.0934881,4032.25,2146.71,-440.337,0.0252149,0.00699302,-13.8682,4024.66,-2210.93,272.439,-0.0285495,-0.00480099,-15.0902,4231.35,-2884.37,150.583,-0.0366467,-0.00239948,-12.7613,4238.75,-4858.09,2.64559,-0.11835,-2.37972e-05,-14.0337
0.629,27.8592,0.0284249,4.9193,-2.79111e-05,-0.201753,0.143248,-0.00624428,-6.07194e-05,0.00961557,2611.74,1,0.0384574,0,0,-0.00603701,0.00602489,0.00124912,-0.00125479,0.120944,0.120867,0.0936218,0.0934903,4034.36,2197.07,-480.919,0.0259849,0.00763636,-13.8743,4021.55,-2265.44,230.911,-0.0293584,-0.0041729,-15.0863,4231.19,-2782.43,147.887,-0.0350008,-0.00230422,-12.7807,4239.38,-4848.63,4.0006,-0.116158,-0.000132425,-14.0541
0.639,27.9083,0.0284766,4.91933,8.67027e-05,-0.126234,0.128254,-0.00561769,-6.38814e-05,0.00960601,2611.92,1,0.038601,0,0,-0.00613205,0.00596278,0.00125367,-0.00125041,0.120926,0.12084,0.0936278,0.09349,4031.81,2263.26,-453.442,0.026951,0.00721582,-13.8967,4023.59,-2312.62,267.43,-0.0300696,-0.00474402,-15.0661,4230.38,-2776.25,161.432,-0.0349218,-0.00251651,-12.7915,4238.56,-4849.76,4.88573,-0.116561,-0.000209046,-14.0566
0.649,27.9574,0.0285281,4.91954,-0.000215779,-0.132772,-0.232481,-0.00679094,-6.62749e-05,0.00959656,2612.06,1,0.0386475,0,0,-0.00605854,0.00606398,0.00125054,-0.00125837,0.120904,0.120817,0.0936317,0.0934916,4031.14,2187.79,-444.065,0.0258282,0.00705558,-13.8915,4023.85,-2242.65,273.013,-0.0290256,-0.00481689,-15.0731,4229.79,-2802.1,171.808,-0.0353482,-0.00269585,-12.7907,4240.04,-4843.57,6.6761,-0.114997,-0.000502639,-14.0607
0.659,28.0066,0.0285797,4.91969,-0.000122124,-0.0379453,-0.145912,-0.00629813,-6.90868e-05,0.00958732,2612.13,1,0.0387511,0,0,-0.006098,0.00605742,0.00124905,-0.00125481,0.120883,0.120792,0.0936358,0.0934918,4030.51,2295.28,-435.06,0.027419,0.00692952,-13.9112,4024.7,-2339.38,282.619,-0.0304751,-0.00498512,-15.0542,4229.82,-2857.9,173.286,-0.0362503,-0.00275022,-12.7823,4238.9,-4852.41,5.68558,-0.117051,-0.000295653,-14.0474
0.669,28.0557,0.0286314,4.9198,-7.4071e-05,-0.0839852,0.00900889,-0.00609289,-7.15868e-05,0.0095781,2612.29,1,0.038822,0,0,-0.00611595,0.00607088,0.00124933,-0.0012542,0.120863,0.120767,0.0936411,0.0934928,4032.23,2294.73,-456.989,0.0274244,0.0072757,-13.9101,4022.5,-2339.79,261.056,-0.0304876,-0.00465294,-15.0573,4230.32,-2823.45,165.72,-0.0356795,-0.00260991,-12.7883,4239.11,-4851.07,5.54915,-0.11672,-0.000279482,-14.0519
0.679,28.1049,0.0286833,4.91999,-0.000270707,0.0251987,-0.326751,-0.00683498,-7.36355e-05,0.00956901,2612.5,1,0.0389156,0,0,-0.00608525,0.00612953,0.00124754,-0.00125634,0.120842,0.120744,0.0936446,0.0934934,4030.71,2235.5,-440.045,0.0265303,0.00699799,-13.9064,4024.42,-2271.3,282.578,-0.0294527,-0.0049723,-15.0638,4229.05,-2847.24,186.848,-0.0360975,-0.00296181,-12.7958,4240.32,-4850.15,6.68679,-0.11627,-0.000507703,-14.0494
0.689,28.154,0.0287351,4.92017,7.06939e-06,-0.24433,0.0450942,-0.00581262,-7.65257e-05,0.00956019,2612.66,1,0.0388668,0,0,-0.00621967,0.00603081,0.00125291,-0.00125053,0.120824,0.12072,0.0936493,0.0934925,4031.02,2295.61,-454.977,0.0274472,0.00724222,-13.9105,4022.74,-2336.6,269.142,-0.0304424,-0.00477711,-15.0613,4231.7,-2813.69,159.171,-0.035501,-0.00249934,-12.7776,4240.55,-4854.51,6.50482,-0.117146,-0.000430311,-14.0347
0.699,28.2032,0.0287868,4.9203,-0.000177447,-1.00902,0.130315,-0.00647488,-7.86596e-05,0.00955141,2612.78,1,0.0386311,0,0,-0.00614588,0.00612964,0.00124859,-0.00125406,0.120803,0.120699,0.093653,0.0934946,4034.04,2454.45,-514.084,0.0299662,0.00821776,-13.9097,4020.09,-2499.83,217.979,-0.032975,-0.00400849,-15.0636,4236.35,-2433.89,94.4599,-0.0296971,-0.0013204,-12.789,4242.76,-4838.85,7.02277,-0.113579,-0.000662965,-14.0513
0.709,28.2524,0.028838,4.9204,-0.00020905,-0.0365202,-0.129703,-0.00637316,-8.16053e-05,0.00954265,2613,1,0.039113,0,0,-0.0061368,0.00616805,0.00125033,-0.00126059,0.120782,0.120675,0.0936567,0.0934945,4032.05,2420.54,-452,0.0293499,0.00721718,-13.9405,4022.14,-2437.29,268.816,-0.0320017,-0.00479507,-15.0352,4230.66,-2744.17,177.951,-0.0344251,-0.00276078,-12.8098,4239.07,-4850.74,5.82625,-0.116659,-0.000314978,-14.0542
0.719,28.3015,0.028889,4.92064,-0.000293648,-0.0184913,-0.233653,-0.00660219,-8.47579e-05,0.00953398,2613.05,1,0.0391526,0,0,-0.00613727,0.00619573,0.00124557,-0.00125555,0.120763,0.120651,0.0936604,0.0934955,4031.33,2394.57,-449.842,0.0289499,0.00717688,-13.9406,4022.49,-2419.86,275.882,-0.0317316,-0.00490177,-15.0357,4230.64,-2753.42,184.364,-0.0345757,-0.00286737,-12.8119,4239.82,-4850.82,6.63487,-0.116513,-0.000477436,-14.0512
0.729,28.3507,0.0289402,4.92084,-0.000171331,-0.0519032,-0.143559,-0.00615632,-8.77119e-05,0.00952546,2613.2,1,0.0391868,0,0,-0.00619421,0.00616979,0.00124713,-0.00125253,0.120745,0.120628,0.0936642,0.0934949,4030.87,2395.13,-445.515,0.0289569,0.00710868,-13.9408,4022.47,-2415.72,280.022,-0.0316705,-0.00496709,-15.0373,4231.14,-2767.1,181.604,-0.0347832,-0.00283078,-12.8068,4239.83,-4853.97,6.52124,-0.117185,-0.000436601,-14.043
0.739,28.3998,0.0289917,4.92101,-0.000238119,0.00585454,-0.257155,-0.00646644,-8.95079e-05,0.00951708,2613.34,1,0.0392636,0,0,-0.00617539,0.00621412,0.00124592,-0.00125396,0.120727,0.120606,0.0936675,0.0934956,4029.88,2364.13,-445.102,0.0284878,0.00709699,-13.938,4023,-2383.01,287.942,-0.0311649,-0.00508445,-15.042,4230.16,-2757.46,189.385,-0.0346493,-0.00294946,-12.8147,4239.65,-4850.8,6.70285,-0.116544,-0.000526666,-14.0532
0.749,28.449,0.0290433,4.92118,-0.000155712,-0.204876,-0.0282031,-0.00611073,-9.11582e-05,0.00950888,2613.46,1,0.0392423,0,0,-0.00620918,0.00620878,0.00124717,-0.00125304,0.120709,0.120584,0.0936711,0.0934962,4031.57,2418.53,-468.445,0.0293497,0.00747847,-13.94,4021.15,-2441.44,264.876,-0.0320744,-0.00473712,-15.0414,4232.26,-2709.14,163.778,-0.033851,-0.00251762,-12.8066,4239.99,-4845.11,6.67663,-0.115309,-0.000502866,-14.068
0.759,28.4982,0.0290952,4.92134,-1.01014e-05,-0.196686,0.0871264,-0.00567496,-9.2272e-05,0.00950086,2613.64,1,0.039308,0,0,-0.0062296,0.00621644,0.00124715,-0.00125626,0.120691,0.120562,0.0936739,0.0934965,4031.45,2440.72,-474.909,0.0297099,0.00758729,-13.9378,4021.88,-2453.8,258.858,-0.0322551,-0.00464543,-15.0456,4232.91,-2674.19,156.576,-0.0333013,-0.00238632,-12.8069,4238.79,-4848.59,4.1379,-0.11627,-0.000142968,-14.0682
0.769,28.5473,0.0291474,4.92152,-3.174e-05,-0.0378807,0.0431636,-0.00572783,-9.32436e-05,0.00949294,2613.74,1,0.039425,0,0,-0.00627092,0.00620344,0.00124937,-0.00125192,0.120672,0.120541,0.093678,0.0934966,4031.02,2379.16,-461.087,0.028732,0.00735288,-13.9345,4021.79,-2388.75,277.35,-0.0312574,-0.00492342,-15.0501,4230.45,-2660.16,182.089,-0.0331319,-0.00278098,-12.8319,4239.18,-4846.17,5.67434,-0.115687,-0.000299808,-14.0738
0.779,28.5965,0.0291991,4.92173,-9.18579e-05,-0.0901706,-0.00627993,-0.0060326,-9.45031e-05,0.0094853,2613.93,1,0.0394463,0,0,-0.0062641,0.00623493,0.00124747,-0.00125373,0.120653,0.120522,0.0936802,0.0934979,4030.76,2324.03,-457.979,0.0278849,0.00729269,-13.9222,4021.68,-2329.95,281.962,-0.0303617,-0.00498378,-15.0646,4231.28,-2656.81,170.675,-0.0330634,-0.00259975,-12.8262,4238.89,-4844.13,5.26819,-0.115338,-0.000251368,-14.0796
0.789,28.6457,0.0292508,4.92197,-0.000196625,-0.209545,-0.170703,-0.00652606,-9.58783e-05,0.00947791,2614.11,1,0.0394282,0,0,-0.00627925,0.00624445,0.00124816,-0.00125365,0.120636,0.120503,0.0936826,0.0934987,4029.79,2262.54,-454.895,0.026963,0.00723193,-13.9109,4022.35,-2272.24,288.157,-0.0294905,-0.00506637,-15.0782,4231.29,-2663.23,169.58,-0.0331605,-0.00258604,-12.8211,4239.81,-4833.83,6.63251,-0.113198,-0.000489932,-14.0937
0.799,28.6948,0.0293026,4.92222,-7.47461e-05,-0.293838,0.136785,-0.00633385,-9.7004e-05,0.00947073,2614.32,1,0.0394218,0,0,-0.00626715,0.0062814,0.00124743,-0.00125356,0.120619,0.120484,0.0936845,0.0934996,4032.79,2236.74,-494.246,0.0266068,0.00784768,-13.8909,4019.59,-2247.88,249.727,-0.0291271,-0.00447048,-15.1006,4233.01,-2736.79,142.767,-0.0342579,-0.00219941,-12.7946,4239.64,-4834.31,4.97284,-0.113318,-0.000226534,-14.0964
0.809,28.744,0.0293545,4.92242,-0.000121635,-0.081792,-0.0859804,-0.00661569,-9.80868e-05,0.00946372,2614.49,1,0.0395519,0,0,-0.00627527,0.00629745,0.00124732,-0.00125586,0.120601,0.120464,0.093686,0.0934999,4030.44,2152.98,-459.179,0.0253477,0.00728274,-13.8877,4022.1,-2144.96,290.434,-0.0276242,-0.00507932,-15.1058,4232.01,-2797.13,163.924,-0.0352355,-0.00256575,-12.7995,4238.76,-4833.24,4.45729,-0.113284,-0.000179118,-14.1082
0.819,28.7932,0.0294066,4.92268,-5.92964e-05,-0.115551,0.0159015,-0.00641761,-9.91626e-05,0.00945688,2614.61,1,0.0395593,0,0,-0.00630666,0.00629046,0.0012472,-0.00125352,0.120585,0.120446,0.0936884,0.0935001,4030.74,2158.13,-469.024,0.025433,0.00743787,-13.8896,4020.7,-2159.61,279.599,-0.0278415,-0.0049168,-15.1053,4232.11,-2809.06,158.542,-0.035421,-0.00248638,-12.7954,4238.71,-4833.04,4.57671,-0.113256,-0.000189754,-14.1059
0.829,28.8424,0.0294589,4.9229,-6.75463e-05,-0.0456936,-0.035982,-0.00636161,-9.99105e-05,0.00945014,2614.77,1,0.0396252,0,0,-0.00631644,0.00630299,0.0012461,-0.001256,0.120569,0.120428,0.0936909,0.0935011,4030.25,2175.91,-465.519,0.0256921,0.00738555,-13.895,4021.46,-2167.29,284.796,-0.0279496,-0.00499815,-15.1017,4231.14,-2737.04,170.285,-0.0343021,-0.00263532,-12.8183,4238.88,-4837.65,4.88906,-0.114081,-0.000216916,-14.0975
0.839,28.8916,0.029511,4.92317,-0.000179343,-0.0785665,-0.181721,-0.00670287,-0.00010101,0.00944359,2614.89,1,0.0396253,0,0,-0.00632552,0.00631751,0.00124748,-0.00125401,0.120553,0.120411,0.0936929,0.0935011,4029.78,2149.8,-457.366,0.025305,0.0072524,-13.8972,4021.85,-2150.03,295.23,-0.0277033,-0.0051549,-15.1009,4230.96,-2730.55,175.813,-0.0342068,-0.00271939,-12.8219,4239.8,-4836.29,6.39354,-0.113651,-0.000416525,-14.095
0.849,28.9407,0.0295631,4.92351,-8.07533e-05,-0.148079,-0.00827931,-0.00636655,-0.000102269,0.00943722,2615.05,1,0.0395825,0,0,-0.00635891,0.00630727,0.00124783,-0.00125435,0.120538,0.120394,0.0936936,0.0935008,4030.16,2178.58,-470.355,0.0257389,0.0074603,-13.893,4021.14,-2174.6,284.676,-0.0280587,-0.00499768,-15.107,4232.61,-2836.87,158.2,-0.0358619,-0.00249521,-12.7884,4239.44,-4846.03,5.66274,-0.115607,-0.00029696,-14.0749
0.859,28.9899,0.0296151,4.92382,-5.09887e-05,-0.0497764,-0.0443233,-0.00645123,-0.000103401,0.00943099,2615.21,1,0.0396237,0,0,-0.00635024,0.00633767,0.00124771,-0.00125483,0.120522,0.120377,0.093695,0.0935014,4030.43,2114.79,-470.06,0.0248096,0.00744587,-13.8869,4021.58,-2113.5,285.333,-0.0271717,-0.00499711,-15.115,4232.48,-2937.26,162.592,-0.0375191,-0.00262069,-12.775,4239.47,-4848.39,5.01797,-0.116085,-0.000225428,-14.0701
0.869,29.0391,0.0296677,4.92402,2.17143e-05,-0.0944207,0.100743,-0.00625744,-0.000103999,0.00942494,2615.39,1,0.03965,0,0,-0.00638898,0.00632252,0.00124733,-0.00125352,0.120508,0.12036,0.0936968,0.0935021,4030.82,2138.97,-483.081,0.0251734,0.00765351,-13.8864,4020.43,-2129.23,274.729,-0.0274012,-0.00483831,-15.1175,4232.47,-2889.82,149.976,-0.0367209,-0.00239144,-12.7821,4239.28,-4844.81,5.2783,-0.115395,-0.000253996,-14.0812
0.879,29.0883,0.0297201,4.92434,-0.00016056,0.00886069,-0.20759,-0.00683094,-0.000104617,0.00941909,2615.51,1,0.0396894,0,0,-0.0063424,0.00638717,0.00124545,-0.00125321,0.120492,0.120345,0.093698,0.0935023,4028.99,2112.21,-454.769,0.0247652,0.00720665,-13.8929,4022.35,-2099.12,303.496,-0.026972,-0.00527407,-15.1125,4231.68,-2948.6,172.492,-0.0377286,-0.0027879,-12.7822,4240,-4846.29,5.79326,-0.115544,-0.00031492,-14.0765
0.889,29.1375,0.0297726,4.92471,-0.000173668,-0.00471715,-0.252445,-0.00687401,-0.000105358,0.0094134,2615.59,1,0.0396567,0,0,-0.00637332,0.00637721,0.0012431,-0.0012527,0.120479,0.12033,0.0936984,0.0935023,4028.58,2124.54,-455.327,0.024947,0.00721641,-13.8997,4022.5,-2124.05,305.233,-0.0273295,-0.00530556,-15.1067,4232.42,-3022.96,172.375,-0.0389898,-0.00282981,-12.7659,4241.12,-4850.42,6.5341,-0.116157,-0.000448044,-14.0626
0.899,29.1867,0.0298254,4.92491,-3.95519e-05,-0.262849,0.0756187,-0.00639018,-0.000105843,0.00940785,2615.82,1,0.0395975,0,0,-0.00638372,0.00638767,0.00124557,-0.00125475,0.120465,0.120315,0.0937001,0.0935031,4031.51,2219.38,-496.897,0.0263653,0.00788358,-13.9012,4019.44,-2218.93,258.613,-0.0287058,-0.00460676,-15.1077,4234.67,-2905.43,144.26,-0.0369462,-0.00230616,-12.7668,4241.21,-4850.87,5.00539,-0.116236,-0.000222985,-14.0617
0.909,29.2359,0.0298779,4.92514,-3.93168e-05,-0.0904033,0.00757786,-0.00627857,-0.000106672,0.00940251,2615.99,1,0.0396928,0,0,-0.00636757,0.00642238,0.00124478,-0.00125024,0.120451,0.120301,0.0937015,0.093503,4030.7,2268.19,-485.24,0.0270828,0.0077098,-13.9173,4020.54,-2257.4,279.146,-0.0292792,-0.00493221,-15.0935,4233.75,-2910.67,158.354,-0.0370552,-0.00253651,-12.7788,4240.44,-4854.33,4.57725,-0.117131,-0.000180833,-14.061
0.919,29.2851,0.0299307,4.92544,-5.50143e-05,0.0244333,-0.0696636,-0.00630567,-0.000107321,0.00939729,2616.12,1,0.0397396,0,0,-0.00636118,0.00644631,0.00124657,-0.00125401,0.120438,0.120287,0.0937032,0.0935034,4030.09,2295.06,-480.923,0.0274868,0.00764732,-13.9257,4021.57,-2277.99,285.915,-0.0295813,-0.00504148,-15.0867,4232.57,-2937.68,167.296,-0.0375285,-0.00269678,-12.783,4240.16,-4858.85,5.1634,-0.11819,-0.000234986,-14.0503
0.929,29.3343,0.0299836,4.92567,0.000130403,-0.0790734,0.158038,-0.00545271,-0.000108525,0.00939216,2616.21,1,0.0397238,0,0,-0.00648844,0.00634539,0.00125313,-0.00124821,0.120427,0.120271,0.0937057,0.0935022,4030.69,2305.25,-486.73,0.0276439,0.00773969,-13.9315,4021.23,-2297.85,291.93,-0.0298878,-0.00513954,-15.0816,4232.64,-2924.84,162.28,-0.0373086,-0.00260847,-12.7838,4240.06,-4854.71,6.29948,-0.117294,-0.000388505,-14.0579
0.939,29.3835,0.0300359,4.92601,3.69388e-05,-0.0717647,0.0209865,-0.00590171,-0.000109935,0.00938713,2616.37,1,0.0397145,0,0,-0.00649854,0.00635379,0.00125116,-0.00124976,0.120413,0.120257,0.0937067,0.0935025,4029.75,2165.46,-458.258,0.0255341,0.00726584,-13.9088,4022.35,-2158.26,309.512,-0.027828,-0.00538173,-15.1062,4233.11,-2988.09,167.017,-0.0383749,-0.00272105,-12.7722,4240.45,-4857.22,5.9287,-0.117761,-0.000328213,-14.0493
0.949,29.4327,0.0300881,4.92623,-7.29072e-05,-0.0749707,0.0355733,-0.00646534,-0.000110875,0.00938217,2616.54,1,0.0397445,0,0,-0.00641316,0.0064514,0.00124486,-0.00125502,0.120399,0.120244,0.0937073,0.0935044,4031.73,2139.28,-489.145,0.0251781,0.00774526,-13.8922,4020.23,-2125.77,281.484,-0.0273571,-0.00494504,-15.125,4233.4,-2914,163.969,-0.0371196,-0.00262886,-12.7847,4240.06,-4855.06,2.1208,-0.11738,4.94379e-06,-14.0589
0.959,29.482,0.0301407,4.92646,-4.58947e-05,-0.0382873,0.0870998,-0.00628119,-0.000111805,0.0093774,2616.69,1,0.0397874,0,0,-0.0064067,0.00647328,0.00124676,-0.00125754,0.120388,0.120231,0.0937088,0.0935039,4032.44,2214.38,-502.19,0.0262904,0.00796387,-13.9003,4019.41,-2197.39,264.002,-0.0283928,-0.00468919,-15.1184,4232.89,-2852.3,159.707,-0.0361089,-0.00252719,-12.802,4240.12,-4853.37,3.86493,-0.116994,-0.000120175,-14.0662
0.969,29.5312,0.0301932,4.92675,-0.000144539,-0.0231139,-0.168745,-0.00652105,-0.000112749,0.00937272,2616.87,1,0.0397958,0,0,-0.0064347,0.00646189,0.00124494,-0.00125485,0.120378,0.120219,0.0937102,0.0935042,4029.12,2193.1,-460.373,0.0259473,0.0073035,-13.9174,4021.73,-2178.39,310.671,-0.0281274,-0.0054059,-15.1035,4232.68,-2872.47,171.561,-0.0364499,-0.00272822,-12.8019,4240.21,-4853.18,5.88762,-0.116929,-0.000324792,-14.065
0.979,29.5804,0.0302459,4.92702,-8.28519e-05,-0.0983803,-0.00306795,-0.0063526,-0.000113017,0.00936818,2617.04,1,0.039775,0,0,-0.00642328,0.00648802,0.00124491,-0.0012584,0.120367,0.120207,0.0937115,0.0935046,4031.09,2174.03,-497.885,0.0257022,0.00788928,-13.9126,4019.72,-2166.39,273.577,-0.0279443,-0.00483208,-15.1101,4233.25,-2808.69,162.774,-0.0354039,-0.00255254,-12.8065,4240.49,-4855.58,5.37857,-0.117389,-0.000259808,-14.0591
0.989,29.6296,0.0302989,4.92724,-9.1779e-06,-0.18182,-0.00211935,-0.00609071,-0.000113449,0.00936379,2617.18,1,0.0397713,0,0,-0.00650509,0.00642547,0.00124941,-0.00125072,0.120357,0.120194,0.0937139,0.0935041,4030.2,2196.29,-481.028,0.0260134,0.00762653,-13.9129,4021.45,-2185.54,292.275,-0.0282202,-0.00512192,-15.1116,4232.64,-2738.25,166.01,-0.0343001,-0.00256731,-12.8216,4241.09,-4848.47,6.4497,-0.115762,-0.000424665,-14.0731
0.999,29.6788,0.0303517,4.9275,-0.000160415,-0.0529108,-0.118028,-0.00652751,-0.000113404,0.00935949,2617.32,1,0.0398373,0,0,-0.0064385,0.00650461,0.0012423,-0.00125169,0.120343,0.120184,0.0937139,0.0935051,4030.46,2222.8,-476.454,0.0263954,0.00755942,-13.9206,4021.07,-2207.68,295.598,-0.0285508,-0.00517965,-15.1054,4232.48,-2765.25,170.023,-0.0347284,-0.00264505,-12.8245,4240.38,-4847.2,5.78308,-0.115651,-0.000312595,-14.0843
1.009,29.7281,0.0304045,4.92777,-0.00010394,-0.0430874,-0.166253,-0.00649073,-0.000113866,0.00935534,2617.52,1,0.039851,0,0,-0.00648879,0.00647028,0.00124599,-0.00125372,0.120334,0.120172,0.0937149,0.0935053,4029.28,2179.55,-466.092,0.0257549,0.00738948,-13.9187,4022.26,-2163.36,308.041,-0.0279014,-0.00536178,-15.1096,4231.87,-2799.34,176.987,-0.0352819,-0.00277459,-12.8222,4240.28,-4843.84,6.36518,-0.114998,-0.000408858,-14.0901
1.019,29.7773,0.0304574,4.92794,-8.64704e-05,-0.255014,0.0725712,-0.00638268,-0.000114086,0.00935128,2617.67,1,0.039813,0,0,-0.00646746,0.00650612,0.0012433,-0.0012506,0.120323,0.120161,0.0937161,0.0935061,4031.66,2210.73,-494.318,0.0262323,0.00783705,-13.906,4020.03,-2193.51,281.196,-0.0283418,-0.00495455,-15.124,4233.94,-2657.81,146.142,-0.0330327,-0.0022141,-12.8272,4239.43,-4839.32,3.57912,-0.114293,-0.000105119,-14.1075
1.029,29.8265,0.0305101,4.92824,-1.89892e-06,-0.0836793,0.0527538,-0.00608251,-0.000114963,0.00934734,2617.86,1,0.0398784,0,0,-0.00653406,0.00645506,0.00124724,-0.00125225,0.120314,0.12015,0.0937174,0.0935056,4030.56,2229.62,-483.381,0.0265057,0.00766944,-13.9237,4020.54,-2208.21,292.043,-0.0285608,-0.00512603,-15.1082,4232.49,-2713.16,168.844,-0.0339131,-0.00259894,-12.835,4239.31,-4840.46,5.24532,-0.114531,-0.000252504,-14.1046
1.039,29.8758,0.0305627,4.92859,-0.000147604,-0.0196804,-0.203715,-0.00653786,-0.000115394,0.00934347,2617.96,1,0.0398776,0,0,-0.00649188,0.00650903,0.00124656,-0.00125479,0.120304,0.12014,0.0937176,0.0935061,4029.14,2237.81,-468.463,0.0266191,0.00743557,-13.933,4022.14,-2218.84,308.957,-0.0287152,-0.00538899,-15.1001,4231.8,-2782.27,181.788,-0.0350148,-0.00284139,-12.8306,4240.03,-4841.69,6.44435,-0.114629,-0.000428366,-14.0977
1.049,29.925,0.0306156,4.92903,-0.000289085,0.0702586,-0.464239,-0.00717075,-0.000115625,0.00933981,2618.12,1,0.039853,0,0,-0.00650485,0.00650857,0.00124609,-0.0012536,0.120295,0.12013,0.0937178,0.0935062,4028.01,2129.67,-448.438,0.025017,0.00710425,-13.928,4023.48,-2118.78,333.164,-0.0272665,-0.00573937,-15.1071,4230.42,-2951.35,198.005,-0.0378149,-0.00320341,-12.8099,4241.66,-4843,7.88713,-0.114567,-0.000775367,-14.0839
1.059,29.9742,0.0306687,4.92933,-0.000151969,-0.0633957,-0.183108,-0.00661045,-0.000115681,0.00933624,2618.29,1,0.0397979,0,0,-0.00650583,0.00652119,0.00124803,-0.00125585,0.120285,0.12012,0.0937179,0.0935064,4029.06,2182.76,-464.316,0.0258017,0.0073606,-13.9206,4022.41,-2166.46,315.318,-0.0279505,-0.00547588,-15.1163,4233.38,-2969.11,166.622,-0.0380469,-0.00270326,-12.7847,4240.97,-4855.87,5.91886,-0.117344,-0.000328902,-14.0629
1.069,30.0235,0.0307216,4.92957,-7.8171e-05,-0.11844,-0.0112471,-0.00634712,-0.000116027,0.00933272,2618.39,1,0.0397938,0,0,-0.00652382,0.00651717,0.00124608,-0.00125303,0.120276,0.120111,0.0937192,0.0935065,4030.95,2214.92,-491.595,0.0262965,0.00779417,-13.9209,4020.6,-2203.14,288.054,-0.0284825,-0.00506317,-15.1171,4233.42,-2859.74,159.883,-0.0362231,-0.00253369,-12.8038,4240.99,-4854.03,5.99857,-0.116942,-0.000338178,-14.0679
1.079,30.0727,0.030774,4.92985,-0.000247302,-0.0871043,-0.239092,-0.00676179,-0.000116932,0.00932926,2618.5,1,0.0398035,0,0,-0.00649078,0.00656128,0.00124525,-0.00125367,0.120266,0.120102,0.0937201,0.093507,4029.53,2184.76,-464.644,0.0258269,0.00736489,-13.927,4022.14,-2176.36,315.993,-0.0280979,-0.00548926,-15.1122,4232.78,-2876.91,174.629,-0.0365236,-0.0027798,-12.8084,4240.87,-4850.13,6.50758,-0.116147,-0.000442743,-14.0756
1.089,30.122,0.0308269,4.93005,0.000131932,-0.382564,0.292296,-0.00552586,-0.000117708,0.00932596,2618.71,1,0.0397215,0,0,-0.006576,0.00649266,0.00125063,-0.00124887,0.12026,0.120091,0.0937214,0.0935061,4032.29,2291.74,-516.238,0.0274704,0.00820006,-13.9274,4019.57,-2285.76,263.389,-0.0297,-0.00469849,-15.1142,4235.66,-2728.26,135.373,-0.0340893,-0.00207666,-12.8069,4240.55,-4851.72,4.69,-0.11655,-0.000192313,-14.0744
1.099,30.1712,0.0308797,4.93029,-7.02253e-06,-0.0447022,0.0352967,-0.00607042,-0.000117805,0.00932268,2618.9,1,0.0398733,0,0,-0.00655155,0.00652816,0.00124674,-0.00125253,0.12025,0.120082,0.0937219,0.093507,4031.34,2239,-485.822,0.026641,0.00770808,-13.9308,4020.87,-2217.34,305.555,-0.028702,-0.00534052,-15.1129,4232.92,-2797.51,167.304,-0.0352323,-0.00261872,-12.8234,4239.62,-4848.06,4.70385,-0.115982,-0.000196807,-14.0923
1.109,30.2205,0.0309329,4.93058,-0.000118648,0.0746416,-0.285454,-0.0065128,-0.000118064,0.0093196,2618.99,1,0.0399183,0,0,-0.00664746,0.00644608,0.00125119,-0.00124875,0.120245,0.120073,0.0937235,0.0935068,4026.96,2122.31,-440.806,0.0249103,0.00698318,-13.9335,4024.02,-2106.11,344.182,-0.0270888,-0.00590737,-15.1113,4229.71,-2878.51,205.47,-0.0366166,-0.00327823,-12.8361,4241.04,-4829.42,8.23161,-0.112189,-0.000803433,-14.1224
1.119,30.2698,0.030986,4.93097,-6.52281e-05,-0.00936367,-0.0779428,-0.00660286,-0.000117364,0.00931659,2619.19,1,0.0398438,0,0,-0.00658942,0.00651416,0.00124387,-0.00125486,0.120235,0.120066,0.0937213,0.0935078,4029.66,2135.49,-474.112,0.0251207,0.00750625,-13.9133,4022.42,-2110.49,312.66,-0.0271396,-0.00542472,-15.1336,4233.11,-2972.24,164.59,-0.0381018,-0.00267229,-12.7906,4239.89,-4846.42,4.99276,-0.115594,-0.000224972,-14.0964
1.129,30.319,0.0310393,4.9312,-4.59629e-05,-0.0659873,0.0140069,-0.00627108,-0.000117078,0.00931364,2619.24,1,0.0398394,0,0,-0.00655931,0.00655327,0.00124486,-0.00125358,0.120228,0.120058,0.0937215,0.0935085,4030.48,2248.16,-493.727,0.0267978,0.00783459,-13.9355,4020.61,-2236.14,290.627,-0.0289708,-0.00511213,-15.1119,4233.54,-2947.12,163.91,-0.0376709,-0.00264635,-12.792,4239.22,-4840.61,4.48736,-0.114579,-0.000183554,-14.1135
1.139,30.3683,0.0310927,4.93146,-7.7779e-05,-0.0550737,-0.0731259,-0.00644681,-0.000116707,0.00931079,2619.37,1,0.0398517,0,0,-0.0065206,0.00660002,0.00124624,-0.00125243,0.120219,0.120052,0.0937223,0.0935088,4030.16,2287.48,-487.152,0.0273809,0.00773835,-13.9454,4021.47,-2270.53,298.287,-0.0294797,-0.00523821,-15.1037,4233.06,-2868.52,164.65,-0.0363743,-0.00261492,-12.81,4239.58,-4841.57,5.40252,-0.114692,-0.000268302,-14.1119
1.149,30.4175,0.0311461,4.93176,-8.84861e-05,-0.0143364,-0.0918851,-0.00638839,-0.000116587,0.00930814,2619.62,1,0.0398611,0,0,-0.00656406,0.00656814,0.00124509,-0.00125424,0.120213,0.120044,0.0937224,0.0935089,4029.82,2245.36,-481.668,0.0267444,0.00764301,-13.9392,4021.34,-2224.02,304.48,-0.0287952,-0.00532417,-15.1127,4232.73,-2935.46,163.153,-0.0374849,-0.00262824,-12.8016,4239.73,-4840.55,6.58973,-0.114464,-0.00048202,-14.1141
1.159,30.4668,0.0311994,4.93206,-0.000147122,-0.17138,-0.131401,-0.00666143,-0.000116842,0.00930558,2619.72,1,0.0397879,0,0,-0.00661046,0.00653344,0.00124354,-0.00125558,0.120205,0.120037,0.0937227,0.0935091,4029.7,2190.73,-470.141,0.0259206,0.00745095,-13.9327,4021.81,-2178.99,317.663,-0.0281404,-0.00551808,-15.1202,4233.76,-2889.68,165.058,-0.0367129,-0.00263252,-12.8026,4240.36,-4840.47,5.65567,-0.114329,-0.000303558,-14.1082
1.169,30.5161,0.0312524,4.93229,-2.83992e-05,-0.00654806,0.0180116,-0.00614372,-0.000117474,0.00930305,2619.86,1,0.0398717,0,0,-0.00658286,0.00657055,0.00125007,-0.00126137,0.120197,0.12003,0.0937238,0.0935086,4030.96,2235.31,-484.09,0.0265874,0.00767841,-13.9329,4021.14,-2209.7,304.945,-0.0285861,-0.0053295,-15.1214,4232.87,-2866.76,168.178,-0.0363505,-0.00267046,-12.8187,4239.46,-4848.57,4.02437,-0.116121,-0.000136536,-14.0989
1.179,30.5654,0.0313056,4.93252,-7.3724e-06,-0.0162365,0.0139658,-0.00608849,-0.00011789,0.00930062,2620.02,1,0.0398832,0,0,-0.00657405,0.00658719,0.00124615,-0.00125307,0.120192,0.120023,0.093724,0.0935091,4030.58,2225.1,-487.906,0.0264449,0.00773767,-13.9312,4021.64,-2199.34,309.426,-0.0284325,-0.00539718,-15.1251,4232.7,-2833.62,171.407,-0.0358171,-0.00270383,-12.8267,4239.27,-4842.72,3.47568,-0.11498,-9.68905e-05,-14.1142
1.189,30.6146,0.0313594,4.93275,7.59259e-05,-0.0705459,0.16167,-0.00578041,-0.000117629,0.00929828,2620.08,1,0.0398783,0,0,-0.0066004,0.00657035,0.00124646,-0.00125298,0.120187,0.120016,0.0937243,0.0935089,4031.29,2298.23,-507.299,0.0275635,0.00805954,-13.9473,4020.16,-2281.03,280.351,-0.0296358,-0.00496382,-15.1096,4232.2,-2714.07,169.557,-0.0339307,-0.00261072,-12.8484,4238.99,-4839.52,4.68276,-0.114412,-0.000197437,-14.1214
1.199,30.6639,0.0314132,4.93301,2.11203e-05,-0.0535308,0.00832494,-0.0060435,-0.000117068,0.00929607,2620.32,1,0.0398918,0,0,-0.00658607,0.00659128,0.00124638,-0.00125293,0.12018,0.120011,0.0937245,0.0935094,4030.81,2258.81,-497.15,0.026959,0.00788924,-13.9435,4021.44,-2239.01,290.919,-0.0290048,-0.00511765,-15.1162,4232.28,-2734.42,170.367,-0.0342468,-0.0026341,-12.8455,4239.11,-4836.27,5.08402,-0.113773,-0.000238307,-14.1304
1.209,30.7132,0.0314674,4.93339,0.000121824,-0.0542269,0.102924,-0.0058188,-0.000116592,0.00929396,2620.44,1,0.0398456,0,0,-0.00662571,0.00656202,0.00124901,-0.00125064,0.120174,0.120004,0.0937244,0.0935082,4030.79,2148.93,-489.58,0.025327,0.00774942,-13.9235,4022.06,-2129.81,311.241,-0.0274191,-0.00540987,-15.1374,4232.62,-2853.72,167.235,-0.0361404,-0.00264832,-12.8216,4239.61,-4844.83,4.52992,-0.115329,-0.000181575,-14.1096
1.219,30.7625,0.0315215,4.93362,0.000122125,-0.106296,0.223186,-0.00574466,-0.000116145,0.00929191,2620.56,1,0.0398433,0,0,-0.00662692,0.00656877,0.00124859,-0.00125105,0.120167,0.119998,0.0937242,0.0935088,4031.61,2210.22,-509.34,0.0262472,0.00807118,-13.9268,4020.32,-2193.28,281.339,-0.028335,-0.00496123,-15.1356,4232.68,-2782.24,159.154,-0.034986,-0.00248135,-12.8322,4239.36,-4842.09,3.81736,-0.114839,-0.00012219,-14.1176
1.229,30.8118,0.0315755,4.93389,-9.37273e-06,0.0320278,-0.0943761,-0.0062732,-0.000116074,0.00928999,2620.75,1,0.0398973,0,0,-0.00663687,0.00656395,0.0012482,-0.00125108,0.120162,0.119995,0.0937246,0.0935095,4029.19,2123.09,-473.516,0.0249444,0.00749334,-13.9272,4022.16,-2100.84,320.654,-0.0270098,-0.00554764,-15.1373,4231.17,-2854.75,182.035,-0.0361871,-0.00288685,-12.8361,4239.47,-4833.83,5.91131,-0.113253,-0.000337123,-14.1341
1.239,30.8611,0.0316292,4.93418,-0.000117447,-0.0983693,-0.0147353,-0.00667033,-0.000116348,0.00928809,2620.89,1,0.0398359,0,0,-0.006602,0.00660568,0.00124585,-0.00125437,0.120155,0.119989,0.0937237,0.0935105,4030.59,2132.66,-484.903,0.0250861,0.00767155,-13.9214,4021.11,-2114.74,309.694,-0.0272099,-0.0053822,-15.1446,4232.64,-2862.61,163.918,-0.0362821,-0.00260026,-12.8216,4239.32,-4827.13,3.19546,-0.112091,-8.38576e-05,-14.1497
1.249,30.9104,0.0316827,4.93442,-1.10767e-05,-0.111979,0.111574,-0.00620017,-0.000117351,0.00928631,2621.06,1,0.0398405,0,0,-0.00662166,0.00659326,0.00124708,-0.00125234,0.120151,0.119984,0.0937239,0.0935097,4030.71,2195.03,-486.55,0.0259978,0.00770889,-13.9207,4020.93,-2158.08,309.782,-0.027837,-0.00539413,-15.1471,4233.92,-2868.86,147.897,-0.0363558,-0.00234588,-12.8133,4237.87,-4831.72,2.38022,-0.113171,-2.31182e-05,-14.1489
1.259,30.9597,0.0317363,4.93474,-0.000122477,0.00733552,-0.242845,-0.00667958,-0.00011811,0.00928452,2621.15,1,0.0398684,0,0,-0.00664572,0.00657639,0.00124483,-0.00125405,0.120147,0.119978,0.0937241,0.0935096,4028.58,2120.72,-458.509,0.0248956,0.00725798,-13.933,4023.37,-2099.65,336.842,-0.0269946,-0.00579681,-15.136,4231.82,-2870.29,184.106,-0.0364345,-0.00292855,-12.8338,4239.07,-4828.47,6.29682,-0.112364,-0.000403225,-14.1451
1.269,31.009,0.0317902,4.93504,-0.000127646,-0.102186,-0.173859,-0.00654022,-0.000118113,0.00928277,2621.33,1,0.0398098,0,0,-0.00661161,0.00661684,0.00124545,-0.00125324,0.120141,0.119973,0.0937239,0.0935094,4029.16,2187.45,-472.073,0.0258801,0.00747895,-13.9309,4023.46,-2161.48,323.85,-0.0278742,-0.00560897,-15.1402,4233.02,-2837.06,165.13,-0.0358635,-0.00260536,-12.8268,4239.39,-4838.89,5.36076,-0.114214,-0.000266598,-14.125
1.279,31.0583,0.0318444,4.93537,1.88736e-05,-0.253111,0.105622,-0.00604708,-0.0001181,0.00928111,2621.45,1,0.0397245,0,0,-0.0066562,0.00658007,0.00124852,-0.00125061,0.120138,0.119968,0.0937244,0.0935084,4031.08,2219.56,-502.362,0.0263796,0.0079615,-13.9382,4020.46,-2215.6,288.602,-0.0286665,-0.00507771,-15.1339,4234.24,-2838.98,150.144,-0.0358683,-0.00236633,-12.8139,4240.09,-4839.31,5.68479,-0.114159,-0.000303092,-14.1195
1.289,31.1076,0.0318984,4.93582,-0.000185041,0.000572125,-0.354545,-0.0069654,-0.00011783,0.00927959,2621.63,1,0.0397587,0,0,-0.00665316,0.00658826,0.00124508,-0.00125419,0.120133,0.119964,0.0937227,0.0935077,4028.25,2087.78,-461.066,0.0244284,0.00729258,-13.9339,4023.91,-2077.61,336.188,-0.0266749,-0.00578016,-15.1403,4232.09,-3043.14,179.869,-0.0393516,-0.00296487,-12.7984,4241.61,-4844.95,7.02106,-0.114952,-0.000670036,-14.0986
1.299,31.1569,0.031953,4.93605,0.000122642,-0.0763907,0.0911625,-0.00569569,-0.000117666,0.00927801,2621.77,1,0.0397333,0,0,-0.00671613,0.00653409,0.00125342,-0.00124706,0.12013,0.119958,0.0937247,0.0935076,4029.66,2131.83,-479.075,0.025074,0.00758044,-13.931,4022.42,-2116.91,318.603,-0.0272359,-0.00552003,-15.1448,4233.33,-3049.79,163.62,-0.0394353,-0.00270173,-12.7865,4240.96,-4854.17,5.94347,-0.116977,-0.000333262,-14.0855
1.309,31.2062,0.0320069,4.93633,-0.000103261,0.0664924,-0.159148,-0.0065631,-0.000117393,0.00927649,2621.87,1,0.0397837,0,0,-0.0066432,0.00661113,0.00124616,-0.00125317,0.120124,0.119955,0.0937235,0.0935087,4029.05,2094.42,-465.583,0.0245224,0.00736432,-13.9271,4023.25,-2072.87,333.028,-0.0266104,-0.00573248,-15.1499,4232.34,-3047.51,175.632,-0.0394203,-0.00289781,-12.7983,4240.47,-4852.7,5.60586,-0.116768,-0.000290292,-14.0932
1.319,31.2555,0.0320611,4.93657,-6.10363e-05,0.0206909,-0.171241,-0.0066341,-0.000117246,0.00927502,2622.01,1,0.039771,0,0,-0.00663465,0.00662471,0.0012456,-0.0012536,0.12012,0.119951,0.0937232,0.0935093,4029,2048.83,-465.327,0.0238725,0.00735471,-13.919,4023.64,-2031.91,342.666,-0.0260348,-0.00587191,-15.1595,4232.82,-3016.06,172.302,-0.0388629,-0.00282374,-12.8004,4240.49,-4847.37,5.34397,-0.115658,-0.000262133,-14.1076
1.329,31.3048,0.0321156,4.93684,-8.62771e-05,-0.0776361,-0.0494064,-0.00665193,-0.000116749,0.00927362,2622.16,1,0.0397273,0,0,-0.00662418,0.00664039,0.00124373,-0.00125493,0.120116,0.119948,0.0937227,0.0935095,4029.74,2115.44,-488.023,0.0248489,0.00771801,-13.9221,4021.66,-2099.73,303.977,-0.026985,-0.00529119,-15.1581,4234.15,-2968.11,163.869,-0.0380162,-0.00265721,-12.7985,4240.39,-4849.03,2.19287,-0.116025,-2.33704e-06,-14.1058
1.339,31.3541,0.0321702,4.93702,-9.12859e-05,-0.0233365,-0.05132,-0.00663398,-0.000116321,0.00927232,2622.32,1,0.0397817,0,0,-0.00660773,0.00665971,0.00124415,-0.00125279,0.120113,0.119946,0.0937232,0.0935098,4030.02,2114.06,-491.535,0.0248315,0.00777295,-13.9248,4020.92,-2094.02,308.664,-0.0269136,-0.00536376,-15.1573,4232.83,-2952.55,164.545,-0.0377713,-0.00266036,-12.813,4239.81,-4840.29,4.10069,-0.114401,-0.00014814,-14.1304
1.349,31.4035,0.0322246,4.93731,-2.63689e-05,-0.0337899,-0.0871492,-0.00638055,-0.000116517,0.00927116,2622.4,1,0.0397693,0,0,-0.00666338,0.00661265,0.00124538,-0.00125105,0.12011,0.119941,0.0937233,0.0935087,4029.35,2101.42,-474.989,0.0246328,0.00751202,-13.9297,4022.7,-2085.6,325.518,-0.0267903,-0.00562043,-15.1533,4232.73,-2941.19,166.209,-0.0375828,-0.00268088,-12.818,4240.11,-4843.99,5.70278,-0.115058,-0.000305298,-14.1185
1.359,31.4528,0.0322792,4.93753,1.9034e-05,-0.0747475,0.0697968,-0.0062178,-0.000116465,0.00926985,2622.52,1,0.0397568,0,0,-0.00666584,0.00661665,0.00124723,-0.00125218,0.120105,0.119937,0.0937246,0.0935097,4031.64,2118.13,-491.993,0.0248766,0.0077786,-13.9257,4021.93,-2102.9,304.896,-0.0270284,-0.00530682,-15.1584,4232.79,-2850.79,162.055,-0.0360857,-0.00256375,-12.833,4239.95,-4843.65,4.53077,-0.115024,-0.000182395,-14.1226
1.369,31.5021,0.0323336,4.93769,0.000131237,-0.132638,0.139012,-0.00595443,-0.000116795,0.00926874,2622.7,1,0.0397712,0,0,-0.00668745,0.00660083,0.00124879,-0.00125074,0.120102,0.119934,0.0937245,0.0935098,4030.55,2094.37,-492.705,0.0245453,0.00778683,-13.9144,4022.66,-2073.62,308.802,-0.0266068,-0.00535992,-15.1717,4233.86,-2804.1,149.19,-0.0353118,-0.00233335,-12.8335,4238.55,-4836.12,1.66327,-0.113857,2.56958e-05,-14.1474
1.379,31.5515,0.0323883,4.93797,-3.83499e-06,-0.155065,0.0183642,-0.00658311,-0.000116208,0.0092676,2622.84,1,0.0397512,0,0,-0.00660896,0.00667952,0.00124463,-0.00125369,0.120098,0.119931,0.0937231,0.0935102,4031.87,2079.33,-511.285,0.0243442,0.00807398,-13.9126,4021.56,-2062.31,291.764,-0.0264442,-0.00509685,-15.1753,4233.38,-2798.23,148.816,-0.0352237,-0.00232488,-12.8365,4238.92,-4826.8,3.62742,-0.112102,-0.000115857,-14.1629
1.389,31.6008,0.0324433,4.93819,7.92206e-05,-0.163757,0.0510421,-0.00641934,-0.000116233,0.00926655,2623.03,1,0.0397609,0,0,-0.00670358,0.00659473,0.0012501,-0.00124958,0.120096,0.119926,0.0937245,0.0935101,4031.11,1976.3,-492.359,0.0228695,0.00776196,-13.9003,4022.42,-1957.41,312.8,-0.0249826,-0.00539722,-15.1895,4232.77,-2820.53,157.787,-0.0355941,-0.00247965,-12.8373,4239.37,-4814.7,4.5881,-0.110006,-0.000200292,-14.1856
1.399,31.6501,0.032498,4.93847,0.000170078,-0.0947498,0.1897,-0.00623005,-0.000116131,0.00926543,2623.13,1,0.0397738,0,0,-0.00668022,0.00662224,0.00125029,-0.00125096,0.12009,0.119923,0.0937238,0.0935094,4032.35,1964.3,-509.24,0.0227137,0.00802255,-13.894,4022.38,-1944.02,321.89,-0.0248037,-0.00553582,-15.1969,4233.32,-2879.63,144.245,-0.0365364,-0.00229327,-12.8258,4238.08,-4822.84,0.980347,-0.11157,6.04597e-05,-14.1785
1.409,31.6995,0.0325525,4.93878,-0.000122625,0.00440434,-0.173178,-0.00715794,-0.000116152,0.00926421,2623.27,1,0.0397923,0,0,-0.00661841,0.006684,0.00124213,-0.00125406,0.120086,0.119921,0.093723,0.0935105,4030.26,1890.77,-471.604,0.0216682,0.00743174,-13.8889,4022.9,-1865.87,335.955,-0.0237396,-0.00573314,-15.2036,4232.51,-2907.48,160.58,-0.037018,-0.00257131,-12.8295,4238.3,-4822.21,3.39384,-0.111421,-0.000100426,-14.1785
1.419,31.7488,0.0326073,4.93922,-0.000241432,-0.0372855,-0.490828,-0.00772664,-0.000116669,0.00926308,2623.41,1,0.0396981,0,0,-0.00669537,0.00661199,0.00124791,-0.0012516,0.120086,0.119918,0.0937244,0.0935102,4028.07,1767.92,-447.73,0.0199975,0.00705361,-13.8888,4024.45,-1760.56,362.162,-0.0223311,-0.0061061,-15.2051,4230.97,-2980.29,182.263,-0.0382824,-0.00296597,-12.8263,4241.76,-4812.49,8.67249,-0.109279,-0.000834325,-14.1709
1.429,31.7981,0.0326618,4.93945,3.05597e-05,-0.0438544,0.144253,-0.00684574,-0.00011696,0.009262,2623.58,1,0.0397051,0,0,-0.00667401,0.00663692,0.00124561,-0.00125349,0.120082,0.119915,0.0937225,0.09351,4031.91,1811.95,-494.408,0.0206123,0.00777335,-13.8663,4020.68,-1790.54,319.675,-0.0227296,-0.00547242,-15.2294,4234.21,-3093.62,142.875,-0.0401783,-0.00238543,-12.784,4239.07,-4831.79,1.01779,-0.112967,6.11488e-05,-14.1589
1.439,31.8475,0.0327164,4.9397,7.1227e-05,-0.12763,0.056043,-0.00658995,-0.000117583,0.00926081,2623.65,1,0.0396711,0,0,-0.00669003,0.00662539,0.00124837,-0.00125115,0.120081,0.119911,0.0937237,0.0935097,4030.64,1825.09,-486.76,0.0207897,0.00765803,-13.8759,4022.03,-1816.22,319.751,-0.0230642,-0.00547687,-15.2208,4234.63,-3023.18,143.876,-0.0389359,-0.00236248,-12.7973,4239.47,-4832.25,3.20461,-0.11297,-8.17153e-05,-14.1533
1.449,31.8968,0.0327711,4.93996,7.39366e-05,-0.0132286,0.0876543,-0.00644291,-0.000117733,0.00925966,2623.75,1,0.0397079,0,0,-0.00666601,0.00665229,0.00124648,-0.00125382,0.120077,0.119908,0.0937239,0.0935091,4031.33,1853.6,-494.199,0.02118,0.00777533,-13.876,4022.01,-1837,311.361,-0.0233387,-0.00535344,-15.2218,4233.7,-2946.86,147.339,-0.0376496,-0.00237804,-12.818,4238.75,-4845.77,0.884358,-0.115698,7.97274e-05,-14.1282
1.459,31.9462,0.0328258,4.94038,-0.000119969,0.0234301,-0.327477,-0.00721649,-0.000117931,0.00925857,2623.83,1,0.0396534,0,0,-0.00669484,0.00662756,0.00124692,-0.00125249,0.120074,0.119905,0.0937242,0.0935086,4028.61,1702.39,-454.645,0.0191313,0.00715567,-13.8717,4024.41,-1697.64,356.692,-0.0214948,-0.00601088,-15.2271,4231.61,-3047.58,176.565,-0.0394321,-0.00291394,-12.8151,4241.68,-4846.6,6.7044,-0.115262,-0.000584024,-14.1079
1.469,31.9955,0.0328811,4.94067,2.01539e-05,-0.0252288,-0.116394,-0.00685691,-0.000117501,0.00925761,2623.99,1,0.0396175,0,0,-0.00673906,0.0065868,0.00125014,-0.00125059,0.120073,0.119902,0.0937242,0.0935086,4029.27,1662.13,-470.805,0.0186143,0.00739886,-13.8593,4023.5,-1661.29,341.764,-0.0210151,-0.00577803,-15.2413,4232.62,-3118.42,163.378,-0.0406648,-0.00274013,-12.7922,4241.73,-4847.14,6.17932,-0.11536,-0.000375522,-14.1091
1.479,32.0449,0.0329362,4.94088,5.51681e-05,-0.20981,0.118969,-0.00668462,-0.000116809,0.0092567,2624.17,1,0.039556,0,0,-0.00667334,0.00665717,0.00124726,-0.00125202,0.120068,0.1199,0.0937235,0.0935093,4032.18,1788.22,-512.291,0.0203119,0.00804478,-13.8615,4020.72,-1791.79,294.374,-0.0227308,-0.00508788,-15.2411,4234.97,-3015.39,123.975,-0.0387817,-0.00203289,-12.7913,4241.27,-4849.42,4.87315,-0.115917,-0.000208596,-14.1094
1.489,32.0943,0.0329908,4.94105,0.000137795,-0.224572,0.24659,-0.0062167,-0.00011744,0.00925586,2624.32,1,0.039578,0,0,-0.00672031,0.00661432,0.00125133,-0.00124844,0.120066,0.119897,0.0937246,0.0935084,4032.41,1835.91,-509.173,0.02095,0.00800205,-13.8715,4020.93,-1831.14,299.465,-0.0232606,-0.00517186,-15.2327,4234.83,-2965.42,133.557,-0.0379372,-0.00216364,-12.8031,4240.27,-4846.8,2.35695,-0.115593,-1.44286e-05,-14.1193
1.499,32.1436,0.0330455,4.94122,0.000136008,-0.392254,0.24069,-0.00616114,-0.000117683,0.00925509,2624.46,1,0.0395381,0,0,-0.00671384,0.00662457,0.00124996,-0.00124932,0.120064,0.119895,0.0937244,0.0935088,4031.84,1897.88,-511.612,0.0218027,0.00804864,-13.8792,4021.05,-1899.06,295.353,-0.0241788,-0.00512128,-15.2265,4236.16,-2838.33,119.439,-0.0358134,-0.00187368,-12.8142,4239.65,-4840.2,1.89613,-0.114418,1.26124e-05,-14.1354
1.509,32.193,0.0330999,4.9415,-0.000213357,0.00852469,-0.237848,-0.00733673,-0.000118017,0.00925434,2624.61,1,0.0396844,0,0,-0.00666324,0.00667599,0.00124542,-0.00125356,0.120061,0.119893,0.0937243,0.0935094,4029.64,1806.75,-469.347,0.02053,0.00738756,-13.8872,4022.61,-1791.22,334.056,-0.022734,-0.005688,-15.2201,4231.96,-2952.76,171.553,-0.0377914,-0.00277466,-12.8351,4239.96,-4833.23,5.67356,-0.113052,-0.000307245,-14.1507
1.519,32.2424,0.0331544,4.94174,8.88901e-05,-0.0734099,0.124875,-0.0061242,-0.00011898,0.00925372,2624.71,1,0.0396531,0,0,-0.00673932,0.00660504,0.0012515,-0.00124862,0.120062,0.11989,0.0937249,0.093508,4029.86,1883.13,-478.463,0.0215745,0.007537,-13.8957,4021.83,-1870.56,335.693,-0.0238108,-0.00573196,-15.2127,4233.51,-2975.16,157.791,-0.0381386,-0.00256315,-12.8199,4238.96,-4837.86,3.08491,-0.114102,-6.97396e-05,-14.1471
1.529,32.2917,0.0332087,4.94193,-3.33163e-05,-0.115801,0.12771,-0.00670234,-0.000118911,0.00925309,2624.86,1,0.0396535,0,0,-0.00664884,0.00669515,0.00123856,-0.00124556,0.120059,0.119889,0.0937241,0.0935095,4032.45,1901.51,-515.912,0.0218531,0.0081159,-13.8853,4019.77,-1887.9,293.467,-0.0240354,-0.00509279,-15.2249,4233.63,-2858.36,143.119,-0.0361838,-0.00226412,-12.8368,4238.37,-4830.06,1.17153,-0.112779,5.19826e-05,-14.1669
1.539,32.3411,0.0332631,4.9423,-0.00021393,0.0489596,-0.321432,-0.00732755,-0.000119384,0.0092526,2625,1,0.0396671,0,0,-0.00667101,0.00667607,0.00124601,-0.00125529,0.120057,0.119887,0.0937238,0.093508,4028.7,1809.7,-462.144,0.0205683,0.00727808,-13.8949,4023.73,-1795.19,348.713,-0.0227884,-0.00591131,-15.2168,4231.39,-3001.9,175.951,-0.0386407,-0.00287587,-12.8313,4239.86,-4832.27,6.45431,-0.112896,-0.000439831,-14.1524
1.549,32.3905,0.0333179,4.94253,1.5136e-05,-0.182585,0.133668,-0.00649889,-0.000118968,0.00925219,2625.09,1,0.0395756,0,0,-0.00667087,0.0066796,0.00124632,-0.00125294,0.120056,0.119885,0.0937235,0.0935078,4031.96,1947.26,-516.056,0.0224889,0.00812535,-13.8969,4020.4,-1939.4,294.589,-0.0247373,-0.00511877,-15.2158,4234.35,-2915.21,136.844,-0.0371043,-0.00219153,-12.8196,4239.37,-4839.76,2.94958,-0.114386,-6.00186e-05,-14.1431
1.559,32.4398,0.0333728,4.9428,-1.77855e-05,-0.188084,0.0571224,-0.00664884,-0.000118195,0.00925185,2625.2,1,0.0395601,0,0,-0.00665085,0.00670026,0.00124503,-0.00125419,0.120054,0.119884,0.0937229,0.0935075,4031.45,1989.69,-511.867,0.0230791,0.00806728,-13.9108,4021.13,-1985.83,298.351,-0.0253773,-0.00518445,-15.2031,4233.84,-2904.95,142.891,-0.0369452,-0.00228409,-12.8253,4239.75,-4839.01,2.75549,-0.11417,-4.66768e-05,-14.1419
1.569,32.4892,0.0334278,4.94311,-0.000128622,-0.0258685,-0.122941,-0.00684965,-0.00011741,0.00925158,2625.34,1,0.0395959,0,0,-0.0066387,0.00671333,0.00124454,-0.00125374,0.120052,0.119883,0.0937222,0.0935071,4030.05,1956.76,-491.851,0.0226047,0.00775228,-13.9135,4022.64,-1945.65,339.325,-0.0248364,-0.00580313,-15.202,4232.43,-2987.45,156.748,-0.0383617,-0.00255403,-12.8227,4239.88,-4845.3,5.26311,-0.115363,-0.000253718,-14.1305
1.579,32.5386,0.0334828,4.94332,-5.73249e-05,-0.0799937,-0.0252923,-0.00670862,-0.000116964,0.0092514,2625.45,1,0.0395835,0,0,-0.00667416,0.00668165,0.00124585,-0.00125254,0.120052,0.119882,0.0937218,0.0935072,4030.55,1934.37,-491.906,0.0222904,0.00774972,-13.9078,4022.13,-1926.82,319.774,-0.0245669,-0.00549972,-15.209,4233,-2993.19,153.529,-0.0384495,-0.00250447,-12.8179,4239.62,-4838.85,4.04012,-0.114162,-0.000143091,-14.1472
1.589,32.588,0.0335381,4.94363,3.04051e-05,-0.0187125,-0.11909,-0.00637748,-0.000116778,0.00925126,2625.55,1,0.0395791,0,0,-0.0067709,0.00659303,0.00125258,-0.0012479,0.120051,0.119879,0.093723,0.0935057,4028.68,1836.52,-462.527,0.020931,0.00728592,-13.9051,4024.65,-1834.89,346.76,-0.0233141,-0.00588922,-15.2127,4231.33,-3037.85,175.877,-0.0392646,-0.00289676,-12.8234,4241.12,-4842.1,6.61723,-0.11449,-0.000490268,-14.1306
1.599,32.6374,0.0335931,4.94402,-0.00024182,0.119785,-0.45146,-0.00751343,-0.000115976,0.00925104,2625.68,1,0.0395704,0,0,-0.00670823,0.00665407,0.00124676,-0.00125242,0.120047,0.119879,0.0937204,0.093506,4027.9,1659.74,-436.87,0.0185584,0.00688201,-13.8821,4025.6,-1658.32,375.469,-0.0209838,-0.00628632,-15.2373,4230.41,-3178.21,185.478,-0.0418147,-0.00314788,-12.8044,4242.08,-4846.83,6.74478,-0.115226,-0.000605148,-14.116
1.609,32.6868,0.0336483,4.94422,2.50745e-05,-0.155875,0.125566,-0.00667963,-0.00011554,0.00925084,2625.78,1,0.0394724,0,0,-0.00668894,0.00667354,0.00124581,-0.00125407,0.120046,0.119879,0.0937197,0.0935071,4032.55,1783.48,-516.735,0.0202504,0.00811176,-13.8784,4021.19,-1788.83,297.883,-0.0226898,-0.00514108,-15.242,4234.48,-3059.24,138.327,-0.0395617,-0.00229127,-12.7943,4240.88,-4853.11,2.76573,-0.116772,-3.91213e-05,-14.1109
1.619,32.7362,0.0337033,4.94437,-0.000160324,-0.0929293,-0.155097,-0.00706498,-0.000115625,0.00925047,2625.84,1,0.0395316,0,0,-0.0066619,0.00669961,0.00124503,-0.00125381,0.120044,0.119879,0.0937213,0.0935079,4030.31,1817.67,-483.681,0.020688,0.00760862,-13.8908,4022.26,-1820.51,329.037,-0.0231259,-0.00561888,-15.2302,4232.28,-2913.95,157.74,-0.0371253,-0.00252933,-12.8396,4240.47,-4845.19,5.19463,-0.115225,-0.000247124,-14.1283
1.629,32.7856,0.0337582,4.94463,-0.000186275,0.028412,-0.251001,-0.00717086,-0.00011577,0.00925017,2626.03,1,0.0395618,0,0,-0.00664975,0.00671211,0.0012458,-0.00125416,0.120043,0.119879,0.0937206,0.0935075,4029.67,1815.06,-466.769,0.0206385,0.00734921,-13.8952,4023.77,-1806.84,343.702,-0.0229407,-0.00583842,-15.2281,4231.71,-2979.13,170.369,-0.0382406,-0.00277108,-12.8365,4240.56,-4848.82,5.18669,-0.115937,-0.000245176,-14.1223
1.639,32.8349,0.0338135,4.94486,-2.72238e-05,-0.203999,-0.0016954,-0.00663043,-0.000115739,0.00924986,2626.17,1,0.0394698,0,0,-0.00669344,0.00666929,0.00124598,-0.00125617,0.120044,0.119878,0.0937198,0.0935071,4031.04,1883.97,-500.506,0.0216036,0.00787534,-13.8996,4021.93,-1890.24,310.266,-0.0240608,-0.00534697,-15.2252,4233.3,-2897.34,146.649,-0.036829,-0.00234115,-12.8341,4240.73,-4846.61,5.28855,-0.115455,-0.00025637,-14.124
1.649,32.8843,0.0338688,4.945,0.000115458,-0.273529,0.240534,-0.00615653,-0.000115592,0.00924958,2626.35,1,0.0394747,0,0,-0.00670246,0.00666388,0.001249,-0.00125067,0.120043,0.119876,0.0937203,0.0935067,4032.96,1948.51,-526.899,0.0225125,0.00829237,-13.9023,4020.65,-1952.85,281.475,-0.0249127,-0.00492066,-15.2244,4234.32,-2815.93,135.43,-0.0354851,-0.00211985,-12.8434,4240.69,-4843.15,3.50677,-0.114782,-9.86885e-05,-14.1385
1.659,32.9337,0.0339243,4.94521,-0.000137918,0.0536871,-0.284934,-0.00705511,-0.000115073,0.0092493,2626.52,1,0.0396145,0,0,-0.00670602,0.00665964,0.00124615,-0.0012532,0.120042,0.119876,0.0937207,0.0935077,4028.43,1826.45,-449.989,0.0207826,0.007093,-13.9099,4024.38,-1809.63,360.103,-0.0229855,-0.00608813,-15.2188,4230.97,-2912.72,182.987,-0.0371428,-0.00293629,-12.8615,4240.74,-4833.71,6.34697,-0.112994,-0.000413063,-14.1617
1.669,32.9832,0.0339796,4.94553,-0.000210251,0.0671689,-0.332186,-0.00730146,-0.000114561,0.00924916,2626.61,1,0.0395809,0,0,-0.00663311,0.0067308,0.00124402,-0.00125257,0.12004,0.119876,0.0937189,0.0935075,4028.94,1821.18,-458.511,0.0207171,0.00722333,-13.9043,4024.31,-1804.83,357.747,-0.0229195,-0.00605154,-15.2253,4231.12,-2972.09,176.964,-0.0381344,-0.00287439,-12.8458,4240.38,-4839.07,5.63561,-0.114053,-0.000300442,-14.1515
1.679,33.0326,0.0340349,4.94589,-0.000153685,-0.140458,-0.150994,-0.00723487,-0.000114765,0.00924902,2626.69,1,0.0394412,0,0,-0.00666645,0.00669807,0.00124557,-0.00125543,0.12004,0.119876,0.0937184,0.0935071,4030.55,1782.04,-484.127,0.0202079,0.00761132,-13.889,4022.59,-1790.92,327.027,-0.0227251,-0.0055818,-15.2415,4233.45,-3016.98,149.837,-0.0388491,-0.00245736,-12.8169,4241.23,-4846.17,5.43418,-0.115267,-0.000273282,-14.1283
1.689,33.082,0.0340902,4.94603,-6.55004e-05,0.0717338,-0.0260125,-0.00694534,-0.000114878,0.0092489,2626.82,1,0.0395603,0,0,-0.00667774,0.00668782,0.00124595,-0.00125377,0.12004,0.119875,0.0937186,0.0935073,4031.08,1747.88,-486.638,0.0197507,0.00764626,-13.8846,4022.05,-1746.69,326.299,-0.0221393,-0.00556297,-15.2474,4232.55,-3038.71,160.682,-0.0392479,-0.00264753,-12.8265,4239.67,-4843.68,2.32527,-0.115089,-1.44798e-05,-14.1483
1.699,33.1314,0.0341455,4.94624,-4.82486e-05,-0.305942,0.0476515,-0.00682334,-0.00011491,0.00924882,2626.96,1,0.0394121,0,0,-0.00666874,0.00669865,0.00124596,-0.00125492,0.120039,0.119875,0.0937186,0.0935074,4032.32,1847.95,-506.187,0.02111,0.00795682,-13.8892,4021.93,-1856.53,303.512,-0.023598,-0.00523756,-15.2443,4235.05,-2870.16,127.562,-0.0363476,-0.00201957,-12.8301,4240.11,-4840.66,3.09036,-0.114412,-6.87451e-05,-14.1478
1.709,33.1808,0.0342006,4.94661,-0.000144107,-0.064643,-0.122552,-0.00711456,-0.000115245,0.00924882,2627.07,1,0.0394533,0,0,-0.00665348,0.00671295,0.00124657,-0.00125752,0.120038,0.119875,0.0937179,0.0935059,4030.51,1795.47,-481.046,0.0203847,0.00756549,-13.8916,4022.64,-1792.08,333.164,-0.0227439,-0.00567564,-15.2427,4233.21,-3037.28,151.156,-0.0392057,-0.00249043,-12.8181,4240.36,-4849.69,4.01004,-0.11616,-0.000135815,-14.1271
1.719,33.2302,0.0342559,4.94685,5.06067e-05,-0.0215996,0.093707,-0.00646899,-0.000115683,0.00924879,2627.15,1,0.0394635,0,0,-0.00672662,0.00664201,0.00124797,-0.00125166,0.12004,0.119873,0.0937195,0.0935071,4030.93,1826.06,-488.038,0.0208016,0.00767661,-13.8965,4022.45,-1823.38,339.28,-0.0231695,-0.00577658,-15.2388,4231.8,-3076.54,152.854,-0.0399176,-0.00254187,-12.8112,4238.45,-4848.43,3.14283,-0.116298,-6.84074e-05,-14.1294
1.729,33.2796,0.0343112,4.94706,-8.48606e-05,-0.188498,-0.0740972,-0.00703959,-0.000115552,0.00924885,2627.28,1,0.0393968,0,0,-0.0066894,0.00667978,0.00124549,-0.00125385,0.120039,0.119873,0.0937185,0.0935071,4031.49,1812.28,-496.87,0.020622,0.0078091,-13.8929,4022.8,-1820.6,315.739,-0.0231142,-0.00541553,-15.2442,4233.97,-2975.53,143.158,-0.0381263,-0.00232555,-12.8224,4240.88,-4844.2,4.85608,-0.114946,-0.000213461,-14.1362
1.739,33.329,0.0343668,4.94723,6.77658e-05,-0.0406016,0.0486397,-0.00637584,-0.000115385,0.00924892,2627.41,1,0.0394775,0,0,-0.00673526,0.00663623,0.0012492,-0.00125087,0.120039,0.119872,0.0937193,0.0935063,4030.62,1875.65,-482.939,0.0214715,0.00760344,-13.9099,4023.34,-1869.83,331.24,-0.0237859,-0.00566233,-15.2284,4232.64,-2981.4,155.701,-0.0382538,-0.00253337,-12.8344,4239.82,-4845.39,3.85604,-0.115395,-0.000124968,-14.1426
1.749,33.3785,0.0344225,4.94748,0.000145565,-0.120692,0.166812,-0.00605024,-0.000114872,0.00924897,2627.44,1,0.0394309,0,0,-0.0067384,0.0066346,0.00125065,-0.0012495,0.12004,0.119872,0.0937188,0.0935056,4031.53,1927.7,-505.286,0.0222067,0.007955,-13.9149,4022.43,-1934.77,308.639,-0.024666,-0.00533111,-15.2238,4233.13,-2964.27,137.667,-0.0379424,-0.00223105,-12.8327,4239.74,-4846.18,5.39374,-0.115565,-0.000264179,-14.1399
1.759,33.4279,0.0344782,4.94769,9.49019e-05,-0.14096,0.136901,-0.00606822,-0.000114669,0.00924896,2627.62,1,0.039428,0,0,-0.00675433,0.00662014,0.00125186,-0.00124842,0.120039,0.119872,0.0937193,0.0935057,4031.46,1919.82,-497.706,0.0220891,0.00783575,-13.9169,4022.33,-1926.04,313.684,-0.0245504,-0.00540591,-15.2236,4232.93,-2922.03,153.382,-0.0372477,-0.0024629,-12.8426,4240.2,-4845.47,4.38718,-0.115333,-0.000169258,-14.1396
1.769,33.4773,0.0345337,4.94784,0.000123754,-0.185827,0.146077,-0.00603169,-0.000114675,0.00924903,2627.81,1,0.0394346,0,0,-0.00677564,0.00660076,0.00125274,-0.00124778,0.120039,0.119872,0.0937194,0.0935058,4031.08,1884.54,-488.63,0.0215964,0.00769134,-13.9118,4022.91,-1884.89,324.114,-0.0239893,-0.00555651,-15.2309,4233.24,-2886.26,151.36,-0.03665,-0.00241097,-12.8495,4239.96,-4838.05,4.28391,-0.113943,-0.000163703,-14.158
1.779,33.5268,0.0345891,4.94804,-0.000162026,0.0492571,-0.322291,-0.0071554,-0.000114571,0.00924902,2627.9,1,0.0395338,0,0,-0.00672321,0.00665095,0.00124676,-0.00125264,0.120037,0.119872,0.0937192,0.0935069,4028.8,1742.83,-449.565,0.0196595,0.00707948,-13.9036,4025.45,-1736.72,364.491,-0.0220079,-0.00613734,-15.2402,4229.93,-2866.86,186.475,-0.036402,-0.00296597,-12.8827,4240.13,-4831.25,6.48585,-0.112661,-0.000449097,-14.1709
1.789,33.5762,0.0346447,4.94831,-2.10664e-05,-0.0295116,0.00169804,-0.0067388,-0.000114201,0.00924909,2628.01,1,0.0394812,0,0,-0.00667047,0.00670091,0.00124412,-0.00125098,0.120037,0.119873,0.093718,0.0935071,4031.62,1860.46,-494.405,0.0212707,0.00777799,-13.8978,4022.89,-1847.69,319.032,-0.0234806,-0.00547235,-15.2472,4231.95,-2846.77,155.999,-0.0360248,-0.00246531,-12.8671,4239.31,-4841.39,2.27218,-0.114711,-1.19831e-05,-14.1576
1.799,33.6256,0.0347006,4.94848,8.63499e-05,-0.227472,0.256724,-0.00634009,-0.000113936,0.00924912,2628.15,1,0.0394182,0,0,-0.00669987,0.00667327,0.00124807,-0.00125164,0.120038,0.119873,0.0937181,0.0935069,4033.34,1967.42,-531.88,0.0227793,0.0083723,-13.9144,4020,-1966.81,282.079,-0.0251115,-0.00493295,-15.2321,4233.22,-2790.56,137.165,-0.0350946,-0.00213586,-12.8639,4239.48,-4832.09,2.31215,-0.112938,-1.95263e-05,-14.1767
1.809,33.6751,0.0347563,4.94875,-1.70716e-05,-0.277455,0.0714792,-0.00654838,-0.00011352,0.00924919,2628.22,1,0.039373,0,0,-0.00665952,0.00671007,0.00124461,-0.00125544,0.120037,0.119874,0.0937167,0.0935069,4032.86,2066.58,-526.196,0.024174,0.00830203,-13.9372,4021.26,-2072.56,284.493,-0.0265861,-0.00498818,-15.2099,4233.79,-2765.23,138.104,-0.0346878,-0.0021383,-12.863,4239.38,-4833.21,3.67329,-0.113155,-0.000116017,-14.172
1.819,33.7245,0.0348126,4.94888,-1.69984e-06,-0.180202,-0.0138714,-0.00651907,-0.000112818,0.00924921,2628.35,1,0.0394462,0,0,-0.00669858,0.00667376,0.00124714,-0.00125257,0.120037,0.119874,0.0937173,0.0935074,4031.34,2100.28,-487.692,0.0246154,0.00770649,-13.9527,4022.38,-2092.72,307.981,-0.02688,-0.00535255,-15.1957,4232.08,-2782.2,171.979,-0.035,-0.00268474,-12.8752,4238.48,-4821.62,-0.335321,-0.111295,0.00013009,-14.1987
1.829,33.7739,0.0348684,4.9492,-9.83788e-06,-0.155568,0.0277231,-0.0066663,-0.000112651,0.00924925,2628.43,1,0.0394103,0,0,-0.00667859,0.00669524,0.00124519,-0.00125242,0.120035,0.119873,0.0937163,0.0935073,4032.9,2043.71,-507.189,0.0238216,0.00800023,-13.9418,4022.61,-2048.49,302.193,-0.0262457,-0.00525447,-15.2077,4232.89,-2838.33,148.407,-0.035871,-0.00233899,-12.8607,4239.1,-4829.85,3.56282,-0.112602,-0.000109435,-14.1841
1.839,33.8234,0.0349247,4.94938,7.12203e-05,-0.12977,0.113185,-0.00614875,-0.000112262,0.00924936,2628.58,1,0.0394344,0,0,-0.00670084,0.00667189,0.00124679,-0.00125062,0.120036,0.119874,0.0937162,0.093507,4031.12,2098.21,-493.369,0.0245951,0.00779579,-13.9513,4022.61,-2095.89,315.661,-0.026929,-0.00547242,-15.1997,4233.41,-2821.78,145.931,-0.0355964,-0.00229056,-12.8617,4237.98,-4833.3,1.00059,-0.113435,6.51254e-05,-14.1857
1.849,33.8728,0.0349804,4.94962,-0.00015657,-0.0584351,-0.189316,-0.00688916,-0.000112415,0.00924944,2628.68,1,0.0394488,0,0,-0.00665906,0.00671078,0.00124502,-0.00125275,0.120035,0.119875,0.0937162,0.0935075,4030.66,2047.97,-481.9,0.0238665,0.0076085,-13.9543,4023.05,-2050.41,326.113,-0.0262869,-0.00562252,-15.1978,4231.5,-2821.14,168.192,-0.0356255,-0.00264656,-12.8783,4238.92,-4826.31,5.50116,-0.112008,-0.000287878,-14.1914
1.859,33.9223,0.0350361,4.94991,-0.000207049,-0.0882841,-0.252808,-0.00695633,-0.000112781,0.00924962,2628.83,1,0.0394044,0,0,-0.00664418,0.00672249,0.0012443,-0.00125459,0.120036,0.119876,0.0937158,0.0935071,4030.36,2062.83,-481.117,0.024079,0.00759839,-13.9599,4022.93,-2067.92,327.342,-0.026537,-0.00564514,-15.194,4231.98,-2832.69,167.632,-0.0358055,-0.00264362,-12.8726,4239.6,-4834.03,6.01105,-0.11326,-0.000352199,-14.1712
1.869,33.9717,0.035092,4.95018,6.00802e-05,-0.0518109,0.0636218,-0.00608439,-0.000113369,0.00924985,2628.96,1,0.0393957,0,0,-0.00670721,0.00666195,0.00124841,-0.00125161,0.120038,0.119875,0.0937162,0.0935062,4031.32,2115.62,-495.63,0.0248468,0.00783402,-13.9605,4022.34,-2109.89,309.994,-0.0271273,-0.00538822,-15.1947,4231.61,-2900.99,164.195,-0.0369237,-0.00262635,-12.8592,4238.66,-4844.81,3.75291,-0.115513,-0.000117372,-14.1485
1.879,34.0212,0.0351479,4.95044,-0.000144726,-0.0930878,-0.178891,-0.00676747,-0.000113366,0.0092501,2629.03,1,0.0393602,0,0,-0.0066828,0.00668462,0.00124606,-0.00125385,0.120037,0.119876,0.0937152,0.0935063,4030.4,2090.01,-484.601,0.0244715,0.00765629,-13.9643,4022.89,-2098.29,323.153,-0.0269667,-0.00558668,-15.1917,4232.08,-2889.96,166.293,-0.036737,-0.00265377,-12.8621,4240.16,-4838.99,6.33035,-0.114077,-0.000405579,-14.1583
1.889,34.0706,0.0352037,4.95069,-6.25247e-05,0.013836,-0.0955847,-0.0064464,-0.000113607,0.00925038,2629.11,1,0.0393809,0,0,-0.00668482,0.00668256,0.00124525,-0.00125552,0.120037,0.119875,0.0937147,0.0935059,4031.17,2166.63,-488.646,0.0255784,0.00773239,-13.9778,4023.35,-2168.71,320.242,-0.0279757,-0.00555858,-15.1791,4232.05,-2945.16,169.841,-0.0376594,-0.00274224,-12.8564,4239.72,-4847.1,5.23304,-0.115753,-0.000249751,-14.145
1.899,34.1201,0.0352595,4.95101,-5.12362e-05,-0.259196,0.0392239,-0.00633343,-0.000113931,0.00925054,2629.14,1,0.0392254,0,0,-0.00668049,0.00668831,0.00124656,-0.00125292,0.120037,0.119875,0.0937146,0.0935048,4033.06,2200.45,-515.722,0.0260975,0.00816302,-13.9773,4021.84,-2228.5,286.612,-0.02884,-0.0050504,-15.1799,4234.14,-2908.11,144.678,-0.0369939,-0.00231443,-12.8417,4241.01,-4852.63,5.99461,-0.116632,-0.000340671,-14.1219
1.909,34.1696,0.0353156,4.95114,-4.99566e-05,-0.0624823,-0.0453665,-0.0063411,-0.000113471,0.00925072,2629.37,1,0.039335,0,0,-0.0066642,0.00670304,0.00124538,-0.00125443,0.120037,0.119876,0.0937145,0.0935057,4031.66,2205.17,-496.702,0.026151,0.00786646,-13.9858,4022.83,-2213.98,305.723,-0.0286312,-0.00534441,-15.1741,4233.16,-2957.4,159.866,-0.0378425,-0.00258692,-12.8465,4239.74,-4848.23,4.47159,-0.115984,-0.000175832,-14.1436
1.919,34.219,0.0353717,4.95137,5.68048e-06,-0.106919,-0.0110665,-0.00611348,-0.000113635,0.00925091,2629.47,1,0.0393078,0,0,-0.00671996,0.00664909,0.00124851,-0.00125159,0.120038,0.119874,0.0937149,0.0935041,4031.61,2152.24,-492.921,0.0253707,0.00779623,-13.9778,4023.53,-2165.16,311.418,-0.0279154,-0.00542028,-15.1831,4233.21,-2893.54,167.145,-0.036782,-0.00266852,-12.8617,4241.32,-4852.84,5.50123,-0.11661,-0.000276237,-14.1292
1.929,34.2685,0.0354277,4.95156,-4.37033e-05,0.00458288,0.0322042,-0.00633857,-0.000113082,0.00925107,2629.6,1,0.039357,0,0,-0.00666215,0.00670512,0.00124466,-0.0012561,0.120037,0.119876,0.0937141,0.0935053,4032.85,2186.02,-512.396,0.0258817,0.00810867,-13.9784,4021.81,-2195.93,294.271,-0.0283672,-0.00516353,-15.1841,4232.66,-2911.63,161.737,-0.0370839,-0.00259189,-12.8625,4240.26,-4851.11,4.11864,-0.116473,-0.000144334,-14.1413
1.939,34.318,0.0354838,4.95174,1.02351e-05,0.00481755,-0.000493292,-0.00618476,-0.000113065,0.00925117,2629.72,1,0.0393635,0,0,-0.00670381,0.00666398,0.0012473,-0.00125263,0.120038,0.119876,0.0937145,0.0935047,4031.31,2138.21,-491.011,0.0251667,0.0077648,-13.9753,4023.31,-2139.16,315.216,-0.0275438,-0.00547413,-15.1884,4231.8,-2913.18,167.495,-0.0371256,-0.00268616,-12.8644,4239.26,-4847.79,4.17727,-0.115991,-0.000149726,-14.1494
1.949,34.3674,0.0355399,4.95194,-7.41875e-05,-0.030959,-0.0958869,-0.00666925,-0.000112569,0.00925126,2629.82,1,0.0393491,0,0,-0.00668247,0.00668516,0.00124344,-0.00125591,0.120038,0.119876,0.0937135,0.0935053,4031.53,2069.07,-488.807,0.024168,0.00771887,-13.9634,4023.56,-2073.78,324.67,-0.0266122,-0.00560553,-15.2015,4232.21,-2865.86,164.474,-0.0363382,-0.00261099,-12.872,4239.68,-4842.84,4.45041,-0.114912,-0.000175907,-14.1618
1.959,34.4169,0.035596,4.95213,-0.000126313,0.000381515,-0.174555,-0.00660728,-0.000112436,0.00925129,2629.88,1,0.0393631,0,0,-0.00667283,0.00669483,0.00124555,-0.00125252,0.120037,0.119877,0.0937144,0.0935049,4030.69,2123.88,-480.439,0.0249502,0.00759666,-13.979,4023.9,-2131.78,326.571,-0.0274411,-0.00564724,-15.1864,4231.2,-2814.45,176.023,-0.0355275,-0.00276778,-12.8902,4239.87,-4843.19,5.43675,-0.114941,-0.000274202,-14.1602
1.969,34.4664,0.0356524,4.95252,-0.000228033,-0.210815,-0.351029,-0.00710163,-0.000112274,0.00925136,2630.04,1,0.039204,0,0,-0.00674559,0.00662327,0.00124863,-0.00125147,0.120039,0.119877,0.0937147,0.0935047,4029.19,2081.48,-476.26,0.0243487,0.00752318,-13.976,4024.8,-2100.6,334.004,-0.0269918,-0.00575059,-15.1913,4231.53,-2807.63,171.493,-0.0354109,-0.00269216,-12.8812,4242.7,-4829.97,9.59412,-0.111989,-0.000891,-14.1647
1.979,34.5158,0.0357085,4.95265,-1.95705e-05,-0.0365627,-0.00622624,-0.00621052,-0.000112069,0.00925149,2630.19,1,0.0393011,0,0,-0.00671013,0.00665955,0.00124769,-0.00125224,0.120037,0.119877,0.0937132,0.0935045,4031.45,2175.63,-488.043,0.0257062,0.00772445,-13.9854,4023.17,-2177.32,317.984,-0.0281009,-0.00552602,-15.1833,4232.7,-2973.94,163.233,-0.0381316,-0.0026513,-12.8524,4239.9,-4848.95,4.50174,-0.116098,-0.000177561,-14.1471
1.989,34.5653,0.0357646,4.95282,4.48705e-05,-0.489387,0.202966,-0.00591913,-0.000112063,0.0092515,2630.2,1,0.0391279,0,0,-0.00667681,0.0066919,0.00124668,-0.001253,0.120038,0.119877,0.0937134,0.0935051,4034.18,2301.08,-550.587,0.0276487,0.00874065,-13.9907,4020.98,-2325.17,260.638,-0.0302748,-0.00466738,-15.1782,4234.54,-2668.73,131.835,-0.0331808,-0.00199443,-12.8824,4241.42,-4841.95,6.53444,-0.114399,-0.000455109,-14.148
1.999,34.6148,0.035821,4.95299,4.0041e-05,-0.0912473,0.0240021,-0.00593813,-0.000111831,0.00925155,2630.37,1,0.0393006,0,0,-0.0066941,0.00667534,0.00124687,-0.00125296,0.120038,0.119876,0.0937132,0.0935052,4031.63,2279.69,-505.127,0.0272746,0.00801467,-14.006,4023.46,-2287.57,296.759,-0.029711,-0.00522027,-15.1647,4231.88,-2775.58,173.001,-0.0348976,-0.00269772,-12.8923,4239.86,-4847.39,4.3681,-0.115785,-0.00016886,-14.1502
2.009,34.6643,0.0358784,4.95319,7.61869e-05,-0.0110135,-0.0760776,-0.00535085,-0.000112475,0.00925167,2630.49,1,0.0393329,0,0.00225,-0.00791157,0.0054602,0.00124873,-0.00125129,0.120047,0.119869,0.0937138,0.0935045,4027.98,2316.91,-524.59,0.02791,0.00829856,-14.0532,4025.9,-2337.99,277.969,-0.0304362,-0.00489667,-15.1196,4231.08,-2822.92,193.441,-0.03568,-0.00305021,-12.8923,4239.9,-4844.57,6.7087,-0.115205,-0.00057624,-14.158
2.019,34.7138,0.0359316,4.95338,-0.000516104,-0.151687,-0.0330033,-0.00651221,-0.000119869,0.00925174,2630.45,1,0.0392749,0,0.00475,-0.00936234,0.00400804,0.00124616,-0.00125351,0.120038,0.119877,0.0937179,0.0935007,4038.23,2301.18,-610.219,0.0277293,0.0095925,-14.0444,4016.65,-2335.67,200.795,-0.0304489,-0.00365432,-15.1266,4233.56,-2715.56,165.426,-0.0339321,-0.00254529,-12.9007,4238.2,-4838.95,5.68584,-0.114446,-0.000304115,-14.1687
2.029,34.7632,0.0359711,4.95361,-0.0016339,-0.305192,-0.100364,-0.00828747,-0.000147323,0.00925171,2630.66,1,0.0391966,0,0.00725,-0.0108777,0.0024984,0.00124843,-0.00125149,0.120027,0.119885,0.0937293,0.093489,4050.22,2242.4,-652.799,0.0268149,0.0101784,-14.0413,4006.29,-2281.07,165.159,-0.0297136,-0.00306328,-15.1298,4238.97,-2666.02,147.746,-0.0330983,-0.00223984,-12.9079,4234.66,-4830.84,5.92038,-0.113589,-0.000339508,-14.1604
2.039,34.8127,0.0359904,4.95375,-0.00301939,-0.0733746,0.0564128,-0.0102288,-0.000199205,0.00925173,2631.02,1,0.039315,0,0.00975,-0.0123689,0.00101212,0.00124974,-0.00125076,0.120027,0.119882,0.0937482,0.0934704,4063.7,2230.13,-702.294,0.0266109,0.010887,-14.0378,3992.92,-2244.17,114.764,-0.0292762,-0.00228593,-15.1347,4246.29,-2721.88,141.308,-0.033867,-0.00216059,-12.9165,4225.07,-4824.95,-1.1965,-0.114319,0.000190688,-14.1608
2.049,34.8622,0.0359856,4.95401,-0.00489715,-0.00967117,-0.043917,-0.013212,-0.000274737,0.00925177,2631.34,1,0.039313,0,0.01225,-0.0137691,-0.000390907,0.00124299,-0.00125655,0.120043,0.119865,0.0937736,0.0934433,4076.73,2219.72,-742.845,0.0264274,0.0114539,-14.0366,3979.55,-2216.65,77.8918,-0.0289874,-0.00175181,-15.137,4257.3,-2818.1,103.152,-0.0352201,-0.00159273,-12.8993,4213.19,-4812.34,-6.66709,-0.114217,0.000453599,-14.1583
2.059,34.9117,0.0359533,4.95423,-0.00685129,0.0271969,-0.124444,-0.0157379,-0.000371869,0.00925158,2631.49,1,0.0393135,0,0.01475,-0.0152533,-0.00186914,0.00124313,-0.00125719,0.120078,0.119827,0.0938129,0.093406,4087.51,2201.51,-753.52,0.0260871,0.0115437,-14.0528,3969.49,-2201.62,74.8466,-0.0288599,-0.00167416,-15.1201,4268.43,-2798.02,105.67,-0.0347737,-0.0016195,-12.9109,4200.65,-4801.36,-13.1476,-0.114564,0.000734989,-14.1455
2.069,34.9612,0.0358918,4.95435,-0.0088428,0.00466137,0.0334731,-0.0177825,-0.000484605,0.00925136,2631.81,1,0.039333,0,0.01725,-0.0167496,-0.00335785,0.00124643,-0.00125448,0.120131,0.119773,0.0938614,0.0933566,4097.15,2200.83,-771.26,0.0260342,0.0117552,-14.0529,3959.34,-2180.86,59.9085,-0.0286446,-0.00145419,-15.1219,4281.37,-2791.37,85.9142,-0.0345101,-0.00129692,-12.9152,4189.15,-4789.88,-23.7462,-0.114639,0.00114026,-14.1411
2.079,35.0107,0.0357988,4.95461,-0.0113922,0.108866,-0.383321,-0.0214931,-0.000606999,0.00925097,2632.06,1,0.0393459,0,0.01975,-0.0181584,-0.00476497,0.00123999,-0.00125996,0.120195,0.119707,0.0939184,0.0933012,4103.49,2117.92,-768.423,0.0247789,0.0116229,-14.057,3952.93,-2100.89,72.9238,-0.0275248,-0.00157256,-15.1191,4290.82,-2891.05,88.9234,-0.0359679,-0.001379,-12.915,4178.86,-4764.42,-20.1137,-0.111887,0.000982397,-14.1541
2.089,35.0602,0.0356724,4.95484,-0.013759,0.0217411,-0.111453,-0.0237998,-0.000735297,0.00925048,2632.21,1,0.0392924,0,0.02225,-0.0195412,-0.0061456,0.00123566,-0.0012642,0.120268,0.11963,0.0939819,0.0932356,4113.65,2142.26,-828.629,0.0251849,0.0125167,-14.0493,3943.32,-2120.6,15.2958,-0.027893,-0.000730461,-15.1275,4303.51,-2895.72,46.4034,-0.0358712,-0.000678769,-12.9008,4168.82,-4766.86,-35.4793,-0.114235,0.00154868,-14.1258
2.099,35.1097,0.0355108,4.955,-0.0163039,-0.0714219,-0.0678916,-0.0263164,-0.000865725,0.00924983,2632.43,1,0.0392678,0,0.02475,-0.0209698,-0.00756833,0.00123287,-0.00126679,0.120349,0.119545,0.0940523,0.0931653,4119.21,2198.98,-849.778,0.0260163,0.0128087,-14.0645,3937.9,-2174.19,15.2808,-0.0287419,-0.000448549,-15.1138,4312.61,-2874.83,27.1611,-0.0354276,-0.00033544,-12.8999,4159.53,-4753.01,-42.7268,-0.113454,0.00178237,-14.1282
2.109,35.1592,0.0353128,4.95517,-0.0189546,0.0428362,-0.212511,-0.0289086,-0.000994583,0.00924908,2632.65,1,0.0393196,0,0.02725,-0.0224291,-0.00901923,0.00123151,-0.00126822,0.120434,0.119456,0.0941268,0.0930908,4121.57,2160.12,-843.023,0.0254219,0.012634,-14.0745,3935.25,-2130.57,19.5167,-0.0281151,-0.000643197,-15.1061,4318.67,-2947.66,32.5463,-0.0365119,-0.000448358,-12.9035,4152.5,-4739.96,-43.5687,-0.112399,0.00179687,-14.1329
2.119,35.2087,0.0350762,4.95548,-0.0218187,-0.202268,-0.28169,-0.0316832,-0.00111999,0.00924822,2632.77,1,0.0391744,0,0.02975,-0.0238028,-0.0103888,0.00123114,-0.00129503,0.120518,0.119366,0.0942018,0.0930139,4125.47,2096.06,-865.028,0.024535,0.0129122,-14.0652,3930.99,-2088.42,17.147,-0.0275303,-0.000309164,-15.1169,4327.22,-2997.71,3.69123,-0.0372084,0.000143736,-12.8748,4147.58,-4737.92,-47.0176,-0.112944,0.00191742,-14.1091
2.129,35.2582,0.0347999,4.95558,-0.0245561,0.176656,-0.385073,-0.0343203,-0.00124101,0.00924729,2632.99,1,0.0393618,0,0.03225,-0.0252209,-0.0118003,0.00122254,-0.00127714,0.120603,0.119276,0.0942786,0.0929382,4126.12,2099.23,-855.808,0.0245598,0.012718,-14.0828,3930.29,-2062.24,23.5927,-0.0271525,-0.000477793,-15.1011,4329.42,-3051.54,21.9686,-0.0380688,-0.000272934,-12.8991,4140.95,-4732.89,-54.2917,-0.113297,0.00215741,-14.1149
2.139,35.3077,0.0344824,4.95569,-0.0272085,0.129607,-0.256825,-0.0363777,-0.00135717,0.00924623,2633,1,0.039373,0,0.03475,-0.0267107,-0.0132762,0.00122312,-0.00127721,0.120687,0.119186,0.0943565,0.092862,4128.81,2084.99,-882.377,0.0244112,0.0130823,-14.0837,3928.14,-2063.83,19.4471,-0.0271948,-0.000218481,-15.1006,4333.13,-2987.2,14.4869,-0.0369646,-0.00010925,-12.9202,4137.54,-4723.75,-57.2931,-0.112309,0.00223704,-14.1169
2.149,35.3572,0.0341225,4.95591,-0.0301734,0.406448,-0.658193,-0.0397172,-0.00146681,0.00924509,2633.19,1,0.0394673,0,0.03725,-0.0281183,-0.0146764,0.0012175,-0.00128297,0.120766,0.1191,0.0944296,0.0927879,4126.83,1990.73,-853.09,0.0230468,0.0125635,-14.0919,3929.54,-1963.53,32.0981,-0.0257316,-0.00075069,-15.0947,4333.5,-3166.73,36.9264,-0.0399731,-0.000580266,-12.9185,4134.37,-4709.89,-50.2514,-0.11048,0.0019869,-14.1285
2.159,35.4067,0.0337181,4.95623,-0.0329348,0.241792,-0.374094,-0.0421005,-0.00157215,0.00924394,2633.22,1,0.0393489,0,0.03975,-0.0295032,-0.016054,0.00120826,-0.00126841,0.120841,0.119018,0.0945002,0.0927149,4130.89,1924.98,-895.439,0.0222226,0.0131719,-14.0661,3925.52,-1905.89,22.3231,-0.0249432,-0.00022305,-15.1207,4340.35,-3271.58,2.57173,-0.0417217,0.000140626,-12.8714,4131.06,-4723.69,-70.0867,-0.113569,0.0026589,-14.0912
2.169,35.4562,0.0332682,4.95634,-0.0357284,0.101752,-0.406201,-0.0444518,-0.00167358,0.00924257,2633.38,1,0.0393231,0,0.04225,-0.0309606,-0.0174981,0.00121136,-0.00128824,0.120914,0.118937,0.0945704,0.0926451,4132.44,1966.86,-915.466,0.0228444,0.013443,-14.081,3924.52,-1958.59,12.6348,-0.0257001,5.1918e-05,-15.1077,4344.15,-3189.69,-4.18449,-0.0402111,0.000463632,-12.8845,4128.28,-4718.06,-72.7486,-0.113083,0.00273249,-14.0877
2.179,35.5057,0.0327711,4.95649,-0.0385165,0.209013,-0.419437,-0.0467988,-0.00177198,0.00924119,2633.53,1,0.0393781,0,0.04475,-0.0324372,-0.0189587,0.00121103,-0.00128949,0.120985,0.118857,0.0946382,0.0925768,4132.82,1930.16,-911.003,0.0223366,0.0133249,-14.0857,3923.95,-1914.59,21.1722,-0.0250789,-7.81883e-05,-15.1047,4346.04,-3263.04,-2.62762,-0.0414808,0.000339619,-12.887,4125.08,-4714.8,-75.8762,-0.113108,0.00282966,-14.0833
2.189,35.5553,0.0322252,4.95654,-0.0413257,-0.262859,-0.173514,-0.0493015,-0.00186787,0.00923975,2633.68,1,0.0392424,0,0.04725,-0.0338564,-0.0203659,0.00120713,-0.00129293,0.121052,0.118781,0.0947042,0.0925119,4138.23,1952.51,-974.391,0.022775,0.0142715,-14.0761,3919.47,-1950.57,-23.8208,-0.0256234,0.000740933,-15.116,4352.17,-3019.31,-54.4848,-0.0372484,0.00141773,-12.9074,4122.73,-4699.01,-79.0423,-0.110836,0.00288063,-14.095
2.199,35.6048,0.0316289,4.95673,-0.0441912,0.264209,-0.474579,-0.0517739,-0.0019626,0.00923833,2633.85,1,0.0394478,0,0.04975,-0.0353329,-0.0218257,0.00120722,-0.00129389,0.121117,0.118706,0.094768,0.0924466,4135.92,1878.34,-925.408,0.0216649,0.0134562,-14.0953,3921.23,-1866.19,22.1611,-0.0244176,-1.97617e-05,-15.0985,4351.23,-3227.84,-4.23851,-0.0407768,0.00046127,-12.9137,4118.03,-4704.43,-82.3415,-0.112593,0.00301795,-14.0783
2.209,35.6543,0.0309811,4.95688,-0.0471131,0.0292884,-0.346361,-0.0547992,-0.00205538,0.00923673,2633.93,1,0.039369,0,0.05225,-0.0366765,-0.0231662,0.00120043,-0.00129935,0.121179,0.118633,0.0948292,0.0923855,4141.07,1897.81,-980.251,0.0220406,0.0142658,-14.0866,3916.37,-1893.78,-21.1788,-0.0248387,0.00075128,-15.1079,4357.08,-3166.5,-31.0482,-0.0396318,0.00116247,-12.9079,4114.61,-4692.93,-94.5251,-0.111325,0.00335529,-14.0865
2.219,35.7038,0.0302809,4.95703,-0.0498221,0.122737,-0.292102,-0.0568566,-0.00214726,0.00923512,2634.13,1,0.0394184,0,0.05475,-0.0381792,-0.0246467,0.00120105,-0.00129965,0.121241,0.118561,0.0948906,0.0923227,4142.74,1926.56,-991.012,0.0224604,0.0143887,-14.1044,3914.8,-1919.42,-16.1153,-0.0252158,0.000731608,-15.0923,4359.92,-3213.95,-31.2935,-0.0404119,0.00116862,-12.9108,4111.11,-4697.03,-97.3067,-0.112666,0.0034714,-14.067
2.229,35.7533,0.0295266,4.95708,-0.0525833,0.182509,-0.296429,-0.0591048,-0.00223799,0.00923343,2634.32,1,0.0394978,0,0.05725,-0.039659,-0.0261065,0.00120159,-0.00130003,0.121303,0.118489,0.094951,0.0922622,4143.02,1950.05,-977.237,0.0227544,0.0141261,-14.1187,3914.49,-1932.54,3.06145,-0.025408,0.000478829,-15.08,4362.57,-3194,-28.6173,-0.0400267,0.00113287,-12.9291,4106.94,-4688.18,-102.858,-0.111918,0.00361937,-14.0749
2.239,35.8028,0.028717,4.9571,-0.0554367,-0.0385889,-0.150824,-0.0617388,-0.00232729,0.00923162,2634.47,1,0.0394694,0,0.05975,-0.0410687,-0.0275042,0.00119715,-0.00130364,0.121362,0.118418,0.09501,0.0922039,4148.09,1956.9,-1034.86,0.0229821,0.0149836,-14.1153,3910.16,-1947.73,-38.3704,-0.0256555,0.00118925,-15.085,4367.26,-3007.94,-82.8589,-0.0368797,0.00172662,-12.9553,4102.82,-4671.94,-111.975,-0.110024,0.00383881,-14.092
2.249,35.8524,0.0278504,4.9572,-0.0584878,0.262402,-0.550021,-0.065011,-0.00241652,0.00922974,2634.68,1,0.0396221,0,0.06225,-0.0424805,-0.0289047,0.00119162,-0.00130855,0.121419,0.118348,0.0950677,0.0921456,4147.52,1900.37,-1000.69,0.022126,0.014398,-14.1323,3910.2,-1890.77,-5.10542,-0.0248455,0.000668467,-15.0701,4368.13,-3044.86,-45.6833,-0.037456,0.00131971,-12.9843,4098.65,-4657.31,-108.926,-0.108403,0.00370943,-14.1084
2.259,35.9019,0.0269256,4.95738,-0.0612202,0.153334,-0.267281,-0.0673382,-0.00250524,0.00922783,2634.85,1,0.0395781,0,0.06475,-0.0439175,-0.0303256,0.00118946,-0.00131078,0.121476,0.118278,0.0951244,0.0920865,4152.97,1893.32,-1061.79,0.0221713,0.0153101,-14.1339,3905.51,-1893.45,-38.2697,-0.0249156,0.00123223,-15.0702,4373.26,-3036.19,-85.5387,-0.0372591,0.00175688,-12.9746,4094.92,-4664.15,-120.344,-0.110146,0.0040879,-14.0829
2.269,35.9514,0.025941,4.95741,-0.0641189,0.160134,-0.277294,-0.0700433,-0.00259393,0.00922578,2635.1,1,0.0396458,0,0.06725,-0.0453679,-0.0317578,0.00118729,-0.00131301,0.121533,0.118208,0.0951811,0.0920294,4154.28,1834.71,-1040.02,0.0213185,0.0149225,-14.1225,3903.52,-1817.3,-36.2425,-0.0238547,0.00118141,-15.0841,4377.24,-3075.44,-85.1703,-0.0378458,0.00175355,-12.9744,4090.33,-4640.6,-137.332,-0.107463,0.00449403,-14.116
2.279,36.0009,0.0248955,4.95755,-0.0670026,0.201342,-0.391761,-0.0726729,-0.00268207,0.00922366,2635.27,1,0.0396743,0,0.06975,-0.0468003,-0.0331733,0.00118407,-0.00131653,0.121589,0.118137,0.0952369,0.0919717,4155.41,1880.31,-1052.59,0.0219734,0.0150711,-14.1415,3902.51,-1869.03,-33.7604,-0.0245907,0.00122722,-15.0669,4380.56,-3085.02,-105.071,-0.0379655,0.00198537,-12.9793,4085.61,-4635.48,-134.312,-0.107393,0.00440993,-14.1124
2.289,36.0504,0.0237884,4.95765,-0.0699549,0.20268,-0.580478,-0.0756053,-0.00276888,0.00922143,2635.5,1,0.0397041,0,0.07225,-0.0482439,-0.0345996,0.00117935,-0.00131757,0.121644,0.118068,0.095293,0.0919152,4156.74,1891.16,-1057.62,0.0221376,0.0151017,-14.1583,3901.14,-1886.32,-22.002,-0.0248485,0.00110174,-15.0527,4383.42,-3036.3,-104.376,-0.0371374,0.0019752,-13.0001,4082.75,-4621.86,-133.672,-0.105902,0.00434699,-14.116
2.299,36.0999,0.022618,4.95779,-0.0728931,0.330842,-0.737842,-0.0784935,-0.00285491,0.00921916,2635.69,1,0.0397733,0,0.07475,-0.0497134,-0.0360454,0.00117986,-0.0013206,0.121699,0.117998,0.0953484,0.0918585,4157.86,1800.05,-1048.98,0.0208897,0.014931,-14.1588,3899.94,-1802.44,-7.08025,-0.0236775,0.000840067,-15.0543,4385.66,-3133.21,-90.2052,-0.0386896,0.001811,-13.0013,4079.42,-4612.92,-134.346,-0.10517,0.00434475,-14.1163
2.309,36.1495,0.0213829,4.95792,-0.0756473,0.362153,-0.581597,-0.08074,-0.00294026,0.00921685,2635.96,1,0.0398064,0,0.07725,-0.051168,-0.0374789,0.00117943,-0.0013241,0.121752,0.117929,0.0954027,0.0918016,4160.47,1819.61,-1064.79,0.0211886,0.0151296,-14.1652,3897.82,-1809.13,-14.1213,-0.0237842,0.000995015,-15.0505,4389.41,-3190.24,-104.412,-0.0396034,0.00197733,-12.9943,4075.32,-4615.95,-143.698,-0.106226,0.00464186,-14.1039
2.319,36.199,0.0200819,4.95801,-0.0784538,0.305134,-0.508458,-0.083131,-0.00302461,0.00921435,2636.08,1,0.0398169,0,0.07975,-0.0526082,-0.0388981,0.00117612,-0.00132503,0.121805,0.117859,0.0954562,0.0917464,4163.16,1928.24,-1095.2,0.0227438,0.0155453,-14.1901,3895.74,-1923.65,-18.3973,-0.0254249,0.00120801,-15.0269,4393.71,-3154.59,-126.129,-0.0389512,0.00224343,-12.9997,4071.23,-4606.72,-153.044,-0.105633,0.00488454,-14.109
2.329,36.2485,0.0187139,4.95805,-0.0813144,0.244674,-0.374046,-0.0857025,-0.00310811,0.00921171,2636.33,1,0.0398479,0,0.08225,-0.0540587,-0.0403256,0.00117446,-0.00132648,0.121857,0.117789,0.0955099,0.0916918,4166.8,1911.99,-1125.17,0.0225994,0.0159711,-14.1865,3891.98,-1908.69,-48.4142,-0.0252329,0.00170831,-15.0331,4397.49,-3155.4,-152.492,-0.0389264,0.00259034,-12.9993,4066.78,-4586.17,-162.295,-0.103662,0.00507193,-14.1319
2.339,36.298,0.0172772,4.95812,-0.0842633,0.260836,-0.613289,-0.0885692,-0.00319157,0.00920895,2636.58,1,0.0398926,0,0.08475,-0.0555211,-0.0417632,0.00117228,-0.00132866,0.121907,0.117721,0.0955635,0.091637,4167.21,1842.21,-1109.02,0.0216105,0.0156796,-14.1921,3891.68,-1840.25,-25.9663,-0.0242635,0.00133222,-15.0303,4400.57,-3134.52,-150.171,-0.0385361,0.00255811,-13.014,4063.14,-4570.22,-163.108,-0.102191,0.00504247,-14.1386
2.349,36.3475,0.0157704,4.95823,-0.0870395,0.0159598,-0.359389,-0.0908982,-0.00327487,0.00920606,2636.84,1,0.0398213,0,0.08725,-0.0569797,-0.0431951,0.00117139,-0.00133019,0.121957,0.117651,0.0956166,0.0915819,4172.43,1860.53,-1160.84,0.0219939,0.0164444,-14.1922,3887.4,-1871.24,-62.711,-0.0247275,0.00198025,-15.0326,4406.11,-3027.02,-197.28,-0.0367522,0.00322148,-13.0165,4059.62,-4570.41,-171.685,-0.102725,0.0052973,-14.1227
2.359,36.3971,0.0141922,4.95843,-0.0900212,0.108526,-0.516395,-0.0938171,-0.00335781,0.00920303,2637.09,1,0.0398511,0,0.08975,-0.0584052,-0.0445976,0.00116503,-0.00133467,0.122005,0.117582,0.0956679,0.0915276,4173.97,1816.5,-1159.51,0.0213966,0.016384,-14.1935,3886.33,-1828.28,-57.2074,-0.0241245,0.00189013,-15.034,4409.75,-3102.33,-204.636,-0.0379218,0.00332623,-13.0124,4056.35,-4576.93,-169.012,-0.103911,0.00527262,-14.1002
2.369,36.4466,0.0125414,4.9585,-0.0929513,0.0528956,-0.581956,-0.0965612,-0.00344075,0.00919981,2637.29,1,0.0398705,0,0.09225,-0.0598634,-0.0460266,0.00116871,-0.00133368,0.122054,0.117513,0.0957211,0.0914736,4175.66,1813.11,-1170.92,0.0213887,0.0165177,-14.2006,3884.62,-1823.96,-55.6602,-0.0240752,0.00190414,-15.0289,4412.54,-3002.18,-204.79,-0.0362866,0.00332768,-13.0415,4053.43,-4567.63,-174.355,-0.103185,0.00539224,-14.0955
2.379,36.4961,0.0108168,4.95854,-0.0957192,0.303146,-0.501896,-0.0987146,-0.00352317,0.00919653,2637.62,1,0.0400257,0,0.09475,-0.0613436,-0.0474793,0.00116319,-0.00133906,0.122102,0.117443,0.0957726,0.0914199,4176.78,1817.67,-1164.69,0.0214346,0.016373,-14.2156,3883.36,-1809.17,-37.4843,-0.02388,0.00164405,-15.0175,4415.24,-3123.23,-190.775,-0.0381812,0.0031225,-13.0396,4048.08,-4567.46,-186.393,-0.103967,0.00575522,-14.0979
2.389,36.5456,0.0090173,4.95863,-0.0985256,0.253195,-0.429933,-0.101083,-0.00360496,0.009193,2637.82,1,0.0400361,0,0.09725,-0.0628023,-0.0489081,0.00116293,-0.00133917,0.12215,0.117372,0.0958244,0.0913662,4179.71,1847.17,-1196.78,0.0219291,0.0168266,-14.224,3880.52,-1841.01,-63.9964,-0.0243435,0.00213596,-15.0112,4418.76,-3126.02,-204.416,-0.0381907,0.00331874,-13.0422,4044.2,-4560.63,-192.609,-0.10368,0.00591702,-14.0933
2.399,36.5951,0.00714147,4.95911,-0.101751,0.521413,-1.07545,-0.105168,-0.00368591,0.00918922,2637.99,1,0.0400184,0,0.09975,-0.0642402,-0.0503188,0.00115786,-0.00134249,0.122196,0.117302,0.0958748,0.0913122,4178.48,1588.99,-1151.77,0.0184087,0.0161595,-14.2149,3881.69,-1624.66,-26.0601,-0.0213383,0.00134462,-15.0221,4419.72,-3411.38,-165.219,-0.0431012,0.00275232,-13.0114,4044.38,-4569.48,-171.613,-0.104556,0.00537698,-14.0473
2.409,36.6446,0.00518839,4.95917,-0.104481,0.408027,-0.773404,-0.107242,-0.00376603,0.00918522,2638.19,1,0.0400213,0,0.10225,-0.0656906,-0.0517377,0.00115669,-0.00134416,0.122239,0.117232,0.0959259,0.0912595,4182.65,1583.59,-1188.4,0.0184325,0.0166902,-14.2054,3878.42,-1612.89,-48.9434,-0.0211891,0.00171879,-15.0338,4425.63,-3369.19,-204.818,-0.0422694,0.00332028,-13.0108,4040.48,-4584.65,-188.522,-0.107333,0.00595984,-14.0202
2.419,36.6941,0.00315608,4.95917,-0.107236,0.295739,-0.551414,-0.109311,-0.00384634,0.009181,2638.43,1,0.0400449,0,0.10475,-0.0671549,-0.0531696,0.00115476,-0.00134707,0.122284,0.117161,0.0959764,0.0912071,4185.99,1604.69,-1217.16,0.0187836,0.0170897,-14.2041,3875.33,-1621.16,-64.2227,-0.0213145,0.00199947,-15.0379,4430.32,-3303.52,-234.83,-0.0410599,0.00376579,-13.0165,4035.33,-4577.92,-202.928,-0.10731,0.0063653,-14.0252
2.429,36.7436,0.00104312,4.95922,-0.110102,0.229014,-0.419507,-0.11194,-0.00392693,0.00917663,2638.74,1,0.0400732,0,0.10725,-0.0685893,-0.0545759,0.0011526,-0.00134971,0.122328,0.117091,0.0960267,0.0911545,4189.88,1706.14,-1266.77,0.0202584,0.017789,-14.2232,3871.81,-1719.69,-84.3708,-0.0226875,0.00247055,-15.0217,4433.74,-3241.22,-249.289,-0.0399502,0.0039802,-13.0332,4031.76,-4564.8,-216.898,-0.106177,0.00670357,-14.03
2.439,36.7932,-0.00115174,4.95931,-0.112993,0.291559,-0.422911,-0.114301,-0.00400796,0.00917204,2638.95,1,0.0401289,0,0.10975,-0.0700716,-0.0560202,0.00115202,-0.00135059,0.122372,0.117019,0.096078,0.0911019,4192.09,1657.81,-1271.39,0.0196372,0.0178343,-14.226,3869.68,-1674.68,-81.8483,-0.0220772,0.00241322,-15.021,4437.09,-3284.23,-253.887,-0.0406457,0.00404964,-13.0364,4027.56,-4561.56,-213.201,-0.106276,0.00661075,-14.0266
2.449,36.8427,-0.00342953,4.95945,-0.115996,0.426846,-0.75224,-0.117264,-0.00408872,0.00916733,2639.24,1,0.0401933,0,0.11225,-0.0715543,-0.0574643,0.00114988,-0.00135263,0.122415,0.116947,0.0961283,0.0910492,4191.14,1580.61,-1240.61,0.0185576,0.0173414,-14.2345,3870.03,-1609.36,-57.5963,-0.0211854,0.0019933,-15.0158,4439.31,-3329.32,-237.405,-0.0413836,0.00380003,-13.0444,4024.59,-4557.84,-208.948,-0.106131,0.0064901,-14.0145
2.459,36.8922,-0.00579137,4.95953,-0.118908,0.179949,-0.621462,-0.11987,-0.00416861,0.00916248,2639.55,1,0.0401339,0,0.11475,-0.072948,-0.058833,0.00114479,-0.00135666,0.122455,0.116875,0.0961783,0.0909978,4196.43,1706.11,-1306.48,0.0203941,0.0182821,-14.2495,3865.78,-1731.42,-88.6482,-0.0228863,0.00267162,-15.0041,4445.34,-3214.58,-280.605,-0.0393736,0.00444675,-13.0493,4021.43,-4552.65,-215.039,-0.105947,0.00665305,-14.0082
2.469,36.9417,-0.00823906,4.95958,-0.121818,0.422211,-0.613414,-0.122444,-0.00424913,0.00915747,2639.78,1,0.0402787,0,0.11725,-0.0744383,-0.0602804,0.00114309,-0.00135764,0.122497,0.116802,0.0962284,0.0909453,4198.06,1582.53,-1291.52,0.0187304,0.0180532,-14.242,3864.04,-1604.51,-78.4826,-0.0211462,0.00238283,-15.0141,4447.25,-3311.51,-267.637,-0.0409877,0.0042541,-13.0544,4016.46,-4544.59,-224.324,-0.105672,0.00690182,-14.0163
2.479,36.9912,-0.010774,4.95973,-0.124807,0.422802,-0.837595,-0.12537,-0.00433002,0.0091522,2640.13,1,0.0402878,0,0.11975,-0.0758973,-0.0617015,0.00114133,-0.00136053,0.122537,0.116728,0.0962793,0.0908928,4198.79,1493.14,-1279.91,0.0175581,0.0178758,-14.245,3863.49,-1533.71,-66.549,-0.0201917,0.00214124,-15.0153,4448.14,-3339.88,-276.402,-0.0414829,0.00438974,-13.0566,4011.62,-4543.11,-215.073,-0.106023,0.00666801,-13.9948
2.489,37.0407,-0.0133969,4.95974,-0.127569,0.324452,-0.570026,-0.127456,-0.00441017,0.00914678,2640.38,1,0.040314,0,0.12225,-0.0773423,-0.0631094,0.00113988,-0.0013639,0.122576,0.116654,0.0963294,0.0908402,4203.35,1573,-1332.29,0.0187394,0.0186161,-14.2523,3859.63,-1600.15,-94.4952,-0.0211037,0.00269811,-15.01,4455.15,-3231.06,-289.943,-0.0395262,0.00458393,-13.0757,4009.44,-4548.61,-239.872,-0.107441,0.00742686,-13.9798
2.499,37.0901,-0.0161092,4.95987,-0.130578,0.1635,-0.697768,-0.130422,-0.00448996,0.00914113,2640.71,1,0.0402604,0,0.12475,-0.0788264,-0.0645484,0.00113807,-0.00136378,0.122616,0.116579,0.096379,0.0907873,4205.38,1552.07,-1345.64,0.018518,0.0187941,-14.2574,3858.13,-1592.6,-98.2325,-0.0210058,0.00278327,-15.0085,4458.58,-3154.15,-313.364,-0.038238,0.0049311,-13.0868,4007.47,-4537.12,-230.847,-0.106002,0.0071077,-13.9735
2.509,37.1396,-0.0189122,4.95988,-0.133386,0.139545,-0.54301,-0.132607,-0.00456934,0.00913528,2640.99,1,0.0403178,0,0.12725,-0.0803063,-0.0659843,0.00113759,-0.00136574,0.122654,0.116505,0.0964289,0.0907354,4208.29,1611.55,-1370.53,0.0193745,0.0191154,-14.2736,3855.07,-1651.87,-102.108,-0.0218372,0.00296528,-14.9955,4462.59,-3183.18,-325.838,-0.0386759,0.00512221,-13.084,4002.98,-4525.12,-241.234,-0.105163,0.00735662,-13.9845
2.519,37.1891,-0.0218072,4.9598,-0.136105,0.228659,-0.404334,-0.134446,-0.00464884,0.00912924,2641.37,1,0.0404549,0,0.12975,-0.0818299,-0.0674564,0.00114201,-0.00136332,0.122693,0.116429,0.0964798,0.0906827,4210.2,1657.94,-1377.7,0.0200131,0.0191616,-14.294,3853.75,-1683.37,-91.24,-0.0222854,0.00287925,-14.9792,4464.97,-3181.4,-321.03,-0.0386087,0.00504644,-13.1027,3997.95,-4512.87,-249.845,-0.104366,0.00755693,-13.9993
2.529,37.2386,-0.0247956,4.9599,-0.139272,0.452754,-0.748797,-0.138162,-0.00472715,0.00912297,2641.71,1,0.0405705,0,0.13225,-0.0832269,-0.0688203,0.00113161,-0.00137143,0.122729,0.116355,0.0965279,0.0906329,4210.59,1596.14,-1371.87,0.019197,0.0190591,-14.3019,3852.02,-1629.73,-78.9505,-0.0215576,0.00264678,-14.9751,4466.03,-3258.01,-313.736,-0.0398601,0.00494267,-13.1063,3992.6,-4487.11,-253.33,-0.101947,0.00752828,-14.0255
2.539,37.2881,-0.0278785,4.96002,-0.142177,0.29247,-0.723855,-0.140797,-0.00480559,0.00911656,2641.97,1,0.0405221,0,0.13475,-0.0846819,-0.0702304,0.00112839,-0.00137428,0.122764,0.116278,0.0965761,0.0905807,4213.98,1582.66,-1393.46,0.0190935,0.0193643,-14.3022,3850,-1621.4,-90.0338,-0.0214482,0.00284382,-14.9774,4471.91,-3227.61,-338.797,-0.0393033,0.00531947,-13.101,3990.36,-4489.33,-260.865,-0.102581,0.00776877,-14.0074
2.549,37.3375,-0.0310573,4.95999,-0.145119,0.325883,-0.78604,-0.143259,-0.00488388,0.00910995,2642.32,1,0.0406161,0,0.13725,-0.0861212,-0.0716281,0.00112579,-0.0013773,0.122798,0.116202,0.0966247,0.0905294,4213.93,1660.26,-1386.63,0.0201021,0.0191696,-14.3171,3849.28,-1673.63,-66.6286,-0.0221852,0.00259547,-14.9663,4475.02,-3180.63,-346.66,-0.0384982,0.00543061,-13.1174,3985.1,-4484.81,-274.356,-0.102874,0.00815722,-14.0114
2.559,37.387,-0.0343332,4.96012,-0.148017,0.370479,-0.7677,-0.145977,-0.00496217,0.00910298,2642.57,1,0.0406484,0,0.13975,-0.0876016,-0.073058,0.00112512,-0.00137821,0.122833,0.116124,0.0966741,0.0904776,4217.79,1550.03,-1415.27,0.0187588,0.0196451,-14.3152,3846,-1591.35,-87.3556,-0.0210578,0.00282989,-14.9709,4477.68,-3216.88,-344.942,-0.039056,0.00540727,-13.1233,3982.83,-4477.99,-272.235,-0.102312,0.0080703,-14.0018
2.569,37.4365,-0.0377074,4.96014,-0.150907,0.445661,-0.795862,-0.14849,-0.00504019,0.00909587,2642.94,1,0.0407395,0,0.14225,-0.0890688,-0.0744732,0.00112431,-0.00137328,0.122866,0.116047,0.0967226,0.0904264,4219.58,1605.17,-1431.61,0.0195426,0.0198295,-14.3348,3844.23,-1638.18,-80.4942,-0.0217162,0.00283283,-14.9554,4480.24,-3219.58,-341.853,-0.0390618,0.00535788,-13.1367,3978.88,-4468.6,-276.234,-0.101745,0.00815057,-14.005
2.579,37.4859,-0.041181,4.96015,-0.153735,0.280722,-0.664498,-0.15086,-0.00511763,0.0090885,2643.28,1,0.0407375,0,0.14475,-0.0905482,-0.0759034,0.00112126,-0.00138251,0.122898,0.115969,0.0967712,0.0903757,4222.8,1639.12,-1459.64,0.020092,0.0202128,-14.344,3841.51,-1676.26,-89.8168,-0.0222568,0.00307776,-14.9499,4485.4,-3144.94,-378.757,-0.037832,0.00590709,-13.1397,3974.72,-4456.17,-287.447,-0.100969,0.00841124,-14.0122
2.589,37.5354,-0.0447556,4.96016,-0.156709,0.443668,-0.821717,-0.153808,-0.00519501,0.00908087,2643.64,1,0.0408614,0,0.14725,-0.0920383,-0.0773377,0.00111949,-0.0013832,0.12293,0.115891,0.0968196,0.0903246,4223.93,1565.97,-1456.06,0.0191306,0.0201562,-14.3472,3840.29,-1601.71,-82.1984,-0.0212325,0.0028755,-14.9505,4486.72,-3148.41,-362.302,-0.0378464,0.00565418,-13.1642,3971.12,-4434.55,-291.759,-0.0990754,0.00841571,-14.0274
2.599,37.5848,-0.0484327,4.96048,-0.15975,0.588573,-1.06072,-0.156982,-0.00527298,0.009073,2643.92,1,0.0408555,0,0.14975,-0.09356,-0.0787976,0.00111659,-0.00139027,0.122961,0.115811,0.0968669,0.0902729,4224.69,1430.53,-1441.23,0.0173491,0.0199727,-14.3452,3839.41,-1489.66,-71.4751,-0.0197144,0.00256498,-14.9555,4489.29,-3360.09,-346.17,-0.0413274,0.00543925,-13.1362,3969.39,-4440.36,-281.69,-0.0997592,0.00819239,-13.996
2.609,37.6343,-0.0522134,4.96042,-0.162282,0.00521032,-0.393713,-0.158018,-0.00535165,0.00906489,2644.24,1,0.0407223,0,0.15225,-0.0951006,-0.0802673,0.00112783,-0.0013793,0.122991,0.11573,0.096917,0.0902198,4231.59,1548.87,-1517.95,0.0191339,0.0210678,-14.3436,3834.62,-1600.92,-112.111,-0.0212358,0.00341655,-14.9603,4497.67,-3251.16,-420.866,-0.0394761,0.00656817,-13.1156,3965.44,-4444.17,-299.631,-0.100871,0.00874454,-13.9814
2.619,37.6837,-0.0561002,4.96043,-0.165466,0.438713,-0.671313,-0.161589,-0.0054305,0.00905656,2644.66,1,0.0409553,0,0.15475,-0.0964536,-0.081592,0.00111432,-0.00139212,0.12302,0.115653,0.0969633,0.0901707,4232.45,1547.56,-1512.35,0.0191072,0.0209372,-14.3614,3832.01,-1578.4,-95.6587,-0.0209498,0.00315681,-14.9471,4499.17,-3349.05,-394.909,-0.0410722,0.00618757,-13.1296,3958.83,-4420.46,-313.061,-0.0992179,0.00900645,-14.013
2.629,37.7331,-0.060093,4.96042,-0.168352,0.348739,-0.704489,-0.164061,-0.00551014,0.00904801,2644.97,1,0.0409895,0,0.15725,-0.097971,-0.0830437,0.00111398,-0.00139171,0.123051,0.11557,0.0970125,0.0901195,4234.54,1534.65,-1526.33,0.0190003,0.0211268,-14.3716,3830.35,-1578.63,-91.1259,-0.0209634,0.00312302,-14.9404,4502.83,-3287.73,-408.409,-0.0399961,0.0063783,-13.1444,3954.99,-4397.27,-318.322,-0.0973175,0.00902636,-14.0266
2.639,37.7825,-0.0641934,4.96046,-0.171298,0.358175,-0.643352,-0.166879,-0.00558915,0.00903917,2645.27,1,0.0410454,0,0.15975,-0.0994248,-0.084444,0.00110877,-0.00139904,0.123079,0.115487,0.0970606,0.0900683,4239.19,1467.08,-1554.73,0.018226,0.0215865,-14.359,3827.45,-1504.85,-110.578,-0.0199565,0.00333429,-14.9562,4506.61,-3287.28,-423.944,-0.0399638,0.00661554,-13.1491,3950.65,-4379.6,-332.041,-0.0962132,0.00931645,-14.0378
2.649,37.8319,-0.0684029,4.96045,-0.174256,0.468574,-0.636775,-0.16934,-0.00566855,0.00903014,2645.66,1,0.0411592,0,0.16225,-0.100873,-0.0858358,0.0011084,-0.00139614,0.123107,0.115403,0.0971096,0.0900163,4241.36,1463.29,-1575,0.018263,0.021875,-14.372,3825.15,-1501.33,-114.459,-0.0199171,0.00342334,-14.9473,4509.44,-3290.64,-417.312,-0.0399691,0.00651006,-13.1653,3946.3,-4370.61,-337.243,-0.0958549,0.00943398,-14.0416
2.659,37.8813,-0.0727225,4.96042,-0.177153,0.332074,-0.580031,-0.171972,-0.00574758,0.00902096,2646.06,1,0.041184,0,0.16475,-0.102361,-0.0872613,0.00110677,-0.00139911,0.123134,0.115319,0.0971574,0.0899641,4243.99,1484.92,-1595.69,0.0186304,0.0221501,-14.3798,3823.24,-1522.84,-112.503,-0.0202201,0.00346551,-14.9439,4514.62,-3241.88,-436.461,-0.0391211,0.00678781,-13.1718,3943.08,-4338.29,-358.327,-0.0934965,0.00981357,-14.0635
2.669,37.9307,-0.077154,4.96053,-0.180047,0.186728,-0.438047,-0.173902,-0.00582743,0.0090115,2646.29,1,0.0411495,0,0.16725,-0.103882,-0.088709,0.00111056,-0.00139657,0.123162,0.115233,0.0972075,0.0899103,4248.33,1526.12,-1625.26,0.0192837,0.0225516,-14.3864,3819.76,-1568.08,-124.079,-0.0208532,0.0037655,-14.9395,4518.2,-3235.18,-457.956,-0.0390035,0.00711459,-13.1688,3939.04,-4357.12,-349.335,-0.095457,0.0097311,-14.0279
2.679,37.9801,-0.0816989,4.96058,-0.183254,0.12547,-0.745177,-0.177333,-0.00590698,0.00900188,2646.77,1,0.0411671,0,0.16975,-0.105312,-0.0900878,0.00110221,-0.00140289,0.123188,0.115149,0.097255,0.08986,4249.1,1538.5,-1632.62,0.0194941,0.0226196,-14.4032,3818.62,-1594.27,-112.672,-0.0212267,0.00367233,-14.9283,4522.58,-3146.6,-480.015,-0.0375591,0.00742192,-13.1782,3935.28,-4320.91,-350.989,-0.0926051,0.0095753,-14.0514
2.689,38.0295,-0.0863579,4.96061,-0.186272,0.544154,-0.841659,-0.179947,-0.00598675,0.00899209,2647.18,1,0.0413911,0,0.17225,-0.106761,-0.0914782,0.00110248,-0.00140996,0.123213,0.115063,0.0973035,0.0898077,4249.45,1528.72,-1620.29,0.019331,0.0223825,-14.4273,3817.49,-1582.58,-83.4344,-0.0210901,0.00322795,-14.9085,4523.58,-3337.7,-442.121,-0.0406155,0.00689372,-13.18,3930.09,-4315.63,-352.027,-0.0926237,0.00961169,-14.0585
2.699,38.0789,-0.0911325,4.96075,-0.189292,0.601951,-1.06636,-0.182738,-0.0060663,0.00898203,2647.41,1,0.0414217,0,0.17475,-0.108264,-0.0929097,0.00109737,-0.00141031,0.123238,0.114975,0.0973517,0.0897545,4249.53,1432.32,-1588.21,0.0179707,0.0218996,-14.4276,3817.43,-1498.66,-60.8369,-0.0199528,0.0027547,-14.9109,4526.69,-3430.72,-434.185,-0.0421727,0.00679538,-13.1699,3926.91,-4316.51,-353.509,-0.0929992,0.00968196,-14.0423
2.709,38.1282,-0.0960236,4.96073,-0.192099,0.472191,-0.71454,-0.184845,-0.00614522,0.00897166,2647.84,1,0.0414506,0,0.17725,-0.109735,-0.0943137,0.00109708,-0.00141019,0.123262,0.114887,0.0974007,0.0897028,4255.64,1528.04,-1668.49,0.0195317,0.0230793,-14.4413,3812.52,-1589.98,-100.808,-0.0212064,0.00358711,-14.9016,4530.48,-3337.91,-462.051,-0.0405617,0.00719654,-13.1828,3922.61,-4308.79,-370.291,-0.0929323,0.0101128,-14.0417
2.719,38.1776,-0.101032,4.96083,-0.195248,0.577664,-1.17901,-0.18789,-0.00622348,0.00896114,2648.29,1,0.0415084,0,0.17975,-0.111302,-0.0957937,0.00109791,-0.00140941,0.123287,0.114798,0.0974496,0.0896498,4252.97,1464.86,-1623.94,0.018557,0.0223647,-14.4628,3813.71,-1549.3,-52.7725,-0.0206714,0.00279442,-14.8855,4532.13,-3390.36,-434.548,-0.0413849,0.006781,-13.1957,3921.33,-4275.08,-355.792,-0.0901046,0.00953926,-14.0483
2.729,38.2269,-0.106161,4.96091,-0.198101,0.337987,-0.723132,-0.190052,-0.00630133,0.00895037,2648.57,1,0.041453,0,0.18225,-0.112707,-0.097144,0.00109332,-0.00141219,0.123306,0.114711,0.0974959,0.0895968,4261.21,1478.75,-1699.6,0.0190308,0.0235376,-14.4432,3807.78,-1556.64,-104.622,-0.0207656,0.00365507,-14.9081,4539.5,-3417.34,-493.8,-0.0418744,0.00771332,-13.1595,3916.49,-4311.71,-378.693,-0.0938532,0.0104089,-14.0138
2.739,38.2762,-0.11141,4.96088,-0.201091,0.235519,-0.768124,-0.192542,-0.00638004,0.00893932,2649.02,1,0.0414892,0,0.18475,-0.114211,-0.098571,0.00109008,-0.00141649,0.123328,0.114622,0.0975441,0.089545,4262.79,1576.57,-1721.47,0.0204329,0.0237733,-14.4707,3806.08,-1660.61,-98.8277,-0.0222306,0.0038106,-14.8856,4543.32,-3256.18,-510.057,-0.0391194,0.00789742,-13.1942,3913.17,-4294.35,-380.974,-0.0926761,0.0103827,-14.0165
2.749,38.3255,-0.116781,4.9608,-0.203961,0.365645,-0.709626,-0.194618,-0.00645785,0.00892806,2649.51,1,0.0416442,0,0.18725,-0.115724,-0.100006,0.00109178,-0.0014159,0.12335,0.114531,0.0975924,0.089493,4263.93,1623.73,-1732.35,0.0211293,0.0238712,-14.4946,3804.01,-1694.14,-85.3436,-0.0227283,0.00370564,-14.8671,4544.95,-3293.27,-496.811,-0.0396821,0.00770353,-13.2072,3907.98,-4280.91,-389.838,-0.092112,0.0105744,-14.027
2.759,38.3748,-0.122274,4.96085,-0.207,0.334009,-0.802231,-0.197483,-0.00653516,0.00891658,2649.88,1,0.0416753,0,0.18975,-0.117209,-0.101416,0.00108969,-0.00141829,0.123369,0.114441,0.0976405,0.0894408,4266.68,1532.08,-1739.82,0.0199467,0.0240206,-14.4924,3802.01,-1623.94,-88.6104,-0.0217446,0.00365045,-14.8733,4547.5,-3254.74,-511.209,-0.0390429,0.0079088,-13.2167,3904.29,-4266.07,-391.534,-0.0912284,0.0105545,-14.0269
2.769,38.4241,-0.127892,4.96094,-0.210237,0.339124,-1.28824,-0.201066,-0.00661193,0.0089048,2650.34,1,0.0416963,0,0.19225,-0.118626,-0.102771,0.0010845,-0.00142399,0.123386,0.114351,0.0976866,0.0893895,4264.91,1458.77,-1707.53,0.0188717,0.0235144,-14.5048,3802.77,-1562.03,-49.6366,-0.0209075,0.00294791,-14.8663,4550.56,-3275.08,-500.946,-0.0393142,0.00775281,-13.2261,3902.96,-4240.92,-383.68,-0.0892619,0.0102049,-14.0241
2.779,38.4734,-0.133635,4.96094,-0.213073,0.415208,-1.01196,-0.203194,-0.00668821,0.00889278,2650.71,1,0.0418018,0,0.19475,-0.120122,-0.104187,0.00108243,-0.00142509,0.123403,0.114259,0.0977334,0.0893374,4270.08,1469.59,-1757.03,0.0192277,0.0242722,-14.4972,3799.65,-1552.27,-79.9644,-0.0207614,0.00343826,-14.878,4553.61,-3206.9,-522.166,-0.0382111,0.00805143,-13.2452,3898.51,-4266.48,-396.504,-0.091819,0.0107386,-14.0052
2.789,38.5227,-0.139505,4.96089,-0.215943,0.561898,-0.929078,-0.205595,-0.00676474,0.00888047,2651.07,1,0.0419434,0,0.19725,-0.121682,-0.105652,0.0010824,-0.0014265,0.12342,0.114167,0.0977814,0.0892864,4272,1395.32,-1760.2,0.0182856,0.0243528,-14.4973,3797.67,-1475.97,-76.3112,-0.0197243,0.00325766,-14.8818,4555.34,-3265.85,-511.278,-0.0391203,0.00790306,-13.2568,3894.03,-4237.24,-406.479,-0.0899713,0.0108492,-14.0274
2.799,38.5719,-0.145503,4.96093,-0.218859,0.279288,-0.804847,-0.208275,-0.00684051,0.00886777,2651.48,1,0.0418795,0,0.19975,-0.123135,-0.107034,0.00108005,-0.00143514,0.123434,0.114074,0.0978268,0.0892354,4276.97,1397.93,-1807.63,0.0185291,0.0250896,-14.492,3794.66,-1482.61,-103.772,-0.0198041,0.00373478,-14.8915,4561.64,-3247.24,-558.742,-0.0388396,0.008623,-13.2328,3889.79,-4220.46,-425.019,-0.0892551,0.0112634,-14.0325
2.809,38.6212,-0.151629,4.96098,-0.222014,0.198127,-1.11858,-0.211589,-0.00691658,0.00885475,2651.95,1,0.0418853,0,0.20225,-0.124657,-0.108466,0.00107984,-0.00143223,0.123448,0.113981,0.0978737,0.0891853,4276.45,1357.42,-1796.86,0.0179831,0.0249123,-14.4986,3794.29,-1448.98,-84.1395,-0.0193613,0.0033912,-14.8903,4564.94,-3166.57,-573.722,-0.0375397,0.00881381,-13.2459,3887,-4144.28,-432.251,-0.0841869,0.0110132,-14.0726
2.819,38.6704,-0.157887,4.9608,-0.224726,0.44997,-0.696448,-0.213318,-0.00699331,0.0088415,2652.37,1,0.0421354,0,0.20475,-0.126162,-0.109885,0.00107923,-0.00143057,0.123462,0.113887,0.0979198,0.0891343,4282.89,1363.53,-1844.21,0.0182639,0.0256436,-14.5111,3789.22,-1440.15,-96.073,-0.0192576,0.00359162,-14.8824,4567.39,-3375.39,-551.796,-0.0408805,0.00856519,-13.2347,3880.12,-4121.72,-457.895,-0.0834799,0.0115839,-14.1035
2.829,38.7196,-0.164276,4.96062,-0.227632,0.492722,-0.857653,-0.215794,-0.00707025,0.00882782,2652.81,1,0.0422784,0,0.20725,-0.127721,-0.111342,0.00108174,-0.00143004,0.123476,0.113791,0.0979686,0.0890836,4280.29,1287.61,-1804.94,0.0171464,0.0250388,-14.5178,3789.96,-1369.12,-68.9574,-0.0183148,0.00304965,-14.8803,4568.95,-3290.26,-543.751,-0.0394113,0.0083977,-13.2735,3875.56,-4060.11,-468.042,-0.0801478,0.0115327,-14.1396
2.839,38.7688,-0.170798,4.9607,-0.230802,0.615406,-1.08019,-0.219647,-0.00714535,0.00881389,2653.26,1,0.0423605,0,0.20975,-0.129087,-0.112659,0.00106835,-0.00143408,0.123485,0.113698,0.0980122,0.0890341,4283.46,1165.92,-1817.26,0.0156619,0.0253447,-14.5029,3787.92,-1244.73,-88.017,-0.0166423,0.00311295,-14.9002,4571.99,-3317.27,-557.96,-0.0398513,0.00862642,-13.2718,3871.13,-3998.54,-488.363,-0.0772172,0.011744,-14.172
2.849,38.8179,-0.177454,4.96061,-0.233535,0.48323,-0.77326,-0.221549,-0.00722114,0.00879971,2653.64,1,0.042418,0,0.21225,-0.130654,-0.114116,0.00107318,-0.00143727,0.123496,0.1136,0.0980588,0.0889834,4288.02,1222.35,-1864.95,0.0165864,0.0260246,-14.5089,3784.5,-1288.54,-103.165,-0.0172215,0.00346942,-14.8984,4576.12,-3340.12,-587.118,-0.0402492,0.00908738,-13.2648,3866.24,-3956.55,-503.879,-0.0754685,0.0119437,-14.1957
2.859,38.8671,-0.184244,4.96049,-0.236634,0.632281,-1.04873,-0.22494,-0.00729612,0.0087852,2654.1,1,0.0425799,0,0.21475,-0.132101,-0.115485,0.00106843,-0.00144044,0.123505,0.113504,0.0981049,0.0889346,4287.76,1133.44,-1841.03,0.0153831,0.0257014,-14.5116,3783.87,-1203.95,-79.7777,-0.0161273,0.00295478,-14.9009,4578,-3312.12,-575.882,-0.0397275,0.00889403,-13.2881,3861.41,-3837.64,-533.813,-0.0704427,0.0121337,-14.255
2.869,38.9162,-0.191171,4.96043,-0.239409,0.410101,-0.835173,-0.227156,-0.00737125,0.00877048,2654.53,1,0.0425846,0,0.21725,-0.133681,-0.116954,0.00107213,-0.00143952,0.123514,0.113406,0.0981514,0.0888835,4291.87,1089.66,-1877.53,0.0149934,0.0263227,-14.5089,3781.18,-1162.51,-98.5215,-0.0155708,0.00318292,-14.9083,4582.59,-3300.19,-608.085,-0.03955,0.00938315,-13.2774,3857.13,-3783.08,-554.302,-0.0685014,0.0123964,-14.2756
2.879,38.9654,-0.198236,4.96036,-0.242453,0.569553,-0.987379,-0.230352,-0.00744633,0.00875543,2654.95,1,0.0427364,0,0.21975,-0.135158,-0.118346,0.00106574,-0.00144461,0.12352,0.113308,0.0981964,0.0888348,4291.82,902.16,-1838,0.0125322,0.0259001,-14.4924,3780.71,-983.232,-91.0736,-0.013256,0.00271269,-14.9295,4585.76,-3391.87,-605.84,-0.0410418,0.00939316,-13.2705,3851.61,-3671.3,-581.354,-0.064597,0.0125861,-14.3281
2.889,39.0145,-0.20544,4.96019,-0.245316,0.476908,-0.874971,-0.23303,-0.00752145,0.00874017,2655.43,1,0.0428373,0,0.22225,-0.136625,-0.119724,0.00106411,-0.00144524,0.123526,0.11321,0.0982421,0.0887857,4296.93,937.256,-1891.65,0.0131797,0.026695,-14.4949,3776.82,-989.916,-115.08,-0.013324,0.00311761,-14.9321,4589.21,-3302.39,-633.268,-0.0395638,0.00976647,-13.2899,3846.28,-3516.36,-620.677,-0.0597373,0.0129024,-14.3891
2.899,39.0635,-0.212784,4.96005,-0.248213,0.549799,-0.915336,-0.235741,-0.00759612,0.00872468,2655.93,1,0.0429932,0,0.22475,-0.138141,-0.121142,0.0010644,-0.0014474,0.123533,0.11311,0.0982876,0.0887354,4298.06,903.18,-1889.83,0.0127748,0.0266828,-14.5053,3775.75,-958.627,-102.198,-0.0129394,0.0028748,-14.9274,4591.18,-3299.54,-631.739,-0.0394861,0.00973727,-13.3073,3841.35,-3371.88,-645.198,-0.0556342,0.0129656,-14.4369
2.909,39.1126,-0.220268,4.9599,-0.251235,0.432777,-0.876194,-0.239206,-0.00767005,0.00870881,2656.32,1,0.043064,0,0.22725,-0.139618,-0.122526,0.00105958,-0.00145135,0.123536,0.113011,0.0983334,0.0886883,4302.87,806.367,-1924.13,0.0117256,0.0273625,-14.4852,3772.78,-858.675,-133.577,-0.0116323,0.00316384,-14.9521,4595.79,-3166.02,-677.344,-0.0374034,0.0103626,-13.317,3835.51,-3120.04,-711.759,-0.0494294,0.0135994,-14.5221
2.919,39.1617,-0.227896,4.95987,-0.25424,0.698342,-1.1851,-0.242153,-0.00774489,0.00869278,2656.9,1,0.043235,0,0.22975,-0.141113,-0.123923,0.00105476,-0.00145503,0.123539,0.112911,0.0983778,0.0886385,4301.66,718.767,-1887.49,0.0105521,0.0268743,-14.501,3772.66,-771.908,-96.9498,-0.010582,0.0024374,-14.9425,4597.03,-3322.79,-641.668,-0.0398185,0.00989524,-13.3225,3831.89,-2998.33,-710.803,-0.0465867,0.0132742,-14.5416
2.929,39.2107,-0.235667,4.95984,-0.257116,0.600074,-1.06322,-0.244687,-0.00781977,0.0086764,2657.34,1,0.0432774,0,0.23225,-0.142604,-0.125315,0.0010549,-0.00145618,0.123542,0.112809,0.0984228,0.0885883,4306.27,653.085,-1919.25,0.00988168,0.0274754,-14.4968,3769.38,-717.918,-127.981,-0.00986775,0.00281381,-14.9515,4601.42,-3307.88,-669.558,-0.0395911,0.0103152,-13.3158,3826.98,-2957.69,-734.551,-0.0458659,0.0136562,-14.5529
2.939,39.2597,-0.243583,4.95977,-0.259873,0.556698,-0.949255,-0.246843,-0.00789526,0.00865974,2657.82,1,0.0433561,0,0.23475,-0.144174,-0.126768,0.00105801,-0.00145495,0.123545,0.112705,0.098469,0.0885374,4307.78,619.986,-1915.74,0.00949328,0.0274479,-14.4962,3768.36,-665.044,-116.968,-0.0092205,0.00254841,-14.9574,4604.44,-3341.54,-672.583,-0.0401181,0.0103782,-13.3192,3823.13,-2899.54,-747.791,-0.0446946,0.0137849,-14.5615
2.949,39.3087,-0.251645,4.95979,-0.262984,0.692865,-1.1584,-0.250416,-0.00797008,0.00864279,2658.3,1,0.0434587,0,0.23725,-0.145628,-0.128127,0.00104892,-0.00145961,0.123545,0.112603,0.0985131,0.0884886,4310.29,487.523,-1919.16,0.00792974,0.0277194,-14.482,3766.43,-532.694,-123.712,-0.00756651,0.00238483,-14.9771,4607.4,-3363.84,-681.46,-0.0404778,0.0105265,-13.3248,3819.12,-2756.49,-768.893,-0.0417857,0.0138654,-14.5905
2.959,39.3576,-0.259855,4.95962,-0.265623,0.411458,-0.768536,-0.25199,-0.00804632,0.00862565,2658.8,1,0.0434957,0,0.23975,-0.147222,-0.1296,0.00106028,-0.00145534,0.123548,0.112497,0.0985608,0.0884365,4314.85,454.845,-1951.5,0.00766095,0.0282859,-14.4782,3762.91,-500.02,-153.863,-0.00712131,0.00278705,-14.9864,4612.45,-3279.27,-718.843,-0.0391199,0.0110473,-13.3293,3814.41,-2716.6,-794.666,-0.0411509,0.0142835,-14.6004
2.969,39.4066,-0.268214,4.95956,-0.26863,0.548615,-0.947005,-0.255197,-0.00812191,0.00860823,2659.4,1,0.0436353,0,0.24225,-0.148719,-0.130991,0.00105425,-0.00146011,0.123548,0.112393,0.0986061,0.0883872,4315.87,357.754,-1941.8,0.0064922,0.0282952,-14.4767,3761.7,-385.877,-147.681,-0.00572008,0.00246146,-14.9946,4613.79,-3266.05,-712.528,-0.0388684,0.0109368,-13.3519,3809.61,-2580.48,-815.174,-0.0385845,0.0143864,-14.6236
2.979,39.4555,-0.276722,4.95959,-0.271675,0.635597,-1.02576,-0.258464,-0.00819766,0.00859055,2659.81,1,0.0437177,0,0.24475,-0.150173,-0.132348,0.00104735,-0.00146462,0.123546,0.112288,0.0986501,0.088338,4319.11,215.254,-1946.99,0.00482509,0.0286529,-14.4583,3759.55,-242.045,-157.354,-0.00393838,0.00231447,-15.0178,4617.62,-3356.24,-720.746,-0.0403301,0.0111202,-13.338,3805.23,-2437.72,-843.488,-0.03604,0.0146324,-14.6513
2.989,39.5043,-0.285383,4.95957,-0.274635,0.593246,-1.01632,-0.261225,-0.00827501,0.0085726,2660.31,1,0.0437752,0,0.24725,-0.151695,-0.133757,0.00104549,-0.00146694,0.123544,0.11218,0.0986956,0.0882872,4322.28,82.6606,-1940.08,0.00324941,0.0288065,-14.4454,3757.65,-95.8557,-175.385,-0.00211843,0.00228959,-15.0362,4621.7,-3374.21,-736.542,-0.0406275,0.0113746,-13.3328,3800.35,-2371.15,-862.623,-0.0349525,0.0148722,-14.6632
2.999,39.5532,-0.294196,4.95958,-0.277591,0.724278,-1.19518,-0.264016,-0.00835285,0.00855438,2660.8,1,0.0438796,0,0.24975,-0.153244,-0.135185,0.0010459,-0.00146827,0.123543,0.11207,0.0987422,0.0882351,4321.45,-43.5182,-1904.9,0.00169286,0.0285096,-14.4445,3757.24,27.3977,-163.11,-0.00062915,0.00185039,-15.0424,4623.11,-3486.61,-707.538,-0.0424551,0.0109963,-13.3385,3797.74,-2281.22,-860.821,-0.0333662,0.0146771,-14.6612
3.009,39.602,-0.303163,4.9596,-0.280621,0.716903,-1.24896,-0.267215,-0.00842973,0.0085358,2661.29,1,0.043929,0,0.25225,-0.154713,-0.136552,0.00104245,-0.0014716,0.12354,0.111961,0.098787,0.0881846,4325.47,-222.466,-1905.66,-0.00040811,0.0289404,-14.4202,3754.94,217.589,-192.201,0.00174993,0.001904,-15.0724,4627.56,-3528.79,-730.596,-0.0432215,0.0113904,-13.3213,3792.69,-2186.19,-889.633,-0.0318654,0.0150464,-14.6798
3.019,39.6508,-0.312285,4.95942,-0.283202,0.483587,-0.771461,-0.268544,-0.00850766,0.00851693,2661.76,1,0.0439961,0,0.25475,-0.156308,-0.13801,0.00105211,-0.00146668,0.123539,0.111849,0.098836,0.0881313,4330.75,-289.255,-1938.18,-0.0011127,0.0296319,-14.4035,3751.89,303.673,-225.072,0.00287027,0.00222629,-15.0944,4631.69,-3537,-752.79,-0.0433869,0.0117456,-13.3215,3788.34,-2149.91,-909.398,-0.0313573,0.0153572,-14.6857
3.029,39.6996,-0.321563,4.95943,-0.286457,0.60932,-1.09641,-0.272775,-0.00858353,0.00849754,2662.31,1,0.0440889,0,0.25725,-0.15769,-0.139313,0.0010381,-0.00147769,0.123531,0.111738,0.0988802,0.088083,4334.15,-415.839,-1943.88,-0.00259299,0.0300536,-14.3884,3750.12,450.1,-245.999,0.0047202,0.00224387,-15.1161,4635.47,-3438.66,-780.852,-0.0416887,0.0121005,-13.3381,3783.23,-1944.99,-949.172,-0.0281187,0.0157408,-14.7275
3.039,39.7484,-0.330998,4.95934,-0.28921,0.591632,-0.998559,-0.27469,-0.00866046,0.00847802,2662.86,1,0.0441927,0,0.25975,-0.159326,-0.140797,0.00104166,-0.00147483,0.123529,0.111625,0.0989282,0.08803,4333.89,-488.132,-1925.77,-0.00346417,0.0299545,-14.3967,3748.58,519.735,-240.936,0.00558094,0.00201725,-15.1133,4636.82,-3459.53,-779.516,-0.0420279,0.0120942,-13.3535,3779.83,-1917.96,-939.71,-0.0276871,0.0155411,-14.7179
3.049,39.7971,-0.340591,4.95938,-0.292357,0.533384,-1.04899,-0.27796,-0.00873618,0.00845797,2663.28,1,0.0442108,0,0.26225,-0.160727,-0.14211,0.00103286,-0.00148171,0.123519,0.111513,0.0989726,0.0879796,4340.85,-507.671,-1973.92,-0.00358354,0.030797,-14.3866,3745.02,562.768,-281.633,0.00620504,0.00254225,-15.1286,4642.27,-3321.24,-816.511,-0.0397314,0.0125518,-13.3668,3775.12,-1940.45,-973.143,-0.028198,0.0161971,-14.7179
3.059,39.8458,-0.350345,4.9594,-0.295296,0.740124,-1.22081,-0.280533,-0.00881294,0.00843771,2663.79,1,0.0443457,0,0.26475,-0.162313,-0.143559,0.00103169,-0.0014828,0.123513,0.111399,0.0990191,0.0879273,4337.61,-605.664,-1916.48,-0.00483312,0.0301331,-14.3969,3745.68,614.909,-240.191,0.00677893,0.00179025,-15.1241,4643.18,-3436.56,-781.383,-0.0415425,0.0120889,-13.3777,3773.64,-1920.51,-949.696,-0.0278178,0.0157486,-14.6997
3.069,39.8944,-0.36026,4.95954,-0.29855,1.07877,-1.72149,-0.284468,-0.00888889,0.00841721,2664.42,1,0.0444659,0,0.26725,-0.163807,-0.144939,0.0010274,-0.00148277,0.123504,0.111286,0.0990645,0.0878765,4336.61,-875.926,-1849.5,-0.00819839,0.0298568,-14.3901,3744.76,876.633,-231.033,0.0100719,0.00111039,-15.1381,4643.37,-3634.01,-730.87,-0.0449104,0.0114502,-13.3709,3772.36,-1749.04,-943.851,-0.0250942,0.0153879,-14.7008
3.079,39.9431,-0.370336,4.95939,-0.301187,0.706511,-1.23336,-0.28612,-0.00896516,0.00839634,2664.91,1,0.0444631,0,0.26975,-0.165378,-0.14637,0.00102985,-0.00148347,0.123494,0.111169,0.0991105,0.0878256,4343.94,-955.641,-1884.66,-0.0091153,0.0306923,-14.3583,3742.31,989.863,-267.536,0.0116125,0.00142317,-15.1756,4651.06,-3614.62,-795.657,-0.0446776,0.0124671,-13.3384,3765.22,-1772.06,-987.014,-0.0256299,0.0162144,-14.7155
3.089,39.9917,-0.380577,4.95941,-0.30434,0.818681,-1.44524,-0.289543,-0.00904158,0.00837518,2665.53,1,0.0445534,0,0.27225,-0.166837,-0.147714,0.00102689,-0.00148387,0.123483,0.111053,0.0991558,0.0877747,4345.65,-1080.21,-1871.09,-0.0106588,0.030896,-14.3484,3740.49,1121.16,-283.138,0.0133685,0.00137759,-15.1925,4653.66,-3617.68,-799.17,-0.0447072,0.0125206,-13.3485,3761.89,-1693.32,-1001.87,-0.0244677,0.016374,-14.7195
3.099,40.0402,-0.390981,4.95931,-0.307045,0.68327,-1.19811,-0.29132,-0.00911843,0.00835377,2666.06,1,0.0446227,0,0.27475,-0.168446,-0.149178,0.0010295,-0.00148823,0.123474,0.110935,0.0992028,0.0877219,4347.6,-1166.43,-1862.2,-0.0117254,0.0310597,-14.3426,3738.79,1205.56,-287.518,0.0145054,0.001251,-15.2042,4657.32,-3600.98,-816.799,-0.0444098,0.0127811,-13.3547,3757.93,-1737.79,-1005.3,-0.0252049,0.0165177,-14.7075
3.109,40.0888,-0.401551,4.9593,-0.310069,0.640435,-1.13779,-0.294485,-0.0091936,0.00833192,2666.68,1,0.0446704,0,0.27725,-0.169881,-0.150506,0.00102093,-0.00149696,0.123459,0.110817,0.0992475,0.0876722,4354.96,-1167.24,-1927.34,-0.0116531,0.0321692,-14.3316,3735.69,1246.32,-331.063,0.0151654,0.00181588,-15.2225,4661.32,-3525.99,-851.744,-0.0431218,0.0132598,-13.3629,3753.47,-1706.31,-1036.14,-0.0248336,0.0170401,-14.7138
3.119,40.1373,-0.412289,4.95934,-0.313135,0.727861,-1.32738,-0.297352,-0.00926937,0.00830978,2667.15,1,0.0447475,0,0.27975,-0.171392,-0.151886,0.00101998,-0.00149539,0.123446,0.110699,0.099293,0.0876207,4355.34,-1284.8,-1895.19,-0.0131576,0.0320743,-14.3337,3734.12,1345.71,-326.275,0.0165092,0.00151101,-15.226,4664.25,-3586.45,-842.845,-0.0441404,0.0131717,-13.3606,3750.35,-1715.39,-1035.29,-0.025001,0.0170521,-14.6995
3.129,40.1857,-0.423194,4.95928,-0.31605,0.727116,-1.27015,-0.29978,-0.00934575,0.00828733,2667.67,1,0.0448386,0,0.28225,-0.172978,-0.153325,0.00102005,-0.00149698,0.123432,0.11058,0.0993395,0.0875687,4357.87,-1357.84,-1892.53,-0.0140763,0.0323243,-14.3309,3732.09,1415.72,-325.396,0.0174809,0.00132309,-15.2347,4667.08,-3574.77,-844.893,-0.0438893,0.0131847,-13.377,3747.34,-1693.1,-1040.25,-0.0246901,0.0171192,-14.6932
3.139,40.2341,-0.434269,4.95927,-0.319065,0.658112,-1.2406,-0.302712,-0.00942177,0.00826438,2668.22,1,0.0448835,0,0.28475,-0.174468,-0.154686,0.00101721,-0.00150174,0.123414,0.110458,0.0993848,0.087518,4362.7,-1415.16,-1915,-0.0147886,0.03295,-14.3194,3729.42,1481.83,-356.797,0.0184928,0.00164537,-15.2525,4671.61,-3536.94,-878.378,-0.0432741,0.0136759,-13.3737,3742.6,-1677.71,-1062.86,-0.0245514,0.0175226,-14.696
3.149,40.2825,-0.445514,4.95923,-0.321981,0.687194,-1.19606,-0.304974,-0.00949847,0.00824124,2668.71,1,0.0449728,0,0.28725,-0.176011,-0.156089,0.00101544,-0.00150138,0.123399,0.110337,0.0994309,0.0874657,4365.51,-1401.09,-1936.75,-0.0145519,0.0332863,-14.3308,3727.14,1466.04,-353.004,0.0182811,0.00158736,-15.2466,4674.1,-3481.98,-888.283,-0.0422993,0.0137701,-13.3994,3739.05,-1739.72,-1046.6,-0.0255182,0.0173432,-14.6756
3.159,40.3309,-0.456931,4.9592,-0.325,0.670704,-1.29619,-0.307862,-0.00957426,0.00821775,2669.42,1,0.0450434,0,0.28975,-0.17756,-0.157491,0.00101439,-0.00150324,0.123382,0.110214,0.0994763,0.0874148,4366.39,-1448.48,-1927.44,-0.0151475,0.0333415,-14.3364,3725.55,1516.23,-350.472,0.0189905,0.0014075,-15.2493,4677.67,-3507.28,-891.442,-0.0427072,0.0138388,-13.3938,3735.6,-1690.99,-1070.89,-0.0248438,0.0177194,-14.676
3.169,40.3792,-0.46852,4.95915,-0.327864,0.673094,-1.22704,-0.310092,-0.00965013,0.00819403,2670.01,1,0.0451345,0,0.29225,-0.179123,-0.158906,0.00101526,-0.00150406,0.123364,0.110091,0.0995222,0.0873627,4369.13,-1470.91,-1933.16,-0.0154028,0.0335499,-14.3449,3724.06,1544.73,-345.452,0.0193927,0.0012339,-15.2475,4680.33,-3548.36,-887.568,-0.0433865,0.0138139,-13.398,3732.09,-1698.4,-1071.39,-0.0249935,0.017756,-14.6642
3.179,40.4274,-0.480283,4.95902,-0.330647,0.586193,-1.09042,-0.312094,-0.00972531,0.00816998,2670.63,1,0.0452277,0,0.29475,-0.180714,-0.160343,0.00102174,-0.00150141,0.123346,0.109966,0.0995685,0.0873104,4370.78,-1506.7,-1940.53,-0.0158481,0.033855,-14.3493,3722.02,1583.36,-347.094,0.0199619,0.00114087,-15.2501,4683.03,-3579.72,-888.046,-0.0439173,0.0138495,-13.4005,3728.78,-1644.88,-1081.84,-0.0242048,0.0178742,-14.6649
3.189,40.4757,-0.49222,4.95904,-0.333846,0.742548,-1.32634,-0.315891,-0.00979869,0.00814551,2671.23,1,0.0453327,0,0.29725,-0.182153,-0.161654,0.00100622,-0.00151167,0.123323,0.109843,0.0996113,0.0872624,4373.45,-1566.83,-1931.69,-0.0166228,0.0339775,-14.3451,3719.77,1658.62,-374.208,0.0211326,0.00136741,-15.2615,4686.17,-3542.34,-904.83,-0.0432639,0.0140714,-13.4121,3724.67,-1495.11,-1105.76,-0.0219766,0.018097,-14.6901
3.199,40.5238,-0.504334,4.95899,-0.336816,0.722846,-1.28127,-0.318426,-0.00987303,0.00812082,2671.82,1,0.0454123,0,0.29975,-0.183697,-0.163052,0.00100672,-0.00151281,0.1233,0.109718,0.0996563,0.087211,4377.26,-1563.17,-1974.37,-0.0165308,0.0347378,-14.3543,3717.55,1644,-367.091,0.0209213,0.00125037,-15.2588,4689.36,-3499.72,-917.95,-0.0425129,0.0142273,-13.4252,3721.16,-1525.17,-1115.55,-0.0224909,0.0183337,-14.6776
3.209,40.572,-0.516624,4.95892,-0.339609,0.646427,-1.12408,-0.320423,-0.0099478,0.00809582,2672.37,1,0.0454855,0,0.30225,-0.185333,-0.164513,0.00101117,-0.00150693,0.123278,0.109591,0.0997018,0.0871592,4379.9,-1541.28,-1993.84,-0.0161802,0.0350026,-14.3681,3715.35,1631.48,-360.084,0.020741,0.00113217,-15.2514,4692.31,-3507.95,-920.358,-0.0426253,0.0142675,-13.4302,3717.48,-1577.2,-1116.5,-0.0233319,0.0184476,-14.6603
3.219,40.6201,-0.529093,4.95896,-0.342752,0.749515,-1.32882,-0.323647,-0.0100216,0.00807039,2673,1,0.0455605,0,0.30475,-0.186774,-0.165831,0.00100208,-0.00151582,0.123251,0.109466,0.0997448,0.0871094,4382.58,-1555.1,-2007.97,-0.0163231,0.0353373,-14.3763,3713.52,1652.72,-361.624,0.0210682,0.00107068,-15.2502,4696,-3514.83,-924.724,-0.0427113,0.0143355,-13.4338,3714.73,-1566.08,-1127.62,-0.0232104,0.0186456,-14.6525
3.229,40.6681,-0.541741,4.95892,-0.345883,0.809962,-1.46205,-0.326842,-0.0100966,0.00804467,2673.52,1,0.0456578,0,0.30725,-0.188279,-0.1672,0.000998537,-0.00151823,0.123225,0.109339,0.0997899,0.0870603,4384.46,-1650.43,-1987.56,-0.0176059,0.0354385,-14.3753,3711.37,1735.63,-361.372,0.0222997,0.000832936,-15.2578,4698.62,-3590.46,-927.299,-0.0440484,0.0144586,-13.4239,3710.11,-1433.58,-1135.21,-0.0212165,0.0186036,-14.6704
3.239,40.7161,-0.554571,4.95885,-0.348773,0.868201,-1.45762,-0.329197,-0.0101728,0.00801868,2674.15,1,0.0457788,0,0.30975,-0.189926,-0.168659,0.000998788,-0.00152077,0.123201,0.109209,0.099834,0.0870084,4385.4,-1723.43,-1964.65,-0.0185892,0.0354032,-14.3772,3709.92,1803.47,-357.284,0.0233125,0.000559826,-15.2631,4701.21,-3664.1,-912.76,-0.0453125,0.0143031,-13.4252,3706.54,-1305.55,-1142.99,-0.019325,0.0185843,-14.6788
3.249,40.7641,-0.567582,4.95876,-0.351795,0.734552,-1.36758,-0.331842,-0.0102487,0.00799229,2674.7,1,0.0458318,0,0.31225,-0.19137,-0.169972,0.000999064,-0.00151613,0.123172,0.10908,0.0998783,0.086958,4391.63,-1741.02,-2002.06,-0.0187962,0.0361771,-14.371,3706.89,1840.02,-378.209,0.0239497,0.00077045,-15.276,4706.45,-3618,-954.735,-0.0445641,0.0149204,-13.4185,3700.62,-1254.89,-1173.13,-0.0186729,0.0190878,-14.6955
3.259,40.812,-0.580776,4.9587,-0.354748,0.744585,-1.34447,-0.334553,-0.010325,0.00796558,2675.37,1,0.0459251,0,0.31475,-0.192953,-0.171391,0.000995615,-0.00152603,0.123144,0.108947,0.0999232,0.0869064,4394.9,-1765.48,-2023.41,-0.0191101,0.0367146,-14.3763,3704.92,1876.33,-364.324,0.0244824,0.000402468,-15.2784,4709.54,-3638.18,-956.825,-0.0449022,0.0149714,-13.423,3697.41,-1208.28,-1181.16,-0.0180165,0.0191878,-14.6944
3.269,40.8599,-0.594155,4.95866,-0.357908,0.998122,-1.63991,-0.337718,-0.010401,0.00793854,2676.04,1,0.0460885,0,0.31725,-0.194469,-0.17276,0.000993954,-0.00152563,0.123116,0.108815,0.0999682,0.0868558,4393.3,-1905.91,-1955.01,-0.0210885,0.0362301,-14.3801,3703.91,1987.57,-370.845,0.0262387,0.000150484,-15.2824,4710.23,-3752.8,-921.269,-0.0469207,0.0145331,-13.4271,3694.14,-1005.32,-1178.06,-0.0150638,0.0189172,-14.7091
3.279,40.9077,-0.607718,4.9585,-0.360828,0.340243,-1.21117,-0.340187,-0.0104765,0.00791117,2676.64,1,0.0459813,0,0.31975,-0.196025,-0.174151,0.000990665,-0.00153039,0.123086,0.108682,0.100013,0.086805,4404.92,-1678.24,-2118.39,-0.0177607,0.0380488,-14.3768,3699.51,1809.57,-415.34,0.0236664,0.00132329,-15.2927,4721.33,-3351.83,-1083.77,-0.0402695,0.0166453,-13.4256,3685.87,-1097.6,-1248.38,-0.0165836,0.0203239,-14.7306
3.289,40.9554,-0.621467,4.95842,-0.363837,0.8204,-1.45426,-0.342451,-0.0105529,0.00788347,2677.24,1,0.0462579,0,0.32225,-0.197602,-0.175558,0.000989838,-0.00153182,0.123055,0.108547,0.100059,0.0867519,4401.86,-1780.37,-2050.89,-0.0191813,0.0373679,-14.41,3698.69,1884.59,-372.421,0.0246937,0.000381155,-15.266,4718.4,-3515.13,-979.977,-0.0426337,0.0151682,-13.4767,3685.8,-1054.49,-1201.23,-0.015859,0.0194197,-14.6994
3.299,41.0031,-0.635404,4.95842,-0.36691,0.77114,-1.49495,-0.345478,-0.0106277,0.00785528,2677.88,1,0.046301,0,0.32475,-0.199121,-0.176918,0.000988322,-0.00154272,0.123022,0.108413,0.100103,0.0867006,4405.29,-1752.51,-2087.66,-0.0187353,0.0379252,-14.4179,3695.84,1859.95,-379.32,0.024363,0.00052058,-15.2657,4722.63,-3478.89,-1010.96,-0.0420802,0.0156153,-13.4711,3681.62,-1088.68,-1219.46,-0.0164169,0.0198064,-14.692
3.309,41.0508,-0.649529,4.95847,-0.370012,1.00353,-1.69636,-0.348272,-0.0107028,0.00782673,2678.41,1,0.0464229,0,0.32725,-0.200659,-0.178291,0.000986391,-0.00153824,0.122988,0.108277,0.100148,0.0866485,4405.39,-1892.04,-2029.24,-0.0207167,0.037624,-14.4216,3695.05,1977.97,-369.135,0.026174,-7.79864e-05,-15.2684,4723.49,-3700.38,-957.779,-0.0458592,0.0150267,-13.4581,3680.17,-1062.61,-1201.82,-0.0160078,0.019464,-14.6695
3.319,41.0984,-0.663843,4.95835,-0.372961,0.863494,-1.53633,-0.350887,-0.0107773,0.00779783,2679.12,1,0.0464951,0,0.32975,-0.202215,-0.17968,0.000982675,-0.00153081,0.122954,0.10814,0.100192,0.0865984,4410.17,-1882.06,-2076.87,-0.0205445,0.0384827,-14.4228,3691.97,1988.56,-389.018,0.026432,0.000223971,-15.2754,4728.11,-3639.84,-997.343,-0.0448378,0.0155846,-13.4592,3675.1,-1001.13,-1231.31,-0.015189,0.019952,-14.6879
3.329,41.1459,-0.678347,4.95815,-0.375734,0.748586,-1.45852,-0.352882,-0.0108516,0.00776862,2679.73,1,0.0466051,0,0.33225,-0.203936,-0.181186,0.000995479,-0.00153321,0.122922,0.108,0.100239,0.0865462,4411.18,-1998.66,-2039.57,-0.0222356,0.0384842,-14.4167,3691.14,2092.8,-394.667,0.0281339,-8.78236e-05,-15.2891,4730.41,-3697.79,-990.99,-0.0458665,0.0155527,-13.4559,3672.02,-785.465,-1240.13,-0.0121066,0.0199171,-14.7087
3.339,41.1934,-0.693042,4.9581,-0.378835,0.916419,-1.56701,-0.356137,-0.0109243,0.00773903,2680.43,1,0.0467442,0,0.33475,-0.205373,-0.182481,0.000979188,-0.00154423,0.122882,0.107864,0.100279,0.0864977,4413.78,-2075.22,-2022.51,-0.023351,0.0386414,-14.4108,3689.72,2182.73,-403.837,0.0296668,-0.000387829,-15.3027,4733.41,-3761.41,-988.995,-0.0470472,0.0156034,-13.4512,3667.03,-642.818,-1255.77,-0.0101208,0.020109,-14.7318
3.349,41.2408,-0.70793,4.95794,-0.381864,0.891968,-1.60924,-0.358913,-0.0109974,0.00770914,2681.16,1,0.0468638,0,0.33725,-0.206912,-0.183846,0.000980578,-0.00154025,0.122843,0.107725,0.100324,0.0864481,4416.26,-2090.19,-2039.95,-0.0235545,0.0391015,-14.4168,3687.48,2203.83,-410.755,0.030071,-0.000393653,-15.3054,4736.34,-3724.35,-1005.29,-0.0463572,0.0158108,-13.4631,3662.99,-531.549,-1271.31,-0.00858194,0.0203334,-14.7467
3.359,41.2882,-0.723011,4.95785,-0.384862,1.01594,-1.71736,-0.361672,-0.0110701,0.007679,2681.83,1,0.0470077,0,0.33975,-0.20851,-0.185257,0.000978975,-0.00154586,0.122805,0.107586,0.100367,0.0863979,4417.11,-2131.35,-2027.22,-0.0241404,0.0391525,-14.4262,3686.23,2243.56,-417.158,0.0307847,-0.000754773,-15.304,4737.64,-3753.93,-990.277,-0.0468325,0.0155988,-13.4782,3660.17,-359.311,-1268.74,-0.00617962,0.0202141,-14.7594
3.369,41.3355,-0.738286,4.95772,-0.387926,0.907167,-1.64986,-0.364636,-0.0111425,0.00764859,2682.49,1,0.0470846,0,0.34225,-0.210054,-0.186624,0.000975703,-0.00154861,0.122763,0.107447,0.10041,0.0863492,4422.28,-2128.56,-2064.3,-0.0240757,0.039873,-14.427,3682.72,2245.79,-424.913,0.0308909,-0.000397754,-15.3104,4742.87,-3697.01,-1036.79,-0.0458907,0.0162744,-13.4682,3654.12,-240.836,-1302.64,-0.00455775,0.0208076,-14.7922
3.379,41.3828,-0.753756,4.95755,-0.390681,0.648501,-1.26431,-0.366375,-0.0112159,0.00761779,2683.12,1,0.047154,0,0.34475,-0.211662,-0.188043,0.000980684,-0.00154704,0.122721,0.107305,0.100454,0.0862983,4428.84,-2084.79,-2120.75,-0.0233722,0.0407016,-14.4312,3678.66,2211.71,-438.284,0.0304022,7.23756e-05,-15.3139,4747.28,-3679.61,-1068.67,-0.0456616,0.0167667,-13.461,3648.93,-227.136,-1330.56,-0.00438388,0.0213316,-14.7986
3.389,41.4299,-0.769423,4.95744,-0.393763,0.830448,-1.42082,-0.369324,-0.0112893,0.00758664,2683.76,1,0.0473228,0,0.34725,-0.213238,-0.189425,0.000974107,-0.00155166,0.122678,0.107163,0.100497,0.086249,4429.32,-2130.34,-2115.63,-0.0240516,0.0409449,-14.4407,3678.57,2245.2,-428.054,0.0309431,-0.0007107,-15.312,4749.19,-3685.61,-1053.58,-0.04566,0.0165163,-13.4853,3645.82,-72.3891,-1325.24,-0.00222088,0.0212196,-14.8107
3.399,41.4771,-0.785289,4.95733,-0.396718,0.682805,-1.31186,-0.371484,-0.0113638,0.00755514,2684.28,1,0.0473869,0,0.34975,-0.214818,-0.190818,0.000978523,-0.00155062,0.122633,0.107021,0.100541,0.0861963,4434.89,-2132.44,-2132.1,-0.0240251,0.0412907,-14.4489,3674.14,2255.2,-435.702,0.0311967,-0.000426504,-15.3099,4753,-3613.52,-1078.42,-0.0443794,0.0168086,-13.498,3641.82,-181.144,-1333.32,-0.00374685,0.0214021,-14.7878
3.409,41.5241,-0.801353,4.95736,-0.400053,1.06162,-1.79586,-0.375361,-0.0114381,0.00752327,2685.05,1,0.0475469,0,0.35225,-0.216337,-0.192156,0.000966544,-0.00155822,0.122587,0.106877,0.100583,0.0861478,4432.71,-2258.31,-2064.38,-0.0259496,0.0408634,-14.4525,3674.91,2369.52,-431.874,0.0331973,-0.00122584,-15.3155,4754.14,-3765,-1035.12,-0.0470167,0.0163126,-13.4953,3639.38,50.4425,-1315.8,-0.000504519,0.0210734,-14.8016
3.419,41.5711,-0.817616,4.95719,-0.402976,0.979621,-1.61344,-0.377738,-0.0115127,0.00749124,2685.72,1,0.0476655,0,0.35475,-0.217892,-0.193528,0.00096673,-0.00155894,0.122543,0.106732,0.100626,0.0860972,4439.32,-2281.15,-2103.99,-0.0263223,0.04183,-14.4577,3670.61,2403.09,-462.88,0.0339731,-0.000897664,-15.3183,4757.82,-3775.35,-1046.44,-0.0472235,0.0165074,-13.4957,3634.5,155.806,-1331.44,0.000977798,0.0213896,-14.8173
3.429,41.618,-0.83408,4.95687,-0.405748,0.744493,-1.44836,-0.379545,-0.0115869,0.00745893,2686.43,1,0.0477882,0,0.35725,-0.219566,-0.194978,0.000975243,-0.00155613,0.122499,0.106584,0.100671,0.0860457,4440.26,-2265.45,-2113.16,-0.0260197,0.0419446,-14.4632,3669.7,2394.49,-450.39,0.0337856,-0.00113818,-15.3212,4761.36,-3718.29,-1072.54,-0.0461933,0.0168426,-13.5056,3629.63,301.146,-1341.75,0.00303774,0.0216355,-14.8438
3.439,41.6649,-0.850745,4.95683,-0.409016,0.971028,-1.69606,-0.383342,-0.0116594,0.00742616,2687.06,1,0.0479345,0,0.35975,-0.221028,-0.196288,0.000962215,-0.00156564,0.122449,0.106439,0.100713,0.0859977,4442.81,-2312.04,-2108.17,-0.0267364,0.042216,-14.4673,3667.88,2440.57,-449.462,0.0346575,-0.0013173,-15.3249,4763.62,-3712.65,-1078.58,-0.0460811,0.0169266,-13.5164,3625.39,551.702,-1340.29,0.0066199,0.0217498,-14.8807
3.449,41.7117,-0.867612,4.95652,-0.411779,0.769096,-1.48399,-0.384972,-0.0117327,0.00739319,2687.72,1,0.0480681,0,0.36225,-0.222748,-0.197755,0.00097475,-0.00155898,0.122403,0.10629,0.100759,0.0859451,4445.9,-2280.73,-2139.74,-0.026193,0.0426591,-14.4822,3665.61,2411.41,-445.534,0.0341364,-0.00133437,-15.3176,4766.34,-3610.55,-1098.17,-0.0442227,0.0170857,-13.5452,3621.29,614.095,-1346.45,0.00754077,0.0219256,-14.8885
3.459,41.7584,-0.884681,4.95633,-0.414729,0.714582,-1.43492,-0.387592,-0.0118045,0.00735982,2688.42,1,0.0481967,0,0.36475,-0.224326,-0.199137,0.000974692,-0.00156026,0.122352,0.106142,0.1008,0.0858957,4448.72,-2351.28,-2124.71,-0.0273095,0.0429116,-14.4788,3663.73,2483.24,-448.041,0.0355136,-0.00152358,-15.3299,4770.33,-3744.65,-1093.65,-0.0466785,0.0172089,-13.519,3617.53,890.128,-1342.82,0.011611,0.022125,-14.9319
3.469,41.805,-0.901956,4.95628,-0.418044,0.644972,-1.47691,-0.391581,-0.0118757,0.00732595,2689.21,1,0.0482478,0,0.36725,-0.225744,-0.200419,0.000958121,-0.00156822,0.122296,0.105995,0.10084,0.0858492,4458.45,-2239.46,-2237.62,-0.0254923,0.0443892,-14.4833,3659.59,2430.24,-483.125,0.0347055,-0.00095326,-15.3347,4776.28,-3525.46,-1186.5,-0.0430198,0.01839,-13.5255,3609.79,990.64,-1382.14,0.0132477,0.0230292,-14.9757
3.479,41.8516,-0.919437,4.9561,-0.421106,0.839553,-1.56078,-0.393903,-0.0119498,0.00729185,2689.73,1,0.0484571,0,0.36975,-0.227353,-0.201818,0.000957401,-0.0015724,0.122243,0.105844,0.100883,0.0857985,4457.71,-2347.24,-2176.08,-0.0271857,0.0439865,-14.4937,3658.06,2499.49,-454.493,0.0359306,-0.00157243,-15.3306,4776.6,-3625.51,-1138.4,-0.0445639,0.0177437,-13.545,3606.85,1160.59,-1350.66,0.015822,0.0226774,-14.9826
3.489,41.898,-0.937124,4.95596,-0.42423,0.864678,-1.62502,-0.396973,-0.0120239,0.00725733,2690.51,1,0.0485816,0,0.37225,-0.228941,-0.203201,0.000955548,-0.00157379,0.12219,0.105693,0.100926,0.0857485,4461.52,-2335.7,-2204.18,-0.0269638,0.0445114,-14.5011,3655.67,2495.09,-459.833,0.035902,-0.00154232,-15.3322,4780.72,-3551.56,-1170.37,-0.0433303,0.0181455,-13.5518,3601.86,1275.74,-1356.34,0.0176969,0.0229989,-15.0079
3.499,41.9444,-0.955018,4.95577,-0.427119,0.871758,-1.57466,-0.399201,-0.0120978,0.00722245,2691.17,1,0.0487391,0,0.37475,-0.230546,-0.204596,0.00095663,-0.00157401,0.122137,0.10554,0.100968,0.0856967,4462.69,-2409.06,-2178.82,-0.0281495,0.0446103,-14.5083,3653.95,2559.91,-448.869,0.0371437,-0.00188094,-15.3325,4782.87,-3649.62,-1145,-0.044952,0.0178703,-13.555,3598.68,1428.76,-1335.04,0.02015,0.0228773,-15.0187
3.509,41.9908,-0.973119,4.95566,-0.430155,0.88379,-1.55582,-0.402148,-0.0121699,0.00718728,2691.95,1,0.0488563,0,0.37725,-0.232088,-0.205944,0.000952363,-0.00157735,0.122081,0.105387,0.101011,0.0856477,4467.08,-2405.85,-2220.29,-0.0281121,0.045496,-14.5144,3651.1,2576.12,-437.165,0.0374632,-0.00212224,-15.336,4785.94,-3639.04,-1162.86,-0.0448101,0.0181414,-13.5558,3594.51,1495.25,-1342.71,0.0213218,0.0231863,-15.0308
3.519,42.037,-0.991429,4.9555,-0.433144,0.75278,-1.44218,-0.404696,-0.0122412,0.00715167,2692.67,1,0.0489489,0,0.37975,-0.233672,-0.207319,0.000950848,-0.00158017,0.122024,0.105233,0.101053,0.0855979,4472.66,-2324.42,-2284.66,-0.0267043,0.0462098,-14.5269,3647.82,2513.84,-470.761,0.0364229,-0.00158723,-15.332,4789.39,-3529.7,-1205.17,-0.0430062,0.0186594,-13.5685,3589.58,1501.18,-1361.89,0.0215341,0.0236123,-15.0373
3.529,42.0832,-1.00995,4.95536,-0.436255,1.00942,-1.72698,-0.407481,-0.0123123,0.00711576,2693.4,1,0.0491447,0,0.38225,-0.235254,-0.208692,0.000948391,-0.00158201,0.121965,0.10508,0.101095,0.0855478,4469.07,-2402.29,-2220.09,-0.0279204,0.0455463,-14.5479,3647.69,2560.69,-427.459,0.0371751,-0.00231204,-15.3194,4790.24,-3584.64,-1159.15,-0.0437197,0.0179758,-13.5947,3588.03,1622.48,-1335.42,0.0235374,0.0233589,-15.0349
3.539,42.1293,-1.02868,4.9552,-0.439199,1.0004,-1.68128,-0.410115,-0.0123818,0.00707957,2694.12,1,0.0492806,0,0.38475,-0.236846,-0.21007,0.000945077,-0.00158526,0.121906,0.104925,0.101135,0.0854989,4472.25,-2391.3,-2245.27,-0.0277039,0.0460246,-14.5577,3645.9,2561.54,-424.749,0.0372086,-0.00240481,-15.3189,4793.09,-3606.95,-1169.54,-0.0441422,0.018174,-13.596,3584.53,1760.75,-1322.62,0.0259783,0.0234576,-15.0576
3.549,42.1753,-1.04762,4.95503,-0.442241,0.983977,-1.71207,-0.412673,-0.0124513,0.00704305,2694.87,1,0.0494072,0,0.38725,-0.238477,-0.211475,0.000947285,-0.00158469,0.121845,0.10477,0.101178,0.0854493,4475.02,-2381.95,-2264.69,-0.0275023,0.0463969,-14.5699,3643.35,2551.53,-420.208,0.0370335,-0.00249404,-15.3151,4795.18,-3539.37,-1190.61,-0.0430091,0.0184102,-13.6114,3580.35,1774.18,-1325.37,0.0262811,0.0235773,-15.0577
3.559,42.2212,-1.06677,4.95493,-0.445352,1.06735,-1.81404,-0.415783,-0.0125209,0.00700615,2695.58,1,0.0495384,0,0.38975,-0.240019,-0.212807,0.000942435,-0.0015928,0.12178,0.104615,0.101217,0.0854017,4477.66,-2438.21,-2252.6,-0.0284223,0.0466567,-14.5704,3642.1,2609.87,-414.8,0.0381944,-0.00281879,-15.3234,4798.15,-3687.25,-1176.06,-0.0456019,0.0183991,-13.5879,3576.67,1950.43,-1304.84,0.0295309,0.0236676,-15.0836
3.569,42.267,-1.08614,4.95473,-0.448314,0.95234,-1.68792,-0.418425,-0.0125913,0.00696901,2696.34,1,0.049658,0,0.39225,-0.241641,-0.214202,0.000941232,-0.00159782,0.121716,0.104458,0.101258,0.0853529,4483.03,-2420.97,-2292.24,-0.0281046,0.0473867,-14.5776,3638.37,2598.73,-437.912,0.0381177,-0.00249286,-15.3255,4802.82,-3594.61,-1219.52,-0.0440603,0.0189556,-13.5931,3571.47,2011.56,-1318.76,0.0308683,0.0241886,-15.1067
3.579,42.3127,-1.10571,4.95459,-0.451351,1.05008,-1.71196,-0.420962,-0.0126625,0.00693148,2697.01,1,0.049816,0,0.39475,-0.243292,-0.215612,0.000941761,-0.0015908,0.121651,0.104299,0.101298,0.0853037,4485.77,-2495.91,-2269.49,-0.0293612,0.0475966,-14.5809,3636.58,2665.82,-427.52,0.0394792,-0.00292864,-15.3301,4804.61,-3683.84,-1198.6,-0.0455709,0.0187499,-13.5935,3567.63,2145.81,-1292.22,0.0334961,0.0240945,-15.1204
3.589,42.3584,-1.12551,4.95439,-0.454391,0.999534,-1.71778,-0.423601,-0.012734,0.00689364,2697.79,1,0.0499465,0,0.39725,-0.24485,-0.216954,0.000938959,-0.0015943,0.121584,0.104141,0.101338,0.0852544,4488.95,-2491.49,-2286.85,-0.0292416,0.0479711,-14.5885,3633.93,2671.11,-425.845,0.0396273,-0.00303395,-15.3317,4808.58,-3651.45,-1217.89,-0.045014,0.0190042,-13.601,3563.37,2181.98,-1294.63,0.0343363,0.0243096,-15.1271
3.599,42.4039,-1.14552,4.95426,-0.457339,0.996977,-1.63184,-0.426179,-0.012805,0.00685544,2698.56,1,0.0500789,0,0.39975,-0.246464,-0.218337,0.000937319,-0.00159632,0.121518,0.103981,0.10138,0.0852048,4492.99,-2449.22,-2334.59,-0.0284842,0.0486702,-14.6065,3630.67,2636.59,-430.554,0.0389849,-0.00289994,-15.3223,4811.1,-3568.69,-1237.47,-0.0435689,0.0191816,-13.6243,3559.49,2175.14,-1304.19,0.0343129,0.0245263,-15.1213
3.609,42.4494,-1.16574,4.95412,-0.460513,1.11549,-1.8686,-0.429227,-0.0128755,0.00681687,2699.31,1,0.0502246,0,0.40225,-0.248025,-0.21968,0.00093446,-0.00159886,0.12145,0.10382,0.101419,0.085156,4492.94,-2541.98,-2283.15,-0.0300435,0.0484471,-14.6105,3629.88,2727.14,-419.454,0.0408584,-0.00346783,-15.3285,4813.1,-3720.99,-1211.71,-0.0462274,0.0190067,-13.6051,3556.2,2341.8,-1268.93,0.0377896,0.0244119,-15.1442
3.619,42.4947,-1.18619,4.9539,-0.463488,0.795734,-1.63592,-0.431781,-0.0129459,0.00677801,2700.1,1,0.0502851,0,0.40475,-0.249652,-0.221066,0.000934636,-0.00159997,0.121381,0.103658,0.10146,0.0851065,4501.91,-2433.44,-2387.91,-0.0281289,0.0497641,-14.6231,3624.51,2648.92,-459.325,0.0394577,-0.00261983,-15.3248,4819.84,-3465.43,-1306.16,-0.0420168,0.0201271,-13.6192,3549.28,2229.08,-1326.82,0.0357924,0.0253208,-15.1459
3.629,42.54,-1.20685,4.95377,-0.466694,1.11321,-1.90049,-0.434632,-0.0130175,0.0067387,2700.7,1,0.0504981,0,0.40725,-0.251226,-0.222423,0.000936078,-0.00159511,0.121309,0.103496,0.101501,0.085056,4500.19,-2523.12,-2334.99,-0.0296491,0.0494963,-14.6329,3624.45,2706.15,-410.703,0.0404694,-0.00366706,-15.3221,4819.34,-3596.85,-1243,-0.0439883,0.0192905,-13.6443,3548.68,2338.72,-1282.94,0.0379562,0.0247822,-15.1345
3.639,42.5852,-1.22773,4.95363,-0.469622,1.0997,-1.79487,-0.436951,-0.013089,0.00669918,2701.51,1,0.0506352,0,0.40975,-0.252897,-0.223829,0.000932578,-0.00160394,0.12124,0.103331,0.101542,0.0850059,4503.71,-2493.21,-2363.77,-0.0290616,0.0498837,-14.6506,3621.78,2675.96,-413.369,0.0398854,-0.00357231,-15.3139,4821.82,-3610.78,-1245.8,-0.0442226,0.0193521,-13.6482,3544.71,2359.93,-1283.45,0.0385219,0.0249187,-15.1314
3.649,42.6302,-1.24883,4.95344,-0.472634,0.964748,-1.73504,-0.439524,-0.0131595,0.00665933,2702.3,1,0.050736,0,0.41225,-0.254475,-0.225184,0.000928938,-0.00160661,0.121168,0.103167,0.101582,0.0849565,4507.04,-2465.85,-2403.44,-0.028558,0.0505581,-14.6594,3619.23,2661.95,-407.806,0.0396117,-0.00367554,-15.3146,4826.55,-3544.74,-1281.68,-0.0431723,0.0198241,-13.6512,3540.08,2328.99,-1304.52,0.0380475,0.0253105,-15.1288
3.659,42.6752,-1.27014,4.95338,-0.475849,1.38475,-2.03511,-0.442659,-0.0132305,0.00661905,2703.05,1,0.0509567,0,0.41475,-0.256165,-0.226601,0.00093183,-0.00160703,0.121094,0.103,0.101622,0.0849062,4506.2,-2626.46,-2314.99,-0.03138,0.0502122,-14.6669,3618.57,2788.65,-395.723,0.0423171,-0.00446522,-15.3168,4824.88,-3772.12,-1202.1,-0.0469644,0.0188894,-13.6533,3539.66,2496.53,-1243.13,0.041578,0.0246427,-15.1284
3.669,42.7201,-1.29168,4.95337,-0.479086,1.64267,-2.2499,-0.446428,-0.0133,0.00657844,2703.92,1,0.0511007,0,0.41725,-0.25769,-0.227921,0.000924621,-0.00161294,0.121017,0.102834,0.101662,0.0848573,4509.22,-2682.68,-2313.81,-0.0324277,0.0508292,-14.6733,3616.21,2857.99,-403.22,0.0439716,-0.00470427,-15.3205,4826.92,-3830.97,-1193.5,-0.0480483,0.0188461,-13.6526,3536.64,2561.92,-1230.08,0.0431775,0.0246753,-15.1319
3.679,42.7648,-1.31344,4.953,-0.481726,0.989515,-1.68827,-0.44769,-0.0133687,0.00653743,2704.58,1,0.0511394,0,0.41975,-0.259323,-0.229303,0.000925761,-0.00161249,0.120941,0.102665,0.101701,0.0848084,4520.28,-2550.02,-2433.09,-0.0299773,0.0521769,-14.6732,3612.37,2768.62,-443.602,0.0421763,-0.00369253,-15.3292,4834.65,-3709.09,-1290.24,-0.0461585,0.0202409,-13.6306,3529.26,2519.89,-1274.9,0.0426473,0.0256011,-15.1544
3.689,42.8095,-1.33543,4.95283,-0.484835,1.0653,-1.81858,-0.450427,-0.0134379,0.00649588,2705.29,1,0.0512922,0,0.42225,-0.26094,-0.230676,0.000922795,-0.00161517,0.120863,0.102497,0.10174,0.0847594,4520.26,-2587.89,-2409.81,-0.0305956,0.0520858,-14.6845,3611.42,2782.27,-415.126,0.0423811,-0.0043096,-15.3264,4837.21,-3633.74,-1296.57,-0.0447283,0.020193,-13.6553,3525.87,2504.79,-1286.94,0.0424412,0.0258488,-15.1444
3.699,42.854,-1.35763,4.95268,-0.487936,0.964248,-1.7578,-0.453188,-0.0135069,0.00645389,2706.15,1,0.0513896,0,0.42475,-0.262552,-0.232041,0.00092175,-0.001617,0.120783,0.102327,0.10178,0.0847102,4526.52,-2510.28,-2487.16,-0.029158,0.0531058,-14.7017,3608.24,2729.54,-424.173,0.0413097,-0.00400309,-15.3195,4841.56,-3478.5,-1349.14,-0.0421937,0.020785,-13.6704,3521.26,2433.06,-1319.73,0.0410193,0.0263234,-15.1357
3.709,42.8984,-1.38006,4.95256,-0.49118,1.2375,-2.01167,-0.456202,-0.013577,0.00641141,2706.83,1,0.0515781,0,0.42725,-0.264193,-0.233426,0.00092102,-0.00161873,0.120702,0.102157,0.10182,0.0846611,4525.41,-2619.01,-2418.8,-0.0310712,0.052718,-14.7072,3607.03,2800.26,-407.178,0.0428355,-0.00467416,-15.3226,4842.55,-3620.04,-1306.78,-0.0444564,0.0203187,-13.6702,3519.17,2539.17,-1284.36,0.0434508,0.0260317,-15.1383
3.719,42.9428,-1.40271,4.95238,-0.49416,1.23927,-1.92915,-0.458617,-0.0136475,0.00636852,2707.59,1,0.051736,0,0.42975,-0.265788,-0.234775,0.000917476,-0.00161945,0.120619,0.101985,0.101859,0.0846122,4529.53,-2681.44,-2408.49,-0.0322226,0.0531978,-14.7093,3604.36,2864.63,-407.701,0.0443763,-0.0050246,-15.3295,4845.22,-3739.93,-1285,-0.0465451,0.0201665,-13.6606,3515.72,2618.12,-1264.26,0.0454455,0.0259999,-15.1436
3.729,42.987,-1.42559,4.95211,-0.497062,0.948661,-1.65288,-0.460899,-0.0137176,0.00632532,2708.56,1,0.0518449,0,0.43225,-0.267454,-0.236174,0.000923194,-0.00162034,0.120538,0.101811,0.101899,0.0845623,4537.93,-2612.82,-2504.88,-0.030984,0.0547723,-14.7199,3600.25,2828.4,-422.587,0.0436725,-0.00467096,-15.3309,4850.19,-3618.37,-1344.91,-0.0445575,0.0209351,-13.6632,3510.59,2573.82,-1298.71,0.0446972,0.0266593,-15.147
3.739,43.0311,-1.4487,4.95194,-0.500224,1.19962,-1.89234,-0.463642,-0.0137872,0.00628167,2709.33,1,0.0520489,0,0.43475,-0.269074,-0.237537,0.000918537,-0.00162386,0.120454,0.101638,0.101939,0.084513,4536.43,-2669.98,-2458.91,-0.0319617,0.0543711,-14.7353,3598.54,2868.07,-417.487,0.0446144,-0.00501862,-15.3242,4850.1,-3624.74,-1309.77,-0.0444447,0.0203472,-13.7033,3508.81,2602.77,-1274.65,0.0452937,0.0262468,-15.1258
3.749,43.075,-1.47202,4.95179,-0.503204,1.06074,-1.76398,-0.466247,-0.0138547,0.0062377,2710.19,1,0.0521434,0,0.43725,-0.270676,-0.238883,0.000915216,-0.00162707,0.120369,0.101464,0.101978,0.0844644,4541.72,-2593.27,-2528.17,-0.0304795,0.0551987,-14.7485,3596.08,2812.03,-422.665,0.0433758,-0.00474131,-15.3213,4854.39,-3535.35,-1358.56,-0.0430707,0.0209934,-13.7015,3504.37,2538.76,-1309.25,0.0440059,0.0267961,-15.1193
3.759,43.1189,-1.49558,4.9517,-0.506421,1.32987,-2.01441,-0.469321,-0.0139216,0.00619326,2710.95,1,0.0523205,0,0.43975,-0.272283,-0.240226,0.000909287,-0.00163054,0.120281,0.101289,0.102016,0.0844165,4540.34,-2659.46,-2485.52,-0.0316588,0.0549939,-14.764,3595.36,2861.98,-400.009,0.0444614,-0.00545521,-15.3153,4854.95,-3645.06,-1318.83,-0.0448053,0.0205197,-13.7076,3502.88,2601.66,-1281.62,0.0454745,0.0264793,-15.1104
3.769,43.1626,-1.51936,4.95148,-0.509357,1.22589,-1.90948,-0.471539,-0.0139882,0.00614856,2711.76,1,0.0524587,0,0.44225,-0.273952,-0.24162,0.00091166,-0.00163066,0.120193,0.101113,0.102054,0.0843675,4544.95,-2652.43,-2517.68,-0.0315079,0.0557381,-14.7753,3592.07,2858.93,-407.938,0.0444871,-0.0053742,-15.314,4859.37,-3662.53,-1325.85,-0.0451086,0.0206552,-13.7082,3500.37,2606.44,-1286.36,0.0457138,0.0266523,-15.1059
3.779,43.2062,-1.54337,4.95135,-0.51258,1.2545,-2.01996,-0.47472,-0.0140542,0.00610335,2712.59,1,0.0525745,0,0.44475,-0.275579,-0.242973,0.000909319,-0.00163272,0.120101,0.100938,0.102093,0.0843206,4548.69,-2623.23,-2547.8,-0.0308824,0.0561664,-14.7866,3589.98,2836.45,-410.372,0.0440087,-0.0053002,-15.3126,4861.6,-3546.84,-1371.03,-0.0432496,0.0211961,-13.7143,3495.04,2557.92,-1312.59,0.0447712,0.0270906,-15.1027
3.789,43.2497,-1.56761,4.95128,-0.515752,1.61326,-2.2533,-0.477682,-0.0141211,0.00605768,2713.2,1,0.0527777,0,0.44725,-0.277234,-0.244342,0.000909147,-0.00163161,0.120007,0.10076,0.102131,0.0842724,4547.58,-2735.04,-2483.7,-0.0329825,0.0560061,-14.7958,3589.45,2918.79,-386.972,0.0458984,-0.00620977,-15.3107,4860.57,-3770.67,-1291.08,-0.0469295,0.0202662,-13.7196,3494.79,2672.18,-1261.35,0.047451,0.0264733,-15.0907
3.799,43.2931,-1.59207,4.95091,-0.51853,1.05145,-1.85395,-0.479365,-0.0141875,0.00601169,2714.1,1,0.0528486,0,0.44975,-0.278917,-0.245739,0.000912855,-0.00163459,0.119914,0.100581,0.102168,0.0842249,4557.61,-2684.52,-2559.34,-0.0319936,0.0572647,-14.7987,3584.25,2894.84,-425.699,0.0455821,-0.00545975,-15.3192,4868.28,-3671.94,-1374.21,-0.045477,0.0214685,-13.691,3487.61,2613.19,-1310.15,0.0464577,0.0274377,-15.1051
3.809,43.3363,-1.61677,4.95077,-0.521795,1.12763,-1.98507,-0.48254,-0.0142549,0.00596518,2714.86,1,0.0529865,0,0.45225,-0.280533,-0.247079,0.000902836,-0.00164291,0.119817,0.100402,0.102205,0.0841784,4560.68,-2697.32,-2560.64,-0.0321661,0.0574897,-14.8049,3581.92,2911.25,-433.941,0.0460677,-0.00547052,-15.3227,4871.92,-3596.63,-1400.62,-0.0441951,0.0217551,-13.7035,3483.12,2609.8,-1318.34,0.0465602,0.0276794,-15.1041
3.819,43.3794,-1.64169,4.95054,-0.524735,1.06357,-1.75196,-0.4847,-0.0143236,0.0059183,2715.66,1,0.053162,0,0.45475,-0.282171,-0.248444,0.000905045,-0.0016415,0.119721,0.100221,0.102243,0.0841291,4568.56,-2675.65,-2617.78,-0.0317537,0.0586921,-14.8148,3578.32,2902.44,-435.257,0.0459337,-0.00547947,-15.3223,4874.38,-3614.72,-1392.21,-0.0444325,0.0216354,-13.723,3481.28,2625.42,-1315.99,0.0470299,0.0277384,-15.0908
3.829,43.4224,-1.66685,4.95043,-0.52809,1.39739,-2.10305,-0.488274,-0.0143915,0.00587099,2716.55,1,0.0533506,0,0.45725,-0.283806,-0.249791,0.000900081,-0.00164427,0.119624,0.100039,0.102281,0.0840819,4566.87,-2720.77,-2589.15,-0.0325744,0.0586257,-14.8326,3576.97,2933.14,-413.651,0.0466307,-0.00611741,-15.3157,4875.03,-3615.05,-1382.56,-0.0443627,0.0214666,-13.7375,3477.79,2650.38,-1302.82,0.0477013,0.0275987,-15.0845
3.839,43.4652,-1.69224,4.95015,-0.531022,1.24062,-1.89178,-0.490096,-0.0144596,0.00582337,2717.35,1,0.0535131,0,0.45975,-0.285453,-0.251156,0.000898494,-0.00164631,0.119526,0.0998552,0.102319,0.0840336,4572.32,-2704.5,-2619.55,-0.0321999,0.0592103,-14.8443,3573.95,2926.64,-411.331,0.0465237,-0.00620348,-15.3134,4877.96,-3620.04,-1390.32,-0.0444623,0.0215977,-13.7452,3474.42,2655.78,-1298.54,0.0479022,0.0275639,-15.0758
3.849,43.5079,-1.71785,4.94998,-0.53425,1.41548,-2.09735,-0.493297,-0.014527,0.00577534,2718.32,1,0.0536907,0,0.46225,-0.287107,-0.252518,0.000897949,-0.00164865,0.119427,0.0996706,0.102357,0.0839856,4572.55,-2730.71,-2611.5,-0.0326687,0.0594246,-14.856,3572.36,2946.02,-402.5,0.0470087,-0.00655433,-15.3129,4879.57,-3654.25,-1382.08,-0.0450176,0.0215173,-13.7446,3470.58,2684.97,-1295.41,0.0488356,0.0277182,-15.0775
3.859,43.5505,-1.7437,4.94972,-0.537208,1.23339,-1.96685,-0.495695,-0.0145935,0.00572698,2719.14,1,0.0538243,0,0.46475,-0.288744,-0.253869,0.000895516,-0.00166168,0.119326,0.0994858,0.102394,0.0839374,4578.67,-2726.44,-2644.51,-0.0325622,0.0602544,-14.8652,3568.81,2965.2,-400.296,0.0475686,-0.00678117,-15.314,4883.41,-3716.04,-1387.63,-0.0461708,0.0217258,-13.7306,3467.27,2709.6,-1296.81,0.0496894,0.0279602,-15.0803
3.869,43.5929,-1.76978,4.94942,-0.540153,1.23791,-1.98268,-0.497638,-0.0146597,0.00567843,2719.97,1,0.0540223,0,0.46725,-0.290508,-0.255298,0.000905161,-0.00164783,0.119228,0.0992993,0.102432,0.0838881,4576.37,-2789.69,-2595.72,-0.0337435,0.0599146,-14.8763,3568.28,2988.28,-390.23,0.0481354,-0.00718214,-15.3137,4886.38,-3790.39,-1368.28,-0.0474379,0.0215373,-13.7276,3465.34,2768.33,-1278.48,0.0513608,0.0279027,-15.0824
3.879,43.6352,-1.79609,4.94931,-0.543336,1.33433,-2.00979,-0.500866,-0.0147239,0.00562927,2720.89,1,0.0541746,0,0.46975,-0.292092,-0.256623,0.000895233,-0.0016532,0.119122,0.0991135,0.102468,0.0838423,4581.97,-2769.52,-2637.96,-0.0333155,0.0607888,-14.885,3565.33,2989.76,-401.102,0.0482872,-0.00707178,-15.3155,4887.32,-3742.45,-1392.1,-0.0466524,0.0218434,-13.7369,3460.75,2757.51,-1290.21,0.0512957,0.028202,-15.0781
3.889,43.6773,-1.82264,4.94901,-0.546308,1.2108,-1.94784,-0.503082,-0.0147875,0.00557975,2721.65,1,0.0543321,0,0.47225,-0.293796,-0.258013,0.000900105,-0.00165232,0.119016,0.0989253,0.102505,0.0837944,4586.05,-2767.02,-2659.46,-0.0332194,0.0613681,-14.8992,3563.2,2991.64,-401.918,0.0483884,-0.00715173,-15.3117,4889.97,-3699.21,-1404.35,-0.0458606,0.0219505,-13.7535,3457.95,2747.38,-1296.12,0.0511296,0.0283268,-15.0681
3.899,43.7193,-1.84942,4.949,-0.54966,1.72461,-2.25631,-0.506825,-0.0148501,0.00552973,2722.55,1,0.0545504,0,0.47475,-0.29536,-0.259309,0.000890118,-0.00165829,0.118905,0.0987386,0.102538,0.0837494,4584.09,-2867.15,-2597.14,-0.0352335,0.061232,-14.9091,3562.46,3062.33,-384.391,0.0502381,-0.00798855,-15.3129,4890.38,-3872.66,-1361.69,-0.048993,0.0215912,-13.7395,3456.46,2855.73,-1250.65,0.0541611,0.0279094,-15.0765
3.909,43.7611,-1.87642,4.94861,-0.552476,1.34707,-2.05367,-0.508536,-0.0149127,0.0054795,2723.48,1,0.0546828,0,0.47725,-0.297099,-0.260726,0.000894606,-0.00165767,0.118798,0.0985501,0.102575,0.0837025,4589.25,-2810.97,-2652.41,-0.0340112,0.061929,-14.92,3559.45,3024,-391.02,0.0492916,-0.00771848,-15.3129,4894.78,-3796.9,-1399.35,-0.0476593,0.022059,-13.7401,3451.71,2826.62,-1279.5,0.0537078,0.0285462,-15.0778
3.919,43.8028,-1.90367,4.94846,-0.555601,1.41918,-2.04289,-0.511419,-0.0149742,0.00542872,2724.36,1,0.0548413,0,0.47975,-0.298695,-0.262039,0.000885856,-0.00165955,0.118685,0.0983623,0.102608,0.0836577,4594.97,-2772.99,-2702.4,-0.0331884,0.0627632,-14.9335,3556.15,3006.17,-399.275,0.0489263,-0.00754183,-15.31,4897.04,-3778.59,-1412.93,-0.0473583,0.0222452,-13.7486,3448.6,2828.72,-1281.1,0.0539009,0.0286507,-15.073
3.929,43.8444,-1.93114,4.94822,-0.55862,1.32679,-1.94415,-0.513878,-0.015036,0.00537744,2725.18,1,0.0550019,0,0.48225,-0.300371,-0.263401,0.000886306,-0.00166296,0.118572,0.0981728,0.102643,0.0836121,4600.79,-2742.05,-2750.79,-0.0325165,0.0636738,-14.9505,3552.51,2985.27,-399.499,0.0484574,-0.00750065,-15.3029,4899.22,-3693.07,-1443.33,-0.0458787,0.0225751,-13.7681,3444.78,2789.99,-1298.45,0.0529496,0.0288888,-15.0596
3.939,43.8858,-1.95885,4.94798,-0.561651,1.37714,-2.00193,-0.516297,-0.015098,0.0053258,2726,1,0.0551853,0,0.48475,-0.30208,-0.264793,0.000886563,-0.0016668,0.118458,0.0979824,0.102678,0.0835659,4601.06,-2745.65,-2750.5,-0.0325077,0.0637825,-14.9712,3550.42,2980.53,-381.1,0.0483029,-0.00790566,-15.2924,4901.18,-3675.96,-1430.56,-0.0454265,0.022305,-13.7891,3442.94,2779.04,-1299.54,0.0526593,0.0288618,-15.0419
3.949,43.927,-1.98679,4.94766,-0.564627,1.28769,-2.02662,-0.518439,-0.0151596,0.00527373,2726.89,1,0.0553548,0,0.48725,-0.303817,-0.2662,0.000894695,-0.00166267,0.118343,0.0977904,0.102713,0.0835196,4602.68,-2729.91,-2767.2,-0.0320997,0.064066,-14.9906,3548.99,2964.6,-368.744,0.0478654,-0.00812664,-15.2838,4903.18,-3665.18,-1426.88,-0.0451645,0.0222089,-13.8014,3440.45,2761.98,-1306.74,0.0522687,0.0289673,-15.0259
3.959,43.9681,-2.01497,4.94758,-0.567798,1.2519,-1.80945,-0.521571,-0.0152204,0.00522105,2727.73,1,0.0554798,0,0.48975,-0.305405,-0.26748,0.000882211,-0.00166957,0.118222,0.097598,0.102745,0.0834762,4615,-2663.16,-2867.71,-0.0307154,0.0658931,-15.0041,3544.84,2911.68,-380.782,0.0466449,-0.00766609,-15.2807,4908.18,-3510.4,-1501.29,-0.0427866,0.0231524,-13.8025,3435.35,2680.95,-1351.19,0.0503747,0.0296561,-15.0196
3.969,44.009,-2.04338,4.94737,-0.571148,1.63387,-2.19952,-0.524629,-0.0152833,0.00516773,2728.45,1,0.0557142,0,0.49225,-0.307092,-0.268837,0.000880521,-0.00167199,0.118101,0.0974029,0.102779,0.0834318,4611.03,-2768.8,-2784.54,-0.0328046,0.0652228,-15.012,3543.41,2995.71,-370.602,0.048826,-0.00845916,-15.2819,4908.61,-3686.18,-1427.74,-0.04548,0.0222435,-13.8148,3433.83,2800.54,-1293.2,0.0535881,0.0289847,-15.0189
3.979,44.0497,-2.07203,4.94712,-0.574124,1.42124,-2.05888,-0.527042,-0.0153464,0.00511382,2729.41,1,0.0558376,0,0.49475,-0.308785,-0.270197,0.000879834,-0.00167256,0.117978,0.097205,0.102812,0.0833876,4619.42,-2766.82,-2818.65,-0.0327097,0.0661601,-15.0173,3540.94,3005.23,-392.773,0.0492334,-0.00818264,-15.2887,4913.6,-3756.37,-1461.15,-0.047009,0.0229652,-13.7689,3428.5,2824.19,-1304.84,0.0547375,0.0295798,-15.0388
3.989,44.0903,-2.10091,4.94685,-0.577153,1.2995,-1.88745,-0.529424,-0.0154096,0.00505937,2730.24,1,0.0560136,0,0.49725,-0.31046,-0.271544,0.000878469,-0.00167544,0.117856,0.0970075,0.102847,0.0833425,4627.31,-2764.29,-2857.62,-0.0326303,0.067268,-15.0255,3535.46,3008.96,-407.463,0.0495318,-0.00801887,-15.2907,4916.95,-3730.47,-1477.62,-0.0465725,0.0231794,-13.7742,3424.58,2825.61,-1315.38,0.0550709,0.0299527,-15.0369
3.999,44.1308,-2.13003,4.94661,-0.580344,1.55723,-2.1251,-0.532293,-0.0154723,0.00500423,2731.06,1,0.0562364,0,0.49975,-0.312161,-0.272902,0.000876641,-0.00167782,0.117731,0.096808,0.102882,0.083298,4624.96,-2832.19,-2807.91,-0.0339942,0.0670102,-15.0341,3535.84,3059.5,-389.22,0.0508453,-0.00878098,-15.2924,4917.71,-3815.31,-1443.68,-0.0479786,0.0227761,-13.7832,3422.7,2896.84,-1280.05,0.0572011,0.0295769,-15.0368
4.009,44.171,-2.15938,4.94635,-0.583548,1.62371,-2.17215,-0.535631,-0.015532,0.00494827,2732.16,1,0.0564312,0,0.5,-0.312597,-0.273057,0.000877117,-0.00167244,0.117594,0.0966136,0.102915,0.0832544,4631.37,-2917.88,-2759.98,-0.0357774,0.0669507,-15.0025,3532.57,3133.85,-376.658,0.0530449,-0.00956518,-15.3362,4919.78,-3883.51,-1448.25,-0.0493876,0.0230189,-13.7704,3419.86,2958.88,-1270.32,0.0595316,0.0299009,-15.0494
4.019,44.2111,-2.18897,4.94627,-0.586106,1.56227,-2.02155,-0.537286,-0.0155863,0.00489135,2733.01,1,0.0565381,0,0.5,-0.312706,-0.272904,0.000869718,-0.00168717,0.117476,0.0964075,0.102947,0.083214,4627.16,-2903.49,-2748.07,-0.0354048,0.0663871,-15.0112,3536.78,3141.36,-320.388,0.0529316,-0.0106998,-15.3364,4921.54,-3798.97,-1465.45,-0.0477568,0.0231047,-13.7945,3417.5,2939.09,-1277.78,0.0589688,0.029977,-15.0398
4.029,44.251,-2.21878,4.94619,-0.588193,1.44499,-1.96903,-0.53791,-0.0156249,0.00483229,2733.79,1,0.0566012,0,0.5,-0.312916,-0.272814,0.000881589,-0.00167868,0.117363,0.0961917,0.102976,0.0831791,4617.46,-2912.46,-2716.9,-0.0356019,0.0657631,-15.0119,3544.61,3161.58,-277.046,0.0531701,-0.0116638,-15.3442,4919.64,-3669.77,-1476.65,-0.0453544,0.0230094,-13.829,3419.47,2918.38,-1281.11,0.0581502,0.0298528,-15.0329
4.039,44.2908,-2.24881,4.9464,-0.589957,1.45057,-1.89662,-0.538707,-0.0156407,0.0047706,2734.51,1,0.0565938,0,0.5,-0.312986,-0.272642,0.000876328,-0.0016812,0.117236,0.0959834,0.102995,0.0831554,4607.25,-2939.47,-2687.12,-0.0362792,0.065531,-15.0064,3552.69,3211.2,-256.929,0.0544052,-0.012398,-15.3588,4916.49,-3755.9,-1459.01,-0.0469343,0.0229113,-13.8117,3424.42,2993.52,-1257.84,0.0605298,0.0297806,-15.056
4.049,44.3304,-2.27906,4.94699,-0.591842,2.30329,-2.30898,-0.540967,-0.015634,0.0047065,2735.14,1,0.0566384,0,0.5,-0.313129,-0.272512,0.00086884,-0.00168484,0.117096,0.0957872,0.103008,0.0831416,4586.08,-3082.2,-2550.85,-0.0395552,0.0643815,-15.0015,3563.11,3320.05,-226.16,0.057573,-0.0138657,-15.3717,4905.93,-4007.17,-1358.68,-0.0515699,0.0217959,-13.7967,3435.12,3152.76,-1181.16,0.0655441,0.0288695,-15.0808
4.059,44.3698,-2.30953,4.9471,-0.592631,1.66436,-1.98659,-0.539922,-0.0156061,0.00464025,2735.53,1,0.0564921,0,0.5,-0.313236,-0.272358,0.000872312,-0.00168329,0.116937,0.0956051,0.103012,0.0831396,4579.46,-3067.2,-2561.39,-0.0393302,0.0645631,-14.9878,3569.87,3330.9,-230.22,0.0577322,-0.0138208,-15.3908,4903.79,-4017.55,-1395.76,-0.0521729,0.0225127,-13.7542,3441.26,3187.32,-1191.06,0.0670372,0.0294305,-15.1214
4.069,44.4091,-2.34022,4.94738,-0.593408,1.34385,-1.74266,-0.539495,-0.0155617,0.00457265,2735.95,1,0.0563796,0,0.5,-0.313392,-0.27224,0.000874841,-0.00168215,0.116762,0.0954374,0.103011,0.0831478,4573.99,-2991.67,-2630.62,-0.0378185,0.0654302,-14.988,3573.66,3310.64,-240.029,0.0569419,-0.0134139,-15.3959,4897.13,-3841.17,-1442.93,-0.0488704,0.0229301,-13.7801,3449.36,3172.64,-1209.73,0.066317,0.0296995,-15.1327
4.079,44.4482,-2.37111,4.94783,-0.594379,1.64801,-1.93841,-0.540015,-0.0155054,0.00450434,2736.15,1,0.0563375,0,0.5,-0.313568,-0.272128,0.000873268,-0.00168188,0.116571,0.0952825,0.102999,0.0831671,4560.78,-3045.29,-2573.43,-0.0391114,0.0649336,-14.9897,3579.85,3345.44,-217.245,0.0578687,-0.0141398,-15.3978,4888.87,-3825,-1416.52,-0.0484682,0.0224574,-13.8013,3459.27,3242.2,-1176.61,0.0684959,0.0292525,-15.1531
4.089,44.4872,-2.40222,4.94824,-0.594979,1.71347,-1.97558,-0.539962,-0.0154426,0.0044361,2736.36,1,0.0562609,0,0.5,-0.313735,-0.272013,0.000872996,-0.00168107,0.116366,0.0951373,0.102981,0.0831947,4551.86,-3101.08,-2522.62,-0.0404614,0.0646093,-14.9846,3584.02,3387.11,-205.951,0.0591697,-0.0147117,-15.4059,4881.68,-3861.17,-1391.03,-0.0491433,0.0221268,-13.8049,3467.46,3296.65,-1152.53,0.0703041,0.0289624,-15.1695
4.099,44.526,-2.43354,4.94862,-0.595399,1.57221,-1.91434,-0.539578,-0.0153773,0.00436892,2736.72,1,0.0561533,0,0.5,-0.313921,-0.271909,0.000873595,-0.00167792,0.116155,0.095001,0.102957,0.083228,4548.09,-3068.16,-2545.82,-0.0397624,0.064787,-14.9846,3585.22,3373.87,-204.894,0.0586529,-0.0145962,-15.4099,4877.21,-3776.46,-1411.98,-0.0476474,0.0223168,-13.8139,3472.63,3284.83,-1158.97,0.0695622,0.0289296,-15.176
4.109,44.5646,-2.46506,4.94905,-0.595755,1.49504,-1.74842,-0.539447,-0.0153129,0.00430312,2736.89,1,0.056069,0,0.5,-0.314142,-0.271836,0.000873153,-0.00168065,0.11594,0.0948699,0.10293,0.0832654,4548.83,-3027.7,-2596.31,-0.0389548,0.0656051,-14.9902,3584.8,3353.08,-197.463,0.0579199,-0.0145573,-15.4069,4872.42,-3692.74,-1419.77,-0.046132,0.0222845,-13.8353,3476.6,3287.73,-1162.5,0.0695715,0.0289991,-15.1817
4.119,44.6031,-2.4968,4.94946,-0.596156,1.54959,-1.85906,-0.539488,-0.015252,0.00423896,2736.97,1,0.055985,0,0.5,-0.31433,-0.27173,0.000876327,-0.00167739,0.115722,0.0947422,0.102899,0.0833033,4545.23,-3037.21,-2579.7,-0.0391589,0.0653452,-14.9943,3586.05,3353.27,-176.748,0.0578407,-0.0149719,-15.4041,4868.26,-3671.14,-1403.54,-0.0456646,0.0219724,-13.8521,3480.34,3290.41,-1164.55,0.0695539,0.0290237,-15.1796
4.129,44.6414,-2.52874,4.9499,-0.596411,1.53543,-1.8482,-0.539421,-0.0151952,0.0041768,2737.2,1,0.0558872,0,0.5,-0.314528,-0.271637,0.000877974,-0.00167442,0.115506,0.0946169,0.102867,0.0833416,4546.07,-3021.95,-2598.25,-0.0388353,0.0656334,-14.998,3584.96,3342.39,-171.769,0.0574901,-0.014976,-15.4029,4865.55,-3670.46,-1404.56,-0.0457026,0.0220012,-13.8501,3481.18,3276.77,-1159.19,0.0687264,0.028688,-15.1773
4.139,44.6795,-2.56088,4.95037,-0.596675,1.55799,-1.79482,-0.539523,-0.0151436,0.00411657,2737.34,1,0.0558027,0,0.5,-0.314732,-0.271553,0.000877372,-0.00167496,0.115294,0.0944922,0.102834,0.0833781,4548.09,-2996.88,-2623.52,-0.0382666,0.0659227,-15.0065,3583.68,3320.3,-164.799,0.0567634,-0.014924,-15.3964,4863.73,-3641.69,-1406.84,-0.0451999,0.0219874,-13.8575,3481.67,3272.11,-1160.36,0.068497,0.0286642,-15.176
4.149,44.7175,-2.59323,4.9508,-0.596977,1.66736,-1.87273,-0.539749,-0.0150978,0.00405804,2737.42,1,0.0557304,0,0.5,-0.314932,-0.271465,0.000880235,-0.00167201,0.115086,0.0943666,0.102801,0.0834121,4547.92,-3031.88,-2599.27,-0.0390591,0.0658442,-15.008,3583.54,3343.06,-152.799,0.0575225,-0.0153703,-15.3965,4861.48,-3742.83,-1377.97,-0.0469841,0.0217132,-13.8438,3481.72,3316.81,-1136.95,0.0702504,0.0284353,-15.188
4.159,44.7553,-2.62578,4.95115,-0.597156,1.4439,-1.81948,-0.539692,-0.0150568,0.00400119,2737.53,1,0.055606,0,0.5,-0.315116,-0.271367,0.000881743,-0.00167098,0.114884,0.0942419,0.102769,0.0834423,4552.62,-2994.01,-2637,-0.0381739,0.066226,-15.0063,3581.68,3312.61,-156.589,0.0565509,-0.0150248,-15.3993,4863.3,-3620.65,-1429.96,-0.0449743,0.0223475,-13.8407,3478.78,3270.43,-1166.49,0.0686787,0.0288879,-15.1932
4.169,44.7929,-2.65853,4.95163,-0.597484,1.7303,-1.89924,-0.540274,-0.0150205,0.00394559,2737.62,1,0.0555683,0,0.5,-0.315309,-0.271278,0.000881327,-0.0016702,0.114687,0.0941157,0.102738,0.0834693,4552.5,-3045.12,-2605.39,-0.0393624,0.0662303,-15.0058,3581.38,3343.97,-146.518,0.0576132,-0.015511,-15.4009,4860.48,-3709.56,-1392.69,-0.0464548,0.021902,-13.8418,3479.22,3316.33,-1138.91,0.0703971,0.0285379,-15.1988
4.179,44.8304,-2.69149,4.95192,-0.597466,1.53292,-1.73228,-0.539659,-0.0149873,0.00389116,2737.75,1,0.055501,0,0.5,-0.315502,-0.271196,0.000885271,-0.00166625,0.114496,0.0939882,0.102709,0.083493,4556.25,-3052.16,-2611.05,-0.0395248,0.0664813,-15.0027,3580.68,3353.92,-147.237,0.0579845,-0.0155808,-15.4055,4860.16,-3775.99,-1385.14,-0.0477243,0.0219219,-13.8278,3477.9,3346.78,-1127.38,0.0718148,0.0285538,-15.2102
4.189,44.8676,-2.72464,4.95217,-0.597551,1.57081,-1.76718,-0.539528,-0.0149562,0.00383781,2738,1,0.0554772,0,0.5,-0.315733,-0.271142,0.000892827,-0.00166501,0.114313,0.0938619,0.102682,0.0835135,4554.87,-3084.05,-2588.36,-0.0402785,0.0664297,-15.0037,3580.61,3375.49,-137.01,0.058734,-0.0159911,-15.4076,4858.59,-3810.67,-1362.29,-0.0482821,0.0216056,-13.8329,3478.24,3385.87,-1106.36,0.073463,0.0283477,-15.2206
4.199,44.9048,-2.75799,4.95241,-0.597579,1.40406,-1.65061,-0.539293,-0.0149258,0.00378534,2738.2,1,0.0554227,0,0.5,-0.315908,-0.271048,0.000897488,-0.00166275,0.114132,0.0937371,0.102655,0.0835319,4559.31,-3065.57,-2628.87,-0.039949,0.0673024,-15.0066,3579.74,3366.79,-120.923,0.0584269,-0.0162412,-15.4073,4857.65,-3823.7,-1349.9,-0.0484714,0.0214206,-13.8337,3478.14,3386.96,-1119.49,0.0738225,0.028785,-15.2224
4.209,44.9417,-2.79154,4.95292,-0.597943,1.69242,-1.83319,-0.540295,-0.014896,0.00373342,2738.28,1,0.0553445,0,0.5,-0.316023,-0.270915,0.000886994,-0.00166631,0.113952,0.0936137,0.102628,0.0835497,4557.17,-3073.38,-2606.72,-0.040043,0.0667837,-15.0081,3579.68,3366.92,-128.712,0.0584461,-0.0160771,-15.4069,4856.77,-3707.11,-1389.34,-0.0464436,0.021855,-13.849,3477.84,3347.16,-1125.38,0.0717955,0.0284962,-15.2136
4.219,44.9785,-2.82528,4.95327,-0.598101,1.70224,-1.83257,-0.54049,-0.0148674,0.00368211,2738.3,1,0.0552761,0,0.5,-0.316189,-0.270823,0.000888059,-0.00166686,0.113777,0.09349,0.102603,0.0835653,4558.28,-3072.71,-2614.61,-0.0400488,0.0670171,-15.0058,3578.96,3362.25,-124.932,0.0582988,-0.0161107,-15.4093,4856.27,-3660.97,-1402.32,-0.0456532,0.0219836,-13.8527,3477.86,3327.35,-1134.76,0.0709509,0.0285599,-15.2129
4.229,45.0151,-2.85922,4.95351,-0.598069,1.57123,-1.69636,-0.539961,-0.01484,0.00363125,2738.3,1,0.055234,0,0.5,-0.316353,-0.270733,0.000889291,-0.00166539,0.113605,0.0933665,0.102578,0.0835804,4560.7,-3071.26,-2626.16,-0.0400405,0.0673224,-15.0044,3578.84,3363.92,-126.244,0.0583638,-0.0160894,-15.4113,4856.08,-3713.01,-1390.13,-0.0465759,0.0218853,-13.8499,3478.71,3363.98,-1118.57,0.0725023,0.0284629,-15.2239
4.239,45.0515,-2.89335,4.95367,-0.598066,1.36408,-1.64991,-0.539584,-0.0148138,0.00358104,2738.53,1,0.0551837,0,0.5,-0.316566,-0.270673,0.000898257,-0.00166128,0.113439,0.0932449,0.102556,0.0835943,4562.7,-3065.67,-2641.45,-0.0399436,0.0676827,-15.0055,3577.19,3371.13,-125.783,0.0586757,-0.0161726,-15.4125,4855.39,-3685.53,-1403.13,-0.046147,0.0220557,-13.8463,3477.95,3372.37,-1120.88,0.0730511,0.0286531,-15.2359
4.249,45.0877,-2.92768,4.95412,-0.598383,1.74989,-1.79543,-0.540539,-0.014788,0.00353126,2738.58,1,0.055166,0,0.5,-0.316662,-0.27055,0.000892308,-0.00166416,0.11327,0.0931256,0.102533,0.083609,4560.23,-3111.91,-2603.04,-0.0410285,0.0674376,-15.0067,3578.37,3393.84,-117.866,0.059447,-0.0165455,-15.4128,4853.58,-3728.73,-1380.66,-0.0468575,0.0217655,-13.85,3479.38,3399.55,-1105.11,0.0741325,0.028454,-15.2383
4.259,45.1238,-2.9622,4.95436,-0.59843,1.7525,-1.76682,-0.540438,-0.0147636,0.0034822,2738.75,1,0.055148,0,0.5,-0.316818,-0.270461,0.000891767,-0.00166272,0.113107,0.0930069,0.102511,0.0836225,4560.15,-3129.82,-2592.53,-0.0414667,0.0674767,-15.0089,3578.01,3408.63,-112.31,0.0599986,-0.0168035,-15.4127,4852.55,-3800.96,-1362.24,-0.0481896,0.0216105,-13.8403,3479.89,3436.01,-1091.21,0.0758926,0.0284569,-15.2494
4.269,45.1597,-2.9969,4.95453,-0.598351,1.4937,-1.65213,-0.540052,-0.0147404,0.00343393,2738.93,1,0.0550926,0,0.5,-0.316991,-0.270396,0.00089618,-0.00166146,0.112948,0.0928897,0.102491,0.0836341,4562.4,-3092.26,-2623.09,-0.0405536,0.0676569,-15.0127,3576.37,3386.04,-112.574,0.0592243,-0.0165803,-15.4109,4852.62,-3718.46,-1383.28,-0.0466905,0.0217932,-13.8511,3480.14,3400.62,-1124.16,0.0745826,0.0290721,-15.2428
4.279,45.1954,-3.0318,4.95478,-0.598433,1.62036,-1.69783,-0.539929,-0.0147179,0.00338635,2738.99,1,0.05509,0,0.5,-0.317151,-0.270322,0.000896448,-0.0016613,0.112792,0.0927739,0.102472,0.0836457,4560.74,-3097.74,-2621.44,-0.0407225,0.0677651,-15.0149,3576.56,3383.4,-93.516,0.0590978,-0.0169479,-15.4093,4851.01,-3692.02,-1377.86,-0.0461606,0.0216476,-13.8673,3481.13,3400.95,-1100.48,0.0740042,0.0282875,-15.2377
4.289,45.2309,-3.06689,4.9551,-0.598643,1.57362,-1.67503,-0.540543,-0.0146955,0.00333939,2739.09,1,0.0550125,0,0.5,-0.317263,-0.270214,0.000893174,-0.00166199,0.112636,0.0926597,0.102452,0.0836583,4566.3,-3041.32,-2682.98,-0.0394337,0.0685352,-15.0169,3574.67,3346.04,-104.586,0.0578402,-0.0163654,-15.4089,4853.14,-3540.92,-1440.78,-0.0437267,0.0224138,-13.8639,3479.24,3355.13,-1135.09,0.0723473,0.0288727,-15.2452
4.299,45.2662,-3.10216,4.9553,-0.598646,1.67568,-1.63985,-0.54031,-0.0146755,0.00329291,2738.98,1,0.0550441,0,0.5,-0.317401,-0.270124,0.000898123,-0.00166366,0.112481,0.0925452,0.102434,0.0836695,4564.37,-3099.51,-2634.5,-0.0407862,0.068178,-15.0181,3575.42,3383.15,-92.341,0.059127,-0.0169658,-15.4066,4850.29,-3646.52,-1389.5,-0.045381,0.0217565,-13.8775,3481.11,3426.34,-1096.79,0.0753766,0.0284894,-15.2504
4.309,45.3014,-3.13762,4.95551,-0.598792,1.8378,-1.77617,-0.540516,-0.0146566,0.00324737,2739.17,1,0.0550482,0,0.5,-0.317534,-0.270034,0.000894938,-0.0016617,0.112333,0.0924333,0.102418,0.0836795,4563.01,-3091.8,-2640.35,-0.0406218,0.0682516,-15.0197,3575.57,3376.45,-71.1454,0.0588562,-0.017341,-15.4074,4848.4,-3617.54,-1375.23,-0.0447642,0.0214572,-13.8973,3482.62,3408.8,-1093.52,0.0742041,0.0281319,-15.2409
4.319,45.3364,-3.17326,4.95558,-0.59865,1.49494,-1.65351,-0.539635,-0.014638,0.00320257,2739.38,1,0.0550057,0,0.5,-0.317742,-0.270025,0.0009082,-0.00165588,0.11219,0.0923207,0.102403,0.0836887,4566.01,-3065.07,-2668.54,-0.0399922,0.0685761,-15.0221,3574.14,3360.37,-83.1529,0.0583385,-0.0169355,-15.4075,4850.16,-3573.96,-1411.86,-0.0441791,0.0219941,-13.8802,3481.38,3396.79,-1101.82,0.0737826,0.0282728,-15.2521
4.329,45.3712,-3.20909,4.95593,-0.598792,1.68853,-1.63833,-0.54017,-0.0146201,0.00315818,2739.24,1,0.0549977,0,0.5,-0.317829,-0.269891,0.0008985,-0.00165945,0.112043,0.0922116,0.102386,0.0836996,4566.95,-3091.71,-2653.87,-0.0406315,0.0686341,-15.0211,3574.5,3376.21,-73.6751,0.0588864,-0.0172795,-15.4075,4848.84,-3617.93,-1389.71,-0.0448647,0.0217068,-13.8872,3482.54,3421,-1093.76,0.0749094,0.0282933,-15.2524
4.339,45.4058,-3.24511,4.95614,-0.598862,1.6631,-1.62096,-0.54029,-0.0146031,0.0031146,2739.52,1,0.0549778,0,0.5,-0.317951,-0.269797,0.000897016,-0.00165732,0.111902,0.0921038,0.102371,0.0837092,4568.77,-3067.57,-2678.53,-0.0400721,0.0689223,-15.0228,3573.08,3360.81,-75.9926,0.058382,-0.0170841,-15.4085,4849.16,-3580.86,-1417.88,-0.0443638,0.0221172,-13.8818,3481.77,3398.34,-1103.94,0.073894,0.0283539,-15.2526
4.349,45.4402,-3.2813,4.95637,-0.599026,1.9409,-1.75332,-0.540694,-0.0145871,0.00307166,2739.57,1,0.0550019,0,0.5,-0.318102,-0.269728,0.00089811,-0.00165761,0.111765,0.0919968,0.102357,0.0837183,4565.48,-3110.26,-2642.97,-0.0411022,0.068717,-15.0253,3574.32,3390.49,-58.7907,0.0594022,-0.0177306,-15.4071,4846.61,-3688.56,-1359.75,-0.0460354,0.0213439,-13.8867,3484.08,3441.52,-1078.93,0.0756718,0.0280425,-15.2531
4.359,45.4744,-3.31768,4.95654,-0.598936,1.72524,-1.62715,-0.540295,-0.0145713,0.00302938,2739.64,1,0.054963,0,0.5,-0.318232,-0.269652,0.000898363,-0.00165902,0.111629,0.0918911,0.102343,0.0837269,4568.53,-3074.17,-2674.87,-0.0402251,0.068959,-15.0314,3572.99,3365.6,-63.2846,0.0585445,-0.0173882,-15.402,4847.91,-3628.28,-1389.29,-0.0450712,0.0217251,-13.8832,3483.26,3418.41,-1096.43,0.0747767,0.0283321,-15.2525
4.369,45.5084,-3.35424,4.95669,-0.599029,1.75066,-1.69355,-0.540326,-0.0145567,0.00298777,2739.75,1,0.054959,0,0.5,-0.318364,-0.269575,0.000899676,-0.00165842,0.111496,0.0917872,0.10233,0.0837346,4568.16,-3075.44,-2675.54,-0.0402656,0.0690266,-15.0302,3573.2,3366.36,-49.4304,0.0585531,-0.0176818,-15.4047,4847.28,-3603.9,-1388.81,-0.0446202,0.0216695,-13.8903,3483.8,3405.14,-1099.17,0.0740514,0.0282442,-15.2492
4.379,45.5422,-3.39097,4.9569,-0.599028,1.78226,-1.66758,-0.540326,-0.0145423,0.00294673,2739.83,1,0.0549553,0,0.5,-0.318511,-0.269512,0.000901151,-0.00165759,0.111366,0.0916844,0.102318,0.0837431,4567.77,-3085.48,-2670.97,-0.0405234,0.0691052,-15.0336,3573.02,3372.98,-44.809,0.0587955,-0.017842,-15.4024,4846.74,-3655.5,-1377.85,-0.0455262,0.0215887,-13.8823,3484.21,3426.38,-1088.76,0.0750039,0.0281656,-15.2546
4.389,45.5759,-3.42789,4.95705,-0.599041,1.66984,-1.66043,-0.540185,-0.0145283,0.00290633,2739.85,1,0.054928,0,0.5,-0.318607,-0.269412,0.000899981,-0.00165826,0.111236,0.0915837,0.102307,0.08375,4569.86,-3048.38,-2700.44,-0.0396216,0.0692698,-15.0367,3572.23,3346.33,-43.1557,0.0578649,-0.0176108,-15.3998,4847.22,-3542.12,-1403.22,-0.0435812,0.0217944,-13.8993,3484.37,3372.71,-1114.76,0.0725689,0.0283367,-15.2399
4.399,45.6094,-3.46498,4.95721,-0.598985,1.58746,-1.57084,-0.539898,-0.0145149,0.0028665,2739.88,1,0.0549247,0,0.5,-0.318769,-0.269365,0.000903467,-0.00165661,0.111111,0.0914834,0.102297,0.0837561,4572.54,-3010.94,-2741.35,-0.0387868,0.0698236,-15.0451,3570.61,3321.65,-32.9885,0.0570448,-0.0175884,-15.3919,4845.6,-3460.43,-1402.69,-0.042143,0.021636,-13.928,3485.78,3325.27,-1131.19,0.0703454,0.0282761,-15.2176
4.409,45.6426,-3.50225,4.95745,-0.599083,1.72493,-1.60239,-0.540091,-0.0145011,0.00282726,2739.98,1,0.0549268,0,0.5,-0.318873,-0.269278,0.000900345,-0.00165739,0.110986,0.0913855,0.102284,0.083764,4571.17,-3001.02,-2748.52,-0.0385726,0.0698979,-15.0506,3571.72,3309.14,-1.00232,0.0565553,-0.0181212,-15.3878,4845.48,-3513.79,-1392.03,-0.0430215,0.0215551,-13.9192,3487.07,3327.44,-1126.98,0.0703027,0.0281461,-15.2142
4.419,45.6757,-3.53969,4.95767,-0.599155,1.8351,-1.65911,-0.540282,-0.0144883,0.00278863,2740.02,1,0.0549229,0,0.5,-0.318988,-0.269202,0.000899612,-0.00166066,0.110866,0.091289,0.102273,0.0837717,4568.89,-3020.93,-2724.92,-0.0390067,0.0695654,-15.0527,3571.3,3315.69,-3.82328,0.0567963,-0.018126,-15.3864,4845.02,-3629.85,-1371.09,-0.0450197,0.021426,-13.8935,3487.14,3349.16,-1114.1,0.0711542,0.0279896,-15.2233
4.429,45.7085,-3.57731,4.95788,-0.599245,1.75769,-1.63091,-0.540548,-0.0144757,0.00275056,2740.1,1,0.0548828,0,0.5,-0.319087,-0.269118,0.000899843,-0.00166025,0.110744,0.0911938,0.102263,0.0837785,4573.92,-2972.14,-2776.61,-0.0378858,0.0702055,-15.054,3569.68,3286.61,-7.04357,0.0558572,-0.017785,-15.3859,4846.34,-3517.3,-1409.25,-0.0431852,0.021853,-13.8985,3486.64,3295,-1145.43,0.0690679,0.0283644,-15.2156
4.439,45.7412,-3.6151,4.95799,-0.599174,1.74987,-1.59394,-0.540087,-0.0144643,0.00271296,2740.01,1,0.0549138,0,0.5,-0.319234,-0.269068,0.000903145,-0.00165602,0.110626,0.0910986,0.102254,0.0837852,4571.84,-3012.41,-2740.03,-0.0388053,0.0698479,-15.055,3570.29,3305.35,10.704,0.0564642,-0.0183244,-15.3841,4844.64,-3627.5,-1374.46,-0.0450048,0.0214812,-13.8934,3487.96,3341.81,-1120.16,0.0708531,0.0280801,-15.2197
4.449,45.7737,-3.65306,4.95815,-0.59918,1.72619,-1.56791,-0.540178,-0.0144528,0.00267583,2740.11,1,0.054908,0,0.5,-0.319316,-0.268981,0.00090097,-0.00165676,0.110509,0.0910052,0.102244,0.0837923,4574.62,-3000.46,-2765.94,-0.0385905,0.0704384,-15.0549,3569.56,3315.08,6.06421,0.0568262,-0.0183226,-15.3861,4844.42,-3657.42,-1369.42,-0.0455404,0.0214569,-13.8892,3488.26,3346.21,-1119.13,0.0710435,0.0280921,-15.2216
4.459,45.806,-3.69119,4.95831,-0.59912,1.63739,-1.54206,-0.539964,-0.0144417,0.00263936,2740.14,1,0.0548874,0,0.5,-0.319456,-0.268931,0.00090522,-0.00165489,0.110397,0.0909139,0.102236,0.0837978,4574.94,-2948.39,-2802.45,-0.0373596,0.0705928,-15.064,3568.79,3265.89,18.0534,0.0551759,-0.0180971,-15.3772,4844.3,-3551.78,-1388.38,-0.0437013,0.021571,-13.9076,3488.79,3273.06,-1149.26,0.0679704,0.0282066,-15.1985
4.469,45.8381,-3.72949,4.95849,-0.599236,1.7345,-1.56749,-0.540143,-0.0144301,0.0026034,2740.24,1,0.0548977,0,0.5,-0.31953,-0.26884,0.000904583,-0.00165255,0.110284,0.0908243,0.102227,0.0838048,4575.44,-2932.94,-2813.65,-0.0369894,0.0706475,-15.0713,3568.36,3254.28,25.1755,0.0548021,-0.0181324,-15.3714,4844.08,-3559.09,-1387.36,-0.0438314,0.0215688,-13.9045,3489.27,3269.54,-1149.37,0.0677811,0.0281643,-15.1975
4.479,45.8699,-3.76796,4.95865,-0.599349,1.95977,-1.64645,-0.540276,-0.0144201,0.00256803,2740.34,1,0.0549455,0,0.5,-0.319683,-0.268808,0.000905277,-0.00165453,0.110175,0.0907345,0.102219,0.0838112,4571.89,-2986.2,-2764.78,-0.0382051,0.0701671,-15.0721,3569.77,3285.64,39.493,0.0557984,-0.0187201,-15.3717,4842.46,-3677.68,-1348.63,-0.0458145,0.0211467,-13.8956,3490.54,3324.93,-1115.93,0.0697754,0.027715,-15.2063
4.489,45.9016,-3.8066,4.95882,-0.599376,1.92148,-1.61647,-0.540396,-0.0144108,0.00253311,2740.38,1,0.0549324,0,0.5,-0.319764,-0.268727,0.000899304,-0.00165962,0.110064,0.0906463,0.10221,0.083818,4573.82,-2977.45,-2774.96,-0.0379892,0.0702926,-15.07,3568.83,3279.95,37.6873,0.0556363,-0.0186283,-15.3743,4843.82,-3675.59,-1363.37,-0.045856,0.0213926,-13.8837,3489.45,3319.88,-1119.66,0.0696518,0.0277936,-15.2121
4.499,45.9331,-3.84541,4.9589,-0.599426,1.84673,-1.59471,-0.540232,-0.0144026,0.00249873,2740.54,1,0.0549454,0,0.5,-0.319861,-0.268658,0.000905238,-0.00165319,0.109958,0.0905584,0.102202,0.0838243,4576.31,-2994.77,-2772.36,-0.0384111,0.0705241,-15.067,3568.48,3299.94,30.1277,0.0563296,-0.0186641,-15.3797,4845.04,-3803.3,-1353.35,-0.0483018,0.021495,-13.8438,3488.53,3382.98,-1104.1,0.0726612,0.0280418,-15.2438
4.509,45.9644,-3.88438,4.959,-0.599469,1.77293,-1.46665,-0.540233,-0.0143957,0.00246469,2740.57,1,0.0549778,0,0.5,-0.319953,-0.268585,0.000905364,-0.00165241,0.109853,0.0904709,0.102196,0.0838301,4580.71,-2986.17,-2796.75,-0.038252,0.0711023,-15.0624,3566.71,3294.63,20.5352,0.0562076,-0.0184189,-15.3848,4845.48,-3770.62,-1367.85,-0.0477378,0.0216738,-13.8449,3487.34,3404.97,-1101.61,0.0738852,0.0282507,-15.2609
4.519,45.9954,-3.92351,4.95909,-0.599504,1.85197,-1.52378,-0.540276,-0.0143888,0.00243106,2740.69,1,0.0550114,0,0.5,-0.320055,-0.268522,0.000905391,-0.00165718,0.10975,0.0903847,0.10219,0.0838349,4578.3,-3015.74,-2767.31,-0.0389271,0.0707709,-15.0606,3567.43,3319.76,26.9904,0.0570508,-0.0187946,-15.3875,4845.43,-3791.08,-1358,-0.0480799,0.0215471,-13.8467,3487.55,3439.48,-1083.23,0.0754329,0.0280851,-15.2704
4.529,46.0263,-3.96281,4.95928,-0.599736,2.22165,-1.63272,-0.541068,-0.0143816,0.00239792,2740.79,1,0.0550717,0,0.5,-0.320174,-0.268472,0.000904002,-0.00165429,0.109651,0.0903003,0.102185,0.08384,4575.4,-3052.28,-2739.46,-0.0398242,0.0706788,-15.0615,3568.55,3347.32,39.3442,0.0579897,-0.0193307,-15.3884,4842.44,-3824.69,-1326.41,-0.0485836,0.0210793,-13.862,3489.27,3474.64,-1059.95,0.07688,0.0277466,-15.2737
4.539,46.0569,-4.00227,4.95934,-0.599565,1.83388,-1.4591,-0.540455,-0.0143731,0.00236501,2740.79,1,0.055041,0,0.5,-0.320254,-0.268397,0.000904714,-0.00165367,0.10955,0.0902163,0.102179,0.0838453,4580.64,-3020.3,-2777.97,-0.03908,0.0712095,-15.0572,3566.43,3323.35,20.4826,0.0572112,-0.0186925,-15.3929,4845.56,-3776.49,-1372.94,-0.0478944,0.0217773,-13.8414,3487.37,3455.33,-1085.65,0.076438,0.028372,-15.2853
4.549,46.0874,-4.04189,4.95949,-0.59977,2.2507,-1.61857,-0.541131,-0.0143644,0.00233252,2740.87,1,0.0551176,0,0.5,-0.320351,-0.268329,0.000905085,-0.00165389,0.109452,0.0901341,0.102174,0.0838504,4575.57,-3076.29,-2727.91,-0.040428,0.0708183,-15.0592,3568.91,3364.78,39.3191,0.0586106,-0.0195007,-15.3919,4841.58,-3850.76,-1321,-0.0491008,0.0210482,-13.8597,3490.16,3505.73,-1048.13,0.0784671,0.0277518,-15.2849
4.559,46.1176,-4.08167,4.95954,-0.599606,1.95437,-1.47943,-0.540551,-0.0143551,0.0023005,2740.93,1,0.0551083,0,0.5,-0.320461,-0.268281,0.000906261,-0.00165266,0.109354,0.090053,0.102168,0.0838559,4579.04,-3039.4,-2764.68,-0.0395533,0.0712156,-15.0626,3567.44,3340.41,31.3253,0.0577797,-0.0190806,-15.3893,4843.22,-3789.92,-1354.49,-0.0480682,0.0214926,-13.8554,3489.15,3489.17,-1065.45,0.0779118,0.0281206,-15.2901
4.569,46.1477,-4.12161,4.95962,-0.59957,1.81765,-1.44492,-0.540319,-0.0143458,0.00226894,2741.02,1,0.0551066,0,0.5,-0.320541,-0.268208,0.000904701,-0.00165407,0.109258,0.0899743,0.102162,0.0838608,4580.81,-3007.85,-2793.51,-0.0388126,0.0714996,-15.0627,3566.33,3320.45,33.2461,0.0571095,-0.0189203,-15.3904,4843.34,-3670.86,-1381.12,-0.0458991,0.0216944,-13.874,3489.35,3440.49,-1090.07,0.075537,0.0282835,-15.2786
4.579,46.1775,-4.16171,4.95982,-0.59964,1.81739,-1.42162,-0.540451,-0.0143369,0.00223775,2740.97,1,0.0550907,0,0.5,-0.32065,-0.26816,0.000903494,-0.00165375,0.109163,0.0898964,0.102157,0.0838651,4583.05,-2970.87,-2827.61,-0.0379462,0.071852,-15.0694,3565.15,3288.49,37.6924,0.0560417,-0.0187012,-15.3835,4843.31,-3542.58,-1405.45,-0.0436626,0.021851,-13.8973,3490.07,3359.47,-1123.8,0.0717325,0.0283572,-15.2498
4.589,46.2071,-4.20197,4.95984,-0.599647,1.70248,-1.4732,-0.540072,-0.0143286,0.00220691,2740.99,1,0.0550974,0,0.5,-0.320742,-0.268098,0.000907131,-0.00165224,0.109068,0.0898185,0.102151,0.0838708,4584.27,-2980.47,-2824.91,-0.0381748,0.0719434,-15.0722,3564.69,3304.45,34.2597,0.0566058,-0.0187863,-15.3813,4843.61,-3558.78,-1402.8,-0.0439365,0.0218369,-13.8933,3489.86,3367.52,-1117.73,0.0720425,0.028263,-15.2523
4.599,46.2365,-4.24238,4.95996,-0.599626,1.64924,-1.35973,-0.540014,-0.0143214,0.00217657,2741,1,0.0551229,0,0.5,-0.32086,-0.268058,0.0009093,-0.00165197,0.108976,0.0897418,0.102147,0.0838751,4586.08,-2957.42,-2849.74,-0.0376526,0.0722897,-15.0702,3564.72,3279.82,54.1637,0.0557559,-0.0189547,-15.3838,4842.71,-3498.03,-1411.98,-0.0429104,0.0218782,-13.9068,3490.77,3346.95,-1130.22,0.071171,0.0284004,-15.2469
4.609,46.2657,-4.28294,4.96009,-0.599691,1.82321,-1.37435,-0.540042,-0.0143143,0.00214648,2741.06,1,0.0551774,0,0.5,-0.320923,-0.267977,0.000904299,-0.00165603,0.108882,0.0896655,0.102141,0.0838813,4584.44,-2996.6,-2817.36,-0.0385721,0.0720383,-15.0715,3565.21,3314.54,48.7606,0.0569372,-0.0191804,-15.3836,4840.85,-3651.24,-1364.04,-0.0454418,0.0213667,-13.9,3491.92,3408.02,-1094.44,0.0736307,0.0279702,-15.2532
4.619,46.2947,-4.32366,4.96019,-0.599788,2.09866,-1.4939,-0.540201,-0.0143082,0.00211707,2741.21,1,0.0552408,0,0.5,-0.321086,-0.26797,0.000911142,-0.00165038,0.108795,0.08959,0.102137,0.0838845,4577.66,-3045.26,-2763.46,-0.0397061,0.0713693,-15.074,3566.97,3335.5,65.0692,0.0576211,-0.0197293,-15.3826,4838.75,-3654.84,-1337.34,-0.0453595,0.020921,-13.9158,3493.46,3413.93,-1078.42,0.0735242,0.027505,-15.2443
4.629,46.3235,-4.36453,4.96043,-0.599929,2.32185,-1.53332,-0.540812,-0.014301,0.00208784,2741.22,1,0.055252,0,0.5,-0.32114,-0.267891,0.000907119,-0.00165562,0.108705,0.0895163,0.102132,0.0838897,4576.39,-3068.27,-2744.57,-0.0402585,0.0712528,-15.0723,3567.23,3346.46,69.0635,0.058007,-0.019925,-15.3844,4838.22,-3731.57,-1316.85,-0.0467082,0.020726,-13.9044,3494.68,3411.78,-1079.95,0.0733688,0.027505,-15.2384
4.639,46.352,-4.40555,4.96054,-0.599802,2.0578,-1.46238,-0.540525,-0.0142932,0.00205896,2741.26,1,0.0552137,0,0.5,-0.321178,-0.267806,0.000905431,-0.00165847,0.108616,0.0894438,0.102126,0.0838947,4580.39,-3033.46,-2780.97,-0.0394328,0.0716719,-15.0735,3566.12,3328.05,66.4849,0.0573841,-0.0196785,-15.3842,4840.29,-3732.6,-1344.62,-0.0468925,0.0212039,-13.8843,3493.94,3376.18,-1101.91,0.0719484,0.0277924,-15.2356
4.649,46.3804,-4.44672,4.96058,-0.599709,1.80489,-1.41335,-0.54014,-0.0142853,0.00203059,2741.47,1,0.0551983,0,0.5,-0.321274,-0.26776,0.000911707,-0.00165345,0.108532,0.0893722,0.102121,0.0838991,4583.64,-2987.1,-2827.44,-0.0383634,0.0722284,-15.0743,3564.97,3306.21,71.2635,0.0566543,-0.0195585,-15.3855,4841.48,-3674.6,-1373.46,-0.0459467,0.0215774,-13.8776,3493.34,3341.44,-1125.07,0.0706442,0.0281289,-15.2362
4.659,46.4085,-4.48804,4.96073,-0.599831,1.75259,-1.39546,-0.540342,-0.0142776,0.0020025,2741.55,1,0.0551811,0,0.5,-0.321345,-0.267698,0.000908191,-0.00165209,0.108446,0.0893017,0.102115,0.0839047,4588.07,-2958.63,-2862,-0.0377048,0.0727436,-15.0759,3562.97,3293.26,51.4038,0.0562714,-0.0190221,-15.3851,4843.24,-3647.5,-1411.03,-0.045667,0.0221681,-13.8577,3491.42,3336.84,-1131.44,0.0706379,0.0283099,-15.25
4.669,46.4364,-4.52951,4.96082,-0.59984,1.96262,-1.42651,-0.540238,-0.0142716,0.00197457,2741.38,1,0.0552532,0,0.5,-0.321467,-0.267675,0.000910426,-0.00165005,0.10836,0.0892303,0.102111,0.0839092,4582.82,-3045.33,-2786.91,-0.0397657,0.072117,-15.0712,3565.07,3342.12,70.297,0.057923,-0.0199051,-15.3881,4840.86,-3769.11,-1351.34,-0.0476628,0.0214008,-13.8641,3493.25,3405.28,-1089.01,0.0732835,0.0277397,-15.2546
4.679,46.4641,-4.57112,4.96091,-0.599896,1.94575,-1.39361,-0.540352,-0.0142655,0.00194711,2741.56,1,0.0552803,0,0.5,-0.321504,-0.267588,0.000906287,-0.00165563,0.108276,0.0891613,0.102106,0.0839145,4584.82,-3027.79,-2800.09,-0.0393081,0.0721431,-15.076,3563.85,3336.25,55.1877,0.057751,-0.0195262,-15.3853,4841.67,-3725.09,-1365.54,-0.0468735,0.0215483,-13.8669,3492.7,3411.99,-1095.25,0.0738216,0.0280279,-15.2634
4.689,46.4916,-4.61288,4.96095,-0.600036,2.0946,-1.42363,-0.540471,-0.0142606,0.00192009,2741.73,1,0.0553513,0,0.5,-0.321617,-0.267561,0.000910917,-0.00164961,0.108196,0.0890912,0.102102,0.0839189,4584.54,-3064.01,-2781.99,-0.0402375,0.0723407,-15.072,3564.54,3367.14,62.1915,0.0588525,-0.0199973,-15.3917,4840.44,-3804.75,-1338.94,-0.0483032,0.0212654,-13.8584,3492.93,3473,-1066.43,0.0766958,0.0278613,-15.2862
4.699,46.5188,-4.65479,4.96105,-0.599999,1.99326,-1.35549,-0.540384,-0.0142557,0.0018933,2741.7,1,0.0553657,0,0.5,-0.321664,-0.267482,0.000908069,-0.00165078,0.108113,0.0890227,0.102099,0.0839229,4586.09,-3064.65,-2785.02,-0.0402501,0.0724286,-15.065,3563.39,3368.31,53.5287,0.0589334,-0.0198256,-15.3985,4841.53,-3752.59,-1362.6,-0.0474025,0.0215588,-13.8605,3491.84,3471.53,-1069.34,0.0767434,0.0279585,-15.2936
4.709,46.5458,-4.69684,4.96116,-0.600032,1.97428,-1.31377,-0.540553,-0.0142504,0.00186686,2741.82,1,0.0553816,0,0.5,-0.321733,-0.267421,0.000905485,-0.00165387,0.108034,0.0889555,0.102095,0.0839272,4587.64,-3052.93,-2802.14,-0.0399977,0.072753,-15.0666,3562.74,3361.12,50.873,0.0586904,-0.0196948,-15.3979,4840.15,-3713.22,-1372.32,-0.0467154,0.021648,-13.8629,3490.54,3461.28,-1083,0.0765295,0.0282978,-15.2951
4.719,46.5727,-4.73902,4.96125,-0.60001,2.02005,-1.32389,-0.540417,-0.0142446,0.00184065,2741.75,1,0.0554112,0,0.5,-0.321829,-0.267386,0.000909189,-0.00165009,0.107956,0.0888884,0.102092,0.0839299,4586.03,-3075.14,-2783.48,-0.0405427,0.072634,-15.0701,3563.53,3375.35,59.8747,0.0591919,-0.0200314,-15.3939,4839.88,-3720.8,-1356.3,-0.0467512,0.0213847,-13.88,3493.08,3469.68,-1073.12,0.0766424,0.0280327,-15.2845
4.729,46.5993,-4.78135,4.96129,-0.600035,2.05913,-1.36529,-0.540409,-0.0142379,0.0018148,2741.93,1,0.0554479,0,0.5,-0.32192,-0.267348,0.000910945,-0.0016491,0.107879,0.0888224,0.102089,0.0839334,4585.1,-3067.47,-2787.79,-0.0403586,0.0726399,-15.0685,3564.01,3372.66,67.6947,0.0590778,-0.0201644,-15.3977,4839.01,-3643.48,-1363.26,-0.0453181,0.0213455,-13.8997,3494.09,3448.92,-1079.26,0.0754895,0.0279458,-15.2786
4.739,46.6256,-4.82382,4.96141,-0.599962,1.90873,-1.26841,-0.540168,-0.0142305,0.00178932,2741.94,1,0.0554455,0,0.5,-0.321984,-0.267289,0.000910045,-0.00164931,0.107801,0.0887586,0.102084,0.0839369,4588.63,-3026.16,-2829.27,-0.0393803,0.0731162,-15.0723,3561.96,3340.31,60.8795,0.0579613,-0.0196835,-15.3944,4841.37,-3579.8,-1390.52,-0.0442737,0.0216769,-13.9031,3494.39,3414.7,-1093.03,0.0738251,0.0279576,-15.2717
4.749,46.6518,-4.86643,4.96146,-0.599956,1.839,-1.27746,-0.540012,-0.0142234,0.00176406,2742,1,0.0554613,0,0.5,-0.322067,-0.267245,0.000910895,-0.00164879,0.107725,0.0886956,0.102081,0.0839413,4588.63,-3009.09,-2842.25,-0.0389698,0.0732028,-15.076,3561.62,3327.93,67.8613,0.0575299,-0.019703,-15.3912,4839.24,-3529.69,-1396.95,-0.0434322,0.0216976,-13.9117,3493.87,3397.43,-1106.56,0.0731934,0.0281892,-15.2666
4.759,46.6777,-4.90917,4.96162,-0.600001,1.88549,-1.27658,-0.540177,-0.0142164,0.00173924,2742.04,1,0.0554657,0,0.5,-0.322147,-0.267198,0.00090983,-0.0016492,0.10765,0.0886337,0.102076,0.0839455,4589.02,-2999.75,-2851.06,-0.038749,0.0733067,-15.081,3561.33,3321.92,73.3483,0.0573267,-0.0197571,-15.387,4838.97,-3558.98,-1375.45,-0.0438268,0.0213863,-13.9079,3494.85,3388.55,-1118.79,0.0729175,0.0284511,-15.2628
4.769,46.7034,-4.95206,4.96175,-0.600142,2.07246,-1.36065,-0.540486,-0.0142099,0.00171468,2742.08,1,0.0554929,0,0.5,-0.322199,-0.267128,0.000909099,-0.0016488,0.107573,0.0885721,0.102071,0.0839501,4587,-3025.86,-2827.38,-0.0393705,0.0730941,-15.0792,3562.36,3339.62,84.4426,0.0579292,-0.0201704,-15.3895,4838.58,-3601.69,-1375.95,-0.0446252,0.0214818,-13.9024,3495.33,3399.04,-1100.63,0.0730705,0.0279927,-15.2626
4.779,46.7289,-4.99507,4.96184,-0.60014,2.08789,-1.34762,-0.540275,-0.0142044,0.0016905,2742.11,1,0.055522,0,0.5,-0.32229,-0.267092,0.00092003,-0.00164452,0.1075,0.0885102,0.102067,0.083954,4586.31,-3035.33,-2817.56,-0.0395863,0.0729719,-15.0794,3562.8,3345.78,92.8245,0.0581412,-0.0204087,-15.3899,4838.36,-3621.53,-1366.07,-0.0449328,0.0213525,-13.9013,3495.42,3411.45,-1094.68,0.0736204,0.0279513,-15.2671
4.789,46.7541,-5.03822,4.96198,-0.600235,2.36332,-1.34116,-0.540678,-0.0141993,0.00166661,2742.24,1,0.0555846,0,0.5,-0.322374,-0.267053,0.000909012,-0.00164859,0.107427,0.0884496,0.102064,0.0839589,4583.07,-3071.87,-2785.94,-0.0404867,0.0727544,-15.0847,3564.12,3367.48,110.504,0.0589058,-0.021017,-15.3863,4835.78,-3724.45,-1325.82,-0.0466724,0.0208784,-13.902,3496.86,3466.72,-1061.19,0.0759533,0.0275338,-15.2728
4.799,46.7792,-5.0815,4.96203,-0.600159,2.12867,-1.30922,-0.540353,-0.0141945,0.00164318,2742.29,1,0.0555754,0,0.5,-0.322461,-0.267019,0.000910296,-0.00164869,0.107356,0.0883898,0.102059,0.0839612,4586.9,-3027.76,-2827.88,-0.0394187,0.0731716,-15.0838,3561.88,3340.35,99.4464,0.0579789,-0.0204963,-15.3873,4837.65,-3650.94,-1356.09,-0.0454317,0.0212429,-13.902,3496.03,3422.1,-1085.66,0.0739819,0.0277815,-15.2681
4.809,46.804,-5.12492,4.96206,-0.600058,1.77344,-1.20869,-0.539904,-0.0141893,0.00161991,2742.34,1,0.0555567,0,0.5,-0.322535,-0.266978,0.000913415,-0.001647,0.107286,0.0883303,0.102056,0.0839644,4594.24,-2958.62,-2898.62,-0.0377815,0.0740118,-15.0868,3559.18,3302.71,87.3804,0.0567231,-0.019858,-15.3856,4839.27,-3560.43,-1397.96,-0.0439996,0.0217757,-13.8987,3494.64,3391.19,-1109.17,0.0728638,0.0281817,-15.2705
4.819,46.8285,-5.16846,4.96219,-0.600136,2.00372,-1.243,-0.540061,-0.0141848,0.00159666,2742.25,1,0.0556095,0,0.5,-0.322612,-0.266937,0.000911741,-0.00164858,0.107215,0.0882709,0.102053,0.083968,4589.25,-3017.56,-2843.49,-0.0391852,0.0734597,-15.0859,3560.95,3332.3,101.987,0.0577207,-0.0204648,-15.3854,4837.69,-3634.81,-1361.62,-0.0451632,0.0213055,-13.9044,3495.9,3425.96,-1087.33,0.074243,0.0278839,-15.2702
4.829,46.8529,-5.21213,4.96231,-0.600148,2.0166,-1.2541,-0.540139,-0.01418,0.00157376,2742.37,1,0.0556154,0,0.5,-0.322671,-0.266887,0.000912136,-0.00164781,0.107146,0.0882127,0.102049,0.0839714,4589.17,-3016.01,-2845.76,-0.0391534,0.073514,-15.0898,3560.9,3332.47,103.702,0.0577295,-0.0205011,-15.3834,4837.92,-3645.51,-1365.06,-0.0453865,0.0213862,-13.8984,3496.1,3409.51,-1093.93,0.073457,0.027891,-15.2654
4.839,46.877,-5.25593,4.96242,-0.600191,2.05366,-1.23143,-0.540207,-0.0141749,0.00155117,2742.5,1,0.0556447,0,0.5,-0.322708,-0.266822,0.000910231,-0.00164778,0.107078,0.0881557,0.102046,0.0839751,4588.96,-3011.01,-2848.83,-0.0390301,0.0735182,-15.0935,3560.31,3329.03,105.592,0.0576266,-0.0205063,-15.3812,4837.64,-3653.55,-1361.72,-0.045521,0.0213461,-13.8972,3496.48,3411.74,-1094.1,0.0735624,0.0279159,-15.2652
4.849,46.9009,-5.29986,4.96265,-0.600474,2.55135,-1.30107,-0.54118,-0.0141699,0.00152882,2742.58,1,0.0557028,0,0.5,-0.322759,-0.266762,0.000919464,-0.00165449,0.107011,0.0880997,0.102043,0.0839777,4583.71,-3046.98,-2808.2,-0.0398751,0.072996,-15.0922,3561.92,3345.62,121.467,0.0581841,-0.021018,-15.3829,4834.8,-3715.23,-1319.97,-0.0464668,0.0207615,-13.9091,3499.17,3429.31,-1080.48,0.0740908,0.0276452,-15.2571
4.859,46.9245,-5.34391,4.96264,-0.600197,1.82428,-1.21054,-0.540192,-0.0141644,0.00150664,2742.48,1,0.0556076,0,0.5,-0.322852,-0.266747,0.000913024,-0.00164726,0.106944,0.0880427,0.102039,0.0839804,4595.26,-2938.46,-2920.4,-0.037314,0.0743556,-15.0958,3558.17,3279.53,106.568,0.055957,-0.0200213,-15.3787,4839.82,-3517.79,-1414.98,-0.0433279,0.0219819,-13.8979,3495.49,3329.04,-1137.67,0.0701502,0.02834,-15.2531
4.869,46.948,-5.38809,4.96274,-0.600365,1.95525,-1.22024,-0.540367,-0.0141596,0.00148447,2742.45,1,0.0556496,0,0.5,-0.322894,-0.266682,0.000909891,-0.00164325,0.106875,0.087986,0.102036,0.083985,4594.85,-2956.63,-2906.5,-0.0377426,0.0742687,-15.0947,3558.66,3287.66,111.029,0.0562232,-0.0201929,-15.3799,4839.81,-3466.73,-1419.45,-0.0424436,0.0219595,-13.908,3495.22,3343.86,-1131.62,0.0707972,0.0283245,-15.2611
4.879,46.9712,-5.43239,4.96275,-0.600389,2.08823,-1.20103,-0.540159,-0.0141567,0.0014625,2742.53,1,0.0557395,0,0.5,-0.322988,-0.266664,0.000913953,-0.00164729,0.10681,0.0879285,0.102033,0.0839885,4592.44,-3015.39,-2857.67,-0.0391437,0.0738798,-15.0915,3559.78,3332.94,113.914,0.0577898,-0.0207212,-15.3839,4837.61,-3642.5,-1360.87,-0.0453049,0.0213088,-13.9017,3496.49,3446.54,-1077.69,0.0751673,0.0278179,-15.2843
4.889,46.9941,-5.47681,4.96285,-0.600403,2.14213,-1.17025,-0.540219,-0.0141537,0.00144089,2742.81,1,0.0557776,0,0.5,-0.323065,-0.266635,0.000914985,-0.00164603,0.106747,0.0878727,0.10203,0.0839922,4590.63,-3055.59,-2826.86,-0.0401362,0.0737357,-15.089,3560.11,3367.33,108.306,0.0590393,-0.0209717,-15.3894,4837.9,-3777.59,-1346.84,-0.047852,0.021355,-13.8681,3496.01,3499.49,-1054.98,0.0778459,0.027771,-15.3048
4.899,47.0169,-5.52135,4.96294,-0.600442,2.10068,-1.1574,-0.540414,-0.0141502,0.0014195,2742.9,1,0.0557878,0,0.5,-0.323129,-0.266593,0.000915405,-0.0016458,0.106684,0.0878184,0.102028,0.0839948,4592.61,-3051.41,-2838.3,-0.0400575,0.0740223,-15.0864,3558.84,3365.64,96.807,0.0590126,-0.0207125,-15.3928,4838.89,-3750.55,-1361.4,-0.0473979,0.0215458,-13.8628,3495.19,3493.78,-1064.75,0.0777795,0.0280329,-15.3106
4.909,47.0394,-5.56601,4.96301,-0.600411,2.02783,-1.11857,-0.540272,-0.0141461,0.00139811,2742.8,1,0.0558092,0,0.5,-0.323168,-0.266528,0.000913695,-0.00164641,0.106619,0.0877641,0.102026,0.0839977,4594.43,-3046.45,-2847.16,-0.0399419,0.0741915,-15.0844,3558.52,3360.49,97.1352,0.0588324,-0.0206597,-15.3939,4838.64,-3678.2,-1368.73,-0.0460285,0.0215159,-13.8827,3495.53,3485.21,-1073.1,0.0774281,0.0281856,-15.3073
4.919,47.0616,-5.61079,4.96312,-0.60051,2.22191,-1.1789,-0.540601,-0.0141412,0.00137707,2742.96,1,0.055841,0,0.5,-0.323214,-0.266466,0.000909631,-0.00165207,0.106558,0.0877109,0.102023,0.084001,4591.11,-3077.06,-2817.85,-0.040695,0.0739176,-15.0832,3560.06,3387.61,105.445,0.0598052,-0.0211276,-15.3974,4837.24,-3748.43,-1348.58,-0.0472885,0.021323,-13.8751,3496.61,3504.44,-1057.14,0.078168,0.0278955,-15.3117
4.929,47.0837,-5.65569,4.96321,-0.600497,2.21126,-1.13616,-0.540629,-0.0141357,0.0013563,2743.07,1,0.0558699,0,0.5,-0.323295,-0.266442,0.000912322,-0.0016468,0.106496,0.0876581,0.102021,0.0840042,4591.44,-3068.9,-2829.96,-0.0405331,0.0741767,-15.0821,3559.86,3381.67,106.906,0.0595875,-0.0210924,-15.3993,4836.24,-3740.8,-1343,-0.0471125,0.0212124,-13.8783,3496.79,3504.93,-1063.87,0.0783516,0.02812,-15.312
4.939,47.1054,-5.7007,4.9632,-0.600393,2.08498,-1.1416,-0.540088,-0.0141299,0.00133584,2743.13,1,0.0558985,0,0.5,-0.323401,-0.266438,0.000918444,-0.00164427,0.106436,0.0876058,0.102018,0.0840074,4590.63,-3074.75,-2821.91,-0.0406584,0.0740369,-15.0833,3560.05,3388.94,107.318,0.0598579,-0.0211786,-15.3993,4836.72,-3753.58,-1350.9,-0.0474177,0.0213779,-13.8715,3496.74,3534.75,-1046.5,0.0798448,0.0279556,-15.3282
4.949,47.127,-5.74583,4.96336,-0.600555,2.33474,-1.14826,-0.540605,-0.0141238,0.00131562,2743.22,1,0.0559399,0,0.5,-0.323423,-0.266361,0.000913704,-0.00164078,0.106373,0.0875556,0.102013,0.0840123,4589.43,-3107.03,-2798.41,-0.0414771,0.0739779,-15.0796,3560.94,3413.94,113.406,0.0608008,-0.0215903,-15.4042,4836.08,-3797.92,-1338.93,-0.0482399,0.0212705,-13.8653,3496.83,3569.45,-1026.32,0.0816602,0.0277706,-15.3415
4.959,47.1483,-5.79107,4.96343,-0.600527,2.2697,-1.09625,-0.54059,-0.0141183,0.00129569,2743.27,1,0.0559662,0,0.5,-0.323489,-0.266324,0.0009124,-0.00164634,0.106313,0.0875057,0.10201,0.084016,4591.2,-3097.53,-2810.4,-0.0412444,0.0741554,-15.08,3559.86,3407.97,103.286,0.0605967,-0.0213041,-15.4044,4836.17,-3775.57,-1348.82,-0.0478561,0.0213935,-13.8672,3496.52,3579.13,-1027,0.0823785,0.027943,-15.35
4.969,47.1694,-5.83642,4.96349,-0.600506,2.21205,-1.03611,-0.540534,-0.0141127,0.00127596,2743.3,1,0.056001,0,0.5,-0.323525,-0.266268,0.00091124,-0.00164685,0.106251,0.0874566,0.102007,0.0840198,4593.44,-3078.01,-2833.28,-0.0407867,0.0744895,-15.0798,3559.27,3394.35,105.484,0.0600919,-0.0211969,-15.405,4835.76,-3713.31,-1360.79,-0.0467051,0.0214664,-13.8836,3496.46,3578.41,-1029.27,0.0823939,0.0280113,-15.3504
4.979,47.1903,-5.88188,4.96356,-0.600502,2.2268,-1.03292,-0.540464,-0.0141073,0.00125656,2743.38,1,0.056029,0,0.5,-0.323603,-0.266243,0.00091219,-0.00164434,0.106193,0.0874084,0.102003,0.0840235,4592.95,-3072.87,-2835.92,-0.0406559,0.0744801,-15.0858,3559.04,3391.87,110.794,0.0600098,-0.0212858,-15.4002,4835.42,-3701.75,-1359.96,-0.0464774,0.0214283,-13.8884,3496.52,3587.55,-1024.82,0.0829194,0.027995,-15.3533
4.989,47.2109,-5.92745,4.96374,-0.600678,2.60738,-1.05657,-0.541057,-0.0141024,0.00123741,2743.4,1,0.0560862,0,0.5,-0.323683,-0.266217,0.000911964,-0.00164607,0.106134,0.0873601,0.102,0.0840263,4588.33,-3115.57,-2793.52,-0.0417045,0.0740518,-15.0863,3560.05,3415.52,120,0.0609045,-0.021757,-15.3998,4832.33,-3786.68,-1315.05,-0.0478978,0.0208409,-13.8957,3498.79,3613.31,-1003.36,0.0840324,0.0275988,-15.3496
4.999,47.2312,-5.97313,4.96379,-0.600502,2.21736,-1.03755,-0.540529,-0.0140975,0.00121845,2743.38,1,0.0560366,0,0.5,-0.323736,-0.266176,0.00090965,-0.00164931,0.106075,0.087312,0.101996,0.0840301,4593.72,-3091,-2827,-0.0411179,0.0745758,-15.0888,3558.54,3407.81,114.694,0.0606513,-0.0215558,-15.3975,4835.59,-3762.21,-1349.96,-0.047604,0.0213862,-13.8729,3496.68,3585.49,-1027.88,0.0828442,0.0280658,-15.3536
5.009,47.2514,-6.01892,4.96386,-0.600641,2.40923,-1.04189,-0.540679,-0.0140934,0.00119972,2743.52,1,0.0561017,0,0.5,-0.323775,-0.266127,0.000913142,-0.00164639,0.106017,0.087264,0.101993,0.0840335,4590.75,-3100.16,-2806.55,-0.0412831,0.0741008,-15.0856,3560.18,3396.87,124.218,0.0601751,-0.0216233,-15.4022,4835.4,-3699.7,-1360.34,-0.0464404,0.0214305,-13.8835,3496.19,3603.23,-1015.95,0.0838406,0.0279369,-15.3662
5.019,47.2713,-6.06481,4.96392,-0.600574,2.27068,-0.979031,-0.540528,-0.0140899,0.00118126,2743.62,1,0.0561204,0,0.5,-0.323819,-0.26609,0.000912329,-0.00164684,0.105961,0.0872175,0.10199,0.0840361,4594.27,-3072.31,-2841.28,-0.0406432,0.0746484,-15.0891,3557.77,3393.04,116.221,0.0601068,-0.021421,-15.3998,4835.89,-3715.87,-1355.9,-0.0467174,0.0213859,-13.8875,3497.01,3611.94,-1012.74,0.0843335,0.0279423,-15.3659
5.029,47.2909,-6.1108,4.96393,-0.600484,2.2166,-0.956061,-0.540041,-0.0140867,0.00116295,2743.62,1,0.0561663,0,0.5,-0.323959,-0.266115,0.000918862,-0.00164342,0.105908,0.0871697,0.101989,0.0840383,4592.33,-3073.74,-2833.27,-0.0406547,0.0744305,-15.0966,3558.33,3383.78,125.547,0.0597405,-0.0215136,-15.3924,4834.41,-3689.78,-1352.65,-0.046208,0.0212794,-13.899,3496.64,3624.11,-1003.67,0.0850237,0.0278272,-15.3679
5.039,47.3103,-6.1569,4.96399,-0.600654,2.16092,-0.978439,-0.540283,-0.0140837,0.00114464,2743.64,1,0.0561665,0,0.5,-0.323963,-0.266043,0.00091422,-0.00164477,0.105851,0.0871227,0.101986,0.0840416,4597.45,-3043.75,-2867.68,-0.0399161,0.0748763,-15.0936,3557.08,3370.63,121.106,0.0592815,-0.0212756,-15.3959,4836.27,-3528.84,-1397.07,-0.0434611,0.0217112,-13.9136,3494.76,3599.93,-1023.21,0.083913,0.0281704,-15.3761
5.049,47.3295,-6.20311,4.9641,-0.600705,2.24482,-0.93788,-0.540449,-0.0140813,0.00112641,2743.65,1,0.0562043,0,0.5,-0.323987,-0.265982,0.00091259,-0.00164574,0.105795,0.0870761,0.101984,0.0840439,4597.24,-3067.71,-2853.11,-0.0405316,0.0749184,-15.0865,3556.31,3390.8,114.783,0.0600717,-0.0213696,-15.403,4835.27,-3576.99,-1378.59,-0.0442346,0.0214926,-13.9163,3495.42,3622.37,-1010.06,0.0851749,0.0280517,-15.3796
5.059,47.3484,-6.24941,4.9642,-0.600725,2.16594,-0.905219,-0.540428,-0.0140783,0.00110838,2743.78,1,0.0562103,0,0.5,-0.324028,-0.265934,0.000912489,-0.00164582,0.105742,0.08703,0.101981,0.0840467,4600.28,-3048.38,-2879.26,-0.0400918,0.0753736,-15.0873,3555.4,3382.97,111.31,0.0598008,-0.0212092,-15.404,4836.86,-3586.07,-1398.57,-0.0445154,0.0218494,-13.8981,3494.35,3628.01,-1009.82,0.0856906,0.0281591,-15.3912
5.069,47.3671,-6.29581,4.9643,-0.600728,2.20338,-0.889323,-0.540448,-0.0140754,0.00109035,2743.69,1,0.0562324,0,0.5,-0.324099,-0.265918,0.000913205,-0.00164517,0.105689,0.0869835,0.10198,0.0840483,4598.45,-3054.54,-2867.7,-0.0402161,0.0751296,-15.0962,3555.83,3377.39,116.658,0.0595777,-0.0212586,-15.394,4836.09,-3533.28,-1395.87,-0.0435363,0.0217,-13.9194,3495.01,3616.93,-1015.59,0.0849515,0.0281676,-15.3765
5.079,47.3856,-6.34231,4.96431,-0.600855,2.42251,-0.858416,-0.54042,-0.0140726,0.00107249,2743.87,1,0.0563336,0,0.5,-0.324153,-0.265883,0.00091401,-0.00164312,0.105636,0.0869365,0.101978,0.0840517,4595.66,-3090.01,-2834.07,-0.0410815,0.0747937,-15.0981,3557.99,3407.34,129.614,0.0606707,-0.0218673,-15.3946,4834.28,-3602.14,-1358.85,-0.0445835,0.0212068,-13.9286,3496.73,3683.94,-972.488,0.0889081,0.0277148,-15.3979
5.089,47.4037,-6.38891,4.9644,-0.600822,2.16767,-0.85599,-0.540431,-0.0140697,0.00105481,2743.99,1,0.0562956,0,0.5,-0.324211,-0.265853,0.000913577,-0.00164516,0.105583,0.086891,0.101976,0.0840534,4599.8,-3063.93,-2865.08,-0.040449,0.0752324,-15.0913,3555.54,3388.91,110.121,0.0600219,-0.0212434,-15.4019,4836.65,-3489.34,-1413.93,-0.0428556,0.0219222,-13.9169,3493.91,3638.43,-1009.97,0.086554,0.0283486,-15.3968
5.099,47.4217,-6.4356,4.96451,-0.600872,2.24001,-0.803143,-0.540622,-0.0140659,0.00103714,2743.98,1,0.0563371,0,0.5,-0.324254,-0.265809,0.000911618,-0.00164648,0.105531,0.0868465,0.101974,0.0840567,4599.6,-3078.02,-2858.01,-0.0408259,0.0753235,-15.0892,3555.23,3399.18,107.165,0.0604281,-0.0212965,-15.4044,4836.12,-3501.39,-1408.5,-0.0430435,0.0218544,-13.9176,3494.04,3664.03,-998.582,0.0882878,0.0283762,-15.4098
5.109,47.4394,-6.48239,4.9646,-0.601009,2.44619,-0.799518,-0.541031,-0.014062,0.00101963,2744.05,1,0.0563918,0,0.5,-0.324309,-0.265776,0.000909328,-0.0016507,0.10548,0.0868021,0.101972,0.0840601,4597.36,-3111.62,-2828.08,-0.0416564,0.0750786,-15.0854,3556.8,3424.3,110.723,0.061363,-0.0216547,-15.4091,4834.99,-3511.28,-1399.26,-0.0431771,0.0217195,-13.9221,3494.32,3700.16,-976.219,0.0906803,0.0282049,-15.4256
5.119,47.4569,-6.52927,4.96461,-0.600949,2.54058,-0.789747,-0.540668,-0.0140583,0.00100212,2744.02,1,0.0564604,0,0.5,-0.324436,-0.265799,0.000922404,-0.00164148,0.105428,0.0867556,0.101971,0.0840626,4595.05,-3191.22,-2764.77,-0.0436761,0.0747419,-15.0803,3558.63,3481.53,107.022,0.0636458,-0.022249,-15.4141,4832.72,-3757.94,-1334.16,-0.0474503,0.0211111,-13.8967,3495.82,3773.59,-927.296,0.0959522,0.0277711,-15.4448
5.129,47.4741,-6.57624,4.96478,-0.601076,2.65318,-0.738998,-0.541297,-0.0140534,0.000984842,2744.22,1,0.0564785,0,0.5,-0.324424,-0.265702,0.000915839,-0.00164639,0.105374,0.086713,0.101967,0.084067,4596.32,-3204.05,-2761.75,-0.0440372,0.0749326,-15.0744,3558.61,3494.7,98.2312,0.0641975,-0.0222112,-15.4219,4833.7,-3749.53,-1351.63,-0.0473935,0.0213952,-13.8844,3494.91,3778.03,-930.456,0.0966532,0.0280141,-15.4567
5.139,47.4911,-6.6233,4.96479,-0.600878,2.29413,-0.679965,-0.540635,-0.0140486,0.000967709,2744.26,1,0.0564728,0,0.5,-0.324486,-0.265678,0.000915676,-0.00164358,0.105323,0.0866692,0.101965,0.08407,4600.64,-3186.57,-2789.99,-0.0436402,0.0754597,-15.071,3556.94,3487.07,86.3828,0.0639203,-0.0218546,-15.426,4835.69,-3714.62,-1381.87,-0.0468873,0.0218406,-13.8725,3493.63,3770.75,-944.241,0.0965523,0.0284303,-15.4634
5.149,47.5078,-6.67045,4.96483,-0.600921,2.53526,-0.705213,-0.540808,-0.0140435,0.000950753,2744.33,1,0.0565438,0,0.5,-0.324587,-0.265673,0.000918639,-0.00164252,0.105274,0.0866268,0.101963,0.0840732,4595.5,-3219.69,-2752.9,-0.0444811,0.0750344,-15.0693,3559.03,3507.97,96.8354,0.0647548,-0.0223379,-15.4285,4832.66,-3730.51,-1352.36,-0.0470364,0.0213706,-13.8939,3495.26,3799.22,-918.77,0.0985087,0.0280146,-15.4678
5.159,47.5243,-6.71769,4.96485,-0.600767,2.1748,-0.65442,-0.540368,-0.0140375,0.000933989,2744.41,1,0.0565323,0,0.5,-0.324614,-0.265627,0.000921173,-0.00164124,0.105223,0.0865862,0.10196,0.084077,4602.43,-3180.98,-2803.04,-0.043537,0.0757852,-15.0712,3555.88,3492.71,78.3317,0.064195,-0.0217471,-15.4277,4834.55,-3661.64,-1392.52,-0.0459458,0.021915,-13.8862,3493.67,3788.15,-936.002,0.0981429,0.028493,-15.4733
5.169,47.5405,-6.76502,4.96495,-0.600863,2.44014,-0.646065,-0.540654,-0.0140321,0.000917439,2744.5,1,0.0565987,0,0.5,-0.324668,-0.265589,0.000916591,-0.00164299,0.105173,0.0865455,0.101957,0.0840809,4597.27,-3220.45,-2758.03,-0.0445137,0.0752106,-15.0654,3558.19,3512.11,93.9028,0.0649671,-0.0223251,-15.4342,4833,-3642.63,-1379.31,-0.0455102,0.0216501,-13.9039,3494.49,3806.74,-919.883,0.0995287,0.0282565,-15.4804
5.179,47.5565,-6.81243,4.96515,-0.601063,2.86707,-0.584344,-0.541388,-0.0140266,0.000901166,2744.64,1,0.0566684,0,0.5,-0.324707,-0.265548,0.000915729,-0.00164254,0.105122,0.0865056,0.101953,0.0840855,4593.29,-3266.28,-2716.29,-0.0457205,0.0749287,-15.0678,3559.3,3543.36,90.0855,0.0663179,-0.0226376,-15.4335,4830.78,-3765.05,-1338.93,-0.0476625,0.0212198,-13.8959,3495.49,3847.45,-887.39,0.103073,0.0279048,-15.4892
5.189,47.5722,-6.85992,4.96507,-0.600796,2.43221,-0.644505,-0.540496,-0.0140218,0.000885168,2744.64,1,0.0566477,0,0.5,-0.324805,-0.265548,0.000918761,-0.00164239,0.105073,0.0864652,0.10195,0.0840885,4595.62,-3249.21,-2731.61,-0.0452451,0.074999,-15.0634,3559.48,3523.97,92.8956,0.0654365,-0.0224377,-15.4382,4833.61,-3678.78,-1383.39,-0.046228,0.0217971,-13.8873,3493.5,3831.77,-906.421,0.102166,0.0283539,-15.4989
5.199,47.5877,-6.9075,4.96527,-0.600954,2.49424,-0.576164,-0.54111,-0.014017,0.000869318,2744.73,1,0.0566504,0,0.5,-0.324791,-0.265478,0.000916591,-0.00163921,0.105022,0.0864265,0.101946,0.0840924,4600.83,-3225.32,-2768.56,-0.0446889,0.0756734,-15.0634,3556.86,3522.47,74.9188,0.0654533,-0.0220314,-15.4392,4834.46,-3616.76,-1411.54,-0.0452226,0.0221508,-13.8865,3492.24,3828.51,-914.592,0.102294,0.0286506,-15.5032
5.209,47.603,-6.95516,4.96531,-0.600897,2.61728,-0.523627,-0.54089,-0.0140131,0.00085363,2744.69,1,0.0567249,0,0.5,-0.324857,-0.265462,0.000914052,-0.00164319,0.104973,0.0863863,0.101943,0.0840958,4596.94,-3288.25,-2706.13,-0.0462776,0.0750268,-15.0609,3558.6,3557.47,83.7368,0.0669889,-0.0226759,-15.4413,4832.88,-3713.04,-1371.26,-0.0468247,0.0216632,-13.8879,3492.98,3867.93,-883.568,0.10613,0.0283855,-15.5104
5.219,47.6179,-7.00289,4.9654,-0.600915,2.52077,-0.460532,-0.540884,-0.01401,0.000838357,2745,1,0.0567429,0,0.5,-0.324894,-0.265428,0.0009158,-0.00164305,0.104926,0.0863471,0.101939,0.0840982,4601.23,-3264.65,-2740.84,-0.0457258,0.0756391,-15.0656,3557.06,3555.76,66.8473,0.0669484,-0.0222739,-15.4399,4833.78,-3707.88,-1384.68,-0.0468066,0.0218838,-13.88,3492.19,3866.99,-888.191,0.106352,0.0285861,-15.5104
5.229,47.6327,-7.05071,4.96552,-0.601005,2.67756,-0.41881,-0.541142,-0.0140076,0.000823119,2744.96,1,0.056782,0,0.5,-0.324953,-0.265413,0.000914145,-0.00164258,0.104879,0.0863072,0.101936,0.0841009,4600.23,-3302.18,-2708.93,-0.0467041,0.0754411,-15.0575,3557.73,3575.34,67.5367,0.0678421,-0.0225472,-15.4473,4833.12,-3718.67,-1379.29,-0.0469919,0.0218162,-13.8822,3491.78,3880.67,-874.854,0.107803,0.0284273,-15.5175
5.239,47.6472,-7.09861,4.96558,-0.600953,2.57464,-0.393949,-0.541015,-0.014005,0.00080804,2745.04,1,0.0567969,0,0.5,-0.32498,-0.265364,0.00091514,-0.00164323,0.104832,0.086268,0.101934,0.0841029,4602.34,-3309.92,-2710.18,-0.0469372,0.0756486,-15.0535,3556.75,3585.57,55.2823,0.068357,-0.0224062,-15.452,4833.65,-3739.63,-1384.51,-0.0474421,0.0219542,-13.8737,3491.15,3886.72,-872.817,0.10876,0.0285466,-15.5226
5.249,47.6614,-7.14658,4.96567,-0.600924,2.62951,-0.330356,-0.540906,-0.0140025,0.000793123,2745.12,1,0.0568427,0,0.5,-0.325016,-0.26533,0.000915765,-0.00164287,0.104787,0.0862293,0.101931,0.084105,4601.36,-3326.35,-2696.49,-0.0473886,0.0755954,-15.0567,3557.36,3596.45,57.3236,0.0688623,-0.0225946,-15.4497,4833.09,-3757.89,-1382.98,-0.0478097,0.0219725,-13.877,3491.15,3901.41,-850.685,0.109949,0.0280295,-15.5212
5.259,47.6754,-7.19462,4.96568,-0.600916,2.60055,-0.347285,-0.540812,-0.014,0.00077836,2745.26,1,0.0568736,0,0.5,-0.325072,-0.265316,0.000918589,-0.00164016,0.104744,0.0861905,0.10193,0.0841065,4601.39,-3323.61,-2701.4,-0.0473424,0.0757195,-15.0534,3557.14,3596.37,61.3248,0.0688765,-0.0226894,-15.4546,4832.14,-3718.07,-1379.17,-0.0469956,0.0218171,-13.8921,3491.55,3902.49,-855.441,0.110327,0.0282581,-15.5256
5.269,47.6891,-7.24274,4.96573,-0.600926,2.62687,-0.377421,-0.540752,-0.013997,0.000763822,2745.36,1,0.0568998,0,0.5,-0.325141,-0.265317,0.000921524,-0.00164113,0.104701,0.0861522,0.101928,0.0841078,4598.24,-3342.77,-2674.59,-0.0477982,0.0752829,-15.0569,3558.54,3607.8,64.3017,0.0693809,-0.0229052,-15.4523,4832.17,-3754.43,-1363.14,-0.0476046,0.0216171,-13.8836,3492.09,3910.44,-862.729,0.112046,0.0288265,-15.5303
5.279,47.7026,-7.29093,4.96594,-0.600995,2.75007,-0.225683,-0.541104,-0.0139935,0.000749218,2745.3,1,0.0569313,0,0.5,-0.32514,-0.265235,0.000915007,-0.00164253,0.104655,0.0861157,0.101925,0.0841102,4601.08,-3338.08,-2690.73,-0.0477392,0.0757193,-15.0615,3556.93,3603.64,58.6997,0.0692405,-0.0227291,-15.4468,4831.33,-3731.17,-1366.25,-0.0471743,0.0216227,-13.8983,3492.01,3913.66,-849.035,0.111818,0.0283178,-15.5198
5.289,47.7159,-7.33919,4.96594,-0.601027,2.67291,-0.340711,-0.541018,-0.0139904,0.00073476,2745.42,1,0.056926,0,0.5,-0.32521,-0.265236,0.000919034,-0.00164164,0.104612,0.0860779,0.101923,0.0841117,4601.33,-3325.07,-2695.37,-0.047318,0.0755264,-15.0607,3556.07,3596.68,48.4136,0.0689188,-0.0223973,-15.4491,4832.58,-3617.7,-1401.84,-0.045201,0.021992,-13.9042,3490.76,3899.49,-863.793,0.110436,0.0285653,-15.523
5.299,47.7288,-7.38752,4.96588,-0.60092,2.43474,-0.367955,-0.540532,-0.0139876,0.000720274,2745.39,1,0.0569461,0,0.5,-0.32526,-0.265217,0.000926924,-0.00163976,0.104567,0.08604,0.101923,0.0841133,4604.52,-3330.75,-2704.11,-0.0475372,0.0759507,-15.0519,3555.54,3600.02,43.8271,0.0690995,-0.0223355,-15.4578,4833.31,-3594.04,-1416.88,-0.0448481,0.0222006,-13.9006,3490.04,3902.89,-863.135,0.11112,0.0286777,-15.5355
5.309,47.7416,-7.43592,4.9661,-0.600992,2.7238,-0.236341,-0.54089,-0.0139846,0.000705926,2745.48,1,0.056999,0,0.5,-0.325318,-0.265189,0.000921404,-0.00164099,0.104524,0.0860031,0.101919,0.0841158,4600.15,-3377.81,-2658.12,-0.0488141,0.0755866,-15.0534,3558.39,3631.93,56.9345,0.070596,-0.0230697,-15.4571,4831.39,-3722.78,-1370.74,-0.0470395,0.0216826,-13.896,3491.63,3929.75,-838.293,0.114242,0.028404,-15.5339
5.319,47.754,-7.48439,4.96615,-0.600908,2.62102,-0.251025,-0.540613,-0.0139816,0.000691768,2745.64,1,0.0570077,0,0.5,-0.325369,-0.265162,0.000924637,-0.00164024,0.104482,0.0859669,0.101917,0.0841175,4600.79,-3384.3,-2655.13,-0.0489988,0.0756373,-15.0536,3558.04,3638.35,52.891,0.070938,-0.0230669,-15.4584,4831.95,-3760.15,-1371.7,-0.0477892,0.0217829,-13.8822,3491.42,3931.06,-837.899,0.114517,0.0284427,-15.533
5.329,47.7663,-7.53292,4.96636,-0.60107,2.86046,-0.142057,-0.541244,-0.0139782,0.000677809,2745.79,1,0.0570441,0,0.5,-0.325372,-0.26509,0.000915442,-0.00164246,0.10444,0.0859327,0.101913,0.0841204,4599.89,-3387.64,-2652.48,-0.0491102,0.0756614,-15.0509,3557.97,3641.28,54.7075,0.0710985,-0.0231544,-15.4628,4831.25,-3752.14,-1368.43,-0.0476142,0.0217096,-13.8881,3491.69,3935.18,-833.274,0.114978,0.0283662,-15.5386
5.339,47.7782,-7.58152,4.96642,-0.60105,2.73657,-0.137311,-0.541171,-0.013975,0.000663927,2745.74,1,0.0570469,0,0.5,-0.325432,-0.265072,0.000916391,-0.00164257,0.104398,0.0858971,0.101912,0.0841226,4602.83,-3367.64,-2676.88,-0.0485856,0.075982,-15.0499,3556.81,3627.9,50.45,0.0704534,-0.0228672,-15.4631,4832.28,-3659.7,-1396.65,-0.0459749,0.0219935,-13.8981,3490.91,3928.19,-843.425,0.114418,0.0286188,-15.5428
5.349,47.7899,-7.63018,4.96652,-0.601064,2.8005,-0.14408,-0.541054,-0.0139717,0.00065005,2745.7,1,0.0570592,0,0.5,-0.325464,-0.265029,0.000919609,-0.00163421,0.104356,0.0858614,0.101909,0.0841246,4600.58,-3383,-2656.69,-0.0489673,0.0756791,-15.0533,3558.53,3633.67,59.3167,0.0706829,-0.023139,-15.4596,4831.88,-3702.79,-1384.84,-0.046739,0.0218841,-13.8923,3491.29,3934.81,-837.94,0.115299,0.0285904,-15.5413
5.359,47.8014,-7.6789,4.9667,-0.601026,2.68427,-0.0300163,-0.541141,-0.0139682,0.000636303,2745.83,1,0.0570582,0,0.5,-0.325519,-0.265012,0.000916413,-0.00164143,0.104314,0.0858267,0.101908,0.0841266,4606.67,-3359.15,-2697.77,-0.0484159,0.0764803,-15.0605,3555.74,3632.89,39.6268,0.0707415,-0.0226888,-15.4536,4830.7,-3701.94,-1392.6,-0.0468003,0.0220243,-13.8905,3490.71,3927.99,-844.745,0.114507,0.0286826,-15.523
5.369,47.8126,-7.72768,4.96674,-0.601189,3.21785,-0.0426029,-0.541553,-0.0139661,0.00062273,2745.77,1,0.0571681,0,0.5,-0.325659,-0.265037,0.000922206,-0.00164012,0.104275,0.0857912,0.101907,0.084128,4595.01,-3460.36,-2583.79,-0.0511116,0.0751998,-15.0492,3559.79,3676.15,66.2578,0.0729093,-0.0239418,-15.4646,4826.93,-3873.89,-1302.07,-0.0497139,0.0208367,-13.9,3494.9,3962.49,-802.091,0.117926,0.0277927,-15.5446
5.379,47.8235,-7.77652,4.96694,-0.601209,3.15398,0.0137828,-0.541728,-0.0139627,0.000609359,2746.05,1,0.0571415,0,0.5,-0.325638,-0.264973,0.000916915,-0.00164162,0.104232,0.0857574,0.101902,0.0841312,4598.06,-3462.15,-2590.67,-0.0511811,0.0754407,-15.0472,3559.15,3681.74,49.6707,0.073207,-0.0236256,-15.4691,4830.04,-3969.23,-1318.39,-0.0518859,0.0213566,-13.848,3493.14,3960.39,-809.695,0.118421,0.0281604,-15.5507
5.389,47.8342,-7.82541,4.96709,-0.601116,2.9073,0.0778959,-0.541447,-0.0139596,0.000596004,2746.03,1,0.0571101,0,0.5,-0.325629,-0.264919,0.000915428,-0.00163902,0.10419,0.0857238,0.1019,0.0841333,4604.09,-3434.23,-2632.4,-0.0504772,0.0761205,-15.0535,3557.55,3675.38,37.1527,0.0729098,-0.0232346,-15.4629,4831.95,-3921.11,-1349.1,-0.0510262,0.0217778,-13.8456,3492.13,3952.05,-823.119,0.117753,0.0285186,-15.5289
5.399,47.8446,-7.87437,4.96687,-0.600944,2.68962,-0.0996236,-0.540763,-0.0139575,0.000582818,2746.1,1,0.0571505,0,0.5,-0.325756,-0.264946,0.000924688,-0.0016398,0.104153,0.0856891,0.1019,0.0841342,4601.87,-3442.12,-2618.09,-0.0506573,0.0758398,-15.045,3557.65,3674.85,40.7754,0.0728837,-0.0233108,-15.472,4831.09,-3808.72,-1362.87,-0.0487364,0.0217455,-13.8754,3492.06,3946.08,-826.745,0.116717,0.0284565,-15.5433
5.409,47.8548,-7.92338,4.9672,-0.601084,2.79253,0.00650016,-0.541414,-0.013954,0.000569738,2746.24,1,0.0571137,0,0.5,-0.32571,-0.264874,0.000914453,-0.00164197,0.104113,0.0856573,0.101896,0.0841366,4604.68,-3427.4,-2641.14,-0.0503082,0.0762614,-15.0471,3556.61,3671.58,32.4739,0.0727398,-0.023069,-15.4713,4832.63,-3827.66,-1377.5,-0.0492223,0.022047,-13.8551,3491.95,3931.7,-843.397,0.114888,0.0286986,-15.5409
5.419,47.8647,-7.97244,4.96712,-0.601041,2.46325,-0.12085,-0.541106,-0.0139513,0.000556821,2746.35,1,0.0570934,0,0.5,-0.325796,-0.264879,0.000924163,-0.00163999,0.104074,0.0856238,0.101896,0.0841385,4610.44,-3392.07,-2684.82,-0.0493606,0.0768282,-15.0506,3555.43,3653.52,19.1752,0.0717984,-0.0224892,-15.4688,4835.05,-3659.77,-1443.64,-0.0462799,0.0228103,-13.86,3489.09,3915.54,-865.788,0.113787,0.0292854,-15.5418
5.429,47.8744,-8.02155,4.96741,-0.601244,3.11295,0.179465,-0.541568,-0.0139497,0.00054372,2746.07,1,0.0572265,0,0.5,-0.325825,-0.264849,0.000917337,-0.00164267,0.104032,0.0855893,0.101894,0.0841409,4601.49,-3503.55,-2566.56,-0.0523695,0.0756227,-15.0493,3559.54,3708.24,39.5544,0.0746631,-0.0237801,-15.4673,4829.55,-3903.53,-1330.11,-0.0505281,0.0214001,-13.871,3493.02,3967.25,-804.676,0.119688,0.0282111,-15.5343
5.439,47.8838,-8.07072,4.96745,-0.601329,3.1016,0.114328,-0.541838,-0.0139482,0.000530839,2746.35,1,0.0572299,0,0.5,-0.325818,-0.264785,0.000916156,-0.00164066,0.103992,0.0855558,0.101891,0.0841431,4603.25,-3504.64,-2574.08,-0.0524608,0.0759162,-15.0384,3558.71,3715.58,31.4285,0.0751164,-0.0237061,-15.4813,4831.12,-3873.77,-1352.27,-0.0500316,0.0217163,-13.861,3491.63,3961.8,-812.855,0.119364,0.0284526,-15.5527
5.449,47.893,-8.11993,4.96761,-0.601255,2.96513,0.219798,-0.541656,-0.0139464,0.000518244,2746.54,1,0.0572305,0,0.5,-0.325865,-0.264775,0.000916772,-0.00164058,0.103956,0.0855234,0.10189,0.084144,4605.5,-3482.68,-2600.65,-0.0518826,0.0762681,-15.0507,3557.22,3706.1,21.9372,0.0746236,-0.0233359,-15.4701,4832.11,-3871.63,-1366.17,-0.0500804,0.0219569,-13.8522,3491.03,3956.15,-821.512,0.118837,0.0286681,-15.5291
5.459,47.9018,-8.16919,4.96753,-0.601208,2.71371,0.0712628,-0.54131,-0.0139446,0.000505565,2746.54,1,0.0572153,0,0.5,-0.325909,-0.264763,0.000919572,-0.00164018,0.103919,0.0854902,0.101889,0.0841454,4608.09,-3464.21,-2621.15,-0.0513573,0.0764654,-15.0421,3556.19,3694.71,17.6367,0.0740173,-0.0230588,-15.4793,4834.25,-3733.79,-1414.81,-0.0475466,0.0224768,-13.8597,3489.28,3942.03,-839.109,0.117362,0.0290293,-15.5486
5.469,47.9105,-8.2185,4.96769,-0.601269,2.89079,0.20191,-0.54147,-0.0139428,0.000492982,2746.61,1,0.05727,0,0.5,-0.325951,-0.264743,0.000919502,-0.00164043,0.103882,0.0854572,0.101887,0.0841464,4606.77,-3499.44,-2591.9,-0.0523857,0.076392,-15.046,3556.93,3715.73,18.4725,0.0751928,-0.023404,-15.4758,4831.99,-3853.89,-1366.46,-0.0497031,0.0219173,-13.858,3491.01,3957.88,-820.504,0.119171,0.0286935,-15.5417
5.479,47.9189,-8.26786,4.96775,-0.601219,2.74795,0.227494,-0.541253,-0.0139406,0.000480518,2746.68,1,0.0572797,0,0.5,-0.325972,-0.264701,0.000916893,-0.00164107,0.103845,0.0854251,0.101886,0.084148,4608.31,-3483.4,-2609.91,-0.0519495,0.0765931,-15.0454,3555.85,3707.02,12.712,0.0747311,-0.02313,-15.4771,4832.58,-3778.54,-1393.25,-0.0483221,0.0222081,-13.8664,3490.21,3952.77,-827.319,0.118691,0.0288526,-15.5401
5.489,47.927,-8.31726,4.96777,-0.601229,2.88484,0.171301,-0.541182,-0.0139383,0.000468195,2746.79,1,0.0573146,0,0.5,-0.326023,-0.264688,0.000918323,-0.00164069,0.103809,0.0853931,0.101885,0.0841498,4603.32,-3507.35,-2572.9,-0.0525424,0.0759605,-15.0418,3558.31,3724.4,27.1542,0.0756483,-0.0237357,-15.4821,4831.35,-3786.79,-1374.83,-0.0483698,0.021905,-13.8784,3491.18,3964.29,-812.769,0.120073,0.0285807,-15.5473
5.499,47.9348,-8.3667,4.96793,-0.601223,2.92779,0.294949,-0.541345,-0.0139352,0.000456201,2746.93,1,0.057345,0,0.5,-0.326076,-0.264683,0.000920366,-0.0016408,0.103775,0.0853628,0.101884,0.0841509,4604.13,-3503.5,-2584.38,-0.0525169,0.0763007,-15.0494,3557.3,3722.92,22.3361,0.0756067,-0.0236057,-15.4757,4829.26,-3840.29,-1359.17,-0.0494053,0.0217655,-13.8746,3491.66,3966.58,-808.539,0.120177,0.0284457,-15.5382
5.509,47.9424,-8.41618,4.96807,-0.601267,2.81777,0.245345,-0.541483,-0.0139315,0.000444229,2746.93,1,0.0572993,0,0.5,-0.326078,-0.264614,0.000916724,-0.00164116,0.103738,0.0853333,0.10188,0.0841524,4607.28,-3487.05,-2607.16,-0.0520787,0.0766372,-15.0488,3555.92,3712.04,15.8271,0.0750272,-0.0232822,-15.4766,4832.2,-3818.15,-1388.62,-0.049119,0.0222253,-13.8547,3491.15,3950.17,-830.407,0.118092,0.0288449,-15.543
5.519,47.9498,-8.46571,4.96815,-0.601314,2.94876,0.27022,-0.541544,-0.0139285,0.000432344,2746.92,1,0.0573362,0,0.5,-0.326136,-0.264604,0.00091768,-0.00164052,0.103701,0.0853023,0.101878,0.0841545,4604.97,-3519.04,-2575.35,-0.0529853,0.0763938,-15.0438,3557.59,3730.03,22.6315,0.0760158,-0.0237214,-15.4819,4831.03,-3860.35,-1366.6,-0.0498609,0.0219413,-13.8572,3491.93,3963.17,-815.1,0.119782,0.0286063,-15.5504
5.529,47.9568,-8.51527,4.96817,-0.601298,2.82768,0.319126,-0.541169,-0.013926,0.00042076,2747.19,1,0.0573777,0,0.5,-0.326219,-0.264612,0.000925363,-0.00163932,0.103666,0.0852711,0.101877,0.0841564,4607.32,-3517.51,-2583.7,-0.0529655,0.0766242,-15.052,3556.91,3734.55,10.283,0.0762949,-0.0234946,-15.4758,4831.73,-3890.3,-1372.79,-0.0505499,0.0221279,-13.8398,3490.53,3974.08,-807.615,0.122331,0.0288091,-15.5358
5.539,47.9637,-8.56487,4.96802,-0.601172,2.67977,0.195144,-0.540572,-0.0139248,0.000409026,2747.11,1,0.0574144,0,0.5,-0.326296,-0.264601,0.000934437,-0.00163783,0.103628,0.0852393,0.101877,0.0841574,4607.47,-3562.03,-2545.23,-0.054233,0.0764285,-15.0436,3558.02,3757.06,9.91453,0.0776185,-0.0238439,-15.483,4831.21,-3882.65,-1363.17,-0.050312,0.0219362,-13.8526,3490.75,3981.49,-798.528,0.123519,0.0286909,-15.5411
5.549,47.9702,-8.6145,4.96812,-0.601229,2.63203,0.188676,-0.540796,-0.0139231,0.000397439,2747.23,1,0.0574109,0,0.5,-0.326327,-0.264561,0.000932391,-0.00163844,0.103594,0.0852099,0.101875,0.0841591,4610.07,-3549.33,-2564.89,-0.0539083,0.0767667,-15.0398,3556.52,3753.63,-0.806754,0.077466,-0.0235346,-15.4879,4832.34,-3814.74,-1391.97,-0.0490715,0.0222766,-13.8548,3489.63,3973.96,-809.145,0.122693,0.028936,-15.5483
5.559,47.9765,-8.66417,4.96854,-0.601449,2.9877,0.538765,-0.541506,-0.013921,0.000385759,2747.33,1,0.0574565,0,0.5,-0.32629,-0.264498,0.000916368,-0.00164068,0.103557,0.0851797,0.101871,0.0841619,4608.1,-3587.79,-2527.7,-0.0550262,0.0765166,-15.0391,3557.92,3773.89,-0.274628,0.0786725,-0.0238745,-15.489,4831.49,-3885.02,-1364.2,-0.0503669,0.0219593,-13.8488,3490.12,3986.23,-798.24,0.125063,0.0289623,-15.5424
5.569,47.9825,-8.71387,4.9686,-0.601437,2.94358,0.548454,-0.54143,-0.0139193,0.000374093,2747.34,1,0.0574752,0,0.5,-0.326306,-0.26446,0.000915335,-0.00164407,0.103522,0.0851494,0.10187,0.0841631,4609.18,-3589.44,-2528.33,-0.05507,0.0765614,-15.0358,3557.05,3777.23,-15.821,0.0789022,-0.0235445,-15.4926,4831.42,-3824.59,-1379.2,-0.0491932,0.0220759,-13.8638,3489.94,3987.88,-793.725,0.125198,0.0288207,-15.5465
5.579,47.9883,-8.76361,4.96862,-0.601361,2.89468,0.525455,-0.541173,-0.0139169,0.000362591,2747.41,1,0.0574946,0,0.5,-0.326398,-0.264469,0.000920447,-0.00164143,0.103491,0.08512,0.101869,0.0841642,4607.57,-3586.47,-2531.87,-0.055046,0.0766772,-15.0422,3557.74,3775.21,0.487614,0.0787728,-0.0239159,-15.4866,4830.49,-3863.62,-1368.15,-0.0499542,0.0219805,-13.8613,3490.44,3991.38,-789.553,0.125709,0.0287546,-15.5424
5.589,47.9938,-8.81337,4.96878,-0.601466,2.9988,0.566742,-0.54154,-0.0139138,0.000350951,2747.33,1,0.0574969,0,0.5,-0.326382,-0.264417,0.000916322,-0.00164035,0.103455,0.0850915,0.101867,0.0841661,4607.43,-3586.02,-2532.55,-0.0550391,0.0766994,-15.0345,3557.76,3772.05,3.84418,0.0785754,-0.0239437,-15.4945,4830.75,-3817.95,-1380.54,-0.0490762,0.0220867,-13.8664,3490.35,3987.64,-793.437,0.124965,0.028766,-15.5544
5.599,47.9991,-8.86317,4.96894,-0.601539,3.19909,0.656469,-0.541828,-0.0139105,0.000339639,2747.55,1,0.0575333,0,0.5,-0.326429,-0.264409,0.000914395,-0.00164161,0.103422,0.0850634,0.101865,0.0841681,4603.98,-3606.15,-2505.79,-0.0556,0.0763498,-15.036,3558.6,3781.61,7.94332,0.0791599,-0.0242061,-15.4949,4829.64,-3907.94,-1351.03,-0.050796,0.0217899,-13.8558,3491.66,3995.65,-783.073,0.126006,0.0285601,-15.5552
5.609,48.0041,-8.91299,4.96897,-0.601382,3.01885,0.615976,-0.541319,-0.0139071,0.000328583,2747.59,1,0.0575333,0,0.5,-0.326499,-0.264408,0.000922119,-0.00163934,0.10339,0.0850355,0.101864,0.084169,4604.38,-3605.62,-2509.32,-0.0556168,0.0764712,-15.0451,3558.44,3782.56,9.04973,0.0792373,-0.0242515,-15.486,4829.48,-3934.66,-1344.35,-0.0513368,0.0217402,-13.8509,3492.18,3994.95,-785.479,0.125845,0.0286167,-15.5368
5.619,48.0088,-8.96284,4.969,-0.601346,2.92825,0.536653,-0.541088,-0.0139038,0.00031753,2747.55,1,0.0575212,0,0.5,-0.326542,-0.264398,0.000924912,-0.00163841,0.103356,0.0850076,0.101862,0.0841712,4605.11,-3601.05,-2512.95,-0.0554519,0.0764485,-15.0485,3558.47,3778.26,8.31766,0.078948,-0.0241524,-15.4825,4829.98,-3911.58,-1357.19,-0.0509213,0.0219099,-13.8498,3491.69,3991.33,-789.383,0.125261,0.0286603,-15.5415
5.629,48.0133,-9.01271,4.96913,-0.601375,2.84002,0.62822,-0.541246,-0.0139006,0.000306588,2747.63,1,0.0575376,0,0.5,-0.32652,-0.26434,0.000918915,-0.00164102,0.10332,0.0849806,0.10186,0.0841739,4609.23,-3575.22,-2546.4,-0.0547282,0.0768781,-15.0434,3556.67,3770.44,0.400508,0.0785301,-0.0238337,-15.4886,4829.83,-3865.43,-1371.44,-0.0500329,0.0220483,-13.8592,3491.16,3989.09,-794.767,0.125262,0.0288635,-15.546
5.639,48.0175,-9.06261,4.96918,-0.601454,2.9396,0.623207,-0.541291,-0.0138984,0.000295909,2747.71,1,0.057565,0,0.5,-0.326562,-0.26433,0.000919392,-0.00163829,0.103288,0.0849535,0.101858,0.0841758,4607.64,-3580.42,-2538.87,-0.0548823,0.0767879,-15.0433,3556.62,3771.22,8.43729,0.0786092,-0.0240556,-15.4898,4830.01,-3806.4,-1379.75,-0.0488405,0.0220476,-13.8711,3490.95,3990.29,-791.485,0.125384,0.0287645,-15.5495
5.649,48.0215,-9.11253,4.96921,-0.6014,2.87402,0.5881,-0.540964,-0.0138962,0.00028537,2747.85,1,0.0575784,0,0.5,-0.326601,-0.264324,0.000924174,-0.00163908,0.103256,0.0849256,0.101856,0.0841774,4607.31,-3590.26,-2521.56,-0.0550513,0.0763809,-15.0438,3556.99,3778.89,-6.13521,0.0790414,-0.0238063,-15.4904,4830.41,-3856.98,-1373.73,-0.0498583,0.0220651,-13.8576,3490.5,3996.32,-786.117,0.126911,0.028839,-15.5451
5.659,48.0252,-9.16247,4.96935,-0.601466,2.94114,0.65204,-0.541407,-0.0138941,0.000274945,2747.92,1,0.0575863,0,0.5,-0.326639,-0.264312,0.000923997,-0.00163883,0.103224,0.0848993,0.101855,0.0841789,4608.65,-3593.38,-2531.52,-0.0552829,0.0768776,-15.0421,3557.15,3780.83,2.20742,0.0791849,-0.024056,-15.4927,4829.96,-3846.86,-1373.57,-0.0496482,0.0220381,-13.8619,3490.84,3993.37,-789.709,0.126205,0.028846,-15.546
5.669,48.0286,-9.21243,4.96937,-0.601411,2.84243,0.653918,-0.541101,-0.0138919,0.000264588,2747.87,1,0.0576114,0,0.5,-0.326658,-0.264283,0.000924256,-0.00163873,0.103192,0.0848727,0.101854,0.0841807,4610.07,-3590.9,-2536.91,-0.0552133,0.0769747,-15.0418,3556.84,3777.98,3.55959,0.0790209,-0.0240382,-15.4936,4829.93,-3815.99,-1379.83,-0.0490438,0.0220733,-13.8714,3490.44,3995.88,-785.38,0.126723,0.0287799,-15.5526
5.679,48.0317,-9.2624,4.96946,-0.601493,2.92506,0.670861,-0.54136,-0.0138898,0.000254399,2748.05,1,0.0576336,0,0.5,-0.326697,-0.264269,0.000923184,-0.00163871,0.103161,0.0848466,0.101853,0.084182,4608.94,-3584.48,-2540.41,-0.0550267,0.076956,-15.0449,3557.13,3777.89,5.53172,0.0790019,-0.0240849,-15.4922,4829.24,-3733.33,-1398.39,-0.0474967,0.022207,-13.8879,3489.96,3991.84,-788.287,0.125885,0.0287429,-15.5455
5.689,48.0346,-9.3124,4.96966,-0.60149,2.83317,0.793408,-0.541344,-0.0138874,0.000244168,2748.07,1,0.057635,0,0.5,-0.326722,-0.264235,0.000920858,-0.0016392,0.103129,0.0848206,0.10185,0.0841835,4611.9,-3573.33,-2557.39,-0.0547138,0.0772142,-15.0492,3555.15,3769.11,-7.78005,0.0785173,-0.0236168,-15.487,4830.78,-3724.53,-1409.74,-0.0473796,0.0223809,-13.8808,3489.72,3988.49,-796.778,0.125741,0.029032,-15.5349
5.699,48.0373,-9.36241,4.96965,-0.601476,2.84873,0.754621,-0.540987,-0.013886,0.000233914,2748.06,1,0.0576665,0,0.5,-0.326768,-0.264228,0.000924372,-0.00163903,0.103098,0.0847932,0.101848,0.0841849,4610.31,-3611.21,-2520.6,-0.0558199,0.0769559,-15.0463,3556.83,3790.53,0.453195,0.0798466,-0.0241791,-15.4903,4830.97,-3786.66,-1390.05,-0.0484929,0.0221789,-13.8748,3490.38,4002.34,-778.396,0.128182,0.0287768,-15.5421
5.709,48.0397,-9.41243,4.96987,-0.601513,2.91777,0.893324,-0.541261,-0.0138844,0.000223725,2748.18,1,0.0576794,0,0.5,-0.326788,-0.264184,0.000918055,-0.00163941,0.103068,0.0847678,0.101846,0.0841866,4610.63,-3612.92,-2521.08,-0.0558884,0.0770271,-15.0479,3556.55,3793.35,-4.30822,0.0800405,-0.0241099,-15.4893,4830.09,-3815.4,-1378.88,-0.0490207,0.0220539,-13.8764,3490.46,4001.44,-779.167,0.12793,0.0287611,-15.5388
5.719,48.0418,-9.46247,4.96989,-0.601732,3.05527,0.881974,-0.541771,-0.0138835,0.000213542,2748.12,1,0.0577112,0,0.5,-0.326817,-0.264154,0.00091799,-0.0016408,0.103037,0.0847418,0.101847,0.0841879,4610.5,-3588.93,-2541.01,-0.055164,0.0770901,-15.0465,3556.41,3777.56,5.09486,0.0790262,-0.0240748,-15.491,4829.59,-3612.09,-1412.5,-0.0452171,0.0221795,-13.9178,3489.86,3995.19,-786.758,0.126838,0.028856,-15.5427
5.729,48.0436,-9.51252,4.96996,-0.601636,2.9605,0.885359,-0.541274,-0.013882,0.000203369,2748.23,1,0.0577219,0,0.5,-0.326843,-0.264125,0.000918841,-0.00163838,0.103007,0.0847146,0.101845,0.0841892,4610.03,-3613.17,-2517.21,-0.0558559,0.0768935,-15.0468,3557.3,3791.19,2.27552,0.0798639,-0.0242249,-15.4913,4830.32,-3730.26,-1393.69,-0.0473797,0.0221114,-13.8925,3490.03,4003.86,-777.066,0.128704,0.0288211,-15.5425
5.739,48.0452,-9.56258,4.97008,-0.601793,3.14062,0.962626,-0.541879,-0.0138807,0.000193302,2748.28,1,0.0577521,0,0.5,-0.32693,-0.264143,0.000920475,-0.00163906,0.102979,0.0846884,0.101845,0.0841903,4608.46,-3620.05,-2511.86,-0.0561134,0.076966,-15.0436,3557.29,3792.95,4.13239,0.0799912,-0.0243125,-15.4958,4829.31,-3654.5,-1403.75,-0.045974,0.0221201,-13.9102,3489.82,4002.94,-777.525,0.12851,0.0288068,-15.5437
5.749,48.0466,-9.61264,4.97026,-0.601774,2.91266,1.01001,-0.541592,-0.0138784,0.000183052,2748.22,1,0.0577192,0,0.5,-0.326893,-0.26407,0.000917716,-0.00163795,0.102945,0.0846627,0.101843,0.0841927,4615.2,-3593.78,-2551.14,-0.0553676,0.0775353,-15.0474,3555.59,3783.31,-8.96697,0.0794146,-0.0238182,-15.4906,4831.52,-3664.43,-1429.68,-0.0463238,0.0225905,-13.8859,3488.06,4000.45,-784.711,0.129075,0.0291877,-15.5366
5.759,48.0476,-9.66272,4.97034,-0.601717,3.0604,1.12132,-0.541369,-0.0138768,0.000172859,2748.32,1,0.0577895,0,0.5,-0.32697,-0.264077,0.000920237,-0.00163898,0.102916,0.0846359,0.101841,0.0841937,4609.23,-3650.99,-2486.07,-0.0570373,0.0768806,-15.0519,3557.94,3809.54,0.849715,0.0810755,-0.0245137,-15.4866,4829.1,-3852.07,-1363.78,-0.0496961,0.0218791,-13.8762,3490.49,4018.39,-758.066,0.131887,0.0286516,-15.53
5.769,48.0484,-9.7128,4.97037,-0.601693,2.87517,1.03842,-0.541356,-0.0138751,0.000162706,2748.33,1,0.057765,0,0.5,-0.326984,-0.264047,0.000923293,-0.00163619,0.102887,0.0846108,0.10184,0.0841948,4613.13,-3615.36,-2531.02,-0.0560532,0.0774733,-15.0425,3556.02,3796.42,-1.0884,0.0802946,-0.0242472,-15.4968,4830.43,-3758.16,-1398.35,-0.0479806,0.0222603,-13.882,3489.72,4009.93,-770.025,0.13027,0.0288311,-15.5374
5.779,48.049,-9.76288,4.97054,-0.601849,3.12388,1.20885,-0.54176,-0.0138726,0.000152762,2748.53,1,0.0578224,0,0.5,-0.327037,-0.264041,0.000920667,-0.00163863,0.102858,0.0845859,0.101841,0.084197,4610.72,-3619.92,-2521.44,-0.0561753,0.0773081,-15.0572,3556.63,3801.14,-0.729717,0.0805783,-0.0243382,-15.4839,4828.04,-3786.1,-1374.44,-0.0484114,0.0219118,-13.8943,3490.63,4017.12,-760.757,0.131628,0.0287092,-15.5218
5.789,48.0493,-9.81297,4.97056,-0.601753,2.87898,1.10261,-0.541252,-0.0138703,0.000142573,2748.3,1,0.0577974,0,0.5,-0.327038,-0.263998,0.00091743,-0.00164107,0.102826,0.0845602,0.10184,0.0841992,4612.87,-3619.87,-2525.59,-0.0561707,0.0774034,-15.0478,3556.17,3794.75,2.84565,0.0801826,-0.0243115,-15.4911,4829.94,-3731.78,-1398.63,-0.0474546,0.0222047,-13.8908,3489.73,4012.88,-768.926,0.131285,0.028967,-15.5341
5.799,48.0493,-9.86306,4.97066,-0.601734,2.82586,1.08849,-0.541284,-0.0138678,0.000132614,2748.53,1,0.0577831,0,0.5,-0.327053,-0.263976,0.000917675,-0.00163902,0.102798,0.0845357,0.101838,0.0842001,4614.3,-3594.76,-2552.9,-0.0554604,0.0776888,-15.0516,3555.11,3787.17,-3.09461,0.079722,-0.0240348,-15.4897,4830.67,-3701.17,-1415.29,-0.0469554,0.0224251,-13.8908,3489.89,4004.55,-779.259,0.129239,0.0289986,-15.5291
5.809,48.049,-9.91315,4.97057,-0.601649,2.71866,0.940409,-0.540873,-0.0138651,0.000122784,2748.64,1,0.0577898,0,0.5,-0.327109,-0.263973,0.000924404,-0.00163841,0.102771,0.084511,0.101838,0.084202,4613.51,-3598.8,-2545.16,-0.0555411,0.077515,-15.052,3554.82,3789.83,-4.26362,0.0799166,-0.024054,-15.4903,4830.04,-3723.74,-1406.76,-0.0473532,0.0223298,-13.8887,3490.17,4006.63,-776.452,0.129574,0.0289494,-15.5341
5.819,48.0485,-9.96323,4.9707,-0.601722,2.92163,1.09902,-0.541181,-0.0138621,0.000113206,2748.72,1,0.0578608,0,0.5,-0.327155,-0.263972,0.000925055,-0.0016382,0.102742,0.0844874,0.101836,0.0842034,4610.43,-3628.9,-2517.84,-0.0565184,0.0774771,-15.0514,3555.49,3807.02,3.10132,0.081079,-0.024557,-15.4918,4827.52,-3807.32,-1366.05,-0.0487961,0.0218164,-13.8933,3491.84,4018.41,-759.166,0.131434,0.0286067,-15.5335
5.829,48.0477,-10.0133,4.97091,-0.601737,2.92766,1.1902,-0.541287,-0.0138589,0.000103775,2748.77,1,0.0578529,0,0.5,-0.327159,-0.263941,0.000919635,-0.00163851,0.102712,0.0844642,0.101833,0.0842054,4610.41,-3626.59,-2521.61,-0.0564773,0.0775646,-15.0551,3557.06,3802.91,18.3876,0.080738,-0.0248492,-15.4887,4827.5,-3785.48,-1375.64,-0.0484177,0.0219351,-13.8897,3491.08,4013.04,-766.697,0.130523,0.0287406,-15.5332
5.839,48.0467,-10.0634,4.97083,-0.601722,2.87312,1.0049,-0.541219,-0.0138563,9.45551e-05,2748.83,1,0.057846,0,0.5,-0.327214,-0.263951,0.000929246,-0.00163729,0.102685,0.0844407,0.101833,0.0842066,4610.84,-3623.18,-2521.62,-0.0563106,0.0774333,-15.053,3556.04,3801.62,4.08415,0.0806677,-0.0244688,-15.4915,4827.9,-3804.64,-1375.99,-0.0488117,0.021986,-13.8841,3491.74,4011.36,-769.244,0.129901,0.0287245,-15.5437
5.849,48.0454,-10.1135,4.97107,-0.601799,2.94115,1.16451,-0.541463,-0.0138533,8.53846e-05,2748.86,1,0.0578539,0,0.5,-0.327211,-0.263902,0.000921299,-0.00163822,0.102654,0.0844174,0.101829,0.0842093,4612.03,-3634.51,-2514.34,-0.056651,0.0774644,-15.0531,3556.65,3808.01,1.40848,0.0810592,-0.0245042,-15.4915,4828.28,-3844.81,-1373.02,-0.049631,0.0220316,-13.8727,3491.25,4014.65,-765.85,0.130975,0.0287856,-15.5479
5.859,48.0439,-10.1635,4.9712,-0.601848,2.96475,1.24319,-0.541463,-0.0138516,7.63494e-05,2748.96,1,0.0578745,0,0.5,-0.327241,-0.263887,0.000921161,-0.00163824,0.102625,0.0843934,0.101827,0.0842105,4612.62,-3654.26,-2499.27,-0.0572616,0.0774746,-15.0536,3556.33,3817.66,-2.86483,0.0817478,-0.0245797,-15.492,4828.5,-3859.69,-1369.37,-0.0499164,0.0220025,-13.868,3491.18,4016.32,-763.126,0.131347,0.0287468,-15.5365
5.869,48.042,-10.2136,4.97133,-0.601983,2.98176,1.19001,-0.541953,-0.0138501,6.73217e-05,2749,1,0.057837,0,0.5,-0.32726,-0.263853,0.000919175,-0.00163869,0.102596,0.0843701,0.101825,0.084212,4613.97,-3635.19,-2517.25,-0.0566561,0.0775536,-15.0519,3556.03,3808.94,-8.37508,0.0811328,-0.0242763,-15.4939,4830.27,-3746.47,-1414.43,-0.0478703,0.02252,-13.8697,3489.44,4005.21,-780.036,0.129742,0.0291203,-15.5436
5.879,48.04,-10.2637,4.97134,-0.601785,2.83063,1.19515,-0.541308,-0.0138484,5.82461e-05,2749.07,1,0.0578686,0,0.5,-0.327303,-0.263858,0.000924416,-0.00163781,0.102568,0.0843456,0.101824,0.0842131,4614.1,-3672.76,-2489.75,-0.057883,0.0776603,-15.0479,3556.71,3828.11,-7.29197,0.0824569,-0.0246516,-15.4979,4829.7,-3913.72,-1370.09,-0.0510835,0.0221525,-13.8479,3490.58,4015.49,-767.203,0.131762,0.0289781,-15.5468
5.889,48.0376,-10.3137,4.97158,-0.601915,3.20883,1.40778,-0.541967,-0.0138466,4.94141e-05,2749.23,1,0.0579097,0,0.5,-0.327351,-0.263853,0.000922443,-0.00163778,0.102544,0.0843234,0.101822,0.0842132,4608.05,-3702.46,-2450.07,-0.0587877,0.0771994,-15.051,3558.37,3846.37,4.225,0.0837389,-0.0252986,-15.4968,4825.56,-4049.98,-1305.59,-0.0537505,0.0213689,-13.8494,3493.79,4026.16,-747.568,0.132362,0.0283105,-15.5375
5.899,48.035,-10.3637,4.97164,-0.601777,2.89349,1.25818,-0.541459,-0.0138435,4.05965e-05,2749.3,1,0.057854,0,0.5,-0.327343,-0.263797,0.000919829,-0.00163818,0.102517,0.0843022,0.101819,0.0842152,4611.68,-3683.98,-2471.26,-0.0581694,0.0773332,-15.0534,3555.9,3835.76,-12.8803,0.0830587,-0.0246635,-15.4946,4829.77,-3964.32,-1362.57,-0.0521607,0.0221545,-13.8313,3491.12,4012.48,-770.271,0.130699,0.0289059,-15.5353
5.909,48.0321,-10.4138,4.97162,-0.601731,2.87376,1.16629,-0.541459,-0.013841,3.19591e-05,2749.37,1,0.0578645,0,0.5,-0.327392,-0.263798,0.000921772,-0.00163772,0.102492,0.0842804,0.101817,0.0842154,4610.55,-3675.49,-2482.01,-0.0580003,0.0775548,-15.0473,3556.88,3829.78,5.27007,0.082615,-0.0250102,-15.5025,4828.84,-3945.95,-1360.71,-0.0517445,0.0220738,-13.8403,3491.76,4007.04,-775.614,0.129014,0.0288103,-15.5615
5.919,48.029,-10.4638,4.97179,-0.601791,2.99291,1.25874,-0.541661,-0.0138382,2.35233e-05,2749.48,1,0.0578749,0,0.5,-0.327417,-0.263774,0.000920211,-0.00163679,0.102466,0.0842596,0.101815,0.0842166,4609.04,-3667.14,-2483,-0.0576893,0.0773594,-15.0557,3556.74,3826.28,3.51574,0.0823627,-0.0248978,-15.4951,4827.42,-3978.93,-1340.65,-0.0523523,0.0218046,-13.8464,3493.31,4007.82,-772.818,0.128403,0.0285878,-15.5465
5.929,48.0256,-10.5137,4.97181,-0.601784,2.90242,1.22724,-0.541484,-0.0138359,1.52579e-05,2749.53,1,0.0578859,0,0.5,-0.327499,-0.263796,0.00092564,-0.00163714,0.102441,0.0842379,0.101814,0.0842177,4610.97,-3652.62,-2503.28,-0.0572965,0.0776783,-15.0606,3556.22,3819.79,1.73465,0.0819247,-0.0247359,-15.4908,4827.8,-3961.29,-1351.15,-0.0520313,0.0219462,-13.844,3492.77,4007.87,-773.032,0.128646,0.0286414,-15.5388
5.939,48.022,-10.5637,4.97196,-0.601765,2.73374,1.27231,-0.541299,-0.0138339,6.82413e-06,2749.41,1,0.0578783,0,0.5,-0.327479,-0.26374,0.000919955,-0.00163749,0.102411,0.0842164,0.101812,0.0842197,4615.51,-3640.39,-2521.72,-0.0568977,0.0778888,-15.0609,3554.44,3813.8,-9.77645,0.0815815,-0.0243398,-15.4891,4829.16,-3890.25,-1378.61,-0.0506466,0.0222477,-13.8514,3491.48,4004.64,-780.036,0.128746,0.0289302,-15.5376
5.949,48.0181,-10.6137,4.972,-0.601877,2.93061,1.38702,-0.541593,-0.0138333,-1.51581e-06,2749.41,1,0.057951,0,0.5,-0.327533,-0.263738,0.000920558,-0.00164491,0.102385,0.0841944,0.101812,0.0842209,4612,-3659.52,-2497.58,-0.0574748,0.0776344,-15.061,3555.76,3819.71,1.65521,0.0819512,-0.0247358,-15.4892,4827.09,-3843.98,-1362.36,-0.0495487,0.021843,-13.8847,3492.33,4013.11,-766.285,0.129987,0.028624,-15.5341
5.959,48.0139,-10.6636,4.97192,-0.601791,2.75632,1.20761,-0.541197,-0.0138325,-9.89164e-06,2749.38,1,0.0579427,0,0.5,-0.327563,-0.263722,0.000923904,-0.00163762,0.10236,0.0841721,0.101811,0.0842218,4614.48,-3643.17,-2517.23,-0.0569804,0.0778306,-15.0512,3554.54,3813.79,1.39583,0.0816136,-0.0246302,-15.4995,4827.84,-3805.07,-1375.63,-0.0488189,0.0219813,-13.8863,3491.68,4009.32,-772.468,0.129527,0.0287812,-15.5558
5.969,48.0094,-10.7135,4.97212,-0.601881,2.88384,1.33718,-0.541577,-0.013831,-1.81424e-05,2749.52,1,0.0579528,0,0.5,-0.327533,-0.26367,0.00091963,-0.00163801,0.102336,0.0841519,0.101809,0.0842228,4612.37,-3636.37,-2515.53,-0.0567227,0.0775956,-15.0566,3554.45,3807.01,1.19616,0.0811406,-0.0244974,-15.4954,4828.17,-3789.48,-1382.39,-0.0485411,0.0220623,-13.8875,3491.53,4008.22,-772.954,0.129241,0.0287509,-15.5555
5.979,48.0047,-10.7634,4.97229,-0.601821,2.84477,1.4232,-0.541357,-0.0138293,-2.63493e-05,2749.61,1,0.0579574,0,0.5,-0.327578,-0.26367,0.000918814,-0.00163811,0.102312,0.0841307,0.101807,0.0842235,4610.25,-3643.91,-2507.83,-0.0570052,0.0776012,-15.0677,3555.99,3803.5,13.646,0.0808325,-0.024728,-15.485,4828.3,-3873.03,-1366.66,-0.0501868,0.0219894,-13.8675,3492.21,4008.82,-771.906,0.129078,0.0286783,-15.5407
5.989,47.9998,-10.8132,4.97216,-0.601742,2.59627,1.12191,-0.541022,-0.0138278,-3.45801e-05,2749.54,1,0.0579162,0,0.5,-0.327623,-0.263662,0.000927314,-0.00163688,0.102289,0.0841103,0.101807,0.0842241,4617.1,-3588.95,-2573.14,-0.0554024,0.0783218,-15.0633,3552.4,3790.8,7.99194,0.0801853,-0.0244023,-15.4898,4828.61,-3815.63,-1386.84,-0.0491164,0.0222053,-13.8762,3491.8,4002.84,-780.485,0.128043,0.0288207,-15.547
5.999,47.9945,-10.8631,4.97236,-0.601801,2.72802,1.26969,-0.541302,-0.0138257,-4.28941e-05,2749.49,1,0.0579342,0,0.5,-0.327618,-0.263627,0.000920467,-0.00163735,0.102263,0.0840893,0.101806,0.0842252,4613.55,-3604.47,-2546.88,-0.0557817,0.0778261,-15.0629,3554.41,3788.09,21.9318,0.0799132,-0.0246782,-15.4899,4828.15,-3779.28,-1384.06,-0.0483431,0.0220675,-13.8891,3492.57,4000.39,-782.519,0.127151,0.028735,-15.5484
6.009,47.9891,-10.9129,4.97246,-0.601876,2.84295,1.40575,-0.541443,-0.0138237,-5.09779e-05,2749.67,1,0.0579873,0,0.5,-0.327635,-0.263608,0.000919834,-0.00163819,0.10224,0.0840689,0.101805,0.0842269,4612.19,-3613.33,-2540.28,-0.0561055,0.077898,-15.0644,3554.44,3796.68,21.6313,0.080498,-0.024832,-15.49,4826.81,-3799.4,-1365.42,-0.0486384,0.0217895,-13.8976,3493.3,4008.87,-771.464,0.128631,0.0285767,-15.5471
6.019,47.9833,-10.9626,4.97256,-0.601957,3.02075,1.42043,-0.541833,-0.0138216,-5.90413e-05,2749.6,1,0.0579948,0,0.5,-0.32768,-0.263609,0.000921859,-0.00163722,0.102215,0.0840484,0.101804,0.0842277,4609.57,-3625.27,-2522.61,-0.0564336,0.0776349,-15.0628,3555.47,3799.93,30.0667,0.080686,-0.0251001,-15.4918,4825.03,-3839.3,-1342.47,-0.0493287,0.0214844,-13.9033,3494.75,4010.39,-766.87,0.12814,0.0283108,-15.5546
6.029,47.9773,-11.0124,4.97264,-0.601891,2.9289,1.32429,-0.541738,-0.0138187,-6.69023e-05,2749.7,1,0.0579566,0,0.5,-0.327693,-0.263587,0.000920743,-0.00163744,0.102191,0.0840291,0.101802,0.0842294,4610.48,-3612.29,-2535.98,-0.0560467,0.0777381,-15.0622,3555.18,3793.5,33.0269,0.0802728,-0.025057,-15.4934,4826.65,-3870.41,-1360.84,-0.0501132,0.0218853,-13.8786,3494.05,4004.15,-771.53,0.126771,0.0282516,-15.568
6.039,47.971,-11.0621,4.9727,-0.601806,2.78165,1.23897,-0.54148,-0.0138157,-7.46057e-05,2749.8,1,0.0579362,0,0.5,-0.327722,-0.26358,0.000923789,-0.00163707,0.102168,0.08401,0.1018,0.0842307,4611.46,-3595.75,-2553.57,-0.0555701,0.0779057,-15.064,3554.38,3785.74,30.6903,0.0797899,-0.024862,-15.4927,4827.74,-3870.33,-1371.21,-0.0501763,0.0220675,-13.867,3493.8,3998.09,-783.642,0.126095,0.0285823,-15.5584
6.049,47.9645,-11.1118,4.9729,-0.601765,2.69528,1.35535,-0.541355,-0.0138128,-8.21647e-05,2749.88,1,0.0579378,0,0.5,-0.327725,-0.263549,0.000919994,-0.00163918,0.102145,0.0839926,0.101797,0.0842325,4612.96,-3587.38,-2566.18,-0.0553552,0.0781197,-15.0757,3553.59,3782.99,28.4433,0.0796489,-0.0247621,-15.4813,4827.97,-3883.37,-1369.5,-0.0504421,0.0220698,-13.8625,3493.65,3997.58,-786.098,0.126222,0.0286964,-15.5415
6.059,47.9577,-11.1614,4.97291,-0.60183,2.70328,1.27041,-0.541426,-0.013811,-8.98273e-05,2749.75,1,0.0579331,0,0.5,-0.327749,-0.263529,0.000919796,-0.00163709,0.102121,0.0839734,0.101797,0.0842343,4614.11,-3570.54,-2579.38,-0.0547989,0.0780797,-15.0668,3552.47,3770.03,24.5133,0.0788477,-0.0244404,-15.4897,4828.05,-3814.79,-1381.74,-0.0490679,0.0221143,-13.877,3493.33,3992.08,-792.088,0.125198,0.0287373,-15.5643
6.069,47.9507,-11.2111,4.97306,-0.60184,2.74137,1.39645,-0.54152,-0.0138092,-9.71668e-05,2749.94,1,0.0579591,0,0.5,-0.327785,-0.263527,0.000920843,-0.00163734,0.102099,0.083955,0.101795,0.0842355,4613.45,-3575.39,-2577.14,-0.0549894,0.0781773,-15.0753,3553.04,3775.53,31.1198,0.0791967,-0.0247034,-15.4827,4827.49,-3868.28,-1365.9,-0.0500928,0.0219673,-13.871,3493.79,3997.15,-786.331,0.126061,0.0286758,-15.5471
6.079,47.9434,-11.2606,4.97299,-0.60185,2.68284,1.2851,-0.541331,-0.0138083,-0.000104596,2749.87,1,0.0579801,0,0.5,-0.327817,-0.263518,0.000923379,-0.00163693,0.102074,0.0839354,0.101795,0.0842372,4614.88,-3572.54,-2580.5,-0.0548719,0.0781754,-15.0664,3552.65,3771.49,30.6032,0.0789529,-0.0246202,-15.4916,4827.88,-3767.89,-1388.33,-0.0481465,0.0221175,-13.8901,3492.88,3996.24,-786.404,0.126093,0.0286902,-15.5635
6.089,47.9358,-11.3102,4.97309,-0.601827,2.65872,1.31803,-0.541326,-0.0138072,-0.000111841,2749.97,1,0.0579892,0,0.5,-0.327853,-0.263512,0.000924961,-0.00163674,0.102052,0.0839168,0.101794,0.0842377,4615.32,-3570.28,-2585.26,-0.0548314,0.0782961,-15.0741,3551.73,3770.49,27.6755,0.0789379,-0.0245417,-15.4846,4827.93,-3791.12,-1380.59,-0.0485649,0.0220354,-13.8892,3493.21,3995.47,-788.088,0.125902,0.0287162,-15.5477
6.099,47.928,-11.3597,4.97319,-0.601865,2.7014,1.32501,-0.541438,-0.0138062,-0.00011912,2749.96,1,0.0579869,0,0.5,-0.327845,-0.263464,0.000919851,-0.00163747,0.10203,0.0838988,0.101792,0.0842387,4614.39,-3560.18,-2590.64,-0.0545155,0.0782196,-15.0676,3552.53,3764.51,39.8561,0.0785379,-0.0247319,-15.492,4827.84,-3774.03,-1382.19,-0.0482254,0.0220228,-13.8934,3493.43,3993.37,-788.447,0.125218,0.0286062,-15.5641
6.109,47.9199,-11.4091,4.97321,-0.601863,2.77158,1.26917,-0.541475,-0.0138049,-0.000126139,2750.11,1,0.05799,0,0.5,-0.327911,-0.263485,0.0009228,-0.00163687,0.102011,0.0838805,0.101791,0.0842394,4610.99,-3564.7,-2578.73,-0.0546323,0.0779775,-15.0683,3553.88,3766.88,50.7695,0.0786464,-0.0250389,-15.4929,4827.56,-3803.6,-1378.37,-0.0488148,0.0220281,-13.8861,3493.57,3994.14,-785.895,0.125169,0.0285038,-15.5728
6.119,47.9115,-11.4585,4.97341,-0.601908,2.81674,1.39601,-0.5417,-0.013803,-0.00013314,2750.15,1,0.0579969,0,0.5,-0.327918,-0.263457,0.000922207,-0.00163494,0.10199,0.083863,0.101789,0.0842405,4611.46,-3567.97,-2578.35,-0.0547493,0.078057,-15.0716,3553,3768.05,49.1851,0.0787745,-0.0250318,-15.4901,4827.25,-3882.5,-1355.92,-0.0503239,0.0218247,-13.8724,3494.19,3997.05,-784.585,0.125733,0.028551,-15.5656
6.129,47.9029,-11.5079,4.9734,-0.601849,2.52841,1.24688,-0.5413,-0.0138017,-0.000140022,2750.17,1,0.057976,0,0.5,-0.327963,-0.263459,0.000924757,-0.00163665,0.101969,0.0838448,0.101789,0.0842414,4617.43,-3523.38,-2632.1,-0.0534882,0.0786995,-15.0733,3550.98,3746.92,38.1422,0.0775015,-0.0243984,-15.4886,4829.59,-3718.67,-1415.57,-0.0473264,0.022477,-13.8821,3491.83,3984.91,-801.517,0.124418,0.0289539,-15.563
6.139,47.8941,-11.5572,4.9736,-0.602021,2.83996,1.52603,-0.541741,-0.0138003,-0.000146981,2750.23,1,0.0580407,0,0.5,-0.327938,-0.263408,0.000917847,-0.00163874,0.101945,0.0838269,0.101788,0.0842442,4612.63,-3578.84,-2571.09,-0.0550608,0.0780707,-15.0721,3553.26,3772.49,45.3671,0.0790342,-0.0250064,-15.4909,4827.49,-3863.56,-1362.47,-0.0499623,0.0218932,-13.8737,3493.27,4005.28,-775.944,0.127867,0.0286113,-15.5656
6.149,47.8849,-11.6065,4.97375,-0.601964,2.73566,1.59354,-0.54154,-0.0137996,-0.000153888,2750.26,1,0.0580431,0,0.5,-0.327983,-0.263408,0.000918565,-0.00164025,0.101925,0.0838088,0.101786,0.0842438,4613.44,-3576.06,-2575.88,-0.0549888,0.0781574,-15.0787,3552.8,3772.03,44.7322,0.0790315,-0.0249866,-15.4835,4827.95,-3879.21,-1365.72,-0.0503198,0.0219904,-13.8686,3493.16,4007.1,-773.071,0.128234,0.0285691,-15.5488
6.159,47.8756,-11.6558,4.97366,-0.601862,2.47236,1.36641,-0.541088,-0.013799,-0.000160839,2750.3,1,0.0580245,0,0.5,-0.328019,-0.263409,0.00092286,-0.00163677,0.101905,0.08379,0.101786,0.0842444,4618.06,-3544.89,-2614.62,-0.0541066,0.0786358,-15.0692,3550.9,3758.94,37.541,0.0782719,-0.0245907,-15.4932,4829.94,-3744.09,-1410.03,-0.0477925,0.022438,-13.8797,3491.32,3996.17,-790.475,0.127006,0.0290134,-15.5549
6.169,47.8659,-11.7049,4.97382,-0.601951,2.58073,1.57321,-0.54126,-0.0137981,-0.000167683,2750.49,1,0.0580756,0,0.5,-0.328018,-0.263379,0.000921745,-0.00163701,0.101885,0.0837724,0.101784,0.0842457,4616.56,-3568.58,-2591.71,-0.054809,0.07849,-15.0761,3551.97,3774.2,35.6017,0.0791946,-0.0247978,-15.4883,4828.55,-3850.03,-1377.81,-0.0497767,0.0221306,-13.8689,3491.91,4010.86,-771.576,0.129905,0.0288123,-15.5502
6.179,47.856,-11.7541,4.97392,-0.601997,2.60152,1.64308,-0.541302,-0.0137974,-0.000174542,2750.48,1,0.0580977,0,0.5,-0.328035,-0.263366,0.000919216,-0.00163757,0.101864,0.0837544,0.101784,0.0842467,4616.21,-3585.32,-2576.68,-0.0553056,0.0784171,-15.0751,3551.94,3781.52,32.3453,0.0796743,-0.0248476,-15.4891,4828.54,-3779.65,-1388.68,-0.04838,0.0221495,-13.8867,3491.59,4011.37,-771.497,0.130216,0.0288656,-15.5436
6.189,47.8459,-11.8032,4.97395,-0.602037,2.72593,1.64461,-0.541523,-0.0137964,-0.000181372,2750.49,1,0.0581213,0,0.5,-0.328073,-0.263364,0.00092196,-0.00163622,0.101844,0.0837367,0.101784,0.0842465,4613.55,-3594.47,-2562.41,-0.0555638,0.0782028,-15.0704,3552.75,3783.69,40.066,0.0797965,-0.0250777,-15.494,4826.98,-3780.73,-1375.03,-0.0483233,0.0219153,-13.8997,3492.89,4011.11,-768.672,0.129288,0.0285891,-15.5582
6.199,47.8354,-11.8522,4.97408,-0.601985,2.48901,1.52024,-0.5414,-0.0137944,-0.00018807,2750.57,1,0.0580548,0,0.5,-0.328077,-0.263342,0.000921299,-0.00163858,0.101825,0.0837203,0.101783,0.0842474,4618.44,-3557.1,-2611.47,-0.0545562,0.0789153,-15.0797,3550.98,3768.43,30.4851,0.0788595,-0.0245747,-15.4856,4829.75,-3749.77,-1412.33,-0.04793,0.0224938,-13.876,3491.44,3996.59,-790.882,0.12714,0.0290517,-15.551
6.209,47.8248,-11.9012,4.97404,-0.601968,2.60499,1.53454,-0.541211,-0.0137928,-0.000194956,2750.48,1,0.0581105,0,0.5,-0.328121,-0.263347,0.000927997,-0.00163602,0.101804,0.0837017,0.101783,0.0842485,4615.36,-3605.03,-2559.46,-0.0559144,0.0783775,-15.0733,3552.68,3791.3,33.9947,0.0802942,-0.0250583,-15.491,4827.06,-3838,-1367.1,-0.0494597,0.0219139,-13.8858,3493.27,4012.51,-768.524,0.129635,0.0286408,-15.5558
6.219,47.8138,-11.9501,4.97428,-0.60206,2.6451,1.65873,-0.541674,-0.0137904,-0.000201684,2750.58,1,0.0580959,0,0.5,-0.328101,-0.263297,0.000921001,-0.00163524,0.101783,0.0836858,0.101781,0.08425,4616.05,-3589.06,-2576.12,-0.0554575,0.0785381,-15.076,3552,3783.52,31.2162,0.0797999,-0.0248508,-15.4895,4827.64,-3782.45,-1387.94,-0.0484483,0.0221472,-13.8889,3492.96,4004.01,-780.315,0.127995,0.0287988,-15.553
6.229,47.8027,-11.9989,4.97415,-0.601936,2.5294,1.48297,-0.541127,-0.0137885,-0.000208391,2750.64,1,0.0581128,0,0.5,-0.328144,-0.263311,0.000928514,-0.00163574,0.101763,0.0836682,0.101781,0.0842511,4616.22,-3588.3,-2576.61,-0.0554273,0.0785255,-15.0765,3552.28,3783.52,34.9762,0.079795,-0.02494,-15.4896,4827.32,-3807.03,-1377.09,-0.0488806,0.0220151,-13.8898,3493.43,4007.13,-776.046,0.128452,0.0287161,-15.562
6.239,47.7912,-12.0478,4.97431,-0.602013,2.50463,1.54556,-0.541336,-0.0137868,-0.000215101,2750.66,1,0.0581061,0,0.5,-0.328149,-0.26328,0.000923427,-0.00163638,0.101742,0.0836515,0.10178,0.0842523,4618.12,-3569.4,-2596.93,-0.0548656,0.0787051,-15.0794,3551.04,3772.07,32.2168,0.0791009,-0.0246768,-15.4871,4827.98,-3695.47,-1404.8,-0.0468075,0.0222388,-13.9059,3492.86,3996.88,-788.769,0.126528,0.0288547,-15.5578
6.249,47.7795,-12.0965,4.97453,-0.602143,2.7938,1.74611,-0.541896,-0.0137852,-0.00022181,2750.7,1,0.0581216,0,0.5,-0.328174,-0.263266,0.0009214,-0.00163648,0.101722,0.0836348,0.101777,0.0842538,4612.97,-3605.09,-2556.07,-0.0559384,0.0783256,-15.0767,3554.06,3793.11,48.0199,0.0803825,-0.0254349,-15.4905,4825.29,-3938.15,-1332.42,-0.0513969,0.021554,-13.8751,3495.27,4013.97,-764.735,0.128971,0.0283709,-15.5745
6.259,47.7676,-12.1452,4.97461,-0.60201,2.51345,1.5959,-0.541593,-0.0137829,-0.000228355,2750.81,1,0.0580749,0,0.5,-0.328184,-0.263245,0.000921379,-0.0016368,0.101703,0.0836196,0.101776,0.084255,4617.64,-3574.7,-2593.81,-0.055057,0.0787736,-15.0777,3550.79,3775.22,29.9642,0.0793181,-0.0246784,-15.4902,4828.54,-3868.04,-1380.91,-0.0501918,0.0222337,-13.8622,3493.47,3997.08,-789.957,0.126498,0.0288892,-15.5654
6.269,47.7554,-12.1938,4.97459,-0.602038,2.63981,1.55234,-0.54157,-0.0137812,-0.000234957,2750.77,1,0.0580948,0,0.5,-0.328249,-0.263269,0.000927759,-0.00163551,0.101684,0.0836026,0.101776,0.0842557,4614.5,-3587.96,-2573.79,-0.0554175,0.0784617,-15.0776,3552.71,3781.47,44.9306,0.0796671,-0.0251547,-15.4906,4826.91,-3861.6,-1363.86,-0.049942,0.0219161,-13.8774,3494.62,4000.21,-783.178,0.12644,0.0286207,-15.5642
6.279,47.7429,-12.2424,4.97483,-0.602009,2.59606,1.63207,-0.541512,-0.0137789,-0.000241456,2750.9,1,0.0580622,0,0.5,-0.328245,-0.26323,0.000922639,-0.00163638,0.101663,0.0835871,0.101772,0.0842578,4614.98,-3593.67,-2571.08,-0.0556076,0.0785229,-15.0872,3553.44,3787.18,50.5584,0.0800281,-0.0253931,-15.4815,4828.17,-4010.89,-1346.08,-0.0531294,0.0219922,-13.8321,3494.29,4004.31,-779.383,0.127516,0.0286709,-15.5653
6.289,47.7302,-12.2908,4.97487,-0.602034,2.43455,1.52717,-0.541511,-0.013778,-0.000247874,2750.91,1,0.0580445,0,0.5,-0.328268,-0.263217,0.000923778,-0.00163617,0.101643,0.0835711,0.101772,0.0842582,4619.36,-3566.95,-2604.58,-0.0548306,0.0789278,-15.0819,3550.32,3770.46,30.6641,0.0790356,-0.0246139,-15.4873,4830.12,-3888.93,-1390.49,-0.0506998,0.0224562,-13.8405,3492.98,3988.08,-801.968,0.12503,0.0290735,-15.5634
6.299,47.7172,-12.3393,4.97492,-0.602036,2.5218,1.61884,-0.541488,-0.0137769,-0.000254232,2750.94,1,0.0580913,0,0.5,-0.328313,-0.263218,0.000924391,-0.00163599,0.101624,0.0835543,0.101771,0.0842593,4617.18,-3599.05,-2572.53,-0.055787,0.0787011,-15.079,3551.72,3788.28,34.0909,0.0801529,-0.0250094,-15.4903,4828.13,-3927.43,-1362.78,-0.051358,0.0220648,-13.8525,3493.9,3999.38,-785.46,0.126643,0.0287457,-15.5629
6.309,47.704,-12.3876,4.97509,-0.602162,2.79641,1.91261,-0.541947,-0.0137758,-0.000260436,2751.09,1,0.0581656,0,0.5,-0.328339,-0.263205,0.000923397,-0.00163592,0.101605,0.0835383,0.10177,0.0842606,4611.62,-3642.69,-2521.67,-0.0570844,0.078185,-15.0788,3553.96,3811.51,45.5354,0.0816715,-0.0257236,-15.492,4825.3,-4026.75,-1319.96,-0.0533306,0.0215696,-13.8547,3495.75,4017.05,-757.463,0.129121,0.0281213,-15.5591
6.319,47.6905,-12.4359,4.97492,-0.601931,2.43834,1.43783,-0.541154,-0.0137746,-0.000266465,2751.13,1,0.0580924,0,0.5,-0.328401,-0.263225,0.00093194,-0.00163219,0.101589,0.0835225,0.101771,0.0842611,4616.15,-3600.61,-2569.39,-0.0558386,0.0786563,-15.0746,3551.29,3788.25,38.5001,0.080197,-0.025129,-15.4968,4829.08,-3911.05,-1375.84,-0.0510849,0.0222542,-13.8467,3493.39,3994.66,-792.422,0.126002,0.0288929,-15.567
6.329,47.6768,-12.4841,4.97524,-0.602162,2.72373,1.84648,-0.542005,-0.0137727,-0.00027251,2751.22,1,0.0581419,0,0.5,-0.32837,-0.263175,0.000921913,-0.00163622,0.101569,0.0835082,0.101768,0.0842625,4613.22,-3625.79,-2542.14,-0.056606,0.0784438,-15.0785,3552.48,3802.74,38.9333,0.0811241,-0.0254005,-15.4933,4826.07,-3993.4,-1334.73,-0.0526627,0.0217436,-13.8504,3494.79,4006.45,-774.773,0.127587,0.0285089,-15.5654
6.339,47.6628,-12.5323,4.97523,-0.601994,2.37168,1.61176,-0.541388,-0.013771,-0.000278508,2751.17,1,0.0581012,0,0.5,-0.328374,-0.263154,0.000923236,-0.00163516,0.101549,0.0834925,0.101767,0.0842634,4619.79,-3575.63,-2599.89,-0.0551119,0.0790124,-15.0824,3550.43,3779.11,29.22,0.0795987,-0.0247258,-15.4897,4829.05,-3853.07,-1390.93,-0.0499408,0.0223739,-13.8599,3493.16,3992.69,-795.727,0.125782,0.0289771,-15.5609
6.349,47.6486,-12.5804,4.97536,-0.602111,2.5505,1.75429,-0.541763,-0.0137698,-0.000284524,2751.19,1,0.0581281,0,0.5,-0.328407,-0.263152,0.000922771,-0.00163625,0.101531,0.083477,0.101767,0.0842637,4616.65,-3595.59,-2576.13,-0.055703,0.0787705,-15.0848,3552.19,3785.47,40.7891,0.0799554,-0.0251206,-15.4876,4827.33,-3866.17,-1370.94,-0.0500912,0.0220541,-13.8713,3494.62,3996.06,-789.026,0.125697,0.0287053,-15.5602
6.359,47.6341,-12.6283,4.9753,-0.60207,2.58614,1.75409,-0.541408,-0.0137693,-0.000290448,2751.23,1,0.0581887,0,0.5,-0.328494,-0.26319,0.00093049,-0.00163463,0.101514,0.08346,0.101766,0.084264,4613,-3626.96,-2539.1,-0.0566135,0.0783594,-15.0846,3552.83,3800.05,45.3438,0.0809379,-0.0255084,-15.488,4825.63,-3935.44,-1337.96,-0.0513756,0.0216459,-13.8741,3495.31,4009.23,-770.52,0.127905,0.0284024,-15.5614
6.369,47.6194,-12.6763,4.97542,-0.602061,2.38809,1.62765,-0.541381,-0.0137681,-0.000296454,2751.37,1,0.0581274,0,0.5,-0.328449,-0.263137,0.000926193,-0.00163568,0.101493,0.0834454,0.101764,0.0842657,4620.49,-3581.83,-2591.52,-0.0552224,0.07883,-15.0917,3549.97,3784.35,26.5897,0.0799733,-0.0247601,-15.4819,4828.46,-3899.94,-1375.33,-0.050846,0.0222179,-13.8569,3493.25,3997.22,-791.059,0.12673,0.0289736,-15.5573
6.379,47.6044,-12.7241,4.97553,-0.602116,2.4184,1.782,-0.541419,-0.0137681,-0.000302536,2751.32,1,0.0581753,0,0.5,-0.328443,-0.263108,0.00092217,-0.00163726,0.101474,0.0834294,0.101764,0.084266,4618.45,-3607.43,-2567.97,-0.0560326,0.0787544,-15.0839,3551.21,3792.27,34.3189,0.0804611,-0.0250885,-15.4895,4828.31,-3849.69,-1376,-0.0497583,0.0220982,-13.8773,3493.98,4001.56,-782.488,0.127029,0.0287028,-15.5565
6.389,47.5891,-12.7719,4.9756,-0.602127,2.43263,1.8071,-0.541371,-0.0137679,-0.000308531,2751.46,1,0.0581899,0,0.5,-0.328457,-0.26309,0.000924365,-0.00163099,0.101458,0.0834139,0.101763,0.0842662,4617.25,-3606.55,-2565.64,-0.0559979,0.0786626,-15.0877,3550.46,3793.37,29.4198,0.0805694,-0.0249907,-15.487,4827.78,-3828.12,-1375.96,-0.0493075,0.0220451,-13.8858,3493.9,4000.94,-783.288,0.126934,0.0287162,-15.5523
6.399,47.5736,-12.8196,4.9756,-0.602118,2.29131,1.61158,-0.541349,-0.0137672,-0.000314494,2751.5,1,0.0581511,0,0.5,-0.328473,-0.263088,0.000925661,-0.00163584,0.101443,0.083399,0.101763,0.084267,4621.45,-3559.76,-2617.2,-0.0546394,0.0791799,-15.0862,3548.36,3771.34,26.5283,0.0792071,-0.0245416,-15.4893,4829.47,-3753.31,-1412.53,-0.0480086,0.0225075,-13.8805,3492.35,3988.13,-800.781,0.125138,0.0290534,-15.5643
6.409,47.5579,-12.8672,4.97585,-0.602272,2.59,1.98192,-0.54186,-0.0137661,-0.000320459,2751.47,1,0.0582075,0,0.5,-0.328494,-0.263079,0.000922523,-0.001635,0.101425,0.0833833,0.101762,0.0842677,4615.33,-3612.79,-2558.9,-0.0562233,0.0786615,-15.0853,3552.44,3796.55,48.0327,0.0807307,-0.0255119,-15.49,4825.88,-3929.91,-1342.32,-0.0512837,0.0217093,-13.8736,3494.85,4009.74,-770.331,0.128232,0.0284552,-15.562
6.419,47.5419,-12.9147,4.97588,-0.60217,2.40708,1.86236,-0.541522,-0.0137645,-0.000326351,2751.59,1,0.0581919,0,0.5,-0.328515,-0.263073,0.000925856,-0.00163563,0.101407,0.0833675,0.101762,0.0842681,4617.91,-3606.7,-2570.25,-0.0560494,0.0788597,-15.0914,3550.87,3794.93,30.9998,0.0806557,-0.0250556,-15.4843,4827.58,-3886.77,-1369.22,-0.050521,0.0220757,-13.8684,3493.89,4002.44,-782.455,0.127348,0.0287585,-15.5455
6.429,47.5257,-12.9621,4.97585,-0.60219,2.4253,1.84599,-0.541322,-0.0137634,-0.00033239,2751.49,1,0.0582241,0,0.5,-0.328527,-0.263052,0.000925107,-0.00163555,0.101388,0.0833516,0.101763,0.0842701,4617.43,-3604.21,-2569.76,-0.0559486,0.0787665,-15.0889,3551.93,3792.51,41.343,0.0804556,-0.0252605,-15.4864,4826.7,-3781.75,-1380.87,-0.0483946,0.0220237,-13.8976,3492.97,4006.74,-772.119,0.128077,0.0285074,-15.5562
6.439,47.5092,-13.0095,4.97591,-0.602242,2.43688,1.82224,-0.541547,-0.0137619,-0.00033825,2751.63,1,0.0582265,0,0.5,-0.328527,-0.263015,0.000921805,-0.00163555,0.101371,0.0833376,0.10176,0.0842704,4616.39,-3602.47,-2568.03,-0.0558794,0.0786664,-15.0813,3551.36,3792.68,39.9943,0.0805013,-0.0252371,-15.4961,4827.45,-3743.23,-1391.33,-0.0476728,0.0221142,-13.9026,3493.59,4001.61,-788.424,0.127787,0.0290601,-15.5691
6.449,47.4924,-13.0568,4.97607,-0.602203,2.45809,1.95129,-0.541507,-0.0137601,-0.000343962,2751.73,1,0.0582358,0,0.5,-0.32858,-0.263042,0.000925319,-0.00163473,0.101356,0.0833232,0.10176,0.0842716,4614.9,-3608.7,-2562.49,-0.0561119,0.0786983,-15.0915,3551.96,3797.52,42.6079,0.0808072,-0.025389,-15.4863,4825.71,-3862.91,-1362.75,-0.0499838,0.0219056,-13.8872,3494.69,4010.53,-769.814,0.12851,0.028485,-15.5593
6.459,47.4754,-13.1039,4.97615,-0.602282,2.3884,1.95769,-0.54161,-0.0137581,-0.000349745,2751.68,1,0.0582462,0,0.5,-0.328566,-0.262992,0.000921933,-0.00163209,0.101337,0.0833092,0.101759,0.084273,4618.95,-3589.42,-2588.58,-0.0555458,0.079039,-15.0884,3550.47,3785.28,36.4327,0.0800396,-0.0250168,-15.4893,4826.78,-3713.34,-1401.52,-0.0471596,0.022228,-13.9053,3492.92,4003.01,-782.849,0.127928,0.0288821,-15.5599
6.469,47.4582,-13.151,4.97625,-0.60222,2.37316,1.99632,-0.54157,-0.0137562,-0.000355508,2751.75,1,0.0582533,0,0.5,-0.3286,-0.26299,0.000923552,-0.00163513,0.101319,0.0832945,0.101757,0.0842738,4617.91,-3606.43,-2573.74,-0.0560881,0.0790158,-15.09,3551.07,3795.59,38.0345,0.0807152,-0.0252428,-15.4881,4826.36,-3833.21,-1370.98,-0.049402,0.0219754,-13.8898,3494.33,4009.33,-774.235,0.12869,0.028684,-15.5559
6.479,47.4407,-13.198,4.97626,-0.602218,2.24276,1.87482,-0.541422,-0.0137542,-0.000361216,2751.8,1,0.0582421,0,0.5,-0.328607,-0.262968,0.000923235,-0.00163469,0.1013,0.0832808,0.101757,0.0842755,4622.6,-3568.43,-2613.89,-0.054914,0.0793026,-15.0852,3548.3,3777.03,21.2074,0.0795705,-0.0244971,-15.4938,4827.69,-3725.21,-1411.31,-0.0474579,0.0224262,-13.8982,3492.93,4001.42,-786.348,0.12775,0.02898,-15.5673
6.489,47.423,-13.2449,4.97626,-0.602186,2.3758,1.86785,-0.541307,-0.0137531,-0.000366731,2751.78,1,0.058261,0,0.5,-0.328689,-0.262996,0.00093011,-0.00163452,0.101287,0.0832669,0.101757,0.084276,4616.03,-3612.42,-2564.65,-0.0562669,0.0788943,-15.0878,3551.05,3795.76,44.3321,0.0807557,-0.0254123,-15.4907,4826.2,-3838.11,-1367.82,-0.0494833,0.0219316,-13.8894,3494.4,4010.5,-772.211,0.12886,0.0286373,-15.5622
6.499,47.405,-13.2917,4.97644,-0.602135,2.23913,1.87303,-0.54141,-0.0137509,-0.000372348,2751.76,1,0.0582343,0,0.5,-0.328672,-0.262965,0.000923157,-0.00163648,0.101268,0.0832532,0.101754,0.0842768,4620.6,-3589.32,-2596.8,-0.0556141,0.07935,-15.086,3549.35,3788.7,36.3974,0.0803501,-0.0250916,-15.4928,4826.77,-3813.08,-1380.54,-0.049045,0.0220948,-13.8904,3494.53,4002.18,-783.783,0.127167,0.0287716,-15.5681
6.509,47.3868,-13.3385,4.97635,-0.60214,2.2028,1.60646,-0.541317,-0.013749,-0.000377704,2751.94,1,0.0581964,0,0.5,-0.328729,-0.262968,0.000930403,-0.00163478,0.101253,0.0832402,0.101753,0.0842779,4621.41,-3559.32,-2622.93,-0.0546949,0.0794462,-15.087,3549.19,3770.62,35.9099,0.0791368,-0.0247476,-15.4941,4829.71,-3695.79,-1432.27,-0.046994,0.0227198,-13.8838,3492.74,3986.72,-805.6,0.125038,0.0292102,-15.5739
6.519,47.3683,-13.3851,4.97663,-0.602214,2.21574,1.89901,-0.54148,-0.0137472,-0.000383085,2751.96,1,0.0582251,0,0.5,-0.328685,-0.262925,0.000922686,-0.00163298,0.101233,0.0832268,0.10175,0.0842797,4623.06,-3579.66,-2609.15,-0.0553053,0.0794763,-15.0895,3548.95,3786.2,34.7752,0.0801988,-0.0250063,-15.4905,4827.9,-3840.35,-1388.66,-0.0496699,0.0223054,-13.8711,3493.67,4001.21,-786.98,0.127473,0.0289507,-15.5704
6.529,47.3496,-13.4316,4.97666,-0.602119,2.2109,1.90164,-0.541305,-0.0137464,-0.000388322,2751.97,1,0.0582479,0,0.5,-0.328743,-0.262939,0.00092497,-0.00163531,0.101217,0.0832129,0.10175,0.0842801,4619.2,-3600.83,-2584.56,-0.0559668,0.0792652,-15.0902,3551,3793.46,47.7624,0.0806124,-0.0254519,-15.4908,4827.03,-3872.62,-1367.79,-0.0502105,0.0220155,-13.8757,3494.47,4003.7,-784.228,0.12774,0.0288903,-15.5652
6.539,47.3307,-13.4781,4.97685,-0.602299,2.49692,2.15805,-0.541867,-0.0137455,-0.000393447,2752.07,1,0.0582778,0,0.5,-0.328759,-0.262928,0.000922236,-0.00163627,0.101202,0.0832003,0.101748,0.0842809,4613.22,-3627.49,-2543.56,-0.0566845,0.0785959,-15.0876,3551.84,3800.71,57.0012,0.0811037,-0.0258278,-15.4945,4825.48,-3931.62,-1337.59,-0.05129,0.0216302,-13.8744,3495.48,4009.32,-772.522,0.128075,0.0285053,-15.5648
6.549,47.3115,-13.5244,4.97683,-0.602238,2.24519,1.88176,-0.54167,-0.0137441,-0.000398458,2752.12,1,0.0582269,0,0.5,-0.328778,-0.262925,0.000925821,-0.00163511,0.101187,0.0831877,0.101748,0.084282,4620.89,-3563.83,-2619.4,-0.0548458,0.0794715,-15.0931,3549.15,3772.91,41.8461,0.0793153,-0.0249437,-15.4897,4828.22,-3782.69,-1406.58,-0.0485911,0.0224799,-13.8764,3492.91,3993.09,-796.009,0.126018,0.0290319,-15.5679
6.559,47.2921,-13.5706,4.97672,-0.602058,2.19846,1.77196,-0.540795,-0.0137437,-0.000403564,2752.02,1,0.0582709,0,0.5,-0.328846,-0.262952,0.000936352,-0.00163366,0.101171,0.0831729,0.101749,0.0842819,4616.99,-3604,-2567.78,-0.0559109,0.0787008,-15.0968,3551.08,3785.65,51.6461,0.0800847,-0.0254008,-15.4845,4825.97,-3875.88,-1366.63,-0.0502926,0.0220085,-13.8756,3493.78,4005.43,-777.065,0.12784,0.0286449,-15.5569
6.569,47.2724,-13.6167,4.97689,-0.602145,2.22767,1.96116,-0.541065,-0.0137432,-0.000408713,2752.13,1,0.0583036,0,0.5,-0.328831,-0.26293,0.000930998,-0.0016343,0.101155,0.0831596,0.101748,0.0842828,4615.6,-3614.79,-2564.18,-0.056373,0.0789838,-15.0999,3550.47,3796.41,51.276,0.0808714,-0.0256109,-15.4824,4826.14,-3832.39,-1367.09,-0.049357,0.0219043,-13.8949,3494.39,4008.59,-772.729,0.12825,0.0285506,-15.5498
6.579,47.2525,-13.6628,4.97696,-0.60221,2.25511,2.01695,-0.541309,-0.0137427,-0.000413844,2752.22,1,0.0583223,0,0.5,-0.328842,-0.262927,0.000930225,-0.00163532,0.10114,0.0831465,0.101747,0.0842832,4617.25,-3605.61,-2573.93,-0.0560658,0.0790356,-15.0982,3550.15,3793.1,47.3678,0.0806453,-0.0254503,-15.4854,4825.11,-3805.09,-1366.2,-0.0487933,0.0218256,-13.9077,3494.69,4007.69,-773.939,0.127957,0.0285429,-15.5542
6.589,47.2323,-13.7087,4.97713,-0.602354,2.29744,2.14179,-0.541736,-0.0137419,-0.000419028,2752.28,1,0.0583242,0,0.5,-0.328832,-0.262897,0.000925951,-0.0016348,0.101123,0.0831331,0.101746,0.0842843,4619.15,-3598.75,-2585.33,-0.0558802,0.0792375,-15.098,3549.78,3791.78,44.2377,0.0805665,-0.0253495,-15.486,4825.64,-3785.45,-1375.33,-0.0484465,0.0219384,-13.9072,3494.31,4006.35,-776.683,0.12792,0.0286415,-15.5588
6.599,47.2119,-13.7545,4.97724,-0.602329,2.22277,2.14225,-0.541503,-0.0137414,-0.000424183,2752.31,1,0.0583145,0,0.5,-0.328822,-0.262863,0.000921839,-0.00163539,0.101107,0.0831196,0.101744,0.0842851,4619.31,-3609.35,-2572.35,-0.0561362,0.0790176,-15.0952,3550.39,3795.84,42.645,0.0807978,-0.0253678,-15.4891,4827.18,-3805.28,-1382.64,-0.0488901,0.0221111,-13.8912,3493.45,4008.08,-775.57,0.128722,0.0287455,-15.5615
6.609,47.1912,-13.8002,4.97733,-0.602297,2.08758,2.05621,-0.541537,-0.013741,-0.000429293,2752.43,1,0.0582884,0,0.5,-0.328825,-0.262844,0.000922279,-0.00163602,0.101092,0.0831061,0.101743,0.0842849,4622.49,-3588.56,-2602.26,-0.0555945,0.0795134,-15.0942,3548.27,3786.73,32.2817,0.0802711,-0.0249551,-15.4915,4828.19,-3809.68,-1397.11,-0.0490811,0.0223778,-13.8788,3493.04,3998.1,-789.72,0.126953,0.0289648,-15.5661
6.619,47.1704,-13.8458,4.97753,-0.602403,2.2646,2.37433,-0.5419,-0.0137401,-0.000434451,2752.46,1,0.0583398,0,0.5,-0.328862,-0.262855,0.000922809,-0.00163512,0.101077,0.0830926,0.101743,0.0842851,4618.61,-3616.54,-2569.69,-0.0564306,0.0791901,-15.1033,3550.27,3802.22,42.2703,0.0812537,-0.0254866,-15.4819,4825.08,-3894.79,-1348.36,-0.0505712,0.0217304,-13.891,3495.28,4010.77,-770.683,0.128461,0.0285054,-15.5455
6.629,47.1492,-13.8913,4.97737,-0.602378,2.22264,2.14039,-0.541574,-0.0137393,-0.000439739,2752.35,1,0.0583456,0,0.5,-0.328864,-0.262828,0.000924544,-0.00163367,0.101062,0.083079,0.101744,0.0842866,4619.16,-3609,-2577.14,-0.0561997,0.0792343,-15.092,3550.55,3796.17,49.4758,0.0808394,-0.02555,-15.4934,4825.77,-3753.78,-1378.9,-0.047821,0.021926,-13.916,3494.32,4007.46,-776.503,0.128279,0.0286972,-15.569
6.639,47.1279,-13.9367,4.97747,-0.602359,2.30571,2.18531,-0.54176,-0.0137378,-0.000444796,2752.57,1,0.0583458,0,0.5,-0.328881,-0.262817,0.000923238,-0.0016352,0.101049,0.0830668,0.101743,0.0842869,4615.78,-3607.76,-2567.76,-0.0561085,0.0788932,-15.0909,3551.33,3798.7,54.9939,0.0809874,-0.025732,-15.4968,4824.08,-3824.11,-1357.98,-0.0491472,0.0217303,-13.9065,3494.82,4008.58,-771.79,0.127991,0.0284679,-15.5752
6.649,47.1063,-13.982,4.97756,-0.6023,2.12365,2.07862,-0.541571,-0.0137354,-0.000449733,2752.59,1,0.0583155,0,0.5,-0.328899,-0.262811,0.000925461,-0.0016348,0.101035,0.0830552,0.101742,0.0842879,4619.81,-3574.3,-2616.8,-0.0552871,0.079779,-15.0991,3549.7,3779.37,57.126,0.0797743,-0.0254437,-15.489,4826.45,-3826.87,-1378.62,-0.0493269,0.0220965,-13.8885,3494.71,3999.6,-786.785,0.12656,0.0287747,-15.5681
6.659,47.0844,-14.0271,4.97749,-0.602237,2.0075,1.8329,-0.541186,-0.0137333,-0.000454845,2752.51,1,0.0582904,0,0.5,-0.328917,-0.262797,0.000930665,-0.00163437,0.101018,0.0830424,0.101742,0.0842889,4623.55,-3554.72,-2634.61,-0.0545977,0.0797481,-15.1007,3547.94,3767.1,41.0957,0.0790041,-0.0248216,-15.4863,4828.26,-3714.97,-1417.44,-0.0472887,0.0225084,-13.8966,3493.54,3991.55,-799.273,0.125638,0.0290797,-15.5657
6.669,47.0624,-14.0722,4.97769,-0.602386,2.15966,2.19913,-0.541553,-0.0137321,-0.000459888,2752.5,1,0.0583632,0,0.5,-0.328944,-0.262785,0.000923184,-0.00163653,0.101002,0.0830295,0.10174,0.0842903,4619.55,-3585.44,-2598.86,-0.0554945,0.0793679,-15.0981,3549.65,3783.59,51.8263,0.0800418,-0.0253831,-15.4894,4825.81,-3742.35,-1380.32,-0.0475985,0.0219239,-13.9203,3495.33,4009.6,-773.811,0.12836,0.0286038,-15.5702
6.679,47.04,-14.1171,4.97794,-0.602462,2.2369,2.48543,-0.541805,-0.0137311,-0.00046486,2752.64,1,0.058394,0,0.5,-0.328968,-0.262774,0.000923919,-0.00163475,0.100986,0.0830172,0.101739,0.0842914,4616.7,-3607.78,-2574,-0.0561706,0.0791522,-15.1107,3550.91,3795.67,56.3214,0.0808099,-0.0257142,-15.4775,4823.86,-3884.83,-1339.96,-0.0503077,0.021559,-13.9024,3495.93,4018.82,-759.971,0.129965,0.0283586,-15.5418
6.689,47.0175,-14.1619,4.9779,-0.602494,2.26855,2.38272,-0.541864,-0.0137306,-0.000469906,2752.65,1,0.0583912,0,0.5,-0.32899,-0.262762,0.000923347,-0.0016348,0.10097,0.0830046,0.101738,0.0842923,4618.01,-3617.39,-2569.12,-0.0564713,0.0792285,-15.0963,3549.54,3801.14,52.3208,0.0812741,-0.0257395,-15.4921,4824.42,-3860.14,-1346.46,-0.0498155,0.0216111,-13.9043,3495.54,4016.06,-762.902,0.129423,0.0283782,-15.5677
6.699,46.9947,-14.2066,4.97794,-0.602366,2.09202,2.24762,-0.541524,-0.0137296,-0.000474735,2752.72,1,0.0583733,0,0.5,-0.329005,-0.262751,0.000924796,-0.00163512,0.100957,0.0829929,0.101738,0.0842933,4619.3,-3586.03,-2598.73,-0.0555242,0.0793966,-15.1021,3549.28,3784.39,54.0156,0.0801309,-0.0254589,-15.4874,4825.59,-3791.15,-1377.73,-0.0485845,0.0219959,-13.9063,3494.62,4009.39,-772.234,0.12839,0.0285555,-15.5571
6.709,46.9717,-14.2512,4.97796,-0.602428,2.13017,2.19266,-0.541593,-0.0137284,-0.000479622,2752.73,1,0.0583691,0,0.5,-0.329043,-0.262753,0.000924895,-0.00163485,0.100943,0.0829808,0.101738,0.0842946,4619.26,-3578.09,-2604.12,-0.0552612,0.0793639,-15.1001,3548.22,3778.21,44.1994,0.0797417,-0.0251049,-15.4896,4826.75,-3693.23,-1402.41,-0.0467651,0.0221973,-13.9172,3493.52,4003.57,-781.41,0.127752,0.0287925,-15.5635
6.719,46.9485,-14.2956,4.97805,-0.602458,2.13005,2.21957,-0.541742,-0.013727,-0.0004845,2752.8,1,0.0583706,0,0.5,-0.329032,-0.262727,0.000923663,-0.00163489,0.100927,0.0829685,0.101736,0.0842953,4620.13,-3580.51,-2604.56,-0.0553452,0.0794359,-15.0947,3549.01,3779.29,54.3308,0.0798027,-0.0253741,-15.4952,4827.13,-3720.36,-1402.58,-0.047302,0.0222617,-13.908,3493.68,4005.08,-780.829,0.128145,0.0288397,-15.5807
6.729,46.925,-14.3399,4.97808,-0.602403,2.19164,2.2803,-0.541659,-0.0137259,-0.00048919,2752.81,1,0.0584025,0,0.5,-0.329106,-0.262752,0.000929193,-0.00163396,0.100915,0.0829565,0.101736,0.0842956,4616.66,-3608.21,-2575.03,-0.0562025,0.0792234,-15.0971,3549.72,3795.62,57.454,0.0808949,-0.0257603,-15.4937,4824.25,-3865.41,-1347.2,-0.0499383,0.0216385,-13.9029,3495.95,4016.36,-763.6,0.129448,0.0284059,-15.5724
6.739,46.9013,-14.3841,4.97834,-0.602389,2.13739,2.40131,-0.541684,-0.0137239,-0.000493868,2752.87,1,0.0583776,0,0.5,-0.329089,-0.262729,0.000926386,-0.00163448,0.1009,0.0829453,0.101734,0.0842966,4616.61,-3609.35,-2571.53,-0.056199,0.0791055,-15.1118,3549.8,3794.58,56.238,0.0808101,-0.0257039,-15.479,4824.94,-3945.3,-1341.14,-0.051638,0.0217342,-13.877,3495.82,4015.96,-763.493,0.129339,0.028384,-15.5503
6.749,46.8773,-14.4282,4.97834,-0.60239,2.00017,2.28023,-0.541479,-0.0137228,-0.000498652,2752.88,1,0.0583759,0,0.5,-0.329074,-0.262704,0.00092555,-0.00163398,0.100884,0.0829328,0.101734,0.0842982,4620.93,-3587.79,-2601.6,-0.0555885,0.0795334,-15.1062,3549.04,3786.31,52.2912,0.0802705,-0.0254486,-15.4854,4826.4,-3841.34,-1373.68,-0.049596,0.0220446,-13.8886,3494.47,4011.37,-773.51,0.129284,0.0287593,-15.5559
6.759,46.8531,-14.4722,4.97826,-0.602336,2.03354,2.18817,-0.541177,-0.0137225,-0.000503327,2752.94,1,0.0584024,0,0.5,-0.329121,-0.262721,0.000929719,-0.00163411,0.100871,0.0829202,0.101734,0.084299,4618.15,-3605.86,-2577.69,-0.0560926,0.0791994,-15.101,3549.93,3791.28,58.8011,0.0805817,-0.0257011,-15.4908,4826.44,-3800.75,-1378.52,-0.0487755,0.0220297,-13.8994,3494.12,4012.58,-769.549,0.129432,0.0286385,-15.5631
6.769,46.8287,-14.516,4.97847,-0.602385,1.91144,2.32056,-0.541437,-0.0137215,-0.000507895,2753.04,1,0.0584056,0,0.5,-0.329076,-0.262671,0.000921701,-0.00163547,0.100856,0.0829098,0.101732,0.0842997,4622.08,-3568.65,-2624.62,-0.0550811,0.0798588,-15.1077,3548.68,3778.61,60.2959,0.0798042,-0.0255169,-15.485,4826,-3760.36,-1387.58,-0.0480185,0.0220952,-13.9106,3494.2,4009.9,-775.018,0.129026,0.0287735,-15.5561
6.779,46.8041,-14.5597,4.97844,-0.602465,2.07803,2.37827,-0.54158,-0.0137212,-0.0005125,2753.01,1,0.0584455,0,0.5,-0.329104,-0.26268,0.000923684,-0.00163441,0.100843,0.0828976,0.101733,0.0843004,4617.65,-3593.49,-2589.19,-0.0557483,0.0792998,-15.1007,3549.66,3787.28,67.946,0.0803664,-0.0258707,-15.4926,4824.5,-3726.65,-1387.67,-0.0473599,0.0220237,-13.9306,3494.68,4016.1,-759.524,0.12941,0.0282547,-15.5725
6.789,46.7792,-14.6033,4.97843,-0.602358,2.00334,2.21791,-0.541246,-0.0137201,-0.000516914,2753.08,1,0.0584293,0,0.5,-0.329137,-0.262703,0.000930288,-0.00163396,0.100831,0.0828859,0.101733,0.0843007,4618.45,-3576.23,-2606.2,-0.0552381,0.0794264,-15.1012,3548.99,3779.07,66.0269,0.0798401,-0.0256721,-15.4928,4825.19,-3733.62,-1382,-0.0474455,0.0219364,-13.9231,3494.47,4012.51,-769.477,0.129263,0.0286043,-15.568
6.799,46.7541,-14.6467,4.97866,-0.60249,1.92138,2.3665,-0.541623,-0.0137185,-0.000521316,2753.07,1,0.0584277,0,0.5,-0.329121,-0.262663,0.000923054,-0.0016345,0.100817,0.0828762,0.101731,0.0843017,4621.8,-3539.45,-2645.45,-0.0541554,0.0797861,-15.1111,3546.82,3757.97,56.2763,0.0785374,-0.025062,-15.4826,4826.63,-3631.15,-1417.39,-0.0456638,0.0223214,-13.9309,3493.57,4006.21,-781.15,0.128611,0.0289346,-15.5487
6.809,46.7288,-14.69,4.97876,-0.602597,2.07972,2.62273,-0.541773,-0.0137179,-0.000525957,2752.95,1,0.0584842,0,0.5,-0.329134,-0.262648,0.000922189,-0.00163383,0.100802,0.0828636,0.101731,0.0843034,4618.15,-3580.04,-2602,-0.0553437,0.079386,-15.107,3550.02,3780.43,77.5465,0.0799166,-0.0259867,-15.4861,4823.39,-3743.04,-1362.21,-0.0475173,0.0216156,-13.9392,3494.71,4026.55,-749.26,0.132311,0.0283604,-15.5594
6.819,46.7032,-14.7332,4.97882,-0.602472,1.95996,2.45655,-0.541528,-0.0137171,-0.000530272,2753.12,1,0.0584457,0,0.5,-0.329147,-0.262648,0.000923427,-0.00163575,0.10079,0.0828529,0.101729,0.0843031,4619.02,-3562.14,-2618.49,-0.0548001,0.0794648,-15.1076,3548.39,3770.69,70.3039,0.0793342,-0.0256348,-15.4871,4824.98,-3762.23,-1371.46,-0.04795,0.0218171,-13.92,3494.38,4017.33,-764.775,0.130576,0.0286544,-15.5562
6.829,46.6775,-14.7763,4.97872,-0.602434,1.9713,2.34132,-0.541309,-0.0137161,-0.000534573,2753.24,1,0.0584695,0,0.5,-0.329192,-0.262681,0.00093302,-0.00163343,0.100778,0.0828407,0.10173,0.0843037,4618.68,-3567.84,-2614.55,-0.0549934,0.0795045,-15.1063,3548.56,3775.47,69.5613,0.0796414,-0.0257041,-15.4897,4824.49,-3769.39,-1371.95,-0.0481092,0.0218453,-13.9193,3494.34,4020.72,-759.199,0.131273,0.028564,-15.5593
6.839,46.6515,-14.8192,4.97895,-0.602486,1.86115,2.40105,-0.541455,-0.0137145,-0.000538683,2753.41,1,0.0584422,0,0.5,-0.329174,-0.262626,0.000927288,-0.00163402,0.100765,0.0828312,0.101727,0.084305,4621.75,-3560.68,-2627.13,-0.0547809,0.0797057,-15.1084,3547.4,3772.26,56.3595,0.0794446,-0.0253113,-15.4895,4826.97,-3790.7,-1394.6,-0.0486843,0.0222908,-13.8903,3492.76,4016.45,-767.661,0.131247,0.0288916,-15.5594
6.849,46.6252,-14.8619,4.97895,-0.602514,1.93482,2.40198,-0.541529,-0.013714,-0.000542931,2753.29,1,0.058457,0,0.5,-0.329217,-0.262638,0.000928451,-0.00163391,0.100751,0.0828193,0.101728,0.0843056,4620.82,-3576.23,-2612.74,-0.0552558,0.0796432,-15.1037,3548.66,3779.73,62.4773,0.0798913,-0.0255934,-15.4923,4825.27,-3801.18,-1379.86,-0.0488167,0.0220604,-13.9044,3493.49,4020.26,-759.549,0.131499,0.0286219,-15.577
6.859,46.5988,-14.9046,4.97915,-0.602494,1.85755,2.48042,-0.541594,-0.0137127,-0.000547059,2753.35,1,0.0584429,0,0.5,-0.329204,-0.262597,0.000922843,-0.00163483,0.100737,0.0828097,0.101725,0.0843055,4623.47,-3580.49,-2618.23,-0.0554404,0.0799471,-15.1063,3546.21,3783.42,49.7652,0.0802562,-0.0253686,-15.4903,4825.42,-3839.34,-1373.04,-0.049566,0.0220327,-13.8982,3494.4,4016.88,-764.627,0.130377,0.0286147,-15.5615
6.869,46.5721,-14.9471,4.97916,-0.602459,1.9192,2.50196,-0.541468,-0.0137115,-0.000551152,2753.46,1,0.0584685,0,0.5,-0.329254,-0.262613,0.000926582,-0.00163416,0.100726,0.0827986,0.101725,0.084306,4618.17,-3584.58,-2600.14,-0.0555071,0.0794696,-15.1106,3549.24,3784.67,67.0607,0.0802109,-0.0257969,-15.4874,4824.37,-3856.72,-1354.62,-0.0498088,0.0217498,-13.9037,3495.23,4020.88,-758.663,0.130899,0.0284735,-15.5593
6.879,46.5452,-14.9894,4.97911,-0.602403,1.72113,2.13568,-0.541102,-0.0137105,-0.00055523,2753.5,1,0.0584062,0,0.5,-0.329278,-0.2626,0.000934572,-0.00163384,0.100713,0.0827885,0.101725,0.0843062,4625.85,-3531.24,-2664.14,-0.053956,0.0802069,-15.1244,3545.98,3759.48,51.1316,0.0786692,-0.0249604,-15.4729,4827.64,-3744.34,-1410.06,-0.0478373,0.0224504,-13.8949,3492.88,4002.4,-787.223,0.128185,0.0290913,-15.5387
6.889,46.5181,-15.0316,4.9793,-0.6026,1.83781,2.43973,-0.541558,-0.0137103,-0.000559794,2753.31,1,0.0584466,0,0.5,-0.329274,-0.262574,0.000923548,-0.00163488,0.100696,0.0827756,0.101724,0.0843078,4623.95,-3582.68,-2614.21,-0.0554523,0.0798275,-15.1085,3548.15,3781.72,54.9274,0.0800277,-0.0254358,-15.487,4826.55,-3710.2,-1402.7,-0.0471088,0.0222427,-13.915,3493.33,4011.14,-773.805,0.12968,0.0288477,-15.5651
6.899,46.4907,-15.0737,4.97911,-0.602447,1.79941,2.13967,-0.541078,-0.0137103,-0.000564037,2753.48,1,0.05845,0,0.5,-0.329359,-0.262592,0.000938178,-0.00163359,0.100685,0.0827639,0.101725,0.0843076,4623.86,-3591.58,-2608.84,-0.0557587,0.0799092,-15.1048,3548,3789.87,48.9762,0.0805727,-0.025436,-15.4927,4827.1,-3755.4,-1397.01,-0.0479707,0.0222465,-13.9022,3493.28,4011.51,-774.75,0.129946,0.02893,-15.5589
6.909,46.4632,-15.1156,4.97946,-0.60259,1.86761,2.55559,-0.541739,-0.0137089,-0.000568406,2753.53,1,0.0584755,0,0.5,-0.32928,-0.262544,0.00092451,-0.00162991,0.100671,0.0827542,0.101722,0.0843093,4621,-3609.64,-2586.51,-0.0562933,0.0796486,-15.1002,3548.72,3798.59,53.7387,0.0811541,-0.0257172,-15.498,4825.99,-3808.36,-1378.35,-0.048942,0.0220476,-13.9025,3493.91,4017.64,-764.783,0.130894,0.0287132,-15.5802
6.919,46.4354,-15.1574,4.97958,-0.602527,1.87355,2.65213,-0.541673,-0.0137076,-0.000572523,2753.64,1,0.058491,0,0.5,-0.329345,-0.262564,0.000927077,-0.00163389,0.100662,0.0827443,0.101722,0.0843087,4617.17,-3617.66,-2572.78,-0.0565554,0.0794643,-15.1136,3549.18,3801,58.0848,0.0813134,-0.0258746,-15.4851,4823.89,-3900.01,-1340.66,-0.050645,0.0216108,-13.9,3496.24,4020.72,-758.749,0.130421,0.0283883,-15.5482
6.929,46.4074,-15.1991,4.97959,-0.602553,1.82719,2.57076,-0.541598,-0.013706,-0.00057689,2753.58,1,0.0584878,0,0.5,-0.32932,-0.262535,0.000923019,-0.00163525,0.100648,0.0827338,0.101722,0.0843108,4619.84,-3596.89,-2596.99,-0.0559364,0.0797143,-15.1095,3548.74,3791.42,61.5793,0.0806861,-0.0257845,-15.4894,4824.79,-3772.82,-1373.43,-0.0481854,0.0218785,-13.9199,3494.96,4017.46,-763.966,0.130288,0.0285706,-15.5646
6.939,46.3792,-15.2406,4.97961,-0.602493,1.7917,2.51372,-0.541424,-0.0137045,-0.000581035,2753.68,1,0.0584929,0,0.5,-0.329345,-0.262538,0.000925316,-0.00163384,0.100636,0.0827235,0.101721,0.0843109,4619.59,-3589.13,-2601.84,-0.0556812,0.0796647,-15.1131,3548.61,3787.83,62.9379,0.0804513,-0.025752,-15.4867,4824.49,-3782.32,-1372.55,-0.0483802,0.0218872,-13.9195,3495.37,4016.16,-765.106,0.129763,0.0285205,-15.5601
6.949,46.3507,-15.2819,4.97991,-0.602943,2.19259,3.14888,-0.543041,-0.013703,-0.000585319,2753.6,1,0.058552,0,0.5,-0.329329,-0.262511,0.000922622,-0.00163236,0.100622,0.0827139,0.101721,0.0843127,4613.55,-3625.32,-2557.36,-0.0567616,0.0791874,-15.1055,3550.31,3804.34,74.7267,0.0815547,-0.0263729,-15.4943,4820.47,-3859.35,-1320.25,-0.049664,0.0211573,-13.9333,3497.57,4029.35,-744.363,0.131605,0.0280369,-15.5746
6.959,46.3221,-15.3231,4.97992,-0.602581,1.77215,2.57754,-0.541782,-0.0137011,-0.000589442,2753.59,1,0.0584411,0,0.5,-0.329341,-0.262507,0.000922607,-0.00163393,0.100608,0.0827034,0.101718,0.0843138,4621.8,-3574.35,-2619.76,-0.055244,0.0798706,-15.1143,3548.1,3778.27,64.1422,0.0798362,-0.0256084,-15.4852,4826.3,-3860.23,-1373.32,-0.0500008,0.0220872,-13.8857,3494.74,4012.97,-771.625,0.129553,0.0287336,-15.5654
6.969,46.2932,-15.3641,4.97984,-0.602534,1.69443,2.42935,-0.541537,-0.0137003,-0.000593657,2753.65,1,0.0584566,0,0.5,-0.329367,-0.262513,0.00092708,-0.0016338,0.100596,0.0826926,0.101718,0.0843145,4624.04,-3557.23,-2640.8,-0.0547597,0.0801384,-15.1106,3546.59,3770.73,57.5437,0.0794001,-0.0253176,-15.4898,4826.21,-3772.35,-1391.67,-0.0482931,0.0221964,-13.9045,3494.23,4009.86,-776.124,0.129115,0.0288299,-15.5657
6.979,46.2641,-15.405,4.98007,-0.602717,1.91447,2.85083,-0.542258,-0.0136993,-0.000597741,2753.76,1,0.0585023,0,0.5,-0.329371,-0.262499,0.000923098,-0.00163432,0.100584,0.0826833,0.101717,0.0843152,4617.88,-3598.34,-2590.51,-0.055956,0.079552,-15.1138,3549.41,3791.95,73.3895,0.0807332,-0.0261,-15.4875,4823.13,-3895.82,-1335.7,-0.0505269,0.0215139,-13.9046,3496.55,4021.85,-757.267,0.130559,0.0283543,-15.5645
6.989,46.2348,-15.4458,4.98006,-0.602596,1.65122,2.56067,-0.54168,-0.0136987,-0.000601848,2753.8,1,0.0584762,0,0.5,-0.329365,-0.262476,0.000922592,-0.00163439,0.10057,0.0826725,0.101716,0.084317,4623.17,-3571.65,-2623.95,-0.0551474,0.0799144,-15.1149,3547.35,3776.45,61.0591,0.079749,-0.0255017,-15.4869,4826.65,-3821.45,-1378.85,-0.0492098,0.0220861,-13.8926,3493.82,4012.85,-777.624,0.130562,0.0291449,-15.5635
6.999,46.2053,-15.4864,4.98015,-0.602628,1.72663,2.67751,-0.541726,-0.0136988,-0.000605865,2753.91,1,0.0584925,0,0.5,-0.329388,-0.262483,0.000922084,-0.00163722,0.100559,0.0826615,0.101715,0.0843171,4620.8,-3595.75,-2597.71,-0.0558603,0.0796732,-15.1126,3548.55,3791.91,63.246,0.0807403,-0.0258377,-15.49,4825.73,-3880.19,-1362.13,-0.0503528,0.0219391,-13.8877,3494.44,4020.73,-760.424,0.131378,0.0286279,-15.5655
7.009,46.1756,-15.5268,4.98014,-0.602639,1.75972,2.5814,-0.541707,-0.0136987,-0.000609803,2753.94,1,0.0584801,0,0.5,-0.329419,-0.262502,0.000927504,-0.00163371,0.100548,0.0826511,0.101716,0.0843172,4620.6,-3596.04,-2598.07,-0.0558841,0.079711,-15.1075,3548.28,3791.62,63.9301,0.0807426,-0.0258565,-15.496,4826.47,-3852.16,-1375.37,-0.0498403,0.0221024,-13.8853,3493.87,4015.96,-767.243,0.13054,0.0287458,-15.5657
7.019,46.1456,-15.5671,4.98031,-0.60261,1.58691,2.64001,-0.541668,-0.0136977,-0.000613696,2754.03,1,0.0584889,0,0.5,-0.329408,-0.262465,0.000923632,-0.00163405,0.100537,0.0826417,0.101715,0.0843183,4623.3,-3579.04,-2620.5,-0.0554077,0.0800221,-15.115,3546.56,3781.27,51.2152,0.0800883,-0.025346,-15.4885,4826.76,-3826.74,-1394.68,-0.0494489,0.0223847,-13.8848,3493.25,4016.39,-765.218,0.13073,0.0287062,-15.5592
7.029,46.1155,-15.6072,4.98037,-0.602767,1.81078,2.86279,-0.542156,-0.013697,-0.000617603,2753.98,1,0.0585235,0,0.5,-0.329431,-0.26246,0.000923772,-0.00163222,0.100525,0.0826317,0.101714,0.0843182,4619.32,-3610.8,-2584.36,-0.0563566,0.0796721,-15.111,3549,3800.26,66.7418,0.0813143,-0.0260898,-15.4928,4824.25,-3872.43,-1352.07,-0.0501292,0.0217442,-13.9011,3495.21,4023.42,-755.728,0.131574,0.0284782,-15.5635
7.039,46.0851,-15.6471,4.98047,-0.602614,1.52193,2.65213,-0.541559,-0.013696,-0.000621359,2754.12,1,0.0584919,0,0.5,-0.329447,-0.262459,0.000925547,-0.00163181,0.100514,0.0826214,0.101713,0.0843189,4624.33,-3592.11,-2613.84,-0.0558395,0.0801518,-15.1132,3546.45,3788.1,51.615,0.0805682,-0.025486,-15.4912,4827.55,-3874.55,-1384.99,-0.0503859,0.0223306,-13.8695,3493.17,4015.91,-769.934,0.131126,0.0289542,-15.5625
7.049,46.0546,-15.6869,4.98053,-0.602621,1.6023,2.74075,-0.54171,-0.0136952,-0.000625089,2754.17,1,0.0585072,0,0.5,-0.329463,-0.262449,0.000922566,-0.00163391,0.100502,0.0826114,0.101712,0.084319,4621.25,-3615.68,-2587.97,-0.0565689,0.0799431,-15.1081,3548.82,3802.15,64.1243,0.081447,-0.0260524,-15.4973,4826.07,-3916.92,-1360.66,-0.0511444,0.0220083,-13.8746,3494.35,4020.95,-760.479,0.131513,0.0286542,-15.5678
7.059,46.0238,-15.7266,4.98055,-0.602566,1.53054,2.58716,-0.541508,-0.0136942,-0.000628631,2754.28,1,0.0584859,0,0.5,-0.32947,-0.262436,0.000926177,-0.00163368,0.100492,0.0826024,0.101711,0.0843189,4625.13,-3586.46,-2621.12,-0.0556798,0.080253,-15.1175,3546.36,3790.09,48.9986,0.0807009,-0.0254543,-15.4886,4826.08,-3954.93,-1357.86,-0.0519781,0.0220615,-13.8646,3494.63,4015.93,-768.262,0.13033,0.0287426,-15.5681
7.069,45.9928,-15.7661,4.98058,-0.60263,1.6456,2.62524,-0.541633,-0.0136934,-0.000632232,2754.21,1,0.0584876,0,0.5,-0.329508,-0.262442,0.000925531,-0.00163377,0.10048,0.0825928,0.101711,0.0843193,4621.07,-3604.79,-2594.04,-0.0561857,0.0798326,-15.113,3548.11,3795.53,59.4742,0.0810071,-0.0258109,-15.493,4826.03,-3892.73,-1365.3,-0.0506484,0.0220283,-13.8797,3494.65,4013.69,-769.836,0.129657,0.028685,-15.5687
7.079,45.9616,-15.8054,4.98076,-0.602779,1.71045,2.85151,-0.542269,-0.0136921,-0.000635713,2754.28,1,0.0585035,0,0.5,-0.329498,-0.262416,0.000921899,-0.00163433,0.100469,0.0825849,0.10171,0.0843199,4620.14,-3607.13,-2591.05,-0.0562692,0.0798216,-15.1103,3548.17,3796.79,60.3059,0.0810956,-0.0258593,-15.4962,4825.12,-3870.61,-1365.04,-0.0501799,0.0219698,-13.8889,3494.99,4012.88,-770.672,0.129318,0.0286558,-15.5724
7.089,45.9302,-15.8445,4.98068,-0.602574,1.59468,2.53528,-0.541593,-0.0136906,-0.000639231,2754.21,1,0.0584741,0,0.5,-0.329534,-0.26242,0.000926168,-0.00163369,0.100457,0.0825753,0.101709,0.0843202,4623.23,-3586.06,-2615.89,-0.0556376,0.0800753,-15.1146,3547.3,3787.82,59.1915,0.0805235,-0.0256654,-15.4918,4826,-3888.67,-1368.58,-0.050587,0.0220776,-13.8816,3494.92,4009.71,-775.595,0.12874,0.0287397,-15.5733
7.099,45.8986,-15.8835,4.98092,-0.602747,1.55498,2.75146,-0.542101,-0.0136893,-0.000642798,2754.28,1,0.0584826,0,0.5,-0.329518,-0.262393,0.000924181,-0.0016335,0.100444,0.0825669,0.101709,0.0843208,4624.66,-3563.48,-2639.6,-0.054976,0.0803037,-15.1268,3546.89,3775.28,56.6567,0.0796811,-0.0253694,-15.4796,4826.18,-3752.33,-1401.42,-0.0479583,0.0223222,-13.9061,3494.15,4001.46,-787.024,0.127387,0.0289342,-15.5455
7.109,45.8668,-15.9223,4.98075,-0.602701,1.59506,2.67854,-0.541613,-0.0136893,-0.000646522,2754.19,1,0.0585431,0,0.5,-0.329601,-0.262423,0.000928721,-0.0016336,0.100433,0.0825555,0.101709,0.0843219,4621.89,-3602.56,-2599.84,-0.0561477,0.0799946,-15.1169,3548.48,3790.02,66.1016,0.0806259,-0.025872,-15.4886,4824.81,-3768.79,-1379.69,-0.0481507,0.0219803,-13.9179,3494.54,4016.45,-765.077,0.130206,0.0286018,-15.5659
7.119,45.8348,-15.961,4.98092,-0.602815,1.65047,2.89104,-0.54207,-0.0136891,-0.000650224,2754.36,1,0.0585583,0,0.5,-0.329585,-0.2624,0.000925439,-0.00163367,0.100421,0.0825457,0.101708,0.0843226,4620.36,-3626.49,-2573.4,-0.0568346,0.0797137,-15.1118,3548.7,3804.4,60.6861,0.0815996,-0.026007,-15.4952,4824.59,-3852.78,-1360,-0.0497633,0.0218355,-13.9015,3494.94,4021.12,-759.845,0.131252,0.0285812,-15.5725
7.129,45.8025,-15.9995,4.9811,-0.602681,1.32745,2.6214,-0.541597,-0.0136883,-0.000653872,2754.5,1,0.0584792,0,0.5,-0.329543,-0.262361,0.000924621,-0.00162728,0.100409,0.0825371,0.101705,0.0843233,4630.92,-3562.29,-2655.96,-0.0549821,0.080774,-15.1269,3545.4,3787.89,39.2218,0.0805711,-0.0251647,-15.4807,4827.95,-3888.85,-1384.68,-0.0506892,0.022361,-13.8654,3493.14,4011.67,-780.14,0.130676,0.0292622,-15.5475
7.139,45.7701,-16.0378,4.98104,-0.602758,1.38648,2.66813,-0.54161,-0.013689,-0.000657892,2754.36,1,0.0585313,0,0.5,-0.329574,-0.262368,0.000924901,-0.00163344,0.100397,0.0825258,0.101707,0.0843243,4628.34,-3587.88,-2624.43,-0.0556807,0.0803419,-15.1159,3546.38,3792.05,45.689,0.0808203,-0.0253994,-15.4905,4827.04,-3761.49,-1406.19,-0.0481689,0.0224259,-13.9004,3492.4,4016.62,-769.436,0.131685,0.029038,-15.5562
7.149,45.7375,-16.076,4.98109,-0.602809,1.49307,2.94504,-0.541785,-0.0136895,-0.000661897,2754.4,1,0.0586095,0,0.5,-0.329589,-0.262362,0.000931673,-0.00163164,0.100387,0.0825152,0.101707,0.0843249,4620.81,-3641.51,-2561.49,-0.0573011,0.0797,-15.1129,3549.08,3812.04,60.949,0.0821253,-0.0261553,-15.4943,4825.12,-3813.19,-1366.46,-0.0489641,0.0218503,-13.9145,3493.85,4030.84,-746.131,0.134209,0.0285671,-15.5599
7.159,45.7047,-16.1139,4.98121,-0.60286,1.50845,3.01683,-0.541917,-0.013689,-0.000665881,2754.47,1,0.0586056,0,0.5,-0.329592,-0.262353,0.000923459,-0.00163394,0.100378,0.0825057,0.101707,0.0843252,4620.34,-3623.32,-2575.93,-0.0567347,0.0797152,-15.1156,3548.84,3804.46,60.9334,0.0815953,-0.0260084,-15.4927,4824.82,-3806.07,-1367.97,-0.0488324,0.0218612,-13.9168,3494.14,4028.94,-749.067,0.133589,0.0285736,-15.5572
7.169,45.6717,-16.1517,4.9811,-0.602659,1.35973,2.54346,-0.541246,-0.013688,-0.000669901,2754.54,1,0.0585436,0,0.5,-0.329605,-0.262354,0.000933446,-0.00163318,0.100368,0.0824958,0.101708,0.084325,4625.59,-3585.9,-2622.47,-0.0556541,0.0802878,-15.1262,3546.34,3788.74,49.7592,0.0806103,-0.025441,-15.4819,4826.56,-3831.46,-1378.81,-0.0494235,0.0221112,-13.8931,3493.52,4017.72,-771.363,0.131872,0.0291367,-15.5474
7.179,45.6384,-16.1894,4.98129,-0.60283,1.42522,2.86629,-0.541833,-0.0136866,-0.000673996,2754.55,1,0.0585852,0,0.5,-0.329599,-0.262329,0.000923693,-0.00163394,0.100355,0.0824864,0.101707,0.0843266,4623.53,-3604.83,-2602.7,-0.0562385,0.0801491,-15.1136,3547.13,3797.69,54.8754,0.081206,-0.0257394,-15.4955,4824.86,-3779.5,-1387,-0.0484284,0.0221369,-13.9128,3493.71,4022.75,-757.784,0.13221,0.0286752,-15.5693
7.189,45.605,-16.2268,4.98141,-0.602713,1.35182,2.82652,-0.54146,-0.0136848,-0.000677813,2754.57,1,0.0585602,0,0.5,-0.32961,-0.262326,0.000924426,-0.00163354,0.100345,0.0824775,0.101706,0.0843268,4622.42,-3605.09,-2599.48,-0.0562368,0.0800506,-15.1277,3548.04,3797.79,64.4238,0.0811931,-0.0259763,-15.481,4825.66,-3831.92,-1375.97,-0.0494268,0.0220656,-13.9017,3494.55,4021.78,-760.266,0.131737,0.028682,-15.5516
7.199,45.5714,-16.2641,4.98131,-0.602737,1.41742,2.69471,-0.541598,-0.0136833,-0.000681576,2754.61,1,0.0585667,0,0.5,-0.329633,-0.262338,0.00092846,-0.00163322,0.100334,0.0824689,0.101707,0.0843273,4622.85,-3591.83,-2614,-0.0558672,0.0802233,-15.1173,3546.71,3789.3,60.6911,0.080673,-0.0257363,-15.4929,4825.04,-3755.25,-1389.08,-0.0479419,0.0221144,-13.9175,3494.6,4014.97,-769.601,0.130131,0.0287589,-15.5691
7.209,45.5376,-16.3012,4.98137,-0.602774,1.46155,2.72208,-0.541854,-0.0136812,-0.000685082,2754.68,1,0.0585665,0,0.5,-0.329642,-0.262325,0.000925712,-0.00163367,0.100324,0.0824614,0.101706,0.0843285,4622.34,-3589.87,-2614.29,-0.0558008,0.0801871,-15.1126,3546.16,3787.62,60.4635,0.080594,-0.0257091,-15.4992,4825.37,-3703.28,-1400.63,-0.0469748,0.0221955,-13.9252,3494.61,4010.6,-775.222,0.129133,0.0287967,-15.5791
7.219,45.5036,-16.3381,4.98155,-0.602735,1.32745,2.78838,-0.541724,-0.0136788,-0.000688329,2754.77,1,0.0585717,0,0.5,-0.329665,-0.262334,0.000927846,-0.00163288,0.100313,0.0824536,0.101704,0.0843295,4623.38,-3569.87,-2633.39,-0.0551935,0.0803036,-15.1281,3546.02,3778.39,57.1261,0.0799526,-0.0254452,-15.4833,4825.11,-3749.26,-1395.18,-0.0478656,0.0222084,-13.9167,3494.68,4013.02,-773.396,0.129791,0.0288425,-15.5539
7.229,45.4694,-16.3749,4.98158,-0.60281,1.46503,2.9421,-0.541883,-0.0136777,-0.000691769,2754.59,1,0.0586005,0,0.5,-0.329712,-0.262351,0.000929291,-0.00163081,0.1003,0.0824438,0.101704,0.0843306,4620.25,-3605.24,-2594.62,-0.0562307,0.0799238,-15.1176,3548.59,3796.63,74.6832,0.0811232,-0.0262224,-15.4933,4822.63,-3798.99,-1355.97,-0.04863,0.0216399,-13.929,3496.13,4023.52,-755.156,0.131143,0.0283768,-15.5706
7.239,45.435,-16.4115,4.98161,-0.60277,1.48187,2.83952,-0.541876,-0.0136764,-0.000694907,2754.75,1,0.0585755,0,0.5,-0.329686,-0.262304,0.00092407,-0.00163439,0.100289,0.0824367,0.101701,0.0843319,4619.93,-3598.42,-2598.46,-0.0560035,0.0798614,-15.1133,3548.16,3793.6,75.5643,0.0809434,-0.0261895,-15.4995,4824.16,-3819.11,-1366.02,-0.049103,0.0218618,-13.9128,3495.42,4019.83,-761.121,0.130683,0.0285283,-15.588
7.249,45.4004,-16.4479,4.98179,-0.60269,1.36052,2.78836,-0.541814,-0.0136749,-0.000697798,2754.88,1,0.0585378,0,0.5,-0.329682,-0.262285,0.000922612,-0.00163404,0.100281,0.0824306,0.101699,0.0843321,4621.64,-3568.35,-2628.52,-0.0551083,0.0800886,-15.1248,3546.32,3778.65,66.6235,0.0799925,-0.0256912,-15.4889,4824.8,-3879.36,-1366.1,-0.0503855,0.022014,-13.8902,3495.21,4012.08,-772.747,0.129167,0.0287055,-15.5729
7.259,45.3657,-16.4841,4.9818,-0.602716,1.34336,2.72909,-0.541781,-0.0136741,-0.000700775,2754.82,1,0.0585392,0,0.5,-0.329714,-0.262295,0.000923427,-0.00163369,0.100271,0.0824226,0.101698,0.0843322,4622.95,-3550.26,-2650.06,-0.0546181,0.0803846,-15.1231,3545.43,3767.08,72.6908,0.0792972,-0.025649,-15.4907,4825.09,-3785.59,-1384.34,-0.0485295,0.0221033,-13.909,3495.12,4005.05,-780.574,0.12758,0.0287211,-15.573
7.269,45.3307,-16.5201,4.98177,-0.602695,1.22689,2.51062,-0.541578,-0.0136735,-0.000703848,2754.77,1,0.0585232,0,0.5,-0.329719,-0.26228,0.000925613,-0.00163351,0.10026,0.0824144,0.101699,0.0843332,4629.4,-3504.72,-2701.31,-0.0532612,0.0808795,-15.126,3543.36,3744.39,64.7979,0.077911,-0.0250562,-15.4873,4826.96,-3590.91,-1441.44,-0.0450625,0.0226537,-13.932,3493.04,3994.74,-796.642,0.126548,0.0291493,-15.5693
7.279,45.2956,-16.5559,4.98168,-0.602688,1.34834,2.68331,-0.541264,-0.013674,-0.000707003,2754.7,1,0.0586155,0,0.5,-0.329788,-0.26231,0.000930536,-0.00163272,0.10025,0.0824046,0.1017,0.0843335,4621.95,-3564,-2633.79,-0.0549892,0.0801662,-15.1245,3546.14,3775.9,69.4789,0.0798303,-0.0257169,-15.4883,4823.61,-3657.83,-1387.55,-0.0460119,0.0218699,-13.9566,3494.92,4019.64,-758.411,0.13051,0.0283995,-15.5733
7.289,45.2602,-16.5916,4.98185,-0.602768,1.23133,2.63487,-0.54162,-0.013674,-0.000710124,2754.85,1,0.0585763,0,0.5,-0.329756,-0.262274,0.000925876,-0.0016332,0.10024,0.0823973,0.101698,0.084334,4627.67,-3510.17,-2692.05,-0.0534024,0.0807128,-15.1245,3543.81,3747.12,69.8765,0.0780783,-0.025231,-15.4899,4826.05,-3540.4,-1439.12,-0.0441117,0.0225079,-13.9536,3492.84,4003.33,-783.765,0.128159,0.028958,-15.5702
7.299,45.2247,-16.6271,4.98173,-0.602658,1.26984,2.64529,-0.540989,-0.0136746,-0.000713359,2754.79,1,0.0586433,0,0.5,-0.329834,-0.262305,0.000934817,-0.0016325,0.100232,0.0823874,0.1017,0.0843342,4622.37,-3557.35,-2639.8,-0.0547811,0.0801886,-15.1305,3546.39,3766.69,82.9631,0.0792534,-0.025892,-15.4831,4823.44,-3647.58,-1393.24,-0.0458571,0.0219479,-13.9608,3494.08,4023.52,-753.161,0.131802,0.0284267,-15.5544
7.309,45.189,-16.6624,4.98206,-0.602895,1.33345,3.13417,-0.541926,-0.0136746,-0.000716702,2754.89,1,0.0586767,0,0.5,-0.329794,-0.262271,0.000925756,-0.00163398,0.100222,0.0823796,0.101698,0.0843347,4617.87,-3583.84,-2604.38,-0.0555189,0.0796912,-15.1231,3547.47,3774.44,89.738,0.0797362,-0.0262045,-15.4913,4822.49,-3738.85,-1357.1,-0.0474096,0.02152,-13.952,3495.34,4028.02,-747.915,0.132477,0.0283332,-15.5668
7.319,45.1531,-16.6975,4.9821,-0.602786,1.14385,2.88516,-0.541475,-0.0136741,-0.000719945,2754.98,1,0.0586431,0,0.5,-0.32979,-0.262256,0.00092678,-0.00163305,0.100213,0.0823712,0.101697,0.0843352,4624.6,-3544.11,-2659.06,-0.0544367,0.0805196,-15.1329,3545.62,3765.49,79.2355,0.0792077,-0.0257837,-15.4825,4824.56,-3701.03,-1389.51,-0.0468596,0.021997,-13.9415,3493.87,4024.56,-754.819,0.132533,0.028616,-15.5477
7.329,45.117,-16.7324,4.98223,-0.602895,1.1477,2.93754,-0.541695,-0.0136741,-0.000723313,2755.09,1,0.0586292,0,0.5,-0.329783,-0.262238,0.000923982,-0.00163755,0.100202,0.0823618,0.101696,0.0843354,4624.81,-3557.52,-2644.65,-0.0547819,0.0803272,-15.1253,3545.74,3770.92,75.5146,0.0795466,-0.0257857,-15.4896,4825.87,-3712.96,-1402.41,-0.0471732,0.0222473,-13.9213,3492.69,4021.33,-760.529,0.132411,0.0288214,-15.56
7.339,45.0808,-16.7671,4.98228,-0.602963,1.22729,3.04437,-0.541914,-0.0136741,-0.000726701,2755.04,1,0.0586457,0,0.5,-0.329816,-0.262247,0.00092763,-0.00163302,0.100192,0.0823524,0.101697,0.0843359,4623.06,-3595.7,-2609.43,-0.0559454,0.0801595,-15.1236,3546.87,3789.77,69.9822,0.0807382,-0.0259858,-15.4919,4825.14,-3773.48,-1380.47,-0.0482474,0.0220039,-13.9191,3493.64,4027.41,-751.922,0.133509,0.0286731,-15.5615
7.349,45.0443,-16.8016,4.9824,-0.602911,1.12985,2.94897,-0.541768,-0.0136734,-0.000730101,2755.07,1,0.0586107,0,0.5,-0.329798,-0.262222,0.000926037,-0.00163317,0.100182,0.0823439,0.101696,0.0843362,4625.78,-3585.89,-2625.12,-0.0556762,0.0804199,-15.127,3546.18,3787.91,64.7649,0.0806308,-0.0258182,-15.488,4826.28,-3835.4,-1381.22,-0.049532,0.022166,-13.8961,3493.41,4024.72,-757.311,0.133128,0.0288164,-15.5602
7.359,45.0077,-16.836,4.98247,-0.602881,1.19041,2.89028,-0.541888,-0.0136726,-0.00073366,2755.05,1,0.0585713,0,0.5,-0.329803,-0.262214,0.000923974,-0.00163317,0.100172,0.0823349,0.101696,0.084336,4623.89,-3597.04,-2610.81,-0.0560014,0.0802378,-15.1178,3546.81,3789.67,67.9303,0.0807243,-0.0259239,-15.4975,4826.13,-3832.5,-1383.35,-0.0494905,0.022198,-13.8928,3493.64,4013.76,-770.121,0.130121,0.0287835,-15.5737
7.369,44.9709,-16.8701,4.98245,-0.602812,1.20351,2.87412,-0.54172,-0.0136706,-0.000736917,2755.18,1,0.0585933,0,0.5,-0.329808,-0.262208,0.000926124,-0.00163301,0.100165,0.0823276,0.101695,0.0843365,4621.72,-3596,-2606.97,-0.0559682,0.0801055,-15.1219,3546.34,3791.76,66.3487,0.0808964,-0.0259291,-15.4949,4825.62,-3819.98,-1376.81,-0.0491806,0.0220509,-13.9053,3495.05,4017.27,-766.244,0.130437,0.0286815,-15.5707
7.379,44.9339,-16.9041,4.98236,-0.602714,1.22671,2.69143,-0.541455,-0.0136681,-0.000740079,2755.3,1,0.0585878,0,0.5,-0.329827,-0.262217,0.000930768,-0.00163261,0.100157,0.082321,0.101696,0.0843374,4621.37,-3579.42,-2621.74,-0.055486,0.080198,-15.1226,3546.92,3784.2,74.3631,0.0803671,-0.025984,-15.4957,4825.38,-3792.37,-1372.89,-0.0485751,0.0219137,-13.911,3495.42,4012.36,-777.526,0.129714,0.0289792,-15.5799
7.389,44.8967,-16.9378,4.98232,-0.602703,1.25926,2.61297,-0.541207,-0.0136657,-0.000743016,2755.34,1,0.0585939,0,0.5,-0.32984,-0.262224,0.000939267,-0.00162954,0.100148,0.0823147,0.101696,0.084338,4622.42,-3571.22,-2632.31,-0.0552603,0.0803491,-15.1247,3545.5,3779.46,66.443,0.0801014,-0.0257066,-15.4943,4825.19,-3795.52,-1382.18,-0.0487174,0.0220885,-13.9087,3495.64,4013.96,-768.583,0.129224,0.0285541,-15.5766
7.399,44.8594,-16.9714,4.98259,-0.602744,1.15417,2.84614,-0.541662,-0.0136633,-0.000745815,2755.35,1,0.0586071,0,0.5,-0.329838,-0.262199,0.000927018,-0.00163288,0.100138,0.0823092,0.101693,0.08434,4621.49,-3575.98,-2625.33,-0.0553868,0.0802361,-15.1231,3546.78,3782.54,74.8469,0.0802642,-0.0259663,-15.4963,4824.05,-3808.45,-1374.97,-0.0489517,0.0219968,-13.9136,3495.84,4017.05,-766.084,0.130014,0.0285978,-15.5787
7.409,44.8219,-17.0048,4.98271,-0.602741,1.12486,2.8725,-0.541687,-0.0136614,-0.000748403,2755.46,1,0.0585937,0,0.5,-0.329856,-0.2622,0.000926891,-0.00163342,0.100128,0.0823031,0.101691,0.0843411,4622.24,-3569.11,-2633.7,-0.055193,0.0803485,-15.1329,3546.33,3780.23,72.1177,0.0801234,-0.0258592,-15.4868,4824.22,-3868.23,-1366.14,-0.0501541,0.0219885,-13.8983,3495.75,4016.55,-767.725,0.130044,0.0286653,-15.569
7.419,44.7842,-17.0379,4.98274,-0.602778,1.07504,2.76849,-0.541745,-0.0136607,-0.000751073,2755.3,1,0.0585829,0,0.5,-0.329859,-0.262181,0.000925736,-0.0016316,0.100117,0.0822966,0.101691,0.084342,4625.01,-3548.66,-2657.7,-0.0545931,0.0806118,-15.126,3544.58,3764.66,67.9586,0.079169,-0.0254814,-15.4931,4825.58,-3702.92,-1410.35,-0.0470375,0.0223662,-13.9206,3494.5,4004.39,-784.384,0.127969,0.0289362,-15.5775
7.429,44.7463,-17.0709,4.98285,-0.602804,1.06557,2.92652,-0.541816,-0.0136604,-0.000753635,2755.31,1,0.0586125,0,0.5,-0.32988,-0.262183,0.000923336,-0.00163371,0.100108,0.0822896,0.101689,0.0843428,4623.73,-3565.3,-2639.94,-0.0550751,0.0804418,-15.1263,3545.61,3773.89,75.2484,0.0797543,-0.0258315,-15.493,4824.49,-3742.14,-1387.6,-0.0476722,0.0220593,-13.927,3494.96,4013.42,-770.731,0.129534,0.0286954,-15.5737
7.439,44.7083,-17.1037,4.98281,-0.602844,1.1006,2.93374,-0.541648,-0.0136611,-0.000756247,2755.29,1,0.0586423,0,0.5,-0.3299,-0.262184,0.000926059,-0.00163187,0.1001,0.0822817,0.10169,0.0843436,4623.48,-3560.18,-2640.84,-0.0548748,0.0803066,-15.1275,3546.31,3770.4,83.3775,0.0795092,-0.0259671,-15.4919,4823.98,-3696.86,-1386.29,-0.0467622,0.0219333,-13.9446,3494.67,4017.94,-763.212,0.130506,0.0285821,-15.5754
7.449,44.6701,-17.1363,4.98298,-0.602937,1.08107,3.17499,-0.5421,-0.0136616,-0.000758883,2755.42,1,0.0586734,0,0.5,-0.329904,-0.262166,0.000919774,-0.00163854,0.100091,0.0822744,0.101689,0.0843441,4621.59,-3575.12,-2624.64,-0.0553283,0.0801757,-15.1279,3546.88,3779,87.5709,0.0800763,-0.0262371,-15.4926,4823.05,-3738.51,-1368.5,-0.0474784,0.0217182,-13.9452,3495.12,4024.18,-753.84,0.131694,0.0284276,-15.5755
7.459,44.6317,-17.1686,4.98296,-0.602788,0.988945,2.87422,-0.541576,-0.0136621,-0.000761531,2755.44,1,0.0586302,0,0.5,-0.329927,-0.262176,0.000927934,-0.00163245,0.100084,0.0822671,0.101688,0.0843436,4626.02,-3552.28,-2655.71,-0.054683,0.0806133,-15.1309,3544.51,3768.79,77.045,0.0794926,-0.0257992,-15.4896,4824.47,-3832.91,-1371.11,-0.0494303,0.0219866,-13.9126,3494.51,4021.12,-759.103,0.131347,0.0285733,-15.5755
7.469,44.5931,-17.2008,4.98286,-0.602698,1.01216,2.56314,-0.541289,-0.0136624,-0.000764329,2755.44,1,0.0585901,0,0.5,-0.329952,-0.26218,0.000932451,-0.00163247,0.100077,0.0822588,0.101689,0.084343,4628.06,-3522.39,-2685.25,-0.0537956,0.0808287,-15.1284,3543.91,3752.96,76.8695,0.0784792,-0.0255052,-15.4929,4826.3,-3722.49,-1406.49,-0.0473884,0.0223406,-13.9182,3493.55,4008.46,-778.418,0.129121,0.0289218,-15.5805
7.479,44.5544,-17.2328,4.98316,-0.602907,1.05093,2.98982,-0.541994,-0.0136618,-0.000767062,2755.47,1,0.0586094,0,0.5,-0.329923,-0.262146,0.000924094,-0.00163429,0.100069,0.0822539,0.101687,0.0843432,4623.01,-3554.28,-2646.72,-0.0547245,0.080388,-15.1264,3545.16,3765.04,86.9224,0.0792429,-0.0259786,-15.495,4825.57,-3773.45,-1386.61,-0.0482872,0.0221118,-13.9143,3494.17,4013.25,-770.54,0.129761,0.0287331,-15.574
7.489,44.5155,-17.2646,4.98323,-0.602848,1.03246,3.04165,-0.541939,-0.013661,-0.000769762,2755.55,1,0.0586225,0,0.5,-0.329938,-0.262149,0.000922174,-0.00163484,0.100062,0.082247,0.101687,0.0843433,4621.49,-3563.06,-2635,-0.0549711,0.0802204,-15.1269,3545.21,3772.49,86.3921,0.0797395,-0.0261053,-15.495,4823.92,-3847.97,-1356.01,-0.0496401,0.0217552,-13.9149,3495.79,4018.12,-762.793,0.130067,0.0284833,-15.5761
7.499,44.4765,-17.2961,4.9831,-0.602692,1.01465,2.67204,-0.541466,-0.0136597,-0.000772324,2755.63,1,0.0585917,0,0.5,-0.329956,-0.262151,0.000927333,-0.00163267,0.100056,0.0822406,0.101687,0.0843435,4624.87,-3532.68,-2672.42,-0.0541381,0.0807278,-15.1283,3544.28,3761.01,83.1613,0.0790143,-0.0258135,-15.4948,4825.43,-3745.59,-1393.66,-0.0477728,0.0221713,-13.9212,3494.88,4006.78,-779.328,0.128125,0.0287717,-15.5789
7.509,44.4373,-17.3275,4.98327,-0.602792,0.971793,2.89015,-0.541736,-0.0136582,-0.000774842,2755.69,1,0.0586193,0,0.5,-0.329955,-0.26214,0.00092365,-0.00163529,0.100048,0.0822346,0.101687,0.0843445,4623.44,-3535.58,-2665.42,-0.0541978,0.0805639,-15.1329,3545.09,3759.92,87.8102,0.0789096,-0.0259026,-15.4907,4824.57,-3751.73,-1386.06,-0.0478543,0.0220544,-13.9259,3495.33,4011.73,-773.062,0.129029,0.0286928,-15.5775
7.519,44.3979,-17.3586,4.98341,-0.602908,1.0364,3.2177,-0.542137,-0.0136573,-0.000777332,2755.67,1,0.0586642,0,0.5,-0.329965,-0.262143,0.000925027,-0.00163291,0.100039,0.0822278,0.101686,0.0843451,4618.11,-3580.04,-2611.65,-0.0554497,0.0798925,-15.1281,3547.81,3775.57,94.8754,0.0798143,-0.0263446,-15.4953,4822.63,-3847.16,-1346.29,-0.0495689,0.0215844,-13.9226,3496.7,4022.69,-755.921,0.130667,0.0283209,-15.5797
7.529,44.3583,-17.3896,4.98348,-0.602897,0.938156,3.01557,-0.54198,-0.0136564,-0.000779717,2755.71,1,0.0586211,0,0.5,-0.329961,-0.262126,0.000923847,-0.00163369,0.100031,0.082222,0.101685,0.0843461,4624.26,-3544.24,-2658.43,-0.054432,0.0805219,-15.1303,3545.52,3763.59,86.0904,0.0791171,-0.0259198,-15.4936,4825.39,-3779.98,-1390.11,-0.0484529,0.0221913,-13.9105,3494.49,4014.29,-769.516,0.129904,0.0287175,-15.5769
7.539,44.3186,-17.4203,4.98341,-0.602795,0.921651,2.8137,-0.541641,-0.013656,-0.000782162,2755.67,1,0.0586136,0,0.5,-0.329974,-0.262129,0.000927573,-0.00163165,0.100022,0.0822157,0.101685,0.0843468,4626.16,-3540.23,-2667.04,-0.0543336,0.0807023,-15.1283,3544.68,3761.95,81.5803,0.0790427,-0.0257814,-15.4955,4825.92,-3764.5,-1398.28,-0.0481878,0.0222971,-13.9126,3493.98,4014.38,-769.501,0.130143,0.0287613,-15.5871
7.549,44.2787,-17.4509,4.98345,-0.602803,0.873185,2.82565,-0.541522,-0.0136561,-0.000784613,2755.7,1,0.0586327,0,0.5,-0.329984,-0.262129,0.000930831,-0.00163223,0.100015,0.0822094,0.101685,0.0843469,4626.42,-3535.18,-2672.57,-0.0541932,0.080769,-15.1375,3544.19,3759.17,81.1087,0.0788887,-0.0257265,-15.4862,4825.45,-3754.03,-1391.14,-0.0479251,0.0221462,-13.9219,3494.32,4015.68,-769.245,0.130471,0.0288064,-15.5614
7.559,44.2387,-17.4812,4.98342,-0.602808,0.930927,2.79687,-0.541536,-0.0136565,-0.000787217,2755.68,1,0.0586411,0,0.5,-0.329998,-0.262132,0.00093367,-0.00163204,0.100007,0.0822022,0.101686,0.0843472,4625.2,-3547.87,-2658.24,-0.0545544,0.0806085,-15.1316,3544.87,3763.55,85.7382,0.0791554,-0.0259186,-15.4921,4825.23,-3734.35,-1391.87,-0.0475341,0.0221133,-13.9281,3494.38,4015.7,-768.203,0.130335,0.0287433,-15.5764
7.569,44.1985,-17.5113,4.98356,-0.602886,0.925379,2.96958,-0.541743,-0.0136565,-0.00078979,2755.71,1,0.0586559,0,0.5,-0.330004,-0.262126,0.000931116,-0.00163211,0.0999999,0.0821951,0.101686,0.0843477,4623.71,-3554.8,-2646.98,-0.0547242,0.0803958,-15.1334,3546.21,3767.66,86.9237,0.0793475,-0.0260058,-15.4904,4824.68,-3731.32,-1385.26,-0.0474319,0.0219912,-13.9356,3494.68,4019.16,-762.885,0.130936,0.0286437,-15.5685
7.579,44.1582,-17.5412,4.98369,-0.602894,0.899314,3.12343,-0.541862,-0.013656,-0.000792486,2755.71,1,0.0586746,0,0.5,-0.329997,-0.262103,0.000926611,-0.00163241,0.099992,0.0821887,0.101685,0.0843485,4621.32,-3574.45,-2624.56,-0.0553039,0.080161,-15.131,3546.95,3778.57,94.033,0.0800729,-0.0263902,-15.4932,4823.41,-3791.34,-1358.58,-0.0484768,0.0216645,-13.9358,3495.65,4025.8,-752.766,0.131995,0.0284341,-15.5771
7.589,44.1177,-17.5709,4.98381,-0.602956,0.899397,3.1402,-0.542188,-0.0136553,-0.000795013,2755.84,1,0.0586495,0,0.5,-0.329989,-0.26208,0.0009234,-0.00163341,0.0999862,0.0821834,0.101684,0.084349,4621.92,-3555.18,-2646.04,-0.0547841,0.0804375,-15.1296,3546.16,3768.63,94.7235,0.0794531,-0.0262312,-15.4966,4824.18,-3815.04,-1366.27,-0.0490184,0.0218559,-13.9203,3495.4,4019.76,-761.679,0.130731,0.0285583,-15.5806
7.599,44.077,-17.6004,4.98386,-0.602878,0.817438,3.06553,-0.541893,-0.0136542,-0.000797542,2755.85,1,0.0586512,0,0.5,-0.330003,-0.262083,0.000925327,-0.00163257,0.0999796,0.0821774,0.101684,0.0843499,4622.78,-3547.57,-2653.39,-0.0545431,0.0804683,-15.1344,3545.44,3764.18,91.3885,0.0791869,-0.0260679,-15.4913,4824.75,-3798.33,-1373.63,-0.048716,0.021944,-13.9207,3495.18,4020.4,-761.715,0.131077,0.0286204,-15.5728
7.609,44.0362,-17.6296,4.98386,-0.602819,0.888616,2.92334,-0.541671,-0.0136532,-0.000800063,2755.86,1,0.0586074,0,0.5,-0.330025,-0.26209,0.00092799,-0.00163234,0.0999727,0.0821711,0.101683,0.0843499,4622.33,-3546.91,-2649.39,-0.0544665,0.080275,-15.1371,3545.49,3763.09,90.5533,0.0791059,-0.0260228,-15.489,4825.49,-3850.29,-1372.7,-0.0497962,0.0220545,-13.8996,3495.15,4016.62,-766.447,0.130172,0.0286431,-15.5831
7.619,43.9952,-17.6587,4.98397,-0.602833,0.739057,2.93257,-0.541772,-0.013652,-0.000802584,2755.93,1,0.0586282,0,0.5,-0.330018,-0.262068,0.000924263,-0.00163343,0.0999636,0.0821652,0.101683,0.084351,4626.92,-3537.25,-2672.87,-0.0542679,0.0808415,-15.134,3543.62,3758.93,78.0068,0.0788956,-0.0256446,-15.4926,4825.52,-3799.31,-1385.61,-0.0488177,0.0221578,-13.9101,3494.91,4013.8,-771.612,0.129789,0.0287733,-15.5818
7.629,43.9541,-17.6875,4.98403,-0.602899,0.798754,2.87709,-0.541998,-0.0136511,-0.000804987,2755.95,1,0.0585896,0,0.5,-0.330043,-0.26207,0.00092539,-0.00163134,0.0999561,0.08216,0.101683,0.0843513,4625.79,-3517.17,-2686.02,-0.0536462,0.0807789,-15.1359,3544.12,3746.3,82.5625,0.078056,-0.0255247,-15.4905,4827.34,-3676.09,-1428.59,-0.0466126,0.0226188,-13.9149,3493.63,3999.9,-791.386,0.127496,0.0291196,-15.5768
7.639,43.9128,-17.7161,4.98404,-0.602859,0.790403,3.02954,-0.54181,-0.0136506,-0.000807486,2755.86,1,0.0586513,0,0.5,-0.330064,-0.262074,0.000926906,-0.00163225,0.0999477,0.0821531,0.101683,0.0843523,4623.13,-3558.55,-2644.45,-0.0548636,0.0804401,-15.1334,3545.95,3768.92,93.035,0.0794779,-0.0261905,-15.4929,4824.18,-3815.27,-1366.84,-0.0490278,0.0218669,-13.9213,3495.67,4020.55,-761.434,0.130898,0.0285758,-15.5813
7.649,43.8714,-17.7445,4.98405,-0.602842,0.803817,3.00736,-0.541743,-0.0136505,-0.000809715,2756.06,1,0.0586565,0,0.5,-0.330107,-0.262092,0.000930532,-0.00163188,0.0999424,0.0821478,0.101683,0.0843525,4622.49,-3555.03,-2647.09,-0.0547713,0.0804628,-15.1376,3545.53,3768.69,92.8528,0.0794911,-0.0261911,-15.4902,4823.85,-3836.27,-1363.26,-0.0494499,0.0218563,-13.9174,3495.69,4020.17,-760.592,0.130642,0.0284996,-15.5747
7.659,43.8298,-17.7727,4.98416,-0.602936,0.774781,3.12885,-0.542022,-0.0136503,-0.000812052,2755.97,1,0.058671,0,0.5,-0.330099,-0.262075,0.000926553,-0.00163266,0.099934,0.082142,0.101683,0.0843534,4622.6,-3553.06,-2648.17,-0.0546976,0.0804386,-15.1363,3545.62,3764.64,95.989,0.0792273,-0.0261953,-15.491,4823.75,-3801.3,-1364.96,-0.0487277,0.0218008,-13.9285,3495.56,4020.94,-759.546,0.130877,0.0285015,-15.5828
7.669,43.7881,-17.8007,4.98422,-0.60295,0.781631,3.15572,-0.542039,-0.0136505,-0.000814316,2756.07,1,0.0586705,0,0.5,-0.330159,-0.262107,0.000931196,-0.0016308,0.0999281,0.0821348,0.101682,0.0843532,4621.94,-3566.64,-2635.63,-0.055108,0.0803794,-15.1388,3546.02,3772.3,94.1924,0.0797098,-0.0262908,-15.4893,4823.56,-3877.66,-1349.58,-0.050235,0.021716,-13.9109,3495.87,4022.95,-756.725,0.131213,0.0284502,-15.5763
7.679,43.7463,-17.8284,4.98436,-0.60298,0.666013,3.02892,-0.542108,-0.0136503,-0.000816773,2756.05,1,0.0586294,0,0.5,-0.330071,-0.262036,0.00092585,-0.00163105,0.0999164,0.0821293,0.101681,0.0843542,4627.69,-3547.44,-2664.49,-0.0545459,0.0807959,-15.1394,3544.59,3765.17,81.528,0.0792623,-0.0258371,-15.4886,4826.2,-3834.76,-1382.25,-0.0495279,0.0221835,-13.8991,3494.16,4014.89,-772.148,0.130569,0.0289356,-15.5774
7.689,43.7043,-17.8559,4.98437,-0.602921,0.64815,2.90078,-0.541782,-0.0136511,-0.000819217,2756.08,1,0.0586157,0,0.5,-0.330097,-0.262046,0.00092659,-0.00163227,0.0999104,0.0821218,0.101681,0.0843536,4629.51,-3537.64,-2678.53,-0.0542859,0.0810241,-15.1365,3543.44,3765.04,76.7688,0.0793087,-0.0257267,-15.4913,4826.71,-3829.85,-1391.47,-0.0494889,0.0223349,-13.8974,3494,4013.92,-769.278,0.12994,0.0287166,-15.5746
7.699,43.6621,-17.8833,4.98432,-0.602865,0.666768,2.96291,-0.541539,-0.0136518,-0.000821646,2756.18,1,0.0586671,0,0.5,-0.330153,-0.262079,0.000932417,-0.00163184,0.0999064,0.0821147,0.101682,0.0843533,4623.79,-3572.8,-2634.79,-0.0553065,0.080489,-15.1399,3545.26,3776.2,88.8346,0.0799997,-0.0262308,-15.4887,4825.12,-3873.67,-1361.33,-0.0502152,0.0219109,-13.904,3494.99,4021.05,-759.873,0.131204,0.0285735,-15.5649
7.709,43.6198,-17.9103,4.98423,-0.602828,0.769231,2.92352,-0.541394,-0.0136522,-0.000824092,2756.21,1,0.0586856,0,0.5,-0.330199,-0.262108,0.000938506,-0.00163138,0.0999022,0.0821076,0.101684,0.0843531,4620.6,-3594.91,-2607.98,-0.0559551,0.0801796,-15.134,3546.5,3784.83,94.6652,0.0805408,-0.0265351,-15.4949,4824.3,-3870.24,-1352.39,-0.0500829,0.0217444,-13.9116,3495.43,4023.07,-755.54,0.131313,0.0284249,-15.5776
7.719,43.5774,-17.9372,4.98444,-0.60295,0.688611,2.99178,-0.541841,-0.013651,-0.000826511,2756.32,1,0.0586552,0,0.5,-0.330114,-0.26204,0.000926179,-0.00163244,0.0998939,0.0821031,0.101682,0.0843542,4623.89,-3561.23,-2643.89,-0.0549424,0.0804866,-15.1313,3545.4,3769.43,88.2004,0.0795259,-0.0260803,-15.4992,4826.32,-3768.33,-1394.24,-0.0482277,0.0222323,-13.9145,3494.08,4011.96,-773.284,0.129626,0.0288137,-15.5836
7.729,43.5348,-17.9638,4.98451,-0.60304,0.630893,3.1898,-0.542011,-0.0136504,-0.000828888,2756.3,1,0.0587142,0,0.5,-0.330104,-0.262022,0.000924542,-0.00163241,0.0998869,0.082097,0.101683,0.0843547,4623.48,-3561.54,-2644.97,-0.0549854,0.0805655,-15.136,3545.21,3774.17,89.1841,0.0798664,-0.0262018,-15.4943,4823.41,-3747.06,-1370.81,-0.0476626,0.0217776,-13.9465,3495.32,4022.76,-756.658,0.131365,0.0284769,-15.5781
7.739,43.4921,-17.9903,4.98457,-0.602949,0.529663,2.96474,-0.541698,-0.0136496,-0.000831217,2756.36,1,0.0586795,0,0.5,-0.330111,-0.262022,0.000926322,-0.00163044,0.0998801,0.082091,0.101682,0.0843549,4627.2,-3530.03,-2681.51,-0.054079,0.080979,-15.1381,3543.37,3757.88,81.9946,0.0788594,-0.0257288,-15.4928,4825.3,-3707.05,-1397.18,-0.0470245,0.0221432,-13.9346,3494.19,4014.05,-772.619,0.130284,0.0289019,-15.5724
7.749,43.4492,-18.0165,4.98471,-0.603134,0.587997,3.44659,-0.542332,-0.013649,-0.000833638,2756.33,1,0.0587494,0,0.5,-0.330129,-0.262027,0.000925701,-0.00163213,0.0998724,0.0820845,0.101682,0.0843554,4620.48,-3586.9,-2615.49,-0.0557233,0.0802417,-15.1369,3546.9,3786.73,95.1464,0.0806485,-0.0265794,-15.494,4821.15,-3839.35,-1333.21,-0.0493263,0.0213377,-13.9437,3496.85,4034.18,-740.542,0.133528,0.0282181,-15.5763
7.759,43.4062,-18.0424,4.98475,-0.602957,0.445967,2.95446,-0.541809,-0.0136479,-0.000835955,2756.37,1,0.0586678,0,0.5,-0.330113,-0.261999,0.000925685,-0.00163273,0.0998646,0.0820792,0.101681,0.0843559,4628.59,-3530.71,-2685.47,-0.054124,0.0811359,-15.1397,3542.93,3755.29,81.7037,0.0787158,-0.0256785,-15.4915,4826.12,-3752.55,-1403.2,-0.047977,0.0223549,-13.9153,3493.69,4014.53,-772.376,0.130651,0.028961,-15.5761
7.769,43.3631,-18.0682,4.98475,-0.602971,0.516967,3.02439,-0.541696,-0.0136476,-0.00083838,2756.31,1,0.0586836,0,0.5,-0.33013,-0.262009,0.000925592,-0.00163474,0.099858,0.0820726,0.101681,0.0843565,4625.15,-3551.13,-2655.8,-0.0546502,0.0806242,-15.1361,3544.42,3765,88.0349,0.0792923,-0.0260033,-15.4951,4825.41,-3760.93,-1388.65,-0.0480477,0.0221186,-13.924,3494.29,4020.72,-761.238,0.13153,0.0286858,-15.5777
7.779,43.3198,-18.0937,4.9848,-0.603024,0.54259,3.1172,-0.542034,-0.0136466,-0.000840677,2756.49,1,0.0586935,0,0.5,-0.33014,-0.261999,0.000925956,-0.00163199,0.0998515,0.0820677,0.10168,0.0843569,4624.08,-3550.24,-2657.49,-0.054671,0.0807169,-15.1353,3544.61,3767.14,89.4956,0.0794307,-0.0260825,-15.4974,4824.49,-3766.79,-1382.23,-0.0481345,0.0220225,-13.9286,3494.93,4019.97,-762.567,0.131113,0.0286606,-15.5842
7.789,43.2764,-18.119,4.98483,-0.602965,0.562648,3.15153,-0.541714,-0.0136458,-0.000842838,2756.54,1,0.0587051,0,0.5,-0.330179,-0.262029,0.000932795,-0.00163143,0.0998465,0.0820618,0.10168,0.0843569,4620.64,-3566.06,-2632.95,-0.0550847,0.080284,-15.1434,3546.86,3777.64,99.6213,0.0800434,-0.0265139,-15.4896,4822.97,-3894.65,-1354.12,-0.0506556,0.0218454,-13.9116,3496.01,4031.46,-741.868,0.132894,0.0281679,-15.5729
7.799,43.2329,-18.144,4.98487,-0.602975,0.523013,2.95422,-0.541776,-0.0136449,-0.00084507,2756.53,1,0.0586679,0,0.5,-0.330172,-0.262001,0.00093129,-0.00163195,0.0998377,0.0820567,0.101679,0.0843577,4626.34,-3544.05,-2666.63,-0.0544725,0.0808308,-15.1388,3544.09,3762.83,83.7022,0.0791484,-0.0258536,-15.494,4825.82,-3776.37,-1395.73,-0.0484146,0.022281,-13.9118,3494.07,4015.81,-769.543,0.130655,0.0288516,-15.5751
7.809,43.1892,-18.1689,4.98512,-0.603089,0.429449,3.37129,-0.542237,-0.013644,-0.000847295,2756.51,1,0.0587196,0,0.5,-0.330174,-0.261983,0.000924938,-0.00163252,0.0998297,0.0820512,0.101678,0.0843587,4622.22,-3585.37,-2623.19,-0.0557191,0.0804799,-15.14,3546.08,3785.57,91.5006,0.0806042,-0.0264683,-15.4925,4822.73,-3894.11,-1341.01,-0.0505396,0.0216076,-13.9164,3496.11,4031.38,-745.648,0.133285,0.0283778,-15.5698
7.819,43.1454,-18.1935,4.98509,-0.603012,0.391687,3.14179,-0.541907,-0.0136433,-0.000849426,2756.57,1,0.0587006,0,0.5,-0.330178,-0.261973,0.000926711,-0.0016301,0.0998228,0.082046,0.101677,0.0843594,4625.54,-3560.59,-2652,-0.0549847,0.0807829,-15.1382,3544.72,3772.63,86.027,0.0797774,-0.0260891,-15.4948,4825.01,-3832.04,-1368.84,-0.0493831,0.0219408,-13.9128,3495.08,4024.2,-759.92,0.132458,0.02879,-15.5789
7.829,43.1015,-18.2178,4.98506,-0.602943,0.42083,3.00243,-0.541679,-0.0136428,-0.00085155,2756.57,1,0.0586865,0,0.5,-0.33021,-0.261984,0.000928846,-0.00163193,0.0998169,0.0820406,0.101678,0.0843595,4625.85,-3552.08,-2659.57,-0.0547233,0.0808148,-15.1419,3544.22,3768.19,83.0873,0.0794968,-0.0259352,-15.491,4825.05,-3779.27,-1387.14,-0.0484203,0.022138,-13.9214,3494.46,4019.78,-763.926,0.131402,0.0287649,-15.5681
7.839,43.0574,-18.242,4.98486,-0.602859,0.563165,2.81204,-0.541219,-0.0136426,-0.000853627,2756.66,1,0.0586949,0,0.5,-0.330263,-0.261998,0.000939725,-0.00163157,0.0998119,0.0820347,0.101679,0.0843597,4625.89,-3565.69,-2648.05,-0.0551326,0.0807715,-15.1424,3544.18,3778.94,83.6749,0.0802357,-0.0261569,-15.491,4824.7,-3825.5,-1373.2,-0.0492851,0.0220044,-13.9145,3494.53,4023.67,-757.416,0.132177,0.0286492,-15.5762
7.849,43.0132,-18.2659,4.98517,-0.602964,0.353465,2.88737,-0.541634,-0.0136421,-0.000855797,2756.7,1,0.0586719,0,0.5,-0.330224,-0.26197,0.000928894,-0.00163242,0.0998027,0.0820294,0.101677,0.0843604,4630.16,-3542.85,-2674.79,-0.0544227,0.0810214,-15.143,3542.78,3766,66.7398,0.0793704,-0.0254843,-15.4906,4826.44,-3739.18,-1410.17,-0.0477527,0.0224457,-13.9156,3493.35,4014.04,-774.597,0.130862,0.0290842,-15.5673
7.859,42.9689,-18.2896,4.98529,-0.603117,0.37133,3.24635,-0.542076,-0.0136422,-0.000858044,2756.64,1,0.0587177,0,0.5,-0.330227,-0.261962,0.000925981,-0.00163193,0.0997948,0.0820229,0.101676,0.084361,4624.85,-3592.74,-2620.67,-0.0559127,0.0805338,-15.1368,3545.89,3787.89,80.8345,0.0807241,-0.0262278,-15.4968,4824.72,-3791.76,-1377.61,-0.0486106,0.0219993,-13.9219,3494.3,4025.11,-755.796,0.132686,0.028677,-15.5746
7.869,42.9245,-18.313,4.98537,-0.60309,0.31374,3.15283,-0.54204,-0.0136422,-0.000860147,2756.7,1,0.0587012,0,0.5,-0.330226,-0.261955,0.00092625,-0.00163097,0.0997892,0.0820178,0.101676,0.0843611,4626.8,-3575.02,-2642.33,-0.0554161,0.0808159,-15.1338,3544.36,3780.56,77.1911,0.080303,-0.0260134,-15.4996,4825.5,-3785.74,-1390.02,-0.0485695,0.0222032,-13.9158,3493.52,4021.4,-762.71,0.132334,0.0288866,-15.5731
7.879,42.88,-18.3362,4.98538,-0.603059,0.290465,3.23678,-0.541819,-0.0136422,-0.00086229,2756.77,1,0.0587419,0,0.5,-0.330268,-0.261977,0.000928063,-0.00163223,0.0997845,0.0820115,0.101676,0.0843616,4623.92,-3594.27,-2619.29,-0.0559898,0.0805637,-15.1388,3545.89,3790.79,82.9994,0.0809388,-0.0263428,-15.4957,4824.15,-3844.82,-1364.08,-0.049633,0.0218911,-13.917,3494.42,4031.42,-746.297,0.134208,0.0285698,-15.5654
7.889,42.8353,-18.3592,4.9854,-0.603061,0.315548,3.26977,-0.541818,-0.0136421,-0.000864519,2756.78,1,0.0587463,0,0.5,-0.330295,-0.261989,0.000931497,-0.00163169,0.0997789,0.0820057,0.101678,0.0843619,4622.02,-3610.64,-2600.56,-0.0564773,0.0803727,-15.1353,3546.32,3797.08,85.7205,0.0813684,-0.0265352,-15.4995,4823.64,-3864.22,-1352.99,-0.0499697,0.021743,-13.917,3494.86,4033.94,-742.212,0.134618,0.0284784,-15.5625
7.899,42.7905,-18.3819,4.9856,-0.603136,0.183992,3.23551,-0.542058,-0.0136412,-0.00086661,2756.96,1,0.0587206,0,0.5,-0.330236,-0.261949,0.000923474,-0.00163197,0.0997714,0.0820015,0.101674,0.0843626,4627.24,-3576.91,-2643.02,-0.0554951,0.080903,-15.1377,3544.61,3786.26,75.1906,0.0806711,-0.0260661,-15.4987,4826.02,-3841.45,-1384.92,-0.0496962,0.0222498,-13.899,3493.31,4027.77,-754.371,0.134161,0.0288809,-15.5698
7.909,42.7456,-18.4045,4.98545,-0.602967,0.311097,3.02762,-0.541546,-0.0136412,-0.000868672,2756.91,1,0.0587091,0,0.5,-0.330288,-0.261983,0.000934411,-0.00163157,0.0997663,0.0819955,0.101676,0.0843614,4624.59,-3605.9,-2612.18,-0.0563706,0.0806366,-15.1383,3545.33,3797.11,77.9409,0.0813998,-0.0263408,-15.4973,4825.26,-3896.43,-1365.01,-0.0507413,0.0220367,-13.8958,3494.46,4027.58,-752.965,0.133328,0.0286767,-15.5634
7.919,42.7005,-18.4267,4.9856,-0.603016,0.235992,3.14477,-0.541795,-0.0136403,-0.000870686,2756.98,1,0.0587208,0,0.5,-0.330255,-0.261954,0.000928169,-0.0016322,0.0997605,0.0819914,0.101675,0.0843622,4624,-3600.73,-2617.86,-0.0562532,0.0807344,-15.1395,3544.57,3796.78,75.9991,0.0814215,-0.0262959,-15.497,4824.86,-3885.35,-1362.3,-0.0504827,0.0219603,-13.9034,3494.7,4027.28,-753.149,0.133103,0.0286434,-15.5702
7.929,42.6554,-18.4488,4.98558,-0.603076,0.285631,3.10848,-0.541854,-0.0136396,-0.000872694,2756.94,1,0.0587137,0,0.5,-0.330251,-0.261943,0.000926065,-0.00163332,0.0997539,0.0819861,0.101675,0.0843628,4624.84,-3573.25,-2637.72,-0.0553281,0.0806138,-15.1388,3546.12,3779.74,85.7474,0.0801663,-0.0261925,-15.4982,4825.49,-3712.45,-1402.94,-0.0471727,0.0222573,-13.9318,3493.79,4019.56,-764.471,0.131671,0.0288371,-15.5738
7.939,42.6101,-18.4706,4.98571,-0.603086,0.20276,3.28634,-0.542002,-0.0136387,-0.000874717,2756.97,1,0.0587523,0,0.5,-0.330245,-0.261928,0.000924828,-0.00163168,0.0997479,0.0819817,0.101676,0.084364,4622.18,-3583.68,-2622.32,-0.0556297,0.0803811,-15.1408,3545.16,3787.01,82.4169,0.0807217,-0.0262626,-15.4959,4820.12,-3765.56,-1370.6,-0.0480976,0.0218333,-13.9424,3493.34,4025.85,-750.45,0.132783,0.0284957,-15.5709
7.949,42.5648,-18.4921,4.98565,-0.603083,0.280433,3.17606,-0.541965,-0.0136378,-0.000876453,2757.01,1,0.0587357,0,0.5,-0.330268,-0.261951,0.000929299,-0.00163194,0.0997433,0.081977,0.101674,0.0843635,4623.65,-3566.6,-2643.39,-0.0551669,0.080682,-15.1391,3545.31,3778.29,90.4771,0.0801463,-0.0263054,-15.4992,4823.63,-3768.68,-1376.59,-0.0481445,0.0219304,-13.9361,3494.93,4025,-755.329,0.132293,0.0285875,-15.586
7.959,42.5193,-18.5135,4.98585,-0.603063,0.172697,3.23783,-0.542023,-0.0136367,-0.000878217,2757.01,1,0.0587227,0,0.5,-0.330259,-0.261925,0.000924912,-0.00163208,0.0997369,0.0819737,0.101673,0.0843634,4623.4,-3568.11,-2641.66,-0.0552144,0.080666,-15.1449,3544.97,3777.93,90.9895,0.0801474,-0.0263165,-15.493,4823.28,-3824.49,-1362.97,-0.0492077,0.0218245,-13.9277,3495.7,4024.38,-755.707,0.131739,0.028502,-15.5701
7.969,42.4737,-18.5345,4.98587,-0.603127,0.227688,3.35881,-0.542285,-0.0136361,-0.000879978,2757.01,1,0.0587383,0,0.5,-0.330288,-0.26195,0.000928054,-0.00163163,0.0997319,0.0819688,0.101673,0.0843641,4621.81,-3581.17,-2627.86,-0.055617,0.0805668,-15.1401,3546.08,3785.49,97.8248,0.0806313,-0.0266324,-15.4983,4821.73,-3889.22,-1333.84,-0.0503932,0.0214704,-13.9245,3496.76,4029.87,-747.477,0.132553,0.02832,-15.587
7.979,42.4279,-18.5554,4.9859,-0.603068,0.215904,3.01603,-0.542045,-0.0136351,-0.000881676,2757.03,1,0.0586717,0,0.5,-0.330282,-0.261928,0.000928755,-0.00163179,0.0997247,0.0819647,0.101672,0.0843646,4627.39,-3539.47,-2674.95,-0.0543629,0.0810227,-15.1459,3543.29,3759.53,83.5463,0.078981,-0.0257969,-15.4925,4826.51,-3743.87,-1411.01,-0.0478538,0.0224716,-13.9119,3493.52,4009.46,-779.216,0.129582,0.0290335,-15.5728
7.989,42.3821,-18.576,4.986,-0.60309,0.105276,3.09119,-0.542088,-0.0136348,-0.000883581,2757,1,0.0587016,0,0.5,-0.330286,-0.261913,0.000926216,-0.00163697,0.0997166,0.0819592,0.101672,0.0843652,4628.16,-3545.17,-2672.09,-0.0545384,0.0810672,-15.1492,3543.59,3763.07,82.3707,0.079191,-0.0258261,-15.4885,4825.57,-3721.55,-1406.1,-0.0473784,0.0223345,-13.9287,3493.82,4014.17,-772.445,0.130467,0.0289309,-15.5638
7.999,42.3362,-18.5964,4.98571,-0.602953,0.302579,2.86899,-0.541392,-0.0136353,-0.000885528,2757.01,1,0.0587192,0,0.5,-0.330333,-0.261939,0.000939336,-0.00163115,0.0997111,0.0819532,0.101674,0.0843652,4626.55,-3562.51,-2652.05,-0.0550286,0.0808243,-15.1485,3544.39,3773.6,84.9538,0.0798599,-0.0260791,-15.4893,4824.5,-3747.84,-1386.2,-0.0477768,0.0220479,-13.9385,3494.6,4019.68,-762.89,0.131175,0.0286856,-15.5704
8.009,42.2902,-18.6165,4.986,-0.60316,0.0894433,3.22108,-0.541877,-0.0136361,-0.000887603,2757,1,0.0587649,0,0.5,-0.330319,-0.261907,0.000926271,-0.00163158,0.0997048,0.0819476,0.101673,0.0843665,4626.05,-3563.88,-2648.72,-0.05505,0.0807394,-15.1488,3545.01,3773.36,90.4574,0.0798287,-0.0262106,-15.4893,4823.68,-3690.85,-1383.62,-0.046628,0.0218737,-13.9599,3494.63,4025.35,-753.717,0.132381,0.0285431,-15.5718
8.019,42.244,-18.6364,4.98603,-0.603138,0.0623213,3.08099,-0.541792,-0.013637,-0.000889726,2757.07,1,0.0587451,0,0.5,-0.330313,-0.26189,0.000925152,-0.001633,0.0996994,0.0819421,0.101673,0.0843667,4627.86,-3552.68,-2661.89,-0.0547133,0.0808734,-15.1425,3543.29,3766.43,82.211,0.0794353,-0.0258867,-15.4957,4825.45,-3626.77,-1413.04,-0.0455658,0.0222408,-13.9565,3493.25,4018.94,-764.939,0.131709,0.0288651,-15.5752
8.029,42.1978,-18.656,4.98614,-0.603162,0.0469586,3.34469,-0.542007,-0.0136372,-0.000891875,2757.18,1,0.0587804,0,0.5,-0.330361,-0.261914,0.000925484,-0.00163176,0.0996961,0.0819361,0.101672,0.0843662,4622.02,-3599.06,-2611.27,-0.0561317,0.0804487,-15.1403,3546.01,3790.23,92.3515,0.0809388,-0.0265754,-15.4992,4823.17,-3808.09,-1355.53,-0.0488059,0.0216516,-13.9402,3495.4,4031.35,-745.542,0.133598,0.0284313,-15.5773
8.039,42.1514,-18.6754,4.98618,-0.603096,0.0472159,3.10845,-0.541782,-0.0136363,-0.000893974,2757.25,1,0.0587293,0,0.5,-0.330331,-0.261883,0.000926544,-0.00162838,0.0996908,0.0819325,0.101672,0.0843666,4626.18,-3567.05,-2649.19,-0.0551927,0.0808751,-15.1439,3544.08,3776.41,83.0176,0.0800641,-0.0260853,-15.4959,4825.45,-3739.13,-1394.66,-0.0476482,0.0221734,-13.932,3494.15,4020.63,-762.881,0.131753,0.0287879,-15.5715
8.049,42.105,-18.6946,4.9863,-0.603167,-0.00886605,3.25584,-0.542051,-0.0136352,-0.000896041,2757.32,1,0.0587468,0,0.5,-0.33034,-0.26188,0.000926433,-0.0016311,0.0996852,0.0819279,0.101672,0.0843671,4625.48,-3571.79,-2646.17,-0.0553725,0.0809394,-15.1466,3544.55,3781.55,84.3953,0.0803933,-0.0262154,-15.4938,4824.44,-3820.17,-1374.79,-0.0491899,0.0220206,-13.92,3494.83,4026.96,-752.258,0.132792,0.0285552,-15.5755
8.059,42.0584,-18.7135,4.98642,-0.603223,-0.0442315,3.32636,-0.542186,-0.0136346,-0.000898111,2757.27,1,0.0587374,0,0.5,-0.330356,-0.261882,0.000926006,-0.00163114,0.099678,0.0819222,0.101671,0.0843676,4625.23,-3582.52,-2634.29,-0.0556604,0.0807902,-15.1523,3545.16,3785.06,84.6769,0.0805962,-0.0262817,-15.4876,4824.35,-3877.11,-1360.98,-0.0503015,0.021917,-13.908,3495.02,4028.22,-752,0.13322,0.0286178,-15.5685
8.069,42.0118,-18.7321,4.9865,-0.603173,-0.0836305,3.30097,-0.54199,-0.0136342,-0.000900259,2757.18,1,0.0587357,0,0.5,-0.330348,-0.261867,0.00092465,-0.00163199,0.0996691,0.0819168,0.101671,0.0843676,4624.19,-3605.43,-2603.07,-0.0562062,0.0802137,-15.1526,3544.2,3790.64,61.8346,0.0809426,-0.0257948,-15.4861,4825.11,-3885.41,-1359.06,-0.0504519,0.0219003,-13.909,3495.63,4028.58,-751.563,0.133037,0.0285653,-15.5555
8.079,41.965,-18.7505,4.98618,-0.60309,0.116053,3.11917,-0.54161,-0.0136345,-0.000902391,2757.16,1,0.0587682,0,0.5,-0.330452,-0.261921,0.000937634,-0.00163039,0.0996669,0.08191,0.101674,0.0843684,4623.09,-3604.32,-2609.58,-0.0562994,0.0805262,-15.1368,3545.91,3792.98,90.3744,0.0811298,-0.0265778,-15.5025,4823.16,-3842.28,-1353.43,-0.0495115,0.021698,-13.9294,3495.51,4032.41,-744.569,0.133899,0.0284438,-15.5801
8.089,41.9182,-18.7687,4.98652,-0.603132,-0.093029,3.28201,-0.541952,-0.0136329,-0.000904355,2757.39,1,0.0587531,0,0.5,-0.330377,-0.261879,0.000926645,-0.00163279,0.0996603,0.081907,0.101672,0.0843692,4623.04,-3604.01,-2612.14,-0.0563307,0.0806363,-15.1509,3545.49,3795.25,85.4279,0.0812945,-0.0264965,-15.4899,4823.81,-3877.25,-1356.21,-0.0502754,0.0218338,-13.9143,3495.52,4029.74,-749.334,0.133308,0.0285269,-15.5589
8.099,41.8712,-18.7866,4.9864,-0.6031,0.0193252,3.10956,-0.541808,-0.013632,-0.000906362,2757.31,1,0.0587414,0,0.5,-0.330389,-0.261886,0.00093001,-0.00163161,0.0996547,0.0819022,0.101672,0.0843697,4624.76,-3590.93,-2626.16,-0.0559187,0.0807367,-15.1384,3544.92,3788.39,83.4638,0.080839,-0.0263153,-15.5025,4824.2,-3788.68,-1379.48,-0.0485707,0.022028,-13.9266,3494.76,4023.96,-757.841,0.132243,0.0286758,-15.5814
8.109,41.8242,-18.8043,4.98651,-0.603084,-0.0471439,3.07051,-0.541925,-0.0136305,-0.000908229,2757.41,1,0.0587303,0,0.5,-0.330362,-0.261863,0.000926001,-0.00163258,0.0996491,0.0818989,0.101672,0.0843707,4626.7,-3567.62,-2652.66,-0.0552543,0.0810414,-15.1404,3543.57,3779.82,77.8425,0.0803082,-0.0260198,-15.5017,4823.4,-3774.34,-1385.51,-0.0483352,0.0221048,-13.9284,3494.42,4018.81,-765.191,0.131176,0.0287746,-15.5857
8.119,41.7771,-18.8218,4.98654,-0.603069,-0.0589156,3.00452,-0.54179,-0.0136291,-0.000909884,2757.48,1,0.058722,0,0.5,-0.330363,-0.261861,0.000926251,-0.00163282,0.0996434,0.081895,0.10167,0.0843708,4627.67,-3553.72,-2666.38,-0.0548337,0.0811358,-15.1453,3543.54,3771.23,81.0666,0.0797368,-0.0259388,-15.4977,4825.49,-3734.18,-1406.06,-0.0476354,0.0223647,-13.925,3493.89,4016.2,-770.057,0.130944,0.0289225,-15.5813
8.129,41.7299,-18.839,4.98665,-0.603218,-0.0667765,3.26116,-0.542308,-0.0136286,-0.000911593,2757.44,1,0.058745,0,0.5,-0.330388,-0.261883,0.000928485,-0.00163169,0.0996373,0.0818907,0.10167,0.0843714,4624.96,-3571.41,-2644.88,-0.0553487,0.0808894,-15.1475,3544.63,3780.41,86.9675,0.0803217,-0.0262623,-15.4951,4823.56,-3769.1,-1380.33,-0.0481834,0.0219982,-13.9339,3495.14,4021.81,-760.825,0.131553,0.0286693,-15.5759
8.139,41.6825,-18.8559,4.98678,-0.603085,-0.186186,3.17092,-0.541781,-0.013628,-0.000913293,2757.41,1,0.0587359,0,0.5,-0.330375,-0.261864,0.0009269,-0.00162848,0.0996301,0.0818863,0.101669,0.084372,4625.43,-3587.32,-2630.96,-0.0558146,0.080801,-15.1525,3544.68,3786.93,86.4397,0.0807692,-0.0263684,-15.4889,4824.15,-3838.28,-1365.28,-0.0495029,0.0218966,-13.9196,3495,4024.89,-757.104,0.132436,0.0286792,-15.561
8.149,41.6351,-18.8726,4.9867,-0.603165,-0.0962627,3.20111,-0.54203,-0.0136283,-0.000914933,2757.5,1,0.0587573,0,0.5,-0.330375,-0.261848,0.000926882,-0.00163082,0.0996245,0.0818819,0.101669,0.0843724,4624.85,-3574.07,-2637.89,-0.0553597,0.0806596,-15.1464,3544.34,3781.6,84.2969,0.0804105,-0.0262144,-15.4968,4823.79,-3731.67,-1384.7,-0.0474496,0.0219864,-13.9464,3494.7,4022.8,-758.211,0.131833,0.0286202,-15.5742
8.159,41.5877,-18.889,4.98677,-0.603101,-0.211943,3.14297,-0.541853,-0.0136284,-0.000916477,2757.58,1,0.0587744,0,0.5,-0.330384,-0.261857,0.000925562,-0.00163355,0.0996205,0.0818775,0.101668,0.0843726,4626.09,-3568.4,-2649.7,-0.0552591,0.0809561,-15.1477,3543.52,3777.98,84.0115,0.080215,-0.026149,-15.4962,4823.56,-3757.38,-1377.48,-0.0479206,0.0219198,-13.944,3494.85,4024.53,-756.392,0.132262,0.0286234,-15.5719
8.169,41.5401,-18.9052,4.98686,-0.60328,-0.146075,3.32819,-0.542442,-0.0136287,-0.000918008,2757.58,1,0.0587598,0,0.5,-0.330409,-0.26187,0.000928536,-0.00163085,0.0996162,0.081873,0.101668,0.0843721,4625.4,-3568.97,-2647.1,-0.0552605,0.0808877,-15.1519,3544.76,3779.14,90.5923,0.0802435,-0.0263325,-15.4922,4823.19,-3787.81,-1371.73,-0.0485097,0.0218915,-13.935,3494.91,4023.18,-757.538,0.131814,0.0285907,-15.5759
8.179,41.4924,-18.9212,4.9869,-0.60318,-0.245593,3.18356,-0.541905,-0.0136291,-0.000919835,2757.42,1,0.0587687,0,0.5,-0.330396,-0.261836,0.000925657,-0.00163414,0.099608,0.0818672,0.101668,0.084373,4626.52,-3575.65,-2642.48,-0.0554469,0.0808682,-15.1498,3544.64,3779.58,90.7562,0.0802816,-0.0263385,-15.4926,4824.28,-3764.43,-1377.52,-0.0480524,0.0219337,-13.9404,3494.45,4027.47,-753.201,0.133315,0.0286836,-15.5703
8.189,41.4447,-18.9369,4.98692,-0.603227,-0.224236,3.34258,-0.542154,-0.0136297,-0.000921551,2757.56,1,0.0587964,0,0.5,-0.330443,-0.26187,0.00093079,-0.00163106,0.0996053,0.0818621,0.101669,0.0843723,4623.54,-3588.31,-2627.22,-0.0558558,0.080745,-15.1486,3545.38,3788.33,95.4393,0.0808661,-0.0266301,-15.4955,4822.14,-3850.58,-1343.75,-0.0496302,0.0215495,-13.9377,3495.72,4033.72,-742.621,0.134137,0.0284078,-15.5695
8.199,41.3969,-18.9523,4.9871,-0.603196,-0.351318,3.16404,-0.542001,-0.0136292,-0.000923363,2757.62,1,0.0587489,0,0.5,-0.330413,-0.261825,0.000926347,-0.00163036,0.0995995,0.0818584,0.101667,0.0843725,4628.76,-3553.03,-2668.86,-0.0548018,0.0811888,-15.1608,3542.81,3769.77,82.2381,0.079693,-0.0259553,-15.483,4825.07,-3802.51,-1383.51,-0.0488756,0.0221301,-13.9223,3493.9,4022.89,-760.562,0.132523,0.0288341,-15.5484
8.209,41.349,-18.9675,4.98707,-0.603248,-0.319536,3.37371,-0.542084,-0.0136297,-0.000925404,2757.53,1,0.0588038,0,0.5,-0.330458,-0.261845,0.00092769,-0.00163211,0.0995942,0.081852,0.101669,0.0843727,4623.09,-3600.52,-2614.08,-0.0561994,0.0806001,-15.1507,3545.69,3791.59,93.7877,0.0810648,-0.0266419,-15.4929,4822.37,-3849.19,-1346.05,-0.0496144,0.0215863,-13.9373,3495.44,4036.3,-736.479,0.134666,0.0282613,-15.564
8.219,41.301,-18.9824,4.98695,-0.603221,-0.139183,3.19652,-0.542094,-0.0136297,-0.000927271,2757.66,1,0.0587682,0,0.5,-0.330515,-0.261866,0.000934584,-0.00163075,0.0995914,0.0818469,0.101669,0.0843724,4624.01,-3591.31,-2625.6,-0.0559432,0.0807658,-15.1444,3545.12,3787.31,89.2703,0.0807791,-0.0264472,-15.5009,4823.97,-3819.44,-1368.24,-0.0491303,0.0219029,-13.9253,3494.79,4026.14,-753.9,0.132666,0.028598,-15.5802
8.229,41.2529,-18.9971,4.98716,-0.603248,-0.32795,3.28486,-0.542037,-0.0136288,-0.000929167,2757.76,1,0.0587816,0,0.5,-0.330444,-0.26181,0.000925379,-0.00163156,0.0995837,0.0818427,0.101667,0.0843738,4623.98,-3597.27,-2616.75,-0.0560691,0.0805666,-15.1465,3546.29,3788.06,90.9898,0.0807569,-0.0264794,-15.4986,4825.01,-3850.35,-1370.1,-0.0497844,0.0220099,-13.9127,3494.23,4030.69,-748.367,0.134245,0.0286572,-15.5806
8.239,41.2048,-19.0116,4.98726,-0.603339,-0.384474,3.50935,-0.542395,-0.0136287,-0.000931029,2757.76,1,0.0588135,0,0.5,-0.330506,-0.261835,0.000929699,-0.00162999,0.0995802,0.0818378,0.101668,0.0843736,4622.16,-3618.48,-2598.47,-0.0567759,0.0805837,-15.149,3545.79,3804.06,87.358,0.0819172,-0.0267213,-15.4964,4822.12,-3961.81,-1322.62,-0.0519098,0.0214548,-13.9122,3496.04,4040.68,-731.956,0.135872,0.028283,-15.5696
8.249,41.1566,-19.0257,4.98733,-0.603259,-0.413723,3.26765,-0.542118,-0.0136279,-0.000932973,2757.8,1,0.0587673,0,0.5,-0.330474,-0.261812,0.000926521,-0.00163177,0.0995728,0.0818334,0.101667,0.0843741,4626.05,-3598.06,-2624.86,-0.0561647,0.0809007,-15.1515,3544.75,3793.88,81.8182,0.08123,-0.0263797,-15.4942,4824.87,-3906.68,-1361.24,-0.0509437,0.0219974,-13.8998,3494.52,4032.06,-747.311,0.134595,0.0286737,-15.5624
8.259,41.1083,-19.0397,4.98731,-0.603281,-0.415419,3.11623,-0.54198,-0.0136277,-0.000934981,2757.81,1,0.0587617,0,0.5,-0.330463,-0.261797,0.000926765,-0.00163151,0.0995664,0.0818284,0.101668,0.084375,4630.1,-3572.7,-2655.73,-0.0554064,0.0812489,-15.1476,3543.68,3783.67,76.9348,0.080562,-0.0260641,-15.4978,4826.34,-3763.31,-1405.05,-0.0482086,0.0224134,-13.917,3492.76,4026.07,-757.552,0.134073,0.0289923,-15.5607
8.269,41.0599,-19.0533,4.98733,-0.603208,-0.430556,3.04749,-0.541822,-0.0136274,-0.000936971,2757.82,1,0.058762,0,0.5,-0.330462,-0.261791,0.000926454,-0.00163178,0.099561,0.0818237,0.101668,0.084375,4629.83,-3578.73,-2652,-0.0556234,0.0813066,-15.1474,3543.41,3788.6,76.5271,0.0809237,-0.0261528,-15.4978,4825.79,-3792.15,-1394.01,-0.0487295,0.0222896,-13.9182,3493.42,4027.29,-755.962,0.134092,0.0289298,-15.5638
8.279,41.0115,-19.0668,4.98738,-0.603249,-0.492245,3.17212,-0.541769,-0.0136273,-0.000938899,2757.91,1,0.0588018,0,0.5,-0.330471,-0.261793,0.000926613,-0.00163202,0.0995569,0.0818188,0.101668,0.0843758,4627.07,-3592.88,-2631.42,-0.0560077,0.080973,-15.1521,3544.47,3792.35,78.5008,0.0811234,-0.0262614,-15.4942,4824.9,-3791.59,-1384.74,-0.0486599,0.0221259,-13.9257,3493.52,4033.12,-745.554,0.135383,0.0287456,-15.5558
8.289,40.963,-19.0799,4.98752,-0.603405,-0.544977,3.54466,-0.542467,-0.0136269,-0.000940847,2757.82,1,0.058838,0,0.5,-0.330482,-0.261799,0.000924067,-0.00163226,0.0995517,0.0818142,0.101668,0.0843761,4621.79,-3631.78,-2585.49,-0.0571751,0.080489,-15.1419,3545.98,3808.49,85.6403,0.0822162,-0.0267592,-15.5039,4822.27,-3851.88,-1347.34,-0.0496843,0.0216167,-13.9355,3495.28,4040.44,-732.706,0.136275,0.028384,-15.5672
8.299,40.9144,-19.0929,4.98753,-0.603344,-0.484885,3.40424,-0.542334,-0.0136256,-0.00094255,2757.9,1,0.0588044,0,0.5,-0.330464,-0.261783,0.000925051,-0.00163266,0.0995474,0.0818111,0.101667,0.0843765,4623.58,-3612.5,-2607.69,-0.0566127,0.0807338,-15.1425,3545.19,3801.98,85.1582,0.081797,-0.0266251,-15.5048,4823.28,-3882.42,-1352.06,-0.0503639,0.0217747,-13.9188,3495.06,4036.55,-739.666,0.135427,0.0285144,-15.5714
8.309,40.8658,-19.1055,4.98751,-0.603258,-0.413032,3.19791,-0.542021,-0.0136244,-0.000944079,2758.1,1,0.0587677,0,0.5,-0.330466,-0.261779,0.000925668,-0.00163175,0.0995425,0.0818073,0.101666,0.0843768,4624.96,-3593.15,-2624.55,-0.055978,0.0807439,-15.1479,3544.63,3793.03,78.4294,0.0811603,-0.0262701,-15.501,4825.53,-3852.84,-1379.57,-0.0499062,0.0221852,-13.9036,3493.96,4028.73,-752.451,0.134022,0.0287784,-15.5815
8.319,40.8171,-19.1179,4.98755,-0.603165,-0.460083,3.10334,-0.541799,-0.0136235,-0.000945547,2758,1,0.0587697,0,0.5,-0.330479,-0.261793,0.000929752,-0.00163125,0.0995371,0.0818036,0.101666,0.0843766,4626.18,-3591.04,-2631.66,-0.0559602,0.0809506,-15.1492,3543.41,3791.12,76.5858,0.0811017,-0.0262028,-15.4989,4824.42,-3866.2,-1369.7,-0.0501346,0.0220466,-13.9103,3494.76,4029.53,-750.408,0.133719,0.0286425,-15.5682
8.329,40.7683,-19.1301,4.98762,-0.60316,-0.497251,3.07446,-0.541809,-0.0136225,-0.000946903,2758.06,1,0.0587628,0,0.5,-0.330479,-0.26179,0.000927961,-0.00163139,0.0995327,0.0818008,0.101666,0.0843768,4626.26,-3571.39,-2650.08,-0.0553863,0.0810863,-15.1561,3543.41,3781.09,83.6899,0.0804349,-0.0261963,-15.4922,4824.4,-3812.3,-1381.44,-0.0490773,0.0221208,-13.9213,3494.54,4023.74,-759.158,0.132409,0.0287562,-15.5598
8.339,40.7195,-19.1419,4.9876,-0.603238,-0.479184,3.12137,-0.541961,-0.0136221,-0.000948296,2758.02,1,0.0587848,0,0.5,-0.330472,-0.261771,0.000925781,-0.0016313,0.0995272,0.0817972,0.101665,0.0843778,4627.52,-3575.06,-2649.88,-0.0555022,0.0811619,-15.1483,3542.82,3780.24,81.7582,0.0804075,-0.0261376,-15.501,4823.75,-3776.63,-1378.9,-0.0483241,0.0219903,-13.9336,3494.22,4023.5,-759.152,0.13246,0.0287666,-15.5848
8.349,40.6706,-19.1536,4.98758,-0.603227,-0.366689,3.15845,-0.54208,-0.0136218,-0.000949423,2758.04,1,0.0587705,0,0.5,-0.330506,-0.261812,0.000931569,-0.00163081,0.0995237,0.0817936,0.101665,0.0843769,4624.69,-3575.94,-2642.18,-0.0555091,0.0809479,-15.1462,3544.41,3783.57,93.0446,0.0805862,-0.0264812,-15.5038,4822.86,-3794.07,-1369.59,-0.048629,0.0218704,-13.9376,3495.4,4023.55,-757.187,0.131712,0.028556,-15.5836
8.359,40.6216,-19.165,4.98769,-0.603149,-0.364375,2.83609,-0.54199,-0.0136209,-0.000950575,2758.03,1,0.058691,0,0.5,-0.330483,-0.261776,0.00092695,-0.00163235,0.0995189,0.0817912,0.101664,0.0843766,4629.43,-3524.75,-2697.13,-0.0540001,0.0814628,-15.1537,3541.28,3751.61,79.0316,0.0785677,-0.0255472,-15.4957,4826.8,-3680.55,-1430.06,-0.0467207,0.0226581,-13.9251,3493.52,3998.37,-793.775,0.127269,0.0291687,-15.5875
8.369,40.5726,-19.1761,4.98753,-0.603122,-0.250646,2.92219,-0.541617,-0.0136207,-0.000951854,2758,1,0.0587396,0,0.5,-0.330525,-0.261815,0.000938478,-0.0016283,0.0995135,0.0817861,0.101664,0.0843766,4627.78,-3558.66,-2660.68,-0.0549462,0.081053,-15.148,3543.37,3770.54,88.9829,0.0797387,-0.0261311,-15.5014,4824.05,-3784.96,-1382.01,-0.0485154,0.0220648,-13.9312,3495.27,4016.1,-766.266,0.129904,0.0285888,-15.5943
8.379,40.5236,-19.1869,4.98774,-0.603193,-0.406877,3.10045,-0.542084,-0.0136203,-0.000953005,2758.1,1,0.0587528,0,0.5,-0.330528,-0.261793,0.000928775,-0.00163111,0.0995097,0.0817837,0.101663,0.0843773,4625.61,-3562.05,-2655.23,-0.0550769,0.081011,-15.1498,3543.99,3774.5,94.8382,0.0799964,-0.0263559,-15.5006,4823.33,-3776.89,-1372.89,-0.0482899,0.0218855,-13.94,3495.58,4016.88,-766.153,0.130059,0.02861,-15.5905
8.389,40.4744,-19.1976,4.98789,-0.603203,-0.522036,3.19214,-0.542153,-0.0136199,-0.000954181,2758.08,1,0.0587593,0,0.5,-0.330526,-0.261778,0.000926241,-0.00163106,0.0995061,0.081781,0.101662,0.0843773,4624.31,-3566.15,-2649.65,-0.0552099,0.0809521,-15.1571,3544.57,3775.6,102.601,0.0800729,-0.0265747,-15.4929,4822.55,-3825.22,-1361.94,-0.0492281,0.0218113,-13.9366,3496.16,4021.55,-757.464,0.130623,0.0283756,-15.5775
8.399,40.4252,-19.2079,4.98787,-0.60326,-0.437408,3.11406,-0.542366,-0.0136196,-0.000955507,2758.09,1,0.0587349,0,0.5,-0.330512,-0.261752,0.000927869,-0.00162944,0.0995007,0.081778,0.101661,0.0843774,4626.8,-3547.07,-2670.26,-0.0546225,0.0811213,-15.1521,3543.24,3764.54,95.9975,0.0793761,-0.0262073,-15.4986,4824.19,-3716.12,-1394.56,-0.0472046,0.022123,-13.9436,3494.77,4010.16,-775.361,0.128927,0.0287655,-15.59
8.409,40.376,-19.218,4.98786,-0.603098,-0.478013,2.86912,-0.541737,-0.0136196,-0.000956821,2758.11,1,0.058734,0,0.5,-0.33054,-0.261767,0.000929329,-0.00163128,0.0994969,0.0817741,0.101662,0.0843774,4630.7,-3524.83,-2699.68,-0.0540009,0.0815369,-15.1621,3541.49,3757.65,89.7626,0.0790013,-0.0259372,-15.4883,4824.44,-3713.07,-1399.26,-0.0471746,0.0221984,-13.9467,3494.78,4011.16,-773.56,0.129088,0.0287251,-15.5693
8.419,40.3267,-19.2278,4.98779,-0.603162,-0.413841,2.83052,-0.541786,-0.0136202,-0.000958327,2758.05,1,0.0587452,0,0.5,-0.330552,-0.261762,0.000930252,-0.00163103,0.0994923,0.08177,0.101663,0.084378,4632.15,-3509.31,-2714.8,-0.0535257,0.0816278,-15.1531,3541.19,3748.41,95.5627,0.0784381,-0.0259212,-15.4972,4824.55,-3595.92,-1421.32,-0.0450499,0.0223223,-13.9675,3494.04,4008.72,-777.263,0.128897,0.028836,-15.5913
8.429,40.2774,-19.2374,4.98781,-0.603096,-0.427731,2.889,-0.541524,-0.0136209,-0.000959861,2757.99,1,0.0587645,0,0.5,-0.330606,-0.261786,0.00093463,-0.00163061,0.0994894,0.0817656,0.101664,0.0843775,4627,-3533.69,-2682.07,-0.054224,0.0811777,-15.1641,3542.63,3757.57,97.1012,0.0789563,-0.0261116,-15.4858,4823.37,-3692.01,-1383.87,-0.0466578,0.0218823,-13.9668,3495.51,4017.08,-764.321,0.129959,0.0285243,-15.5711
8.439,40.228,-19.2467,4.98805,-0.603269,-0.622876,3.17408,-0.542077,-0.0136213,-0.000961582,2758.02,1,0.0587944,0,0.5,-0.330536,-0.261738,0.000923724,-0.00163217,0.0994834,0.0817622,0.101662,0.0843782,4625.31,-3539.86,-2671.48,-0.0543799,0.0809712,-15.1591,3543.04,3758.24,107.551,0.0790251,-0.0263936,-15.4917,4822.5,-3712.78,-1368.57,-0.0469714,0.0216633,-13.9714,3496.02,4021.57,-757.351,0.130676,0.0283808,-15.5807
8.449,40.1785,-19.2558,4.98803,-0.603184,-0.521446,2.88835,-0.541867,-0.0136217,-0.000963171,2758.09,1,0.0587349,0,0.5,-0.330544,-0.261736,0.000925312,-0.00163181,0.0994806,0.0817583,0.101663,0.0843778,4629.6,-3491.84,-2724.97,-0.0530219,0.0815753,-15.1624,3540.92,3737.51,104.952,0.0777929,-0.0259705,-15.4886,4824.69,-3634.24,-1406.41,-0.0456736,0.0221442,-13.9669,3494.75,4006.66,-778.522,0.128043,0.0287285,-15.5805
8.459,40.129,-19.2646,4.98804,-0.603287,-0.568872,3.17415,-0.542145,-0.0136219,-0.000964859,2758,1,0.0587991,0,0.5,-0.330578,-0.261754,0.000927259,-0.00163118,0.0994773,0.0817539,0.101665,0.0843783,4624.58,-3519.71,-2686.83,-0.0537751,0.0809893,-15.1615,3543.06,3746.72,116.742,0.0783098,-0.0264194,-15.4898,4821.53,-3693.29,-1360.36,-0.046542,0.0214799,-13.9836,3496.61,4020.04,-760.084,0.130158,0.0283916,-15.5918
8.469,40.0795,-19.2731,4.98802,-0.603183,-0.425634,2.97244,-0.542012,-0.0136214,-0.000966458,2757.96,1,0.0587421,0,0.5,-0.330581,-0.261752,0.000929048,-0.00163084,0.0994731,0.0817503,0.101664,0.0843775,4625.58,-3502.8,-2704.78,-0.0533026,0.0811792,-15.1581,3542.49,3736.08,119.183,0.077669,-0.0262918,-15.4946,4822.89,-3712.98,-1376.28,-0.0470262,0.0217981,-13.9657,3496.56,4009.82,-771.788,0.127768,0.028418,-15.6046
8.479,40.0299,-19.2814,4.98818,-0.603207,-0.46196,2.84002,-0.541975,-0.0136206,-0.00096812,2757.97,1,0.0586841,0,0.5,-0.330556,-0.26173,0.000926677,-0.00162985,0.0994683,0.0817471,0.101663,0.0843781,4629.79,-3463.47,-2746.27,-0.0521508,0.0815516,-15.1638,3540.74,3716.49,115.252,0.0765233,-0.0258579,-15.4874,4825.42,-3672.86,-1408.7,-0.0464306,0.022268,-13.949,3495.34,3997.15,-790.611,0.125937,0.0288018,-15.5919
8.489,39.9803,-19.2894,4.98816,-0.603188,-0.451408,2.70432,-0.541869,-0.0136201,-0.000969785,2758.02,1,0.0586813,0,0.5,-0.330552,-0.261724,0.000924242,-0.00163501,0.0994631,0.0817429,0.101664,0.0843784,4632.97,-3439.09,-2774.41,-0.0514645,0.0818868,-15.1664,3539.48,3705.93,106.699,0.0759135,-0.0254686,-15.4852,4826.07,-3582.66,-1431.43,-0.0448472,0.0224638,-13.9607,3494.69,3990.55,-801.093,0.125121,0.0290463,-15.5868
8.499,39.9306,-19.2971,4.98827,-0.603162,-0.628829,2.73994,-0.541678,-0.01362,-0.000971607,2757.96,1,0.0587246,0,0.5,-0.330561,-0.261725,0.000928239,-0.00163119,0.0994562,0.0817372,0.101665,0.0843789,4632.52,-3455.55,-2759.73,-0.0519375,0.0817979,-15.1807,3541.6,3711.82,117.309,0.0761914,-0.0258118,-15.469,4824.64,-3563.83,-1416.42,-0.0444098,0.0221679,-13.9832,3495.27,3997.86,-792.535,0.126369,0.0289515,-15.5506
8.509,39.8809,-19.3046,4.98817,-0.603348,-0.611434,2.96903,-0.541908,-0.0136212,-0.000973537,2757.91,1,0.0587986,0,0.5,-0.330584,-0.26174,0.000930427,-0.00163079,0.0994511,0.081732,0.101667,0.0843797,4629.11,-3468.16,-2739.86,-0.052267,0.0814472,-15.1724,3541.24,3715.12,119.796,0.0764292,-0.0259462,-15.4778,4822.5,-3457.43,-1413.62,-0.0424857,0.021915,-14.0221,3495.34,4007.14,-775.437,0.127673,0.0285455,-15.5716
8.519,39.8312,-19.3118,4.98823,-0.60333,-0.623274,2.97913,-0.541818,-0.0136222,-0.000975473,2757.91,1,0.0587917,0,0.5,-0.330583,-0.261736,0.000926939,-0.00163093,0.0994465,0.0817269,0.101667,0.0843807,4627.48,-3489.38,-2717.16,-0.0528652,0.0812012,-15.1637,3542.05,3725.87,125.459,0.0770769,-0.0262723,-15.4868,4822.57,-3554.2,-1395.19,-0.0441166,0.0217887,-14.0038,3495.32,4013.34,-766.603,0.128914,0.0284311,-15.5942
8.529,39.7814,-19.3188,4.98824,-0.603311,-0.596209,2.99546,-0.541855,-0.0136226,-0.000977264,2758.1,1,0.0587921,0,0.5,-0.330581,-0.261731,0.000928851,-0.0016307,0.099444,0.0817224,0.101667,0.0843805,4626.03,-3488.43,-2715.55,-0.0528467,0.0811489,-15.1616,3542.17,3727.81,127.153,0.0772001,-0.0263504,-15.4909,4822.91,-3597.53,-1392.36,-0.0449013,0.0218273,-13.9924,3495.58,4014.7,-761.541,0.128763,0.0282143,-15.597
8.539,39.7316,-19.3255,4.98837,-0.603304,-0.678454,2.8509,-0.541808,-0.0136221,-0.000978961,2758.26,1,0.0587661,0,0.5,-0.330568,-0.261712,0.000928046,-0.00163088,0.0994407,0.0817188,0.101666,0.0843806,4629.64,-3466.63,-2742.75,-0.0522329,0.0815049,-15.17,3540.05,3714.19,110.793,0.0764038,-0.0257098,-15.4838,4825.52,-3619.06,-1408.14,-0.0453809,0.0221374,-13.9665,3494.83,4007.53,-779.878,0.12846,0.028852,-15.5854
8.549,39.6817,-19.332,4.98829,-0.60328,-0.49923,2.83335,-0.541865,-0.0136215,-0.00098084,2758.21,1,0.058741,0,0.5,-0.330596,-0.261734,0.000931233,-0.00163071,0.0994347,0.0817136,0.101667,0.08438,4627.91,-3485.08,-2723.24,-0.0527616,0.0813184,-15.1595,3541.25,3724.56,114.521,0.0769923,-0.0259755,-15.4943,4824.84,-3604.6,-1412.97,-0.0451507,0.0221937,-13.9693,3494.92,4001.62,-784.337,0.126892,0.0287417,-15.5998
8.559,39.6319,-19.3382,4.98849,-0.60332,-0.687677,2.995,-0.542204,-0.0136199,-0.00098242,2758.31,1,0.058762,0,0.5,-0.330595,-0.261718,0.000925582,-0.00163193,0.0994312,0.081711,0.101666,0.0843805,4626.51,-3495.73,-2714.43,-0.0531181,0.0813436,-15.1611,3541.47,3732.48,115.656,0.0774856,-0.0261478,-15.4935,4823.16,-3701.8,-1391.45,-0.0469122,0.0220398,-13.9617,3496.29,4008.96,-771.319,0.127528,0.0283612,-15.5992
8.569,39.5819,-19.3441,4.98855,-0.603301,-0.622041,2.9776,-0.542146,-0.0136181,-0.000983907,2758.33,1,0.0587259,0,0.5,-0.330596,-0.261706,0.000925237,-0.00163027,0.0994266,0.0817082,0.101665,0.0843809,4625.14,-3485.92,-2717.08,-0.0527892,0.0811693,-15.1658,3542.24,3728.03,120.07,0.0771753,-0.0261679,-15.489,4823.92,-3702.04,-1390.48,-0.0468969,0.0220195,-13.9541,3496.3,4003.26,-782.024,0.126713,0.0286152,-15.5895
8.579,39.532,-19.3497,4.98854,-0.603259,-0.623274,2.82403,-0.541928,-0.0136168,-0.000985359,2758.3,1,0.0587268,0,0.5,-0.33061,-0.261712,0.000927604,-0.00163108,0.0994215,0.0817045,0.101665,0.0843817,4628.46,-3471.53,-2738.22,-0.0524024,0.0815164,-15.1653,3540.66,3718.23,115.441,0.0766368,-0.025893,-15.4894,4824.45,-3640.28,-1409.73,-0.0458182,0.022217,-13.9592,3495.55,3998.59,-789.083,0.126166,0.0287847,-15.5938
8.589,39.482,-19.3551,4.98848,-0.603263,-0.527809,2.78133,-0.541919,-0.0136159,-0.000986757,2758.29,1,0.0587194,0,0.5,-0.330648,-0.261731,0.000931809,-0.00163057,0.0994164,0.0817003,0.101665,0.0843822,4628.47,-3474.95,-2734.66,-0.0524894,0.0814729,-15.1587,3540.94,3720.54,114.065,0.0767572,-0.0258954,-15.4963,4825.24,-3603.89,-1424.89,-0.0452165,0.0223994,-13.9567,3494.63,3997.21,-791.588,0.126288,0.0289053,-15.6017
8.599,39.432,-19.3603,4.98869,-0.603312,-0.746352,3.09106,-0.542073,-0.013615,-0.000988028,2758.36,1,0.0587672,0,0.5,-0.330636,-0.261709,0.000926714,-0.00162765,0.0994105,0.0816976,0.101662,0.0843832,4622.34,-3518.9,-2682.67,-0.0537459,0.0808555,-15.1644,3543.72,3742.73,127.808,0.0780614,-0.0266192,-15.4908,4822.56,-3763.84,-1366.11,-0.0479828,0.0217375,-13.952,3496.52,4015.95,-764.622,0.129175,0.0283939,-15.5916
8.609,39.382,-19.3651,4.98862,-0.603238,-0.649857,2.99978,-0.541921,-0.0136149,-0.000989179,2758.44,1,0.0587624,0,0.5,-0.330725,-0.261764,0.000936919,-0.00162951,0.0994088,0.0816932,0.101663,0.0843826,4623.26,-3523.14,-2684.06,-0.0539147,0.081043,-15.1648,3543.01,3747.09,121.29,0.07836,-0.0265455,-15.491,4821.97,-3872.49,-1341.34,-0.0500852,0.0215621,-13.9321,3497.2,4018.16,-761.427,0.129369,0.0283032,-15.5924
8.619,39.3319,-19.3698,4.98883,-0.603319,-0.777735,2.98609,-0.542282,-0.0136139,-0.000990368,2758.48,1,0.0587361,0,0.5,-0.330665,-0.261713,0.000927853,-0.00163093,0.0994009,0.0816913,0.10166,0.0843834,4627.8,-3498.81,-2714.08,-0.0531976,0.0813939,-15.1697,3541.78,3737.21,112.798,0.0777555,-0.0261554,-15.4863,4824.23,-3825.79,-1374.02,-0.0493057,0.0220216,-13.9248,3495.89,4010.93,-773.667,0.12859,0.0286355,-15.5904
8.629,39.2818,-19.3741,4.9888,-0.603291,-0.751351,2.95733,-0.542053,-0.0136145,-0.000991718,2758.37,1,0.0587458,0,0.5,-0.330674,-0.261709,0.000928938,-0.00163079,0.099395,0.0816869,0.10166,0.0843835,4628.09,-3519.21,-2698.21,-0.0538128,0.0813735,-15.1628,3541.46,3751.79,111.294,0.0787198,-0.0263939,-15.4925,4823.38,-3878.76,-1347.01,-0.0502401,0.0216735,-13.9278,3496.72,4018.16,-762.958,0.129724,0.0284243,-15.5955
8.639,39.2317,-19.3782,4.98895,-0.603336,-0.846571,3.06455,-0.542361,-0.013615,-0.00099298,2758.55,1,0.058746,0,0.5,-0.330638,-0.261681,0.000925222,-0.00163795,0.0993909,0.0816832,0.101659,0.084383,4624.95,-3528.17,-2679.78,-0.0540108,0.080956,-15.167,3542.72,3747.89,115.515,0.0784006,-0.0264086,-15.4894,4823.38,-3842.98,-1357.64,-0.0495558,0.0217745,-13.9295,3496.23,4010.52,-771.737,0.128122,0.0284798,-15.5896
8.649,39.1816,-19.382,4.98892,-0.603346,-0.822678,2.9518,-0.542154,-0.0136158,-0.000994347,2758.54,1,0.0587504,0,0.5,-0.330649,-0.26168,0.000926055,-0.0016313,0.0993877,0.0816786,0.10166,0.0843833,4626.76,-3517.13,-2691.26,-0.0536599,0.0810211,-15.1623,3541.82,3743.8,108.808,0.0781595,-0.0261685,-15.4939,4824.06,-3776.66,-1371.63,-0.0482622,0.0218592,-13.9395,3495.77,4008.86,-782.607,0.128861,0.0290186,-15.5937
8.659,39.1314,-19.3856,4.98891,-0.603312,-0.777478,2.79308,-0.542102,-0.0136159,-0.000995781,2758.55,1,0.0587232,0,0.5,-0.330652,-0.261679,0.000926879,-0.00163099,0.0993844,0.081675,0.10166,0.0843832,4631.23,-3479.98,-2740.06,-0.0526933,0.0818044,-15.1618,3540.63,3731.22,110.246,0.0774324,-0.0259929,-15.4953,4825.58,-3681.48,-1411.95,-0.0466221,0.0223443,-13.9438,3494.12,4002.6,-785.188,0.127583,0.0289009,-15.5911
8.669,39.0813,-19.3889,4.98896,-0.603328,-0.961558,2.94127,-0.541878,-0.0136163,-0.000997289,2758.53,1,0.0588107,0,0.5,-0.330655,-0.261675,0.000926911,-0.00163082,0.0993803,0.0816701,0.10166,0.0843837,4626.87,-3518.21,-2698.64,-0.0538166,0.0814056,-15.1678,3543.02,3746.73,122.103,0.0783384,-0.0265519,-15.4891,4823.89,-3735.35,-1381.66,-0.0474987,0.0219404,-13.9533,3494.97,4022.46,-756.179,0.131339,0.0284572,-15.5859
8.679,39.0311,-19.3919,4.98898,-0.603357,-0.912015,2.94253,-0.541959,-0.0136169,-0.000998923,2758.64,1,0.0587882,0,0.5,-0.330666,-0.261678,0.000928785,-0.0016308,0.0993766,0.0816658,0.101661,0.0843833,4627.53,-3516.9,-2699.62,-0.0537541,0.0813781,-15.1626,3541.92,3747.11,113.757,0.0783929,-0.0263587,-15.4946,4823.72,-3757.68,-1379.31,-0.0479379,0.0219522,-13.9462,3494.61,4019.61,-760.752,0.130894,0.0285565,-15.5868
8.689,38.9809,-19.3947,4.98913,-0.603403,-1.07527,3.08797,-0.542147,-0.0136168,-0.00100058,2758.57,1,0.0588142,0,0.5,-0.330671,-0.261681,0.000927378,-0.00163106,0.0993724,0.0816618,0.101661,0.0843831,4625.56,-3525.56,-2684.94,-0.0539584,0.0810813,-15.1717,3542.82,3750.03,114.596,0.07853,-0.0264221,-15.4847,4822.24,-3774.97,-1358.8,-0.0481606,0.0216349,-13.9601,3496.05,4025.31,-752.644,0.131603,0.0283606,-15.5671
8.699,38.9307,-19.3972,4.98908,-0.60341,-0.918479,3.00745,-0.542275,-0.0136164,-0.00100238,2758.53,1,0.0587746,0,0.5,-0.330668,-0.261672,0.000927972,-0.00163034,0.0993669,0.0816576,0.101662,0.084383,4626.68,-3520.24,-2693.56,-0.0538282,0.0812505,-15.1628,3542.39,3746.03,114.333,0.0782947,-0.0263472,-15.4937,4823.48,-3716.27,-1382.78,-0.0471306,0.0219178,-13.9585,3495.6,4014.19,-768.36,0.129299,0.0285618,-15.5908
8.709,38.8805,-19.3994,4.98915,-0.603365,-0.984376,3.00009,-0.542249,-0.0136154,-0.00100409,2758.52,1,0.0587827,0,0.5,-0.330668,-0.261669,0.000926271,-0.00163382,0.0993629,0.0816538,0.101661,0.0843834,4626.55,-3520.78,-2695.87,-0.0538913,0.0813846,-15.1649,3542.74,3747.23,118.962,0.0783734,-0.0264852,-15.4918,4822.45,-3768.57,-1363.02,-0.0480579,0.0216939,-13.9581,3496.73,4017.44,-763.507,0.129514,0.0284091,-15.589
8.719,38.8302,-19.4014,4.98911,-0.603451,-0.986624,3.06616,-0.54219,-0.0136149,-0.00100581,2758.61,1,0.0588194,0,0.5,-0.330665,-0.261655,0.000926646,-0.00163087,0.0993576,0.0816491,0.101662,0.0843849,4625.05,-3522.99,-2686.35,-0.0538867,0.0810737,-15.1645,3544.23,3751.38,122.813,0.0785686,-0.0266387,-15.4934,4822.15,-3705.54,-1367.82,-0.0468278,0.0216354,-13.9746,3496.56,4023.55,-759.722,0.131508,0.0286095,-15.596
8.729,38.78,-19.4031,4.9892,-0.603428,-1.00307,3.05982,-0.542285,-0.0136143,-0.00100741,2758.68,1,0.0587958,0,0.5,-0.33066,-0.261643,0.00092853,-0.00162701,0.0993531,0.0816458,0.101661,0.084385,4625.54,-3524.81,-2686.68,-0.0539538,0.0811363,-15.1617,3543.31,3751.16,119.685,0.0785984,-0.0265673,-15.4969,4822.51,-3744.4,-1370.27,-0.0476194,0.0217658,-13.9601,3496.24,4019.81,-760.354,0.130249,0.02842,-15.5959
8.739,38.7297,-19.4045,4.98922,-0.603346,-0.915804,2.66185,-0.541974,-0.0136134,-0.00100894,2758.86,1,0.058739,0,0.5,-0.330668,-0.26165,0.000929179,-0.00163123,0.0993489,0.0816424,0.101661,0.0843855,4631.78,-3473.93,-2743.91,-0.0524797,0.0817474,-15.1682,3539.53,3720.33,98.4951,0.076762,-0.025504,-15.4911,4827.71,-3585.51,-1455.44,-0.045049,0.0228845,-13.9387,3492.54,3998.03,-795.101,0.127641,0.0292918,-15.5841
8.749,38.6795,-19.4057,4.98925,-0.603399,-1.05936,2.9281,-0.541933,-0.0136135,-0.00101073,2758.66,1,0.0588117,0,0.5,-0.330699,-0.261665,0.000930063,-0.00163063,0.0993424,0.0816371,0.101662,0.0843865,4627.99,-3539.58,-2680.33,-0.0544102,0.0812835,-15.1634,3542.82,3758.13,108.985,0.0790379,-0.0264239,-15.4939,4823.87,-3717.38,-1383.29,-0.0471496,0.0219276,-13.9568,3494.95,4024.29,-756.842,0.132174,0.0286251,-15.583
8.759,38.6292,-19.4066,4.98928,-0.603422,-1.14985,2.99591,-0.542007,-0.0136137,-0.00101238,2758.68,1,0.0588493,0,0.5,-0.330721,-0.261675,0.000929272,-0.00163158,0.0993388,0.0816332,0.101663,0.0843873,4626.62,-3541.56,-2676.73,-0.0544818,0.0812419,-15.1611,3542.75,3759.58,110.583,0.0791484,-0.0264975,-15.4964,4822.33,-3701.81,-1373.69,-0.046794,0.0217296,-13.974,3495.36,4029.92,-747.783,0.133266,0.0284615,-15.5828
8.769,38.5789,-19.4073,4.9894,-0.603429,-1.25892,2.9932,-0.542071,-0.0136133,-0.00101392,2758.86,1,0.0588552,0,0.5,-0.330691,-0.261636,0.000924699,-0.00163426,0.0993343,0.0816306,0.101661,0.084388,4627.42,-3537.28,-2682.87,-0.0543681,0.0813419,-15.1662,3542.28,3759.61,106.867,0.079163,-0.0264056,-15.4931,4822.91,-3744.47,-1373.09,-0.0476351,0.0218142,-13.9596,3495.03,4031.29,-746.506,0.133877,0.0285179,-15.5742
8.779,38.5286,-19.4077,4.98953,-0.603485,-1.34002,3.08181,-0.542394,-0.0136129,-0.00101541,2758.88,1,0.0588522,0,0.5,-0.330687,-0.26162,0.000924973,-0.00163266,0.0993296,0.0816277,0.101661,0.0843875,4627.14,-3536.78,-2684.63,-0.0543801,0.0814224,-15.1736,3541.81,3759.76,104.118,0.0791914,-0.0263474,-15.4852,4821.68,-3775.18,-1361.18,-0.0481933,0.0216803,-13.9618,3495.8,4029.66,-748.231,0.133006,0.028432,-15.5582
8.789,38.4784,-19.4078,4.98936,-0.603383,-1.06935,2.85796,-0.5419,-0.0136128,-0.00101698,2758.78,1,0.0588086,0,0.5,-0.330742,-0.261657,0.000927446,-0.00163128,0.0993258,0.0816227,0.101662,0.0843882,4627.2,-3528.78,-2687.47,-0.0540795,0.0812574,-15.1594,3542.55,3750.05,111.625,0.0785336,-0.0263443,-15.4996,4824.76,-3647.38,-1408.22,-0.0459395,0.022205,-13.9612,3494.02,4019.68,-763.497,0.131493,0.0287675,-15.5889
8.799,38.4281,-19.4077,4.98953,-0.603372,-1.28615,2.96194,-0.541981,-0.0136121,-0.00101826,2758.93,1,0.058851,0,0.5,-0.33074,-0.26165,0.000925533,-0.00163092,0.099322,0.0816195,0.10166,0.0843878,4625.65,-3540.22,-2674.65,-0.0544229,0.0811335,-15.1695,3542.94,3760.19,112.768,0.0791879,-0.0265615,-15.4905,4822.78,-3733.42,-1375.9,-0.0474353,0.0218389,-13.9623,3495.47,4027.85,-750.646,0.13268,0.0284711,-15.5707
8.809,38.3778,-19.4073,4.98959,-0.603571,-1.42632,3.34842,-0.542684,-0.0136119,-0.0010196,2758.91,1,0.0589121,0,0.5,-0.330741,-0.261639,0.000924505,-0.00163285,0.0993177,0.0816165,0.101661,0.084389,4620.08,-3565.96,-2640.56,-0.0551831,0.0807026,-15.1636,3544.96,3769.91,123.491,0.0797672,-0.0270053,-15.4972,4818.66,-3858.71,-1315.3,-0.0496436,0.0210762,-13.9691,3497.61,4042.15,-726.733,0.13503,0.0279314,-15.595
8.819,38.3275,-19.4066,4.98954,-0.603315,-1.09585,2.8673,-0.541968,-0.0136113,-0.00102064,2758.94,1,0.0587837,0,0.5,-0.330781,-0.261667,0.000931321,-0.00163033,0.0993155,0.0816135,0.10166,0.0843878,4626.07,-3529.03,-2686.51,-0.0541115,0.0812667,-15.1673,3542.24,3753.43,113.277,0.0787865,-0.0264579,-15.4935,4823.17,-3886.09,-1354.85,-0.0504692,0.0218355,-13.9194,3495.6,4023.43,-756.665,0.131508,0.0284998,-15.5929
8.829,38.2773,-19.4057,4.98959,-0.603328,-1.11613,2.84498,-0.542074,-0.0136107,-0.00102184,2758.89,1,0.058782,0,0.5,-0.330768,-0.261652,0.00092925,-0.00163067,0.0993109,0.0816106,0.10166,0.0843882,4625.93,-3526.24,-2693.2,-0.0540996,0.0814893,-15.1654,3542.32,3750.58,116.496,0.0786089,-0.026488,-15.4952,4823.57,-3809.19,-1370.13,-0.0489362,0.0219138,-13.9351,3495.7,4018.05,-764.269,0.13024,0.0285692,-15.5931
8.839,38.227,-19.4045,4.98967,-0.603378,-1.13217,2.85586,-0.542221,-0.0136099,-0.001023,2758.9,1,0.0587641,0,0.5,-0.330729,-0.261621,0.000925899,-0.00163059,0.099306,0.0816083,0.101659,0.0843884,4627.34,-3510.92,-2704.46,-0.0535747,0.0814022,-15.1656,3541.72,3740.12,114.993,0.0779557,-0.0262594,-15.4952,4824.37,-3745.96,-1390.17,-0.0477707,0.0221148,-13.9416,3495.22,4011.01,-774.383,0.128953,0.02873,-15.5929
8.849,38.1767,-19.4031,4.98968,-0.603321,-1.2044,2.91869,-0.542007,-0.0136096,-0.00102408,2758.96,1,0.058807,0,0.5,-0.330779,-0.261656,0.000930242,-0.00163043,0.0993039,0.0816042,0.101659,0.084388,4623.45,-3538.98,-2671.82,-0.0543948,0.0810432,-15.1735,3542.99,3754.45,118.996,0.0788336,-0.0266157,-15.4876,4822.18,-3815.49,-1352.97,-0.0489582,0.0216284,-13.9481,3496.79,4020.67,-760.244,0.130335,0.0284268,-15.5789
8.859,38.1265,-19.4013,4.98976,-0.603454,-1.24416,2.99048,-0.542288,-0.0136095,-0.00102518,2759.02,1,0.0588023,0,0.5,-0.330756,-0.261635,0.000927305,-0.00163104,0.0992992,0.0816014,0.101658,0.0843888,4624.88,-3531.22,-2680.29,-0.0541449,0.0811024,-15.1673,3542.42,3750.31,113.7,0.0785704,-0.0264081,-15.4943,4823.24,-3774.65,-1373.59,-0.0482504,0.0218932,-13.944,3495.26,4018.97,-761.206,0.130427,0.0284886,-15.5871
8.869,38.0762,-19.3994,4.98976,-0.603398,-1.12896,2.8175,-0.542249,-0.0136095,-0.00102632,2759.01,1,0.0587554,0,0.5,-0.330731,-0.26161,0.000925531,-0.00162899,0.099294,0.0815985,0.101658,0.0843889,4628.32,-3517.55,-2701.73,-0.0537838,0.081477,-15.1613,3541.87,3745.06,112.733,0.0782559,-0.0262889,-15.5004,4825.14,-3719.65,-1399.74,-0.0472981,0.0222192,-13.9404,3494.54,4007.58,-779.104,0.1285,0.0288323,-15.6062
8.879,38.026,-19.3971,4.98974,-0.603376,-1.11897,2.77151,-0.542112,-0.0136097,-0.0010274,2758.99,1,0.058767,0,0.5,-0.330752,-0.261626,0.000928675,-0.00163172,0.0992912,0.0815949,0.101658,0.0843887,4629.52,-3502.45,-2716.38,-0.0533279,0.0815721,-15.1675,3541.3,3739.08,110.634,0.0778946,-0.026132,-15.494,4824.55,-3701.45,-1399.75,-0.046944,0.0221794,-13.9513,3494.69,4009.9,-775.125,0.12884,0.0287418,-15.5978
8.889,37.9758,-19.3946,4.98977,-0.603365,-1.17082,2.83571,-0.542127,-0.0136097,-0.00102854,2758.97,1,0.0587911,0,0.5,-0.330746,-0.261617,0.000927838,-0.00163017,0.0992877,0.0815925,0.101658,0.0843883,4626.99,-3521.59,-2694.65,-0.0538903,0.0813418,-15.1625,3541.96,3747.47,117.566,0.0784322,-0.0264595,-15.4992,4823.95,-3737.42,-1377.35,-0.0475061,0.0218684,-13.9597,3496.45,4015.89,-766.918,0.129429,0.0285242,-15.6067
8.899,37.9256,-19.3918,4.98985,-0.603333,-1.17267,2.75795,-0.542065,-0.0136094,-0.00102975,2759.05,1,0.058758,0,0.5,-0.330745,-0.261615,0.000926715,-0.00163171,0.0992859,0.0815896,0.101658,0.0843888,4628.25,-3502.22,-2714.32,-0.053328,0.0815149,-15.1665,3540.85,3737.05,112.6,0.077802,-0.0261516,-15.4959,4824.43,-3698.74,-1397.48,-0.0468747,0.0221335,-13.9536,3495.29,4008.02,-776.433,0.128091,0.0286548,-15.5953
8.909,37.8754,-19.3888,4.98999,-0.603393,-1.34498,2.89227,-0.54228,-0.0136088,-0.00103081,2759.14,1,0.0587942,0,0.5,-0.330742,-0.261604,0.000925838,-0.00163107,0.099283,0.0815873,0.101657,0.0843886,4626.54,-3517.09,-2698.41,-0.0537689,0.0813744,-15.1737,3541.85,3747.84,114.577,0.0784488,-0.0263905,-15.4888,4822.66,-3779.78,-1368.96,-0.0483305,0.0218255,-13.952,3496.22,4017.53,-763.495,0.129749,0.0284525,-15.582
8.919,37.8252,-19.3855,4.98985,-0.603357,-1.14345,2.80258,-0.542126,-0.0136088,-0.00103198,2759.1,1,0.0587749,0,0.5,-0.330766,-0.261624,0.000932239,-0.00163058,0.0992795,0.0815835,0.101658,0.0843887,4627.15,-3525.93,-2691.28,-0.0540166,0.0813374,-15.1637,3542.04,3750.49,113.328,0.0786043,-0.0264041,-15.4994,4823.96,-3746.09,-1385.23,-0.0477426,0.0220287,-13.9459,3495.45,4012.88,-771.077,0.129178,0.0286439,-15.5998
8.929,37.7751,-19.3819,4.99004,-0.60342,-1.31377,2.86802,-0.542376,-0.0136084,-0.00103308,2759.11,1,0.0587772,0,0.5,-0.330752,-0.261598,0.000925684,-0.00163093,0.0992751,0.081581,0.101657,0.0843896,4627.57,-3522.55,-2695.41,-0.0539216,0.0813921,-15.1662,3542.03,3749.11,112.094,0.078508,-0.026345,-15.4966,4823.72,-3763.48,-1386.58,-0.048113,0.0220959,-13.9445,3495.47,4015.08,-766.015,0.129416,0.0284953,-15.5985
8.939,37.7249,-19.3781,4.9901,-0.603427,-1.34055,2.96431,-0.542568,-0.0136083,-0.0010342,2759.11,1,0.0587777,0,0.5,-0.33078,-0.261614,0.000928907,-0.00163035,0.0992718,0.0815779,0.101657,0.0843886,4626.1,-3530.51,-2686.63,-0.0541715,0.0813308,-15.17,3542.68,3753.45,117.18,0.0787777,-0.0265541,-15.4929,4822.19,-3837.1,-1349.8,-0.0493896,0.0216243,-13.9448,3497.29,4015.09,-766.387,0.12876,0.0283837,-15.5894
8.949,37.6748,-19.374,4.99016,-0.603395,-1.31819,2.93651,-0.542409,-0.0136079,-0.00103527,2759.14,1,0.058752,0,0.5,-0.33078,-0.261605,0.000928242,-0.00163064,0.0992687,0.0815752,0.101657,0.0843898,4625.11,-3541.79,-2674.05,-0.0544952,0.0811888,-15.1704,3543.34,3759.79,120.359,0.0791736,-0.0267466,-15.4921,4822.79,-3926.16,-1338.81,-0.0512289,0.0216513,-13.9169,3497.17,4017.68,-762.813,0.129353,0.0283524,-15.6003
8.959,37.6247,-19.3696,4.99018,-0.603311,-1.24991,2.6877,-0.542133,-0.0136077,-0.00103639,2759.18,1,0.0587187,0,0.5,-0.330777,-0.261597,0.000928065,-0.0016306,0.099265,0.0815722,0.101656,0.0843896,4630.2,-3518.06,-2707.04,-0.0538265,0.0816739,-15.1698,3541.34,3746.5,107.094,0.0783564,-0.0261713,-15.4934,4825.19,-3886.4,-1369.42,-0.0505583,0.0220908,-13.9057,3495.85,4006.94,-779.968,0.127882,0.0287472,-15.5993
8.969,37.5746,-19.365,4.99028,-0.603377,-1.33663,2.8399,-0.54232,-0.0136076,-0.00103749,2759.21,1,0.0587271,0,0.5,-0.33077,-0.261581,0.000923588,-0.00162977,0.0992612,0.0815701,0.101655,0.0843896,4626.86,-3538.23,-2680.81,-0.0543902,0.0813091,-15.1735,3542.64,3757.33,110.523,0.079004,-0.0264482,-15.4897,4824.27,-3910.29,-1354.18,-0.0509753,0.0218815,-13.9115,3496.71,4010.55,-774.605,0.128252,0.0286059,-15.5872
8.979,37.5246,-19.3601,4.99013,-0.603312,-1.24403,2.71604,-0.541943,-0.0136083,-0.00103854,2759.26,1,0.0587571,0,0.5,-0.330821,-0.261619,0.000927178,-0.0016335,0.09926,0.0815665,0.101657,0.0843901,4627.88,-3532.72,-2687.24,-0.0542203,0.081368,-15.1678,3542.07,3755.18,110.285,0.0788971,-0.0264091,-15.4964,4824.38,-3808.98,-1374.66,-0.0489529,0.0219908,-13.9316,3495.64,4011.07,-772.088,0.128567,0.0285739,-15.5988
8.989,37.4746,-19.355,4.99021,-0.603402,-1.21312,2.51077,-0.54228,-0.0136087,-0.00103968,2759.24,1,0.0587144,0,0.5,-0.33077,-0.261572,0.000925648,-0.00163266,0.0992547,0.0815644,0.101658,0.0843903,4636.33,-3472.51,-2758.17,-0.0524873,0.0822018,-15.164,3538.39,3725.98,91.8621,0.0771581,-0.0254445,-15.5001,4827.34,-3564.92,-1455.63,-0.0446662,0.0228437,-13.951,3493.06,3989.77,-804.167,0.125711,0.0292775,-15.6012
8.999,37.4246,-19.3496,4.99034,-0.603496,-1.53024,3.02129,-0.542515,-0.0136092,-0.00104079,2759.21,1,0.0588135,0,0.5,-0.330816,-0.261596,0.000926782,-0.00163053,0.0992525,0.0815607,0.101658,0.0843904,4623.32,-3571.11,-2644.46,-0.0553599,0.0809527,-15.1667,3543.74,3771.77,117.838,0.0799468,-0.0269082,-15.4968,4822.08,-3884.83,-1334.66,-0.0502964,0.0214722,-13.9393,3497,4025.72,-750.971,0.131161,0.0282159,-15.594
9.009,37.3746,-19.3439,4.99036,-0.603424,-1.42359,2.87967,-0.542383,-0.0136094,-0.00104178,2759.29,1,0.0587677,0,0.5,-0.330804,-0.261587,0.000925923,-0.0016306,0.0992507,0.0815583,0.101657,0.0843898,4625.08,-3551.35,-2664.46,-0.0547577,0.0810914,-15.1658,3543,3761.22,115.847,0.0792683,-0.0266584,-15.4984,4823.53,-3866.86,-1354.44,-0.0500402,0.0217765,-13.9266,3496.22,4014.85,-766.963,0.129146,0.0284787,-15.5985
9.019,37.3247,-19.338,4.99027,-0.603289,-1.25609,2.64797,-0.542005,-0.0136093,-0.00104271,2759.37,1,0.058746,0,0.5,-0.330844,-0.261614,0.000931799,-0.00163019,0.0992504,0.0815555,0.101658,0.0843895,4627.96,-3532.47,-2691.79,-0.0542776,0.0815747,-15.1657,3541.39,3756.75,106.693,0.0790286,-0.0263564,-15.4999,4824.24,-3868,-1365.77,-0.0501443,0.0219808,-13.918,3495.98,4010.48,-773.805,0.128413,0.0286092,-15.6025
9.029,37.2748,-19.3318,4.99017,-0.603181,-1.17138,2.56699,-0.541618,-0.0136087,-0.0010436,2759.35,1,0.0587597,0,0.5,-0.330889,-0.261641,0.000939281,-0.00162932,0.0992487,0.081553,0.101659,0.0843893,4626.9,-3535.02,-2691.58,-0.0544195,0.0817033,-15.1717,3542.77,3756.26,121.585,0.0789811,-0.0267186,-15.4932,4823.78,-3831.92,-1367.56,-0.049392,0.0219232,-13.9313,3496.2,4010.52,-773.739,0.128338,0.0285921,-15.5895
9.039,37.2249,-19.3253,4.99042,-0.603382,-1.42919,2.7654,-0.54232,-0.0136078,-0.00104463,2759.33,1,0.0587745,0,0.5,-0.330807,-0.261584,0.000925911,-0.00163641,0.0992423,0.0815518,0.101658,0.0843905,4627.2,-3530.01,-2688.94,-0.0541511,0.081378,-15.1707,3542.03,3751.8,113.099,0.0786905,-0.0264207,-15.4943,4823.36,-3780.38,-1374.65,-0.0483749,0.0219254,-13.9459,3496.17,4011.39,-772.365,0.128507,0.0285705,-15.5963
9.049,37.1751,-19.3186,4.99055,-0.603343,-1.49248,2.62612,-0.542091,-0.0136077,-0.00104548,2759.4,1,0.0587538,0,0.5,-0.330801,-0.26158,0.000926833,-0.00163085,0.0992393,0.0815493,0.101657,0.0843906,4629.92,-3513.34,-2717.18,-0.0537895,0.0819997,-15.1836,3542.26,3747.34,122.319,0.0784274,-0.0265739,-15.4815,4824.2,-3870.19,-1366.92,-0.0502021,0.0220076,-13.919,3495.94,4012.03,-772.856,0.128872,0.0286541,-15.579
9.059,37.1253,-19.3116,4.9903,-0.603367,-1.29883,2.60843,-0.541857,-0.0136093,-0.00104655,2759.21,1,0.0587866,0,0.5,-0.330839,-0.261613,0.000932243,-0.00162943,0.0992361,0.0815447,0.10166,0.0843906,4629.24,-3514.16,-2708.36,-0.0537084,0.0816348,-15.1665,3541.95,3742.98,121.261,0.0781573,-0.0264693,-15.4977,4823.99,-3671.43,-1396.21,-0.0463332,0.0220507,-13.9661,3494.94,4009.83,-773.661,0.128562,0.0286369,-15.6045
9.069,37.0755,-19.3044,4.99043,-0.603482,-1.52415,2.83768,-0.542294,-0.0136101,-0.00104747,2759.37,1,0.058833,0,0.5,-0.330835,-0.26161,0.000929774,-0.00163031,0.0992341,0.0815421,0.10166,0.0843903,4625.91,-3532.19,-2683.23,-0.0541954,0.0812405,-15.1688,3542.5,3753.88,120.508,0.0788354,-0.0266516,-15.4972,4821.73,-3740.6,-1360.95,-0.0474853,0.0215954,-13.9734,3496.43,4019.82,-758.618,0.129981,0.0283076,-15.5959
9.079,37.0258,-19.2969,4.9905,-0.603395,-1.44289,2.68967,-0.542153,-0.0136101,-0.00104836,2759.44,1,0.0587829,0,0.5,-0.330805,-0.26158,0.000927876,-0.00163083,0.0992321,0.0815406,0.101659,0.0843902,4627.72,-3520.56,-2697.34,-0.0538606,0.0814059,-15.1698,3541.48,3747.78,115.965,0.0784758,-0.0264279,-15.4968,4823.77,-3782.2,-1373.91,-0.0483992,0.0219145,-13.9461,3495.59,4012.49,-769.755,0.128842,0.028535,-15.6
9.089,36.9761,-19.2891,4.99059,-0.603464,-1.50473,2.74724,-0.542357,-0.0136101,-0.00104926,2759.51,1,0.0587788,0,0.5,-0.330809,-0.261582,0.000927422,-0.00163127,0.0992304,0.081538,0.101658,0.0843894,4627.85,-3515.94,-2702.35,-0.053735,0.0814711,-15.1735,3541.56,3746.34,117.101,0.0783816,-0.0264315,-15.4938,4823.73,-3817.22,-1364.28,-0.0490554,0.0218277,-13.9406,3496.55,4012.19,-770.515,0.128454,0.0284896,-15.597
9.099,36.9264,-19.2811,4.99059,-0.603402,-1.43654,2.65101,-0.54204,-0.01361,-0.00105028,2759.52,1,0.0587601,0,0.5,-0.330804,-0.261573,0.000929144,-0.00163047,0.0992271,0.0815346,0.101659,0.0843902,4628.92,-3522.25,-2698.19,-0.0539079,0.0814608,-15.1717,3541.62,3748.76,113.848,0.0785195,-0.0263861,-15.4953,4825.17,-3809.63,-1388.09,-0.0490598,0.0222299,-13.9253,3494.61,4012.15,-764.346,0.128525,0.0282843,-15.597
9.109,36.8768,-19.2728,4.99067,-0.603564,-1.5413,2.82546,-0.54264,-0.0136101,-0.00105127,2759.54,1,0.0587771,0,0.5,-0.330808,-0.261563,0.000927055,-0.00162922,0.0992241,0.081532,0.101659,0.08439,4627.38,-3536.23,-2683.8,-0.0543307,0.0813587,-15.1656,3542.25,3757.74,110.859,0.0790585,-0.026472,-15.5019,4823.81,-3811.59,-1370.04,-0.0489813,0.0219167,-13.9358,3495.88,4013.18,-770.041,0.129008,0.0285728,-15.6058
9.119,36.8273,-19.2643,4.99068,-0.60342,-1.51319,2.62835,-0.54218,-0.0136096,-0.00105221,2759.57,1,0.0587718,0,0.5,-0.330812,-0.261566,0.000930417,-0.00163034,0.099222,0.0815296,0.101659,0.0843899,4630.02,-3538.32,-2690.56,-0.0544431,0.0816502,-15.1715,3540.41,3757.89,101.323,0.0791437,-0.0262513,-15.4958,4824.63,-3866.07,-1366.71,-0.0501025,0.0219909,-13.9197,3495.73,4013.66,-770.535,0.129293,0.0286414,-15.5921
9.129,36.7778,-19.2555,4.99088,-0.603569,-1.6707,2.82971,-0.542767,-0.0136091,-0.0010532,2759.59,1,0.0587619,0,0.5,-0.330818,-0.261561,0.000923829,-0.00163278,0.0992198,0.0815275,0.101658,0.0843904,4626.39,-3549.35,-2671.85,-0.0547416,0.0813194,-15.1698,3542.46,3764.43,109.91,0.0794897,-0.026573,-15.4977,4824.11,-3887.95,-1359.9,-0.0505335,0.0219269,-13.9145,3496.1,4015.17,-768.417,0.129465,0.0285895,-15.5995
9.139,36.7283,-19.2464,4.99079,-0.60345,-1.54648,2.64906,-0.542274,-0.0136085,-0.00105433,2759.51,1,0.058758,0,0.5,-0.330821,-0.26155,0.000927461,-0.00162961,0.0992147,0.0815242,0.101659,0.0843912,4629.11,-3546.18,-2679.64,-0.0546407,0.0814594,-15.1675,3542.2,3762.2,103.501,0.0793228,-0.0263578,-15.4988,4825.12,-3835.49,-1378.82,-0.0495345,0.0221288,-13.9212,3495.29,4013.66,-771.609,0.12958,0.0287345,-15.601
9.149,36.6789,-19.2371,4.9908,-0.603398,-1.54092,2.65675,-0.542259,-0.0136079,-0.00105529,2759.59,1,0.0587597,0,0.5,-0.330836,-0.261555,0.000926616,-0.0016322,0.0992134,0.0815225,0.101658,0.0843908,4626.84,-3551.02,-2671.95,-0.0548034,0.0813657,-15.1621,3542.36,3764.66,107.411,0.0794987,-0.0265074,-15.5056,4824.48,-3840.06,-1372.01,-0.0495886,0.0220207,-13.9256,3496.21,4012.21,-772.335,0.12878,0.0286163,-15.6001
9.159,36.6295,-19.2275,4.99088,-0.603508,-1.67366,2.71367,-0.542519,-0.0136069,-0.00105623,2759.75,1,0.058788,0,0.5,-0.330815,-0.26153,0.000925705,-0.00163075,0.0992104,0.0815212,0.101658,0.0843922,4628.36,-3538.38,-2686.38,-0.0544308,0.0815238,-15.1689,3541.99,3761.21,102.625,0.0792662,-0.0263209,-15.4999,4824.08,-3784.89,-1383.65,-0.0485261,0.0220937,-13.9362,3495.54,4014.34,-770.677,0.129628,0.0287063,-15.5968
9.169,36.5802,-19.2177,4.99048,-0.603262,-1.1927,2.45441,-0.541499,-0.0136072,-0.00105713,2759.58,1,0.0587706,0,0.5,-0.330917,-0.26158,0.000944059,-0.00162927,0.0992091,0.0815178,0.101661,0.0843919,4629.49,-3532.52,-2692.58,-0.0542398,0.0815545,-15.1676,3541.84,3755.49,107.272,0.0789175,-0.0263352,-15.4999,4824.69,-3776.67,-1388.3,-0.0483813,0.0221542,-13.9353,3495.07,4014.06,-770.855,0.129732,0.0287341,-15.6088
9.179,36.5309,-19.2076,4.99094,-0.603462,-1.64775,2.65093,-0.542328,-0.0136066,-0.00105814,2759.69,1,0.0587747,0,0.5,-0.330859,-0.261549,0.000927471,-0.00163054,0.099204,0.0815162,0.101658,0.0843926,4628.33,-3548.97,-2677.38,-0.0547492,0.0814903,-15.1682,3542.17,3765.59,103.546,0.0795542,-0.0264257,-15.4999,4824.47,-3843.91,-1373.77,-0.0496857,0.0220622,-13.9219,3495.56,4016.47,-767.368,0.130045,0.0286538,-15.5984
9.189,36.4817,-19.1972,4.99096,-0.603447,-1.67195,2.62036,-0.54223,-0.0136068,-0.00105905,2759.66,1,0.0587836,0,0.5,-0.330861,-0.261547,0.000927599,-0.00163069,0.0992008,0.081514,0.101658,0.0843928,4629.1,-3549.54,-2679.4,-0.0547814,0.0815765,-15.1678,3541.24,3766.83,100.399,0.079686,-0.0263826,-15.4997,4823.93,-3844.79,-1368.9,-0.0496746,0.021979,-13.9295,3495.94,4018.63,-764.443,0.130381,0.0285987,-15.5941
9.199,36.4326,-19.1866,4.99083,-0.603342,-1.4217,2.42037,-0.541922,-0.0136071,-0.00105996,2759.72,1,0.0587485,0,0.5,-0.330894,-0.26156,0.000934268,-0.00163015,0.0991992,0.0815112,0.101659,0.0843924,4632.49,-3532.51,-2701.6,-0.0542836,0.0818653,-15.1663,3540.54,3760.77,93.152,0.0792867,-0.0260833,-15.5019,4825.52,-3751.08,-1405.47,-0.0479743,0.0223948,-13.931,3494.4,4007.31,-780.764,0.128635,0.0289189,-15.595
9.209,36.3835,-19.1757,4.991,-0.603483,-1.71882,2.67211,-0.542369,-0.013607,-0.00106085,2759.78,1,0.0588004,0,0.5,-0.33089,-0.261559,0.000929592,-0.00163057,0.0991965,0.081509,0.101658,0.084393,4627.43,-3574.93,-2653.13,-0.0555273,0.0813459,-15.1637,3542.63,3778.45,99.1403,0.0803823,-0.026553,-15.5052,4823.98,-3822.89,-1372.98,-0.0492404,0.021997,-13.9312,3495.4,4019.24,-763.501,0.130732,0.0286276,-15.5949
9.219,36.3344,-19.1646,4.9911,-0.603445,-1.66119,2.53427,-0.542488,-0.0136068,-0.00106163,2759.88,1,0.0587503,0,0.5,-0.330845,-0.26153,0.000925465,-0.00163273,0.0991927,0.0815073,0.101657,0.0843935,4630.8,-3556.86,-2676.13,-0.0549937,0.0816251,-15.1643,3541.69,3773.76,91.1467,0.0800813,-0.0262602,-15.505,4825.43,-3887.6,-1372.24,-0.0506036,0.0221438,-13.9048,3494.83,4010.65,-781.988,0.129811,0.0291718,-15.6084
9.229,36.2854,-19.1532,4.99106,-0.603408,-1.52829,2.47381,-0.542187,-0.0136073,-0.00106229,2759.85,1,0.0587218,0,0.5,-0.330881,-0.261557,0.000930772,-0.00163037,0.0991917,0.0815051,0.101657,0.0843927,4631.54,-3546.43,-2687.96,-0.0547022,0.0817721,-15.167,3540.85,3766.52,90.4289,0.0796408,-0.0261171,-15.5022,4826.56,-3867.21,-1391.42,-0.0502968,0.022433,-13.898,3494.37,4006.58,-781.76,0.128494,0.0289315,-15.6059
9.239,36.2365,-19.1415,4.99125,-0.603554,-1.71659,2.66145,-0.542703,-0.0136076,-0.00106309,2759.81,1,0.0587244,0,0.5,-0.330849,-0.261532,0.000926139,-0.00163,0.0991878,0.081503,0.101657,0.0843927,4629.39,-3569.99,-2661.89,-0.0553864,0.0814982,-15.1674,3542.22,3776.23,95.9582,0.0802407,-0.026431,-15.5013,4825.62,-3938.57,-1366.21,-0.0516862,0.0221715,-13.8906,3495.16,4010.47,-775.597,0.12891,0.0287686,-15.6109
9.249,36.1876,-19.1296,4.99119,-0.603438,-1.69493,2.62118,-0.542258,-0.0136084,-0.00106381,2759.8,1,0.0587504,0,0.5,-0.330899,-0.26158,0.000933913,-0.00162978,0.0991872,0.0814993,0.101658,0.0843917,4627.01,-3593.45,-2636.3,-0.0560911,0.0812597,-15.1704,3543.53,3787.84,100.468,0.080984,-0.0267594,-15.4981,4824.25,-4008.48,-1335,-0.0530529,0.0218012,-13.8898,3496.39,4017.9,-764.124,0.12989,0.0284994,-15.5945
9.259,36.1388,-19.1174,4.99125,-0.603413,-1.62067,2.36744,-0.542215,-0.0136085,-0.0010646,2759.85,1,0.0587121,0,0.5,-0.330848,-0.261537,0.000930103,-0.00163036,0.0991841,0.0814976,0.101658,0.0843915,4634.15,-3542.88,-2698.31,-0.0546288,0.0820278,-15.1678,3539.78,3764.6,81.2006,0.0795385,-0.0258509,-15.5014,4826.53,-3900.3,-1387.88,-0.0509962,0.0224581,-13.8901,3494.68,4003.43,-785.329,0.127672,0.0289174,-15.599
9.269,36.0901,-19.105,4.99143,-0.603497,-1.88959,2.57609,-0.542409,-0.0136087,-0.00106544,2759.81,1,0.058748,0,0.5,-0.330859,-0.261546,0.000926464,-0.00163101,0.0991823,0.0814947,0.101658,0.0843915,4628.84,-3578.15,-2653.66,-0.0556328,0.081434,-15.1793,3542.77,3781.63,94.9059,0.0805713,-0.0264982,-15.4886,4824.18,-3962.24,-1344.97,-0.0520691,0.0218547,-13.9028,3496.25,4015,-768.576,0.129362,0.0285765,-15.5767
9.279,36.0414,-19.0923,4.99134,-0.603623,-1.89419,2.74614,-0.542823,-0.0136091,-0.00106651,2759.81,1,0.0587835,0,0.5,-0.330846,-0.261522,0.000926082,-0.0016291,0.0991779,0.0814913,0.101659,0.0843918,4627.6,-3597.76,-2633.94,-0.0562245,0.0812871,-15.1665,3543.86,3792.93,97.5441,0.0813067,-0.0267782,-15.5028,4822.81,-3904.78,-1343.88,-0.0507957,0.0216869,-13.9258,3496.67,4017.68,-763.983,0.129677,0.0284558,-15.6001
9.289,35.9928,-19.0794,4.99129,-0.603448,-1.68212,2.43704,-0.542314,-0.0136089,-0.00106734,2759.88,1,0.0587424,0,0.5,-0.330851,-0.261534,0.000928688,-0.00163052,0.0991769,0.0814891,0.101659,0.0843917,4631.57,-3558.75,-2677.82,-0.0550786,0.0817464,-15.1667,3540.97,3770.75,86.951,0.0799033,-0.0261015,-15.503,4825.58,-3833.32,-1388.17,-0.0495561,0.0222898,-13.9179,3494.99,4005.14,-782.481,0.127845,0.02884,-15.6089
9.299,35.9443,-19.0662,4.9912,-0.603451,-1.53027,2.43564,-0.542194,-0.0136086,-0.00106823,2759.91,1,0.0587256,0,0.5,-0.330861,-0.261543,0.000931268,-0.00163032,0.0991756,0.0814873,0.10166,0.0843917,4630.52,-3542.38,-2686.42,-0.054534,0.0815884,-15.1689,3541.55,3761.97,93.1296,0.0792992,-0.0260883,-15.5014,4826.37,-3747.58,-1411.19,-0.0479327,0.0224846,-13.9274,3494.43,3999,-790.788,0.126851,0.0289771,-15.6094
9.309,35.8958,-19.0528,4.99116,-0.603424,-1.55287,2.46254,-0.542001,-0.0136086,-0.00106919,2759.89,1,0.058757,0,0.5,-0.330883,-0.261564,0.000936689,-0.00162968,0.0991736,0.0814847,0.101661,0.0843914,4628.61,-3558.97,-2668.84,-0.0550396,0.0814476,-15.1702,3542.29,3771.35,98.2104,0.0799109,-0.0263927,-15.4998,4824.85,-3792.99,-1385.21,-0.048693,0.022138,-13.9336,3495.6,4007.43,-779.126,0.128057,0.0287481,-15.5966
9.319,35.8474,-19.0391,4.9914,-0.603443,-1.84696,2.35989,-0.542198,-0.0136081,-0.00107013,2760.01,1,0.058792,0,0.5,-0.330859,-0.261518,0.000927177,-0.00163091,0.0991698,0.0814832,0.10166,0.0843919,4631.99,-3551.12,-2687.96,-0.0548924,0.0819301,-15.1754,3541.03,3767.61,92.9116,0.0797145,-0.0261978,-15.4953,4824.51,-3744.22,-1393.68,-0.0477597,0.0221724,-13.9469,3495.33,4008.37,-779.307,0.1285,0.0288348,-15.586
9.329,35.7991,-19.0251,4.99141,-0.603535,-1.98575,2.60381,-0.542341,-0.0136086,-0.00107115,2759.95,1,0.0588379,0,0.5,-0.330897,-0.261541,0.000930458,-0.00163007,0.0991674,0.0814798,0.10166,0.0843918,4627.25,-3581.34,-2649.23,-0.0557539,0.0814103,-15.1771,3543.23,3784.18,103.699,0.0807651,-0.0267776,-15.4932,4820.97,-3875.83,-1332.22,-0.0501022,0.021411,-13.9534,3497.63,4024.82,-752.864,0.130753,0.0282141,-15.5861
9.339,35.7508,-19.0109,4.99131,-0.60349,-1.74674,2.4532,-0.54217,-0.013609,-0.00107214,2759.98,1,0.0587993,0,0.5,-0.330902,-0.261532,0.00093083,-0.00163035,0.0991644,0.0814772,0.101661,0.0843922,4629.44,-3558.87,-2672.1,-0.0550594,0.0815665,-15.1681,3542.11,3770.96,101.151,0.0799118,-0.026465,-15.5032,4824.03,-3725.86,-1389.79,-0.0473663,0.0220619,-13.9553,3495.43,4010.53,-774.26,0.128686,0.0286777,-15.6009
9.349,35.7027,-18.9965,4.99129,-0.603435,-1.68978,2.38152,-0.542001,-0.013609,-0.00107303,2760,1,0.0587942,0,0.5,-0.330918,-0.261534,0.000931873,-0.00163283,0.0991635,0.0814753,0.101662,0.0843925,4629.99,-3549.1,-2681.16,-0.0547587,0.0816111,-15.1709,3541.33,3766.34,97.3679,0.0796304,-0.0262877,-15.5003,4824.46,-3717.67,-1396.16,-0.0472424,0.0221537,-13.9541,3495.03,4010.49,-775.081,0.128911,0.0287501,-15.5975
9.359,35.6546,-18.9818,4.99138,-0.603452,-1.79624,2.41663,-0.5421,-0.0136087,-0.00107407,2759.96,1,0.0588047,0,0.5,-0.330908,-0.261517,0.00092961,-0.0016304,0.0991601,0.0814731,0.101661,0.0843926,4629.3,-3550.32,-2678.78,-0.054798,0.0815705,-15.1707,3541.79,3767.14,102.43,0.0796788,-0.0264283,-15.5005,4823.18,-3734.41,-1388.35,-0.0475426,0.0220603,-13.961,3495.68,4014.16,-767.458,0.129159,0.028503,-15.6011
9.369,35.6066,-18.9668,4.99145,-0.603333,-1.77396,2.33228,-0.541675,-0.0136084,-0.001075,2759.98,1,0.0587854,0,0.5,-0.330929,-0.261522,0.000931772,-0.00163035,0.099159,0.081471,0.101662,0.084392,4626.84,-3556.05,-2666.81,-0.0549393,0.0813112,-15.188,3542.21,3767.87,108.377,0.0797311,-0.0265927,-15.4823,4823.92,-3718.46,-1387.98,-0.0472056,0.0220132,-13.9618,3495.85,4010.07,-774.101,0.128352,0.0286104,-15.5643
9.379,35.5586,-18.9516,4.99146,-0.603577,-1.87842,2.38742,-0.54231,-0.0136085,-0.00107612,2760.01,1,0.0588215,0,0.5,-0.330903,-0.26151,0.000923902,-0.00163077,0.099155,0.0814686,0.101662,0.0843939,4631.32,-3512.01,-2715.72,-0.0536568,0.0818317,-15.1692,3540.46,3746.39,103.455,0.0783877,-0.0260833,-15.5027,4823.95,-3526.79,-1427.92,-0.0438133,0.0222936,-13.9938,3494.41,4007.32,-778.957,0.128443,0.0288178,-15.6079
9.389,35.5107,-18.9361,4.99156,-0.603534,-1.9874,2.43679,-0.542216,-0.0136086,-0.00107705,2759.92,1,0.0588342,0,0.5,-0.330882,-0.261491,0.000927357,-0.00162581,0.0991522,0.0814669,0.101662,0.0843936,4626.73,-3536.9,-2683.51,-0.054374,0.081399,-15.1706,3541.15,3753.2,113.689,0.0788427,-0.0264699,-15.5006,4822.49,-3666.65,-1389.51,-0.0462153,0.0219289,-13.9789,3495.05,4014.75,-767.04,0.129575,0.0285638,-15.596
9.399,35.463,-18.9204,4.99149,-0.603473,-1.87522,2.3199,-0.541999,-0.0136086,-0.00107785,2760.05,1,0.0588285,0,0.5,-0.330929,-0.261512,0.000929562,-0.00163019,0.0991515,0.0814644,0.101662,0.0843936,4630.36,-3513.37,-2713.1,-0.0537065,0.0817938,-15.1707,3540.5,3748.97,108.043,0.0785776,-0.0262513,-15.5017,4823.55,-3667.58,-1395.55,-0.0462601,0.0220325,-13.9714,3495.21,4015.15,-769.095,0.129886,0.0286934,-15.5967
9.409,35.4153,-18.9044,4.99165,-0.603643,-2.03586,2.49504,-0.542565,-0.0136081,-0.0010787,2760.02,1,0.058826,0,0.5,-0.330901,-0.261497,0.000926108,-0.00162507,0.0991478,0.0814629,0.101662,0.0843944,4628.56,-3526.6,-2696.46,-0.0540693,0.0815643,-15.1655,3541.24,3750.8,111.705,0.0786679,-0.0263727,-15.5069,4824,-3654.02,-1404.75,-0.0460553,0.0221618,-13.9688,3494.64,4015.59,-768.487,0.130218,0.0287324,-15.6011
9.419,35.3677,-18.8882,4.99181,-0.603615,-2.17749,2.54857,-0.542479,-0.0136077,-0.00107943,2760.02,1,0.0588206,0,0.5,-0.33092,-0.2615,0.000927821,-0.00162381,0.0991457,0.0814607,0.10166,0.0843942,4625.5,-3555.26,-2664.97,-0.054915,0.0812521,-15.1774,3542.6,3764.52,117.106,0.079524,-0.0267569,-15.4945,4822.8,-3881.54,-1349.12,-0.0503289,0.0217215,-13.9316,3496.09,4026.43,-752.007,0.131961,0.0283969,-15.5914
9.429,35.3201,-18.8717,4.99189,-0.603625,-2.18026,2.51061,-0.542653,-0.0136075,-0.00108019,2760.02,1,0.0587997,0,0.5,-0.330912,-0.261504,0.000926408,-0.00162863,0.0991426,0.0814587,0.10166,0.0843941,4627.36,-3544.49,-2678.49,-0.0545984,0.0814208,-15.1791,3542.17,3760.81,113.43,0.0792826,-0.0265954,-15.4927,4823.02,-3892.17,-1352.07,-0.0505819,0.0218014,-13.926,3496.12,4022.28,-758.741,0.131071,0.0285008,-15.5865
9.439,35.2727,-18.855,4.99174,-0.603566,-1.95342,2.38839,-0.542219,-0.0136079,-0.00108097,2760.07,1,0.0587856,0,0.5,-0.330946,-0.261534,0.000933699,-0.00163009,0.0991403,0.0814551,0.101661,0.0843943,4629.54,-3550.8,-2677.6,-0.0547879,0.0815255,-15.1759,3541.95,3764.82,106.122,0.07953,-0.0264812,-15.4966,4824.98,-3901.43,-1366.11,-0.0508656,0.0220714,-13.9063,3494.96,4022.23,-760.708,0.131781,0.0287049,-15.5938
9.449,35.2253,-18.838,4.99201,-0.60357,-2.17886,2.32174,-0.542173,-0.0136082,-0.00108178,2760.16,1,0.0587806,0,0.5,-0.330906,-0.261498,0.000926009,-0.00162972,0.0991352,0.0814523,0.101659,0.0843944,4629.55,-3578.08,-2651.66,-0.0555711,0.0813083,-15.184,3542.4,3780.3,95.516,0.0805071,-0.0264894,-15.4876,4826.07,-3952.65,-1360.47,-0.0519468,0.0221031,-13.8901,3494.38,4023.58,-761.586,0.13272,0.0289037,-15.565
9.459,35.1781,-18.8208,4.99186,-0.603648,-1.9988,2.17672,-0.54234,-0.0136096,-0.00108277,2760.12,1,0.0587819,0,0.5,-0.330907,-0.261503,0.000929118,-0.00163068,0.099132,0.081449,0.101662,0.0843946,4635.47,-3532.86,-2705.92,-0.0542645,0.0819707,-15.1727,3539.78,3755.21,81.6269,0.0789117,-0.0256849,-15.4991,4828.1,-3634.26,-1452.06,-0.0459553,0.022934,-13.9345,3491.42,4007.12,-784.907,0.130192,0.0293711,-15.5735
9.469,35.1309,-18.8034,4.99187,-0.603622,-2.18875,2.30742,-0.541999,-0.0136109,-0.00108383,2760.06,1,0.0588521,0,0.5,-0.330914,-0.261513,0.0009307,-0.00163045,0.0991301,0.0814449,0.101662,0.0843947,4629.93,-3599.51,-2635.55,-0.0562495,0.0813352,-15.1717,3542.73,3792.35,92.7507,0.0813181,-0.0266492,-15.4997,4824.8,-3837.44,-1376.69,-0.0495643,0.0220967,-13.9312,3493.87,4033.28,-743.306,0.134961,0.0285851,-15.5737
9.479,35.0838,-18.7856,4.99198,-0.60366,-2.32076,2.34187,-0.542211,-0.0136117,-0.00108482,2760.31,1,0.0588563,0,0.5,-0.330909,-0.261506,0.000929344,-0.00162722,0.0991299,0.0814426,0.101663,0.0843948,4629.31,-3601.54,-2635.83,-0.0563659,0.0814536,-15.1745,3542.51,3796.24,89.4227,0.0815951,-0.0266445,-15.4986,4823.98,-3896.85,-1355.21,-0.0506923,0.0218661,-13.9212,3494.15,4034.21,-743.916,0.13535,0.0286725,-15.5667
9.489,35.0368,-18.7677,4.99201,-0.603717,-2.42332,2.3376,-0.542253,-0.0136121,-0.00108578,2760.4,1,0.0588956,0,0.5,-0.330907,-0.261495,0.000926926,-0.00163259,0.0991281,0.0814399,0.101662,0.0843944,4629.95,-3603.14,-2636.52,-0.0564268,0.0815229,-15.1779,3542.68,3798.49,88.7691,0.0817418,-0.0266705,-15.4958,4824.3,-3888.42,-1357.6,-0.0505203,0.0218854,-13.9257,3494.28,4039.17,-735.524,0.136591,0.0285527,-15.5628
9.499,34.9899,-18.7495,4.99195,-0.603691,-2.35251,2.3718,-0.542209,-0.0136125,-0.00108689,2760.35,1,0.0588968,0,0.5,-0.330935,-0.261528,0.000932674,-0.0016304,0.0991255,0.0814361,0.101665,0.0843939,4628.22,-3616.94,-2619.11,-0.0568182,0.0812896,-15.1726,3543.71,3806.39,89.243,0.0822441,-0.0268275,-15.5004,4822.57,-3881.22,-1350.51,-0.0503377,0.021747,-13.9365,3494.57,4039.93,-733.66,0.136551,0.0284718,-15.5638
9.509,34.9432,-18.731,4.99211,-0.603766,-2.39915,2.31012,-0.542492,-0.0136122,-0.00108799,2760.46,1,0.0588635,0,0.5,-0.330917,-0.261488,0.000926587,-0.00163028,0.0991226,0.0814336,0.101664,0.0843942,4630.47,-3608.35,-2631.4,-0.0565571,0.0814566,-15.1747,3542.8,3801.4,81.8332,0.0819054,-0.0265391,-15.4995,4824.29,-3866.52,-1374.25,-0.0501814,0.0221304,-13.9158,3493.05,4031.39,-748.895,0.135255,0.0288579,-15.5732
9.519,34.8965,-18.7123,4.99199,-0.603664,-2.25598,2.29533,-0.542133,-0.013612,-0.00108903,2760.45,1,0.058863,0,0.5,-0.330936,-0.2615,0.000930828,-0.00163036,0.0991198,0.0814303,0.101664,0.084394,4628.79,-3635.48,-2603.85,-0.0573888,0.0812468,-15.1664,3543.29,3815.74,79.6087,0.0829124,-0.0267621,-15.5075,4824.64,-3887.06,-1367.51,-0.0505668,0.0220604,-13.9162,3493.75,4034.58,-743.251,0.13566,0.0287012,-15.5802
9.529,34.8499,-18.6934,4.99216,-0.603665,-2.38627,2.21374,-0.542218,-0.0136113,-0.00108999,2760.49,1,0.0588602,0,0.5,-0.330916,-0.261467,0.000925733,-0.00163104,0.0991177,0.0814291,0.101664,0.0843933,4629.85,-3608.48,-2634.06,-0.0566315,0.0816148,-15.178,3542.96,3801.93,85.7393,0.081953,-0.0266488,-15.4963,4825.61,-3852.26,-1372.96,-0.0498362,0.0220633,-13.928,3495.39,4031.83,-749.813,0.134388,0.0287295,-15.564
9.539,34.8034,-18.6742,4.99217,-0.603737,-2.47131,2.3264,-0.542506,-0.0136103,-0.00109114,2760.46,1,0.0588857,0,0.5,-0.330916,-0.261458,0.000925295,-0.00163008,0.0991146,0.081427,0.101664,0.0843941,4627.63,-3611.38,-2625.09,-0.0566871,0.0813889,-15.1724,3543.22,3802.07,86.0942,0.0819461,-0.0266583,-15.5019,4822.5,-3830.31,-1362.97,-0.0493444,0.0218428,-13.9454,3495.27,4033.47,-744.958,0.13456,0.0285722,-15.5722
9.549,34.757,-18.6547,4.992,-0.603574,-2.2172,2.09757,-0.541992,-0.0136092,-0.00109211,2760.44,1,0.058881,0,0.5,-0.330942,-0.261471,0.000930326,-0.00163032,0.0991128,0.081425,0.101665,0.0843946,4633.35,-3571.77,-2676.04,-0.0555629,0.0820879,-15.1684,3541.19,3785.73,87.0158,0.0809271,-0.0263866,-15.5065,4822.74,-3768.76,-1387.41,-0.0482454,0.0221281,-13.953,3494.81,4030.6,-749.179,0.134021,0.0286471,-15.5896
9.559,34.7107,-18.6351,4.99217,-0.603587,-2.26554,2.09763,-0.54202,-0.0136079,-0.00109291,2760.56,1,0.0588396,0,0.5,-0.330944,-0.261467,0.000927773,-0.00163027,0.0991107,0.0814239,0.101663,0.0843953,4632.01,-3568.26,-2673.35,-0.0554068,0.0818795,-15.1784,3541.3,3784.95,84.1438,0.0808498,-0.0262924,-15.4973,4824.33,-3846.14,-1378.82,-0.0497772,0.0221601,-13.9237,3494.21,4028.81,-754.027,0.13414,0.0288578,-15.5733
9.569,34.6645,-18.6151,4.99215,-0.603647,-2.31306,2.20299,-0.54215,-0.0136074,-0.00109378,2760.5,1,0.0588636,0,0.5,-0.330962,-0.26147,0.000927171,-0.00163061,0.0991062,0.0814214,0.101663,0.084396,4629.97,-3587.95,-2650.27,-0.0559705,0.0816035,-15.1729,3541.95,3794.23,84.6338,0.0814652,-0.0264809,-15.5021,4823.71,-3798.72,-1384.11,-0.0488249,0.0221383,-13.9395,3493.96,4032.36,-743.733,0.134528,0.0285274,-15.5809
9.579,34.6184,-18.595,4.99216,-0.603655,-2.41825,2.23855,-0.542091,-0.0136075,-0.00109462,2760.41,1,0.0589062,0,0.5,-0.330983,-0.261476,0.000928384,-0.00163044,0.0991037,0.0814192,0.101664,0.0843963,4626.61,-3609.73,-2623.15,-0.0566142,0.0812742,-15.1691,3543.11,3797.74,94.1549,0.0816858,-0.026789,-15.5053,4822.32,-3788.05,-1365.99,-0.0484842,0.0217941,-13.9579,3495.04,4038.35,-737.028,0.135961,0.0285013,-15.5757
9.589,34.5724,-18.5746,4.9921,-0.603602,-2.27765,2.08345,-0.541835,-0.0136073,-0.00109527,2760.63,1,0.058897,0,0.5,-0.330988,-0.261475,0.000931368,-0.00163021,0.0991018,0.0814174,0.101664,0.0843967,4631.87,-3561.84,-2675.73,-0.0551641,0.0817575,-15.1769,3541.62,3782.65,89.4606,0.0806932,-0.0263842,-15.4992,4823.57,-3722.19,-1396.55,-0.0473516,0.0221755,-13.9574,3493.62,4034.06,-745.065,0.135726,0.0287844,-15.5667
9.599,34.5265,-18.5539,4.9923,-0.603682,-2.40681,2.0786,-0.542046,-0.0136075,-0.00109621,2760.5,1,0.0588699,0,0.5,-0.330959,-0.261457,0.000927278,-0.00163006,0.0990965,0.0814154,0.101663,0.0843969,4632.94,-3569.83,-2665.54,-0.0553155,0.0815255,-15.1792,3541.05,3783.24,82.6178,0.0807391,-0.0262223,-15.4958,4823.97,-3741.85,-1395.93,-0.0477381,0.0222092,-13.9502,3493.44,4033.12,-748.082,0.135789,0.0289143,-15.5545
9.609,34.4808,-18.533,4.99224,-0.603687,-2.28601,2.06101,-0.542023,-0.0136083,-0.00109706,2760.52,1,0.0588564,0,0.5,-0.330992,-0.261471,0.000932104,-0.00163072,0.0990943,0.0814124,0.101663,0.0843969,4633.41,-3582.43,-2660.55,-0.055775,0.0817484,-15.1778,3541.32,3788.27,78.2453,0.0810515,-0.0262011,-15.4969,4825.59,-3751.75,-1408.16,-0.0480078,0.0224443,-13.9329,3492.28,4029.65,-753.154,0.135411,0.0290548,-15.5629
9.619,34.4351,-18.5119,4.9925,-0.603839,-2.64963,2.21265,-0.54262,-0.0136089,-0.00109809,2760.5,1,0.0588807,0,0.5,-0.330959,-0.261454,0.000924703,-0.00163122,0.0990897,0.0814094,0.101663,0.0843968,4630.1,-3632.13,-2611.59,-0.0573156,0.0814428,-15.1717,3542.98,3811.31,79.4004,0.0826051,-0.0266718,-15.5028,4824.27,-3852.72,-1373.34,-0.049875,0.0220779,-13.926,3493.53,4036.56,-740.909,0.136446,0.0287444,-15.5651
9.629,34.3896,-18.4906,4.99244,-0.603744,-2.51749,2.09686,-0.542396,-0.0136093,-0.00109898,2760.55,1,0.0588732,0,0.5,-0.330959,-0.261455,0.000925836,-0.00163065,0.0990879,0.0814066,0.101663,0.0843968,4632.06,-3615.24,-2632.13,-0.056826,0.081695,-15.1691,3542.66,3805.99,79.2135,0.0822345,-0.0265597,-15.506,4824.65,-3819.6,-1385.05,-0.0492553,0.0222027,-13.9295,3493.32,4034.11,-745.973,0.136049,0.0288769,-15.574
9.639,34.3441,-18.4689,4.99239,-0.603728,-2.58983,2.16116,-0.542189,-0.0136096,-0.0011,2760.48,1,0.0589222,0,0.5,-0.330976,-0.26147,0.000929902,-0.00163048,0.0990866,0.0814033,0.101665,0.0843967,4628.74,-3629.18,-2610.35,-0.0572085,0.0813218,-15.1712,3543.9,3811.31,86.3367,0.082575,-0.0268405,-15.5034,4822.59,-3824.96,-1363.48,-0.0492332,0.021838,-13.95,3494.36,4042.54,-730.45,0.137597,0.0285213,-15.5624
9.649,34.2988,-18.4471,4.99239,-0.603694,-2.38849,1.97227,-0.542172,-0.0136091,-0.001101,2760.56,1,0.0588719,0,0.5,-0.330955,-0.261457,0.000929106,-0.00163105,0.0990845,0.0814016,0.101665,0.0843969,4633.7,-3579.16,-2664.73,-0.0556898,0.0818123,-15.1713,3540.57,3785.68,68.0779,0.0808723,-0.0258893,-15.5042,4825.48,-3653.8,-1428.52,-0.0462029,0.0225744,-13.9548,3492.17,4026.05,-758.625,0.134505,0.0291122,-15.5653
9.659,34.2536,-18.425,4.9924,-0.603764,-2.52768,2.04988,-0.542005,-0.0136093,-0.00110216,2760.52,1,0.0589166,0,0.5,-0.330962,-0.26146,0.000928041,-0.00163186,0.0990815,0.0813981,0.101666,0.0843976,4630.95,-3592.49,-2645.16,-0.0560542,0.081493,-15.1774,3543.02,3792.47,86.4745,0.0812709,-0.026474,-15.4977,4824.35,-3655.48,-1409.45,-0.0461124,0.0222465,-13.9698,3492.7,4036.47,-741.074,0.136896,0.0288319,-15.5548
9.669,34.2085,-18.4027,4.9925,-0.60382,-2.48499,1.87284,-0.542126,-0.0136098,-0.00110333,2760.64,1,0.058886,0,0.5,-0.330948,-0.261439,0.000925561,-0.00163076,0.0990771,0.0813951,0.101665,0.0843977,4635.73,-3566.43,-2677.67,-0.0552678,0.0818688,-15.1777,3540.14,3776.87,66.2694,0.0802796,-0.0256768,-15.4977,4827.61,-3515.11,-1471.25,-0.0438446,0.0230078,-13.9634,3490.15,4024.01,-763.052,0.135187,0.0294162,-15.5556
9.679,34.1636,-18.3801,4.99257,-0.603878,-2.83742,2.04899,-0.542055,-0.0136111,-0.00110464,2760.56,1,0.0589778,0,0.5,-0.330958,-0.26144,0.000925511,-0.00163066,0.0990729,0.0813907,0.101666,0.0843978,4630.27,-3636.93,-2601.25,-0.0573548,0.0811199,-15.1735,3543.1,3816.36,73.3343,0.0829377,-0.0266044,-15.5011,4823.21,-3703.62,-1387.71,-0.0469187,0.0219771,-13.9749,3492.82,4048.72,-719.179,0.140462,0.0285574,-15.5386
9.689,34.1187,-18.3573,4.9926,-0.60383,-2.74232,1.95902,-0.54216,-0.0136117,-0.00110577,2760.73,1,0.058949,0,0.5,-0.330965,-0.261448,0.000924914,-0.00163061,0.0990729,0.0813884,0.101667,0.0843978,4631,-3625.42,-2620.57,-0.0571315,0.0815757,-15.1681,3542.37,3811.29,75.0007,0.0826236,-0.0265593,-15.5086,4824.9,-3681.7,-1409.9,-0.0466217,0.0223116,-13.9618,3491.9,4040.47,-735.212,0.138708,0.028911,-15.5484
9.699,34.074,-18.3343,4.99266,-0.60379,-2.7794,1.91044,-0.542111,-0.0136112,-0.00110675,2760.75,1,0.0589491,0,0.5,-0.330964,-0.261446,0.000926289,-0.00163079,0.0990726,0.0813869,0.101667,0.0843974,4630.91,-3615.89,-2630.72,-0.0568718,0.0817011,-15.1771,3541.84,3806.7,74.0887,0.0823205,-0.0264503,-15.4991,4823.74,-3723.98,-1397.11,-0.0473893,0.0221888,-13.9591,3492.53,4042.13,-732.891,0.138902,0.0288473,-15.5356
9.709,34.0294,-18.3111,4.99254,-0.603798,-2.64841,1.98438,-0.542238,-0.0136104,-0.00110784,2760.71,1,0.0589421,0,0.5,-0.330972,-0.261443,0.000926653,-0.00163038,0.0990693,0.0813842,0.101668,0.0843978,4630.87,-3619.27,-2628.4,-0.0569878,0.0817216,-15.1647,3542.98,3807.82,83.239,0.0823678,-0.0266992,-15.5127,4823.69,-3692.1,-1402.61,-0.0467936,0.0222121,-13.9648,3492.73,4039.86,-736.414,0.138027,0.0288392,-15.5759
9.719,33.9849,-18.2876,4.99263,-0.603753,-2.69396,1.97601,-0.542358,-0.013609,-0.00110852,2760.83,1,0.0589329,0,0.5,-0.330979,-0.261442,0.000925468,-0.00163072,0.0990681,0.0813835,0.101666,0.0843973,4629.11,-3616.48,-2630.33,-0.0569546,0.0817822,-15.1684,3543.29,3807.11,90.2409,0.0823314,-0.0268703,-15.5098,4822.8,-3770.21,-1381.69,-0.0482295,0.022029,-13.9542,3494.11,4038.92,-739.413,0.13715,0.0288014,-15.5716
9.729,33.9405,-18.2638,4.99272,-0.603719,-2.66248,1.96642,-0.542331,-0.0136071,-0.0011091,2760.83,1,0.0588971,0,0.5,-0.330977,-0.261434,0.000924532,-0.00163035,0.0990661,0.081383,0.101665,0.0843973,4629,-3604.25,-2635.94,-0.0564971,0.0815822,-15.1713,3542.05,3800.62,81.9432,0.0819034,-0.0265336,-15.5072,4823.17,-3795.36,-1383.16,-0.0487568,0.0221152,-13.9427,3494.28,4035.49,-743.878,0.135915,0.0287654,-15.5718
9.739,33.8963,-18.2399,4.99285,-0.603844,-3.01097,2.13376,-0.54263,-0.0136059,-0.0011096,2760.77,1,0.0589587,0,0.5,-0.331002,-0.261446,0.00092716,-0.00162577,0.0990634,0.0813813,0.101665,0.0843982,4624.66,-3627.73,-2606.53,-0.0572165,0.081257,-15.1793,3544.84,3812.37,98.4374,0.0826545,-0.0271777,-15.4988,4819.6,-3902.39,-1329.4,-0.0506855,0.0214341,-13.9495,3496.16,4049.65,-719.109,0.138767,0.0282558,-15.5591
9.749,33.8522,-18.2157,4.9928,-0.603755,-2.7811,1.92609,-0.542191,-0.0136053,-0.00111015,2760.71,1,0.0589258,0,0.5,-0.330993,-0.261431,0.000925526,-0.0016307,0.0990583,0.0813795,0.101664,0.0843991,4630.87,-3598.88,-2643.76,-0.0563188,0.0816759,-15.1773,3542.13,3799.16,85.7438,0.0818128,-0.0266059,-15.5004,4822.17,-3817.46,-1366.98,-0.0491102,0.0218846,-13.9494,3494.21,4044.09,-729.12,0.138362,0.0285967,-15.5541
9.759,33.8082,-18.1912,4.99278,-0.60377,-2.70527,1.91228,-0.542274,-0.0136055,-0.00111065,2760.76,1,0.0589112,0,0.5,-0.331013,-0.261438,0.00092556,-0.00163216,0.099056,0.081378,0.101664,0.0843992,4630.84,-3590.93,-2650.08,-0.056067,0.0816786,-15.1709,3541.92,3792.57,87.2824,0.081361,-0.0265178,-15.5071,4823.44,-3718.57,-1399.66,-0.0473046,0.0222229,-13.9558,3492.9,4037.33,-740.458,0.137151,0.0288496,-15.5585
9.769,33.7644,-18.1666,4.99284,-0.603753,-2.88914,1.94075,-0.542222,-0.0136055,-0.00111113,2760.78,1,0.0589586,0,0.5,-0.331017,-0.261438,0.000925102,-0.00163112,0.0990544,0.0813763,0.101663,0.0843992,4627.62,-3612,-2624.5,-0.0567014,0.0813895,-15.1728,3542.83,3803.08,90.2533,0.0820712,-0.026796,-15.5057,4821.66,-3800.84,-1363.72,-0.0487446,0.0217877,-13.9587,3494.1,4047.08,-723.222,0.139248,0.0285107,-15.5507
9.779,33.7206,-18.1417,4.99282,-0.603702,-2.79049,1.90054,-0.542061,-0.0136058,-0.00111166,2760.79,1,0.0589403,0,0.5,-0.331022,-0.261436,0.000927512,-0.00163102,0.099053,0.0813749,0.101664,0.0843995,4628.12,-3603.96,-2631.03,-0.0564308,0.0813717,-15.1764,3543.09,3795.61,93.5862,0.0815291,-0.0267258,-15.5019,4822.18,-3813.21,-1368.21,-0.0490305,0.021896,-13.949,3493.63,4045.12,-726.526,0.138915,0.0285897,-15.5581
9.789,33.677,-18.1166,4.99265,-0.603632,-2.46217,1.83223,-0.541795,-0.0136062,-0.00111216,2760.88,1,0.0589025,0,0.5,-0.331064,-0.26145,0.000935577,-0.00163072,0.0990525,0.0813733,0.101664,0.0843988,4631.48,-3580.07,-2660.28,-0.0557288,0.0817275,-15.1762,3541.68,3788.19,88.0744,0.0810712,-0.0264543,-15.5033,4824.3,-3762.04,-1397.27,-0.0481563,0.0222807,-13.9417,3492.56,4037.12,-740.785,0.137293,0.0288884,-15.5562
9.799,33.6336,-18.0912,4.99302,-0.603904,-2.95196,1.95105,-0.542798,-0.0136065,-0.00111284,2760.84,1,0.0589202,0,0.5,-0.331005,-0.261421,0.000926086,-0.00162892,0.0990476,0.0813723,0.101663,0.0843988,4630.56,-3599.94,-2641.05,-0.0563276,0.0816052,-15.1755,3541.71,3794.88,86.8169,0.0815404,-0.0265597,-15.503,4823.34,-3746.74,-1391.91,-0.0478178,0.0221521,-13.9528,3492.96,4037.82,-739.306,0.137207,0.0288138,-15.553
9.809,33.5903,-18.0657,4.993,-0.603833,-2.71603,1.86552,-0.542578,-0.0136071,-0.0011136,2760.72,1,0.0588588,0,0.5,-0.331007,-0.26142,0.00092635,-0.00163096,0.0990443,0.0813696,0.101663,0.0843986,4633.2,-3589.81,-2655.24,-0.0560202,0.081788,-15.1737,3541.76,3789.31,83.676,0.0811219,-0.0263579,-15.5035,4825.41,-3760.41,-1409.78,-0.048202,0.0224954,-13.9307,3491.8,4030.96,-750.503,0.135942,0.0290457,-15.5716
9.819,33.5471,-18.0398,4.99296,-0.603714,-2.66052,1.79548,-0.54213,-0.0136078,-0.00111436,2760.75,1,0.0588716,0,0.5,-0.33101,-0.261422,0.000927328,-0.00163069,0.0990428,0.0813663,0.101663,0.0843981,4632.3,-3612.09,-2633.62,-0.0566984,0.0816352,-15.1709,3542.79,3801.92,83.4611,0.0819504,-0.0265832,-15.5069,4825.32,-3827.81,-1388.36,-0.0494442,0.0222804,-13.9247,3492.9,4035.95,-742.629,0.136739,0.0288651,-15.5646
9.829,33.504,-18.0138,4.99299,-0.603816,-2.71651,1.91229,-0.542327,-0.0136084,-0.00111495,2761.02,1,0.0588679,0,0.5,-0.331006,-0.26142,0.000927651,-0.00163142,0.0990438,0.0813649,0.101662,0.0843983,4629.63,-3616.12,-2620.68,-0.0567536,0.0812809,-15.1738,3542.59,3803.3,76.6402,0.0820297,-0.0264344,-15.5062,4826.2,-3869.61,-1387.52,-0.050323,0.0223704,-13.9054,3492.09,4035.67,-742.616,0.13706,0.0289236,-15.578
9.839,33.4611,-17.9876,4.99317,-0.603833,-3.01558,1.91604,-0.542603,-0.0136089,-0.0011156,2760.96,1,0.0589096,0,0.5,-0.331009,-0.261425,0.000926776,-0.00163046,0.0990422,0.0813628,0.101663,0.0843973,4627.99,-3642.95,-2599,-0.0576712,0.0813478,-15.1779,3544.11,3820.15,88.4084,0.0832322,-0.027079,-15.5008,4822.43,-3975.05,-1333.77,-0.0523016,0.0216937,-13.916,3494.91,4045.53,-726.067,0.138269,0.0284566,-15.5545
9.849,33.4183,-17.9611,4.99309,-0.603724,-2.79434,1.85235,-0.542288,-0.0136089,-0.00111629,2760.91,1,0.0588754,0,0.5,-0.331016,-0.261439,0.000929976,-0.00163193,0.0990418,0.0813611,0.101664,0.0843973,4628.58,-3640.83,-2601.33,-0.0575938,0.0813503,-15.1757,3543.56,3818.43,84.1077,0.0831188,-0.0269328,-15.5027,4823.5,-3970,-1347.19,-0.0522804,0.0219207,-13.9048,3494.34,4042.28,-732.312,0.137757,0.0286212,-15.563
9.859,33.3757,-17.9344,4.99307,-0.603703,-2.74051,1.8168,-0.542305,-0.0136083,-0.00111694,2760.97,1,0.0588748,0,0.5,-0.331008,-0.261433,0.000929933,-0.00163073,0.0990405,0.0813597,0.101665,0.0843976,4629.52,-3624.14,-2619.02,-0.0570968,0.0815152,-15.173,3543.02,3810.93,80.9795,0.0825816,-0.0266993,-15.5062,4823.78,-3910.29,-1364.16,-0.0510692,0.0220659,-13.917,3494.11,4038.37,-738.806,0.136758,0.0287104,-15.5734
9.869,33.3332,-17.9075,4.99309,-0.603779,-2.75358,1.83565,-0.542441,-0.0136078,-0.00111751,2760.99,1,0.0588727,0,0.5,-0.331011,-0.261433,0.000929336,-0.00163049,0.0990391,0.0813582,0.101665,0.0843977,4629.99,-3615.1,-2627.18,-0.0568041,0.0815408,-15.173,3542.75,3805.43,81.2791,0.0821983,-0.0266012,-15.5071,4824.5,-3824.59,-1387.86,-0.0493869,0.0222669,-13.9251,3493.33,4034.28,-745.889,0.136116,0.0288845,-15.5692
9.879,33.2908,-17.8803,4.99317,-0.603645,-2.69488,1.64808,-0.542171,-0.0136073,-0.00111805,2761.01,1,0.0588578,0,0.5,-0.330998,-0.261418,0.000928538,-0.00163032,0.0990366,0.0813571,0.101664,0.0843975,4631.82,-3618.48,-2634.6,-0.0570242,0.0819534,-15.1738,3542.32,3806.22,78.6729,0.0822732,-0.0265495,-15.5062,4825.05,-3901.76,-1375.45,-0.0509507,0.0222425,-13.9049,3493.65,4033.41,-748.916,0.135947,0.0289723,-15.5722
9.889,33.2486,-17.8529,4.9931,-0.603676,-2.66961,1.85241,-0.542128,-0.0136074,-0.0011185,2761.06,1,0.0588496,0,0.5,-0.331017,-0.261435,0.000930514,-0.00163052,0.0990362,0.0813555,0.101664,0.0843979,4627.83,-3628.96,-2601.76,-0.0570821,0.0809409,-15.173,3542.92,3813.68,75.2427,0.0827612,-0.0266007,-15.5074,4824.48,-3922.74,-1363.51,-0.0513282,0.0220844,-13.9067,3493.86,4038.17,-737.857,0.136648,0.0286565,-15.5826
9.899,33.2065,-17.8253,4.99319,-0.603684,-2.79697,1.77334,-0.542212,-0.0136073,-0.00111888,2761.07,1,0.0588782,0,0.5,-0.331025,-0.261434,0.000928289,-0.00163096,0.0990348,0.081355,0.101665,0.0843978,4628.41,-3619.66,-2619.39,-0.056936,0.0814059,-15.177,3543.24,3809.24,87.1816,0.082475,-0.0268293,-15.5035,4823.41,-3866.21,-1366.3,-0.0501248,0.0219899,-13.9301,3494.33,4037.62,-739.514,0.136345,0.0286671,-15.5662
9.909,33.1646,-17.7975,4.9932,-0.603685,-2.75777,1.67558,-0.542207,-0.0136074,-0.00111936,2760.99,1,0.0588784,0,0.5,-0.331008,-0.261409,0.000924332,-0.00163139,0.0990325,0.0813543,0.101665,0.0843979,4631.07,-3593.1,-2645.59,-0.0560828,0.0815329,-15.1737,3541.21,3792.71,77.8877,0.0813729,-0.0262753,-15.5072,4823.9,-3760.82,-1392.49,-0.0481006,0.0221941,-13.9479,3493.68,4032.97,-746.731,0.135387,0.0287914,-15.5779
9.919,33.1228,-17.7695,4.99317,-0.60371,-2.75617,1.78681,-0.542256,-0.0136078,-0.00111968,2761.09,1,0.0588757,0,0.5,-0.331049,-0.261441,0.000928952,-0.00163103,0.0990332,0.0813528,0.101665,0.0843977,4628.55,-3606.66,-2631.15,-0.0565371,0.0814662,-15.1739,3542.91,3800.41,91.9806,0.08188,-0.0267849,-15.5081,4823.5,-3870.18,-1365.87,-0.0502062,0.0219921,-13.9267,3494.11,4036.17,-741.383,0.135993,0.0286825,-15.5822
9.929,33.0812,-17.7412,4.99321,-0.60374,-2.80192,1.84029,-0.542489,-0.0136079,-0.00112002,2761.08,1,0.0588747,0,0.5,-0.331064,-0.261444,0.000929758,-0.00163046,0.0990317,0.081352,0.101665,0.0843972,4628.05,-3620.71,-2618.86,-0.0569838,0.0814395,-15.1716,3543.03,3806.96,92.0029,0.0823503,-0.0269213,-15.5102,4823.02,-3890.8,-1356.52,-0.0505883,0.0218787,-13.9278,3494.76,4035.57,-741.562,0.135367,0.0285799,-15.5849
9.939,33.0397,-17.7128,4.99326,-0.603645,-2.66698,1.69386,-0.542342,-0.0136076,-0.00112026,2761.15,1,0.0588361,0,0.5,-0.331036,-0.26142,0.000927321,-0.00163062,0.0990303,0.0813522,0.101664,0.0843968,4630.94,-3592.57,-2650.07,-0.0561379,0.0817361,-15.1722,3541.56,3792.73,90.6655,0.081416,-0.0266152,-15.5099,4824.23,-3871.86,-1375.06,-0.0503051,0.0221594,-13.9187,3494.55,4027.3,-755.903,0.133539,0.0288255,-15.5919
9.949,32.9984,-17.6841,4.99334,-0.603715,-2.82035,1.79697,-0.542625,-0.0136075,-0.00112046,2761.16,1,0.0588465,0,0.5,-0.331049,-0.261428,0.000925366,-0.00163085,0.0990304,0.0813515,0.101664,0.0843967,4627.88,-3611.3,-2626.72,-0.0566955,0.081461,-15.1694,3542.6,3802.02,91.3925,0.0820168,-0.0268088,-15.5132,4823.26,-3913.97,-1355.54,-0.0510881,0.0219211,-13.9187,3495.27,4030.66,-749.138,0.133816,0.0286074,-15.5943
9.959,32.9572,-17.6552,4.99347,-0.603857,-3.20187,1.96303,-0.54318,-0.0136073,-0.00112061,2761.14,1,0.0589074,0,0.5,-0.331071,-0.261439,0.000927314,-0.00163033,0.0990301,0.0813505,0.101665,0.0843966,4622.02,-3649.79,-2579.96,-0.0578664,0.0809558,-15.173,3544.57,3818.46,95.9053,0.0831163,-0.0272448,-15.5092,4819.78,-4010.97,-1302.66,-0.0529202,0.0212357,-13.9267,3497.42,4043.62,-727.271,0.135936,0.0281026,-15.5859
9.969,32.9162,-17.626,4.99297,-0.60343,-2.39629,1.74021,-0.541531,-0.0136076,-0.00112074,2761.07,1,0.0588684,0,0.5,-0.331184,-0.261493,0.000945969,-0.00163092,0.0990316,0.0813481,0.101668,0.0843964,4625.99,-3626.24,-2605.46,-0.0570828,0.0810931,-15.1759,3544.6,3800.55,98.2377,0.081802,-0.0269242,-15.5055,4823.62,-3881.18,-1361.32,-0.0504057,0.0219376,-13.9267,3495.03,4033.42,-744.961,0.134656,0.0285898,-15.5805
9.979,32.8753,-17.5967,4.99339,-0.603636,-2.78135,1.65952,-0.542299,-0.0136072,-0.00112114,2761.15,1,0.0588509,0,0.5,-0.331039,-0.261414,0.000925374,-0.0016313,0.0990267,0.0813489,0.101664,0.0843972,4629.81,-3605.89,-2635.21,-0.0565293,0.0815773,-15.1722,3542.43,3799.93,86.8208,0.081851,-0.0266398,-15.51,4823.55,-3889.39,-1361,-0.0505845,0.0219536,-13.9238,3494.99,4031.53,-749.005,0.134336,0.028692,-15.5891
9.989,32.8346,-17.5671,4.99338,-0.603606,-2.74956,1.70276,-0.542341,-0.0136075,-0.00112139,2761.14,1,0.0588427,0,0.5,-0.331056,-0.261425,0.000928981,-0.00163046,0.0990274,0.0813486,0.101665,0.0843965,4627.76,-3613.27,-2623.89,-0.0567426,0.0814042,-15.1751,3542.74,3799.86,90.3604,0.0818433,-0.0267315,-15.5076,4823.38,-3859.56,-1366.19,-0.0499805,0.0219709,-13.9331,3495.3,4027.95,-751.894,0.132955,0.0285664,-15.584
9.999,32.794,-17.5374,4.99348,-0.603675,-2.74822,1.70978,-0.542662,-0.0136077,-0.00112164,2761.17,1,0.0588005,0,0.5,-0.331057,-0.261433,0.000928053,-0.00163079,0.0990274,0.0813485,0.101664,0.0843965,4629.84,-3594,-2646.95,-0.0561837,0.0816912,-15.1793,3541.9,3793.54,89.8789,0.081447,-0.026609,-15.5037,4823.88,-3920.71,-1361.63,-0.0512784,0.0220473,-13.9108,3495.28,4023.56,-760.027,0.132111,0.0287336,-15.5936
10.009,32.7536,-17.5074,4.99349,-0.603643,-2.72535,1.62755,-0.542385,-0.0136082,-0.001122,2761.08,1,0.0588083,0,0.5,-0.331036,-0.261413,0.000927079,-0.0016314,0.0990242,0.081347,0.101665,0.0843969,4631.46,-3600.7,-2642.53,-0.0563592,0.0816629,-15.1757,3542.11,3795.86,87.6911,0.081585,-0.0265874,-15.5056,4824.79,-3896.36,-1370.23,-0.0507915,0.022134,-13.9132,3494.79,4025.53,-757.83,0.132893,0.0287867,-15.5877
10.019,32.7133,-17.4772,4.99353,-0.603711,-2.82661,1.64936,-0.542638,-0.0136091,-0.00112237,2761.08,1,0.0588275,0,0.5,-0.331022,-0.2614,0.00092519,-0.00163217,0.0990226,0.0813458,0.101666,0.0843968,4630.92,-3597.39,-2644.19,-0.0562554,0.0816404,-15.1744,3541.85,3794.12,87.1822,0.0814767,-0.0265457,-15.5076,4824.2,-3843.88,-1375.14,-0.0497008,0.0220881,-13.932,3494.7,4025.96,-756.439,0.132944,0.0287431,-15.5901
10.029,32.6732,-17.4468,4.99349,-0.603691,-2.54802,1.53876,-0.54255,-0.01361,-0.0011227,2761.13,1,0.0587682,0,0.5,-0.331021,-0.261402,0.000927912,-0.00163058,0.0990228,0.0813446,0.101666,0.0843963,4635.2,-3553.13,-2690.81,-0.054909,0.0820251,-15.1763,3540.17,3769.04,80.8775,0.0798087,-0.0259108,-15.506,4827.79,-3673.38,-1446.9,-0.0466902,0.022936,-13.9301,3492.07,4007.02,-785.745,0.129986,0.0293617,-15.5911
10.039,32.6333,-17.4162,4.99357,-0.603693,-2.80048,1.5893,-0.54238,-0.013611,-0.00112313,2761.11,1,0.0588238,0,0.5,-0.331024,-0.261407,0.000928852,-0.00163044,0.0990222,0.0813425,0.101666,0.0843963,4631.05,-3611.13,-2632.06,-0.0566702,0.0815773,-15.1787,3542.46,3801.04,86.0752,0.0819255,-0.0266427,-15.5027,4824.65,-3931.62,-1364.13,-0.0515296,0.0221192,-13.91,3494.61,4030.75,-749.452,0.134226,0.0286936,-15.5891
10.049,32.5935,-17.3854,4.99362,-0.603726,-2.89442,1.57261,-0.542541,-0.013612,-0.00112354,2761.22,1,0.0588437,0,0.5,-0.331019,-0.261401,0.000926701,-0.00163072,0.0990218,0.0813409,0.101667,0.0843961,4631.42,-3621.57,-2625.38,-0.0570187,0.0816445,-15.1749,3542.2,3807.66,80.7776,0.0823998,-0.0266411,-15.5077,4824.57,-3904.6,-1366.4,-0.0509459,0.0220873,-13.9185,3494.59,4031.12,-748.439,0.134267,0.0286617,-15.5832
10.059,32.5539,-17.3543,4.9935,-0.603671,-2.56683,1.42299,-0.542225,-0.0136128,-0.00112397,2761.22,1,0.0588094,0,0.5,-0.331012,-0.261399,0.0009315,-0.00163085,0.099021,0.0813396,0.101669,0.0843959,4636.51,-3568.4,-2682.55,-0.0554048,0.0821532,-15.1855,3540.01,3777.13,72.1099,0.0803337,-0.0258359,-15.4964,4827.84,-3658.49,-1449.03,-0.046411,0.0229384,-13.9386,3491.45,4012.88,-778.605,0.131688,0.0293954,-15.5645
10.069,32.5145,-17.3231,4.99359,-0.603788,-2.94047,1.54794,-0.542408,-0.0136142,-0.00112471,2761.07,1,0.0588842,0,0.5,-0.331029,-0.261405,0.000928001,-0.00162964,0.0990189,0.0813363,0.10167,0.084396,4631.64,-3623.11,-2622.66,-0.0570347,0.0815638,-15.176,3542.76,3807.3,84.0401,0.0823492,-0.0267111,-15.5053,4823.47,-3794.39,-1377.39,-0.0486849,0.0220076,-13.9539,3494.06,4035.68,-740.381,0.135629,0.0285828,-15.5797
10.079,32.4752,-17.2916,4.99368,-0.603738,-2.94982,1.47418,-0.542353,-0.0136152,-0.00112524,2761.17,1,0.0588708,0,0.5,-0.331027,-0.261402,0.000925801,-0.00163059,0.0990201,0.081335,0.101671,0.0843953,4630.32,-3614.55,-2625.32,-0.0567364,0.0814148,-15.1775,3541.88,3803.86,78.3366,0.0821318,-0.0265012,-15.5044,4823.93,-3809.17,-1375.85,-0.0489739,0.0220144,-13.9463,3494.08,4033.25,-745.61,0.13516,0.0287067,-15.573
10.089,32.4361,-17.26,4.99353,-0.603702,-2.84977,1.54497,-0.542181,-0.0136157,-0.00112577,2761.26,1,0.0588871,0,0.5,-0.331054,-0.261426,0.000931872,-0.00163041,0.0990217,0.081333,0.101672,0.0843951,4628.88,-3616.4,-2622.36,-0.0568205,0.0814039,-15.1732,3543.22,3805.77,90.4928,0.0822391,-0.0268456,-15.5105,4823.1,-3827.21,-1367.19,-0.0493013,0.021908,-13.9466,3494.25,4036.43,-739.969,0.135844,0.0286016,-15.5812
10.099,32.3971,-17.2281,4.99356,-0.603701,-2.69569,1.45705,-0.542162,-0.0136151,-0.0011262,2761.33,1,0.058842,0,0.5,-0.331038,-0.261404,0.000928102,-0.00163099,0.0990205,0.0813332,0.101672,0.0843951,4632.71,-3578.59,-2661.96,-0.055647,0.0817036,-15.1787,3540.43,3785.97,75.3159,0.080937,-0.0260868,-15.5052,4826.23,-3677.26,-1428.27,-0.0466504,0.0226212,-13.9498,3492.18,4022.84,-761.959,0.133477,0.0290628,-15.5775
10.109,32.3583,-17.1961,4.99364,-0.603747,-2.87992,1.48913,-0.542322,-0.0136151,-0.00112675,2761.24,1,0.0588726,0,0.5,-0.331031,-0.26139,0.000924918,-0.00163454,0.0990185,0.0813315,0.101672,0.0843953,4629.33,-3591.14,-2641.1,-0.0559794,0.0813161,-15.1763,3543.1,3791.44,87.738,0.0811978,-0.0264774,-15.508,4823.86,-3801.49,-1381.68,-0.0488607,0.0221007,-13.9445,3493.87,4034.16,-744.325,0.135535,0.0287214,-15.5989
10.119,32.3197,-17.1638,4.9937,-0.60379,-3.01987,1.57074,-0.542634,-0.0136151,-0.00112709,2761.31,1,0.0588859,0,0.5,-0.331072,-0.261418,0.000928199,-0.00163017,0.0990188,0.0813304,0.101673,0.084394,4627.14,-3620.51,-2617.37,-0.0569807,0.0813998,-15.1732,3543.29,3805.57,94.1793,0.0822407,-0.0269446,-15.5111,4822.04,-3867,-1350.3,-0.0500369,0.0217093,-13.9464,3495.73,4034.7,-742.418,0.13456,0.0284708,-15.5883
10.129,32.2813,-17.1313,4.99374,-0.6037,-2.88218,1.44944,-0.542441,-0.0136142,-0.00112741,2761.31,1,0.0588507,0,0.5,-0.331049,-0.2614,0.000925138,-0.00163092,0.0990175,0.0813305,0.101672,0.0843942,4629.58,-3597.02,-2643.24,-0.0562691,0.0816357,-15.1733,3542.48,3793.29,97.211,0.0814261,-0.0267854,-15.5115,4823.76,-3799.52,-1382.99,-0.0488315,0.0221195,-13.9423,3494.68,4027.12,-755.319,0.133321,0.0287649,-15.5915
10.139,32.243,-17.0986,4.99381,-0.603742,-2.97373,1.45353,-0.542555,-0.0136134,-0.00112764,2761.37,1,0.0588576,0,0.5,-0.33103,-0.261388,0.000926299,-0.00162846,0.0990169,0.0813306,0.101672,0.0843944,4628.99,-3592.26,-2646.46,-0.0561283,0.0816336,-15.1755,3541.99,3792.37,92.8106,0.0813713,-0.0266579,-15.5097,4823.26,-3822.15,-1375.47,-0.0492573,0.0220435,-13.9407,3494.96,4029.4,-751.071,0.133649,0.028655,-15.585
10.149,32.2049,-17.0658,4.99386,-0.603751,-3.01937,1.44098,-0.542639,-0.0136128,-0.00112782,2761.32,1,0.0588612,0,0.5,-0.331031,-0.261386,0.000924426,-0.00162894,0.0990157,0.0813304,0.101672,0.0843948,4628.94,-3584.92,-2651.45,-0.0558835,0.0815954,-15.1767,3541.82,3787.36,96.7558,0.0810489,-0.0266671,-15.5085,4822.88,-3806.77,-1376.11,-0.0489449,0.0220184,-13.9469,3494.84,4030.02,-750.155,0.133867,0.0286581,-15.5878
10.159,32.167,-17.0327,4.9936,-0.603611,-2.80412,1.49795,-0.542139,-0.013613,-0.00112788,2761.27,1,0.0588863,0,0.5,-0.33112,-0.261446,0.0009336,-0.00163015,0.0990173,0.081329,0.101673,0.0843945,4625.8,-3592.77,-2634.06,-0.056054,0.0811888,-15.1742,3543.12,3784.25,104.864,0.080782,-0.0267988,-15.512,4821.97,-3807.8,-1363.8,-0.0488853,0.0218045,-13.9553,3495.45,4033.06,-744.872,0.134263,0.0285175,-15.6016
10.169,32.1292,-16.9994,4.99389,-0.603685,-2.86899,1.35799,-0.542519,-0.0136125,-0.00112796,2761.35,1,0.0588237,0,0.5,-0.331051,-0.261399,0.000926246,-0.00163168,0.0990144,0.0813298,0.101671,0.0843949,4630.62,-3564.91,-2672.26,-0.0552787,0.0817644,-15.1768,3541.4,3777.21,100.626,0.0803868,-0.0265752,-15.508,4824.44,-3855.28,-1379.88,-0.0499808,0.0222023,-13.9217,3494.06,4025.21,-760.929,0.133502,0.0290172,-15.5889
10.179,32.0917,-16.966,4.99374,-0.603617,-2.62612,1.38833,-0.542119,-0.0136132,-0.00112797,2761.34,1,0.0587982,0,0.5,-0.331093,-0.261427,0.000933374,-0.00163065,0.0990147,0.0813286,0.101671,0.0843941,4631.97,-3563,-2676.57,-0.0552194,0.0818449,-15.1752,3540.97,3774.2,96.6149,0.080187,-0.0264166,-15.51,4825.76,-3817.43,-1398.92,-0.0493016,0.0224426,-13.9187,3493.33,4020.32,-765.581,0.132315,0.0289938,-15.5885
10.189,32.0543,-16.9323,4.99396,-0.603702,-2.96216,1.36534,-0.542535,-0.0136137,-0.00112809,2761.31,1,0.058833,0,0.5,-0.33104,-0.261394,0.000926429,-0.00162985,0.0990124,0.0813283,0.10167,0.084394,4629.73,-3583.49,-2652.53,-0.0558115,0.0815576,-15.1765,3541.64,3784.4,98.0805,0.0808599,-0.0266454,-15.5084,4823.68,-3884.71,-1365.06,-0.050513,0.0220146,-13.9261,3494.65,4028.99,-750.852,0.133585,0.0286384,-15.5919
10.199,32.017,-16.8984,4.99392,-0.603747,-2.99467,1.41567,-0.542547,-0.0136148,-0.0011282,2761.33,1,0.058853,0,0.5,-0.331053,-0.261405,0.000926066,-0.00163107,0.0990124,0.0813266,0.101671,0.0843937,4629.01,-3580.73,-2652.72,-0.0557151,0.0814927,-15.1755,3542.36,3783.4,103.065,0.0807657,-0.0267476,-15.5102,4822.9,-3856.58,-1360.95,-0.0498823,0.0218707,-13.9405,3494.92,4030.65,-746.878,0.133688,0.0285012,-15.598
10.209,31.98,-16.8644,4.99404,-0.603769,-3.16082,1.43798,-0.5429,-0.0136154,-0.00112829,2761.31,1,0.0588599,0,0.5,-0.331067,-0.261424,0.000926197,-0.00163321,0.099013,0.0813261,0.101672,0.0843927,4626.86,-3594.83,-2637.83,-0.0561707,0.0814071,-15.1806,3542.55,3790.76,105.859,0.08129,-0.0269733,-15.5052,4820.96,-3940.76,-1326.35,-0.051487,0.0214723,-13.938,3496.65,4034.49,-741.013,0.13382,0.0282868,-15.5901
10.219,31.9431,-16.8301,4.99406,-0.603693,-2.89844,1.29395,-0.542445,-0.0136156,-0.00112858,2761.23,1,0.058795,0,0.5,-0.331031,-0.261387,0.000926294,-0.0016302,0.0990112,0.0813253,0.101672,0.0843927,4631.68,-3559.52,-2677.16,-0.0550859,0.0817516,-15.1907,3540.93,3770.95,98.9741,0.0799782,-0.0264157,-15.4933,4824.47,-3871.6,-1372.9,-0.0502764,0.0221182,-13.9245,3494.55,4022.66,-760.672,0.132141,0.0287681,-15.5815
10.229,31.9064,-16.7957,4.99403,-0.603746,-2.83057,1.27814,-0.542552,-0.0136164,-0.00112914,2761.17,1,0.0587901,0,0.5,-0.331028,-0.261382,0.000925472,-0.00163007,0.0990092,0.0813229,0.101673,0.0843927,4633.66,-3555.33,-2685.56,-0.0549718,0.0819173,-15.1796,3540.28,3767.77,92.9568,0.0797744,-0.0262043,-15.5043,4825.64,-3731.44,-1411.85,-0.0476208,0.0224604,-13.9422,3493.38,4015.54,-771.651,0.131084,0.0290112,-15.5933
10.239,31.8699,-16.761,4.99404,-0.603728,-2.97461,1.26173,-0.542474,-0.013617,-0.00112964,2761.27,1,0.0588432,0,0.5,-0.331027,-0.26138,0.000925685,-0.00163084,0.0990087,0.0813216,0.101673,0.0843925,4631.54,-3580.18,-2660.56,-0.0557354,0.0817434,-15.1795,3541.24,3782.86,95.063,0.0807631,-0.0265399,-15.5053,4823.71,-3807.45,-1373.89,-0.048926,0.0219761,-13.948,3494.73,4027.36,-754.338,0.133272,0.0287182,-15.5857
10.249,31.8336,-16.7262,4.99413,-0.603726,-3.14821,1.26005,-0.542535,-0.0136173,-0.00113014,2761.33,1,0.0588643,0,0.5,-0.331025,-0.261375,0.00092534,-0.00163336,0.0990092,0.0813207,0.101674,0.0843926,4630.2,-3580.84,-2658.25,-0.0557714,0.0817134,-15.1867,3542.95,3783.22,117.811,0.0807935,-0.0271307,-15.4982,4822.36,-3828.57,-1362.38,-0.0493049,0.0218282,-13.9547,3495,4033.77,-738.521,0.133972,0.028227,-15.5676
10.259,31.7975,-16.6912,4.99393,-0.603731,-2.89954,1.33737,-0.542402,-0.0136178,-0.00113065,2761.34,1,0.0588515,0,0.5,-0.331045,-0.261395,0.000928848,-0.00163062,0.0990095,0.0813195,0.101675,0.0843925,4629.84,-3570.91,-2663.86,-0.0554336,0.0816202,-15.1769,3542.1,3778.22,107.597,0.0804452,-0.0267697,-15.5092,4823.63,-3736.62,-1390.56,-0.0475963,0.0221028,-13.9615,3494.28,4027.23,-752.952,0.133249,0.0286639,-15.599
10.269,31.7615,-16.656,4.99409,-0.603705,-2.74887,1.02998,-0.542245,-0.0136178,-0.00113111,2761.36,1,0.058814,0,0.5,-0.331018,-0.261368,0.00092668,-0.00163084,0.0990078,0.0813191,0.101676,0.0843925,4637.34,-3506.33,-2731.59,-0.0534607,0.0821467,-15.191,3537.09,3741.07,73.6442,0.0781243,-0.0252464,-15.4944,4827.06,-3566.69,-1461.57,-0.0447464,0.0229531,-13.9622,3491.7,4009.9,-782.319,0.130842,0.0293857,-15.5666
10.279,31.7258,-16.6206,4.99404,-0.603771,-2.99541,1.18432,-0.542225,-0.0136191,-0.00113187,2761.22,1,0.0588815,0,0.5,-0.331048,-0.261384,0.000927274,-0.00163077,0.0990055,0.0813154,0.101677,0.0843928,4631.48,-3578.36,-2659.53,-0.055639,0.0816265,-15.1788,3541.56,3780.4,99.3179,0.0805908,-0.0265977,-15.5058,4823.47,-3714.06,-1386.59,-0.047114,0.0219802,-13.9717,3493.91,4032.72,-746.168,0.135068,0.0287138,-15.5827
10.289,31.6902,-16.585,4.9941,-0.603814,-3.16954,1.23095,-0.542474,-0.0136201,-0.0011323,2761.46,1,0.0589089,0,0.5,-0.331058,-0.261386,0.000926732,-0.00163011,0.099006,0.081314,0.101677,0.0843925,4628.39,-3589.88,-2643.6,-0.0559939,0.0814294,-15.1798,3542.9,3790.59,104.891,0.0812463,-0.0269309,-15.5068,4822.17,-3803.22,-1360.05,-0.0487564,0.0217252,-13.9644,3494.8,4038.93,-735.079,0.136102,0.0284508,-15.5864
10.299,31.6548,-16.5492,4.99409,-0.603729,-2.88464,1.08105,-0.542154,-0.0136206,-0.00113272,2761.44,1,0.0588561,0,0.5,-0.331058,-0.261384,0.000929054,-0.00163081,0.0990061,0.0813133,0.101678,0.0843919,4634.08,-3550.7,-2691.66,-0.0548524,0.0820195,-15.1845,3539.74,3768.96,90.3616,0.07988,-0.0261664,-15.5017,4824.95,-3717.33,-1407.88,-0.0473164,0.022359,-13.9548,3493.17,4026.77,-755.107,0.133859,0.0288582,-15.5732
10.309,31.6196,-16.5133,4.99411,-0.603744,-2.82786,1.10041,-0.542312,-0.0136209,-0.00113335,2761.36,1,0.0588283,0,0.5,-0.331047,-0.261372,0.00092549,-0.00163075,0.099004,0.0813114,0.101678,0.0843913,4635.18,-3550.77,-2694.04,-0.0548587,0.0820908,-15.1761,3539.38,3768.72,89.885,0.0798854,-0.0261532,-15.51,4825.47,-3685.21,-1416.57,-0.0467318,0.0224354,-13.957,3493.14,4020.19,-764.438,0.132207,0.0289324,-15.5977
10.319,31.5845,-16.4771,4.99417,-0.603769,-3.04023,1.21651,-0.542573,-0.0136205,-0.00113379,2761.44,1,0.0588508,0,0.5,-0.331063,-0.261378,0.000925813,-0.00163029,0.0990038,0.0813102,0.101678,0.0843909,4628.95,-3576.53,-2658.3,-0.0556213,0.0816056,-15.1806,3542.66,3779.57,107.887,0.0805024,-0.0267927,-15.5061,4822.81,-3831.2,-1363.36,-0.0493604,0.0218504,-13.9503,3495.56,4027.16,-753.176,0.132653,0.0285627,-15.6024
10.329,31.5497,-16.4408,4.99424,-0.603728,-2.96103,1.1188,-0.542442,-0.0136198,-0.00113413,2761.51,1,0.0588244,0,0.5,-0.331049,-0.26137,0.000923247,-0.00162994,0.0990033,0.0813099,0.101677,0.0843908,4630.79,-3562.49,-2675.32,-0.0552165,0.0818131,-15.1801,3540.93,3775.14,100.094,0.0802729,-0.0265255,-15.5074,4823.91,-3812.02,-1379.56,-0.0490642,0.0220886,-13.9414,3495.04,4022.67,-761.083,0.131975,0.0287521,-15.5967
10.339,31.5151,-16.4043,4.99425,-0.603737,-2.89629,1.10109,-0.542375,-0.0136196,-0.0011344,2761.58,1,0.0588085,0,0.5,-0.331061,-0.261377,0.000925121,-0.00163088,0.0990031,0.0813089,0.101677,0.0843908,4632.68,-3552.85,-2683.77,-0.0548662,0.0817774,-15.1808,3539.99,3770.81,91.5116,0.0799954,-0.0262278,-15.5072,4824.65,-3820.86,-1387.47,-0.0493016,0.0222497,-13.9299,3494.46,4020.99,-764.294,0.131926,0.02887,-15.5939
10.349,31.4806,-16.3676,4.99433,-0.603796,-3.1158,1.18646,-0.542693,-0.0136193,-0.00113469,2761.51,1,0.0588244,0,0.5,-0.331076,-0.261387,0.000925158,-0.00163103,0.0990014,0.0813082,0.101678,0.0843909,4628.2,-3591.56,-2643.76,-0.0560764,0.0815117,-15.179,3542.05,3788.46,100.472,0.081131,-0.0267852,-15.5085,4822.89,-3905.8,-1351.19,-0.0508771,0.021822,-13.9279,3495.8,4028.07,-751.758,0.132754,0.028524,-15.5951
10.359,31.4464,-16.3307,4.99436,-0.603811,-3.14345,1.1979,-0.54283,-0.0136189,-0.00113486,2761.51,1,0.0588264,0,0.5,-0.331074,-0.261389,0.000923508,-0.00163115,0.0990003,0.0813079,0.101677,0.0843905,4627.58,-3589.7,-2643.6,-0.0560109,0.0814588,-15.1766,3542.19,3785.65,102.496,0.0809329,-0.0267811,-15.5111,4822.82,-3873.18,-1358.4,-0.0502223,0.0218676,-13.9349,3495.87,4024.8,-756.367,0.131913,0.0285561,-15.6015
10.369,31.4123,-16.2937,4.99439,-0.603791,-3.17713,1.16829,-0.542769,-0.0136184,-0.00113501,2761.49,1,0.0588355,0,0.5,-0.331069,-0.261391,0.000923048,-0.0016305,0.0989994,0.0813076,0.101677,0.084391,4627,-3589.05,-2641.44,-0.0559668,0.0813533,-15.1795,3542.27,3785.04,105.746,0.080902,-0.0268546,-15.5084,4822.4,-3875.2,-1355.15,-0.0502475,0.0218162,-13.9377,3496.05,4027.91,-751.401,0.132529,0.0284705,-15.6012
10.379,31.3785,-16.2564,4.99433,-0.603714,-2.99322,1.16314,-0.54259,-0.013618,-0.0011351,2761.53,1,0.0588077,0,0.5,-0.331067,-0.261388,0.000925585,-0.00163135,0.0989988,0.0813073,0.101676,0.0843909,4628.6,-3574.61,-2658.21,-0.0555467,0.0815413,-15.1763,3541.58,3778.9,102.836,0.080504,-0.026664,-15.5121,4823.43,-3889.91,-1362.36,-0.0506095,0.0219805,-13.9248,3495.42,4024.08,-757.889,0.131996,0.0286311,-15.6105
10.389,31.3448,-16.219,4.99439,-0.603682,-2.99678,1.18378,-0.542606,-0.0136176,-0.00113509,2761.55,1,0.0587858,0,0.5,-0.331053,-0.261379,0.000922886,-0.00163281,0.0989985,0.0813079,0.101675,0.0843894,4626.91,-3574.12,-2652.31,-0.0554858,0.0813087,-15.1825,3542.21,3774.53,110.701,0.0801993,-0.0267773,-15.506,4823.53,-3887.95,-1362.39,-0.0505647,0.0219753,-13.9262,3496.17,4017.02,-766.391,0.129895,0.028587,-15.6003
10.399,31.3113,-16.1815,4.99439,-0.60363,-2.83911,1.0658,-0.542468,-0.0136173,-0.00113515,2761.54,1,0.0587681,0,0.5,-0.331053,-0.261383,0.000927224,-0.00163075,0.0989981,0.0813078,0.101676,0.0843898,4631.64,-3533.52,-2701.44,-0.0543404,0.0819437,-15.1879,3539.54,3758.72,100.22,0.079249,-0.0262357,-15.5007,4823.72,-3848.48,-1376.83,-0.0498224,0.0221331,-13.9308,3495.57,4012.16,-774.428,0.129228,0.0287773,-15.597
10.409,31.2781,-16.1437,4.99443,-0.603774,-3.08926,1.1933,-0.542777,-0.0136178,-0.00113524,2761.5,1,0.0587972,0,0.5,-0.331045,-0.261374,0.000924574,-0.00162996,0.0989966,0.0813069,0.101675,0.0843901,4628.36,-3563.51,-2666.17,-0.0551935,0.0815123,-15.1804,3541.91,3772.6,113.365,0.0801015,-0.0268166,-15.5084,4822.38,-3907.73,-1348.69,-0.0509089,0.0217843,-13.9306,3496.37,4022.64,-755.85,0.130768,0.0283369,-15.6185
10.419,31.245,-16.1058,4.99441,-0.603728,-2.85192,1.16706,-0.542787,-0.0136185,-0.00113525,2761.49,1,0.0587395,0,0.5,-0.33106,-0.261393,0.000926904,-0.00163096,0.0989963,0.0813061,0.101676,0.0843892,4630.62,-3535.7,-2694.63,-0.0543566,0.0817433,-15.1819,3541.05,3756.59,109.421,0.0790514,-0.0264174,-15.5068,4825.02,-3778.94,-1400.14,-0.0485159,0.0223702,-13.9324,3494.65,4003.82,-784.829,0.127761,0.0289157,-15.6065
10.429,31.2121,-16.0676,4.99439,-0.60371,-2.79499,1.10547,-0.542591,-0.0136191,-0.0011354,2761.44,1,0.0587511,0,0.5,-0.331056,-0.26139,0.00092924,-0.00163072,0.0989951,0.081305,0.101676,0.0843893,4632.17,-3535.58,-2697.65,-0.0543505,0.0818188,-15.1812,3540.15,3755.46,103.851,0.0790078,-0.0262608,-15.5068,4825.74,-3742.19,-1412.07,-0.0478397,0.0224899,-13.9367,3493.89,4005.96,-783.198,0.128613,0.02901,-15.6036
10.439,31.1794,-16.0294,4.99453,-0.603752,-3.13407,1.10989,-0.542807,-0.0136199,-0.0011356,2761.51,1,0.0588013,0,0.5,-0.331048,-0.261372,0.000925017,-0.001632,0.0989943,0.0813041,0.101675,0.0843888,4628.23,-3574.46,-2656.05,-0.0555169,0.0814467,-15.1818,3542.56,3779.12,113.433,0.0805092,-0.0269366,-15.5066,4822.5,-3931.81,-1336.93,-0.0513441,0.0216335,-13.9307,3496.59,4024.59,-755.272,0.131383,0.0284193,-15.6014
10.449,31.147,-15.9909,4.99454,-0.603815,-3.09262,1.11216,-0.543113,-0.0136207,-0.00113574,2761.59,1,0.0587852,0,0.5,-0.331061,-0.261385,0.000926211,-0.00163129,0.0989952,0.0813032,0.101676,0.0843886,4629.74,-3550.51,-2680.94,-0.0548113,0.0816784,-15.1786,3541.16,3765.88,107.612,0.0796624,-0.0265483,-15.5108,4823.75,-3827.41,-1376.6,-0.0493691,0.0220743,-13.9363,3495.18,4015.19,-769.392,0.129947,0.0287162,-15.6047
10.459,31.1147,-15.9523,4.99446,-0.60368,-2.75211,0.980878,-0.542399,-0.0136212,-0.00113603,2761.52,1,0.0587499,0,0.5,-0.331057,-0.261377,0.000931078,-0.0016275,0.0989941,0.0813017,0.101677,0.0843886,4634.74,-3524.91,-2712.55,-0.0540424,0.0820286,-15.1836,3539.09,3748.85,99.5303,0.0786183,-0.0260354,-15.5049,4827.04,-3754.69,-1420.94,-0.0481436,0.0226738,-13.9259,3492.88,4007.97,-781.804,0.129572,0.0291336,-15.601
10.469,31.0826,-15.9135,4.99464,-0.603771,-3.11444,0.938484,-0.542708,-0.0136224,-0.00113644,2761.56,1,0.0588021,0,0.5,-0.331054,-0.261364,0.000924884,-0.00163365,0.098993,0.0812999,0.101677,0.0843879,4631.63,-3557.82,-2678.01,-0.0550241,0.0817333,-15.1883,3540.85,3769.66,102.983,0.0799161,-0.0264986,-15.4999,4824.04,-3890.53,-1361.35,-0.0506028,0.0219604,-13.9276,3495.06,4023.55,-758.345,0.131998,0.0286515,-15.5871
10.479,31.0508,-15.8745,4.99446,-0.60367,-2.78236,0.926215,-0.54228,-0.0136238,-0.00113701,2761.5,1,0.0587814,0,0.5,-0.331068,-0.261369,0.000930416,-0.00163077,0.0989919,0.0812975,0.101679,0.0843875,4634.89,-3537.06,-2703,-0.0544118,0.0820191,-15.1863,3539.5,3757.55,97.6395,0.0791598,-0.0261431,-15.5014,4825.58,-3746.25,-1406.76,-0.0478838,0.0224058,-13.9462,3493.69,4012.52,-774.612,0.130133,0.0289558,-15.5923
10.489,31.0191,-15.8354,4.99464,-0.603764,-3.16264,0.884984,-0.542534,-0.0136248,-0.00113763,2761.56,1,0.0588366,0,0.5,-0.331059,-0.261356,0.000924599,-0.00163163,0.0989915,0.0812959,0.101679,0.0843873,4630.46,-3572.63,-2663.64,-0.0554842,0.0816511,-15.1903,3541.24,3777.81,103.441,0.0804549,-0.0266635,-15.4977,4822.96,-3826.43,-1361.55,-0.0492417,0.0218052,-13.9553,3495.51,4026.6,-752.978,0.132411,0.0285142,-15.5786
10.499,30.9877,-15.7961,4.99447,-0.603769,-3.07606,0.956936,-0.542445,-0.013626,-0.00113825,2761.58,1,0.0588613,0,0.5,-0.331105,-0.261381,0.000928855,-0.00162983,0.0989927,0.0812936,0.101682,0.0843874,4629.53,-3567.41,-2665.54,-0.0553136,0.0815848,-15.1825,3541.65,3773.85,107.834,0.0801753,-0.0266967,-15.5061,4822.79,-3744.8,-1375.95,-0.047665,0.0218661,-13.9735,3495.02,4026.42,-752.814,0.132541,0.0285335,-15.5994
10.509,30.9564,-15.7567,4.99461,-0.603757,-3.13235,0.912923,-0.542529,-0.0136262,-0.0011388,2761.63,1,0.0588393,0,0.5,-0.331097,-0.261376,0.000926267,-0.00163085,0.0989927,0.0812928,0.101681,0.0843866,4628.34,-3576.8,-2654.6,-0.0555919,0.0814628,-15.1841,3541.49,3778.31,103.98,0.0804749,-0.0266832,-15.505,4822.92,-3844.33,-1359.76,-0.0496092,0.0218181,-13.9484,3495.65,4027.09,-752.228,0.132463,0.0284935,-15.5956
10.519,30.9254,-15.7171,4.9947,-0.603813,-3.25852,0.899334,-0.542732,-0.0136262,-0.00113933,2761.7,1,0.0588442,0,0.5,-0.331095,-0.261371,0.000925135,-0.00163126,0.0989924,0.0812916,0.101682,0.0843866,4627.38,-3584,-2646.87,-0.0558167,0.0814074,-15.185,3542.24,3781.15,107.664,0.0806406,-0.0268265,-15.5042,4822.65,-3896.89,-1347.36,-0.0506531,0.0217302,-13.9371,3495.95,4029.1,-749.64,0.132861,0.0284602,-15.5952
10.529,30.8946,-15.6773,4.99472,-0.603756,-3.13402,0.836288,-0.542593,-0.0136258,-0.00113991,2761.63,1,0.0588209,0,0.5,-0.331058,-0.261349,0.000923479,-0.00163079,0.0989903,0.0812905,0.101682,0.0843868,4629.58,-3579.43,-2657.69,-0.0557192,0.0816592,-15.1788,3541.46,3780.11,104.214,0.0806039,-0.0267241,-15.5102,4823.77,-3829.1,-1377.02,-0.049408,0.0220865,-13.941,3495.08,4025.21,-754.844,0.132251,0.0285608,-15.5982
10.539,30.8639,-15.6373,4.99466,-0.603748,-3.03833,0.855957,-0.542658,-0.0136251,-0.00114033,2761.66,1,0.0588107,0,0.5,-0.331058,-0.261349,0.00092468,-0.00163121,0.0989906,0.0812903,0.101683,0.084387,4630.89,-3550.31,-2686.23,-0.0548524,0.0818761,-15.1764,3540.18,3767.53,99.5222,0.0797984,-0.0263742,-15.5136,4823.97,-3758.55,-1391.58,-0.0480454,0.0221719,-13.9526,3494.89,4019.17,-765.797,0.131188,0.0287967,-15.6044
10.549,30.8335,-15.5972,4.99464,-0.603639,-3.0091,0.81998,-0.542196,-0.0136243,-0.0011405,2761.76,1,0.0588293,0,0.5,-0.331089,-0.261371,0.000927453,-0.00163109,0.0989917,0.0812898,0.101682,0.0843865,4628.7,-3557.82,-2673.37,-0.0550494,0.081628,-15.1859,3541.09,3771.03,107.694,0.0800182,-0.0266433,-15.5047,4823.29,-3831.09,-1381.25,-0.0494938,0.0221702,-13.9418,3495.34,4026.86,-750.668,0.132314,0.0284107,-15.5925
10.559,30.8033,-15.557,4.99463,-0.603659,-2.88685,0.770209,-0.542252,-0.0136239,-0.00114078,2761.66,1,0.0588123,0,0.5,-0.331076,-0.261367,0.00092605,-0.00163232,0.0989895,0.0812898,0.101684,0.0843873,4633.76,-3518.88,-2719.63,-0.0539257,0.0821851,-15.1833,3538.83,3756.53,100.932,0.0791536,-0.026222,-15.5072,4823.53,-3719.33,-1399.2,-0.0473145,0.0222161,-13.9628,3494.61,4020.66,-763.574,0.131644,0.0287922,-15.5976
10.569,30.7734,-15.5165,4.99473,-0.603771,-3.22737,0.862555,-0.542628,-0.0136238,-0.00114094,2761.66,1,0.0588476,0,0.5,-0.331065,-0.261358,0.000924303,-0.00163138,0.0989877,0.0812896,0.101683,0.0843873,4626.55,-3568.03,-2659.76,-0.055349,0.0814511,-15.1803,3542.12,3771.72,122.755,0.0800777,-0.0270462,-15.5102,4822.2,-3771.18,-1369.52,-0.048165,0.0218171,-13.9654,3495.63,4026.91,-751.691,0.132329,0.0284503,-15.5979
10.579,30.7436,-15.4759,4.99471,-0.603709,-3.12848,0.847434,-0.542491,-0.013624,-0.00114086,2761.7,1,0.058835,0,0.5,-0.331074,-0.261372,0.000926033,-0.00163059,0.0989887,0.0812896,0.101683,0.0843868,4627.07,-3548.02,-2676.91,-0.05473,0.0814968,-15.1821,3541.38,3761.91,121.92,0.0794528,-0.0268425,-15.5093,4822.99,-3785.98,-1369.63,-0.0484572,0.0218508,-13.9611,3496.07,4025.46,-753.955,0.131804,0.0284442,-15.6041
10.589,30.714,-15.4352,4.99473,-0.603665,-2.94313,0.791517,-0.54245,-0.0136239,-0.00114071,2761.72,1,0.058791,0,0.5,-0.331076,-0.261384,0.000926561,-0.00163299,0.0989893,0.0812902,0.101682,0.0843867,4630.86,-3511.9,-2717.25,-0.0536809,0.0819288,-15.1846,3539.19,3744.49,113.83,0.0783963,-0.0263317,-15.507,4823.95,-3759.71,-1395.65,-0.0481016,0.0222476,-13.9483,3494.58,4015.3,-769.536,0.130248,0.0287775,-15.6034
10.599,30.6847,-15.3943,4.99485,-0.603701,-3.09572,0.774939,-0.542526,-0.0136239,-0.00114063,2761.6,1,0.0587973,0,0.5,-0.331053,-0.261358,0.000925425,-0.00162729,0.0989876,0.0812903,0.101682,0.0843866,4629.26,-3531.63,-2695.11,-0.0542354,0.0816655,-15.1879,3540.39,3752.73,118.733,0.0788864,-0.0265968,-15.5023,4823.08,-3822.18,-1370.95,-0.0492249,0.0219631,-13.9467,3495.42,4021.33,-760.803,0.131233,0.0286111,-15.5947
10.609,30.6556,-15.3533,4.99484,-0.603714,-3.07615,0.709367,-0.542596,-0.0136244,-0.00114056,2761.62,1,0.0588135,0,0.5,-0.331054,-0.261365,0.000923129,-0.00163411,0.098987,0.0812897,0.101683,0.0843866,4631.16,-3511.73,-2716.6,-0.0536535,0.0818795,-15.1891,3539.49,3742.16,115.806,0.0782338,-0.0263354,-15.5015,4823.31,-3722.51,-1392.28,-0.0473295,0.0221016,-13.9668,3494.71,4018.09,-765.713,0.130826,0.0287321,-15.5912
10.619,30.6266,-15.3121,4.99478,-0.603606,-2.985,0.701616,-0.542089,-0.0136254,-0.00114053,2761.62,1,0.0588194,0,0.5,-0.331064,-0.261384,0.000930505,-0.00163065,0.0989866,0.0812883,0.101683,0.0843856,4630.12,-3519.03,-2705.53,-0.0538301,0.0816589,-15.1956,3539.61,3745.46,117.824,0.0784515,-0.0264452,-15.4943,4822.68,-3771.57,-1384.77,-0.048283,0.022088,-13.9646,3495.05,4022.81,-754.418,0.131234,0.0283713,-15.581
10.629,30.5979,-15.2707,4.99478,-0.603772,-3.14147,0.781109,-0.542681,-0.0136266,-0.00114047,2761.65,1,0.0588387,0,0.5,-0.331064,-0.261376,0.000925146,-0.00163141,0.0989876,0.0812883,0.101684,0.0843855,4629.26,-3515.4,-2707.83,-0.053735,0.0816721,-15.1843,3540.09,3744.73,125.664,0.0784133,-0.0266361,-15.5077,4821.72,-3701.1,-1378.24,-0.046823,0.0218108,-13.9864,3495.34,4021.19,-758.741,0.13097,0.0284887,-15.6084
10.639,30.5695,-15.2292,4.99482,-0.603688,-3.0006,0.698544,-0.54247,-0.0136272,-0.00114033,2761.68,1,0.0588145,0,0.5,-0.331048,-0.261358,0.000923909,-0.00163266,0.0989884,0.0812886,0.101684,0.084385,4630.94,-3501.15,-2724.11,-0.0533275,0.081855,-15.1861,3538.88,3735.66,120.029,0.0778726,-0.0263335,-15.5057,4823.51,-3692.29,-1395.97,-0.04675,0.0220959,-13.9735,3494.53,4015.35,-768.422,0.130161,0.0287206,-15.6032
10.649,30.5412,-15.1876,4.99484,-0.603676,-3.02994,0.703003,-0.542382,-0.0136279,-0.00114023,2761.76,1,0.0588147,0,0.5,-0.331064,-0.261374,0.000926905,-0.00163135,0.09899,0.0812877,0.101683,0.0843842,4630.19,-3509.29,-2712.66,-0.0535213,0.0816373,-15.1883,3539.2,3741.23,117.999,0.0782032,-0.0263785,-15.5042,4823.35,-3781.7,-1375.85,-0.0484107,0.0219499,-13.9582,3495.13,4020.89,-760.898,0.131193,0.0286099,-15.6047
10.659,30.5132,-15.1458,4.99482,-0.60368,-2.98291,0.739095,-0.54242,-0.0136284,-0.00114015,2761.76,1,0.0588016,0,0.5,-0.331069,-0.26137,0.000927536,-0.00163085,0.0989904,0.0812873,0.101684,0.0843836,4630.01,-3512.96,-2711.94,-0.0536719,0.0817464,-15.1839,3539.85,3742.96,123.22,0.0783001,-0.0265381,-15.5088,4823.55,-3770.22,-1382.21,-0.0482197,0.0220347,-13.9565,3494.86,4017.47,-765.893,0.130546,0.0286894,-15.6117
10.669,30.4853,-15.1038,4.99488,-0.603698,-3.07766,0.719255,-0.542564,-0.0136287,-0.00114008,2761.76,1,0.0588129,0,0.5,-0.331056,-0.261352,0.000925186,-0.00163194,0.0989908,0.0812874,0.101684,0.0843833,4628.45,-3513.52,-2706.71,-0.0536654,0.0815799,-15.1848,3540.69,3742.93,127.872,0.0782671,-0.026645,-15.5079,4822.77,-3759.22,-1374.26,-0.0479462,0.0218703,-13.9663,3495.34,4019.12,-763.362,0.130695,0.0286162,-15.614
10.679,30.4577,-15.0617,4.99498,-0.603772,-3.18471,0.701619,-0.542801,-0.0136288,-0.00114004,2761.75,1,0.0588035,0,0.5,-0.331063,-0.261353,0.000925842,-0.00162889,0.098991,0.0812874,0.101685,0.0843826,4629.01,-3507.02,-2715.21,-0.0534979,0.0817272,-15.1916,3540.27,3739.09,126.581,0.0780379,-0.0265493,-15.501,4822.52,-3777.35,-1371.54,-0.048302,0.021866,-13.9633,3495.82,4017.77,-764.091,0.130065,0.0285322,-15.5994
10.689,30.4304,-15.0195,4.99501,-0.603795,-3.30237,0.663727,-0.542815,-0.0136293,-0.00114016,2761.69,1,0.0588388,0,0.5,-0.331087,-0.261366,0.000922932,-0.00163373,0.0989906,0.0812862,0.101685,0.084383,4627.04,-3526.62,-2692.9,-0.0540533,0.0814661,-15.1877,3541.34,3747.49,133.269,0.0785534,-0.026868,-15.5044,4821.33,-3819.42,-1343.71,-0.048983,0.0214763,-13.9668,3496.53,4027.42,-752.775,0.13227,0.0284758,-15.609
10.699,30.4032,-14.9771,4.99512,-0.60377,-3.13912,0.572629,-0.542688,-0.0136298,-0.0011403,2761.76,1,0.0587796,0,0.5,-0.331057,-0.261343,0.000922494,-0.00163206,0.0989895,0.0812856,0.101684,0.0843828,4632.11,-3506.58,-2723.21,-0.0535049,0.0819667,-15.1895,3539.97,3740.31,125.02,0.0781276,-0.026533,-15.5026,4824.42,-3857.03,-1370.77,-0.0499437,0.0220419,-13.9308,3494.87,4020.47,-763.292,0.131418,0.0287414,-15.603
10.709,30.3763,-14.9346,4.99508,-0.603746,-3.15264,0.578131,-0.542601,-0.0136306,-0.00114053,2761.73,1,0.0588,0,0.5,-0.331103,-0.261371,0.000925602,-0.00163083,0.0989899,0.0812843,0.101686,0.0843823,4630.65,-3520.59,-2707.03,-0.0538991,0.0817721,-15.1889,3540.28,3747.03,122.335,0.0785343,-0.0265856,-15.503,4823.54,-3853.79,-1365.01,-0.0498429,0.0219336,-13.9399,3495.19,4024.04,-756.817,0.131956,0.0285851,-15.5962
10.719,30.3496,-14.892,4.99511,-0.603702,-2.89078,0.397019,-0.5422,-0.0136314,-0.00114089,2761.79,1,0.0587691,0,0.5,-0.331064,-0.261344,0.000924334,-0.0016317,0.0989877,0.0812832,0.101686,0.0843826,4639.47,-3462.6,-2776.08,-0.0522284,0.082591,-15.1983,3537.42,3727.23,99.247,0.0773274,-0.0256543,-15.4941,4825.66,-3772.49,-1406.69,-0.0484226,0.022469,-13.9382,3493.19,4017.68,-768.063,0.13159,0.028963,-15.584
10.729,30.3231,-14.8492,4.99502,-0.60374,-2.99895,0.49554,-0.542103,-0.0136337,-0.00114149,2761.65,1,0.0588089,0,0.5,-0.331099,-0.26136,0.000926267,-0.00163382,0.0989874,0.0812806,0.101689,0.0843825,4633.21,-3523.53,-2706.91,-0.0539442,0.0817673,-15.1891,3539.69,3747.4,116.16,0.0785657,-0.0264354,-15.5013,4824.97,-3784.66,-1383.51,-0.0485032,0.0220865,-13.9473,3493.76,4025.38,-755.877,0.133059,0.0287472,-15.5881
10.739,30.2968,-14.8062,4.99507,-0.603795,-3.15116,0.487023,-0.542383,-0.0136351,-0.00114201,2761.78,1,0.0588347,0,0.5,-0.331093,-0.261357,0.000926605,-0.00163033,0.0989883,0.0812792,0.101689,0.0843817,4630.85,-3535.03,-2694.52,-0.05432,0.0817006,-15.1869,3540.3,3753.3,119.524,0.0789335,-0.0266292,-15.5048,4824.27,-3785.59,-1377.04,-0.0484843,0.0219761,-13.9553,3494.26,4027.66,-751.876,0.133311,0.0286335,-15.5923
10.749,30.2708,-14.7631,4.99506,-0.603793,-3.11817,0.526757,-0.542544,-0.0136356,-0.00114252,2761.75,1,0.0588192,0,0.5,-0.331101,-0.261368,0.000927739,-0.00163165,0.0989905,0.0812789,0.101691,0.0843811,4630.31,-3531.43,-2698.66,-0.0542458,0.0817888,-15.1856,3539.66,3752.15,116.343,0.0788839,-0.0265361,-15.5066,4823.81,-3772.51,-1380.23,-0.0482469,0.0220035,-13.9582,3494.72,4023.6,-757.62,0.132084,0.0286408,-15.5941
10.759,30.245,-14.7199,4.99503,-0.603736,-3.09863,0.550383,-0.542282,-0.0136352,-0.00114301,2761.76,1,0.0588216,0,0.5,-0.331088,-0.261364,0.000927513,-0.00163112,0.0989908,0.0812776,0.101692,0.0843812,4628.2,-3543.32,-2678.62,-0.0545168,0.0813544,-15.1828,3540.3,3755.94,117.731,0.0791013,-0.0266313,-15.5091,4823.81,-3771.91,-1382.05,-0.0482487,0.0220347,-13.9583,3495,4025.36,-753.27,0.132156,0.0284849,-15.5991
10.769,30.2194,-14.6766,4.99511,-0.603751,-3.10962,0.48281,-0.542566,-0.0136341,-0.00114331,2761.89,1,0.0588159,0,0.5,-0.331051,-0.261341,0.00092506,-0.00163084,0.098991,0.0812783,0.101691,0.0843812,4629.93,-3518.27,-2710.15,-0.0538747,0.0818611,-15.1816,3539.51,3747.84,115.58,0.0786039,-0.0264328,-15.5121,4823.42,-3759.97,-1384.28,-0.0480275,0.0220476,-13.9604,3495.34,4021.11,-760.875,0.131186,0.0286059,-15.6092
10.779,30.194,-14.6331,4.99503,-0.60368,-2.9593,0.524217,-0.542366,-0.0136329,-0.00114345,2761.84,1,0.0588008,0,0.5,-0.331089,-0.261384,0.000931757,-0.00163078,0.0989918,0.0812782,0.101693,0.0843811,4630.67,-3498.17,-2728.71,-0.053278,0.0819784,-15.1887,3539.04,3736.12,117.859,0.0778808,-0.026283,-15.5046,4823.45,-3713.39,-1396.83,-0.0471785,0.0221603,-13.9667,3495.22,4016.16,-769.122,0.130261,0.0287596,-15.5959
10.789,30.1689,-14.5895,4.99522,-0.603758,-3.2134,0.432343,-0.542542,-0.0136316,-0.00114362,2761.77,1,0.0588188,0,0.5,-0.331052,-0.261346,0.000924078,-0.0016339,0.0989886,0.0812786,0.101691,0.0843819,4629.13,-3518.66,-2706.13,-0.0538542,0.0817154,-15.1913,3540.31,3745.78,124.563,0.0784617,-0.0266185,-15.5012,4822.16,-3793.91,-1370.73,-0.0486461,0.0218938,-13.9581,3495.71,4026.03,-752.917,0.132072,0.0284518,-15.5969
10.799,30.144,-14.5457,4.99522,-0.603724,-3.08082,0.389908,-0.542527,-0.0136312,-0.00114363,2761.85,1,0.0588017,0,0.5,-0.331053,-0.261353,0.000924323,-0.00163123,0.0989877,0.0812786,0.101691,0.0843825,4631.83,-3497.72,-2730.19,-0.053247,0.081984,-15.1889,3538.57,3734.47,112.754,0.0777796,-0.0261234,-15.5045,4823.26,-3775.87,-1385.28,-0.0483658,0.0221048,-13.954,3494.98,4019.53,-764.065,0.131087,0.0287126,-15.6059
10.809,30.1194,-14.5018,4.99523,-0.603774,-3.17223,0.429668,-0.542589,-0.0136316,-0.00114357,2761.77,1,0.0588127,0,0.5,-0.331057,-0.26136,0.000924171,-0.00163238,0.0989872,0.0812784,0.101691,0.0843826,4629.36,-3515.6,-2708.46,-0.0537512,0.0817049,-15.1883,3540.01,3743.17,127.008,0.0783229,-0.0266409,-15.5043,4822.59,-3771.05,-1374.93,-0.0481971,0.0219113,-13.9624,3495.43,4023.42,-757.497,0.131677,0.0285616,-15.6045
10.819,30.0949,-14.4578,4.99521,-0.603721,-3.09452,0.432779,-0.542362,-0.0136322,-0.00114342,2761.88,1,0.0587996,0,0.5,-0.331065,-0.261374,0.000927645,-0.00163147,0.0989872,0.0812774,0.10169,0.0843821,4629.64,-3519.46,-2705.19,-0.0538572,0.0816789,-15.1893,3540.36,3747.2,123.631,0.0785469,-0.0266201,-15.5046,4823.36,-3827.15,-1379.06,-0.0493906,0.0221204,-13.9421,3494.75,4024.72,-753.451,0.132025,0.0284716,-15.6031
10.829,30.0707,-14.4137,4.99507,-0.603691,-2.98105,0.490835,-0.542108,-0.0136338,-0.00114338,2761.89,1,0.0588139,0,0.5,-0.331079,-0.261395,0.000932821,-0.00163059,0.0989866,0.081276,0.101693,0.0843815,4630.44,-3514.03,-2710.21,-0.0536769,0.0816861,-15.1893,3540.48,3743.59,126.72,0.0783177,-0.0266312,-15.5044,4823.02,-3766.78,-1376.11,-0.0481108,0.0219202,-13.964,3494.87,4022.63,-757.635,0.131616,0.0285601,-15.6037
10.839,30.0468,-14.3694,4.99529,-0.603857,-3.35925,0.424586,-0.54284,-0.0136348,-0.00114327,2761.95,1,0.0588379,0,0.5,-0.331063,-0.261356,0.000924153,-0.00163044,0.0989866,0.0812764,0.101691,0.0843811,4627.48,-3531.81,-2689.49,-0.0542113,0.0814765,-15.1869,3541.58,3755.49,132.587,0.0790654,-0.0270004,-15.5079,4821.02,-3826.47,-1343.38,-0.0491344,0.021489,-13.9684,3496.19,4028.92,-748.642,0.132549,0.0283678,-15.6046
10.849,30.023,-14.325,4.99529,-0.603776,-3.09279,0.375004,-0.542705,-0.0136353,-0.00114321,2761.95,1,0.0587863,0,0.5,-0.33106,-0.261355,0.000922714,-0.00163414,0.0989872,0.0812763,0.101692,0.0843804,4632.55,-3499.51,-2727.18,-0.0532519,0.0818786,-15.1886,3539.65,3734.99,120.446,0.0777813,-0.0263188,-15.5062,4824.25,-3718.99,-1399.66,-0.0472988,0.02222,-13.9609,3494.18,4013.41,-771.438,0.129909,0.0287929,-15.6056
10.859,29.9995,-14.2805,4.99533,-0.603856,-3.26986,0.405933,-0.542821,-0.0136358,-0.00114327,2761.88,1,0.0588068,0,0.5,-0.331056,-0.261342,0.000924331,-0.00162791,0.0989876,0.081276,0.101691,0.0843798,4630.36,-3529.09,-2700.89,-0.054178,0.0818044,-15.1868,3539.07,3750.81,120.473,0.0788563,-0.0266326,-15.5074,4822.69,-3835.85,-1359.77,-0.0494325,0.0217981,-13.9517,3495.41,4023.13,-756.391,0.131438,0.028479,-15.6109
10.869,29.9763,-14.2359,4.9952,-0.60366,-2.85622,0.469634,-0.54232,-0.0136362,-0.00114332,2761.9,1,0.0587439,0,0.5,-0.331088,-0.261368,0.000930667,-0.0016302,0.0989896,0.0812748,0.101692,0.0843787,4632.5,-3490.04,-2736.79,-0.0530018,0.0819896,-15.1867,3538.73,3729,123.768,0.0774717,-0.0263077,-15.5078,4824.67,-3800.52,-1387.47,-0.0488715,0.0221982,-13.9386,3494.67,4009.8,-776.803,0.128986,0.02883,-15.6219
10.879,29.9532,-14.1911,4.99534,-0.603674,-2.77681,0.354723,-0.542457,-0.0136358,-0.00114343,2761.96,1,0.0587052,0,0.5,-0.331071,-0.261349,0.000928032,-0.00163037,0.0989886,0.081275,0.101692,0.0843783,4636.99,-3458.01,-2773.63,-0.0520761,0.0824059,-15.1931,3536.67,3715.29,107.971,0.0766631,-0.02568,-15.5015,4826.56,-3732.53,-1425.15,-0.0477311,0.0226967,-13.9334,3493.55,3998.16,-794.497,0.127259,0.0291937,-15.6008
10.889,29.9304,-14.1463,4.99536,-0.603756,-3.13595,0.375393,-0.542507,-0.0136362,-0.00114375,2761.79,1,0.0587793,0,0.5,-0.331078,-0.261347,0.00092648,-0.00162677,0.0989867,0.0812731,0.101692,0.0843784,4629.04,-3528.9,-2692.91,-0.0540899,0.0814674,-15.1858,3540.28,3747.74,123.063,0.0785855,-0.0266158,-15.5071,4823.38,-3791.25,-1372.82,-0.0485846,0.0219187,-13.9575,3495.73,4018.47,-764.602,0.130422,0.0286129,-15.61
10.899,29.9079,-14.1013,4.9954,-0.603777,-3.28777,0.333723,-0.542691,-0.0136368,-0.00114387,2761.93,1,0.0588141,0,0.5,-0.331098,-0.261357,0.000925952,-0.00163156,0.0989893,0.0812726,0.101693,0.0843783,4625.94,-3534.68,-2686.25,-0.0543333,0.0814926,-15.188,3541.07,3751.22,129.472,0.0787977,-0.0268417,-15.5066,4821.8,-3852.44,-1343.8,-0.0496752,0.0215569,-13.9561,3496.68,4025.15,-753.083,0.13131,0.0283231,-15.6109
10.909,29.8855,-14.0562,4.99532,-0.603717,-3.07825,0.332603,-0.542319,-0.0136371,-0.00114394,2762.02,1,0.0587994,0,0.5,-0.331129,-0.261368,0.000930664,-0.00163088,0.0989894,0.0812718,0.101694,0.0843785,4630.39,-3507.51,-2717.7,-0.0535132,0.0818084,-15.1951,3540.09,3741.6,124.819,0.0782041,-0.0265508,-15.5,4823.12,-3832.85,-1364.8,-0.049401,0.0218789,-13.9479,3495.42,4024.03,-756.476,0.131806,0.0285448,-15.6011
10.919,29.8635,-14.0109,4.9954,-0.603767,-2.99292,0.31465,-0.54252,-0.0136374,-0.00114427,2761.96,1,0.0587513,0,0.5,-0.33109,-0.261345,0.000925864,-0.00163136,0.0989865,0.0812716,0.101694,0.0843784,4633.33,-3499.57,-2728.21,-0.0532454,0.0818985,-15.1877,3538.56,3734.9,116.105,0.0778239,-0.02622,-15.5056,4825.37,-3753.9,-1403.64,-0.0480198,0.0223696,-13.9423,3493.99,4012.17,-775.433,0.129969,0.0289557,-15.6109
10.929,29.8416,-13.9656,4.99553,-0.603792,-3.18244,0.23159,-0.542734,-0.0136377,-0.0011446,2761.94,1,0.0587718,0,0.5,-0.331067,-0.261328,0.000923839,-0.00163239,0.098985,0.0812709,0.101693,0.084378,4631.24,-3527.18,-2702.74,-0.0540976,0.0817861,-15.187,3540.04,3750.37,118.112,0.0787488,-0.026539,-15.5069,4824.09,-3849.56,-1371.7,-0.0497964,0.0220411,-13.9365,3495.2,4019.96,-763.176,0.131057,0.0286724,-15.6073
10.939,29.82,-13.9201,4.99522,-0.603642,-2.77159,0.40892,-0.542154,-0.0136386,-0.00114475,2761.96,1,0.058748,0,0.5,-0.331165,-0.261375,0.00093954,-0.00163105,0.0989884,0.0812698,0.101696,0.084377,4633.35,-3506.75,-2726.28,-0.0535184,0.0820731,-15.1895,3539.05,3739.31,114.368,0.0780688,-0.0262494,-15.5042,4825.26,-3766.93,-1402.09,-0.0482779,0.0223742,-13.9404,3494.27,4010.97,-776.706,0.129556,0.0289292,-15.6018
10.949,29.7986,-13.8745,4.99553,-0.603728,-2.93037,0.14619,-0.542389,-0.0136385,-0.00114529,2761.85,1,0.0587439,0,0.5,-0.331073,-0.261337,0.000925426,-0.00163202,0.0989834,0.0812684,0.101695,0.0843778,4636.88,-3505.3,-2735.84,-0.0534958,0.0823339,-15.1934,3538.26,3743.11,103.734,0.0783158,-0.0260505,-15.4993,4825.49,-3748.43,-1408.28,-0.0479416,0.0224386,-13.9462,3493.9,4013.05,-775.307,0.130326,0.0290137,-15.5868
10.959,29.7775,-13.8288,4.99533,-0.603742,-3.09034,0.280355,-0.542287,-0.0136399,-0.00114568,2761.98,1,0.0588221,0,0.5,-0.33113,-0.261377,0.000934812,-0.00163047,0.0989845,0.0812657,0.101697,0.0843774,4630.24,-3557.77,-2674.16,-0.0550051,0.0816035,-15.1874,3541.17,3767.19,113.843,0.0797827,-0.0267327,-15.5065,4822.93,-3825.52,-1362.94,-0.0492341,0.0218281,-13.9551,3495.43,4027.26,-752.404,0.132656,0.0285344,-15.6029
10.969,29.7566,-13.783,4.99553,-0.603803,-3.17371,0.154972,-0.542565,-0.0136405,-0.00114599,2762.09,1,0.058801,0,0.5,-0.33107,-0.261339,0.000925382,-0.00163086,0.0989832,0.0812654,0.101696,0.0843774,4631.43,-3557.57,-2676.34,-0.0549944,0.08165,-15.1846,3540.4,3768.3,106.631,0.0798721,-0.0265728,-15.5099,4824.1,-3823.59,-1375.58,-0.0492729,0.0220449,-13.944,3494.8,4022.78,-759.364,0.131918,0.028678,-15.6015
10.979,29.7359,-13.7371,4.99558,-0.603822,-3.30233,0.0931313,-0.542662,-0.0136411,-0.00114627,2762.07,1,0.058833,0,0.5,-0.331061,-0.261337,0.000924394,-0.00163151,0.0989842,0.0812647,0.101697,0.0843772,4630.06,-3565.3,-2670.34,-0.0552827,0.0817114,-15.1876,3540.61,3773.9,109.716,0.0802613,-0.0267649,-15.507,4822.25,-3847.32,-1352.62,-0.0496277,0.0217003,-13.9574,3495.9,4029.74,-748.186,0.132982,0.0284252,-15.5966
10.989,29.7155,-13.6911,4.9955,-0.603757,-3.2135,0.146179,-0.54244,-0.0136414,-0.00114657,2762.09,1,0.0588241,0,0.5,-0.331084,-0.26137,0.000930091,-0.00163085,0.0989852,0.081263,0.101699,0.0843767,4629.31,-3558.05,-2674.47,-0.0550545,0.0816654,-15.1909,3541.95,3770.38,121.482,0.0799899,-0.0269864,-15.5039,4821.94,-3827.34,-1357.13,-0.0492448,0.0217331,-13.9606,3495.81,4027.7,-750.922,0.132489,0.028447,-15.5967
10.999,29.6954,-13.645,4.99548,-0.603783,-3.23086,0.1736,-0.54258,-0.0136414,-0.00114686,2762.07,1,0.0588305,0,0.5,-0.331082,-0.261373,0.00093022,-0.00163084,0.0989845,0.0812624,0.101699,0.0843763,4629.36,-3561.49,-2672.14,-0.0551662,0.0816825,-15.1849,3540.93,3770.61,116.077,0.0800461,-0.0268662,-15.5104,4821.73,-3836.08,-1351.84,-0.0493915,0.0216607,-13.9623,3496.29,4028.21,-749.939,0.132365,0.0283853,-15.6063
11.009,29.6754,-13.5988,4.99562,-0.603785,-3.18615,0.0701269,-0.542613,-0.0136409,-0.001147,2762.19,1,0.0588044,0,0.5,-0.331053,-0.261337,0.000924081,-0.00163198,0.0989843,0.0812629,0.101698,0.0843766,4630.57,-3536.98,-2693.26,-0.0543946,0.081723,-15.1894,3539.76,3757.73,109.83,0.0792161,-0.0264651,-15.5068,4823.61,-3805.23,-1379.21,-0.0489236,0.0220667,-13.9484,3494.93,4022.04,-760.691,0.131716,0.0286931,-15.5991
11.019,29.6558,-13.5524,4.99558,-0.603851,-3.32501,0.161396,-0.542913,-0.0136411,-0.00114717,2762.12,1,0.0588147,0,0.5,-0.331102,-0.261398,0.00093195,-0.00163055,0.0989846,0.0812614,0.101699,0.0843758,4628.11,-3558.61,-2671.67,-0.0550707,0.0816057,-15.1862,3541.68,3771.14,119.055,0.0800482,-0.0269479,-15.5096,4821.42,-3860.29,-1350.27,-0.0499034,0.0216944,-13.9526,3496.21,4028.28,-750.441,0.132494,0.0284273,-15.6038
11.029,29.6363,-13.506,4.99567,-0.603762,-3.11112,0.0549874,-0.542577,-0.0136407,-0.0011473,2762.15,1,0.0587746,0,0.5,-0.33107,-0.261355,0.000927215,-0.00163134,0.098982,0.0812618,0.101698,0.0843759,4632.03,-3541.3,-2693.43,-0.0545362,0.0818349,-15.1901,3539.58,3758.07,106.46,0.0792337,-0.0263857,-15.5053,4824.49,-3847.48,-1380.81,-0.0498188,0.0221986,-13.9302,3494.66,4018.87,-765.905,0.131181,0.0288009,-15.5962
11.039,29.6171,-13.4595,4.99573,-0.603885,-3.41864,0.0534027,-0.542893,-0.0136415,-0.00114752,2762.15,1,0.0588109,0,0.5,-0.331073,-0.261343,0.000924999,-0.00163005,0.0989806,0.0812601,0.101698,0.0843763,4628.82,-3568.22,-2661.71,-0.0553107,0.0814589,-15.1902,3542.57,3775.61,120.537,0.0803035,-0.0270556,-15.5052,4821.83,-3908.05,-1341.58,-0.0508672,0.0216586,-13.9422,3495.85,4031.87,-742.603,0.133232,0.0282541,-15.6012
11.049,29.5982,-13.4128,4.99568,-0.603753,-3.08838,-0.0364862,-0.542499,-0.0136424,-0.00114766,2762.14,1,0.0588023,0,0.5,-0.331069,-0.261341,0.000924921,-0.00163171,0.098981,0.0812595,0.101699,0.0843758,4632.98,-3535.95,-2700.22,-0.0543823,0.0819211,-15.1857,3538.94,3755.81,105.291,0.0791194,-0.0263206,-15.5102,4823.98,-3773.48,-1387.53,-0.0483207,0.0221356,-13.9546,3494.43,4019.71,-765.476,0.131562,0.0288528,-15.5966
11.059,29.5795,-13.3661,4.99552,-0.603707,-3.09797,0.102159,-0.542281,-0.0136432,-0.00114776,2762.15,1,0.0588228,0,0.5,-0.331121,-0.261383,0.000932403,-0.00163081,0.0989837,0.0812583,0.1017,0.0843751,4628.58,-3545.17,-2682.32,-0.0546411,0.0815885,-15.185,3540.9,3760.91,119.55,0.0794044,-0.0267664,-15.5113,4822.55,-3792.62,-1369.09,-0.048599,0.0218592,-13.9635,3495.22,4026.63,-752.802,0.132538,0.0285309,-15.6047
11.069,29.561,-13.3193,4.99553,-0.60367,-3.04392,0.0946929,-0.542267,-0.0136433,-0.00114778,2762.18,1,0.05881,0,0.5,-0.33113,-0.261382,0.000932818,-0.00163088,0.0989851,0.0812589,0.1017,0.0843745,4628.69,-3531.16,-2694.59,-0.0542241,0.0816473,-15.1841,3540.17,3750.22,122.83,0.0787549,-0.0266595,-15.5127,4822.83,-3826.94,-1367.68,-0.0493039,0.0219175,-13.9508,3495.23,4023.9,-757.588,0.131974,0.028617,-15.6087
11.079,29.5428,-13.2723,4.99574,-0.603761,-3.17538,-0.0135904,-0.542543,-0.0136431,-0.00114784,2762.2,1,0.0587909,0,0.5,-0.331096,-0.261351,0.000924682,-0.0016314,0.098984,0.0812589,0.101699,0.0843746,4629.73,-3535.61,-2693.52,-0.0543652,0.0817206,-15.1901,3539.97,3756.52,117.04,0.0791585,-0.0266309,-15.5066,4823.74,-3813.02,-1377.05,-0.0490679,0.0220468,-13.9458,3494.66,4022.29,-759.553,0.131799,0.0286654,-15.5994
11.089,29.5248,-13.2253,4.99574,-0.603827,-3.26576,-0.116458,-0.542582,-0.0136438,-0.00114797,2762.12,1,0.0588441,0,0.5,-0.331071,-0.261328,0.000923786,-0.0016314,0.0989817,0.0812578,0.1017,0.084375,4630.52,-3526.83,-2700.6,-0.0540715,0.0817003,-15.1901,3540.37,3748.57,119.006,0.0786126,-0.026522,-15.5061,4822.48,-3738.99,-1379.12,-0.0475762,0.0219103,-13.9761,3494.77,4028.5,-749.826,0.133179,0.0285289,-15.5979
11.099,29.5071,-13.1782,4.99568,-0.603755,-3.081,0.0074335,-0.542473,-0.0136446,-0.00114806,2762.12,1,0.0587897,0,0.5,-0.331098,-0.261342,0.000925916,-0.00163127,0.098982,0.0812569,0.1017,0.0843733,4631.1,-3523.98,-2705.37,-0.0540052,0.0817983,-15.1827,3539.69,3747.16,118.945,0.0785641,-0.0265054,-15.5136,4823.94,-3718.56,-1395.74,-0.0472654,0.0221508,-13.9661,3494.4,4016.71,-766.99,0.130568,0.0287376,-15.6068
11.109,29.4897,-13.131,4.99578,-0.603714,-3.18354,-0.120471,-0.542454,-0.0136446,-0.00114805,2762.17,1,0.0588191,0,0.5,-0.331107,-0.261347,0.000924943,-0.00163345,0.0989831,0.081257,0.101701,0.0843727,4629.17,-3524.41,-2704.49,-0.0540724,0.0818519,-15.1986,3540.02,3749.79,121.572,0.0787306,-0.0266207,-15.498,4821.82,-3775.12,-1366.64,-0.0482304,0.0217767,-13.9749,3496.04,4023.42,-756.464,0.131288,0.0284518,-15.5847
11.119,29.4724,-13.0837,4.9958,-0.603884,-3.37991,-0.0972315,-0.542884,-0.013645,-0.0011482,2762.13,1,0.0588391,0,0.5,-0.331076,-0.261325,0.000921411,-0.0016338,0.0989816,0.0812569,0.101701,0.0843731,4627.55,-3529.57,-2692.43,-0.0541564,0.0815324,-15.189,3540.49,3747.14,128.503,0.0785608,-0.026747,-15.5077,4821.56,-3746.94,-1366.77,-0.0476598,0.0217139,-13.9816,3495.82,4024.99,-753.288,0.131643,0.0283933,-15.6135
11.129,29.4555,-13.0363,4.99568,-0.603735,-3.05801,-0.0165112,-0.542324,-0.0136458,-0.0011481,2762.17,1,0.0587968,0,0.5,-0.331124,-0.261355,0.000930069,-0.00163125,0.0989841,0.0812559,0.101702,0.0843724,4630.65,-3503.34,-2720.53,-0.0533718,0.0817787,-15.1937,3540.13,3735.11,133.158,0.0778221,-0.0266462,-15.5031,4822.85,-3765.93,-1377.28,-0.0481054,0.0219397,-13.9655,3495.14,4020.41,-761.411,0.131056,0.0286056,-15.6028
11.139,29.4387,-12.9888,4.99588,-0.603776,-3.28154,-0.187778,-0.542459,-0.0136463,-0.00114822,2762.18,1,0.0588237,0,0.5,-0.331106,-0.261346,0.000927109,-0.00163155,0.0989821,0.0812543,0.101702,0.0843718,4628.3,-3554.02,-2677.32,-0.0549564,0.0816924,-15.2013,3541.12,3762.71,124.222,0.0795376,-0.0269227,-15.4948,4821.93,-3866.63,-1345.58,-0.0499924,0.0216237,-13.9538,3496.05,4029.5,-746.737,0.132628,0.0283092,-15.5835
11.149,29.4223,-12.9412,4.99573,-0.603742,-3.00742,-0.0730769,-0.542307,-0.0136473,-0.00114847,2762.07,1,0.0587911,0,0.5,-0.331098,-0.261342,0.000929153,-0.0016312,0.0989813,0.0812532,0.101703,0.0843718,4632.63,-3512.48,-2717.43,-0.0536516,0.0818869,-15.1912,3539.63,3741.72,118.569,0.0782087,-0.0263923,-15.5043,4823.64,-3717.4,-1392.58,-0.0472233,0.0220934,-13.9705,3494.4,4017.98,-765.483,0.130889,0.0287361,-15.6029
11.159,29.406,-12.8936,4.9958,-0.603775,-3.08602,-0.155197,-0.542331,-0.013648,-0.00114877,2762.15,1,0.0588056,0,0.5,-0.33108,-0.261336,0.000926539,-0.00163136,0.0989809,0.081252,0.101703,0.0843716,4632.45,-3517.33,-2712.99,-0.0537966,0.0818598,-15.1952,3539.02,3747.15,116.277,0.0785942,-0.0264447,-15.5011,4823.48,-3777.46,-1376.62,-0.0483267,0.0219527,-13.963,3495.01,4023.83,-757.148,0.131987,0.0286039,-15.5998
11.169,29.3901,-12.8458,4.99592,-0.603948,-3.48106,-0.197701,-0.542978,-0.0136489,-0.00114912,2762.12,1,0.058847,0,0.5,-0.331073,-0.261329,0.000923004,-0.00163169,0.0989808,0.0812512,0.101704,0.0843713,4626.75,-3558.61,-2665.03,-0.0550112,0.0813407,-15.1866,3541.91,3765.94,130.971,0.0797417,-0.0271555,-15.5097,4820.67,-3824.39,-1326.4,-0.0489648,0.0211827,-13.9783,3496.99,4032.06,-749.045,0.1336,0.0285556,-15.6064
11.179,29.3744,-12.798,4.99576,-0.603734,-3.09804,-0.0446653,-0.542392,-0.013649,-0.00114933,2762.14,1,0.0587846,0,0.5,-0.331089,-0.261355,0.000930868,-0.00163105,0.0989832,0.0812507,0.101705,0.0843703,4628.31,-3530.03,-2693.18,-0.0541665,0.0815524,-15.1871,3540.76,3750.41,130.146,0.0787679,-0.0268468,-15.5097,4822.79,-3797.81,-1367.02,-0.0486865,0.0218337,-13.9616,3495.69,4021.57,-759.242,0.131029,0.028515,-15.6097
11.189,29.3589,-12.7501,4.99589,-0.603762,-3.22539,-0.153192,-0.54261,-0.0136481,-0.0011495,2762.23,1,0.0587979,0,0.5,-0.331071,-0.261341,0.000926715,-0.00163169,0.0989844,0.0812517,0.101704,0.0843703,4627.42,-3521.76,-2699.7,-0.0539414,0.0815928,-15.1914,3540.56,3748.53,133.319,0.0786733,-0.0268995,-15.5064,4821.73,-3824.45,-1351.44,-0.0491422,0.021625,-13.9637,3496.75,4023.62,-756.824,0.13111,0.0284302,-15.6047
11.199,29.3437,-12.7021,4.99592,-0.603858,-3.35093,-0.114802,-0.542961,-0.0136472,-0.0011497,2762.14,1,0.0587948,0,0.5,-0.331055,-0.261319,0.000922746,-0.00163256,0.0989834,0.0812522,0.101705,0.0843709,4626.26,-3510.82,-2703.57,-0.0535698,0.0814211,-15.1894,3541.77,3743.06,141.501,0.078278,-0.0269912,-15.5086,4821,-3782.38,-1354.45,-0.0483008,0.0215808,-13.9782,3497.04,4024.56,-754.811,0.131118,0.0283535,-15.6117
11.209,29.3287,-12.654,4.99598,-0.603798,-3.29546,-0.119364,-0.542936,-0.0136463,-0.0011497,2762.18,1,0.0587627,0,0.5,-0.331061,-0.26133,0.000924317,-0.00163143,0.0989842,0.0812527,0.101704,0.0843708,4626.59,-3513.36,-2705.22,-0.053693,0.0815795,-15.1914,3541.13,3743.76,141.719,0.0783672,-0.0270227,-15.5068,4821.33,-3870.72,-1330.6,-0.0499714,0.0213676,-13.9537,3497.42,4020.8,-764.388,0.130596,0.0286238,-15.6163
11.219,29.314,-12.6059,4.996,-0.60377,-3.22185,-0.148436,-0.54294,-0.0136453,-0.00114961,2762.19,1,0.0587547,0,0.5,-0.331068,-0.261337,0.000924852,-0.00163176,0.0989833,0.0812533,0.101703,0.084371,4628.28,-3500.9,-2719.28,-0.0533242,0.0817238,-15.1889,3540.04,3734.59,134.7,0.0778026,-0.0266806,-15.5095,4822.33,-3840.1,-1360.93,-0.0495391,0.0218314,-13.9491,3496.78,4017.16,-766.045,0.129664,0.0285299,-15.6161
11.229,29.2995,-12.5577,4.99604,-0.603634,-3.08841,-0.212677,-0.542395,-0.0136447,-0.00114948,2762.19,1,0.0587412,0,0.5,-0.331077,-0.261347,0.000926528,-0.00163152,0.0989825,0.0812533,0.101703,0.0843712,4628.64,-3497.28,-2720.26,-0.0531773,0.0816204,-15.1984,3540.3,3732.97,137.172,0.0776936,-0.0267065,-15.499,4823.18,-3840.49,-1367.89,-0.0495877,0.0219538,-13.9444,3496.22,4017.74,-764.982,0.129988,0.0285491,-15.5925
11.239,29.2853,-12.5094,4.99594,-0.60371,-3.19983,-0.179011,-0.542612,-0.0136453,-0.00114928,2762.18,1,0.0587914,0,0.5,-0.331094,-0.261356,0.000925462,-0.00163133,0.0989825,0.0812539,0.101703,0.0843714,4627.28,-3499.68,-2714.46,-0.0532314,0.0814882,-15.1882,3540.26,3734.4,138.245,0.0777947,-0.0267655,-15.5103,4821.64,-3810.75,-1353.59,-0.0488724,0.0216306,-13.9699,3497.13,4023.88,-755.353,0.130877,0.0283323,-15.6265
11.249,29.2714,-12.461,4.99592,-0.603591,-2.90215,-0.217714,-0.542259,-0.0136459,-0.00114888,2762.27,1,0.0587626,0,0.5,-0.331092,-0.261357,0.000929127,-0.00163141,0.0989839,0.0812547,0.101704,0.0843709,4632.37,-3461.33,-2762.72,-0.052194,0.0821868,-15.1935,3538.2,3710.88,136.348,0.0764259,-0.0263122,-15.5058,4823.12,-3754.16,-1389.33,-0.0479528,0.0221252,-13.9593,3495.36,4011.83,-772.994,0.129036,0.0286916,-15.6125
11.259,29.2577,-12.4126,4.996,-0.603638,-2.90028,-0.229788,-0.542492,-0.0136466,-0.00114858,2762.25,1,0.0587321,0,0.5,-0.331083,-0.261344,0.000925264,-0.00163244,0.0989833,0.0812552,0.101703,0.0843702,4634.19,-3451.07,-2773.53,-0.0518725,0.0822596,-15.1963,3536.37,3706.78,125.441,0.0762333,-0.0259858,-15.5025,4824.12,-3710.82,-1404.59,-0.0471744,0.0222891,-13.9618,3494.67,4002.9,-785.097,0.127473,0.0288739,-15.6074
11.269,29.2442,-12.3641,4.99606,-0.603814,-3.20063,-0.162032,-0.543115,-0.0136477,-0.00114836,2762.14,1,0.0587314,0,0.5,-0.331084,-0.261337,0.000923144,-0.0016326,0.0989825,0.0812555,0.101703,0.0843693,4629.34,-3484.27,-2733.71,-0.0528053,0.0817646,-15.1924,3539.16,3719.05,139.574,0.0768929,-0.0265373,-15.5057,4823.12,-3738.79,-1384.82,-0.0476047,0.022008,-13.9663,3495.89,4003.65,-781.021,0.126882,0.0286109,-15.6221
11.279,29.231,-12.3155,4.99611,-0.603669,-3.00205,-0.285267,-0.542495,-0.0136491,-0.00114817,2762.2,1,0.0587275,0,0.5,-0.331081,-0.261335,0.00092404,-0.00163204,0.0989822,0.0812537,0.101703,0.0843687,4633.01,-3474.26,-2746.95,-0.0524758,0.081878,-15.2036,3538.1,3717.61,130.083,0.0768219,-0.0262739,-15.4945,4822.84,-3804.17,-1385.92,-0.0489695,0.0221887,-13.9497,3495.13,4008.74,-771.804,0.127919,0.0284547,-15.5989
11.289,29.2181,-12.2668,4.996,-0.603724,-2.88971,-0.19497,-0.542567,-0.0136515,-0.00114813,2762.12,1,0.0587191,0,0.5,-0.33108,-0.261332,0.000923217,-0.00163243,0.0989824,0.0812523,0.101705,0.0843679,4636.02,-3462.8,-2768.36,-0.0522265,0.0823659,-15.192,3536.52,3720.52,122.022,0.0770654,-0.0261427,-15.5057,4824.39,-3663.71,-1404.6,-0.0462362,0.0221794,-13.9792,3494.5,4000.18,-785.218,0.126654,0.0287343,-15.6184
11.299,29.2054,-12.2181,4.99607,-0.603813,-3.22132,-0.247513,-0.542925,-0.0136531,-0.00114805,2762.22,1,0.0587636,0,0.5,-0.331092,-0.26134,0.000923512,-0.00163253,0.098985,0.0812514,0.101705,0.0843666,4628.76,-3508.76,-2712.14,-0.0535317,0.0816552,-15.1898,3539.37,3735.15,136.107,0.0778898,-0.0267417,-15.5083,4822.4,-3780.49,-1360.9,-0.0482865,0.0216845,-13.9735,3496.38,4010.83,-769.561,0.127947,0.0283673,-15.62
11.309,29.193,-12.1693,4.99606,-0.603696,-3.02726,-0.327491,-0.542414,-0.0136541,-0.00114794,2762.25,1,0.0587732,0,0.5,-0.331092,-0.261344,0.000924401,-0.00163285,0.0989881,0.0812517,0.101707,0.084366,4629.58,-3474.56,-2745.88,-0.0525798,0.0819759,-15.2023,3536.62,3717.69,134.772,0.0769427,-0.0264259,-15.4962,4822.91,-3723.35,-1379.29,-0.0472546,0.0218749,-13.9817,3495.88,4010.33,-771.526,0.12816,0.0284805,-15.5972
11.319,29.1809,-12.1205,4.99601,-0.60377,-3.02587,-0.267358,-0.542598,-0.0136552,-0.00114823,2762.14,1,0.0587628,0,0.5,-0.33109,-0.261349,0.000923076,-0.00163098,0.098987,0.0812493,0.101708,0.0843659,4631.84,-3470.17,-2749.63,-0.0523807,0.0819055,-15.1923,3538.7,3712.34,138.27,0.0764951,-0.0263833,-15.5056,4823.54,-3605.57,-1406.8,-0.0451445,0.0220934,-13.9977,3494.84,4005.04,-779.053,0.127513,0.0286552,-15.6265
11.329,29.1689,-12.0715,4.99609,-0.603703,-3.05973,-0.308696,-0.542311,-0.0136559,-0.00114837,2762.21,1,0.0587592,0,0.5,-0.331092,-0.261341,0.000926736,-0.00163191,0.0989881,0.0812485,0.101708,0.0843643,4629.4,-3495.88,-2722.24,-0.0531243,0.0816328,-15.2054,3539.9,3725.86,143.513,0.0772972,-0.0267479,-15.4923,4822.31,-3781.63,-1370.82,-0.048389,0.0218649,-13.9666,3495.55,4011.16,-765.547,0.127954,0.0282245,-15.6046
11.339,29.1573,-12.0226,4.99621,-0.603926,-3.23727,-0.37905,-0.543052,-0.0136567,-0.00114875,2762.25,1,0.0587557,0,0.5,-0.331055,-0.261316,0.000922584,-0.00163138,0.0989865,0.0812474,0.101709,0.0843644,4631.06,-3498.39,-2724.79,-0.0532135,0.0817838,-15.1946,3539.3,3730.7,131.522,0.0775831,-0.0265363,-15.5037,4823.21,-3777.36,-1373.27,-0.0483033,0.0218936,-13.9633,3495.83,4011.33,-771.301,0.128504,0.0285325,-15.6184
11.349,29.1459,-11.9735,4.99613,-0.603821,-3.15667,-0.34737,-0.542669,-0.0136575,-0.00114903,2762.18,1,0.0587682,0,0.5,-0.331094,-0.261348,0.000928139,-0.00163153,0.098988,0.0812458,0.10171,0.0843637,4630.12,-3518.86,-2708.63,-0.0538671,0.0818048,-15.1926,3539.1,3744.52,128.904,0.0784819,-0.0267335,-15.5052,4822.32,-3867.22,-1344.06,-0.049985,0.0215958,-13.9562,3496.87,4020.36,-758.907,0.130034,0.0283241,-15.6128
11.359,29.1348,-11.9244,4.99609,-0.603761,-3.1823,-0.323012,-0.542599,-0.0136575,-0.0011493,2762.25,1,0.0587778,0,0.5,-0.331117,-0.261372,0.000934968,-0.00163027,0.0989897,0.0812447,0.101712,0.0843627,4627.33,-3525.45,-2694.36,-0.0540167,0.0814795,-15.1974,3540.84,3746.34,135.917,0.078525,-0.0269237,-15.5008,4820.94,-3916.6,-1326,-0.0509445,0.0214026,-13.9535,3497.92,4022.97,-754.902,0.130148,0.0281861,-15.608
11.369,29.1239,-11.8753,4.99617,-0.603762,-3.01032,-0.319374,-0.542582,-0.0136569,-0.00114976,2762.14,1,0.0587186,0,0.5,-0.331068,-0.261331,0.000926218,-0.00163136,0.0989873,0.0812444,0.101711,0.0843634,4630.83,-3493.47,-2728.44,-0.0530711,0.0817844,-15.1961,3539.56,3726.45,132.401,0.0772994,-0.0264727,-15.5015,4824.02,-3781.46,-1381.08,-0.0484346,0.0220397,-13.9557,3495.97,4006.43,-778.719,0.127537,0.0286391,-15.615
11.379,29.1133,-11.826,4.99616,-0.603757,-3.00506,-0.295985,-0.542621,-0.0136563,-0.0011501,2762.26,1,0.0587146,0,0.5,-0.331054,-0.261318,0.00092491,-0.00163118,0.0989872,0.0812443,0.101711,0.0843636,4630.79,-3497.74,-2723.64,-0.0531808,0.0817113,-15.1914,3538.66,3729.99,124.99,0.0775455,-0.0263574,-15.5075,4824.28,-3782.41,-1384.78,-0.0484788,0.022107,-13.9519,3495.89,4004.01,-781.755,0.127067,0.0286694,-15.6236
11.389,29.1029,-11.7768,4.99601,-0.603609,-2.76489,-0.190678,-0.54228,-0.0136557,-0.00115026,2762.32,1,0.058703,0,0.5,-0.331066,-0.261341,0.000934483,-0.00163086,0.0989886,0.0812447,0.101713,0.0843623,4631.65,-3472.83,-2751.36,-0.052526,0.0820909,-15.1943,3537.92,3716.42,127.784,0.0767471,-0.0261939,-15.505,4824.38,-3726.88,-1397.15,-0.0474361,0.0221934,-13.9625,3496.6,3994.32,-794.861,0.125051,0.0287919,-15.6155
11.399,29.0928,-11.7275,4.99621,-0.603767,-3.0961,-0.335553,-0.542889,-0.0136548,-0.00115036,2762.3,1,0.0587241,0,0.5,-0.331063,-0.261329,0.00092508,-0.0016321,0.0989883,0.0812453,0.101711,0.0843631,4629.01,-3487.58,-2731.82,-0.0529301,0.0818037,-15.1961,3539.36,3726.09,136.306,0.0773089,-0.0265742,-15.5035,4822.15,-3775.05,-1369.85,-0.0482479,0.0218322,-13.9688,3497.7,4002.41,-781.532,0.125914,0.0284474,-15.6241
11.409,29.083,-11.6781,4.99623,-0.603734,-3.01767,-0.351476,-0.542781,-0.0136543,-0.00115038,2762.31,1,0.0587098,0,0.5,-0.331072,-0.261336,0.000925697,-0.0016319,0.098987,0.081245,0.101711,0.0843634,4630.3,-3487.69,-2734.46,-0.0529346,0.081882,-15.1926,3539.03,3724.83,131.59,0.0772261,-0.0264314,-15.5071,4823.18,-3770.43,-1381.64,-0.0482261,0.0220267,-13.9582,3496.88,3999.02,-787.411,0.125692,0.0286302,-15.622
11.419,29.0734,-11.6287,4.99636,-0.603794,-3.22644,-0.467893,-0.543085,-0.013654,-0.00115026,2762.33,1,0.0587313,0,0.5,-0.331064,-0.261322,0.000923738,-0.00163462,0.0989858,0.0812457,0.10171,0.0843637,4628.31,-3508.34,-2713.09,-0.0535441,0.0817023,-15.1969,3540.07,3738.28,134.275,0.0780381,-0.0267391,-15.5024,4821.37,-3879.07,-1343.77,-0.0502578,0.0216254,-13.9522,3498,4010.63,-771.346,0.127467,0.0283398,-15.6112
11.429,29.0641,-11.5792,4.99638,-0.603759,-3.16372,-0.490488,-0.542926,-0.0136545,-0.00115006,2762.34,1,0.058724,0,0.5,-0.331077,-0.261332,0.000924046,-0.00163201,0.098986,0.0812458,0.10171,0.0843637,4629.16,-3504.39,-2718.12,-0.0534264,0.0817616,-15.1977,3539.72,3735.48,134.575,0.07788,-0.026699,-15.5018,4821.9,-3880.28,-1348.06,-0.0503092,0.0217034,-13.9469,3497.48,4009.31,-773.138,0.127394,0.0283971,-15.6112
11.439,29.055,-11.5297,4.99627,-0.603792,-3.09011,-0.394028,-0.542881,-0.0136557,-0.00114988,2762.29,1,0.058722,0,0.5,-0.331107,-0.261353,0.000928336,-0.00163145,0.0989862,0.0812449,0.101711,0.0843636,4630.55,-3496.86,-2726.76,-0.0531928,0.0818435,-15.1946,3538.99,3729.11,131.467,0.0775013,-0.0265121,-15.5048,4823.04,-3801.45,-1372.59,-0.0488019,0.021941,-13.9545,3496.19,4005.09,-779.068,0.127051,0.028566,-15.6222
11.449,29.0462,-11.4801,4.99627,-0.603745,-3.0724,-0.428756,-0.542648,-0.0136571,-0.00114976,2762.25,1,0.0587371,0,0.5,-0.331117,-0.261356,0.000927197,-0.00163196,0.0989853,0.0812436,0.101711,0.0843634,4629.47,-3507.51,-2713.91,-0.0534843,0.0816634,-15.1912,3539.39,3733.92,137.235,0.0778146,-0.0267459,-15.5079,4822.21,-3827.26,-1361.57,-0.0492734,0.0218113,-13.9552,3495.9,4011.17,-769.827,0.128265,0.0284356,-15.6263
11.459,29.0377,-11.4305,4.99637,-0.603696,-3.02256,-0.494892,-0.542608,-0.013658,-0.0011496,2762.35,1,0.0587137,0,0.5,-0.331066,-0.261317,0.000922182,-0.00163232,0.0989853,0.0812441,0.101711,0.084362,4629.82,-3502.33,-2718.25,-0.0533237,0.0816624,-15.1961,3539.17,3732.14,135.2,0.0777026,-0.026658,-15.5036,4824.47,-3814.25,-1370.14,-0.0490245,0.0219217,-13.9508,3496.45,4006.07,-779.261,0.127299,0.0286137,-15.6094
11.469,29.0294,-11.3808,4.99632,-0.603692,-2.75458,-0.452847,-0.542491,-0.0136592,-0.00114946,2762.43,1,0.0586784,0,0.5,-0.331079,-0.261328,0.000924607,-0.0016327,0.0989884,0.0812438,0.101711,0.0843614,4636.68,-3444.12,-2784.48,-0.051672,0.0824328,-15.1962,3535.93,3705.31,120.475,0.0761474,-0.025836,-15.5042,4826.24,-3706.36,-1421.73,-0.0471802,0.0225738,-13.947,3493.73,3991.81,-798.868,0.125608,0.0290583,-15.6145
11.479,29.0214,-11.3311,4.99655,-0.603976,-3.35368,-0.66011,-0.54349,-0.0136602,-0.00114955,2762.32,1,0.058741,0,0.5,-0.331075,-0.261322,0.000920514,-0.00163327,0.0989869,0.0812428,0.101711,0.0843608,4629.43,-3509.76,-2713.11,-0.0535644,0.0817153,-15.1968,3539.43,3735.33,131.332,0.0778732,-0.0266201,-15.5025,4822.39,-3838.08,-1357.75,-0.0494692,0.0217684,-13.9542,3496.35,4010.6,-771.388,0.128064,0.0284563,-15.6124
11.489,29.0136,-11.2814,4.99645,-0.603875,-3.17677,-0.572107,-0.543056,-0.0136613,-0.00114968,2762.23,1,0.0587262,0,0.5,-0.331081,-0.261326,0.000922081,-0.0016326,0.0989858,0.0812407,0.101712,0.0843602,4630.58,-3514.48,-2709.55,-0.0536777,0.0816683,-15.189,3539.9,3735.83,132.638,0.0778814,-0.026651,-15.5099,4824.5,-3837.15,-1366.76,-0.0494822,0.0219181,-13.9467,3496.18,4011.21,-772.364,0.12844,0.0285585,-15.6282
11.499,29.0061,-11.2316,4.99618,-0.603581,-2.84014,-0.386043,-0.542141,-0.0136625,-0.00114962,2762.38,1,0.0587295,0,0.5,-0.331168,-0.261384,0.00093658,-0.00163059,0.0989908,0.081239,0.101714,0.0843583,4629.08,-3520.12,-2703.29,-0.0538724,0.0816363,-15.1933,3540.31,3740.54,139.478,0.0781969,-0.0269128,-15.5066,4823.21,-3877.95,-1353.75,-0.0502803,0.0217941,-13.9416,3496.34,4011.57,-772.827,0.128556,0.0285962,-15.6143
11.509,28.9989,-11.1817,4.99648,-0.603817,-2.99577,-0.553604,-0.542918,-0.013662,-0.00114976,2762.44,1,0.0586846,0,0.5,-0.331056,-0.261312,0.000923926,-0.00162557,0.098989,0.0812403,0.101713,0.0843587,4633.12,-3486.1,-2742.09,-0.0528944,0.0820764,-15.1924,3538.19,3726.11,124.248,0.077324,-0.0262767,-15.5078,4825.33,-3789.62,-1396.97,-0.0487074,0.0223385,-13.9371,3494.92,3997.53,-791.198,0.126249,0.0288818,-15.6195
11.519,28.9919,-11.1319,4.99649,-0.603774,-3.06844,-0.613276,-0.542784,-0.0136621,-0.00114985,2762.44,1,0.0587165,0,0.5,-0.331064,-0.261322,0.000923346,-0.00163142,0.0989896,0.0812396,0.101713,0.0843585,4629.8,-3508.35,-2706.12,-0.0533926,0.0813074,-15.1975,3538.45,3735.56,118.616,0.0778861,-0.0262988,-15.5027,4823.63,-3880.93,-1357.87,-0.0503711,0.0218744,-13.9361,3496,4009.46,-777.861,0.128474,0.0287722,-15.6102
11.529,28.9852,-11.082,4.99651,-0.603797,-3.19292,-0.720461,-0.542811,-0.0136627,-0.00115005,2762.4,1,0.0587508,0,0.5,-0.331102,-0.261355,0.000926673,-0.00163165,0.0989898,0.0812381,0.101716,0.0843583,4627.89,-3529.79,-2692.17,-0.0541507,0.081514,-15.2005,3540.31,3746.81,129.702,0.0785573,-0.0267765,-15.4994,4821.19,-3907.46,-1335.11,-0.0508126,0.0215429,-13.9509,3497.43,4019.44,-759.036,0.129483,0.0282312,-15.6017
11.539,28.9788,-11.0321,4.9964,-0.603712,-2.91222,-0.620716,-0.542401,-0.0136632,-0.00115013,2762.47,1,0.0587363,0,0.5,-0.331074,-0.261332,0.000927278,-0.00163137,0.0989886,0.0812376,0.101715,0.0843571,4632.77,-3499.46,-2729.71,-0.0532839,0.0819857,-15.1971,3539.04,3734.28,126.49,0.077804,-0.0264698,-15.5032,4823.74,-3817.27,-1374.96,-0.0491406,0.0220197,-13.9515,3496.2,4009.25,-774.885,0.128015,0.0285774,-15.6135
11.549,28.9726,-10.9821,4.99641,-0.603798,-3.00594,-0.555418,-0.54276,-0.0136639,-0.00115029,2762.45,1,0.0587165,0,0.5,-0.331084,-0.261343,0.000928056,-0.00163173,0.0989889,0.0812367,0.101716,0.0843567,4630.57,-3513.88,-2711.54,-0.0536846,0.0817409,-15.1917,3539.65,3739.11,126.355,0.0780778,-0.0265516,-15.5089,4824,-3796.68,-1380.76,-0.0487495,0.0220713,-13.9491,3495.86,4004.35,-780.731,0.127091,0.0286367,-15.6211
11.559,28.9667,-10.9321,4.99648,-0.603846,-3.08022,-0.698807,-0.542833,-0.0136644,-0.00115047,2762.47,1,0.0587516,0,0.5,-0.331065,-0.261326,0.000925304,-0.00163207,0.0989883,0.0812358,0.101716,0.0843571,4631.56,-3517.36,-2711.16,-0.0537959,0.0818109,-15.1946,3539.59,3743.53,122.311,0.0783498,-0.0265288,-15.5059,4823.25,-3795.43,-1372.44,-0.0486709,0.0219226,-13.9593,3496,4011.92,-771.46,0.12866,0.0285642,-15.6141
11.569,28.961,-10.8821,4.99651,-0.603792,-3.11601,-0.752088,-0.542678,-0.013665,-0.00115069,2762.48,1,0.0587628,0,0.5,-0.331073,-0.261335,0.000928421,-0.00163148,0.0989882,0.0812345,0.101717,0.0843568,4629.32,-3539.88,-2686.37,-0.0544515,0.0815526,-15.1963,3540.5,3756.29,122.833,0.0791381,-0.0267703,-15.5036,4822.25,-3869.31,-1352.88,-0.0501034,0.0217606,-13.9519,3496.36,4020.5,-755.788,0.129948,0.0281956,-15.6033
11.579,28.9556,-10.832,4.99666,-0.603916,-3.3542,-0.91486,-0.543204,-0.0136655,-0.00115097,2762.43,1,0.0587823,0,0.5,-0.331064,-0.261322,0.00092321,-0.00163288,0.0989892,0.0812342,0.101717,0.0843569,4627.68,-3554.01,-2672.4,-0.0548973,0.0814812,-15.1964,3541.62,3764.95,130.648,0.0796926,-0.0271322,-15.5029,4819.69,-3930.86,-1313.25,-0.0511808,0.0212147,-13.9611,3498.24,4026.35,-750.744,0.130853,0.028147,-15.6083
11.589,28.9505,-10.7819,4.99669,-0.603896,-3.23755,-0.83145,-0.54321,-0.0136653,-0.00115118,2762.48,1,0.0587321,0,0.5,-0.331054,-0.26131,0.000922109,-0.0016323,0.0989894,0.0812341,0.101716,0.0843566,4629.08,-3542.79,-2686.08,-0.0545798,0.0816595,-15.1934,3540.47,3757.85,123.291,0.0792481,-0.0268158,-15.507,4822.58,-3945.92,-1338.99,-0.051678,0.0217086,-13.9292,3496.99,4018.06,-763.55,0.12964,0.0284306,-15.6151
11.599,28.9456,-10.7318,4.99655,-0.603788,-3.14663,-0.713144,-0.542843,-0.0136652,-0.00115139,2762.53,1,0.0587314,0,0.5,-0.331095,-0.261348,0.000931654,-0.00163099,0.09899,0.0812323,0.101718,0.0843559,4628.21,-3549.21,-2677.34,-0.0547481,0.0815165,-15.1939,3541.73,3763.29,125.64,0.079543,-0.0269617,-15.5065,4821.79,-4001.68,-1322.28,-0.0528315,0.0215601,-13.9225,3497.59,4021.1,-758.877,0.130019,0.0283158,-15.6205
11.609,28.941,-10.6817,4.99675,-0.603888,-3.26583,-0.854183,-0.543334,-0.0136645,-0.00115149,2762.61,1,0.058718,0,0.5,-0.33106,-0.261308,0.000922663,-0.00163287,0.0989886,0.0812334,0.101716,0.0843562,4628.33,-3561.41,-2669.57,-0.0551538,0.0815996,-15.1918,3541.04,3769.25,118.98,0.079961,-0.026914,-15.5094,4822.47,-4018.45,-1325.21,-0.0532373,0.0216581,-13.9099,3497.62,4017.82,-764.684,0.129427,0.0284323,-15.6165
11.619,28.9367,-10.6315,4.99651,-0.603684,-2.89979,-0.615027,-0.542542,-0.0136645,-0.00115149,2762.64,1,0.0586906,0,0.5,-0.3311,-0.26134,0.000933855,-0.00163112,0.0989897,0.0812327,0.101718,0.0843558,4630.82,-3548.78,-2685.14,-0.0547697,0.0817675,-15.1895,3539.86,3761.53,111.049,0.079471,-0.0265675,-15.5117,4824.58,-3961.09,-1358.82,-0.052155,0.0221041,-13.9037,3496.01,4009.61,-776.687,0.128399,0.028714,-15.6196
11.629,28.9326,-10.5813,4.99675,-0.603724,-2.96301,-0.852157,-0.542749,-0.0136642,-0.00115154,2762.62,1,0.0586893,0,0.5,-0.331062,-0.261306,0.000922219,-0.00163268,0.0989875,0.081233,0.101716,0.0843558,4632.03,-3535.85,-2698.24,-0.0543761,0.0818616,-15.1981,3539.93,3755.11,109.126,0.0790248,-0.0263894,-15.5025,4824.53,-3909.05,-1366.24,-0.0510437,0.0220966,-13.9208,3496.19,4005.77,-781.995,0.127568,0.0287646,-15.6001
11.639,28.9288,-10.5311,4.9966,-0.603739,-2.95034,-0.79069,-0.542717,-0.0136649,-0.0011516,2762.6,1,0.0587246,0,0.5,-0.331054,-0.261292,0.000922549,-0.00163372,0.0989867,0.0812325,0.101717,0.0843558,4631.83,-3534.46,-2699.12,-0.0543373,0.0818586,-15.1881,3540.11,3754.94,112.342,0.0790182,-0.0264673,-15.5132,4824.24,-3793.17,-1381.74,-0.0486791,0.0220792,-13.9543,3496.37,4005.63,-780.591,0.127314,0.0286669,-15.6226
11.649,28.9253,-10.4809,4.9966,-0.603727,-2.86391,-0.814247,-0.542588,-0.0136656,-0.00115146,2762.74,1,0.0587254,0,0.5,-0.33108,-0.261314,0.000923934,-0.00163318,0.0989882,0.0812324,0.101718,0.0843556,4633.99,-3514.14,-2721.54,-0.0537426,0.0820911,-15.1935,3538.3,3745.98,109.598,0.0785306,-0.0262572,-15.5087,4824.48,-3754.25,-1397.88,-0.047997,0.0222716,-13.9533,3495.09,4003.49,-784.382,0.127446,0.0288398,-15.611
11.659,28.922,-10.4306,4.99663,-0.603846,-3.03175,-0.865807,-0.542875,-0.0136668,-0.00115142,2762.59,1,0.0587523,0,0.5,-0.331091,-0.26132,0.000924336,-0.00163236,0.0989884,0.0812323,0.101719,0.0843553,4630.89,-3530.92,-2700.58,-0.0542342,0.0818391,-15.1882,3538.44,3749.4,115.905,0.078779,-0.0264911,-15.5129,4823.81,-3714.08,-1396.38,-0.0471823,0.0221521,-13.9684,3495.02,4007.6,-778.052,0.128214,0.0287395,-15.6141
11.669,28.919,-10.3804,4.99679,-0.603913,-3.29767,-1.04825,-0.54311,-0.0136677,-0.00115137,2762.62,1,0.0587805,0,0.5,-0.331069,-0.261305,0.000921587,-0.00163251,0.0989881,0.0812315,0.101718,0.0843552,4626.41,-3576.79,-2651.23,-0.0556003,0.0813804,-15.1898,3540.99,3775.25,115.363,0.0803597,-0.0269361,-15.5116,4821.73,-3933.16,-1330.65,-0.0513367,0.0215267,-13.9419,3496.86,4026.75,-750.326,0.13155,0.0282581,-15.6129
11.679,28.9162,-10.3301,4.99665,-0.603738,-2.95359,-0.864752,-0.542606,-0.0136687,-0.00115112,2762.72,1,0.0587361,0,0.5,-0.331104,-0.261334,0.000926322,-0.00163235,0.0989906,0.081231,0.101718,0.0843538,4631.03,-3533.69,-2697.2,-0.0542974,0.0817714,-15.1902,3539.67,3753.32,116.791,0.0789625,-0.0265654,-15.5122,4824.55,-3854.77,-1371.65,-0.0498992,0.0220514,-13.9371,3495.55,4012.81,-771.689,0.129175,0.0286651,-15.6191
11.689,28.9137,-10.2798,4.99664,-0.603696,-2.88398,-0.846239,-0.542496,-0.0136691,-0.001151,2762.66,1,0.0587241,0,0.5,-0.331088,-0.261326,0.000925251,-0.00163258,0.0989906,0.081231,0.101719,0.084353,4631.91,-3521.46,-2709.13,-0.0539314,0.0818495,-15.1939,3539.32,3746.47,118.193,0.0785383,-0.0264753,-15.5085,4824.19,-3861.99,-1369.33,-0.050043,0.0220299,-13.9376,3495.76,4010.54,-774.626,0.128599,0.0286733,-15.6223
11.699,28.9115,-10.2295,4.99677,-0.603789,-2.86808,-0.976705,-0.542594,-0.01367,-0.00115087,2762.72,1,0.0587227,0,0.5,-0.331059,-0.261308,0.000922504,-0.00163249,0.0989906,0.0812312,0.101719,0.0843525,4634.72,-3500.38,-2733.13,-0.0533124,0.0821069,-15.2006,3538.21,3737.85,113.57,0.0780242,-0.0262111,-15.5017,4824.83,-3806.34,-1390.02,-0.0490111,0.022258,-13.9406,3494.56,4008.46,-778.105,0.128694,0.0288285,-15.6007
11.709,28.9095,-10.1792,4.99661,-0.603762,-2.85271,-0.920869,-0.542375,-0.0136717,-0.00115094,2762.55,1,0.0587636,0,0.5,-0.331085,-0.26133,0.000926648,-0.00163218,0.0989902,0.0812289,0.101722,0.0843522,4633.58,-3513.96,-2717.34,-0.0536845,0.0818964,-15.1901,3538.73,3743.37,117.851,0.0783725,-0.0264181,-15.5106,4821.75,-3749.6,-1381.13,-0.0478205,0.0219747,-13.9723,3494.17,4014.03,-767.716,0.129732,0.0286221,-15.6129
11.719,28.9078,-10.1289,4.99668,-0.603807,-2.87064,-0.90268,-0.542518,-0.0136728,-0.00115083,2762.67,1,0.0587277,0,0.5,-0.331079,-0.261332,0.000926939,-0.00163245,0.0989928,0.0812286,0.101721,0.0843508,4632.94,-3518.66,-2713.83,-0.0538508,0.0819299,-15.192,3538.56,3745.03,116.101,0.0784832,-0.0264078,-15.51,4825.41,-3816.1,-1384.26,-0.0491598,0.022176,-13.9399,3494.99,4011.23,-775.102,0.129194,0.0288002,-15.6154
11.729,28.9064,-10.0786,4.99676,-0.60386,-3.05828,-1.01143,-0.542963,-0.0136731,-0.0011509,2762.65,1,0.0587522,0,0.5,-0.331072,-0.261331,0.000923482,-0.00163247,0.0989927,0.0812281,0.101722,0.0843507,4630.73,-3534.66,-2694.8,-0.0543117,0.0817049,-15.189,3540.13,3753.59,122.774,0.0789816,-0.0267239,-15.5131,4822.41,-3861.2,-1357.73,-0.0499647,0.0218267,-13.9505,3495.72,4016.96,-764.419,0.129837,0.0285057,-15.6287
11.739,28.9052,-10.0282,4.99687,-0.603783,-2.99275,-1.05742,-0.543036,-0.0136729,-0.00115084,2762.62,1,0.0587202,0,0.5,-0.331048,-0.261307,0.000931416,-0.00162765,0.0989933,0.081229,0.101722,0.084349,4629.7,-3528.65,-2697.74,-0.0541326,0.0816626,-15.2015,3539.9,3748.6,122.324,0.078663,-0.0266193,-15.4998,4822.6,-3884.07,-1352.31,-0.0504135,0.0217867,-13.9459,3496.89,4010.16,-772.771,0.127855,0.0284672,-15.5988
11.749,28.9043,-9.97789,4.99673,-0.60382,-3.03307,-0.90912,-0.542731,-0.0136734,-0.00115095,2762.6,1,0.0587192,0,0.5,-0.331077,-0.261347,0.000929023,-0.00163167,0.0989947,0.0812268,0.101723,0.0843488,4628.2,-3541.63,-2679.83,-0.0544605,0.0813504,-15.1954,3540.69,3756.25,122.968,0.0791236,-0.0267701,-15.5066,4822.52,-3917.84,-1340.61,-0.0510625,0.0216634,-13.9383,3497.37,4014.4,-767.073,0.128555,0.0283729,-15.6241
11.759,28.9037,-9.92754,4.99671,-0.603766,-2.88747,-0.892134,-0.542676,-0.013673,-0.00115097,2762.7,1,0.0587107,0,0.5,-0.331076,-0.261352,0.000932513,-0.00163164,0.0989943,0.0812266,0.101724,0.0843484,4631.51,-3532.34,-2701.34,-0.0542894,0.0819008,-15.194,3539.21,3752.22,114.753,0.0789099,-0.0265011,-15.5084,4823.4,-3888.57,-1360.79,-0.050567,0.0219482,-13.9342,3496.49,4007.41,-777.791,0.127586,0.0286098,-15.6103
11.769,28.9033,-9.87719,4.99673,-0.603774,-2.99059,-0.956405,-0.542618,-0.0136729,-0.00115105,2762.62,1,0.058733,0,0.5,-0.331078,-0.261349,0.000929212,-0.00163147,0.0989945,0.0812265,0.101724,0.084349,4628.31,-3534.61,-2688.3,-0.0542869,0.0814888,-15.1957,3541.5,3754.12,129.951,0.0789639,-0.0268995,-15.5062,4821.77,-3863.85,-1348.16,-0.0499558,0.021664,-13.9558,3497.33,4015.76,-765.487,0.128882,0.0283702,-15.6181
11.779,28.9032,-9.82684,4.99682,-0.60383,-3.03298,-1.0873,-0.542772,-0.0136727,-0.00115111,2762.75,1,0.0587527,0,0.5,-0.331063,-0.261324,0.000924448,-0.00163247,0.0989937,0.0812263,0.101723,0.0843493,4629.7,-3533.43,-2692.51,-0.0542567,0.0815901,-15.197,3540.95,3754.86,123.715,0.0790167,-0.0267573,-15.506,4821.83,-3864.74,-1349.48,-0.0499848,0.0216898,-13.9547,3497.03,4017.61,-763.425,0.129445,0.0283919,-15.6159
11.789,28.9034,-9.77649,4.99675,-0.603776,-2.83992,-0.998484,-0.542568,-0.013673,-0.00115128,2762.68,1,0.0587307,0,0.5,-0.331053,-0.261309,0.000925287,-0.00163162,0.0989927,0.0812261,0.101724,0.0843492,4632.6,-3518.33,-2712.89,-0.053834,0.0818847,-15.1914,3539.23,3743.64,117.713,0.0783557,-0.0264099,-15.5115,4823.9,-3740.79,-1391.78,-0.0476849,0.0221332,-13.9636,3495.53,4006.51,-779.942,0.127847,0.0287419,-15.6181
11.799,28.9038,-9.72614,4.99681,-0.603778,-2.92669,-1.05551,-0.542729,-0.0136733,-0.00115142,2762.67,1,0.0587333,0,0.5,-0.331063,-0.261314,0.00092491,-0.00163229,0.098994,0.0812264,0.101724,0.0843487,4630.36,-3518.86,-2709.13,-0.0538688,0.0818168,-15.1952,3539.99,3744.46,126.238,0.0784038,-0.0266402,-15.5072,4822.34,-3812.73,-1363.57,-0.0489797,0.0218105,-13.9635,3496.92,4010.57,-772.599,0.127965,0.0284798,-15.6191
11.809,28.9045,-9.67579,4.99682,-0.60368,-2.78926,-1.00193,-0.54243,-0.0136733,-0.00115164,2762.62,1,0.0587007,0,0.5,-0.331076,-0.26132,0.000928316,-0.00163199,0.0989943,0.0812263,0.101725,0.0843477,4631.59,-3500.48,-2726.59,-0.0533156,0.0819224,-15.2061,3539,3733.55,124.085,0.0777472,-0.0263935,-15.4953,4822.68,-3798.52,-1370.02,-0.0487267,0.0218898,-13.9648,3497.2,4001.74,-783.434,0.12605,0.0285442,-15.5959
11.819,28.9054,-9.62545,4.99679,-0.603817,-2.83173,-1.05332,-0.542664,-0.0136738,-0.00115202,2762.57,1,0.0587339,0,0.5,-0.331059,-0.2613,0.000922792,-0.00163281,0.098992,0.0812255,0.101726,0.084349,4634.07,-3493.96,-2737.45,-0.0531259,0.0821036,-15.1971,3537.79,3730.15,119.101,0.0775826,-0.0262209,-15.5049,4822.7,-3639.23,-1400.8,-0.0457601,0.0220655,-13.9945,3495.83,4000.66,-785.021,0.12633,0.0286616,-15.6147
11.829,28.9066,-9.57511,4.99683,-0.603841,-2.95534,-1.16303,-0.542662,-0.0136749,-0.00115222,2762.63,1,0.0587695,0,0.5,-0.331077,-0.261308,0.000923317,-0.00163202,0.0989922,0.0812241,0.101726,0.0843487,4630.08,-3508.06,-2716.78,-0.0535342,0.0817954,-15.198,3540.85,3733.58,137.908,0.0777004,-0.0267265,-15.5046,4821.8,-3735.07,-1368.99,-0.0474318,0.0217246,-13.9872,3496.84,4012.12,-769.509,0.128213,0.0284082,-15.6146
11.839,28.9081,-9.52478,4.99686,-0.603836,-2.90145,-1.19563,-0.542588,-0.0136761,-0.00115244,2762.66,1,0.0587679,0,0.5,-0.331063,-0.261294,0.000921736,-0.00163355,0.0989916,0.0812233,0.101727,0.0843487,4631.67,-3510.1,-2717.64,-0.053584,0.0818462,-15.1994,3539.28,3739.4,127.799,0.0781275,-0.0265967,-15.503,4822.21,-3703.92,-1379.39,-0.046879,0.0218354,-13.9897,3496.18,4012.88,-769.079,0.128682,0.0284777,-15.6094
11.849,28.9098,-9.47446,4.99679,-0.603776,-2.7562,-1.11686,-0.542468,-0.0136771,-0.00115265,2762.66,1,0.0587543,0,0.5,-0.331072,-0.261303,0.000924369,-0.00163255,0.0989922,0.0812229,0.101728,0.084348,4634.71,-3488.37,-2743.23,-0.0529602,0.0821476,-15.1954,3538.29,3728.58,129.13,0.0774985,-0.0264442,-15.5076,4823.13,-3675.49,-1394,-0.0464099,0.0220246,-13.9889,3495.9,4007.87,-777.545,0.127929,0.0286653,-15.6159
11.859,28.9118,-9.42415,4.99675,-0.603743,-2.59196,-1.07948,-0.542256,-0.0136779,-0.00115283,2762.61,1,0.0587443,0,0.5,-0.331072,-0.261305,0.000925262,-0.00163244,0.0989933,0.0812223,0.101729,0.0843478,4637.69,-3451.65,-2780.72,-0.051899,0.0824836,-15.1953,3536,3713.92,113.577,0.0766441,-0.0258061,-15.5072,4823.53,-3580.15,-1419.23,-0.0447516,0.0222561,-14.0022,3494.79,4004.45,-782.199,0.127653,0.0287963,-15.6125
11.869,28.9141,-9.37385,4.99691,-0.603956,-3.17652,-1.33567,-0.543177,-0.0136781,-0.00115302,2762.59,1,0.0588143,0,0.5,-0.331104,-0.261321,0.000923276,-0.00164074,0.098994,0.0812216,0.101729,0.0843473,4626.04,-3524.45,-2692.66,-0.0539858,0.0814176,-15.197,3540.32,3742.43,139.137,0.0783192,-0.026944,-15.5058,4819.62,-3765.36,-1344.82,-0.0479026,0.0213763,-13.9993,3497.6,4023.23,-752.65,0.130127,0.0281001,-15.6138
11.879,28.9167,-9.32356,4.99688,-0.603773,-2.741,-1.12757,-0.54251,-0.0136778,-0.00115311,2762.6,1,0.0587236,0,0.5,-0.33107,-0.261305,0.000922739,-0.00163258,0.0989935,0.0812215,0.101728,0.0843471,4632.56,-3482.27,-2744.26,-0.0527868,0.0820593,-15.1928,3538.09,3721.29,130.993,0.0770576,-0.0263618,-15.5096,4824.03,-3707.31,-1399.08,-0.0470637,0.0221835,-13.9698,3495.19,4005.19,-781.013,0.127637,0.0287472,-15.6184
11.889,28.9195,-9.27328,4.99691,-0.603754,-2.76414,-1.17676,-0.542507,-0.0136776,-0.00115313,2762.66,1,0.0587299,0,0.5,-0.331041,-0.261287,0.000923586,-0.00163022,0.0989943,0.0812218,0.101729,0.0843468,4631.49,-3476.47,-2742.68,-0.0525543,0.0818132,-15.1989,3538.05,3717.33,129.724,0.076805,-0.0262554,-15.5041,4823.34,-3715.16,-1392.44,-0.0471822,0.0220872,-13.9749,3495.76,4006.45,-778.688,0.127613,0.0286523,-15.6125
11.899,28.9225,-9.22302,4.99692,-0.603914,-3.07375,-1.26239,-0.543043,-0.0136774,-0.0011531,2762.68,1,0.0587709,0,0.5,-0.331075,-0.26131,0.000925061,-0.00163132,0.0989947,0.0812214,0.101729,0.0843465,4627.21,-3502.19,-2714.02,-0.0533315,0.0815633,-15.1936,3539.73,3731.47,141.627,0.077658,-0.0268093,-15.5103,4820.74,-3758.81,-1359.42,-0.0478598,0.021615,-13.9855,3497.28,4014.61,-764.979,0.128442,0.0282759,-15.6204
11.909,28.9258,-9.17278,4.99677,-0.603686,-2.72998,-1.03199,-0.542269,-0.0136772,-0.00115285,2762.65,1,0.0587281,0,0.5,-0.331101,-0.261346,0.0009305,-0.00163192,0.0989965,0.0812214,0.10173,0.084346,4630.02,-3478.79,-2739.51,-0.0526471,0.081807,-15.1964,3538.61,3718.3,139.371,0.0768784,-0.0265202,-15.5072,4822.9,-3740.27,-1382.65,-0.0476218,0.0219743,-13.9716,3496.06,4007.42,-776.445,0.127607,0.0285658,-15.6225
11.919,28.9294,-9.12256,4.99685,-0.603735,-2.75154,-1.10361,-0.542401,-0.013677,-0.00115255,2762.76,1,0.0587236,0,0.5,-0.331088,-0.261345,0.000929613,-0.00163207,0.0989964,0.0812216,0.101729,0.0843455,4630.85,-3480.54,-2739.84,-0.0526988,0.0818536,-15.1998,3538.51,3721.28,134.341,0.0770476,-0.0264455,-15.5047,4823.07,-3765,-1383.17,-0.048128,0.0220417,-13.9609,3495.85,4007.2,-776.919,0.127656,0.0285934,-15.6177
11.929,28.9333,-9.07235,4.99693,-0.60378,-2.81882,-1.20149,-0.542637,-0.0136772,-0.00115235,2762.65,1,0.0587324,0,0.5,-0.331058,-0.261316,0.000923984,-0.00163252,0.0989941,0.0812217,0.101729,0.084346,4630.61,-3495.56,-2726.4,-0.0531366,0.0817704,-15.1931,3539.1,3728.6,135.105,0.0774796,-0.0265899,-15.5105,4822.45,-3757.8,-1377.64,-0.0479484,0.0219288,-13.9715,3496.04,4009.9,-773.53,0.128159,0.0285542,-15.6269
11.939,28.9374,-9.02217,4.99697,-0.603756,-2.70549,-1.26976,-0.542366,-0.0136782,-0.00115217,2762.61,1,0.0587369,0,0.5,-0.331044,-0.261305,0.000923111,-0.00163291,0.0989945,0.0812217,0.10173,0.0843457,4632.94,-3468.17,-2754.56,-0.0523409,0.0820197,-15.2042,3537.52,3712.14,132.647,0.0765278,-0.0262471,-15.4987,4822.65,-3703.01,-1386.76,-0.0469081,0.0219617,-13.9848,3495.73,4008.19,-775.036,0.127842,0.0285567,-15.6091
11.949,28.9418,-8.97201,4.99694,-0.603786,-2.71311,-1.25378,-0.54229,-0.0136798,-0.00115204,2762.76,1,0.0587465,0,0.5,-0.331051,-0.261319,0.000926426,-0.0016324,0.0989949,0.0812201,0.101729,0.084345,4632.54,-3471.47,-2749.06,-0.0524092,0.0818933,-15.2024,3538.67,3715.75,136.949,0.0767023,-0.0264054,-15.5017,4823.29,-3737.52,-1384.71,-0.047575,0.0220024,-13.9704,3495.06,4012.45,-771.051,0.129164,0.0286422,-15.6128
11.959,28.9465,-8.92187,4.9971,-0.603833,-2.63957,-1.44845,-0.542387,-0.0136815,-0.00115201,2762.84,1,0.0587569,0,0.5,-0.331047,-0.26131,0.000923682,-0.00163294,0.0989938,0.0812188,0.101729,0.084344,4636.13,-3474.58,-2753.99,-0.0525006,0.0820992,-15.2084,3536.57,3717.23,114.651,0.07682,-0.0258859,-15.4955,4824.42,-3720.67,-1399.65,-0.0473295,0.022223,-13.9653,3494.02,4010.22,-776.948,0.129405,0.0289135,-15.5907
11.969,28.9514,-8.87175,4.99699,-0.603915,-2.78416,-1.43625,-0.542493,-0.013684,-0.00115221,2762.72,1,0.0587973,0,0.5,-0.331048,-0.261307,0.000923323,-0.00163386,0.0989934,0.0812168,0.101731,0.0843437,4633.5,-3508.87,-2719.26,-0.0534997,0.0818022,-15.1947,3538.61,3737.07,124.197,0.0780011,-0.026469,-15.5087,4823.03,-3684.68,-1388.64,-0.0465526,0.0219513,-13.9898,3494.36,4020.34,-760.217,0.131221,0.0285937,-15.6128
11.979,28.9565,-8.82167,4.997,-0.603856,-2.68327,-1.41314,-0.542533,-0.0136853,-0.00115228,2762.9,1,0.0587807,0,0.5,-0.331049,-0.261305,0.000924885,-0.00163261,0.0989953,0.0812161,0.101731,0.084342,4633.82,-3507.94,-2726.3,-0.0535593,0.0820936,-15.195,3537.61,3738.04,116.979,0.0780928,-0.0263139,-15.5096,4823.82,-3714.14,-1392.72,-0.0471556,0.0220873,-13.9747,3494.23,4014.56,-770.242,0.130191,0.0287967,-15.6069
11.989,28.962,-8.77161,4.99695,-0.603849,-2.74635,-1.36164,-0.542477,-0.0136858,-0.00115242,2762.83,1,0.0587803,0,0.5,-0.331065,-0.261317,0.000926426,-0.00163246,0.0989978,0.0812158,0.101733,0.0843413,4631.17,-3506.12,-2718.81,-0.0534489,0.081776,-15.1956,3538.61,3736.77,124.154,0.0779811,-0.0264643,-15.5085,4823.06,-3671.61,-1395.02,-0.0463422,0.0220342,-13.9898,3494.72,4015.74,-766.655,0.130031,0.0286298,-15.6026
11.999,28.9677,-8.72158,4.99699,-0.603879,-2.85403,-1.4203,-0.542734,-0.0136853,-0.00115261,2762.76,1,0.0587855,0,0.5,-0.331083,-0.261327,0.000926761,-0.00163245,0.0989997,0.0812157,0.101734,0.0843407,4629.25,-3513.32,-2709.61,-0.0536729,0.0816807,-15.1959,3539.33,3739.97,129.182,0.0781688,-0.0266472,-15.5073,4821.42,-3708.35,-1375.12,-0.0469489,0.0217735,-13.9933,3496.03,4018.36,-762.472,0.130018,0.0284612,-15.6124
12.009,28.9736,-8.67158,4.99704,-0.603871,-2.87275,-1.46282,-0.542679,-0.0136845,-0.0011528,2762.77,1,0.058783,0,0.5,-0.331112,-0.261338,0.000930461,-0.00163195,0.0990001,0.0812145,0.101734,0.0843401,4628.89,-3516.5,-2706.28,-0.0537671,0.081655,-15.2044,3539.99,3741.73,131.354,0.0782528,-0.0267272,-15.4995,4820.81,-3821.06,-1349.33,-0.0490708,0.0215831,-13.9735,3496.99,4022.57,-756.624,0.130574,0.0283297,-15.5994
12.019,28.9799,-8.62161,4.99708,-0.603812,-2.64954,-1.44469,-0.54258,-0.0136837,-0.00115308,2762.77,1,0.0587534,0,0.5,-0.331075,-0.261302,0.000925529,-0.00163218,0.0989963,0.0812138,0.101733,0.0843407,4633.86,-3503.47,-2734.17,-0.0534873,0.082307,-15.1979,3539.49,3735.38,136.51,0.0778966,-0.0267465,-15.5058,4823.04,-3737.82,-1389.69,-0.0476235,0.0220927,-13.9688,3495.6,4014.17,-771.303,0.129609,0.028727,-15.6061
12.029,28.9864,-8.57168,4.99693,-0.603764,-2.53971,-1.26175,-0.542257,-0.0136835,-0.00115325,2762.83,1,0.0587414,0,0.5,-0.331089,-0.261303,0.000929254,-0.00163261,0.0989968,0.0812136,0.101734,0.084341,4634.78,-3491.67,-2740.63,-0.0530575,0.0821419,-15.1938,3538.05,3731.11,116.957,0.077616,-0.0261744,-15.51,4824.31,-3650.41,-1417.3,-0.0460717,0.0223737,-13.9762,3494.23,4008.59,-779.809,0.129047,0.0289562,-15.6099
12.039,28.9931,-8.52178,4.99713,-0.603913,-2.88813,-1.61899,-0.542793,-0.0136834,-0.00115342,2762.78,1,0.0588062,0,0.5,-0.331097,-0.261308,0.000925185,-0.00163255,0.0989963,0.0812133,0.101734,0.0843413,4628.88,-3534.03,-2691.98,-0.0542982,0.0816233,-15.197,3540.15,3752.01,125.053,0.0788868,-0.0267522,-15.5068,4821.1,-3773.1,-1361.3,-0.0481602,0.0216802,-13.9818,3496.46,4025.73,-753.413,0.131681,0.0284001,-15.6014
12.049,29.0001,-8.47191,4.99704,-0.603813,-2.67677,-1.4241,-0.542469,-0.0136834,-0.0011536,2762.78,1,0.0587621,0,0.5,-0.331106,-0.26131,0.000927519,-0.00163255,0.0989957,0.0812131,0.101734,0.0843413,4632.24,-3512.87,-2717.37,-0.0536787,0.0819143,-15.1956,3538.9,3740.97,120.233,0.0782153,-0.0264328,-15.5085,4822.76,-3734.82,-1388.94,-0.047562,0.0220739,-13.9721,3495.24,4017.76,-765.453,0.130449,0.028653,-15.6075
12.059,29.0074,-8.42209,4.99704,-0.60382,-2.75459,-1.4507,-0.542562,-0.0136835,-0.00115371,2762.78,1,0.0587745,0,0.5,-0.331116,-0.261316,0.000928088,-0.00163244,0.0989958,0.0812129,0.101734,0.0843411,4630.13,-3530.52,-2695.62,-0.0541647,0.0816142,-15.1915,3539.13,3748.99,115.001,0.0787016,-0.0264432,-15.5125,4822.17,-3787.46,-1370.43,-0.0485088,0.0218725,-13.9681,3495.85,4021.08,-759.856,0.130838,0.0285043,-15.6181
12.069,29.0149,-8.3723,4.99702,-0.603701,-2.45019,-1.36646,-0.542093,-0.0136837,-0.00115372,2762.9,1,0.0587458,0,0.5,-0.331092,-0.261304,0.000929866,-0.00163242,0.0989954,0.081213,0.101734,0.084341,4636.43,-3482.02,-2754.4,-0.0528102,0.0823804,-15.1995,3537.54,3732.23,114.142,0.0777066,-0.0261284,-15.5047,4823.63,-3749.94,-1394.08,-0.0478939,0.0221974,-13.9639,3495.15,4014.93,-772.069,0.130155,0.0288523,-15.6042
12.079,29.0227,-8.32255,4.99707,-0.603732,-2.6243,-1.41268,-0.542208,-0.0136845,-0.00115382,2762.83,1,0.0587475,0,0.5,-0.331116,-0.261323,0.000930282,-0.00163231,0.0989961,0.081212,0.101734,0.0843403,4630.16,-3545.99,-2686.15,-0.0546876,0.0817354,-15.1973,3539.28,3755.69,116.307,0.0791448,-0.0266026,-15.5066,4823.04,-3835.5,-1369.8,-0.0494992,0.0219764,-13.9475,3495.54,4018.9,-762.964,0.130478,0.0285618,-15.6091
12.089,29.0308,-8.27285,4.99718,-0.603839,-2.72889,-1.54032,-0.542655,-0.013685,-0.00115381,2762.93,1,0.0587494,0,0.5,-0.331084,-0.261312,0.000924769,-0.0016331,0.098996,0.081212,0.101733,0.0843406,4631,-3531.62,-2698.66,-0.054233,0.0817646,-15.1921,3539.5,3751.66,121.155,0.0788855,-0.026651,-15.5124,4823.16,-3836.01,-1369.95,-0.049509,0.0219796,-13.9486,3495.42,4018.4,-764.332,0.130488,0.0286164,-15.6177
12.099,29.0391,-8.22319,4.99717,-0.603768,-2.45608,-1.43146,-0.542396,-0.0136854,-0.00115365,2763,1,0.0587074,0,0.5,-0.331058,-0.261298,0.000926999,-0.00163276,0.0989957,0.0812122,0.101733,0.08434,4637.75,-3491.19,-2748.43,-0.0530648,0.0823784,-15.1964,3536.64,3736.28,101.572,0.0779663,-0.0258885,-15.5089,4825.18,-3798.88,-1402.79,-0.0489511,0.0224676,-13.9348,3493.93,4009.52,-779.551,0.129473,0.0290237,-15.6114
12.109,29.0477,-8.17357,4.99732,-0.603892,-2.72866,-1.68447,-0.542813,-0.0136862,-0.00115362,2762.85,1,0.0587486,0,0.5,-0.331056,-0.261298,0.000921972,-0.00163269,0.0989947,0.0812113,0.101733,0.0843396,4632.35,-3540.67,-2694.3,-0.0545123,0.0818387,-15.1929,3539.09,3757.01,112.766,0.0792275,-0.0265387,-15.5108,4823.07,-3839.95,-1368.61,-0.0495839,0.0219658,-13.9496,3495.3,4019.53,-762.899,0.130815,0.0286193,-15.6065
12.119,29.0566,-8.124,4.99714,-0.603797,-2.65658,-1.5531,-0.542407,-0.0136871,-0.00115358,2762.84,1,0.0587673,0,0.5,-0.331068,-0.261319,0.000927306,-0.00163257,0.0989959,0.08121,0.101736,0.084339,4631.07,-3538.76,-2691.29,-0.0544252,0.0816729,-15.1928,3539.76,3754.68,120.53,0.0790664,-0.0266866,-15.5113,4822.76,-3755.67,-1374.74,-0.0478768,0.0218705,-13.9744,3495.44,4019.11,-764.339,0.13076,0.0286629,-15.6088
12.129,29.0657,-8.07447,4.99721,-0.603856,-2.752,-1.60498,-0.542759,-0.0136872,-0.00115343,2762.97,1,0.0587604,0,0.5,-0.331039,-0.261289,0.000922407,-0.00163269,0.0989967,0.0812108,0.101735,0.0843383,4629.99,-3522.61,-2701.98,-0.0539313,0.0816275,-15.1972,3540.24,3748.9,125.951,0.078679,-0.026712,-15.508,4821.95,-3768.26,-1372.63,-0.048133,0.0218666,-13.9769,3495.78,4016.62,-764.941,0.129741,0.028508,-15.6183
12.139,29.075,-8.02499,4.99717,-0.60381,-2.63479,-1.47966,-0.542636,-0.0136876,-0.00115333,2762.93,1,0.058725,0,0.5,-0.331056,-0.261321,0.00092707,-0.00163254,0.0989977,0.0812101,0.101735,0.084337,4632.17,-3515.82,-2714.63,-0.0537669,0.0818928,-15.1935,3538.55,3742.06,119.763,0.0783076,-0.0264478,-15.5124,4823.23,-3769.28,-1383.63,-0.0482167,0.0220594,-13.962,3495.66,4007.64,-777.274,0.127911,0.0286528,-15.6232
12.149,29.0847,-7.97557,4.9973,-0.603846,-2.71391,-1.61648,-0.54291,-0.0136873,-0.00115315,2762.95,1,0.0587241,0,0.5,-0.331041,-0.261297,0.000922464,-0.00163355,0.0989977,0.0812111,0.101734,0.0843367,4630.89,-3518.61,-2708.75,-0.0538359,0.0817675,-15.1968,3539.29,3744.66,121.001,0.0784361,-0.0265176,-15.5085,4822.47,-3814.9,-1369.51,-0.0490703,0.0219219,-13.9591,3496.23,4010.79,-773.193,0.128359,0.0285748,-15.616
12.159,29.0945,-7.92619,4.99733,-0.603852,-2.70296,-1.65236,-0.542828,-0.0136874,-0.00115302,2762.9,1,0.0587273,0,0.5,-0.331042,-0.261295,0.000922817,-0.00163358,0.0989982,0.0812113,0.101734,0.0843365,4631.09,-3519.27,-2709.79,-0.0538739,0.0818327,-15.1996,3539.22,3744.03,124.165,0.0784154,-0.0265904,-15.5053,4822.29,-3833.91,-1363.64,-0.0494294,0.0218649,-13.9561,3496.43,4013.22,-769.605,0.128762,0.0285094,-15.6127
12.169,29.1047,-7.87687,4.99728,-0.603788,-2.56466,-1.53241,-0.542654,-0.0136879,-0.00115284,2762.97,1,0.0587,0,0.5,-0.331044,-0.261305,0.00092545,-0.00163277,0.0989993,0.0812109,0.101734,0.084336,4633.77,-3508.39,-2726.04,-0.0535767,0.0820988,-15.1917,3537.88,3736.27,118.046,0.0779646,-0.0263023,-15.5147,4823.93,-3856.54,-1376.14,-0.0499864,0.0221405,-13.9345,3495.53,4007.2,-778.818,0.127966,0.0287208,-15.6312
12.179,29.1151,-7.8276,4.99736,-0.603795,-2.67178,-1.63985,-0.542814,-0.0136882,-0.00115251,2762.98,1,0.0587086,0,0.5,-0.331048,-0.261303,0.000923698,-0.00163219,0.099001,0.0812116,0.101734,0.0843352,4629.69,-3526.73,-2704.11,-0.0541518,0.0818953,-15.1945,3540.16,3749.17,133.049,0.07874,-0.0269085,-15.512,4822.73,-3900.35,-1352.02,-0.0507661,0.0218236,-13.937,3496.61,4011.71,-771.948,0.128406,0.0285342,-15.6193
12.189,29.1258,-7.77838,4.9974,-0.603818,-2.64413,-1.64032,-0.542923,-0.0136882,-0.00115219,2762.96,1,0.0586915,0,0.5,-0.331036,-0.261288,0.000921859,-0.00163465,0.0990016,0.0812129,0.101734,0.0843348,4631.62,-3498.51,-2728.56,-0.0532606,0.0819429,-15.2004,3538.37,3731.87,124.735,0.0776832,-0.0263915,-15.5055,4822.96,-3845.54,-1370.06,-0.0497174,0.0220068,-13.9461,3496.3,4005.06,-779.742,0.12707,0.0285931,-15.6119
12.199,29.1367,-7.72922,4.99718,-0.603651,-2.55903,-1.39011,-0.542374,-0.0136889,-0.00115207,2762.78,1,0.058679,0,0.5,-0.331092,-0.261333,0.000930473,-0.00163205,0.0990022,0.0812112,0.101736,0.0843335,4629.9,-3509.19,-2713.58,-0.053541,0.0816876,-15.195,3539.55,3733.61,135.945,0.0777763,-0.0266966,-15.51,4822.64,-3799.57,-1368.12,-0.0487343,0.0218586,-13.9622,3496.87,4000.01,-782.503,0.125537,0.0284224,-15.6282
12.209,29.1479,-7.68013,4.99734,-0.603759,-2.61433,-1.61519,-0.542726,-0.0136888,-0.00115178,2762.89,1,0.0587037,0,0.5,-0.331051,-0.261295,0.000922443,-0.00163357,0.0990023,0.0812128,0.101736,0.0843337,4630.66,-3479.44,-2740.84,-0.052675,0.0818689,-15.2017,3538.78,3719.26,135.623,0.0769092,-0.0264349,-15.5044,4822.03,-3744.41,-1375.39,-0.0476653,0.0218589,-13.98,3497.2,4000.89,-782.241,0.125676,0.0284342,-15.6145
12.219,29.1593,-7.63108,4.99741,-0.6039,-2.69945,-1.66422,-0.543166,-0.0136891,-0.00115161,2762.82,1,0.0586864,0,0.5,-0.331058,-0.261296,0.00091979,-0.00163485,0.0990024,0.0812134,0.101735,0.0843331,4631.67,-3468.2,-2752.78,-0.052348,0.0819935,-15.2025,3537.91,3711.62,134.432,0.0764804,-0.0262835,-15.5028,4822.35,-3687.74,-1390.08,-0.0466353,0.0219865,-13.985,3496.61,3992.73,-793.525,0.124457,0.0286374,-15.6166
12.229,29.171,-7.5821,4.99719,-0.603708,-2.4817,-1.41972,-0.542311,-0.0136901,-0.00115145,2762.84,1,0.0586867,0,0.5,-0.331109,-0.26132,0.000928971,-0.00163262,0.0990031,0.0812121,0.101737,0.0843331,4632.17,-3481.01,-2740.48,-0.0526868,0.0818491,-15.1993,3538.76,3715.38,134.776,0.0766628,-0.0263425,-15.5061,4824.2,-3709.5,-1398.16,-0.0470973,0.0221716,-13.9689,3495.56,3997.41,-788.955,0.12578,0.0287109,-15.6225
12.239,29.1829,-7.53319,4.99737,-0.603802,-2.44047,-1.58993,-0.542724,-0.0136909,-0.00115138,2762.88,1,0.0586798,0,0.5,-0.331051,-0.261278,0.000921329,-0.0016359,0.0990011,0.0812127,0.101736,0.0843331,4637.78,-3451.74,-2777.85,-0.0518553,0.0823463,-15.2001,3536.62,3709.27,125.87,0.0763721,-0.0260334,-15.5055,4824.92,-3650.37,-1417.11,-0.046059,0.0223672,-13.979,3495.28,3994.55,-795.022,0.125567,0.028899,-15.6177
12.249,29.1951,-7.48433,4.9973,-0.603786,-2.48435,-1.62616,-0.542483,-0.0136925,-0.00115133,2762.83,1,0.0587211,0,0.5,-0.33107,-0.261297,0.000923827,-0.001632,0.0990027,0.0812115,0.101737,0.0843324,4634.19,-3477.95,-2749.68,-0.0526368,0.0820941,-15.1972,3537.89,3721.48,131.831,0.0770865,-0.0263902,-15.5083,4823.2,-3690.97,-1392.87,-0.0467055,0.0220394,-13.9851,3495.62,4006.12,-777.001,0.127384,0.0285502,-15.6187
12.259,29.2076,-7.43554,4.99723,-0.603725,-2.49726,-1.54985,-0.542292,-0.0136943,-0.00115119,2762.93,1,0.0587226,0,0.5,-0.331116,-0.261321,0.000930334,-0.00163236,0.099007,0.081211,0.101738,0.0843313,4630.89,-3495.74,-2726.16,-0.0531309,0.0817543,-15.2012,3538.55,3727.41,135.042,0.0774377,-0.0265749,-15.5044,4823.1,-3792.41,-1369.93,-0.0485911,0.0218712,-13.9635,3495.89,4008.76,-773.741,0.127845,0.0285081,-15.6209
12.269,29.2203,-7.38682,4.99747,-0.603869,-2.65214,-1.79168,-0.542938,-0.013695,-0.00115132,2762.82,1,0.0587108,0,0.5,-0.331029,-0.261272,0.000920849,-0.0016333,0.0990055,0.0812112,0.101738,0.0843312,4629.62,-3507.19,-2712.23,-0.053443,0.0815612,-15.1936,3539.13,3729.73,137.523,0.077562,-0.0266736,-15.511,4822.89,-3779.02,-1368.85,-0.0483088,0.0218206,-13.97,3496.35,4005.69,-776.697,0.126956,0.0284601,-15.6249
12.279,29.2333,-7.33816,4.99733,-0.603746,-2.39579,-1.52785,-0.542541,-0.0136953,-0.00115122,2762.85,1,0.0586694,0,0.5,-0.33106,-0.261299,0.000925191,-0.0016332,0.0990089,0.0812108,0.101739,0.0843303,4634.64,-3453.99,-2772.28,-0.0519629,0.0822861,-15.1975,3536.92,3708.38,130.056,0.0763194,-0.0261217,-15.5084,4824.31,-3678.1,-1410.58,-0.0465652,0.0223182,-13.9713,3494.75,3994.76,-793.139,0.125632,0.0288445,-15.6237
12.289,29.2466,-7.28958,4.99747,-0.60387,-2.64079,-1.85507,-0.542822,-0.0136954,-0.00115124,2762.85,1,0.0587338,0,0.5,-0.331049,-0.261298,0.000921031,-0.00163393,0.099009,0.0812104,0.10174,0.0843308,4628.86,-3496.87,-2720.95,-0.0531634,0.0816291,-15.2007,3539.32,3726.14,143.094,0.0773491,-0.0267511,-15.5051,4822.03,-3798.85,-1362.63,-0.0486873,0.0217613,-13.9702,3496.67,4014.03,-765.933,0.12857,0.0283374,-15.6204
12.299,29.26,-7.24106,4.9973,-0.603845,-2.37743,-1.70783,-0.542272,-0.0136967,-0.00115143,2762.63,1,0.0587524,0,0.5,-0.331067,-0.261314,0.000928494,-0.00163272,0.0990075,0.0812086,0.101744,0.0843307,4635.71,-3430.06,-2789.54,-0.0511986,0.0822053,-15.2121,3537.16,3689.41,137.943,0.0751878,-0.0259857,-15.4913,4823.01,-3511.98,-1422.9,-0.0435205,0.0221801,-14.0239,3494.56,4007.28,-775.657,0.128026,0.0286202,-15.5944
12.309,29.2738,-7.19261,4.99734,-0.603838,-2.39073,-1.79427,-0.542149,-0.0136981,-0.00115193,2762.66,1,0.0587679,0,0.5,-0.331048,-0.261297,0.000925479,-0.00163011,0.099005,0.0812065,0.101744,0.0843306,4633.66,-3460.98,-2758.97,-0.0520867,0.0819398,-15.2086,3537.8,3705.68,141.849,0.0761546,-0.026364,-15.4948,4822.67,-3574.06,-1404.21,-0.044545,0.0219854,-14.0171,3494.73,4014.81,-766.864,0.129703,0.0285809,-15.6006
12.319,29.2878,-7.14424,4.99735,-0.603873,-2.42014,-1.89567,-0.542199,-0.0136997,-0.00115226,2762.72,1,0.0587993,0,0.5,-0.331047,-0.261305,0.000925734,-0.00163315,0.0990065,0.0812056,0.101745,0.0843297,4632.95,-3460.68,-2759.35,-0.0521001,0.0819758,-15.2113,3537.74,3707.02,141.889,0.076242,-0.0263924,-15.4924,4821.04,-3595.33,-1386.88,-0.04485,0.0217356,-14.0277,3495.32,4020.39,-757.955,0.130578,0.0283912,-15.5909
12.329,29.302,-7.09594,4.99725,-0.603896,-2.4281,-1.81147,-0.542217,-0.013701,-0.00115269,2762.86,1,0.0588024,0,0.5,-0.331049,-0.261317,0.000928222,-0.0016329,0.0990079,0.0812043,0.101747,0.0843298,4632.5,-3471.45,-2749.53,-0.0524162,0.0819166,-15.2017,3537.84,3714.23,140.351,0.0766759,-0.026482,-15.5041,4822.26,-3601.16,-1395.8,-0.0450032,0.0218978,-14.0137,3494.78,4020.07,-759.818,0.130892,0.0285192,-15.6099
12.339,29.3166,-7.04772,4.99743,-0.604028,-2.61629,-2.10189,-0.54285,-0.0137016,-0.00115302,2762.87,1,0.0588293,0,0.5,-0.331059,-0.261324,0.000926712,-0.00163287,0.0990082,0.0812031,0.101747,0.0843286,4630.78,-3493.77,-2730.78,-0.0531196,0.08191,-15.2061,3539.69,3728.91,145.512,0.0775162,-0.0268654,-15.4993,4819.4,-3709.09,-1354.37,-0.0468452,0.0214187,-14.0135,3496.47,4027.85,-747.494,0.131836,0.0282015,-15.5982
12.349,29.3313,-6.99958,4.99747,-0.604046,-2.63699,-2.03251,-0.542844,-0.0137018,-0.00115349,2762.86,1,0.0587854,0,0.5,-0.331058,-0.261323,0.000926147,-0.00163315,0.0990075,0.0812013,0.101747,0.0843291,4630.19,-3511.78,-2709.34,-0.0535738,0.0815717,-15.2025,3540.33,3739.76,139.664,0.078146,-0.0269042,-15.503,4821.19,-3823.55,-1347.92,-0.0491052,0.0215621,-13.9729,3496.15,4029.42,-746.66,0.132536,0.0282899,-15.6111
12.359,29.3463,-6.95151,4.99752,-0.604086,-2.6906,-2.04166,-0.543194,-0.0137019,-0.00115392,2762.92,1,0.0587657,0,0.5,-0.331104,-0.261375,0.000933781,-0.00163175,0.0990072,0.0811989,0.101748,0.0843281,4629.71,-3537.83,-2689.8,-0.0543993,0.0816287,-15.2003,3540.52,3754.31,131.712,0.0790534,-0.0269767,-15.505,4821.3,-3899.98,-1339.27,-0.05068,0.0215976,-13.9487,3496.64,4027.09,-751.322,0.131908,0.0283585,-15.6083
12.369,29.3616,-6.90352,4.99771,-0.603943,-2.43015,-2.05643,-0.542666,-0.0137008,-0.00115448,2762.9,1,0.0587092,0,0.5,-0.331044,-0.261293,0.000922685,-0.00163347,0.0990036,0.0811983,0.101745,0.0843291,4632.2,-3546,-2687.04,-0.0546358,0.0816938,-15.2017,3540.08,3756.88,120.338,0.0791916,-0.0267174,-15.5024,4824.99,-3966.62,-1355.4,-0.0522434,0.0220547,-13.9079,3495.26,4024.46,-758.201,0.132265,0.0286898,-15.5942
12.379,29.3771,-6.85561,4.99779,-0.604101,-2.6191,-2.31413,-0.543298,-0.0137007,-0.00115498,2763.05,1,0.0587641,0,0.5,-0.331062,-0.261303,0.000923861,-0.00163226,0.0990037,0.081197,0.101746,0.084329,4630.4,-3571.5,-2665.02,-0.0554551,0.081679,-15.2024,3540.63,3774.42,110.719,0.0803008,-0.0268029,-15.5026,4822.25,-3988.9,-1331.83,-0.0526078,0.0216973,-13.922,3496.17,4030.37,-748.934,0.133224,0.0284931,-15.584
12.389,29.3929,-6.80779,4.99758,-0.603974,-2.42384,-2.08147,-0.542533,-0.0137007,-0.00115555,2763.02,1,0.0587672,0,0.5,-0.331061,-0.261296,0.000923767,-0.00163356,0.099002,0.081195,0.101747,0.0843302,4631.98,-3569.95,-2666.32,-0.0553587,0.0816129,-15.1925,3540.77,3771.81,110.323,0.0801066,-0.0267298,-15.5126,4824.54,-3846.67,-1378.03,-0.0497773,0.0221461,-13.9373,3494.15,4028.79,-752.288,0.133928,0.0287547,-15.5939
12.399,29.4089,-6.76004,4.99765,-0.603997,-2.44726,-2.18538,-0.542895,-0.0137005,-0.00115587,2763.18,1,0.0587777,0,0.5,-0.331049,-0.261283,0.000918764,-0.00163875,0.0990021,0.0811954,0.101746,0.0843299,4632.1,-3563.77,-2675.33,-0.0552273,0.0818092,-15.1888,3540.13,3772.49,106.194,0.0801763,-0.026646,-15.5179,4823.61,-3852.27,-1374.21,-0.0498842,0.0220958,-13.9399,3494.55,4028.05,-752.735,0.133458,0.0286892,-15.6068
12.409,29.4252,-6.71239,4.99775,-0.604082,-2.63876,-2.39454,-0.543134,-0.0137002,-0.00115605,2763.22,1,0.0588072,0,0.5,-0.33106,-0.261286,0.00092479,-0.00162613,0.0990028,0.0811954,0.101746,0.0843296,4627.02,-3594.07,-2637.18,-0.0561193,0.0813396,-15.1946,3541.18,3785.71,111.014,0.0810552,-0.0270249,-15.5124,4821.26,-3982.76,-1325.06,-0.0524268,0.0215612,-13.9298,3496.37,4037.94,-737.53,0.135113,0.02837,-15.5962
12.419,29.4417,-6.66482,4.9978,-0.604034,-2.59716,-2.30483,-0.543303,-0.0136995,-0.00115626,2763.19,1,0.0587405,0,0.5,-0.331071,-0.261294,0.000919055,-0.00163379,0.0990022,0.0811953,0.101747,0.08433,4628.08,-3587.22,-2645.94,-0.0559207,0.0814559,-15.1898,3540.9,3780.4,109.75,0.0806934,-0.0268883,-15.5173,4822.23,-3985.21,-1335.1,-0.0525511,0.0217476,-13.9169,3496.2,4028.21,-752.538,0.132729,0.0285467,-15.6128
12.429,29.4585,-6.61733,4.99773,-0.603836,-2.41663,-2.15981,-0.542726,-0.0136985,-0.00115607,2763.16,1,0.0587394,0,0.5,-0.331096,-0.261314,0.000923189,-0.00163093,0.0990027,0.0811955,0.101745,0.0843284,4628.71,-3571.89,-2658.33,-0.055423,0.0814384,-15.1984,3540.45,3770.68,106.795,0.0800325,-0.0266195,-15.5084,4822.99,-3998.61,-1338.74,-0.0528798,0.0218489,-13.9127,3496.58,4025.97,-755.845,0.132016,0.0285484,-15.6014
12.439,29.4755,-6.56994,4.99766,-0.603927,-2.46395,-2.15838,-0.542938,-0.0136981,-0.00115611,2763.12,1,0.0587579,0,0.5,-0.331059,-0.26128,0.000921645,-0.0016339,0.0990001,0.0811956,0.101745,0.0843292,4629.98,-3560.78,-2671.11,-0.0550978,0.0815796,-15.1893,3540.2,3765.99,113.59,0.0797643,-0.0267141,-15.5173,4822.2,-3872.16,-1360.53,-0.050229,0.021907,-13.9434,3495.73,4023.79,-757.663,0.131716,0.028572,-15.6194
12.449,29.4928,-6.52263,4.99779,-0.604013,-2.56425,-2.28116,-0.543376,-0.0136977,-0.00115588,2763.15,1,0.0587467,0,0.5,-0.331068,-0.261284,0.00092284,-0.00163319,0.0989997,0.0811962,0.101745,0.0843285,4629.92,-3556.61,-2678.85,-0.0550369,0.0818017,-15.1972,3539.43,3770.94,110.833,0.0801444,-0.0267581,-15.5097,4821.11,-3941.71,-1336.89,-0.051594,0.0216663,-13.9387,3496.91,4025.29,-754.988,0.131489,0.0284243,-15.6099
12.459,29.5103,-6.47542,4.99767,-0.603846,-2.19048,-1.86829,-0.542777,-0.0136977,-0.00115568,2763.13,1,0.0586562,0,0.5,-0.331057,-0.261276,0.000923348,-0.00163428,0.0989982,0.0811958,0.101744,0.0843282,4638.24,-3502.6,-2741.98,-0.0534322,0.0824736,-15.193,3537.72,3743.09,108.74,0.0783726,-0.0261866,-15.5133,4825.91,-3797.4,-1415.88,-0.0490133,0.0226968,-13.9224,3493.68,4004.09,-788.233,0.128572,0.029193,-15.6164
12.469,29.5281,-6.4283,4.99781,-0.603955,-2.51793,-2.27946,-0.543059,-0.0136985,-0.0011555,2763.13,1,0.0587392,0,0.5,-0.331069,-0.261286,0.00092263,-0.00163352,0.098998,0.0811945,0.101743,0.0843278,4628.2,-3585.87,-2643.91,-0.0558243,0.0812989,-15.1944,3541.36,3774.19,115.306,0.0802581,-0.0269018,-15.5117,4822.4,-4003.04,-1332.01,-0.0529363,0.0217403,-13.9136,3496.29,4026.14,-753.286,0.131905,0.0284342,-15.6136
12.479,29.5461,-6.38127,4.99789,-0.603999,-2.32867,-2.18376,-0.543108,-0.0136994,-0.00115525,2763.34,1,0.0586792,0,0.5,-0.331059,-0.261282,0.000921196,-0.00163422,0.0989978,0.0811939,0.101742,0.0843274,4635.02,-3547.27,-2694.75,-0.0547163,0.0820029,-15.1983,3539.24,3761.37,98.0441,0.0794353,-0.0262282,-15.5092,4826.58,-3911.18,-1393.94,-0.0512902,0.0225995,-13.8931,3493.18,4010.57,-778.871,0.130085,0.0291109,-15.5984
12.489,29.5643,-6.33434,4.99795,-0.604042,-2.45128,-2.41636,-0.543138,-0.0137011,-0.00115523,2763.22,1,0.0587358,0,0.5,-0.331064,-0.261286,0.000921246,-0.00163402,0.0989955,0.0811917,0.101742,0.0843269,4631.96,-3604.38,-2636.55,-0.0564026,0.0814984,-15.1977,3541.14,3791.36,99.2641,0.0813941,-0.0268201,-15.5078,4823.72,-4072.68,-1327.76,-0.0545392,0.0218591,-13.8892,3494.97,4031.16,-749.123,0.13419,0.0286719,-15.6002
12.499,29.5828,-6.28751,4.99794,-0.60407,-2.53027,-2.43281,-0.543365,-0.0137033,-0.00115533,2763.15,1,0.0587339,0,0.5,-0.331072,-0.261292,0.000925384,-0.00163307,0.0989957,0.08119,0.101743,0.0843249,4631.13,-3619.79,-2623.44,-0.0569088,0.0814978,-15.1958,3541.67,3800.5,100.788,0.0820255,-0.027042,-15.5095,4822.37,-4117.88,-1304.69,-0.0554762,0.0215727,-13.8895,3496.21,4031.92,-745.401,0.133438,0.0283937,-15.6005
12.509,29.6016,-6.24077,4.99786,-0.603921,-2.24995,-2.13328,-0.542962,-0.0137042,-0.00115551,2763.22,1,0.0586735,0,0.5,-0.331039,-0.261267,0.000922731,-0.00163348,0.0989962,0.0811895,0.101743,0.0843241,4635.59,-3585.1,-2664.26,-0.0558777,0.0819431,-15.1888,3538.97,3781.52,87.7486,0.0807881,-0.0263475,-15.5171,4826.22,-3973,-1373.19,-0.0525238,0.0223948,-13.89,3493.87,4012.69,-775.591,0.130234,0.0290081,-15.6113
12.519,29.6206,-6.19413,4.99783,-0.603857,-2.15736,-2.13523,-0.542666,-0.0137047,-0.00115576,2763.21,1,0.0586929,0,0.5,-0.331036,-0.26127,0.000923104,-0.00163391,0.0989983,0.0811883,0.101745,0.0843233,4635.45,-3570.37,-2677.31,-0.0554418,0.0820158,-15.1965,3538.44,3773.32,87.0256,0.0802508,-0.0261756,-15.5088,4825.6,-3879.45,-1389.27,-0.050564,0.0224318,-13.917,3493.74,4010.99,-777.161,0.129827,0.028997,-15.594
12.529,29.6398,-6.14759,4.99763,-0.603902,-2.23408,-2.11226,-0.542563,-0.0137053,-0.00115613,2763.24,1,0.058751,0,0.5,-0.331049,-0.26129,0.000928843,-0.0016333,0.0989991,0.0811864,0.101747,0.0843231,4634.17,-3578.05,-2666.76,-0.0556517,0.0818524,-15.194,3539.47,3778.73,91.88,0.0805788,-0.0263944,-15.5123,4824.3,-3798.77,-1389.96,-0.0488611,0.0222403,-13.9476,3494.15,4019.3,-765.832,0.131564,0.0288675,-15.6056
12.539,29.6593,-6.10116,4.99773,-0.603919,-2.1103,-2.20138,-0.542417,-0.0137058,-0.00115654,2763.3,1,0.0587586,0,0.5,-0.331044,-0.261279,0.000925346,-0.00163368,0.0989973,0.0811851,0.101748,0.0843228,4635.86,-3558.62,-2685.03,-0.0550327,0.0819268,-15.205,3538.7,3768.33,84.6764,0.0798786,-0.0260128,-15.5004,4825.9,-3697.15,-1423.84,-0.0470172,0.0225909,-13.9589,3492.88,4016.24,-771.621,0.131572,0.029098,-15.5724
12.549,29.6791,-6.05483,4.99764,-0.603985,-2.11208,-2.23029,-0.542369,-0.0137073,-0.00115713,2763.22,1,0.0588012,0,0.5,-0.331043,-0.261272,0.000924538,-0.00163376,0.0989953,0.0811827,0.101749,0.0843226,4636.83,-3576.85,-2673.06,-0.0556118,0.0820007,-15.1935,3538.54,3776.6,83.5673,0.0804529,-0.0261451,-15.5123,4825.24,-3602.12,-1434.87,-0.0452533,0.0225706,-13.9824,3492.15,4020.84,-763.313,0.132786,0.0289957,-15.5913
12.559,29.699,-6.0086,4.99767,-0.604014,-2.24993,-2.40742,-0.542593,-0.0137086,-0.00115754,2763.33,1,0.0588433,0,0.5,-0.331064,-0.26129,0.000925712,-0.00163358,0.0989963,0.0811811,0.10175,0.0843217,4632.72,-3608.4,-2637.66,-0.0565791,0.081675,-15.1911,3540.4,3797.88,91.2282,0.0818724,-0.0267476,-15.5154,4822.41,-3724.24,-1383.33,-0.0473114,0.0219509,-13.9845,3494.08,4032.46,-745.734,0.13479,0.0286484,-15.5892
12.569,29.7193,-5.96248,4.99777,-0.604058,-2.3196,-2.59533,-0.542849,-0.013709,-0.00115786,2763.33,1,0.0588669,0,0.5,-0.331061,-0.261281,0.000922789,-0.00163556,0.0989975,0.081181,0.10175,0.0843218,4630.7,-3617.95,-2627.79,-0.0569163,0.0816533,-15.19,3541.18,3802.64,98.081,0.0822027,-0.0270197,-15.5168,4820.98,-3805.89,-1355.31,-0.0487958,0.0216524,-13.9806,3495.17,4040.17,-733.475,0.136309,0.0284198,-15.5872
12.579,29.7397,-5.91646,4.99762,-0.603935,-2.22827,-2.32704,-0.542515,-0.0137086,-0.00115795,2763.39,1,0.0588304,0,0.5,-0.331094,-0.261311,0.000929668,-0.00163348,0.0989999,0.0811808,0.101751,0.0843206,4631.24,-3602.03,-2641.44,-0.0564052,0.0816742,-15.1876,3540.11,3793.96,94.3524,0.0816279,-0.0267585,-15.5204,4823.67,-3783.38,-1378.05,-0.0484562,0.0219914,-13.9673,3495.08,4034.12,-745.866,0.135089,0.0286971,-15.5926
12.589,29.7604,-5.87055,4.99749,-0.603815,-2.08848,-2.01231,-0.542103,-0.0137078,-0.00115798,2763.45,1,0.0587784,0,0.5,-0.331108,-0.261318,0.000935629,-0.00163337,0.0990006,0.0811806,0.101751,0.0843207,4633.85,-3577.26,-2667.9,-0.0556448,0.0818921,-15.194,3539.17,3782.08,87.4299,0.0808123,-0.0263473,-15.5138,4824.64,-3768.73,-1405.9,-0.0483561,0.0224505,-13.9464,3493.03,4024.98,-759.526,0.133703,0.0290025,-15.5943
12.599,29.7814,-5.82476,4.99781,-0.60393,-2.09936,-2.44778,-0.542533,-0.013707,-0.00115806,2763.36,1,0.0588147,0,0.5,-0.331071,-0.261281,0.000922875,-0.00163397,0.0989975,0.0811807,0.10175,0.0843209,4633.62,-3589.88,-2657.44,-0.0560443,0.0818804,-15.1961,3539.68,3788.5,88.8874,0.0812375,-0.0265054,-15.5106,4822.83,-3748.54,-1393.15,-0.0478721,0.0221812,-13.9688,3494.02,4030.39,-751.074,0.134569,0.0288178,-15.5812
12.609,29.8026,-5.77907,4.9977,-0.603944,-2.16833,-2.36824,-0.542423,-0.0137074,-0.00115804,2763.35,1,0.0588158,0,0.5,-0.331115,-0.261306,0.00092809,-0.0016339,0.0989979,0.0811791,0.10175,0.0843207,4632.56,-3597.98,-2648.01,-0.0562862,0.0817807,-15.1934,3541.46,3789.85,105.629,0.0812985,-0.0269531,-15.5132,4822.45,-3826.74,-1372.55,-0.0493455,0.0220064,-13.954,3494.27,4033.52,-745.324,0.135142,0.0286911,-15.5983
12.619,29.824,-5.73349,4.99788,-0.604028,-2.20662,-2.52292,-0.542832,-0.0137076,-0.00115803,2763.36,1,0.0587998,0,0.5,-0.331072,-0.261274,0.000919959,-0.0016358,0.0989955,0.0811793,0.10175,0.0843203,4631.69,-3612.93,-2631.35,-0.0567122,0.0815902,-15.1878,3540.99,3795.77,91.6994,0.0816794,-0.0267061,-15.5191,4823.37,-3775.75,-1388.24,-0.048384,0.022157,-13.9586,3494,4027.59,-753.931,0.133675,0.0287759,-15.5923
12.629,29.8457,-5.68803,4.99773,-0.603922,-2.1322,-2.34754,-0.542404,-0.0137081,-0.00115776,2763.53,1,0.0588009,0,0.5,-0.331122,-0.261304,0.000929673,-0.00163361,0.0989981,0.0811787,0.101749,0.0843199,4632.65,-3605.69,-2642.08,-0.0565322,0.0817889,-15.1947,3540.27,3799.7,86.999,0.0819915,-0.0266727,-15.5136,4823.22,-3890.82,-1366.89,-0.0506711,0.0220664,-13.9328,3493.9,4033.64,-745.092,0.135367,0.0287218,-15.5941
12.639,29.8676,-5.64268,4.99786,-0.60397,-2.15987,-2.51281,-0.54268,-0.0137085,-0.00115763,2763.44,1,0.0588067,0,0.5,-0.331076,-0.261277,0.000922527,-0.00163404,0.0989959,0.081179,0.101749,0.0843194,4631.31,-3624.46,-2620.72,-0.0570733,0.081537,-15.1874,3541.24,3803.23,92.5146,0.0822082,-0.0268748,-15.52,4822.89,-3863.42,-1371.11,-0.0501134,0.0220727,-13.9416,3494.06,4032.06,-746.24,0.134682,0.0286503,-15.6027
12.649,29.8897,-5.59745,4.99803,-0.604095,-2.31346,-2.77657,-0.543203,-0.0137089,-0.0011574,2763.48,1,0.0588176,0,0.5,-0.331071,-0.261271,0.000924633,-0.00162887,0.0989972,0.0811795,0.101749,0.0843185,4628.35,-3633.69,-2608.83,-0.0573951,0.0814497,-15.1948,3541.8,3808.68,93.1173,0.0825735,-0.0269984,-15.5129,4820.87,-3987.25,-1325.65,-0.0525443,0.0215866,-13.9306,3495.98,4037.69,-737.081,0.135133,0.0283587,-15.597
12.659,29.9121,-5.55233,4.99805,-0.603928,-1.99748,-2.54613,-0.542665,-0.0137088,-0.00115734,2763.33,1,0.0587565,0,0.5,-0.331053,-0.261263,0.000922268,-0.00163358,0.0989963,0.0811795,0.101749,0.0843181,4635.13,-3580.95,-2672.4,-0.0558414,0.0821991,-15.2065,3539.81,3785.1,91.7907,0.0810026,-0.0265127,-15.4993,4823.36,-3894.44,-1370.09,-0.0507748,0.0221334,-13.9338,3494.52,4026.91,-755.645,0.133341,0.0287809,-15.5674
12.669,29.9347,-5.50734,4.99791,-0.604027,-2.18987,-2.583,-0.542943,-0.0137096,-0.00115765,2763.18,1,0.0588004,0,0.5,-0.331064,-0.261271,0.000924129,-0.00163434,0.0989956,0.0811775,0.101751,0.0843186,4631.21,-3610.33,-2631.34,-0.0566111,0.0815079,-15.1883,3541.19,3793.92,98.6207,0.0815708,-0.0268524,-15.5171,4820.51,-3819.14,-1365.2,-0.0491617,0.0218646,-13.9648,3494.11,4031.16,-744.69,0.134023,0.0284786,-15.5989
12.679,29.9575,-5.46246,4.998,-0.603979,-2.13995,-2.64814,-0.542818,-0.0137097,-0.00115756,2763.42,1,0.058793,0,0.5,-0.331061,-0.261275,0.000922241,-0.00163395,0.0989976,0.0811778,0.101749,0.0843178,4630.24,-3612.57,-2628.36,-0.0566974,0.0814898,-15.1978,3541.21,3797.97,95.2384,0.0818424,-0.0268421,-15.5096,4822.1,-3938.03,-1345.18,-0.0515618,0.0218028,-13.9342,3495.36,4034.43,-743.406,0.134752,0.0285433,-15.5912
12.689,29.9806,-5.4177,4.99799,-0.603931,-1.94582,-2.57433,-0.542532,-0.01371,-0.0011576,2763.4,1,0.0587874,0,0.5,-0.331046,-0.261265,0.000922174,-0.00163429,0.098997,0.0811775,0.10175,0.0843176,4635.09,-3585.65,-2663.32,-0.0559032,0.0819389,-15.2021,3539.45,3786.9,86.3132,0.0811266,-0.0264065,-15.5047,4823.1,-3804.19,-1387.73,-0.0489791,0.0222199,-13.9541,3493.83,4028.88,-752.14,0.134104,0.0287812,-15.5683
12.699,30.004,-5.37307,4.99791,-0.603933,-1.9433,-2.56428,-0.542437,-0.0137108,-0.00115783,2763.3,1,0.0588171,0,0.5,-0.331049,-0.26127,0.000923631,-0.00163329,0.0989965,0.0811765,0.101752,0.0843178,4634.67,-3590.71,-2656.9,-0.0560384,0.0818389,-15.196,3539.37,3787.56,86.6318,0.0811803,-0.0264286,-15.5101,4822.48,-3723.3,-1392.86,-0.0473638,0.0221178,-13.9794,3493.76,4030.98,-748.906,0.134684,0.0287551,-15.5771
12.709,30.0275,-5.32855,4.99778,-0.604005,-2.09321,-2.52163,-0.542723,-0.0137115,-0.00115799,2763.3,1,0.058834,0,0.5,-0.331041,-0.261259,0.000921735,-0.00163406,0.0989968,0.0811763,0.101753,0.0843179,4632.43,-3577.68,-2661.37,-0.0556054,0.0816506,-15.1894,3540.8,3781.28,100.13,0.0807083,-0.0266423,-15.5177,4821.79,-3661,-1396.26,-0.0461648,0.0220381,-14.0014,3493.84,4030.59,-747.961,0.134332,0.0286585,-15.6206
12.719,30.0513,-5.28417,4.99781,-0.603971,-2.01516,-2.50812,-0.54244,-0.0137122,-0.00115802,2763.36,1,0.0588257,0,0.5,-0.331042,-0.261264,0.000922468,-0.00163427,0.0989982,0.081176,0.101753,0.0843168,4632.76,-3571.95,-2667.19,-0.055436,0.0816976,-15.1952,3540.34,3777.11,104.126,0.0804705,-0.0266738,-15.5127,4822.89,-3658.11,-1398.99,-0.0461102,0.0220748,-13.9945,3494.21,4028.77,-751.254,0.133752,0.0286843,-15.5991
12.729,30.0753,-5.23991,4.99791,-0.60404,-2.13155,-2.70798,-0.542903,-0.0137127,-0.00115824,2763.38,1,0.0588247,0,0.5,-0.33106,-0.261281,0.000922646,-0.00163411,0.0989986,0.0811752,0.101755,0.0843174,4630.74,-3592.53,-2646.35,-0.0560765,0.0815653,-15.1911,3541.4,3789.41,105.689,0.0812721,-0.0269482,-15.5173,4820.3,-3786.12,-1357.06,-0.0484104,0.0216394,-13.9848,3495.34,4036.8,-737.938,0.135151,0.028399,-15.6026
12.739,30.0996,-5.19577,4.99786,-0.603923,-1.96465,-2.48662,-0.542465,-0.0137127,-0.00115822,2763.32,1,0.0587977,0,0.5,-0.331049,-0.261274,0.000926046,-0.00163387,0.0989999,0.081176,0.101754,0.0843161,4632.74,-3565.91,-2672.56,-0.055257,0.0817276,-15.1952,3539.14,3772.1,99.2008,0.0801806,-0.0264647,-15.5126,4823.46,-3747.28,-1387.14,-0.0477886,0.022068,-13.9718,3494.67,4029.53,-751.951,0.133959,0.0287433,-15.5934
12.749,30.1241,-5.15176,4.99786,-0.603993,-2.06179,-2.65475,-0.542615,-0.0137128,-0.00115833,2763.41,1,0.0588439,0,0.5,-0.331069,-0.261287,0.000926292,-0.00163376,0.0990001,0.0811749,0.101754,0.0843163,4630.68,-3580.39,-2655.6,-0.0556891,0.081549,-15.1946,3541.09,3783.3,107.755,0.080872,-0.026885,-15.5139,4821.04,-3785.47,-1363.99,-0.0484375,0.0217579,-13.9799,3495.07,4038.26,-736.818,0.135866,0.0284767,-15.5946
12.759,30.1488,-5.10789,4.99797,-0.603977,-2.09178,-2.73146,-0.542857,-0.0137128,-0.0011584,2763.34,1,0.0588179,0,0.5,-0.331073,-0.261286,0.000921636,-0.00163802,0.099,0.0811752,0.101754,0.084316,4628.95,-3593.63,-2641.59,-0.056108,0.0814528,-15.1918,3541.66,3788.95,113.249,0.0812642,-0.0271395,-15.5165,4820.4,-3848.99,-1346.3,-0.0496473,0.0215997,-13.9701,3495.87,4038.08,-734.445,0.135013,0.0282371,-15.6001
12.769,30.1737,-5.06414,4.99798,-0.603866,-1.86558,-2.48446,-0.542645,-0.0137121,-0.00115831,2763.42,1,0.0587561,0,0.5,-0.331052,-0.261267,0.00092319,-0.00162897,0.0990004,0.0811766,0.101753,0.0843154,4634.68,-3552.23,-2694.17,-0.0549407,0.0821731,-15.1911,3538.97,3765,105.28,0.0797359,-0.0264906,-15.5181,4823.34,-3812.8,-1385.12,-0.0491351,0.0221932,-13.9483,3494.93,4022.06,-763.064,0.132011,0.0288344,-15.6116
12.779,30.1989,-5.02052,4.99785,-0.60386,-1.87695,-2.34075,-0.542391,-0.0137121,-0.00115824,2763.3,1,0.0587513,0,0.5,-0.331087,-0.261293,0.000928393,-0.00163299,0.0990018,0.0811763,0.101755,0.0843156,4634.55,-3535.01,-2704.31,-0.0543534,0.0820188,-15.1975,3538.39,3754.97,102.324,0.0790838,-0.0262303,-15.5105,4823.65,-3699.3,-1408.03,-0.0469778,0.0223253,-13.97,3494.06,4017.96,-767.922,0.131312,0.0289038,-15.5996
12.789,30.2243,-4.97704,4.99805,-0.60403,-2.09472,-2.7811,-0.543036,-0.0137121,-0.00115824,2763.3,1,0.0588021,0,0.5,-0.331067,-0.261271,0.00092212,-0.00163318,0.0989997,0.0811763,0.101754,0.0843157,4628.63,-3584.52,-2647.99,-0.0558153,0.0814273,-15.1944,3541.42,3779.55,114.696,0.0806249,-0.0269927,-15.5135,4820.82,-3842.72,-1350.21,-0.0495366,0.0216523,-13.9675,3496.21,4033.44,-743.445,0.133867,0.0283903,-15.6012
12.799,30.25,-4.93369,4.99806,-0.604003,-1.99234,-2.56024,-0.543155,-0.013712,-0.00115815,2763.33,1,0.0587264,0,0.5,-0.331051,-0.26126,0.000920679,-0.00163384,0.0989988,0.081177,0.101754,0.0843153,4633.47,-3552.67,-2686.87,-0.0548775,0.0818904,-15.1904,3539.23,3763.85,103.387,0.0796307,-0.0264174,-15.518,4823.53,-3752.46,-1399.92,-0.0479934,0.0223083,-13.9551,3494.1,4013.32,-773.564,0.130146,0.0289149,-15.6102
12.809,30.2758,-4.89048,4.9978,-0.603817,-1.91421,-2.30383,-0.542373,-0.0137126,-0.00115788,2763.3,1,0.058747,0,0.5,-0.331124,-0.261311,0.000929462,-0.00163376,0.0990014,0.0811762,0.101755,0.0843151,4632.83,-3552.98,-2684.37,-0.0548738,0.0818061,-15.1901,3539.61,3763.24,108.056,0.0795873,-0.0265219,-15.5185,4823.87,-3743.86,-1397.01,-0.0477884,0.022234,-13.963,3494.38,4019.22,-765.123,0.131346,0.0288009,-15.6131
12.819,30.3019,-4.8474,4.99809,-0.603998,-1.87779,-2.61416,-0.542947,-0.0137131,-0.00115764,2763.46,1,0.0587473,0,0.5,-0.331073,-0.261278,0.000923339,-0.00163449,0.0990004,0.0811772,0.101753,0.084315,4635.33,-3541.54,-2700.94,-0.0545546,0.0820738,-15.2033,3538.58,3761.55,99.2604,0.0794986,-0.0262759,-15.5057,4823.96,-3787.87,-1393.83,-0.0486701,0.0222843,-13.9491,3494,4020.33,-764.867,0.131927,0.0288948,-15.5934
12.829,30.3282,-4.80446,4.99808,-0.603951,-1.76873,-2.44656,-0.542749,-0.0137145,-0.00115764,2763.27,1,0.0587005,0,0.5,-0.33105,-0.26126,0.000921842,-0.001633,0.0989972,0.081176,0.101754,0.0843139,4639.82,-3533.67,-2715.79,-0.0543063,0.0823058,-15.1965,3537.51,3758.43,92.6251,0.0793268,-0.0260536,-15.5107,4825.22,-3779.15,-1407.69,-0.0485763,0.0225056,-13.9412,3493.52,4012.79,-776.158,0.130478,0.0290747,-15.6006
12.839,30.3548,-4.76166,4.99807,-0.603962,-1.81202,-2.49966,-0.542713,-0.0137164,-0.0011576,2763.28,1,0.0587186,0,0.5,-0.33105,-0.261264,0.000922122,-0.00163049,0.0989993,0.0811748,0.101754,0.0843138,4636.14,-3564.26,-2681.98,-0.0552226,0.0819805,-15.1872,3538.92,3770.23,98.8855,0.0800649,-0.0264245,-15.5198,4825.66,-3775.35,-1405.25,-0.0484699,0.0224502,-13.9425,3493.1,4016.42,-770.232,0.131382,0.0290106,-15.6068
12.849,30.3816,-4.719,4.99813,-0.603987,-1.91506,-2.7216,-0.542958,-0.0137173,-0.00115746,2763.44,1,0.058761,0,0.5,-0.331031,-0.26125,0.000921083,-0.00163258,0.0990016,0.0811748,0.101755,0.0843125,4631.45,-3586.55,-2652.25,-0.0558835,0.0815898,-15.1923,3540.04,3780.93,102.288,0.0807488,-0.0267082,-15.5164,4823.21,-3863.41,-1364.08,-0.050049,0.0219433,-13.9468,3495.05,4023.95,-757.305,0.132035,0.0286176,-15.6021
12.859,30.4086,-4.67648,4.99812,-0.603921,-1.83638,-2.72645,-0.542749,-0.0137177,-0.00115729,2763.38,1,0.0587761,0,0.5,-0.331058,-0.261277,0.000922966,-0.00163458,0.0990047,0.0811749,0.101756,0.0843119,4631.82,-3563.3,-2674.32,-0.0551998,0.0817537,-15.2037,3539.48,3771.27,104.736,0.0801297,-0.0265941,-15.5047,4821.94,-3832.75,-1362.16,-0.049399,0.0218368,-13.9646,3495.5,4026.11,-754.068,0.132342,0.0285436,-15.5808
12.869,30.4358,-4.6341,4.99797,-0.603895,-1.85881,-2.57172,-0.542522,-0.013718,-0.00115728,2763.26,1,0.0587752,0,0.5,-0.331055,-0.261277,0.000923668,-0.00163413,0.0990053,0.0811746,0.101758,0.0843116,4630.37,-3559.29,-2671.89,-0.0550337,0.0815428,-15.195,3540.2,3762.06,115.637,0.0795079,-0.0266903,-15.5129,4822.59,-3697.03,-1392.47,-0.0468331,0.0220493,-13.9855,3494.71,4020.91,-760.339,0.131311,0.028611,-15.6016
12.879,30.4632,-4.59187,4.99791,-0.604011,-2.03003,-2.75048,-0.543037,-0.0137181,-0.0011571,2763.38,1,0.0588303,0,0.5,-0.331111,-0.261335,0.000932881,-0.00163271,0.0990079,0.0811739,0.10176,0.0843108,4628.59,-3576.72,-2656.47,-0.0556068,0.0815415,-15.1933,3540.64,3778.83,115.334,0.0806337,-0.0270163,-15.5161,4818.93,-3796.23,-1345.44,-0.0485552,0.0214625,-13.991,3496.63,4033.55,-741.75,0.133494,0.0282601,-15.6079
12.889,30.4909,-4.54978,4.99808,-0.603919,-1.89122,-2.64666,-0.542833,-0.0137173,-0.00115697,2763.3,1,0.0587427,0,0.5,-0.331044,-0.261272,0.000923782,-0.00163283,0.0990052,0.0811748,0.101756,0.0843105,4631.2,-3569.17,-2666.06,-0.0553468,0.081602,-15.1955,3540.77,3771.66,114.643,0.0801202,-0.0268421,-15.5129,4822.12,-3880.25,-1355.98,-0.0503691,0.0218457,-13.9484,3496.07,4024.35,-755.964,0.131591,0.0284839,-15.6107
12.899,30.5187,-4.50784,4.99796,-0.60383,-1.88518,-2.48114,-0.542689,-0.0137171,-0.00115677,2763.4,1,0.0587336,0,0.5,-0.331062,-0.261297,0.000930749,-0.00163325,0.0990068,0.0811749,0.101757,0.0843096,4630.79,-3559.27,-2675.11,-0.0550704,0.0816799,-15.1959,3540.12,3768.55,112.588,0.0799405,-0.0267389,-15.5133,4821.74,-3886.92,-1352.49,-0.0504936,0.0218017,-13.9489,3496.5,4020.06,-762.62,0.130487,0.0285442,-15.6146
12.909,30.5468,-4.46604,4.99813,-0.603935,-1.79096,-2.55988,-0.542861,-0.0137169,-0.00115661,2763.34,1,0.0587022,0,0.5,-0.331027,-0.261257,0.00092141,-0.00163463,0.0990063,0.0811756,0.101756,0.0843104,4634.28,-3534.4,-2702.97,-0.0543151,0.0819404,-15.2033,3538.67,3752.94,105.741,0.0789467,-0.0262779,-15.5052,4824.09,-3793.44,-1394.31,-0.0487881,0.0223063,-13.946,3494.67,4011.7,-775.391,0.129522,0.0288704,-15.6114
12.919,30.5752,-4.4244,4.9981,-0.603954,-1.79279,-2.52965,-0.542893,-0.0137175,-0.00115666,2763.28,1,0.0587032,0,0.5,-0.331029,-0.261254,0.000922578,-0.00163418,0.0990044,0.0811745,0.101756,0.0843101,4635.22,-3544.65,-2694.68,-0.0545986,0.0818875,-15.1921,3538.75,3756.86,104.036,0.0791944,-0.0263048,-15.516,4824.77,-3743.7,-1408.46,-0.0478585,0.0224337,-13.9531,3494.17,4010.59,-777.12,0.1295,0.0289349,-15.6196
12.929,30.6037,-4.3829,4.99816,-0.603936,-1.84835,-2.72362,-0.542953,-0.0137181,-0.00115659,2763.34,1,0.0587377,0,0.5,-0.331036,-0.26126,0.00092303,-0.00162973,0.0990054,0.0811747,0.101756,0.0843093,4631.3,-3570.33,-2667,-0.0554095,0.0816881,-15.1944,3540.19,3773.79,110.368,0.0802845,-0.026781,-15.5142,4821.82,-3888.23,-1349.9,-0.0504994,0.0217579,-13.9509,3496.37,4022.39,-758.402,0.130965,0.0284673,-15.611
12.939,30.6325,-4.34155,4.99818,-0.603848,-1.81411,-2.70014,-0.542795,-0.0137186,-0.00115639,2763.48,1,0.0587257,0,0.5,-0.331061,-0.261288,0.000924809,-0.0016374,0.0990088,0.081175,0.101756,0.0843086,4630,-3571.46,-2663.16,-0.0554403,0.0816002,-15.2038,3540.56,3776.73,112.94,0.0804771,-0.0269029,-15.5057,4821.68,-3979.35,-1331.94,-0.0523995,0.0216761,-13.9285,3496.72,4025.08,-753.349,0.131291,0.0283293,-15.6049
12.949,30.6614,-4.30036,4.99821,-0.603899,-1.70466,-2.63092,-0.542876,-0.013719,-0.00115631,2763.39,1,0.0587032,0,0.5,-0.331063,-0.26128,0.000926119,-0.00163342,0.0990076,0.0811753,0.101757,0.084308,4634.83,-3543.72,-2698.09,-0.0546221,0.0820367,-15.2079,3538.06,3758.63,99.7382,0.0793386,-0.0262406,-15.5001,4823.67,-3845.13,-1379.5,-0.0497727,0.0221727,-13.9426,3495.1,4010.82,-775.874,0.129085,0.0288095,-15.5867
12.959,30.6906,-4.25931,4.99807,-0.603873,-1.7137,-2.53447,-0.542598,-0.0137201,-0.00115642,2763.29,1,0.0587201,0,0.5,-0.331061,-0.261272,0.000926028,-0.00163403,0.0990062,0.0811737,0.101758,0.0843082,4635.41,-3560.64,-2685.02,-0.0551372,0.0820198,-15.1967,3538.75,3767.47,102.723,0.0799073,-0.026476,-15.511,4823.17,-3859.86,-1368.35,-0.0500079,0.0220117,-13.9458,3495.34,4017.89,-765.714,0.130486,0.0286683,-15.6168
12.969,30.72,-4.21843,4.99814,-0.603834,-1.76898,-2.62341,-0.542558,-0.0137213,-0.00115635,2763.35,1,0.0587145,0,0.5,-0.331079,-0.261282,0.000924953,-0.00163503,0.0990082,0.0811728,0.101759,0.0843072,4630.19,-3582.33,-2650.4,-0.0557087,0.0813909,-15.2004,3540.79,3779.76,110.956,0.0806621,-0.0269035,-15.5074,4822.74,-3864.37,-1361.62,-0.0500585,0.0219037,-13.9486,3495.91,4019.89,-760.698,0.13045,0.0284691,-15.6025
12.979,30.7496,-4.17769,4.99808,-0.60396,-1.65735,-2.71127,-0.542522,-0.0137228,-0.00115638,2763.41,1,0.0587853,0,0.5,-0.331037,-0.261254,0.000919983,-0.00163976,0.0990081,0.081172,0.10176,0.0843081,4634.35,-3552.39,-2685.52,-0.0548193,0.0817726,-15.1973,3539.18,3763.81,104.481,0.0796363,-0.0264412,-15.5117,4823.19,-3702.65,-1374.84,-0.0468031,0.0217474,-13.9861,3494.66,4022.38,-766.655,0.132715,0.0290926,-15.6017
12.989,30.7795,-4.13712,4.99797,-0.603912,-1.73864,-2.65807,-0.542493,-0.0137243,-0.00115645,2763.4,1,0.0587921,0,0.5,-0.331089,-0.261282,0.000925628,-0.00163422,0.0990098,0.0811703,0.101761,0.084307,4631.81,-3569.4,-2667.3,-0.0553557,0.081646,-15.1884,3540.13,3772.73,111.346,0.0802202,-0.0267858,-15.5207,4822.12,-3740.27,-1375.77,-0.0475827,0.0218556,-13.985,3494.73,4026.12,-752.421,0.132491,0.028511,-15.6209
12.999,30.8095,-4.0967,4.99806,-0.603881,-1.65378,-2.58991,-0.542557,-0.0137243,-0.00115639,2763.47,1,0.0587468,0,0.5,-0.331065,-0.26127,0.000922036,-0.001636,0.0990118,0.0811722,0.101761,0.084306,4632.99,-3541.8,-2694.6,-0.0545459,0.0818695,-15.1916,3537.76,3758.44,100.552,0.0793505,-0.0262615,-15.5183,4824.04,-3685.79,-1406.01,-0.0466871,0.0222566,-13.977,3493.9,4014.28,-770.202,0.130208,0.0287984,-15.6087
13.009,30.8398,-4.05644,4.99813,-0.604018,-1.78317,-2.99668,-0.542889,-0.0137244,-0.00115645,2763.42,1,0.0588337,0,0.5,-0.331051,-0.261265,0.000922268,-0.00163442,0.0990123,0.0811721,0.101762,0.0843061,4627.15,-3573.36,-2653.29,-0.0554584,0.0813168,-15.1959,3541.32,3770.22,125.413,0.0800434,-0.0270951,-15.5137,4820.17,-3741.58,-1359.59,-0.0475208,0.0215808,-13.9996,3496.06,4033.33,-741.357,0.133622,0.0282698,-15.607
13.019,30.8703,-4.01633,4.99799,-0.603847,-1.56701,-2.51174,-0.54228,-0.0137246,-0.00115632,2763.53,1,0.0587564,0,0.5,-0.331083,-0.261288,0.000927218,-0.00163439,0.099014,0.0811716,0.101762,0.0843052,4634.7,-3523.61,-2713.18,-0.0539974,0.0820099,-15.1915,3538.12,3749.88,108.742,0.0787947,-0.0263075,-15.5189,4824.17,-3680.8,-1411.75,-0.0466294,0.0223459,-13.9727,3493.56,4018.57,-766.611,0.131617,0.02891,-15.606
13.029,30.9009,-3.97639,4.99813,-0.603945,-1.64054,-2.77971,-0.542711,-0.0137244,-0.00115623,2763.44,1,0.0587804,0,0.5,-0.331061,-0.261277,0.000923547,-0.00163392,0.0990132,0.0811724,0.101762,0.0843051,4631.75,-3551.1,-2683.32,-0.0548117,0.0817268,-15.1898,3539.09,3762.39,112.162,0.0795875,-0.0266248,-15.5199,4822.63,-3739.05,-1385.88,-0.0476264,0.02203,-13.9762,3494.72,4025.79,-756.146,0.132822,0.0287101,-15.607
13.039,30.9318,-3.93661,4.99818,-0.603986,-1.60385,-2.67593,-0.543018,-0.013724,-0.00115602,2763.44,1,0.058728,0,0.5,-0.331042,-0.261268,0.000923757,-0.00163393,0.0990134,0.0811736,0.101762,0.084305,4634.7,-3520.94,-2717.11,-0.0539411,0.0821034,-15.1918,3538.18,3745.43,109.912,0.0785029,-0.0262572,-15.5184,4825.09,-3613.74,-1437.86,-0.0455005,0.0226498,-13.9731,3492.88,4011.36,-777.499,0.130348,0.0291072,-15.6118
13.049,30.9629,-3.897,4.99821,-0.603905,-1.59235,-2.81088,-0.54254,-0.0137242,-0.00115581,2763.33,1,0.0587659,0,0.5,-0.331049,-0.261278,0.000923525,-0.0016339,0.0990134,0.0811729,0.101761,0.0843047,4631.5,-3553.74,-2677.22,-0.0548398,0.0815416,-15.199,3539.25,3762.03,112.302,0.0795522,-0.0266167,-15.5098,4822.46,-3809.73,-1368.88,-0.0489564,0.021898,-13.9627,3494.87,4029.01,-748.647,0.133205,0.0284868,-15.6001
13.059,30.9942,-3.85754,4.99818,-0.603897,-1.42499,-2.60915,-0.542554,-0.0137247,-0.00115557,2763.4,1,0.0587354,0,0.5,-0.331031,-0.26127,0.000922895,-0.00163399,0.0990136,0.0811729,0.101762,0.0843045,4637.98,-3503.36,-2738.41,-0.0534203,0.0823368,-15.1965,3536.54,3740.06,101.411,0.0782176,-0.0259552,-15.5133,4824.43,-3661.18,-1426.2,-0.046347,0.0225553,-13.97,3492.95,4015.77,-771.955,0.131396,0.0290796,-15.606
13.069,31.0257,-3.81826,4.9982,-0.603938,-1.4664,-2.73747,-0.54258,-0.0137255,-0.00115532,2763.34,1,0.0587578,0,0.5,-0.331035,-0.261275,0.000924195,-0.00163452,0.0990135,0.0811728,0.101762,0.0843037,4635.81,-3524.87,-2713.93,-0.0540278,0.0820482,-15.2013,3537.7,3747.86,105.616,0.0786735,-0.0261951,-15.5077,4825.3,-3706.93,-1404.36,-0.0470734,0.02227,-13.9738,3494.29,4023.23,-761.212,0.13256,0.028862,-15.5912
13.079,31.0575,-3.77914,4.99817,-0.603926,-1.426,-2.68054,-0.542518,-0.0137266,-0.00115523,2763.32,1,0.0587585,0,0.5,-0.331023,-0.261263,0.00092279,-0.00163446,0.0990138,0.0811721,0.101763,0.0843039,4636.47,-3519.83,-2719.58,-0.0538806,0.0821025,-15.1934,3537.17,3744.15,105.82,0.0784644,-0.0261365,-15.5158,4824.27,-3666.63,-1417.05,-0.0463879,0.0224065,-13.9764,3492.99,4020.55,-764.505,0.13243,0.0289746,-15.6062
13.089,31.0894,-3.74018,4.99823,-0.603991,-1.5697,-2.91119,-0.542833,-0.0137273,-0.00115495,2763.45,1,0.0587868,0,0.5,-0.331019,-0.261257,0.000924798,-0.00163374,0.0990158,0.0811724,0.101762,0.0843033,4630.95,-3553.86,-2675,-0.0548276,0.0814629,-15.1959,3539.61,3764.53,113.854,0.0797072,-0.0267028,-15.5145,4822.59,-3771.82,-1376.74,-0.0482267,0.0219456,-13.9711,3494.22,4030.51,-747.298,0.134016,0.0285766,-15.6003
13.099,31.1215,-3.7014,4.99834,-0.604073,-1.61433,-3.29822,-0.543045,-0.0137283,-0.00115476,2763.45,1,0.0588578,0,0.5,-0.331049,-0.261297,0.000925345,-0.00163357,0.0990177,0.0811714,0.101764,0.0843028,4628.68,-3579.96,-2651.93,-0.0556779,0.0814372,-15.1996,3541.58,3780.89,124.865,0.0807675,-0.0272945,-15.5102,4818.18,-3912.04,-1317.55,-0.0508277,0.0212514,-13.9773,3496.46,4048.7,-710.38,0.136675,0.0275719,-15.5881
13.109,31.1539,-3.66278,4.99822,-0.603906,-1.44276,-2.79257,-0.542563,-0.0137282,-0.00115457,2763.44,1,0.0587667,0,0.5,-0.331023,-0.26127,0.000925617,-0.00163468,0.0990181,0.0811725,0.101764,0.0843021,4633.58,-3536.24,-2698.74,-0.0543534,0.0818325,-15.1958,3538,3753.79,108.013,0.0790591,-0.0263651,-15.5142,4823.43,-3782.6,-1383.46,-0.0484873,0.0220877,-13.9615,3494.13,4026.69,-755.415,0.133398,0.0287841,-15.5955
13.119,31.1864,-3.62434,4.99828,-0.603996,-1.52684,-3.02379,-0.542899,-0.0137281,-0.00115444,2763.44,1,0.058803,0,0.5,-0.331033,-0.261274,0.000923068,-0.00163456,0.0990195,0.0811725,0.101764,0.0843021,4630.22,-3553.22,-2677.97,-0.0548697,0.0816122,-15.1962,3540.32,3764.74,120.822,0.0797105,-0.0268822,-15.5142,4821.14,-3799.26,-1366.67,-0.0487437,0.0218388,-13.9747,3495.09,4034.82,-740.426,0.134672,0.0284167,-15.5987
13.129,31.2191,-3.58606,4.99832,-0.603984,-1.44362,-3.05756,-0.542699,-0.0137281,-0.0011544,2763.35,1,0.0588126,0,0.5,-0.331045,-0.261279,0.000921239,-0.00163262,0.0990197,0.081172,0.101765,0.0843024,4630.8,-3541.67,-2687.12,-0.0544942,0.0815928,-15.1985,3540.23,3756.98,122.895,0.079202,-0.0267848,-15.5111,4821.42,-3727.12,-1376.05,-0.0473312,0.0218331,-13.9903,3494.69,4035.38,-740.649,0.135178,0.0285126,-15.5946
13.139,31.2521,-3.54796,4.99825,-0.603979,-1.49574,-3.00649,-0.542828,-0.0137282,-0.00115433,2763.38,1,0.05881,0,0.5,-0.331074,-0.261296,0.000928533,-0.00163408,0.0990209,0.0811724,0.101765,0.0843015,4629.91,-3551.84,-2679.53,-0.0548427,0.0816499,-15.1976,3539.8,3762.78,119.504,0.0796056,-0.0268195,-15.5124,4820.43,-3845.74,-1344.93,-0.0495662,0.0215668,-13.9705,3495.94,4037.16,-742.908,0.135717,0.0286826,-15.595
13.149,31.2852,-3.51003,4.99839,-0.604035,-1.47964,-3.0247,-0.5431,-0.0137277,-0.00115427,2763.42,1,0.0587546,0,0.5,-0.331042,-0.261266,0.000922732,-0.00163367,0.0990203,0.0811746,0.101764,0.0843016,4631.51,-3546.52,-2685.97,-0.0546601,0.0816947,-15.1976,3539.56,3757.87,116.198,0.0792714,-0.0266384,-15.5126,4823.3,-3820.61,-1379.01,-0.0492516,0.0221028,-13.9491,3494.34,4028.29,-753.022,0.133702,0.0287434,-15.5972
13.159,31.3185,-3.47228,4.99843,-0.603975,-1.4683,-3.12196,-0.542963,-0.0137276,-0.00115424,2763.47,1,0.0587781,0,0.5,-0.331063,-0.261276,0.000923719,-0.0016345,0.0990196,0.0811731,0.101763,0.0843014,4628.91,-3575.25,-2651.72,-0.0554576,0.0812405,-15.1975,3540.72,3775.17,106.921,0.0803247,-0.0267062,-15.5128,4821.55,-3977.16,-1331.69,-0.0523494,0.0216659,-13.9313,3495.88,4039.3,-735.739,0.1358,0.0284183,-15.595
13.169,31.3521,-3.4347,4.99832,-0.60396,-1.53893,-3.10689,-0.542853,-0.0137285,-0.00115415,2763.39,1,0.0587978,0,0.5,-0.331133,-0.261311,0.000931773,-0.00163366,0.0990219,0.0811721,0.101765,0.0843011,4627.2,-3598.18,-2632.97,-0.0562269,0.0812875,-15.1962,3541.39,3785,116.602,0.0810222,-0.0271571,-15.5133,4820.07,-4023.3,-1305.91,-0.0532313,0.0213285,-13.9336,3496.79,4044.03,-726.96,0.136453,0.028179,-15.5951
13.179,31.3858,-3.3973,4.9986,-0.604022,-1.33947,-3.04191,-0.543,-0.0137285,-0.00115409,2763.62,1,0.0587001,0,0.5,-0.331034,-0.261253,0.000918199,-0.00163707,0.0990191,0.0811727,0.101761,0.0843014,4634.27,-3565.62,-2675.73,-0.0552422,0.0818092,-15.2025,3539.65,3770.41,101.731,0.0800418,-0.0264918,-15.5077,4825.69,-3978.41,-1370.02,-0.0526324,0.0223548,-13.8902,3493.37,4026.37,-756.952,0.133825,0.0289219,-15.5919
13.189,31.4197,-3.36008,4.99853,-0.604003,-1.29094,-2.99886,-0.542915,-0.0137298,-0.00115418,2763.52,1,0.058725,0,0.5,-0.331021,-0.261249,0.000922663,-0.00163375,0.0990169,0.0811715,0.101763,0.0843014,4635.61,-3582.71,-2664.94,-0.0557808,0.0818823,-15.1953,3539.6,3781.96,94.3777,0.0808094,-0.0265217,-15.5135,4825.1,-3962.76,-1360.66,-0.0521986,0.0221398,-13.907,3493.66,4029.41,-756.334,0.135018,0.0291016,-15.589
13.199,31.4539,-3.32303,4.99845,-0.603946,-1.32838,-2.93801,-0.54282,-0.0137313,-0.00115414,2763.63,1,0.0587206,0,0.5,-0.331042,-0.261259,0.000923971,-0.00163326,0.0990197,0.081171,0.101764,0.0843002,4634.23,-3586.33,-2658.96,-0.0558908,0.0817884,-15.1932,3539.86,3784.74,95.9399,0.0809956,-0.0266148,-15.5174,4824.72,-3980.36,-1357.25,-0.052583,0.0221293,-13.9045,3494.12,4028.85,-752.443,0.13399,0.0287714,-15.6039
13.209,31.4882,-3.28617,4.99842,-0.603958,-1.43449,-3.02842,-0.542865,-0.0137321,-0.00115399,2763.6,1,0.058743,0,0.5,-0.331073,-0.261281,0.000923608,-0.00163506,0.099023,0.0811711,0.101765,0.084299,4628.99,-3613.16,-2624.48,-0.056703,0.0813769,-15.1855,3541.13,3791.91,105.704,0.0814701,-0.0270039,-15.525,4823.5,-3980.01,-1342.76,-0.0524718,0.0218674,-13.917,3495.23,4029.49,-749.745,0.133386,0.0285573,-15.6033
13.219,31.5227,-3.24949,4.99848,-0.603988,-1.32037,-3.09141,-0.54294,-0.013732,-0.00115382,2763.65,1,0.0587598,0,0.5,-0.331023,-0.261254,0.000921536,-0.00163449,0.0990239,0.0811721,0.101766,0.0842992,4632.06,-3576.34,-2663.62,-0.0555949,0.0817229,-15.2006,3539.95,3779.46,101.052,0.080646,-0.0266477,-15.5104,4822.83,-3867.36,-1366.35,-0.0501603,0.0219965,-13.9467,3494.83,4028.5,-751.249,0.133332,0.0286089,-15.5922
13.229,31.5574,-3.21298,4.99837,-0.603919,-1.3034,-2.92925,-0.54267,-0.0137323,-0.00115377,2763.51,1,0.0587509,0,0.5,-0.331046,-0.261277,0.000923018,-0.00163474,0.0990242,0.0811714,0.101767,0.0842984,4632.62,-3572.24,-2667.53,-0.0554588,0.0817302,-15.1945,3539.54,3774.72,103.519,0.080357,-0.0266265,-15.5155,4822.9,-3822.05,-1374.14,-0.0492503,0.022021,-13.9558,3494.75,4026.23,-755.08,0.132859,0.0286754,-15.6021
13.239,31.5923,-3.17667,4.9984,-0.603951,-1.26964,-3.00964,-0.542659,-0.0137324,-0.00115355,2763.57,1,0.0587682,0,0.5,-0.331019,-0.261261,0.000920686,-0.00163492,0.0990247,0.081172,0.101766,0.084298,4632.89,-3565.89,-2672.49,-0.0552519,0.0817154,-15.1933,3539.16,3772.7,101.92,0.0802347,-0.0265489,-15.5177,4823.95,-3830.96,-1372.94,-0.0494099,0.0220168,-13.9561,3495.59,4031.28,-747.714,0.133751,0.0285381,-15.6045
13.249,31.6274,-3.14053,4.99838,-0.603877,-1.21459,-2.89745,-0.542592,-0.0137324,-0.00115326,2763.64,1,0.0587543,0,0.5,-0.331014,-0.261261,0.000921252,-0.00163438,0.0990261,0.0811729,0.101767,0.0842976,4634.14,-3554.94,-2687,-0.0549639,0.081947,-15.1917,3538.01,3769.33,97.4446,0.0800587,-0.0263835,-15.5198,4822.97,-3817.46,-1378.95,-0.0491907,0.022096,-13.955,3494.54,4025.76,-756.423,0.132926,0.0287394,-15.6032
13.259,31.6627,-3.10458,4.99839,-0.603902,-1.2313,-2.99058,-0.542599,-0.0137325,-0.00115283,2763.68,1,0.0587725,0,0.5,-0.331031,-0.261288,0.000924476,-0.00163474,0.0990284,0.0811733,0.101767,0.0842973,4632.19,-3560.43,-2683.28,-0.0552092,0.0820589,-15.1995,3540.29,3770.63,118.461,0.0801036,-0.0269343,-15.5122,4822.07,-3834.9,-1371.16,-0.0495154,0.022004,-13.9544,3494.57,4029.68,-748.703,0.133651,0.0285665,-15.5953
13.269,31.6981,-3.06882,4.99843,-0.603945,-1.16387,-2.81633,-0.542757,-0.0137328,-0.00115252,2763.57,1,0.0587116,0,0.5,-0.331019,-0.261281,0.000925199,-0.00163475,0.099027,0.0811737,0.101767,0.0842965,4637.08,-3534.53,-2710.27,-0.0543462,0.0821835,-15.2031,3537.44,3753.83,94.0205,0.0790304,-0.0260075,-15.5072,4825.28,-3743.8,-1419.75,-0.0479407,0.0226338,-13.9441,3492.79,4013.45,-775.928,0.131011,0.0291646,-15.5923
13.279,31.7338,-3.03324,4.99852,-0.603988,-1.22856,-3.07386,-0.542828,-0.0137337,-0.00115238,2763.43,1,0.0587384,0,0.5,-0.331014,-0.261268,0.000920571,-0.00163507,0.0990251,0.0811724,0.101766,0.0842963,4633.02,-3588.77,-2651.84,-0.0559246,0.0815872,-15.1968,3540.43,3782.57,103.225,0.0808421,-0.0267587,-15.5123,4822.95,-3883.57,-1365.06,-0.0505012,0.0220151,-13.9411,3494.64,4029.23,-749.444,0.133517,0.0285723,-15.6031
13.289,31.7696,-2.99785,4.99848,-0.603978,-1.17987,-2.93811,-0.542771,-0.0137347,-0.00115202,2763.6,1,0.0587233,0,0.5,-0.331012,-0.261273,0.000923063,-0.00163503,0.0990269,0.0811724,0.101766,0.0842955,4634.86,-3566.39,-2675.62,-0.0552574,0.0818058,-15.199,3538.68,3771.87,91.87,0.0801588,-0.0262754,-15.5113,4824.87,-3806.17,-1397.95,-0.0490707,0.0224002,-13.9401,3493.18,4020,-765.264,0.132208,0.0289636,-15.5897
13.299,31.8056,-2.96265,4.99851,-0.603991,-1.15443,-3.08136,-0.542604,-0.013736,-0.00115189,2763.6,1,0.0587583,0,0.5,-0.331012,-0.261268,0.000921712,-0.00163492,0.0990268,0.0811711,0.101767,0.084295,4633.68,-3591,-2648.46,-0.0559466,0.0814808,-15.2029,3539.54,3784.91,92.2175,0.0810108,-0.0265242,-15.5067,4823.74,-3838.52,-1374.31,-0.0495869,0.0220619,-13.9493,3493.84,4028.6,-751.044,0.133826,0.0286907,-15.5832
13.309,31.8418,-2.92764,4.99845,-0.604008,-1.12791,-3.0301,-0.542747,-0.0137373,-0.00115174,2763.64,1,0.0587699,0,0.5,-0.331009,-0.261265,0.000920962,-0.00163645,0.099028,0.0811708,0.101768,0.0842942,4635.04,-3579.81,-2665.51,-0.0556817,0.0818213,-15.1954,3539.06,3779.97,92.4511,0.080698,-0.0264423,-15.515,4823.31,-3750.72,-1395.15,-0.0479238,0.0222197,-13.9675,3493.53,4025.11,-756.031,0.133066,0.0287553,-15.5957
13.319,31.8782,-2.89282,4.99841,-0.603982,-1.07493,-3.01173,-0.542598,-0.0137381,-0.00115166,2763.62,1,0.0587864,0,0.5,-0.331006,-0.261261,0.000919724,-0.00163908,0.0990295,0.0811707,0.101769,0.0842939,4635.43,-3574.24,-2671.21,-0.0555148,0.0818661,-15.1945,3538.82,3776.7,93.8535,0.080493,-0.0264178,-15.5161,4823.62,-3691.75,-1406.21,-0.0468137,0.0222754,-13.9791,3493.2,4026.16,-754.198,0.13345,0.0287523,-15.5938
13.329,31.9148,-2.8582,4.99839,-0.604101,-1.0609,-3.14896,-0.542533,-0.0137393,-0.00115169,2763.73,1,0.0588405,0,0.5,-0.331014,-0.261257,0.000921921,-0.00163436,0.0990301,0.081169,0.10177,0.0842943,4635.01,-3572.54,-2669.59,-0.0554256,0.0817422,-15.2005,3540.03,3778.37,96.1945,0.0805375,-0.0264925,-15.5108,4823.28,-3644.15,-1408.84,-0.0459043,0.022215,-13.9928,3492.32,4035.05,-741.807,0.136464,0.0287899,-15.5843
13.339,31.9516,-2.82376,4.99844,-0.604064,-1.00319,-3.0293,-0.542526,-0.0137404,-0.00115193,2763.61,1,0.058792,0,0.5,-0.331019,-0.261255,0.000922123,-0.00163368,0.0990287,0.081168,0.101771,0.0842928,4636.94,-3571.49,-2676.15,-0.0554213,0.0819402,-15.1974,3538.89,3776.22,88.1073,0.0804251,-0.0262538,-15.5124,4824.7,-3648.94,-1422.15,-0.0460722,0.0224542,-13.9806,3491.99,4027.97,-754.055,0.134873,0.0289989,-15.5808
13.349,31.9885,-2.78952,4.99847,-0.604114,-1.01637,-3.10793,-0.54278,-0.0137412,-0.00115224,2763.6,1,0.0587966,0,0.5,-0.331025,-0.261255,0.000921346,-0.00163564,0.0990299,0.0811675,0.101771,0.0842922,4636.45,-3581.25,-2669.15,-0.0557557,0.0819966,-15.1932,3538.72,3782.37,88.8584,0.0808717,-0.0264005,-15.517,4824.13,-3675.42,-1413.45,-0.0465362,0.0223634,-13.9778,3492.45,4029.08,-752.212,0.134903,0.0289296,-15.5866
13.359,32.0256,-2.75548,4.99845,-0.60404,-0.965055,-3.02731,-0.542594,-0.0137414,-0.00115247,2763.62,1,0.058788,0,0.5,-0.331023,-0.261251,0.00092172,-0.0016375,0.0990312,0.081167,0.101772,0.0842917,4637.26,-3572.17,-2679.8,-0.0555021,0.0821285,-15.1939,3538.76,3779.42,91.5854,0.0806751,-0.0264108,-15.5157,4823.77,-3737.33,-1400.26,-0.0476824,0.0222766,-13.9685,3493.1,4030.91,-750.097,0.135159,0.0288865,-15.5954
13.369,32.0629,-2.72162,4.99849,-0.604077,-1.01055,-3.28277,-0.542695,-0.0137411,-0.00115279,2763.57,1,0.0588403,0,0.5,-0.331058,-0.261268,0.0009236,-0.00163608,0.0990317,0.0811654,0.101773,0.0842917,4631.45,-3604.42,-2637.58,-0.0564415,0.0815696,-15.1968,3540.87,3792.79,97.1774,0.0815042,-0.0267947,-15.5129,4821.56,-3795.21,-1365.12,-0.0486389,0.0217991,-13.9777,3494.6,4041.24,-732.881,0.13711,0.0285334,-15.5779
13.379,32.1004,-2.68797,4.99842,-0.603991,-0.972094,-3.14494,-0.542317,-0.0137406,-0.00115311,2763.53,1,0.05883,0,0.5,-0.331064,-0.261268,0.000925346,-0.00163523,0.099032,0.0811652,0.101774,0.0842924,4632.72,-3591.39,-2654.55,-0.0560969,0.0818323,-15.1991,3540.5,3788.06,97.8467,0.0811963,-0.0267211,-15.5107,4822.08,-3758.52,-1382.24,-0.048005,0.0220141,-13.9752,3493.06,4041.64,-724.63,0.136964,0.0281966,-15.5731
13.389,32.138,-2.65451,4.99828,-0.603972,-0.993473,-3.08085,-0.542134,-0.0137407,-0.00115339,2763.55,1,0.058863,0,0.5,-0.331082,-0.261276,0.000927477,-0.00163501,0.0990323,0.0811643,0.101775,0.0842928,4631.03,-3595.17,-2644.51,-0.0561579,0.0815614,-15.1913,3540.95,3788.06,110.169,0.0812329,-0.0270466,-15.5184,4821.77,-3668.49,-1389.3,-0.0462601,0.0219324,-14.0007,3493.58,4042.69,-730.249,0.138122,0.0286053,-15.5861
13.399,32.1759,-2.62126,4.99843,-0.603985,-0.843389,-3.06661,-0.542375,-0.0137398,-0.00115355,2763.66,1,0.05883,0,0.5,-0.331039,-0.261258,0.000923757,-0.00163515,0.0990318,0.0811657,0.101774,0.0842926,4635.3,-3551.91,-2693.5,-0.054896,0.0821013,-15.1954,3538.62,3770.2,96.6443,0.0800716,-0.0263676,-15.5156,4822.99,-3642.76,-1411.02,-0.0458979,0.0222517,-13.9938,3493.09,4036.34,-743.966,0.137045,0.0289676,-15.5714
13.409,32.2139,-2.5882,4.99842,-0.603989,-0.924455,-3.18901,-0.542268,-0.0137392,-0.00115367,2763.66,1,0.0588505,0,0.5,-0.33105,-0.261268,0.000924072,-0.00163521,0.0990321,0.0811658,0.101774,0.0842929,4629.94,-3589.61,-2642.95,-0.0559202,0.081319,-15.1923,3540.2,3780.91,104.223,0.0807466,-0.026755,-15.5182,4822.31,-3684.92,-1398.26,-0.0466409,0.0221252,-13.9892,3493.31,4041.85,-730.784,0.137893,0.0285897,-15.5744
13.419,32.252,-2.55534,4.99851,-0.603982,-0.816493,-3.23104,-0.542331,-0.0137384,-0.00115365,2763.66,1,0.0588548,0,0.5,-0.331018,-0.261255,0.000921867,-0.00163467,0.0990318,0.0811669,0.101773,0.0842932,4631.94,-3564.57,-2670.89,-0.0552001,0.0816266,-15.198,3538.82,3773.45,97.7658,0.0802881,-0.0264577,-15.5133,4821.5,-3670.06,-1396.1,-0.0463456,0.0220571,-13.9977,3493.38,4041.84,-732.549,0.138129,0.0286979,-15.5644
13.429,32.2904,-2.52268,4.99852,-0.604017,-0.789255,-3.3225,-0.542419,-0.0137381,-0.00115355,2763.6,1,0.0588829,0,0.5,-0.33103,-0.261267,0.0009232,-0.00163435,0.0990314,0.0811674,0.101774,0.0842937,4631.56,-3559.6,-2676.23,-0.0550783,0.0817132,-15.2001,3539.31,3770.67,107.625,0.0801154,-0.0266613,-15.5107,4820.53,-3668.89,-1383.94,-0.0462494,0.0218445,-14.0081,3493.71,4046.05,-726.541,0.139436,0.0286756,-15.5559
13.439,32.3289,-2.49022,4.99857,-0.604029,-0.78389,-3.31429,-0.542509,-0.0137381,-0.00115338,2763.56,1,0.0588587,0,0.5,-0.331031,-0.261279,0.00092045,-0.00163645,0.099031,0.0811677,0.101773,0.0842936,4632,-3561.5,-2675.5,-0.0551354,0.0817318,-15.1965,3539.1,3769.42,107.571,0.0800424,-0.0266392,-15.5144,4821.36,-3687.13,-1391.59,-0.0466508,0.0220167,-13.994,3493.2,4044.21,-728.367,0.138956,0.0286716,-15.5698
13.449,32.3676,-2.45797,4.99853,-0.603914,-0.773286,-3.19483,-0.542221,-0.013738,-0.00115304,2763.63,1,0.0588396,0,0.5,-0.331022,-0.261274,0.000924784,-0.00163474,0.0990307,0.081168,0.101772,0.0842926,4631.9,-3567.1,-2669.44,-0.0552903,0.0816537,-15.2015,3539.51,3773.39,106.972,0.0802853,-0.0266909,-15.5095,4822.12,-3764.67,-1377.93,-0.0480968,0.0219518,-13.9794,3494.18,4044.03,-729.082,0.138341,0.0285913,-15.5616
13.459,32.4064,-2.42592,4.9985,-0.603968,-0.804902,-3.14546,-0.542461,-0.0137384,-0.00115266,2763.68,1,0.0588231,0,0.5,-0.331016,-0.261274,0.000923883,-0.00163501,0.0990311,0.0811685,0.101772,0.0842924,4633.86,-3546.92,-2691.91,-0.0547002,0.0818927,-15.1969,3538.85,3762.49,106.848,0.0795816,-0.0264864,-15.5152,4822.49,-3726.08,-1393.24,-0.0474227,0.0221309,-13.976,3493.16,4035.82,-741.66,0.136376,0.0287633,-15.5888
13.469,32.4455,-2.39408,4.99853,-0.603965,-0.761204,-3.08184,-0.542492,-0.0137389,-0.00115217,2763.65,1,0.0588025,0,0.5,-0.331012,-0.261278,0.000925444,-0.0016353,0.0990314,0.0811692,0.101772,0.0842917,4635.35,-3541.42,-2700.05,-0.054541,0.082018,-15.2008,3537.32,3757.26,97.9416,0.0792876,-0.0261775,-15.5106,4823.06,-3711.44,-1404.38,-0.047203,0.0222918,-13.9739,3492.85,4030.73,-750.37,0.135241,0.0289132,-15.5731
13.479,32.4847,-2.36244,4.99853,-0.604038,-0.851076,-3.22504,-0.542764,-0.0137396,-0.00115183,2763.56,1,0.0588166,0,0.5,-0.331013,-0.261276,0.000923113,-0.001635,0.0990313,0.0811688,0.101772,0.0842914,4632.89,-3559.91,-2676.84,-0.0550577,0.0816989,-15.1939,3539.69,3768.61,110.397,0.0799617,-0.0266892,-15.5177,4822.09,-3719.65,-1379.77,-0.0471979,0.0218789,-13.9828,3493.59,4034.44,-744.803,0.135895,0.0288024,-15.5984
13.489,32.524,-2.33101,4.99842,-0.603911,-0.864467,-2.99231,-0.54241,-0.01374,-0.00115133,2763.65,1,0.0587859,0,0.5,-0.331013,-0.26129,0.000928542,-0.00163493,0.0990331,0.0811692,0.101772,0.08429,4634.2,-3555.79,-2685.4,-0.0549735,0.0819001,-15.1931,3538.42,3764.62,103.452,0.079739,-0.0264453,-15.519,4822.76,-3763.54,-1389.63,-0.0481537,0.0221551,-13.9673,3493.57,4031.11,-747.518,0.134649,0.0286961,-15.5983
13.499,32.5635,-2.29978,4.99855,-0.60396,-0.891063,-3.15652,-0.542694,-0.0137401,-0.00115084,2763.68,1,0.0587727,0,0.5,-0.331028,-0.261299,0.000925285,-0.00163441,0.0990359,0.0811699,0.101771,0.0842897,4631.24,-3564.66,-2670.38,-0.0552177,0.0816353,-15.1948,3540.16,3772.14,114.127,0.0801933,-0.0268508,-15.5177,4822.15,-3840.34,-1367.11,-0.049597,0.0219443,-13.9546,3494.29,4033.67,-743.786,0.134995,0.0286059,-15.6067
13.509,32.6032,-2.26876,4.99846,-0.603902,-0.914005,-3.05117,-0.542528,-0.0137402,-0.00115033,2763.71,1,0.0587698,0,0.5,-0.331035,-0.261305,0.000928461,-0.00163492,0.0990374,0.0811706,0.101771,0.0842887,4631.72,-3569.94,-2668.09,-0.0553972,0.0817063,-15.1934,3539.58,3773.91,109.981,0.0803335,-0.0267859,-15.5198,4822.39,-3854.83,-1364.71,-0.0498841,0.0219369,-13.9508,3494.44,4032.39,-745.902,0.134596,0.0286194,-15.6
13.519,32.6431,-2.23796,4.99863,-0.603997,-0.779266,-3.28079,-0.542701,-0.0137404,-0.00114992,2763.76,1,0.0587983,0,0.5,-0.331015,-0.261271,0.000922527,-0.00163512,0.099037,0.0811711,0.101771,0.0842888,4632.13,-3558.77,-2675.71,-0.0550142,0.0816321,-15.2043,3540.22,3769.5,111.079,0.0799902,-0.0267147,-15.5081,4821.62,-3816.18,-1365.84,-0.0490833,0.0218634,-13.9665,3494.45,4036.19,-739.965,0.135607,0.0285595,-15.5848
13.529,32.6831,-2.20736,4.99868,-0.60404,-0.78475,-3.41899,-0.542879,-0.0137414,-0.0011497,2763.65,1,0.0588148,0,0.5,-0.331031,-0.261279,0.000921704,-0.00163583,0.0990365,0.0811707,0.101771,0.0842881,4629.92,-3585.4,-2648.52,-0.0558233,0.0814291,-15.1982,3541.07,3781.46,113.551,0.0807769,-0.0270065,-15.5134,4820.58,-3844.32,-1347.34,-0.0495524,0.021606,-13.9716,3495.03,4040.92,-732.223,0.13659,0.0284185,-15.585
13.539,32.7233,-2.17697,4.99875,-0.603858,-0.514491,-3.13188,-0.542334,-0.0137419,-0.00114951,2763.68,1,0.0587747,0,0.5,-0.331006,-0.261258,0.000919863,-0.00163766,0.0990369,0.0811716,0.101771,0.0842874,4637.29,-3529.95,-2714.36,-0.0542095,0.0821954,-15.2125,3537.81,3756.04,101.271,0.0791886,-0.0262301,-15.4986,4822.72,-3789.18,-1383.96,-0.0486408,0.0221165,-13.9687,3493.87,4032.47,-747.324,0.135121,0.0287672,-15.5494
13.549,32.7636,-2.14679,4.99865,-0.604062,-0.697618,-3.39743,-0.542773,-0.0137434,-0.00114959,2763.62,1,0.0588363,0,0.5,-0.331,-0.261248,0.000921064,-0.00163336,0.0990378,0.0811711,0.101772,0.0842878,4630.71,-3569.89,-2663.29,-0.0553511,0.0815149,-15.1975,3540.28,3768.28,116.333,0.0799305,-0.0268295,-15.5136,4821.13,-3776.87,-1364.32,-0.0482603,0.0217429,-13.9843,3494.42,4039.63,-733.786,0.13649,0.0284668,-15.5882
13.559,32.8041,-2.11683,4.99858,-0.603871,-0.623634,-3.1202,-0.54224,-0.0137442,-0.00114944,2763.7,1,0.0588017,0,0.5,-0.331038,-0.261271,0.000924157,-0.00163558,0.0990405,0.0811709,0.101773,0.0842865,4633.96,-3548.42,-2690.33,-0.0547382,0.081869,-15.2073,3538.88,3764.09,108.179,0.0796959,-0.0265522,-15.5046,4821.91,-3776.43,-1374.61,-0.0483172,0.0219218,-13.9787,3494.15,4035.67,-741.411,0.135722,0.0286368,-15.5645
13.569,32.8447,-2.08708,4.99862,-0.603981,-0.650728,-3.2582,-0.542698,-0.0137447,-0.00114952,2763.56,1,0.0588141,0,0.5,-0.33102,-0.261256,0.000917066,-0.00164172,0.09904,0.0811713,0.101774,0.0842865,4632.92,-3547.27,-2688.6,-0.0546923,0.0817866,-15.2004,3538.92,3761.79,110.805,0.0795509,-0.026579,-15.5112,4821.5,-3674.49,-1389.22,-0.0463819,0.0219455,-14.0023,3494,4033.86,-743.091,0.13514,0.0286053,-15.5858
13.579,32.8855,-2.05754,4.99861,-0.60404,-0.711972,-3.31477,-0.54284,-0.0137452,-0.00114942,2763.63,1,0.058813,0,0.5,-0.331041,-0.261271,0.000922929,-0.00163528,0.099042,0.0811714,0.101774,0.0842857,4631.54,-3548.05,-2684.95,-0.0547106,0.0816994,-15.1995,3538.76,3761.73,115.121,0.0795815,-0.0266996,-15.5122,4821.23,-3745.68,-1371.98,-0.047679,0.0218048,-13.9893,3494.59,4035.08,-740.913,0.13512,0.0285137,-15.5907
13.589,32.9265,-2.02822,4.99863,-0.604032,-0.621705,-3.1354,-0.542668,-0.0137458,-0.00114942,2763.55,1,0.0587746,0,0.5,-0.331007,-0.261252,0.000921084,-0.00163462,0.0990414,0.0811706,0.101774,0.0842858,4636.28,-3519.44,-2719.43,-0.0538662,0.0820892,-15.1964,3538.28,3747.17,112.571,0.078624,-0.0263544,-15.5148,4823.82,-3650.74,-1414.43,-0.0460644,0.0223259,-13.9855,3492.82,4027.4,-754.876,0.134292,0.0289261,-15.5916
13.599,32.9676,-1.99912,4.99867,-0.60402,-0.627525,-3.27618,-0.542716,-0.0137462,-0.00114944,2763.54,1,0.0587973,0,0.5,-0.331014,-0.261253,0.000920495,-0.00163548,0.0990417,0.0811701,0.101775,0.0842853,4632.79,-3544.05,-2689.57,-0.0545724,0.0817166,-15.1961,3538.84,3758.65,114.309,0.0793615,-0.0266122,-15.515,4822.3,-3750.5,-1377.95,-0.0478039,0.0219175,-13.9829,3494.36,4035.23,-741.666,0.135424,0.0285953,-15.5917
13.609,33.0088,-1.97023,4.99868,-0.60409,-0.698188,-3.46205,-0.542786,-0.0137465,-0.00114932,2763.67,1,0.058822,0,0.5,-0.331027,-0.261268,0.000917121,-0.00163983,0.0990446,0.0811704,0.101775,0.0842847,4628.35,-3569.75,-2657.89,-0.055335,0.0813487,-15.1989,3540.32,3767.97,120.164,0.0799279,-0.0269276,-15.5136,4820.97,-3825.09,-1351.27,-0.0491678,0.0216271,-13.9755,3495.36,4040.09,-733.306,0.13613,0.0283818,-15.5881
13.619,33.0502,-1.94156,4.99862,-0.603935,-0.657774,-3.26587,-0.542547,-0.0137461,-0.00114915,2763.65,1,0.058802,0,0.5,-0.33104,-0.261284,0.00092573,-0.00163499,0.099046,0.0811707,0.101776,0.0842846,4629.71,-3562.15,-2666.15,-0.0550901,0.0814001,-15.2006,3539.81,3767.3,114.961,0.0798889,-0.0267829,-15.5115,4821.02,-3853.45,-1352.37,-0.0497798,0.0217172,-13.9672,3495.24,4040.13,-732.957,0.136165,0.0283747,-15.5863
13.629,33.0918,-1.9131,4.99871,-0.603973,-0.63397,-3.25378,-0.542727,-0.0137456,-0.00114902,2763.68,1,0.0587627,0,0.5,-0.330984,-0.261244,0.000921243,-0.00163519,0.0990449,0.0811719,0.101774,0.0842846,4630.99,-3554.54,-2676.1,-0.0548758,0.0815361,-15.2011,3539.97,3762.77,116.814,0.0795776,-0.0267377,-15.5113,4822.69,-3823.94,-1373.27,-0.0492875,0.0220112,-13.9567,3494.52,4032.48,-745.742,0.134573,0.0286088,-15.5963
13.639,33.1335,-1.88487,4.99869,-0.603929,-0.569858,-3.18131,-0.542618,-0.0137456,-0.00114884,2763.58,1,0.0587662,0,0.5,-0.331001,-0.261267,0.00092186,-0.00163533,0.0990457,0.0811721,0.101775,0.0842844,4632.89,-3537.76,-2696.03,-0.0544003,0.0817856,-15.1982,3538.48,3755.22,110.088,0.0791339,-0.0264393,-15.5135,4822.35,-3774.72,-1377.42,-0.0482958,0.0219657,-13.9723,3494.7,4031.09,-748.976,0.134268,0.0286806,-15.5915
13.649,33.1754,-1.85685,4.9987,-0.603926,-0.597961,-3.24731,-0.542682,-0.0137453,-0.00114861,2763.58,1,0.0587704,0,0.5,-0.331001,-0.261272,0.000923186,-0.00163515,0.0990468,0.0811729,0.101775,0.0842841,4630.65,-3544.55,-2685.42,-0.0545997,0.0816227,-15.2011,3539.64,3758.82,121.353,0.0793571,-0.0267903,-15.5107,4821.4,-3793.13,-1368.14,-0.0486223,0.021849,-13.9747,3495.21,4032.89,-744.654,0.134268,0.0285107,-15.5887
13.659,33.2174,-1.82906,4.99862,-0.603922,-0.634458,-3.16815,-0.542643,-0.0137452,-0.0011483,2763.59,1,0.0587635,0,0.5,-0.331002,-0.261281,0.000923925,-0.00163508,0.0990481,0.0811736,0.101776,0.0842845,4630.83,-3530.53,-2698.21,-0.054189,0.0817037,-15.1944,3540.11,3751.75,127.535,0.0788846,-0.0268086,-15.5184,4821.73,-3773.2,-1375.54,-0.0482611,0.0219315,-13.9748,3494.84,4031.23,-747.733,0.134096,0.0286028,-15.603
13.669,33.2595,-1.80148,4.99875,-0.603935,-0.539371,-3.06376,-0.542774,-0.013745,-0.00114784,2763.64,1,0.0587085,0,0.5,-0.330986,-0.261268,0.000922324,-0.00163495,0.0990489,0.0811754,0.101774,0.0842841,4634.86,-3509.71,-2724.04,-0.0535684,0.082006,-15.2037,3537,3736.92,106.406,0.0780071,-0.0260229,-15.5087,4824.65,-3761.97,-1410.47,-0.0482523,0.0225155,-13.946,3493.03,4018.47,-768.789,0.132074,0.0290767,-15.5964
13.679,33.3018,-1.77413,4.99872,-0.603963,-0.599678,-3.23936,-0.542709,-0.0137457,-0.00114752,2763.58,1,0.0587467,0,0.5,-0.330993,-0.261273,0.000922314,-0.00163466,0.0990477,0.0811747,0.101774,0.084284,4631.82,-3557,-2677.08,-0.0549717,0.0816419,-15.1951,3540.34,3765.19,123.869,0.0797558,-0.0269699,-15.517,4822.72,-3839.11,-1368.09,-0.049568,0.0219561,-13.9531,3494.41,4032.6,-745.304,0.134629,0.0286019,-15.6018
13.689,33.3443,-1.747,4.99864,-0.603851,-0.566484,-3.05598,-0.542505,-0.0137464,-0.00114693,2763.68,1,0.0587414,0,0.5,-0.330998,-0.26129,0.000925551,-0.00163554,0.0990505,0.0811756,0.101775,0.084283,4632.88,-3545.66,-2691.7,-0.0546764,0.0818734,-15.1935,3538.56,3758.44,114.369,0.0793666,-0.0266141,-15.5203,4823.42,-3813.51,-1381.26,-0.0491175,0.0221254,-13.9521,3493.97,4026.61,-754.791,0.133358,0.0287546,-15.6061
13.699,33.3869,-1.7201,4.99864,-0.603906,-0.62091,-3.12316,-0.542823,-0.0137467,-0.00114626,2763.77,1,0.0587358,0,0.5,-0.331009,-0.261298,0.000925201,-0.00163529,0.0990529,0.0811772,0.101775,0.0842822,4632.21,-3535.89,-2696.76,-0.0543505,0.0817795,-15.1952,3538.82,3754.84,115.345,0.0791135,-0.0265703,-15.5191,4822.89,-3787.07,-1383.57,-0.0485908,0.0221033,-13.9605,3494.19,4023.5,-758.484,0.132382,0.0287278,-15.6099
13.709,33.4296,-1.69342,4.99872,-0.60387,-0.573012,-3.13907,-0.542681,-0.0137468,-0.00114565,2763.68,1,0.0587209,0,0.5,-0.331021,-0.261306,0.000926182,-0.00163466,0.0990542,0.0811777,0.101774,0.0842816,4632.05,-3545.69,-2687.36,-0.054633,0.081702,-15.2,3539.15,3759.16,115.101,0.0793804,-0.0266406,-15.5131,4822.76,-3868.29,-1366.09,-0.0501799,0.0219947,-13.9439,3494.64,4026.35,-753.864,0.132814,0.0286219,-15.6032
13.719,33.4724,-1.66696,4.99867,-0.603874,-0.610866,-3.16096,-0.542682,-0.0137473,-0.00114509,2763.68,1,0.0587335,0,0.5,-0.331048,-0.261322,0.000929087,-0.00163242,0.0990552,0.0811779,0.101774,0.0842809,4631.51,-3568.68,-2667.77,-0.0553428,0.0816512,-15.1929,3539.56,3771.05,113.173,0.080154,-0.0268168,-15.5201,4822.27,-3887.24,-1356,-0.0505193,0.0218637,-13.9456,3495.09,4028.36,-750.884,0.133096,0.0285526,-15.6066
13.729,33.5154,-1.64073,4.99877,-0.60383,-0.453663,-2.99576,-0.542777,-0.0137472,-0.00114445,2763.8,1,0.058694,0,0.5,-0.330995,-0.261275,0.000917492,-0.00164362,0.099055,0.0811801,0.101773,0.0842807,4637,-3521.74,-2719.36,-0.0539421,0.0821412,-15.1958,3537.26,3749.22,99.5723,0.0787627,-0.0260681,-15.5185,4824.4,-3806.34,-1398.4,-0.0490867,0.0224112,-13.9416,3493.54,4017.06,-769.729,0.131391,0.0289896,-15.6118
13.739,33.5586,-1.61472,4.99888,-0.603888,-0.438843,-3.24598,-0.542801,-0.013748,-0.00114397,2763.7,1,0.0587157,0,0.5,-0.331,-0.261272,0.000921318,-0.00163537,0.0990553,0.0811805,0.101773,0.0842798,4632.75,-3559.36,-2675.11,-0.0550115,0.0815988,-15.2061,3538.91,3767.32,102.11,0.0798834,-0.0264553,-15.506,4822.63,-3910.93,-1355.68,-0.051033,0.0219188,-13.9394,3495.14,4027.41,-752.989,0.132929,0.0286046,-15.5889
13.749,33.6019,-1.58895,4.99874,-0.603872,-0.482801,-3.0883,-0.542543,-0.0137496,-0.00114359,2763.71,1,0.0587141,0,0.5,-0.33101,-0.261277,0.000922836,-0.00163557,0.0990568,0.0811799,0.101774,0.0842794,4634.02,-3553.58,-2684.61,-0.0548701,0.0817844,-15.2014,3538.38,3765.72,103.855,0.0798194,-0.0264793,-15.5112,4823.96,-3814.04,-1383.34,-0.0491355,0.0221616,-13.9512,3493.65,4023.19,-758.217,0.132461,0.0287338,-15.5956
13.759,33.6453,-1.5634,4.99867,-0.603881,-0.467504,-3.07237,-0.542541,-0.0137513,-0.0011432,2763.74,1,0.0587388,0,0.5,-0.331045,-0.261296,0.00092668,-0.00163542,0.0990601,0.0811797,0.101775,0.0842784,4634.14,-3548.96,-2689.28,-0.0547374,0.0818325,-15.1984,3538.64,3761.83,106.3,0.079549,-0.0264658,-15.5145,4823.57,-3794.07,-1378.63,-0.0486856,0.0220289,-13.959,3493.9,4023.67,-759.734,0.132742,0.0288394,-15.6006
13.769,33.6888,-1.53808,4.99867,-0.603911,-0.483409,-3.22489,-0.54271,-0.0137525,-0.00114297,2763.65,1,0.0587705,0,0.5,-0.331062,-0.261306,0.000927052,-0.00163511,0.0990614,0.0811794,0.101777,0.0842777,4631.15,-3573.79,-2664.9,-0.0555343,0.081723,-15.1937,3540.4,3773.06,115.202,0.0802463,-0.0268951,-15.5188,4821.75,-3830.62,-1358.74,-0.0493297,0.0217709,-13.9679,3494.98,4031.2,-745.203,0.133682,0.0284348,-15.6059
13.779,33.7325,-1.51299,4.99876,-0.6039,-0.484241,-3.18072,-0.542848,-0.0137528,-0.00114273,2763.71,1,0.0587195,0,0.5,-0.331018,-0.261281,0.000923762,-0.00163563,0.0990627,0.0811807,0.101776,0.0842766,4631.52,-3570.55,-2664.24,-0.0553689,0.0815506,-15.1953,3539.34,3769.67,108.934,0.080051,-0.0266773,-15.5171,4823.15,-3841.92,-1368.02,-0.0496196,0.0219598,-13.9532,3494.91,4022.07,-760.021,0.131658,0.0286573,-15.6102
13.789,33.7763,-1.48812,4.99885,-0.603972,-0.404986,-3.32872,-0.54303,-0.0137529,-0.00114257,2763.72,1,0.0587385,0,0.5,-0.330973,-0.261248,0.00092064,-0.00163647,0.0990631,0.081181,0.101776,0.0842766,4631.35,-3564.61,-2671.19,-0.0552262,0.081667,-15.1988,3540.03,3767.63,112.796,0.0798839,-0.0267273,-15.5138,4822.65,-3816.86,-1368.54,-0.0491003,0.0219085,-13.9639,3495.03,4024.64,-755.371,0.132099,0.0285549,-15.6065
13.799,33.8202,-1.46349,4.99867,-0.603846,-0.450023,-2.88198,-0.542604,-0.013753,-0.0011424,2763.73,1,0.0586805,0,0.5,-0.330992,-0.261268,0.00092418,-0.00163558,0.0990653,0.0811809,0.101777,0.0842764,4638.01,-3510.41,-2731.59,-0.0536171,0.082265,-15.1935,3537.27,3745.93,102.835,0.0785601,-0.0260902,-15.5197,4824.95,-3723.08,-1415.72,-0.0474927,0.0225128,-13.9581,3493.39,4013.2,-774.87,0.13054,0.0290372,-15.6211
13.809,33.8643,-1.43909,4.99885,-0.603995,-0.464578,-3.18348,-0.543186,-0.013753,-0.00114229,2763.6,1,0.0586732,0,0.5,-0.330991,-0.261273,0.000920826,-0.0016357,0.0990658,0.0811818,0.101777,0.0842757,4633.19,-3537.6,-2696.77,-0.0543926,0.0818056,-15.1931,3538.86,3750.34,112.851,0.0787975,-0.0264166,-15.5189,4824.64,-3766.84,-1400.56,-0.0482744,0.0223495,-13.9512,3494.13,4012.07,-774.782,0.1298,0.0288999,-15.6201
13.819,33.9085,-1.41493,4.99884,-0.603863,-0.36534,-3.08612,-0.54273,-0.0137529,-0.00114216,2763.55,1,0.0586833,0,0.5,-0.330985,-0.261273,0.000923131,-0.00163573,0.0990661,0.0811824,0.101777,0.0842754,4634.14,-3528.99,-2706.79,-0.0541508,0.0819226,-15.2045,3538.04,3749.31,112.076,0.0787794,-0.0263881,-15.5069,4823.23,-3826.95,-1377.41,-0.0493748,0.0220908,-13.9534,3495.11,4017.95,-766.902,0.13074,0.0287587,-15.6005
13.829,33.9528,-1.39099,4.99886,-0.60395,-0.330466,-3.1264,-0.542871,-0.0137534,-0.00114217,2763.56,1,0.0586926,0,0.5,-0.330972,-0.261262,0.000920624,-0.00163663,0.0990656,0.081182,0.101778,0.0842756,4635.06,-3521.61,-2714.25,-0.0539186,0.0819694,-15.2039,3538.13,3743.79,110.279,0.0784003,-0.0262352,-15.5076,4824.4,-3730.97,-1402.89,-0.0475625,0.0223052,-13.9657,3494.02,4013.74,-772.356,0.130198,0.0288784,-15.5995
13.839,33.9973,-1.36729,4.99884,-0.603976,-0.333588,-3.27464,-0.542844,-0.0137544,-0.00114221,2763.51,1,0.0587315,0,0.5,-0.33098,-0.261273,0.000922996,-0.00163594,0.0990655,0.0811811,0.101779,0.0842755,4633.08,-3549.65,-2687.66,-0.0547781,0.0818223,-15.2019,3539.73,3759.05,121.337,0.079366,-0.026794,-15.5091,4821.87,-3803.12,-1368.18,-0.0488226,0.0218715,-13.9749,3495.39,4027.17,-750.934,0.132454,0.0284436,-15.5953
13.849,34.0418,-1.34382,4.9988,-0.603962,-0.357872,-3.24389,-0.542831,-0.0137553,-0.00114206,2763.62,1,0.0587295,0,0.5,-0.330983,-0.261284,0.000922424,-0.00163556,0.0990679,0.0811812,0.101778,0.0842752,4631.9,-3553.29,-2680.16,-0.0548562,0.0816459,-15.1944,3539.46,3762.15,116.412,0.0795683,-0.0267277,-15.5183,4822.41,-3810.59,-1368.95,-0.0489761,0.0219016,-13.9654,3494.88,4025.91,-753.356,0.132452,0.0285391,-15.6126
13.859,34.0865,-1.32059,4.99883,-0.603866,-0.28471,-3.19324,-0.542665,-0.0137553,-0.00114179,2763.74,1,0.058727,0,0.5,-0.33097,-0.261276,0.000922074,-0.00163625,0.0990701,0.0811824,0.101779,0.0842749,4631.84,-3548.24,-2685.76,-0.054729,0.0817265,-15.1996,3539.38,3761.22,117.959,0.0795194,-0.0267509,-15.5136,4822.67,-3832.46,-1366.71,-0.0494159,0.0219146,-13.9602,3495.14,4025.52,-755.019,0.132373,0.0285873,-15.5971
13.869,34.1313,-1.29759,4.99873,-0.603876,-0.308379,-3.04646,-0.542539,-0.0137555,-0.00114156,2763.68,1,0.0587211,0,0.5,-0.330968,-0.261281,0.000922689,-0.00163679,0.0990714,0.0811829,0.10178,0.0842752,4633.95,-3522.36,-2708.93,-0.0539061,0.0817833,-15.1982,3537.14,3742.48,108.611,0.0783716,-0.0261814,-15.5149,4824.16,-3670.92,-1412.12,-0.046437,0.0223297,-13.9788,3493.4,4016.37,-768.331,0.13101,0.0288707,-15.6089
13.879,34.1763,-1.27483,4.99876,-0.603947,-0.280266,-3.21431,-0.542658,-0.0137558,-0.00114125,2763.76,1,0.0587526,0,0.5,-0.330969,-0.261278,0.000922632,-0.00163626,0.0990719,0.081183,0.10178,0.0842749,4632.92,-3534.44,-2697.59,-0.0542809,0.081733,-15.1988,3538.77,3753.23,115.298,0.0790082,-0.0265362,-15.5152,4822.59,-3753.15,-1373.72,-0.0478207,0.0218469,-13.9753,3494.34,4026.51,-756.185,0.133322,0.0287988,-15.6061
13.889,34.2213,-1.25231,4.99887,-0.603972,-0.239941,-3.37829,-0.542884,-0.0137562,-0.00114091,2763.72,1,0.058755,0,0.5,-0.33097,-0.261274,0.000921217,-0.0016353,0.0990723,0.0811835,0.10178,0.084274,4630.51,-3554.2,-2676.1,-0.0548774,0.0815422,-15.1998,3540.21,3765.55,122.242,0.0797809,-0.026938,-15.5133,4820.89,-3847.22,-1348.23,-0.0496154,0.0216277,-13.9706,3495.77,4032.71,-743.318,0.133736,0.0283659,-15.6014
13.899,34.2665,-1.23002,4.99888,-0.603937,-0.173836,-3.13713,-0.542863,-0.0137562,-0.00114057,2763.75,1,0.0587132,0,0.5,-0.330954,-0.26126,0.000921442,-0.0016353,0.0990727,0.0811845,0.10178,0.0842736,4636.08,-3519.02,-2719.4,-0.0538563,0.0820782,-15.2028,3536.82,3743.2,101.708,0.078406,-0.0260204,-15.5104,4823.83,-3738.66,-1404.33,-0.0477401,0.0223521,-13.9634,3493.51,4016.6,-768.953,0.131127,0.0289146,-15.5962
13.909,34.3118,-1.20797,4.99892,-0.604042,-0.227788,-3.53877,-0.543115,-0.0137569,-0.00114031,2763.72,1,0.0587696,0,0.5,-0.331005,-0.261302,0.000922787,-0.00163583,0.0990738,0.0811833,0.10178,0.0842735,4629.1,-3580.48,-2650.19,-0.0556603,0.0813543,-15.1991,3541.23,3779.26,119.262,0.0806439,-0.027117,-15.5141,4819.98,-3950.74,-1319.53,-0.0516736,0.0213798,-13.954,3496.17,4040.03,-730.471,0.135259,0.0281221,-15.6086
13.919,34.3572,-1.18616,4.99885,-0.603933,-0.27723,-3.02107,-0.542726,-0.0137573,-0.00113987,2763.83,1,0.0586622,0,0.5,-0.330994,-0.26129,0.000923878,-0.0016355,0.0990741,0.0811843,0.101779,0.0842726,4635.06,-3537.12,-2701.05,-0.0543807,0.0819152,-15.1976,3537.43,3754.51,102.618,0.0791186,-0.0262489,-15.5164,4826.47,-3810.95,-1410.97,-0.0492493,0.0226403,-13.9246,3492.27,4013.65,-774.288,0.131118,0.0291238,-15.6076
13.929,34.4027,-1.16459,4.99893,-0.603929,-0.112266,-3.20117,-0.542739,-0.0137581,-0.00113958,2763.78,1,0.0587182,0,0.5,-0.330983,-0.261279,0.000921813,-0.00163576,0.0990739,0.0811842,0.101779,0.084272,4634.7,-3567.06,-2675.55,-0.0552941,0.0818301,-15.1979,3538.56,3771.81,100.654,0.0802083,-0.0265109,-15.5151,4823.63,-3880.72,-1371.53,-0.0504795,0.0221217,-13.9396,3494.25,4026.81,-753.289,0.133122,0.0286551,-15.5958
13.939,34.4483,-1.14325,4.99889,-0.603865,-0.10926,-3.12916,-0.542536,-0.0137589,-0.00113929,2763.8,1,0.0587181,0,0.5,-0.330978,-0.261276,0.000920971,-0.00163567,0.0990759,0.081184,0.10178,0.0842713,4633.62,-3567.12,-2669.91,-0.0552442,0.0816021,-15.1982,3539.49,3771.79,104.072,0.0801596,-0.0265811,-15.5152,4823.52,-3824,-1366.02,-0.0492151,0.0218771,-13.9544,3494.36,4022.74,-766.56,0.132995,0.0291413,-15.598
13.949,34.4941,-1.12216,4.99857,-0.603717,-0.277622,-2.90076,-0.541938,-0.0137598,-0.00113886,2763.84,1,0.0587388,0,0.5,-0.331069,-0.261335,0.000934892,-0.00163551,0.0990814,0.0811841,0.101783,0.08427,4630.91,-3562.51,-2670.84,-0.0551451,0.0815858,-15.2017,3539.41,3767.23,109.477,0.0798818,-0.0266412,-15.5122,4823.05,-3779.65,-1382.09,-0.0484221,0.022058,-13.9668,3494.27,4025.05,-754.647,0.132521,0.028604,-15.5925
13.959,34.5399,-1.10131,4.99866,-0.603792,-0.22488,-2.93604,-0.54219,-0.0137597,-0.00113859,2763.8,1,0.0587239,0,0.5,-0.331047,-0.261318,0.000931458,-0.00163535,0.0990812,0.0811852,0.101782,0.0842699,4634.24,-3536.51,-2698.6,-0.0543425,0.0818057,-15.2056,3538.43,3754.84,107.172,0.0790967,-0.0263576,-15.5079,4823.21,-3757.08,-1390.61,-0.0480206,0.0221547,-13.9691,3493.89,4021.61,-760.935,0.132026,0.0287618,-15.5966
13.969,34.5859,-1.0807,4.99884,-0.604004,-0.0910438,-3.21937,-0.542775,-0.0137602,-0.00113851,2763.66,1,0.0587508,0,0.5,-0.33099,-0.261284,0.000920848,-0.00163635,0.0990786,0.0811852,0.101782,0.0842703,4634.62,-3540.71,-2695.6,-0.0544639,0.0818052,-15.197,3538.9,3755.48,110.494,0.079125,-0.0264507,-15.5155,4822.89,-3651.81,-1404.39,-0.0460268,0.0221555,-13.9948,3493.59,4023.03,-758.689,0.132481,0.0287565,-15.6032
13.979,34.632,-1.06033,4.99869,-0.603882,-0.189179,-3.04675,-0.542201,-0.0137611,-0.0011383,2763.68,1,0.0587402,0,0.5,-0.331025,-0.261303,0.000930022,-0.00163557,0.0990805,0.0811842,0.101783,0.0842692,4633.65,-3547.77,-2681.41,-0.0545796,0.0814256,-15.2051,3538.33,3758.33,103.642,0.0793201,-0.0263313,-15.5077,4822.93,-3750.2,-1385.73,-0.0478465,0.0220525,-13.976,3493.97,4027.03,-751.712,0.133147,0.0285997,-15.5928
13.989,34.6781,-1.04021,4.99877,-0.604045,-0.0934666,-3.29003,-0.542706,-0.0137622,-0.0011383,2763.74,1,0.0587877,0,0.5,-0.331028,-0.26131,0.000926865,-0.00163562,0.0990803,0.081183,0.101784,0.0842694,4632.29,-3562.6,-2671.24,-0.0551051,0.0815562,-15.197,3539.8,3766.19,112.005,0.0797973,-0.0266861,-15.5157,4822.18,-3701.09,-1385.51,-0.0468685,0.0219369,-13.9922,3493.84,4030.62,-746.843,0.134193,0.0285918,-15.5988
13.999,34.7244,-1.02032,4.99889,-0.604181,-0.0370422,-3.42951,-0.543205,-0.0137631,-0.00113837,2763.7,1,0.0587796,0,0.5,-0.331029,-0.261314,0.000926602,-0.00163546,0.0990798,0.0811823,0.101784,0.0842688,4632.97,-3567.5,-2669.35,-0.0552639,0.0816272,-15.1991,3539.92,3768.13,106.621,0.0798936,-0.0265816,-15.5131,4822.51,-3692.68,-1393.98,-0.0467593,0.0220656,-13.9875,3493.53,4028.49,-751.123,0.13394,0.0287164,-15.5899
14.009,34.7708,-1.00069,4.99899,-0.604135,0.0500592,-3.5603,-0.542982,-0.0137637,-0.00113869,2763.63,1,0.0587962,0,0.5,-0.331003,-0.261297,0.000925152,-0.00163567,0.0990781,0.0811807,0.101783,0.0842687,4630.16,-3619.22,-2616.35,-0.056802,0.0811669,-15.1959,3541.59,3794.85,106.249,0.0816526,-0.0270739,-15.5146,4821.41,-3927.02,-1331.28,-0.0512103,0.0215232,-13.9543,3495.21,4044.18,-726.392,0.137363,0.0283171,-15.5887
14.019,34.8173,-0.981292,4.99869,-0.603927,-0.150788,-3.2028,-0.542491,-0.013764,-0.0011389,2763.83,1,0.0587669,0,0.5,-0.331038,-0.261329,0.000938362,-0.00163516,0.0990813,0.0811797,0.101785,0.0842677,4630.21,-3622.54,-2618.08,-0.0569822,0.0813756,-15.1911,3541.47,3800.71,101.31,0.0820577,-0.0270621,-15.5214,4822.02,-3960.8,-1334.86,-0.0519913,0.0216764,-13.9376,3495.29,4039.66,-734.65,0.136146,0.0284374,-15.5955
14.029,34.8639,-0.962142,4.99901,-0.603994,0.0991154,-3.27842,-0.542765,-0.0137629,-0.00113918,2763.92,1,0.0587356,0,0.5,-0.330961,-0.261273,0.0009213,-0.00163799,0.0990815,0.0811809,0.101783,0.0842694,4633.37,-3597.72,-2646.16,-0.0562228,0.0816375,-15.1952,3540.07,3789.93,92.9362,0.0813329,-0.0266357,-15.5179,4822.57,-3900.56,-1372.84,-0.0509502,0.0222045,-13.9263,3492.58,4032.33,-745.929,0.135541,0.0287929,-15.5933
14.039,34.9106,-0.943237,4.99907,-0.604047,0.117097,-3.40248,-0.542944,-0.0137623,-0.00113931,2763.95,1,0.0587376,0,0.5,-0.33095,-0.261262,0.000919724,-0.00163704,0.0990815,0.0811811,0.101782,0.0842687,4631.91,-3614.88,-2628.79,-0.0567578,0.0815228,-15.1935,3540.74,3799.47,92.2994,0.0819691,-0.0268016,-15.5199,4823.73,-3948.57,-1355.7,-0.0518584,0.0220161,-13.9221,3494.43,4035.89,-742.549,0.135838,0.0286987,-15.5907
14.049,34.9574,-0.924578,4.99896,-0.603959,0.0842525,-3.20467,-0.54276,-0.0137616,-0.00113937,2763.95,1,0.0587285,0,0.5,-0.330962,-0.261283,0.000924774,-0.00163757,0.0990826,0.0811816,0.101783,0.0842691,4633.5,-3599.52,-2646.49,-0.0563049,0.0817183,-15.1914,3539.72,3790.85,88.6569,0.0814009,-0.0265458,-15.5222,4824.48,-3880.39,-1380.59,-0.0505324,0.0222814,-13.9281,3493.61,4030.72,-752.374,0.135122,0.0289654,-15.596
14.059,35.0042,-0.906165,4.99886,-0.603941,0.100899,-3.18602,-0.542489,-0.0137611,-0.00113939,2763.89,1,0.0587691,0,0.5,-0.330965,-0.261287,0.000929162,-0.00163583,0.099082,0.0811817,0.101785,0.0842695,4633.54,-3596.1,-2649.54,-0.0562002,0.0817321,-15.1951,3539.69,3789.08,88.0922,0.0812738,-0.0264951,-15.5177,4823.42,-3805.24,-1385.7,-0.0489784,0.0221842,-13.956,3493.65,4035.21,-744.523,0.136212,0.0288441,-15.5823
14.069,35.0512,-0.887999,4.99898,-0.603916,0.241876,-3.2139,-0.542588,-0.0137604,-0.00113935,2763.87,1,0.0587709,0,0.5,-0.330954,-0.26127,0.000921752,-0.00163595,0.099081,0.0811825,0.101784,0.08427,4634.34,-3589.47,-2659.78,-0.0560476,0.0819384,-15.1915,3539.59,3785.22,93.815,0.0810366,-0.0265713,-15.5215,4823.18,-3770.58,-1392.98,-0.0483177,0.0222301,-13.9646,3493.47,4033.84,-746.434,0.135889,0.0288654,-15.5949
14.079,35.0983,-0.870079,4.99889,-0.603837,0.106087,-3.16179,-0.542566,-0.0137599,-0.00113911,2763.92,1,0.0587498,0,0.5,-0.330965,-0.261282,0.00092519,-0.00163557,0.0990821,0.0811837,0.101783,0.0842687,4632.91,-3586.56,-2657.62,-0.0559294,0.0817808,-15.1926,3539.45,3784.36,93.825,0.0809865,-0.026558,-15.5213,4821.92,-3815.24,-1370.93,-0.0490987,0.0219511,-13.9663,3495.08,4029.21,-751.83,0.1336,0.0286745,-15.6042
14.089,35.1455,-0.852407,4.9989,-0.603877,0.0985438,-2.99693,-0.542701,-0.0137589,-0.00113867,2763.92,1,0.0587043,0,0.5,-0.330965,-0.261281,0.000924253,-0.00163617,0.099083,0.0811858,0.101783,0.0842692,4636.7,-3538.49,-2705.72,-0.0544623,0.0821229,-15.1966,3536.63,3756.16,85.8554,0.0792013,-0.0258475,-15.5176,4825.03,-3620.05,-1442.94,-0.0456604,0.0227542,-13.9724,3492.55,4010.77,-780.088,0.130559,0.0292441,-15.5989
14.099,35.1927,-0.834983,4.99876,-0.603841,-0.00528085,-3.14058,-0.542427,-0.013759,-0.00113823,2763.83,1,0.0587493,0,0.5,-0.331018,-0.261318,0.000930766,-0.0016353,0.0990831,0.0811853,0.101783,0.0842686,4631.36,-3583.63,-2655,-0.055805,0.0816093,-15.1929,3540.78,3781.28,108.494,0.0807557,-0.0268703,-15.5209,4821.55,-3786.25,-1372.13,-0.0485079,0.021903,-13.9747,3495.07,4030,-749.127,0.133611,0.0285726,-15.6042
14.109,35.2401,-0.817809,4.99872,-0.603792,-0.0119412,-2.99976,-0.542239,-0.0137595,-0.00113764,2763.92,1,0.0587333,0,0.5,-0.331017,-0.261313,0.000931212,-0.0016356,0.0990836,0.081186,0.101783,0.0842687,4633.15,-3571.27,-2667.71,-0.055405,0.0816753,-15.1969,3539.7,3775.23,100.896,0.0803673,-0.0265631,-15.5173,4823.08,-3753.88,-1391.98,-0.0479677,0.0221721,-13.9682,3493.91,4024.7,-757.439,0.13289,0.0287763,-15.6076
14.119,35.2875,-0.800883,4.99902,-0.6039,0.150695,-3.31329,-0.542825,-0.0137599,-0.00113708,2763.91,1,0.0587279,0,0.5,-0.330986,-0.261288,0.000920177,-0.00163594,0.0990833,0.0811869,0.101781,0.084268,4630.32,-3590.99,-2646.56,-0.0560311,0.0815269,-15.1961,3540.84,3782.15,114.181,0.0808452,-0.027041,-15.5181,4822.51,-3823.45,-1368.88,-0.0492449,0.0219317,-13.9618,3494.63,4025.55,-753.373,0.132414,0.0285348,-15.6068
14.129,35.3351,-0.784208,4.99893,-0.603873,0.102026,-3.19318,-0.542574,-0.0137612,-0.00113645,2763.89,1,0.0587214,0,0.5,-0.331003,-0.2613,0.000923688,-0.00163565,0.0990857,0.0811882,0.101782,0.0842674,4630,-3582.16,-2649.75,-0.0557,0.0813566,-15.1987,3540.54,3774.52,107.948,0.0802973,-0.0267245,-15.5152,4823.01,-3799.31,-1379.89,-0.0488149,0.0220671,-13.962,3494.39,4023.96,-755.857,0.132161,0.0285881,-15.6042
14.139,35.3827,-0.767783,4.99916,-0.604124,0.244917,-3.62103,-0.543567,-0.0137621,-0.001136,2763.9,1,0.0587518,0,0.5,-0.330954,-0.261263,0.000919543,-0.00163687,0.0990843,0.0811888,0.101781,0.0842667,4630.36,-3595.98,-2641.93,-0.0561715,0.0814994,-15.1998,3540.19,3787.68,102.595,0.0812199,-0.026858,-15.514,4820.38,-3893.57,-1337.58,-0.0505425,0.0215554,-13.9635,3495.83,4031.61,-744.468,0.133365,0.0283476,-15.5993
14.149,35.4304,-0.751608,4.99878,-0.603751,-0.00114555,-2.97854,-0.542328,-0.0137633,-0.00113554,2763.79,1,0.0586942,0,0.5,-0.331052,-0.261331,0.000932591,-0.00163517,0.0990875,0.0811874,0.101783,0.0842647,4633.45,-3575.53,-2664.43,-0.0555299,0.0816676,-15.1946,3539.57,3775.76,104.267,0.0804314,-0.0266682,-15.5188,4822.67,-3867.5,-1361.63,-0.0501275,0.0219123,-13.9509,3494.98,4021.47,-759.951,0.131372,0.0286048,-15.6112
14.159,35.4782,-0.735684,4.99889,-0.603824,0.107488,-3.03716,-0.542506,-0.0137638,-0.00113513,2763.91,1,0.0586972,0,0.5,-0.330999,-0.261302,0.000925117,-0.00163485,0.0990885,0.0811884,0.101782,0.0842645,4634.9,-3561.77,-2682.15,-0.0551626,0.0819383,-15.1966,3538.22,3774.5,98.0614,0.0804053,-0.0265017,-15.5177,4822.83,-3823.28,-1371.96,-0.0492599,0.0219854,-13.9604,3494.76,4019.89,-762.323,0.131118,0.0286526,-15.6142
14.169,35.5261,-0.720012,4.99885,-0.603762,0.118966,-2.96765,-0.542368,-0.0137643,-0.00113476,2763.92,1,0.0587014,0,0.5,-0.33099,-0.261298,0.000927027,-0.00163572,0.0990899,0.081189,0.101783,0.0842635,4635.37,-3543.68,-2693.34,-0.0545363,0.0817724,-15.2028,3537.79,3764.21,98.2033,0.0797268,-0.0263085,-15.5118,4822.53,-3776.41,-1381.79,-0.0483617,0.022047,-13.9733,3494.89,4018.48,-764.16,0.130723,0.0286528,-15.6015
14.179,35.574,-0.704591,4.99889,-0.603807,0.144334,-3.05344,-0.542531,-0.0137648,-0.00113454,2763.87,1,0.0587034,0,0.5,-0.330981,-0.261298,0.000923994,-0.001636,0.0990915,0.0811896,0.101782,0.084263,4632.37,-3561.45,-2677.75,-0.0551639,0.0818163,-15.1974,3539.64,3765.95,114.726,0.0798054,-0.0267514,-15.517,4822.86,-3776.46,-1381.32,-0.0483532,0.0220372,-13.9688,3494.87,4016.87,-766.535,0.130383,0.0286845,-15.6168
14.189,35.622,-0.689423,4.99892,-0.603831,0.199689,-3.11928,-0.542547,-0.0137653,-0.00113431,2763.81,1,0.0587206,0,0.5,-0.330976,-0.261301,0.000922895,-0.00163723,0.0990938,0.0811903,0.101784,0.0842629,4631.1,-3555.03,-2680.28,-0.0549641,0.0817475,-15.1971,3539.85,3760.96,120.985,0.0794856,-0.0268186,-15.517,4821.58,-3729.21,-1382.96,-0.0474233,0.02196,-13.9855,3494.83,4017.77,-763.862,0.13044,0.0285938,-15.6093
14.199,35.6702,-0.674508,4.99885,-0.603831,0.12629,-3.07814,-0.542551,-0.0137654,-0.00113402,2763.83,1,0.0587117,0,0.5,-0.330966,-0.261298,0.000924941,-0.00163597,0.0990957,0.0811913,0.101783,0.0842623,4631.93,-3534.81,-2692.97,-0.054259,0.0815625,-15.1936,3538.2,3752.26,112.143,0.0789649,-0.0264434,-15.5213,4822.39,-3712.83,-1385.99,-0.0471027,0.0219718,-13.9889,3494.96,4017.28,-765.348,0.130365,0.0286356,-15.6197
14.209,35.7183,-0.659846,4.99905,-0.603969,0.274395,-3.3683,-0.543256,-0.013765,-0.00113371,2763.81,1,0.0587287,0,0.5,-0.330932,-0.261274,0.000917491,-0.00164381,0.0990963,0.0811931,0.101783,0.0842622,4630.54,-3536.76,-2691.64,-0.0543637,0.0816325,-15.2008,3539.16,3753.61,120.223,0.0790348,-0.0266735,-15.514,4820.47,-3749.62,-1365.18,-0.0477206,0.0216968,-13.9944,3496.23,4021.81,-757.981,0.130749,0.0284153,-15.612
14.219,35.7666,-0.645437,4.99901,-0.603888,0.208405,-3.16232,-0.542815,-0.0137649,-0.00113348,2763.72,1,0.058684,0,0.5,-0.330938,-0.261277,0.000921244,-0.00163635,0.0990955,0.0811927,0.101783,0.0842619,4632.29,-3527.07,-2700.88,-0.0540377,0.0816392,-15.2014,3538.45,3746.45,116.866,0.0785876,-0.0264542,-15.5126,4822.74,-3738.52,-1384.23,-0.0476006,0.0219989,-13.9801,3495.16,4015,-768.003,0.129726,0.0286238,-15.6127
14.229,35.815,-0.631282,4.99902,-0.603807,0.234747,-3.0758,-0.542621,-0.013765,-0.00113322,2763.68,1,0.0586696,0,0.5,-0.330937,-0.261281,0.000922569,-0.00163689,0.0990964,0.0811935,0.101783,0.0842611,4633.6,-3511.94,-2719.47,-0.0536378,0.081914,-15.2058,3537.78,3737.46,123.423,0.0780754,-0.0264678,-15.5077,4822.35,-3784.14,-1371.03,-0.0484409,0.0218742,-13.9761,3496.12,4013.79,-768.955,0.129012,0.0285292,-15.6064
14.239,35.8634,-0.617382,4.99892,-0.603811,0.138115,-3.04611,-0.542651,-0.0137652,-0.00113293,2763.74,1,0.0586679,0,0.5,-0.330939,-0.261285,0.000922489,-0.00163476,0.0990981,0.0811941,0.101783,0.0842611,4631.73,-3507.83,-2712.37,-0.053413,0.0814981,-15.1993,3538.12,3735.13,122.896,0.0778999,-0.026404,-15.5151,4822.23,-3707.8,-1387.06,-0.0470132,0.0219799,-13.9902,3495.74,4008.5,-775.527,0.127993,0.0286011,-15.6284
14.249,35.9119,-0.603736,4.99898,-0.60383,0.232533,-3.07263,-0.542696,-0.0137652,-0.00113251,2763.75,1,0.058678,0,0.5,-0.330933,-0.261279,0.000921257,-0.00163625,0.0990995,0.0811952,0.101783,0.0842608,4633.21,-3497.15,-2730.09,-0.0531848,0.0818928,-15.2027,3537.84,3729.53,124.543,0.0775653,-0.0263481,-15.5122,4822.68,-3700.17,-1393.08,-0.0468985,0.0220666,-13.9879,3495.6,4009.15,-772.768,0.127982,0.0284964,-15.6213
14.259,35.9604,-0.590345,4.99895,-0.603803,0.178643,-3.04014,-0.542724,-0.0137654,-0.00113216,2763.68,1,0.0586625,0,0.5,-0.330953,-0.261298,0.000924524,-0.00163581,0.0991007,0.0811958,0.101784,0.0842601,4631.32,-3506.64,-2720.76,-0.0535035,0.0818735,-15.2027,3538.72,3735.88,127.081,0.0779318,-0.0265206,-15.5117,4821.99,-3756.86,-1369.27,-0.0478725,0.0217796,-13.9848,3496.93,4007.77,-779.647,0.127735,0.0287012,-15.6231
14.269,36.0091,-0.57721,4.99907,-0.603954,0.292747,-3.35899,-0.543235,-0.0137654,-0.00113174,2763.78,1,0.0587007,0,0.5,-0.330941,-0.261281,0.000919132,-0.00163714,0.0991013,0.0811973,0.101783,0.0842609,4630.35,-3523.88,-2702.18,-0.0539808,0.0816638,-15.2019,3539.07,3745.16,131.938,0.078541,-0.0268236,-15.5137,4820.23,-3845.91,-1339.65,-0.0495314,0.0214735,-13.9783,3497.38,4019.5,-759.009,0.129521,0.0282364,-15.6274
14.279,36.0578,-0.564331,4.99905,-0.603873,0.246727,-3.12879,-0.542982,-0.0137657,-0.00113123,2763.79,1,0.0586511,0,0.5,-0.330945,-0.261283,0.000920146,-0.00163655,0.099102,0.0811981,0.101782,0.0842607,4632.34,-3498.93,-2728.02,-0.0532535,0.0818971,-15.2004,3539.5,3729.55,135.363,0.0775151,-0.0266072,-15.515,4822.9,-3818.79,-1371.63,-0.0491612,0.0219677,-13.9598,3495.79,4009.24,-775.257,0.1282,0.0286266,-15.6307
14.289,36.1065,-0.551708,4.99906,-0.603799,0.237922,-3.02535,-0.542894,-0.0137663,-0.0011308,2763.71,1,0.0586269,0,0.5,-0.330958,-0.261294,0.000921132,-0.00163979,0.0991036,0.0811988,0.101783,0.0842599,4632.98,-3512.6,-2715.44,-0.0536213,0.0817726,-15.1997,3538.05,3735.46,123.849,0.0779304,-0.0264388,-15.5147,4823.34,-3833.87,-1372.45,-0.0494799,0.0220183,-13.952,3495.69,4005.43,-781.979,0.127634,0.0287798,-15.6264
14.299,36.1554,-0.539342,4.99905,-0.603771,0.279726,-2.99585,-0.54262,-0.0137667,-0.0011304,2763.76,1,0.0586381,0,0.5,-0.330958,-0.261291,0.000923612,-0.00163603,0.0991044,0.0811988,0.101783,0.0842596,4633.82,-3510.78,-2719.22,-0.0535769,0.0818507,-15.202,3538.1,3737.04,121.02,0.0780152,-0.0263908,-15.5126,4823.63,-3816.78,-1378.61,-0.0491612,0.0220847,-13.9554,3495.47,4009.12,-775.193,0.128269,0.0286383,-15.6155
14.309,36.2042,-0.527232,4.99895,-0.603797,0.192269,-3.01574,-0.542741,-0.0137676,-0.00112995,2763.81,1,0.0586432,0,0.5,-0.33101,-0.261323,0.000928872,-0.00163515,0.0991076,0.0811995,0.101784,0.0842588,4632.39,-3520.26,-2708.67,-0.0538602,0.0817583,-15.198,3538.21,3741.45,120.706,0.0782946,-0.0264684,-15.5172,4823.23,-3814.22,-1375.58,-0.0490904,0.0220256,-13.9563,3495.44,4007.11,-777.621,0.127846,0.0286555,-15.6237
14.319,36.2532,-0.51538,4.9991,-0.603802,0.301035,-2.96783,-0.542752,-0.0137676,-0.00112956,2763.78,1,0.0586122,0,0.5,-0.330951,-0.261287,0.000918815,-0.00163812,0.0991066,0.0812009,0.101782,0.084259,4634.61,-3511.35,-2719.82,-0.0535836,0.0818696,-15.1997,3538.01,3735.79,116.275,0.0779164,-0.0262448,-15.5152,4825.52,-3764.84,-1405.07,-0.048253,0.0224216,-13.949,3494.12,4000.25,-788.318,0.127117,0.0289337,-15.6199
14.329,36.3022,-0.503786,4.99902,-0.603835,0.250209,-2.87779,-0.542795,-0.0137684,-0.00112917,2763.82,1,0.0586063,0,0.5,-0.330963,-0.261295,0.000922159,-0.00163674,0.0991081,0.0812014,0.101783,0.0842583,4636.86,-3497.54,-2737.47,-0.0531956,0.0821172,-15.1975,3536.49,3730.66,105.866,0.0776349,-0.025904,-15.5175,4826.72,-3661.34,-1435.57,-0.0463823,0.0227111,-13.9599,3493.05,3992.52,-798.913,0.126055,0.0291438,-15.6222
14.339,36.3513,-0.492449,4.99894,-0.603742,0.282239,-2.95145,-0.542314,-0.0137698,-0.00112874,2763.76,1,0.0586618,0,0.5,-0.331011,-0.261328,0.00092912,-0.00163568,0.0991108,0.0812008,0.101784,0.0842575,4632.04,-3544.41,-2686.08,-0.0545617,0.0815878,-15.2014,3538.99,3751.93,118.037,0.0789212,-0.0265812,-15.5124,4823.44,-3825.51,-1370.48,-0.0492842,0.0219613,-13.9577,3495.24,4013.84,-768.684,0.129341,0.0285825,-15.6164
14.349,36.4004,-0.481371,4.99896,-0.6038,0.296306,-3.04305,-0.542604,-0.0137707,-0.00112836,2763.86,1,0.058667,0,0.5,-0.331019,-0.261337,0.000929858,-0.00163548,0.0991128,0.0812004,0.101785,0.0842569,4631.97,-3556.82,-2677.44,-0.0549649,0.0816447,-15.1964,3539.05,3764.09,111.242,0.0797016,-0.026638,-15.5186,4822.99,-3868.1,-1359.92,-0.0501205,0.0218812,-13.9505,3495.49,4015.65,-766.583,0.129675,0.0285598,-15.6197
14.359,36.4496,-0.470552,4.99905,-0.60382,0.412895,-2.91528,-0.542532,-0.0137712,-0.00112803,2763.84,1,0.0586494,0,0.5,-0.330953,-0.2613,0.000924111,-0.00163623,0.099112,0.0812012,0.101785,0.084257,4637.71,-3518.74,-2722.11,-0.0538383,0.0821274,-15.201,3537.22,3747.85,100.445,0.0786796,-0.0260664,-15.513,4824.32,-3781.8,-1393.87,-0.048537,0.0222681,-13.957,3494.26,4010.37,-775.1,0.129163,0.0287986,-15.6172
14.369,36.4989,-0.459992,4.99904,-0.603863,0.392433,-2.99437,-0.542732,-0.0137721,-0.00112785,2763.8,1,0.0586508,0,0.5,-0.330955,-0.261304,0.000923902,-0.00163577,0.0991121,0.0812007,0.101785,0.0842565,4635.91,-3538.69,-2700.93,-0.0544227,0.0819282,-15.1944,3538.3,3755.56,104.416,0.0791401,-0.0263008,-15.5198,4824.37,-3796.58,-1388.74,-0.0488038,0.0222125,-13.9552,3494.26,4011.9,-773.309,0.129527,0.0287956,-15.6288
14.379,36.5482,-0.449691,4.99923,-0.603861,0.582043,-3.16478,-0.542802,-0.0137725,-0.00112759,2763.83,1,0.0586706,0,0.5,-0.330949,-0.26131,0.000920757,-0.00163968,0.0991141,0.0812016,0.101785,0.0842553,4632.27,-3558.3,-2676.42,-0.0550055,0.0816374,-15.2093,3539.04,3764.19,109.525,0.0796997,-0.0265934,-15.5042,4822.56,-3907.64,-1348.49,-0.0509009,0.0217793,-13.9489,3495.99,4019.02,-762.265,0.130259,0.0284945,-15.5908
14.389,36.5976,-0.439649,4.99904,-0.603929,0.384756,-3.01354,-0.542796,-0.0137734,-0.00112759,2763.79,1,0.0586421,0,0.5,-0.330939,-0.261304,0.000922603,-0.00163639,0.0991145,0.0812009,0.101786,0.0842559,4634.79,-3540.46,-2694.63,-0.0544351,0.0817383,-15.1949,3538.91,3751.97,109.078,0.0788832,-0.0263472,-15.5191,4825.52,-3718.6,-1412.38,-0.0473661,0.0224395,-13.9605,3493.38,4006.25,-781.037,0.128675,0.0289424,-15.6273
14.399,36.647,-0.429867,4.999,-0.603849,0.459034,-3.08219,-0.542601,-0.0137741,-0.00112742,2763.83,1,0.058693,0,0.5,-0.330967,-0.261341,0.000930224,-0.00163541,0.0991167,0.0812001,0.101788,0.0842543,4631.97,-3565.69,-2674.29,-0.0553075,0.0818278,-15.2009,3540.69,3768.82,122.754,0.0799753,-0.02701,-15.5132,4822.08,-3857.46,-1352.96,-0.0498509,0.0217327,-13.9641,3495.96,4019.92,-760.509,0.130416,0.0284555,-15.611
14.409,36.6965,-0.420345,4.99903,-0.603918,0.508668,-3.07165,-0.54254,-0.0137746,-0.00112716,2764.08,1,0.0586951,0,0.5,-0.330951,-0.261335,0.00093175,-0.00163562,0.0991183,0.0812001,0.101787,0.084254,4633.72,-3561.15,-2676.13,-0.055078,0.0816714,-15.209,3539.49,3769.97,103.286,0.0800318,-0.0265317,-15.5068,4824.1,-3909.36,-1358.4,-0.0509919,0.0219563,-13.9361,3495.31,4023.36,-758.642,0.131839,0.0286328,-15.5998
14.419,36.746,-0.411084,4.99901,-0.603896,0.5067,-2.9756,-0.542483,-0.0137756,-0.00112721,2763.97,1,0.058686,0,0.5,-0.330929,-0.261311,0.000929805,-0.00163593,0.0991151,0.0811989,0.101788,0.084254,4635.93,-3581.37,-2663.57,-0.0556949,0.0817409,-15.1991,3538.51,3778.82,89.547,0.0806412,-0.0263524,-15.5151,4824.11,-3878.18,-1369.44,-0.0503973,0.0220747,-13.9407,3494.08,4019.89,-763.345,0.131532,0.0287673,-15.605
14.429,36.7955,-0.402084,4.999,-0.603946,0.497848,-3.11092,-0.542666,-0.0137765,-0.00112709,2764.07,1,0.0587007,0,0.5,-0.330944,-0.261331,0.000931506,-0.00163552,0.0991176,0.0811983,0.101789,0.0842535,4633.03,-3595.12,-2647,-0.0561328,0.0815913,-15.198,3541.01,3789.03,102.978,0.0812573,-0.0268764,-15.5171,4823.03,-3906.89,-1354.7,-0.0509271,0.0218878,-13.9426,3494.85,4024.87,-755.206,0.132255,0.0285762,-15.6116
14.439,36.8451,-0.393344,4.99904,-0.603892,0.508985,-2.88102,-0.542429,-0.0137765,-0.00112704,2764,1,0.058655,0,0.5,-0.330924,-0.261306,0.000928798,-0.0016364,0.0991183,0.0811991,0.101789,0.084253,4635.53,-3560.63,-2680.97,-0.055073,0.0818114,-15.2051,3539.15,3768.66,89.8881,0.0798958,-0.0261527,-15.5084,4825.89,-3757.75,-1412.7,-0.0481608,0.0225391,-13.9501,3493.03,4010.7,-777.719,0.130062,0.0290638,-15.5839
14.449,36.8948,-0.384865,4.99914,-0.603972,0.752709,-3.05307,-0.542659,-0.0137767,-0.0011273,2763.9,1,0.0587229,0,0.5,-0.330913,-0.261282,0.000922017,-0.00163645,0.0991177,0.0811981,0.101789,0.0842539,4636.04,-3580.61,-2670.47,-0.0557718,0.082043,-15.1995,3539.44,3779.06,93.5201,0.0806129,-0.0264459,-15.5135,4823.54,-3746.42,-1390.77,-0.0477978,0.02213,-13.9746,3493.87,4022.09,-761.591,0.13232,0.0288376,-15.6003
14.459,36.9445,-0.376648,4.99908,-0.604032,0.677128,-3.15905,-0.542811,-0.0137769,-0.00112747,2763.97,1,0.0587278,0,0.5,-0.330939,-0.261301,0.000924647,-0.00163637,0.0991182,0.081197,0.10179,0.0842533,4633.64,-3595.33,-2647.66,-0.056131,0.0816072,-15.1976,3540.46,3788.47,91.2915,0.0811927,-0.0265588,-15.5164,4823.16,-3742.56,-1389.38,-0.0477152,0.0220979,-13.9764,3494.04,4023.95,-757.791,0.132557,0.0287322,-15.6051
14.469,36.9942,-0.368691,4.99923,-0.603971,0.814399,-3.00133,-0.542761,-0.0137763,-0.00112762,2764.03,1,0.0586967,0,0.5,-0.330915,-0.261274,0.000920696,-0.00163655,0.099117,0.0811976,0.101789,0.0842528,4637.12,-3576.94,-2673.44,-0.0556188,0.0820024,-15.2046,3538.02,3779.23,76.7836,0.0806394,-0.0260273,-15.509,4824.82,-3726.63,-1410.5,-0.0475261,0.0224285,-13.966,3493.3,4014.42,-773.584,0.1309,0.0290524,-15.5838
14.479,37.044,-0.360997,4.99901,-0.604087,0.689154,-3.23709,-0.542787,-0.0137769,-0.00112786,2763.91,1,0.0587601,0,0.5,-0.330975,-0.261309,0.000926416,-0.00163617,0.0991176,0.0811958,0.101791,0.0842536,4631.95,-3612.15,-2626.55,-0.0565925,0.0813095,-15.1931,3541.45,3794.47,92.3432,0.0815569,-0.0266915,-15.5203,4822.21,-3715.59,-1384.29,-0.0471485,0.0219486,-13.9904,3494.17,4029.97,-748.232,0.133918,0.0285963,-15.6123
14.489,37.0938,-0.353565,4.99917,-0.604029,0.836392,-3.18414,-0.542685,-0.0137768,-0.00112793,2764.07,1,0.0587421,0,0.5,-0.330946,-0.261286,0.000922789,-0.00163654,0.0991171,0.0811957,0.101789,0.0842536,4633.06,-3616.35,-2629.01,-0.0567894,0.0815394,-15.1994,3540.76,3800.54,89.7271,0.0820309,-0.0267535,-15.515,4823,-3858.98,-1355.5,-0.0498871,0.0217781,-13.9535,3494.21,4031.11,-751.467,0.134873,0.0288831,-15.6001
14.499,37.1437,-0.346395,4.99926,-0.604015,0.88706,-2.98584,-0.542654,-0.0137769,-0.00112809,2764.04,1,0.0586967,0,0.5,-0.330938,-0.261278,0.000922314,-0.00163662,0.0991162,0.0811956,0.101789,0.084253,4638.85,-3578.8,-2675.64,-0.0556787,0.0821106,-15.2075,3538.4,3783.78,75.4285,0.0809249,-0.0260729,-15.5057,4825.17,-3757.37,-1409.44,-0.0481397,0.0224829,-13.955,3492.64,4019.89,-766.163,0.132518,0.0290552,-15.5735
14.509,37.1936,-0.339487,4.99907,-0.604014,0.861828,-3.02216,-0.542414,-0.0137777,-0.00112849,2763.92,1,0.0587662,0,0.5,-0.330963,-0.261287,0.000924857,-0.00163665,0.0991151,0.0811935,0.101791,0.0842537,4636.33,-3604.53,-2646.51,-0.0564355,0.0817912,-15.1929,3539.79,3793.7,83.1291,0.0815705,-0.0264514,-15.5196,4823.52,-3700.88,-1401,-0.0469576,0.0222047,-13.9852,3493.19,4031.04,-748.715,0.134979,0.0288018,-15.5926
14.519,37.2435,-0.332842,4.99925,-0.604108,1.02103,-3.32422,-0.542882,-0.0137775,-0.00112869,2764.06,1,0.0587858,0,0.5,-0.330931,-0.261271,0.000918734,-0.00163715,0.0991153,0.081194,0.10179,0.0842534,4630.59,-3636.2,-2606.99,-0.0574082,0.0813526,-15.1933,3541.05,3808.6,89.9062,0.082604,-0.0269218,-15.5209,4822.36,-3776.56,-1373.17,-0.0483006,0.021894,-13.9774,3494,4035.94,-740.053,0.135743,0.0285885,-15.588
14.529,37.2935,-0.326459,4.99929,-0.604154,1.1288,-3.52196,-0.543073,-0.0137771,-0.00112866,2764.2,1,0.0588295,0,0.5,-0.330979,-0.261299,0.000922397,-0.00163645,0.0991181,0.0811942,0.10179,0.0842533,4627.54,-3648.21,-2590.37,-0.0577815,0.0811523,-15.198,3541.68,3817.06,92.1184,0.0832039,-0.0271539,-15.5172,4819.54,-3925.27,-1321.05,-0.0511233,0.0213424,-13.9672,3495.81,4047.56,-720.788,0.138026,0.028202,-15.5788
14.539,37.3435,-0.320339,4.99938,-0.604178,1.14501,-3.44605,-0.543267,-0.0137759,-0.00112876,2764.12,1,0.0587863,0,0.5,-0.330925,-0.261272,0.000917812,-0.00163692,0.0991149,0.0811947,0.101789,0.0842542,4631.04,-3626.89,-2616.03,-0.0571168,0.0814107,-15.1973,3541.15,3806.2,89.0169,0.0824143,-0.0268481,-15.5173,4821.56,-3875.51,-1354,-0.05026,0.0218001,-13.9587,3494.51,4040.31,-734.054,0.13684,0.0285349,-15.5895
14.549,37.3935,-0.314481,4.9992,-0.603984,0.926642,-3.12856,-0.542691,-0.0137754,-0.00112879,2763.97,1,0.0587376,0,0.5,-0.330956,-0.261295,0.000921883,-0.00163661,0.0991148,0.0811941,0.101789,0.0842532,4632.35,-3610.16,-2632.21,-0.0565872,0.0814844,-15.1895,3540.62,3794,92.0099,0.0815804,-0.0266838,-15.5244,4823.06,-3828.59,-1376.69,-0.0494068,0.0220827,-13.9558,3493.93,4031.29,-747.773,0.13459,0.0286939,-15.603
14.559,37.4436,-0.308887,4.99924,-0.604007,1.00037,-3.11772,-0.54266,-0.0137746,-0.00112864,2764.14,1,0.0587437,0,0.5,-0.330927,-0.261275,0.000919775,-0.00163766,0.0991154,0.0811955,0.101788,0.0842535,4634.15,-3584.73,-2655.68,-0.0557746,0.0815637,-15.196,3539.79,3786.24,88.4743,0.0810673,-0.0264458,-15.5194,4822.89,-3817.24,-1374.63,-0.0491526,0.0220178,-13.9593,3494.01,4032.02,-749.071,0.135075,0.0288256,-15.5909
14.569,37.4937,-0.303556,4.99917,-0.603987,0.925083,-3.11508,-0.542793,-0.0137739,-0.00112848,2764.1,1,0.0587369,0,0.5,-0.330917,-0.261272,0.000920515,-0.00163669,0.0991146,0.0811959,0.101788,0.0842529,4632.54,-3593.9,-2646.63,-0.0560894,0.0815456,-15.1914,3539.97,3787.6,89.9922,0.0811585,-0.026512,-15.5247,4823.3,-3756.75,-1389.06,-0.0479997,0.0221257,-13.9719,3494.37,4027.02,-754.669,0.133334,0.0287428,-15.6072
14.579,37.5438,-0.298489,4.99922,-0.603921,0.91467,-3.04626,-0.542658,-0.0137732,-0.00112818,2764.06,1,0.0587017,0,0.5,-0.330935,-0.261297,0.000922721,-0.00163608,0.0991166,0.0811968,0.101787,0.0842529,4632.19,-3581.96,-2658.48,-0.0557642,0.0816742,-15.199,3539.4,3781.26,96.3673,0.0807852,-0.0265679,-15.5164,4823.04,-3825.43,-1376.94,-0.049342,0.0220794,-13.9533,3494.35,4024.66,-758.03,0.132742,0.0287704,-15.6031
14.589,37.594,-0.293685,4.99918,-0.60393,0.974777,-3.10524,-0.542583,-0.0137729,-0.00112796,2763.99,1,0.0587458,0,0.5,-0.330945,-0.261315,0.000924676,-0.00163646,0.0991159,0.0811968,0.101788,0.0842531,4631.48,-3583.55,-2656.09,-0.0558191,0.0816498,-15.199,3540.71,3781.61,107.675,0.0807791,-0.0268567,-15.516,4821.16,-3799.11,-1366.34,-0.0487371,0.0218325,-13.9759,3494.94,4031.34,-746.36,0.13392,0.0285191,-15.5985
14.599,37.6441,-0.289145,4.99921,-0.603976,0.965934,-3.07006,-0.54262,-0.013773,-0.0011277,2764,1,0.0587228,0,0.5,-0.330919,-0.261287,0.000920499,-0.00163687,0.0991147,0.0811975,0.101786,0.0842532,4633.13,-3569.35,-2666.66,-0.0553073,0.0815485,-15.1985,3539.73,3773.45,100.797,0.0802409,-0.0265249,-15.517,4822.85,-3758.49,-1387.12,-0.0480284,0.0220975,-13.9711,3493.73,4026.59,-754.048,0.133369,0.0287293,-15.6052
14.609,37.6943,-0.284868,4.99928,-0.603984,1.07155,-3.09571,-0.542796,-0.0137735,-0.00112741,2764.03,1,0.0587328,0,0.5,-0.330919,-0.261291,0.000920418,-0.00163671,0.0991145,0.0811979,0.101786,0.0842525,4633.82,-3574.81,-2668.78,-0.0555597,0.0818318,-15.2,3539.53,3776.69,103.112,0.0804928,-0.026658,-15.5153,4822.41,-3780.77,-1378.18,-0.0484259,0.0219936,-13.9715,3494.2,4027.23,-753.244,0.133327,0.0286886,-15.5951
14.619,37.7445,-0.280856,4.99921,-0.60397,1.02261,-3.06027,-0.542655,-0.0137743,-0.00112717,2764.03,1,0.0587334,0,0.5,-0.330923,-0.261301,0.000923242,-0.00163667,0.0991153,0.0811977,0.101786,0.0842524,4633.62,-3576.22,-2665.42,-0.0555742,0.0817304,-15.1965,3539.79,3777.34,104.34,0.0805269,-0.0266981,-15.5193,4822.83,-3790.67,-1379.17,-0.048632,0.0220336,-13.9661,3493.88,4029,-750.311,0.133892,0.028674,-15.6026
14.629,37.7948,-0.277108,4.99897,-0.60389,0.774328,-2.98765,-0.542235,-0.0137751,-0.00112688,2764.11,1,0.0587262,0,0.5,-0.330946,-0.261346,0.000936544,-0.00163592,0.0991165,0.081197,0.101787,0.0842511,4631.63,-3585.69,-2644.89,-0.0557252,0.081187,-15.2042,3539.32,3783.59,91.0086,0.0809274,-0.0264743,-15.5111,4822.72,-3814.16,-1372.55,-0.049074,0.0219735,-13.9651,3493.89,4029.43,-748.609,0.133857,0.0286015,-15.5812
14.639,37.845,-0.273624,4.99913,-0.603878,0.996364,-2.93819,-0.542271,-0.0137755,-0.00112678,2764,1,0.0587381,0,0.5,-0.33093,-0.261309,0.000927927,-0.00163633,0.0991158,0.0811974,0.101787,0.0842512,4633.93,-3574.41,-2665.39,-0.0554838,0.0816463,-15.2073,3539.31,3776.37,98.1254,0.0804589,-0.0265186,-15.5069,4822.68,-3758.61,-1382.68,-0.0479993,0.0220192,-13.9797,3493.73,4028.93,-750.15,0.133912,0.0286719,-15.5856
14.649,37.8953,-0.270405,4.99926,-0.604079,1.19476,-3.30962,-0.543072,-0.0137764,-0.00112671,2764,1,0.0587866,0,0.5,-0.330931,-0.261294,0.000921688,-0.00163654,0.0991157,0.0811971,0.101787,0.0842508,4631.06,-3598.93,-2639.9,-0.0562524,0.0814772,-15.1984,3540.7,3790.47,105.715,0.081399,-0.0269875,-15.5167,4819.06,-3828.64,-1337.08,-0.0491663,0.0213907,-13.9935,3495.66,4038.14,-733.758,0.135057,0.0282191,-15.602
14.659,37.9456,-0.26745,4.99924,-0.60398,0.971718,-2.94224,-0.542877,-0.0137766,-0.00112659,2763.98,1,0.0586723,0,0.5,-0.330915,-0.261276,0.000921154,-0.00163633,0.0991168,0.0811977,0.101786,0.08425,4635.96,-3547.29,-2693.67,-0.0546798,0.0818994,-15.1998,3538.03,3760.34,97.4483,0.0794444,-0.0262118,-15.5152,4823.93,-3747.58,-1399.6,-0.0478833,0.0222887,-13.9661,3493.51,4014,-771.847,0.130449,0.0289067,-15.6169
14.669,37.9959,-0.264759,4.99928,-0.603926,1.04317,-2.98669,-0.542705,-0.0137766,-0.00112659,2763.95,1,0.0586869,0,0.5,-0.330919,-0.261278,0.000917941,-0.00164071,0.0991174,0.0811968,0.101786,0.0842496,4633.16,-3575.11,-2663.84,-0.0555152,0.0816298,-15.196,3539.37,3774.66,102.522,0.0803589,-0.0266012,-15.519,4823.55,-3797.69,-1379.99,-0.0487721,0.0220623,-13.9623,3494.46,4020.59,-761.396,0.131419,0.0286709,-15.609
14.679,38.0462,-0.262333,4.99924,-0.603887,1.05682,-2.92366,-0.542511,-0.0137766,-0.00112651,2764.03,1,0.0586991,0,0.5,-0.33094,-0.261291,0.000920638,-0.00163651,0.0991194,0.081197,0.101786,0.0842493,4633.16,-3554.65,-2681.25,-0.0548965,0.081693,-15.2021,3539.66,3764.26,105.668,0.0796408,-0.0264749,-15.5137,4823.46,-3735.84,-1392.28,-0.0475958,0.0221324,-13.9762,3494.3,4019.22,-764.137,0.131262,0.0287492,-15.6001
14.689,38.0965,-0.260171,4.99903,-0.603887,0.81142,-2.63982,-0.542467,-0.0137765,-0.00112654,2763.9,1,0.0586539,0,0.5,-0.330945,-0.261282,0.000928104,-0.00163644,0.0991192,0.0811982,0.101788,0.0842491,4640.8,-3496.88,-2748.81,-0.0532209,0.0824773,-15.1979,3536,3736.46,93.2572,0.077981,-0.0256856,-15.5167,4825.05,-3532.43,-1444.84,-0.044017,0.0225944,-13.995,3492.35,4001.41,-793.893,0.128742,0.0294432,-15.6099
14.699,38.1469,-0.258274,4.99918,-0.603864,1.01026,-2.82313,-0.542394,-0.0137763,-0.00112669,2763.82,1,0.0586873,0,0.5,-0.330946,-0.261284,0.000924552,-0.00163654,0.0991184,0.0811974,0.101787,0.0842489,4635.93,-3541.12,-2700.27,-0.0545195,0.0819849,-15.202,3538.46,3756.87,104.367,0.0792165,-0.0263187,-15.5122,4822.63,-3737.48,-1389.61,-0.0476226,0.0220926,-13.9833,3494.94,4020.05,-762.083,0.131078,0.0286362,-15.603
14.709,38.1972,-0.256642,4.9992,-0.603977,1.09443,-3.06114,-0.542726,-0.0137764,-0.00112666,2763.95,1,0.0587265,0,0.5,-0.330949,-0.261284,0.000921125,-0.00163462,0.0991191,0.0811971,0.101787,0.0842492,4631.02,-3563.25,-2668.16,-0.0551318,0.0814784,-15.1931,3539.7,3765.73,111.151,0.0797677,-0.026652,-15.522,4822.18,-3692.43,-1385.25,-0.0466949,0.0219129,-13.9976,3494.91,4021.77,-757.932,0.131285,0.0285137,-15.6136
14.719,38.2476,-0.255274,4.99923,-0.603953,1.06076,-2.98433,-0.542883,-0.0137757,-0.00112645,2763.95,1,0.0586928,0,0.5,-0.330941,-0.261283,0.000921175,-0.00163732,0.0991201,0.0811991,0.101786,0.0842488,4633.27,-3531.97,-2702.49,-0.0542413,0.0818616,-15.1973,3538.28,3753.07,108.892,0.0789976,-0.0263736,-15.5182,4822.79,-3702.38,-1393.97,-0.0469474,0.0220869,-13.9863,3494.95,4014.88,-769.466,0.129928,0.0287158,-15.6153
14.729,38.2979,-0.254171,4.99926,-0.603906,1.09462,-2.94005,-0.542684,-0.0137751,-0.00112634,2763.84,1,0.0586854,0,0.5,-0.330921,-0.261275,0.000919999,-0.00163648,0.0991196,0.0811999,0.101786,0.0842495,4633.17,-3530.3,-2702.02,-0.0541675,0.0817767,-15.2007,3538.53,3750.26,114.97,0.078824,-0.0264736,-15.5142,4822.27,-3727.42,-1386,-0.047398,0.0220064,-13.9834,3494.89,4017.89,-765.006,0.13059,0.0286622,-15.6115
14.739,38.3483,-0.253333,4.99931,-0.603984,1.22091,-3.13621,-0.542969,-0.0137747,-0.00112603,2763.91,1,0.0587287,0,0.5,-0.330926,-0.26128,0.000919406,-0.00163656,0.0991202,0.0812007,0.101785,0.0842493,4629.72,-3548.06,-2682.02,-0.054732,0.0816254,-15.1992,3539.89,3757.44,123.755,0.0792606,-0.0268256,-15.5172,4821.67,-3786.21,-1361.06,-0.0484182,0.0217044,-13.9836,3496.33,4027.02,-751.518,0.132038,0.0283887,-15.6111
14.749,38.3987,-0.252759,4.99925,-0.603888,1.14321,-3.02967,-0.542649,-0.0137746,-0.00112567,2763.92,1,0.0587117,0,0.5,-0.330946,-0.261296,0.000922799,-0.00163688,0.0991213,0.0812014,0.101786,0.0842494,4629.49,-3541.1,-2681.11,-0.054424,0.0813292,-15.2029,3539.96,3749.13,125.428,0.0787092,-0.026706,-15.5131,4821.76,-3790.41,-1366.19,-0.048544,0.0218059,-13.9767,3495.44,4024.43,-754.881,0.131765,0.0284762,-15.6075
14.759,38.4491,-0.252451,4.99924,-0.603861,1.11503,-2.97079,-0.542611,-0.0137746,-0.00112526,2763.93,1,0.0586933,0,0.5,-0.330951,-0.26131,0.000924411,-0.0016364,0.0991219,0.0812023,0.101785,0.084249,4631.36,-3527.39,-2700.13,-0.0540699,0.0816516,-15.2065,3538.77,3749.72,121.611,0.0788075,-0.0266387,-15.5097,4821.16,-3865.59,-1348.85,-0.0500105,0.0216839,-13.9651,3495.78,4024.69,-753.881,0.131608,0.028409,-15.6113
14.769,38.4994,-0.252407,4.99926,-0.603879,1.12117,-2.89643,-0.542659,-0.0137751,-0.001125,2763.77,1,0.0586753,0,0.5,-0.330942,-0.261313,0.000922353,-0.00163737,0.0991212,0.0812027,0.101787,0.0842491,4633.28,-3508.34,-2719.29,-0.0534909,0.0817853,-15.2064,3538,3734.83,122.365,0.0778854,-0.0263893,-15.5085,4822.04,-3707.1,-1389.7,-0.0470218,0.0220256,-13.9913,3494.9,4015.41,-765.807,0.129737,0.0285454,-15.6054
14.779,38.5498,-0.252629,4.9992,-0.603936,1.08304,-2.93124,-0.542751,-0.0137756,-0.0011247,2763.8,1,0.0586893,0,0.5,-0.330929,-0.261302,0.000922442,-0.0016367,0.0991213,0.081203,0.101786,0.0842486,4632.73,-3510.52,-2715.04,-0.0535358,0.0816855,-15.2006,3538.42,3735.44,125.735,0.0779147,-0.0264834,-15.5149,4822.86,-3666.59,-1395.08,-0.0462474,0.0220248,-13.9944,3494.46,4013.52,-770.641,0.129746,0.0287317,-15.6166
14.789,38.6002,-0.253115,4.99925,-0.603889,1.16501,-2.90249,-0.542697,-0.013776,-0.00112443,2763.86,1,0.0586912,0,0.5,-0.330914,-0.261294,0.000921657,-0.00163679,0.0991219,0.0812033,0.101785,0.0842484,4633.16,-3506.67,-2719.79,-0.053433,0.0817507,-15.2057,3538.19,3734.98,122.9,0.0778857,-0.0264017,-15.5098,4822.16,-3724.53,-1383.02,-0.047319,0.0219472,-13.9901,3494.8,4017.35,-764.182,0.130329,0.0285868,-15.6135
14.799,38.6506,-0.253866,4.9992,-0.603893,0.987651,-2.85776,-0.542776,-0.0137768,-0.00112421,2763.78,1,0.0586311,0,0.5,-0.330927,-0.261322,0.000926427,-0.00163618,0.0991236,0.0812033,0.101785,0.084247,4633.75,-3503.73,-2723.95,-0.0533519,0.0818186,-15.2041,3537.66,3730.67,123.633,0.077646,-0.0263523,-15.5113,4823.08,-3792.99,-1377.35,-0.0486616,0.0220055,-13.9644,3495.07,4007.34,-776.775,0.127973,0.0286487,-15.6298
14.809,38.7009,-0.254882,4.99942,-0.603961,1.23999,-2.96205,-0.543098,-0.0137769,-0.00112399,2763.9,1,0.0586466,0,0.5,-0.330909,-0.261294,0.000918982,-0.00163782,0.0991234,0.0812039,0.101784,0.0842469,4633.5,-3513.41,-2716.15,-0.0536513,0.0818144,-15.2083,3537.9,3737.39,119.421,0.0780438,-0.0263642,-15.5072,4822.96,-3830.47,-1368.83,-0.049385,0.0219461,-13.9594,3495.54,4009.97,-773.755,0.128391,0.0286058,-15.6062
14.819,38.7513,-0.256164,4.99919,-0.603878,1.05744,-2.78657,-0.542572,-0.0137777,-0.0011239,2763.83,1,0.0586536,0,0.5,-0.330913,-0.261307,0.000924329,-0.00163654,0.0991236,0.0812028,0.101786,0.0842469,4634.57,-3512.6,-2717.16,-0.0536003,0.0817865,-15.2011,3537.82,3736.4,117.143,0.0779725,-0.0262823,-15.5145,4823.88,-3717.67,-1395.85,-0.0472487,0.0221509,-13.977,3494.28,4008.56,-776.989,0.128713,0.0287913,-15.6218
14.829,38.8016,-0.257709,4.99918,-0.603852,1.10569,-2.86064,-0.542624,-0.0137783,-0.00112374,2763.91,1,0.0586776,0,0.5,-0.330927,-0.261325,0.00092675,-0.00163616,0.0991256,0.0812031,0.101787,0.084246,4632.29,-3522.09,-2706.43,-0.0539117,0.0817177,-15.2026,3537.97,3743.22,121.913,0.0784324,-0.0265376,-15.5133,4820.9,-3747.76,-1371.98,-0.0477273,0.0218114,-13.9898,3495.21,4011.9,-768.98,0.128693,0.0284819,-15.6132
14.839,38.852,-0.25952,4.99913,-0.603822,1.06874,-2.69118,-0.542549,-0.0137783,-0.00112357,2763.92,1,0.0586672,0,0.5,-0.330922,-0.261316,0.000927243,-0.00163623,0.0991272,0.0812038,0.101787,0.0842459,4635.67,-3486.62,-2748.44,-0.0529433,0.0822854,-15.2069,3536.52,3722.13,119.843,0.0771553,-0.0261129,-15.5093,4823.16,-3656.33,-1403.29,-0.0461022,0.022145,-13.9965,3494.74,4003.62,-782.542,0.127427,0.02877,-15.6182
14.849,38.9023,-0.261595,4.99904,-0.603796,0.991246,-2.65919,-0.542395,-0.0137785,-0.00112347,2763.83,1,0.0586683,0,0.5,-0.330933,-0.261319,0.000929282,-0.00163604,0.0991273,0.0812036,0.101787,0.0842454,4635.3,-3495.9,-2738.09,-0.0531904,0.0821438,-15.199,3537.3,3727.17,127.046,0.0774612,-0.0263797,-15.5171,4822.88,-3647.52,-1400.88,-0.0459181,0.0220844,-13.9987,3494.79,4005.45,-779.978,0.127763,0.0287336,-15.6304
14.859,38.9526,-0.263935,4.9992,-0.603865,1.13064,-2.7826,-0.542711,-0.0137785,-0.00112323,2763.93,1,0.0586618,0,0.5,-0.330922,-0.261301,0.000922025,-0.00163684,0.0991288,0.0812049,0.101786,0.0842448,4634.43,-3494.33,-2735.25,-0.0531072,0.0819851,-15.1991,3536.81,3728.16,121.792,0.0775301,-0.0262697,-15.5183,4823.48,-3683.87,-1394.04,-0.0465687,0.0220426,-13.9936,3495.7,4005.31,-779.724,0.127362,0.0286468,-15.6261
14.869,39.0029,-0.266539,4.9992,-0.6038,1.08324,-2.73998,-0.542648,-0.013778,-0.00112298,2763.91,1,0.0586387,0,0.5,-0.330923,-0.261297,0.00092295,-0.0016368,0.0991302,0.0812061,0.101786,0.0842446,4633.67,-3489.89,-2736.47,-0.0529631,0.08191,-15.2015,3536.55,3725.87,120.861,0.077396,-0.0262063,-15.5154,4822.95,-3685.64,-1398.27,-0.0466444,0.0221239,-13.9902,3495.3,4001.34,-781.582,0.126392,0.0285481,-15.6233
14.879,39.0532,-0.269408,4.99926,-0.603814,1.10241,-2.67223,-0.542688,-0.0137776,-0.00112264,2763.92,1,0.0586148,0,0.5,-0.33091,-0.261285,0.000920995,-0.00163688,0.0991311,0.0812071,0.101785,0.0842443,4636.24,-3465.47,-2764.46,-0.0522829,0.0822534,-15.206,3536.36,3714.63,127.695,0.0767309,-0.0261809,-15.5111,4823.46,-3695.12,-1401.56,-0.0468484,0.0222016,-13.9809,3495.28,3995.94,-791.651,0.125675,0.0287935,-15.6268
14.889,39.1035,-0.272541,4.99934,-0.604025,1.33291,-3.12936,-0.543266,-0.0137779,-0.00112247,2763.71,1,0.0586858,0,0.5,-0.330923,-0.26129,0.000921617,-0.001635,0.0991296,0.0812066,0.101786,0.0842447,4628.22,-3515.33,-2701.69,-0.0536755,0.0814104,-15.2054,3539.44,3732.8,138.524,0.0777459,-0.026757,-15.5099,4819.68,-3757.31,-1347.64,-0.0477581,0.0214074,-14.0064,3497.59,4014.39,-762.691,0.128015,0.0281148,-15.6205
14.899,39.1538,-0.275939,4.99927,-0.60385,1.07155,-2.75527,-0.542775,-0.013778,-0.0011222,2763.77,1,0.0585929,0,0.5,-0.330951,-0.261304,0.000923336,-0.00163684,0.0991305,0.0812067,0.101785,0.0842442,4634.01,-3472.08,-2751.16,-0.0524248,0.0819505,-15.2063,3537.26,3713.34,132.584,0.0766179,-0.0262734,-15.51,4823.58,-3756.48,-1386.48,-0.0479695,0.0220777,-13.9684,3495.52,3996.86,-788.886,0.125616,0.0286795,-15.6282
14.909,39.204,-0.2796,4.99923,-0.603778,1.06237,-2.61763,-0.542458,-0.0137782,-0.00112195,2763.83,1,0.0585954,0,0.5,-0.330952,-0.261299,0.000927057,-0.00163631,0.0991301,0.0812072,0.101785,0.0842437,4637.45,-3457.47,-2770.82,-0.0520071,0.0822205,-15.2126,3536.13,3713.51,127.738,0.076675,-0.0261674,-15.5034,4823.31,-3788.69,-1379.75,-0.0485866,0.0220367,-13.9672,3495.87,4001.24,-784.846,0.126485,0.0286817,-15.6079
14.919,39.2542,-0.283527,4.99933,-0.603863,1.1759,-2.68187,-0.542719,-0.0137786,-0.00112185,2763.78,1,0.0586,0,0.5,-0.330921,-0.261287,0.000919454,-0.00163712,0.0991284,0.0812075,0.101785,0.0842439,4637.05,-3461.31,-2767.62,-0.0521297,0.0822236,-15.2126,3536.47,3712.06,126.603,0.0765586,-0.0261069,-15.503,4823.78,-3707.1,-1398.64,-0.04706,0.0221764,-13.9809,3495,3995.91,-790.517,0.125653,0.0287493,-15.6171
14.929,39.3044,-0.287718,4.99931,-0.603944,1.23085,-2.86175,-0.542791,-0.0137801,-0.0011218,2763.76,1,0.0586332,0,0.5,-0.330916,-0.261284,0.000920907,-0.00163677,0.0991293,0.0812065,0.101785,0.0842434,4632.12,-3502.01,-2712.07,-0.0531511,0.0812545,-15.2041,3537.1,3723.98,119.535,0.0772348,-0.0261277,-15.5104,4823.25,-3755.33,-1377.32,-0.047881,0.0219133,-13.9771,3495.67,4004.77,-776.955,0.126918,0.0284664,-15.6284
14.939,39.3546,-0.292172,4.99918,-0.603819,1.01071,-2.46258,-0.542436,-0.0137808,-0.00112161,2763.95,1,0.0585782,0,0.5,-0.330938,-0.261294,0.000927632,-0.00163666,0.0991316,0.0812065,0.101787,0.084243,4640.31,-3441.82,-2790.87,-0.0515704,0.082502,-15.2107,3535.27,3702.95,114.304,0.0760144,-0.0256428,-15.5059,4826.53,-3619.91,-1442.23,-0.0456281,0.0227344,-13.9714,3492.9,3985.6,-806.276,0.1247,0.029172,-15.6097
14.949,39.4048,-0.296891,4.99926,-0.60398,1.30251,-2.74666,-0.542684,-0.013782,-0.00112183,2763.77,1,0.0586672,0,0.5,-0.330919,-0.261293,0.000920432,-0.00163639,0.0991302,0.0812048,0.101787,0.084244,4635.93,-3495.54,-2733.82,-0.0530889,0.0819007,-15.2034,3537.64,3728.16,122.77,0.0774818,-0.0262803,-15.5126,4824.05,-3685.99,-1394.64,-0.0466051,0.0220553,-13.9895,3494.52,4011.32,-772.534,0.129129,0.0286953,-15.6265
14.959,39.4549,-0.301874,4.99935,-0.603933,1.35103,-2.65411,-0.542688,-0.013783,-0.0011219,2763.89,1,0.0586437,0,0.5,-0.330907,-0.261285,0.000921101,-0.00163776,0.0991304,0.0812042,0.101786,0.0842427,4637,-3498.17,-2736.88,-0.0532144,0.0821008,-15.2061,3537.09,3731.2,116.581,0.0776814,-0.0261826,-15.5093,4824.53,-3761.7,-1390.33,-0.0480896,0.0221543,-13.9658,3494.17,4008.15,-779.456,0.12888,0.0289148,-15.6136
14.969,39.505,-0.30712,4.99919,-0.603893,1.22001,-2.63427,-0.542462,-0.0137836,-0.00112205,2763.9,1,0.0586491,0,0.5,-0.330921,-0.261303,0.000927168,-0.00163663,0.0991323,0.0812033,0.101788,0.084242,4635.38,-3511.23,-2721.49,-0.0535833,0.0819107,-15.2012,3537.26,3736.8,113.733,0.078018,-0.0262097,-15.5146,4825.13,-3720.85,-1399.65,-0.0473203,0.0222201,-13.9709,3493.91,4007.48,-779.198,0.128707,0.0288752,-15.6175
14.979,39.5551,-0.312629,4.99922,-0.603953,1.32956,-2.81933,-0.542743,-0.0137836,-0.00112221,2763.92,1,0.0586787,0,0.5,-0.330942,-0.261333,0.000928915,-0.0016353,0.0991338,0.0812022,0.101789,0.0842415,4632.17,-3533.6,-2696.08,-0.0542477,0.0816569,-15.2014,3538.88,3750.5,119.262,0.07884,-0.0265914,-15.5146,4822.46,-3762.85,-1373.38,-0.0480183,0.0218643,-13.9811,3495.35,4014.97,-766.666,0.129493,0.0285325,-15.6175
14.989,39.6051,-0.318401,4.99938,-0.603935,1.44376,-2.64989,-0.542741,-0.0137823,-0.00112231,2763.99,1,0.058653,0,0.5,-0.330891,-0.261282,0.00092119,-0.00163697,0.0991326,0.0812031,0.101787,0.0842422,4636.24,-3515.65,-2721.39,-0.0537436,0.0820352,-15.2045,3536.97,3740.17,101.602,0.0781975,-0.0259572,-15.5115,4824.91,-3756,-1401.69,-0.0480549,0.0223419,-13.9603,3494.17,4009.68,-777.969,0.12926,0.0289245,-15.6125
14.999,39.6551,-0.324436,4.99937,-0.603992,1.40967,-2.7797,-0.543006,-0.0137818,-0.00112249,2763.93,1,0.0586416,0,0.5,-0.330903,-0.261293,0.000919921,-0.00163675,0.0991317,0.0812026,0.101787,0.0842422,4633.78,-3533.36,-2699.44,-0.054239,0.0817429,-15.1974,3538.52,3750.09,109.813,0.0787877,-0.0263368,-15.5186,4824.09,-3748.49,-1396.87,-0.0478779,0.0222414,-13.966,3494.32,4008.94,-776.841,0.12882,0.0288043,-15.6291
