t,x,y,speed,vy,ax,ay,yawRate,roll,pitch,rpm,gear,throttle,brake,steer,delta0,delta1,delta2,delta3,fz0,fx0,fy0,slip0,alpha0,omega0,fz1,fx1,fy1,slip1,alpha1,omega1,fz2,fx2,fy2,slip2,alpha2,omega2,fz3,fx3,fy3,slip3,alpha3,omega3
0.009,110.564,0.930976,22.3468,-0.000660294,-0.41256,0.0140905,0.000390218,-9.57354e-05,0.00840268,4004.96,3,0,0.0254848,0,-0.00815336,0.00825706,0.00124011,-0.00124627,4025.23,-33.8235,-0.385357,-0.00229957,0.00812639,-65.7128,4022.96,-33.8045,-0.38514,-0.0022991,-0.0082389,-65.7142,4202.4,-35.3123,-0.402318,-0.00291359,-0.00141804,-65.7388,4201.59,-35.3054,-0.40224,-0.00291236,0.00131621,-65.7407
0.019,110.788,0.93347,22.3421,-0.000659877,-0.526492,0.0147055,0.000398034,-9.5964e-05,0.00843171,3998.91,3,0,0.0245766,0,-0.00813715,0.00824111,0.00124068,-0.00124682,4033.51,-34.0101,-0.387071,-0.00348785,0.00812468,-65.6265,4031.42,-33.9925,-0.386871,-0.00349078,-0.00823702,-65.6277,4190.98,-35.338,-0.402183,-0.00295702,-0.00140637,-65.7138,4190.33,-35.3325,-0.402121,-0.00295707,0.00130763,-65.7155
0.029,111.011,0.935965,22.3365,-0.000662318,-0.608166,0.015226,0.000408039,-9.04168e-05,0.00848465,3995.36,3,0,0.0234635,0,-0.00811257,0.0082107,0.00124277,-0.00124878,4044.29,-34.3152,-0.365672,-0.0040854,0.00810471,-65.576,4044.33,-34.3156,-0.365676,-0.00408973,-0.00821012,-65.5773,4174.74,-35.422,-0.377466,-0.002769,-0.0014002,-65.6997,4176.65,-35.4383,-0.37764,-0.00276963,0.00130632,-65.7015
0.039,111.235,0.938461,22.3305,-0.000669454,-0.566471,0.01313,0.000415407,-7.80011e-05,0.00855846,3993.12,3,0,0.0222661,0,-0.0080637,0.00815302,0.00124339,-0.00124914,4055.71,-34.7115,-0.31635,-0.00430741,0.00809844,-65.5439,4059.24,-34.7417,-0.316625,-0.00430809,-0.00819642,-65.546,4155.28,-35.5637,-0.324117,-0.00274579,-0.00140882,-65.6851,4161.65,-35.6182,-0.324614,-0.0027461,0.00131959,-65.6875
0.049,111.458,0.940959,22.3243,-0.000681258,-0.607862,0.0143874,0.000418947,-5.94391e-05,0.00864746,3991.61,3,0,0.021067,0,-0.00801443,0.00809327,0.00124601,-0.00125125,4065.07,-35.1534,-0.241624,-0.00445507,0.0080378,-65.5216,4072.36,-35.2164,-0.242057,-0.00445466,-0.00812431,-65.5246,4136.65,-35.7724,-0.245879,-0.00262212,-0.00140053,-65.6683,4148.45,-35.8744,-0.24658,-0.00262173,0.00131563,-65.6717
0.059,111.681,0.943458,22.3181,-0.000696668,-0.613729,0.0140347,0.000419358,-3.6472e-05,0.00874504,3990.51,3,0,0.0198838,0,-0.00794594,0.00800895,0.00125187,-0.00125639,4072.35,-35.6137,-0.148527,-0.00449484,0.00796931,-65.5046,4083.14,-35.7081,-0.14892,-0.00448849,-0.00804465,-65.5087,4120.08,-36.0311,-0.150267,-0.00251876,-0.00139362,-65.651,4137.35,-36.1822,-0.150897,-0.00251749,0.00131065,-65.6555
0.069,111.904,0.945957,22.312,-0.000717105,-0.598778,0.0139026,0.000411016,-1.12364e-05,0.00884488,3989.64,3,0,0.0187328,0,-0.0078707,0.0079131,0.00125323,-0.00125686,4077.65,-36.0673,-0.045818,-0.00443681,0.00792127,-65.4904,4091.03,-36.1857,-0.0459684,-0.00443061,-0.00797843,-65.4953,4106.92,-36.3262,-0.0461469,-0.00247489,-0.00139667,-65.6349,4128.99,-36.5214,-0.046395,-0.00247228,0.00131432,-65.6405
0.079,112.127,0.948456,22.3061,-0.00074138,-0.522438,0.0101334,0.000391863,1.41844e-05,0.00894169,3988.89,3,0,0.0176156,0,-0.00779009,0.00780778,0.0012574,-0.00125999,4080.45,-36.4871,0.0578786,-0.00435514,0.00784947,-65.4775,4095.41,-36.6209,0.0580909,-0.00434397,-0.00789215,-65.483,4097.97,-36.6437,0.0581272,-0.00247341,-0.00142108,-65.619,4123.73,-36.8741,0.0584926,-0.00247013,0.00133736,-65.6255
0.089,112.35,0.950955,22.3002,-0.000767169,-0.583458,0.0102028,0.000359959,3.81058e-05,0.0090315,3988.2,3,0,0.0165486,0,-0.00770696,0.00770046,0.00126077,-0.00126225,4081.15,-36.8599,0.155516,-0.00432839,0.00774937,-65.4652,4096.53,-36.9988,0.156102,-0.00431386,-0.00777471,-65.471,4094.15,-36.9773,0.156011,-0.00231492,-0.00141598,-65.605,4122.3,-37.2316,0.157084,-0.00231049,0.00133085,-65.6122
0.099,112.573,0.953453,22.2946,-0.000791005,-0.500778,0.01009,0.000319717,5.93901e-05,0.00911182,3987.53,3,0,0.0155009,0,-0.00762183,0.00759297,0.00126339,-0.00126373,4080.57,-37.1825,0.242346,-0.0042477,0.0076744,-65.4534,4095.53,-37.3188,0.243234,-0.0042364,-0.00768375,-65.4591,4093.77,-37.3027,0.243129,-0.00228343,-0.00142783,-65.5929,4123.08,-37.5698,0.24487,-0.00227834,0.00134199,-65.6004
0.109,112.796,0.955951,22.289,-0.000811307,-0.528095,0.00988076,0.00026949,7.75036e-05,0.00918152,3986.89,3,0,0.0144865,0,-0.0075457,0.00749634,0.00126864,-0.00126791,4078.75,-37.4501,0.316117,-0.00420138,0.00757689,-65.4419,4092.67,-37.578,0.317197,-0.0041886,-0.00757389,-65.4473,4096.9,-37.6168,0.317524,-0.00220902,-0.00143059,-65.5817,4126.37,-37.8874,0.319808,-0.00220379,0.00134447,-65.5893
0.119,113.019,0.958447,22.2836,-0.000825714,-0.552837,0.00887253,0.000212547,9.23586e-05,0.00924047,3986.25,3,0,0.0135031,0,-0.00747235,0.0074035,0.00127208,-0.00127035,4076.57,-37.6704,0.376506,-0.00413569,0.00748843,-65.4306,4089.15,-37.7867,0.377668,-0.00412523,-0.00747562,-65.4354,4102.42,-37.9093,0.378893,-0.00212375,-0.00143115,-65.5704,4131.32,-38.1765,0.381563,-0.00211856,0.00134602,-65.5777
0.129,113.242,0.960943,22.2784,-0.000831995,-0.531436,0.00980693,0.000151122,0.000104235,0.00928938,3985.62,3,0,0.0125365,0,-0.00740273,0.0073157,0.00127457,-0.00127196,4074.34,-37.8492,0.424689,-0.00408096,0.00742417,-65.4194,4085.45,-37.9523,0.425846,-0.0040722,-0.00739961,-65.4235,4109.36,-38.1745,0.428339,-0.00204225,-0.00142992,-65.5616,4137.29,-38.434,0.43125,-0.00203717,0.00134785,-65.5685
0.139,113.464,0.963438,22.2734,-0.000831447,-0.482085,0.00670177,8.22626e-05,0.00011361,0.00932946,3984.97,3,0,0.0115874,0,-0.00733369,0.00723289,0.00127664,-0.00127326,4072.3,-37.9935,0.462655,-0.00398733,0.0073442,-65.4085,4082.07,-38.0846,0.463765,-0.00397676,-0.00731569,-65.4119,4116.8,-38.4087,0.46771,-0.00203997,-0.00144618,-65.5517,4143.6,-38.6587,0.470755,-0.00203565,0.00136841,-65.5582
0.149,113.687,0.965933,22.2684,-0.000820103,-0.487994,0.007287,1.58102e-05,0.000121058,0.00936219,3984.34,3,0,0.0106616,0,-0.0072747,0.00716388,0.00127815,-0.00127412,4070.27,-38.1077,0.492739,-0.00394253,0.00726783,-65.3978,4078.88,-38.1883,0.493781,-0.00393359,-0.00723368,-65.4006,4124.41,-38.6147,0.499294,-0.00193258,-0.00144247,-65.5427,4150.13,-38.8555,0.502407,-0.00192867,0.00137107,-65.5487
0.159,113.91,0.968426,22.2636,-0.000799031,-0.494152,0.00593523,-4.79354e-05,0.000127145,0.00938911,3983.73,3,0,0.00975267,0,-0.00722063,0.00710112,0.00127809,-0.00127351,4068.4,-38.1998,0.517279,-0.00391656,0.0071835,-65.3873,4076.19,-38.2729,0.518268,-0.00390622,-0.00714827,-65.3895,4131.82,-38.7953,0.525342,-0.00184873,-0.00143065,-65.5346,4156.61,-39.028,0.528494,-0.00184558,0.00136634,-65.54
0.169,114.132,0.970919,22.2589,-0.00076885,-0.462882,0.00569954,-0.000108689,0.000132342,0.0094116,3983.12,3,0,0.0088575,0,-0.00716443,0.00703703,0.00127993,-0.0012749,4067.58,-38.2835,0.538311,-0.00383079,0.00714367,-65.3773,4074.73,-38.3508,0.539258,-0.00382432,-0.00710368,-65.3789,4138.15,-38.9478,0.547652,-0.00182737,-0.00144044,-65.5257,4162.27,-39.1748,0.550843,-0.0018249,0.00138489,-65.5307
0.179,114.355,0.973412,22.2544,-0.000731482,-0.393052,0.00334157,-0.000167587,0.000136977,0.00943089,3982.51,3,0,0.00797544,0,-0.00711391,0.00697876,0.00127971,-0.0012743,4066.86,-38.3553,0.557066,-0.0037508,0.0071021,-65.3674,4073.64,-38.4192,0.557994,-0.00374566,-0.00705855,-65.3686,4143.55,-39.0785,0.567571,-0.00183206,-0.00145019,-65.5181,4167.22,-39.3018,0.570813,-0.0018304,0.00140372,-65.5227
0.189,114.577,0.975904,22.2499,-0.000686623,-0.429582,0.00449146,-0.00022056,0.000141253,0.00944794,3981.93,3,0,0.00712325,0,-0.007067,0.00692704,0.00127945,-0.0012737,4066.19,-38.4183,0.574362,-0.00373205,0.00703213,-65.3578,4072.68,-38.4796,0.575278,-0.0037278,-0.00698432,-65.3587,4148.73,-39.1981,0.58602,-0.00170906,-0.0014346,-65.5104,4172.14,-39.4193,0.589327,-0.00170768,0.00139791,-65.5146
0.199,114.8,0.978395,22.2456,-0.000636154,-0.490769,0.00413423,-0.000270105,0.000145273,0.00946346,3981.36,3,0,0.00629266,0,-0.00701936,0.00687532,0.00127843,-0.00127238,4065.57,-38.4756,0.590617,-0.00371353,0.00695956,-65.3486,4071.94,-38.5358,0.591542,-0.00370601,-0.0069101,-65.3492,4153.25,-39.3053,0.603354,-0.00157313,-0.00141775,-65.5017,4176.53,-39.5256,0.606735,-0.0015721,0.00139056,-65.5057
0.209,115.022,0.980886,22.2414,-0.000579729,-0.434439,0.00371756,-0.000311625,0.000149069,0.00947795,3980.82,3,0,0.00546541,0,-0.00697617,0.00682784,0.00127939,-0.00127307,4065.67,-38.5354,0.606067,-0.00363715,0.00692555,-65.3397,4071.95,-38.5949,0.607004,-0.00362983,-0.00687305,-65.34,4156.31,-39.3945,0.619579,-0.00155668,-0.0014226,-65.4943,4179.54,-39.6147,0.623042,-0.00155601,0.00140514,-65.498
0.219,115.245,0.983376,22.2373,-0.000520946,-0.363114,0.00229527,-0.000353097,0.000152609,0.00949166,3980.28,3,0,0.00465573,0,-0.00693093,0.006778,0.00127804,-0.00127149,4065.76,-38.592,0.620472,-0.00356946,0.00689479,-65.3309,4071.95,-38.6508,0.621416,-0.0035638,-0.0068366,-65.331,4158.77,-39.4749,0.634666,-0.00154778,-0.00142754,-65.4882,4181.98,-39.6951,0.638207,-0.00154779,0.00141985,-65.4917
0.229,115.467,0.985865,22.2334,-0.000459232,-0.355467,0.00143256,-0.00038852,0.000155827,0.00950472,3979.76,3,0,0.00387349,0,-0.0068854,0.00672764,0.00127765,-0.00127089,4065.72,-38.6447,0.63355,-0.00351401,0.00685491,-65.3225,4071.8,-38.7025,0.634497,-0.00350877,-0.00679217,-65.3224,4161.15,-39.5518,0.64842,-0.00151089,-0.00142383,-65.4796,4184.31,-39.7719,0.652029,-0.00151113,0.00142539,-65.4829
0.239,115.689,0.988354,22.2295,-0.000397116,-0.408068,0.00136595,-0.000425708,0.000158657,0.00951714,3979.26,3,0,0.00312101,0,-0.00684104,0.0066804,0.00127737,-0.00127041,4065.43,-38.6924,0.645007,-0.00348356,0.00679991,-65.3143,4071.29,-38.7482,0.645938,-0.00347823,-0.00673095,-65.3141,4163.15,-39.6224,0.660511,-0.00139095,-0.0014057,-65.471,4186.22,-39.842,0.664172,-0.00139151,0.00141663,-65.4741
0.249,115.912,0.990842,22.2257,-0.000333173,-0.396931,-0.000307381,-0.000457604,0.000161054,0.0095289,3978.77,3,0,0.00237158,0,-0.0068064,0.00664389,0.00127523,-0.00126808,4065.06,-38.7368,0.654693,-0.00345925,0.00675095,-65.3064,4070.74,-38.7909,0.655608,-0.00345195,-0.00667953,-65.3059,4165.45,-39.6934,0.670861,-0.00134568,-0.00140102,-65.4646,4188.38,-39.9119,0.674554,-0.00134656,0.00142065,-65.4675
0.259,116.134,0.993329,22.2221,-0.000266711,-0.308797,0.000137488,-0.000481305,0.000163013,0.00953987,3978.29,3,0,0.00163803,0,-0.00676937,0.00660423,0.00127558,-0.00126828,4064.96,-38.7803,0.662642,-0.00337464,0.00673331,-65.2988,4070.38,-38.8321,0.663527,-0.00337232,-0.00665571,-65.298,4166.7,-39.751,0.679229,-0.00138939,-0.00141185,-65.4561,4189.44,-39.9679,0.682935,-0.00139128,0.00144047,-65.4588
0.269,116.356,0.995815,22.2186,-0.000201671,-0.30316,-0.00136647,-0.000507828,0.000164539,0.00954996,3977.83,3,0,0.000931063,0,-0.00673277,0.00656488,0.00127448,-0.00126707,4064.36,-38.8157,0.668745,-0.00333739,0.006693,-65.2912,4069.56,-38.8653,0.669601,-0.00333315,-0.0066105,-65.2902,4168.32,-39.8085,0.68585,-0.00131653,-0.00140255,-65.45,4190.82,-40.0234,0.689552,-0.00131854,0.00143922,-65.4526
0.279,116.578,0.9983,22.215,-0.000136949,-0.410453,0.00017276,-0.000530954,0.000165634,0.00955906,3977.38,3,0,0.000249722,0,-0.00669094,0.00651915,0.00127541,-0.00126789,4063.62,-38.8455,0.673073,-0.00331133,0.00664155,-65.2837,4068.5,-38.8923,0.673882,-0.00330705,-0.00655153,-65.2826,4170.01,-39.8625,0.690694,-0.00118847,-0.00138539,-65.4435,4192.24,-40.0751,0.694376,-0.00119014,0.00143015,-65.4459
0.289,116.8,1.00078,22.2117,-7.39408e-05,-0.362943,-0.00200284,-0.000553698,0.000166324,0.00956714,3976.94,3,0.00086079,0,0,-0.00665423,0.00648306,0.00127419,-0.00126658,4063.06,-38.873,0.675785,-0.003249,0.00662928,-65.2765,4067.7,-38.9174,0.676557,-0.00324615,-0.00653716,-65.2752,4171.25,-39.9082,0.69378,-0.00123758,-0.00138957,-65.4348,4193.19,-40.1181,0.697429,-0.00123972,0.00144218,-65.4371
0.299,117.022,1.00327,22.2084,-1.13214e-05,-0.376402,-0.00315649,-0.000574369,0.000166536,0.00957433,3976.51,3,0.00218971,0,0,-0.00662651,0.00645617,0.00127327,-0.0012656,4062.04,-38.8925,0.676476,-0.00323005,0.00658737,-65.2696,4066.39,-38.9341,0.6772,-0.00322536,-0.00649198,-65.2682,4172.62,-39.9512,0.694891,-0.00121869,-0.00138006,-65.4255,4194.2,-40.1579,0.698486,-0.00122095,0.00143988,-65.4276
0.309,117.245,1.00575,22.2052,5.22646e-05,-0.325322,-0.00307908,-0.000586195,0.000166155,0.0095808,3976.12,3,0.00350244,0,0,-0.00660346,0.00643181,0.00127183,-0.00126412,4061.37,-38.9124,0.674818,-0.0031772,0.00655742,-65.2632,4065.39,-38.9509,0.675485,-0.00317364,-0.00645891,-65.2616,4173.66,-39.9882,0.693475,-0.0011842,-0.00137354,-65.4153,4194.79,-40.1907,0.696987,-0.00118603,0.0014402,-65.4173
0.319,117.467,1.00823,22.2019,0.000113227,-0.324644,-0.00321535,-0.000600246,0.000165097,0.00958665,3975.74,3,0.00481637,0,0,-0.00657412,0.00640157,0.00127173,-0.00126402,4060.81,-38.9308,0.670429,-0.00311381,0.00653565,-65.257,4064.39,-38.9651,0.671019,-0.00311086,-0.00643161,-65.2553,4174.33,-40.0191,0.68917,-0.00123123,-0.00137648,-65.4069,4194.91,-40.2163,0.692567,-0.00123318,0.0014497,-65.4088
0.329,117.689,1.01071,22.1988,0.000171808,-0.337956,-0.00352113,-0.000614455,0.000163295,0.00959195,3975.37,3,0.0060901,0,0,-0.0065482,0.00637674,0.00127052,-0.00126283,4060.08,-38.9453,0.66299,-0.00307763,0.00650312,-65.251,4063.14,-38.9746,0.663489,-0.00307741,-0.00639518,-65.2492,4175.24,-40.05,0.681796,-0.00119958,-0.00136342,-65.3979,4195.15,-40.2409,0.685046,-0.00120117,0.00144293,-65.3995
0.339,117.911,1.01319,22.1957,0.000229178,-0.313788,-0.00470838,-0.000626546,0.00016075,0.0095967,3975.01,3,0.00736595,0,0,-0.00651944,0.00635033,0.00127009,-0.00126246,4059.64,-38.9603,0.652587,-0.00301087,0.00648489,-65.2452,4062.16,-38.9845,0.652992,-0.00300884,-0.00637579,-65.2432,4175.9,-40.0761,0.671276,-0.0012535,-0.00136906,-65.389,4195.05,-40.2598,0.674354,-0.00125559,0.00145432,-65.3905
0.349,118.132,1.01566,22.1927,0.000286056,-0.289117,-0.00503338,-0.000633145,0.000157523,0.00960091,3974.67,3,0.00861824,0,0,-0.00650049,0.00633445,0.0012691,-0.00126156,4058.92,-38.9705,0.639373,-0.00296318,0.00645659,-65.2395,4060.95,-38.99,0.639692,-0.0029618,-0.00634714,-65.2373,4176.53,-40.0997,0.657898,-0.00123973,-0.00136464,-65.3822,4194.86,-40.2757,0.660786,-0.00124158,0.00145531,-65.3835
0.359,118.354,1.01814,22.1897,0.000341411,-0.322141,-0.0049749,-0.000637544,0.000153701,0.00960451,3974.33,3,0.00983411,0,0,-0.00648205,0.00631852,0.00126888,-0.00126147,4058.28,-38.979,0.623761,-0.00292326,0.00643913,-65.2341,4059.83,-38.9939,0.624,-0.00292096,-0.00632866,-65.2316,4177.42,-40.1233,0.642073,-0.00117291,-0.0013512,-65.3714,4194.93,-40.2915,0.644765,-0.00117395,0.00144671,-65.3726
0.369,118.576,1.02061,22.1868,0.000393248,-0.261727,-0.00663142,-0.000642419,0.000149378,0.00960744,3974,3,0.011065,0,0,-0.0064616,0.00630051,0.00126822,-0.00126097,4057.7,-38.9853,0.606131,-0.00285812,0.0064253,-65.2286,4058.76,-38.9955,0.60629,-0.00285672,-0.00631183,-65.226,4177.74,-40.1387,0.624063,-0.00124925,-0.00135988,-65.3636,4194.43,-40.299,0.626556,-0.00125093,0.00146029,-65.3645
0.379,118.798,1.02309,22.1839,0.000443677,-0.288252,-0.00595287,-0.000643581,0.000144642,0.0096097,3973.67,3,0.0122593,0,0,-0.00644373,0.00628712,0.00126724,-0.00126018,4056.95,-38.9872,0.586805,-0.00281509,0.006406,-65.2232,4057.56,-38.9931,0.586894,-0.00281473,-0.00629173,-65.2206,4178.53,-40.1556,0.604391,-0.00123031,-0.00135301,-65.3543,4194.43,-40.3084,0.606691,-0.00123169,0.00145802,-65.3551
0.389,119.02,1.02556,22.1811,0.000491549,-0.229414,-0.00663439,-0.000642983,0.000139589,0.0096112,3973.35,3,0.013458,0,0,-0.00641882,0.00626781,0.00126737,-0.00126053,4056.46,-38.9886,0.566235,-0.00274827,0.00639731,-65.218,4056.68,-38.9907,0.566266,-0.0027488,-0.00628272,-65.2152,4178.77,-40.1642,0.583309,-0.00128838,-0.00136155,-65.3466,4193.91,-40.3097,0.585422,-0.00129016,0.00147088,-65.3472
0.399,119.242,1.02803,22.1784,0.000538169,-0.259816,-0.00609579,-0.000637138,0.000134307,0.00961197,3973.04,3,0.0146012,0,0,-0.00641085,0.00626506,0.00126569,-0.00125908,4055.5,-38.9826,0.544683,-0.00271495,0.00637594,-65.2129,4055.4,-38.9816,0.54467,-0.00271534,-0.00626288,-65.21,4179.72,-40.1766,0.561367,-0.00122201,-0.00134764,-65.3388,4194.14,-40.3152,0.563304,-0.00122317,0.00146044,-65.3393
0.409,119.463,1.0305,22.1757,0.000581378,-0.193509,-0.00685324,-0.000629893,0.000128876,0.00961197,3972.73,3,0.0157657,0,0,-0.00639966,0.00625851,0.00126578,-0.00125943,4054.75,-38.9753,0.522561,-0.00266058,0.00636598,-65.2078,4054.36,-38.9715,0.522511,-0.0026605,-0.00625222,-65.2049,4180.07,-40.1799,0.538712,-0.00126818,-0.00135498,-65.3308,4193.83,-40.3122,0.540485,-0.00126974,0.00147105,-65.3312
0.419,119.685,1.03296,22.173,0.000621111,-0.243524,-0.00732118,-0.000621975,0.00012334,0.0096112,3972.43,3,0.0168846,0,0,-0.00638881,0.006252,0.00126472,-0.00125863,4053.96,-38.9646,0.500013,-0.00261946,0.00635648,-65.2028,4053.33,-38.9585,0.499935,-0.00261918,-0.00624313,-65.1999,4181.03,-40.1859,0.515686,-0.00124485,-0.00134069,-65.3235,4194.17,-40.3123,0.517308,-0.00124616,0.00145932,-65.3238
0.429,119.907,1.03543,22.1703,0.000657888,-0.318295,-0.00623746,-0.000611993,0.000117723,0.00960964,3972.14,3,0.0179868,0,0,-0.0063708,0.00623883,0.00126557,-0.00125976,4053.12,-38.9502,0.477145,-0.00257363,0.00634068,-65.1979,4052.24,-38.9418,0.477041,-0.00257213,-0.00622727,-65.195,4181.66,-40.1855,0.492277,-0.00119959,-0.00133931,-65.3145,4194.21,-40.3062,0.493755,-0.00120069,0.00146021,-65.3147
0.439,120.129,1.0379,22.1678,0.000691807,-0.214176,-0.00688166,-0.000598415,0.000112059,0.00960737,3971.85,3,0.0190963,0,0,-0.00636766,0.0062432,0.0012636,-0.00125809,4052.33,-38.9335,0.454099,-0.00252902,0.00633333,-65.1931,4051.23,-38.9229,0.453976,-0.00252946,-0.00622232,-65.1902,4182.16,-40.1808,0.468647,-0.00126247,-0.00134398,-65.3083,4194.16,-40.2961,0.469992,-0.00126394,0.00146709,-65.3084
0.449,120.35,1.04036,22.1653,0.00072262,-0.265497,-0.007013,-0.000582829,0.000106373,0.00960438,3971.57,3,0.0201692,0,0,-0.00636395,0.00624523,0.00126267,-0.00125742,4051.44,-38.9127,0.430963,-0.00249202,0.0063256,-65.1885,4050.18,-38.9007,0.430829,-0.00249202,-0.00621728,-65.1855,4183.05,-40.1769,0.444963,-0.00121621,-0.00133514,-65.3011,4194.52,-40.287,0.446183,-0.00121729,0.00145912,-65.3012
0.459,120.572,1.04282,22.1628,0.000749604,-0.273113,-0.00714281,-0.000568473,0.000100695,0.00960071,3971.29,3,0.0212336,0,0,-0.00635947,0.00624606,0.00126247,-0.00125753,4050.71,-38.8909,0.407887,-0.00244837,0.0063257,-65.1839,4049.28,-38.8772,0.407743,-0.00244812,-0.00621737,-65.181,4183.74,-40.1681,0.421282,-0.00118797,-0.00133257,-65.2937,4194.7,-40.2734,0.422386,-0.00118877,0.00145744,-65.2938
0.469,120.793,1.04528,22.1603,0.000773331,-0.254337,-0.00683292,-0.000551108,9.5023e-05,0.00959638,3971.02,3,0.0222997,0,0,-0.00635424,0.00624566,0.00126253,-0.00125789,4049.98,-38.8664,0.384841,-0.00239806,0.00632592,-65.1794,4048.38,-38.851,0.384689,-0.0023983,-0.0062178,-65.1765,4184.24,-40.1548,0.397599,-0.00123936,-0.00134024,-65.2863,4194.71,-40.2552,0.398594,-0.00124052,0.0014657,-65.2863
0.479,121.015,1.04774,22.158,0.000792948,-0.289048,-0.00625629,-0.000535186,8.93604e-05,0.00959143,3970.76,3,0.0233223,0,0,-0.00635,0.00624781,0.00126182,-0.00125748,4049.04,-38.8372,0.361823,-0.00237009,0.00630846,-65.1749,4047.26,-38.8201,0.361664,-0.00237016,-0.00620085,-65.1721,4185.12,-40.1425,0.373984,-0.00118174,-0.0013279,-65.2788,4195.11,-40.2383,0.374876,-0.00118249,0.00145347,-65.2788
0.489,121.237,1.0502,22.1557,0.000809712,-0.212262,-0.00710659,-0.000516786,8.37237e-05,0.00958588,3970.5,3,0.0243702,0,0,-0.00634726,0.00625205,0.00126142,-0.00125737,4048.54,-38.81,0.338959,-0.00231108,0.006325,-65.1706,4046.62,-38.7916,0.338798,-0.00231199,-0.00622056,-65.1678,4185.42,-40.1222,0.350419,-0.00125694,-0.00134343,-65.2727,4194.95,-40.2135,0.351217,-0.00125821,0.00146878,-65.2726
0.499,121.458,1.05266,22.1534,0.000824063,-0.212222,-0.00715249,-0.000495389,7.81375e-05,0.00957979,3970.24,3,0.0253742,0,0,-0.00635053,0.0062611,0.00126089,-0.00125714,4047.73,-38.7776,0.31628,-0.00227484,0.00632151,-65.1665,4045.71,-38.7582,0.316121,-0.00227476,-0.00622071,-65.1637,4186.11,-40.1033,0.327092,-0.00124328,-0.00133691,-65.2665,4195.2,-40.1903,0.327802,-0.00124448,0.00146132,-65.2665
0.509,121.68,1.05512,22.1511,0.000834332,-0.231151,-0.00726274,-0.000475204,7.26204e-05,0.00957317,3970,3,0.0263677,0,0,-0.00635334,0.00626867,0.0012602,-0.00125675,4047.08,-38.7446,0.293901,-0.00223294,0.00632713,-65.1624,4044.94,-38.7241,0.293745,-0.00223314,-0.00622764,-65.1597,4186.78,-40.082,0.304046,-0.00122453,-0.00133628,-65.2605,4195.45,-40.165,0.304675,-0.00122543,0.00145951,-65.2605
0.519,121.901,1.05757,22.1489,0.000840384,-0.198357,-0.00866873,-0.000457791,6.7169e-05,0.00956605,3969.76,3,0.0273518,0,0,-0.00635495,0.00627549,0.00125953,-0.00125637,4046.46,-38.7098,0.271796,-0.00218644,0.00632899,-65.1583,4044.2,-38.6882,0.271645,-0.0021854,-0.00623143,-65.1557,4187.33,-40.0574,0.281258,-0.00124534,-0.00133919,-65.2529,4195.58,-40.1364,0.281813,-0.00124639,0.00146089,-65.2528
0.529,122.123,1.06003,22.1468,0.000845136,-0.193119,-0.00693827,-0.000434952,6.17868e-05,0.00955845,3969.52,3,0.028322,0,0,-0.00635729,0.00628391,0.00125909,-0.00125623,4045.73,-38.672,0.249973,-0.0021589,0.0063304,-65.1543,4043.35,-38.6493,0.249826,-0.00216059,-0.00623453,-65.1518,4187.85,-40.0305,0.258754,-0.00126544,-0.00134012,-65.2467,4195.71,-40.1057,0.25924,-0.00126657,0.00146041,-65.2467
0.539,122.344,1.06248,22.1447,0.000846742,-0.157276,-0.00682944,-0.000413322,5.64947e-05,0.0095504,3969.29,3,0.0292889,0,0,-0.006359,0.00629239,0.00125906,-0.00125648,4045.14,-38.6339,0.228529,-0.00210943,0.0063378,-65.1505,4042.67,-38.6103,0.22839,-0.00211042,-0.00624533,-65.148,4188.33,-40.0015,0.236619,-0.00129126,-0.00134676,-65.2403,4195.82,-40.073,0.237042,-0.00129262,0.00146515,-65.2402
0.549,122.566,1.06493,22.1426,0.000845834,-0.204022,-0.00666946,-0.000390873,5.13142e-05,0.00954193,3969.06,3,0.0302137,0,0,-0.00636769,0.00630645,0.00125875,-0.00125645,4044.42,-38.5927,0.207536,-0.0020723,0.00634164,-65.1468,4041.9,-38.5687,0.207407,-0.00207358,-0.00625325,-65.1444,4189.11,-39.9734,0.214961,-0.00124055,-0.00133882,-65.2341,4196.25,-40.0415,0.215327,-0.00124145,0.00145468,-65.234
0.559,122.787,1.06738,22.1406,0.000842127,-0.186568,-0.0068676,-0.00036855,4.62526e-05,0.00953305,3968.85,3,0.0311457,0,0,-0.00637558,0.00631827,0.00125817,-0.00125616,4043.81,-38.551,0.187037,-0.00203254,0.0063542,-65.1431,4041.24,-38.5265,0.186918,-0.00203277,-0.00626776,-65.1408,4189.61,-39.941,0.19378,-0.0012642,-0.00134323,-65.2285,4196.42,-40.0059,0.194095,-0.00126528,0.00145638,-65.2285
0.569,123.008,1.06983,22.1386,0.000835277,-0.17781,-0.00649052,-0.000347654,4.1302e-05,0.00952379,3968.63,3,0.0320611,0,0,-0.00638161,0.00632963,0.00125729,-0.00125555,4043.17,-38.5075,0.166991,-0.0019963,0.00635744,-65.1395,4040.53,-38.4823,0.166882,-0.0019974,-0.00627301,-65.1373,4190.21,-39.9079,0.173064,-0.00125975,-0.00134233,-65.2232,4196.7,-39.9697,0.173332,-0.00126064,0.00145287,-65.2233
0.579,123.23,1.07228,22.1366,0.000826339,-0.165287,-0.00620813,-0.000326663,3.64596e-05,0.00951416,3968.42,3,0.0329678,0,0,-0.00638769,0.00634124,0.00125716,-0.00125569,4042.59,-38.463,0.147391,-0.00195979,0.00636648,-65.1359,4039.9,-38.4374,0.147293,-0.00196084,-0.00628537,-65.1338,4190.66,-39.8718,0.15279,-0.00126307,-0.00134376,-65.2171,4196.84,-39.9306,0.153015,-0.00126399,0.00145142,-65.2172
0.589,123.451,1.07473,22.1347,0.000815563,-0.175453,-0.00556887,-0.000305008,3.17394e-05,0.00950419,3968.22,3,0.0338553,0,0,-0.0063961,0.00635584,0.0012569,-0.00125569,4042.01,-38.4172,0.128291,-0.00191893,0.00637589,-65.1326,4039.26,-38.3911,0.128204,-0.00192015,-0.00629856,-65.1305,4191.24,-39.8355,0.133027,-0.00125047,-0.00134463,-65.2112,4197.13,-39.8915,0.133214,-0.00125129,0.00144921,-65.2113
0.599,123.672,1.07718,22.1328,0.000803004,-0.227283,-0.0053978,-0.000283051,2.71488e-05,0.00949389,3968.02,3,0.0347199,0,0,-0.00640917,0.00637352,0.00125656,-0.00125561,4041.4,-38.3697,0.109719,-0.00189014,0.00638719,-65.1293,4038.65,-38.3436,0.109644,-0.00188988,-0.00631433,-65.1273,4191.96,-39.7992,0.113806,-0.00122826,-0.0013395,-65.2063,4197.57,-39.8525,0.113959,-0.00122899,0.00144039,-65.2064
0.609,123.894,1.07962,22.131,0.000788674,-0.218645,-0.00438114,-0.000259921,2.2687e-05,0.00948328,3967.82,3,0.0355832,0,0,-0.00641988,0.00638762,0.0012557,-0.00125501,4040.8,-38.3212,0.0916735,-0.00185294,0.00639749,-65.126,4038,-38.2947,0.0916102,-0.00185414,-0.00632602,-65.1241,4192.5,-39.7598,0.0951152,-0.0012184,-0.00134064,-65.201,4197.85,-39.8106,0.0952366,-0.00121901,0.00143814,-65.2011
0.619,124.115,1.08207,22.1292,0.00077163,-0.210172,-0.00378896,-0.000241259,1.83411e-05,0.00947237,3967.63,3,0.0364348,0,0,-0.0064298,0.00640234,0.00125513,-0.00125468,4040.14,-38.2708,0.0741004,-0.00182191,0.00640204,-65.1228,4037.29,-38.2439,0.0740482,-0.00182299,-0.00633251,-65.121,4193.02,-39.719,0.0769044,-0.00122558,-0.00134536,-65.1968,4198.12,-39.7673,0.0769979,-0.00122614,0.00143943,-65.197
0.629,124.336,1.08451,22.1275,0.000753316,-0.0920412,-0.00522179,-0.000220592,1.41058e-05,0.00946117,3967.44,3,0.0373007,0,0,-0.00643803,0.00641585,0.00125523,-0.00125502,4039.77,-38.2221,0.0569844,-0.00177306,0.00642056,-65.1196,4036.92,-38.1951,0.0569441,-0.00177435,-0.0063564,-65.118,4193.12,-39.673,0.0591474,-0.00129695,-0.00136232,-65.1907,4197.97,-39.7189,0.0592159,-0.00129788,0.00145275,-65.1909
0.639,124.558,1.08696,22.1257,0.000734618,-0.176851,-0.00367288,-0.000197811,9.99473e-06,0.00944973,3967.26,3,0.038104,0,0,-0.00645384,0.00643653,0.00125457,-0.00125459,4039.08,-38.1694,0.0403695,-0.00174489,0.00642847,-65.1167,4036.23,-38.1424,0.040341,-0.00174605,-0.00636961,-65.1151,4193.96,-39.633,0.0419175,-0.00122773,-0.00134621,-65.1853,4198.58,-39.6766,0.0419636,-0.00122822,0.00143263,-65.1856
0.649,124.779,1.0894,22.124,0.000713546,-0.21219,-0.00442874,-0.000179699,6.01441e-06,0.00943806,3967.09,3,0.0389113,0,0,-0.00646856,0.0064552,0.00125414,-0.00125439,4038.55,-38.1172,0.0242895,-0.00171664,0.00644435,-65.1138,4035.71,-38.0904,0.0242724,-0.00171626,-0.00638971,-65.1123,4194.67,-39.5907,0.0252285,-0.00120776,-0.0013424,-65.1793,4199.07,-39.6323,0.0252549,-0.00120823,0.00142457,-65.1796
0.659,125,1.09184,22.1225,0.000690765,0.0349232,-0.00800562,-0.000161813,2.155e-06,0.00942615,3966.92,3,0.0397721,0,0,-0.00648204,0.00647209,0.00125381,-0.00125429,4038,-38.0639,0.00870189,-0.0016697,0.00646029,-65.1109,4035.17,-38.0373,0.0086958,-0.00166997,-0.00640823,-65.1095,4194.26,-39.5369,0.00903863,-0.00135535,-0.00137438,-65.1764,4198.46,-39.5764,0.00904767,-0.00135639,0.00145264,-65.1768
0.669,125.221,1.09428,22.1208,0.000667778,-0.108583,-0.00481087,-0.00014297,-1.60148e-06,0.00941402,3966.75,3,0.0405387,0,0,-0.00649431,0.00648843,0.00125315,-0.00125384,4037.58,-38.011,-0.00646611,-0.00164464,0.00647374,-65.1081,4034.71,-37.984,-0.00646151,-0.00164607,-0.00642404,-65.1068,4195.19,-39.4947,-0.00671851,-0.00126408,-0.00136001,-65.1707,4199.17,-39.5323,-0.0067249,-0.00126468,0.00143446,-65.1711
0.679,125.442,1.09672,22.1192,0.00064416,-0.161726,-0.00318242,-0.000123464,-5.25654e-06,0.0094017,3966.58,3,0.041309,0,0,-0.00650553,0.00650478,0.00125332,-0.00125421,4037.04,-37.9561,-0.0212208,-0.00160183,0.00648955,-65.1054,4034.14,-37.9289,-0.0212056,-0.0016036,-0.00644418,-65.1042,4195.77,-39.4485,-0.0220552,-0.00126232,-0.00135793,-65.1662,4199.56,-39.4841,-0.0220751,-0.00126292,0.00142845,-65.1666
0.689,125.664,1.09916,22.1177,0.000620229,-0.0555037,-0.00315028,-0.00010411,-8.79719e-06,0.0093892,3966.43,3,0.0421039,0,0,-0.00652366,0.00652771,0.00125285,-0.00125394,4036.55,-37.9011,-0.0355103,-0.00158345,0.0065003,-65.1028,4033.63,-37.8737,-0.0354846,-0.00158401,-0.00645888,-65.1016,4195.96,-39.3978,-0.0369126,-0.00131442,-0.00136872,-65.1613,4199.55,-39.4316,-0.0369443,-0.00131529,0.00143522,-65.1617
0.699,125.885,1.1016,22.1161,0.000595173,-0.189096,-0.00219317,-8.55461e-05,-1.22232e-05,0.00937654,3966.28,3,0.042836,0,0,-0.00654271,0.00654925,0.0012526,-0.0012539,4035.99,-37.8448,-0.0493328,-0.00155112,0.00651586,-65.1002,4033.12,-37.8178,-0.0492977,-0.00155137,-0.00647814,-65.0991,4196.82,-39.3528,-0.0512986,-0.00124273,-0.00135608,-65.1575,4200.24,-39.3848,-0.0513404,-0.0012433,0.00141809,-65.158
0.709,126.106,1.10404,22.1146,0.000569344,-0.150487,-0.00227626,-6.74779e-05,-1.55452e-05,0.00936372,3966.13,3,0.0435922,0,0,-0.00655784,0.00656654,0.00125243,-0.00125392,4035.53,-37.7887,-0.0627332,-0.00151806,0.00653307,-65.0977,4032.66,-37.7618,-0.0626886,-0.0015185,-0.00649844,-65.0967,4197.13,-39.3019,-0.0652453,-0.00127698,-0.00136209,-65.1532,4200.38,-39.3323,-0.0652958,-0.00127757,0.00141998,-65.1537
0.719,126.327,1.10648,22.1131,0.000542172,-0.282341,-0.00012207,-5.33904e-05,-1.87816e-05,0.00935074,3965.98,3,0.0443039,0,0,-0.0065663,0.0065782,0.00125326,-0.00125493,4034.93,-37.7306,-0.0757825,-0.00149313,0.00653385,-65.0952,4032.01,-37.7034,-0.0757277,-0.00149287,-0.00650102,-65.0943,4197.88,-39.2544,-0.078843,-0.00120255,-0.00135167,-65.1487,4200.95,-39.2831,-0.0789007,-0.00120295,0.00140561,-65.1493
0.729,126.548,1.10891,22.1118,0.000515618,-0.178965,-0.00145012,-3.57581e-05,-2.19305e-05,0.00933764,3965.84,3,0.045037,0,0,-0.00658846,0.00660593,0.00125112,-0.00125297,4034.49,-37.6738,-0.0884786,-0.00146118,0.00655599,-65.0928,4031.6,-37.6468,-0.0884153,-0.00146117,-0.0065305,-65.092,4198.28,-39.2031,-0.0920705,-0.00120864,-0.00135513,-65.1448,4201.18,-39.2302,-0.0921341,-0.00120896,0.00140482,-65.1454
0.739,126.769,1.11135,22.1104,0.000489055,-0.0813303,-0.00154127,-1.91699e-05,-2.49834e-05,0.00932443,3965.7,3,0.0457833,0,0,-0.00660699,0.00662863,0.0012505,-0.00125252,4034.13,-37.6171,-0.100786,-0.00142877,0.0065797,-65.0906,4031.24,-37.5901,-0.100714,-0.00142973,-0.00655756,-65.0899,4198.32,-39.1481,-0.104888,-0.00128644,-0.00137122,-65.1402,4201.06,-39.1736,-0.104957,-0.00128703,0.001417,-65.1409
0.749,126.99,1.11379,22.109,0.00046208,-0.128973,-0.00121128,-2.9875e-06,-2.79381e-05,0.00931111,3965.57,3,0.0464812,0,0,-0.00662665,0.0066502,0.00125039,-0.00125259,4033.66,-37.559,-0.112693,-0.0013992,0.00659875,-65.0884,4030.81,-37.5324,-0.112613,-0.00140008,-0.00657954,-65.0877,4198.91,-39.0976,-0.11731,-0.00125724,-0.00136783,-65.1369,4201.5,-39.1217,-0.117382,-0.00125773,0.00140932,-65.1376
0.759,127.212,1.11622,22.1077,0.000434614,-0.121662,-0.00109361,1.26416e-05,-3.08098e-05,0.00929768,3965.44,3,0.0471803,0,0,-0.00664318,0.00666906,0.00125084,-0.0012532,4033.24,-37.5009,-0.124263,-0.00136878,0.00661577,-65.0862,4030.38,-37.4743,-0.124175,-0.00136936,-0.00659976,-65.0856,4199.11,-39.0431,-0.129374,-0.00125602,-0.00137028,-65.1334,4201.55,-39.0658,-0.129449,-0.00125637,0.00140767,-65.1341
0.769,127.433,1.11866,22.1064,0.000406815,-0.155172,-0.000267715,2.55842e-05,-3.36127e-05,0.00928416,3965.31,3,0.047859,0,0,-0.00665692,0.00668614,0.00125058,-0.0012531,4032.79,-37.4422,-0.135553,-0.00134424,0.00662901,-65.0841,4029.93,-37.4156,-0.135457,-0.00134486,-0.00661624,-65.0835,4199.79,-38.9927,-0.141166,-0.00123401,-0.00136725,-65.1293,4202.08,-39.0139,-0.141243,-0.00123436,0.00140076,-65.1301
0.779,127.654,1.1211,22.1052,0.000379412,-0.157604,-0.000350532,3.94309e-05,-3.63423e-05,0.00927056,3965.19,3,0.0485295,0,0,-0.00667747,0.00671116,0.00124972,-0.00125239,4032.31,-37.3828,-0.146543,-0.00132012,0.00664745,-65.0821,4029.46,-37.3564,-0.14644,-0.00131894,-0.00664031,-65.0816,4200.32,-38.9404,-0.152649,-0.00121546,-0.00136503,-65.125,4202.45,-38.9602,-0.152727,-0.00121576,0.00139445,-65.1258
0.789,127.875,1.12353,22.1039,0.000352863,-0.101176,-0.000108858,5.50348e-05,-3.89899e-05,0.00925689,3965.07,3,0.0492098,0,0,-0.00669868,0.0067358,0.00124966,-0.00125248,4031.91,-37.324,-0.157204,-0.00128675,0.00666795,-65.0801,4029.06,-37.2977,-0.157093,-0.0012875,-0.00666442,-65.0797,4200.5,-38.8847,-0.163777,-0.00127296,-0.00137442,-65.1206,4202.49,-38.9031,-0.163855,-0.00127337,0.0014,-65.1214
0.799,128.096,1.12597,22.1028,0.000326014,-0.0485338,-0.000515095,6.92938e-05,-4.15577e-05,0.00924317,3964.96,3,0.0498705,0,0,-0.00671897,0.00675745,0.00124889,-0.00125186,4031.46,-37.2645,-0.167538,-0.00125971,0.00668704,-65.0782,4028.64,-37.2384,-0.167421,-0.0012592,-0.00668595,-65.0779,4200.81,-38.8299,-0.174576,-0.00128322,-0.00137885,-65.1175,4202.68,-38.8471,-0.174654,-0.00128369,0.0014004,-65.1183
0.809,128.317,1.1284,22.1016,0.000297966,-0.066658,-0.00171636,8.0797e-05,-4.40631e-05,0.00922938,3964.85,3,0.0505206,0,0,-0.00673639,0.0067768,0.00124876,-0.00125189,4031.17,-37.2062,-0.177626,-0.0012257,0.00670691,-65.0764,4028.37,-37.1804,-0.177502,-0.00122381,-0.00671042,-65.0761,4201.16,-38.7752,-0.185116,-0.00127973,-0.00138226,-65.1149,4202.88,-38.7911,-0.185192,-0.00128009,0.00139973,-65.1158
0.819,128.538,1.13084,22.1004,0.000271229,-0.154799,0.00124271,9.3307e-05,-4.65163e-05,0.00921553,3964.74,3,0.0511475,0,0,-0.00674999,0.00679376,0.00124917,-0.00125243,4030.72,-37.1463,-0.187494,-0.00121502,0.00671528,-65.0745,4027.89,-37.1202,-0.187362,-0.00121542,-0.00672017,-65.0743,4201.76,-38.7226,-0.19545,-0.0012551,-0.00137567,-65.1118,4203.36,-38.7373,-0.195524,-0.0012554,0.0013898,-65.1127
0.829,128.759,1.13327,22.0993,0.000245377,-0.105561,0.00139875,0.000107957,-4.89142e-05,0.00920167,3964.63,3,0.0517698,0,0,-0.00677359,0.00682125,0.00124802,-0.00125141,4030.29,-37.0864,-0.197138,-0.00117884,0.00673979,-65.0728,4027.45,-37.0604,-0.197,-0.00117908,-0.00675037,-65.0727,4202.15,-38.6679,-0.205545,-0.0012661,-0.00137646,-65.1071,4203.61,-38.6813,-0.205616,-0.0012664,0.00138681,-65.1081
0.839,128.98,1.1357,22.0982,0.000219727,-0.100504,0.00161545,0.000120902,-5.12452e-05,0.00918777,3964.53,3,0.0523913,0,0,-0.00679597,0.00684603,0.00124754,-0.00125107,4029.95,-37.0273,-0.206515,-0.00115427,0.00676228,-65.0712,4027.15,-37.0015,-0.206372,-0.00115348,-0.00677671,-65.0711,4202.54,-38.613,-0.21536,-0.00122598,-0.0013766,-65.1051,4203.87,-38.6252,-0.215428,-0.00122625,0.00138316,-65.106
0.849,129.201,1.13814,22.0971,0.000193487,-0.0897345,0.00118691,0.000132402,-5.35131e-05,0.00917384,3964.44,3,0.0530166,0,0,-0.00681725,0.00686866,0.00124773,-0.00125139,4029.59,-36.9679,-0.215636,-0.00112552,0.00678383,-65.0696,4026.79,-36.9422,-0.215486,-0.00112451,-0.00680039,-65.0695,4202.7,-38.556,-0.224899,-0.00127791,-0.00138659,-65.1034,4203.9,-38.567,-0.224964,-0.00127819,0.00138944,-65.1044
0.859,129.422,1.14057,22.0961,0.000167457,-0.0589218,0.00126405,0.000143614,-5.57384e-05,0.00915989,3964.34,3,0.0536264,0,0,-0.00683399,0.00688679,0.00124773,-0.00125152,4029.24,-36.9084,-0.224583,-0.00110386,0.0068085,-65.068,4026.44,-36.8828,-0.224427,-0.00110692,-0.00682722,-65.068,4203,-38.5001,-0.234268,-0.00126128,-0.00138998,-65.0984,4204.08,-38.51,-0.234329,-0.00126138,0.00138949,-65.0994
0.869,129.643,1.14301,22.0951,0.000141589,-0.0811863,0.00171784,0.000152752,-5.79282e-05,0.00914592,3964.25,3,0.0542085,0,0,-0.00685202,0.0069089,0.00124695,-0.00125085,4028.88,-36.8489,-0.233386,-0.00107103,0.00682118,-65.0665,4026.06,-36.8231,-0.233223,-0.00107079,-0.00684405,-65.0666,4203.45,-38.4455,-0.243498,-0.00127425,-0.00138777,-65.0959,4204.4,-38.4542,-0.243553,-0.00127448,0.00138384,-65.097
0.879,129.864,1.14544,22.0941,0.000117431,-0.00795874,0.00212114,0.000164993,-6.00707e-05,0.00913196,3964.16,3,0.054802,0,0,-0.00687425,0.00693454,0.00124631,-0.00125033,4028.56,-36.7897,-0.241998,-0.00105299,0.00683959,-65.065,4025.73,-36.7638,-0.241828,-0.00105373,-0.00686624,-65.0652,4203.69,-38.389,-0.252518,-0.00130514,-0.00139189,-65.092,4204.51,-38.3965,-0.252568,-0.00130541,0.00138472,-65.0931
0.889,130.085,1.14787,22.0931,9.2833e-05,-0.137734,0.00256363,0.0001755,-6.21571e-05,0.009118,3964.08,3,0.0553566,0,0,-0.00689797,0.00696048,0.00124671,-0.00125086,4028.16,-36.7298,-0.250379,-0.00102962,0.00686159,-65.0637,4025.37,-36.7043,-0.250205,-0.00102963,-0.00689226,-65.0639,4204.34,-38.3362,-0.26133,-0.00123199,-0.00138293,-65.09,4205.05,-38.3427,-0.261374,-0.00123214,0.00137213,-65.0911
0.899,130.305,1.15031,22.0922,6.94547e-05,-0.112987,0.00349615,0.000187899,-6.41938e-05,0.00910404,3964,3,0.0559274,0,0,-0.00691863,0.00698163,0.00124625,-0.00125051,4027.87,-36.6709,-0.258565,-0.00100729,0.00688172,-65.0623,4025.07,-36.6455,-0.258385,-0.0010073,-0.00691356,-65.0625,4204.66,-38.2805,-0.269913,-0.00126616,-0.00138657,-65.0862,4205.25,-38.2858,-0.269951,-0.00126637,0.00137252,-65.0873
0.909,130.526,1.15274,22.0913,4.49805e-05,-0.084526,0.00276618,0.000195684,-6.61976e-05,0.00909009,3963.92,3,0.0564882,0,0,-0.0069363,0.00700173,0.00124558,-0.00124996,4027.51,-36.6114,-0.266611,-0.000980753,0.00689834,-65.061,4024.71,-36.5859,-0.266426,-0.000979295,-0.00693355,-65.0613,4204.96,-38.2245,-0.278358,-0.00127561,-0.00139092,-65.0842,4205.43,-38.2288,-0.27839,-0.00127578,0.00137361,-65.0853
0.919,130.747,1.15518,22.0904,2.16072e-05,-0.0158836,0.00269993,0.000205229,-6.81734e-05,0.00907614,3963.84,3,0.0570536,0,0,-0.00695481,0.00702333,0.00124545,-0.00124993,4027.24,-36.5528,-0.274551,-0.000954507,0.00692104,-65.0597,4024.43,-36.5272,-0.274359,-0.000954797,-0.00695932,-65.0601,4205.06,-38.1668,-0.286673,-0.00130187,-0.00139848,-65.0825,4205.41,-38.17,-0.286697,-0.00130199,0.00137822,-65.0837
0.929,130.968,1.15761,22.0895,-1.09102e-06,-0.0872823,0.00347181,0.000214711,-7.01098e-05,0.00906222,3963.78,3,0.0575816,0,0,-0.00697734,0.00704888,0.0012451,-0.0012497,4026.82,-36.493,-0.28232,-0.000939224,0.00694054,-65.0586,4024.02,-36.4676,-0.282123,-0.000938503,-0.00698273,-65.059,4205.69,-38.1139,-0.29486,-0.00126379,-0.00139168,-65.0792,4205.92,-38.1161,-0.294876,-0.00126403,0.00136826,-65.0803
0.939,131.189,1.16005,22.0886,-2.29536e-05,-0.12349,0.00353558,0.000225611,-7.19996e-05,0.00904834,3963.71,3,0.0581119,0,0,-0.00700199,0.00707522,0.00124557,-0.00125027,4026.53,-36.4344,-0.289908,-0.000916979,0.00696121,-65.0575,4023.74,-36.4091,-0.289707,-0.000915423,-0.00700761,-65.0579,4206.02,-38.0585,-0.302832,-0.00125245,-0.00139008,-65.0765,4206.15,-38.0597,-0.302841,-0.00125257,0.00136335,-65.0777
0.949,131.41,1.16248,22.0879,-4.5199e-05,-0.038426,0.00269106,0.000234191,-7.3854e-05,0.00903447,3963.64,3,0.0586468,0,0,-0.00702169,0.00709515,0.00124496,-0.00124976,4026.22,-36.3757,-0.297352,-0.000891315,0.00698237,-65.0564,4023.43,-36.3506,-0.297146,-0.000890464,-0.00702952,-65.0568,4206.16,-38.0014,-0.310641,-0.00130675,-0.00139889,-65.0748,4206.18,-38.0016,-0.310643,-0.00130684,0.00136919,-65.076
0.959,131.631,1.16492,22.0871,-6.72788e-05,-0.11875,0.00495629,0.000241706,-7.56867e-05,0.00902062,3963.58,3,0.0591397,0,0,-0.00703953,0.00711571,0.00124346,-0.00124837,4025.91,-36.3172,-0.304708,-0.000876268,0.00700043,-65.0552,4023.07,-36.2916,-0.304493,-0.00087759,-0.00704808,-65.0558,4206.84,-37.9493,-0.318402,-0.00122502,-0.00138459,-65.0723,4206.74,-37.9484,-0.318394,-0.00122516,0.00135246,-65.0735
0.969,131.852,1.16735,22.0862,-8.84666e-05,-0.102245,0.00436734,0.000250007,-7.74998e-05,0.00900682,3963.51,3,0.0596668,0,0,-0.00705822,0.00713751,0.0012443,-0.00124931,4025.56,-36.2585,-0.31198,-0.000848635,0.00701838,-65.0542,4022.74,-36.233,-0.311761,-0.000848299,-0.00707164,-65.0548,4206.94,-37.8922,-0.326037,-0.00126389,-0.00139354,-65.0705,4206.73,-37.8902,-0.32602,-0.00126397,0.00135839,-65.0717
0.979,132.073,1.16979,22.0855,-0.00010831,-0.0881155,0.00485969,0.000260312,-7.9278e-05,0.00899307,3963.46,3,0.0601721,0,0,-0.00708188,0.0071635,0.0012439,-0.001249,4025.23,-36.2002,-0.319113,-0.000832212,0.0070415,-65.0533,4022.4,-36.1747,-0.318888,-0.000830207,-0.00709803,-65.054,4207.24,-37.837,-0.333542,-0.00125862,-0.00139622,-65.0688,4206.92,-37.8341,-0.333516,-0.00125907,0.0013582,-65.07
0.989,132.293,1.17222,22.0848,-0.000128283,-0.0785419,0.00494787,0.000269547,-8.10152e-05,0.00897936,3963.41,3,0.0606707,0,0,-0.00710482,0.00718754,0.00124361,-0.00124881,4025.04,-36.1433,-0.326089,-0.000807382,0.00706306,-65.0525,4022.26,-36.1183,-0.325864,-0.000806347,-0.00712141,-65.0531,4207.53,-37.7819,-0.340874,-0.00124554,-0.00139679,-65.0661,4207.1,-37.7781,-0.340839,-0.00124571,0.00135601,-65.0674
0.999,132.514,1.17466,22.0841,-0.000148481,-0.0500762,0.00434726,0.000277417,-8.27236e-05,0.0089657,3963.35,3,0.06116,0,0,-0.00712454,0.0072084,0.00124327,-0.00124857,4024.74,-36.0856,-0.332941,-0.000785924,0.00708382,-65.0516,4021.93,-36.0604,-0.332709,-0.000786267,-0.00714469,-65.0522,4207.81,-37.7269,-0.348085,-0.00127416,-0.00140017,-65.0629,4207.27,-37.7221,-0.34804,-0.00127412,0.00135663,-65.0642
1.009,132.735,1.1771,22.0834,-0.000167846,-0.097567,0.0058177,0.00028589,-8.44189e-05,0.00895207,3963.3,3,0.0616386,0,0,-0.00714098,0.00722619,0.00124389,-0.00124929,4024.47,-36.0284,-0.339742,-0.000767376,0.00710192,-65.0507,4021.65,-36.003,-0.339503,-0.000767152,-0.00716484,-65.0514,4208.09,-37.6722,-0.355243,-0.00126875,-0.0013996,-65.0615,4207.45,-37.6664,-0.355188,-0.00126872,0.00135353,-65.0628
1.019,132.956,1.17953,22.0827,-0.000187334,-0.0633708,0.00527851,0.000292405,-8.60943e-05,0.00893851,3963.25,3,0.0621107,0,0,-0.00716297,0.00725188,0.00124294,-0.00124842,4024.19,-35.9712,-0.34646,-0.000745479,0.00712272,-65.0499,4021.35,-35.9458,-0.346215,-0.000744901,-0.00718932,-65.0507,4208.37,-37.6176,-0.362317,-0.00126348,-0.00139973,-65.0598,4207.62,-37.6108,-0.362252,-0.00126353,0.00135116,-65.0611
1.029,133.177,1.18197,22.0821,-0.000205244,-0.0394405,0.00552735,0.000301552,-8.77376e-05,0.00892501,3963.21,3,0.062584,0,0,-0.00718642,0.00727773,0.00124286,-0.00124844,4023.89,-35.9142,-0.353046,-0.000731202,0.0071433,-65.0492,4021.06,-35.8889,-0.352798,-0.000728939,-0.00721314,-65.0501,4208.64,-37.5632,-0.369256,-0.00125538,-0.00140179,-65.058,4207.78,-37.5555,-0.369181,-0.00125556,0.00135064,-65.0593
1.039,133.398,1.18441,22.0814,-0.000223381,-0.0648461,0.00551706,0.000309966,-8.93432e-05,0.00891157,3963.17,3,0.063032,0,0,-0.00720924,0.00730091,0.00124251,-0.00124818,4023.66,-35.8581,-0.359487,-0.000708016,0.00716776,-65.0486,4020.84,-35.833,-0.359235,-0.000706955,-0.00723929,-65.0494,4209.02,-37.5099,-0.376047,-0.00125529,-0.0013998,-65.0564,4208.06,-37.5014,-0.375962,-0.00125534,0.00134605,-65.0578
1.049,133.618,1.18685,22.0809,-0.00024191,-0.0195645,0.00424732,0.000316383,-9.09292e-05,0.00889819,3963.13,3,0.0634938,0,0,-0.00722859,0.00732053,0.0012428,-0.00124857,4023.41,-35.802,-0.365845,-0.000687051,0.0071867,-65.0479,4020.59,-35.7769,-0.365589,-0.000685055,-0.0072599,-65.0487,4209.14,-37.4547,-0.382734,-0.00128064,-0.00140662,-65.0542,4208.09,-37.4454,-0.382638,-0.00128067,0.00135022,-65.0556
1.059,133.839,1.18929,22.0803,-0.000259798,-0.0930902,0.00612011,0.000322663,-9.25057e-05,0.00888486,3963.09,3,0.0639162,0,0,-0.00724537,0.00734017,0.00124235,-0.0012482,4023.11,-35.7457,-0.37216,-0.000663164,0.00720398,-65.0472,4020.24,-35.7202,-0.371895,-0.000662081,-0.00727895,-65.0481,4209.71,-37.4037,-0.389422,-0.00121665,-0.0013964,-65.0529,4208.55,-37.3933,-0.389314,-0.00121677,0.00133793,-65.0543
1.069,134.06,1.19173,22.0797,-0.000276828,-0.0765705,0.00620176,0.000329724,-9.40674e-05,0.00887161,3963.05,3,0.0643699,0,0,-0.00726622,0.00736437,0.00124227,-0.0012482,4022.86,-35.6902,-0.37842,-0.00065813,0.00722211,-65.0467,4020,-35.6648,-0.378151,-0.000656475,-0.00730115,-65.0476,4209.81,-37.3488,-0.396006,-0.00126598,-0.0014021,-65.0504,4208.54,-37.3375,-0.395886,-0.00126598,0.00134131,-65.0518
1.079,134.281,1.19417,22.0792,-0.000292212,0.13497,0.00639699,0.000339662,-9.55986e-05,0.00885843,3963.02,3,0.064839,0,0,-0.00729041,0.0073902,0.00124147,-0.00124748,4022.61,-35.6349,-0.384556,-0.000642932,0.00724525,-65.0462,4019.7,-35.6092,-0.384278,-0.000642693,-0.00732486,-65.0471,4209.63,-37.2917,-0.402435,-0.00136695,-0.001423,-65.0488,4208.27,-37.2796,-0.402305,-0.00136679,0.00136016,-65.0502
1.089,134.501,1.19661,22.0786,-0.000309034,0.0250701,0.00567617,0.000346472,-9.70979e-05,0.00884534,3963,3,0.0652472,0,0,-0.00731259,0.00741272,0.00124154,-0.00124764,4022.32,-35.5797,-0.390559,-0.000619891,0.00726349,-65.0457,4019.47,-35.5545,-0.390283,-0.000617522,-0.00734643,-65.0467,4210.14,-37.2411,-0.408796,-0.00129946,-0.00141341,-65.0475,4208.69,-37.2283,-0.408655,-0.00129938,0.00134786,-65.0489
1.099,134.722,1.19905,22.0781,-0.000326384,-0.0601028,0.00665346,0.000350988,-9.85789e-05,0.0088323,3962.97,3,0.065639,0,0,-0.00733005,0.00743153,0.00124132,-0.0012475,4022.21,-35.5263,-0.396505,-0.00059774,0.00728891,-65.0452,4019.32,-35.5007,-0.39622,-0.000598847,-0.0073714,-65.0462,4210.73,-37.1914,-0.415089,-0.00124157,-0.00140166,-65.047,4209.19,-37.1778,-0.414937,-0.00124149,0.00133425,-65.0484
1.109,134.943,1.20149,22.0776,-0.000341899,-0.0677219,0.00735155,0.000358189,-0.000100054,0.00881934,3962.94,3,0.0660484,0,0,-0.00734889,0.00745265,0.00124077,-0.00124704,4021.88,-35.4713,-0.402406,-0.000587477,0.00730069,-65.0447,4018.99,-35.4458,-0.402117,-0.000586745,-0.00738694,-65.0458,4210.99,-37.1391,-0.421327,-0.00123124,-0.0014009,-65.0454,4209.34,-37.1245,-0.421162,-0.00123127,0.00133135,-65.0468
1.119,135.164,1.20393,22.0771,-0.000357284,0.00621549,0.00625469,0.00036454,-0.00010151,0.00880646,3962.92,3,0.0664777,0,0,-0.00736922,0.00747608,0.00124053,-0.00124688,4021.67,-35.4175,-0.408241,-0.00056594,0.00731693,-65.0444,4018.78,-35.3921,-0.407948,-0.000565474,-0.00740808,-65.0455,4211.01,-37.0851,-0.427462,-0.00130521,-0.00141155,-65.0445,4209.27,-37.0697,-0.427285,-0.00130511,0.00133979,-65.0459
1.129,135.385,1.20637,22.0767,-0.00037184,-0.0644537,0.00694977,0.000373023,-0.000102934,0.00879367,3962.9,3,0.0668545,0,0,-0.0073923,0.00749993,0.0012404,-0.00124683,4021.48,-35.3645,-0.413948,-0.000546967,0.00734969,-65.0441,4018.63,-35.3394,-0.413654,-0.000545397,-0.00744306,-65.0452,4211.58,-37.0362,-0.433515,-0.00124,-0.00140299,-65.0412,4209.74,-37.02,-0.433326,-0.00123997,0.00132889,-65.0426
1.139,135.605,1.20882,22.0762,-0.000386524,-0.055184,0.00766162,0.000380737,-0.00010433,0.00878095,3962.88,3,0.0672553,0,0,-0.00741281,0.00752091,0.00124059,-0.00124709,4021.32,-35.3119,-0.419542,-0.000527469,0.00737021,-65.0438,4018.44,-35.2867,-0.419242,-0.000527289,-0.00746332,-65.0449,4211.7,-36.9837,-0.439405,-0.0012395,-0.00140209,-65.0407,4209.78,-36.9669,-0.439205,-0.00123944,0.0013261,-65.0422
1.149,135.826,1.21126,22.0757,-0.000400648,-0.128167,0.0100561,0.000388759,-0.000105716,0.00876831,3962.86,3,0.0676376,0,0,-0.00742992,0.00753804,0.00124103,-0.0012476,4021.05,-35.2587,-0.425087,-0.000514506,0.00738741,-65.0434,4018.13,-35.2332,-0.42478,-0.00051483,-0.00748141,-65.0446,4212.02,-36.9333,-0.445277,-0.00125773,-0.00140654,-65.0397,4210.01,-36.9157,-0.445064,-0.00125754,0.00132871,-65.0412
1.159,136.047,1.2137,22.0754,-0.000416487,-0.00857226,0.00727307,0.00039105,-0.000107094,0.00875575,3962.84,3,0.0680319,0,0,-0.00744739,0.0075591,0.00124016,-0.00124681,4020.86,-35.2066,-0.430612,-0.000497899,0.00740389,-65.0432,4017.95,-35.181,-0.4303,-0.000496831,-0.00750118,-65.0444,4212.06,-36.8807,-0.451089,-0.00129461,-0.00141322,-65.0381,4209.96,-36.8623,-0.450863,-0.00129439,0.00133329,-65.0396
1.169,136.268,1.21615,22.075,-0.00043002,-0.0955041,0.00819004,0.000398667,-0.000108456,0.00874328,3962.83,3,0.0683831,0,0,-0.00746955,0.00758391,0.00123964,-0.00124637,4020.56,-35.1538,-0.436052,-0.000482523,0.00742083,-65.043,4017.68,-35.1286,-0.435739,-0.00048055,-0.00752299,-65.0443,4212.62,-36.8331,-0.456883,-0.00122119,-0.00140111,-65.0379,4210.43,-36.8139,-0.456644,-0.00122122,0.0013191,-65.0394
1.179,136.488,1.2186,22.0746,-0.000443278,-0.0180446,0.00817741,0.000405565,-0.000109783,0.0087309,3962.82,3,0.0687808,0,0,-0.00749308,0.00760868,0.00124011,-0.00124691,4020.35,-35.1022,-0.441366,-0.000467139,0.00744426,-65.0429,4017.45,-35.0769,-0.441047,-0.000467217,-0.00754627,-65.0441,4212.57,-36.7805,-0.462469,-0.00125896,-0.00141081,-65.0353,4210.29,-36.7606,-0.462218,-0.00125886,0.00132702,-65.0368
1.189,136.709,1.22104,22.0742,-0.000456598,-0.0788448,0.00910526,0.000413107,-0.000111084,0.00871861,3962.82,3,0.0691299,0,0,-0.00751237,0.00762764,0.00123981,-0.00124669,4020.28,-35.0521,-0.44659,-0.000447332,0.00747039,-65.0428,4017.36,-35.0267,-0.446267,-0.000447686,-0.00757319,-65.044,4212.94,-36.7319,-0.467993,-0.00124785,-0.00140749,-65.0364,4210.58,-36.7114,-0.46773,-0.00124767,0.00132175,-65.0379
1.199,136.93,1.22349,22.0739,-0.000471087,-0.00295499,0.00698706,0.000416187,-0.000112378,0.0087064,3962.8,3,0.0695025,0,0,-0.00752827,0.00764482,0.0012394,-0.00124635,4020.04,-35.001,-0.451764,-0.000432101,0.00748411,-65.0426,4017.13,-34.9756,-0.451437,-0.000430182,-0.00758949,-65.0439,4212.96,-36.6807,-0.473444,-0.00128686,-0.00141701,-65.035,4210.52,-36.6594,-0.473169,-0.00128659,0.0013292,-65.0364
1.209,137.151,1.22594,22.0736,-0.000484146,-0.0574942,0.00856892,0.000422082,-0.000113663,0.00869428,3962.8,3,0.0698321,0,0,-0.00754622,0.00766561,0.00123894,-0.00124596,4019.76,-34.9498,-0.4569,-0.000416606,0.00749818,-65.0425,4016.82,-34.9243,-0.456566,-0.000414574,-0.00760576,-65.0439,4213.46,-36.6339,-0.478916,-0.00122014,-0.00140625,-65.0328,4210.93,-36.6119,-0.478629,-0.00122023,0.00131689,-65.0343
1.219,137.371,1.22839,22.0733,-0.000496634,-0.00575042,0.00869376,0.000428367,-0.00011493,0.00868226,3962.8,3,0.0702022,0,0,-0.0075673,0.00768911,0.00123889,-0.00124598,4019.6,-34.9,-0.461972,-0.000407401,0.00751994,-65.0424,4016.65,-34.8745,-0.461633,-0.000406485,-0.00762941,-65.0438,4213.47,-36.5833,-0.484253,-0.00128144,-0.00141752,-65.0323,4210.85,-36.5606,-0.483953,-0.00128127,0.00132646,-65.0338
1.229,137.592,1.23084,22.0729,-0.000508905,-0.0552409,0.00864125,0.000435457,-0.000116165,0.00867033,3962.8,3,0.0705289,0,0,-0.00758897,0.00771124,0.0012387,-0.00124586,4019.45,-34.8508,-0.46692,-0.000391308,0.00754324,-65.0425,4016.53,-34.8255,-0.466581,-0.000389676,-0.00765521,-65.0438,4213.83,-36.5362,-0.489501,-0.00125299,-0.0014103,-65.0309,4211.13,-36.5129,-0.489188,-0.00125288,0.00131722,-65.0324
1.239,137.813,1.23329,22.0727,-0.000521287,-0.0174915,0.00877836,0.000441769,-0.00011738,0.0086585,3962.8,3,0.0708753,0,0,-0.00760767,0.00773019,0.00123853,-0.00124576,4019.27,-34.8017,-0.471783,-0.000376514,0.0075605,-65.0425,4016.33,-34.7763,-0.471438,-0.000375626,-0.00767259,-65.0439,4213.95,-36.4874,-0.494635,-0.00126284,-0.00141546,-65.0303,4211.18,-36.4635,-0.49431,-0.00126264,0.00132065,-65.0319
1.249,138.033,1.23574,22.0724,-0.000534205,-0.0368245,0.00895276,0.00044517,-0.000118589,0.00864676,3962.8,3,0.0711996,0,0,-0.00762383,0.00774793,0.00123806,-0.00124536,4019.12,-34.7532,-0.476623,-0.000359772,0.00758237,-65.0424,4016.16,-34.7277,-0.476272,-0.00035694,-0.00769616,-65.0439,4214.21,-36.4402,-0.499759,-0.00126735,-0.00141545,-65.0297,4211.37,-36.4156,-0.499421,-0.00126715,0.00131897,-65.0312
1.259,138.254,1.23819,22.0721,-0.000546337,-0.0551049,0.00934093,0.000450583,-0.000119789,0.0086351,3962.8,3,0.0715177,0,0,-0.00764062,0.00776729,0.00123843,-0.00124578,4018.85,-34.704,-0.481414,-0.000350081,0.00759096,-65.0424,4015.88,-34.6784,-0.481059,-0.000348437,-0.00770765,-65.044,4214.49,-36.3935,-0.50485,-0.00122822,-0.0014108,-65.0294,4211.56,-36.3681,-0.504499,-0.00122821,0.00131276,-65.031
1.269,138.475,1.24064,22.0719,-0.000557722,-0.0498561,0.00908966,0.000456422,-0.000120967,0.00862356,3962.81,3,0.0718347,0,0,-0.00766331,0.00779172,0.0012379,-0.00124532,4018.69,-34.6562,-0.486128,-0.000337074,0.00761428,-65.0426,4015.75,-34.6309,-0.485773,-0.000334587,-0.00773444,-65.0441,4214.76,-36.3472,-0.509847,-0.00122575,-0.00140823,-65.0284,4211.75,-36.3212,-0.509483,-0.00122572,0.00130836,-65.03
1.279,138.696,1.2431,22.0717,-0.000568661,0.0238784,0.00908615,0.000463892,-0.000122114,0.00861211,3962.82,3,0.0721721,0,0,-0.00768447,0.00781326,0.00123799,-0.00124548,4018.5,-34.6086,-0.490715,-0.000326446,0.00763486,-65.0428,4015.56,-34.5832,-0.490356,-0.00032496,-0.00775493,-65.0443,4214.68,-36.2982,-0.514672,-0.0012947,-0.00142083,-65.0279,4211.6,-36.2717,-0.514296,-0.00129443,0.00131932,-65.0295
1.289,138.916,1.24555,22.0714,-0.000579407,-0.108879,0.011862,0.000471603,-0.000123245,0.00860075,3962.82,3,0.072468,0,0,-0.00770253,0.00782988,0.00123889,-0.00124643,4018.43,-34.5623,-0.49525,-0.000308643,0.00765645,-65.0429,4015.46,-34.5368,-0.494885,-0.000308116,-0.00777655,-65.0444,4215.08,-36.2538,-0.519487,-0.00126861,-0.00141501,-65.0261,4211.93,-36.2267,-0.519099,-0.00126835,0.00131199,-65.0277
1.299,139.137,1.24801,22.0713,-0.000592749,-0.00532108,0.0089802,0.000471638,-0.000124369,0.00858947,3962.83,3,0.0727784,0,0,-0.00771604,0.00784668,0.00123758,-0.0012452,4018.2,-34.5151,-0.499739,-0.000297831,0.00767056,-65.043,4015.23,-34.4896,-0.49937,-0.000295839,-0.00779274,-65.0446,4215.21,-36.2073,-0.524241,-0.00128245,-0.0014181,-65.0256,4211.99,-36.1797,-0.523841,-0.00128219,0.00131353,-65.0272
1.309,139.358,1.25046,22.071,-0.00060375,-0.0455131,0.00959157,0.000476673,-0.000125485,0.00857828,3962.84,3,0.0730747,0,0,-0.00773371,0.00786695,0.0012375,-0.00124518,4017.96,-34.468,-0.504196,-0.000293893,0.00768492,-65.0432,4014.99,-34.4426,-0.503823,-0.000291053,-0.00781019,-65.0448,4215.46,-36.1623,-0.528978,-0.00123923,-0.00141464,-65.0263,4212.16,-36.1339,-0.528564,-0.0012392,0.0013085,-65.0279
1.319,139.578,1.25292,22.0709,-0.000613644,-0.0733506,0.0102027,0.000483645,-0.000126576,0.00856721,3962.86,3,0.073354,0,0,-0.00775451,0.00788907,0.00123691,-0.00124465,4017.88,-34.4229,-0.508568,-0.000273421,0.00770947,-65.0435,4014.95,-34.3977,-0.508196,-0.000268626,-0.00783754,-65.0451,4215.87,-36.1191,-0.533628,-0.00120614,-0.0014077,-65.0254,4212.5,-36.0902,-0.533201,-0.00120624,0.00129983,-65.027
1.329,139.799,1.25538,22.0707,-0.000624315,0.0211752,0.00928664,0.00048937,-0.000127635,0.00855623,3962.88,3,0.0736649,0,0,-0.00777344,0.00790831,0.00123781,-0.00124561,4017.72,-34.3774,-0.512802,-0.000260228,0.0077281,-65.0438,4014.71,-34.3516,-0.512418,-0.000258591,-0.00785611,-65.0454,4215.8,-36.0722,-0.538083,-0.00125685,-0.0014184,-65.0251,4212.37,-36.0429,-0.537645,-0.00125671,0.00130911,-65.0267
1.339,140.02,1.25784,22.0706,-0.000635386,0.0118285,0.00872541,0.0004937,-0.000128684,0.00854536,3962.89,3,0.0739614,0,0,-0.00779102,0.00792551,0.00123731,-0.00124516,4017.57,-34.3324,-0.516997,-0.000245069,0.00774259,-65.044,4014.63,-34.3073,-0.516618,-0.000242787,-0.00787245,-65.0457,4215.81,-36.0265,-0.542507,-0.00129074,-0.00142483,-65.0244,4212.31,-35.9966,-0.542057,-0.00129031,0.00131381,-65.026
1.349,140.241,1.2603,22.0704,-0.000646474,-0.0460409,0.0101649,0.000496686,-0.00012973,0.00853456,3962.9,3,0.0742177,0,0,-0.00780449,0.00794118,0.00123704,-0.00124496,4017.39,-34.2875,-0.521177,-0.000228526,0.00775743,-65.0442,4014.39,-34.2619,-0.520788,-0.000225122,-0.00788724,-65.046,4216.28,-35.985,-0.54698,-0.00120771,-0.00141265,-65.0234,4212.71,-35.9545,-0.546516,-0.00120799,0.00130053,-65.0251
1.359,140.461,1.26276,22.0703,-0.000656567,-0.0413867,0.0104183,0.000501167,-0.000130767,0.00852388,3962.92,3,0.0744964,0,0,-0.00782298,0.00796272,0.00123664,-0.0012446,4017.21,-34.243,-0.525318,-0.000222079,0.00777382,-65.0446,4014.22,-34.2175,-0.524927,-0.000220441,-0.00790695,-65.0464,4216.44,-35.9413,-0.551371,-0.00123603,-0.00141562,-65.0235,4212.8,-35.9102,-0.550895,-0.00123593,0.00130213,-65.0251
1.369,140.682,1.26523,22.0702,-0.000665388,0.0351018,0.0105309,0.00050939,-0.000131777,0.0085133,3962.95,3,0.0747846,0,0,-0.00784339,0.007984,0.0012365,-0.00124452,4017.08,-34.1994,-0.529358,-0.000215701,0.00779401,-65.045,4014.08,-34.1739,-0.528963,-0.000214541,-0.00792887,-65.0467,4216.44,-35.8967,-0.555629,-0.00129113,-0.00142287,-65.0231,4212.74,-35.8651,-0.555141,-0.00129076,0.00130791,-65.0247
1.379,140.903,1.26769,22.0701,-0.000675509,0.0807881,0.00899247,0.000513111,-0.000132755,0.00850282,3962.97,3,0.0750656,0,0,-0.00786178,0.00800222,0.00123639,-0.00124447,4016.9,-34.1558,-0.533265,-0.0002054,0.00781085,-65.0454,4013.93,-34.1305,-0.532871,-0.000202034,-0.00794635,-65.0471,4216.47,-35.8527,-0.559758,-0.00129974,-0.00142918,-65.0222,4212.7,-35.8207,-0.559259,-0.00129936,0.00131248,-65.0239
1.389,141.123,1.27015,22.07,-0.000685463,-0.0149764,0.0108014,0.000518492,-0.000133724,0.00849243,3962.99,3,0.0753131,0,0,-0.00787704,0.00801759,0.00123593,-0.00124407,4016.86,-34.1137,-0.53715,-0.000189045,0.00783007,-65.0457,4013.87,-34.0883,-0.53675,-0.000187895,-0.00796579,-65.0475,4216.87,-35.8123,-0.563896,-0.00126347,-0.00141977,-65.0225,4213.05,-35.7799,-0.563385,-0.0012632,0.00130195,-65.0242
1.399,141.344,1.27262,22.0699,-0.000695801,-0.00681577,0.0106188,0.000520941,-0.00013469,0.00848214,3963.02,3,0.0755697,0,0,-0.00789106,0.00803382,0.00123617,-0.00124436,4016.67,-34.0708,-0.541006,-0.000176083,0.00784178,-65.0461,4013.67,-34.0453,-0.540601,-0.000174325,-0.00797918,-65.0479,4217.01,-35.7701,-0.567989,-0.00127828,-0.001421,-65.0227,4213.12,-35.7372,-0.567466,-0.00127791,0.00130189,-65.0243
1.409,141.565,1.27509,22.0698,-0.000705115,-0.00936796,0.010578,0.00052559,-0.000135643,0.00847195,3963.04,3,0.075825,0,0,-0.00790911,0.00805411,0.00123586,-0.0012441,4016.49,-34.0283,-0.544807,-0.000179808,0.00785653,-65.0466,4013.5,-34.0029,-0.544401,-0.000175669,-0.00799716,-65.0485,4217.25,-35.7291,-0.572038,-0.00126031,-0.00142135,-65.0239,4213.3,-35.6957,-0.571502,-0.00126023,0.0013008,-65.0256
1.419,141.785,1.27755,22.0698,-0.000713569,0.0737205,0.010712,0.000532485,-0.000136568,0.00846187,3963.07,3,0.0760898,0,0,-0.00792772,0.00807341,0.00123547,-0.00124377,4016.36,-33.9867,-0.548504,-0.000162129,0.00787724,-65.0471,4013.35,-33.9613,-0.548093,-0.000160338,-0.00801834,-65.0489,4217.15,-35.6858,-0.575925,-0.00129797,-0.00142929,-65.0229,4213.14,-35.6519,-0.575378,-0.00129765,0.00130754,-65.0246
1.429,142.006,1.28002,22.0697,-0.000722525,-0.110661,0.0131314,0.000537344,-0.000137469,0.00845189,3963.1,3,0.0762956,0,0,-0.00794734,0.00809252,0.00123616,-0.0012445,4016.34,-33.9465,-0.552123,-0.000139201,0.00790419,-65.0476,4013.33,-33.921,-0.551709,-0.00013768,-0.00804444,-65.0494,4217.79,-35.6491,-0.579815,-0.00120363,-0.00141145,-65.0226,4213.73,-35.6149,-0.579258,-0.00120377,0.00128844,-65.0243
1.439,142.227,1.28249,22.0697,-0.000733433,0.119445,0.00808449,0.000537468,-0.000138364,0.00844201,3963.13,3,0.0765869,0,0,-0.00795941,0.00810571,0.0012355,-0.00124392,4016.16,-33.9053,-0.555694,-0.000138427,0.00791167,-65.048,4013.2,-33.8803,-0.555284,-0.000135877,-0.00805437,-65.0499,4217.31,-35.6034,-0.583526,-0.00134517,-0.00143498,-65.0231,4213.2,-35.5687,-0.582957,-0.00134422,0.00131027,-65.0247
1.449,142.448,1.28496,22.0697,-0.000742072,0.0254265,0.0107917,0.000542489,-0.000139259,0.00843221,3963.16,3,0.0767986,0,0,-0.0079732,0.00812138,0.00123596,-0.00124439,4016.08,-33.8652,-0.559276,-0.00012387,0.00792683,-65.0485,4013.06,-33.8398,-0.558856,-0.00012167,-0.00807099,-65.0505,4217.81,-35.5663,-0.58737,-0.0012688,-0.00142397,-65.0211,4213.63,-35.5311,-0.586788,-0.00126854,0.00129836,-65.0228
1.459,142.668,1.28743,22.0696,-0.000750457,-0.0105944,0.0113864,0.00054697,-0.00014014,0.00842252,3963.19,3,0.0770303,0,0,-0.00799101,0.00814162,0.00123587,-0.00124435,4015.9,-33.8248,-0.562787,-0.000120288,0.00794202,-65.0491,4012.89,-33.7995,-0.562365,-0.000117713,-0.00808903,-65.051,4218.03,-35.5273,-0.591114,-0.00126931,-0.00142131,-65.0215,4213.8,-35.4916,-0.59052,-0.001269,0.00129444,-65.0232
1.469,142.889,1.28991,22.0696,-0.000758592,-0.00352559,0.0114804,0.000552804,-0.00014099,0.00841294,3963.23,3,0.0772631,0,0,-0.00801133,0.00816239,0.00123546,-0.001244,4015.73,-33.7849,-0.566179,-0.00010832,0.00796136,-65.0497,4012.73,-33.7596,-0.565756,-0.000107117,-0.00810924,-65.0516,4218.12,-35.4876,-0.594713,-0.00127706,-0.00142416,-65.0212,4213.83,-35.4515,-0.594109,-0.00127667,0.00129602,-65.0229
1.479,143.11,1.29238,22.0696,-0.000767536,0.0289181,0.0106504,0.000555719,-0.000141818,0.00840344,3963.27,3,0.0774919,0,0,-0.00802527,0.00817594,0.00123499,-0.00124358,4015.69,-33.7464,-0.569498,-9.59473e-05,0.00797805,-65.0503,4012.7,-33.7213,-0.569074,-9.38371e-05,-0.00812563,-65.0522,4218.22,-35.4484,-0.59822,-0.00129524,-0.0014268,-65.0219,4213.89,-35.412,-0.597606,-0.00129472,0.00129733,-65.0236
1.489,143.33,1.29486,22.0696,-0.000776289,0.049931,0.0102854,0.000560108,-0.000142643,0.00839403,3963.3,3,0.0777246,0,0,-0.00803876,0.00818959,0.00123532,-0.00124395,4015.61,-33.7079,-0.572797,-8.65027e-05,0.00799262,-65.0508,4012.62,-33.6829,-0.572371,-8.43956e-05,-0.00814188,-65.0528,4218.24,-35.4088,-0.601701,-0.00130781,-0.00143282,-65.0221,4213.86,-35.3721,-0.601076,-0.00130708,0.00130207,-65.0238
1.499,143.551,1.29733,22.0696,-0.000785181,-0.0978737,0.0123833,0.000561948,-0.000143466,0.00838472,3963.34,3,0.0779051,0,0,-0.00805151,0.00820499,0.00123519,-0.00124386,4015.33,-33.6682,-0.576065,-7.10976e-05,0.0080034,-65.0514,4012.3,-33.6428,-0.57563,-6.89138e-05,-0.00815412,-65.0534,4218.83,-35.3746,-0.605261,-0.00122874,-0.00141551,-65.022,4214.39,-35.3373,-0.604623,-0.00122862,0.00128397,-65.0237
1.509,143.772,1.29981,22.0697,-0.000792009,0.034057,0.0118208,0.000569414,-0.000144273,0.00837551,3963.38,3,0.0781427,0,0,-0.00807006,0.00822492,0.00123444,-0.00124316,4015.27,-33.6308,-0.579295,-7.04255e-05,0.00801935,-65.052,4012.26,-33.6055,-0.57886,-6.84159e-05,-0.00817348,-65.0541,4218.68,-35.3344,-0.60864,-0.00127131,-0.00142242,-65.0223,4214.18,-35.2968,-0.607992,-0.001271,0.00128962,-65.0241
1.519,143.992,1.30229,22.0698,-0.000799952,0.129857,0.0106655,0.000572265,-0.000145048,0.00836641,3963.42,3,0.0783878,0,0,-0.00808938,0.00824477,0.00123487,-0.00124364,4015.09,-33.5927,-0.58238,-7.20214e-05,0.00803362,-65.0527,4012.06,-33.5674,-0.581941,-6.70592e-05,-0.00818719,-65.0548,4218.48,-35.2943,-0.611881,-0.00132313,-0.00143943,-65.0218,4213.94,-35.2564,-0.611223,-0.00132268,0.00130529,-65.0235
1.529,144.213,1.30477,22.0698,-0.000808454,0.0108184,0.0114383,0.000575579,-0.000145806,0.0083574,3963.46,3,0.0785623,0,0,-0.00810232,0.00825731,0.00123467,-0.00124348,4015.2,-33.5575,-0.58544,-5.06437e-05,0.00805799,-65.0534,4012.22,-33.5325,-0.585005,-4.82669e-05,-0.00821132,-65.0554,4218.95,-35.2602,-0.615147,-0.00128416,-0.00142782,-65.0231,4214.37,-35.222,-0.61448,-0.00128378,0.00129257,-65.0249
1.539,144.434,1.30725,22.0698,-0.000816698,-0.0251964,0.0132461,0.000578091,-0.000146561,0.00834848,3963.49,3,0.0787574,0,0,-0.00811449,0.00827043,0.00123445,-0.00124331,4014.98,-33.5198,-0.588442,-4.66647e-05,0.00806617,-65.054,4011.93,-33.4943,-0.587994,-4.73777e-05,-0.00821761,-65.0561,4219.23,-35.2249,-0.618376,-0.00122798,-0.001422,-65.0239,4214.6,-35.1863,-0.617698,-0.00122779,0.00128618,-65.0257
1.549,144.654,1.30974,22.0698,-0.000825193,-0.146464,0.012959,0.000580137,-0.000147318,0.00833965,3963.53,3,0.0789423,0,0,-0.00812197,0.00828084,0.00123597,-0.00124485,4014.77,-33.4826,-0.591446,-2.91609e-05,0.00807687,-65.0547,4011.75,-33.4574,-0.591001,-2.63044e-05,-0.008234,-65.0568,4219.51,-35.19,-0.621607,-0.00120369,-0.00141664,-65.0226,4214.83,-35.151,-0.620918,-0.00120381,0.00127943,-65.0244
1.559,144.875,1.31222,22.07,-0.000831369,0.0634052,0.0123531,0.000587137,-0.000148053,0.00833094,3963.58,3,0.0791716,0,0,-0.00814535,0.00830494,0.00123407,-0.001243,4014.72,-33.4472,-0.594394,-2.63405e-05,0.00809602,-65.0555,4011.69,-33.4219,-0.593944,-2.6322e-05,-0.0082537,-65.0576,4219.25,-35.1512,-0.624675,-0.00131344,-0.00143233,-65.0218,4214.53,-35.1118,-0.623975,-0.00131278,0.00129418,-65.0236
1.569,145.096,1.3147,22.07,-0.000838471,-0.0341078,0.0129836,0.000591547,-0.000148761,0.00832232,3963.63,3,0.0793468,0,0,-0.00816291,0.00832221,0.00123416,-0.00124313,4014.67,-33.4121,-0.597226,-1.58613e-05,0.00811467,-65.0562,4011.67,-33.3872,-0.596781,-1.49757e-05,-0.00827295,-65.0583,4219.6,-35.1177,-0.627713,-0.00125863,-0.00142361,-65.0226,4214.84,-35.078,-0.627004,-0.00125831,0.00128424,-65.0244
1.579,145.317,1.31719,22.0701,-0.000845282,-0.0271485,0.0136221,0.000597111,-0.000149457,0.0083138,3963.67,3,0.0795492,0,0,-0.00817715,0.00833487,0.00123479,-0.00124379,4014.58,-33.3771,-0.600007,-8.19088e-06,0.00812659,-65.057,4011.58,-33.3522,-0.599559,-5.32209e-06,-0.00828566,-65.0591,4219.55,-35.0813,-0.630642,-0.00129584,-0.00143111,-65.0237,4214.75,-35.0413,-0.629924,-0.00129523,0.00129048,-65.0255
1.589,145.537,1.31968,22.0702,-0.000854579,0.033075,0.0115555,0.000595142,-0.000150155,0.00830535,3963.72,3,0.0797335,0,0,-0.00818665,0.00834694,0.0012342,-0.00124325,4014.5,-33.3426,-0.602796,-4.58365e-07,0.00814044,-65.0576,4011.47,-33.3175,-0.602342,1.75558e-06,-0.00830042,-65.0599,4219.7,-35.0469,-0.633608,-0.00127552,-0.00143009,-65.023,4214.85,-35.0066,-0.63288,-0.0012751,0.0012886,-65.0248
1.599,145.758,1.32217,22.0703,-0.000861609,-0.00889924,0.0124745,0.00059858,-0.00015085,0.00829701,3963.76,3,0.0799099,0,0,-0.00820033,0.00836274,0.00123384,-0.00124293,4014.3,-33.3074,-0.605559,-3.57813e-06,0.0081467,-65.0585,4011.28,-33.2824,-0.605103,-2.05305e-07,-0.00830925,-65.0607,4219.96,-35.0139,-0.636584,-0.00124132,-0.00142467,-65.0259,4215.06,-34.9732,-0.635844,-0.00124121,0.00128225,-65.0277
1.609,145.979,1.32466,22.0705,-0.000867976,0.0584651,0.0123609,0.000602306,-0.000151524,0.00828877,3963.81,3,0.080099,0,0,-0.00821864,0.008382,0.00123325,-0.00124238,4014.23,-33.2738,-0.608251,1.2956e-05,0.00816634,-65.0593,4011.2,-33.2487,-0.607792,1.4005e-05,-0.00832933,-65.0615,4219.89,-34.9785,-0.639413,-0.00127541,-0.00143293,-65.0245,4214.95,-34.9375,-0.638664,-0.00127505,0.0012896,-65.0263
1.619,146.199,1.32715,22.0706,-0.000874447,0.0336995,0.0124746,0.000607528,-0.00015217,0.00828063,3963.86,3,0.0802781,0,0,-0.00823441,0.00839728,0.00123391,-0.00124308,4014.18,-33.2407,-0.610838,2.01589e-05,0.00818401,-65.0601,4011.17,-33.2158,-0.610381,2.28224e-05,-0.00834746,-65.0623,4219.98,-34.9449,-0.642156,-0.00127263,-0.00143126,-65.0246,4215.01,-34.9037,-0.641398,-0.00127232,0.00128673,-65.0264
1.629,146.42,1.32964,22.0707,-0.000880996,0.0201086,0.0130584,0.000612491,-0.000152807,0.00827258,3963.91,3,0.0804475,0,0,-0.00824537,0.00840774,0.00123381,-0.00124301,4014.12,-33.2078,-0.613384,2.84816e-05,0.00819668,-65.0609,4011.12,-33.183,-0.612926,3.20739e-05,-0.00836101,-65.0631,4220.14,-34.9123,-0.644867,-0.00131025,-0.00143322,-65.0242,4215.13,-34.8708,-0.644101,-0.00130954,0.00128766,-65.026
1.639,146.641,1.33214,22.0708,-0.000889039,0.0622091,0.01188,0.000611757,-0.000153446,0.0082646,3963.96,3,0.0806281,0,0,-0.00825325,0.00841692,0.00123408,-0.00124331,4014.08,-33.1755,-0.615945,3.69428e-05,0.00820771,-65.0617,4011.07,-33.1506,-0.615482,3.94719e-05,-0.0083726,-65.064,4220.12,-34.8784,-0.647561,-0.00131308,-0.00143763,-65.0251,4215.06,-34.8366,-0.646785,-0.00131233,0.00129123,-65.0269
1.649,146.861,1.33463,22.071,-0.000895776,0.0300589,0.0125539,0.000614002,-0.000154079,0.00825672,3964.01,3,0.0807839,0,0,-0.0082688,0.00843529,0.00123339,-0.00124266,4013.89,-33.1424,-0.618457,4.2056e-05,0.00822064,-65.0625,4010.86,-33.1173,-0.61799,4.44033e-05,-0.00838753,-65.0648,4220.43,-34.8477,-0.650279,-0.00128043,-0.00142847,-65.0261,4215.32,-34.8056,-0.649494,-0.00128003,0.00128132,-65.0279
1.659,147.082,1.33713,22.0712,-0.000900951,0.183717,0.0123945,0.000619018,-0.000154687,0.00824895,3964.07,3,0.0809762,0,0,-0.00828622,0.00845341,0.00123322,-0.00124251,4013.72,-33.1097,-0.620871,3.85811e-05,0.00822915,-65.0635,4010.66,-33.0845,-0.620397,3.88612e-05,-0.00839597,-65.0657,4220.15,-34.8126,-0.652802,-0.00137578,-0.00144674,-65.025,4215.02,-34.7702,-0.652008,-0.00137469,0.00129877,-65.0269
1.669,147.303,1.33963,22.0714,-0.000908124,0.135968,0.0106966,0.000620842,-0.000155271,0.00824126,3964.12,3,0.081123,0,0,-0.00829874,0.00846527,0.00123271,-0.00124206,4013.64,-33.0782,-0.6232,4.87887e-05,0.00824693,-65.0643,4010.65,-33.0535,-0.622736,5.25841e-05,-0.00841512,-65.0666,4220.42,-34.7824,-0.655307,-0.00132001,-0.00143883,-65.0264,4215.25,-34.7397,-0.654505,-0.00131934,0.00128953,-65.0283
1.679,147.524,1.34212,22.0714,-0.00091416,-0.0266783,0.0144216,0.000625505,-0.00015585,0.00823365,3964.17,3,0.081248,0,0,-0.00831037,0.008477,0.00123304,-0.00124241,4013.74,-33.0485,-0.625542,6.83773e-05,0.00826576,-65.0652,4010.69,-33.0234,-0.625066,6.8722e-05,-0.00843234,-65.0675,4220.97,-34.7548,-0.657839,-0.0012333,-0.00142347,-65.0271,4215.78,-34.712,-0.657028,-0.00123312,0.00127382,-65.0289
1.689,147.744,1.34462,22.0716,-0.000921247,-0.0221297,0.0133437,0.000625942,-0.000156433,0.00822613,3964.22,3,0.081411,0,0,-0.0083197,0.00848754,0.00123324,-0.00124265,4013.59,-33.0171,-0.62786,7.93869e-05,0.0082758,-65.066,4010.56,-32.9922,-0.627385,8.21756e-05,-0.00844536,-65.0684,4220.88,-34.7223,-0.660287,-0.00127157,-0.00142876,-65.0279,4215.65,-34.6793,-0.659468,-0.00127114,0.00127805,-65.0297
1.699,147.965,1.34713,22.0718,-0.000926971,-0.00998475,0.0133004,0.000629107,-0.000157008,0.00821871,3964.28,3,0.0815623,0,0,-0.00833366,0.00850399,0.00123362,-0.00124305,4013.47,-32.9863,-0.630146,7.44982e-05,0.00828448,-65.067,4010.46,-32.9615,-0.629673,7.81293e-05,-0.00845687,-65.0694,4220.98,-34.6918,-0.662727,-0.00124006,-0.00142613,-65.0285,4215.7,-34.6484,-0.661899,-0.00123991,0.00127451,-65.0303
1.709,148.186,1.34963,22.072,-0.000932443,0.0186309,0.0132044,0.000633348,-0.000157557,0.00821139,3964.34,3,0.0817255,0,0,-0.00835093,0.00852157,0.00123315,-0.00124261,4013.4,-32.9563,-0.632341,8.10059e-05,0.0083005,-65.068,4010.39,-32.9316,-0.631867,8.39386e-05,-0.00847299,-65.0703,4220.97,-34.6608,-0.665046,-0.00128366,-0.00143407,-65.0289,4215.66,-34.6172,-0.664209,-0.00128329,0.00128156,-65.0308
1.719,148.406,1.35213,22.0722,-0.000938063,-0.0244932,0.014197,0.000636919,-0.000158087,0.00820414,3964.4,3,0.081848,0,0,-0.00836195,0.00853173,0.00123233,-0.00124183,4013.48,-32.9279,-0.634477,9.62757e-05,0.00832197,-65.0689,4010.46,-32.9031,-0.634001,9.67103e-05,-0.00849343,-65.0712,4221.34,-34.6332,-0.667337,-0.00121491,-0.001422,-65.0292,4216,-34.5894,-0.666494,-0.00121489,0.0012688,-65.031
1.729,148.627,1.35464,22.0724,-0.000944852,0.00117505,0.0138695,0.000637906,-0.000158615,0.00819698,3964.45,3,0.0819968,0,0,-0.00837252,0.00854209,0.00123278,-0.00124231,4013.33,-32.8979,-0.636574,9.84416e-05,0.00832799,-65.0698,4010.28,-32.8729,-0.636091,0.000100091,-0.0084983,-65.0722,4221.33,-34.6029,-0.669566,-0.00124614,-0.0014261,-65.0302,4215.96,-34.5589,-0.668715,-0.00124604,0.00127217,-65.0321
1.739,148.848,1.35715,22.0726,-0.000950942,0.0518526,0.0131122,0.000639568,-0.000159149,0.00818989,3964.51,3,0.0821562,0,0,-0.00838299,0.00855449,0.00123227,-0.00124183,4013.21,-32.8685,-0.638699,9.42674e-05,0.00833398,-65.0707,4010.17,-32.8436,-0.638217,9.65899e-05,-0.0085075,-65.0731,4221.29,-34.5727,-0.671815,-0.00127932,-0.00143458,-65.0311,4215.88,-34.5284,-0.670955,-0.00127881,0.0012798,-65.0329
1.749,149.069,1.35966,22.0728,-0.000956684,0.0271088,0.0133019,0.000641458,-0.000159672,0.00818291,3964.57,3,0.0823024,0,0,-0.00839469,0.00856915,0.00123335,-0.00124292,4013.13,-32.8398,-0.640786,0.000101177,0.00834649,-65.0717,4010.09,-32.8149,-0.640301,0.000103145,-0.00852194,-65.0741,4221.24,-34.5428,-0.674016,-0.00130724,-0.00143842,-65.0314,4215.8,-34.4983,-0.673147,-0.0013066,0.00128285,-65.0333
1.759,149.289,1.36217,22.073,-0.000960551,0.0737707,0.0136328,0.000648127,-0.000160171,0.00817601,3964.63,3,0.0824367,0,0,-0.00841057,0.00858363,0.00123236,-0.00124197,4013.03,-32.8113,-0.642773,0.000111318,0.0083619,-65.0728,4010.03,-32.7868,-0.642292,0.00011485,-0.00853793,-65.0752,4221.38,-34.5148,-0.676144,-0.00130164,-0.00143792,-65.0329,4215.91,-34.4701,-0.675268,-0.00130115,0.00128133,-65.0348
1.769,149.51,1.36468,22.0732,-0.000966556,0.0428558,0.013153,0.000650212,-0.000160652,0.0081692,3964.69,3,0.0825661,0,0,-0.00842329,0.00859531,0.00123267,-0.0012423,4012.96,-32.7834,-0.644691,0.000118786,0.00837188,-65.0737,4009.98,-32.7591,-0.644211,0.000122385,-0.00854789,-65.0761,4221.48,-34.4869,-0.678189,-0.00127423,-0.00143589,-65.0331,4215.99,-34.442,-0.677307,-0.00127385,0.00127841,-65.035
1.779,149.731,1.36719,22.0735,-0.000972974,0.0830287,0.0118522,0.000650676,-0.000161134,0.00816247,3964.75,3,0.0827013,0,0,-0.00843087,0.00860317,0.00123294,-0.00124261,4012.97,-32.7564,-0.646626,0.000127594,0.0083845,-65.0747,4009.98,-32.732,-0.646144,0.000129327,-0.00856117,-65.0771,4221.45,-34.4582,-0.68022,-0.00130406,-0.00144005,-65.0344,4215.94,-34.4132,-0.679331,-0.0013032,0.00128182,-65.0362
1.789,149.951,1.36971,22.0737,-0.00097859,0.025866,0.0134621,0.000651491,-0.000161623,0.00815582,3964.81,3,0.0828116,0,0,-0.00844127,0.0086159,0.0012318,-0.0012415,4012.86,-32.7289,-0.648571,0.000132278,0.00839432,-65.0756,4009.84,-32.7043,-0.648083,0.000135456,-0.00857234,-65.0781,4221.82,-34.4332,-0.682344,-0.00128394,-0.00143259,-65.0326,4216.27,-34.3879,-0.681447,-0.00128342,0.00127399,-65.0345
1.799,150.172,1.37222,22.0738,-0.00098422,-0.133965,0.014259,0.000652914,-0.000162095,0.00814927,3964.87,3,0.0829347,0,0,-0.00845158,0.00863022,0.00123434,-0.00124404,4012.79,-32.702,-0.650454,0.00013556,0.00840926,-65.0767,4009.79,-32.6776,-0.649968,0.000139532,-0.0085896,-65.0792,4221.96,-34.4066,-0.68436,-0.00122314,-0.00142801,-65.0346,4216.37,-34.3611,-0.683454,-0.00122307,0.00126857,-65.0365
1.809,150.393,1.37474,22.0741,-0.000988243,-0.0055495,0.0129741,0.000657693,-0.000162547,0.0081428,3964.93,3,0.0830662,0,0,-0.00847004,0.00864587,0.00123248,-0.00124222,4012.74,-32.6756,-0.652256,0.000140872,0.00842227,-65.0778,4009.75,-32.6513,-0.651771,0.000143687,-0.00860332,-65.0802,4221.94,-34.3792,-0.686261,-0.00126952,-0.00143474,-65.0352,4216.33,-34.3335,-0.68535,-0.00126916,0.00127447,-65.0371
1.819,150.614,1.37726,22.0744,-0.000992865,-0.0080426,0.0143957,0.000660973,-0.000162981,0.0081364,3965,3,0.0831698,0,0,-0.00847861,0.00865356,0.00123209,-0.00124186,4012.76,-32.6502,-0.654006,0.000151239,0.00843688,-65.0788,4009.75,-32.6257,-0.653515,0.00015246,-0.00861566,-65.0813,4222.18,-34.3541,-0.688137,-0.00127242,-0.00142961,-65.0348,4216.55,-34.3083,-0.68722,-0.00127187,0.00126888,-65.0367
1.829,150.834,1.37978,22.0746,-0.000998242,-0.0174533,0.0147093,0.000661798,-0.000163423,0.00813008,3965.06,3,0.0832908,0,0,-0.00848617,0.00866157,0.00123219,-0.00124198,4012.62,-32.6237,-0.655755,0.000154388,0.00844108,-65.0798,4009.59,-32.599,-0.65526,0.000157218,-0.00862054,-65.0823,4222.21,-34.3277,-0.690006,-0.00126672,-0.00143016,-65.036,4216.55,-34.2817,-0.689082,-0.00126624,0.00126879,-65.0379
1.839,151.055,1.3823,22.0748,-0.00100383,-0.0426582,0.0142586,0.000661976,-0.000163863,0.00812383,3965.12,3,0.0834156,0,0,-0.00849266,0.00867087,0.00123305,-0.00124286,4012.48,-32.5974,-0.657498,0.000156073,0.00844561,-65.0808,4009.46,-32.5729,-0.657003,0.000158624,-0.00862743,-65.0834,4222.18,-34.3011,-0.69186,-0.00123689,-0.00143185,-65.0393,4216.49,-34.2548,-0.690928,-0.00123677,0.00126982,-65.0412
1.849,151.276,1.38482,22.0752,-0.00100776,0.0406811,0.0134868,0.000666229,-0.000164288,0.00811769,3965.19,3,0.0835341,0,0,-0.00850971,0.00868829,0.00123163,-0.00124147,4012.45,-32.5725,-0.659196,0.000164414,0.00846172,-65.0819,4009.45,-32.5482,-0.658704,0.000166211,-0.00864564,-65.0845,4222.21,-34.2753,-0.693657,-0.00126294,-0.0014338,-65.0388,4216.49,-34.2289,-0.692718,-0.00126266,0.00127101,-65.0407
1.859,151.497,1.38735,22.0754,-0.00101137,0.0231435,0.0142737,0.000670737,-0.000164687,0.00811162,3965.25,3,0.0836386,0,0,-0.0085215,0.00869965,0.0012304,-0.00124029,4012.44,-32.5481,-0.660795,0.000167395,0.00847502,-65.0831,4009.46,-32.5239,-0.660304,0.000168916,-0.00865849,-65.0855,4222.34,-34.2508,-0.695364,-0.00128737,-0.00143417,-65.0388,4216.61,-34.2043,-0.69442,-0.00128682,0.00127061,-65.0407
1.869,151.717,1.38987,22.0757,-0.00101708,-0.0226656,0.0154475,0.000670262,-0.000165079,0.00810563,3965.32,3,0.0837302,0,0,-0.00853131,0.00870883,0.00123144,-0.00124134,4012.49,-32.5245,-0.662378,0.000175109,0.00849241,-65.0841,4009.46,-32.4999,-0.661876,0.00017601,-0.00867191,-65.0866,4222.59,-34.2275,-0.697061,-0.00122637,-0.00142502,-65.0402,4216.84,-34.1809,-0.696111,-0.0012263,0.00126124,-65.0421
1.879,151.938,1.3924,22.076,-0.00102227,0.0981433,0.0121727,0.000671197,-0.000165475,0.00809972,3965.38,3,0.083871,0,0,-0.0085385,0.00871668,0.00123162,-0.00124153,4012.36,-32.4997,-0.663947,0.00017922,0.00849277,-65.0851,4009.38,-32.4756,-0.663454,0.000182967,-0.00867689,-65.0877,4222.22,-34.1996,-0.698674,-0.00132084,-0.00144214,-65.0401,4216.45,-34.1528,-0.697719,-0.00132,0.00127713,-65.0421
1.889,152.159,1.39493,22.0762,-0.00102669,-0.0476169,0.0143614,0.000673087,-0.000165873,0.00809388,3965.45,3,0.0839411,0,0,-0.00854746,0.00872798,0.00123197,-0.0012419,4012.17,-32.4747,-0.66551,0.000178177,0.0084966,-65.0862,4009.17,-32.4505,-0.665013,0.000182091,-0.00868283,-65.0888,4222.58,-34.1778,-0.700412,-0.00122558,-0.0014254,-65.042,4216.78,-34.1308,-0.699449,-0.0012255,0.00126006,-65.044
1.899,152.38,1.39746,22.0766,-0.00102979,0.0449519,0.0144507,0.000678101,-0.000166251,0.00808814,3965.52,3,0.0840606,0,0,-0.00856219,0.00874351,0.00123171,-0.00124166,4012.18,-32.4518,-0.667029,0.00018409,0.00851265,-65.0874,4009.18,-32.4275,-0.666531,0.000185252,-0.00869971,-65.0899,4222.58,-34.1536,-0.70201,-0.00129371,-0.00143513,-65.0415,4216.76,-34.1065,-0.701041,-0.00129301,0.00126921,-65.0434
1.909,152.6,1.39999,22.0769,-0.00103425,0.11946,0.0128726,0.000679304,-0.00016661,0.00808247,3965.58,3,0.0841741,0,0,-0.00857518,0.00875497,0.00123174,-0.00124172,4012.1,-32.4284,-0.668454,0.000183522,0.00852531,-65.0885,4009.13,-32.4044,-0.66796,0.000187415,-0.00871153,-65.0911,4222.45,-34.1285,-0.7035,-0.00131253,-0.00144154,-65.0432,4216.61,-34.0813,-0.702527,-0.0013118,0.00127475,-65.0452
1.919,152.821,1.40252,22.0771,-0.00103838,0.0108126,0.0148551,0.000682596,-0.000166964,0.00807687,3965.65,3,0.0842578,0,0,-0.00858149,0.00876077,0.0012316,-0.0012416,4012.13,-32.4062,-0.669882,0.000195541,0.00853505,-65.0896,4009.14,-32.382,-0.669383,0.000199722,-0.00872079,-65.0922,4222.73,-34.1072,-0.705045,-0.00127512,-0.00143345,-65.0442,4216.87,-34.0598,-0.704066,-0.00127471,0.00126614,-65.0462
1.929,153.042,1.40506,22.0774,-0.00104381,0.0562616,0.0135939,0.000681114,-0.000167326,0.00807133,3965.72,3,0.0843637,0,0,-0.00858613,0.00876636,0.00123191,-0.00124192,4012.12,-32.3838,-0.671332,0.000199603,0.00854304,-65.0907,4009.12,-32.3596,-0.67083,0.00020291,-0.00872928,-65.0933,4222.65,-34.0832,-0.70656,-0.00127101,-0.00143924,-65.0444,4216.77,-34.0357,-0.705576,-0.00127063,0.00127149,-65.0464
1.939,153.263,1.4076,22.0777,-0.0010477,0.031278,0.0143022,0.00068334,-0.000167688,0.00806587,3965.78,3,0.084447,0,0,-0.00859834,0.00878065,0.00123097,-0.001241,4011.98,-32.3608,-0.672761,0.000198867,0.00855027,-65.0918,4008.99,-32.3367,-0.672259,0.00020215,-0.00873871,-65.0944,4222.71,-34.0606,-0.708098,-0.00126922,-0.00143327,-65.0459,4216.8,-34.0129,-0.707106,-0.00126884,0.00126504,-65.0479
1.949,153.484,1.41013,22.078,-0.00105125,0.0363317,0.0142609,0.00068563,-0.000168028,0.0080605,3965.86,3,0.0845442,0,0,-0.00861076,0.0087935,0.00123129,-0.00124134,4011.94,-32.3389,-0.674119,0.000207074,0.00856311,-65.093,4008.96,-32.3149,-0.673619,0.000209629,-0.00875204,-65.0956,4222.92,-34.0396,-0.70957,-0.00126458,-0.00143612,-65.0469,4216.98,-33.9917,-0.708573,-0.00126428,0.00126735,-65.0488
1.959,153.704,1.41267,22.0783,-0.00105493,0.00776487,0.0141223,0.000688947,-0.000168349,0.0080552,3965.93,3,0.0846254,0,0,-0.00862061,0.00880248,0.00123129,-0.00124137,4012.03,-32.3184,-0.67542,0.000212149,0.00858226,-65.0942,4009.05,-32.2944,-0.674918,0.000212791,-0.008772,-65.0967,4223.03,-34.0181,-0.710942,-0.00126365,-0.00143322,-65.0477,4217.09,-33.9702,-0.709941,-0.00126317,0.00126379,-65.0496
1.969,153.925,1.41521,22.0787,-0.00105895,0.0636582,0.0137075,0.0006906,-0.000168669,0.00804997,3965.99,3,0.0847316,0,0,-0.00862779,0.00880857,0.00123124,-0.00124134,4011.9,-32.2964,-0.676682,0.000215476,0.00858153,-65.0953,4008.94,-32.2725,-0.676182,0.000217645,-0.00877027,-65.0978,4222.86,-33.9946,-0.712264,-0.00129637,-0.00144386,-65.0497,4216.9,-33.9466,-0.711259,-0.00129552,0.00127368,-65.0517
1.979,154.146,1.41776,22.079,-0.00106375,0.0154074,0.0145363,0.000689129,-0.000168997,0.00804481,3966.06,3,0.0847983,0,0,-0.00863292,0.00881574,0.00123137,-0.00124148,4011.8,-32.2748,-0.677983,0.00021916,0.00858644,-65.0963,4008.8,-32.2507,-0.677476,0.000222605,-0.0087755,-65.099,4223.08,-33.9746,-0.713688,-0.00126547,-0.00143461,-65.0496,4217.09,-33.9264,-0.712676,-0.0012651,0.0012643,-65.0516
1.989,154.367,1.4203,22.0793,-0.00106722,0.0650674,0.0143127,0.000691676,-0.000169322,0.00803972,3966.13,3,0.0848934,0,0,-0.00864423,0.00882872,0.00123025,-0.00124038,4011.78,-32.2543,-0.679281,0.000219928,0.00859582,-65.0975,4008.78,-32.2302,-0.678773,0.000222629,-0.00878684,-65.1002,4223.06,-33.953,-0.715056,-0.00128664,-0.00143952,-65.0501,4217.05,-33.9047,-0.714038,-0.00128611,0.00126877,-65.0521
1.999,154.587,1.42285,22.0797,-0.00106965,0.0677744,0.01491,0.000695951,-0.000169622,0.00803472,3966.21,3,0.0849732,0,0,-0.00865474,0.00883911,0.00123071,-0.00124086,4011.7,-32.2335,-0.68047,0.000222886,0.008605,-65.0988,4008.73,-32.2097,-0.679967,0.000224583,-0.00879597,-65.1014,4223.16,-33.9326,-0.716338,-0.00129114,-0.00143831,-65.0504,4217.13,-33.8842,-0.715317,-0.00129055,0.00126694,-65.0524
2.009,154.808,1.42539,22.0799,-0.00121493,-0.0427246,-0.0325656,0.0010686,-0.000173757,0.00802979,3966.28,3,0.0850442,0,0.00226165,-0.00985455,0.0076646,0.00123178,-0.00124202,4012.19,-32.2177,-0.697148,0.000260332,0.00954976,-65.1309,4008.28,-32.1863,-0.696468,0.000198291,-0.00788597,-65.0714,4224.07,-33.9191,-0.733964,-0.00126065,-0.00146821,-65.0511,4216.49,-33.8583,-0.732647,-0.00124825,0.00122674,-65.0564
2.019,155.029,1.42793,22.0802,-0.0022331,-0.0923054,-0.154866,-0.000836639,-0.000195817,0.00802494,3966.36,3,0.0851226,0,0.00477239,-0.011349,0.00617234,0.0012321,-0.00124304,4027.17,-32.3185,-0.788588,0.00018788,0.010878,-65.1286,3993.22,-32.0461,-0.781942,0.000292431,-0.00656084,-65.0752,4227.68,-33.9276,-0.827852,-0.00128629,-0.00142071,-65.0553,4212.94,-33.8093,-0.824966,-0.00123656,0.0012756,-65.0537
2.029,155.25,1.43045,22.0806,-0.00376862,-0.0169993,-0.260798,-0.00422285,-0.000255026,0.00802024,3966.45,3,0.0851976,0,0.00727842,-0.0128557,0.0046863,0.00122959,-0.00124216,4048.96,-32.4744,-1.03259,0.000169698,0.0120899,-65.1392,3971.26,-31.8512,-1.01278,0.000299787,-0.005362,-65.0661,4237.91,-33.9898,-1.08078,-0.00130169,-0.00131312,-65.0641,4202.93,-33.7092,-1.07186,-0.00121171,0.00138922,-65.047
2.039,155.471,1.43292,22.0809,-0.00549821,-0.0138804,-0.372693,-0.00898643,-0.000362877,0.00801573,3966.56,3,0.08529,0,0.00977726,-0.014343,0.00322069,0.00122791,-0.00124346,4075.62,-32.6698,-1.47895,0.000138493,0.0132068,-65.1539,3944.74,-31.6207,-1.43146,0.000329825,-0.00426667,-65.0532,4254.62,-34.1046,-1.5439,-0.00132386,-0.00112826,-65.0774,4186.02,-33.5547,-1.51901,-0.00119944,0.00156614,-65.0358
2.049,155.691,1.43535,22.0812,-0.0071129,-0.0645863,-0.483997,-0.0148254,-0.000523784,0.00801148,3966.68,3,0.0853589,0,0.0122665,-0.0158111,0.0017767,0.00122588,-0.00124615,4104.87,-32.8868,-2.15007,0.00011114,0.0142327,-65.1719,3916.11,-31.3745,-2.0512,0.000385126,-0.00328299,-65.0372,4277.18,-34.2673,-2.24032,-0.00129492,-0.000871332,-65.0969,4163.74,-33.3585,-2.1809,-0.00113611,0.00180892,-65.0229
2.059,155.912,1.43772,22.0815,-0.00840393,0.0078209,-0.584237,-0.0215944,-0.000736776,0.00800747,3966.81,3,0.0854817,0,0.0147436,-0.0172404,0.000365823,0.00122267,-0.00124962,4135.2,-33.1132,-3.04672,0.000109106,0.01519,-65.1935,3886.01,-31.1178,-2.86312,0.00038175,-0.00232388,-65.0176,4303.29,-34.4592,-3.17056,-0.00138078,-0.000557008,-65.1152,4136.85,-33.1264,-3.04793,-0.00119882,0.00214811,-65.0018
2.069,156.133,1.44001,22.0818,-0.00916974,0.0602176,-0.672977,-0.0290023,-0.00099745,0.00800367,3966.93,3,0.085583,0,0.0172061,-0.018635,-0.0010176,0.00121842,-0.00125424,4165.11,-33.3369,-4.1545,0.000134123,0.0160723,-65.2169,3856.48,-30.8666,-3.84665,0.000402562,-0.00143589,-64.9964,4332.06,-34.6731,-4.32102,-0.00141529,-0.000160878,-65.1372,4107.62,-32.8767,-4.09715,-0.00120983,0.00254414,-64.9795
2.079,156.354,1.44223,22.082,-0.0093271,0.00575209,-0.795942,-0.037066,-0.00129965,0.00800008,3967.05,3,0.0856761,0,0.0196517,-0.0199814,-0.00235158,0.00121286,-0.00125962,4193.75,-33.551,-5.4504,8.50716e-05,0.0169311,-65.2419,3828.6,-30.6298,-4.97584,0.000447462,-0.000616379,-64.974,4362.28,-34.8994,-5.66944,-0.00137071,0.000299201,-65.1627,4077.45,-32.6207,-5.29927,-0.0011396,0.00300215,-64.9566
2.089,156.575,1.44436,22.0823,-0.00875363,-0.00449727,-0.90716,-0.0454794,-0.00163718,0.00799667,3967.17,3,0.0857847,0,0.0220778,-0.021315,-0.00365973,0.00120635,-0.00126617,4220.9,-33.7539,-6.91038,9.17946e-05,0.0177619,-65.2671,3802.01,-30.4041,-6.22458,0.000474277,0.000187924,-64.9515,4392.67,-35.1275,-7.19161,-0.00139298,0.000818449,-65.1908,4046.72,-32.361,-6.62522,-0.0011521,0.00352846,-64.9338
2.099,156.795,1.44639,22.0826,-0.00740842,0.0067426,-1.02119,-0.0541555,-0.00200464,0.00799338,3967.28,3,0.0858805,0,0.0244822,-0.0226192,-0.00494152,0.00119845,-0.00127313,4246.63,-33.9457,-8.51297,7.32322e-05,0.0185702,-65.2935,3777.1,-30.1925,-7.57173,0.000522035,0.000967271,-64.9278,4423.15,-35.3568,-8.86683,-0.00136176,0.00139995,-65.2179,4016.35,-32.1049,-8.05133,-0.00109639,0.00410033,-64.9079
2.109,157.016,1.4483,22.0827,-0.00530342,-0.0721516,-1.15467,-0.0631472,-0.00239801,0.00799019,3967.39,3,0.0859979,0,0.0268624,-0.0238732,-0.0061738,0.0011912,-0.00128281,4271.25,-34.1289,-10.2425,8.98256e-05,0.019374,-65.3205,3752.98,-29.9877,-8.9997,0.00052444,0.00175692,-64.9032,4453.32,-35.5838,-10.6791,-0.00140782,0.00202655,-65.2433,3985.99,-31.8496,-9.55846,-0.00113525,0.00473659,-64.879
2.119,157.237,1.4501,22.083,-0.00237807,0.019805,-1.26061,-0.0721351,-0.00281488,0.00798706,3967.48,3,0.0861353,0,0.0292161,-0.0250905,-0.00738694,0.00118179,-0.00129149,4295.06,-34.3057,-12.0901,0.000104021,0.0201612,-65.346,3729.6,-29.7893,-10.4984,0.00054029,0.00253419,-64.8801,4483.27,-35.8091,-12.6199,-0.00143245,0.00269553,-65.2722,3955.38,-31.5927,-11.1339,-0.00115964,0.00542728,-64.8535
2.129,157.458,1.45176,22.0833,0.00134752,0.0708939,-1.34614,-0.0811238,-0.00325391,0.00798403,3967.58,3,0.0862671,0,0.031541,-0.026291,-0.0085707,0.00117179,-0.00130102,4318.75,-34.482,-14.0529,0.000146073,0.0209638,-65.373,3706.58,-29.5943,-12.0609,0.000539042,0.00331719,-64.8555,4513.61,-36.0377,-14.6869,-0.00145008,0.00340923,-65.3006,3924.75,-31.3361,-12.7708,-0.0011771,0.00615304,-64.8267
2.139,157.679,1.45327,22.0834,0.00578144,-0.023315,-1.52519,-0.0902562,-0.0037148,0.00798111,3967.67,3,0.086383,0,0.0338348,-0.0274705,-0.00972113,0.00116109,-0.00131087,4341.25,-34.649,-16.1269,0.000104511,0.0217519,-65.3991,3684.1,-29.4041,-13.6858,0.000601373,0.00408315,-64.8317,4544.79,-36.2735,-16.883,-0.00141925,0.00416065,-65.3292,3894.01,-31.0794,-14.4655,-0.00111779,0.00688509,-64.8
2.149,157.9,1.45463,22.0836,0.0109723,-0.065266,-1.65081,-0.0992372,-0.00419782,0.00797833,3967.76,3,0.0865155,0,0.0360951,-0.0286123,-0.0108371,0.00115081,-0.00132341,4364.66,-34.8238,-18.3222,9.17922e-05,0.0225461,-65.4248,3661.31,-29.212,-15.3696,0.000661367,0.00483774,-64.8082,4576.55,-36.5144,-19.2117,-0.00139353,0.00493704,-65.3576,3862.22,-30.815,-16.213,-0.00105784,0.00766924,-64.7732
2.159,158.12,1.45581,22.0837,0.016836,-0.0815187,-1.8052,-0.108174,-0.00470341,0.0079757,3967.84,3,0.0866603,0,0.0383199,-0.0297126,-0.0119267,0.00113894,-0.00133486,4388.21,-35.0001,-20.6397,7.42596e-05,0.0233347,-65.4506,3638.32,-29.0191,-17.1127,0.000719588,0.0056052,-64.7842,4609.27,-36.7633,-21.6794,-0.00137952,0.00573809,-65.386,3829.43,-30.5433,-18.0115,-0.00102614,0.00847743,-64.7459
2.169,158.341,1.45681,22.0838,0.0233559,-0.0342614,-1.95834,-0.116928,-0.00523174,0.00797328,3967.92,3,0.0868388,0,0.0405068,-0.0307822,-0.0129801,0.0011267,-0.00134682,4411.85,-35.1782,-23.0819,3.28533e-05,0.0241054,-65.477,3614.66,-28.8217,-18.9111,0.000745515,0.00639337,-64.7598,4643.19,-37.0228,-24.2922,-0.00139666,0.00652612,-65.4131,3795.54,-30.264,-19.8574,-0.00104976,0.00933361,-64.7174
2.179,158.562,1.45761,22.0839,0.0305244,-0.0347333,-2.01254,-0.125496,-0.00578253,0.00797107,3967.99,3,0.0870116,0,0.0426537,-0.0318123,-0.0139904,0.00111408,-0.00135986,4436.71,-35.3667,-25.6557,0.00012282,0.0249314,-65.5018,3590.11,-28.6181,-20.7602,0.000742612,0.00719052,-64.7369,4677.66,-37.2874,-27.049,-0.00139899,0.00740639,-65.4411,3760.49,-29.9763,-21.7454,-0.00101132,0.0101825,-64.6905
2.189,158.783,1.4582,22.0839,0.0381787,-0.0557112,-2.19214,-0.134125,-0.00635507,0.00796913,3968.06,3,0.0872173,0,0.0447586,-0.0328104,-0.0149593,0.00110128,-0.0013748,4461.38,-35.5548,-28.3528,0.000132958,0.0257627,-65.5264,3565.99,-28.419,-22.6624,0.000759462,0.00798669,-64.714,4713.08,-37.5608,-29.9524,-0.00143062,0.00826915,-65.469,3724.52,-29.6824,-23.6699,-0.00107801,0.0110598,-64.6635
2.199,159.004,1.45857,22.084,0.0464205,0.0221161,-2.28257,-0.142315,-0.00694837,0.00796747,3968.13,3,0.0874267,0,0.0468193,-0.033781,-0.0159039,0.0010873,-0.00138855,4486.42,-35.747,-31.1738,0.000174624,0.0265867,-65.5504,3541.61,-28.2189,-24.6088,0.000770373,0.00877489,-64.6918,4749.12,-37.8402,-32.9991,-0.00145395,0.00914464,-65.4962,3687.96,-29.3851,-25.6257,-0.00110555,0.0119557,-64.6368
2.209,159.225,1.4587,22.084,0.0551083,0.00530057,-2.42339,-0.150447,-0.0075608,0.00796608,3968.18,3,0.0876487,0,0.0488337,-0.0346896,-0.0167913,0.00107337,-0.001404,4511.01,-35.9369,-34.1075,0.000166782,0.0273825,-65.5723,3517.53,-28.0223,-26.5958,0.000833319,0.00955055,-64.6713,4785.62,-38.1245,-36.1838,-0.00143689,0.0100291,-65.5242,3650.89,-29.0848,-27.6042,-0.00107088,0.0128589,-64.6121
2.219,159.446,1.45858,22.0839,0.0642314,-0.0360547,-2.55935,-0.158328,-0.00819055,0.00796498,3968.24,3,0.0878845,0,0.0508,-0.0355803,-0.017661,0.00105855,-0.00141847,4535.49,-36.1271,-37.149,0.000214147,0.0282235,-65.5967,3493.64,-27.8283,-28.6154,0.000842214,0.0103515,-64.6483,4822.37,-38.4121,-39.4987,-0.00144703,0.0109217,-65.55,3613.73,-28.7848,-29.5991,-0.00110719,0.0137709,-64.5838
2.229,159.666,1.4582,22.0839,0.0738381,0.0957561,-2.61122,-0.165707,-0.00883547,0.00796417,3968.28,3,0.0881438,0,0.0527162,-0.036437,-0.018487,0.00104333,-0.00143307,4559.38,-36.3138,-40.2853,0.000243642,0.0289782,-65.6194,3469.95,-27.6369,-30.6594,0.000849539,0.0111116,-64.6269,4858.97,-38.6999,-42.9324,-0.00146188,0.0118198,-65.5752,3576.3,-28.484,-31.5992,-0.00110931,0.014693,-64.5576
2.239,159.887,1.45755,22.0839,0.0837518,0.309935,-2.69015,-0.173039,-0.00949322,0.00796364,3968.32,3,0.0884611,0,0.0545803,-0.0372459,-0.0192646,0.00102775,-0.0014531,4582.84,-36.4985,-43.5072,0.00030141,0.0297904,-65.6401,3446.56,-27.449,-32.7199,0.000798696,0.0119201,-64.6074,4895.27,-38.9867,-46.4732,-0.00149923,0.0127203,-65.601,3538.27,-28.1794,-33.5906,-0.00128411,0.0156535,-64.5334
2.249,160.108,1.45661,22.0836,0.0938975,0.0584872,-2.92095,-0.180409,-0.0101617,0.00796342,3968.35,3,0.0887015,0,0.0563905,-0.0380107,-0.0199882,0.00101225,-0.00147008,4605.03,-36.6745,-46.7964,0.000288562,0.0305742,-65.6613,3424.77,-27.2748,-34.8025,0.000918264,0.0126522,-64.5872,4931.55,-39.2748,-50.1145,-0.00146427,0.0136193,-65.6251,3502.43,-27.8934,-35.5918,-0.00112825,0.0165389,-64.5068
2.259,160.329,1.45537,22.0834,0.104408,0.0150661,-3.07562,-0.187219,-0.0108387,0.00796343,3968.37,3,0.0889732,0,0.0581452,-0.0387425,-0.0206978,0.000995993,-0.00148632,4626.5,-36.8457,-50.1472,0.000244211,0.0313163,-65.681,3403.9,-27.1089,-36.8953,0.00104194,0.0133531,-64.5683,4967.38,-39.5605,-53.8421,-0.00145544,0.0145128,-65.6482,3466.73,-27.6093,-37.5764,-0.00103815,0.0174295,-64.4816
2.269,160.55,1.45382,22.0832,0.115159,0.0241606,-3.20301,-0.193814,-0.011522,0.00796372,3968.39,3,0.0892908,0,0.0598424,-0.0394323,-0.0213535,0.00097969,-0.00150363,4647.35,-37.0134,-53.5493,0.000232638,0.0320579,-65.6994,3383.07,-26.9442,-38.9816,0.00110935,0.0140841,-64.5505,5002.46,-39.8416,-57.641,-0.00144944,0.0154058,-65.6712,3431.07,-27.3265,-39.5346,-0.000972192,0.0183439,-64.4585
2.279,160.771,1.45194,22.0829,0.126121,-0.0310915,-3.35135,-0.200147,-0.0122096,0.00796426,3968.39,3,0.0896123,0,0.0614806,-0.040074,-0.0219601,0.000963354,-0.00152288,4667.29,-37.1751,-56.9884,0.000256177,0.0327915,-65.7177,3363.08,-26.787,-41.0637,0.00116764,0.0147875,-64.5326,5036.96,-40.1195,-61.5021,-0.00145013,0.0162928,-65.6929,3396.28,-27.0515,-41.4692,-0.000935659,0.0192424,-64.4333
2.289,160.991,1.44974,22.0826,0.137285,0.0597047,-3.4094,-0.206121,-0.0128995,0.00796506,3968.39,3,0.089987,0,0.063058,-0.0407156,-0.0225533,0.000946605,-0.0015405,4687.85,-37.3429,-60.4743,0.000338883,0.0335902,-65.7356,3342.91,-26.6293,-43.1243,0.00114084,0.0155357,-64.5154,5070.85,-40.3939,-65.4151,-0.00146629,0.0171833,-65.7138,3361.62,-26.7783,-43.3656,-0.00104417,0.0201731,-64.4119
2.299,161.212,1.44719,22.0822,0.148583,0.139233,-3.49334,-0.211843,-0.0135901,0.00796611,3968.39,3,0.0903758,0,0.0645733,-0.0412921,-0.0230882,0.000929889,-0.00155934,4707.01,-37.5008,-63.9727,0.000413001,0.0343293,-65.751,3323.63,-26.4794,-45.1712,0.00114388,0.0162422,-64.5001,5103.58,-40.6603,-69.3624,-0.00147229,0.0180581,-65.734,3327.37,-26.5092,-45.2221,-0.00111264,0.0210879,-64.3905
2.309,161.433,1.44428,22.0819,0.160049,0.193026,-3.50452,-0.217127,-0.0142798,0.00796736,3968.37,3,0.090769,0,0.0660249,-0.0418317,-0.0235923,0.000910948,-0.00157673,4726.17,-37.6597,-67.4934,0.000499656,0.0350721,-65.7673,3304.67,-26.3327,-47.1933,0.00113452,0.0169405,-64.4838,5135.94,-40.9249,-73.3453,-0.00147613,0.0189294,-65.753,3294.35,-26.2505,-47.046,-0.00117625,0.0219897,-64.3676
2.319,161.654,1.44101,22.0813,0.17151,0.0430665,-3.73885,-0.222553,-0.0149669,0.00796887,3968.35,3,0.0911385,0,0.0674112,-0.0423296,-0.0240469,0.000896367,-0.00159618,4742.22,-37.7951,-70.9815,0.000456883,0.0357186,-65.782,3288.39,-26.2082,-49.2205,0.00127236,0.0175588,-64.469,5167.2,-41.1822,-77.3425,-0.00147906,0.0197673,-65.7713,3263.09,-26.0066,-48.842,-0.00101395,0.0228214,-64.3465
2.329,161.875,1.43736,22.0809,0.183115,0.100158,-3.83106,-0.22738,-0.0156499,0.0079706,3968.31,3,0.0915652,0,0.0687311,-0.0428062,-0.0244721,0.000880138,-0.00161312,4758.48,-37.9333,-74.4755,0.000429348,0.0363696,-65.7948,3271.98,-26.0834,-51.2102,0.00134807,0.0181732,-64.4561,5198.39,-41.4403,-81.3607,-0.00147799,0.0205986,-65.7884,3232.05,-25.765,-50.5852,-0.00103451,0.0236849,-64.3282
2.339,162.095,1.43332,22.0802,0.194664,0.00618348,-3.99602,-0.232342,-0.0163272,0.00797252,3968.29,3,0.0920031,0,0.0699831,-0.0432275,-0.0248285,0.000862841,-0.0016363,4774.54,-38.071,-77.9615,0.000485156,0.0370666,-65.8083,3255.86,-25.9614,-53.1636,0.00138266,0.018816,-64.4422,5227.48,-41.6826,-85.3575,-0.00148439,0.0214298,-65.8047,3201.62,-25.5289,-52.2781,-0.00103464,0.0245313,-64.3072
2.349,162.316,1.42889,22.0798,0.206322,0.0979552,-4.05901,-0.236624,-0.0169978,0.00797462,3968.25,3,0.0924594,0,0.0711661,-0.0436117,-0.0251729,0.000846285,-0.00165362,4789.55,-38.2012,-81.4198,0.000488706,0.0376993,-65.8196,3240.78,-25.8482,-55.0914,0.00146531,0.0194029,-64.4304,5256.33,-41.9242,-89.3547,-0.00148991,0.0222401,-65.8202,3172.3,-25.3021,-53.9274,-0.000987268,0.0253637,-64.288
2.359,162.537,1.42405,22.0792,0.217978,0.174517,-4.06721,-0.240649,-0.0176603,0.00797687,3968.2,3,0.0929401,0,0.0722788,-0.043947,-0.0254658,0.000829963,-0.00167174,4804.73,-38.3335,-84.8619,0.000658675,0.0383536,-65.8311,3225.32,-25.7325,-56.9661,0.00139171,0.0200092,-64.4181,5284.13,-42.1583,-93.3291,-0.00148784,0.023046,-65.8347,3143.35,-25.0785,-55.5183,-0.00111682,0.0262093,-64.2693
2.369,162.758,1.4188,22.0785,0.22958,0.111167,-4.23139,-0.244497,-0.0183135,0.00797928,3968.15,3,0.0934059,0,0.0733202,-0.0442679,-0.0257315,0.000814158,-0.0016901,4816.66,-38.4407,-88.2198,0.000562066,0.0388721,-65.8412,3212.93,-25.6417,-58.8465,0.00154936,0.0205021,-64.4073,5311.03,-42.3862,-97.2744,-0.00149741,0.0238061,-65.8482,3116.6,-24.8729,-57.0823,-0.00100619,0.0269721,-64.2519
2.379,162.978,1.41313,22.0779,0.241141,0.122184,-4.31694,-0.24803,-0.0189562,0.00798183,3968.1,3,0.093905,0,0.0742892,-0.0445666,-0.0259722,0.000797395,-0.00170796,4829.09,-38.5527,-91.552,0.000581221,0.0394546,-65.8507,3200.27,-25.5491,-60.6721,0.0016208,0.0210254,-64.3971,5337.34,-42.6103,-101.188,-0.00150265,0.0245621,-65.8608,3090.45,-24.6724,-58.5902,-0.00097654,0.0277515,-64.2355
2.389,163.199,1.40702,22.0772,0.252602,0.164534,-4.3958,-0.251412,-0.0195873,0.00798447,3968.05,3,0.0944243,0,0.075185,-0.0448044,-0.0261491,0.000782061,-0.00172617,4841.44,-38.6646,-94.8431,0.000618528,0.0400233,-65.859,3187.6,-25.4568,-62.4446,0.00166785,0.0215415,-64.3879,5361.85,-42.8207,-105.038,-0.00150816,0.0253049,-65.8724,3064.73,-24.4755,-60.0376,-0.000990256,0.0285173,-64.2196
2.399,163.42,1.40048,22.0764,0.263994,0.196669,-4.44121,-0.254448,-0.0202061,0.00798721,3967.99,3,0.0949574,0,0.0760065,-0.0449931,-0.0262826,0.00076755,-0.00174222,4852.69,-38.7682,-98.0674,0.000698385,0.0405625,-65.8664,3175.85,-25.3719,-64.1803,0.00167345,0.0220315,-64.3795,5385.9,-43.028,-108.843,-0.00150465,0.0260193,-65.8832,3040.11,-24.2875,-61.4372,-0.00104161,0.029278,-64.204
2.409,163.64,1.39349,22.0756,0.275207,0.148507,-4.55724,-0.257708,-0.0208115,0.00798997,3967.92,3,0.0954931,0,0.076753,-0.0450943,-0.0263419,0.000750809,-0.00176398,4862.49,-38.8604,-101.21,0.000698215,0.0410307,-65.8722,3165.57,-25.2989,-65.8897,0.00174974,0.0224637,-64.3726,5408.38,-43.2231,-112.572,-0.00151975,0.0267683,-65.8927,3016.74,-24.1094,-62.7918,-0.00103008,0.0300336,-64.1899
2.419,163.861,1.38605,22.0748,0.286377,0.1994,-4.67758,-0.259895,-0.0214027,0.00799282,3967.86,3,0.0960419,0,0.0774238,-0.0452491,-0.0264251,0.000736543,-0.00177998,4871.43,-38.9462,-104.278,0.000682057,0.0414592,-65.882,3156.09,-25.2324,-67.5592,0.00181238,0.0228537,-64.3619,5430.79,-43.4182,-116.251,-0.0015064,0.0273988,-65.9022,2994.81,-23.943,-64.1068,-0.00104054,0.0306689,-64.1739
2.429,164.082,1.37815,22.0741,0.297426,0.2779,-4.6312,-0.26196,-0.0219789,0.00799565,3967.8,3,0.0966125,0,0.0780181,-0.04536,-0.0264698,0.000720581,-0.00179832,4880.77,-39.0352,-107.291,0.000810699,0.0419564,-65.8855,3146.06,-25.1614,-69.1581,0.00180043,0.0232732,-64.3571,5451.79,-43.6021,-119.844,-0.0015031,0.0280598,-65.9102,2973.17,-23.7787,-65.3575,-0.00108065,0.031364,-64.1618
2.439,164.302,1.36978,22.0732,0.308224,0.283466,-4.71702,-0.264048,-0.0225394,0.0079985,3967.73,3,0.0971847,0,0.0785355,-0.0454019,-0.0264466,0.000707252,-0.00181399,4888.64,-39.1126,-110.206,0.000860184,0.042347,-65.8904,3137.65,-25.1034,-70.7328,0.00184249,0.0236248,-64.3511,5471.73,-43.7777,-123.351,-0.0015062,0.0287042,-65.9173,2952.93,-23.6256,-66.5688,-0.00111085,0.0320255,-64.149
2.449,164.523,1.36094,22.0723,0.318814,0.213747,-4.85916,-0.265868,-0.0230838,0.0080013,3967.66,3,0.0977364,0,0.0789754,-0.0454086,-0.0264009,0.000692663,-0.00183077,4895.46,-39.1813,-113.026,0.000882033,0.042718,-65.8931,3130.34,-25.054,-72.273,0.00194073,0.023937,-64.3469,5490.62,-43.9448,-126.767,-0.00152971,0.0292977,-65.9234,2934.56,-23.4871,-67.7529,-0.000999622,0.0326164,-64.1378
2.459,164.743,1.35162,22.0714,0.329253,0.185981,-4.8845,-0.267318,-0.0236113,0.00800404,3967.59,3,0.0983112,0,0.0793373,-0.0453639,-0.0262977,0.000680299,-0.00184528,4901.43,-39.243,-115.751,0.000965056,0.0430784,-65.8963,3123.59,-25.0089,-73.766,0.00197968,0.0242235,-64.3427,5508.48,-44.1034,-130.087,-0.00154742,0.0298886,-65.929,2916.78,-23.3531,-68.8819,-0.000957976,0.033222,-64.1268
2.469,164.964,1.34182,22.0706,0.339451,0.252959,-4.96174,-0.268604,-0.0241214,0.00800672,3967.52,3,0.098911,0,0.0796209,-0.0452809,-0.0261519,0.000666715,-0.00186184,4906.61,-39.2982,-118.377,0.00084557,0.0433505,-65.8994,3118.09,-24.9735,-75.2272,0.00210526,0.0244519,-64.3383,5525.45,-44.2546,-133.307,-0.00154604,0.0304373,-65.9332,2899.92,-23.2261,-69.9635,-0.000966211,0.0337848,-64.1169
2.479,165.184,1.33153,22.0698,0.349475,0.484649,-4.81808,-0.269256,-0.0246136,0.0080093,3967.46,3,0.0995528,0,0.079826,-0.0451995,-0.0260071,0.000653662,-0.00187741,4912.99,-39.3624,-120.951,0.00106708,0.0437122,-65.9012,3110.26,-24.9191,-76.5702,0.00193397,0.0247729,-64.3353,5541.62,-44.3989,-136.426,-0.00147663,0.031007,-65.9369,2882.53,-23.0945,-70.9636,-0.00126511,0.0344051,-64.1072
2.489,165.405,1.32075,22.0688,0.359082,0.306899,-4.98937,-0.270284,-0.0250873,0.00801179,3967.39,3,0.100118,0,0.0799522,-0.0450364,-0.0257775,0.000641132,-0.00189277,4916.66,-39.4045,-123.372,0.00101985,0.0439714,-65.9015,3106.67,-24.8983,-77.9542,0.00210259,0.0249365,-64.3338,5556.32,-44.5311,-139.422,-0.00153173,0.031494,-65.9397,2868.75,-22.9916,-71.9843,-0.00106145,0.0348811,-64.0989
2.499,165.625,1.30947,22.0679,0.368472,0.337573,-5.05232,-0.270735,-0.0255424,0.00801411,3967.31,3,0.100713,0,0.0799996,-0.0448148,-0.0255203,0.000629384,-0.0019064,4920.18,-39.4446,-125.701,0.00107861,0.0441545,-65.9023,3102.28,-24.8706,-79.2568,0.00211963,0.0250915,-64.3316,5570.21,-44.6558,-142.307,-0.00151426,0.0319682,-65.9423,2855.22,-22.89,-72.9449,-0.00110198,0.035354,-64.09
2.509,165.846,1.2977,22.067,0.377618,0.383369,-5.03956,-0.270857,-0.0259784,0.00801628,3967.25,3,0.101317,0,0.079968,-0.0446131,-0.0252547,0.000619231,-0.00191766,4922.66,-39.4755,-127.911,0.00105414,0.0443463,-65.9003,3099.1,-24.8522,-80.5277,0.00219767,0.0252173,-64.3323,5583.06,-44.7714,-145.071,-0.00151252,0.0324122,-65.9424,2842.83,-22.7971,-73.8688,-0.00110827,0.0358197,-64.0849
2.519,166.066,1.28542,22.0661,0.386382,0.326768,-5.14139,-0.270654,-0.0263948,0.00801828,3967.18,3,0.101894,0,0.0798575,-0.0443667,-0.0249427,0.000601695,-0.00193701,4923.82,-39.4952,-129.993,0.00108387,0.0444591,-65.8998,3097.12,-24.8428,-81.7669,0.00228596,0.0252824,-64.3318,5594.82,-44.8774,-147.708,-0.00155452,0.0328177,-65.9428,2831.89,-22.7153,-74.7645,-0.000992485,0.0362196,-64.079
2.529,166.286,1.27264,22.0652,0.394847,0.402299,-5.10787,-0.270247,-0.0267913,0.0080201,3967.12,3,0.102499,0,0.0796682,-0.0440747,-0.0245898,0.000596719,-0.00194427,4925.78,-39.5203,-132,0.00114954,0.0446015,-65.899,3094.44,-24.8272,-82.9239,0.00226772,0.0253684,-64.3315,5605.72,-44.9756,-150.22,-0.00154643,0.0332083,-65.9427,2821.31,-22.6358,-75.6046,-0.00104917,0.0366239,-64.0724
2.539,166.507,1.25935,22.0644,0.402939,0.468366,-5.08406,-0.26956,-0.0271678,0.0080217,3967.06,3,0.103099,0,0.0794003,-0.0437196,-0.0241817,0.000586028,-0.00195738,4926.63,-39.5354,-133.878,0.00121913,0.0446751,-65.895,3092.65,-24.818,-84.0409,0.00226186,0.025387,-64.3343,5615.62,-45.0644,-152.601,-0.00153149,0.0335715,-65.9407,2811.52,-22.562,-76.4014,-0.00111667,0.0370021,-64.0693
2.549,166.727,1.24555,22.0635,0.410705,0.480259,-4.99852,-0.268518,-0.0275241,0.00802309,3967,3,0.103688,0,0.079054,-0.0433621,-0.0237786,0.000576887,-0.00196913,4927.07,-39.5462,-135.648,0.00133089,0.0447306,-65.8914,3091.55,-24.8137,-85.1137,0.00224463,0.0253875,-64.3368,5624.47,-45.1437,-154.848,-0.00150954,0.0339049,-65.9387,2803.05,-22.4981,-77.1709,-0.00120279,0.037349,-64.0652
2.559,166.947,1.23123,22.0627,0.418019,0.587469,-4.93352,-0.267237,-0.0278597,0.00802423,3966.94,3,0.104283,0,0.0786297,-0.0429384,-0.0233033,0.000567724,-0.00197829,4926.83,-39.5502,-137.296,0.00133601,0.0447407,-65.8876,3090.71,-24.8107,-86.1286,0.00224392,0.0253625,-64.3397,5632.28,-45.2133,-156.954,-0.00148596,0.0342044,-65.936,2795.63,-22.442,-77.9055,-0.00126841,0.0376705,-64.063
2.569,167.167,1.21641,22.0618,0.424814,0.48367,-5.14226,-0.26612,-0.0281742,0.00802513,3966.89,3,0.104829,0,0.0781278,-0.0424848,-0.0227862,0.000558321,-0.00198941,4923.77,-39.5305,-138.76,0.00133317,0.0446771,-65.8843,3092.84,-24.8308,-87.1612,0.00232754,0.0252448,-64.3423,5638.67,-45.27,-158.907,-0.00153179,0.0344239,-65.9321,2790.59,-22.4042,-78.6433,-0.00112322,0.0378593,-64.0611
2.579,167.387,1.20107,22.0611,0.431278,0.573391,-5.11557,-0.264317,-0.0284674,0.00802575,3966.84,3,0.105403,0,0.0775488,-0.0420166,-0.0222718,0.000551279,-0.00199789,4921.22,-39.5133,-140.132,0.00136731,0.0446096,-65.8789,3094.4,-24.8455,-88.1134,0.00233263,0.0251283,-64.3469,5644.45,-45.3203,-160.727,-0.00150307,0.0346468,-65.9281,2785.4,-22.3645,-79.3147,-0.0012206,0.038092,-64.0604
2.589,167.607,1.18521,22.0603,0.437229,0.547468,-5.15168,-0.262477,-0.0287392,0.00802608,3966.79,3,0.105946,0,0.0768932,-0.0414763,-0.021694,0.000540705,-0.00200846,4918.51,-39.4935,-141.393,0.00139105,0.0444992,-65.8716,3096.71,-24.8652,-89.0213,0.0023793,0.0249739,-64.3534,5648.93,-45.3585,-162.39,-0.00150092,0.0348358,-65.9226,2781.83,-22.3369,-79.9694,-0.00121938,0.0382694,-64.0616
2.599,167.827,1.16885,22.0595,0.442783,0.569567,-5.11103,-0.260135,-0.028989,0.00802609,3966.74,3,0.106482,0,0.0761618,-0.0408959,-0.0210813,0.000535241,-0.00201623,4914.94,-39.4652,-142.519,0.00140596,0.0443399,-65.8654,3099.51,-24.888,-89.877,0.00237301,0.0247688,-64.3588,5652.38,-45.3866,-163.903,-0.00149444,0.0349662,-65.9171,2779.36,-22.3173,-80.5935,-0.00123179,0.0384039,-64.0619
2.609,168.047,1.15196,22.0589,0.447878,0.634331,-5.0665,-0.257395,-0.0292167,0.00802579,3966.7,3,0.107004,0,0.0753552,-0.0403426,-0.0204715,0.000528523,-0.0020234,4909.84,-39.423,-143.49,0.00137,0.0441135,-65.8582,3103.38,-24.9183,-90.6965,0.00242834,0.0245167,-64.3655,5654.68,-45.4037,-165.258,-0.00149835,0.0350607,-65.9099,2778.11,-22.3065,-81.1903,-0.00122835,0.0384921,-64.0648
2.619,168.267,1.13457,22.0582,0.452347,0.558427,-5.16628,-0.254736,-0.0294217,0.00802516,3966.67,3,0.107482,0,0.0744743,-0.0397158,-0.0197956,0.000522248,-0.00203052,4903.71,-39.3709,-144.317,0.00140111,0.0438866,-65.8506,3108.89,-24.9607,-91.4954,0.00248662,0.02422,-64.3727,5655.16,-45.4042,-166.432,-0.00154362,0.0351013,-65.9023,2778.52,-22.3082,-81.7723,-0.00110955,0.0385138,-64.0681
2.629,168.487,1.11666,22.0576,0.456358,0.658646,-5.07741,-0.251598,-0.0296039,0.0080242,3966.64,3,0.107991,0,0.0735198,-0.039063,-0.0191039,0.000513997,-0.00203966,4897.92,-39.32,-145.04,0.00147309,0.0436458,-65.8411,3113.55,-24.9952,-92.2002,0.00241883,0.0239476,-64.382,5655.88,-45.4048,-167.485,-0.0015081,0.0351469,-65.8934,2778.97,-22.3092,-82.2923,-0.00125086,0.038566,-64.0728
2.639,168.707,1.09825,22.0571,0.459816,0.589197,-5.11296,-0.248199,-0.0297631,0.00802283,3966.6,3,0.108424,0,0.0724928,-0.0383487,-0.0183663,0.000510994,-0.00204305,4890.72,-39.2557,-145.606,0.00140338,0.0432768,-65.8297,3120.47,-25.0467,-92.9025,0.00255831,0.0235406,-64.3929,5654.55,-45.3866,-168.347,-0.00156703,0.0351019,-65.8834,2782.17,-22.3313,-82.8305,-0.00106941,0.0384947,-64.0797
2.649,168.927,1.07933,22.0565,0.462667,0.582766,-5.14057,-0.244674,-0.0298988,0.00802108,3966.57,3,0.108872,0,0.0713943,-0.037614,-0.0176031,0.000505977,-0.00204822,4882.54,-39.1816,-146.026,0.0014239,0.0429293,-65.8208,3127.55,-25.0981,-93.538,0.00253147,0.0231762,-64.4016,5652.16,-45.3577,-169.043,-0.00155999,0.0350373,-65.8739,2785.71,-22.3549,-83.3143,-0.00110841,0.0384197,-64.0848
2.659,169.146,1.0599,22.056,0.464966,0.585448,-5.10216,-0.240814,-0.0300106,0.008019,3966.55,3,0.109307,0,0.0702253,-0.0368503,-0.016797,0.000501814,-0.00205274,4874.54,-39.1074,-146.332,0.00153596,0.0425955,-65.8099,3134.54,-25.1478,-94.0976,0.00243799,0.022789,-64.4127,5648.79,-45.319,-169.574,-0.00151716,0.0349431,-65.8631,2790.25,-22.3856,-83.7623,-0.00119667,0.0383113,-64.0934
2.669,169.366,1.03997,22.0556,0.46675,0.599472,-5.04081,-0.236406,-0.0300983,0.00801646,3966.54,3,0.109692,0,0.068987,-0.0361018,-0.0160123,0.000500203,-0.00205355,4864.74,-39.0165,-146.465,0.00147161,0.0421501,-65.7984,3144.27,-25.2178,-94.6657,0.00252469,0.0222844,-64.4245,5643.61,-45.2632,-169.914,-0.0015214,0.0347773,-65.8517,2796.78,-22.4309,-84.2038,-0.00114831,0.0381247,-64.1023
2.679,169.586,1.01954,22.0553,0.467879,0.695563,-4.94872,-0.231823,-0.0301613,0.00801351,3966.52,3,0.110092,0,0.0676806,-0.0352775,-0.015155,0.000494691,-0.0020597,4854.86,-38.923,-146.473,0.00155196,0.0417012,-65.7863,3152.46,-25.2743,-95.1111,0.00240582,0.021826,-64.4368,5637.81,-45.2001,-170.095,-0.00148017,0.0346021,-65.8397,2803.06,-22.4731,-84.5696,-0.00130686,0.0379532,-64.1119
2.689,169.805,0.99862,22.0551,0.468369,0.634336,-5.01455,-0.227085,-0.0301995,0.0080101,3966.51,3,0.110409,0,0.0663074,-0.0344245,-0.0142979,0.000492576,-0.00206108,4842.73,-38.8093,-146.292,0.00138929,0.0411121,-65.7709,3164.41,-25.3593,-95.5926,0.0025701,0.0212314,-64.4523,5630.17,-45.1198,-170.08,-0.00155474,0.034338,-65.8253,2812.97,-22.543,-84.9761,-0.00107279,0.037631,-64.1249
2.699,170.025,0.977209,22.0548,0.468238,0.653335,-4.95326,-0.221989,-0.030212,0.00800625,3966.5,3,0.110742,0,0.0648688,-0.0335138,-0.0133758,0.000490117,-0.00206329,4830.93,-38.6961,-145.997,0.00148853,0.0405642,-65.7579,3175.22,-25.4338,-95.9592,0.00246245,0.0206715,-64.4659,5621.65,-45.0298,-169.893,-0.00152176,0.0340567,-65.8114,2822.42,-22.6078,-85.297,-0.00119858,0.0373595,-64.137
2.709,170.244,0.955314,22.0547,0.467541,0.666918,-4.82441,-0.216424,-0.0301984,0.00800196,3966.51,3,0.111034,0,0.0633661,-0.0326279,-0.0124465,0.000488815,-0.00206393,4818.26,-38.5739,-145.548,0.00157437,0.0400163,-65.7458,3187.02,-25.5146,-96.2723,0.00237176,0.0200568,-64.4788,5611.38,-44.9235,-169.506,-0.00150206,0.0337229,-65.7983,2834,-22.6884,-85.6084,-0.00121313,0.037003,-64.1485
2.719,170.464,0.932941,22.0546,0.466105,0.631896,-4.81075,-0.210845,-0.0301584,0.00799718,3966.52,3,0.111287,0,0.061801,-0.0317395,-0.0115375,0.000488238,-0.00206313,4804.57,-38.4413,-144.942,0.00150687,0.0394389,-65.7292,3200.91,-25.6105,-96.5637,0.00244782,0.0194228,-64.4964,5599.78,-44.8038,-168.932,-0.00152346,0.0333341,-65.7825,2847.37,-22.7817,-85.8981,-0.00114145,0.0365839,-64.1643
2.729,170.683,0.910095,22.0546,0.464053,0.660301,-4.7172,-0.20483,-0.0300916,0.00799192,3966.53,3,0.11152,0,0.0601748,-0.0307882,-0.0105836,0.000487695,-0.00206362,4789.98,-38.2993,-144.182,0.00150236,0.0388005,-65.7138,3214.66,-25.7035,-96.7634,0.00240612,0.0187667,-64.5125,5586.8,-44.6704,-168.166,-0.00152039,0.0329043,-65.7669,2861.77,-22.8819,-86.141,-0.0011254,0.0361295,-64.1795
2.739,170.903,0.886783,22.0547,0.461259,0.626221,-4.74495,-0.198778,-0.0299973,0.00798614,3966.54,3,0.111726,0,0.0584892,-0.0297677,-0.00957676,0.000487809,-0.00206187,4773.62,-38.1407,-143.239,0.0014957,0.038033,-65.6967,3229.6,-25.8042,-96.9085,0.00238167,0.0180551,-64.5306,5572.48,-44.5236,-167.21,-0.00150963,0.0324301,-65.7501,2877.38,-22.99,-86.3395,-0.00115593,0.0356337,-64.1971
2.749,171.122,0.863014,22.0549,0.45795,0.764228,-4.48507,-0.192054,-0.0298753,0.00797988,3966.56,3,0.111933,0,0.056746,-0.0288038,-0.00858814,0.000488629,-0.00205905,4758.28,-37.9882,-142.197,0.00154158,0.0373842,-65.6798,3244.85,-25.9056,-96.9696,0.00224067,0.0173459,-64.5488,5556.68,-44.3623,-166.057,-0.00144114,0.0319331,-65.7321,2893.77,-23.1027,-86.4779,-0.00137778,0.0351288,-64.2151
2.759,171.341,0.838793,22.0551,0.453847,0.730624,-4.49544,-0.185395,-0.0297247,0.00797309,3966.6,3,0.112073,0,0.0549467,-0.0277877,-0.00755328,0.000491174,-0.00205487,4740.13,-37.811,-140.94,0.00148524,0.0365883,-65.6615,3262.53,-26.0245,-97.0063,0.00227254,0.0165386,-64.5689,5539.33,-44.1861,-164.703,-0.00145101,0.0313555,-65.714,2912.69,-23.2339,-86.6042,-0.00133991,0.0345231,-64.2355
2.769,171.56,0.814131,22.0554,0.449133,0.669889,-4.40069,-0.178327,-0.0295449,0.0079658,3966.63,3,0.112159,0,0.0530932,-0.0267642,-0.00652352,0.000493235,-0.00205111,4721.48,-37.6276,-139.537,0.00153397,0.0358328,-65.6437,3281,-26.1477,-96.9651,0.00223452,0.0157266,-64.5884,5520.14,-43.9924,-163.14,-0.00147056,0.0307359,-65.695,2933.58,-23.379,-86.6977,-0.00124305,0.0338635,-64.2563
2.779,171.78,0.789036,22.0557,0.443704,0.60269,-4.35981,-0.171211,-0.0293354,0.00795793,3966.67,3,0.112233,0,0.0511873,-0.0256879,-0.00545891,0.000495004,-0.0020486,4702.41,-37.4384,-137.986,0.00150959,0.0350065,-65.6245,3300.27,-26.2752,-96.8423,0.00220026,0.0149049,-64.6094,5499.44,-43.7839,-161.374,-0.00146644,0.030073,-65.6761,2955.83,-23.5329,-86.7353,-0.00121846,0.0331687,-64.2769
2.789,171.999,0.763517,22.0562,0.437728,0.72314,-4.16357,-0.163409,-0.0290958,0.00794953,3966.7,3,0.112293,0,0.0492309,-0.0246323,-0.00441134,0.000500149,-0.00203971,4681.06,-37.2288,-136.238,0.00148367,0.034115,-65.6031,3320.27,-26.4063,-96.6332,0.0021536,0.0140416,-64.6326,5477.21,-43.5606,-159.409,-0.00145296,0.0293728,-65.6549,2979.1,-23.693,-86.7037,-0.00127399,0.0324469,-64.3013
2.799,172.218,0.737585,22.0567,0.431027,0.69669,-4.08408,-0.155656,-0.0288251,0.00794058,3966.76,3,0.112309,0,0.0472259,-0.0235449,-0.00333298,0.000505109,-0.00203242,4659.08,-37.012,-134.336,0.00144966,0.0332251,-65.5836,3341.96,-26.5487,-96.359,0.00212204,0.0131389,-64.6545,5453.27,-43.3211,-157.235,-0.00143701,0.0286182,-65.6346,3004.57,-23.8684,-86.631,-0.00127494,0.0316612,-64.3243
2.809,172.437,0.711251,22.0573,0.42366,0.625884,-4.00956,-0.147786,-0.0285228,0.00793112,3966.82,3,0.112289,0,0.0451743,-0.0224376,-0.00222412,0.000509256,-0.00202623,4636.68,-36.7898,-132.287,0.00150034,0.0323452,-65.5624,3364.22,-26.6934,-95.983,0.0020506,0.0122298,-64.6785,5427.54,-43.0649,-154.851,-0.00142889,0.0278257,-65.6123,3031.6,-24.0543,-86.4933,-0.00128221,0.0308425,-64.3512
2.819,172.656,0.684525,22.058,0.415719,0.720211,-3.82371,-0.139473,-0.0281887,0.0079211,3966.89,3,0.112263,0,0.0430781,-0.0213328,-0.00113668,0.000515552,-0.00201804,4613.33,-36.5579,-130.078,0.00148867,0.0314394,-65.5416,3386.99,-26.8399,-95.5001,0.00195555,0.0113269,-64.702,5400.29,-42.7942,-152.268,-0.00142447,0.0269998,-65.5905,3059.79,-24.247,-86.2744,-0.00132239,0.0299924,-64.376
2.829,172.875,0.657421,22.0587,0.407153,0.728966,-3.66746,-0.131057,-0.0278223,0.00791054,3966.95,3,0.112194,0,0.0409394,-0.0201997,-2.57172e-05,0.000521777,-0.00200843,4588.95,-36.3159,-127.708,0.00151964,0.0304662,-65.5195,3411.19,-26.9954,-94.9319,0.0018848,0.0103767,-64.7271,5371.18,-42.5063,-149.477,-0.00139233,0.0261282,-65.5679,3089.81,-24.4521,-85.988,-0.00143601,0.0290987,-64.4031
2.839,173.094,0.62995,22.0596,0.397987,0.669723,-3.59072,-0.122501,-0.0274231,0.00789944,3967.02,3,0.112066,0,0.0387603,-0.0190546,0.00109821,0.000529208,-0.00199803,4562.78,-36.0577,-125.157,0.00146584,0.0294231,-65.4963,3437.6,-27.1659,-94.2933,0.00187625,0.00934815,-64.7532,5340.37,-42.2027,-146.486,-0.00140528,0.0252017,-65.5439,3122.61,-24.6767,-85.6533,-0.00130806,0.0281285,-64.4324
2.849,173.313,0.602125,22.0603,0.388201,0.581105,-3.53304,-0.113916,-0.0269905,0.00788785,3967.11,3,0.111942,0,0.036543,-0.0178977,0.00223104,0.000537014,-0.0019882,4535.98,-35.7929,-122.458,0.00136989,0.0284177,-65.4731,3464.57,-27.3386,-93.5333,0.0018586,0.00833704,-64.78,5307.76,-41.8829,-143.294,-0.0013965,0.0242461,-65.5193,3156.31,-24.9061,-85.211,-0.00131055,0.0271419,-64.4628
2.859,173.531,0.573961,22.0613,0.37795,0.571811,-3.36221,-0.104937,-0.0265243,0.00787576,3967.21,3,0.11178,0,0.0342896,-0.0167722,0.00335051,0.000546081,-0.0019758,4508.38,-35.5201,-119.61,0.00143205,0.0273957,-65.4495,3492.25,-27.5143,-92.6511,0.00178732,0.00731023,-64.8074,5273.47,-41.548,-139.908,-0.00137858,0.0232614,-65.4945,3191.71,-25.1465,-84.6777,-0.00135722,0.0261346,-64.494
2.869,173.75,0.545472,22.0623,0.367183,0.614221,-3.16956,-0.0957775,-0.0260242,0.00786318,3967.3,3,0.111594,0,0.0320023,-0.015623,0.00447191,0.000555778,-0.00196283,4479.89,-35.2388,-116.612,0.00142498,0.0263534,-65.4251,3520.48,-27.6921,-91.6382,0.0017162,0.0062712,-64.8355,5237.42,-41.1976,-136.33,-0.00137568,0.0222422,-65.4692,3228.83,-25.398,-84.0466,-0.00132313,0.0250872,-64.5263
2.879,173.969,0.516672,22.0634,0.355906,0.64133,-2.98272,-0.0866171,-0.0254901,0.00785013,3967.41,3,0.111405,0,0.0296835,-0.0144517,0.00560007,0.000566328,-0.0019491,4450.52,-34.9492,-113.469,0.00143876,0.0252755,-65.4007,3549.89,-27.8767,-90.5064,0.00162186,0.00522817,-64.8638,5199.69,-40.8324,-132.569,-0.00135831,0.021196,-65.4435,3267.22,-25.657,-83.2997,-0.00144868,0.0240322,-64.5577
2.889,174.188,0.487577,22.0645,0.344148,0.537345,-2.88455,-0.0774288,-0.0249218,0.00783664,3967.51,3,0.111157,0,0.0273354,-0.0132884,0.00672471,0.000577765,-0.00193396,4419.79,-34.6478,-110.172,0.0014091,0.0241755,-65.3762,3580.65,-28.0696,-89.2547,0.0016122,0.00415549,-64.8927,5160.29,-40.4528,-128.63,-0.00135613,0.0201095,-65.4173,3308.11,-25.9331,-82.4612,-0.00133088,0.0228943,-64.5907
2.899,174.407,0.458202,22.0656,0.332021,0.536931,-2.69077,-0.0679915,-0.0243194,0.00782277,3967.62,3,0.110904,0,0.0249603,-0.0121356,0.00785023,0.000589938,-0.00191837,4388.38,-34.3401,-106.744,0.00138415,0.0230547,-65.3512,3612.23,-28.2665,-87.8645,0.00155872,0.00305445,-64.9223,5119.2,-40.059,-124.52,-0.00134342,0.019004,-65.3907,3350.22,-26.2163,-81.4914,-0.00134707,0.0217752,-64.6252
2.909,174.625,0.428565,22.0669,0.319478,0.613708,-2.50594,-0.0585499,-0.023683,0.00780853,3967.75,3,0.110657,0,0.0225605,-0.010987,0.00897241,0.000603212,-0.00190157,4356.33,-34.0268,-103.19,0.0013901,0.0219435,-65.3268,3644.09,-28.4635,-86.3189,0.00146061,0.00197986,-64.9514,5076.61,-39.6528,-120.252,-0.0013403,0.017878,-65.3636,3393.22,-26.504,-80.3765,-0.00144605,0.0206418,-64.6581
2.919,174.844,0.398682,22.0681,0.306579,0.516871,-2.34583,-0.0491696,-0.0230129,0.00779398,3967.87,3,0.110358,0,0.0201385,-0.009832,0.0100882,0.000616976,-0.00188424,4323.63,-33.7079,-99.5169,0.00137293,0.0208236,-65.3007,3677.45,-28.6702,-84.6438,0.00144527,0.000863828,-64.9825,5032.34,-39.2331,-115.829,-0.00132433,0.0167269,-65.3364,3438.6,-26.808,-79.146,-0.00139696,0.0194634,-64.6954
2.929,175.063,0.36857,22.0693,0.293366,0.47803,-2.1751,-0.039751,-0.0223097,0.00777915,3968.01,3,0.110061,0,0.0176966,-0.00866461,0.0112076,0.000632051,-0.00186715,4290.25,-33.3835,-95.73,0.00136207,0.0196764,-65.2749,3711.19,-28.8776,-82.8091,0.00139964,-0.000251076,-65.0132,4986.76,-38.8032,-111.272,-0.00131505,0.0155593,-65.3089,3484.94,-27.1171,-77.7607,-0.00139632,0.0182869,-64.7313
2.939,175.281,0.338247,22.0706,0.279878,0.407605,-2.02706,-0.0303156,-0.0215739,0.00776408,3968.14,3,0.109737,0,0.0152373,-0.00751693,0.0123085,0.000647589,-0.00184751,4255.98,-33.0522,-91.8323,0.00134751,0.0185148,-65.2502,3745.49,-29.0877,-80.8174,0.0013469,-0.0013637,-65.0433,4939.79,-38.3626,-106.587,-0.00130827,0.0143797,-65.2809,3532.85,-27.4363,-76.2292,-0.00139424,0.0170717,-64.766
2.949,175.5,0.307731,22.0719,0.266171,0.345156,-1.83968,-0.020859,-0.0208063,0.00774888,3968.28,3,0.109412,0,0.0127629,-0.00638633,0.0134059,0.000664441,-0.00182786,4221.4,-32.7189,-87.8444,0.00133875,0.0173675,-65.2246,3780.36,-29.3004,-78.6666,0.00131035,-0.0024903,-65.0744,4891.54,-37.9129,-101.79,-0.00129336,0.0131848,-65.2529,3581.72,-27.7609,-74.5332,-0.00136851,0.0158628,-64.8034
2.959,175.718,0.27704,22.0733,0.252269,0.386543,-1.62173,-0.0114236,-0.0200079,0.00773358,3968.43,3,0.109086,0,0.010276,-0.00526992,0.0144885,0.000681304,-0.00180614,4186.56,-32.3842,-83.7756,0.00133738,0.016219,-65.1993,3815.59,-29.5147,-76.3523,0.00126326,-0.00361143,-65.1053,4842.09,-37.4549,-96.8932,-0.00128119,0.0119875,-65.2245,3631.56,-28.0911,-72.6696,-0.00136875,0.0146532,-64.8393
2.969,175.937,0.246193,22.0747,0.238196,0.341348,-1.43829,-0.00208405,-0.0191799,0.00771824,3968.58,3,0.108731,0,0.00777884,-0.00414698,0.0155674,0.00069932,-0.00178491,4151.47,-32.0486,-79.6345,0.00133597,0.0150662,-65.1738,3851.28,-29.7311,-73.8761,0.00123033,-0.00474311,-65.1364,4791.68,-36.9909,-91.915,-0.00126372,0.0107781,-65.1963,3682.59,-28.4289,-70.6403,-0.00133772,0.0134219,-64.8768
2.979,176.156,0.215207,22.076,0.223993,0.362081,-1.23877,0.00716481,-0.0183234,0.00770293,3968.73,3,0.108415,0,0.00527405,-0.00302877,0.01664,0.000719052,-0.00176324,4115.98,-31.711,-75.4272,0.00132397,0.0138909,-65.1486,3886.9,-29.9461,-71.2292,0.00117376,-0.00586112,-65.1673,4740.19,-36.5202,-86.8662,-0.00127975,0.00956592,-65.1682,3733.64,-28.7654,-68.4207,-0.00143556,0.0122103,-64.914
2.989,176.374,0.184103,22.0774,0.209711,0.312151,-1.04789,0.0163517,-0.01744,0.0076877,3968.89,3,0.108064,0,0.00276405,-0.00193032,0.0176898,0.000738849,-0.0017401,4080.24,-31.373,-71.1666,0.00131922,0.0127257,-65.1238,3922.93,-30.1635,-68.4229,0.0011457,-0.0069873,-65.198,4688.1,-36.0469,-81.7687,-0.00125654,0.00834899,-65.1404,3786.15,-29.1118,-66.0371,-0.00139189,0.0109929,-64.952
2.999,176.593,0.152899,22.0788,0.195365,0.332049,-0.850015,0.0254307,-0.0165311,0.00767263,3969.04,3,0.107729,0,0.000251327,-0.000856722,0.0187282,0.00075944,-0.00171634,4044.51,-31.0369,-66.8664,0.00130495,0.0115691,-65.0993,3958.96,-30.3804,-65.4521,0.00109896,-0.00810043,-65.2285,4635.22,-35.5699,-76.6324,-0.00126047,0.00713393,-65.1123,3838.85,-29.4586,-63.4662,-0.00142726,0.00977908,-64.9891
3.009,176.811,0.121613,22.0802,0.180984,0.244191,-0.66839,0.03437,-0.0155987,0.00765778,3969.21,3,0.107358,0,-0.00226165,0.00021021,0.0197636,0.000780312,-0.00169152,4009.04,-30.7047,-62.5407,0.00132257,0.0104309,-65.0748,3994.7,-30.5949,-62.3171,0.00108164,-0.00921652,-65.2591,4582.08,-35.0935,-71.4802,-0.0012346,0.00593087,-65.0836,3892.51,-29.8122,-60.7229,-0.00138254,0.00855161,-65.0246
3.019,177.03,0.0902663,22.0815,0.166614,0.129495,-0.479245,0.0431949,-0.0146445,0.00764323,3969.37,3,0.107015,0,-0.00477239,0.00126885,0.0207862,0.000802651,-0.00166667,3973.82,-30.3767,-58.1989,0.00133655,0.00928918,-65.0508,4030.52,-30.8101,-59.0292,0.0010487,-0.0103369,-65.289,4528.48,-34.6166,-66.3222,-0.00120526,0.00472927,-65.0556,3946.09,-30.1647,-57.7928,-0.00134461,0.00734141,-65.0615
3.029,177.249,0.0588762,22.0828,0.152262,0.119121,-0.29439,0.051881,-0.0136706,0.007629,3969.53,3,0.106683,0,-0.00727842,0.0023123,0.0217904,0.000825301,-0.00164121,3938.46,-30.0499,-53.8444,0.00134265,0.00813,-65.0272,4065.95,-31.0227,-55.5875,0.00101733,-0.0114354,-65.3186,4474.63,-34.1408,-61.1747,-0.00119009,0.00353403,-65.0278,3999.55,-30.516,-54.6796,-0.00133985,0.00614517,-65.0978
3.039,177.467,0.0274621,22.0842,0.137966,0.172012,-0.087385,0.0604147,-0.0126789,0.00761518,3969.69,3,0.106373,0,-0.00977726,0.00333823,0.0227787,0.000848336,-0.00161553,3903.69,-29.7303,-49.4973,0.00132787,0.00699999,-65.0041,4101.02,-31.2331,-51.9994,0.000986615,-0.0125338,-65.3476,4420.54,-33.6666,-56.0508,-0.0012196,0.00233802,-65.0007,4052.81,-30.866,-51.3881,-0.0014049,0.00496817,-65.1346
3.049,177.686,-0.00395718,22.0855,0.123734,0.149504,0.097606,0.0688025,-0.0116717,0.00760182,3969.86,3,0.10606,0,-0.0122665,0.00433975,0.0237495,0.000872402,-0.00158911,3869.22,-29.4157,-45.1624,0.00133277,0.00587511,-64.9813,4135.69,-31.4415,-48.2727,0.000968354,-0.013618,-65.3764,4366.61,-33.1971,-50.9681,-0.00122202,0.00115798,-64.9731,4106.02,-31.216,-47.9265,-0.00141938,0.00379313,-65.1698
3.059,177.904,-0.035363,22.0867,0.109595,0.0814827,0.295622,0.0770509,-0.0106511,0.00758898,3970.02,3,0.105757,0,-0.0147436,0.00532893,0.0247179,0.000897248,-0.00156303,3835.54,-29.1101,-40.8543,0.00136132,0.00476458,-64.9588,4169.5,-31.6446,-44.4114,0.000931737,-0.0146958,-65.4048,4312.94,-32.7333,-45.9393,-0.00117097,-5.15961e-06,-64.9456,4159.1,-31.5657,-44.3007,-0.00136682,0.00262834,-65.2043
3.069,178.123,-0.0667371,22.088,0.0955445,-0.00586506,0.463859,0.0850872,-0.00961936,0.00757669,3970.18,3,0.105435,0,-0.0172061,0.00630509,0.0256716,0.000921706,-0.00153566,3802.31,-28.8108,-36.5769,0.00138195,0.00367193,-64.9366,4203.15,-31.8481,-40.4329,0.000924711,-0.0157777,-65.4327,4259.77,-32.277,-40.9775,-0.00112509,-0.00115046,-64.9191,4211.92,-31.9145,-40.5173,-0.00133281,0.00146922,-65.2391
3.079,178.342,-0.0980608,22.0891,0.0816295,-0.0353675,0.658531,0.0930175,-0.00857853,0.007565,3970.34,3,0.105161,0,-0.0196517,0.00725768,0.0266035,0.00094761,-0.00150909,3769.63,-28.5188,-32.3387,0.00138829,0.00258001,-64.9151,4236.03,-32.0474,-36.3398,0.000909238,-0.0168361,-65.4599,4206.7,-31.8255,-36.0882,-0.00114673,-0.00229583,-64.8923,4263.75,-32.257,-36.5776,-0.0013693,0.000338711,-65.2728
3.089,178.56,-0.129316,22.0903,0.0678399,-0.0959326,0.855795,0.100792,-0.0075308,0.00755392,3970.49,3,0.104894,0,-0.0220778,0.00818307,0.027504,0.000974202,-0.00148247,3737.73,-28.2358,-28.1486,0.00140954,0.00151477,-64.8942,4267.94,-32.2412,-32.1416,0.000873517,-0.0178671,-65.4863,4154.26,-31.3825,-31.2855,-0.00113196,-0.00341445,-64.8666,4315.14,-32.5978,-32.4971,-0.0013667,-0.000787175,-65.3067
3.099,178.779,-0.160486,22.0915,0.0541513,-0.0325767,1.01676,0.108306,-0.00647833,0.0075435,3970.65,3,0.104664,0,-0.0244822,0.00910404,0.0284157,0.000999773,-0.00145471,3706.26,-27.9593,-24.0107,0.00139942,0.000439524,-64.8737,4299.58,-32.4352,-27.8545,0.00088392,-0.0189222,-65.5123,4102.21,-30.9463,-26.5758,-0.00117546,-0.00454727,-64.841,4365.57,-32.933,-28.282,-0.00141433,-0.00187933,-65.3396
3.109,178.998,-0.191552,22.0926,0.0405939,-0.087951,1.17845,0.115637,-0.00542327,0.00753378,3970.81,3,0.10441,0,-0.0268624,0.0100039,0.0293125,0.0010264,-0.00142723,3676.01,-27.6952,-19.9362,0.0014413,-0.000590533,-64.8538,4329.94,-32.6219,-23.4827,0.00086987,-0.019945,-65.5376,4051.25,-30.5223,-21.9713,-0.00111419,-0.0056366,-64.8154,4415.5,-33.2665,-23.9467,-0.00137726,-0.00297196,-65.3715
3.119,179.217,-0.222498,22.0936,0.0272169,-0.0633048,1.36175,0.122898,-0.00436757,0.00752475,3970.96,3,0.10422,0,-0.0292161,0.010875,0.0301886,0.00104938,-0.00139838,3646.12,-27.4369,-15.9248,0.00144006,-0.00164134,-64.8343,4360.03,-32.8091,-19.0429,0.000864596,-0.0209782,-65.5623,4000.73,-30.1053,-17.4736,-0.00112754,-0.00673092,-64.7901,4464.32,-33.5939,-19.4984,-0.0013943,-0.00404028,-65.4027
3.129,179.435,-0.253306,22.0946,0.0139525,-0.0264192,1.51285,0.12992,-0.00331311,0.00751641,3971.1,3,0.104036,0,-0.031541,0.0117254,0.0310376,0.00108022,-0.00137294,3617.07,-27.1881,-11.9838,0.00142248,-0.00265705,-64.8151,4389.22,-32.992,-14.542,0.000890223,-0.0219878,-65.5864,3951,-29.698,-13.0902,-0.00119778,-0.00781466,-64.7651,4512.21,-33.9164,-14.9495,-0.00144688,-0.00509157,-65.4331
3.139,179.654,-0.28396,22.0955,0.000848134,-0.0944779,1.68035,0.136826,-0.00226171,0.00750876,3971.24,3,0.103849,0,-0.0338348,0.0125557,0.0318662,0.00110732,-0.00134581,3589.17,-26.9508,-8.11766,0.00145435,-0.0036451,-64.7975,4417.5,-33.1707,-9.9911,0.000899717,-0.022972,-65.6087,3902.42,-29.303,-8.82615,-0.00117939,-0.00886455,-64.7431,4559.33,-34.2357,-10.3119,-0.00143868,-0.00613316,-65.4647
3.149,179.873,-0.314444,22.0964,-0.012105,-0.187686,1.86709,0.143577,-0.00121511,0.00750184,3971.37,3,0.103679,0,-0.0360951,0.013374,0.0326944,0.00113437,-0.00131783,3562.3,-26.7243,-4.32858,0.00151842,-0.00462168,-64.7797,4444.18,-33.3402,-5.40017,0.000849473,-0.0239397,-65.6309,3855.09,-28.9208,-4.68435,-0.00112392,-0.0099022,-64.7179,4605.58,-34.551,-5.59628,-0.00141489,-0.00714644,-65.4932
3.159,180.092,-0.344741,22.0972,-0.0249515,-0.158896,1.99361,0.150081,-0.000174935,0.00749562,3971.51,3,0.103554,0,-0.0383199,0.0141643,0.0335058,0.00116106,-0.0012917,3535.67,-26.5025,-0.618511,0.00153458,-0.005595,-64.7614,4470.9,-33.5128,-0.782117,0.000858453,-0.0249239,-65.654,3808.27,-28.5459,-0.666199,-0.00110199,-0.0109214,-64.6942,4650.51,-34.8591,-0.813536,-0.00141094,-0.0081656,-65.5212
3.169,180.311,-0.374838,22.0981,-0.0376448,-0.0823768,2.1494,0.156435,0.000857432,0.00749012,3971.64,3,0.103459,0,-0.0405068,0.014927,0.0342938,0.00118898,-0.00126525,3509.93,-26.2903,3.00953,0.00150593,-0.00654757,-64.7448,4496.48,-33.6798,3.85543,0.000887191,-0.0258717,-65.6751,3762.26,-28.1803,3.22589,-0.00118026,-0.0119465,-64.6724,4694.38,-35.1622,4.02511,-0.00144567,-0.00914971,-65.5497
3.179,180.53,-0.404718,22.0988,-0.0501883,-0.116164,2.28699,0.162712,0.00188056,0.00748531,3971.76,3,0.103369,0,-0.0426537,0.0156585,0.0350472,0.00121665,-0.00123904,3485.18,-26.0882,6.5541,0.00152804,-0.00747551,-64.727,4521.7,-33.847,8.50335,0.000905338,-0.026837,-65.6966,3717.57,-27.8277,6.99113,-0.00121986,-0.0129476,-64.6468,4737.36,-35.4613,8.90891,-0.0014642,-0.0101296,-65.5751
3.189,180.749,-0.434366,22.0994,-0.0626042,-0.285851,2.4906,0.168791,0.00289314,0.00748116,3971.87,3,0.103261,0,-0.0447586,0.016399,0.0358069,0.0012417,-0.00121282,3462.45,-25.9037,10.0174,0.00165637,-0.008344,-64.7126,4544.38,-33.998,13.1476,0.000820206,-0.0276996,-65.7148,3674.63,-27.4911,10.6312,-0.00107353,-0.01389,-64.6278,4779.42,-35.7564,13.8276,-0.001419,-0.0110853,-65.6025
3.199,180.968,-0.463769,22.1,-0.0749103,-0.254184,2.5866,0.174716,0.00389376,0.00747767,3971.98,3,0.103224,0,-0.0468193,0.0170832,0.0365154,0.00127129,-0.00118746,3439.06,-25.7168,13.3909,0.00163136,-0.00923884,-64.6957,4568.34,-34.1614,17.7881,0.000893639,-0.028678,-65.7354,3631.84,-27.1584,14.1416,-0.00113417,-0.0148753,-64.6041,4820.15,-36.0444,18.7686,-0.00143535,-0.0120369,-65.6273
3.209,181.187,-0.492913,22.1006,-0.0871221,-0.225132,2.7217,0.180322,0.00488169,0.00747487,3972.09,3,0.103197,0,-0.0488337,0.0177722,0.0372491,0.00129641,-0.00116203,3416.83,-25.5411,16.68,0.00165306,-0.0101222,-64.6803,4590.19,-34.3121,22.4081,0.000892326,-0.0295279,-65.7544,3590.46,-26.8391,17.5277,-0.00110854,-0.0158103,-64.582,4859.68,-36.3265,23.7236,-0.0014417,-0.012963,-65.6516
3.219,181.406,-0.521783,22.1011,-0.0991482,-0.352215,2.88432,0.186046,0.00585585,0.00747271,3972.2,3,0.10318,0,-0.0508,0.0184088,0.0379321,0.0013234,-0.0011367,3395.98,-25.378,19.8865,0.00174965,-0.0109601,-64.6664,4611.69,-34.463,27.0056,0.000862645,-0.0304268,-65.7717,3550.66,-26.534,20.7924,-0.00102961,-0.0167393,-64.5617,4898.64,-36.6074,28.686,-0.00142785,-0.0138751,-65.6755
3.229,181.625,-0.550366,22.1015,-0.111072,-0.359877,3.07517,0.191518,0.00681539,0.00747113,3972.29,3,0.103197,0,-0.0527162,0.0190257,0.0385824,0.0013513,-0.00111243,3375.61,-25.2207,23.0065,0.00177226,-0.0117761,-64.6522,4631.99,-34.6077,31.5693,0.000879472,-0.0312386,-65.7887,3511.33,-26.2347,23.9315,-0.00106506,-0.0176536,-64.5418,4936.26,-36.881,33.6431,-0.00144103,-0.0147701,-65.6988
3.239,181.845,-0.57865,22.102,-0.123018,-0.21832,3.0628,0.196487,0.00775949,0.00747016,3972.38,3,0.103251,0,-0.0545803,0.0196319,0.0392308,0.00137635,-0.0010881,3355.08,-25.0642,26.0342,0.00171248,-0.0126026,-64.637,4652.84,-34.7592,36.1044,0.00098391,-0.0321145,-65.8068,3472.87,-25.9442,26.9483,-0.00113489,-0.0185836,-64.5206,4972.69,-37.1487,38.5864,-0.00146099,-0.0156618,-65.7207
3.249,182.064,-0.606622,22.1023,-0.134707,-0.337838,3.29541,0.201745,0.00868728,0.00746978,3972.47,3,0.103303,0,-0.0563905,0.0202149,0.0398567,0.00140182,-0.00106492,3337.08,-24.9287,28.9909,0.00183561,-0.0133894,-64.6245,4670.37,-34.8886,40.5738,0.000862424,-0.032879,-65.8219,3436.34,-25.6702,29.8532,-0.00102607,-0.0194526,-64.5015,5008.34,-37.4133,43.5099,-0.00145089,-0.0165213,-65.7424
3.259,182.283,-0.634271,22.1026,-0.146362,-0.285698,3.36211,0.206653,0.00959828,0.00746997,3972.55,3,0.103407,0,-0.0581452,0.0207461,0.0404511,0.0014294,-0.00104111,3318.14,-24.788,31.8494,0.00181735,-0.0141646,-64.6127,4689.36,-35.0316,45.0112,0.00095318,-0.0337345,-65.8363,3399.95,-25.3991,32.6346,-0.00111399,-0.0203547,-64.4833,5042.68,-37.6711,48.4025,-0.00146045,-0.0173838,-65.7635
3.269,182.502,-0.661583,22.1029,-0.157935,-0.216666,3.41542,0.211301,0.0104921,0.00747068,3972.63,3,0.103518,0,-0.0598424,0.0212782,0.0410243,0.00145294,-0.00101815,3300.36,-24.6577,34.6288,0.00181372,-0.0149338,-64.6002,4707.41,-35.1702,49.3923,0.00100637,-0.0345664,-65.8511,3365.14,-25.1418,35.3086,-0.00116483,-0.0212429,-64.4639,5076.14,-37.925,53.2611,-0.00147153,-0.0182316,-65.7833
3.279,182.722,-0.688549,22.103,-0.169332,-0.402742,3.6721,0.216052,0.0113679,0.0074719,3972.69,3,0.10361,0,-0.0614806,0.0217565,0.041553,0.0014791,-0.000995805,3285.18,-24.5485,37.347,0.00198664,-0.0155873,-64.5874,4723.1,-35.2934,53.6938,0.000913202,-0.0352502,-65.8658,3332.03,-24.8987,37.8797,-0.00100334,-0.0220096,-64.4446,5108.67,-38.1746,58.0771,-0.00146366,-0.0190393,-65.8022
3.289,182.941,-0.715156,22.1031,-0.180761,-0.310439,3.66668,0.220357,0.0122254,0.00747361,3972.75,3,0.103771,0,-0.063058,0.0222332,0.0420874,0.00150265,-0.000973833,3268.4,-24.4291,39.9594,0.00193384,-0.0163241,-64.5748,4739.82,-35.4269,57.9489,0.00102322,-0.0360335,-65.8804,3299.04,-24.658,40.3339,-0.00108605,-0.0228926,-64.4266,5140.02,-38.4181,62.8417,-0.00147213,-0.0198598,-65.8205
3.299,183.161,-0.741394,22.1032,-0.192042,-0.178362,3.73582,0.224561,0.013064,0.00747579,3972.81,3,0.103976,0,-0.0645733,0.0226577,0.0425627,0.00152743,-0.00095239,3252.74,-24.3193,42.4963,0.00189565,-0.0170321,-64.5647,4755.94,-35.5581,62.1353,0.00106901,-0.0367774,-65.8923,3266.79,-24.4244,42.6799,-0.00120127,-0.0237408,-64.4096,5170.53,-38.6578,67.5519,-0.00147441,-0.020666,-65.8382
3.309,183.38,-0.767254,22.1032,-0.203189,-0.344226,3.88746,0.22877,0.0138837,0.00747845,3972.88,3,0.104134,0,-0.0660249,0.023069,0.0430368,0.00155124,-0.000931339,3238.82,-24.2241,44.9697,0.00202252,-0.0176705,-64.5546,4769.81,-35.6749,66.2268,0.00105687,-0.03748,-65.9039,3237.13,-24.2115,44.9462,-0.00107305,-0.0245115,-64.3924,5199.97,-38.8922,72.1994,-0.00147944,-0.0214383,-65.855
3.319,183.6,-0.792724,22.1031,-0.214202,-0.447949,4.06854,0.232907,0.0146841,0.00748153,3972.92,3,0.104335,0,-0.0674112,0.0234166,0.0434493,0.00157561,-0.000910913,3225.33,-24.1335,47.3644,0.00210163,-0.0182879,-64.545,4783.69,-35.7938,70.249,0.00105566,-0.0381596,-65.915,3207.89,-24.0029,47.1082,-0.00104518,-0.0252816,-64.3759,5228.47,-39.1219,76.7808,-0.00148496,-0.0222013,-65.871
3.329,183.819,-0.817796,22.1031,-0.225292,-0.343541,4.02027,0.23634,0.015465,0.00748498,3972.97,3,0.104574,0,-0.0687311,0.0237813,0.0438538,0.00160082,-0.000890678,3211.48,-24.0412,49.6695,0.00207718,-0.0189118,-64.5343,4797.65,-35.9153,74.2016,0.00114083,-0.0388247,-65.9268,3179.13,-23.799,49.1692,-0.0010807,-0.0260831,-64.3594,5256.04,-39.3468,81.2911,-0.00149039,-0.0229623,-65.8862
3.339,184.039,-0.84246,22.1029,-0.236158,-0.351407,4.13994,0.239988,0.016226,0.00748883,3973.01,3,0.104819,0,-0.0699831,0.0240929,0.044216,0.00161984,-0.000871446,3199.14,-23.9614,51.9137,0.00211972,-0.0195054,-64.5254,4810.32,-36.0291,78.059,0.00118646,-0.039479,-65.9369,3151.74,-23.6064,51.1444,-0.00110376,-0.0268367,-64.3437,5282.67,-39.567,85.724,-0.00148823,-0.0236958,-65.9007
3.349,184.259,-0.866708,22.1027,-0.246902,-0.41376,4.29822,0.243508,0.016967,0.00749306,3973.05,3,0.105083,0,-0.0711661,0.0243755,0.0445648,0.00164264,-0.000852233,3187.72,-23.8897,54.0912,0.00219259,-0.0200554,-64.5168,4821.59,-36.1344,81.8158,0.00116522,-0.0400832,-65.9464,3125.64,-23.4244,53.0378,-0.0010735,-0.0275713,-64.3289,5308.28,-39.7817,90.0741,-0.0014903,-0.0244085,-65.9144
3.359,184.478,-0.89053,22.1026,-0.25764,-0.293067,4.31544,0.246518,0.017688,0.00749764,3973.09,3,0.10538,0,-0.0722788,0.0246232,0.0448847,0.00166457,-0.000833208,3176.16,-23.8179,56.1858,0.00217915,-0.020608,-64.5088,4833,-36.2424,85.4951,0.00120549,-0.0406617,-65.9554,3100.11,-23.2476,54.8406,-0.00111375,-0.0283083,-64.3134,5332.93,-39.9914,94.3389,-0.00149261,-0.0251207,-65.9277
3.369,184.698,-0.91392,22.1023,-0.268206,-0.296143,4.37821,0.249547,0.018389,0.00750253,3973.12,3,0.105682,0,-0.0733202,0.024851,0.0451588,0.00168358,-0.000815817,3165.43,-23.7532,58.2157,0.00223259,-0.0211336,-64.5019,4843.9,-36.3484,89.0847,0.00124785,-0.0412374,-65.963,3075.76,-23.0803,56.5665,-0.00112932,-0.0290232,-64.3,5356.76,-40.1968,98.5166,-0.00149527,-0.0258122,-65.9397
3.379,184.918,-0.936868,22.102,-0.278695,-0.353243,4.47824,0.252265,0.0190697,0.00750769,3973.14,3,0.105968,0,-0.0742892,0.0250419,0.0454034,0.00170358,-0.000798596,3157.15,-23.7076,60.213,0.00237753,-0.0215445,-64.4957,4853.1,-36.4429,92.5582,0.00117463,-0.0416898,-65.9695,3053.19,-22.927,58.2304,-0.00098787,-0.0296778,-64.2873,5379.6,-40.3965,102.6,-0.00151824,-0.0264655,-65.9509
3.389,185.138,-0.959367,22.1016,-0.288947,-0.431304,4.63964,0.255136,0.0197298,0.00751314,3973.16,3,0.106297,0,-0.075185,0.025193,0.0456005,0.0017238,-0.000781532,3147.8,-23.6549,62.1135,0.00243888,-0.0220407,-64.488,4861.89,-36.5359,95.9366,0.00117481,-0.0422151,-65.9778,3031.12,-22.7781,59.8111,-0.00093546,-0.0303406,-64.274,5401.46,-40.5906,106.584,-0.00154012,-0.0271139,-65.9613
3.399,185.358,-0.981412,22.1013,-0.29918,-0.283316,4.62122,0.257451,0.0203695,0.00751885,3973.19,3,0.106676,0,-0.0760065,0.0253029,0.0457781,0.00174398,-0.000764798,3138.35,-23.6022,63.9354,0.00233133,-0.0225054,-64.4814,4871.73,-36.6381,99.2481,0.00131748,-0.0427517,-65.9849,3008.96,-22.629,61.2993,-0.0011563,-0.0310372,-64.2613,5422.57,-40.7808,110.47,-0.00149804,-0.0277678,-65.9713
3.409,185.578,-1.00299,22.1008,-0.309199,-0.418836,4.74604,0.259803,0.0209887,0.00752481,3973.22,3,0.106999,0,-0.076753,0.0253801,0.0459217,0.0017629,-0.000748857,3131.1,-23.5666,65.7274,0.00248326,-0.0228671,-64.4767,4879.37,-36.7251,102.427,0.00130216,-0.0432126,-65.99,2989.51,-22.5009,62.7552,-0.00101656,-0.0316327,-64.2499,5442.52,-40.9638,114.248,-0.00152089,-0.0283669,-65.9803
3.419,185.798,-1.02411,22.1004,-0.319111,-0.312067,4.7513,0.261785,0.0215875,0.00753095,3973.24,3,0.107392,0,-0.0774238,0.0254256,0.0460044,0.00178093,-0.000733216,3122.68,-23.5227,67.4215,0.00242884,-0.0232837,-64.4721,4887.43,-36.8163,105.524,0.00139731,-0.0436404,-65.9947,2969.59,-22.3695,64.1161,-0.00112311,-0.0322862,-64.2384,5461.76,-41.1426,117.924,-0.00150823,-0.0289809,-65.9887
3.429,186.018,-1.04474,22.1,-0.32885,-0.337968,4.82438,0.263583,0.0221658,0.00753727,3973.25,3,0.107761,0,-0.0780181,0.0254621,0.04608,0.00179788,-0.000718344,3116.37,-23.4952,69.0883,0.00251547,-0.0236264,-64.4667,4893.89,-36.8963,108.495,0.0013926,-0.0440343,-66.0002,2951.69,-22.2536,65.4374,-0.00106096,-0.0328698,-64.2273,5480.13,-41.3162,121.492,-0.0015235,-0.029546,-65.9964
3.439,186.238,-1.0649,22.0995,-0.33845,-0.329969,4.86549,0.265087,0.0227235,0.00754374,3973.26,3,0.108145,0,-0.0785355,0.0254498,0.0461168,0.00181519,-0.000703741,3110.56,-23.4718,70.6949,0.00256939,-0.0239295,-64.4624,4899.59,-36.9715,111.355,0.00140103,-0.0443669,-66.0045,2934.48,-22.1431,66.6931,-0.00102507,-0.0334185,-64.2166,5497.37,-41.4822,124.941,-0.00153725,-0.0300988,-66.0035
3.449,186.458,-1.08457,22.0989,-0.347762,-0.393212,4.9986,0.266681,0.0232605,0.00755039,3973.28,3,0.108543,0,-0.0789754,0.0253991,0.0461285,0.00183275,-0.00068928,3105.49,-23.4544,72.2484,0.00264275,-0.0242182,-64.4606,4905.1,-37.0461,114.116,0.00139787,-0.0447191,-66.0065,2918.19,-22.0399,67.891,-0.00102965,-0.0339597,-64.2096,5513.8,-41.6434,128.277,-0.00153588,-0.0306184,-66.0083
3.459,186.678,-1.10376,22.0984,-0.356957,-0.298593,4.98948,0.2678,0.0237772,0.00755712,3973.3,3,0.108965,0,-0.0793373,0.0253119,0.0460866,0.00184811,-0.000675973,3099.88,-23.4333,73.7205,0.00260316,-0.0245146,-64.4569,4910.53,-37.1207,116.781,0.00148291,-0.0450405,-66.0102,2902.5,-21.9412,69.0264,-0.00112059,-0.0345102,-64.1989,5529.5,-41.7997,131.501,-0.00151186,-0.0311442,-66.0146
3.469,186.899,-1.12244,22.0979,-0.36589,-0.337802,5.13052,0.268869,0.0242733,0.00756393,3973.31,3,0.109359,0,-0.0796209,0.0251805,0.0459898,0.00186332,-0.000663005,3096.73,-23.4308,75.1827,0.00277277,-0.0246717,-64.4558,4913.98,-37.1806,119.302,0.00139231,-0.0452456,-66.011,2888.48,-21.8551,70.1268,-0.0010297,-0.0349755,-64.1922,5544.11,-41.9484,134.6,-0.00153879,-0.0316194,-66.0184
3.479,187.119,-1.14063,22.0974,-0.374679,-0.277082,5.07571,0.269455,0.0247488,0.00757077,3973.32,3,0.109786,0,-0.079826,0.0250235,0.0458677,0.00187894,-0.000649681,3091.37,-23.4117,76.5232,0.00264925,-0.0249325,-64.4536,4918.43,-37.2484,121.75,0.00160883,-0.0454986,-66.0131,2874.7,-21.7708,71.1598,-0.00111169,-0.0354846,-64.1847,5557.91,-42.0914,137.58,-0.00153289,-0.0321009,-66.0218
3.489,187.339,-1.15831,22.0968,-0.383192,-0.235724,5.09658,0.269875,0.0252036,0.00757766,3973.33,3,0.110212,0,-0.0799522,0.0248531,0.0457483,0.00189135,-0.000638727,3088.93,-23.4148,77.8685,0.00273717,-0.0250756,-64.4532,4920.98,-37.3021,124.052,0.00154382,-0.0457326,-66.0134,2862.26,-21.6965,72.1543,-0.00113262,-0.0359307,-64.1786,5570.73,-42.2273,140.432,-0.00151012,-0.0325393,-66.0248
3.499,187.559,-1.17548,22.0962,-0.391419,-0.215639,5.10489,0.270183,0.0256376,0.00758456,3973.35,3,0.110641,0,-0.0799996,0.0246158,0.0455558,0.00190594,-0.000626757,3085.87,-23.4131,79.1316,0.0027375,-0.0252443,-64.4522,4923.6,-37.3563,126.257,0.0015863,-0.0459241,-66.0143,2850.74,-21.6291,73.1021,-0.00114052,-0.036383,-64.1719,5582.67,-42.3568,143.157,-0.00151965,-0.0329658,-66.0274
3.509,187.78,-1.19215,22.0956,-0.39937,-0.277323,5.19662,0.270293,0.0260509,0.00759142,3973.36,3,0.111044,0,-0.079968,0.0243541,0.0453261,0.00192014,-0.000615382,3084.97,-23.4277,80.3846,0.00286255,-0.0253031,-64.4529,4925.07,-37.4017,128.332,0.00155123,-0.0460474,-66.0134,2840.89,-21.5741,74.0246,-0.00101145,-0.0367266,-64.1663,5593.49,-42.4778,145.749,-0.00155783,-0.033326,-66.029
3.519,188,-1.2083,22.0951,-0.407065,-0.208179,5.17512,0.269994,0.0264436,0.00759821,3973.37,3,0.111484,0,-0.0798575,0.0240536,0.0450554,0.00193065,-0.000605892,3082.95,-23.4336,81.5432,0.00282517,-0.0253927,-64.4542,4926.57,-37.447,130.306,0.00162018,-0.0461584,-66.0118,2830.77,-21.5167,74.873,-0.00114049,-0.0371133,-64.1624,5603.57,-42.5928,148.213,-0.0015236,-0.0336993,-66.0294
3.529,188.221,-1.22393,22.0945,-0.414501,-0.174735,5.11671,0.26934,0.0268152,0.00760494,3973.38,3,0.111905,0,-0.0796682,0.0237303,0.044762,0.00194126,-0.000596011,3082.07,-23.4478,82.6661,0.00279452,-0.0254239,-64.4545,4927.1,-37.4845,132.153,0.00170844,-0.0462172,-66.0112,2822.25,-21.4712,75.6975,-0.00116011,-0.0374626,-64.1586,5612.82,-42.7013,150.545,-0.00151866,-0.0340392,-66.0295
3.539,188.441,-1.23905,22.094,-0.42148,-0.199807,5.23579,0.268889,0.0271658,0.00761158,3973.4,3,0.112318,0,-0.0794003,0.023347,0.0444144,0.0019542,-0.000585485,3082.51,-23.4719,83.7596,0.00286275,-0.0254245,-64.4568,4926.28,-37.5114,133.86,0.0016762,-0.0462428,-66.0088,2815.13,-21.4359,76.4943,-0.00110803,-0.0377559,-64.1559,5620.8,-42.7998,152.731,-0.00153525,-0.0343232,-66.0283
3.549,188.662,-1.25365,22.0934,-0.428181,-0.165118,5.24604,0.267957,0.0274955,0.00761809,3973.42,3,0.112738,0,-0.079054,0.0229236,0.0440423,0.00196659,-0.000575584,3082.81,-23.4945,84.785,0.0028498,-0.0253863,-64.4601,4925.44,-37.5373,135.462,0.00172059,-0.0462425,-66.0054,2808.39,-21.4031,77.2376,-0.00114031,-0.0380353,-64.1542,5628.07,-42.8922,154.786,-0.00152619,-0.034606,-66.0268
3.559,188.882,-1.26772,22.0929,-0.434489,-0.15334,5.25747,0.266887,0.0278043,0.00762444,3973.43,3,0.113151,0,-0.0786297,0.022469,0.0436001,0.00197647,-0.000566856,3083.44,-23.519,85.7548,0.00281528,-0.0253439,-64.4635,4924.47,-37.5616,136.957,0.00180123,-0.0462119,-66.0017,2802.81,-21.3785,77.95,-0.00121401,-0.0382919,-64.1522,5634.37,-42.9764,156.7,-0.00150999,-0.0348557,-66.0244
3.569,189.103,-1.28127,22.0924,-0.44053,-0.110562,5.18109,0.265167,0.0280919,0.00763058,3973.45,3,0.113543,0,-0.0781278,0.0220087,0.0431483,0.0019851,-0.000559165,3085.52,-23.5541,86.7008,0.00286031,-0.0252172,-64.4672,4922.21,-37.5748,138.31,0.00180586,-0.0461221,-65.9978,2798.58,-21.3637,78.6382,-0.00115284,-0.0384941,-64.1516,5639.58,-43.0511,158.468,-0.00153551,-0.0350607,-66.0219
3.579,189.323,-1.29431,22.0919,-0.446031,-0.210826,5.42259,0.263685,0.028358,0.00763653,3973.47,3,0.113908,0,-0.0775488,0.0215203,0.0426826,0.00199374,-0.000551249,3091.18,-23.6158,87.6833,0.00310597,-0.024989,-64.4739,4916.35,-37.5597,139.456,0.00156513,-0.0458687,-65.991,2796.39,-21.3637,79.3215,-0.000978982,-0.0385959,-64.1551,5643.58,-43.1155,160.084,-0.00157549,-0.0351859,-66.016
3.589,189.544,-1.30681,22.0914,-0.451209,-0.103106,5.26146,0.261628,0.0286026,0.00764226,3973.5,3,0.114316,0,-0.0768932,0.0209734,0.0421694,0.00200254,-0.000543759,3091.59,-23.6369,88.4516,0.00289917,-0.0249251,-64.4779,4915.07,-37.5784,140.622,0.00181119,-0.0458625,-65.9869,2792.92,-21.3534,79.9066,-0.0011876,-0.0387985,-64.1545,5647.07,-43.1749,161.565,-0.00152482,-0.0353607,-66.0125
3.599,189.764,-1.3188,22.091,-0.455927,-0.0999977,5.25972,0.259397,0.0288258,0.00764773,3973.53,3,0.114676,0,-0.0761618,0.0204073,0.0416219,0.00200951,-0.000537406,3096.08,-23.6883,89.2715,0.00293845,-0.024692,-64.4849,4910.5,-37.5706,141.588,0.00180723,-0.0456629,-65.9799,2791.93,-21.3613,80.5019,-0.00114558,-0.0388857,-64.1574,5649.12,-43.2217,162.885,-0.00153518,-0.0354732,-66.0071
3.609,189.985,-1.33026,22.0906,-0.460209,-0.0741669,5.24526,0.256775,0.0290273,0.00765292,3973.55,3,0.115027,0,-0.0753552,0.0198111,0.0410313,0.00201547,-0.000531752,3100.79,-23.7405,90.0327,0.00298865,-0.0244225,-64.4934,4905.29,-37.5564,142.427,0.00178513,-0.0454078,-65.9713,2791.78,-21.3747,81.0605,-0.00112315,-0.038941,-64.1615,5650.35,-43.2607,164.06,-0.00155017,-0.0355283,-66.0006
3.619,190.206,-1.3412,22.0903,-0.464084,0.0483577,5.09723,0.253749,0.0292068,0.00765781,3973.58,3,0.115382,0,-0.0744743,0.0191733,0.0404115,0.0020214,-0.000526345,3105.04,-23.7884,90.714,0.00287846,-0.0241604,-64.5005,4900.48,-37.5437,143.168,0.00188006,-0.0451644,-65.9642,2792,-21.3901,81.5684,-0.00127068,-0.0389939,-64.1656,5650.64,-43.2908,165.084,-0.00150057,-0.0355787,-65.9939
3.629,190.426,-1.35163,22.0899,-0.467264,-0.110435,5.29955,0.251143,0.0293638,0.00766236,3973.61,3,0.115679,0,-0.0735198,0.0184779,0.039722,0.00202847,-0.000520184,3112.73,-23.8616,91.4279,0.00299978,-0.023809,-64.5085,4892.38,-37.5041,143.7,0.00178356,-0.0448147,-65.9563,2795.14,-21.427,82.0993,-0.00109808,-0.0389293,-64.1707,5649.39,-43.3072,165.935,-0.00155575,-0.0355381,-65.9863
3.639,190.647,-1.36153,22.0896,-0.470099,-0.0296291,5.21907,0.247671,0.0294983,0.00766658,3973.65,3,0.115999,0,-0.0724928,0.0177868,0.0390521,0.00203309,-0.000515528,3118.49,-23.919,92.0169,0.00292401,-0.0234938,-64.5171,4885.74,-37.474,144.163,0.0018517,-0.0445188,-65.948,2797.75,-21.4589,82.5529,-0.00118595,-0.0388826,-64.1769,5647.45,-43.3163,166.639,-0.00152186,-0.0354896,-65.9783
3.649,190.868,-1.37092,22.0894,-0.472373,-0.069388,5.22158,0.244092,0.0296101,0.00767041,3973.7,3,0.11626,0,-0.0713943,0.0170491,0.0383223,0.00203738,-0.000510904,3126.95,-23.996,92.6164,0.00298994,-0.023049,-64.5274,4877.57,-37.4302,144.468,0.00181286,-0.0441182,-65.938,2802.92,-21.5094,83.0192,-0.00106924,-0.0387602,-64.1844,5643.93,-43.3111,167.166,-0.0015503,-0.0353938,-65.9696
3.659,191.089,-1.3798,22.0892,-0.474118,-0.0370306,5.25372,0.240217,0.0296989,0.00767384,3973.74,3,0.116522,0,-0.0702253,0.0163039,0.0375702,0.00204068,-0.000507976,3136.76,-24.0821,93.1857,0.0030746,-0.0225671,-64.5393,4867.3,-37.3681,144.596,0.00168648,-0.0436044,-65.9261,2808.6,-21.5627,83.437,-0.00105789,-0.038597,-64.1941,5639.51,-43.2967,167.537,-0.00155719,-0.0352484,-65.9581
3.669,191.309,-1.38816,22.0891,-0.475308,-0.0498173,5.18363,0.236048,0.0297642,0.00767685,3973.78,3,0.116766,0,-0.068987,0.015505,0.0367729,0.00204336,-0.00050501,3145.21,-24.1565,93.6424,0.00297993,-0.0221387,-64.5493,4857.76,-37.3095,144.63,0.00177427,-0.0431807,-65.9167,2815.51,-21.6242,83.826,-0.00104569,-0.0384185,-64.203,5633.86,-43.2703,167.737,-0.00157303,-0.0350783,-65.9479
3.679,191.53,-1.39603,22.0889,-0.475896,-0.0881433,5.18485,0.231602,0.0298055,0.00767943,3973.84,3,0.116981,0,-0.0676806,0.0146822,0.0359557,0.00204669,-0.000501536,3154.68,-24.2374,94.0547,0.00293602,-0.0216405,-64.5631,4847.52,-37.2435,144.526,0.00184784,-0.0426868,-65.9033,2823.14,-21.6902,84.1701,-0.00106483,-0.0381942,-64.2148,5627.15,-43.2334,167.77,-0.00157214,-0.0348726,-65.9359
3.689,191.751,-1.40339,22.089,-0.475989,0.0681086,5.02085,0.22674,0.0298227,0.00768156,3973.9,3,0.117199,0,-0.0663074,0.0138445,0.0351232,0.00204748,-0.000500122,3164.74,-24.3215,94.4092,0.00283456,-0.0211338,-64.5761,4837.19,-37.1744,144.301,0.00186785,-0.0422131,-65.8911,2831.97,-21.7641,84.4821,-0.00121095,-0.0379371,-64.2271,5618.99,-43.1827,167.623,-0.00151033,-0.0346285,-65.9234
3.699,191.972,-1.41025,22.089,-0.475406,0.0622954,4.97658,0.221816,0.0298153,0.00768322,3973.96,3,0.117372,0,-0.0648688,0.0129657,0.0342373,0.0020492,-0.000498131,3176.41,-24.4164,94.7335,0.00279356,-0.0205691,-64.5902,4824.99,-37.0887,143.901,0.00188347,-0.0416541,-65.8775,2842.39,-21.8488,84.7718,-0.00125809,-0.0376228,-64.2389,5609.67,-43.1203,167.303,-0.00149474,-0.0343312,-65.9109
3.709,192.193,-1.41662,22.0892,-0.47428,0.168528,4.83109,0.216328,0.0297829,0.00768436,3974.02,3,0.117538,0,-0.0633661,0.0120658,0.033322,0.00204631,-0.000499481,3187.84,-24.5078,94.971,0.00267489,-0.0199891,-64.6045,4812.77,-37.0002,143.381,0.00192095,-0.041064,-65.8639,2853.62,-21.9384,85.0141,-0.00138881,-0.0372829,-64.2522,5599.09,-43.0453,166.806,-0.00144604,-0.0340003,-65.8979
3.719,192.414,-1.42251,22.0893,-0.472506,0.12656,4.81455,0.210745,0.0297249,0.007685,3974.1,3,0.117638,0,-0.061801,0.0111659,0.032417,0.00204714,-0.000497641,3202.27,-24.6208,95.215,0.00269241,-0.0193239,-64.621,4797.95,-36.8893,142.66,0.00191566,-0.0403925,-65.8485,2867.34,-22.0457,85.2564,-0.00132162,-0.0368446,-64.2699,5586.94,-42.9555,166.12,-0.00145759,-0.0335941,-65.8823
3.729,192.634,-1.42792,22.0895,-0.470062,0.114531,4.80234,0.205026,0.0296406,0.00768513,3974.18,3,0.117729,0,-0.0601748,0.0102123,0.0314583,0.00204684,-0.000497336,3217,-24.7344,95.3818,0.00267174,-0.0186414,-64.637,4782.8,-36.7733,141.807,0.0018624,-0.0397128,-65.8336,2882.12,-22.1596,85.4529,-0.00130091,-0.0363771,-64.2856,5573.37,-42.8518,165.247,-0.0014665,-0.0331505,-65.8674
3.739,192.855,-1.43285,22.0898,-0.467035,0.177796,4.69615,0.198813,0.02953,0.00768471,3974.26,3,0.117796,0,-0.0584892,0.00925674,0.0304921,0.00204443,-0.000498424,3232.05,-24.8487,95.4702,0.00260187,-0.0179501,-64.654,4767.17,-36.651,140.816,0.0018706,-0.0390186,-65.8177,2898.09,-22.2811,85.6054,-0.00132488,-0.0358772,-64.3021,5558.54,-42.7352,164.191,-0.00145928,-0.0326722,-65.8521
3.749,193.076,-1.43732,22.0902,-0.463354,0.0860277,4.66695,0.192392,0.0293925,0.00768374,3974.35,3,0.117792,0,-0.056746,0.00828235,0.029493,0.00204077,-0.000500333,3249.1,-24.9765,95.5266,0.00269466,-0.0171686,-64.6729,4750.26,-36.5163,139.662,0.00177247,-0.0382358,-65.8003,2916.72,-22.4214,85.7543,-0.00109272,-0.0352766,-64.3211,5541.99,-42.6024,162.94,-0.0015245,-0.0321197,-65.8353
3.759,193.297,-1.44133,22.0906,-0.459019,0.0999531,4.57664,0.1858,0.0292275,0.00768219,3974.44,3,0.117811,0,-0.0549467,0.0072783,0.0284675,0.00203733,-0.000502102,3266.22,-25.103,95.4905,0.00259604,-0.0164183,-64.6941,4732.54,-36.3726,138.36,0.00180488,-0.0374673,-65.7804,2935.06,-22.5578,85.8087,-0.00126149,-0.0347041,-64.3432,5524.37,-42.4583,161.509,-0.00147541,-0.0315584,-65.8162
3.769,193.518,-1.4449,22.0911,-0.454081,0.165851,4.46953,0.178829,0.0290341,0.00768007,3974.55,3,0.117795,0,-0.0530932,0.0062412,0.0274155,0.00203384,-0.000504211,3284.52,-25.2365,95.3899,0.00252413,-0.0156007,-64.7128,4713.8,-36.2183,136.899,0.00178073,-0.0366369,-65.7635,2955.43,-22.7079,85.8324,-0.00127604,-0.034061,-64.3638,5505.04,-42.2978,159.879,-0.00146336,-0.0309411,-65.7986
3.779,193.739,-1.44802,22.0917,-0.44846,0.112787,4.40375,0.171719,0.0288119,0.00767738,3974.66,3,0.117733,0,-0.0511873,0.00521004,0.0263711,0.00202899,-0.000507363,3303.84,-25.3758,95.2162,0.00245958,-0.0147906,-64.732,4694.29,-36.0555,135.289,0.00179532,-0.0358305,-65.7463,2977.82,-22.8718,85.8205,-0.00126104,-0.0333654,-64.3848,5484.06,-42.1215,158.05,-0.0014584,-0.0302748,-65.7804
3.789,193.96,-1.45071,22.0924,-0.442267,0.272533,4.23386,0.164094,0.0285605,0.00767407,3974.78,3,0.117666,0,-0.0492309,0.00417279,0.0253033,0.00202023,-0.000512819,3323.6,-25.5164,94.9494,0.00235388,-0.0139422,-64.7544,4673.92,-35.8833,133.526,0.00179383,-0.0349614,-65.7259,3000.86,-23.0386,85.7293,-0.00135501,-0.0326475,-64.4088,5461.6,-41.9306,156.028,-0.00143258,-0.0295759,-65.7606
3.799,194.181,-1.45299,22.093,-0.43537,0.154374,4.17902,0.156562,0.0282792,0.00767015,3974.9,3,0.117533,0,-0.0472259,0.00310104,0.0242005,0.00201545,-0.000516519,3345.31,-25.6698,94.6282,0.00233386,-0.0130389,-64.7775,4652.36,-35.6993,131.6,0.00178944,-0.0340478,-65.705,3026.56,-23.2239,85.6117,-0.00130883,-0.0318523,-64.4342,5437.44,-41.7235,153.808,-0.00143436,-0.0288178,-65.7399
3.809,194.402,-1.45485,22.0938,-0.427874,0.198041,4.0591,0.148747,0.0279676,0.00766562,3975.02,3,0.117401,0,-0.0451743,0.00201547,0.0230811,0.00200738,-0.000522085,3367.72,-25.8263,94.2117,0.00226152,-0.0121402,-64.8012,4629.7,-35.5041,129.516,0.00174906,-0.0331245,-65.6839,3052.85,-23.4116,85.4033,-0.00134839,-0.0310355,-64.4601,5411.3,-41.498,151.381,-0.00142335,-0.0280351,-65.7189
3.819,194.623,-1.45632,22.0947,-0.41983,0.231318,3.90945,0.140512,0.027625,0.00766051,3975.16,3,0.117234,0,-0.0430781,0.000946203,0.0219856,0.00199732,-0.00052916,3391.29,-25.9894,93.7082,0.002201,-0.0112065,-64.8248,4605.99,-35.2984,127.273,0.00172431,-0.0321695,-65.664,3081.7,-23.6169,85.1537,-0.00136342,-0.030179,-64.4864,5384.31,-41.2631,148.779,-0.00141104,-0.0271923,-65.6973
3.829,194.844,-1.4574,22.0956,-0.411167,0.2961,3.76735,0.13216,0.0272509,0.00765481,3975.31,3,0.11704,0,-0.0409394,-0.000146924,0.0208624,0.00199669,-0.000532063,3415.72,-26.1569,93.1045,0.00211721,-0.0102467,-64.8486,4581.31,-35.0827,124.875,0.0017114,-0.031191,-65.642,3111.72,-23.8289,84.818,-0.00138119,-0.0292774,-64.5139,5355.15,-41.0087,145.969,-0.00139836,-0.0263187,-65.6754
3.839,195.065,-1.45811,22.0966,-0.401874,0.176709,3.69415,0.123745,0.0268448,0.00764851,3975.46,3,0.11679,0,-0.0387603,-0.00124649,0.0197236,0.0019778,-0.000543378,3441.76,-26.3344,92.4156,0.00212204,-0.00925706,-64.8749,4555.71,-34.8576,122.326,0.00166701,-0.030195,-65.6188,3144.26,-24.0581,84.4273,-0.00126804,-0.0283127,-64.5435,5324.23,-40.7379,142.962,-0.00141288,-0.0253954,-65.6521
3.849,195.286,-1.45847,22.0976,-0.392048,0.127466,3.57956,0.115132,0.0264064,0.00764162,3975.62,3,0.116532,0,-0.036543,-0.00238045,0.0185447,0.0019688,-0.000550868,3468.22,-26.5126,91.6045,0.00203871,-0.00824214,-64.9012,4529.06,-34.6221,119.624,0.00168855,-0.0291445,-65.5958,3177.77,-24.2923,83.9328,-0.00129153,-0.0273353,-64.5734,5291.68,-40.4519,139.766,-0.00139718,-0.0244478,-65.6287
3.859,195.507,-1.45847,22.0987,-0.381763,0.236308,3.37417,0.106165,0.0259353,0.00763418,3975.79,3,0.116269,0,-0.0342896,-0.00347958,0.0174055,0.00195831,-0.000558634,3495.83,-26.6973,90.6856,0.00194084,-0.00723841,-64.9269,4501.61,-34.3783,116.777,0.00166565,-0.0281002,-65.5737,3212.72,-24.5352,83.3414,-0.00136348,-0.0263344,-64.603,5257.64,-40.152,136.389,-0.00138065,-0.0234656,-65.6048
3.869,195.728,-1.45814,22.0998,-0.370895,0.232839,3.26066,0.097249,0.0254309,0.00762617,3975.96,3,0.11598,0,-0.0320023,-0.00460066,0.0162493,0.00194313,-0.000570053,3524.3,-26.8861,89.6456,0.00187428,-0.00621003,-64.9554,4472.93,-34.123,113.775,0.00164595,-0.0270292,-65.549,3249.33,-24.7884,82.6513,-0.0014103,-0.0252985,-64.6364,5221.46,-39.8334,132.815,-0.00136939,-0.022449,-65.5799
3.879,195.949,-1.4575,22.1011,-0.359599,0.352831,3.06793,0.088076,0.0248934,0.00761764,3976.15,3,0.115677,0,-0.0296835,-0.00570393,0.0151044,0.00192831,-0.000581349,3553.77,-27.0802,88.4837,0.0017873,-0.00516365,-64.9839,4443.33,-33.8588,110.632,0.00161098,-0.0259542,-65.5247,3287.36,-25.0502,81.8505,-0.00150204,-0.0242383,-64.6699,5183.87,-39.5019,129.071,-0.00135368,-0.0214005,-65.5546
3.889,196.17,-1.45656,22.1023,-0.347815,0.203273,2.94363,0.0789342,0.0243227,0.00760862,3976.34,3,0.115293,0,-0.0273354,-0.00682194,0.0139377,0.00191403,-0.000592198,3584.94,-27.2851,87.2126,0.00180015,-0.00407143,-65.0126,4413.13,-33.5884,107.36,0.00157629,-0.0248667,-65.5003,3328.56,-25.3337,80.9754,-0.00131031,-0.0231052,-64.7022,5144.67,-39.1562,125.157,-0.00135339,-0.020321,-65.5292
3.899,196.391,-1.45533,22.1036,-0.335613,0.196981,2.80677,0.0697353,0.0237186,0.00759909,3976.53,3,0.114938,0,-0.0249603,-0.00794277,0.0127625,0.00189861,-0.000604811,3616.3,-27.4889,85.7897,0.00172719,-0.00299653,-65.0422,4381.88,-33.3084,103.952,0.00154924,-0.0237299,-65.475,3369.93,-25.6161,79.945,-0.00137429,-0.0219809,-64.738,5103.71,-38.7953,121.076,-0.00134202,-0.0192205,-65.5031
3.909,196.612,-1.45384,22.1049,-0.323084,0.229013,2.59866,0.0602936,0.0230814,0.00758915,3976.73,3,0.11456,0,-0.0225605,-0.0090568,0.0115973,0.00188205,-0.000618021,3648.23,-27.6949,84.2211,0.00163962,-0.00190778,-65.0708,4349.96,-33.0219,100.421,0.00156236,-0.0225982,-65.451,3413.01,-25.9093,78.791,-0.00139663,-0.0208453,-64.7706,5061.26,-38.4216,116.841,-0.00133442,-0.0180968,-65.4766
3.919,196.833,-1.45209,22.1062,-0.310161,0.146856,2.45521,0.0509862,0.0224111,0.00757883,3976.94,3,0.114168,0,-0.0201385,-0.0101708,0.0104437,0.00186584,-0.000632214,3681.34,-27.9078,82.5166,0.00159413,-0.000810371,-65.1009,4317.22,-32.7283,96.7699,0.00152025,-0.0214665,-65.4259,3457.71,-26.2125,77.504,-0.00138004,-0.019677,-64.8059,5017.32,-38.0357,112.463,-0.00132361,-0.0169498,-65.4497
3.929,197.054,-1.45011,22.1077,-0.296963,0.22589,2.25716,0.0415132,0.0217084,0.00756817,3977.15,3,0.113763,0,-0.0176966,-0.0112705,0.00930516,0.00184708,-0.000647092,3714.82,-28.1216,80.6556,0.00153366,0.000295481,-65.1317,4283.88,-32.4294,93.0108,0.00151118,-0.0203244,-65.4004,3503.52,-26.522,76.0677,-0.00139599,-0.0185005,-64.8428,4971.9,-37.6378,107.949,-0.00131503,-0.0157876,-65.4227
3.939,197.275,-1.44792,22.1091,-0.283477,0.229228,2.07202,0.032104,0.0209739,0.0075572,3977.36,3,0.11334,0,-0.0152373,-0.0123608,0.00814817,0.00182731,-0.000662515,3749.07,-28.3392,78.6439,0.00148462,0.00140834,-65.1624,4250.09,-32.1264,89.1538,0.00150178,-0.0191693,-65.3749,3550.86,-26.841,74.4861,-0.00141531,-0.0173079,-64.8797,4925.2,-37.2296,103.316,-0.0013083,-0.0146076,-65.3956
3.949,197.496,-1.44552,22.1105,-0.269738,0.142738,1.91277,0.022789,0.0202082,0.007546,3977.58,3,0.112909,0,-0.0127629,-0.0134561,0.00698744,0.00180854,-0.00067958,3783.79,-28.5589,76.4739,0.00144339,0.00252654,-65.1934,4215.67,-31.8186,85.2025,0.00148509,-0.0179965,-65.3495,3599.25,-27.166,72.744,-0.00140486,-0.016098,-64.919,4877.24,-36.8118,98.5734,-0.00129716,-0.0134232,-65.3686
3.959,197.718,-1.44295,22.112,-0.255844,0.204955,1.7092,0.0133416,0.0194122,0.00753462,3977.79,3,0.112472,0,-0.010276,-0.0145278,0.00586916,0.00178551,-0.000696769,3819.07,-28.7812,74.146,0.00139608,0.00364649,-65.2241,4180.72,-31.5067,81.1673,0.0014471,-0.0168247,-65.3243,3648.84,-27.4984,70.8411,-0.00136867,-0.0148818,-64.9543,4828.17,-36.386,93.7373,-0.00127864,-0.0122223,-65.3407
3.969,197.939,-1.44021,22.1135,-0.241772,0.130627,1.51832,0.00404712,0.018587,0.00752315,3978.02,3,0.112007,0,-0.00777884,-0.0156037,0.00474914,0.00176521,-0.000714769,3854.49,-29.0034,71.6514,0.00136016,0.00477028,-65.2547,4145.6,-31.1939,77.0629,0.00147384,-0.0156728,-65.2996,3699.62,-27.8381,68.7725,-0.00130355,-0.0136552,-64.99,4778.01,-35.9526,88.819,-0.00125406,-0.0110214,-65.3123
3.979,198.16,-1.43734,22.1149,-0.227567,0.19052,1.32114,-0.00518382,0.0177337,0.00751164,3978.25,3,0.111593,0,-0.00527405,-0.0166687,0.0036404,0.00174359,-0.000734091,3890.12,-29.2263,68.9936,0.00129518,0.00588155,-65.2855,4110.29,-30.8805,72.8985,0.00144634,-0.0144962,-65.2747,3750.32,-28.176,66.5141,-0.00139951,-0.0124556,-65.0269,4726.79,-35.5122,83.8324,-0.00126607,-0.00980978,-65.2844
3.989,198.381,-1.43434,22.1164,-0.213271,0.168348,1.12821,-0.0143384,0.0168539,0.00750011,3978.47,3,0.111131,0,-0.00276405,-0.0177155,0.0025309,0.00171903,-0.000753748,3926.13,-29.4511,66.177,0.0012613,0.0070084,-65.3164,4074.92,-30.5673,68.685,0.00145173,-0.0133383,-65.2499,3802.46,-28.5235,64.0925,-0.00138511,-0.0112299,-65.0647,4674.99,-35.0686,78.7994,-0.00125474,-0.00860174,-65.2567
3.999,198.602,-1.43124,22.1179,-0.198923,0.169578,0.93,-0.0233936,0.0159491,0.00748866,3978.69,3,0.110687,0,-0.000251327,-0.0187533,0.00143843,0.00169686,-0.000774304,3962,-29.6745,63.1956,0.00121989,0.00812141,-65.3468,4039.3,-30.2534,64.4285,0.00144421,-0.0121676,-65.2255,3854.95,-28.8726,61.4881,-0.00137249,-0.0100139,-65.1016,4622.57,-34.622,73.732,-0.00124,-0.00739317,-65.2287
4.009,198.823,-1.42805,22.1194,-0.184541,0.189886,0.730845,-0.0323333,0.0150208,0.00747735,3978.91,3,0.110255,0,0.00226165,-0.0197785,0.000365355,0.00167294,-0.000795668,3997.92,-29.8978,60.0564,0.00118143,0.00923816,-65.3771,4003.87,-29.9423,60.1458,0.00143816,-0.0110149,-65.2013,3907.61,-29.2224,58.6998,-0.00140284,-0.00880696,-65.1393,4569.4,-34.1715,68.6411,-0.00123765,-0.00618439,-65.2013
4.019,199.045,-1.42479,22.1208,-0.170151,0.163379,0.540077,-0.0411443,0.0140709,0.00746626,3979.13,3,0.109807,0,0.00477239,-0.0207959,-0.00069094,0.00164813,-0.000817598,4033.4,-30.118,56.7575,0.00114453,0.0103366,-65.4072,3968.49,-29.6332,55.844,0.00143939,-0.00986155,-65.1775,3960.83,-29.5761,55.7363,-0.0014081,-0.00760111,-65.1759,4516.05,-33.7219,63.5492,-0.00123861,-0.00498342,-65.1735
4.029,199.266,-1.42149,22.1223,-0.155787,0.209669,0.347001,-0.0498236,0.0131015,0.00745544,3979.35,3,0.109387,0,0.00727842,-0.0218003,-0.00173484,0.00162302,-0.000840229,4068.75,-30.3375,53.3097,0.00111342,0.0114418,-65.437,3933.26,-29.3272,51.5344,0.00143585,-0.00871058,-65.154,4013.88,-29.9284,52.5908,-0.00139177,-0.00640887,-65.2117,4462.35,-33.2722,58.4666,-0.00121664,-0.00378614,-65.1456
4.039,199.487,-1.41817,22.1237,-0.141471,0.129183,0.151499,-0.0583712,0.0121144,0.00744493,3979.56,3,0.108949,0,0.00977726,-0.0227858,-0.00276621,0.00159754,-0.00086368,4103.97,-30.5566,49.7195,0.00108828,0.0125377,-65.4664,3898.72,-29.0284,47.2328,0.00144784,-0.00757622,-65.1308,4067.25,-30.2832,49.2746,-0.00138172,-0.00521754,-65.2481,4408.69,-32.8254,53.4111,-0.00120159,-0.00260194,-65.1185
4.049,199.708,-1.41483,22.1251,-0.127219,0.0953291,-0.0478609,-0.0667607,0.0111117,0.00743479,3979.76,3,0.108527,0,0.0122665,-0.0237566,-0.00378029,0.00157122,-0.000887245,4138.33,-30.7701,45.9856,0.00103822,0.0136065,-65.4947,3864.46,-28.7337,42.9423,0.00146795,-0.00645336,-65.1086,4120.43,-30.637,45.7867,-0.00134651,-0.00403854,-65.286,4355.07,-32.3817,48.3941,-0.00117005,-0.00143064,-65.0928
4.059,199.929,-1.41151,22.1265,-0.113039,0.21676,-0.21319,-0.0749674,0.0100956,0.0074251,3979.96,3,0.108152,0,0.0147436,-0.0247078,-0.00476801,0.0015456,-0.000912294,4172.96,-30.9868,42.1299,0.00105422,0.014698,-65.5238,3830.29,-28.4422,38.6703,0.0014288,-0.00532102,-65.0856,4172.66,-30.9845,42.1268,-0.00144076,-0.00288978,-65.3194,4301.25,-31.9394,43.425,-0.0012249,-0.000248067,-65.0647
4.069,200.151,-1.40821,22.1278,-0.0989721,0.134586,-0.414014,-0.0830537,0.00906822,0.00741589,3980.16,3,0.10775,0,0.0172061,-0.0256634,-0.00574444,0.00151872,-0.000937006,4206.14,-31.1941,38.1432,0.00101996,0.0157668,-65.5515,3797.08,-28.1604,34.4337,0.00145764,-0.004222,-65.0641,4225.23,-31.3357,38.3164,-0.00140015,-0.00173495,-65.3549,4248.2,-31.506,38.5246,-0.00118422,0.000898898,-65.0387
4.079,200.372,-1.40497,22.129,-0.0850197,0.107089,-0.607642,-0.0909924,0.00803172,0.00740722,3980.35,3,0.107378,0,0.0196517,-0.0265981,-0.00669978,0.00149221,-0.000962799,4239.06,-31.4012,34.0477,0.00100166,0.016829,-65.5789,3764.37,-27.8849,30.235,0.00145716,-0.00312055,-65.0427,4277.01,-31.6824,34.3525,-0.00142338,-0.000601496,-65.3889,4195.33,-31.0773,33.6964,-0.00119478,0.00204187,-65.0123
4.089,200.593,-1.40179,22.1303,-0.0711728,0.110544,-0.788309,-0.098717,0.00698815,0.00739908,3980.52,3,0.107003,0,0.0220778,-0.0275084,-0.00764178,0.0014648,-0.000988055,4271.31,-31.6052,29.8491,0.000979566,0.0178732,-65.6052,3732.62,-27.6192,26.0846,0.00149708,-0.00206005,-65.0221,4328.32,-32.027,30.2475,-0.00138888,0.000522243,-65.423,4143.07,-30.6562,28.9528,-0.00115345,0.00316558,-64.9867
4.099,200.815,-1.39869,22.1315,-0.0574617,0.162425,-0.95522,-0.106303,0.00593965,0.00739154,3980.69,3,0.106682,0,0.0244822,-0.0283964,-0.00855635,0.00143806,-0.00101465,4303.2,-31.8084,25.5598,0.000984861,0.0189195,-65.6313,3701.07,-27.3576,21.9834,0.00147028,-0.000980819,-65.0016,4378.62,-32.3659,26.0078,-0.00144272,0.00161995,-65.4559,4091.09,-30.2405,24.2999,-0.00120625,0.00429475,-64.961
4.109,201.036,-1.39569,22.1327,-0.0438865,0.0810604,-1.16615,-0.113729,0.00488824,0.00738464,3980.86,3,0.106337,0,0.0268624,-0.0292885,-0.0094596,0.00141073,-0.00104092,4333.15,-31.9998,21.1817,0.000920297,0.0199183,-65.6571,3670.98,-27.1097,17.9448,0.0015214,5.4031e-05,-64.9814,4428.59,-32.7045,21.6482,-0.00140326,0.00271241,-65.4883,4040.24,-29.8367,19.7498,-0.00115037,0.00537932,-64.936
4.119,201.257,-1.39281,22.1338,-0.0304347,0.0964186,-1.31948,-0.120941,0.00383602,0.00737838,3981.02,3,0.106034,0,0.0292161,-0.0301672,-0.0103433,0.00138343,-0.00106734,4363.25,-32.1946,16.7376,0.000940599,0.0209539,-65.6814,3641.05,-26.8657,13.9672,0.00154673,0.0010995,-64.9627,4477.35,-33.0365,17.1753,-0.0014013,0.00378542,-65.5204,3989.87,-29.4395,15.3053,-0.00113712,0.00647026,-64.9118
4.129,201.479,-1.39007,22.1349,-0.0171275,0.0631162,-1.48544,-0.128027,0.00278482,0.00737278,3981.17,3,0.105729,0,0.031541,-0.0310198,-0.0111968,0.00135642,-0.00109454,4392.43,-32.3851,12.2322,0.00092902,0.0219577,-65.7055,3612.48,-26.6346,10.0601,0.00157651,0.00209545,-64.9438,4525.41,-33.3656,12.6025,-0.00139062,0.00486251,-65.552,3940.56,-29.0535,10.9738,-0.00110694,0.00752883,-64.8879
4.139,201.7,-1.38748,22.1359,-0.00397055,0.0929757,-1.65362,-0.134902,0.00173634,0.00736783,3981.3,3,0.10547,0,0.0338348,-0.0318509,-0.0120345,0.00132936,-0.00112127,4420.74,-32.5719,7.6759,0.000931399,0.0229445,-65.7295,3584.17,-26.4081,6.22333,0.00156766,0.00311177,-64.9247,4572.39,-33.6893,7.93922,-0.00142699,0.00588334,-65.5808,3891.83,-28.6749,6.75754,-0.00115026,0.00859576,-64.8619
4.149,201.921,-1.38506,22.1368,0.00904894,7.76157e-05,-1.82104,-0.141659,0.000692353,0.00736355,3981.43,3,0.105206,0,0.0360951,-0.0326637,-0.0128476,0.00130226,-0.00114846,4447.91,-32.753,3.07953,0.000964338,0.0239276,-65.7522,3556.93,-26.1921,2.46265,0.00160845,0.00409657,-64.9068,4618.53,-34.0094,3.19766,-0.00140309,0.00691136,-65.6098,3844.33,-28.3085,2.66164,-0.00108495,0.00963115,-64.838
4.159,202.143,-1.38283,22.1378,0.0219373,0.040968,-1.9752,-0.148218,-0.00034552,0.00735994,3981.55,3,0.104989,0,0.0383199,-0.0334647,-0.0136385,0.00127595,-0.00117614,4474.6,-32.9334,-1.54607,0.000936143,0.0248866,-65.7741,3530.29,-25.9832,-1.21979,0.00162101,0.00506648,-64.8895,4663.47,-34.3235,-1.61132,-0.00141276,0.00791896,-65.6393,3797.46,-27.9496,-1.3121,-0.00110206,0.0106593,-64.8159
4.169,202.364,-1.38079,22.1386,0.0346899,-0.0108134,-2.15718,-0.154602,-0.00137582,0.00735701,3981.67,3,0.104756,0,0.0405068,-0.0342606,-0.0144194,0.00124938,-0.00120384,4499.99,-33.1071,-6.19117,0.00089246,0.0258224,-65.7962,3505.51,-25.7906,-4.82295,0.00169919,0.00598131,-64.872,4707.66,-34.635,-6.4769,-0.00137947,0.00891081,-65.6666,3752.19,-27.6054,-5.16234,-0.00100652,0.0116477,-64.7917
4.179,202.585,-1.37897,22.1394,0.047297,0.0193879,-2.30208,-0.160867,-0.00239719,0.00735475,3981.77,3,0.104586,0,0.0426537,-0.0350205,-0.0151567,0.0012233,-0.00123081,4525.29,-33.283,-10.848,0.000899104,0.0267627,-65.8165,3480.45,-25.5983,-8.34331,0.0016996,0.00691986,-64.8559,4750.5,-34.9394,-11.3879,-0.0013989,0.00988707,-65.6945,3707.33,-27.267,-8.88719,-0.00102941,0.0126509,-64.7702
4.189,202.807,-1.37738,22.1401,0.0597688,-0.0119514,-2.47785,-0.166989,-0.00340841,0.00735314,3981.86,3,0.104425,0,0.0447586,-0.0357558,-0.0158782,0.00119742,-0.00125795,4548.86,-33.4492,-15.5044,0.000908523,0.0276607,-65.8359,3456.78,-25.4188,-11.7822,0.00172582,0.0078322,-64.8403,4792.49,-35.2407,-16.3348,-0.00141338,0.0108467,-65.7213,3663.64,-26.9399,-12.4873,-0.00104111,0.0136327,-64.7485
4.199,203.028,-1.37604,22.1408,0.0721501,-0.0509768,-2.61182,-0.172869,-0.00440824,0.00735215,3981.94,3,0.104274,0,0.0468193,-0.0364757,-0.0165773,0.00117171,-0.00128497,4571.54,-33.6116,-20.1526,0.000901994,0.0285592,-65.8563,3433.72,-25.246,-15.1368,0.00177163,0.00871574,-64.8238,4833.4,-35.5368,-21.3069,-0.00141178,0.0117925,-65.7464,3621.31,-26.6251,-15.9637,-0.00099961,0.0145899,-64.7261
4.209,203.25,-1.37495,22.1415,0.0843947,0.0881462,-2.71834,-0.17864,-0.00539545,0.00735181,3982.02,3,0.104203,0,0.0488337,-0.0371741,-0.0172441,0.0011466,-0.00131256,4595.05,-33.783,-24.7926,0.000977821,0.0294747,-65.8752,3410.74,-25.0759,-18.4027,0.00170718,0.00962953,-64.8084,4873.02,-35.8267,-26.2924,-0.00145266,0.0127236,-65.7709,3579.08,-26.3136,-19.311,-0.00113455,0.0155773,-64.7043
4.219,203.471,-1.37414,22.142,0.0965065,0.0157383,-2.87615,-0.184298,-0.00636918,0.00735209,3982.1,3,0.104103,0,0.0508,-0.0378764,-0.0179017,0.00112166,-0.00133959,4616.37,-33.9413,-29.4029,0.00094282,0.0303699,-65.8921,3389.65,-24.922,-21.5896,0.00177353,0.0104853,-64.795,4911.82,-36.1136,-31.2847,-0.00144563,0.0136396,-65.7957,3538.87,-26.0191,-22.54,-0.00108985,0.0165027,-64.6855
4.229,203.692,-1.37361,22.1425,0.108511,0.0371409,-3.03757,-0.189774,-0.00732856,0.00735296,3982.16,3,0.10404,0,0.0527162,-0.0385308,-0.0185249,0.00109711,-0.00136611,4636.97,-34.097,-33.9829,0.000962983,0.0311976,-65.9089,3369.29,-24.7754,-24.6925,0.00180535,0.0112998,-64.7813,4949.5,-36.3951,-36.2734,-0.00145564,0.0145378,-65.8191,3499.41,-25.7322,-25.6461,-0.00112243,0.0174308,-64.6654
4.239,203.914,-1.37338,22.143,0.120443,0.119776,-3.12503,-0.19498,-0.00827281,0.00735441,3982.21,3,0.104,0,0.0545803,-0.0391548,-0.019121,0.00107292,-0.00139143,4657.27,-34.2533,-38.5296,0.000926271,0.0320532,-65.9256,3349.4,-24.6341,-27.7096,0.00184563,0.0121111,-64.7672,4986.14,-36.672,-41.2503,-0.00145294,0.0154262,-65.8413,3461.05,-25.4553,-28.6332,-0.00111075,0.0183405,-64.6441
4.249,204.135,-1.37347,22.1435,0.132325,0.238308,-3.12745,-0.199797,-0.00920111,0.00735643,3982.25,3,0.103993,0,0.0563905,-0.0397766,-0.0197049,0.00105017,-0.00141435,4677.76,-34.4137,-43.0418,0.00108788,0.0328995,-65.9437,3329.26,-24.4929,-30.6337,0.00174377,0.0129344,-64.7518,5021.7,-36.944,-46.2065,-0.001476,0.0162992,-65.8626,3423.43,-25.1857,-31.5002,-0.00122469,0.0192642,-64.6233
4.259,204.357,-1.37387,22.1437,0.143966,0.0437725,-3.37017,-0.20506,-0.0101126,0.00735899,3982.29,3,0.103975,0,0.0581452,-0.040354,-0.0202344,0.00102597,-0.00144462,4694.97,-34.5526,-47.4802,0.00099221,0.0336951,-65.9593,3312.03,-24.3749,-33.4946,0.00186745,0.013688,-64.7388,5056.32,-37.212,-51.1345,-0.00146472,0.0171553,-65.8834,3388.02,-24.9341,-34.263,-0.0011146,0.0201104,-64.604
4.269,204.578,-1.37461,22.144,0.155621,0.11333,-3.45076,-0.209668,-0.0110072,0.00736208,3982.32,3,0.103989,0,0.0598424,-0.0409465,-0.0207753,0.00100292,-0.00146856,4712.46,-34.6963,-51.8734,0.00101199,0.0344781,-65.9736,3294.68,-24.2576,-36.2668,0.0019152,0.0144305,-64.7267,5089.95,-37.4756,-56.0286,-0.00146918,0.0179967,-65.9035,3353.13,-24.688,-36.9103,-0.00108162,0.0209697,-64.5852
4.279,204.8,-1.3757,22.1442,0.167116,0.0428744,-3.61402,-0.214352,-0.0118843,0.00736567,3982.34,3,0.104015,0,0.0614806,-0.0414835,-0.0212725,0.000980477,-0.001493,4729.33,-34.8377,-56.2072,0.00100072,0.0352206,-65.9873,3278.32,-24.1492,-38.9623,0.00199792,0.0151365,-64.7149,5122.55,-37.7344,-60.8807,-0.00146844,0.0188194,-65.9229,3319.7,-24.4539,-39.454,-0.00100498,0.0217995,-64.5667
4.289,205.021,-1.37715,22.1444,0.178525,0.108763,-3.73751,-0.218877,-0.0127433,0.00736973,3982.35,3,0.104094,0,0.063058,-0.0419884,-0.0217322,0.000958517,-0.00151777,4745.27,-34.9748,-60.4735,0.00102575,0.035958,-66.0008,3262.22,-24.0441,-41.5736,0.00201148,0.0158603,-64.7032,5154.11,-37.9882,-65.6838,-0.00147481,0.0196348,-65.9415,3286.57,-24.2235,-41.8839,-0.00105195,0.022644,-64.549
4.299,205.243,-1.37896,22.1445,0.1899,0.068355,-3.83014,-0.223007,-0.0135837,0.00737425,3982.36,3,0.104175,0,0.0645733,-0.0424598,-0.0221577,0.000937103,-0.00154245,4760.05,-35.1057,-64.6632,0.000992909,0.0366303,-66.0127,3247.53,-23.9508,-44.1163,0.00209488,0.0164889,-64.6928,5184.7,-38.2375,-70.4319,-0.00147614,0.0204265,-65.9594,3255.04,-24.0061,-44.2183,-0.000988696,0.0234517,-64.533
4.309,205.464,-1.38115,22.1447,0.201198,0.406836,-3.76099,-0.2269,-0.0144053,0.00737922,3982.37,3,0.104365,0,0.0660249,-0.0429403,-0.0225825,0.000916086,-0.00156709,4776.61,-35.2519,-68.8134,0.00112606,0.0374181,-66.0243,3231.26,-23.8471,-46.5506,0.00193846,0.0172453,-64.6827,5214.31,-38.4822,-75.1191,-0.00147623,0.0212344,-65.9764,3222.46,-23.7821,-46.4238,-0.0013084,0.0243386,-64.5166
4.319,205.685,-1.38373,22.1445,0.212251,0.099258,-4.01269,-0.231175,-0.0152078,0.00738462,3982.37,3,0.104445,0,0.0674112,-0.043363,-0.0229419,0.000895595,-0.00159073,4790.13,-35.378,-72.853,0.00109737,0.0380998,-66.0363,3218.14,-23.7679,-48.9446,0.00209851,0.0178561,-64.6721,5242.77,-38.7211,-79.7372,-0.00148458,0.021989,-65.9925,3194.1,-23.5904,-48.5791,-0.00110021,0.0250767,-64.4992
4.329,205.907,-1.38671,22.1446,0.223349,0.181622,-4.0593,-0.234745,-0.0159911,0.00739038,3982.36,3,0.104592,0,0.0687311,-0.0437426,-0.0232836,0.000875726,-0.0016125,4803.6,-35.5056,-76.8212,0.00112145,0.0387279,-66.0457,3205.25,-23.6915,-51.2597,0.00214131,0.0184305,-64.6636,5270.68,-38.958,-84.2909,-0.00148813,0.0227417,-66.0079,3165.58,-23.3983,-50.6253,-0.00108413,0.0258503,-64.4844
4.339,206.128,-1.39009,22.1444,0.234284,0.153039,-4.15415,-0.238377,-0.0167547,0.00739655,3982.35,3,0.104761,0,0.0699831,-0.0441148,-0.0236111,0.000856034,-0.00163432,4816.11,-35.6282,-80.7001,0.00116146,0.039387,-66.0577,3192.49,-23.6172,-53.4943,0.00215874,0.0190463,-64.6524,5297.26,-39.1877,-88.7623,-0.00149357,0.0234887,-66.0225,3138.16,-23.2152,-52.5839,-0.00107358,0.0266096,-64.4669
4.349,206.35,-1.39389,22.1442,0.245115,0.107351,-4.27213,-0.241914,-0.0174984,0.00740304,3982.33,3,0.104951,0,0.0711661,-0.0444112,-0.0238581,0.000836739,-0.00165861,4828.07,-35.7485,-84.4923,0.00111943,0.0399921,-66.0676,3181.05,-23.5535,-55.6691,0.00224539,0.0195973,-64.6434,5323.1,-39.4138,-93.1553,-0.00149909,0.0241982,-66.0366,3111.81,-23.0408,-54.4574,-0.00102069,0.0273441,-64.451
4.359,206.571,-1.39812,22.1441,0.255882,0.195355,-4.33054,-0.244956,-0.0182223,0.00740989,3982.31,3,0.105174,0,0.0722788,-0.0447689,-0.0241516,0.000819061,-0.00167653,4839.59,-35.8675,-88.1984,0.0011981,0.0405799,-66.076,3169.65,-23.4911,-57.7648,0.00222476,0.0201551,-64.6355,5347.94,-39.6349,-97.4626,-0.00149127,0.0249057,-66.0495,3086.04,-22.8715,-56.2411,-0.00111986,0.0280822,-64.437
4.369,206.793,-1.40277,22.1439,0.266559,0.303305,-4.33704,-0.247854,-0.0189262,0.00741704,3982.28,3,0.105415,0,0.0733202,-0.0450383,-0.0243683,0.000800738,-0.00170258,4850.5,-35.9835,-91.8127,0.0012566,0.0411391,-66.0835,3158.74,-23.4331,-59.7901,0.00222956,0.020673,-64.6285,5371.95,-39.8518,-101.683,-0.00149469,0.0256033,-66.0618,3060.91,-22.7074,-57.9384,-0.00115128,0.0288099,-64.4241
4.379,207.014,-1.40787,22.1436,0.277033,0.176119,-4.44007,-0.250751,-0.0196102,0.00742448,3982.25,3,0.105627,0,0.0742892,-0.0452833,-0.0245709,0.000781921,-0.0017214,4860.6,-36.095,-95.3297,0.00123375,0.0416903,-66.0911,3149.19,-23.386,-61.7643,0.00234559,0.0211648,-64.621,5394.82,-40.0622,-105.807,-0.00151432,0.0262708,-66.0732,3038.47,-22.5638,-59.5928,-0.00101829,0.0295125,-64.4094
4.389,207.235,-1.41341,22.1432,0.287372,0.147736,-4.631,-0.253507,-0.020274,0.00743216,3982.22,3,0.105883,0,0.075185,-0.0454635,-0.024706,0.000766059,-0.00173989,4869.04,-36.1956,-98.7284,0.00118191,0.0421472,-66.0982,3140.84,-23.3484,-63.686,0.00244258,0.0215828,-64.6141,5417.06,-40.2695,-109.841,-0.00152141,0.0269072,-66.0841,3015.97,-22.4202,-61.1542,-0.000975141,0.0301236,-64.3968
4.399,207.457,-1.41941,22.1429,0.297643,0.179654,-4.66079,-0.25593,-0.0209175,0.00744012,3982.18,3,0.106163,0,0.0760065,-0.0456408,-0.0248286,0.00074902,-0.00175935,4878.25,-36.3034,-102.056,0.00123418,0.0426322,-66.1055,3131.91,-23.3073,-65.5214,0.0024493,0.0220302,-64.607,5438.29,-40.4711,-113.772,-0.00152893,0.0275578,-66.0939,2994.37,-22.2837,-62.6438,-0.000995681,0.030785,-64.384
4.409,207.678,-1.42587,22.1425,0.307747,0.219854,-4.70617,-0.258124,-0.0215407,0.00744828,3982.14,3,0.106464,0,0.076753,-0.0457822,-0.0249076,0.000732703,-0.00177931,4886.94,-36.4085,-105.284,0.00130739,0.0431073,-66.1107,3123.32,-23.2692,-67.2889,0.00243623,0.0224508,-64.6019,5458.72,-40.6683,-117.603,-0.00151428,0.0281714,-66.103,2973.45,-22.1527,-64.0601,-0.00106665,0.0314367,-64.373
4.419,207.899,-1.4328,22.1421,0.317725,0.30123,-4.72255,-0.259985,-0.0221436,0.00745662,3982.1,3,0.106766,0,0.0774238,-0.0458905,-0.0249823,0.000717688,-0.00179561,4894.71,-36.5076,-108.404,0.00134382,0.0435414,-66.1158,3115.78,-23.2393,-69.0058,0.00246107,0.0228378,-64.5965,5477.96,-40.8578,-121.321,-0.00151709,0.0287695,-66.1116,2953.89,-22.0318,-65.4204,-0.00106818,0.0320521,-64.3607
4.429,208.121,-1.4402,22.1416,0.32753,0.282502,-4.76381,-0.261833,-0.022726,0.00746512,3982.05,3,0.107082,0,0.0780181,-0.0459455,-0.0249991,0.000702666,-0.00181423,4901.67,-36.6016,-111.415,0.00138879,0.0439337,-66.1206,3108.89,-23.2147,-70.6649,0.00248451,0.0231996,-64.5913,5496.42,-41.0427,-124.933,-0.00151329,0.0293477,-66.1194,2935.28,-21.9183,-66.7188,-0.00109335,0.0326496,-64.3496
4.439,208.342,-1.44807,22.1412,0.337166,0.330879,-4.76405,-0.263377,-0.023288,0.00747374,3982,3,0.107413,0,0.0785355,-0.0459613,-0.0249709,0.000687897,-0.00183195,4908.46,-36.6952,-114.329,0.00145155,0.0443084,-66.1253,3102.12,-23.1912,-72.2553,0.00248104,0.0235313,-64.5865,5514.03,-41.2224,-128.434,-0.00151093,0.0299137,-66.1262,2917.43,-21.8104,-67.9533,-0.00112186,0.0332347,-64.3399
4.449,208.563,-1.45644,22.1406,0.346478,0.234834,-4.99861,-0.265141,-0.0238292,0.00748249,3981.96,3,0.107747,0,0.0789754,-0.045926,-0.0248797,0.000672718,-0.00185061,4913.31,-36.7749,-117.102,0.00141186,0.0446013,-66.127,3097.3,-23.1825,-73.8201,0.00256773,0.0238022,-64.5843,5530.75,-41.3963,-131.818,-0.00152857,0.0304399,-66.1317,2900.89,-21.7125,-69.139,-0.00108534,0.0337731,-64.331
4.459,208.784,-1.46529,22.1402,0.355795,0.38116,-4.92452,-0.266007,-0.0243501,0.00749132,3981.91,3,0.108096,0,0.0793373,-0.0459262,-0.0248431,0.000659753,-0.00186446,4918.35,-36.8566,-119.786,0.00145924,0.044924,-66.1296,3092.28,-23.1726,-75.3122,0.00257876,0.024077,-64.5813,5546.34,-41.5625,-135.081,-0.00151176,0.0309552,-66.1372,2885.26,-21.6212,-70.2704,-0.00113581,0.0343042,-64.3222
4.469,209.006,-1.47463,22.1396,0.364799,0.392924,-4.95273,-0.267007,-0.0248504,0.0075002,3981.86,3,0.108449,0,0.0796209,-0.0458264,-0.0247093,0.000646781,-0.00188031,4923.35,-36.9382,-122.373,0.00152139,0.045203,-66.1302,3087.47,-23.1642,-76.7409,0.00258583,0.0243118,-64.5801,5561.23,-41.724,-138.228,-0.00150514,0.0314494,-66.1414,2870.39,-21.5355,-71.3451,-0.00117475,0.03482,-64.3151
4.479,209.227,-1.48447,22.139,0.373616,0.316405,-5.02883,-0.267648,-0.0253302,0.0075091,3981.8,3,0.108772,0,0.079826,-0.045689,-0.024544,0.000633728,-0.00189555,4925.67,-36.9999,-124.795,0.00147764,0.0453556,-66.1328,3084.84,-23.1722,-78.1564,0.00271556,0.0244551,-64.5769,5574.99,-41.8773,-141.246,-0.0015711,0.0318932,-66.1456,2857.88,-21.4674,-72.4062,-0.000958929,0.0352502,-64.3061
4.489,209.448,-1.49481,22.1385,0.38218,0.347054,-5.06284,-0.268255,-0.0257892,0.00751801,3981.75,3,0.109143,0,0.0799522,-0.0455259,-0.0243432,0.00061569,-0.00191747,4928.55,-37.0659,-127.131,0.00144686,0.0455604,-66.1338,3082.15,-23.1798,-79.5036,0.00275303,0.0246212,-64.5754,5587.99,-42.0253,-144.141,-0.00155181,0.0323293,-66.1482,2845.16,-21.3975,-73.3906,-0.00101336,0.0357007,-64.2995
4.499,209.669,-1.50566,22.1379,0.390443,0.471896,-5.03595,-0.268377,-0.0262276,0.00752691,3981.7,3,0.109535,0,0.0799996,-0.0453575,-0.0241207,0.000609824,-0.00192393,4932.06,-37.1366,-129.386,0.00158692,0.045794,-66.134,3077.96,-23.1759,-80.7458,0.00264983,0.0248132,-64.5745,5600.22,-42.1676,-146.914,-0.00151117,0.0327695,-66.1506,2832.58,-21.3283,-74.3087,-0.00117793,0.0361667,-64.2938
4.509,209.89,-1.51702,22.1373,0.398399,0.341086,-5.1725,-0.268577,-0.0266453,0.00753575,3981.65,3,0.109863,0,0.079968,-0.0451395,-0.0238764,0.000599126,-0.00193641,4933.61,-37.1924,-131.489,0.00148705,0.0459276,-66.1325,3077.31,-23.1985,-82.0152,0.00284729,0.0248843,-64.5754,5611.11,-42.2998,-149.545,-0.00159087,0.0331296,-66.1516,2823.16,-21.2826,-75.2418,-0.000924236,0.0365113,-64.2887
4.519,210.111,-1.52888,22.1367,0.406078,0.400888,-5.19977,-0.268471,-0.0270424,0.0075445,3981.59,3,0.110249,0,0.0798575,-0.0448435,-0.0235637,0.000588106,-0.00194975,4934.99,-37.2464,-133.486,0.00159716,0.0460215,-66.1296,3075.43,-23.2115,-83.1872,0.00277983,0.0249741,-64.5774,5621.48,-42.4276,-152.055,-0.0015318,0.0335072,-66.1515,2812.6,-21.2279,-76.078,-0.00111788,0.0369112,-64.2858
4.529,210.332,-1.54126,22.1361,0.413541,0.414981,-5.19928,-0.267801,-0.0274189,0.00755317,3981.54,3,0.110604,0,0.0796682,-0.0445439,-0.0232377,0.000578233,-0.0019611,4934.31,-37.2844,-135.327,0.00152307,0.0460096,-66.1272,3075.63,-23.2399,-84.3514,0.00288425,0.0249647,-64.5789,5630.82,-42.5473,-154.429,-0.00157981,0.0338245,-66.1522,2804.4,-21.1905,-76.9126,-0.00100084,0.0372252,-64.2803
4.539,210.553,-1.55416,22.1356,0.420637,0.479125,-5.15605,-0.267073,-0.0277744,0.00756172,3981.49,3,0.110985,0,0.0794003,-0.0442194,-0.0228817,0.000570214,-0.00197023,4934.95,-37.3319,-137.101,0.00163157,0.0460941,-66.1255,3074.76,-23.2599,-85.4216,0.00280868,0.0250045,-64.5801,5639.22,-42.6594,-156.666,-0.00153136,0.0341406,-66.1508,2796.02,-21.1513,-77.6776,-0.00113399,0.0375564,-64.2783
4.549,210.774,-1.56757,22.135,0.427346,0.4664,-5.21703,-0.26616,-0.0281087,0.00757013,3981.45,3,0.111336,0,0.079054,-0.0438387,-0.022465,0.000558894,-0.00198387,4934.02,-37.3666,-138.725,0.00162439,0.0460928,-66.1234,3075.93,-23.2948,-86.4832,0.00287047,0.0249542,-64.5818,5646.53,-42.7627,-158.758,-0.00155309,0.0344046,-66.15,2789.67,-21.1269,-78.4347,-0.00106205,0.0378177,-64.276
4.559,210.995,-1.58149,22.1345,0.433739,0.58824,-5.14233,-0.264833,-0.028422,0.00757834,3981.4,3,0.111712,0,0.0786297,-0.0434222,-0.0220325,0.000550356,-0.00199349,4932.79,-37.3982,-140.238,0.00170679,0.04607,-66.1177,3076.32,-23.3233,-87.459,0.0028014,0.0249238,-64.5867,5653.06,-42.859,-160.715,-0.00151926,0.0346653,-66.1459,2783.14,-21.1005,-79.1238,-0.00122137,0.0380952,-64.2763
4.569,211.216,-1.59594,22.1339,0.439663,0.485523,-5.22624,-0.263638,-0.0287141,0.00758634,3981.34,3,0.11204,0,0.0781278,-0.0429262,-0.0215321,0.000541096,-0.00200467,4930.9,-37.4236,-141.625,0.00172227,0.045987,-66.1147,3078.16,-23.362,-88.411,0.00284608,0.0248111,-64.5889,5658.3,-42.9443,-162.518,-0.00154912,0.0348628,-66.1446,2779.2,-21.093,-79.8241,-0.00111877,0.038282,-64.2729
4.579,211.437,-1.61091,22.1334,0.445319,0.54559,-5.16794,-0.261714,-0.028985,0.00759411,3981.29,3,0.112383,0,0.0775488,-0.0424727,-0.0210495,0.000535014,-0.00201125,4927.6,-37.4372,-142.866,0.00172444,0.0458481,-66.1094,3080.87,-23.4067,-89.324,0.00284034,0.0246747,-64.5936,5662.91,-43.0236,-164.185,-0.00152936,0.0350392,-66.1402,2775.6,-21.0874,-80.4731,-0.00115058,0.0384344,-64.2746
4.589,211.658,-1.62639,22.1329,0.450464,0.559578,-5.20891,-0.259792,-0.0292341,0.00760162,3981.26,3,0.112715,0,0.0768932,-0.041945,-0.0205015,0.000527465,-0.0020203,4923.77,-37.4454,-143.983,0.00167298,0.0456861,-66.1022,3084.47,-23.4574,-90.1972,0.00289835,0.0244888,-64.6001,5666.02,-43.0902,-165.688,-0.00153802,0.0351684,-66.1353,2773.09,-21.0894,-81.0917,-0.00114589,0.0385826,-64.2761
4.599,211.879,-1.64239,22.1324,0.455193,0.569549,-5.19812,-0.257527,-0.0294616,0.00760887,3981.22,3,0.113032,0,0.0761618,-0.0413938,-0.0199267,0.000519911,-0.00202852,4919.59,-37.4495,-144.981,0.00174037,0.0455021,-66.0964,3088.37,-23.5097,-91.0147,0.00286872,0.0242716,-64.6054,5668.41,-43.1498,-167.049,-0.00152591,0.0352768,-66.1294,2771.58,-21.0981,-81.6787,-0.00117199,0.0386879,-64.279
4.609,212.099,-1.65891,22.132,0.459454,0.573738,-5.18444,-0.255093,-0.0296673,0.00761579,3981.18,3,0.113338,0,0.0753552,-0.0407916,-0.0193228,0.000513925,-0.00203527,4914.8,-37.4473,-145.852,0.00174178,0.0452946,-66.0889,3092.76,-23.5646,-91.7808,0.00287009,0.0240587,-64.6124,5669.82,-43.2,-168.258,-0.00153021,0.0353485,-66.1235,2771.35,-21.1157,-82.2426,-0.00116267,0.0387586,-64.2822
4.619,212.32,-1.67595,22.1316,0.463173,0.551318,-5.30153,-0.252524,-0.0298509,0.00762237,3981.14,3,0.113622,0,0.0744743,-0.0401117,-0.0186591,0.00050727,-0.00204303,4908.88,-37.4347,-146.578,0.00179076,0.0450057,-66.0803,3098.01,-23.6251,-92.5057,0.00286369,0.0237589,-64.6203,5669.97,-43.2387,-169.304,-0.00152292,0.0353483,-66.1164,2772.07,-21.1396,-82.7734,-0.00117443,0.0387573,-64.2863
4.629,212.541,-1.6935,22.1312,0.466621,0.564157,-5.15323,-0.248966,-0.0300123,0.00762858,3981.1,3,0.113891,0,0.0735198,-0.0394991,-0.0180209,0.0005051,-0.0020444,4901.73,-37.4108,-147.157,0.0017617,0.044643,-66.0728,3104.55,-23.6944,-93.2028,0.00287873,0.0234041,-64.6277,5668.99,-43.2666,-170.191,-0.00155889,0.0353497,-66.1084,2774.35,-21.1743,-83.2896,-0.00109244,0.0387315,-64.2917
4.639,212.761,-1.71157,22.1309,0.46937,0.536807,-5.19418,-0.245933,-0.0301507,0.00763443,3981.07,3,0.11415,0,0.0724928,-0.0387858,-0.017283,0.000497582,-0.00205322,4894.55,-37.3848,-147.619,0.00177928,0.0443328,-66.0616,3111.41,-23.7651,-93.8397,0.00286749,0.02306,-64.6385,5666.92,-43.2842,-170.913,-0.00156034,0.0353024,-66.0998,2777.44,-21.2142,-83.7672,-0.00109384,0.0386745,-64.2982
4.649,212.982,-1.73015,22.1307,0.471712,0.663172,-5.08746,-0.242091,-0.0302663,0.00763985,3981.05,3,0.114401,0,0.0713943,-0.0380821,-0.0165821,0.000493855,-0.00205681,4886.7,-37.3515,-147.947,0.00177594,0.043954,-66.0528,3118.85,-23.8389,-94.4248,0.00283598,0.022668,-64.6471,5663.78,-43.2911,-171.474,-0.00152819,0.0352167,-66.0905,2781.31,-21.259,-84.2057,-0.00117092,0.0385808,-64.3058
4.659,213.202,-1.74923,22.1304,0.473432,0.646764,-5.0721,-0.238269,-0.0303584,0.00764484,3981.02,3,0.11462,0,0.0702253,-0.0372962,-0.0158048,0.000489333,-0.00206189,4877.9,-37.3087,-148.131,0.00177873,0.0435283,-66.042,3127.22,-23.9186,-94.9665,0.00282573,0.0222437,-64.6575,5659.4,-43.286,-171.863,-0.00153287,0.0350884,-66.0812,2786.72,-21.3143,-84.6264,-0.00117549,0.0384392,-64.3134
4.669,213.423,-1.76882,22.1302,0.474593,0.66267,-5.04564,-0.234156,-0.030427,0.00764937,3980.99,3,0.114822,0,0.068987,-0.0364897,-0.0150127,0.000486502,-0.0020643,4868.37,-37.2579,-148.175,0.00183674,0.0430763,-66.0297,3136.1,-24.0008,-95.4515,0.00275786,0.0217979,-64.6696,5653.86,-43.2693,-172.083,-0.00149767,0.0349198,-66.0693,2793.27,-21.3771,-85.017,-0.00125817,0.0382698,-64.3236
4.679,213.643,-1.78891,22.1301,0.475284,0.676976,-4.95988,-0.22941,-0.0304715,0.00765343,3980.97,3,0.114992,0,0.0676806,-0.0357036,-0.0142173,0.000484248,-0.00206596,4856.98,-37.1906,-148.046,0.00173512,0.0425221,-66.0171,3147.05,-24.0974,-95.9251,0.00282039,0.0212508,-64.6821,5646.97,-43.2396,-172.125,-0.00154131,0.0346908,-66.0578,2801.57,-21.452,-85.3946,-0.0011507,0.0380063,-64.3344
4.689,213.864,-1.80949,22.1301,0.47528,0.745796,-4.88858,-0.224738,-0.0304914,0.00765704,3980.96,3,0.115171,0,0.0663074,-0.034847,-0.0133471,0.000481875,-0.00206808,4846.33,-37.1266,-147.817,0.00183971,0.0420418,-66.0058,3156.47,-24.1809,-96.275,0.00264905,0.0207659,-64.6938,5639.01,-43.1991,-171.995,-0.00148176,0.0344503,-66.0458,2809.98,-21.5265,-85.7066,-0.00133005,0.0377615,-64.3452
4.699,214.084,-1.83057,22.13,0.474675,0.707551,-4.89227,-0.219796,-0.0304865,0.00766012,3980.95,3,0.115292,0,0.0648688,-0.0339782,-0.0124843,0.000480106,-0.00206947,4833.99,-37.0469,-147.417,0.00180103,0.0414583,-65.9918,3168.71,-24.2844,-96.6327,0.0026662,0.0201903,-64.708,5629.52,-43.1437,-171.677,-0.00148205,0.0341358,-66.0326,2820.89,-21.6189,-86.0258,-0.00129169,0.0374205,-64.3587
4.709,214.304,-1.85213,22.13,0.473456,0.694805,-4.87051,-0.214539,-0.0304564,0.00766266,3980.94,3,0.115388,0,0.0633661,-0.0330444,-0.0115874,0.000478841,-0.00207006,4820.83,-36.9582,-146.87,0.0017846,0.040844,-65.9764,3181.74,-24.3924,-96.9342,0.00267072,0.0195749,-64.7237,5618.84,-43.0761,-171.183,-0.00150152,0.0337876,-66.0182,2832.72,-21.7166,-86.301,-0.00125658,0.0370537,-64.3734
4.719,214.525,-1.87417,22.1302,0.471719,0.76184,-4.65475,-0.208711,-0.0304006,0.00766465,3980.93,3,0.115483,0,0.061801,-0.0321032,-0.0106657,0.000479129,-0.00206855,4807.99,-36.8693,-146.211,0.00186205,0.0402539,-65.9628,3194.35,-24.4954,-97.1401,0.00251063,0.0189531,-64.7378,5606.83,-42.9951,-170.503,-0.00143486,0.0334106,-66.0042,2845.51,-21.8204,-86.5318,-0.00141047,0.0366625,-64.3874
4.729,214.745,-1.89669,22.1303,0.469223,0.68519,-4.72404,-0.203018,-0.0303183,0.00766611,3980.94,3,0.115515,0,0.0601748,-0.0311479,-0.00970833,0.000478679,-0.00206812,4791.89,-36.7528,-145.327,0.00178599,0.0395181,-65.9464,3209.65,-24.6173,-97.3411,0.00256623,0.0182527,-64.755,5593.09,-42.8978,-169.625,-0.00148703,0.032951,-65.9877,2860.79,-21.9416,-86.7608,-0.00127059,0.0361694,-64.4051
4.739,214.965,-1.91967,22.1306,0.466161,0.659957,-4.66663,-0.196823,-0.0302093,0.007667,3980.95,3,0.115525,0,0.0584892,-0.030209,-0.00877203,0.000479674,-0.00206554,4775.58,-36.6318,-144.311,0.00173896,0.0388117,-65.9298,3226.11,-24.7464,-97.4881,0.00259342,0.0175212,-64.7723,5578.07,-42.7874,-168.561,-0.00149098,0.0324604,-65.9713,2877.17,-22.0697,-86.9436,-0.00123487,0.0356473,-64.4227
4.749,215.185,-1.94312,22.1309,0.462444,0.752904,-4.53541,-0.190321,-0.0300728,0.00766728,3980.96,3,0.115546,0,0.056746,-0.0292073,-0.0077912,0.000480983,-0.00206303,4759.16,-36.507,-143.165,0.00177346,0.0380684,-65.9122,3241.65,-24.8664,-97.5149,0.00246426,0.0168203,-64.7907,5561.88,-42.6646,-167.312,-0.001454,0.031942,-65.9547,2894.06,-22.2001,-87.0589,-0.00136681,0.0351191,-64.4413
4.759,215.405,-1.96701,22.1313,0.458101,0.753147,-4.43277,-0.183539,-0.0299086,0.00766694,3980.97,3,0.115499,0,0.0549467,-0.0281813,-0.00680239,0.000483518,-0.00205839,4741.42,-36.3692,-141.851,0.00172433,0.0372803,-65.8931,3259.39,-25.0013,-97.5129,0.00245608,0.0160376,-64.8107,5543.9,-42.5246,-165.86,-0.00146606,0.0313585,-65.9364,2913.5,-22.3481,-87.1647,-0.00130836,0.0345027,-64.462
4.769,215.625,-1.99135,22.1317,0.453079,0.744553,-4.34771,-0.176625,-0.0297157,0.00766599,3980.99,3,0.11544,0,0.0530932,-0.0271203,-0.00577344,0.000486023,-0.0020544,4722.79,-36.2216,-140.383,0.0017809,0.0364658,-65.8749,3277.35,-25.1357,-97.4176,0.00234698,0.0152443,-64.8302,5524.46,-42.37,-164.212,-0.00144172,0.0307411,-65.9171,2933.9,-22.5016,-87.2087,-0.00137958,0.0338631,-64.4839
4.779,215.845,-2.01612,22.1322,0.4474,0.660282,-4.33075,-0.169494,-0.0294937,0.00766442,3981.02,3,0.115333,0,0.0511873,-0.026075,-0.00473997,0.000489095,-0.00204918,4702.31,-36.0568,-138.729,0.00169379,0.0356124,-65.8561,3297.85,-25.2876,-97.2941,0.00236818,0.0143929,-64.8508,5503.26,-42.1985,-162.358,-0.00145546,0.0300585,-65.8981,2956.81,-22.6726,-87.2327,-0.00127984,0.0331408,-64.5061
4.789,216.065,-2.04132,22.1328,0.441117,0.676437,-4.20341,-0.161947,-0.029242,0.00766221,3981.05,3,0.115211,0,0.0492309,-0.0250133,-0.00370714,0.000492719,-0.00204202,4681.93,-35.89,-136.948,0.00168865,0.0347671,-65.8371,3318.34,-25.4372,-97.0626,0.00230457,0.0135468,-64.8712,5480.66,-42.0128,-160.311,-0.00144419,0.0293481,-65.8795,2980.7,-22.849,-87.1865,-0.00128286,0.0324013,-64.5275
4.799,216.285,-2.06693,22.1334,0.434187,0.685221,-4.08058,-0.15428,-0.0289601,0.00765938,3981.09,3,0.115069,0,0.0472259,-0.0239138,-0.00263813,0.00049885,-0.00203507,4660.24,-35.7102,-134.998,0.00165678,0.0338687,-65.8158,3339.71,-25.5914,-96.7453,0.0022489,0.0126693,-64.8943,5456.29,-41.8102,-158.059,-0.00143592,0.028596,-65.8588,3005.88,-23.0333,-87.0749,-0.00130345,0.0316239,-64.5531
4.809,216.505,-2.09294,22.1341,0.426633,0.616941,-4.02611,-0.146346,-0.0286474,0.00765587,3981.13,3,0.114865,0,0.0451743,-0.0227813,-0.00155901,0.000503243,-0.00202901,4636.72,-35.5134,-132.866,0.00161318,0.0328519,-65.7945,3362.77,-25.756,-96.3608,0.00224819,0.0117159,-64.9173,5429.44,-41.585,-155.582,-0.0014544,0.0277848,-65.8377,3033.24,-23.2321,-86.918,-0.00118224,0.0307698,-64.5781
4.819,216.725,-2.11934,22.1349,0.418448,0.645324,-3.88065,-0.138281,-0.0283032,0.00765178,3981.18,3,0.114689,0,0.0430781,-0.0216458,-0.000460311,0.000509369,-0.00202064,4613.61,-35.3172,-130.615,0.00165018,0.0319395,-65.7727,3385.77,-25.9181,-95.8538,0.00208694,0.0108143,-64.9416,5402.65,-41.3573,-152.953,-0.00141724,0.026962,-65.8148,3061.54,-23.4361,-86.6746,-0.00135449,0.0299368,-64.6058
4.829,216.944,-2.14613,22.1358,0.409713,0.629672,-3.77151,-0.129843,-0.0279273,0.00764705,3981.23,3,0.114441,0,0.0409394,-0.0205576,0.000610145,0.000516497,-0.00201015,4588.32,-35.1015,-128.173,0.00155965,0.0309416,-65.7501,3411.57,-26.0992,-95.3008,0.00211711,0.00982391,-64.9667,5373.29,-41.1066,-150.1,-0.00142397,0.0260725,-65.7921,3092.4,-23.6575,-86.385,-0.00125659,0.0290078,-64.6344
4.839,217.164,-2.17328,22.1367,0.400383,0.680564,-3.57651,-0.121291,-0.0275189,0.0076417,3981.3,3,0.114204,0,0.0387603,-0.019427,0.00170443,0.000523763,-0.00200015,4563.03,-34.8832,-125.601,0.00159052,0.0299787,-65.7277,3436.45,-26.2708,-94.5912,0.00198078,0.00888588,-64.9918,5342.13,-40.8392,-147.047,-0.00139887,0.0251668,-65.7688,3123.96,-23.8819,-85.9897,-0.00137888,0.0280911,-64.6629
4.849,217.384,-2.20078,22.1377,0.390492,0.690085,-3.43037,-0.112553,-0.0270778,0.00763572,3981.37,3,0.113922,0,0.036543,-0.0182733,0.00280836,0.000532721,-0.00198756,4536.31,-34.6514,-122.863,0.00159137,0.0289395,-65.7039,3463.32,-26.4551,-93.8019,0.00190548,0.0078807,-65.0184,5309.32,-40.5561,-143.8,-0.00138049,0.024214,-65.745,3157.64,-24.1202,-85.523,-0.0014268,0.0271111,-64.6941
4.859,217.603,-2.22862,22.1386,0.380037,0.593093,-3.36279,-0.103815,-0.0266036,0.00762913,3981.44,3,0.113597,0,0.0342896,-0.0171032,0.00392055,0.000541673,-0.00197659,4508.02,-34.4051,-119.958,0.00150937,0.0278566,-65.6806,3491.69,-26.6485,-92.9134,0.00188406,0.00684791,-65.0447,5274.55,-40.2553,-140.355,-0.00138057,0.0232147,-65.7207,3193.73,-24.3744,-84.9845,-0.00133645,0.0260715,-64.7238
4.869,217.823,-2.25679,22.1397,0.369098,0.522809,-3.27492,-0.0948205,-0.0260958,0.00762198,3981.52,3,0.113248,0,0.0320023,-0.015949,0.00503237,0.00055172,-0.00196358,4478.43,-34.1468,-116.895,0.00141837,0.026738,-65.6559,3521.36,-26.8494,-91.9138,0.00190006,0.00577715,-65.0727,5238.41,-39.9414,-136.732,-0.00138401,0.022183,-65.6956,3231.49,-24.6392,-84.3475,-0.00121217,0.0249957,-64.7559
4.879,218.043,-2.28527,22.1409,0.357726,0.595417,-3.00474,-0.085551,-0.0255544,0.00761427,3981.61,3,0.112915,0,0.0296835,-0.0148022,0.00613837,0.000562642,-0.0019489,4449.74,-33.8933,-113.735,0.00148939,0.0257146,-65.632,3550.41,-27.0432,-90.7485,0.00175814,0.00475095,-65.1003,5200.4,-39.611,-132.922,-0.00136303,0.0211446,-65.6701,3269.65,-24.9046,-83.5723,-0.0013442,0.0239514,-64.7883
4.889,218.262,-2.31405,22.142,0.345842,0.526141,-2.86265,-0.0764451,-0.0249792,0.00760607,3981.7,3,0.112552,0,0.0273354,-0.0136435,0.00726024,0.000574191,-0.00193529,4419.41,-33.6254,-110.416,0.0014892,0.0246284,-65.6071,3580.97,-27.2461,-89.4683,0.00168523,0.00370344,-65.1291,5160.77,-39.2662,-128.939,-0.00135499,0.0200728,-65.6442,3309.91,-25.1837,-82.696,-0.00138865,0.0228538,-64.8221
4.899,218.482,-2.3431,22.1432,0.333564,0.551746,-2.69278,-0.0670855,-0.0243704,0.00759735,3981.8,3,0.112156,0,0.0249603,-0.012472,0.00836244,0.000586646,-0.00191848,4388.1,-33.3485,-106.961,0.00147678,0.0235024,-65.5822,3612.45,-27.4538,-88.0545,0.00161216,0.00262852,-65.1577,5119.53,-38.9072,-124.79,-0.00134343,0.0189612,-65.6179,3352.07,-25.4749,-81.7076,-0.00141103,0.0217225,-64.8546
4.909,218.701,-2.37241,22.1446,0.320948,0.614996,-2.44976,-0.057587,-0.0237281,0.00758817,3981.9,3,0.111761,0,0.0225605,-0.0113084,0.00946707,0.000600012,-0.00190129,4356.1,-33.0648,-103.382,0.00144569,0.0223549,-65.5562,3644.78,-27.6655,-86.5,0.00155182,0.00153454,-65.1877,5076.69,-38.5344,-120.483,-0.00133463,0.0178347,-65.5911,3395.25,-25.7715,-80.578,-0.00139855,0.0205867,-64.8905
4.919,218.921,-2.40198,22.1458,0.307917,0.486318,-2.34911,-0.0483206,-0.0230525,0.00757861,3982.02,3,0.111326,0,0.0201385,-0.010145,0.0105764,0.000613922,-0.00188522,4322.67,-32.7692,-99.666,0.00138572,0.0212006,-65.5307,3678.36,-27.8848,-84.8105,0.00152618,0.000423811,-65.2177,5032.34,-38.1491,-116.029,-0.00132055,0.0166796,-65.5641,3440.76,-26.0836,-79.3321,-0.00136988,0.0194024,-64.9272
4.929,219.14,-2.43177,22.147,0.294587,0.397676,-2.19474,-0.038938,-0.0223439,0.00756871,3982.13,3,0.110894,0,0.0176966,-0.00900094,0.0116775,0.000629508,-0.00186699,4289.33,-32.4734,-95.8563,0.00140736,0.0200723,-65.5056,3712.18,-28.104,-82.9583,0.00146101,-0.000671588,-65.2474,4986.53,-37.7517,-111.437,-0.0013101,0.015516,-65.5363,3487.1,-26.4,-77.9285,-0.00134987,0.0182172,-64.9616
4.939,219.36,-2.46177,22.1484,0.281004,0.423743,-1.99892,-0.0294635,-0.0216032,0.0075585,3982.25,3,0.110439,0,0.0152373,-0.0078537,0.0127632,0.000645166,-0.00184672,4255.4,-32.1726,-91.9446,0.00139629,0.0189207,-65.4801,3746.42,-28.3245,-80.9473,0.00140263,-0.00178089,-65.2775,4939.41,-37.344,-106.724,-0.0013026,0.014337,-65.5086,3534.8,-26.7246,-76.3749,-0.00135362,0.0170155,-64.997
4.949,219.579,-2.49196,22.1497,0.267187,0.374243,-1.81407,-0.0200876,-0.0208311,0.00754806,3982.37,3,0.109988,0,0.0127629,-0.00670574,0.0138469,0.000663051,-0.0018267,4220.86,-31.8668,-87.9379,0.00141092,0.0177438,-65.4542,3781.25,-28.5478,-78.7791,0.00135042,-0.00289585,-65.3082,4891.04,-36.9266,-101.901,-0.00129449,0.0131399,-65.4809,3583.53,-27.055,-74.6597,-0.00139396,0.0158142,-65.0343
4.959,219.799,-2.52233,22.1511,0.25317,0.361218,-1.6252,-0.0107271,-0.0200286,0.00753744,3982.5,3,0.109532,0,0.010276,-0.00556755,0.0149219,0.000679605,-0.00180573,4185.7,-31.5564,-83.8448,0.00134251,0.0165729,-65.4287,3816.81,-28.7753,-76.4555,0.00130202,-0.00402044,-65.3386,4841.5,-36.5005,-96.9812,-0.00127539,0.0119426,-65.4526,3633.55,-27.3937,-72.7845,-0.00134093,0.0145926,-65.0708
4.969,220.018,-2.55286,22.1525,0.238991,0.313547,-1.44449,-0.00140658,-0.0191965,0.00752671,3982.63,3,0.109074,0,0.00777884,-0.00444552,0.0159874,0.000698134,-0.00178494,4150.35,-31.2448,-79.682,0.00135426,0.0153969,-65.4033,3852.44,-29.0021,-73.9624,0.00124692,-0.00513058,-65.3691,4790.91,-36.0671,-91.9801,-0.00127309,0.0107363,-65.4246,3684.1,-27.7348,-70.7305,-0.00137034,0.0133795,-65.1083
4.979,220.238,-2.58352,22.1539,0.224691,0.278318,-1.25202,0.00784047,-0.0183363,0.00751595,3982.77,3,0.108593,0,0.00527405,-0.00334146,0.0170405,0.000716668,-0.00176206,4115,-30.9339,-75.4623,0.0013613,0.0142462,-65.378,3888.38,-29.2304,-71.3065,0.00120628,-0.00625009,-65.3997,4739.44,-35.6281,-86.9135,-0.00125323,0.00952808,-65.397,3735.98,-28.0847,-68.5117,-0.00133376,0.0121481,-65.1465
4.989,220.457,-2.6143,22.1553,0.210299,0.302239,-1.04592,0.016988,-0.0174493,0.00750522,3982.9,3,0.108149,0,0.00276405,-0.00223933,0.0180872,0.000736817,-0.00173906,4079.29,-30.6212,-71.1882,0.00133858,0.0130646,-65.3526,3924.32,-29.4579,-68.4838,0.00115831,-0.00736342,-65.4302,4687.14,-35.184,-81.7958,-0.00125983,0.00831404,-65.3678,3787.95,-28.4342,-66.1039,-0.00139604,0.0109424,-65.1812
4.999,220.676,-2.64518,22.1567,0.195852,0.281015,-0.851264,0.0260414,-0.0165373,0.00749457,3983.04,3,0.107684,0,0.000251327,-0.00114742,0.0191218,0.000757975,-0.00171536,4043.57,-30.3095,-66.8758,0.00133718,0.0118939,-65.3276,3960.42,-29.6862,-65.5005,0.00111832,-0.00848096,-65.4604,4634.16,-34.7364,-76.6434,-0.00124811,0.00710045,-65.3394,3840.65,-28.7885,-63.5197,-0.00138974,0.00972592,-65.2182
5.009,220.896,-2.67614,22.1581,0.181375,0.416728,-0.631448,0.0349914,-0.0156017,0.00748407,3983.18,3,0.107261,0,-0.00226165,-7.19626e-05,0.0201385,0.000778916,-0.00169007,4008.01,-30.0005,-62.537,0.00129938,0.0107223,-65.3031,3996.51,-29.9144,-62.3576,0.00107526,-0.00958936,-65.4902,4580.56,-34.286,-71.4704,-0.00130538,0.00588268,-65.3114,3893.27,-29.1416,-60.7466,-0.00152521,0.0085328,-65.2554
5.019,221.115,-2.70716,22.1594,0.166899,0.302662,-0.456235,0.0437881,-0.0146445,0.0074738,3983.32,3,0.106809,0,-0.00477239,0.00097987,0.0211363,0.00080212,-0.00166691,3972.34,-29.6922,-58.1772,0.00130251,0.00956456,-65.2788,4032.44,-30.1415,-59.0575,0.00105026,-0.0106904,-65.5198,4526.75,-33.8363,-66.2969,-0.00127216,0.00467871,-65.2837,3946.77,-29.5011,-57.8028,-0.00147379,0.00732209,-65.2925
5.029,221.335,-2.73822,22.1607,0.152436,0.245513,-0.270955,0.0524327,-0.0136678,0.00746382,3983.46,3,0.106347,0,-0.00727842,0.00202229,0.0221382,0.000824393,-0.00164075,3937.21,-29.3899,-53.8162,0.00131207,0.00842617,-65.2549,4067.78,-30.3646,-55.601,0.00100833,-0.0117847,-65.5492,4472.87,-33.3885,-61.138,-0.00124577,0.00348759,-65.2563,4000.58,-29.863,-54.6824,-0.00143438,0.00611568,-65.3293
5.039,221.554,-2.76931,22.162,0.138031,0.174201,-0.0814829,0.0609607,-0.0126735,0.00745421,3983.61,3,0.10591,0,-0.00977726,0.0030514,0.0231248,0.000848114,-0.00161514,3902.42,-29.0923,-49.4598,0.00131986,0.00728331,-65.2313,4102.91,-30.5869,-52.0008,0.000982748,-0.0128838,-65.578,4418.8,-32.9419,-56.0046,-0.00122936,0.00230011,-65.2288,4054.06,-30.2228,-51.3817,-0.0014203,0.00492751,-65.3654
5.049,221.774,-2.8004,22.1633,0.123693,0.265,0.123257,0.0693236,-0.0116637,0.00744499,3983.75,3,0.105508,0,-0.0122665,0.00406375,0.0240906,0.000872069,-0.00158907,3867.97,-28.7995,-45.1168,0.00129713,0.00614525,-65.208,4137.66,-30.8075,-48.2626,0.000967226,-0.0139722,-65.6064,4364.59,-32.4971,-50.9095,-0.00125806,0.00111182,-65.2012,4107.01,-30.5793,-47.9051,-0.0014702,0.0037619,-65.4007
5.059,221.993,-2.83148,22.1645,0.109444,0.076226,0.297548,0.0775656,-0.0106406,0.00743623,3983.88,3,0.105067,0,-0.0147436,0.00505838,0.0250373,0.000896628,-0.00156232,3834.11,-28.5135,-40.7987,0.0013322,0.00502922,-65.1851,4171.85,-31.0251,-44.3925,0.000934402,-0.0150302,-65.6343,4311.06,-32.0604,-45.8739,-0.00119104,-4.84445e-05,-65.1736,4160.47,-30.9405,-44.2714,-0.00139276,0.00258952,-65.4352
5.069,222.212,-2.86253,22.1657,0.0952809,0.0759369,0.472896,0.0855904,-0.0096063,0.00742798,3984.02,3,0.104672,0,-0.0172061,0.00603121,0.0259714,0.0009219,-0.00153556,3800.73,-28.2336,-36.5121,0.00133055,0.00392372,-65.1627,4205.59,-31.2411,-40.4014,0.000919421,-0.0161022,-65.6617,4257.44,-31.6262,-40.8995,-0.0011934,-0.00120148,-65.1465,4212.91,-31.2954,-40.4717,-0.00140813,0.00143533,-65.4695
5.079,222.432,-2.89352,22.1669,0.0812354,0.0215177,0.657484,0.0934747,-0.00856313,0.00742028,3984.16,3,0.10428,0,-0.0196517,0.00699079,0.0269032,0.000946542,-0.00150785,3768.13,-27.9621,-32.2678,0.00133779,0.00282808,-65.1401,4238.37,-31.4516,-36.2946,0.000903053,-0.0171617,-65.6892,4204.46,-31.2,-36.0042,-0.00117999,-0.00234039,-65.1186,4265.05,-31.6496,-36.5231,-0.00140648,0.000297851,-65.5019
5.089,222.651,-2.92445,22.1679,0.0673261,-0.0480419,0.839155,0.101234,-0.00751316,0.0074132,3984.29,3,0.10392,0,-0.0220778,0.00792569,0.0278166,0.000973537,-0.00148136,3736.16,-27.6982,-28.0709,0.00136535,0.00174322,-65.1195,4270.74,-31.6613,-32.0874,0.000866677,-0.0182247,-65.7147,4151.86,-30.78,-31.1942,-0.00115341,-0.00346748,-65.0934,4316.38,-31.9997,-32.4303,-0.00138829,-0.000824388,-65.5365
5.099,222.871,-2.95528,22.169,0.053556,-0.0430502,1.03143,0.108847,-0.00645847,0.00740673,3984.42,3,0.103596,0,-0.0244822,0.00882937,0.028701,0.00100146,-0.00145524,3704.5,-27.4393,-23.9257,0.00133505,0.000658938,-65.0984,4302.4,-31.8679,-27.7873,0.000878001,-0.0192527,-65.7403,4099.51,-30.3651,-26.4769,-0.00120896,-0.00459228,-65.0673,4366.68,-32.344,-28.2024,-0.00144472,-0.00192411,-65.5691
5.109,223.091,-2.98602,22.17,0.0398936,-0.132407,1.22988,0.116209,-0.00540105,0.00740087,3984.54,3,0.103235,0,-0.0268624,0.00974427,0.02958,0.00102654,-0.0014268,3674.9,-27.1983,-19.8485,0.00142875,-0.000354184,-65.0785,4332.36,-32.0643,-23.3996,0.000777085,-0.0202397,-65.7645,4048.75,-29.9653,-21.8677,-0.00110393,-0.00567392,-65.0428,4417.05,-32.6911,-23.8569,-0.00136433,-0.00301734,-65.6021
5.119,223.31,-3.01663,22.171,0.0263379,-0.185553,1.3529,0.123294,-0.00434312,0.00739568,3984.67,3,0.102911,0,-0.0292161,0.0106268,0.0304465,0.00105308,-0.00139935,3645.03,-26.9582,-15.8309,0.00144156,-0.00138899,-65.0581,4362.17,-32.2621,-18.9456,0.000824386,-0.0212474,-65.7892,3998.4,-29.5717,-17.3657,-0.00105027,-0.00675694,-65.017,4466.04,-33.0303,-19.3967,-0.00134528,-0.00409433,-65.6328
5.129,223.53,-3.04711,22.172,0.0129806,-0.0901569,1.53272,0.130401,-0.00328655,0.00739116,3984.79,3,0.102659,0,-0.031541,0.0114787,0.0312917,0.00108062,-0.00137227,3615.89,-26.7262,-11.8839,0.00139058,-0.00244578,-65.0383,4392.23,-32.4644,-14.4353,0.000834064,-0.0222846,-65.8132,3948.31,-29.1833,-12.9764,-0.00115508,-0.00785046,-64.9917,4513.75,-33.3626,-14.8348,-0.00142006,-0.00514361,-65.6631
5.139,223.749,-3.07743,22.1728,-0.000254506,-0.128482,1.69234,0.137285,-0.00223298,0.00738734,3984.91,3,0.10239,0,-0.0338348,0.0123106,0.0321246,0.00110696,-0.00134479,3587.7,-26.5041,-8.01126,0.00141171,-0.00344948,-65.0192,4420.26,-32.6546,-9.87035,0.000822884,-0.0232844,-65.8362,3899.67,-28.8088,-8.7079,-0.00115663,-0.00890391,-64.9671,4560.94,-33.6939,-10.1845,-0.00143158,-0.00618562,-65.6926
5.149,223.969,-3.10757,22.1736,-0.0133192,-0.212921,1.88863,0.144081,-0.00118411,0.00738418,3985.01,3,0.102135,0,-0.0360951,0.0131297,0.0329363,0.00113584,-0.00131822,3560.98,-26.2954,-4.21658,0.00149021,-0.00441702,-65.0009,4447.42,-32.8411,-5.26622,0.000772269,-0.0242507,-65.8581,3852.05,-28.4447,-4.56124,-0.00108452,-0.00993517,-64.9433,4607.25,-34.0214,-5.45548,-0.0013913,-0.00721103,-65.7219
5.159,224.189,-3.13753,22.1744,-0.0262671,-0.179677,2.03932,0.150627,-0.000141551,0.0073817,3985.11,3,0.101925,0,-0.0383199,0.0139197,0.033721,0.00116262,-0.00129124,3533.99,-26.0873,-0.50024,0.00144165,-0.00541999,-64.9824,4474.36,-33.029,-0.633351,0.000833386,-0.0252084,-65.88,3804.85,-28.0867,-0.53858,-0.00114378,-0.0109738,-64.9188,4652.11,-34.3411,-0.658512,-0.00143259,-0.00822067,-65.7498
5.169,224.409,-3.16729,22.1751,-0.0391167,-0.263097,2.15579,0.156921,0.000893127,0.00737989,3985.2,3,0.101712,0,-0.0405068,0.0146978,0.0345056,0.00119014,-0.00126454,3508.59,-25.8935,3.13362,0.00147687,-0.00635606,-64.9647,4499.92,-33.2095,4.019,0.000851043,-0.0261676,-65.9009,3759.28,-27.7436,3.35751,-0.00112665,-0.0119835,-64.8956,4696.3,-34.6588,4.19439,-0.00143352,-0.00921106,-65.7771
5.179,224.628,-3.19683,22.1758,-0.0518088,-0.121737,2.30482,0.163113,0.00191845,0.00737876,3985.3,3,0.101567,0,-0.0426537,0.0154384,0.0352649,0.00121772,-0.00123857,3483.63,-25.7054,6.68317,0.00143969,-0.00730787,-64.9477,4525,-33.3896,8.68098,0.000840524,-0.0270967,-65.9211,3714.01,-27.4054,7.12514,-0.00121159,-0.0129973,-64.8729,4739.06,-34.9691,9.09164,-0.00146996,-0.0101878,-65.8039
5.189,224.848,-3.22614,22.1763,-0.0643496,-0.393601,2.49493,0.169227,0.00293326,0.00737829,3985.39,3,0.10134,0,-0.0447586,0.0161671,0.0360136,0.00124487,-0.00121235,3461.26,-25.5388,10.1528,0.00163803,-0.00814331,-64.9317,4548.57,-33.5614,13.3422,0.000745037,-0.0280085,-65.9401,3671.51,-27.0901,10.7695,-0.000935174,-0.01392,-64.851,4781.43,-35.2795,14.0252,-0.00137762,-0.0111519,-65.8303
5.199,225.068,-3.2552,22.1769,-0.0767727,-0.281841,2.62497,0.175161,0.00393636,0.00737845,3985.46,3,0.101259,0,-0.0468193,0.0168624,0.0367236,0.00127216,-0.00118662,3437.42,-25.3635,13.531,0.00157265,-0.00909503,-64.9153,4571.78,-33.7335,17.9963,0.000797388,-0.0289093,-65.9589,3628.15,-26.7708,14.2818,-0.00108135,-0.0149233,-64.8285,4821.91,-35.5791,18.9809,-0.0014273,-0.0120999,-65.8558
5.209,225.288,-3.284,22.1774,-0.0891208,-0.236333,2.71522,0.18077,0.00492666,0.00737922,3985.53,3,0.101164,0,-0.0488337,0.0175458,0.0374218,0.00129888,-0.00116123,3415.05,-25.2011,16.8249,0.00157684,-0.00997655,-64.9002,4594.51,-33.9049,22.6358,0.000817218,-0.029801,-65.9762,3586.42,-26.4658,17.6692,-0.00111702,-0.0158868,-64.8075,4861.79,-35.8773,23.9526,-0.00143953,-0.0130303,-65.8803
5.219,225.508,-3.31253,22.1778,-0.101303,-0.331718,2.89659,0.186361,0.00590306,0.0073806,3985.6,3,0.101069,0,-0.0508,0.0182089,0.0381052,0.00132648,-0.00113589,3393.93,-25.0502,20.0348,0.00161779,-0.0108558,-64.8838,4615.28,-34.0648,27.2446,0.000794207,-0.0306321,-65.9949,3546.28,-26.1746,20.9341,-0.00105457,-0.0168013,-64.785,4900.62,-36.1708,28.929,-0.00144085,-0.0139459,-65.9034
5.229,225.728,-3.34077,22.1781,-0.113356,-0.341386,3.03791,0.191942,0.00686477,0.00738259,3985.67,3,0.101032,0,-0.0527162,0.0188088,0.0387546,0.00135414,-0.001112,3373.16,-24.9037,23.1563,0.00160074,-0.0116808,-64.8692,4636.41,-34.2301,31.8284,0.000843065,-0.0315316,-66.0115,3506.66,-25.8893,24.0728,-0.00113308,-0.0177479,-64.7647,4938.2,-36.4582,33.9001,-0.00145732,-0.0148471,-65.9262
5.239,225.948,-3.36871,22.1784,-0.125349,-0.37761,3.16819,0.197125,0.0078112,0.00738514,3985.73,3,0.10097,0,-0.0545803,0.0194303,0.0394039,0.00137834,-0.00108769,3354.02,-24.7711,26.1995,0.0016924,-0.0124793,-64.8546,4656.24,-34.3887,36.3716,0.000806813,-0.0323752,-66.0279,3469.02,-25.6204,27.0977,-0.00102858,-0.018634,-64.7429,4974.98,-36.7427,38.8614,-0.00145168,-0.0157311,-65.9478
5.249,226.168,-3.39633,22.1787,-0.137256,-0.290669,3.22976,0.202133,0.0087414,0.00738824,3985.77,3,0.100981,0,-0.0563905,0.0199916,0.0399958,0.00140531,-0.00106358,3334.36,-24.6364,29.1477,0.00165858,-0.01329,-64.8417,4676.01,-34.5494,40.8759,0.000900131,-0.033201,-66.0422,3431.28,-25.3525,29.995,-0.00112221,-0.0195554,-64.7246,5010.44,-37.0204,43.7994,-0.00146359,-0.0166103,-65.9695
5.259,226.388,-3.42363,22.1787,-0.148956,-0.4437,3.43835,0.207336,0.00965468,0.00739185,3985.81,3,0.100982,0,-0.0581452,0.0205221,0.040534,0.00143234,-0.00104047,3316.45,-24.5163,32.0203,0.00171738,-0.0140691,-64.8273,4693.93,-34.6991,45.3199,0.000897986,-0.0340021,-66.0577,3395.49,-25.1006,32.7834,-0.00107833,-0.0204222,-64.7041,5044.99,-37.2943,48.7093,-0.00145913,-0.0174658,-65.9899
5.269,226.608,-3.45059,22.179,-0.160795,-0.193174,3.39425,0.21156,0.0105506,0.007396,3985.85,3,0.101045,0,-0.0598424,0.0210805,0.0411518,0.00145513,-0.00101766,3298.72,-24.3991,34.8048,0.00167258,-0.0148257,-64.8144,4712.14,-34.8535,49.7178,0.000932488,-0.0347695,-66.0719,3360.05,-24.8528,35.452,-0.00118269,-0.0213144,-64.6857,5078.46,-37.5631,53.5829,-0.00147251,-0.0183135,-66.0094
5.279,226.828,-3.4772,22.179,-0.172307,-0.413113,3.61362,0.216422,0.0114285,0.00740063,3985.9,3,0.101065,0,-0.0614806,0.0215841,0.0417029,0.00148102,-0.000994651,3282.92,-24.2977,37.5205,0.00183118,-0.0155436,-64.8015,4728.13,-34.9941,54.0379,0.000868084,-0.0355499,-66.0857,3327.26,-24.6259,38.0273,-0.000990806,-0.0221197,-64.6658,5111.03,-37.828,58.414,-0.00146322,-0.0191321,-66.0282
5.289,227.049,-3.50346,22.1789,-0.183772,-0.375145,3.72989,0.220979,0.0122881,0.00740574,3985.92,3,0.101175,0,-0.063058,0.0220122,0.042191,0.00150725,-0.000972876,3266.54,-24.1934,40.1416,0.00182572,-0.0162619,-64.7915,4744.6,-35.1406,58.3053,0.000919375,-0.0362876,-66.0965,3293.82,-24.3955,40.477,-0.00109191,-0.0229914,-64.6497,5142.53,-38.0878,63.1952,-0.00146886,-0.0199528,-66.0465
5.299,227.269,-3.52934,22.1789,-0.195138,-0.449188,3.89679,0.225328,0.0131292,0.00741127,3985.94,3,0.101262,0,-0.0645733,0.0224628,0.0426653,0.00153031,-0.000951649,3251.75,-24.1021,42.6953,0.00188052,-0.0169476,-64.7784,4759.46,-35.2773,62.4913,0.000912716,-0.0370023,-66.1098,3262.63,-24.1827,42.838,-0.00103739,-0.0237883,-64.6303,5173.12,-38.3434,67.9226,-0.00147565,-0.0207468,-66.0637
5.309,227.489,-3.55484,22.1788,-0.206492,-0.362468,3.9634,0.229272,0.0139512,0.00741723,3985.96,3,0.101405,0,-0.0660249,0.0228862,0.0431281,0.00155349,-0.000930636,3237.56,-24.0165,45.1709,0.00194266,-0.0175977,-64.7686,4774.07,-35.4145,66.6084,0.000854697,-0.0376738,-66.1198,3231.58,-23.9721,45.0874,-0.00107145,-0.0246055,-64.6142,5202.52,-38.5927,72.5861,-0.0014708,-0.0215318,-66.0802
5.319,227.71,-3.57996,22.1786,-0.21772,-0.508432,4.05066,0.233162,0.0147539,0.00742359,3985.97,3,0.10151,0,-0.0674112,0.0232687,0.04356,0.00157751,-0.000909497,3223.78,-23.9351,47.5667,0.00202155,-0.0182339,-64.7558,4787.92,-35.5481,70.6455,0.00091815,-0.0383647,-66.133,3203,-23.7808,47.2601,-0.000882308,-0.0253634,-64.5949,5231.13,-38.8388,77.185,-0.0014933,-0.0222935,-66.0958
5.329,227.93,-3.60467,22.1784,-0.228831,-0.404563,4.13608,0.236941,0.015537,0.00743035,3985.98,3,0.101714,0,-0.0687311,0.0236162,0.0439626,0.00160036,-0.0008897,3210.55,-23.8588,49.8863,0.00201362,-0.0188684,-64.7473,4801.9,-35.6848,74.6131,0.000956865,-0.0390552,-66.1417,3173.88,-23.5864,49.3166,-0.00103002,-0.0261841,-64.5807,5258.91,-39.081,81.7143,-0.00148581,-0.0230525,-66.1106
5.339,228.151,-3.62897,22.1782,-0.239861,-0.371754,4.21594,0.240445,0.0163005,0.00743744,3985.98,3,0.101904,0,-0.0699831,0.0239352,0.0443247,0.00162217,-0.000870406,3197.76,-23.7868,52.1296,0.0020107,-0.0194727,-64.7357,4814.79,-35.8152,78.4903,0.0010054,-0.0396849,-66.153,3146.2,-23.4032,51.289,-0.0010472,-0.0269332,-64.5616,5285.41,-39.3159,86.1622,-0.00149386,-0.0237994,-66.125
5.349,228.371,-3.65286,22.1779,-0.250803,-0.335328,4.2409,0.243758,0.0170439,0.00744485,3985.98,3,0.102122,0,-0.0711661,0.0242035,0.0446317,0.00164379,-0.000850968,3185.3,-23.718,54.2953,0.00199107,-0.0200524,-64.7266,4827.56,-35.9464,82.2886,0.00110206,-0.0403118,-66.1617,3119.41,-23.2274,53.1722,-0.00108956,-0.027701,-64.5467,5311.23,-39.5478,90.5329,-0.00149652,-0.0245342,-66.1383
5.359,228.592,-3.67631,22.1775,-0.261584,-0.409243,4.42588,0.247151,0.0177672,0.00745257,3985.97,3,0.102336,0,-0.0722788,0.0244646,0.0449308,0.00166648,-0.000832804,3175.32,-23.6685,56.4225,0.00212866,-0.0205755,-64.7182,4837.12,-36.0553,85.9511,0.000965888,-0.0408438,-66.1695,3094.74,-23.0678,54.9906,-0.00100021,-0.0283958,-64.5322,5336.17,-39.7752,94.8187,-0.00150516,-0.0252239,-66.1507
5.369,228.812,-3.69934,22.177,-0.272287,-0.453792,4.49282,0.250171,0.0184703,0.00746057,3985.97,3,0.102575,0,-0.0733202,0.0246916,0.0452157,0.00168783,-0.00081466,3164.78,-23.6155,58.4609,0.00215116,-0.021103,-64.7096,4848.33,-36.1782,89.5601,0.00103592,-0.0414338,-66.1777,3070.32,-22.9107,56.7161,-0.000994833,-0.0291079,-64.5178,5359.74,-39.9943,99.007,-0.00150573,-0.0259158,-66.1623
5.379,229.033,-3.72191,22.1766,-0.282893,-0.386564,4.52548,0.252894,0.0191531,0.00746887,3985.96,3,0.102845,0,-0.0742892,0.0248813,0.0454642,0.00170791,-0.000797128,3154.61,-23.5661,60.4279,0.00216009,-0.0216084,-64.7017,4858.86,-36.2975,93.0735,0.00109678,-0.0420019,-66.185,3046.74,-22.7603,58.3616,-0.00102692,-0.0298133,-64.5032,5382.72,-40.2109,103.108,-0.00150713,-0.0265955,-66.1737
5.389,229.253,-3.74404,22.1762,-0.293407,-0.342316,4.55437,0.25537,0.0198156,0.00747738,3985.95,3,0.103116,0,-0.075185,0.0250367,0.0456554,0.00172786,-0.000779843,3145.63,-23.5261,62.3407,0.00220918,-0.0220395,-64.6951,4868.23,-36.4094,96.4795,0.00110663,-0.0424738,-66.1906,3024.53,-22.6204,59.9407,-0.000988513,-0.0304813,-64.4898,5404.67,-40.4214,107.111,-0.00151752,-0.0272487,-66.1839
5.399,229.474,-3.76572,22.1756,-0.303671,-0.368002,4.70252,0.258034,0.0204576,0.00748613,3985.93,3,0.103419,0,-0.0760065,0.0251648,0.0458168,0.00174571,-0.000764952,3137.18,-23.4906,64.1881,0.0022575,-0.0225073,-64.6887,4876.56,-36.5149,99.7767,0.00110119,-0.0429343,-66.1959,3002.99,-22.4859,61.4425,-0.00103825,-0.031147,-64.4774,5425.91,-40.6283,111.017,-0.00151441,-0.027887,-66.1931
5.409,229.695,-3.78692,22.175,-0.313891,-0.441305,4.75095,0.260132,0.0210791,0.00749504,3985.91,3,0.103707,0,-0.076753,0.0252716,0.0459675,0.00176678,-0.000746708,3129.65,-23.4625,65.98,0.00232864,-0.0229075,-64.6807,4883.95,-36.6142,102.965,0.00112106,-0.0433782,-66.203,2983.28,-22.3652,62.8941,-0.000922081,-0.0317562,-64.4644,5445.8,-40.8263,114.81,-0.00154021,-0.0284955,-66.2022
5.419,229.916,-3.80766,22.1745,-0.323923,-0.326555,4.76843,0.262108,0.0216801,0.00750413,3985.88,3,0.104047,0,-0.0774238,0.0253285,0.0460716,0.00178363,-0.000732139,3121.64,-23.4312,67.6881,0.00231641,-0.0233207,-64.6762,4892.53,-36.7235,106.087,0.00118004,-0.0438481,-66.2064,2963.24,-22.2421,64.2533,-0.00101885,-0.0324007,-64.4536,5465.24,-41.0222,118.505,-0.00152879,-0.0291094,-66.2094
5.429,230.137,-3.82792,22.1739,-0.333792,-0.353367,4.84798,0.263915,0.0222607,0.00751339,3985.86,3,0.104361,0,-0.0780181,0.0253413,0.0461304,0.00180089,-0.000717368,3115.3,-23.4127,69.36,0.00241082,-0.0236358,-64.6708,4899.5,-36.8216,109.084,0.00115736,-0.0442356,-66.2106,2945.38,-22.1357,65.5769,-0.00090331,-0.0329721,-64.4417,5483.47,-41.2104,122.086,-0.00155156,-0.0296777,-66.2168
5.439,230.357,-3.8477,22.1732,-0.343517,-0.265881,4.80936,0.265417,0.0228207,0.00752275,3985.84,3,0.104735,0,-0.0785355,0.0253197,0.0461425,0.00181701,-0.000703054,3108.06,-23.3877,70.9404,0.00232501,-0.0239999,-64.6667,4906.04,-36.9173,111.979,0.00130286,-0.0446146,-66.2135,2927,-22.0253,66.8078,-0.00111454,-0.0335937,-64.4314,5501.01,-41.3943,125.558,-0.00151151,-0.0302599,-66.223
5.449,230.578,-3.86699,22.1726,-0.352989,-0.237205,4.90123,0.266978,0.0233601,0.0075322,3985.81,3,0.105102,0,-0.0789754,0.0252828,0.0461439,0.00183494,-0.000688429,3102.79,-23.3776,72.4945,0.00240304,-0.02432,-64.6629,4911.9,-37.0082,114.763,0.00122407,-0.044959,-66.2157,2910.45,-21.9285,68.0006,-0.00116139,-0.0341489,-64.422,5517.71,-41.5727,128.918,-0.0015007,-0.0307968,-66.2281
5.459,230.799,-3.88579,22.1718,-0.362251,-0.316897,5.04524,0.268238,0.0238788,0.00754172,3985.78,3,0.105438,0,-0.0793373,0.0251851,0.0460828,0.00184913,-0.000676679,3098.82,-23.3775,74.0101,0.00249172,-0.0245485,-64.6589,4915.43,-37.0821,117.397,0.00123882,-0.0451958,-66.2184,2895.69,-21.8451,69.1586,-0.000988758,-0.0346448,-64.4128,5533.2,-41.7425,132.151,-0.00154663,-0.0312948,-66.2333
5.469,231.02,-3.90409,22.1712,-0.371369,-0.251707,5.02294,0.269091,0.0243769,0.0075513,3985.76,3,0.105821,0,-0.0796209,0.0250879,0.0460205,0.00186598,-0.000662175,3093.71,-23.3689,75.43,0.00245933,-0.0248217,-64.6556,4920.48,-37.1678,119.97,0.00133734,-0.0455229,-66.2204,2880.76,-21.7604,70.238,-0.00106965,-0.0351717,-64.4035,5548.04,-41.9081,135.271,-0.0015325,-0.0318001,-66.2374
5.479,231.241,-3.92189,22.1704,-0.380181,-0.348931,5.13283,0.270026,0.0248544,0.00756091,3985.73,3,0.106179,0,-0.079826,0.0249159,0.0458885,0.00188236,-0.000648875,3090.67,-23.3759,76.8326,0.00256657,-0.0249964,-64.6541,4924.06,-37.2426,122.41,0.00131184,-0.0457502,-66.2205,2867.75,-21.6899,71.2909,-0.000978042,-0.0356295,-64.3959,5561.71,-42.0654,138.262,-0.00155824,-0.0322567,-66.2403
5.489,231.462,-3.93918,22.1696,-0.388764,-0.327822,5.26,0.270602,0.0253113,0.00757048,3985.7,3,0.106563,0,-0.0799522,0.0247156,0.0457065,0.00189734,-0.00063626,3088.43,-23.3888,78.1891,0.00263929,-0.0251341,-64.6518,4926.22,-37.3065,124.716,0.00127994,-0.0458822,-66.221,2855.17,-21.6223,72.2836,-0.000987125,-0.0360649,-64.3878,5574.35,-42.2148,141.124,-0.00155658,-0.0326965,-66.2435
5.499,231.683,-3.95596,22.1689,-0.397171,-0.276982,5.21934,0.270823,0.0257475,0.00758005,3985.67,3,0.106953,0,-0.0799996,0.0245062,0.0455246,0.00191,-0.000625305,3085.76,-23.3984,79.4683,0.00265457,-0.0252936,-64.6509,4928.31,-37.37,126.92,0.00128707,-0.0460464,-66.2204,2843.89,-21.5644,73.2394,-0.000999912,-0.0365138,-64.3823,5587.04,-42.3649,143.884,-0.00155502,-0.0331313,-66.2446
5.509,231.904,-3.97223,22.1682,-0.40527,-0.263793,5.21022,0.270746,0.026163,0.00758953,3985.64,3,0.107339,0,-0.079968,0.0242583,0.0453093,0.00192325,-0.000613869,3083.37,-23.4098,80.6885,0.00262851,-0.0254257,-64.6506,4930.72,-37.4354,129.032,0.00138446,-0.0462349,-66.2192,2833.11,-21.5097,74.1395,-0.00104661,-0.0369169,-64.3772,5597.84,-42.5003,146.489,-0.00153414,-0.0335103,-66.2452
5.519,232.126,-3.98799,22.1674,-0.413015,-0.30567,5.27078,0.270691,0.0265575,0.00759895,3985.61,3,0.107725,0,-0.0798575,0.0239532,0.0450425,0.00193644,-0.000603227,3081.97,-23.4284,81.8687,0.00264648,-0.0255026,-64.651,4932.19,-37.4934,131.018,0.00144451,-0.0463466,-66.2174,2823.31,-21.4621,74.9977,-0.00104337,-0.0372924,-64.3719,5607.69,-42.6284,148.961,-0.00154749,-0.0338817,-66.2457
5.529,232.347,-4.00323,22.1666,-0.420484,-0.341198,5.35252,0.270268,0.0269314,0.00760822,3985.59,3,0.108088,0,-0.0796682,0.0236124,0.0447198,0.00194837,-0.00059303,3082.4,-23.4606,83.0336,0.0027986,-0.0254911,-64.6515,4932.2,-37.5396,132.863,0.00135454,-0.046383,-66.2154,2815.55,-21.4295,75.8452,-0.000884179,-0.0375963,-64.3665,5616.81,-42.7503,151.305,-0.00159333,-0.0341913,-66.2459
5.539,232.568,-4.01794,22.1659,-0.427672,-0.216113,5.25852,0.269432,0.0272844,0.00761734,3985.56,3,0.108501,0,-0.0794003,0.0232471,0.0443666,0.00195881,-0.000583109,3080.66,-23.4756,84.0749,0.00263794,-0.0255677,-64.6533,4932.67,-37.5886,134.619,0.0015351,-0.0464497,-66.2118,2806.96,-21.3899,76.6051,-0.00109861,-0.0379562,-64.3637,5625.34,-42.8669,153.522,-0.00154159,-0.0345281,-66.2435
5.549,232.789,-4.03214,22.1652,-0.434515,-0.174407,5.24235,0.268404,0.0276164,0.00762632,3985.53,3,0.108893,0,-0.079054,0.0228657,0.0440043,0.0019707,-0.000573998,3080.89,-23.5052,85.1046,0.00262024,-0.025557,-64.6556,4931.99,-37.628,136.238,0.00159935,-0.046433,-66.208,2800.2,-21.3638,77.3511,-0.00114924,-0.0382428,-64.3626,5632.57,-42.973,155.591,-0.00152655,-0.0348022,-66.2409
5.559,233.01,-4.04581,22.1645,-0.440928,-0.175008,5.27829,0.267335,0.0279272,0.00763506,3985.51,3,0.109261,0,-0.0786297,0.0224274,0.0435904,0.00197978,-0.000565844,3082.72,-23.5463,86.1141,0.00269401,-0.0254775,-64.6582,4930.17,-37.6576,137.722,0.00154152,-0.0464112,-66.204,2794.63,-21.3459,78.0665,-0.00112263,-0.0384811,-64.3603,5638.9,-43.0709,157.52,-0.00154228,-0.0350601,-66.2379
5.569,233.232,-4.05896,22.1638,-0.447007,-0.078722,5.24394,0.265761,0.028217,0.00764362,3985.49,3,0.109647,0,-0.0781278,0.0219416,0.0431353,0.0019909,-0.000556511,3083.94,-23.5823,87.0425,0.0026053,-0.0253999,-64.6618,4928.08,-37.6841,139.092,0.00163189,-0.0463368,-66.199,2789.56,-21.3313,78.7339,-0.00123487,-0.0387161,-64.3591,5644.31,-43.1609,159.307,-0.00149353,-0.0352717,-66.2349
5.579,233.453,-4.07158,22.163,-0.452556,-0.200272,5.38558,0.264463,0.0284854,0.00765191,3985.47,3,0.109992,0,-0.0775488,0.0214128,0.0426079,0.00199994,-0.000548909,3086.88,-23.6305,87.9548,0.00270146,-0.0252537,-64.6672,4925.16,-37.7029,140.333,0.00159615,-0.0462047,-66.192,2786.65,-21.3323,79.4005,-0.00116036,-0.0388679,-64.3599,5648.57,-43.2407,160.946,-0.00152883,-0.0354451,-66.2296
5.589,233.674,-4.08367,22.1624,-0.457897,-0.103856,5.25279,0.262157,0.0287326,0.00765991,3985.45,3,0.110345,0,-0.0768932,0.0208856,0.0420822,0.00200696,-0.00054265,3089.39,-23.6747,88.7908,0.0026413,-0.0250843,-64.6712,4922.07,-37.7189,141.463,0.00169202,-0.0460612,-66.1865,2783.85,-21.3333,80.0093,-0.00119591,-0.0390195,-64.3596,5651.98,-43.3124,162.441,-0.00151874,-0.0355887,-66.2252
5.599,233.896,-4.09525,22.1618,-0.462673,-0.0940061,5.3232,0.260001,0.0289581,0.00766763,3985.44,3,0.110687,0,-0.0761618,0.0203298,0.04154,0.00201412,-0.000535307,3094.4,-23.7371,89.6328,0.00273728,-0.0248595,-64.677,4916.95,-37.7179,142.425,0.00156643,-0.045834,-66.1794,2782.69,-21.346,80.6038,-0.00117977,-0.0391144,-64.3625,5654.27,-43.3739,163.783,-0.00151451,-0.0356855,-66.2187
5.609,234.117,-4.10629,22.1612,-0.467061,-0.0407204,5.2509,0.257341,0.0291617,0.00767503,3985.43,3,0.111016,0,-0.0753552,0.0197439,0.0409695,0.00202007,-0.000530463,3098.1,-23.7886,90.3717,0.00267849,-0.0246576,-64.683,4912.27,-37.7186,143.291,0.00165486,-0.0456309,-66.1722,2782.32,-21.3639,81.1603,-0.00120289,-0.0391829,-64.3649,5655.59,-43.4261,164.973,-0.0015179,-0.0357586,-66.2123
5.619,234.339,-4.11682,22.1607,-0.47093,-0.0687562,5.26976,0.254565,0.0293434,0.0076821,3985.43,3,0.111305,0,-0.0744743,0.019102,0.0403365,0.00202759,-0.000523682,3104.3,-23.8583,91.1168,0.0027657,-0.0243193,-64.6916,4906.08,-37.706,144.003,0.00161748,-0.0453489,-66.1625,2783.64,-21.3939,81.705,-0.00108124,-0.0391869,-64.3705,5655.45,-43.4653,165.998,-0.00155277,-0.0357792,-66.2037
5.629,234.56,-4.12682,22.1601,-0.474296,-0.0493172,5.27833,0.251631,0.0295029,0.00768879,3985.42,3,0.111605,0,-0.0735198,0.0184382,0.0396748,0.00203235,-0.00051918,3110.99,-23.9307,91.81,0.00279665,-0.0239895,-64.6989,4899.34,-37.6872,144.587,0.00157279,-0.0449992,-66.1538,2785.63,-21.4279,82.2082,-0.00111703,-0.0391871,-64.3736,5654.68,-43.4974,166.878,-0.00154324,-0.0357807,-66.1962
5.639,234.781,-4.1363,22.1596,-0.477153,0.0316894,5.18485,0.248316,0.0296396,0.00769511,3985.42,3,0.111917,0,-0.0724928,0.0176682,0.0388869,0.00203989,-0.000513,3115.47,-23.9849,92.3683,0.00259878,-0.0236806,-64.7075,4893.73,-37.6751,145.091,0.00171884,-0.0446943,-66.144,2787.41,-21.4592,82.6416,-0.0013259,-0.0391669,-64.3794,5652.88,-43.5195,167.598,-0.00147351,-0.0357596,-66.1876
5.649,235.003,-4.14526,22.1592,-0.479514,-0.0313973,5.24411,0.244633,0.0297537,0.00770101,3985.43,3,0.112151,0,-0.0713943,0.0170089,0.0382441,0.00204191,-0.000510112,3125.3,-24.0791,93.0168,0.00273752,-0.0232613,-64.7164,4883.68,-37.6266,145.35,0.00161413,-0.0442674,-66.1342,2792.87,-21.5179,83.1228,-0.00115256,-0.0390187,-64.3871,5649.41,-43.5262,168.14,-0.00152332,-0.0356399,-66.1773
5.659,235.224,-4.15371,22.1588,-0.481303,-0.0265951,5.19422,0.240765,0.0298444,0.00770648,3985.43,3,0.112392,0,-0.0702253,0.0162449,0.0374872,0.00204645,-0.000505858,3132.97,-24.1554,93.5296,0.00269603,-0.0228602,-64.7269,4875.39,-37.5896,145.546,0.00166123,-0.0438854,-66.123,2798.25,-21.5747,83.5369,-0.00116627,-0.0388902,-64.395,5645.13,-43.5243,168.526,-0.00152451,-0.0355183,-66.167
5.669,235.446,-4.16165,22.1586,-0.4826,0.132237,5.0489,0.236341,0.0299119,0.00771151,3985.45,3,0.112631,0,-0.068987,0.0154605,0.0366939,0.00205046,-0.000501455,3141.49,-24.237,93.996,0.00259936,-0.0224033,-64.7392,4866.09,-37.5424,145.597,0.00172309,-0.0434315,-66.1098,2804.04,-21.6335,83.8991,-0.00129105,-0.0387324,-64.4052,5639.74,-43.5112,168.746,-0.00149107,-0.035369,-66.1547
5.679,235.667,-4.16908,22.1582,-0.483184,0.0217765,5.10678,0.232179,0.0299556,0.00771605,3985.46,3,0.112813,0,-0.0676806,0.0146293,0.035849,0.0020523,-0.000498619,3151.85,-24.3313,94.4439,0.00264732,-0.0219083,-64.7499,4855.46,-37.4825,145.492,0.00165234,-0.0429272,-66.0981,2812.73,-21.7133,84.2821,-0.00120694,-0.038476,-64.4133,5632.79,-43.4833,168.784,-0.00151857,-0.0351401,-66.1437
5.689,235.889,-4.176,22.158,-0.483192,0.00750736,5.26047,0.227453,0.029975,0.00772009,3985.47,3,0.112975,0,-0.0663074,0.0137856,0.0349965,0.00205234,-0.000498728,3163.81,-24.4364,94.8636,0.00267867,-0.0213118,-64.7617,4842.64,-37.4032,145.202,0.0015754,-0.042219,-66.0858,2822.14,-21.7974,84.6189,-0.00108398,-0.0381704,-64.4247,5624.84,-43.4446,168.655,-0.00155889,-0.0348574,-66.1311
5.699,236.11,-4.18243,22.1578,-0.482728,0.0986632,4.98601,0.222381,0.0299696,0.00772365,3985.51,3,0.113157,0,-0.0648688,0.0129074,0.0341201,0.00205533,-0.000495861,3173.38,-24.5216,95.1336,0.00248524,-0.0208246,-64.7753,4832.29,-37.3404,144.865,0.00173916,-0.0418256,-66.0718,2831.59,-21.8805,84.8872,-0.0013573,-0.0379107,-64.4373,5615.56,-43.393,168.347,-0.00145608,-0.0345979,-66.1174
5.709,236.332,-4.18836,22.1577,-0.48157,0.0665166,4.95131,0.217089,0.0299394,0.00772668,3985.54,3,0.113272,0,-0.0633661,0.0120283,0.0332386,0.00205496,-0.000495416,3186.5,-24.6326,95.4304,0.00250424,-0.0202135,-64.7899,4818.98,-37.2522,144.32,0.00169201,-0.0412186,-66.0569,2843.69,-21.9826,85.1638,-0.00130147,-0.0375276,-64.4509,5604.9,-43.3275,167.857,-0.00147414,-0.034243,-66.1031
5.719,236.553,-4.1938,22.1577,-0.479811,0.105413,4.87899,0.211384,0.0298837,0.00772914,3985.57,3,0.113358,0,-0.061801,0.0111246,0.032305,0.00205368,-0.000495198,3200.09,-24.7455,95.6592,0.00249626,-0.0195624,-64.8049,4805.01,-37.1559,143.634,0.00166765,-0.0405598,-66.0416,2857.14,-22.0935,85.4074,-0.00123125,-0.0370881,-64.4649,5592.81,-43.2478,167.184,-0.00149177,-0.0338443,-66.0886
5.729,236.775,-4.19876,22.1577,-0.477409,0.121165,4.7737,0.205514,0.029802,0.00773105,3985.61,3,0.113436,0,-0.0601748,0.0101807,0.0313386,0.00205223,-0.00049519,3214.03,-24.8594,95.8131,0.00240498,-0.0189019,-64.8207,4790.67,-37.0541,142.814,0.00172535,-0.0399005,-66.0255,2871.39,-22.2091,85.5986,-0.00132,-0.0366571,-64.4808,5579.58,-43.156,166.332,-0.00146325,-0.0334189,-66.0727
5.739,236.997,-4.20325,22.1578,-0.47435,0.208433,4.663,0.1994,0.0296937,0.00773238,3985.66,3,0.113497,0,-0.0584892,0.00919211,0.0303298,0.00205131,-0.000495666,3228.52,-24.9757,95.8948,0.00229289,-0.0182053,-64.8382,4775.54,-36.9433,141.845,0.0017717,-0.0392006,-66.0082,2886.49,-22.3298,85.7358,-0.00144914,-0.0361803,-64.4991,5564.99,-43.0505,165.294,-0.00142428,-0.0329556,-66.0552
5.749,237.218,-4.20727,22.1579,-0.470629,0.0285414,4.72945,0.193057,0.0295582,0.00773313,3985.72,3,0.113462,0,-0.056746,0.00822849,0.0293609,0.00204877,-0.000496948,3247.19,-25.1224,96.009,0.00244806,-0.017392,-64.8563,4757.16,-36.8046,140.654,0.00160189,-0.0383759,-65.9903,2905.72,-22.4805,85.9128,-0.00112475,-0.0355527,-64.5177,5548.39,-42.926,164.048,-0.0015168,-0.0323812,-66.0372
5.759,237.44,-4.21083,22.1582,-0.466301,0.22827,4.54575,0.18624,0.0293952,0.00773328,3985.79,3,0.113498,0,-0.0549467,0.00723421,0.0283465,0.00204502,-0.000499076,3262.94,-25.2446,95.9422,0.0022455,-0.0166971,-64.8743,4740.11,-36.6731,139.376,0.00167288,-0.0376449,-65.9728,2923.15,-22.6158,85.9513,-0.00142626,-0.0350152,-64.5361,5530.85,-42.791,162.627,-0.00142717,-0.0318368,-66.0198
5.769,237.661,-4.21393,22.1584,-0.461267,0.151689,4.51061,0.179395,0.0292039,0.00773279,3985.85,3,0.113432,0,-0.0530932,0.00622342,0.0272953,0.00203956,-0.000502204,3281.78,-25.3887,95.868,0.00226259,-0.0158773,-64.8938,4721.53,-36.527,137.926,0.00162592,-0.0368198,-65.9537,2944.31,-22.7779,86.0098,-0.00131707,-0.034338,-64.5561,5511.44,-42.6379,161.001,-0.00144891,-0.0312056,-66.0015
5.779,237.883,-4.2166,22.1588,-0.455605,0.0969906,4.49616,0.17221,0.0289838,0.00773167,3985.92,3,0.113339,0,-0.0511873,0.00518025,0.0262164,0.00203496,-0.000505201,3302.14,-25.5423,95.7356,0.00229608,-0.014995,-64.9144,4700.86,-36.3615,136.287,0.00152243,-0.0358933,-65.9339,2966.85,-22.9488,86.0149,-0.0011739,-0.0336092,-64.5791,5490.12,-42.4665,159.169,-0.00148432,-0.0305129,-65.9812
5.789,238.105,-4.21883,22.1592,-0.449296,0.1516,4.39148,0.16465,0.0287343,0.00772995,3986.01,3,0.113251,0,-0.0492309,0.00413168,0.0251448,0.00202891,-0.000509227,3321.81,-25.6885,95.4763,0.00217528,-0.0141629,-64.9356,4680.88,-36.1986,134.539,0.00156949,-0.0350607,-65.9136,2990,-23.1226,85.9394,-0.0012983,-0.0328851,-64.602,5468.21,-42.2873,157.169,-0.00143713,-0.0297805,-65.9607
5.799,238.326,-4.22064,22.1597,-0.44239,0.169354,4.21798,0.156975,0.0284549,0.0077276,3986.09,3,0.11312,0,-0.0472259,0.00309085,0.0240753,0.00202163,-0.000514776,3343.24,-25.8462,95.157,0.00211528,-0.0132954,-64.9571,4659.46,-36.0217,132.62,0.00156513,-0.0341872,-65.8933,3015.3,-23.3109,85.823,-0.00129852,-0.0321083,-64.6256,5443.97,-42.0867,154.949,-0.00143782,-0.0290674,-65.9401
5.809,238.548,-4.22203,22.1603,-0.434818,0.148466,4.10157,0.149081,0.0281449,0.00772461,3986.2,3,0.112952,0,-0.0451743,0.00200513,0.0229631,0.00201482,-0.000519157,3365.61,-26.0088,94.7497,0.00208138,-0.0123709,-64.9803,4637.01,-35.834,130.543,0.00153347,-0.033256,-65.8715,3042.33,-23.5106,85.6485,-0.00124344,-0.031281,-64.6512,5418.2,-41.8708,152.535,-0.00143782,-0.0282718,-65.9186
5.819,238.77,-4.22303,22.1609,-0.426621,0.139228,4.04758,0.140938,0.0278039,0.00772096,3986.29,3,0.112753,0,-0.0430781,0.000934803,0.0218407,0.00200366,-0.000526934,3390.24,-26.1865,94.2862,0.00209173,-0.0113984,-65.0044,4612.49,-35.6273,128.278,0.00141698,-0.0322294,-65.8488,3071.3,-23.723,85.4162,-0.00120972,-0.0303869,-64.6779,5390.72,-41.6385,149.922,-0.00143932,-0.0274209,-65.8958
5.829,238.991,-4.22364,22.1616,-0.417846,0.167506,3.85549,0.132625,0.0274312,0.00771668,3986.41,3,0.112551,0,-0.0409394,-0.000160692,0.0207052,0.00199553,-0.000532837,3414.1,-26.356,93.6764,0.00197753,-0.0104705,-65.0285,4588.14,-35.4192,125.89,0.00145607,-0.0312761,-65.8264,3100.96,-23.9386,85.0843,-0.00126737,-0.0295189,-64.7048,5361.68,-41.3908,147.114,-0.00142264,-0.0265538,-65.8729
5.839,239.213,-4.22387,22.1624,-0.408513,0.254485,3.64559,0.123907,0.0270263,0.0077118,3986.53,3,0.112331,0,-0.0387603,-0.00125658,0.0195665,0.00198599,-0.000539609,3438.93,-26.5306,92.9642,0.0018362,-0.0095131,-65.0525,4563.14,-35.2036,123.355,0.00149387,-0.0302956,-65.8046,3132.15,-24.1639,84.6711,-0.00143082,-0.0285895,-64.7326,5330.87,-41.1264,144.109,-0.0013823,-0.0256479,-65.8496
5.849,239.435,-4.22375,22.1632,-0.39852,0.171037,3.59144,0.115316,0.0265888,0.0077063,3986.66,3,0.112039,0,-0.036543,-0.0023658,0.0184242,0.0019741,-0.000548256,3466.46,-26.7236,92.1907,0.00183499,-0.00848154,-65.0797,4536.13,-34.9699,120.639,0.00146594,-0.0292497,-65.7798,3166.27,-24.4093,84.207,-0.00132886,-0.0275822,-64.7639,5298.25,-40.8452,140.907,-0.00138658,-0.0246835,-65.8249
5.859,239.656,-4.22327,22.1642,-0.388037,0.204436,3.44073,0.106419,0.0261184,0.0077002,3986.79,3,0.111745,0,-0.0342896,-0.00347944,0.0172642,0.00196265,-0.00055785,3493.78,-26.9125,91.2728,0.00176308,-0.00746825,-65.1063,4508.6,-34.7296,117.784,0.00143973,-0.0281979,-65.7555,3201.49,-24.661,83.6368,-0.00130194,-0.0265627,-64.7941,5263.94,-40.548,137.517,-0.00139036,-0.0236917,-65.8
5.869,239.878,-4.22246,22.1651,-0.377031,0.189203,3.29856,0.0974343,0.025615,0.00769352,3986.93,3,0.111429,0,-0.0320023,-0.00459116,0.0160953,0.00194984,-0.000567221,3522.75,-27.1118,90.255,0.00170704,-0.00642113,-65.1334,4479.87,-34.478,114.777,0.00140539,-0.0271037,-65.7311,3238.44,-24.9237,82.9709,-0.00132924,-0.0255102,-64.825,5227.9,-40.235,133.942,-0.00137284,-0.0226661,-65.7746
5.879,240.1,-4.22133,22.166,-0.365525,0.14671,3.17338,0.0883669,0.025078,0.00768628,3987.08,3,0.111086,0,-0.0296835,-0.00571686,0.014916,0.00193628,-0.000577883,3552.54,-27.3149,89.1093,0.00164314,-0.00536184,-65.1602,4450.05,-34.2158,111.622,0.00138798,-0.0259967,-65.7072,3277.15,-25.1975,82.2017,-0.00131432,-0.0244282,-64.8566,5190.2,-39.9067,130.187,-0.00136231,-0.0216094,-65.7489
5.889,240.321,-4.2199,22.1671,-0.353595,0.204437,2.97613,0.0790525,0.0245075,0.00767852,3987.23,3,0.110739,0,-0.0273354,-0.00682346,0.0137707,0.00192073,-0.000589509,3582.82,-27.5195,87.8233,0.00155463,-0.00431378,-65.1889,4420.06,-33.9504,108.346,0.00139189,-0.0249204,-65.6816,3317.13,-25.4788,81.3107,-0.00136762,-0.0233257,-64.8897,5150.86,-39.5637,126.26,-0.00135185,-0.0205307,-65.7225
5.899,240.543,-4.21818,22.1682,-0.341236,0.271677,2.78943,0.0696755,0.0239032,0.00767027,3987.4,3,0.110373,0,-0.0249603,-0.00793449,0.0126121,0.0019055,-0.000601794,3614.18,-27.7302,86.407,0.00148798,-0.00322451,-65.2182,4388.7,-33.6728,104.924,0.00137394,-0.0237947,-65.6558,3358.5,-25.7684,80.2942,-0.00141619,-0.022208,-64.9248,5109.84,-39.2058,122.165,-0.00134209,-0.0194228,-65.6958
5.909,240.765,-4.21619,22.1694,-0.328464,0.233195,2.63088,0.0602832,0.0232656,0.00766153,3987.56,3,0.109965,0,-0.0225605,-0.00904337,0.0114418,0.00188878,-0.000613625,3646.61,-27.9467,84.8558,0.00144921,-0.00212608,-65.2478,4356.78,-33.3893,101.381,0.0013562,-0.0226587,-65.6298,3402.09,-26.0728,79.166,-0.00137318,-0.0210447,-64.9588,5067.26,-38.8342,117.914,-0.00133203,-0.0182886,-65.6685
5.919,240.986,-4.21394,22.1705,-0.315382,0.250299,2.41603,0.0508211,0.0225947,0.00765238,3987.73,3,0.10956,0,-0.0201385,-0.0101485,0.0102712,0.00187402,-0.000627843,3679.64,-28.1657,83.1543,0.00137538,-0.00102521,-65.2772,4324.16,-33.0993,97.7197,0.00134954,-0.0215025,-65.604,3446.7,-26.3827,77.8903,-0.00143299,-0.0198778,-64.9937,5023.2,-38.45,113.517,-0.00132499,-0.0171365,-65.641
5.929,241.208,-4.21147,22.1717,-0.301913,0.172461,2.2965,0.0414597,0.0218909,0.00764284,3987.91,3,0.109127,0,-0.0176966,-0.0112517,0.00911593,0.00185298,-0.000643983,3713.45,-28.3887,81.3038,0.00133761,8.34568e-05,-65.307,4290.31,-32.7986,93.9336,0.0013332,-0.0203413,-65.5783,3493.2,-26.7049,76.4814,-0.00137884,-0.018676,-65.0289,4977.62,-38.053,108.982,-0.00131285,-0.0159635,-65.6131
5.939,241.43,-4.20877,22.1729,-0.288224,0.117322,2.09452,0.0319821,0.0211547,0.00763299,3988.09,3,0.108669,0,-0.0152373,-0.0123456,0.00797237,0.00183432,-0.000659804,3748.09,-28.6161,79.3017,0.00130896,0.00121169,-65.3369,4256.2,-32.4954,90.0522,0.00131267,-0.0191846,-65.5526,3541.17,-27.0363,74.9237,-0.00126036,-0.0174538,-65.0639,4930.61,-37.6444,104.321,-0.00129247,-0.0147904,-65.5848
5.949,241.652,-4.20587,22.1741,-0.274257,0.144127,1.91884,0.0225466,0.020387,0.00762289,3988.28,3,0.108246,0,-0.0127629,-0.0134314,0.0068328,0.00181436,-0.000676396,3783.03,-28.8442,77.1355,0.00123794,0.00232803,-65.3677,4221.86,-32.1901,86.0831,0.00129854,-0.0180272,-65.5262,3589.46,-27.3683,73.1886,-0.00137342,-0.0162553,-65.1015,4882.38,-37.2263,99.551,-0.00129519,-0.0135779,-65.5567
5.959,241.873,-4.20279,22.1754,-0.260111,0.178486,1.71935,0.0131205,0.0195887,0.00761257,3988.46,3,0.107794,0,-0.010276,-0.0145066,0.00569095,0.00179439,-0.000693694,3818.28,-29.0731,74.8048,0.00119604,0.0034524,-65.3983,4186.86,-31.8795,82.0256,0.00127904,-0.0168404,-65.5,3639.15,-27.7092,71.2954,-0.00135397,-0.0150328,-65.138,4832.97,-36.7991,94.6837,-0.00127737,-0.012371,-65.5282
5.969,242.095,-4.19955,22.1766,-0.245776,0.0965386,1.55522,0.00381806,0.0187608,0.0076021,3988.64,3,0.107334,0,-0.00777884,-0.0155767,0.00455391,0.00177263,-0.000712328,3854.04,-29.3045,72.3132,0.00115278,0.00457684,-65.4287,4151.31,-31.5648,77.8908,0.00124551,-0.0156493,-65.4742,3690.08,-28.0578,69.2368,-0.00132449,-0.0137965,-65.1744,4782.61,-36.365,89.7359,-0.0012585,-0.0111575,-65.4996
5.979,242.317,-4.19616,22.178,-0.231347,0.24642,1.32642,-0.00552353,0.0179044,0.00759156,3988.83,3,0.106902,0,-0.00527405,-0.0166337,0.00344485,0.00175029,-0.000731201,3889.82,-29.5351,69.6522,0.00108522,0.00569323,-65.4589,4115.9,-31.2517,73.7005,0.00125536,-0.0144751,-65.4487,3740.99,-28.405,66.9873,-0.00146155,-0.0125944,-65.2106,4731.07,-35.9226,84.7159,-0.00128548,-0.00993447,-65.4707
5.989,242.539,-4.19265,22.1792,-0.216786,0.0897384,1.1686,-0.014719,0.017021,0.00758101,3989.02,3,0.106411,0,-0.00276405,-0.0176811,0.00235087,0.00172696,-0.000751078,3926,-29.7679,66.8308,0.00106009,0.00682122,-65.4894,4080.17,-30.9369,69.4553,0.00125757,-0.0133138,-65.4231,3793.84,-28.7659,64.5811,-0.0013348,-0.011338,-65.2478,4678.95,-35.477,79.6481,-0.00123427,-0.00870419,-65.4421
5.999,242.76,-4.18904,22.1805,-0.20219,0.147509,0.946077,-0.0237884,0.0161121,0.00757053,3989.21,3,0.105978,0,-0.000251327,-0.0187206,0.00126519,0.00170391,-0.000772033,3962.06,-29.9993,63.8427,0.00101707,0.00794106,-65.5197,4044.35,-30.6224,65.1688,0.00123915,-0.0121342,-65.3977,3846.23,-29.1224,61.9764,-0.00141437,-0.0101333,-65.2846,4626.02,-35.0267,74.5416,-0.00125387,-0.00749547,-65.4134
6.009,242.982,-4.18534,22.1817,-0.187414,0.136148,0.799352,-0.0331465,0.0151835,0.00756006,3989.39,3,0.105509,0,0,-0.0185461,0.00136025,0.00167934,-0.000793166,3998.02,-30.2294,60.7085,0.000951216,0.00812546,-65.5183,4009.38,-30.3152,60.8809,0.00128457,-0.0118863,-65.4041,3898.87,-29.4797,59.2029,-0.00137836,-0.00887178,-65.3223,4573.49,-34.5805,69.4467,-0.00124067,-0.00624518,-65.3828
6.019,243.204,-4.18156,22.1831,-0.171775,0.237188,0.706489,-0.0401456,0.0142507,0.00754986,3989.55,3,0.105071,0,0,-0.0180423,0.00178266,0.00165376,-0.000814443,4017.97,-30.3387,57.2627,0.00100121,0.00789623,-65.5513,3988.11,-30.1133,56.8372,0.00120259,-0.012043,-65.3766,3948.44,-29.8138,56.2719,-0.001455,-0.0077177,-65.3545,4523.12,-34.153,64.462,-0.00129784,-0.00507619,-65.3573
6.029,243.426,-4.17771,22.1843,-0.155622,0.162138,0.62968,-0.0454393,0.0133349,0.00754005,3989.69,3,0.104612,0,0,-0.0175308,0.00222426,0.00163013,-0.000836616,4030.35,-30.3923,53.7476,0.000992632,0.00777395,-65.571,3973.71,-29.9652,52.9922,0.00120399,-0.0120871,-65.3624,3992.2,-30.1046,53.2389,-0.00129952,-0.00661007,-65.3848,4479.19,-33.777,59.7332,-0.00123378,-0.0039863,-65.3379
6.039,243.648,-4.17379,22.1855,-0.139334,0.125676,0.545267,-0.0492529,0.0124498,0.00753078,3989.81,3,0.104161,0,0,-0.0170248,0.002668,0.00160588,-0.000858525,4037.92,-30.4116,50.2736,0.000999258,0.00775277,-65.5864,3964.59,-29.8594,49.3607,0.00118257,-0.0120406,-65.3522,4029.08,-30.3451,50.1636,-0.00130169,-0.00559464,-65.4101,4441.82,-33.4536,55.3024,-0.00125131,-0.00296916,-65.3235
6.049,243.87,-4.16981,22.1868,-0.123223,0.0513571,0.461674,-0.0518011,0.0116018,0.00752219,3989.9,3,0.103688,0,0,-0.0165313,0.00310081,0.00158181,-0.000880238,4042.81,-30.4134,46.9059,0.00102043,0.00782502,-65.5974,3958.81,-29.7815,45.9312,0.00116352,-0.0119241,-65.3456,4060.33,-30.5452,47.1091,-0.0012098,-0.00464473,-65.4279,4410.09,-33.1764,51.1672,-0.00120641,-0.00204604,-65.3112
6.059,244.091,-4.16578,22.1879,-0.107533,0.0958837,0.374357,-0.0532784,0.0107922,0.00751444,3989.97,3,0.103299,0,0,-0.01606,0.00351896,0.00156029,-0.000902644,4046.12,-30.4067,43.6681,0.000997801,0.00793301,-65.6049,3954.16,-29.7156,42.6756,0.00112616,-0.0117124,-65.3422,4086.26,-30.7083,44.1013,-0.00131561,-0.00382104,-65.4431,4382.13,-32.9318,47.2945,-0.00128825,-0.00117971,-65.3033
6.069,244.313,-4.16171,22.1892,-0.0924608,0.107154,0.290432,-0.053894,0.0100188,0.00750759,3990.03,3,0.102873,0,0,-0.0156031,0.00392542,0.00153758,-0.000923022,4049.7,-30.4056,40.5745,0.000992763,0.0081049,-65.6096,3950.13,-29.658,39.5769,0.00110363,-0.0114784,-65.3412,4109.88,-30.8574,41.1774,-0.00132826,-0.00305603,-65.4543,4357.35,-32.7154,43.6569,-0.00131116,-0.000411668,-65.2976
6.079,244.535,-4.1576,22.1903,-0.0781412,0.100036,0.21185,-0.053786,0.00927786,0.0075017,3990.1,3,0.102463,0,0,-0.0151737,0.0043249,0.00151641,-0.000943424,4053.93,-30.4133,37.6129,0.000976521,0.00831534,-65.6125,3945.68,-29.6011,36.6085,0.00106681,-0.0112206,-65.342,4131.68,-30.9965,38.3342,-0.00131303,-0.00237133,-65.4636,4334.16,-32.5156,40.2129,-0.00130998,0.000276505,-65.2946
6.089,244.757,-4.15346,22.1915,-0.064671,0.164133,0.136089,-0.0530973,0.00856534,0.00749677,3990.17,3,0.102072,0,0,-0.0147704,0.00471014,0.00149545,-0.000962517,4059.05,-30.4314,34.768,0.000955262,0.00854175,-65.6139,3940.57,-29.5432,33.7532,0.00103645,-0.010946,-65.3442,4152.37,-31.1311,35.5674,-0.00132147,-0.00176632,-65.4721,4311.81,-32.3264,36.933,-0.00132321,0.000889473,-65.2944
6.099,244.979,-4.14931,22.1926,-0.0521117,0.104061,0.0726984,-0.0519406,0.00787799,0.00749272,3990.24,3,0.101657,0,0,-0.0143771,0.00507067,0.00147564,-0.000981535,4065.11,-30.4603,32.0256,0.00095135,0.00877944,-65.6142,3934.91,-29.4846,30.9998,0.00102182,-0.0106659,-65.3473,4172.85,-31.2675,32.8743,-0.00122493,-0.00121852,-65.4781,4290.33,-32.1478,33.7999,-0.00124106,0.00141879,-65.2947
6.109,245.201,-4.14515,22.1937,-0.0405026,0.058247,0.00968664,-0.0504341,0.00721373,0.0074895,3990.31,3,0.101262,0,0,-0.0140024,0.00542008,0.00145714,-0.00100025,4071.7,-30.4964,29.3727,0.00093575,0.00902508,-65.6137,3928.78,-29.4259,28.3417,0.00100538,-0.0104036,-65.3513,4192.63,-31.4021,30.245,-0.00123981,-0.000748084,-65.4843,4269.25,-31.9759,30.7977,-0.00125522,0.00189066,-65.2972
6.119,245.423,-4.14097,22.1947,-0.0298487,0.0747632,-0.048289,-0.0486474,0.00657186,0.00748699,3990.38,3,0.100889,0,0,-0.0136407,0.00576165,0.00143858,-0.00101769,4078.19,-30.5346,26.8017,0.000911418,0.00924588,-65.6126,3922.51,-29.3689,25.7785,0.000984328,-0.0101429,-65.356,4211.59,-31.5334,27.6784,-0.00124635,-0.000341545,-65.4874,4248.84,-31.8123,27.9232,-0.00126063,0.00230257,-65.2985
6.129,245.645,-4.1368,22.1958,-0.0201411,0.0890434,-0.0986953,-0.0466389,0.00595287,0.00748511,3990.46,3,0.100516,0,0,-0.0132985,0.00609554,0.00142048,-0.00103431,4084.4,-30.5733,24.3142,0.000891413,0.00946474,-65.611,3916.67,-29.3178,23.3157,0.000967248,-0.00991048,-65.3612,4229.62,-31.6603,25.1787,-0.00126778,9.8392e-06,-65.4897,4229.56,-31.6598,25.1783,-0.00128145,0.00265628,-65.3004
6.139,245.867,-4.13264,22.197,-0.0113595,0.452825,-0.14576,-0.0444646,0.0053581,0.00748375,3990.54,3,0.100231,0,0,-0.0129728,0.00641923,0.00140456,-0.00105191,4089.68,-30.6071,21.9131,0.000833604,0.00964913,-65.609,3911.11,-29.2708,20.9563,0.000908529,-0.009676,-65.3669,4245.32,-31.772,22.7471,-0.00141855,0.000277911,-65.493,4210.75,-31.5132,22.5618,-0.0014367,0.00298967,-65.3046
6.149,246.089,-4.12848,22.1978,-0.00348248,0.0355059,-0.17964,-0.0421877,0.00478931,0.0074828,3990.61,3,0.0997822,0,0,-0.0126544,0.00672245,0.00138804,-0.00106777,4094.66,-30.6404,19.6107,0.000877208,0.00986089,-65.6066,3907.52,-29.2401,18.7144,0.000947701,-0.00950449,-65.373,4261.31,-31.8875,20.4089,-0.00122974,0.000566729,-65.4956,4195.54,-31.3953,20.0939,-0.00124101,0.0032062,-65.3093
6.159,246.31,-4.12434,22.1988,0.00353334,0.199511,-0.214778,-0.0398225,0.00424827,0.0074822,3990.68,3,0.0994689,0,0,-0.0123496,0.00701578,0.00137264,-0.00108336,4097.88,-30.662,17.409,0.000846031,0.0100115,-65.6036,3904.28,-29.2134,16.5866,0.000913254,-0.00931726,-65.3795,4274.17,-31.9811,18.158,-0.0013085,0.000755748,-65.4965,4180.93,-31.2834,17.7619,-0.00132474,0.00343587,-65.3135
6.169,246.532,-4.12021,22.1998,0.00972783,0.174024,-0.239043,-0.0374073,0.00373662,0.00748187,3990.75,3,0.0991184,0,0,-0.012059,0.00729864,0.00135816,-0.00109856,4100.08,-30.677,15.3205,0.000832362,0.0101515,-65.6004,3902.27,-29.197,14.5814,0.00089663,-0.00916037,-65.3863,4285.57,-32.0649,16.0136,-0.00131442,0.000924894,-65.4965,4168.77,-31.191,15.5772,-0.00133168,0.00360431,-65.3177
6.179,246.754,-4.11609,22.2006,0.0151418,0.0555457,-0.261648,-0.0349718,0.00325556,0.00748177,3990.82,3,0.0987478,0,0,-0.0117922,0.00757263,0.00134404,-0.00111263,4101,-30.6835,13.3511,0.000818325,0.0102829,-65.5969,3901.44,-29.1904,12.7014,0.000887963,-0.00903625,-65.3933,4295.35,-32.1376,13.9838,-0.00126343,0.0010648,-65.4962,4158.91,-31.1168,13.5396,-0.00127495,0.00372581,-65.3226
6.189,246.976,-4.112,22.2016,0.0198216,0.0839283,-0.280177,-0.0325315,0.00280576,0.00748188,3990.89,3,0.0984182,0,0,-0.0115422,0.00783145,0.0013311,-0.00112648,4101.03,-30.6841,11.5065,0.000808142,0.0103896,-65.5932,3901.58,-29.1918,10.9469,0.000869585,-0.00892114,-65.4006,4302.88,-32.1943,12.0729,-0.00126989,0.00116127,-65.496,4150.47,-31.054,11.6453,-0.00128109,0.00382451,-65.3286
6.199,247.198,-4.10793,22.2025,0.0238108,0.0998406,-0.293948,-0.0301165,0.00238735,0.00748213,3990.95,3,0.0980936,0,0,-0.0113007,0.00806737,0.00131878,-0.00113936,4100.22,-30.679,9.78866,0.000797471,0.0104815,-65.5893,3902.63,-29.2006,9.31693,0.000855794,-0.00882439,-65.408,4308.71,-32.2391,10.2864,-0.00130247,0.00122244,-65.4964,4143.75,-31.0047,9.89257,-0.00131803,0.00389799,-65.3359
6.209,247.42,-4.10388,22.2034,0.0271585,0.1085,-0.302821,-0.0277358,0.00199995,0.00748252,3991.01,3,0.0977493,0,0,-0.0110715,0.00828862,0.00130694,-0.0011511,4098.75,-30.6696,8.19732,0.000789831,0.0105557,-65.5851,3904.4,-29.2153,7.80862,0.000844119,-0.00874551,-65.4154,4313.34,-32.2753,8.62649,-0.00129071,0.00126733,-65.4937,4138.81,-30.9693,8.27743,-0.00130348,0.0039299,-65.3404
6.219,247.642,-4.09985,22.2043,0.0299096,0.154021,-0.309347,-0.0254132,0.00164287,0.00748303,3991.07,3,0.0974446,0,0,-0.0108637,0.00850035,0.0012958,-0.00116191,4096.66,-30.656,6.73027,0.00076606,0.0106118,-65.5809,3906.72,-29.2347,6.41823,0.000816503,-0.00868072,-65.4228,4316.38,-32.3002,7.09125,-0.00130699,0.00127256,-65.4942,4134.88,-30.9421,6.79308,-0.00132391,0.00395419,-65.3488
6.229,247.864,-4.09585,22.2051,0.0321123,0.0456863,-0.314152,-0.0231555,0.00131512,0.00748369,3991.14,3,0.0970966,0,0,-0.0106769,0.00869771,0.00128581,-0.00117257,4094,-30.6389,5.38411,0.00076139,0.0106666,-65.5769,3909.56,-29.2585,5.14154,0.000816862,-0.00864485,-65.4302,4318.81,-32.3212,5.67975,-0.00124053,0.00127471,-65.4926,4132.69,-30.9284,5.43498,-0.00124658,0.00393221,-65.3553
6.239,248.086,-4.09188,22.206,0.0338075,0.0693299,-0.3145,-0.020984,0.0010155,0.00748447,3991.2,3,0.0967951,0,0,-0.0105029,0.00887823,0.00127652,-0.00118227,4091.28,-30.6216,4.15471,0.000751316,0.0107032,-65.573,3912.7,-29.2851,3.97337,0.000798572,-0.00860331,-65.4375,4319.81,-32.3322,4.38679,-0.00125716,0.00124269,-65.4914,4130.95,-30.9186,4.195,-0.00126643,0.0039093,-65.3623
6.249,248.308,-4.08792,22.2068,0.035044,0.0509281,-0.312233,-0.0188939,0.000742687,0.00748536,3991.26,3,0.0964636,0,0,-0.0103404,0.00904291,0.00126833,-0.0011917,4088.32,-30.6031,3.03634,0.000738586,0.0107342,-65.569,3916.17,-29.3145,2.90849,0.000782834,-0.00858907,-65.4444,4320.29,-32.3395,3.20862,-0.00124416,0.00120187,-65.4888,4130.33,-30.9176,3.06754,-0.00124916,0.00385931,-65.3679
6.259,248.531,-4.084,22.2076,0.0358617,-0.0207299,-0.310762,-0.0169082,0.000495328,0.00748636,3991.32,3,0.0961505,0,0,-0.0101864,0.00919139,0.00126076,-0.00120022,4084.87,-30.5814,2.02335,0.000718366,0.010733,-65.5651,3919.63,-29.3443,1.9415,0.000765693,-0.0085692,-65.4513,4320.06,-32.3422,2.13985,-0.00121917,0.00114531,-65.4872,4130.42,-30.9224,2.04591,-0.00121981,0.00379505,-65.3745
6.269,248.753,-4.0801,22.2084,0.0363131,0.0511067,-0.298819,-0.0150018,0.000272119,0.00748748,3991.38,3,0.095857,0,0,-0.0100542,0.00933205,0.0012539,-0.00120835,4081.5,-30.5607,1.11065,0.000693326,0.0107381,-65.5615,3923.41,-29.377,1.06763,0.000740661,-0.00857162,-65.4579,4319.05,-32.3394,1.17529,-0.00124056,0.00106464,-65.4853,4130.92,-30.9307,1.1241,-0.00124384,0.00373238,-65.3808
6.279,248.975,-4.07622,22.2092,0.0364204,0.0495338,-0.295837,-0.0132116,7.17839e-05,0.00748872,3991.45,3,0.0955648,0,0,-0.00993755,0.00946143,0.00124667,-0.00121407,4078.1,-30.5403,0.292742,0.000691951,0.010739,-65.5582,3927.35,-29.4114,0.281921,0.000733324,-0.00858411,-65.4643,4317.54,-32.3334,0.30993,-0.00123305,0.000984946,-65.4831,4132.01,-30.944,0.296612,-0.00123496,0.00364598,-65.3865
6.289,249.197,-4.07237,22.21,0.036234,0.0341078,-0.285592,-0.0115259,-0.00010695,0.00749006,3991.52,3,0.0952648,0,0,-0.0098297,0.00957463,0.00124084,-0.00122045,4074.64,-30.5199,-0.435781,0.000689022,0.0107329,-65.5549,3931.37,-29.4468,-0.420459,0.000722931,-0.00860339,-65.4705,4315.6,-32.3247,-0.461552,-0.00126278,0.000892157,-65.4817,4133.6,-30.9615,-0.442087,-0.0012674,0.00355687,-65.3929
6.299,249.419,-4.06855,22.2108,0.0357869,0.0848673,-0.275576,-0.00994411,-0.000265342,0.0074915,3991.58,3,0.0949828,0,0,-0.00972795,0.00967337,0.00123553,-0.00122607,4070.96,-30.4982,-1.08019,0.000677545,0.0107046,-65.5519,3935.3,-29.4819,-1.0442,0.000707744,-0.00861935,-65.4764,4313.19,-32.3129,-1.14447,-0.00128952,0.000788295,-65.48,4135.54,-30.982,-1.09733,-0.0012966,0.00346559,-65.3987
6.309,249.641,-4.06474,22.2115,0.0351139,0.118665,-0.262293,-0.0084671,-0.000404592,0.00749303,3991.64,3,0.094703,0,0,-0.00963378,0.00976125,0.00123126,-0.00123163,4067.4,-30.4778,-1.64564,0.000662361,0.0106797,-65.549,3939.42,-29.5187,-1.59386,0.000686864,-0.00864964,-65.482,4310.39,-32.2985,-1.74395,-0.00129841,0.000680757,-65.4785,4137.81,-31.0053,-1.67413,-0.00130737,0.00336776,-65.4044
6.319,249.863,-4.06096,22.2123,0.0342457,0.0457975,-0.254033,-0.00709377,-0.000525867,0.00749468,3991.7,3,0.0944042,0,0,-0.00955978,0.00984472,0.00122638,-0.00123542,4063.59,-30.4559,-2.13691,0.000621089,0.0106364,-65.5465,3943.49,-29.5558,-2.07375,0.00065835,-0.00867948,-65.4874,4307.73,-32.2857,-2.2653,-0.00126268,0.000584259,-65.4771,4140.92,-31.0354,-2.17757,-0.00126483,0.00324624,-65.4099
6.329,250.085,-4.0572,22.213,0.0332138,0.0747509,-0.238066,-0.00581991,-0.00063031,0.00749641,3991.77,3,0.0941275,0,0,-0.00949448,0.0099169,0.00122311,-0.00123976,4059.95,-30.4357,-2.55903,0.000637934,0.0106139,-65.5441,3947.56,-29.5931,-2.48818,0.000661598,-0.00872648,-65.4926,4304.17,-32.2664,-2.71296,-0.00129068,0.000467823,-65.4759,4143.61,-31.0628,-2.61176,-0.00129497,0.00314516,-65.4155
6.339,250.307,-4.05346,22.2137,0.0320398,0.0109648,-0.226065,-0.00465052,-0.00071909,0.00749825,3991.83,3,0.0938419,0,0,-0.00943767,0.00997955,0.00122035,-0.00124395,4056.5,-30.4173,-2.91699,0.000631348,0.0105819,-65.542,3951.76,-29.6319,-2.84168,0.000653371,-0.00877485,-65.4975,4301.03,-32.2508,-3.09283,-0.00124362,0.000359804,-65.4752,4147.17,-31.0971,-2.98219,-0.00124316,0.00302949,-65.4212
6.349,250.529,-4.04974,22.2144,0.0307529,0.020198,-0.213035,-0.0035804,-0.000793387,0.00750017,3991.89,3,0.0935759,0,0,-0.00937823,0.0100252,0.00121759,-0.00124704,4052.86,-30.3977,-3.21549,0.00062264,0.010529,-65.5399,3955.63,-29.6684,-3.13835,0.000642908,-0.00881014,-65.5021,4297.34,-32.2314,-3.40946,-0.00127305,0.00024657,-65.4744,4150.5,-31.13,-3.29296,-0.00127626,0.00292042,-65.4263
6.359,250.751,-4.04604,22.2151,0.0293758,0.0291585,-0.200495,-0.00260342,-0.000854319,0.00750217,3991.95,3,0.0933089,0,0,-0.00932835,0.0100676,0.0012152,-0.00124967,4049.34,-30.3794,-3.45942,0.000599445,0.0104786,-65.5381,3959.49,-29.7054,-3.38267,0.0006187,-0.00885222,-65.5064,4293.67,-32.2124,-3.66816,-0.0012767,0.000135855,-65.4722,4154.09,-31.1653,-3.54892,-0.00127847,0.00280885,-65.4298
6.369,250.974,-4.04235,22.2158,0.0279332,0.0450797,-0.186024,-0.00170371,-0.000902968,0.00750429,3992.02,3,0.0930363,0,0,-0.00929644,0.0101089,0.00121259,-0.00125126,4045.91,-30.3623,-3.65333,0.000590851,0.0104313,-65.5367,3963.3,-29.7424,-3.57874,0.000607819,-0.00890252,-65.5105,4289.95,-32.1937,-3.87369,-0.00126765,2.70613e-05,-65.4719,4157.82,-31.2021,-3.75438,-0.0012673,0.00269697,-65.4349
6.379,251.196,-4.03868,22.2165,0.0264376,0.0788959,-0.173899,-0.000898061,-0.000940397,0.00750652,3992.08,3,0.0927883,0,0,-0.00926782,0.0101387,0.00121106,-0.00125336,4042.74,-30.3475,-3.80179,0.000578211,0.0103869,-65.5353,3967.08,-29.7795,-3.73063,0.000594062,-0.00895414,-65.5144,4286.02,-32.1737,-4.03056,-0.0012615,-8.39704e-05,-65.471,4161.39,-31.2382,-3.91336,-0.00126114,0.00259225,-65.439
6.389,251.418,-4.03503,22.2172,0.024909,0.131886,-0.159792,-0.000173413,-0.000967666,0.00750883,3992.15,3,0.0925359,0,0,-0.00924277,0.010161,0.00120969,-0.00125484,4039.59,-30.3332,-3.90897,0.000568247,0.0103381,-65.5341,3970.59,-29.8151,-3.8422,0.000581046,-0.00899956,-65.5181,4281.93,-32.153,-4.14348,-0.00130283,-0.000194503,-65.4716,4164.83,-31.2736,-4.03017,-0.00130574,0.00249221,-65.4444
6.399,251.64,-4.03139,22.2177,0.0233613,0.044099,-0.145139,0.000468239,-0.000985794,0.00751124,3992.21,3,0.0922707,0,0,-0.00921729,0.0101737,0.00120874,-0.00125616,4036.65,-30.3208,-3.9793,0.000558526,0.0102855,-65.533,3974,-29.8503,-3.91755,0.000570894,-0.00904437,-65.5214,4278.41,-32.1368,-4.21764,-0.00126898,-0.000291638,-65.4713,4168.8,-31.3135,-4.10958,-0.00126961,0.002384,-65.4484
6.409,251.862,-4.02776,22.2184,0.0218115,0.109077,-0.131889,0.00104247,-0.000995722,0.00751375,3992.27,3,0.092029,0,0,-0.00919905,0.0101851,0.00120793,-0.00125712,4033.84,-30.3099,-4.01659,0.000549962,0.0102316,-65.5323,3977.25,-29.8847,-3.96024,0.000558536,-0.00908986,-65.5246,4274.52,-32.1183,-4.25624,-0.00129574,-0.000395739,-65.4704,4172.25,-31.3499,-4.1544,-0.00129759,0.00229048,-65.4515
6.419,252.084,-4.02414,22.219,0.0202703,0.0105997,-0.121568,0.00154647,-0.000998329,0.00751638,3992.33,3,0.0917564,0,0,-0.00919117,0.0101959,0.00120764,-0.00125813,4031.02,-30.2992,-4.02428,0.000534449,0.0101687,-65.5317,3980.31,-29.9181,-3.97367,0.000547965,-0.00913109,-65.5276,4271.2,-32.1045,-4.26406,-0.00123372,-0.00047703,-65.4702,4176.18,-31.3903,-4.1692,-0.0012297,0.00217866,-65.4551
6.429,252.306,-4.02053,22.2196,0.0187463,0.121817,-0.10856,0.00198318,-0.000994448,0.0075191,3992.4,3,0.0915546,0,0,-0.00918944,0.0102019,0.00120757,-0.00125889,4028.49,-30.2912,-4.00613,0.000519942,0.0101301,-65.5313,3983.17,-29.9504,-3.96106,0.000528012,-0.00917859,-65.5304,4267.11,-32.0854,-4.24342,-0.00132255,-0.00058811,-65.4716,4179.09,-31.4236,-4.15589,-0.00132569,0.00210935,-65.46
6.439,252.529,-4.01693,22.2202,0.01725,-0.0208838,-0.0951649,0.0023585,-0.000984899,0.0075219,3992.46,3,0.0912651,0,0,-0.0091805,0.0101941,0.00120707,-0.00125877,4026.4,-30.2867,-3.96559,0.000526403,0.010095,-65.5309,3986.17,-29.9841,-3.92597,0.000533871,-0.00923269,-65.5329,4264.16,-32.0752,-4.19977,-0.00122759,-0.000655036,-65.472,4183,-31.4647,-4.11983,-0.00122419,0.00200086,-65.4634
6.449,252.751,-4.01334,22.2208,0.0157901,0.0629816,-0.085344,0.00267754,-0.000970446,0.00752479,3992.51,3,0.0910548,0,0,-0.00917486,0.0101856,0.00120735,-0.00125913,4024.05,-30.2807,-3.90512,0.00050749,0.0100352,-65.5306,3988.64,-30.0142,-3.87076,0.000514245,-0.00926453,-65.5352,4260.5,-32.0599,-4.13458,-0.00128038,-0.000748668,-65.4721,4185.88,-31.4985,-4.06217,-0.00128006,0.00193001,-65.4664
6.459,252.973,-4.00976,22.2214,0.0143734,0.0123684,-0.075433,0.00294588,-0.00095176,0.00752777,3992.57,3,0.0908072,0,0,-0.00917541,0.0101784,0.0012073,-0.00125878,4021.85,-30.2762,-3.82784,0.000497013,0.00998259,-65.5306,3990.96,-30.0436,-3.79844,0.000505859,-0.00930249,-65.5374,4257.46,-32.0498,-4.05208,-0.00123684,-0.000820139,-65.4723,4189.15,-31.5356,-3.98707,-0.00123422,0.00184455,-65.4691
6.469,253.195,-4.00618,22.222,0.0130075,0.130714,-0.0633813,0.00317202,-0.000929458,0.00753086,3992.64,3,0.0906103,0,0,-0.00918198,0.0101702,0.00120729,-0.00125822,4020.09,-30.2753,-3.73651,0.000481452,0.00994603,-65.5308,3993.31,-30.0736,-3.71162,0.000485408,-0.00934498,-65.5395,4254.01,-32.037,-3.95393,-0.00130883,-0.00090773,-65.4726,4191.71,-31.5678,-3.89603,-0.00130946,0.00178628,-65.4717
6.479,253.417,-4.00261,22.2225,0.0116916,0.0583456,-0.0556697,0.00334529,-0.000904126,0.00753403,3992.7,3,0.0903705,0,0,-0.00919102,0.0101589,0.00120832,-0.00125849,4018.32,-30.2747,-3.63307,0.000478602,0.00990321,-65.5311,3995.45,-30.1025,-3.61239,0.000484399,-0.00938211,-65.5414,4251.19,-32.0293,-3.84362,-0.0012864,-0.000971512,-65.4736,4194.65,-31.6033,-3.79249,-0.00128559,0.00171146,-65.4748
6.489,253.64,-3.99905,22.2231,0.0104329,0.0420755,-0.0464008,0.00348046,-0.000876326,0.00753728,3992.75,3,0.0901393,0,0,-0.00919394,0.0101389,0.00120858,-0.00125777,4016.79,-30.2763,-3.52002,0.000470837,0.00986152,-65.5313,3997.45,-30.1305,-3.50307,0.000476177,-0.00941418,-65.5431,4248.52,-32.0229,-3.72309,-0.00122121,-0.00102989,-65.4735,4197.43,-31.6379,-3.67832,-0.00121912,0.00164109,-65.4765
6.499,253.862,-3.99549,22.2236,0.00923342,0.0459673,-0.0388468,0.00357723,-0.000846569,0.00754061,3992.81,3,0.089923,0,0,-0.00919858,0.0101192,0.00120931,-0.00125733,4015.28,-30.2782,-3.39921,0.000458195,0.00981676,-65.5316,3999.2,-30.157,-3.3856,0.000461769,-0.00944275,-65.5446,4245.78,-32.0163,-3.59434,-0.00127859,-0.00109384,-65.4751,4199.82,-31.6698,-3.55544,-0.00127736,0.0015856,-65.4796
6.509,254.084,-3.99193,22.2242,0.00809717,0.0848402,-0.0309677,0.00364493,-0.00081529,0.00754401,3992.87,3,0.0897124,0,0,-0.00920698,0.0101018,0.00121016,-0.00125689,4013.93,-30.2817,-3.27251,0.000447867,0.00977576,-65.5321,4000.84,-30.1829,-3.26184,0.000450395,-0.00947096,-65.5461,4243.23,-32.0115,-3.45946,-0.00129774,-0.00115357,-65.4753,4202.1,-31.7013,-3.42593,-0.00129673,0.00153482,-65.4813
6.519,254.306,-3.98837,22.2246,0.0070238,0.0364367,-0.0232353,0.00368224,-0.000782878,0.0075475,3992.93,3,0.0894935,0,0,-0.00922156,0.0100862,0.00121093,-0.00125623,4012.72,-30.2866,-3.14147,0.000437478,0.00974615,-65.5328,4002.37,-30.2085,-3.13337,0.000442169,-0.00950362,-65.5475,4240.94,-32.0091,-3.32014,-0.00129712,-0.00120225,-65.4759,4204.35,-31.7329,-3.29149,-0.00129596,0.00148111,-65.4831
6.529,254.528,-3.98482,22.2252,0.00601368,0.0951651,-0.0181865,0.00369391,-0.000749709,0.00755104,3992.99,3,0.0892905,0,0,-0.00923254,0.010064,0.00121142,-0.00125521,4011.58,-30.2922,-3.00752,0.000428946,0.00970568,-65.5334,4003.7,-30.2327,-3.00161,0.000433491,-0.0095228,-65.5487,4238.61,-32.0065,-3.17772,-0.0013046,-0.00125224,-65.4773,4206.26,-31.7622,-3.15347,-0.00130336,0.00143731,-65.4855
6.539,254.751,-3.98127,22.2257,0.00506607,0.173453,-0.014959,0.00367975,-0.000716139,0.00755465,3993.04,3,0.0890993,0,0,-0.00924117,0.0100392,0.00121259,-0.00125481,4010.76,-30.3005,-2.87226,0.000419683,0.00967896,-65.5341,4005.13,-30.258,-2.86823,0.000417816,-0.00955199,-65.5498,4236.31,-32.0045,-3.03379,-0.0013432,-0.00130395,-65.4787,4207.89,-31.7898,-3.01344,-0.00134174,0.00140356,-65.4878
6.549,254.973,-3.97772,22.2262,0.0041828,-0.0333445,-0.00458652,0.00364464,-0.000682477,0.00755831,3993.09,3,0.0888367,0,0,-0.00924913,0.0100157,0.00121318,-0.00125376,4009.7,-30.3072,-2.73653,0.000418515,0.00963313,-65.5348,4005.95,-30.2788,-2.73396,0.000421704,-0.00955712,-65.5509,4235.02,-32.0102,-2.8903,-0.00119898,-0.00131624,-65.4809,4210.24,-31.823,-2.87339,-0.00119705,0.00133824,-65.4907
6.559,255.195,-3.97417,22.2267,0.00336324,0.0825827,-0.000793439,0.00359511,-0.000648965,0.00756205,3993.15,3,0.0886733,0,0,-0.00926153,0.00999589,0.00121439,-0.00125328,4009.09,-30.3175,-2.60176,0.000401284,0.00960991,-65.5356,4007.1,-30.3025,-2.60047,0.000403406,-0.0095839,-65.5519,4232.91,-32.01,-2.74701,-0.00129176,-0.00136595,-65.4811,4211.47,-31.8479,-2.7331,-0.00129043,0.00131794,-65.4914
6.569,255.417,-3.97061,22.2271,0.00260491,0.0131105,0.00380879,0.00353058,-0.000615815,0.00756584,3993.2,3,0.0884579,0,0,-0.00927553,0.00997544,0.00121494,-0.00125216,4008.51,-30.3283,-2.4685,0.000401252,0.0095907,-65.5366,4008.12,-30.3254,-2.46826,0.000401854,-0.00960953,-65.5528,4231.49,-32.0154,-2.60582,-0.00127414,-0.001394,-65.4817,4213.13,-31.8765,-2.59451,-0.00127253,0.00128263,-65.4925
6.579,255.64,-3.96706,22.2276,0.00190552,0.033104,0.00784903,0.0034496,-0.000583235,0.00756967,3993.25,3,0.0882601,0,0,-0.00928682,0.00995175,0.00121643,-0.00125196,4008.03,-30.34,-2.33762,0.000390943,0.00956526,-65.5374,4008.97,-30.3471,-2.33817,0.000393637,-0.00962089,-65.5536,4229.96,-32.0201,-2.46706,-0.00125175,-0.00142056,-65.4828,4214.43,-31.9025,-2.458,-0.00125033,0.00125298,-65.4939
6.589,255.862,-3.96351,22.228,0.00126435,0.0460456,0.0115971,0.00335863,-0.000551421,0.00757355,3993.3,3,0.0880764,0,0,-0.00929436,0.00992552,0.0012171,-0.00125095,4007.55,-30.3519,-2.20985,0.00038218,0.00953659,-65.5382,4009.63,-30.3677,-2.21099,0.000383216,-0.00962858,-65.5543,4228.48,-32.0252,-2.33167,-0.00126354,-0.00144942,-65.4839,4215.5,-31.9269,-2.32451,-0.00126205,0.00123206,-65.4952
6.599,256.084,-3.95996,22.2285,0.000679346,0.0432548,0.0152668,0.00325784,-0.000520528,0.00757745,3993.35,3,0.0878816,0,0,-0.00930121,0.00990171,0.00121808,-0.00125027,4007.09,-30.3641,-2.0858,0.000371459,0.00950819,-65.5391,4010.15,-30.3873,-2.08739,0.000373317,-0.00963466,-65.555,4227.26,-32.0325,-2.20041,-0.00124906,-0.00146989,-65.4858,4216.59,-31.9516,-2.19485,-0.00124777,0.00120892,-65.4973
6.609,256.306,-3.9564,22.229,0.000150173,0.162365,0.0180715,0.00315407,-0.000490653,0.00758141,3993.4,3,0.0877234,0,0,-0.00931379,0.00988431,0.00122053,-0.00125107,4006.89,-30.3784,-1.96599,0.000344829,0.00948634,-65.5402,4010.75,-30.4077,-1.96789,0.000347165,-0.00964378,-65.5557,4225.81,-32.0382,-2.07341,-0.00135206,-0.00150302,-65.4861,4217.2,-31.9729,-2.06918,-0.00135004,0.00120391,-65.4976
6.619,256.529,-3.95285,22.2294,-0.000328523,0.0383185,0.020377,0.00304283,-0.000461879,0.0075854,3993.46,3,0.0875034,0,0,-0.00932788,0.00986597,0.00121979,-0.00124877,4006.65,-30.3926,-1.85059,0.000355064,0.00947845,-65.5412,4011.29,-30.4279,-1.85273,0.000356325,-0.00966519,-65.5562,4225.17,-32.0502,-1.95152,-0.00126016,-0.00150358,-65.487,4218.42,-31.999,-1.9484,-0.00125874,0.00117118,-65.4985
6.629,256.751,-3.94929,22.2298,-0.000759045,-0.00118718,0.0242573,0.00292483,-0.000434301,0.00758942,3993.5,3,0.0873094,0,0,-0.00933417,0.00984099,0.00122023,-0.00124768,4006.59,-30.4082,-1.74007,0.000353519,0.00946281,-65.5421,4011.74,-30.4474,-1.7423,0.000354152,-0.009668,-65.5568,4224.38,-32.0612,-1.83465,-0.00125134,-0.00151422,-65.4886,4219.29,-32.0225,-1.83244,-0.00125016,0.00115422,-65.4999
6.639,256.973,-3.94573,22.2302,-0.00114228,0.0416529,0.0246252,0.00280714,-0.000408007,0.00759344,3993.55,3,0.0871598,0,0,-0.00933642,0.0098119,0.00122244,-0.00124838,4006.41,-30.4231,-1.63465,0.000343759,0.00943746,-65.543,4012.05,-30.4658,-1.63694,0.000347542,-0.00966629,-65.5573,4223.15,-32.0688,-1.72307,-0.00131684,-0.00154159,-65.4897,4219.51,-32.0412,-1.72159,-0.00131494,0.00115756,-65.5009
6.649,257.196,-3.94217,22.2306,-0.00148241,0.0738681,0.0263963,0.00268313,-0.000383032,0.00759751,3993.59,3,0.0869718,0,0,-0.00934325,0.00979539,0.00122233,-0.00124685,4006.33,-30.4387,-1.53456,0.000329171,0.00941718,-65.5439,4012.24,-30.4836,-1.53682,0.000330969,-0.00966414,-65.5578,4222.57,-32.0816,-1.61738,-0.00131049,-0.00154676,-65.4916,4220.18,-32.0635,-1.61647,-0.00130868,0.00114405,-65.5025
6.659,257.418,-3.9386,22.2309,-0.00178043,-0.0166261,0.0285179,0.00256147,-0.000359389,0.0076016,3993.64,3,0.0867989,0,0,-0.00935368,0.00978252,0.00122398,-0.00124711,4006.29,-30.4548,-1.43982,0.000317229,0.00940643,-65.545,4012.43,-30.5015,-1.44202,0.000319165,-0.00966994,-65.5583,4221.99,-32.0945,-1.51734,-0.00130403,-0.00155475,-65.4917,4220.69,-32.0847,-1.51687,-0.00130231,0.0011366,-65.5024
6.669,257.64,-3.93503,22.2314,-0.00203748,0.0204012,0.0296549,0.00244577,-0.000337082,0.00760571,3993.69,3,0.0866143,0,0,-0.00936475,0.00976491,0.00122374,-0.00124559,4006.35,-30.4717,-1.35047,0.000316963,0.00939662,-65.546,4012.67,-30.5198,-1.3526,0.000317016,-0.00967371,-65.5587,4221.52,-32.1083,-1.423,-0.00130467,-0.0015567,-65.493,4221.17,-32.1056,-1.42288,-0.0013031,0.00112645,-65.5035
6.679,257.862,-3.93146,22.2317,-0.00225983,-0.0137492,0.0324947,0.00232869,-0.000316131,0.00760983,3993.73,3,0.0864392,0,0,-0.00936825,0.00974222,0.00122473,-0.00124533,4006.52,-30.4895,-1.26659,0.000313507,0.00938716,-65.5469,4012.86,-30.5377,-1.26859,0.000312985,-0.009673,-65.5591,4221.19,-32.1232,-1.33445,-0.00126181,-0.00156086,-65.4946,4221.64,-32.1266,-1.33459,-0.00126076,0.00112206,-65.5048
6.689,258.085,-3.92789,22.2321,-0.00245054,0.0222518,0.0318697,0.00220723,-0.000296552,0.00761395,3993.77,3,0.0862798,0,0,-0.00936739,0.00972046,0.00122508,-0.00124451,4006.62,-30.5068,-1.18817,0.000289026,0.00937432,-65.5477,4012.93,-30.5549,-1.19004,0.000286967,-0.00967012,-65.5595,4220.61,-32.1361,-1.25163,-0.00128005,-0.0015589,-65.4966,4221.71,-32.1445,-1.25196,-0.00127859,0.00111456,-65.5064
6.699,258.307,-3.92431,22.2325,-0.00260876,0.0455331,0.0312471,0.00209168,-0.000278318,0.0076181,3993.81,3,0.0861088,0,0,-0.00937139,0.00970548,0.00122545,-0.00124378,4006.66,-30.5238,-1.11513,0.00029405,0.00935692,-65.5487,4012.91,-30.5714,-1.11687,0.000296048,-0.00966326,-65.5599,4220.26,-32.151,-1.17458,-0.0012643,-0.00156482,-65.497,4221.89,-32.1634,-1.17503,-0.00126336,0.001117,-65.5065
6.709,258.529,-3.92073,22.2329,-0.00273827,0.0608903,0.0303499,0.00197875,-0.000261386,0.00762226,3993.85,3,0.0859539,0,0,-0.0093796,0.00969451,0.00122533,-0.00124265,4006.84,-30.5417,-1.04733,0.000284382,0.00934904,-65.5497,4012.97,-30.5885,-1.04893,0.000287061,-0.00966229,-65.5603,4219.89,-32.1657,-1.10302,-0.00128819,-0.00156895,-65.4994,4221.94,-32.1813,-1.10355,-0.00128707,0.00112011,-65.5085
6.719,258.752,-3.91715,22.2332,-0.00283937,0.0206216,0.0324834,0.00187721,-0.000245718,0.00762644,3993.89,3,0.0858012,0,0,-0.00938767,0.00968225,0.0012278,-0.00124412,4006.95,-30.5594,-0.98458,0.000275953,0.00934046,-65.5506,4012.93,-30.605,-0.986049,0.000278207,-0.00965705,-65.5606,4219.52,-32.1805,-1.03681,-0.00129521,-0.00157241,-65.5001,4221.89,-32.1986,-1.03739,-0.0012939,0.00112442,-65.5089
6.729,258.974,-3.91356,22.2336,-0.00291903,0.0168603,0.0322653,0.00177214,-0.000231296,0.00763061,3993.93,3,0.0856269,0,0,-0.00938211,0.00965817,0.00122746,-0.00124289,4007.28,-30.5786,-0.926868,0.000276353,0.00933403,-65.5514,4013.02,-30.6224,-0.928196,0.000278445,-0.00965264,-65.561,4219.51,-32.198,-0.975955,-0.00126643,-0.00156485,-65.5011,4222.1,-32.2178,-0.976555,-0.0012657,0.00111991,-65.5095
6.739,259.196,-3.90998,22.234,-0.00297782,0.0771105,0.0304544,0.00166869,-0.000218094,0.00763477,3993.97,3,0.0854756,0,0,-0.00937944,0.00964143,0.0012276,-0.0012422,4007.51,-30.597,-0.874015,0.000266446,0.00932332,-65.5522,4012.99,-30.6388,-0.87521,0.000268521,-0.00964398,-65.5613,4219.28,-32.2139,-0.9202,-0.0013008,-0.00157119,-65.5027,4222.01,-32.2347,-0.920796,-0.00129943,0.00113082,-65.5107
6.749,259.419,-3.90638,22.2343,-0.00301481,0.0283493,0.0315362,0.00157465,-0.000206058,0.00763894,3994,3,0.0853104,0,0,-0.00938029,0.00962981,0.00122818,-0.001242,4007.63,-30.6146,-0.825802,0.00025618,0.00931195,-65.5531,4012.83,-30.6543,-0.826873,0.000258949,-0.0096359,-65.5616,4219.3,-32.2316,-0.869418,-0.0012698,-0.0015578,-65.5045,4222.09,-32.2529,-0.869993,-0.00126908,0.0011235,-65.5121
6.759,259.641,-3.90279,22.2346,-0.00303345,-0.00875566,0.0316982,0.00148656,-0.000195108,0.00764313,3994.04,3,0.0851556,0,0,-0.00938417,0.00962066,0.00122749,-0.00124065,4007.9,-30.6335,-0.781973,0.000255516,0.00931331,-65.554,4012.84,-30.6713,-0.782938,0.000260201,-0.00963867,-65.5621,4219.24,-32.2488,-0.823207,-0.00124943,-0.0015527,-65.5075,4222.03,-32.2701,-0.823752,-0.00124922,0.0011252,-65.5147
6.769,259.863,-3.89919,22.2349,-0.00303737,-0.0191436,0.0322637,0.00140239,-0.000185197,0.00764731,3994.08,3,0.0849996,0,0,-0.00938478,0.00960695,0.00122892,-0.00124139,4008.2,-30.6525,-0.742306,0.000251784,0.00930873,-65.5547,4012.8,-30.6877,-0.743157,0.000253305,-0.00962876,-65.5623,4219.25,-32.2666,-0.781392,-0.00123863,-0.00154719,-65.5064,4222,-32.2875,-0.7819,-0.00123846,0.00112791,-65.5133
6.779,260.086,-3.89559,22.2352,-0.00302908,0.0167892,0.0298419,0.00131772,-0.000176294,0.00765147,3994.11,3,0.0848558,0,0,-0.00937969,0.0095908,0.00122899,-0.00124087,4008.47,-30.6713,-0.706669,0.000246716,0.00929862,-65.5554,4012.71,-30.7037,-0.707418,0.000252079,-0.00961728,-65.5626,4219.16,-32.2834,-0.743815,-0.00128727,-0.00154667,-65.5069,4221.81,-32.3036,-0.74428,-0.00128641,0.00113602,-65.5134
6.789,260.308,-3.89199,22.2355,-0.0030073,0.038044,0.0292281,0.0012416,-0.000168357,0.00765562,3994.14,3,0.0847132,0,0,-0.00937583,0.00957798,0.00122921,-0.00124055,4008.69,-30.6897,-0.674892,0.000236031,0.00929055,-65.5561,4012.59,-30.7195,-0.675548,0.000239212,-0.00960706,-65.563,4219.1,-32.3005,-0.710316,-0.00126853,-0.00154332,-65.5078,4221.61,-32.3197,-0.710738,-0.00126803,0.00114234,-65.5139
6.799,260.53,-3.88838,22.2359,-0.00297343,0.189725,0.0277003,0.0011722,-0.000161309,0.00765978,3994.18,3,0.0846102,0,0,-0.0093725,0.00956823,0.00123037,-0.00124121,4009,-30.7087,-0.646689,0.000202114,0.00927553,-65.5569,4012.52,-30.7356,-0.647256,0.0002065,-0.0095906,-65.5632,4218.64,-32.3145,-0.680506,-0.00134703,-0.00155522,-65.5106,4220.94,-32.3321,-0.680877,-0.00134542,0.00116408,-65.5164
6.809,260.753,-3.88477,22.2361,-0.00293085,-0.00395911,0.0288123,0.0011084,-0.000155078,0.00766394,3994.21,3,0.0844271,0,0,-0.00937504,0.00956113,0.00123015,-0.00124056,4009.23,-30.7271,-0.621742,0.000224067,0.00928487,-65.5578,4012.48,-30.752,-0.622247,0.000227785,-0.00959693,-65.5636,4219.19,-32.3363,-0.654303,-0.00128722,-0.00153407,-65.5131,4221.27,-32.3522,-0.654625,-0.00128662,0.0011531,-65.5186
6.819,260.975,-3.88116,22.2364,-0.00288113,0.0297038,0.0277595,0.00104718,-0.000149615,0.00766808,3994.24,3,0.0842861,0,0,-0.00937049,0.00954814,0.00122994,-0.00123997,4009.5,-30.7457,-0.59988,0.000216592,0.00928092,-65.5584,4012.38,-30.7679,-0.600312,0.00021772,-0.00958719,-65.5639,4219.05,-32.3527,-0.631233,-0.00127043,-0.00152399,-65.5113,4220.9,-32.3669,-0.63151,-0.0012698,0.00115391,-65.5165
6.829,261.197,-3.87755,22.2367,-0.00282405,-0.00534445,0.0292183,0.000993605,-0.000144894,0.00767221,3994.27,3,0.0841524,0,0,-0.00936382,0.00953346,0.00123102,-0.00124069,4009.78,-30.7645,-0.580992,0.000212945,0.00927661,-65.5589,4012.3,-30.7838,-0.581357,0.000213082,-0.00957737,-65.5641,4219.27,-32.3718,-0.611346,-0.00127461,-0.00152461,-65.5136,4220.86,-32.384,-0.611576,-0.00127371,0.00116514,-65.5185
6.839,261.42,-3.87393,22.237,-0.00276422,0.023053,0.0268414,0.000935663,-0.000140865,0.00767633,3994.3,3,0.0840084,0,0,-0.00935826,0.00952487,0.00123071,-0.00124009,4010.02,-30.7828,-0.56487,0.000196169,0.00927014,-65.5595,4012.18,-30.7994,-0.565174,0.000199354,-0.00956693,-65.5645,4219.44,-32.3904,-0.594369,-0.00127293,-0.0015192,-65.5133,4220.74,-32.4004,-0.594553,-0.00127241,0.00117065,-65.518
6.849,261.642,-3.87031,22.2372,-0.00269786,-0.0149094,0.0257221,0.000887234,-0.000137455,0.00768044,3994.33,3,0.0838681,0,0,-0.00935652,0.00951965,0.00123101,-0.00124012,4010.19,-30.8007,-0.55122,0.000194057,0.00925908,-65.5601,4012.07,-30.8151,-0.551478,0.0001993,-0.00955445,-65.5648,4219.56,-32.4088,-0.579998,-0.00124121,-0.00150837,-65.5148,4220.57,-32.4165,-0.580136,-0.00124128,0.00117033,-65.5191
6.859,261.864,-3.86669,22.2375,-0.00262689,0.0385587,0.0259478,0.000847579,-0.000134598,0.00768456,3994.36,3,0.083747,0,0,-0.00935368,0.00951155,0.00123084,-0.00123972,4010.44,-30.8191,-0.539797,0.000193878,0.00926037,-65.5608,4011.98,-30.8309,-0.540005,0.0001959,-0.00954822,-65.5651,4219.49,-32.4255,-0.567935,-0.00125739,-0.00150761,-65.5157,4220.19,-32.431,-0.56803,-0.00125711,0.00118038,-65.5198
6.869,262.087,-3.86306,22.2378,-0.00255502,-0.0106372,0.0264075,0.000808098,-0.000132255,0.00768866,3994.38,3,0.083613,0,0,-0.00934909,0.0095016,0.00123144,-0.00124012,4010.78,-30.8381,-0.530446,0.000194632,0.0092612,-65.5614,4011.99,-30.8474,-0.530606,0.000194257,-0.00954182,-65.5654,4219.59,-32.4436,-0.558062,-0.00126095,-0.00150198,-65.5178,4220,-32.4468,-0.558117,-0.0012604,0.00118531,-65.5217
6.879,262.309,-3.85943,22.238,-0.00248188,-0.0547112,0.027403,0.000771549,-0.000130405,0.00769272,3994.4,3,0.0834763,0,0,-0.00933782,0.00948679,0.00123208,-0.00124059,4010.93,-30.8556,-0.523046,0.000179388,0.00925113,-65.5617,4011.81,-30.8624,-0.523161,0.000180184,-0.0095256,-65.5656,4219.8,-32.4624,-0.550283,-0.00125743,-0.0014928,-65.5168,4219.91,-32.4632,-0.550297,-0.00125706,0.00118674,-65.5205
6.889,262.531,-3.8558,22.2383,-0.00240869,0.0794639,0.0228137,0.000735359,-0.000128996,0.00769677,3994.43,3,0.0833693,0,0,-0.00933007,0.00947984,0.00123201,-0.00124038,4011.18,-30.8738,-0.517425,0.000177366,0.00924318,-65.5622,4011.79,-30.8784,-0.517504,0.000178736,-0.0095154,-65.5659,4219.55,-32.4775,-0.544303,-0.00130668,-0.00150014,-65.5177,4219.34,-32.476,-0.544277,-0.00130577,0.00120385,-65.5211
6.899,262.754,-3.85217,22.2385,-0.00233321,0.0858404,0.0223059,0.000707134,-0.000127963,0.00770083,3994.46,3,0.0832535,0,0,-0.00933022,0.00947928,0.00123199,-0.00124024,4011.31,-30.891,-0.5133,0.000163373,0.00923869,-65.5628,4011.64,-30.8936,-0.513342,0.000166274,-0.00950669,-65.5663,4219.6,-32.495,-0.539953,-0.00130616,-0.00149675,-65.5185,4219.09,-32.4911,-0.539888,-0.00130551,0.00121011,-65.5218
6.909,262.976,-3.84854,22.2388,-0.00225765,0.0349469,0.0218903,0.000684474,-0.000127256,0.00770486,3994.48,3,0.0831115,0,0,-0.00932648,0.00947181,0.0012312,-0.00123939,4011.55,-30.9091,-0.510496,0.000163733,0.00924076,-65.5633,4011.67,-30.91,-0.510511,0.000167018,-0.00950451,-65.5665,4219.9,-32.5144,-0.53701,-0.00127676,-0.00148378,-65.5192,4219.11,-32.5083,-0.536909,-0.0012763,0.00120621,-65.5223
6.919,263.198,-3.8449,22.239,-0.00218381,0.00875619,0.023039,0.000662486,-0.000126856,0.00770888,3994.51,3,0.0829856,0,0,-0.00931898,0.0094617,0.00123187,-0.00123998,4011.79,-30.927,-0.508918,0.000158934,0.00924049,-65.5637,4011.64,-30.9258,-0.508899,0.000162119,-0.00949585,-65.5668,4220.03,-32.5324,-0.535335,-0.00126786,-0.00148306,-65.5197,4218.96,-32.5241,-0.535199,-0.00126761,0.00121462,-65.5227
6.929,263.421,-3.84126,22.2392,-0.00211283,-0.0593456,0.0222874,0.000638872,-0.000126741,0.00771286,3994.52,3,0.0828518,0,0,-0.00930729,0.00944942,0.00123225,-0.0012403,4011.91,-30.9439,-0.508473,0.000167901,0.00922874,-65.5641,4011.49,-30.9407,-0.50842,0.000170906,-0.00947984,-65.5671,4220.21,-32.5505,-0.534873,-0.00121292,-0.00146879,-65.5212,4218.85,-32.54,-0.534702,-0.00121334,0.00120912,-65.5239
6.939,263.643,-3.83762,22.2395,-0.00204185,-0.00170943,0.0208356,0.000621488,-0.000126874,0.00771683,3994.55,3,0.0827399,0,0,-0.00930231,0.00944631,0.00123202,-0.00124004,4011.98,-30.9604,-0.509017,0.000143461,0.00921629,-65.5645,4011.38,-30.9558,-0.50894,0.000147245,-0.0094652,-65.5674,4220.23,-32.5675,-0.535438,-0.00124715,-0.00146658,-65.5227,4218.6,-32.5549,-0.535232,-0.00124717,0.00121515,-65.5253
6.949,263.866,-3.83398,22.2397,-0.00197286,0.0286854,0.018893,0.000607579,-0.0001272,0.0077208,3994.57,3,0.0826373,0,0,-0.00929923,0.00944394,0.00123235,-0.00124036,4012.22,-30.9781,-0.510354,0.00014076,0.00921379,-65.565,4011.41,-30.9719,-0.510251,0.00014278,-0.00945949,-65.5677,4220.12,-32.5833,-0.536799,-0.00128677,-0.0014692,-65.5219,4218.24,-32.5688,-0.53656,-0.00128624,0.00122538,-65.5244
6.959,264.088,-3.83033,22.2399,-0.00190567,0.111676,0.0169913,0.000595113,-0.000127687,0.00772474,3994.59,3,0.0825314,0,0,-0.00929524,0.00943736,0.00123198,-0.00123999,4012.36,-30.9951,-0.512325,0.000137483,0.00921659,-65.5654,4011.4,-30.9876,-0.512202,0.00014176,-0.00945557,-65.568,4220.04,-32.5994,-0.538843,-0.00130483,-0.00147113,-65.5237,4217.92,-32.583,-0.538572,-0.00130424,0.0012344,-65.5261
6.969,264.31,-3.82669,22.2401,-0.00184244,0.0638316,0.0164697,0.000580905,-0.000128331,0.00772865,3994.61,3,0.082405,0,0,-0.00928492,0.00942683,0.00123181,-0.00123983,4012.63,-31.0128,-0.514945,0.000137896,0.00921287,-65.5657,4011.48,-31.004,-0.514798,0.000141722,-0.00944585,-65.5682,4220.27,-32.6176,-0.541591,-0.00130695,-0.00146411,-65.524,4217.92,-32.5995,-0.54129,-0.00130622,0.00123443,-65.5264
6.979,264.533,-3.82304,22.2403,-0.00178052,-0.0731664,0.0204417,0.000573057,-0.00012912,0.00773254,3994.63,3,0.0822519,0,0,-0.00927598,0.00941952,0.00123188,-0.00123991,4012.56,-31.0279,-0.5181,0.000134581,0.00919445,-65.566,4011.15,-31.017,-0.517918,0.000135058,-0.00942151,-65.5684,4220.82,-32.6383,-0.544991,-0.00116107,-0.00143865,-65.5254,4218.24,-32.6183,-0.544658,-0.00116183,0.00121623,-65.5276
6.989,264.755,-3.81939,22.2405,-0.00172037,0.127854,0.0177335,0.000568385,-0.000130017,0.0077364,3994.64,3,0.0822045,0,0,-0.00926773,0.00941364,0.00123218,-0.00124023,4012.95,-31.0464,-0.521751,0.000128427,0.00920366,-65.5664,4011.41,-31.0345,-0.521551,0.000128297,-0.00942962,-65.5688,4220.08,-32.6489,-0.548682,-0.00132839,-0.00146625,-65.5261,4217.29,-32.6273,-0.548319,-0.00132758,0.00124979,-65.5282
6.999,264.977,-3.81573,22.2407,-0.00166434,0.0075676,0.0167388,0.000562655,-0.000130978,0.00774025,3994.67,3,0.082068,0,0,-0.00926471,0.00941032,0.00123247,-0.00124054,4013.04,-31.0625,-0.525619,0.00012323,0.00920319,-65.5668,4011.44,-31.0502,-0.52541,0.000125629,-0.00942813,-65.569,4220.53,-32.6686,-0.552797,-0.00126759,-0.00145706,-65.5252,4217.55,-32.6455,-0.552406,-0.00126736,0.00124591,-65.5273
7.009,265.2,-3.81208,22.2409,-0.00161016,0.0588433,0.0166718,0.000559422,-0.000131986,0.00774409,3994.69,3,0.0819724,0,0,-0.0092592,0.00940423,0.00123224,-0.00124037,4013.1,-31.0784,-0.529672,0.000117185,0.00919284,-65.5671,4011.38,-31.0651,-0.529444,0.00012038,-0.00941135,-65.5693,4220.41,-32.6839,-0.557034,-0.0012911,-0.00145345,-65.5265,4217.26,-32.6595,-0.556618,-0.00129078,0.00124756,-65.5285
7.019,265.422,-3.80842,22.2411,-0.00156039,0.0620059,0.0151047,0.000556091,-0.000133045,0.00774788,3994.7,3,0.0818691,0,0,-0.00924936,0.00939361,0.00123262,-0.00124078,4013.28,-31.095,-0.533947,0.000114607,0.00918813,-65.5673,4011.46,-31.0809,-0.533705,0.000117955,-0.00940313,-65.5695,4220.36,-32.6995,-0.561498,-0.00129264,-0.00145268,-65.5265,4217.04,-32.6738,-0.561056,-0.00129217,0.00125149,-65.5285
7.029,265.645,-3.80476,22.2413,-0.00151332,0.0223656,0.0166092,0.000552646,-0.00013415,0.00775166,3994.71,3,0.0817526,0,0,-0.00924051,0.00938814,0.00123211,-0.00124033,4013.34,-31.1107,-0.538389,0.000100996,0.00917895,-65.5675,4011.36,-31.0953,-0.538124,0.000104011,-0.00939115,-65.5698,4220.61,-32.7174,-0.566195,-0.00128814,-0.00144227,-65.526,4217.13,-32.6904,-0.565728,-0.00128768,0.00124613,-65.528
7.039,265.867,-3.8011,22.2414,-0.00146842,-0.0122817,0.0165867,0.000551993,-0.000135271,0.00775541,3994.73,3,0.0816486,0,0,-0.00923429,0.00938453,0.00123221,-0.00124047,4013.41,-31.1262,-0.542898,0.000107554,0.00917634,-65.5678,4011.36,-31.1103,-0.54262,0.00010902,-0.00938692,-65.57,4220.61,-32.7332,-0.570927,-0.00127256,-0.00144148,-65.528,4216.98,-32.7051,-0.570436,-0.00127228,0.00124951,-65.5299
7.049,266.089,-3.79744,22.2416,-0.00142547,-0.0107512,0.0166873,0.000555141,-0.000136377,0.00775915,3994.75,3,0.0815454,0,0,-0.00923155,0.00938202,0.00123225,-0.00124057,4013.53,-31.1422,-0.547353,0.000101468,0.00917412,-65.5682,4011.42,-31.1258,-0.547065,0.000102035,-0.00938164,-65.5703,4220.67,-32.7494,-0.575601,-0.00125937,-0.00143808,-65.528,4216.91,-32.7203,-0.575089,-0.00125913,0.00124987,-65.5299
7.059,266.312,-3.79378,22.2417,-0.00138528,-0.0695674,0.0188201,0.000559443,-0.000137465,0.00776282,3994.76,3,0.0814416,0,0,-0.00922695,0.00937543,0.00123297,-0.00124133,4013.7,-31.1583,-0.551744,9.83266e-05,0.00917201,-65.5683,4011.51,-31.1412,-0.551442,0.000100101,-0.00937513,-65.5705,4219.75,-32.7578,-0.580068,-0.00125703,-0.00143441,-65.5286,4215.88,-32.7278,-0.579537,-0.00125687,0.00124967,-65.5304
7.069,266.534,-3.79012,22.2419,-0.00135063,-0.0349453,0.0174234,0.000556731,-0.000138544,0.00776652,3994.77,3,0.0813401,0,0,-0.00921361,0.00936361,0.0012326,-0.00124103,4013.78,-31.1738,-0.556085,9.10449e-05,0.00916507,-65.5685,4011.49,-31.156,-0.555768,9.13615e-05,-0.009364,-65.5707,4220.75,-32.7812,-0.584758,-0.0012517,-0.00143296,-65.5292,4216.78,-32.7504,-0.584209,-0.00125154,0.00125162,-65.531
7.079,266.757,-3.78645,22.2421,-0.00131765,0.134151,0.013874,0.000557174,-0.00013961,0.00777017,3994.78,3,0.0812776,0,0,-0.00920457,0.00935776,0.00123236,-0.00124084,4013.94,-31.1896,-0.560385,8.81976e-05,0.00915671,-65.5687,4011.61,-31.1715,-0.56006,8.99274e-05,-0.00935555,-65.5709,4220.27,-32.7928,-0.589191,-0.0013474,-0.00144994,-65.5293,4216.21,-32.7613,-0.588624,-0.00134643,0.00127131,-65.5311
7.089,266.979,-3.78278,22.2422,-0.00128622,0.00766223,0.0155004,0.00056055,-0.000140638,0.0077738,3994.8,3,0.0811612,0,0,-0.00920099,0.00935631,0.00123289,-0.00124142,4013.85,-31.2035,-0.564501,7.30072e-05,0.00914975,-65.569,4011.5,-31.1852,-0.56417,7.84629e-05,-0.00934818,-65.5711,4220.65,-32.8112,-0.593585,-0.00126241,-0.00143435,-65.5302,4216.5,-32.7789,-0.593001,-0.00126229,0.00125813,-65.532
7.099,267.201,-3.77911,22.2424,-0.0012572,0.0294229,0.0147468,0.000565579,-0.000141607,0.00777741,3994.82,3,0.0810724,0,0,-0.00919844,0.00935368,0.00123248,-0.00124106,4013.92,-31.2185,-0.568398,7.61202e-05,0.00914509,-65.5692,4011.53,-31.2,-0.56806,7.72273e-05,-0.00934118,-65.5713,4220.53,-32.8255,-0.597656,-0.00129835,-0.00143876,-65.5295,4216.32,-32.7927,-0.597059,-0.0012979,0.00126484,-65.5313
7.109,267.424,-3.77544,22.2425,-0.00123109,0.00377906,0.0153497,0.000569997,-0.00014253,0.00778099,3994.83,3,0.0809747,0,0,-0.00919188,0.00934501,0.00123299,-0.00124163,4014.05,-31.2339,-0.572121,7.57983e-05,0.00914381,-65.5694,4011.64,-31.2152,-0.571778,7.8679e-05,-0.00933613,-65.5715,4220.51,-32.8404,-0.601548,-0.00129043,-0.0014345,-65.5303,4216.25,-32.8072,-0.60094,-0.00129001,0.00126256,-65.5321
7.119,267.646,-3.77177,22.2427,-0.00120803,-0.0236479,0.0172412,0.000571495,-0.000143423,0.00778452,3994.83,3,0.0808752,0,0,-0.00917925,0.00933473,0.00123256,-0.00124124,4014.07,-31.2482,-0.575708,6.58785e-05,0.00913295,-65.5695,4011.58,-31.2289,-0.575351,6.59676e-05,-0.00932076,-65.5717,4220.59,-32.8559,-0.605327,-0.00125028,-0.00142794,-65.5327,4216.26,-32.8223,-0.604707,-0.00125,0.00125835,-65.5345
7.129,267.869,-3.76809,22.2428,-0.00118836,-0.0640269,0.0146309,0.000570702,-0.000144279,0.00778804,3994.85,3,0.0807841,0,0,-0.00916953,0.00932835,0.00123301,-0.00124174,4014.02,-31.262,-0.579141,5.77751e-05,0.00912043,-65.5697,4011.55,-31.2427,-0.578784,6.16763e-05,-0.00931209,-65.5719,4220.65,-32.8713,-0.608953,-0.0012355,-0.00142752,-65.5317,4216.28,-32.8373,-0.608322,-0.00123559,0.0012592,-65.5334
7.139,268.091,-3.76442,22.2429,-0.00116743,-0.0270451,0.0151074,0.000577924,-0.000145074,0.00779155,3994.86,3,0.0806925,0,0,-0.00916895,0.0093288,0.00123237,-0.00124115,4014.16,-31.2772,-0.582352,6.52679e-05,0.00912435,-65.5699,4011.69,-31.2579,-0.581993,6.7112e-05,-0.00931482,-65.5721,4220.63,-32.8859,-0.612304,-0.00125357,-0.00142435,-65.5315,4216.21,-32.8515,-0.611663,-0.00125332,0.00125747,-65.5333
7.149,268.313,-3.76074,22.2431,-0.00114966,0.0752877,0.0131004,0.000582529,-0.000145797,0.00779503,3994.87,3,0.0806205,0,0,-0.00916594,0.00932481,0.00123228,-0.00124112,4014.11,-31.2907,-0.585244,5.69917e-05,0.00912196,-65.5701,4011.59,-31.2711,-0.584877,5.9134e-05,-0.00931025,-65.5722,4220.36,-32.8985,-0.615315,-0.00128682,-0.0014327,-65.5325,4215.92,-32.8639,-0.614667,-0.00128642,0.00126694,-65.5343
7.159,268.536,-3.75706,22.2433,-0.00113644,0.108688,0.00971384,0.000580252,-0.000146466,0.00779847,3994.88,3,0.0805445,0,0,-0.00915653,0.00931533,0.00123242,-0.00124129,4014.32,-31.3062,-0.587963,5.44308e-05,0.0091169,-65.5702,4011.86,-31.2871,-0.587603,5.66066e-05,-0.00930219,-65.5724,4220.27,-32.9123,-0.618127,-0.00131744,-0.0014372,-65.5341,4215.81,-32.8776,-0.617474,-0.00131676,0.00127225,-65.5359
7.169,268.758,-3.75338,22.2433,-0.00112079,-0.0666168,0.0161602,0.00058862,-0.000147096,0.00780188,3994.88,3,0.0804331,0,0,-0.00914499,0.00930435,0.00123291,-0.00124181,4014.28,-31.3195,-0.590485,5.60728e-05,0.00909964,-65.5703,4011.74,-31.2997,-0.590112,5.91348e-05,-0.00928342,-65.5725,4220.48,-32.9284,-0.620818,-0.00123452,-0.00142355,-65.5332,4216.01,-32.8934,-0.620159,-0.00123465,0.00126,-65.535
7.179,268.981,-3.7497,22.2435,-0.00110872,0.0347234,0.014073,0.000591778,-0.000147678,0.00780526,3994.89,3,0.0803677,0,0,-0.00914048,0.00930286,0.00123242,-0.00124135,4014.41,-31.3342,-0.59284,4.12586e-05,0.00910004,-65.5704,4011.88,-31.3144,-0.592466,4.42945e-05,-0.00928501,-65.5727,4220.29,-32.9411,-0.623244,-0.00129645,-0.00143164,-65.5331,4215.79,-32.9061,-0.62258,-0.001296,0.00126886,-65.535
7.189,269.203,-3.74602,22.2436,-0.00109737,-0.00190831,0.0138267,0.000596245,-0.000148192,0.00780864,3994.9,3,0.0802771,0,0,-0.00913781,0.00930048,0.00123222,-0.00124119,4014.42,-31.3478,-0.594904,4.58189e-05,0.00909642,-65.5706,4011.93,-31.3284,-0.594535,4.85811e-05,-0.00928201,-65.5729,4220.41,-32.9563,-0.62543,-0.00126142,-0.00142993,-65.5342,4215.91,-32.9211,-0.624763,-0.00126128,0.00126758,-65.536
7.199,269.425,-3.74233,22.2437,-0.00108734,-0.0133403,0.0147874,0.000601976,-0.000148637,0.00781198,3994.91,3,0.080202,0,0,-0.009135,0.00929667,0.00123274,-0.00124174,4014.48,-31.3617,-0.596699,4.38331e-05,0.00909359,-65.5708,4011.99,-31.3422,-0.596329,4.64507e-05,-0.00927594,-65.573,4220.22,-32.969,-0.62728,-0.00128328,-0.00143015,-65.5352,4215.73,-32.9339,-0.626613,-0.00128296,0.00126838,-65.5371
7.209,269.648,-3.73865,22.2438,-0.00107979,-0.00531366,0.0145355,0.000603292,-0.000149032,0.00781528,3994.92,3,0.0801094,0,0,-0.00912558,0.00928683,0.00123246,-0.0012415,4014.6,-31.3758,-0.598305,4.07617e-05,0.00908956,-65.5708,4012.09,-31.3562,-0.59793,4.32199e-05,-0.0092692,-65.5731,4220.29,-32.9834,-0.62896,-0.00124621,-0.00142662,-65.5346,4215.81,-32.9484,-0.628291,-0.00124622,0.00126542,-65.5365
7.219,269.87,-3.73496,22.2439,-0.00107346,0.00295579,0.0140487,0.000604297,-0.000149392,0.00781855,3994.92,3,0.0800329,0,0,-0.00911716,0.00928019,0.00123223,-0.00124128,4014.52,-31.3883,-0.599736,3.1686e-05,0.0090749,-65.5708,4012.01,-31.3687,-0.599361,3.38457e-05,-0.00925511,-65.5731,4220.24,-32.9968,-0.630468,-0.00124819,-0.00142452,-65.535,4215.76,-32.9617,-0.629799,-0.00124811,0.00126377,-65.5369
7.229,270.093,-3.73127,22.244,-0.00106736,-0.0142134,0.0138627,0.000607306,-0.000149702,0.00782179,3994.93,3,0.079961,0,0,-0.00911073,0.00927595,0.00123271,-0.00124178,4014.57,-31.4017,-0.60099,3.08245e-05,0.00907286,-65.571,4012.09,-31.3824,-0.600619,3.30702e-05,-0.00925513,-65.5733,4220.16,-33.0099,-0.631768,-0.00127466,-0.00142709,-65.5352,4215.68,-32.9749,-0.631098,-0.00127437,0.00126649,-65.5371
7.239,270.315,-3.72758,22.244,-0.00106165,-0.0904549,0.0145881,0.000612065,-0.00014995,0.00782503,3994.94,3,0.0798722,0,0,-0.00911043,0.00927601,0.00123314,-0.00124223,4014.61,-31.415,-0.601991,3.10835e-05,0.00907316,-65.5711,4012.19,-31.3961,-0.601629,3.35545e-05,-0.00925561,-65.5734,4220.25,-33.0242,-0.632828,-0.00125795,-0.00142263,-65.5349,4215.8,-32.9894,-0.63216,-0.00125776,0.00126204,-65.5368
7.249,270.537,-3.72389,22.2443,-0.00105746,0.146632,0.0100901,0.000614841,-0.00015014,0.00782821,3994.94,3,0.0798385,0,0,-0.00910467,0.00926788,0.00123241,-0.00124153,4014.55,-31.4274,-0.602744,1.92824e-05,0.00906159,-65.5712,4012.15,-31.4086,-0.602383,2.38175e-05,-0.00924225,-65.5735,4219.68,-33.0332,-0.633542,-0.0013436,-0.00144138,-65.5348,4215.26,-32.9986,-0.632878,-0.00134282,0.00128053,-65.5368
7.259,270.76,-3.72019,22.2443,-0.00105356,-0.0241387,0.0155281,0.000619192,-0.000150297,0.00783136,3994.95,3,0.0797296,0,0,-0.00909563,0.00925861,0.00123256,-0.00124168,4014.74,-31.4415,-0.603401,2.16334e-05,0.00906053,-65.5712,4012.28,-31.4223,-0.603032,2.10669e-05,-0.00923757,-65.5736,4220.08,-33.0497,-0.634264,-0.00124139,-0.00142343,-65.5359,4215.68,-33.0152,-0.633602,-0.00124131,0.00126339,-65.5379
7.269,270.982,-3.7165,22.2444,-0.00105186,0.00657142,0.0140495,0.000618619,-0.000150427,0.00783448,3994.95,3,0.0796685,0,0,-0.00908745,0.00925206,0.00123267,-0.0012418,4014.69,-31.4536,-0.603918,6.68723e-06,0.00904776,-65.5712,4012.24,-31.4345,-0.60355,8.31406e-06,-0.00922626,-65.5736,4219.96,-33.0619,-0.634796,-0.0012264,-0.00142658,-65.5368,4215.57,-33.0275,-0.634137,-0.00122641,0.00126647,-65.5388
7.279,271.205,-3.7128,22.2445,-0.00104915,0.0185856,0.0138816,0.000621958,-0.000150522,0.00783758,3994.96,3,0.079596,0,0,-0.00908401,0.00924992,0.00123231,-0.00124146,4014.75,-31.4666,-0.604306,1.16796e-05,0.00904508,-65.5713,4012.35,-31.4477,-0.603945,1.47002e-05,-0.00922571,-65.5738,4219.86,-33.0741,-0.635179,-0.00126521,-0.0014287,-65.5372,4215.49,-33.0399,-0.634522,-0.00126507,0.00126846,-65.5392
7.289,271.427,-3.70911,22.2445,-0.0010472,-0.060806,0.0143963,0.000624543,-0.000150561,0.00784066,3994.96,3,0.0795062,0,0,-0.00908257,0.00924791,0.00123279,-0.00124194,4014.86,-31.4798,-0.604481,1.69296e-05,0.00904932,-65.5715,4012.52,-31.4614,-0.604129,2.07905e-05,-0.00923004,-65.5739,4220.01,-33.0884,-0.63537,-0.0012401,-0.00142171,-65.5375,4215.67,-33.0543,-0.634716,-0.00124011,0.00126118,-65.5395
7.299,271.65,-3.70541,22.2447,-0.00104702,0.148667,0.0093343,0.000624534,-0.00015056,0.00784371,3994.97,3,0.0794837,0,0,-0.0090773,0.00924064,0.00123265,-0.00124181,4014.74,-31.4911,-0.60446,5.84385e-06,0.00903706,-65.5715,4012.43,-31.473,-0.604112,9.65761e-06,-0.0092161,-65.5739,4219.35,-33.096,-0.635266,-0.0013207,-0.00144267,-65.5376,4215.04,-33.0622,-0.634618,-0.00132006,0.00128171,-65.5396
7.309,271.872,-3.70171,22.2447,-0.00104721,0.0459479,0.0112379,0.000624546,-0.000150542,0.00784672,3994.97,3,0.0793889,0,0,-0.00906737,0.00923035,0.0012329,-0.00124206,4014.93,-31.5046,-0.604417,1.38031e-05,0.00903569,-65.5715,4012.59,-31.4863,-0.604064,1.77875e-05,-0.00921358,-65.5739,4219.6,-33.1107,-0.635228,-0.00128185,-0.00143304,-65.537,4215.32,-33.0771,-0.634584,-0.00128158,0.00127226,-65.539
7.319,272.094,-3.698,22.2448,-0.00104645,0.013281,0.0135192,0.000626271,-0.000150512,0.00784969,3994.97,3,0.0793202,0,0,-0.00906113,0.00922633,0.00123268,-0.00124184,4014.87,-31.5162,-0.604287,-9.04387e-06,0.00902258,-65.5715,4012.51,-31.4976,-0.603931,-6.39972e-06,-0.0092003,-65.574,4219.57,-33.123,-0.635097,-0.0012922,-0.00142796,-65.5377,4215.34,-33.0898,-0.63446,-0.00129143,0.00126726,-65.5397
7.329,272.317,-3.6943,22.2449,-0.00104621,-0.00242025,0.01332,0.000627385,-0.000150447,0.00785266,3994.97,3,0.0792527,0,0,-0.00905813,0.00922434,0.00123284,-0.00124199,4014.88,-31.5281,-0.604028,-6.65057e-07,0.0090213,-65.5716,4012.56,-31.5099,-0.603679,2.1565e-06,-0.00920062,-65.574,4219.62,-33.136,-0.634831,-0.00128203,-0.00142878,-65.5373,4215.39,-33.1027,-0.634194,-0.0012818,0.00126818,-65.5393
7.339,272.539,-3.6906,22.2449,-0.00104515,-0.0328043,0.0144348,0.000632082,-0.000150339,0.0078556,3994.98,3,0.0791751,0,0,-0.00905729,0.00922217,0.00123305,-0.0012422,4014.99,-31.5408,-0.603612,2.02902e-06,0.00902348,-65.5717,4012.72,-31.5229,-0.603269,4.22725e-06,-0.00920251,-65.5741,4219.66,-33.1486,-0.634381,-0.00123227,-0.00142347,-65.5381,4215.46,-33.1156,-0.63375,-0.00123228,0.00126267,-65.5402
7.349,272.762,-3.68689,22.2449,-0.00104454,-0.0823915,0.0178115,0.000635958,-0.000150206,0.0078585,3994.98,3,0.0791064,0,0,-0.00905141,0.00921346,0.0012333,-0.00124245,4015.1,-31.5533,-0.603091,1.52409e-06,0.00902037,-65.5717,4012.77,-31.535,-0.602742,-2.55512e-07,-0.00919485,-65.5741,4219.69,-33.1611,-0.633822,-0.00124189,-0.00142312,-65.5389,4215.52,-33.1284,-0.633196,-0.00124163,0.00126256,-65.541
7.359,272.984,-3.68318,22.245,-0.00104712,-0.0279184,0.0148849,0.000631426,-0.00015007,0.00786136,3994.98,3,0.0790531,0,0,-0.00904032,0.00920322,0.00123324,-0.00124238,4015,-31.564,-0.60253,-8.98063e-06,0.0090039,-65.5716,4012.69,-31.5459,-0.602184,-7.47674e-06,-0.00917981,-65.5741,4219.53,-33.1719,-0.633224,-0.00127525,-0.00142808,-65.538,4215.4,-33.1394,-0.632603,-0.00127484,0.0012673,-65.54
7.369,273.207,-3.67947,22.2451,-0.00104837,0.0415259,0.0134247,0.000629765,-0.000149924,0.00786419,3994.98,3,0.0790094,0,0,-0.00903244,0.00919811,0.00123351,-0.00124265,4015.07,-31.5759,-0.601957,-7.82449e-06,0.00900159,-65.5716,4012.78,-31.5579,-0.601613,-7.09114e-06,-0.00917875,-65.5741,4219.21,-33.1814,-0.632562,-0.00131979,-0.00143807,-65.5381,4215.1,-33.149,-0.631946,-0.00131912,0.00127724,-65.5402
7.379,273.429,-3.67576,22.2452,-0.00104787,-0.107441,0.014675,0.000633473,-0.000149753,0.00786701,3994.98,3,0.0788898,0,0,-0.00903417,0.00919928,0.00123279,-0.00124192,4014.97,-31.5865,-0.601254,-1.93968e-06,0.00899872,-65.5717,4012.81,-31.5695,-0.60093,9.33949e-07,-0.00918092,-65.5742,4219.86,-33.1984,-0.631937,-0.00117133,-0.00141997,-65.5386,4215.78,-33.1663,-0.631325,-0.00117159,0.00125853,-65.5406
7.389,273.651,-3.67205,22.2452,-0.00104856,-0.0459256,0.0143483,0.00063418,-0.00014955,0.00786981,3994.98,3,0.0788665,0,0,-0.00903287,0.00919645,0.00123327,-0.0012424,4015.14,-31.5991,-0.600463,-1.09331e-05,0.008999,-65.5718,4012.93,-31.5817,-0.600132,-7.66619e-06,-0.00917713,-65.5742,4219.39,-33.2065,-0.631008,-0.00126003,-0.00142683,-65.5393,4215.34,-33.1746,-0.630403,-0.00125983,0.00126545,-65.5414
7.399,273.874,-3.66834,22.2453,-0.00104975,-0.00977068,0.0150628,0.000632828,-0.000149333,0.00787257,3994.98,3,0.0788053,0,0,-0.00902479,0.00918735,0.00123263,-0.00124175,4015.16,-31.6103,-0.599597,-1.45193e-05,0.00899111,-65.5718,4012.91,-31.5926,-0.599261,-1.40161e-05,-0.00916433,-65.5742,4219.35,-33.2178,-0.630089,-0.00125647,-0.00142694,-65.5406,4215.35,-33.1863,-0.629491,-0.0012562,0.00126579,-65.5427
7.409,274.096,-3.66462,22.2453,-0.00105137,-0.0244991,0.0146014,0.000631323,-0.000149127,0.00787529,3994.98,3,0.0787538,0,0,-0.00901571,0.00917823,0.00123326,-0.00124236,4015.14,-31.621,-0.598765,-2.15425e-05,0.00898074,-65.5716,4012.91,-31.6035,-0.598433,-1.91593e-05,-0.00915626,-65.5742,4219.25,-33.2285,-0.629204,-0.00127939,-0.00143034,-65.5392,4215.26,-33.1971,-0.628609,-0.00127901,0.00126912,-65.5413
7.419,274.319,-3.66091,22.2454,-0.00105227,-0.0182328,0.0141407,0.000631545,-0.000148918,0.007878,3994.98,3,0.0786914,0,0,-0.00901272,0.00917681,0.00123305,-0.00124213,4015.12,-31.6318,-0.597924,-2.30422e-05,0.00897578,-65.5717,4012.91,-31.6144,-0.597596,-2.06623e-05,-0.00915331,-65.5742,4219.3,-33.2403,-0.62833,-0.00125993,-0.0014275,-65.5387,4215.33,-33.209,-0.627739,-0.00125973,0.00126618,-65.5408
7.429,274.541,-3.65719,22.2454,-0.00105204,0.00682393,0.0139198,0.000633075,-0.000148689,0.00788068,3994.98,3,0.0786396,0,0,-0.00901102,0.009175,0.00123297,-0.00124205,4015.15,-31.6428,-0.597008,-2.6442e-05,0.0089731,-65.5717,4012.98,-31.6257,-0.596685,-2.35671e-05,-0.00915137,-65.5742,4219.17,-33.2506,-0.627343,-0.00125668,-0.0014289,-65.5393,4215.23,-33.2195,-0.626756,-0.00125654,0.00126739,-65.5414
7.439,274.764,-3.65347,22.2455,-0.00105278,0.0567281,0.013115,0.000632306,-0.000148439,0.00788334,3994.98,3,0.0785916,0,0,-0.00900736,0.00916969,0.00123286,-0.00124194,4015.16,-31.6536,-0.596006,-2.97627e-05,0.00896671,-65.5717,4013,-31.6365,-0.595685,-2.69002e-05,-0.00914243,-65.5741,4218.99,-33.2605,-0.626262,-0.00127935,-0.00143317,-65.5393,4215.09,-33.2297,-0.625682,-0.00127908,0.00127154,-65.5414
7.449,274.986,-3.64975,22.2455,-0.0010556,-0.0154897,0.0136385,0.000626751,-0.000148189,0.00788596,3994.98,3,0.0785129,0,0,-0.00900099,0.00916246,0.00123287,-0.00124194,4015.3,-31.6652,-0.595025,-2.55576e-05,0.0089684,-65.5717,4013.08,-31.6477,-0.594695,-2.60987e-05,-0.00913972,-65.5741,4219.27,-33.2737,-0.62525,-0.00122439,-0.00142307,-65.5411,4215.38,-33.243,-0.624674,-0.00122441,0.00126186,-65.5432
7.459,275.208,-3.64603,22.2456,-0.00105552,0.0341578,0.0130467,0.000628831,-0.000147959,0.00788854,3994.98,3,0.0784819,0,0,-0.00899312,0.00915491,0.00123324,-0.00124229,4015.31,-31.6756,-0.594101,-2.5869e-05,0.00895988,-65.5716,4013.13,-31.6584,-0.593779,-2.37817e-05,-0.00913539,-65.5741,4218.87,-33.2815,-0.62422,-0.00128502,-0.00143492,-65.54,4215.01,-33.251,-0.623648,-0.00128467,0.00127343,-65.5421
7.469,275.431,-3.64231,22.2456,-0.00105559,-0.067942,0.0146514,0.000629104,-0.000147727,0.00789111,3994.98,3,0.0783958,0,0,-0.00899009,0.00915348,0.00123313,-0.00124217,4015.18,-31.6849,-0.59315,-2.75617e-05,0.00895098,-65.5716,4013.04,-31.668,-0.592834,-2.52573e-05,-0.00912941,-65.5741,4219.29,-33.2956,-0.623303,-0.0012159,-0.00141982,-65.539,4215.44,-33.2652,-0.622735,-0.00121587,0.0012584,-65.5411
7.479,275.653,-3.63858,22.2456,-0.00105544,-0.00424703,0.0136133,0.000629584,-0.000147476,0.00789365,3994.98,3,0.0783713,0,0,-0.00899004,0.00915253,0.00123316,-0.00124219,4015.29,-31.6959,-0.59216,-3.96266e-05,0.00895113,-65.5716,4013.15,-31.6791,-0.591846,-3.56865e-05,-0.00912858,-65.5741,4218.95,-33.3036,-0.622195,-0.00126326,-0.00143052,-65.5402,4215.13,-33.2734,-0.621631,-0.00126311,0.00126888,-65.5423
7.489,275.876,-3.63486,22.2456,-0.00105494,-0.0303425,0.0149486,0.000631437,-0.000147216,0.00789617,3994.98,3,0.0783209,0,0,-0.00898855,0.00914816,0.00123385,-0.00124286,4015.32,-31.7063,-0.591118,-3.79648e-05,0.00894831,-65.5716,4013.2,-31.6895,-0.590806,-3.4861e-05,-0.00912364,-65.574,4218.84,-33.3134,-0.62108,-0.00127266,-0.00143191,-65.5404,4215.05,-33.2834,-0.620521,-0.00127242,0.0012703,-65.5425
7.499,276.098,-3.63113,22.2457,-0.00105752,0.0371912,0.0127678,0.000625174,-0.000146963,0.00789864,3994.97,3,0.0782698,0,0,-0.00897828,0.00913743,0.0012335,-0.0012425,4015.38,-31.7167,-0.590111,-4.33788e-05,0.00894227,-65.5715,4013.24,-31.6998,-0.589796,-4.27713e-05,-0.00911354,-65.5739,4218.79,-33.3234,-0.620004,-0.00127863,-0.00143203,-65.5407,4215.02,-33.2936,-0.61945,-0.00127827,0.00127077,-65.5428
7.509,276.321,-3.6274,22.2457,-0.00105739,-0.0477857,0.0146313,0.000624983,-0.000146727,0.00790109,3994.96,3,0.0782124,0,0,-0.00897071,0.00913171,0.00123359,-0.00124257,4015.27,-31.7257,-0.589149,-4.65612e-05,0.00892799,-65.5713,4013.12,-31.7087,-0.588834,-4.46354e-05,-0.00910303,-65.5739,4218.93,-33.3349,-0.619032,-0.00125751,-0.00142935,-65.5414,4215.18,-33.3052,-0.618481,-0.00125732,0.00126817,-65.5435
7.519,276.543,-3.62367,22.2458,-0.00105703,0.0182581,0.0137389,0.000624823,-0.000146491,0.00790351,3994.96,3,0.0781742,0,0,-0.00896905,0.00913179,0.0012336,-0.00124257,4015.35,-31.7361,-0.588214,-4.5789e-05,0.00893034,-65.5714,4013.21,-31.7191,-0.5879,-4.46792e-05,-0.00910671,-65.5739,4218.72,-33.3434,-0.618005,-0.00130172,-0.0014342,-65.5396,4214.98,-33.3138,-0.617457,-0.00130124,0.00127315,-65.5417
7.529,276.765,-3.61994,22.2458,-0.00105574,0.00504549,0.0150596,0.000626297,-0.000146239,0.00790591,3994.96,3,0.0781213,0,0,-0.0089684,0.00912902,0.00123296,-0.00124192,4015.43,-31.7463,-0.587214,-4.47586e-05,0.00893231,-65.5714,4013.32,-31.7296,-0.586906,-4.09433e-05,-0.00910592,-65.5738,4218.75,-33.3538,-0.616947,-0.0012488,-0.00143124,-65.5403,4215.04,-33.3244,-0.616404,-0.00124873,0.00127012,-65.5425
7.539,276.988,-3.61621,22.2458,-0.00105613,0.0475392,0.0123202,0.0006257,-0.000145983,0.00790829,3994.96,3,0.078087,0,0,-0.00896582,0.00912411,0.00123361,-0.00124257,4015.39,-31.7556,-0.58618,-5.04578e-05,0.00892616,-65.5713,4013.32,-31.7391,-0.585877,-4.79124e-05,-0.00910148,-65.5737,4218.54,-33.3621,-0.615836,-0.00130237,-0.00143785,-65.5402,4214.85,-33.3329,-0.615297,-0.00130184,0.00127646,-65.5423
7.549,277.21,-3.61247,22.2458,-0.00105678,-0.0529889,0.0140137,0.000622573,-0.000145744,0.00791063,3994.95,3,0.0780168,0,0,-0.00895655,0.00911449,0.00123366,-0.00124259,4015.5,-31.7658,-0.585235,-3.80513e-05,0.00892313,-65.5712,4013.37,-31.7489,-0.584925,-3.298e-05,-0.00909822,-65.5736,4218.72,-33.3735,-0.614855,-0.00126173,-0.00142887,-65.5405,4215.05,-33.3444,-0.614319,-0.00126161,0.00126772,-65.5426
7.559,277.433,-3.60874,22.2458,-0.00105669,-0.00191463,0.0139175,0.000620997,-0.000145524,0.00791294,3994.95,3,0.077974,0,0,-0.00895223,0.00911214,0.00123307,-0.00124199,4015.41,-31.7744,-0.584339,-5.82211e-05,0.00891026,-65.571,4013.28,-31.7575,-0.584029,-5.53388e-05,-0.00908508,-65.5736,4218.69,-33.3829,-0.61392,-0.001253,-0.00142789,-65.5402,4215.02,-33.3539,-0.613387,-0.00125286,0.0012672,-65.5423
7.569,277.655,-3.605,22.2459,-0.00105535,0.0864951,0.0136369,0.000621498,-0.0001453,0.00791524,3994.95,3,0.0779536,0,0,-0.00895007,0.00911176,0.00123383,-0.00124273,4015.48,-31.7841,-0.583449,-6.0665e-05,0.00890906,-65.5711,4013.33,-31.7671,-0.583136,-6.00959e-05,-0.00908455,-65.5735,4218.35,-33.3899,-0.612925,-0.00131485,-0.00143968,-65.5406,4214.69,-33.361,-0.612395,-0.00131429,0.00127925,-65.5427
7.579,277.878,-3.60126,22.2459,-0.00105462,0.00633376,0.0137442,0.000621475,-0.000145066,0.00791751,3994.95,3,0.0778852,0,0,-0.00894905,0.00910799,0.00123324,-0.00124214,4015.54,-31.7938,-0.582517,-5.61039e-05,0.00891161,-65.5711,4013.46,-31.7773,-0.582215,-5.4614e-05,-0.00908629,-65.5735,4218.64,-33.4018,-0.61198,-0.00126025,-0.00142837,-65.5404,4215.01,-33.3731,-0.611453,-0.00126003,0.00126779,-65.5426
7.589,278.1,-3.59752,22.2459,-0.00105466,-0.0542965,0.0151459,0.000619087,-0.000144832,0.00791975,3994.94,3,0.0778274,0,0,-0.00894401,0.00910169,0.00123341,-0.0012423,4015.64,-31.8035,-0.581593,-5.50043e-05,0.00891083,-65.5709,4013.51,-31.7866,-0.581284,-5.37739e-05,-0.00908216,-65.5734,4218.78,-33.4123,-0.611013,-0.00122004,-0.00142221,-65.5406,4215.16,-33.3837,-0.61049,-0.00122024,0.00126201,-65.5427
7.599,278.322,-3.59378,22.2459,-0.00105454,-0.0397354,0.0152275,0.000617218,-0.000144618,0.00792195,3994.93,3,0.0777898,0,0,-0.00893715,0.00909482,0.00123347,-0.00124234,4015.54,-31.8116,-0.580719,-6.45185e-05,0.00889771,-65.5708,4013.39,-31.7946,-0.580409,-6.51316e-05,-0.00906804,-65.5732,4218.7,-33.421,-0.610099,-0.00122564,-0.00142581,-65.5422,4215.1,-33.3925,-0.609579,-0.0012256,0.00126596,-65.5443
7.609,278.545,-3.59004,22.2459,-0.0010538,0.0239465,0.0136957,0.00061649,-0.00014442,0.00792414,3994.93,3,0.0777694,0,0,-0.0089321,0.00909128,0.00123384,-0.0012427,4015.6,-31.8209,-0.579933,-6.01646e-05,0.00889683,-65.5707,4013.48,-31.804,-0.579626,-5.92873e-05,-0.00907051,-65.5732,4218.36,-33.4276,-0.609215,-0.00129304,-0.00143532,-65.5414,4214.77,-33.3991,-0.608697,-0.00129265,0.00127546,-65.5435
7.619,278.767,-3.5863,22.2459,-0.00105183,-0.0123156,0.0139319,0.000617864,-0.000144218,0.0079263,3994.92,3,0.0777127,0,0,-0.00893206,0.00909126,0.00123359,-0.00124244,4015.59,-31.8294,-0.579118,-7.00285e-05,0.00889123,-65.5707,4013.51,-31.813,-0.578819,-6.56018e-05,-0.00906736,-65.5731,4218.53,-33.4381,-0.608386,-0.0012721,-0.00142998,-65.5402,4214.95,-33.4096,-0.607869,-0.00127192,0.00126983,-65.5423
7.629,278.99,-3.58255,22.2459,-0.00105106,0.0744188,0.0124108,0.000616507,-0.000144004,0.00792844,3994.92,3,0.0776902,0,0,-0.00893042,0.00908792,0.00123345,-0.0012423,4015.58,-31.838,-0.578261,-6.85729e-05,0.00889039,-65.5706,4013.5,-31.8215,-0.577961,-6.49185e-05,-0.00906391,-65.573,4218.26,-33.4449,-0.607447,-0.00129679,-0.00143664,-65.5408,4214.7,-33.4167,-0.606934,-0.00129643,0.00127672,-65.5429
7.639,279.212,-3.5788,22.2459,-0.0010507,-0.0359743,0.0146139,0.000615092,-0.000143801,0.00793055,3994.91,3,0.0776282,0,0,-0.00892562,0.0090803,0.00123423,-0.00124305,4015.72,-31.8475,-0.577463,-6.34531e-05,0.00889063,-65.5705,4013.6,-31.8308,-0.57716,-6.28923e-05,-0.00906069,-65.5729,4218.46,-33.4554,-0.606618,-0.00126366,-0.00142792,-65.5414,4214.91,-33.4272,-0.606107,-0.00126336,0.00126839,-65.5436
7.649,279.435,-3.57506,22.2459,-0.00105078,-0.0268727,0.0140611,0.000611178,-0.000143619,0.00793262,3994.9,3,0.0775868,0,0,-0.00891868,0.00907563,0.00123308,-0.0012419,4015.63,-31.8552,-0.576721,-6.90253e-05,0.00887832,-65.5703,4013.5,-31.8383,-0.576415,-6.62373e-05,-0.00904988,-65.5728,4218.51,-33.4646,-0.605858,-0.00124703,-0.001425,-65.5407,4214.97,-33.4364,-0.605349,-0.00124701,0.00126584,-65.5428
7.659,279.657,-3.57131,22.2459,-0.00104939,-0.048824,0.0144471,0.000611508,-0.000143449,0.00793467,3994.9,3,0.0775505,0,0,-0.00891309,0.00907201,0.00123404,-0.00124284,4015.61,-31.8633,-0.576037,-6.43863e-05,0.00887623,-65.5703,4013.51,-31.8466,-0.575735,-6.3623e-05,-0.00905032,-65.5727,4218.42,-33.4725,-0.605129,-0.00124919,-0.00142732,-65.5415,4214.88,-33.4444,-0.604621,-0.00124898,0.00126836,-65.5436
7.669,279.88,-3.56756,22.2459,-0.00104756,-7.91307e-05,0.0139814,0.00061157,-0.00014327,0.00793672,3994.9,3,0.0775283,0,0,-0.00891567,0.00907433,0.00123423,-0.00124302,4015.64,-31.8717,-0.575318,-7.22673e-05,0.00887383,-65.5703,4013.53,-31.8549,-0.575016,-7.34002e-05,-0.00904678,-65.5726,4218.25,-33.4798,-0.604346,-0.00129503,-0.00143321,-65.5401,4214.72,-33.4518,-0.603841,-0.00129456,0.00127442,-65.5423
7.679,280.102,-3.5638,22.2459,-0.00104684,-0.0169715,0.0125979,0.000610947,-0.00014308,0.00793873,3994.89,3,0.0774742,0,0,-0.00891194,0.00906814,0.00123332,-0.00124211,4015.87,-31.8816,-0.574592,-6.9264e-05,0.00888556,-65.5702,4013.79,-31.865,-0.574294,-6.85784e-05,-0.00905905,-65.5725,4218.45,-33.4898,-0.603577,-0.00125055,-0.0014267,-65.5407,4214.94,-33.4619,-0.603075,-0.00125034,0.00126784,-65.5428
7.689,280.324,-3.56005,22.2459,-0.00104648,0.0488986,0.0113124,0.00060792,-0.000142903,0.00794071,3994.88,3,0.0774511,0,0,-0.00890661,0.00906149,0.001234,-0.00124278,4015.8,-31.8889,-0.573871,-7.39364e-05,0.00886983,-65.57,4013.71,-31.8724,-0.573573,-7.14068e-05,-0.00904018,-65.5723,4218.15,-33.4958,-0.602788,-0.00128311,-0.00143346,-65.5409,4214.65,-33.468,-0.602288,-0.00128279,0.00127474,-65.543
7.699,280.547,-3.5563,22.246,-0.0010451,0.137408,0.0110721,0.000607005,-0.000142748,0.00794266,3994.87,3,0.0774356,0,0,-0.00890126,0.00905743,0.00123321,-0.00124198,4015.91,-31.8977,-0.573264,-8.25163e-05,0.00886526,-65.5698,4013.81,-31.881,-0.572964,-8.03362e-05,-0.00903626,-65.5723,4217.9,-33.502,-0.602097,-0.00135921,-0.0014406,-65.5403,4214.4,-33.4743,-0.601598,-0.00135827,0.0012823,-65.5424
7.709,280.769,-3.55254,22.2459,-0.0010428,0.0269252,0.0136233,0.000608452,-0.000142598,0.00794459,3994.87,3,0.0773726,0,0,-0.00889884,0.00905622,0.0012336,-0.00124236,4015.74,-31.904,-0.572637,-8.443e-05,0.00885429,-65.5697,4013.63,-31.8873,-0.572336,-8.16847e-05,-0.00902834,-65.5722,4218.25,-33.513,-0.601515,-0.00126835,-0.00142947,-65.5417,4214.76,-33.4852,-0.601017,-0.00126815,0.00127136,-65.5438
7.719,280.992,-3.54878,22.2458,-0.00104148,-0.0382005,0.0138196,0.000607996,-0.000142436,0.00794651,3994.86,3,0.0773347,0,0,-0.00889973,0.00905689,0.00123421,-0.00124295,4015.77,-31.912,-0.571992,-8.04942e-05,0.00885972,-65.5697,4013.69,-31.8955,-0.571696,-7.85924e-05,-0.00903317,-65.572,4218.25,-33.5211,-0.600833,-0.00125714,-0.00142912,-65.5408,4214.77,-33.4934,-0.600337,-0.00125694,0.00127103,-65.5429
7.729,281.214,-3.54502,22.2459,-0.00104034,0.0182709,0.0127306,0.000606746,-0.00014227,0.00794839,3994.86,3,0.0773048,0,0,-0.00889575,0.00905046,0.00123384,-0.00124259,4015.82,-31.92,-0.571331,-7.93548e-05,0.00885864,-65.5696,4013.74,-31.9034,-0.571035,-7.7551e-05,-0.00902927,-65.5719,4218.17,-33.5284,-0.60012,-0.00126386,-0.00143083,-65.541,4214.7,-33.5008,-0.599626,-0.00126363,0.00127291,-65.5431
7.739,281.437,-3.54126,22.2459,-0.00103933,0.0921754,0.0103537,0.000606504,-0.000142122,0.00795025,3994.84,3,0.0772961,0,0,-0.00888859,0.0090416,0.00123434,-0.00124307,4015.87,-31.9278,-0.570743,-8.02942e-05,0.0088501,-65.5693,4013.83,-31.9116,-0.570453,-7.4573e-05,-0.00902242,-65.5718,4217.75,-33.5329,-0.599435,-0.00134723,-0.00144427,-65.5404,4214.3,-33.5054,-0.598944,-0.0013464,0.00128607,-65.5425
7.749,281.659,-3.5375,22.2458,-0.00103874,-0.0601566,0.0143884,0.00060288,-0.000141991,0.00795209,3994.84,3,0.0772235,0,0,-0.00888208,0.0090377,0.00123417,-0.00124288,4015.8,-31.9347,-0.570208,-8.60878e-05,0.00884275,-65.5692,4013.68,-31.9178,-0.569906,-8.31422e-05,-0.00901358,-65.5716,4218.31,-33.5451,-0.598963,-0.00122361,-0.001423,-65.5397,4214.86,-33.5177,-0.598473,-0.00122375,0.00126578,-65.5418
7.759,281.881,-3.53374,22.2458,-0.00103647,0.00143595,0.0135974,0.000604281,-0.000141863,0.00795391,3994.83,3,0.0772028,0,0,-0.00888258,0.0090394,0.00123387,-0.00124259,4015.82,-31.9422,-0.569697,-8.89652e-05,0.00884145,-65.5691,4013.72,-31.9255,-0.569399,-8.66544e-05,-0.00901453,-65.5715,4218.15,-33.5515,-0.598399,-0.00128114,-0.00142799,-65.5399,4214.69,-33.524,-0.597909,-0.00128087,0.00127085,-65.542
7.769,282.104,-3.52997,22.2458,-0.00103534,-0.0473644,0.0131568,0.000603571,-0.000141721,0.00795571,3994.82,3,0.077165,0,0,-0.00888433,0.00903985,0.0012341,-0.00124281,4015.94,-31.9504,-0.569144,-8.5916e-05,0.00884555,-65.5691,4013.87,-31.9339,-0.56885,-8.30935e-05,-0.00901857,-65.5714,4218.17,-33.5593,-0.597804,-0.00124844,-0.00142623,-65.5411,4214.73,-33.5319,-0.597316,-0.0012484,0.00126912,-65.5432
7.779,282.326,-3.52621,22.2458,-0.00103306,-0.00269862,0.0137458,0.000605588,-0.000141578,0.00795749,3994.82,3,0.077146,0,0,-0.00888093,0.00903362,0.00123443,-0.00124313,4015.93,-31.9574,-0.568566,-8.67995e-05,0.00884141,-65.5689,4013.84,-31.9408,-0.568271,-8.50763e-05,-0.00901112,-65.5712,4218.01,-33.5654,-0.597176,-0.00127614,-0.00143239,-65.5393,4214.58,-33.5381,-0.596691,-0.00127583,0.00127541,-65.5414
7.789,282.549,-3.52244,22.2457,-0.00103293,-0.0527109,0.0146301,0.000601516,-0.000141453,0.00795921,3994.8,3,0.0771006,0,0,-0.00887158,0.00902434,0.00123436,-0.00124305,4015.92,-31.9643,-0.568065,-8.67775e-05,0.00883508,-65.5687,4013.79,-31.9473,-0.567763,-8.40481e-05,-0.00900363,-65.5711,4218.17,-33.574,-0.596673,-0.00124882,-0.00142574,-65.5399,4214.75,-33.5468,-0.596189,-0.00124883,0.00126923,-65.542
7.799,282.771,-3.51867,22.2457,-0.001032,-0.0361616,0.0139322,0.000599514,-0.000141346,0.00796093,3994.8,3,0.0770668,0,0,-0.00886989,0.00902494,0.00123363,-0.00124232,4015.84,-31.9705,-0.567625,-9.45975e-05,0.0088264,-65.5685,4013.72,-31.9536,-0.567325,-9.18407e-05,-0.00899708,-65.5709,4218.23,-33.5817,-0.596231,-0.00122992,-0.00142079,-65.5405,4214.8,-33.5545,-0.595747,-0.00122998,0.00126448,-65.5426
7.809,282.994,-3.5149,22.2458,-0.00102906,0.0718658,0.0138217,0.00060317,-0.000141236,0.00796264,3994.79,3,0.0770557,0,0,-0.00886827,0.00902397,0.00123361,-0.00124229,4015.92,-31.978,-0.567192,-9.36362e-05,0.00882666,-65.5685,4013.79,-31.961,-0.566891,-9.33215e-05,-0.00899816,-65.5708,4217.91,-33.5864,-0.59572,-0.00128756,-0.00143308,-65.5397,4214.49,-33.5591,-0.595237,-0.00128712,0.00127711,-65.5418
7.819,283.216,-3.51113,22.2457,-0.00102775,0.0105062,0.0139248,0.000601945,-0.00014111,0.00796433,3994.78,3,0.0770209,0,0,-0.00886785,0.00902217,0.00123384,-0.00124251,4015.93,-31.9849,-0.56669,-9.44639e-05,0.00882775,-65.5684,4013.85,-31.9682,-0.566395,-9.32394e-05,-0.00899725,-65.5707,4217.99,-33.5942,-0.595202,-0.00126891,-0.00142967,-65.5404,4214.58,-33.567,-0.594721,-0.0012687,0.00127365,-65.5425
7.829,283.438,-3.50736,22.2456,-0.00102585,-0.0646596,0.0157564,0.000603548,-0.00014099,0.00796599,3994.77,3,0.0769929,0,0,-0.00886571,0.00901625,0.00123511,-0.00124377,4016.02,-31.9922,-0.566217,-9.31314e-05,0.0088256,-65.5682,4013.92,-31.9755,-0.565921,-9.10816e-05,-0.00899409,-65.5705,4217.99,-33.6011,-0.594693,-0.00126453,-0.00142956,-65.5396,4214.59,-33.5741,-0.594213,-0.0012643,0.00127358,-65.5417
7.839,283.661,-3.50359,22.2456,-0.00102571,-0.0859436,0.0160831,0.000599517,-0.000140886,0.0079676,3994.76,3,0.0769609,0,0,-0.00885315,0.00900507,0.00123504,-0.00124369,4015.97,-31.9984,-0.565796,-9.78228e-05,0.00881698,-65.5679,4013.85,-31.9814,-0.565497,-9.57784e-05,-0.00898448,-65.5703,4218,-33.6081,-0.594259,-0.00125039,-0.0014277,-65.5399,4214.6,-33.581,-0.59378,-0.00125032,0.00127219,-65.542
7.849,283.883,-3.49981,22.2457,-0.00102478,0.0446361,0.0135034,0.000598111,-0.000140795,0.00796921,3994.75,3,0.0769301,0,0,-0.00885335,0.00900838,0.00123409,-0.00124274,4015.99,-32.0049,-0.565432,-8.80309e-05,0.00881285,-65.5678,4013.84,-31.9878,-0.56513,-8.68717e-05,-0.0089832,-65.5702,4217.92,-33.6142,-0.593863,-0.00126571,-0.00142965,-65.5385,4214.52,-33.5871,-0.593385,-0.00126543,0.00127443,-65.5406
7.859,284.106,-3.49603,22.2456,-0.00102316,-0.0391802,0.0130284,0.000597942,-0.000140695,0.00797081,3994.74,3,0.0769011,0,0,-0.00885484,0.00901025,0.00123424,-0.00124289,4015.98,-32.0113,-0.565027,-0.000107221,0.00880855,-65.5677,4013.9,-31.9947,-0.564735,-0.000101565,-0.00898203,-65.5701,4218.06,-33.6221,-0.593459,-0.00125044,-0.00142428,-65.54,4214.67,-33.595,-0.592982,-0.00125038,0.00126863,-65.542
7.869,284.328,-3.49226,22.2456,-0.00102173,0.033171,0.0126149,0.000597791,-0.000140581,0.00797239,3994.74,3,0.0768892,0,0,-0.00885339,0.00900669,0.00123379,-0.00124243,4016,-32.0178,-0.564573,-0.000101421,0.00881249,-65.5676,4013.91,-32.0011,-0.564279,-9.91424e-05,-0.0089814,-65.5699,4217.82,-33.6268,-0.592945,-0.00130624,-0.00143367,-65.5399,4214.44,-33.5999,-0.59247,-0.00130581,0.0012784,-65.5419
7.879,284.551,-3.48848,22.2455,-0.00102083,0.0047407,0.0132022,0.000597128,-0.000140472,0.00797395,3994.73,3,0.0768567,0,0,-0.00884929,0.00900079,0.00123432,-0.00124295,4016.1,-32.0248,-0.56415,-9.83623e-05,0.00881253,-65.5674,4013.99,-32.008,-0.563854,-9.7921e-05,-0.00897903,-65.5697,4217.82,-33.6334,-0.592487,-0.00126691,-0.00143043,-65.5406,4214.45,-33.6065,-0.592013,-0.00126659,0.00127539,-65.5427
7.889,284.773,-3.4847,22.2455,-0.00101999,-0.0281353,0.0136776,0.000595474,-0.000140382,0.00797547,3994.71,3,0.0768367,0,0,-0.00883924,0.00899145,0.00123491,-0.00124353,4016.09,-32.0309,-0.563787,-9.14463e-05,0.00880409,-65.5672,4013.98,-32.0141,-0.563491,-8.89601e-05,-0.00897245,-65.5695,4217.68,-33.6387,-0.592087,-0.00130468,-0.00143554,-65.5399,4214.31,-33.6119,-0.591614,-0.0013042,0.00128065,-65.542
7.899,284.995,-3.48091,22.2455,-0.00101855,0.0294261,0.013227,0.000594613,-0.000140298,0.007977,3994.71,3,0.0768143,0,0,-0.00884003,0.00899497,0.00123484,-0.00124345,4016.06,-32.0368,-0.563446,-0.000119326,0.00879631,-65.567,4013.94,-32.0198,-0.563148,-0.000115299,-0.00896574,-65.5694,4217.81,-33.6462,-0.591751,-0.00130182,-0.00143278,-65.5389,4214.44,-33.6193,-0.591278,-0.00130147,0.0012782,-65.5409
7.909,285.218,-3.47713,22.2454,-0.00101661,-0.0341823,0.0139426,0.000596387,-0.000140203,0.0079785,3994.7,3,0.076769,0,0,-0.00884214,0.0089965,0.00123409,-0.00124271,4016.06,-32.0428,-0.563064,-0.000102818,0.00880263,-65.567,4013.98,-32.0262,-0.562772,-0.000100787,-0.00897299,-65.5693,4217.97,-33.6538,-0.591371,-0.00124563,-0.00142425,-65.5391,4214.61,-33.627,-0.5909,-0.00124553,0.0012697,-65.5411
7.919,285.44,-3.47335,22.2454,-0.00101554,-0.0431564,0.0137991,0.000596123,-0.000140097,0.00797997,3994.69,3,0.0767402,0,0,-0.0088401,0.00899259,0.00123397,-0.00124259,4016.25,-32.0502,-0.562662,-9.73985e-05,0.0088099,-65.5668,4014.14,-32.0334,-0.562368,-9.68565e-05,-0.00897818,-65.5691,4217.97,-33.66,-0.590923,-0.00123063,-0.0014217,-65.5399,4214.62,-33.6332,-0.590453,-0.00123054,0.0012673,-65.542
7.929,285.663,-3.46956,22.2454,-0.00101614,0.109779,0.00911528,0.000591883,-0.000140002,0.00798143,3994.68,3,0.0767538,0,0,-0.00883511,0.00898674,0.00123405,-0.00124266,4016.14,-32.0552,-0.562269,-0.000106347,0.00879515,-65.5666,4014.08,-32.0388,-0.561981,-0.000103287,-0.00896283,-65.5689,4217.47,-33.6621,-0.590456,-0.00133066,-0.00144282,-65.5398,4214.13,-33.6355,-0.589988,-0.00132984,0.00128818,-65.5419
7.939,285.885,-3.46577,22.2453,-0.00101473,-0.0499619,0.0143439,0.000591897,-0.000139929,0.00798285,3994.66,3,0.0767012,0,0,-0.00882846,0.00898125,0.00123446,-0.00124306,4016.05,-32.0602,-0.561963,-0.000117694,0.00878583,-65.5663,4013.89,-32.043,-0.561661,-0.000116816,-0.00895223,-65.5687,4217.85,-33.6712,-0.590201,-0.00122777,-0.00142383,-65.5403,4214.51,-33.6445,-0.589733,-0.00122775,0.00127003,-65.5424
7.949,286.108,-3.46199,22.2453,-0.00101347,-0.0322637,0.0133266,0.000591437,-0.00013986,0.00798426,3994.65,3,0.0766793,0,0,-0.00882859,0.00898295,0.00123423,-0.00124283,4016.07,-32.0661,-0.56169,-0.00011233,0.00878709,-65.5662,4013.96,-32.0492,-0.561395,-0.000109109,-0.00895652,-65.5686,4217.88,-33.6774,-0.589915,-0.00124767,-0.00142494,-65.5387,4214.53,-33.6506,-0.589446,-0.00124764,0.00127103,-65.5407
7.959,286.33,-3.4582,22.2453,-0.00101157,0.0156695,0.0126381,0.000593916,-0.000139778,0.00798566,3994.65,3,0.0766663,0,0,-0.00882917,0.00898237,0.001234,-0.0012426,4016.12,-32.072,-0.561366,-0.000110895,0.00878722,-65.5661,4014.01,-32.0552,-0.561072,-0.000108954,-0.00895658,-65.5684,4217.71,-33.6819,-0.589544,-0.00126718,-0.00142989,-65.5389,4214.36,-33.6552,-0.589077,-0.00126705,0.00127608,-65.5409
7.969,286.552,-3.45441,22.2452,-0.00101008,-0.00992032,0.0138259,0.000594407,-0.000139689,0.00798704,3994.64,3,0.0766444,0,0,-0.00882911,0.00898005,0.00123457,-0.00124317,4016.21,-32.0783,-0.56102,-0.000106023,0.00879155,-65.566,4014.1,-32.0615,-0.560726,-0.000104834,-0.00895785,-65.5682,4217.67,-33.6875,-0.589163,-0.00127112,-0.00143151,-65.5409,4214.35,-33.6609,-0.588698,-0.0012708,0.00127778,-65.5429
7.979,286.775,-3.45061,22.2452,-0.00101007,-0.0302238,0.0144762,0.000591389,-0.000139612,0.00798839,3994.62,3,0.0766112,0,0,-0.00882212,0.00897359,0.0012341,-0.00124269,4016.21,-32.0837,-0.560712,-0.000113582,0.0087835,-65.5657,4014.05,-32.0665,-0.560411,-0.000114302,-0.0089481,-65.568,4217.83,-33.6944,-0.588861,-0.00125166,-0.00142493,-65.5393,4214.5,-33.6678,-0.588397,-0.00125143,0.00127176,-65.5413
7.989,286.997,-3.44682,22.2452,-0.00100922,0.0462352,0.0126763,0.000590477,-0.00013955,0.00798971,3994.61,3,0.0766055,0,0,-0.0088178,0.00897046,0.00123429,-0.00124287,4016.24,-32.0893,-0.560468,-0.000111652,0.00878103,-65.5655,4014.09,-32.0721,-0.560168,-0.000110094,-0.00894796,-65.5678,4217.61,-33.6982,-0.588569,-0.00127645,-0.00143306,-65.538,4214.28,-33.6716,-0.588104,-0.00127617,0.00127982,-65.5401
7.999,287.22,-3.44302,22.2451,-0.00100735,0.00878312,0.0138505,0.000592298,-0.000139486,0.00799103,3994.6,3,0.0765758,0,0,-0.00881766,0.00897108,0.00123399,-0.00124257,4016.17,-32.094,-0.560199,-0.00011093,0.00877713,-65.5654,4014.04,-32.0769,-0.559901,-0.000110567,-0.00894534,-65.5677,4217.71,-33.7045,-0.58831,-0.00126877,-0.00142823,-65.5385,4214.38,-33.6779,-0.587846,-0.00126851,0.00127518,-65.5405
