t,x,y,speed,vy,ax,ay,yawRate,roll,pitch,rpm,gear,throttle,brake,steer,delta0,delta1,delta2,delta3,fz0,fx0,fy0,slip0,alpha0,omega0,fz1,fx1,fy1,slip1,alpha1,omega1,fz2,fx2,fy2,slip2,alpha2,omega2,fz3,fx3,fy3,slip3,alpha3,omega3
0.009,110.564,0.930976,22.3468,-0.000660294,-0.41256,0.0140905,0.000390218,-9.57354e-05,0.00840268,4004.96,3,0,0.0254848,0,-0.00815336,0.00825706,0.00124011,-0.00124627,4025.23,-33.8235,-0.385357,-0.00229957,0.00812639,-65.7128,4022.96,-33.8045,-0.38514,-0.0022991,-0.0082389,-65.7142,4202.4,-35.3123,-0.402318,-0.00291359,-0.00141804,-65.7388,4201.59,-35.3054,-0.40224,-0.00291236,0.00131621,-65.7407
0.019,110.788,0.93347,22.3421,-0.000659877,-0.526492,0.0147055,0.000398034,-9.5964e-05,0.00843171,3998.91,3,0,0.0245766,0,-0.00813715,0.00824111,0.00124068,-0.00124682,4033.51,-34.0101,-0.387071,-0.00348785,0.00812468,-65.6265,4031.42,-33.9925,-0.386871,-0.00349078,-0.00823702,-65.6277,4190.98,-35.338,-0.402183,-0.00295702,-0.00140637,-65.7138,4190.33,-35.3325,-0.402121,-0.00295707,0.00130763,-65.7155
0.029,111.011,0.935965,22.3365,-0.000662318,-0.608166,0.015226,0.000408039,-9.04168e-05,0.00848465,3995.36,3,0,0.0234635,0,-0.00811257,0.0082107,0.00124277,-0.00124878,4044.29,-34.3152,-0.365672,-0.0040854,0.00810471,-65.576,4044.33,-34.3156,-0.365676,-0.00408973,-0.00821012,-65.5773,4174.74,-35.422,-0.377466,-0.002769,-0.0014002,-65.6997,4176.65,-35.4383,-0.37764,-0.00276963,0.00130632,-65.7015
0.039,111.235,0.938461,22.3305,-0.000669454,-0.566471,0.01313,0.000415407,-7.80011e-05,0.00855846,3993.12,3,0,0.0222661,0,-0.0080637,0.00815302,0.00124339,-0.00124914,4055.71,-34.7115,-0.31635,-0.00430741,0.00809844,-65.5439,4059.24,-34.7417,-0.316625,-0.00430809,-0.00819642,-65.546,4155.28,-35.5637,-0.324117,-0.00274579,-0.00140882,-65.6851,4161.65,-35.6182,-0.324614,-0.0027461,0.00131959,-65.6875
0.049,111.458,0.940959,22.3243,-0.000681258,-0.607862,0.0143874,0.000418947,-5.94391e-05,0.00864746,3991.61,3,0,0.021067,0,-0.00801443,0.00809327,0.00124601,-0.00125125,4065.07,-35.1534,-0.241624,-0.00445507,0.0080378,-65.5216,4072.36,-35.2164,-0.242057,-0.00445466,-0.00812431,-65.5246,4136.65,-35.7724,-0.245879,-0.00262212,-0.00140053,-65.6683,4148.45,-35.8744,-0.24658,-0.00262173,0.00131563,-65.6717
0.059,111.681,0.943458,22.3181,-0.000696668,-0.613729,0.0140347,0.000419358,-3.6472e-05,0.00874504,3990.51,3,0,0.0198838,0,-0.00794594,0.00800895,0.00125187,-0.00125639,4072.35,-35.6137,-0.148527,-0.00449484,0.00796931,-65.5046,4083.14,-35.7081,-0.14892,-0.00448849,-0.00804465,-65.5087,4120.08,-36.0311,-0.150267,-0.00251876,-0.00139362,-65.651,4137.35,-36.1822,-0.150897,-0.00251749,0.00131065,-65.6555
0.069,111.904,0.945957,22.312,-0.000717105,-0.598778,0.0139026,0.000411016,-1.12364e-05,0.00884488,3989.64,3,0,0.0187328,0,-0.0078707,0.0079131,0.00125323,-0.00125686,4077.65,-36.0673,-0.045818,-0.00443681,0.00792127,-65.4904,4091.03,-36.1857,-0.0459684,-0.00443061,-0.00797843,-65.4953,4106.92,-36.3262,-0.0461469,-0.00247489,-0.00139667,-65.6349,4128.99,-36.5214,-0.046395,-0.00247228,0.00131432,-65.6405
0.079,112.127,0.948456,22.3061,-0.00074138,-0.522438,0.0101334,0.000391863,1.41844e-05,0.00894169,3988.89,3,0,0.0176156,0,-0.00779009,0.00780778,0.0012574,-0.00125999,4080.45,-36.4871,0.0578786,-0.00435514,0.00784947,-65.4775,4095.41,-36.6209,0.0580909,-0.00434397,-0.00789215,-65.483,4097.97,-36.6437,0.0581272,-0.00247341,-0.00142108,-65.619,4123.73,-36.8741,0.0584926,-0.00247013,0.00133736,-65.6255
0.089,112.35,0.950955,22.3002,-0.000767169,-0.583458,0.0102028,0.000359959,3.81058e-05,0.0090315,3988.2,3,0,0.0165486,0,-0.00770696,0.00770046,0.00126077,-0.00126225,4081.15,-36.8599,0.155516,-0.00432839,0.00774937,-65.4652,4096.53,-36.9988,0.156102,-0.00431386,-0.00777471,-65.471,4094.15,-36.9773,0.156011,-0.00231492,-0.00141598,-65.605,4122.3,-37.2316,0.157084,-0.00231049,0.00133085,-65.6122
0.099,112.573,0.953453,22.2946,-0.000791005,-0.500778,0.01009,0.000319717,5.93901e-05,0.00911182,3987.53,3,0,0.0155009,0,-0.00762183,0.00759297,0.00126339,-0.00126373,4080.57,-37.1825,0.242346,-0.0042477,0.0076744,-65.4534,4095.53,-37.3188,0.243234,-0.0042364,-0.00768375,-65.4591,4093.77,-37.3027,0.243129,-0.00228343,-0.00142783,-65.5929,4123.08,-37.5698,0.24487,-0.00227834,0.00134199,-65.6004
0.109,112.796,0.955951,22.289,-0.000811307,-0.528095,0.00988076,0.00026949,7.75036e-05,0.00918152,3986.89,3,0,0.0144865,0,-0.0075457,0.00749634,0.00126864,-0.00126791,4078.75,-37.4501,0.316117,-0.00420138,0.00757689,-65.4419,4092.67,-37.578,0.317197,-0.0041886,-0.00757389,-65.4473,4096.9,-37.6168,0.317524,-0.00220902,-0.00143059,-65.5817,4126.37,-37.8874,0.319808,-0.00220379,0.00134447,-65.5893
0.119,113.019,0.958447,22.2836,-0.000825714,-0.552837,0.00887253,0.000212547,9.23586e-05,0.00924047,3986.25,3,0,0.0135031,0,-0.00747235,0.0074035,0.00127208,-0.00127035,4076.57,-37.6704,0.376506,-0.00413569,0.00748843,-65.4306,4089.15,-37.7867,0.377668,-0.00412523,-0.00747562,-65.4354,4102.42,-37.9093,0.378893,-0.00212375,-0.00143115,-65.5704,4131.32,-38.1765,0.381563,-0.00211856,0.00134602,-65.5777
0.129,113.242,0.960943,22.2784,-0.000831995,-0.531436,0.00980693,0.000151122,0.000104235,0.00928938,3985.62,3,0,0.0125365,0,-0.00740273,0.0073157,0.00127457,-0.00127196,4074.34,-37.8492,0.424689,-0.00408096,0.00742417,-65.4194,4085.45,-37.9523,0.425846,-0.0040722,-0.00739961,-65.4235,4109.36,-38.1745,0.428339,-0.00204225,-0.00142992,-65.5616,4137.29,-38.434,0.43125,-0.00203717,0.00134785,-65.5685
0.139,113.464,0.963438,22.2734,-0.000831447,-0.482085,0.00670177,8.22626e-05,0.00011361,0.00932946,3984.97,3,0,0.0115874,0,-0.00733369,0.00723289,0.00127664,-0.00127326,4072.3,-37.9935,0.462655,-0.00398733,0.0073442,-65.4085,4082.07,-38.0846,0.463765,-0.00397676,-0.00731569,-65.4119,4116.8,-38.4087,0.46771,-0.00203997,-0.00144618,-65.5517,4143.6,-38.6587,0.470755,-0.00203565,0.00136841,-65.5582
0.149,113.687,0.965933,22.2684,-0.000820103,-0.487994,0.007287,1.58102e-05,0.000121058,0.00936219,3984.34,3,0,0.0106616,0,-0.0072747,0.00716388,0.00127815,-0.00127412,4070.27,-38.1077,0.492739,-0.00394253,0.00726783,-65.3978,4078.88,-38.1883,0.493781,-0.00393359,-0.00723368,-65.4006,4124.41,-38.6147,0.499294,-0.00193258,-0.00144247,-65.5427,4150.13,-38.8555,0.502407,-0.00192867,0.00137107,-65.5487
0.159,113.91,0.968426,22.2636,-0.000799031,-0.494152,0.00593523,-4.79354e-05,0.000127145,0.00938911,3983.73,3,0,0.00975267,0,-0.00722063,0.00710112,0.00127809,-0.00127351,4068.4,-38.1998,0.517279,-0.00391656,0.0071835,-65.3873,4076.19,-38.2729,0.518268,-0.00390622,-0.00714827,-65.3895,4131.82,-38.7953,0.525342,-0.00184873,-0.00143065,-65.5346,4156.61,-39.028,0.528494,-0.00184558,0.00136634,-65.54
0.169,114.132,0.970919,22.2589,-0.00076885,-0.462882,0.00569954,-0.000108689,0.000132342,0.0094116,3983.12,3,0,0.0088575,0,-0.00716443,0.00703703,0.00127993,-0.0012749,4067.58,-38.2835,0.538311,-0.00383079,0.00714367,-65.3773,4074.73,-38.3508,0.539258,-0.00382432,-0.00710368,-65.3789,4138.15,-38.9478,0.547652,-0.00182737,-0.00144044,-65.5257,4162.27,-39.1748,0.550843,-0.0018249,0.00138489,-65.5307
0.179,114.355,0.973412,22.2544,-0.000731482,-0.393052,0.00334157,-0.000167587,0.000136977,0.00943089,3982.51,3,0,0.00797544,0,-0.00711391,0.00697876,0.00127971,-0.0012743,4066.86,-38.3553,0.557066,-0.0037508,0.0071021,-65.3674,4073.64,-38.4192,0.557994,-0.00374566,-0.00705855,-65.3686,4143.55,-39.0785,0.567571,-0.00183206,-0.00145019,-65.5181,4167.22,-39.3018,0.570813,-0.0018304,0.00140372,-65.5227
0.189,114.577,0.975904,22.2499,-0.000686623,-0.429582,0.00449146,-0.00022056,0.000141253,0.00944794,3981.93,3,0,0.00712325,0,-0.007067,0.00692704,0.00127945,-0.0012737,4066.19,-38.4183,0.574362,-0.00373205,0.00703213,-65.3578,4072.68,-38.4796,0.575278,-0.0037278,-0.00698432,-65.3587,4148.73,-39.1981,0.58602,-0.00170906,-0.0014346,-65.5104,4172.14,-39.4193,0.589327,-0.00170768,0.00139791,-65.5146
0.199,114.8,0.978395,22.2456,-0.000636154,-0.490769,0.00413423,-0.000270105,0.000145273,0.00946346,3981.36,3,0,0.00629266,0,-0.00701936,0.00687532,0.00127843,-0.00127238,4065.57,-38.4756,0.590617,-0.00371353,0.00695956,-65.3486,4071.94,-38.5358,0.591542,-0.00370601,-0.0069101,-65.3492,4153.25,-39.3053,0.603354,-0.00157313,-0.00141775,-65.5017,4176.53,-39.5256,0.606735,-0.0015721,0.00139056,-65.5057
0.209,115.022,0.980886,22.2414,-0.000579729,-0.434439,0.00371756,-0.000311625,0.000149069,0.00947795,3980.82,3,0,0.00546541,0,-0.00697617,0.00682784,0.00127939,-0.00127307,4065.67,-38.5354,0.606067,-0.00363715,0.00692555,-65.3397,4071.95,-38.5949,0.607004,-0.00362983,-0.00687305,-65.34,4156.31,-39.3945,0.619579,-0.00155668,-0.0014226,-65.4943,4179.54,-39.6147,0.623042,-0.00155601,0.00140514,-65.498
0.219,115.245,0.983376,22.2373,-0.000520946,-0.363114,0.00229527,-0.000353097,0.000152609,0.00949166,3980.28,3,0,0.00465573,0,-0.00693093,0.006778,0.00127804,-0.00127149,4065.76,-38.592,0.620472,-0.00356946,0.00689479,-65.3309,4071.95,-38.6508,0.621416,-0.0035638,-0.0068366,-65.331,4158.77,-39.4749,0.634666,-0.00154778,-0.00142754,-65.4882,4181.98,-39.6951,0.638207,-0.00154779,0.00141985,-65.4917
0.229,115.467,0.985865,22.2334,-0.000459232,-0.355467,0.00143256,-0.00038852,0.000155827,0.00950472,3979.76,3,0,0.00387349,0,-0.0068854,0.00672764,0.00127765,-0.00127089,4065.72,-38.6447,0.63355,-0.00351401,0.00685491,-65.3225,4071.8,-38.7025,0.634497,-0.00350877,-0.00679217,-65.3224,4161.15,-39.5518,0.64842,-0.00151089,-0.00142383,-65.4796,4184.31,-39.7719,0.652029,-0.00151113,0.00142539,-65.4829
0.239,115.689,0.988354,22.2295,-0.000397116,-0.408068,0.00136595,-0.000425708,0.000158657,0.00951714,3979.26,3,0,0.00312101,0,-0.00684104,0.0066804,0.00127737,-0.00127041,4065.43,-38.6924,0.645007,-0.00348356,0.00679991,-65.3143,4071.29,-38.7482,0.645938,-0.00347823,-0.00673095,-65.3141,4163.15,-39.6224,0.660511,-0.00139095,-0.0014057,-65.471,4186.22,-39.842,0.664172,-0.00139151,0.00141663,-65.4741
0.249,115.912,0.990842,22.2257,-0.000333173,-0.396931,-0.000307381,-0.000457604,0.000161054,0.0095289,3978.77,3,0,0.00237158,0,-0.0068064,0.00664389,0.00127523,-0.00126808,4065.06,-38.7368,0.654693,-0.00345925,0.00675095,-65.3064,4070.74,-38.7909,0.655608,-0.00345195,-0.00667953,-65.3059,4165.45,-39.6934,0.670861,-0.00134568,-0.00140102,-65.4646,4188.38,-39.9119,0.674554,-0.00134656,0.00142065,-65.4675
0.259,116.134,0.993329,22.2221,-0.000266711,-0.308797,0.000137488,-0.000481305,0.000163013,0.00953987,3978.29,3,0,0.00163803,0,-0.00676937,0.00660423,0.00127558,-0.00126828,4064.96,-38.7803,0.662642,-0.00337464,0.00673331,-65.2988,4070.38,-38.8321,0.663527,-0.00337232,-0.00665571,-65.298,4166.7,-39.751,0.679229,-0.00138939,-0.00141185,-65.4561,4189.44,-39.9679,0.682935,-0.00139128,0.00144047,-65.4588
0.269,116.356,0.995815,22.2186,-0.000201671,-0.30316,-0.00136647,-0.000507828,0.000164539,0.00954996,3977.83,3,0,0.000931063,0,-0.00673277,0.00656488,0.00127448,-0.00126707,4064.36,-38.8157,0.668745,-0.00333739,0.006693,-65.2912,4069.56,-38.8653,0.669601,-0.00333315,-0.0066105,-65.2902,4168.32,-39.8085,0.68585,-0.00131653,-0.00140255,-65.45,4190.82,-40.0234,0.689552,-0.00131854,0.00143922,-65.4526
0.279,116.578,0.9983,22.215,-0.000136949,-0.410453,0.00017276,-0.000530954,0.000165634,0.00955906,3977.38,3,0,0.000249722,0,-0.00669094,0.00651915,0.00127541,-0.00126789,4063.62,-38.8455,0.673073,-0.00331133,0.00664155,-65.2837,4068.5,-38.8923,0.673882,-0.00330705,-0.00655153,-65.2826,4170.01,-39.8625,0.690694,-0.00118847,-0.00138539,-65.4435,4192.24,-40.0751,0.694376,-0.00119014,0.00143015,-65.4459
0.289,116.8,1.00078,22.2117,-7.39408e-05,-0.362943,-0.00200284,-0.000553698,0.000166324,0.00956714,3976.94,3,0.00086079,0,0,-0.00665423,0.00648306,0.00127419,-0.00126658,4063.06,-38.873,0.675785,-0.003249,0.00662928,-65.2765,4067.7,-38.9174,0.676557,-0.00324615,-0.00653716,-65.2752,4171.25,-39.9082,0.69378,-0.00123758,-0.00138957,-65.4348,4193.19,-40.1181,0.697429,-0.00123972,0.00144218,-65.4371
0.299,117.022,1.00327,22.2084,-1.13214e-05,-0.376402,-0.00315649,-0.000574369,0.000166536,0.00957433,3976.51,3,0.00218971,0,0,-0.00662651,0.00645617,0.00127327,-0.0012656,4062.04,-38.8925,0.676476,-0.00323005,0.00658737,-65.2696,4066.39,-38.9341,0.6772,-0.00322536,-0.00649198,-65.2682,4172.62,-39.9512,0.694891,-0.00121869,-0.00138006,-65.4255,4194.2,-40.1579,0.698486,-0.00122095,0.00143988,-65.4276
0.309,117.245,1.00575,22.2052,5.22646e-05,-0.325322,-0.00307908,-0.000586195,0.000166155,0.0095808,3976.12,3,0.00350244,0,0,-0.00660346,0.00643181,0.00127183,-0.00126412,4061.37,-38.9124,0.674818,-0.0031772,0.00655742,-65.2632,4065.39,-38.9509,0.675485,-0.00317364,-0.00645891,-65.2616,4173.66,-39.9882,0.693475,-0.0011842,-0.00137354,-65.4153,4194.79,-40.1907,0.696987,-0.00118603,0.0014402,-65.4173
0.319,117.467,1.00823,22.2019,0.000113227,-0.324644,-0.00321535,-0.000600246,0.000165097,0.00958665,3975.74,3,0.00481637,0,0,-0.00657412,0.00640157,0.00127173,-0.00126402,4060.81,-38.9308,0.670429,-0.00311381,0.00653565,-65.257,4064.39,-38.9651,0.671019,-0.00311086,-0.00643161,-65.2553,4174.33,-40.0191,0.68917,-0.00123123,-0.00137648,-65.4069,4194.91,-40.2163,0.692567,-0.00123318,0.0014497,-65.4088
0.329,117.689,1.01071,22.1988,0.000171808,-0.337956,-0.00352113,-0.000614455,0.000163295,0.00959195,3975.37,3,0.0060901,0,0,-0.0065482,0.00637674,0.00127052,-0.00126283,4060.08,-38.9453,0.66299,-0.00307763,0.00650312,-65.251,4063.14,-38.9746,0.663489,-0.00307741,-0.00639518,-65.2492,4175.24,-40.05,0.681796,-0.00119958,-0.00136342,-65.3979,4195.15,-40.2409,0.685046,-0.00120117,0.00144293,-65.3995
0.339,117.911,1.01319,22.1957,0.000229178,-0.313788,-0.00470838,-0.000626546,0.00016075,0.0095967,3975.01,3,0.00736595,0,0,-0.00651944,0.00635033,0.00127009,-0.00126246,4059.64,-38.9603,0.652587,-0.00301087,0.00648489,-65.2452,4062.16,-38.9845,0.652992,-0.00300884,-0.00637579,-65.2432,4175.9,-40.0761,0.671276,-0.0012535,-0.00136906,-65.389,4195.05,-40.2598,0.674354,-0.00125559,0.00145432,-65.3905
0.349,118.132,1.01566,22.1927,0.000286056,-0.289117,-0.00503338,-0.000633145,0.000157523,0.00960091,3974.67,3,0.00861824,0,0,-0.00650049,0.00633445,0.0012691,-0.00126156,4058.92,-38.9705,0.639373,-0.00296318,0.00645659,-65.2395,4060.95,-38.99,0.639692,-0.0029618,-0.00634714,-65.2373,4176.53,-40.0997,0.657898,-0.00123973,-0.00136464,-65.3822,4194.86,-40.2757,0.660786,-0.00124158,0.00145531,-65.3835
0.359,118.354,1.01814,22.1897,0.000341411,-0.322141,-0.0049749,-0.000637544,0.000153701,0.00960451,3974.33,3,0.00983411,0,0,-0.00648205,0.00631852,0.00126888,-0.00126147,4058.28,-38.979,0.623761,-0.00292326,0.00643913,-65.2341,4059.83,-38.9939,0.624,-0.00292096,-0.00632866,-65.2316,4177.42,-40.1233,0.642073,-0.00117291,-0.0013512,-65.3714,4194.93,-40.2915,0.644765,-0.00117395,0.00144671,-65.3726
0.369,118.576,1.02061,22.1868,0.000393248,-0.261727,-0.00663142,-0.000642419,0.000149378,0.00960744,3974,3,0.011065,0,0,-0.0064616,0.00630051,0.00126822,-0.00126097,4057.7,-38.9853,0.606131,-0.00285812,0.0064253,-65.2286,4058.76,-38.9955,0.60629,-0.00285672,-0.00631183,-65.226,4177.74,-40.1387,0.624063,-0.00124925,-0.00135988,-65.3636,4194.43,-40.299,0.626556,-0.00125093,0.00146029,-65.3645
0.379,118.798,1.02309,22.1839,0.000443677,-0.288252,-0.00595287,-0.000643581,0.000144642,0.0096097,3973.67,3,0.0122593,0,0,-0.00644373,0.00628712,0.00126724,-0.00126018,4056.95,-38.9872,0.586805,-0.00281509,0.006406,-65.2232,4057.56,-38.9931,0.586894,-0.00281473,-0.00629173,-65.2206,4178.53,-40.1556,0.604391,-0.00123031,-0.00135301,-65.3543,4194.43,-40.3084,0.606691,-0.00123169,0.00145802,-65.3551
0.389,119.02,1.02556,22.1811,0.000491549,-0.229414,-0.00663439,-0.000642983,0.000139589,0.0096112,3973.35,3,0.013458,0,0,-0.00641882,0.00626781,0.00126737,-0.00126053,4056.46,-38.9886,0.566235,-0.00274827,0.00639731,-65.218,4056.68,-38.9907,0.566266,-0.0027488,-0.00628272,-65.2152,4178.77,-40.1642,0.583309,-0.00128838,-0.00136155,-65.3466,4193.91,-40.3097,0.585422,-0.00129016,0.00147088,-65.3472
0.399,119.242,1.02803,22.1784,0.000538169,-0.259816,-0.00609579,-0.000637138,0.000134307,0.00961197,3973.04,3,0.0146012,0,0,-0.00641085,0.00626506,0.00126569,-0.00125908,4055.5,-38.9826,0.544683,-0.00271495,0.00637594,-65.2129,4055.4,-38.9816,0.54467,-0.00271534,-0.00626288,-65.21,4179.72,-40.1766,0.561367,-0.00122201,-0.00134764,-65.3388,4194.14,-40.3152,0.563304,-0.00122317,0.00146044,-65.3393
0.409,119.463,1.0305,22.1757,0.000581378,-0.193509,-0.00685324,-0.000629893,0.000128876,0.00961197,3972.73,3,0.0157657,0,0,-0.00639966,0.00625851,0.00126578,-0.00125943,4054.75,-38.9753,0.522561,-0.00266058,0.00636598,-65.2078,4054.36,-38.9715,0.522511,-0.0026605,-0.00625222,-65.2049,4180.07,-40.1799,0.538712,-0.00126818,-0.00135498,-65.3308,4193.83,-40.3122,0.540485,-0.00126974,0.00147105,-65.3312
0.419,119.685,1.03296,22.173,0.000621111,-0.243524,-0.00732118,-0.000621975,0.00012334,0.0096112,3972.43,3,0.0168846,0,0,-0.00638881,0.006252,0.00126472,-0.00125863,4053.96,-38.9646,0.500013,-0.00261946,0.00635648,-65.2028,4053.33,-38.9585,0.499935,-0.00261918,-0.00624313,-65.1999,4181.03,-40.1859,0.515686,-0.00124485,-0.00134069,-65.3235,4194.17,-40.3123,0.517308,-0.00124616,0.00145932,-65.3238
0.429,119.907,1.03543,22.1703,0.000657888,-0.318295,-0.00623746,-0.000611993,0.000117723,0.00960964,3972.14,3,0.0179868,0,0,-0.0063708,0.00623883,0.00126557,-0.00125976,4053.12,-38.9502,0.477145,-0.00257363,0.00634068,-65.1979,4052.24,-38.9418,0.477041,-0.00257213,-0.00622727,-65.195,4181.66,-40.1855,0.492277,-0.00119959,-0.00133931,-65.3145,4194.21,-40.3062,0.493755,-0.00120069,0.00146021,-65.3147
0.439,120.129,1.0379,22.1678,0.000691807,-0.214176,-0.00688166,-0.000598415,0.000112059,0.00960737,3971.85,3,0.0190963,0,0,-0.00636766,0.0062432,0.0012636,-0.00125809,4052.33,-38.9335,0.454099,-0.00252902,0.00633333,-65.1931,4051.23,-38.9229,0.453976,-0.00252946,-0.00622232,-65.1902,4182.16,-40.1808,0.468647,-0.00126247,-0.00134398,-65.3083,4194.16,-40.2961,0.469992,-0.00126394,0.00146709,-65.3084
0.449,120.35,1.04036,22.1653,0.00072262,-0.265497,-0.007013,-0.000582829,0.000106373,0.00960438,3971.57,3,0.0201692,0,0,-0.00636395,0.00624523,0.00126267,-0.00125742,4051.44,-38.9127,0.430963,-0.00249202,0.0063256,-65.1885,4050.18,-38.9007,0.430829,-0.00249202,-0.00621728,-65.1855,4183.05,-40.1769,0.444963,-0.00121621,-0.00133514,-65.3011,4194.52,-40.287,0.446183,-0.00121729,0.00145912,-65.3012
0.459,120.572,1.04282,22.1628,0.000749604,-0.273113,-0.00714281,-0.000568473,0.000100695,0.00960071,3971.29,3,0.0212336,0,0,-0.00635947,0.00624606,0.00126247,-0.00125753,4050.71,-38.8909,0.407887,-0.00244837,0.0063257,-65.1839,4049.28,-38.8772,0.407743,-0.00244812,-0.00621737,-65.181,4183.74,-40.1681,0.421282,-0.00118797,-0.00133257,-65.2937,4194.7,-40.2734,0.422386,-0.00118877,0.00145744,-65.2938
0.469,120.793,1.04528,22.1603,0.000773331,-0.254337,-0.00683292,-0.000551108,9.5023e-05,0.00959638,3971.02,3,0.0222997,0,0,-0.00635424,0.00624566,0.00126253,-0.00125789,4049.98,-38.8664,0.384841,-0.00239806,0.00632592,-65.1794,4048.38,-38.851,0.384689,-0.0023983,-0.0062178,-65.1765,4184.24,-40.1548,0.397599,-0.00123936,-0.00134024,-65.2863,4194.71,-40.2552,0.398594,-0.00124052,0.0014657,-65.2863
0.479,121.015,1.04774,22.158,0.000792948,-0.289048,-0.00625629,-0.000535186,8.93604e-05,0.00959143,3970.76,3,0.0233223,0,0,-0.00635,0.00624781,0.00126182,-0.00125748,4049.04,-38.8372,0.361823,-0.00237009,0.00630846,-65.1749,4047.26,-38.8201,0.361664,-0.00237016,-0.00620085,-65.1721,4185.12,-40.1425,0.373984,-0.00118174,-0.0013279,-65.2788,4195.11,-40.2383,0.374876,-0.00118249,0.00145347,-65.2788
0.489,121.237,1.0502,22.1557,0.000809712,-0.212262,-0.00710659,-0.000516786,8.37237e-05,0.00958588,3970.5,3,0.0243702,0,0,-0.00634726,0.00625205,0.00126142,-0.00125737,4048.54,-38.81,0.338959,-0.00231108,0.006325,-65.1706,4046.62,-38.7916,0.338798,-0.00231199,-0.00622056,-65.1678,4185.42,-40.1222,0.350419,-0.00125694,-0.00134343,-65.2727,4194.95,-40.2135,0.351217,-0.00125821,0.00146878,-65.2726
0.499,121.458,1.05266,22.1534,0.000824063,-0.212222,-0.00715249,-0.000495389,7.81375e-05,0.00957979,3970.24,3,0.0253742,0,0,-0.00635053,0.0062611,0.00126089,-0.00125714,4047.73,-38.7776,0.31628,-0.00227484,0.00632151,-65.1665,4045.71,-38.7582,0.316121,-0.00227476,-0.00622071,-65.1637,4186.11,-40.1033,0.327092,-0.00124328,-0.00133691,-65.2665,4195.2,-40.1903,0.327802,-0.00124448,0.00146132,-65.2665
0.509,121.68,1.05512,22.1511,0.000834332,-0.231151,-0.00726274,-0.000475204,7.26204e-05,0.00957317,3970,3,0.0263677,0,0,-0.00635334,0.00626867,0.0012602,-0.00125675,4047.08,-38.7446,0.293901,-0.00223294,0.00632713,-65.1624,4044.94,-38.7241,0.293745,-0.00223314,-0.00622764,-65.1597,4186.78,-40.082,0.304046,-0.00122453,-0.00133628,-65.2605,4195.45,-40.165,0.304675,-0.00122543,0.00145951,-65.2605
0.519,121.901,1.05757,22.1489,0.000840384,-0.198357,-0.00866873,-0.000457791,6.7169e-05,0.00956605,3969.76,3,0.0273518,0,0,-0.00635495,0.00627549,0.00125953,-0.00125637,4046.46,-38.7098,0.271796,-0.00218644,0.00632899,-65.1583,4044.2,-38.6882,0.271645,-0.0021854,-0.00623143,-65.1557,4187.33,-40.0574,0.281258,-0.00124534,-0.00133919,-65.2529,4195.58,-40.1364,0.281813,-0.00124639,0.00146089,-65.2528
0.529,122.123,1.06003,22.1468,0.000845136,-0.193119,-0.00693827,-0.000434952,6.17868e-05,0.00955845,3969.52,3,0.028322,0,0,-0.00635729,0.00628391,0.00125909,-0.00125623,4045.73,-38.672,0.249973,-0.0021589,0.0063304,-65.1543,4043.35,-38.6493,0.249826,-0.00216059,-0.00623453,-65.1518,4187.85,-40.0305,0.258754,-0.00126544,-0.00134012,-65.2467,4195.71,-40.1057,0.25924,-0.00126657,0.00146041,-65.2467
0.539,122.344,1.06248,22.1447,0.000846742,-0.157276,-0.00682944,-0.000413322,5.64947e-05,0.0095504,3969.29,3,0.0292889,0,0,-0.006359,0.00629239,0.00125906,-0.00125648,4045.14,-38.6339,0.228529,-0.00210943,0.0063378,-65.1505,4042.67,-38.6103,0.22839,-0.00211042,-0.00624533,-65.148,4188.33,-40.0015,0.236619,-0.00129126,-0.00134676,-65.2403,4195.82,-40.073,0.237042,-0.00129262,0.00146515,-65.2402
0.549,122.566,1.06493,22.1426,0.000845834,-0.204022,-0.00666946,-0.000390873,5.13142e-05,0.00954193,3969.06,3,0.0302137,0,0,-0.00636769,0.00630645,0.00125875,-0.00125645,4044.42,-38.5927,0.207536,-0.0020723,0.00634164,-65.1468,4041.9,-38.5687,0.207407,-0.00207358,-0.00625325,-65.1444,4189.11,-39.9734,0.214961,-0.00124055,-0.00133882,-65.2341,4196.25,-40.0415,0.215327,-0.00124145,0.00145468,-65.234
0.559,122.787,1.06738,22.1406,0.000842127,-0.186568,-0.0068676,-0.00036855,4.62526e-05,0.00953305,3968.85,3,0.0311457,0,0,-0.00637558,0.00631827,0.00125817,-0.00125616,4043.81,-38.551,0.187037,-0.00203254,0.0063542,-65.1431,4041.24,-38.5265,0.186918,-0.00203277,-0.00626776,-65.1408,4189.61,-39.941,0.19378,-0.0012642,-0.00134323,-65.2285,4196.42,-40.0059,0.194095,-0.00126528,0.00145638,-65.2285
0.569,123.008,1.06983,22.1386,0.000835277,-0.17781,-0.00649052,-0.000347654,4.1302e-05,0.00952379,3968.63,3,0.0320611,0,0,-0.00638161,0.00632963,0.00125729,-0.00125555,4043.17,-38.5075,0.166991,-0.0019963,0.00635744,-65.1395,4040.53,-38.4823,0.166882,-0.0019974,-0.00627301,-65.1373,4190.21,-39.9079,0.173064,-0.00125975,-0.00134233,-65.2232,4196.7,-39.9697,0.173332,-0.00126064,0.00145287,-65.2233
0.579,123.23,1.07228,22.1366,0.000826339,-0.165287,-0.00620813,-0.000326663,3.64596e-05,0.00951416,3968.42,3,0.0329678,0,0,-0.00638769,0.00634124,0.00125716,-0.00125569,4042.59,-38.463,0.147391,-0.00195979,0.00636648,-65.1359,4039.9,-38.4374,0.147293,-0.00196084,-0.00628537,-65.1338,4190.66,-39.8718,0.15279,-0.00126307,-0.00134376,-65.2171,4196.84,-39.9306,0.153015,-0.00126399,0.00145142,-65.2172
0.589,123.451,1.07473,22.1347,0.000815563,-0.175453,-0.00556887,-0.000305008,3.17394e-05,0.00950419,3968.22,3,0.0338553,0,0,-0.0063961,0.00635584,0.0012569,-0.00125569,4042.01,-38.4172,0.128291,-0.00191893,0.00637589,-65.1326,4039.26,-38.3911,0.128204,-0.00192015,-0.00629856,-65.1305,4191.24,-39.8355,0.133027,-0.00125047,-0.00134463,-65.2112,4197.13,-39.8915,0.133214,-0.00125129,0.00144921,-65.2113
0.599,123.672,1.07718,22.1328,0.000803004,-0.227283,-0.0053978,-0.000283051,2.71488e-05,0.00949389,3968.02,3,0.0347199,0,0,-0.00640917,0.00637352,0.00125656,-0.00125561,4041.4,-38.3697,0.109719,-0.00189014,0.00638719,-65.1293,4038.65,-38.3436,0.109644,-0.00188988,-0.00631433,-65.1273,4191.96,-39.7992,0.113806,-0.00122826,-0.0013395,-65.2063,4197.57,-39.8525,0.113959,-0.00122899,0.00144039,-65.2064
0.609,123.894,1.07962,22.131,0.000788674,-0.218645,-0.00438114,-0.000259921,2.2687e-05,0.00948328,3967.82,3,0.0355832,0,0,-0.00641988,0.00638762,0.0012557,-0.00125501,4040.8,-38.3212,0.0916735,-0.00185294,0.00639749,-65.126,4038,-38.2947,0.0916102,-0.00185414,-0.00632602,-65.1241,4192.5,-39.7598,0.0951152,-0.0012184,-0.00134064,-65.201,4197.85,-39.8106,0.0952366,-0.00121901,0.00143814,-65.2011
0.619,124.115,1.08207,22.1292,0.00077163,-0.210172,-0.00378896,-0.000241259,1.83411e-05,0.00947237,3967.63,3,0.0364348,0,0,-0.0064298,0.00640234,0.00125513,-0.00125468,4040.14,-38.2708,0.0741004,-0.00182191,0.00640204,-65.1228,4037.29,-38.2439,0.0740482,-0.00182299,-0.00633251,-65.121,4193.02,-39.719,0.0769044,-0.00122558,-0.00134536,-65.1968,4198.12,-39.7673,0.0769979,-0.00122614,0.00143943,-65.197
0.629,124.336,1.08451,22.1275,0.000753316,-0.0920412,-0.00522179,-0.000220592,1.41058e-05,0.00946117,3967.44,3,0.0373007,0,0,-0.00643803,0.00641585,0.00125523,-0.00125502,4039.77,-38.2221,0.0569844,-0.00177306,0.00642056,-65.1196,4036.92,-38.1951,0.0569441,-0.00177435,-0.0063564,-65.118,4193.12,-39.673,0.0591474,-0.00129695,-0.00136232,-65.1907,4197.97,-39.7189,0.0592159,-0.00129788,0.00145275,-65.1909
0.639,124.558,1.08696,22.1257,0.000734618,-0.176851,-0.00367288,-0.000197811,9.99473e-06,0.00944973,3967.26,3,0.038104,0,0,-0.00645384,0.00643653,0.00125457,-0.00125459,4039.08,-38.1694,0.0403695,-0.00174489,0.00642847,-65.1167,4036.23,-38.1424,0.040341,-0.00174605,-0.00636961,-65.1151,4193.96,-39.633,0.0419175,-0.00122773,-0.00134621,-65.1853,4198.58,-39.6766,0.0419636,-0.00122822,0.00143263,-65.1856
0.649,124.779,1.0894,22.124,0.000713546,-0.21219,-0.00442874,-0.000179699,6.01441e-06,0.00943806,3967.09,3,0.0389113,0,0,-0.00646856,0.0064552,0.00125414,-0.00125439,4038.55,-38.1172,0.0242895,-0.00171664,0.00644435,-65.1138,4035.71,-38.0904,0.0242724,-0.00171626,-0.00638971,-65.1123,4194.67,-39.5907,0.0252285,-0.00120776,-0.0013424,-65.1793,4199.07,-39.6323,0.0252549,-0.00120823,0.00142457,-65.1796
0.659,125,1.09184,22.1225,0.000690765,0.0349232,-0.00800562,-0.000161813,2.155e-06,0.00942615,3966.92,3,0.0397721,0,0,-0.00648204,0.00647209,0.00125381,-0.00125429,4038,-38.0639,0.00870189,-0.0016697,0.00646029,-65.1109,4035.17,-38.0373,0.0086958,-0.00166997,-0.00640823,-65.1095,4194.26,-39.5369,0.00903863,-0.00135535,-0.00137438,-65.1764,4198.46,-39.5764,0.00904767,-0.00135639,0.00145264,-65.1768
0.669,125.221,1.09428,22.1208,0.000667778,-0.108583,-0.00481087,-0.00014297,-1.60148e-06,0.00941402,3966.75,3,0.0405387,0,0,-0.00649431,0.00648843,0.00125315,-0.00125384,4037.58,-38.011,-0.00646611,-0.00164464,0.00647374,-65.1081,4034.71,-37.984,-0.00646151,-0.00164607,-0.00642404,-65.1068,4195.19,-39.4947,-0.00671851,-0.00126408,-0.00136001,-65.1707,4199.17,-39.5323,-0.0067249,-0.00126468,0.00143446,-65.1711
0.679,125.442,1.09672,22.1192,0.00064416,-0.161726,-0.00318242,-0.000123464,-5.25654e-06,0.0094017,3966.58,3,0.041309,0,0,-0.00650553,0.00650478,0.00125332,-0.00125421,4037.04,-37.9561,-0.0212208,-0.00160183,0.00648955,-65.1054,4034.14,-37.9289,-0.0212056,-0.0016036,-0.00644418,-65.1042,4195.77,-39.4485,-0.0220552,-0.00126232,-0.00135793,-65.1662,4199.56,-39.4841,-0.0220751,-0.00126292,0.00142845,-65.1666
0.689,125.664,1.09916,22.1177,0.000620229,-0.0555037,-0.00315028,-0.00010411,-8.79719e-06,0.0093892,3966.43,3,0.0421039,0,0,-0.00652366,0.00652771,0.00125285,-0.00125394,4036.55,-37.9011,-0.0355103,-0.00158345,0.0065003,-65.1028,4033.63,-37.8737,-0.0354846,-0.00158401,-0.00645888,-65.1016,4195.96,-39.3978,-0.0369126,-0.00131442,-0.00136872,-65.1613,4199.55,-39.4316,-0.0369443,-0.00131529,0.00143522,-65.1617
0.699,125.885,1.1016,22.1161,0.000595173,-0.189096,-0.00219317,-8.55461e-05,-1.22232e-05,0.00937654,3966.28,3,0.042836,0,0,-0.00654271,0.00654925,0.0012526,-0.0012539,4035.99,-37.8448,-0.0493328,-0.00155112,0.00651586,-65.1002,4033.12,-37.8178,-0.0492977,-0.00155137,-0.00647814,-65.0991,4196.82,-39.3528,-0.0512986,-0.00124273,-0.00135608,-65.1575,4200.24,-39.3848,-0.0513404,-0.0012433,0.00141809,-65.158
0.709,126.106,1.10404,22.1146,0.000569344,-0.150487,-0.00227626,-6.74779e-05,-1.55452e-05,0.00936372,3966.13,3,0.0435922,0,0,-0.00655784,0.00656654,0.00125243,-0.00125392,4035.53,-37.7887,-0.0627332,-0.00151806,0.00653307,-65.0977,4032.66,-37.7618,-0.0626886,-0.0015185,-0.00649844,-65.0967,4197.13,-39.3019,-0.0652453,-0.00127698,-0.00136209,-65.1532,4200.38,-39.3323,-0.0652958,-0.00127757,0.00141998,-65.1537
0.719,126.327,1.10648,22.1131,0.000542172,-0.282341,-0.00012207,-5.33904e-05,-1.87816e-05,0.00935074,3965.98,3,0.0443039,0,0,-0.0065663,0.0065782,0.00125326,-0.00125493,4034.93,-37.7306,-0.0757825,-0.00149313,0.00653385,-65.0952,4032.01,-37.7034,-0.0757277,-0.00149287,-0.00650102,-65.0943,4197.88,-39.2544,-0.078843,-0.00120255,-0.00135167,-65.1487,4200.95,-39.2831,-0.0789007,-0.00120295,0.00140561,-65.1493
0.729,126.548,1.10891,22.1118,0.000515618,-0.178965,-0.00145012,-3.57581e-05,-2.19305e-05,0.00933764,3965.84,3,0.045037,0,0,-0.00658846,0.00660593,0.00125112,-0.00125297,4034.49,-37.6738,-0.0884786,-0.00146118,0.00655599,-65.0928,4031.6,-37.6468,-0.0884153,-0.00146117,-0.0065305,-65.092,4198.28,-39.2031,-0.0920705,-0.00120864,-0.00135513,-65.1448,4201.18,-39.2302,-0.0921341,-0.00120896,0.00140482,-65.1454
0.739,126.769,1.11135,22.1104,0.000489055,-0.0813303,-0.00154127,-1.91699e-05,-2.49834e-05,0.00932443,3965.7,3,0.0457833,0,0,-0.00660699,0.00662863,0.0012505,-0.00125252,4034.13,-37.6171,-0.100786,-0.00142877,0.0065797,-65.0906,4031.24,-37.5901,-0.100714,-0.00142973,-0.00655756,-65.0899,4198.32,-39.1481,-0.104888,-0.00128644,-0.00137122,-65.1402,4201.06,-39.1736,-0.104957,-0.00128703,0.001417,-65.1409
0.749,126.99,1.11379,22.109,0.00046208,-0.128973,-0.00121128,-2.9875e-06,-2.79381e-05,0.00931111,3965.57,3,0.0464812,0,0,-0.00662665,0.0066502,0.00125039,-0.00125259,4033.66,-37.559,-0.112693,-0.0013992,0.00659875,-65.0884,4030.81,-37.5324,-0.112613,-0.00140008,-0.00657954,-65.0877,4198.91,-39.0976,-0.11731,-0.00125724,-0.00136783,-65.1369,4201.5,-39.1217,-0.117382,-0.00125773,0.00140932,-65.1376
0.759,127.212,1.11622,22.1077,0.000434614,-0.121662,-0.00109361,1.26416e-05,-3.08098e-05,0.00929768,3965.44,3,0.0471803,0,0,-0.00664318,0.00666906,0.00125084,-0.0012532,4033.24,-37.5009,-0.124263,-0.00136878,0.00661577,-65.0862,4030.38,-37.4743,-0.124175,-0.00136936,-0.00659976,-65.0856,4199.11,-39.0431,-0.129374,-0.00125602,-0.00137028,-65.1334,4201.55,-39.0658,-0.129449,-0.00125637,0.00140767,-65.1341
0.769,127.433,1.11866,22.1064,0.000406815,-0.155172,-0.000267715,2.55842e-05,-3.36127e-05,0.00928416,3965.31,3,0.047859,0,0,-0.00665692,0.00668614,0.00125058,-0.0012531,4032.79,-37.4422,-0.135553,-0.00134424,0.00662901,-65.0841,4029.93,-37.4156,-0.135457,-0.00134486,-0.00661624,-65.0835,4199.79,-38.9927,-0.141166,-0.00123401,-0.00136725,-65.1293,4202.08,-39.0139,-0.141243,-0.00123436,0.00140076,-65.1301
0.779,127.654,1.1211,22.1052,0.000379412,-0.157604,-0.000350532,3.94309e-05,-3.63423e-05,0.00927056,3965.19,3,0.0485295,0,0,-0.00667747,0.00671116,0.00124972,-0.00125239,4032.31,-37.3828,-0.146543,-0.00132012,0.00664745,-65.0821,4029.46,-37.3564,-0.14644,-0.00131894,-0.00664031,-65.0816,4200.32,-38.9404,-0.152649,-0.00121546,-0.00136503,-65.125,4202.45,-38.9602,-0.152727,-0.00121576,0.00139445,-65.1258
0.789,127.875,1.12353,22.1039,0.000352863,-0.101176,-0.000108858,5.50348e-05,-3.89899e-05,0.00925689,3965.07,3,0.0492098,0,0,-0.00669868,0.0067358,0.00124966,-0.00125248,4031.91,-37.324,-0.157204,-0.00128675,0.00666795,-65.0801,4029.06,-37.2977,-0.157093,-0.0012875,-0.00666442,-65.0797,4200.5,-38.8847,-0.163777,-0.00127296,-0.00137442,-65.1206,4202.49,-38.9031,-0.163855,-0.00127337,0.0014,-65.1214
0.799,128.096,1.12597,22.1028,0.000326014,-0.0485338,-0.000515095,6.92938e-05,-4.15577e-05,0.00924317,3964.96,3,0.0498705,0,0,-0.00671897,0.00675745,0.00124889,-0.00125186,4031.46,-37.2645,-0.167538,-0.00125971,0.00668704,-65.0782,4028.64,-37.2384,-0.167421,-0.0012592,-0.00668595,-65.0779,4200.81,-38.8299,-0.174576,-0.00128322,-0.00137885,-65.1175,4202.68,-38.8471,-0.174654,-0.00128369,0.0014004,-65.1183
0.809,128.317,1.1284,22.1016,0.000297966,-0.066658,-0.00171636,8.0797e-05,-4.40631e-05,0.00922938,3964.85,3,0.0505206,0,0,-0.00673639,0.0067768,0.00124876,-0.00125189,4031.17,-37.2062,-0.177626,-0.0012257,0.00670691,-65.0764,4028.37,-37.1804,-0.177502,-0.00122381,-0.00671042,-65.0761,4201.16,-38.7752,-0.185116,-0.00127973,-0.00138226,-65.1149,4202.88,-38.7911,-0.185192,-0.00128009,0.00139973,-65.1158
0.819,128.538,1.13084,22.1004,0.000271229,-0.154799,0.00124271,9.3307e-05,-4.65163e-05,0.00921553,3964.74,3,0.0511475,0,0,-0.00674999,0.00679376,0.00124917,-0.00125243,4030.72,-37.1463,-0.187494,-0.00121502,0.00671528,-65.0745,4027.89,-37.1202,-0.187362,-0.00121542,-0.00672017,-65.0743,4201.76,-38.7226,-0.19545,-0.0012551,-0.00137567,-65.1118,4203.36,-38.7373,-0.195524,-0.0012554,0.0013898,-65.1127
0.829,128.759,1.13327,22.0993,0.000245377,-0.105561,0.00139875,0.000107957,-4.89142e-05,0.00920167,3964.63,3,0.0517698,0,0,-0.00677359,0.00682125,0.00124802,-0.00125141,4030.29,-37.0864,-0.197138,-0.00117884,0.00673979,-65.0728,4027.45,-37.0604,-0.197,-0.00117908,-0.00675037,-65.0727,4202.15,-38.6679,-0.205545,-0.0012661,-0.00137646,-65.1071,4203.61,-38.6813,-0.205616,-0.0012664,0.00138681,-65.1081
0.839,128.98,1.1357,22.0982,0.000219727,-0.100504,0.00161545,0.000120902,-5.12452e-05,0.00918777,3964.53,3,0.0523913,0,0,-0.00679597,0.00684603,0.00124754,-0.00125107,4029.95,-37.0273,-0.206515,-0.00115427,0.00676228,-65.0712,4027.15,-37.0015,-0.206372,-0.00115348,-0.00677671,-65.0711,4202.54,-38.613,-0.21536,-0.00122598,-0.0013766,-65.1051,4203.87,-38.6252,-0.215428,-0.00122625,0.00138316,-65.106
0.849,129.201,1.13814,22.0971,0.000193487,-0.0897345,0.00118691,0.000132402,-5.35131e-05,0.00917384,3964.44,3,0.0530166,0,0,-0.00681725,0.00686866,0.00124773,-0.00125139,4029.59,-36.9679,-0.215636,-0.00112552,0.00678383,-65.0696,4026.79,-36.9422,-0.215486,-0.00112451,-0.00680039,-65.0695,4202.7,-38.556,-0.224899,-0.00127791,-0.00138659,-65.1034,4203.9,-38.567,-0.224964,-0.00127819,0.00138944,-65.1044
0.859,129.422,1.14057,22.0961,0.000167457,-0.0589218,0.00126405,0.000143614,-5.57384e-05,0.00915989,3964.34,3,0.0536264,0,0,-0.00683399,0.00688679,0.00124773,-0.00125152,4029.24,-36.9084,-0.224583,-0.00110386,0.0068085,-65.068,4026.44,-36.8828,-0.224427,-0.00110692,-0.00682722,-65.068,4203,-38.5001,-0.234268,-0.00126128,-0.00138998,-65.0984,4204.08,-38.51,-0.234329,-0.00126138,0.00138949,-65.0994
0.869,129.643,1.14301,22.0951,0.000141589,-0.0811863,0.00171784,0.000152752,-5.79282e-05,0.00914592,3964.25,3,0.0542085,0,0,-0.00685202,0.0069089,0.00124695,-0.00125085,4028.88,-36.8489,-0.233386,-0.00107103,0.00682118,-65.0665,4026.06,-36.8231,-0.233223,-0.00107079,-0.00684405,-65.0666,4203.45,-38.4455,-0.243498,-0.00127425,-0.00138777,-65.0959,4204.4,-38.4542,-0.243553,-0.00127448,0.00138384,-65.097
0.879,129.864,1.14544,22.0941,0.000117431,-0.00795874,0.00212114,0.000164993,-6.00707e-05,0.00913196,3964.16,3,0.054802,0,0,-0.00687425,0.00693454,0.00124631,-0.00125033,4028.56,-36.7897,-0.241998,-0.00105299,0.00683959,-65.065,4025.73,-36.7638,-0.241828,-0.00105373,-0.00686624,-65.0652,4203.69,-38.389,-0.252518,-0.00130514,-0.00139189,-65.092,4204.51,-38.3965,-0.252568,-0.00130541,0.00138472,-65.0931
0.889,130.085,1.14787,22.0931,9.2833e-05,-0.137734,0.00256363,0.0001755,-6.21571e-05,0.009118,3964.08,3,0.0553566,0,0,-0.00689797,0.00696048,0.00124671,-0.00125086,4028.16,-36.7298,-0.250379,-0.00102962,0.00686159,-65.0637,4025.37,-36.7043,-0.250205,-0.00102963,-0.00689226,-65.0639,4204.34,-38.3362,-0.26133,-0.00123199,-0.00138293,-65.09,4205.05,-38.3427,-0.261374,-0.00123214,0.00137213,-65.0911
0.899,130.305,1.15031,22.0922,6.94547e-05,-0.112987,0.00349615,0.000187899,-6.41938e-05,0.00910404,3964,3,0.0559274,0,0,-0.00691863,0.00698163,0.00124625,-0.00125051,4027.87,-36.6709,-0.258565,-0.00100729,0.00688172,-65.0623,4025.07,-36.6455,-0.258385,-0.0010073,-0.00691356,-65.0625,4204.66,-38.2805,-0.269913,-0.00126616,-0.00138657,-65.0862,4205.25,-38.2858,-0.269951,-0.00126637,0.00137252,-65.0873
0.909,130.526,1.15274,22.0913,4.49805e-05,-0.084526,0.00276618,0.000195684,-6.61976e-05,0.00909009,3963.92,3,0.0564882,0,0,-0.0069363,0.00700173,0.00124558,-0.00124996,4027.51,-36.6114,-0.266611,-0.000980753,0.00689834,-65.061,4024.71,-36.5859,-0.266426,-0.000979295,-0.00693355,-65.0613,4204.96,-38.2245,-0.278358,-0.00127561,-0.00139092,-65.0842,4205.43,-38.2288,-0.27839,-0.00127578,0.00137361,-65.0853
0.919,130.747,1.15518,22.0904,2.16072e-05,-0.0158836,0.00269993,0.000205229,-6.81734e-05,0.00907614,3963.84,3,0.0570536,0,0,-0.00695481,0.00702333,0.00124545,-0.00124993,4027.24,-36.5528,-0.274551,-0.000954507,0.00692104,-65.0597,4024.43,-36.5272,-0.274359,-0.000954797,-0.00695932,-65.0601,4205.06,-38.1668,-0.286673,-0.00130187,-0.00139848,-65.0825,4205.41,-38.17,-0.286697,-0.00130199,0.00137822,-65.0837
0.929,130.968,1.15761,22.0895,-1.09102e-06,-0.0872823,0.00347181,0.000214711,-7.01098e-05,0.00906222,3963.78,3,0.0575816,0,0,-0.00697734,0.00704888,0.0012451,-0.0012497,4026.82,-36.493,-0.28232,-0.000939224,0.00694054,-65.0586,4024.02,-36.4676,-0.282123,-0.000938503,-0.00698273,-65.059,4205.69,-38.1139,-0.29486,-0.00126379,-0.00139168,-65.0792,4205.92,-38.1161,-0.294876,-0.00126403,0.00136826,-65.0803
0.939,131.189,1.16005,22.0886,-2.29536e-05,-0.12349,0.00353558,0.000225611,-7.19996e-05,0.00904834,3963.71,3,0.0581119,0,0,-0.00700199,0.00707522,0.00124557,-0.00125027,4026.53,-36.4344,-0.289908,-0.000916979,0.00696121,-65.0575,4023.74,-36.4091,-0.289707,-0.000915423,-0.00700761,-65.0579,4206.02,-38.0585,-0.302832,-0.00125245,-0.00139008,-65.0765,4206.15,-38.0597,-0.302841,-0.00125257,0.00136335,-65.0777
0.949,131.41,1.16248,22.0879,-4.5199e-05,-0.038426,0.00269106,0.000234191,-7.3854e-05,0.00903447,3963.64,3,0.0586468,0,0,-0.00702169,0.00709515,0.00124496,-0.00124976,4026.22,-36.3757,-0.297352,-0.000891315,0.00698237,-65.0564,4023.43,-36.3506,-0.297146,-0.000890464,-0.00702952,-65.0568,4206.16,-38.0014,-0.310641,-0.00130675,-0.00139889,-65.0748,4206.18,-38.0016,-0.310643,-0.00130684,0.00136919,-65.076
0.959,131.631,1.16492,22.0871,-6.72788e-05,-0.11875,0.00495629,0.000241706,-7.56867e-05,0.00902062,3963.58,3,0.0591397,0,0,-0.00703953,0.00711571,0.00124346,-0.00124837,4025.91,-36.3172,-0.304708,-0.000876268,0.00700043,-65.0552,4023.07,-36.2916,-0.304493,-0.00087759,-0.00704808,-65.0558,4206.84,-37.9493,-0.318402,-0.00122502,-0.00138459,-65.0723,4206.74,-37.9484,-0.318394,-0.00122516,0.00135246,-65.0735
0.969,131.852,1.16735,22.0862,-8.84666e-05,-0.102245,0.00436734,0.000250007,-7.74998e-05,0.00900682,3963.51,3,0.0596668,0,0,-0.00705822,0.00713751,0.0012443,-0.00124931,4025.56,-36.2585,-0.31198,-0.000848635,0.00701838,-65.0542,4022.74,-36.233,-0.311761,-0.000848299,-0.00707164,-65.0548,4206.94,-37.8922,-0.326037,-0.00126389,-0.00139354,-65.0705,4206.73,-37.8902,-0.32602,-0.00126397,0.00135839,-65.0717
0.979,132.073,1.16979,22.0855,-0.00010831,-0.0881155,0.00485969,0.000260312,-7.9278e-05,0.00899307,3963.46,3,0.0601721,0,0,-0.00708188,0.0071635,0.0012439,-0.001249,4025.23,-36.2002,-0.319113,-0.000832212,0.0070415,-65.0533,4022.4,-36.1747,-0.318888,-0.000830207,-0.00709803,-65.054,4207.24,-37.837,-0.333542,-0.00125862,-0.00139622,-65.0688,4206.92,-37.8341,-0.333516,-0.00125907,0.0013582,-65.07
0.989,132.293,1.17222,22.0848,-0.000128283,-0.0785419,0.00494787,0.000269547,-8.10152e-05,0.00897936,3963.41,3,0.0606707,0,0,-0.00710482,0.00718754,0.00124361,-0.00124881,4025.04,-36.1433,-0.326089,-0.000807382,0.00706306,-65.0525,4022.26,-36.1183,-0.325864,-0.000806347,-0.00712141,-65.0531,4207.53,-37.7819,-0.340874,-0.00124554,-0.00139679,-65.0661,4207.1,-37.7781,-0.340839,-0.00124571,0.00135601,-65.0674
0.999,132.514,1.17466,22.0841,-0.000148481,-0.0500762,0.00434726,0.000277417,-8.27236e-05,0.0089657,3963.35,3,0.06116,0,0,-0.00712454,0.0072084,0.00124327,-0.00124857,4024.74,-36.0856,-0.332941,-0.000785924,0.00708382,-65.0516,4021.93,-36.0604,-0.332709,-0.000786267,-0.00714469,-65.0522,4207.81,-37.7269,-0.348085,-0.00127416,-0.00140017,-65.0629,4207.27,-37.7221,-0.34804,-0.00127412,0.00135663,-65.0642
1.009,132.735,1.1771,22.0834,-0.000167846,-0.097567,0.0058177,0.00028589,-8.44189e-05,0.00895207,3963.3,3,0.0616386,0,0,-0.00714098,0.00722619,0.00124389,-0.00124929,4024.47,-36.0284,-0.339742,-0.000767376,0.00710192,-65.0507,4021.65,-36.003,-0.339503,-0.000767152,-0.00716484,-65.0514,4208.09,-37.6722,-0.355243,-0.00126875,-0.0013996,-65.0615,4207.45,-37.6664,-0.355188,-0.00126872,0.00135353,-65.0628
1.019,132.956,1.17953,22.0827,-0.000187334,-0.0633708,0.00527851,0.000292405,-8.60943e-05,0.00893851,3963.25,3,0.0621107,0,0,-0.00716297,0.00725188,0.00124294,-0.00124842,4024.19,-35.9712,-0.34646,-0.000745479,0.00712272,-65.0499,4021.35,-35.9458,-0.346215,-0.000744901,-0.00718932,-65.0507,4208.37,-37.6176,-0.362317,-0.00126348,-0.00139973,-65.0598,4207.62,-37.6108,-0.362252,-0.00126353,0.00135116,-65.0611
1.029,133.177,1.18197,22.0821,-0.000205244,-0.0394405,0.00552735,0.000301552,-8.77376e-05,0.00892501,3963.21,3,0.062584,0,0,-0.00718642,0.00727773,0.00124286,-0.00124844,4023.89,-35.9142,-0.353046,-0.000731202,0.0071433,-65.0492,4021.06,-35.8889,-0.352798,-0.000728939,-0.00721314,-65.0501,4208.64,-37.5632,-0.369256,-0.00125538,-0.00140179,-65.058,4207.78,-37.5555,-0.369181,-0.00125556,0.00135064,-65.0593
1.039,133.398,1.18441,22.0814,-0.000223381,-0.0648461,0.00551706,0.000309966,-8.93432e-05,0.00891157,3963.17,3,0.063032,0,0,-0.00720924,0.00730091,0.00124251,-0.00124818,4023.66,-35.8581,-0.359487,-0.000708016,0.00716776,-65.0486,4020.84,-35.833,-0.359235,-0.000706955,-0.00723929,-65.0494,4209.02,-37.5099,-0.376047,-0.00125529,-0.0013998,-65.0564,4208.06,-37.5014,-0.375962,-0.00125534,0.00134605,-65.0578
1.049,133.618,1.18685,22.0809,-0.00024191,-0.0195645,0.00424732,0.000316383,-9.09292e-05,0.00889819,3963.13,3,0.0634938,0,0,-0.00722859,0.00732053,0.0012428,-0.00124857,4023.41,-35.802,-0.365845,-0.000687051,0.0071867,-65.0479,4020.59,-35.7769,-0.365589,-0.000685055,-0.0072599,-65.0487,4209.14,-37.4547,-0.382734,-0.00128064,-0.00140662,-65.0542,4208.09,-37.4454,-0.382638,-0.00128067,0.00135022,-65.0556
1.059,133.839,1.18929,22.0803,-0.000259798,-0.0930902,0.00612011,0.000322663,-9.25057e-05,0.00888486,3963.09,3,0.0639162,0,0,-0.00724537,0.00734017,0.00124235,-0.0012482,4023.11,-35.7457,-0.37216,-0.000663164,0.00720398,-65.0472,4020.24,-35.7202,-0.371895,-0.000662081,-0.00727895,-65.0481,4209.71,-37.4037,-0.389422,-0.00121665,-0.0013964,-65.0529,4208.55,-37.3933,-0.389314,-0.00121677,0.00133793,-65.0543
1.069,134.06,1.19173,22.0797,-0.000276828,-0.0765705,0.00620176,0.000329724,-9.40674e-05,0.00887161,3963.05,3,0.0643699,0,0,-0.00726622,0.00736437,0.00124227,-0.0012482,4022.86,-35.6902,-0.37842,-0.00065813,0.00722211,-65.0467,4020,-35.6648,-0.378151,-0.000656475,-0.00730115,-65.0476,4209.81,-37.3488,-0.396006,-0.00126598,-0.0014021,-65.0504,4208.54,-37.3375,-0.395886,-0.00126598,0.00134131,-65.0518
1.079,134.281,1.19417,22.0792,-0.000292212,0.13497,0.00639699,0.000339662,-9.55986e-05,0.00885843,3963.02,3,0.064839,0,0,-0.00729041,0.0073902,0.00124147,-0.00124748,4022.61,-35.6349,-0.384556,-0.000642932,0.00724525,-65.0462,4019.7,-35.6092,-0.384278,-0.000642693,-0.00732486,-65.0471,4209.63,-37.2917,-0.402435,-0.00136695,-0.001423,-65.0488,4208.27,-37.2796,-0.402305,-0.00136679,0.00136016,-65.0502
1.089,134.501,1.19661,22.0786,-0.000309034,0.0250701,0.00567617,0.000346472,-9.70979e-05,0.00884534,3963,3,0.0652472,0,0,-0.00731259,0.00741272,0.00124154,-0.00124764,4022.32,-35.5797,-0.390559,-0.000619891,0.00726349,-65.0457,4019.47,-35.5545,-0.390283,-0.000617522,-0.00734643,-65.0467,4210.14,-37.2411,-0.408796,-0.00129946,-0.00141341,-65.0475,4208.69,-37.2283,-0.408655,-0.00129938,0.00134786,-65.0489
1.099,134.722,1.19905,22.0781,-0.000326384,-0.0601028,0.00665346,0.000350988,-9.85789e-05,0.0088323,3962.97,3,0.065639,0,0,-0.00733005,0.00743153,0.00124132,-0.0012475,4022.21,-35.5263,-0.396505,-0.00059774,0.00728891,-65.0452,4019.32,-35.5007,-0.39622,-0.000598847,-0.0073714,-65.0462,4210.73,-37.1914,-0.415089,-0.00124157,-0.00140166,-65.047,4209.19,-37.1778,-0.414937,-0.00124149,0.00133425,-65.0484
1.109,134.943,1.20149,22.0776,-0.000341899,-0.0677219,0.00735155,0.000358189,-0.000100054,0.00881934,3962.94,3,0.0660484,0,0,-0.00734889,0.00745265,0.00124077,-0.00124704,4021.88,-35.4713,-0.402406,-0.000587477,0.00730069,-65.0447,4018.99,-35.4458,-0.402117,-0.000586745,-0.00738694,-65.0458,4210.99,-37.1391,-0.421327,-0.00123124,-0.0014009,-65.0454,4209.34,-37.1245,-0.421162,-0.00123127,0.00133135,-65.0468
1.119,135.164,1.20393,22.0771,-0.000357284,0.00621549,0.00625469,0.00036454,-0.00010151,0.00880646,3962.92,3,0.0664777,0,0,-0.00736922,0.00747608,0.00124053,-0.00124688,4021.67,-35.4175,-0.408241,-0.00056594,0.00731693,-65.0444,4018.78,-35.3921,-0.407948,-0.000565474,-0.00740808,-65.0455,4211.01,-37.0851,-0.427462,-0.00130521,-0.00141155,-65.0445,4209.27,-37.0697,-0.427285,-0.00130511,0.00133979,-65.0459
1.129,135.385,1.20637,22.0767,-0.00037184,-0.0644537,0.00694977,0.000373023,-0.000102934,0.00879367,3962.9,3,0.0668545,0,0,-0.0073923,0.00749993,0.0012404,-0.00124683,4021.48,-35.3645,-0.413948,-0.000546967,0.00734969,-65.0441,4018.63,-35.3394,-0.413654,-0.000545397,-0.00744306,-65.0452,4211.58,-37.0362,-0.433515,-0.00124,-0.00140299,-65.0412,4209.74,-37.02,-0.433326,-0.00123997,0.00132889,-65.0426
1.139,135.605,1.20882,22.0762,-0.000386524,-0.055184,0.00766162,0.000380737,-0.00010433,0.00878095,3962.88,3,0.0672553,0,0,-0.00741281,0.00752091,0.00124059,-0.00124709,4021.32,-35.3119,-0.419542,-0.000527469,0.00737021,-65.0438,4018.44,-35.2867,-0.419242,-0.000527289,-0.00746332,-65.0449,4211.7,-36.9837,-0.439405,-0.0012395,-0.00140209,-65.0407,4209.78,-36.9669,-0.439205,-0.00123944,0.0013261,-65.0422
1.149,135.826,1.21126,22.0757,-0.000400648,-0.128167,0.0100561,0.000388759,-0.000105716,0.00876831,3962.86,3,0.0676376,0,0,-0.00742992,0.00753804,0.00124103,-0.0012476,4021.05,-35.2587,-0.425087,-0.000514506,0.00738741,-65.0434,4018.13,-35.2332,-0.42478,-0.00051483,-0.00748141,-65.0446,4212.02,-36.9333,-0.445277,-0.00125773,-0.00140654,-65.0397,4210.01,-36.9157,-0.445064,-0.00125754,0.00132871,-65.0412
1.159,136.047,1.2137,22.0754,-0.000416487,-0.00857226,0.00727307,0.00039105,-0.000107094,0.00875575,3962.84,3,0.0680319,0,0,-0.00744739,0.0075591,0.00124016,-0.00124681,4020.86,-35.2066,-0.430612,-0.000497899,0.00740389,-65.0432,4017.95,-35.181,-0.4303,-0.000496831,-0.00750118,-65.0444,4212.06,-36.8807,-0.451089,-0.00129461,-0.00141322,-65.0381,4209.96,-36.8623,-0.450863,-0.00129439,0.00133329,-65.0396
1.169,136.268,1.21615,22.075,-0.00043002,-0.0955041,0.00819004,0.000398667,-0.000108456,0.00874328,3962.83,3,0.0683831,0,0,-0.00746955,0.00758391,0.00123964,-0.00124637,4020.56,-35.1538,-0.436052,-0.000482523,0.00742083,-65.043,4017.68,-35.1286,-0.435739,-0.00048055,-0.00752299,-65.0443,4212.62,-36.8331,-0.456883,-0.00122119,-0.00140111,-65.0379,4210.43,-36.8139,-0.456644,-0.00122122,0.0013191,-65.0394
1.179,136.488,1.2186,22.0746,-0.000443278,-0.0180446,0.00817741,0.000405565,-0.000109783,0.0087309,3962.82,3,0.0687808,0,0,-0.00749308,0.00760868,0.00124011,-0.00124691,4020.35,-35.1022,-0.441366,-0.000467139,0.00744426,-65.0429,4017.45,-35.0769,-0.441047,-0.000467217,-0.00754627,-65.0441,4212.57,-36.7805,-0.462469,-0.00125896,-0.00141081,-65.0353,4210.29,-36.7606,-0.462218,-0.00125886,0.00132702,-65.0368
1.189,136.709,1.22104,22.0742,-0.000456598,-0.0788448,0.00910526,0.000413107,-0.000111084,0.00871861,3962.82,3,0.0691299,0,0,-0.00751237,0.00762764,0.00123981,-0.00124669,4020.28,-35.0521,-0.44659,-0.000447332,0.00747039,-65.0428,4017.36,-35.0267,-0.446267,-0.000447686,-0.00757319,-65.044,4212.94,-36.7319,-0.467993,-0.00124785,-0.00140749,-65.0364,4210.58,-36.7114,-0.46773,-0.00124767,0.00132175,-65.0379
1.199,136.93,1.22349,22.0739,-0.000471087,-0.00295499,0.00698706,0.000416187,-0.000112378,0.0087064,3962.8,3,0.0695025,0,0,-0.00752827,0.00764482,0.0012394,-0.00124635,4020.04,-35.001,-0.451764,-0.000432101,0.00748411,-65.0426,4017.13,-34.9756,-0.451437,-0.000430182,-0.00758949,-65.0439,4212.96,-36.6807,-0.473444,-0.00128686,-0.00141701,-65.035,4210.52,-36.6594,-0.473169,-0.00128659,0.0013292,-65.0364
1.209,137.151,1.22594,22.0736,-0.000484146,-0.0574942,0.00856892,0.000422082,-0.000113663,0.00869428,3962.8,3,0.0698321,0,0,-0.00754622,0.00766561,0.00123894,-0.00124596,4019.76,-34.9498,-0.4569,-0.000416606,0.00749818,-65.0425,4016.82,-34.9243,-0.456566,-0.000414574,-0.00760576,-65.0439,4213.46,-36.6339,-0.478916,-0.00122014,-0.00140625,-65.0328,4210.93,-36.6119,-0.478629,-0.00122023,0.00131689,-65.0343
1.219,137.371,1.22839,22.0733,-0.000496634,-0.00575042,0.00869376,0.000428367,-0.00011493,0.00868226,3962.8,3,0.0702022,0,0,-0.0075673,0.00768911,0.00123889,-0.00124598,4019.6,-34.9,-0.461972,-0.000407401,0.00751994,-65.0424,4016.65,-34.8745,-0.461633,-0.000406485,-0.00762941,-65.0438,4213.47,-36.5833,-0.484253,-0.00128144,-0.00141752,-65.0323,4210.85,-36.5606,-0.483953,-0.00128127,0.00132646,-65.0338
1.229,137.592,1.23084,22.0729,-0.000508905,-0.0552409,0.00864125,0.000435457,-0.000116165,0.00867033,3962.8,3,0.0705289,0,0,-0.00758897,0.00771124,0.0012387,-0.00124586,4019.45,-34.8508,-0.46692,-0.000391308,0.00754324,-65.0425,4016.53,-34.8255,-0.466581,-0.000389676,-0.00765521,-65.0438,4213.83,-36.5362,-0.489501,-0.00125299,-0.0014103,-65.0309,4211.13,-36.5129,-0.489188,-0.00125288,0.00131722,-65.0324
1.239,137.813,1.23329,22.0727,-0.000521287,-0.0174915,0.00877836,0.000441769,-0.00011738,0.0086585,3962.8,3,0.0708753,0,0,-0.00760767,0.00773019,0.00123853,-0.00124576,4019.27,-34.8017,-0.471783,-0.000376514,0.0075605,-65.0425,4016.33,-34.7763,-0.471438,-0.000375626,-0.00767259,-65.0439,4213.95,-36.4874,-0.494635,-0.00126284,-0.00141546,-65.0303,4211.18,-36.4635,-0.49431,-0.00126264,0.00132065,-65.0319
1.249,138.033,1.23574,22.0724,-0.000534205,-0.0368245,0.00895276,0.00044517,-0.000118589,0.00864676,3962.8,3,0.0711996,0,0,-0.00762383,0.00774793,0.00123806,-0.00124536,4019.12,-34.7532,-0.476623,-0.000359772,0.00758237,-65.0424,4016.16,-34.7277,-0.476272,-0.00035694,-0.00769616,-65.0439,4214.21,-36.4402,-0.499759,-0.00126735,-0.00141545,-65.0297,4211.37,-36.4156,-0.499421,-0.00126715,0.00131897,-65.0312
1.259,138.254,1.23819,22.0721,-0.000546337,-0.0551049,0.00934093,0.000450583,-0.000119789,0.0086351,3962.8,3,0.0715177,0,0,-0.00764062,0.00776729,0.00123843,-0.00124578,4018.85,-34.704,-0.481414,-0.000350081,0.00759096,-65.0424,4015.88,-34.6784,-0.481059,-0.000348437,-0.00770765,-65.044,4214.49,-36.3935,-0.50485,-0.00122822,-0.0014108,-65.0294,4211.56,-36.3681,-0.504499,-0.00122821,0.00131276,-65.031
1.269,138.475,1.24064,22.0719,-0.000557722,-0.0498561,0.00908966,0.000456422,-0.000120967,0.00862356,3962.81,3,0.0718347,0,0,-0.00766331,0.00779172,0.0012379,-0.00124532,4018.69,-34.6562,-0.486128,-0.000337074,0.00761428,-65.0426,4015.75,-34.6309,-0.485773,-0.000334587,-0.00773444,-65.0441,4214.76,-36.3472,-0.509847,-0.00122575,-0.00140823,-65.0284,4211.75,-36.3212,-0.509483,-0.00122572,0.00130836,-65.03
1.279,138.696,1.2431,22.0717,-0.000568661,0.0238784,0.00908615,0.000463892,-0.000122114,0.00861211,3962.82,3,0.0721721,0,0,-0.00768447,0.00781326,0.00123799,-0.00124548,4018.5,-34.6086,-0.490715,-0.000326446,0.00763486,-65.0428,4015.56,-34.5832,-0.490356,-0.00032496,-0.00775493,-65.0443,4214.68,-36.2982,-0.514672,-0.0012947,-0.00142083,-65.0279,4211.6,-36.2717,-0.514296,-0.00129443,0.00131932,-65.0295
1.289,138.916,1.24555,22.0714,-0.000579407,-0.108879,0.011862,0.000471603,-0.000123245,0.00860075,3962.82,3,0.072468,0,0,-0.00770253,0.00782988,0.00123889,-0.00124643,4018.43,-34.5623,-0.49525,-0.000308643,0.00765645,-65.0429,4015.46,-34.5368,-0.494885,-0.000308116,-0.00777655,-65.0444,4215.08,-36.2538,-0.519487,-0.00126861,-0.00141501,-65.0261,4211.93,-36.2267,-0.519099,-0.00126835,0.00131199,-65.0277
1.299,139.137,1.24801,22.0713,-0.000592749,-0.00532108,0.0089802,0.000471638,-0.000124369,0.00858947,3962.83,3,0.0727784,0,0,-0.00771604,0.00784668,0.00123758,-0.0012452,4018.2,-34.5151,-0.499739,-0.000297831,0.00767056,-65.043,4015.23,-34.4896,-0.49937,-0.000295839,-0.00779274,-65.0446,4215.21,-36.2073,-0.524241,-0.00128245,-0.0014181,-65.0256,4211.99,-36.1797,-0.523841,-0.00128219,0.00131353,-65.0272
1.309,139.358,1.25046,22.071,-0.00060375,-0.0455131,0.00959157,0.000476673,-0.000125485,0.00857828,3962.84,3,0.0730747,0,0,-0.00773371,0.00786695,0.0012375,-0.00124518,4017.96,-34.468,-0.504196,-0.000293893,0.00768492,-65.0432,4014.99,-34.4426,-0.503823,-0.000291053,-0.00781019,-65.0448,4215.46,-36.1623,-0.528978,-0.00123923,-0.00141464,-65.0263,4212.16,-36.1339,-0.528564,-0.0012392,0.0013085,-65.0279
1.319,139.578,1.25292,22.0709,-0.000613644,-0.0733506,0.0102027,0.000483645,-0.000126576,0.00856721,3962.86,3,0.073354,0,0,-0.00775451,0.00788907,0.00123691,-0.00124465,4017.88,-34.4229,-0.508568,-0.000273421,0.00770947,-65.0435,4014.95,-34.3977,-0.508196,-0.000268626,-0.00783754,-65.0451,4215.87,-36.1191,-0.533628,-0.00120614,-0.0014077,-65.0254,4212.5,-36.0902,-0.533201,-0.00120624,0.00129983,-65.027
1.329,139.799,1.25538,22.0707,-0.000624315,0.0211752,0.00928664,0.00048937,-0.000127635,0.00855623,3962.88,3,0.0736649,0,0,-0.00777344,0.00790831,0.00123781,-0.00124561,4017.72,-34.3774,-0.512802,-0.000260228,0.0077281,-65.0438,4014.71,-34.3516,-0.512418,-0.000258591,-0.00785611,-65.0454,4215.8,-36.0722,-0.538083,-0.00125685,-0.0014184,-65.0251,4212.37,-36.0429,-0.537645,-0.00125671,0.00130911,-65.0267
1.339,140.02,1.25784,22.0706,-0.000635386,0.0118285,0.00872541,0.0004937,-0.000128684,0.00854536,3962.89,3,0.0739614,0,0,-0.00779102,0.00792551,0.00123731,-0.00124516,4017.57,-34.3324,-0.516997,-0.000245069,0.00774259,-65.044,4014.63,-34.3073,-0.516618,-0.000242787,-0.00787245,-65.0457,4215.81,-36.0265,-0.542507,-0.00129074,-0.00142483,-65.0244,4212.31,-35.9966,-0.542057,-0.00129031,0.00131381,-65.026
1.349,140.241,1.2603,22.0704,-0.000646474,-0.0460409,0.0101649,0.000496686,-0.00012973,0.00853456,3962.9,3,0.0742177,0,0,-0.00780449,0.00794118,0.00123704,-0.00124496,4017.39,-34.2875,-0.521177,-0.000228526,0.00775743,-65.0442,4014.39,-34.2619,-0.520788,-0.000225122,-0.00788724,-65.046,4216.28,-35.985,-0.54698,-0.00120771,-0.00141265,-65.0234,4212.71,-35.9545,-0.546516,-0.00120799,0.00130053,-65.0251
1.359,140.461,1.26276,22.0703,-0.000656567,-0.0413867,0.0104183,0.000501167,-0.000130767,0.00852388,3962.92,3,0.0744964,0,0,-0.00782298,0.00796272,0.00123664,-0.0012446,4017.21,-34.243,-0.525318,-0.000222079,0.00777382,-65.0446,4014.22,-34.2175,-0.524927,-0.000220441,-0.00790695,-65.0464,4216.44,-35.9413,-0.551371,-0.00123603,-0.00141562,-65.0235,4212.8,-35.9102,-0.550895,-0.00123593,0.00130213,-65.0251
1.369,140.682,1.26523,22.0702,-0.000665388,0.0351018,0.0105309,0.00050939,-0.000131777,0.0085133,3962.95,3,0.0747846,0,0,-0.00784339,0.007984,0.0012365,-0.00124452,4017.08,-34.1994,-0.529358,-0.000215701,0.00779401,-65.045,4014.08,-34.1739,-0.528963,-0.000214541,-0.00792887,-65.0467,4216.44,-35.8967,-0.555629,-0.00129113,-0.00142287,-65.0231,4212.74,-35.8651,-0.555141,-0.00129076,0.00130791,-65.0247
1.379,140.903,1.26769,22.0701,-0.000675509,0.0807881,0.00899247,0.000513111,-0.000132755,0.00850282,3962.97,3,0.0750656,0,0,-0.00786178,0.00800222,0.00123639,-0.00124447,4016.9,-34.1558,-0.533265,-0.0002054,0.00781085,-65.0454,4013.93,-34.1305,-0.532871,-0.000202034,-0.00794635,-65.0471,4216.47,-35.8527,-0.559758,-0.00129974,-0.00142918,-65.0222,4212.7,-35.8207,-0.559259,-0.00129936,0.00131248,-65.0239
1.389,141.123,1.27015,22.07,-0.000685463,-0.0149764,0.0108014,0.000518492,-0.000133724,0.00849243,3962.99,3,0.0753131,0,0,-0.00787704,0.00801759,0.00123593,-0.00124407,4016.86,-34.1137,-0.53715,-0.000189045,0.00783007,-65.0457,4013.87,-34.0883,-0.53675,-0.000187895,-0.00796579,-65.0475,4216.87,-35.8123,-0.563896,-0.00126347,-0.00141977,-65.0225,4213.05,-35.7799,-0.563385,-0.0012632,0.00130195,-65.0242
1.399,141.344,1.27262,22.0699,-0.000695801,-0.00681577,0.0106188,0.000520941,-0.00013469,0.00848214,3963.02,3,0.0755697,0,0,-0.00789106,0.00803382,0.00123617,-0.00124436,4016.67,-34.0708,-0.541006,-0.000176083,0.00784178,-65.0461,4013.67,-34.0453,-0.540601,-0.000174325,-0.00797918,-65.0479,4217.01,-35.7701,-0.567989,-0.00127828,-0.001421,-65.0227,4213.12,-35.7372,-0.567466,-0.00127791,0.00130189,-65.0243
1.409,141.565,1.27509,22.0698,-0.000705115,-0.00936796,0.010578,0.00052559,-0.000135643,0.00847195,3963.04,3,0.075825,0,0,-0.00790911,0.00805411,0.00123586,-0.0012441,4016.49,-34.0283,-0.544807,-0.000179808,0.00785653,-65.0466,4013.5,-34.0029,-0.544401,-0.000175669,-0.00799716,-65.0485,4217.25,-35.7291,-0.572038,-0.00126031,-0.00142135,-65.0239,4213.3,-35.6957,-0.571502,-0.00126023,0.0013008,-65.0256
1.419,141.785,1.27755,22.0698,-0.000713569,0.0737205,0.010712,0.000532485,-0.000136568,0.00846187,3963.07,3,0.0760898,0,0,-0.00792772,0.00807341,0.00123547,-0.00124377,4016.36,-33.9867,-0.548504,-0.000162129,0.00787724,-65.0471,4013.35,-33.9613,-0.548093,-0.000160338,-0.00801834,-65.0489,4217.15,-35.6858,-0.575925,-0.00129797,-0.00142929,-65.0229,4213.14,-35.6519,-0.575378,-0.00129765,0.00130754,-65.0246
1.429,142.006,1.28002,22.0697,-0.000722525,-0.110661,0.0131314,0.000537344,-0.000137469,0.00845189,3963.1,3,0.0762956,0,0,-0.00794734,0.00809252,0.00123616,-0.0012445,4016.34,-33.9465,-0.552123,-0.000139201,0.00790419,-65.0476,4013.33,-33.921,-0.551709,-0.00013768,-0.00804444,-65.0494,4217.79,-35.6491,-0.579815,-0.00120363,-0.00141145,-65.0226,4213.73,-35.6149,-0.579258,-0.00120377,0.00128844,-65.0243
1.439,142.227,1.28249,22.0697,-0.000733433,0.119445,0.00808449,0.000537468,-0.000138364,0.00844201,3963.13,3,0.0765869,0,0,-0.00795941,0.00810571,0.0012355,-0.00124392,4016.16,-33.9053,-0.555694,-0.000138427,0.00791167,-65.048,4013.2,-33.8803,-0.555284,-0.000135877,-0.00805437,-65.0499,4217.31,-35.6034,-0.583526,-0.00134517,-0.00143498,-65.0231,4213.2,-35.5687,-0.582957,-0.00134422,0.00131027,-65.0247
1.449,142.448,1.28496,22.0697,-0.000742072,0.0254265,0.0107917,0.000542489,-0.000139259,0.00843221,3963.16,3,0.0767986,0,0,-0.0079732,0.00812138,0.00123596,-0.00124439,4016.08,-33.8652,-0.559276,-0.00012387,0.00792683,-65.0485,4013.06,-33.8398,-0.558856,-0.00012167,-0.00807099,-65.0505,4217.81,-35.5663,-0.58737,-0.0012688,-0.00142397,-65.0211,4213.63,-35.5311,-0.586788,-0.00126854,0.00129836,-65.0228
1.459,142.668,1.28743,22.0696,-0.000750457,-0.0105944,0.0113864,0.00054697,-0.00014014,0.00842252,3963.19,3,0.0770303,0,0,-0.00799101,0.00814162,0.00123587,-0.00124435,4015.9,-33.8248,-0.562787,-0.000120288,0.00794202,-65.0491,4012.89,-33.7995,-0.562365,-0.000117713,-0.00808903,-65.051,4218.03,-35.5273,-0.591114,-0.00126931,-0.00142131,-65.0215,4213.8,-35.4916,-0.59052,-0.001269,0.00129444,-65.0232
1.469,142.889,1.28991,22.0696,-0.000758592,-0.00352559,0.0114804,0.000552804,-0.00014099,0.00841294,3963.23,3,0.0772631,0,0,-0.00801133,0.00816239,0.00123546,-0.001244,4015.73,-33.7849,-0.566179,-0.00010832,0.00796136,-65.0497,4012.73,-33.7596,-0.565756,-0.000107117,-0.00810924,-65.0516,4218.12,-35.4876,-0.594713,-0.00127706,-0.00142416,-65.0212,4213.83,-35.4515,-0.594109,-0.00127667,0.00129602,-65.0229
1.479,143.11,1.29238,22.0696,-0.000767536,0.0289181,0.0106504,0.000555719,-0.000141818,0.00840344,3963.27,3,0.0774919,0,0,-0.00802527,0.00817594,0.00123499,-0.00124358,4015.69,-33.7464,-0.569498,-9.59473e-05,0.00797805,-65.0503,4012.7,-33.7213,-0.569074,-9.38371e-05,-0.00812563,-65.0522,4218.22,-35.4484,-0.59822,-0.00129524,-0.0014268,-65.0219,4213.89,-35.412,-0.597606,-0.00129472,0.00129733,-65.0236
1.489,143.33,1.29486,22.0696,-0.000776289,0.049931,0.0102854,0.000560108,-0.000142643,0.00839403,3963.3,3,0.0777246,0,0,-0.00803876,0.00818959,0.00123532,-0.00124395,4015.61,-33.7079,-0.572797,-8.65027e-05,0.00799262,-65.0508,4012.62,-33.6829,-0.572371,-8.43956e-05,-0.00814188,-65.0528,4218.24,-35.4088,-0.601701,-0.00130781,-0.00143282,-65.0221,4213.86,-35.3721,-0.601076,-0.00130708,0.00130207,-65.0238
1.499,143.551,1.29733,22.0696,-0.000785181,-0.0978737,0.0123833,0.000561948,-0.000143466,0.00838472,3963.34,3,0.0779051,0,0,-0.00805151,0.00820499,0.00123519,-0.00124386,4015.33,-33.6682,-0.576065,-7.10976e-05,0.0080034,-65.0514,4012.3,-33.6428,-0.57563,-6.89138e-05,-0.00815412,-65.0534,4218.83,-35.3746,-0.605261,-0.00122874,-0.00141551,-65.022,4214.39,-35.3373,-0.604623,-0.00122862,0.00128397,-65.0237
1.509,143.772,1.29981,22.0697,-0.000792009,0.034057,0.0118208,0.000569414,-0.000144273,0.00837551,3963.38,3,0.0781427,0,0,-0.00807006,0.00822492,0.00123444,-0.00124316,4015.27,-33.6308,-0.579295,-7.04255e-05,0.00801935,-65.052,4012.26,-33.6055,-0.57886,-6.84159e-05,-0.00817348,-65.0541,4218.68,-35.3344,-0.60864,-0.00127131,-0.00142242,-65.0223,4214.18,-35.2968,-0.607992,-0.001271,0.00128962,-65.0241
1.519,143.992,1.30229,22.0698,-0.000799952,0.129857,0.0106655,0.000572265,-0.000145048,0.00836641,3963.42,3,0.0783878,0,0,-0.00808938,0.00824477,0.00123487,-0.00124364,4015.09,-33.5927,-0.58238,-7.20214e-05,0.00803362,-65.0527,4012.06,-33.5674,-0.581941,-6.70592e-05,-0.00818719,-65.0548,4218.48,-35.2943,-0.611881,-0.00132313,-0.00143943,-65.0218,4213.94,-35.2564,-0.611223,-0.00132268,0.00130529,-65.0235
1.529,144.213,1.30477,22.0698,-0.000808454,0.0108184,0.0114383,0.000575579,-0.000145806,0.0083574,3963.46,3,0.0785623,0,0,-0.00810232,0.00825731,0.00123467,-0.00124348,4015.2,-33.5575,-0.58544,-5.06437e-05,0.00805799,-65.0534,4012.22,-33.5325,-0.585005,-4.82669e-05,-0.00821132,-65.0554,4218.95,-35.2602,-0.615147,-0.00128416,-0.00142782,-65.0231,4214.37,-35.222,-0.61448,-0.00128378,0.00129257,-65.0249
1.539,144.434,1.30725,22.0698,-0.000816698,-0.0251964,0.0132461,0.000578091,-0.000146561,0.00834848,3963.49,3,0.0787574,0,0,-0.00811449,0.00827043,0.00123445,-0.00124331,4014.98,-33.5198,-0.588442,-4.66647e-05,0.00806617,-65.054,4011.93,-33.4943,-0.587994,-4.73777e-05,-0.00821761,-65.0561,4219.23,-35.2249,-0.618376,-0.00122798,-0.001422,-65.0239,4214.6,-35.1863,-0.617698,-0.00122779,0.00128618,-65.0257
1.549,144.654,1.30974,22.0698,-0.000825193,-0.146464,0.012959,0.000580137,-0.000147318,0.00833965,3963.53,3,0.0789423,0,0,-0.00812197,0.00828084,0.00123597,-0.00124485,4014.77,-33.4826,-0.591446,-2.91609e-05,0.00807687,-65.0547,4011.75,-33.4574,-0.591001,-2.63044e-05,-0.008234,-65.0568,4219.51,-35.19,-0.621607,-0.00120369,-0.00141664,-65.0226,4214.83,-35.151,-0.620918,-0.00120381,0.00127943,-65.0244
1.559,144.875,1.31222,22.07,-0.000831369,0.0634052,0.0123531,0.000587137,-0.000148053,0.00833094,3963.58,3,0.0791716,0,0,-0.00814535,0.00830494,0.00123407,-0.001243,4014.72,-33.4472,-0.594394,-2.63405e-05,0.00809602,-65.0555,4011.69,-33.4219,-0.593944,-2.6322e-05,-0.0082537,-65.0576,4219.25,-35.1512,-0.624675,-0.00131344,-0.00143233,-65.0218,4214.53,-35.1118,-0.623975,-0.00131278,0.00129418,-65.0236
1.569,145.096,1.3147,22.07,-0.000838471,-0.0341078,0.0129836,0.000591547,-0.000148761,0.00832232,3963.63,3,0.0793468,0,0,-0.00816291,0.00832221,0.00123416,-0.00124313,4014.67,-33.4121,-0.597226,-1.58613e-05,0.00811467,-65.0562,4011.67,-33.3872,-0.596781,-1.49757e-05,-0.00827295,-65.0583,4219.6,-35.1177,-0.627713,-0.00125863,-0.00142361,-65.0226,4214.84,-35.078,-0.627004,-0.00125831,0.00128424,-65.0244
1.579,145.317,1.31719,22.0701,-0.000845282,-0.0271485,0.0136221,0.000597111,-0.000149457,0.0083138,3963.67,3,0.0795492,0,0,-0.00817715,0.00833487,0.00123479,-0.00124379,4014.58,-33.3771,-0.600007,-8.19088e-06,0.00812659,-65.057,4011.58,-33.3522,-0.599559,-5.32209e-06,-0.00828566,-65.0591,4219.55,-35.0813,-0.630642,-0.00129584,-0.00143111,-65.0237,4214.75,-35.0413,-0.629924,-0.00129523,0.00129048,-65.0255
1.589,145.537,1.31968,22.0702,-0.000854579,0.033075,0.0115555,0.000595142,-0.000150155,0.00830535,3963.72,3,0.0797335,0,0,-0.00818665,0.00834694,0.0012342,-0.00124325,4014.5,-33.3426,-0.602796,-4.58365e-07,0.00814044,-65.0576,4011.47,-33.3175,-0.602342,1.75558e-06,-0.00830042,-65.0599,4219.7,-35.0469,-0.633608,-0.00127552,-0.00143009,-65.023,4214.85,-35.0066,-0.63288,-0.0012751,0.0012886,-65.0248
1.599,145.758,1.32217,22.0703,-0.000861609,-0.00889924,0.0124745,0.00059858,-0.00015085,0.00829701,3963.76,3,0.0799099,0,0,-0.00820033,0.00836274,0.00123384,-0.00124293,4014.3,-33.3074,-0.605559,-3.57813e-06,0.0081467,-65.0585,4011.28,-33.2824,-0.605103,-2.05305e-07,-0.00830925,-65.0607,4219.96,-35.0139,-0.636584,-0.00124132,-0.00142467,-65.0259,4215.06,-34.9732,-0.635844,-0.00124121,0.00128225,-65.0277
1.609,145.979,1.32466,22.0705,-0.000867976,0.0584651,0.0123609,0.000602306,-0.000151524,0.00828877,3963.81,3,0.080099,0,0,-0.00821864,0.008382,0.00123325,-0.00124238,4014.23,-33.2738,-0.608251,1.2956e-05,0.00816634,-65.0593,4011.2,-33.2487,-0.607792,1.4005e-05,-0.00832933,-65.0615,4219.89,-34.9785,-0.639413,-0.00127541,-0.00143293,-65.0245,4214.95,-34.9375,-0.638664,-0.00127505,0.0012896,-65.0263
1.619,146.199,1.32715,22.0706,-0.000874447,0.0336995,0.0124746,0.000607528,-0.00015217,0.00828063,3963.86,3,0.0802781,0,0,-0.00823441,0.00839728,0.00123391,-0.00124308,4014.18,-33.2407,-0.610838,2.01589e-05,0.00818401,-65.0601,4011.17,-33.2158,-0.610381,2.28224e-05,-0.00834746,-65.0623,4219.98,-34.9449,-0.642156,-0.00127263,-0.00143126,-65.0246,4215.01,-34.9037,-0.641398,-0.00127232,0.00128673,-65.0264
1.629,146.42,1.32964,22.0707,-0.000880996,0.0201086,0.0130584,0.000612491,-0.000152807,0.00827258,3963.91,3,0.0804475,0,0,-0.00824537,0.00840774,0.00123381,-0.00124301,4014.12,-33.2078,-0.613384,2.84816e-05,0.00819668,-65.0609,4011.12,-33.183,-0.612926,3.20739e-05,-0.00836101,-65.0631,4220.14,-34.9123,-0.644867,-0.00131025,-0.00143322,-65.0242,4215.13,-34.8708,-0.644101,-0.00130954,0.00128766,-65.026
1.639,146.641,1.33214,22.0708,-0.000889039,0.0622091,0.01188,0.000611757,-0.000153446,0.0082646,3963.96,3,0.0806281,0,0,-0.00825325,0.00841692,0.00123408,-0.00124331,4014.08,-33.1755,-0.615945,3.69428e-05,0.00820771,-65.0617,4011.07,-33.1506,-0.615482,3.94719e-05,-0.0083726,-65.064,4220.12,-34.8784,-0.647561,-0.00131308,-0.00143763,-65.0251,4215.06,-34.8366,-0.646785,-0.00131233,0.00129123,-65.0269
1.649,146.861,1.33463,22.071,-0.000895776,0.0300589,0.0125539,0.000614002,-0.000154079,0.00825672,3964.01,3,0.0807839,0,0,-0.0082688,0.00843529,0.00123339,-0.00124266,4013.89,-33.1424,-0.618457,4.2056e-05,0.00822064,-65.0625,4010.86,-33.1173,-0.61799,4.44033e-05,-0.00838753,-65.0648,4220.43,-34.8477,-0.650279,-0.00128043,-0.00142847,-65.0261,4215.32,-34.8056,-0.649494,-0.00128003,0.00128132,-65.0279
1.659,147.082,1.33713,22.0712,-0.000900951,0.183717,0.0123945,0.000619018,-0.000154687,0.00824895,3964.07,3,0.0809762,0,0,-0.00828622,0.00845341,0.00123322,-0.00124251,4013.72,-33.1097,-0.620871,3.85811e-05,0.00822915,-65.0635,4010.66,-33.0845,-0.620397,3.88612e-05,-0.00839597,-65.0657,4220.15,-34.8126,-0.652802,-0.00137578,-0.00144674,-65.025,4215.02,-34.7702,-0.652008,-0.00137469,0.00129877,-65.0269
1.669,147.303,1.33963,22.0714,-0.000908124,0.135968,0.0106966,0.000620842,-0.000155271,0.00824126,3964.12,3,0.081123,0,0,-0.00829874,0.00846527,0.00123271,-0.00124206,4013.64,-33.0782,-0.6232,4.87887e-05,0.00824693,-65.0643,4010.65,-33.0535,-0.622736,5.25841e-05,-0.00841512,-65.0666,4220.42,-34.7824,-0.655307,-0.00132001,-0.00143883,-65.0264,4215.25,-34.7397,-0.654505,-0.00131934,0.00128953,-65.0283
1.679,147.524,1.34212,22.0714,-0.00091416,-0.0266783,0.0144216,0.000625505,-0.00015585,0.00823365,3964.17,3,0.081248,0,0,-0.00831037,0.008477,0.00123304,-0.00124241,4013.74,-33.0485,-0.625542,6.83773e-05,0.00826576,-65.0652,4010.69,-33.0234,-0.625066,6.8722e-05,-0.00843234,-65.0675,4220.97,-34.7548,-0.657839,-0.0012333,-0.00142347,-65.0271,4215.78,-34.712,-0.657028,-0.00123312,0.00127382,-65.0289
1.689,147.744,1.34462,22.0716,-0.000921247,-0.0221297,0.0133437,0.000625942,-0.000156433,0.00822613,3964.22,3,0.081411,0,0,-0.0083197,0.00848754,0.00123324,-0.00124265,4013.59,-33.0171,-0.62786,7.93869e-05,0.0082758,-65.066,4010.56,-32.9922,-0.627385,8.21756e-05,-0.00844536,-65.0684,4220.88,-34.7223,-0.660287,-0.00127157,-0.00142876,-65.0279,4215.65,-34.6793,-0.659468,-0.00127114,0.00127805,-65.0297
1.699,147.965,1.34713,22.0718,-0.000926971,-0.00998475,0.0133004,0.000629107,-0.000157008,0.00821871,3964.28,3,0.0815623,0,0,-0.00833366,0.00850399,0.00123362,-0.00124305,4013.47,-32.9863,-0.630146,7.44982e-05,0.00828448,-65.067,4010.46,-32.9615,-0.629673,7.81293e-05,-0.00845687,-65.0694,4220.98,-34.6918,-0.662727,-0.00124006,-0.00142613,-65.0285,4215.7,-34.6484,-0.661899,-0.00123991,0.00127451,-65.0303
1.709,148.186,1.34963,22.072,-0.000932443,0.0186309,0.0132044,0.000633348,-0.000157557,0.00821139,3964.34,3,0.0817255,0,0,-0.00835093,0.00852157,0.00123315,-0.00124261,4013.4,-32.9563,-0.632341,8.10059e-05,0.0083005,-65.068,4010.39,-32.9316,-0.631867,8.39386e-05,-0.00847299,-65.0703,4220.97,-34.6608,-0.665046,-0.00128366,-0.00143407,-65.0289,4215.66,-34.6172,-0.664209,-0.00128329,0.00128156,-65.0308
1.719,148.406,1.35213,22.0722,-0.000938063,-0.0244932,0.014197,0.000636919,-0.000158087,0.00820414,3964.4,3,0.081848,0,0,-0.00836195,0.00853173,0.00123233,-0.00124183,4013.48,-32.9279,-0.634477,9.62757e-05,0.00832197,-65.0689,4010.46,-32.9031,-0.634001,9.67103e-05,-0.00849343,-65.0712,4221.34,-34.6332,-0.667337,-0.00121491,-0.001422,-65.0292,4216,-34.5894,-0.666494,-0.00121489,0.0012688,-65.031
1.729,148.627,1.35464,22.0724,-0.000944852,0.00117505,0.0138695,0.000637906,-0.000158615,0.00819698,3964.45,3,0.0819968,0,0,-0.00837252,0.00854209,0.00123278,-0.00124231,4013.33,-32.8979,-0.636574,9.84416e-05,0.00832799,-65.0698,4010.28,-32.8729,-0.636091,0.000100091,-0.0084983,-65.0722,4221.33,-34.6029,-0.669566,-0.00124614,-0.0014261,-65.0302,4215.96,-34.5589,-0.668715,-0.00124604,0.00127217,-65.0321
1.739,148.848,1.35715,22.0726,-0.000950942,0.0518526,0.0131122,0.000639568,-0.000159149,0.00818989,3964.51,3,0.0821562,0,0,-0.00838299,0.00855449,0.00123227,-0.00124183,4013.21,-32.8685,-0.638699,9.42674e-05,0.00833398,-65.0707,4010.17,-32.8436,-0.638217,9.65899e-05,-0.0085075,-65.0731,4221.29,-34.5727,-0.671815,-0.00127932,-0.00143458,-65.0311,4215.88,-34.5284,-0.670955,-0.00127881,0.0012798,-65.0329
1.749,149.069,1.35966,22.0728,-0.000956684,0.0271088,0.0133019,0.000641458,-0.000159672,0.00818291,3964.57,3,0.0823024,0,0,-0.00839469,0.00856915,0.00123335,-0.00124292,4013.13,-32.8398,-0.640786,0.000101177,0.00834649,-65.0717,4010.09,-32.8149,-0.640301,0.000103145,-0.00852194,-65.0741,4221.24,-34.5428,-0.674016,-0.00130724,-0.00143842,-65.0314,4215.8,-34.4983,-0.673147,-0.0013066,0.00128285,-65.0333
1.759,149.289,1.36217,22.073,-0.000960551,0.0737707,0.0136328,0.000648127,-0.000160171,0.00817601,3964.63,3,0.0824367,0,0,-0.00841057,0.00858363,0.00123236,-0.00124197,4013.03,-32.8113,-0.642773,0.000111318,0.0083619,-65.0728,4010.03,-32.7868,-0.642292,0.00011485,-0.00853793,-65.0752,4221.38,-34.5148,-0.676144,-0.00130164,-0.00143792,-65.0329,4215.91,-34.4701,-0.675268,-0.00130115,0.00128133,-65.0348
1.769,149.51,1.36468,22.0732,-0.000966556,0.0428558,0.013153,0.000650212,-0.000160652,0.0081692,3964.69,3,0.0825661,0,0,-0.00842329,0.00859531,0.00123267,-0.0012423,4012.96,-32.7834,-0.644691,0.000118786,0.00837188,-65.0737,4009.98,-32.7591,-0.644211,0.000122385,-0.00854789,-65.0761,4221.48,-34.4869,-0.678189,-0.00127423,-0.00143589,-65.0331,4215.99,-34.442,-0.677307,-0.00127385,0.00127841,-65.035
1.779,149.731,1.36719,22.0735,-0.000972974,0.0830287,0.0118522,0.000650676,-0.000161134,0.00816247,3964.75,3,0.0827013,0,0,-0.00843087,0.00860317,0.00123294,-0.00124261,4012.97,-32.7564,-0.646626,0.000127594,0.0083845,-65.0747,4009.98,-32.732,-0.646144,0.000129327,-0.00856117,-65.0771,4221.45,-34.4582,-0.68022,-0.00130406,-0.00144005,-65.0344,4215.94,-34.4132,-0.679331,-0.0013032,0.00128182,-65.0362
1.789,149.951,1.36971,22.0737,-0.00097859,0.025866,0.0134621,0.000651491,-0.000161623,0.00815582,3964.81,3,0.0828116,0,0,-0.00844127,0.0086159,0.0012318,-0.0012415,4012.86,-32.7289,-0.648571,0.000132278,0.00839432,-65.0756,4009.84,-32.7043,-0.648083,0.000135456,-0.00857234,-65.0781,4221.82,-34.4332,-0.682344,-0.00128394,-0.00143259,-65.0326,4216.27,-34.3879,-0.681447,-0.00128342,0.00127399,-65.0345
1.799,150.172,1.37222,22.0738,-0.00098422,-0.133965,0.014259,0.000652914,-0.000162095,0.00814927,3964.87,3,0.0829347,0,0,-0.00845158,0.00863022,0.00123434,-0.00124404,4012.79,-32.702,-0.650454,0.00013556,0.00840926,-65.0767,4009.79,-32.6776,-0.649968,0.000139532,-0.0085896,-65.0792,4221.96,-34.4066,-0.68436,-0.00122314,-0.00142801,-65.0346,4216.37,-34.3611,-0.683454,-0.00122307,0.00126857,-65.0365
1.809,150.393,1.37474,22.0741,-0.000988243,-0.0055495,0.0129741,0.000657693,-0.000162547,0.0081428,3964.93,3,0.0830662,0,0,-0.00847004,0.00864587,0.00123248,-0.00124222,4012.74,-32.6756,-0.652256,0.000140872,0.00842227,-65.0778,4009.75,-32.6513,-0.651771,0.000143687,-0.00860332,-65.0802,4221.94,-34.3792,-0.686261,-0.00126952,-0.00143474,-65.0352,4216.33,-34.3335,-0.68535,-0.00126916,0.00127447,-65.0371
1.819,150.614,1.37726,22.0744,-0.000992865,-0.0080426,0.0143957,0.000660973,-0.000162981,0.0081364,3965,3,0.0831698,0,0,-0.00847861,0.00865356,0.00123209,-0.00124186,4012.76,-32.6502,-0.654006,0.000151239,0.00843688,-65.0788,4009.75,-32.6257,-0.653515,0.00015246,-0.00861566,-65.0813,4222.18,-34.3541,-0.688137,-0.00127242,-0.00142961,-65.0348,4216.55,-34.3083,-0.68722,-0.00127187,0.00126888,-65.0367
1.829,150.834,1.37978,22.0746,-0.000998242,-0.0174533,0.0147093,0.000661798,-0.000163423,0.00813008,3965.06,3,0.0832908,0,0,-0.00848617,0.00866157,0.00123219,-0.00124198,4012.62,-32.6237,-0.655755,0.000154388,0.00844108,-65.0798,4009.59,-32.599,-0.65526,0.000157218,-0.00862054,-65.0823,4222.21,-34.3277,-0.690006,-0.00126672,-0.00143016,-65.036,4216.55,-34.2817,-0.689082,-0.00126624,0.00126879,-65.0379
1.839,151.055,1.3823,22.0748,-0.00100383,-0.0426582,0.0142586,0.000661976,-0.000163863,0.00812383,3965.12,3,0.0834156,0,0,-0.00849266,0.00867087,0.00123305,-0.00124286,4012.48,-32.5974,-0.657498,0.000156073,0.00844561,-65.0808,4009.46,-32.5729,-0.657003,0.000158624,-0.00862743,-65.0834,4222.18,-34.3011,-0.69186,-0.00123689,-0.00143185,-65.0393,4216.49,-34.2548,-0.690928,-0.00123677,0.00126982,-65.0412
1.849,151.276,1.38482,22.0752,-0.00100776,0.0406811,0.0134868,0.000666229,-0.000164288,0.00811769,3965.19,3,0.0835341,0,0,-0.00850971,0.00868829,0.00123163,-0.00124147,4012.45,-32.5725,-0.659196,0.000164414,0.00846172,-65.0819,4009.45,-32.5482,-0.658704,0.000166211,-0.00864564,-65.0845,4222.21,-34.2753,-0.693657,-0.00126294,-0.0014338,-65.0388,4216.49,-34.2289,-0.692718,-0.00126266,0.00127101,-65.0407
1.859,151.497,1.38735,22.0754,-0.00101137,0.0231435,0.0142737,0.000670737,-0.000164687,0.00811162,3965.25,3,0.0836386,0,0,-0.0085215,0.00869965,0.0012304,-0.00124029,4012.44,-32.5481,-0.660795,0.000167395,0.00847502,-65.0831,4009.46,-32.5239,-0.660304,0.000168916,-0.00865849,-65.0855,4222.34,-34.2508,-0.695364,-0.00128737,-0.00143417,-65.0388,4216.61,-34.2043,-0.69442,-0.00128682,0.00127061,-65.0407
1.869,151.717,1.38987,22.0757,-0.00101708,-0.0226656,0.0154475,0.000670262,-0.000165079,0.00810563,3965.32,3,0.0837302,0,0,-0.00853131,0.00870883,0.00123144,-0.00124134,4012.49,-32.5245,-0.662378,0.000175109,0.00849241,-65.0841,4009.46,-32.4999,-0.661876,0.00017601,-0.00867191,-65.0866,4222.59,-34.2275,-0.697061,-0.00122637,-0.00142502,-65.0402,4216.84,-34.1809,-0.696111,-0.0012263,0.00126124,-65.0421
1.879,151.938,1.3924,22.076,-0.00102227,0.0981433,0.0121727,0.000671197,-0.000165475,0.00809972,3965.38,3,0.083871,0,0,-0.0085385,0.00871668,0.00123162,-0.00124153,4012.36,-32.4997,-0.663947,0.00017922,0.00849277,-65.0851,4009.38,-32.4756,-0.663454,0.000182967,-0.00867689,-65.0877,4222.22,-34.1996,-0.698674,-0.00132084,-0.00144214,-65.0401,4216.45,-34.1528,-0.697719,-0.00132,0.00127713,-65.0421
1.889,152.159,1.39493,22.0762,-0.00102669,-0.0476169,0.0143614,0.000673087,-0.000165873,0.00809388,3965.45,3,0.0839411,0,0,-0.00854746,0.00872798,0.00123197,-0.0012419,4012.17,-32.4747,-0.66551,0.000178177,0.0084966,-65.0862,4009.17,-32.4505,-0.665013,0.000182091,-0.00868283,-65.0888,4222.58,-34.1778,-0.700412,-0.00122558,-0.0014254,-65.042,4216.78,-34.1308,-0.699449,-0.0012255,0.00126006,-65.044
1.899,152.38,1.39746,22.0766,-0.00102979,0.0449519,0.0144507,0.000678101,-0.000166251,0.00808814,3965.52,3,0.0840606,0,0,-0.00856219,0.00874351,0.00123171,-0.00124166,4012.18,-32.4518,-0.667029,0.00018409,0.00851265,-65.0874,4009.18,-32.4275,-0.666531,0.000185252,-0.00869971,-65.0899,4222.58,-34.1536,-0.70201,-0.00129371,-0.00143513,-65.0415,4216.76,-34.1065,-0.701041,-0.00129301,0.00126921,-65.0434
1.909,152.6,1.39999,22.0769,-0.00103425,0.11946,0.0128726,0.000679304,-0.00016661,0.00808247,3965.58,3,0.0841741,0,0,-0.00857518,0.00875497,0.00123174,-0.00124172,4012.1,-32.4284,-0.668454,0.000183522,0.00852531,-65.0885,4009.13,-32.4044,-0.66796,0.000187415,-0.00871153,-65.0911,4222.45,-34.1285,-0.7035,-0.00131253,-0.00144154,-65.0432,4216.61,-34.0813,-0.702527,-0.0013118,0.00127475,-65.0452
1.919,152.821,1.40252,22.0771,-0.00103838,0.0108126,0.0148551,0.000682596,-0.000166964,0.00807687,3965.65,3,0.0842578,0,0,-0.00858149,0.00876077,0.0012316,-0.0012416,4012.13,-32.4062,-0.669882,0.000195541,0.00853505,-65.0896,4009.14,-32.382,-0.669383,0.000199722,-0.00872079,-65.0922,4222.73,-34.1072,-0.705045,-0.00127512,-0.00143345,-65.0442,4216.87,-34.0598,-0.704066,-0.00127471,0.00126614,-65.0462
1.929,153.042,1.40506,22.0774,-0.00104381,0.0562616,0.0135939,0.000681114,-0.000167326,0.00807133,3965.72,3,0.0843637,0,0,-0.00858613,0.00876636,0.00123191,-0.00124192,4012.12,-32.3838,-0.671332,0.000199603,0.00854304,-65.0907,4009.12,-32.3596,-0.67083,0.00020291,-0.00872928,-65.0933,4222.65,-34.0832,-0.70656,-0.00127101,-0.00143924,-65.0444,4216.77,-34.0357,-0.705576,-0.00127063,0.00127149,-65.0464
1.939,153.263,1.4076,22.0777,-0.0010477,0.031278,0.0143022,0.00068334,-0.000167688,0.00806587,3965.78,3,0.084447,0,0,-0.00859834,0.00878065,0.00123097,-0.001241,4011.98,-32.3608,-0.672761,0.000198867,0.00855027,-65.0918,4008.99,-32.3367,-0.672259,0.00020215,-0.00873871,-65.0944,4222.71,-34.0606,-0.708098,-0.00126922,-0.00143327,-65.0459,4216.8,-34.0129,-0.707106,-0.00126884,0.00126504,-65.0479
1.949,153.484,1.41013,22.078,-0.00105125,0.0363317,0.0142609,0.00068563,-0.000168028,0.0080605,3965.86,3,0.0845442,0,0,-0.00861076,0.0087935,0.00123129,-0.00124134,4011.94,-32.3389,-0.674119,0.000207074,0.00856311,-65.093,4008.96,-32.3149,-0.673619,0.000209629,-0.00875204,-65.0956,4222.92,-34.0396,-0.70957,-0.00126458,-0.00143612,-65.0469,4216.98,-33.9917,-0.708573,-0.00126428,0.00126735,-65.0488
1.959,153.704,1.41267,22.0783,-0.00105493,0.00776487,0.0141223,0.000688947,-0.000168349,0.0080552,3965.93,3,0.0846254,0,0,-0.00862061,0.00880248,0.00123129,-0.00124137,4012.03,-32.3184,-0.67542,0.000212149,0.00858226,-65.0942,4009.05,-32.2944,-0.674918,0.000212791,-0.008772,-65.0967,4223.03,-34.0181,-0.710942,-0.00126365,-0.00143322,-65.0477,4217.09,-33.9702,-0.709941,-0.00126317,0.00126379,-65.0496
1.969,153.925,1.41521,22.0787,-0.00105895,0.0636582,0.0137075,0.0006906,-0.000168669,0.00804997,3965.99,3,0.0847316,0,0,-0.00862779,0.00880857,0.00123124,-0.00124134,4011.9,-32.2964,-0.676682,0.000215476,0.00858153,-65.0953,4008.94,-32.2725,-0.676182,0.000217645,-0.00877027,-65.0978,4222.86,-33.9946,-0.712264,-0.00129637,-0.00144386,-65.0497,4216.9,-33.9466,-0.711259,-0.00129552,0.00127368,-65.0517
1.979,154.146,1.41776,22.079,-0.00106375,0.0154074,0.0145363,0.000689129,-0.000168997,0.00804481,3966.06,3,0.0847983,0,0,-0.00863292,0.00881574,0.00123137,-0.00124148,4011.8,-32.2748,-0.677983,0.00021916,0.00858644,-65.0963,4008.8,-32.2507,-0.677476,0.000222605,-0.0087755,-65.099,4223.08,-33.9746,-0.713688,-0.00126547,-0.00143461,-65.0496,4217.09,-33.9264,-0.712676,-0.0012651,0.0012643,-65.0516
1.989,154.367,1.4203,22.0793,-0.00106722,0.0650674,0.0143127,0.000691676,-0.000169322,0.00803972,3966.13,3,0.0848934,0,0,-0.00864423,0.00882872,0.00123025,-0.00124038,4011.78,-32.2543,-0.679281,0.000219928,0.00859582,-65.0975,4008.78,-32.2302,-0.678773,0.000222629,-0.00878684,-65.1002,4223.06,-33.953,-0.715056,-0.00128664,-0.00143952,-65.0501,4217.05,-33.9047,-0.714038,-0.00128611,0.00126877,-65.0521
1.999,154.587,1.42285,22.0797,-0.00106965,0.0677744,0.01491,0.000695951,-0.000169622,0.00803472,3966.21,3,0.0849732,0,0,-0.00865474,0.00883911,0.00123071,-0.00124086,4011.7,-32.2335,-0.68047,0.000222886,0.008605,-65.0988,4008.73,-32.2097,-0.679967,0.000224583,-0.00879597,-65.1014,4223.16,-33.9326,-0.716338,-0.00129114,-0.00143831,-65.0504,4217.13,-33.8842,-0.715317,-0.00129055,0.00126694,-65.0524
2.009,154.808,1.42539,22.08,-0.00129554,0.0309355,-0.0614207,0.00130148,-0.000176025,0.00802979,3966.28,3,0.0850423,0,0.0036,-0.0105543,0.00695953,0.00123091,-0.00124122,4012.5,-32.2202,-0.706299,0.000284975,0.0100991,-65.1495,4008.07,-32.1847,-0.705521,0.000178276,-0.00734247,-65.0527,4224.52,-33.9227,-0.743621,-0.00126578,-0.00148939,-65.0508,4216.02,-33.8545,-0.742125,-0.00124602,0.00120629,-65.0581
2.019,155.029,1.42792,22.0803,-0.00290931,0.00355434,-0.250363,-0.00171887,-0.000210956,0.00802497,3966.37,3,0.0851297,0,0.0076,-0.0129431,0.00458381,0.00123057,-0.00124197,4036.28,-32.3917,-0.851478,0.000143774,0.012215,-65.1449,3984.12,-31.9731,-0.840475,0.000316024,-0.00522452,-65.0583,4230.13,-33.9474,-0.892373,-0.00129278,-0.00141136,-65.0566,4210.26,-33.7879,-0.88818,-0.00121537,0.00128196,-65.0528
2.029,155.25,1.43042,22.0806,-0.00536073,-0.0209567,-0.433455,-0.00714387,-0.000304995,0.00802036,3966.47,3,0.0852034,0,0.0116,-0.0153342,0.00220941,0.0012291,-0.0012431,4070.94,-32.6511,-1.24162,0.000109792,0.0141389,-65.1614,3949.28,-31.6753,-1.20451,0.000335286,-0.00331146,-65.0428,4246.51,-34.0593,-1.29516,-0.0013331,-0.00123377,-65.0691,4194.42,-33.6415,-1.27928,-0.00119123,0.00145383,-65.0408
2.039,155.471,1.43285,22.0809,-0.00810309,0.0272333,-0.597993,-0.0146955,-0.000476483,0.00801609,3966.6,3,0.0853189,0,0.0156,-0.0177145,-0.000146116,0.00122653,-0.00124525,4113.52,-32.975,-1.96002,8.08546e-05,0.0159272,-65.1837,3907.06,-31.32,-1.86165,0.000391587,-0.00154339,-65.0216,4272.92,-34.2529,-2.03597,-0.00135955,-0.000958446,-65.0898,4167.33,-33.4064,-1.98566,-0.0011629,0.00175712,-65.0225
2.049,155.691,1.4352,22.0811,-0.0106768,0.0141782,-0.762735,-0.0240014,-0.000732461,0.00801224,3966.74,3,0.0854292,0,0.0196,-0.0200628,-0.00246518,0.00122316,-0.00124938,4160.38,-33.3347,-3.04732,6.04923e-05,0.0175785,-65.2123,3860.98,-30.9358,-2.82802,0.00043006,8.22477e-05,-64.9946,4308.41,-34.5208,-3.15574,-0.00140132,-0.000551435,-65.1171,4131.44,-33.1028,-3.02612,-0.00115376,0.0021534,-64.9981
2.059,155.912,1.43746,22.0813,-0.0127272,-0.0258538,-0.941408,-0.0347627,-0.00107142,0.00800883,3966.89,3,0.0855396,0,0.0236,-0.0223678,-0.00474903,0.00121791,-0.00125477,4208.76,-33.708,-4.50935,2.7022e-05,0.0191252,-65.2451,3814.07,-30.5469,-4.08648,0.000511864,0.0015921,-64.9637,4350.51,-34.8432,-4.66122,-0.00139517,-3.46887e-05,-65.1497,4089.19,-32.7503,-4.38124,-0.00110095,0.00266525,-64.9683
2.069,156.133,1.43961,22.0816,-0.0139318,0.081677,-1.05512,-0.0465291,-0.00148633,0.00800584,3967.04,3,0.0856887,0,0.0276,-0.0246327,-0.00699995,0.00121141,-0.00126213,4256.99,-34.0815,-6.32729,4.3429e-05,0.0205943,-65.2817,3767.25,-30.1607,-5.59938,0.00052579,0.00305288,-64.9291,4396.13,-35.1955,-6.5341,-0.00145183,0.000587079,-65.1853,4042.46,-32.364,-6.00842,-0.00112806,0.00330759,-64.9331
2.079,156.354,1.44162,22.0816,-0.0142358,-0.0886422,-1.33684,-0.0595069,-0.00196752,0.00800324,3967.18,3,0.0858138,0,0.0316,-0.0268346,-0.00918823,0.00120246,-0.00127099,4302.19,-34.4322,-8.46465,-6.82063e-05,0.0219709,-65.3206,3723.36,-29.7996,-7.32579,0.000655376,0.0044217,-64.8927,4444.22,-35.569,-8.7441,-0.00139717,0.00132307,-65.2247,3994.34,-31.9684,-7.85895,-0.00102684,0.00402014,-64.8955
2.089,156.575,1.44349,22.0818,-0.0133009,-0.0210726,-1.43738,-0.0728035,-0.00250536,0.00800098,3967.32,3,0.0859796,0,0.0356,-0.0290426,-0.0113656,0.00119157,-0.00128034,4347.02,-34.7813,-10.8909,4.42013e-05,0.0234036,-65.362,3680.39,-29.4475,-9.22072,0.000643367,0.00580689,-64.8541,4492.47,-35.9451,-11.2553,-0.00145674,0.00215232,-65.2653,3945.13,-31.5657,-9.88399,-0.00106581,0.00487283,-64.8547
2.099,156.795,1.4452,22.0819,-0.0111957,-0.0706087,-1.65716,-0.0867498,-0.00309155,0.00799897,3967.46,3,0.0861331,0,0.0396,-0.0312082,-0.013503,0.00117978,-0.00129264,4388.47,-35.1042,-13.5672,-1.92743e-05,0.0247524,-65.4029,3641.1,-29.1258,-11.2567,0.000763344,0.0071189,-64.8158,4541.1,-36.3251,-14.0391,-0.00142217,0.00307627,-65.3077,3896.48,-31.1686,-12.0462,-0.000982365,0.00578297,-64.8129
2.109,157.016,1.44674,22.0819,-0.00786123,-0.176544,-1.89476,-0.101155,-0.00371995,0.00799716,3967.57,3,0.0863126,0,0.0436,-0.0333273,-0.015597,0.0011672,-0.00130683,4428.29,-35.4147,-16.4731,-5.30256e-05,0.0261223,-65.444,3603.03,-28.8148,-13.4031,0.000868647,0.00844759,-64.7772,4589.4,-36.7032,-17.0724,-0.00139225,0.00408161,-65.3522,3847.9,-30.7732,-14.3141,-0.000912241,0.0067836,-64.7709
2.119,157.237,1.44807,22.082,-0.00318685,-0.00202114,-1.97959,-0.115535,-0.00438682,0.00799552,3967.68,3,0.0865611,0,0.0476,-0.0354305,-0.0176857,0.00115335,-0.00132069,4468.08,-35.7257,-19.6008,9.43457e-05,0.0275658,-65.487,3564.46,-28.5006,-15.6368,0.00077528,0.00988238,-64.7364,4637.3,-37.0788,-20.3431,-0.00149935,0.00515597,-65.3952,3798.5,-30.372,-16.6635,-0.00105369,0.00790945,-64.7257
2.129,157.458,1.44919,22.082,0.00269523,-0.018459,-2.20366,-0.130177,-0.00509033,0.00799409,3967.78,3,0.0867975,0,0.0516,-0.0375168,-0.0197484,0.00113624,-0.00133354,4506.04,-36.0229,-22.9374,3.0248e-05,0.0289666,-65.528,3527.85,-28.2029,-17.9581,0.000885337,0.011246,-64.6974,4686.22,-37.4633,-23.8546,-0.00149863,0.00629014,-65.4399,3749.35,-29.9737,-19.0856,-0.00103173,0.00906723,-64.6821
2.139,157.679,1.45008,22.0819,0.00980897,-0.0346348,-2.43599,-0.144887,-0.00583014,0.00799286,3967.86,3,0.087048,0,0.0556,-0.0395843,-0.0217902,0.0011205,-0.00135393,4544.06,-36.3214,-26.4928,5.73522e-05,0.0303619,-65.5703,3490.96,-27.9038,-20.353,0.000948568,0.0126449,-64.657,4735.97,-37.8554,-27.6117,-0.00148799,0.00749314,-65.4847,3698.97,-29.5665,-21.5657,-0.000978211,0.0102899,-64.6377
2.149,157.9,1.45071,22.0818,0.0181253,0.170124,-2.56946,-0.159562,-0.00660675,0.00799195,3967.94,3,0.0873895,0,0.0596,-0.0416146,-0.0237797,0.00110352,-0.00137308,4583.72,-36.6344,-30.284,0.000176935,0.0318824,-65.6117,3452.36,-27.5923,-22.8093,0.000889521,0.014149,-64.6172,4786.66,-38.2564,-31.6248,-0.00155539,0.00875379,-65.5297,3646.2,-29.1415,-24.0899,-0.00113492,0.0116142,-64.5924
2.159,158.12,1.45106,22.0815,0.0275924,-0.0179966,-2.78618,-0.174275,-0.00742097,0.00799137,3968.01,3,0.087661,0,0.0636,-0.043645,-0.025791,0.00108473,-0.00139275,4623.32,-36.9485,-34.3101,0.000113424,0.033408,-65.6531,3414.85,-27.2907,-25.342,0.00108229,0.0155989,-64.577,4839.71,-38.6778,-35.916,-0.00149989,0.010063,-65.5748,3593.59,-28.7191,-26.6684,-0.000961629,0.0129108,-64.5465
2.169,158.341,1.45112,22.0812,0.0381245,0.0170596,-3.0176,-0.188913,-0.00827286,0.0079912,3968.07,3,0.0880254,0,0.0676,-0.0456076,-0.0277274,0.00106607,-0.00141283,4664.23,-37.2748,-38.5874,0.000189359,0.0349194,-65.6928,3375.57,-26.9763,-27.9262,0.00111483,0.0170938,-64.5382,4894.05,-39.1115,-40.4887,-0.00152949,0.0114159,-65.6198,3537.97,-28.2742,-29.2698,-0.00101854,0.0143108,-64.5018
2.179,158.562,1.45085,22.0807,0.0496893,-0.0931679,-3.33463,-0.203593,-0.00916201,0.00799151,3968.11,3,0.0884047,0,0.0716,-0.047581,-0.0296718,0.00104609,-0.00143502,4704.51,-37.5985,-43.104,0.000150617,0.0365001,-65.7353,3336.86,-26.6682,-30.5732,0.00125481,0.01864,-64.4965,4950.09,-39.5612,-45.354,-0.00151627,0.0128044,-65.6641,3481.51,-27.8243,-31.8985,-0.00093121,0.0157118,-64.4541
2.189,158.783,1.45025,22.0803,0.0623724,-0.0679871,-3.55762,-0.217763,-0.0100874,0.00799235,3968.15,3,0.0888256,0,0.0756,-0.0496047,-0.0316417,0.00102493,-0.00145582,4745.08,-37.927,-47.8673,0.000105672,0.0380801,-65.7746,3298.19,-26.3622,-33.2714,0.00142625,0.0201924,-64.4577,5007.28,-40.0228,-50.5123,-0.00151526,0.0142275,-65.7086,3423.27,-27.362,-34.5332,-0.000866162,0.017166,-64.4088
2.199,159.004,1.44928,22.0798,0.0760415,0.0789069,-3.65512,-0.231711,-0.011047,0.00799373,3968.17,3,0.0893174,0,0.0796,-0.0515493,-0.0335338,0.00100352,-0.00148033,4788.35,-38.2799,-52.8991,0.000272437,0.0397923,-65.8146,3256.8,-26.0361,-35.9793,0.00140793,0.0218439,-64.4178,5065.47,-40.4953,-55.9605,-0.0015396,0.0157024,-65.7522,3363.39,-26.8883,-37.157,-0.000904707,0.018703,-64.3611
2.209,159.224,1.44794,22.079,0.0907038,-0.0877834,-3.94032,-0.246682,-0.0120324,0.00799553,3968.14,3,0.0898108,0,0.08,-0.0515759,-0.0335295,0.00098075,-0.00150553,4828.6,-38.6108,-58.1024,0.000237224,0.0400073,-65.8102,3218.56,-25.7365,-38.7288,0.00148948,0.0219852,-64.4209,5123.28,-40.9672,-61.6483,-0.00152622,0.0172457,-65.7988,3304.9,-26.4269,-39.7677,-0.000846367,0.0202799,-64.3117
2.219,159.445,1.4462,22.0783,0.107464,-0.122017,-4.10132,-0.258077,-0.0130228,0.00799739,3968.16,3,0.0903119,0,0.08,-0.0511245,-0.0330366,0.000957522,-0.00153122,4846.45,-38.7631,-63.1181,6.18296e-05,0.0394118,-65.8495,3200.28,-25.5966,-41.679,0.00170409,0.0214043,-64.3839,5177.94,-41.4144,-67.4353,-0.00151729,0.0186953,-65.8369,3250.2,-25.9959,-42.3292,-0.000706767,0.0217565,-64.2679
2.229,159.666,1.44407,22.0777,0.12579,0.137575,-3.86972,-0.267117,-0.0139922,0.00799904,3968.17,3,0.0908945,0,0.08,-0.0506448,-0.0325036,0.000935006,-0.00155458,4861.61,-38.8929,-68.0289,0.000424511,0.0393092,-65.8788,3184.32,-25.4746,-44.5584,0.00143811,0.0212188,-64.3565,5224.57,-41.7965,-73.1077,-0.0015219,0.0201622,-65.8695,3201.19,-25.6095,-44.7945,-0.000994884,0.0233086,-64.2299
2.239,159.887,1.44154,22.0768,0.144916,0.0449327,-4.10166,-0.275,-0.0149248,0.00800012,3968.14,3,0.0914109,0,0.08,-0.0501767,-0.0319748,0.000911983,-0.00158124,4866.09,-38.9345,-72.6308,0.00044639,0.0392247,-65.9023,3177.77,-25.4259,-47.431,0.00150377,0.0210826,-64.3341,5263.7,-42.1158,-78.5654,-0.00151167,0.0215193,-65.8962,3162.38,-25.3028,-47.2014,-0.000983034,0.0246958,-64.1977
2.249,160.108,1.4386,22.0761,0.164745,0.107824,-4.15682,-0.280933,-0.0158143,0.00800058,3968.07,3,0.0919447,0,0.08,-0.0497169,-0.0314544,0.000889583,-0.00160587,4867.87,-38.9515,-76.9884,0.000522141,0.0392727,-65.9184,3172.95,-25.3891,-50.1821,0.00150892,0.0210796,-64.3178,5296.21,-42.3789,-83.7628,-0.00150139,0.0228239,-65.9179,3129.7,-25.043,-49.4981,-0.00103727,0.0260409,-64.1707
2.259,160.328,1.43526,22.0753,0.184764,0.0233546,-4.35159,-0.28574,-0.0166608,0.00800046,3967.97,3,0.0924634,0,0.08,-0.0492544,-0.0309306,0.000867759,-0.00163189,4867.32,-38.947,-81.1008,0.000471323,0.0393658,-65.93,3170.2,-25.3671,-52.8229,0.00164237,0.0211266,-64.3052,5324.34,-42.604,-88.7158,-0.00150589,0.0240392,-65.935,3102.34,-24.8241,-51.6921,-0.000918968,0.0272751,-64.1485
2.269,160.549,1.43149,22.0746,0.204831,0.113076,-4.34878,-0.289221,-0.0174687,0.00799998,3967.86,3,0.0930312,0,0.08,-0.0488275,-0.0304361,0.000846636,-0.00165569,4869.17,-38.96,-85.0666,0.000615922,0.0396703,-65.9384,3165.09,-25.325,-55.2955,0.00158021,0.0213627,-64.295,5349.87,-42.8063,-93.4645,-0.00149282,0.0252038,-65.9477,3076.64,-24.6174,-53.7503,-0.00104625,0.0284942,-64.1305
2.279,160.77,1.42728,22.0737,0.224596,0.0797559,-4.50122,-0.291763,-0.0182443,0.00799937,3967.74,3,0.0935911,0,0.08,-0.0484345,-0.0299672,0.000826248,-0.00167954,4870.85,-38.971,-88.875,0.000620765,0.0399452,-65.9442,3160.13,-25.2838,-57.6607,0.0016443,0.0216005,-64.2868,5374.19,-42.9982,-98.0591,-0.00149516,0.0262913,-65.9577,3052.55,-24.423,-55.6977,-0.00103818,0.0296021,-64.1151
2.289,160.99,1.42264,22.073,0.24404,0.308029,-4.43835,-0.29318,-0.0189943,0.00799887,3967.62,3,0.0942074,0,0.08,-0.0480889,-0.0295389,0.00080682,-0.00170094,4876.08,-39.0111,-92.6288,0.000763311,0.04036,-65.9482,3152.16,-25.2188,-59.8801,0.00155969,0.0219599,-64.2804,5398.35,-43.1894,-102.55,-0.0014688,0.0273278,-65.9659,3027.29,-24.2198,-57.5081,-0.00122349,0.0306887,-64.1008
2.299,161.211,1.41754,22.072,0.262778,0.1175,-4.65703,-0.294588,-0.0197236,0.00799868,3967.49,3,0.0947696,0,0.08,-0.0477085,-0.0290733,0.000787446,-0.00172534,4882.2,-39.0596,-96.3073,0.000733022,0.0407521,-65.9494,3144.53,-25.1575,-62.0296,0.0017054,0.02227,-64.2764,5422.52,-43.3824,-106.966,-0.00149745,0.0282583,-65.9716,3003.5,-24.0292,-59.2477,-0.00105224,0.0316218,-64.09
2.309,161.432,1.41198,22.0712,0.281045,0.251179,-4.5816,-0.29478,-0.0204363,0.00799886,3967.37,3,0.0953951,0,0.08,-0.0473634,-0.0286627,0.000769419,-0.001745,4890.84,-39.1302,-99.9645,0.000811828,0.0411985,-65.9496,3134.49,-25.0781,-64.0662,0.00170918,0.0226588,-64.2732,5447.25,-43.5818,-111.337,-0.00149362,0.0291568,-65.9763,2977.91,-23.8253,-60.8658,-0.00113008,0.0325548,-64.0784
2.319,161.652,1.40595,22.0702,0.298519,0.25849,-4.66776,-0.294819,-0.0211334,0.0079995,3967.26,3,0.0960127,0,0.08,-0.0470376,-0.0282508,0.00075187,-0.001765,4899.83,-39.2058,-103.565,0.000887939,0.0416451,-65.9523,3124.42,-24.9999,-66.0393,0.00171457,0.0230436,-64.2681,5471.8,-43.7824,-115.655,-0.00148534,0.0299686,-65.9793,2952.86,-23.6272,-62.4131,-0.00114836,0.0333844,-64.0691
2.329,161.873,1.39945,22.0692,0.315192,0.18675,-4.86939,-0.294606,-0.0218148,0.00800057,3967.15,3,0.0966271,0,0.08,-0.0467218,-0.0278505,0.000735346,-0.00178434,4907.28,-39.2712,-107.068,0.000799648,0.0420246,-65.9514,3116.13,-24.9373,-67.9886,0.00189079,0.0233664,-64.2666,5495.79,-43.9808,-119.909,-0.00151229,0.0307162,-65.9819,2928.79,-23.4381,-63.9012,-0.00100434,0.0341299,-64.0608
2.339,162.094,1.39247,22.0682,0.331129,0.161579,-4.94013,-0.293955,-0.0224795,0.00800198,3967.04,3,0.0972427,0,0.08,-0.0464161,-0.0274584,0.000717654,-0.0018056,4916.62,-39.3534,-110.542,0.000776875,0.0424863,-65.9486,3106.77,-24.8671,-69.8503,0.0020371,0.0237172,-64.2671,5519,-44.175,-124.085,-0.00156729,0.0314139,-65.982,2905.53,-23.2564,-65.3258,-0.000827598,0.0348271,-64.0549
2.349,162.314,1.38499,22.0672,0.346219,0.240279,-4.95638,-0.293206,-0.0231255,0.00800363,3966.94,3,0.0979337,0,0.08,-0.046099,-0.0270598,0.000700941,-0.00182563,4925.36,-39.4322,-113.922,0.000922826,0.0429604,-65.9475,3096.99,-24.7943,-71.6324,0.00194966,0.0241496,-64.2659,5541.32,-44.3635,-128.169,-0.00151376,0.0321025,-65.9829,2881.79,-23.0714,-66.6548,-0.00108389,0.035556,-64.0461
2.359,162.535,1.37702,22.0661,0.360521,0.226968,-5.01239,-0.292114,-0.0237509,0.00800539,3966.84,3,0.098581,0,0.08,-0.0458005,-0.0266828,0.000684936,-0.00184441,4932.81,-39.5011,-117.181,0.00101633,0.0433825,-65.9453,3088.87,-24.7351,-73.3774,0.00199336,0.0245077,-64.2661,5561.94,-44.539,-132.126,-0.00153798,0.0327193,-65.9828,2860.81,-22.9088,-67.9597,-0.00103178,0.0361828,-64.0397
2.369,162.755,1.36856,22.0651,0.374037,0.314801,-5.06658,-0.290826,-0.0243535,0.00800713,3966.74,3,0.0992598,0,0.08,-0.0454962,-0.026296,0.000669338,-0.00186327,4939.06,-39.5603,-120.307,0.00100361,0.043742,-65.9404,3082.01,-24.6859,-75.0728,0.00205119,0.0248114,-64.269,5580.85,-44.7008,-135.94,-0.00150951,0.0332856,-65.9807,2840.99,-22.7554,-69.2018,-0.00111935,0.036764,-64.0363
2.379,162.976,1.35958,22.064,0.386675,0.276546,-5.22027,-0.289542,-0.0249317,0.00800883,3966.65,3,0.0999261,0,0.08,-0.0452363,-0.0259417,0.000653937,-0.00188208,4944.01,-39.6089,-123.288,0.00102403,0.0441365,-65.9394,3076.47,-24.6471,-76.7173,0.00211463,0.0251372,-64.2683,5598.98,-44.8562,-139.621,-0.00151217,0.0337959,-65.9797,2823.87,-22.6234,-70.4183,-0.00112088,0.0372851,-64.0294
2.389,163.196,1.35011,22.063,0.398628,0.333098,-5.172,-0.287879,-0.0254848,0.00801033,3966.56,3,0.100591,0,0.08,-0.0449893,-0.0256113,0.00063951,-0.0018993,4948.63,-39.6539,-126.142,0.00108599,0.0445268,-65.9333,3071.03,-24.6085,-78.2816,0.00215829,0.0254387,-64.2725,5614.11,-44.9864,-143.105,-0.00151356,0.0342868,-65.9753,2808.03,-22.501,-71.5775,-0.00113293,0.0377891,-64.0283
2.399,163.417,1.34011,22.0619,0.409791,0.310735,-5.1779,-0.286165,-0.0260125,0.00801163,3966.46,3,0.101236,0,0.08,-0.0447388,-0.0252964,0.000625863,-0.00191501,4951.6,-39.6846,-128.832,0.000994373,0.0448938,-65.9298,3067.35,-24.5833,-79.8074,0.00233375,0.0257261,-64.2741,5628.17,-45.107,-146.436,-0.00157019,0.0346997,-65.9733,2795.05,-22.401,-72.7226,-0.000948288,0.0381838,-64.0224
2.409,163.637,1.3296,22.0609,0.4201,0.347421,-5.23104,-0.284401,-0.0265147,0.00801271,3966.38,3,0.101913,0,0.08,-0.044498,-0.0249815,0.000616607,-0.00192472,4955.24,-39.7197,-131.418,0.00118833,0.0452245,-65.9256,3062.66,-24.5493,-81.2247,0.00226542,0.0260047,-64.2765,5641.51,-45.2206,-149.618,-0.00155829,0.0350931,-65.9701,2781.58,-22.2963,-73.7703,-0.00105314,0.0386361,-64.0185
2.419,163.857,1.31857,22.0598,0.429638,0.364722,-5.40822,-0.282903,-0.0269919,0.00801357,3966.29,3,0.102579,0,0.08,-0.0442514,-0.0246589,0.000599514,-0.00194661,4956.69,-39.7361,-133.823,0.00109309,0.0454559,-65.9202,3060.47,-24.5347,-82.6278,0.00240458,0.026208,-64.2804,5653.3,-45.3206,-152.63,-0.00156567,0.0354596,-65.9657,2770.27,-22.2083,-74.7928,-0.00102898,0.0389628,-64.017
2.429,164.078,1.30702,22.0588,0.438575,0.406328,-5.3189,-0.280919,-0.0274447,0.00801422,3966.21,3,0.103243,0,0.08,-0.0440589,-0.0243856,0.000587429,-0.00196071,4959.3,-39.7608,-136.141,0.00120334,0.0458251,-65.9149,3057.22,-24.511,-83.9256,0.00241433,0.0264554,-64.2844,5664.16,-45.4119,-155.49,-0.00153963,0.0357947,-65.9602,2759.74,-22.1259,-75.7592,-0.00109367,0.039301,-64.0165
2.439,164.298,1.29493,22.0578,0.446778,0.471287,-5.30236,-0.278938,-0.0278739,0.00801468,3966.14,3,0.103898,0,0.08,-0.0438565,-0.0241172,0.00057587,-0.00197457,4961.33,-39.7798,-138.328,0.00124293,0.0461057,-65.9105,3054.37,-24.4898,-85.1593,0.0024547,0.0266687,-64.2871,5674.08,-45.4946,-158.2,-0.00156091,0.0360826,-65.9563,2750.57,-22.054,-76.6891,-0.00103968,0.03959,-64.0134
2.449,164.518,1.28232,22.0567,0.454148,0.43456,-5.46645,-0.277492,-0.0282803,0.00801496,3966.06,3,0.104559,0,0.08,-0.0436318,-0.0238411,0.000563805,-0.00198899,4962.39,-39.7901,-140.375,0.00127789,0.0463635,-65.9057,3052.59,-24.4767,-86.3512,0.00249122,0.0268878,-64.2903,5683.25,-45.5702,-160.767,-0.00153301,0.0363364,-65.9523,2741.92,-21.9857,-77.5632,-0.00111351,0.0398497,-64.011
2.459,164.738,1.26918,22.0558,0.461066,0.452172,-5.39246,-0.275536,-0.0286649,0.00801508,3965.98,3,0.105201,0,0.08,-0.0434685,-0.0236097,0.000553387,-0.00200096,4963.17,-39.7974,-142.308,0.00129791,0.0465821,-65.8998,3050.97,-24.4644,-87.48,0.00255327,0.0270345,-64.2948,5691.6,-45.6384,-163.194,-0.00155335,0.0365734,-65.9472,2734.21,-21.9244,-78.3975,-0.00105685,0.0401034,-64.0104
2.469,164.959,1.25549,22.0548,0.467247,0.469927,-5.44724,-0.273732,-0.0290282,0.00801511,3965.92,3,0.10585,0,0.08,-0.043287,-0.0233623,0.000543366,-0.00201267,4964.46,-39.8083,-144.15,0.00136828,0.0468298,-65.8963,3049.2,-24.4505,-88.5379,0.00258216,0.0272329,-64.2974,5699.12,-45.6993,-165.482,-0.00155599,0.036771,-65.941,2727.15,-21.8681,-79.1867,-0.00108508,0.0402922,-64.0104
2.479,165.179,1.24127,22.0538,0.472884,0.433821,-5.48149,-0.271884,-0.0293709,0.00801504,3965.86,3,0.106466,0,0.08,-0.0431405,-0.0231547,0.000534125,-0.0020234,4964.92,-39.812,-145.866,0.00137279,0.0470271,-65.8906,3049.13,-24.4499,-89.5813,0.00270561,0.0273366,-64.3019,5706.19,-45.756,-167.644,-0.00157123,0.036928,-65.9364,2721.58,-21.8235,-79.9583,-0.00100867,0.0404243,-64.0091
2.489,165.399,1.22651,22.0529,0.477929,0.508034,-5.45507,-0.270093,-0.0296935,0.00801486,3965.81,3,0.107116,0,0.08,-0.042973,-0.022935,0.000524104,-0.00203527,4965.88,-39.8192,-147.498,0.00144862,0.0472356,-65.8855,3046.99,-24.4325,-90.5024,0.00266907,0.0275154,-64.306,5712.78,-45.8083,-169.682,-0.001552,0.0370903,-65.9319,2715.33,-21.773,-80.6514,-0.00109382,0.040598,-64.0082
2.499,165.619,1.21121,22.052,0.482423,0.542144,-5.47967,-0.268326,-0.0299968,0.00801457,3965.75,3,0.107738,0,0.08,-0.0428032,-0.0227309,0.000516116,-0.00204441,4966.07,-39.8197,-149.011,0.00153079,0.0473831,-65.8791,3046.19,-24.4254,-91.4032,0.00268365,0.027625,-64.3112,5718.67,-45.8543,-171.593,-0.00154238,0.0372226,-65.9257,2710.01,-21.7298,-81.3158,-0.00114503,0.0407325,-64.0089
2.509,165.839,1.19537,22.0511,0.48642,0.515146,-5.5398,-0.266669,-0.0302811,0.00801423,3965.7,3,0.108346,0,0.08,-0.0426705,-0.0225492,0.000508055,-0.0020534,4965.29,-39.8121,-150.4,0.00150854,0.0475323,-65.8758,3046.65,-24.4283,-92.2841,0.00277839,0.0277316,-64.314,5723.59,-45.8922,-173.369,-0.00157438,0.037294,-65.9208,2706.43,-21.7004,-81.9786,-0.00105361,0.040793,-64.0079
2.519,166.059,1.17898,22.0503,0.490022,0.646188,-5.40529,-0.264641,-0.0305471,0.00801379,3965.66,3,0.108965,0,0.08,-0.04257,-0.0223953,0.000501131,-0.00206089,4965.53,-39.8121,-151.73,0.00155907,0.0476704,-65.87,3045.84,-24.4207,-93.0707,0.0027678,0.0278228,-64.319,5728.28,-45.9276,-175.037,-0.00155527,0.0374059,-65.9152,2702.06,-21.6643,-82.5658,-0.00114175,0.0409088,-64.0085
2.529,166.279,1.16205,22.0494,0.49303,0.652918,-5.45052,-0.263194,-0.0307953,0.00801331,3965.62,3,0.109568,0,0.08,-0.042447,-0.0222249,0.00049355,-0.00206975,4964.97,-39.8055,-152.946,0.00160736,0.0477991,-65.8661,3045.95,-24.4202,-93.8306,0.00278968,0.0279238,-64.3225,5732.3,-45.9575,-176.584,-0.00153079,0.0374748,-65.9099,2698.68,-21.6361,-83.1331,-0.00121965,0.0409781,-64.0086
2.539,166.498,1.14457,22.0485,0.495568,0.566635,-5.54,-0.261971,-0.0310265,0.00801274,3965.58,3,0.110147,0,0.08,-0.0423016,-0.0220545,0.000484052,-0.00208084,4964.51,-39.7994,-154.081,0.00165738,0.0479513,-65.8615,3046.47,-24.4228,-94.5516,0.00282887,0.0280012,-64.3265,5735.62,-45.9812,-178.013,-0.00152276,0.0375162,-65.9051,2696.44,-21.6168,-83.6881,-0.00120152,0.0410114,-64.0087
2.549,166.718,1.12655,22.0478,0.497819,0.598869,-5.54279,-0.260266,-0.0312416,0.00801209,3965.54,3,0.110709,0,0.08,-0.0421522,-0.0218991,0.000478644,-0.00208659,4963.13,-39.7853,-155.106,0.00162768,0.0479688,-65.8564,3047.49,-24.4292,-95.2392,0.00292506,0.0280161,-64.331,5738.54,-46.0011,-179.339,-0.00156414,0.037529,-65.8999,2694.85,-21.6024,-84.2188,-0.00109167,0.0410134,-64.0093
2.559,166.938,1.10798,22.047,0.499555,0.623915,-5.70342,-0.25893,-0.0314407,0.00801141,3965.51,3,0.111278,0,0.08,-0.0420597,-0.021758,0.000472901,-0.00209258,4962.03,-39.7734,-156.061,0.0017005,0.0480071,-65.8533,3048.4,-24.4346,-95.8756,0.00292517,0.0280729,-64.3338,5741.29,-46.0196,-180.57,-0.00158816,0.0375402,-65.8949,2692.96,-21.5856,-84.6966,-0.00109442,0.0410243,-64.0091
2.569,167.158,1.08886,22.0463,0.501208,0.730084,-5.42968,-0.25708,-0.0316249,0.00801068,3965.49,3,0.111849,0,0.08,-0.042027,-0.0216827,0.00046788,-0.00209759,4961.26,-39.7638,-156.952,0.00171453,0.0481685,-65.8488,3048.64,-24.4344,-96.4451,0.0029463,0.0281303,-64.3382,5743.2,-46.031,-181.689,-0.00152348,0.0375582,-65.8896,2691.5,-21.572,-85.147,-0.00122054,0.0410423,-64.0105
2.579,167.377,1.06919,22.0456,0.502301,0.630366,-5.53714,-0.255925,-0.0317945,0.00800991,3965.47,3,0.112373,0,0.08,-0.0419376,-0.0215488,0.000462062,-0.00210426,4959.84,-39.7488,-157.749,0.00170449,0.0482259,-65.8457,3050.47,-24.4469,-97.0209,0.0030447,0.0281383,-64.3411,5744.79,-46.0395,-182.714,-0.00159327,0.0375253,-65.8859,2691.54,-21.5703,-85.6048,-0.00105708,0.0409937,-64.0103
2.589,167.597,1.04898,22.0449,0.50316,0.721616,-5.48314,-0.254512,-0.0319504,0.00800908,3965.45,3,0.112919,0,0.08,-0.041847,-0.0214668,0.0004573,-0.00210881,4958.3,-39.7326,-158.474,0.00175428,0.0482724,-65.8407,3051.69,-24.4542,-97.536,0.00303983,0.0281728,-64.3459,5746.22,-46.0464,-183.657,-0.00155542,0.0375139,-65.8802,2690.7,-21.5615,-85.9985,-0.00116032,0.0409833,-64.0116
2.599,167.816,1.02822,22.0443,0.503773,0.705288,-5.47498,-0.253038,-0.0320933,0.00800822,3965.43,3,0.113427,0,0.08,-0.0417603,-0.0213705,0.00045309,-0.00211308,4955.97,-39.7098,-159.108,0.00170191,0.0482028,-65.8362,3053.42,-24.4656,-98.0279,0.00316242,0.028132,-64.3502,5747.12,-46.049,-184.507,-0.00160665,0.0374603,-65.8758,2691.17,-21.5631,-86.3981,-0.00103572,0.0409164,-64.0125
2.609,168.036,1.00691,22.0437,0.504016,0.737679,-5.51879,-0.252021,-0.0322233,0.00800735,3965.42,3,0.113948,0,0.08,-0.0416869,-0.02127,0.000447865,-0.0021186,4954.43,-39.6933,-159.704,0.00178536,0.0482781,-65.835,3054.66,-24.473,-98.4655,0.00313318,0.0281536,-64.3517,5747.83,-46.0497,-185.278,-0.00156982,0.0374207,-65.872,2691.32,-21.562,-86.7534,-0.00111473,0.0408736,-64.0118
2.619,168.255,0.98505,22.0431,0.504064,0.682653,-5.57394,-0.250839,-0.0323416,0.00800643,3965.42,3,0.114425,0,0.08,-0.0416519,-0.0212148,0.000445073,-0.00212146,4952.65,-39.6746,-160.232,0.00173396,0.0482969,-65.8308,3058.01,-24.4971,-98.9355,0.00332498,0.0280957,-64.3564,5748.09,-46.0467,-185.967,-0.0016282,0.0373505,-65.8668,2692.27,-21.5672,-87.1026,-0.000979689,0.0407903,-64.0143
2.629,168.475,0.962645,22.0426,0.503928,0.788205,-5.42906,-0.249593,-0.0324485,0.00800553,3965.41,3,0.114942,0,0.08,-0.0415947,-0.0211454,0.000440288,-0.00212559,4951.88,-39.6642,-160.738,0.00186189,0.0483696,-65.8285,3057.42,-24.4897,-99.2435,0.00317769,0.0281624,-64.3587,5748.25,-46.043,-186.588,-0.00158189,0.0373136,-65.8634,2692.49,-21.5666,-87.3979,-0.0011083,0.0407573,-64.0141
2.639,168.694,0.939692,22.042,0.503536,0.78529,-5.44005,-0.248594,-0.0325449,0.00800458,3965.4,3,0.115423,0,0.08,-0.0415203,-0.0210782,0.000437158,-0.00212856,4950.07,-39.645,-161.156,0.00189151,0.0483434,-65.8249,3058.76,-24.4975,-99.5822,0.00320473,0.0281605,-64.3624,5748.16,-46.037,-187.14,-0.00156651,0.0372474,-65.8596,2693.44,-21.5718,-87.6889,-0.00113213,0.0406873,-64.0152
2.649,168.913,0.916192,22.0415,0.502995,0.797955,-5.39844,-0.247562,-0.0326313,0.00800363,3965.4,3,0.115896,0,0.08,-0.0414749,-0.0210289,0.000434241,-0.002131,4948.35,-39.6267,-161.528,0.00193684,0.048332,-65.8231,3060.2,-24.5063,-99.8939,0.00320636,0.0281491,-64.3647,5747.8,-46.0288,-187.625,-0.00156621,0.0371845,-65.8564,2694.54,-21.5781,-87.9576,-0.00114963,0.0406217,-64.0152
2.659,169.132,0.892146,22.041,0.502229,0.767663,-5.50822,-0.246684,-0.0327081,0.00800267,3965.41,3,0.116341,0,0.08,-0.0414347,-0.020974,0.000431481,-0.00213324,4945.62,-39.6002,-161.82,0.00185903,0.0482777,-65.8195,3063.17,-24.5272,-100.226,0.00334137,0.0280782,-64.3687,5747.11,-46.0178,-188.044,-0.00159151,0.0370778,-65.8524,2696.5,-21.5912,-88.2288,-0.00105649,0.0404989,-64.0166
2.669,169.351,0.867554,22.0406,0.501359,0.805761,-5.4563,-0.245799,-0.0327757,0.00800175,3965.42,3,0.116803,0,0.08,-0.0413923,-0.0208962,0.000427897,-0.00213694,4944.31,-39.5852,-162.111,0.00193807,0.0482889,-65.8179,3064.23,-24.5329,-100.468,0.00329587,0.0280546,-64.3712,5746.21,-46.0054,-188.404,-0.00157012,0.0370074,-65.849,2697.55,-21.5972,-88.4457,-0.0011107,0.0404312,-64.0181
2.679,169.57,0.842416,22.0402,0.500365,0.873076,-5.40173,-0.244863,-0.0328349,0.00800077,3965.43,3,0.11725,0,0.08,-0.0413593,-0.0208825,0.000425764,-0.00213844,4942.63,-39.567,-162.349,0.00198406,0.0482778,-65.8166,3065.39,-24.5392,-100.688,0.00327681,0.0280622,-64.3729,5745.54,-45.9945,-188.722,-0.00157216,0.0369278,-65.8466,2699.15,-21.6074,-88.6583,-0.00114151,0.040348,-64.0172
2.689,169.789,0.816734,22.0398,0.49923,0.826084,-5.46025,-0.24413,-0.0328862,0.00799975,3965.43,3,0.117657,0,0.08,-0.0413216,-0.0208672,0.000424063,-0.00213931,4939.73,-39.5388,-162.508,0.0018999,0.0481782,-65.8137,3068.12,-24.558,-100.935,0.00341755,0.027996,-64.3763,5743.49,-45.9723,-188.95,-0.0016129,0.03682,-65.8429,2701.68,-21.6249,-88.8801,-0.0010111,0.0402264,-64.0188
2.699,170.008,0.790508,22.0394,0.498029,0.853096,-5.35464,-0.243212,-0.0329299,0.00799872,3965.45,3,0.118089,0,0.08,-0.0412827,-0.0208373,0.000421452,-0.00214134,4938.95,-39.5275,-162.698,0.00209396,0.048215,-65.8129,3068.7,-24.5595,-101.089,0.00329568,0.0279979,-64.3781,5743,-45.9625,-189.185,-0.00155134,0.0367448,-65.8403,2702.9,-21.6319,-89.0384,-0.00116941,0.0401586,-64.0195
2.709,170.227,0.763738,22.0391,0.496689,0.861358,-5.43194,-0.242612,-0.0329665,0.00799769,3965.47,3,0.118489,0,0.08,-0.0412645,-0.0208012,0.000419792,-0.00214292,4936,-39.499,-162.782,0.00198954,0.0481212,-65.8106,3071.84,-24.5816,-101.305,0.00342661,0.0279001,-64.3813,5741.6,-45.9455,-189.349,-0.00159252,0.0366333,-65.8374,2705.48,-21.6498,-89.2225,-0.00106404,0.0400306,-64.0208
2.719,170.446,0.736426,22.0387,0.495241,0.778725,-5.49997,-0.242116,-0.0329965,0.00799666,3965.49,3,0.118868,0,0.08,-0.0412508,-0.0207703,0.000418207,-0.00214376,4934.33,-39.4805,-162.875,0.00200781,0.0481254,-65.8089,3074.57,-24.6002,-101.487,0.0035234,0.0278361,-64.384,5740.41,-45.9301,-189.482,-0.00162435,0.0365265,-65.8338,2708.11,-21.6681,-89.3908,-0.000985818,0.0399121,-64.0218
2.729,170.664,0.708572,22.0384,0.493778,0.908775,-5.40106,-0.2415,-0.0330206,0.00799559,3965.52,3,0.119295,0,0.08,-0.0412192,-0.0207648,0.000416693,-0.00214463,4932.81,-39.463,-162.944,0.00207876,0.0480857,-65.8063,3074.39,-24.5955,-101.555,0.00341618,0.0278635,-64.3875,5738.98,-45.9125,-189.574,-0.00156533,0.0364606,-65.8306,2709.22,-21.6741,-89.4927,-0.00117424,0.0398614,-64.0241
2.739,170.883,0.680177,22.0382,0.49223,0.893816,-5.4547,-0.241019,-0.0330391,0.00799448,3965.53,3,0.11966,0,0.08,-0.0411785,-0.0207559,0.000415624,-0.00214487,4930.47,-39.4389,-162.958,0.00207657,0.0480037,-65.805,3076.38,-24.608,-101.678,0.0034699,0.027812,-64.3896,5737.21,-45.892,-189.621,-0.00158036,0.0363525,-65.8282,2712,-21.6933,-89.6346,-0.00110287,0.0397377,-64.0248
2.749,171.101,0.651242,22.0379,0.490705,0.90503,-5.45929,-0.24038,-0.0330525,0.00799336,3965.57,3,0.120021,0,0.08,-0.0411875,-0.0207589,0.000414684,-0.00214482,4927.46,-39.4093,-162.924,0.00193614,0.0478785,-65.8043,3079.5,-24.6295,-101.822,0.00362182,0.027707,-64.3915,5735.45,-45.8715,-189.64,-0.0016415,0.0362431,-65.8265,2714.66,-21.7116,-89.759,-0.000983823,0.0396141,-64.0249
2.759,171.32,0.621767,22.0377,0.489104,0.94009,-5.36635,-0.239913,-0.0330608,0.00799226,3965.6,3,0.120408,0,0.08,-0.0411642,-0.0207177,0.000413516,-0.00214568,4927.04,-39.4005,-162.951,0.0021286,0.0479206,-65.8042,3079.26,-24.6242,-101.84,0.00345362,0.0277226,-64.3929,5734.05,-45.854,-189.641,-0.00156902,0.0361725,-65.8253,2716.21,-21.721,-89.8328,-0.00115404,0.0395514,-64.0248
2.769,171.538,0.591754,22.0376,0.487519,0.990337,-5.32213,-0.239319,-0.0330647,0.0079911,3965.64,3,0.12076,0,0.08,-0.0411752,-0.0207234,0.000413002,-0.00214575,4925,-39.3786,-162.903,0.00214641,0.0478618,-65.8029,3081.07,-24.6351,-101.912,0.00347406,0.0276445,-64.3956,5732.08,-45.8317,-189.599,-0.0015572,0.0360748,-65.8226,2718.38,-21.7352,-89.9153,-0.00116674,0.0394525,-64.0271
2.779,171.756,0.561203,22.0374,0.485883,0.988057,-5.29553,-0.23897,-0.0330646,0.00798991,3965.67,3,0.121096,0,0.08,-0.0411608,-0.0207498,0.000412463,-0.00214512,4923.43,-39.3601,-162.851,0.00216391,0.0478162,-65.8027,3082.7,-24.6445,-101.966,0.00350382,0.0276248,-64.3969,5730.33,-45.8108,-189.54,-0.0015654,0.0359902,-65.8214,2721.03,-21.7532,-90.0028,-0.00113906,0.0393599,-64.0268
2.789,171.975,0.530115,22.0372,0.484223,0.995626,-5.32008,-0.238567,-0.0330609,0.00798865,3965.7,3,0.121434,0,0.08,-0.0411417,-0.0207555,0.000412215,-0.00214435,4921.6,-39.3393,-162.772,0.00216349,0.0477328,-65.8008,3084.22,-24.6527,-102.004,0.00353323,0.0275672,-64.4,5728.47,-45.7887,-189.457,-0.00155759,0.035885,-65.8196,2723.14,-21.7666,-90.0623,-0.00115185,0.039254,-64.0287
2.799,172.193,0.498491,22.0371,0.48262,1.04045,-5.23556,-0.238081,-0.0330536,0.00798741,3965.74,3,0.12177,0,0.08,-0.0411388,-0.0207539,0.000411377,-0.002145,4920.38,-39.3234,-162.696,0.00226054,0.0476801,-65.8002,3084.83,-24.6538,-102.002,0.00346344,0.0275368,-64.402,5726.63,-45.7669,-189.355,-0.00153926,0.0358035,-65.818,2725.1,-21.7788,-90.1072,-0.00121619,0.0391753,-64.0291
2.809,172.411,0.466332,22.037,0.480999,1.08771,-5.21164,-0.237695,-0.0330432,0.00798613,3965.79,3,0.122091,0,0.08,-0.0411511,-0.0207557,0.000411784,-0.00214333,4918.14,-39.2992,-162.571,0.00221092,0.0476219,-65.8004,3086.69,-24.6647,-102.032,0.00351702,0.0274478,-64.4036,5724.78,-45.7448,-189.234,-0.00155413,0.0357078,-65.8161,2727.57,-21.7951,-90.1604,-0.00117684,0.0390711,-64.0305
2.819,172.629,0.433639,22.0369,0.479287,0.967163,-5.34009,-0.237738,-0.03303,0.00798481,3965.84,3,0.122376,0,0.08,-0.041157,-0.0207656,0.000410634,-0.00214416,4916.35,-39.2784,-162.446,0.00221373,0.0475811,-65.7999,3089.64,-24.6842,-102.088,0.00365601,0.0273805,-64.4058,5722.78,-45.7213,-189.093,-0.00157288,0.0356132,-65.8138,2730.26,-21.813,-90.2135,-0.00112312,0.0389678,-64.0323
2.829,172.847,0.400412,22.0368,0.477673,1.04417,-5.28935,-0.237457,-0.0330145,0.00798341,3965.88,3,0.122696,0,0.08,-0.0411395,-0.0207823,0.000410752,-0.00214333,4915,-39.2607,-162.325,0.00221069,0.0475373,-65.8008,3089.93,-24.6822,-102.05,0.00360689,0.0273825,-64.4062,5720.96,-45.6986,-188.943,-0.00158299,0.0355308,-65.815,2732.35,-21.8258,-90.2399,-0.00111483,0.0388844,-64.0309
2.839,173.065,0.366652,22.0368,0.476072,1.02446,-5.30548,-0.237219,-0.0329968,0.00798197,3965.92,3,0.122985,0,0.08,-0.0411399,-0.0208005,0.000411062,-0.00214202,4913.32,-39.2402,-162.183,0.00227967,0.0474652,-65.7983,3090.95,-24.6858,-102.028,0.00361658,0.0273315,-64.4097,5719.34,-45.6774,-188.789,-0.00156898,0.0354505,-65.8128,2734.4,-21.8383,-90.2593,-0.0011513,0.038802,-64.0333
2.849,173.282,0.332361,22.0368,0.474573,1.02906,-5.30913,-0.236935,-0.0329771,0.00798048,3965.98,3,0.123257,0,0.08,-0.0411509,-0.0208111,0.000408243,-0.00214456,4910.4,-39.2095,-161.989,0.00212268,0.0473316,-65.8001,3093.96,-24.7053,-102.067,0.00377208,0.0272024,-64.4104,5717.25,-45.6522,-188.607,-0.00160729,0.0353383,-65.8119,2737.49,-21.8589,-90.3073,-0.00100757,0.0386727,-64.0338
2.859,173.5,0.297539,22.0367,0.473008,1.11102,-5.23021,-0.236773,-0.0329556,0.00797896,3966.04,3,0.123572,0,0.08,-0.041172,-0.0208341,0.000411332,-0.00214026,4910.24,-39.2007,-161.879,0.00226603,0.0473542,-65.8003,3093.32,-24.6954,-101.979,0.00361514,0.0272533,-64.4122,5715.79,-45.6318,-188.436,-0.00154999,0.0352874,-65.8105,2738.62,-21.8637,-90.2858,-0.00118269,0.0386365,-64.0351
2.869,173.718,0.262186,22.0368,0.471505,1.07515,-5.25861,-0.236633,-0.0329328,0.0079774,3966.09,3,0.123824,0,0.08,-0.0411737,-0.0208354,0.000411164,-0.00214003,4909,-39.1831,-161.725,0.00223077,0.0473232,-65.8001,3095.42,-24.7073,-101.978,0.00372621,0.0271518,-64.4141,5713.85,-45.6073,-188.241,-0.00160808,0.0351997,-65.8098,2741.29,-21.8807,-90.311,-0.00104364,0.0385342,-64.036
2.879,173.935,0.226304,22.0368,0.470013,1.11948,-5.21031,-0.236595,-0.0329088,0.00797577,3966.14,3,0.124112,0,0.08,-0.0411507,-0.0208472,0.000411217,-0.00213947,4908.35,-39.1699,-161.586,0.00235786,0.0472968,-65.8012,3095.06,-24.6994,-101.891,0.00361142,0.0271704,-64.4147,5712.39,-45.5863,-188.056,-0.00155269,0.0351483,-65.8093,2742.41,-21.8851,-90.2818,-0.00121812,0.0384913,-64.0356
2.889,174.152,0.189894,22.0368,0.468555,1.11612,-5.34187,-0.236605,-0.0328838,0.00797406,3966.2,3,0.124361,0,0.08,-0.0411483,-0.0208613,0.000411238,-0.00213866,4905.21,-39.1364,-161.36,0.00215102,0.0471232,-65.8024,3097.53,-24.7138,-101.895,0.0037767,0.0270805,-64.4155,5710.63,-45.5625,-187.855,-0.00159598,0.0350437,-65.8102,2745.4,-21.9043,-90.3119,-0.00102955,0.0383716,-64.0359
2.899,174.37,0.152955,22.0369,0.467293,1.20288,-5.06389,-0.236074,-0.032858,0.00797233,3966.26,3,0.124642,0,0.08,-0.0411962,-0.0208971,0.000413155,-0.00213577,4905.78,-39.1324,-161.252,0.00234992,0.0471864,-65.8027,3096.29,-24.6985,-101.775,0.00361276,0.0271039,-64.4172,5709.25,-45.5416,-187.662,-0.00155741,0.0350177,-65.81,2746.18,-21.9058,-90.2666,-0.00119235,0.0383591,-64.0365
2.909,174.587,0.11549,22.0369,0.465865,1.07602,-5.27575,-0.236356,-0.0328312,0.00797057,3966.33,3,0.124855,0,0.08,-0.0412019,-0.0208717,0.000411821,-0.00213711,4903.8,-39.108,-161.056,0.00227866,0.0471046,-65.8022,3099.62,-24.7196,-101.801,0.00379728,0.0269608,-64.4199,5707.57,-45.5181,-187.454,-0.00159753,0.034921,-65.8079,2748.99,-21.9233,-90.2852,-0.00106029,0.0382521,-64.039
2.919,174.804,0.0774981,22.037,0.464589,1.16137,-5.19818,-0.236204,-0.0328041,0.00796871,3966.39,3,0.125115,0,0.08,-0.0412137,-0.0209222,0.000412514,-0.00213536,4902.87,-39.0914,-160.892,0.00233348,0.0470714,-65.8036,3099.46,-24.7125,-101.711,0.00372654,0.0269847,-64.4205,5706.02,-45.495,-187.248,-0.00156135,0.0348737,-65.8086,2750.27,-21.9283,-90.2524,-0.0011507,0.0382034,-64.0387
2.929,175.021,0.0389806,22.0371,0.463302,1.16871,-5.22099,-0.236295,-0.0327766,0.00796678,3966.45,3,0.125351,0,0.08,-0.041197,-0.0209341,0.000412871,-0.00213468,4901.82,-39.0736,-160.723,0.00232914,0.0470246,-65.8033,3100.14,-24.7119,-101.648,0.00374464,0.0269497,-64.4227,5704.52,-45.472,-187.041,-0.00156855,0.0348203,-65.8082,2751.95,-21.9364,-90.2319,-0.00113865,0.038143,-64.0402
2.939,175.238,-6.19402e-05,22.0372,0.462106,1.1664,-5.21689,-0.236317,-0.0327489,0.00796479,3966.51,3,0.125583,0,0.08,-0.0411958,-0.0209408,0.000413327,-0.00213369,4900.34,-39.0519,-160.538,0.00228676,0.0469553,-65.8035,3101.13,-24.7136,-101.595,0.0037859,0.0269018,-64.4247,5703.11,-45.4494,-186.837,-0.00157313,0.0347662,-65.8073,2753.76,-21.9454,-90.2149,-0.00111646,0.0380797,-64.0419
2.949,175.455,-0.0396286,22.0374,0.461013,1.23054,-5.11926,-0.236072,-0.0327211,0.00796278,3966.59,3,0.125821,0,0.08,-0.0412389,-0.020964,0.000414026,-0.00213219,4899.88,-39.0383,-160.386,0.00239624,0.0469432,-65.8065,3100.88,-24.7054,-101.5,0.00369072,0.0268862,-64.4241,5701.9,-45.4282,-186.639,-0.00154526,0.0347111,-65.8086,2754.93,-21.9491,-90.1766,-0.00119326,0.0380392,-64.0408
2.959,175.671,-0.0797187,22.0374,0.459864,1.16503,-5.1805,-0.236238,-0.0326931,0.00796071,3966.67,3,0.126033,0,0.08,-0.0412587,-0.0209691,0.000413588,-0.00213231,4898.8,-39.0196,-160.214,0.00238956,0.0469258,-65.8068,3102.13,-24.7089,-101.454,0.00378231,0.0268414,-64.4263,5700.58,-45.4059,-186.436,-0.00154232,0.0346597,-65.808,2756.38,-21.9549,-90.1468,-0.00120395,0.0379867,-64.0427
2.969,175.888,-0.120332,22.0376,0.458785,1.18172,-5.22294,-0.236276,-0.0326655,0.00795856,3966.73,3,0.126238,0,0.08,-0.0412552,-0.0209873,0.000414397,-0.00213113,4897.92,-39.002,-160.05,0.00236139,0.0468557,-65.8078,3103.09,-24.7098,-101.4,0.003817,0.0267869,-64.4273,5699.28,-45.3832,-186.236,-0.00158674,0.0345983,-65.8093,2758.28,-21.9642,-90.1327,-0.00108835,0.0379126,-64.0423
2.979,176.105,-0.161467,22.0378,0.457865,1.22511,-5.0718,-0.236001,-0.0326381,0.00795634,3966.79,3,0.126453,0,0.08,-0.041258,-0.0210185,0.000415061,-0.00213044,4897.51,-38.9878,-159.902,0.00242578,0.0468219,-65.8092,3102.95,-24.7018,-101.31,0.00376784,0.0267728,-64.4282,5698.17,-45.3616,-186.044,-0.00156734,0.0345663,-65.8096,2759.31,-21.9662,-90.0907,-0.00114464,0.0378879,-64.0429
2.989,176.321,-0.203125,22.038,0.456878,1.27894,-5.03676,-0.236112,-0.032611,0.00795407,3966.87,3,0.126674,0,0.08,-0.0412591,-0.0210208,0.000415847,-0.00212856,4897.32,-38.9751,-159.763,0.00247472,0.0468336,-65.8094,3102.74,-24.6931,-101.219,0.00370452,0.0267631,-64.4301,5697.36,-45.3422,-185.862,-0.00153651,0.034539,-65.8096,2760.17,-21.9667,-90.0438,-0.00123176,0.0378602,-64.0434
2.999,176.537,-0.245303,22.0382,0.455969,1.31395,-5.05768,-0.236068,-0.0325844,0.00795177,3966.95,3,0.126878,0,0.08,-0.0413031,-0.0210448,0.000420678,-0.00212306,4895.75,-38.9513,-159.581,0.0024238,0.0467677,-65.8106,3103.4,-24.6912,-101.158,0.00375038,0.0267256,-64.4318,5695.96,-45.3179,-185.665,-0.00155584,0.0344863,-65.8098,2761.76,-21.973,-90.0222,-0.00117296,0.0378075,-64.0451
3.009,176.754,-0.288002,22.0384,0.455092,1.29104,-5.09755,-0.236189,-0.0325581,0.00794941,3967.02,3,0.127061,0,0.08,-0.0413154,-0.0210536,0.00041735,-0.00212611,4894.97,-38.9336,-159.427,0.00239107,0.0467355,-65.8116,3104.58,-24.6932,-101.115,0.00383482,0.0266675,-64.4333,5695.02,-45.297,-185.484,-0.00158323,0.0344418,-65.8099,2763.11,-21.9772,-89.9932,-0.0011089,0.0377562,-64.0459
3.019,176.97,-0.33122,22.0385,0.454231,1.25142,-5.16677,-0.236393,-0.0325324,0.00794698,3967.1,3,0.127239,0,0.08,-0.0413216,-0.0210765,0.000416732,-0.00212547,4894.08,-38.9146,-159.272,0.00234797,0.0467109,-65.8125,3105.79,-24.6953,-101.075,0.00392232,0.0266313,-64.4347,5693.94,-45.2745,-185.303,-0.00160519,0.0343923,-65.8103,2764.71,-21.9832,-89.9743,-0.00104045,0.0376989,-64.047
3.029,177.186,-0.374958,22.0388,0.453496,1.27613,-5.07322,-0.236273,-0.0325074,0.0079445,3967.17,3,0.127427,0,0.08,-0.0413438,-0.0211028,0.000418376,-0.00212354,4893.92,-38.9011,-159.144,0.00249836,0.0466916,-65.8132,3104.94,-24.6808,-100.969,0.00384647,0.026637,-64.4362,5693.14,-45.254,-185.134,-0.00156281,0.0343807,-65.8104,2765.1,-21.9794,-89.9179,-0.00116542,0.0376962,-64.0483
3.039,177.402,-0.419215,22.039,0.452761,1.30726,-5.06401,-0.236351,-0.0324829,0.00794197,3967.25,3,0.12762,0,0.08,-0.0413275,-0.0210909,0.000418127,-0.00212406,4893.34,-38.8841,-159.006,0.00245737,0.0466472,-65.8162,3105.01,-24.6734,-100.895,0.00383145,0.026614,-64.4361,5693,-45.2384,-184.99,-0.00158297,0.0343464,-65.8119,2766.3,-21.9819,-89.8888,-0.00113084,0.0376577,-64.0479
3.049,177.618,-0.463991,22.0392,0.452029,1.2876,-5.1385,-0.236585,-0.032459,0.00793941,3967.34,3,0.127799,0,0.08,-0.0413589,-0.021086,0.000418404,-0.00212358,4892.59,-38.8655,-158.865,0.0024498,0.0466382,-65.8178,3105.75,-24.6713,-100.845,0.00385732,0.0265793,-64.4372,5691.43,-45.2113,-184.803,-0.00156521,0.0343112,-65.8123,2767.14,-21.9815,-89.8504,-0.00114812,0.037624,-64.0487
3.059,177.833,-0.509284,22.0395,0.451386,1.28656,-5.15144,-0.236611,-0.032436,0.00793677,3967.43,3,0.127957,0,0.08,-0.0413841,-0.0211267,0.000420335,-0.0021208,4892.09,-38.8486,-158.736,0.0024367,0.046619,-65.819,3106.73,-24.6709,-100.806,0.00392729,0.0265382,-64.4386,5690.21,-45.1866,-184.633,-0.00158002,0.0342729,-65.8135,2768.41,-21.9842,-89.8276,-0.00106909,0.0375798,-64.0491
3.069,178.049,-0.555094,22.0397,0.450776,1.29803,-5.18378,-0.236716,-0.0324137,0.00793409,3967.5,3,0.128123,0,0.08,-0.0413682,-0.0211299,0.000419483,-0.00212184,4890.92,-38.8262,-158.588,0.0023571,0.046538,-65.8188,3107.28,-24.6669,-100.754,0.00400568,0.0264904,-64.4413,5689.95,-45.1693,-184.497,-0.00160908,0.034238,-65.814,2769.55,-21.9859,-89.803,-0.00098945,0.0375374,-64.0513
3.079,178.265,-0.601422,22.04,0.450229,1.27509,-5.13329,-0.236699,-0.0323922,0.00793136,3967.57,3,0.128292,0,0.08,-0.0413837,-0.0211499,0.000420527,-0.0021202,4890.85,-38.8123,-158.481,0.00247348,0.0465498,-65.8221,3106.49,-24.6522,-100.661,0.00393373,0.0265074,-64.4407,5689.32,-45.1487,-184.354,-0.00159544,0.0342267,-65.815,2770.09,-21.9826,-89.7607,-0.00106453,0.0375309,-64.0507
3.089,178.48,-0.648265,22.0403,0.449709,1.37206,-5.12946,-0.236785,-0.0323714,0.00792859,3967.66,3,0.128466,0,0.08,-0.0414135,-0.0211635,0.000419789,-0.00212068,4890,-38.7919,-158.351,0.00236877,0.0465067,-65.8226,3107.46,-24.6512,-100.628,0.00400168,0.0264731,-64.443,5688.83,-45.129,-184.219,-0.00158372,0.0342004,-65.8157,2770.71,-21.9798,-89.7229,-0.0010754,0.0375059,-64.0523
3.099,178.695,-0.695625,22.0406,0.449237,1.38389,-5.06566,-0.236757,-0.0323513,0.00792581,3967.76,3,0.128627,0,0.08,-0.0414308,-0.0211661,0.000421418,-0.00211864,4890.35,-38.7811,-158.264,0.00247155,0.0465404,-65.8248,3106.74,-24.6369,-100.542,0.00392109,0.0264671,-64.4436,5688.24,-45.1084,-184.086,-0.00158662,0.0341898,-65.8169,2771.37,-21.9773,-89.6887,-0.00107398,0.0374938,-64.0523
3.109,178.91,-0.7435,22.0408,0.448748,1.37969,-5.08308,-0.236938,-0.032332,0.00792299,3967.84,3,0.12879,0,0.08,-0.0414391,-0.0211669,0.000421718,-0.00211816,4890.05,-38.7649,-158.16,0.0024921,0.0465399,-65.8262,3106.62,-24.6271,-100.478,0.00392714,0.0264744,-64.445,5687.9,-45.0897,-183.965,-0.00156699,0.0341788,-65.8181,2771.74,-21.9724,-89.6472,-0.00113534,0.0374891,-64.0528
3.119,179.125,-0.791891,22.0411,0.448323,1.38708,-5.06853,-0.237032,-0.0323137,0.00792009,3967.92,3,0.128936,0,0.08,-0.0414277,-0.0211754,0.000421712,-0.00211806,4890.19,-38.7518,-158.075,0.00253441,0.0465269,-65.8262,3106.44,-24.6167,-100.416,0.00393597,0.0264522,-64.4475,5687.42,-45.0694,-183.846,-0.00155667,0.0341673,-65.8182,2772.13,-21.9675,-89.6091,-0.00115775,0.0374778,-64.055
3.129,179.34,-0.840796,22.0414,0.447955,1.4035,-5.04121,-0.237053,-0.0322962,0.00791715,3968,3,0.129087,0,0.08,-0.0414388,-0.021189,0.000422314,-0.00211579,4889.66,-38.7332,-157.972,0.00249093,0.0464982,-65.8281,3106.55,-24.6084,-100.365,0.00395522,0.0264428,-64.4483,5686.92,-45.0486,-183.73,-0.00157687,0.0341567,-65.8194,2772.7,-21.9638,-89.5789,-0.00113097,0.0374605,-64.0552
3.139,179.555,-0.890215,22.0418,0.447663,1.59874,-4.81761,-0.236854,-0.0322794,0.00791421,3968.1,3,0.129286,0,0.08,-0.0414515,-0.0211758,0.000423791,-0.00211551,4890.5,-38.7254,-157.917,0.00258096,0.046506,-65.8302,3104.29,-24.5813,-100.239,0.00375729,0.0264897,-64.4492,5686.8,-45.0309,-183.63,-0.00149985,0.0341999,-65.8205,2771.74,-21.948,-89.501,-0.00137874,0.0375134,-64.056
3.149,179.77,-0.940148,22.042,0.447242,1.41388,-5.09785,-0.237284,-0.0322633,0.00791126,3968.19,3,0.129378,0,0.08,-0.0414833,-0.021174,0.000423084,-0.00211595,4889.1,-38.6998,-157.793,0.00251102,0.0464842,-65.8317,3106.65,-24.5908,-100.266,0.00392884,0.0264116,-64.4509,5686.11,-45.0087,-183.517,-0.00155911,0.0341028,-65.8208,2773.98,-21.9575,-89.5288,-0.00112624,0.0374305,-64.0575
3.159,179.985,-0.990594,22.0424,0.446979,1.44021,-5.02364,-0.237248,-0.0322481,0.00790823,3968.28,3,0.129512,0,0.08,-0.0414932,-0.0212023,0.000423408,-0.00211509,4889.06,-38.6847,-157.718,0.00250053,0.0465156,-65.8316,3107.13,-24.5852,-100.234,0.00401821,0.0263771,-64.4537,5685.78,-44.9888,-183.419,-0.0015743,0.0341128,-65.8215,2774.21,-21.951,-89.4943,-0.00111857,0.0374182,-64.0596
3.169,180.199,-1.04155,22.0428,0.446763,1.48177,-4.937,-0.23708,-0.0322338,0.00790518,3968.36,3,0.129651,0,0.08,-0.0415021,-0.0212153,0.000423746,-0.00211471,4889.04,-38.6696,-157.647,0.00256538,0.0464684,-65.8342,3106.31,-24.5692,-100.163,0.00395577,0.0263794,-64.4537,5685.6,-44.97,-183.332,-0.00156183,0.0341096,-65.8233,2774.31,-21.9433,-89.4574,-0.00116397,0.0374189,-64.0589
3.179,180.414,-1.09303,22.043,0.44644,1.4488,-5.07089,-0.237463,-0.0322202,0.00790211,3968.44,3,0.129775,0,0.08,-0.0414984,-0.0212145,0.000423758,-0.00211452,4887.93,-38.6458,-157.545,0.00243971,0.0464331,-65.8357,3106.98,-24.565,-100.142,0.00406183,0.0263661,-64.4552,5685.16,-44.9491,-183.24,-0.00160594,0.0340832,-65.8238,2775.41,-21.9434,-89.4551,-0.0010438,0.0373797,-64.0601
3.189,180.628,-1.14501,22.0434,0.446194,1.42524,-5.12128,-0.23756,-0.0322074,0.00789905,3968.54,3,0.129897,0,0.08,-0.041518,-0.0212071,0.00042498,-0.00211307,4887.77,-38.6295,-157.477,0.00246541,0.0464364,-65.8377,3107.64,-24.5607,-100.124,0.00410934,0.0263154,-64.4564,5685.04,-44.9306,-183.163,-0.00158439,0.0340716,-65.8255,2775.62,-21.9366,-89.4262,-0.00106206,0.0373686,-64.061
3.199,180.842,-1.19751,22.0438,0.446021,1.55918,-4.98067,-0.237446,-0.0321953,0.00789598,3968.64,3,0.130064,0,0.08,-0.041537,-0.021203,0.000423029,-0.00211344,4888.41,-38.6196,-157.438,0.0025728,0.0464697,-65.8394,3105.27,-24.5324,-100.01,0.0039231,0.0263764,-64.4575,5685.01,-44.9129,-183.094,-0.00154819,0.0340916,-65.8264,2774.95,-21.9227,-89.3711,-0.0012172,0.0374059,-64.0619
3.209,181.056,-1.25052,22.0441,0.445844,1.51008,-5.01942,-0.237591,-0.0321839,0.00789287,3968.73,3,0.130166,0,0.08,-0.0415351,-0.0212094,0.000425009,-0.00211285,4888.38,-38.6041,-157.382,0.00255928,0.0464564,-65.8413,3106.22,-24.5302,-100.005,0.00401424,0.0263335,-64.4586,5684.71,-44.8928,-183.019,-0.00157608,0.0340754,-65.8287,2775.69,-21.92,-89.3635,-0.00111535,0.0373815,-64.0618
3.219,181.27,-1.30404,22.0445,0.445691,1.536,-4.99392,-0.237661,-0.0321733,0.00788971,3968.8,3,0.130288,0,0.08,-0.0415187,-0.0212131,0.000424799,-0.00211305,4888.55,-38.59,-157.335,0.0025751,0.0464559,-65.8416,3106.13,-24.5197,-99.969,0.00400648,0.0263203,-64.461,5684.66,-44.8745,-182.957,-0.0015607,0.0340758,-65.8285,2775.75,-21.9116,-89.3358,-0.00115857,0.037384,-64.0642
3.229,181.484,-1.35807,22.0448,0.445567,1.53781,-5.01113,-0.237671,-0.0321634,0.00788658,3968.91,3,0.130408,0,0.08,-0.041546,-0.0212257,0.000424948,-0.00211257,4887.79,-38.5687,-157.262,0.00254127,0.0464184,-65.8439,3106.16,-24.5101,-99.9388,0.00403202,0.0263158,-64.4617,5684.42,-44.8548,-182.893,-0.00156885,0.0340626,-65.8304,2776.18,-21.9064,-89.3221,-0.00112757,0.0373676,-64.0645
3.239,181.697,-1.41261,22.0452,0.445423,1.55875,-5.00131,-0.237819,-0.0321539,0.00788347,3969,3,0.130539,0,0.08,-0.0415613,-0.0212002,0.00042485,-0.00211279,4888.08,-38.5558,-157.225,0.00257511,0.0464558,-65.8454,3105.41,-24.4946,-99.8856,0.0039971,0.0263334,-64.4635,5684.44,-44.8372,-182.84,-0.00154878,0.0340711,-65.8319,2776.02,-21.8965,-89.2907,-0.0011885,0.0373851,-64.0652
3.249,181.911,-1.46766,22.0456,0.445339,1.54989,-5.01225,-0.237793,-0.0321452,0.00788034,3969.09,3,0.130638,0,0.08,-0.0415754,-0.0212184,0.000426386,-0.00211079,4887.88,-38.5389,-157.176,0.00257829,0.0464334,-65.8473,3105.84,-24.4882,-99.8722,0.00404418,0.0262999,-64.4645,5684.24,-44.8178,-182.784,-0.00157155,0.0340578,-65.8328,2776.54,-21.8918,-89.2831,-0.00112726,0.0373622,-64.0665
3.259,182.124,-1.52322,22.0459,0.44523,1.57004,-5.02503,-0.237958,-0.0321371,0.00787718,3969.19,3,0.130748,0,0.08,-0.0415784,-0.0212191,0.000426465,-0.00211079,4887.84,-38.523,-157.135,0.00256708,0.0464468,-65.8479,3106.09,-24.4803,-99.855,0.00407659,0.0262835,-64.4669,5684.24,-44.7998,-182.738,-0.00155877,0.0340596,-65.8332,2776.53,-21.883,-89.2604,-0.00115286,0.0373662,-64.0686
3.269,182.337,-1.57929,22.0463,0.445123,1.52966,-5.05454,-0.238104,-0.0321296,0.007874,3969.28,3,0.130844,0,0.08,-0.0415459,-0.0212107,0.00042596,-0.00211125,4888.1,-38.5095,-157.107,0.00266359,0.0464693,-65.8493,3105.14,-24.463,-99.8013,0.00406605,0.0262977,-64.4682,5684.2,-44.7815,-182.694,-0.00157156,0.0340599,-65.8351,2776.66,-21.8752,-89.2438,-0.00113705,0.0373664,-64.0689
3.279,182.55,-1.63587,22.0467,0.445175,1.60913,-4.91532,-0.237775,-0.0321227,0.00787085,3969.37,3,0.13097,0,0.08,-0.0415958,-0.021226,0.000427285,-0.00210941,4887.98,-38.4932,-157.069,0.00261263,0.0464481,-65.8535,3105,-24.4521,-99.7751,0.00402302,0.0262933,-64.4675,5684.13,-44.763,-182.652,-0.00156259,0.0340593,-65.8372,2776.76,-21.8672,-89.2277,-0.00114865,0.0373678,-64.069
3.289,182.763,-1.69296,22.0471,0.445094,1.64672,-4.95913,-0.237954,-0.032116,0.00786771,3969.48,3,0.13108,0,0.08,-0.0416129,-0.0212184,0.000426824,-0.00210975,4887.74,-38.476,-157.029,0.00260071,0.0464525,-65.8536,3104.67,-24.4398,-99.744,0.00402296,0.0263002,-64.4705,5684.15,-44.7452,-182.615,-0.00156785,0.0340515,-65.8375,2776.9,-21.8596,-89.2137,-0.00114925,0.0373596,-64.0708
3.299,182.976,-1.75056,22.0475,0.445035,1.61169,-5.0006,-0.238082,-0.03211,0.00786457,3969.57,3,0.131171,0,0.08,-0.041616,-0.0211996,0.00042715,-0.00210949,4887.74,-38.4606,-156.999,0.00259433,0.0464653,-65.8546,3105.4,-24.4358,-99.7487,0.00411224,0.0262527,-64.4728,5684.12,-44.7272,-182.58,-0.0015828,0.034055,-65.8384,2777.04,-21.852,-89.2014,-0.00112207,0.0373617,-64.0725
3.309,183.189,-1.80867,22.0479,0.44505,1.6111,-4.99136,-0.237988,-0.0321045,0.0078614,3969.66,3,0.131252,0,0.08,-0.0416071,-0.0212049,0.000426879,-0.00210983,4887.41,-38.4425,-156.962,0.00256527,0.0464131,-65.8551,3105.71,-24.4283,-99.7414,0.00416096,0.0262074,-64.4749,5684.02,-44.7083,-182.545,-0.00161633,0.0340428,-65.839,2777.53,-21.847,-89.2019,-0.00103079,0.0373414,-64.0744
3.319,183.402,-1.86728,22.0483,0.44499,1.57633,-5.02902,-0.238191,-0.0320994,0.00785821,3969.74,3,0.131349,0,0.08,-0.0415922,-0.0212043,0.000426914,-0.00210974,4888.23,-38.4333,-156.963,0.00265127,0.0464562,-65.8586,3104.8,-24.4112,-99.6963,0.00410401,0.0262449,-64.4744,5684.06,-44.6904,-182.517,-0.00157638,0.0340504,-65.8417,2777.47,-21.8376,-89.1856,-0.00111506,0.0373522,-64.0733
3.329,183.614,-1.9264,22.0488,0.445079,1.76722,-4.78458,-0.237897,-0.0320947,0.00785507,3969.85,3,0.131495,0,0.08,-0.0416227,-0.0212011,0.000427207,-0.00210927,4888.5,-38.42,-156.949,0.00266086,0.0464848,-65.8604,3103.37,-24.3903,-99.6361,0.00395553,0.0262941,-64.4758,5684.36,-44.6749,-182.501,-0.00151224,0.0340816,-65.8432,2776.37,-21.8202,-89.1374,-0.00128294,0.0374014,-64.0748
3.339,183.826,-1.98603,22.0491,0.444992,1.64009,-5.00885,-0.238249,-0.0320904,0.00785196,3969.95,3,0.131554,0,0.08,-0.0416485,-0.0211932,0.00042741,-0.00210905,4887.6,-38.3978,-156.899,0.00262912,0.0464884,-65.8625,3104.66,-24.3908,-99.6642,0.00409984,0.0262514,-64.4773,5684.12,-44.6554,-182.469,-0.00156289,0.0340465,-65.8448,2777.61,-21.8213,-89.1652,-0.00112094,0.0373534,-64.0758
3.349,184.039,-2.04617,22.0495,0.44498,1.70132,-4.9511,-0.238349,-0.0320865,0.00784885,3970.04,3,0.13167,0,0.08,-0.0416389,-0.0211477,0.000426694,-0.00211012,4888.05,-38.3861,-156.894,0.00266153,0.0465104,-65.8631,3103.07,-24.3686,-99.6009,0.0040156,0.0262814,-64.4797,5684.34,-44.6395,-182.454,-0.00154337,0.0340727,-65.8454,2776.81,-21.8064,-89.1288,-0.00122271,0.0373877,-64.0779
3.359,184.251,-2.10681,22.0499,0.444966,1.62194,-5.08586,-0.238389,-0.0320833,0.00784569,3970.13,3,0.131711,0,0.08,-0.0416334,-0.0211883,0.000427253,-0.00210893,4887.39,-38.3655,-156.857,0.00266699,0.0464666,-65.8654,3104.33,-24.3686,-99.6312,0.00414929,0.0262313,-64.4803,5684.3,-44.6211,-182.434,-0.00157939,0.0340502,-65.8471,2777.68,-21.8045,-89.1477,-0.00108572,0.0373489,-64.0783
3.369,184.462,-2.16796,22.0504,0.445041,1.70333,-4.95221,-0.238296,-0.0320804,0.00784258,3970.23,3,0.131818,0,0.08,-0.0416424,-0.0211952,0.000427543,-0.00210848,4888.03,-38.3553,-156.864,0.00268039,0.0465001,-65.8651,3103.54,-24.3528,-99.5971,0.00409641,0.0262441,-64.4835,5684.57,-44.6055,-182.426,-0.00154795,0.0340674,-65.8474,2777.12,-21.7914,-89.1217,-0.00117808,0.037367,-64.0813
3.379,184.674,-2.22962,22.0509,0.445119,1.75088,-4.87756,-0.238175,-0.032078,0.00783952,3970.33,3,0.131912,0,0.08,-0.0416728,-0.0212001,0.000427934,-0.00210783,4887.77,-38.3383,-156.844,0.00264875,0.0464909,-65.8679,3103.45,-24.3426,-99.5865,0.00409831,0.0262347,-64.4841,5684.05,-44.5841,-182.396,-0.00156196,0.0340741,-65.849,2777.09,-21.7827,-89.1141,-0.00116179,0.0373819,-64.0815
3.389,184.886,-2.29178,22.0513,0.445103,1.70794,-4.98411,-0.238331,-0.0320757,0.00783649,3970.43,3,0.131975,0,0.08,-0.0416836,-0.0211889,0.000428213,-0.00210822,4887.81,-38.3237,-156.834,0.00265,0.0464938,-65.8695,3104.37,-24.3404,-99.6092,0.0041798,0.026196,-64.4861,5684.64,-44.5714,-182.401,-0.00156024,0.0340618,-65.8501,2777.3,-21.776,-89.1147,-0.00113915,0.0373654,-64.0833
3.399,185.097,-2.35445,22.0517,0.445142,1.77898,-4.89699,-0.238354,-0.0320737,0.00783348,3970.52,3,0.132086,0,0.08,-0.0416675,-0.0211459,0.00042732,-0.00210891,4888.43,-38.3139,-156.844,0.00271664,0.0465229,-65.8712,3102.58,-24.317,-99.5454,0.00406149,0.0262359,-64.4874,5684.87,-44.5562,-182.398,-0.00152555,0.0340809,-65.8525,2776.53,-21.7615,-89.0841,-0.0012625,0.0374023,-64.0836
3.409,185.309,-2.41762,22.0521,0.445161,1.72744,-4.95773,-0.238352,-0.0320721,0.00783044,3970.61,3,0.132138,0,0.08,-0.04168,-0.0211819,0.000430744,-0.00210252,4888.33,-38.2983,-156.833,0.00269289,0.0465442,-65.8726,3103.36,-24.3136,-99.5653,0.00414505,0.0262159,-64.4889,5684.75,-44.5379,-182.384,-0.0015549,0.0340746,-65.8536,2777.21,-21.7584,-89.1015,-0.00116349,0.0373806,-64.0848
3.419,185.52,-2.4813,22.0526,0.44522,1.75189,-4.95872,-0.238388,-0.0320706,0.00782742,3970.71,3,0.132214,0,0.08,-0.0416752,-0.0211728,0.000429201,-0.00210625,4887.88,-38.28,-156.811,0.00265731,0.0465041,-65.8743,3103.23,-24.3033,-99.5565,0.0041634,0.0262122,-64.4902,5684.8,-44.5212,-182.377,-0.00158,0.0340683,-65.855,2777.44,-21.7518,-89.1046,-0.00110888,0.0373711,-64.0861
3.429,185.731,-2.54548,22.0531,0.445289,1.78581,-4.93054,-0.238382,-0.0320692,0.00782447,3970.81,3,0.132295,0,0.08,-0.041694,-0.0211574,0.000428366,-0.00210726,4887.9,-38.2657,-156.805,0.00265635,0.0465177,-65.876,3103.16,-24.2935,-99.55,0.00415384,0.0261993,-64.4921,5684.87,-44.5049,-182.372,-0.00157082,0.0340758,-65.8559,2777.3,-21.7425,-89.0963,-0.00113152,0.0373727,-64.0878
3.439,185.942,-2.61017,22.0535,0.445349,1.77918,-4.91669,-0.238372,-0.0320681,0.00782154,3970.91,3,0.132364,0,0.08,-0.041705,-0.0211652,0.000426859,-0.00210876,4888.13,-38.2532,-156.807,0.00266276,0.0465596,-65.878,3103.29,-24.2855,-99.5506,0.00417686,0.0261905,-64.4933,5685.25,-44.4912,-182.378,-0.0015792,0.034072,-65.8573,2777.46,-21.7356,-89.0983,-0.0011199,0.0373773,-64.0887
3.449,186.152,-2.67536,22.0539,0.44536,1.76982,-5.00246,-0.238515,-0.0320672,0.00781862,3971.01,3,0.13242,0,0.08,-0.041706,-0.0211532,0.000428148,-0.00210731,4887.84,-38.2366,-156.793,0.00262708,0.0465273,-65.8793,3103.85,-24.2808,-99.5659,0.0042349,0.0261653,-64.495,5684.88,-44.4717,-182.361,-0.00160085,0.0340607,-65.8588,2777.86,-21.7306,-89.1087,-0.00103736,0.0373572,-64.0903
3.459,186.363,-2.74105,22.0545,0.445513,1.84985,-4.78843,-0.238203,-0.0320663,0.0078157,3971.1,3,0.132513,0,0.08,-0.041657,-0.0211272,0.000427113,-0.00210886,4888.82,-38.23,-156.82,0.00277523,0.0465212,-65.8814,3102.11,-24.2582,-99.5075,0.00407493,0.0261827,-64.496,5685.25,-44.458,-182.368,-0.00153951,0.0340941,-65.8608,2776.72,-21.7136,-89.0699,-0.00120772,0.0374058,-64.0912
3.469,186.573,-2.80724,22.0548,0.445459,1.78008,-4.97024,-0.238596,-0.0320656,0.00781283,3971.2,3,0.132567,0,0.08,-0.0416774,-0.0211319,0.000427394,-0.00210838,4887.9,-38.2087,-156.787,0.00268658,0.046542,-65.8826,3102.61,-24.2531,-99.5213,0.00418329,0.0261941,-64.498,5685.17,-44.441,-182.361,-0.00158975,0.0340899,-65.8612,2777.44,-21.7112,-89.0908,-0.00110892,0.0374017,-64.0924
3.479,186.784,-2.87394,22.0553,0.445539,1.80279,-4.98314,-0.238502,-0.0320651,0.00781,3971.3,3,0.132627,0,0.08,-0.0417258,-0.0211409,0.000428548,-0.00210751,4887.84,-38.1945,-156.783,0.00263409,0.0465518,-65.8839,3103.48,-24.2512,-99.5478,0.00426336,0.0261628,-64.5002,5685.16,-44.4248,-182.358,-0.00159145,0.0340703,-65.8629,2777.61,-21.7048,-89.0951,-0.00107406,0.0373692,-64.0941
3.489,186.994,-2.94114,22.0557,0.445565,1.75589,-5.05136,-0.23861,-0.0320648,0.00780723,3971.41,3,0.132671,0,0.08,-0.0417287,-0.021112,0.000427558,-0.00210805,4888.07,-38.1827,-156.789,0.00263474,0.0465627,-65.8858,3104.45,-24.2501,-99.5775,0.00433914,0.0261057,-64.5016,5685.21,-44.4095,-182.357,-0.00161791,0.0340657,-65.8648,2777.94,-21.6996,-89.1045,-0.000978123,0.0373568,-64.0953
3.499,187.204,-3.00885,22.0563,0.445714,1.96688,-4.7328,-0.238287,-0.0320646,0.00780444,3971.49,3,0.132801,0,0.08,-0.0417061,-0.0211,0.000427629,-0.00210809,4889.35,-38.179,-156.829,0.0028352,0.0466017,-65.8876,3100.2,-24.2083,-99.4408,0.00400256,0.026227,-64.5026,5685.75,-44.3979,-182.374,-0.00150388,0.0341225,-65.8659,2775.77,-21.6749,-89.0345,-0.00136496,0.0374502,-64.0963
3.509,187.413,-3.07705,22.0567,0.445771,1.87415,-4.82725,-0.238287,-0.0320646,0.00780167,3971.58,3,0.132829,0,0.08,-0.0417235,-0.0211272,0.000428308,-0.00210696,4888.51,-38.159,-156.802,0.00267438,0.0465654,-65.888,3102.22,-24.2155,-99.5057,0.00417064,0.026166,-64.5053,5685.62,-44.3811,-182.37,-0.00156049,0.0340959,-65.8664,2776.91,-21.6762,-89.0713,-0.00115986,0.0374021,-64.0987
3.519,187.623,-3.14576,22.0572,0.445792,1.87215,-4.92394,-0.238435,-0.0320647,0.00779895,3971.68,3,0.132876,0,0.08,-0.0417204,-0.0211123,0.00042795,-0.00210723,4887.72,-38.1394,-156.777,0.00264685,0.0465305,-65.8905,3102.42,-24.2086,-99.5124,0.00423105,0.0261628,-64.5062,5685.5,-44.3646,-182.366,-0.00159014,0.0340807,-65.8686,2777.39,-21.6723,-89.0866,-0.00107036,0.0373793,-64.0995
3.529,187.833,-3.21497,22.0577,0.445852,1.90625,-4.89914,-0.238388,-0.0320649,0.00779629,3971.79,3,0.13293,0,0.08,-0.0417477,-0.0211042,0.00042879,-0.00210619,4888.12,-38.1296,-156.791,0.00268498,0.0465793,-65.8921,3102.48,-24.2008,-99.5149,0.00422941,0.0261275,-64.5081,5685.67,-44.3508,-182.373,-0.00157592,0.0340852,-65.8704,2777.27,-21.664,-89.0835,-0.00109042,0.0373851,-64.1002
3.539,188.042,-3.28468,22.0581,0.445879,1.8955,-4.90164,-0.238528,-0.0320652,0.00779365,3971.89,3,0.132992,0,0.08,-0.0417534,-0.0211042,0.000427186,-0.00210784,4888.47,-38.1194,-156.804,0.00265285,0.0466238,-65.8925,3102.47,-24.1925,-99.5155,0.00426207,0.0261486,-64.5112,5685.73,-44.3363,-182.377,-0.0016008,0.0340974,-65.8707,2777.36,-21.6574,-89.0871,-0.00106777,0.0374112,-64.1032
3.549,188.251,-3.35489,22.0586,0.445937,1.94036,-4.8935,-0.23839,-0.0320657,0.00779103,3971.98,3,0.133054,0,0.08,-0.0417537,-0.021108,0.000424041,-0.00210637,4888.37,-38.1058,-156.803,0.00264734,0.046599,-65.8943,3102.08,-24.1813,-99.5043,0.00423914,0.0261527,-64.5121,5685.93,-44.3229,-182.386,-0.00157596,0.034097,-65.8723,2776.9,-21.6465,-89.0737,-0.00114472,0.0374018,-64.1042
3.559,188.46,-3.42559,22.0591,0.446014,1.98785,-4.84988,-0.238467,-0.0320661,0.00778844,3972.07,3,0.133123,0,0.08,-0.0417554,-0.0211114,0.000426652,-0.0021083,4888.46,-38.0939,-156.808,0.00260381,0.0465997,-65.8958,3102.04,-24.173,-99.5045,0.00419789,0.0261603,-64.5137,5686.09,-44.3095,-182.394,-0.00154464,0.0341025,-65.8731,2776.64,-21.6372,-89.0666,-0.00120436,0.0374148,-64.1065
3.569,188.669,-3.4968,22.0596,0.446038,1.93257,-4.88877,-0.238605,-0.0320666,0.00778591,3972.17,3,0.133147,0,0.08,-0.0417476,-0.0210781,0.000427968,-0.00210743,4888.27,-38.08,-156.804,0.00269323,0.0466238,-65.8967,3101.54,-24.1612,-99.4899,0.0042619,0.0261421,-64.5162,5686.15,-44.2955,-182.398,-0.0016012,0.0341137,-65.8747,2776.95,-21.6326,-89.0778,-0.00109714,0.0374262,-64.1078
3.579,188.878,-3.56851,22.0601,0.446145,1.98414,-4.83845,-0.238368,-0.0320671,0.00778341,3972.28,3,0.133198,0,0.08,-0.0417656,-0.0210728,0.000427905,-0.00210718,4888.39,-38.0687,-156.81,0.00268517,0.0466172,-65.8987,3101.86,-24.156,-99.5017,0.00426227,0.026107,-64.5178,5686.17,-44.2815,-182.401,-0.0016017,0.034102,-65.8756,2776.86,-21.625,-89.0764,-0.0011019,0.0374052,-64.1092
3.589,189.086,-3.64072,22.0606,0.446167,1.94406,-4.89093,-0.238502,-0.0320676,0.00778094,3972.39,3,0.133232,0,0.08,-0.0417661,-0.0210697,0.000427455,-0.00210756,4888.55,-38.0579,-156.818,0.00271625,0.0466342,-65.8997,3102.59,-24.154,-99.5266,0.00430395,0.0260923,-64.5199,5686.24,-44.2679,-182.406,-0.00156263,0.0341033,-65.8762,2776.89,-21.6184,-89.0788,-0.00114838,0.0374067,-64.1122
3.599,189.294,-3.71342,22.0611,0.446214,2.01068,-4.88056,-0.238462,-0.0320682,0.00777848,3972.47,3,0.133298,0,0.08,-0.0417683,-0.021081,0.000428316,-0.00210679,4888.47,-38.0452,-156.818,0.00266976,0.0466025,-65.9028,3101.83,-24.1404,-99.5041,0.00423587,0.0261115,-64.5196,5686.3,-44.2544,-182.412,-0.00156498,0.0341025,-65.8795,2776.77,-21.6106,-89.0766,-0.00115095,0.0374149,-64.1109
3.609,189.503,-3.78662,22.0616,0.446279,2.02109,-4.79938,-0.238469,-0.0320688,0.00777604,3972.56,3,0.133351,0,0.08,-0.0417519,-0.0210673,0.000427718,-0.00210721,4889.13,-38.0384,-156.842,0.00272162,0.0466573,-65.9045,3100.98,-24.1262,-99.4786,0.00418475,0.0261556,-64.5211,5686.48,-44.242,-182.421,-0.00154507,0.0341248,-65.882,2776.36,-21.6006,-89.0649,-0.00120093,0.037437,-64.1122
3.619,189.71,-3.86032,22.0621,0.446377,2.05724,-4.76013,-0.238257,-0.0320694,0.00777368,3972.67,3,0.133389,0,0.08,-0.0417736,-0.021064,0.000427843,-0.00210703,4888.7,-38.0235,-156.831,0.00274649,0.0466272,-65.9065,3100.56,-24.1156,-99.4671,0.00417107,0.0261414,-64.5226,5686.46,-44.2283,-182.424,-0.0015625,0.0341145,-65.8828,2776.59,-21.5958,-89.074,-0.00116781,0.0374212,-64.1138
3.629,189.918,-3.93452,22.0625,0.446352,2.01933,-4.85235,-0.238546,-0.03207,0.00777139,3972.77,3,0.133437,0,0.08,-0.041784,-0.0210323,0.000427287,-0.00210782,4888.74,-38.0126,-156.836,0.00273179,0.0466626,-65.9084,3100.51,-24.1081,-99.4674,0.00418704,0.0261609,-64.5242,5686.57,-44.2162,-182.431,-0.00156422,0.0341172,-65.8845,2776.56,-21.5893,-89.0749,-0.00117365,0.0374225,-64.1146
3.639,190.126,-4.00922,22.063,0.446435,2.04932,-4.8121,-0.238414,-0.0320708,0.00776907,3972.87,3,0.133465,0,0.08,-0.0417802,-0.0210425,0.000427782,-0.00210704,4888.9,-38.0025,-156.845,0.00274027,0.0466605,-65.9088,3100.99,-24.1047,-99.4853,0.00422952,0.0261211,-64.5268,5686.62,-44.2034,-182.437,-0.001561,0.0341155,-65.8855,2776.62,-21.5833,-89.0791,-0.00116127,0.0374218,-64.1173
3.649,190.333,-4.08441,22.0635,0.446464,2.06277,-4.92111,-0.23851,-0.0320715,0.00776681,3972.96,3,0.13349,0,0.08,-0.041773,-0.0210465,0.000427398,-0.00210816,4887.33,-37.9792,-156.798,0.00258776,0.0465496,-65.9104,3102.26,-24.1076,-99.5285,0.00434092,0.0260786,-64.5282,5686.76,-44.1916,-182.446,-0.0016226,0.0341174,-65.8857,2777.61,-21.5847,-89.1127,-0.00101237,0.037363,-64.1197
3.659,190.541,-4.1601,22.064,0.446477,2.08734,-4.87083,-0.238632,-0.0320722,0.00776455,3973.06,3,0.133537,0,0.08,-0.0417659,-0.0210332,0.000429143,-0.00210561,4888.5,-37.9773,-156.839,0.00270722,0.0466568,-65.9137,3101.06,-24.0912,-99.4917,0.00424601,0.026132,-64.5282,5686.73,-44.1785,-182.448,-0.00158039,0.0341144,-65.8887,2776.73,-21.5716,-89.0862,-0.00112749,0.0374255,-64.1186
3.669,190.748,-4.23628,22.0645,0.446564,2.06851,-4.82682,-0.238509,-0.0320729,0.00776239,3973.16,3,0.133581,0,0.08,-0.0417948,-0.0210382,0.000429218,-0.00210654,4888.69,-37.9682,-156.848,0.00272517,0.0466739,-65.914,3100.74,-24.082,-99.4837,0.00423396,0.026139,-64.5313,5686.79,-44.1667,-182.454,-0.00155576,0.0341141,-65.8899,2776.59,-21.5645,-89.0838,-0.001164,0.0374241,-64.1217
3.679,190.955,-4.31296,22.065,0.446582,2.03711,-4.89717,-0.238551,-0.0320736,0.00776027,3973.26,3,0.133595,0,0.08,-0.0418002,-0.0210184,0.000427196,-0.00210762,4888.85,-37.959,-156.857,0.00269073,0.046679,-65.9158,3101.84,-24.084,-99.5212,0.00432543,0.0260788,-64.533,5686.7,-44.1539,-182.456,-0.00159824,0.0341059,-65.8921,2777.27,-21.5638,-89.1075,-0.00103741,0.0373992,-64.1225
3.689,191.161,-4.39013,22.0655,0.446659,2.07894,-4.82609,-0.238443,-0.0320744,0.00775816,3973.36,3,0.133636,0,0.08,-0.0417938,-0.0210205,0.00042705,-0.0021076,4888.74,-37.9479,-156.857,0.00270809,0.0466808,-65.9173,3101.25,-24.0729,-99.505,0.00429078,0.0260897,-64.5343,5686.81,-44.1428,-182.463,-0.00158579,0.0341119,-65.8935,2776.87,-21.5549,-89.0968,-0.00109725,0.0374119,-64.1237
3.699,191.368,-4.4678,22.066,0.4467,2.0346,-4.89079,-0.238416,-0.0320752,0.00775607,3973.44,3,0.133652,0,0.08,-0.0417953,-0.0210318,0.000427431,-0.00210729,4887.81,-37.9305,-156.831,0.0026621,0.0466109,-65.9193,3101.35,-24.0672,-99.5105,0.00434766,0.0260969,-64.5355,5686.84,-44.1311,-182.469,-0.00164838,0.0340993,-65.895,2777.33,-21.5527,-89.1137,-0.000961278,0.0373959,-64.1251
3.709,191.574,-4.54596,22.0666,0.446745,2.122,-4.85651,-0.238442,-0.0320758,0.00775404,3973.55,3,0.133695,0,0.08,-0.0418042,-0.0210255,0.000427308,-0.00210722,4887.86,-37.9209,-156.836,0.00265315,0.0466439,-65.9215,3101.32,-24.0606,-99.5115,0.0043164,0.0260938,-64.5364,5686.81,-44.1193,-182.472,-0.00160149,0.0341013,-65.8969,2777.31,-21.5469,-89.1149,-0.00103569,0.0373935,-64.1262
3.719,191.781,-4.62462,22.067,0.446768,2.14377,-4.78778,-0.238491,-0.0320763,0.00775207,3973.65,3,0.133756,0,0.08,-0.041805,-0.02099,0.000426808,-0.0021082,4888.92,-37.9195,-156.872,0.00275345,0.0467026,-65.9224,3099.87,-24.0433,-99.4665,0.00418768,0.0261411,-64.5391,5687.11,-44.1105,-182.484,-0.00155791,0.0341317,-65.8976,2776.17,-21.5325,-89.0797,-0.00121511,0.0374429,-64.1282
3.729,191.987,-4.70377,22.0675,0.446752,2.10528,-4.879,-0.238686,-0.0320769,0.00775015,3973.76,3,0.133775,0,0.08,-0.0418049,-0.0209487,0.000426312,-0.00210894,4889.03,-37.911,-156.879,0.00275407,0.0467127,-65.9246,3099.96,-24.038,-99.4711,0.00421376,0.0261322,-64.5401,5687.12,-44.0996,-182.488,-0.00156496,0.0341216,-65.8995,2776.53,-21.5301,-89.0931,-0.0011599,0.0374287,-64.1292
3.739,192.193,-4.78341,22.0681,0.446863,2.13955,-4.82089,-0.238407,-0.0320778,0.00774817,3973.85,3,0.133783,0,0.08,-0.041808,-0.0210022,0.000427399,-0.00210711,4888.64,-37.8983,-156.87,0.00270573,0.0466852,-65.9258,3100.91,-24.0392,-99.5042,0.00429605,0.0260831,-64.5419,5687.13,-44.0884,-182.493,-0.00159134,0.0341122,-65.9011,2777,-21.5282,-89.1106,-0.00107457,0.0374087,-64.1309
3.749,192.398,-4.86354,22.0686,0.446913,2.20331,-4.78356,-0.238433,-0.0320785,0.00774628,3973.94,3,0.133832,0,0.08,-0.0418055,-0.0210071,0.000423881,-0.00211089,4888.67,-37.8892,-156.875,0.00264888,0.0466803,-65.9279,3100.61,-24.0311,-99.497,0.00425447,0.0261082,-64.5429,5687.18,-44.078,-182.499,-0.00154959,0.0341152,-65.9026,2776.64,-21.5201,-89.1009,-0.00115828,0.0374188,-64.1326
3.759,192.604,-4.94417,22.0691,0.446968,2.20808,-4.70231,-0.238387,-0.0320792,0.00774442,3974.04,3,0.133856,0,0.08,-0.0418124,-0.0209993,0.000423044,-0.00211196,4889.55,-37.887,-156.907,0.00279652,0.0467382,-65.9281,3099.62,-24.0176,-99.4674,0.00419211,0.0261358,-64.546,5687.38,-44.069,-182.509,-0.00152092,0.034125,-65.9033,2776.02,-21.5101,-89.083,-0.00124681,0.0374545,-64.1356
3.769,192.809,-5.02529,22.0697,0.447026,2.29819,-4.61942,-0.238222,-0.03208,0.00774263,3974.14,3,0.133902,0,0.08,-0.0418253,-0.0209894,0.00042749,-0.00210699,4889.04,-37.8743,-156.894,0.00279033,0.0467187,-65.9301,3098.84,-24.006,-99.4447,0.00413205,0.0261375,-64.5474,5687.46,-44.0594,-182.516,-0.00152333,0.0341464,-65.905,2775.62,-21.5021,-89.0723,-0.0012919,0.0374631,-64.1363
3.779,193.014,-5.1069,22.0701,0.447018,2.19551,-4.71392,-0.238469,-0.0320807,0.0077409,3974.24,3,0.133905,0,0.08,-0.0418218,-0.0209705,0.000428724,-0.0021078,4889.52,-37.8695,-156.913,0.00278129,0.0467678,-65.9321,3098.88,-24.001,-99.4484,0.0041839,0.0261337,-64.5487,5687.39,-44.0491,-182.518,-0.00155407,0.0341393,-65.907,2776.34,-21.5029,-89.0974,-0.0011842,0.0374461,-64.137
3.789,193.219,-5.189,22.0706,0.447069,2.20689,-4.72766,-0.238357,-0.0320815,0.00773913,3974.33,3,0.133913,0,0.08,-0.0418247,-0.0209867,0.000426548,-0.00210773,4889.62,-37.8616,-156.92,0.00276274,0.0467377,-65.9343,3100.04,-24.0044,-99.4879,0.00424846,0.0261035,-64.5495,5687.41,-44.0392,-182.523,-0.00156499,0.0341322,-65.9086,2776.37,-21.4982,-89.1008,-0.00115599,0.0374309,-64.1385
3.799,193.424,-5.27159,22.0712,0.44722,2.2569,-4.53147,-0.237957,-0.0320822,0.00773744,3974.43,3,0.133943,0,0.08,-0.041825,-0.0209838,0.000427412,-0.0021072,4890.31,-37.8587,-156.945,0.00285378,0.0467308,-65.936,3099.22,-23.9928,-99.4637,0.00415504,0.0260977,-64.5509,5687.55,-44.0306,-182.531,-0.00152488,0.0341471,-65.9107,2775.74,-21.4886,-89.0824,-0.00124893,0.03746,-64.1397
3.809,193.628,-5.35467,22.0717,0.447132,2.36174,-4.61429,-0.238382,-0.0320824,0.00773579,3974.53,3,0.134008,0,0.08,-0.0417882,-0.020939,0.000426356,-0.00210898,4890.05,-37.8486,-156.938,0.00281891,0.0467504,-65.9381,3098.74,-23.984,-99.4493,0.00404314,0.0261641,-64.552,5687.79,-44.023,-182.541,-0.00148372,0.0341641,-65.9128,2774.91,-21.4776,-89.0565,-0.00139555,0.0374923,-64.1402
3.819,193.833,-5.43824,22.0721,0.447148,2.19126,-4.81795,-0.238461,-0.0320829,0.00773418,3974.63,3,0.133954,0,0.08,-0.0418366,-0.0209539,0.00042718,-0.00210747,4888.99,-37.8325,-156.907,0.00273468,0.0467553,-65.9383,3100.82,-23.9951,-99.5174,0.00433584,0.026059,-64.5553,5687.32,-44.0103,-182.528,-0.00159461,0.0341186,-65.9129,2776.91,-21.4886,-89.1217,-0.00106266,0.0374145,-64.1434
3.829,194.037,-5.52229,22.0726,0.447158,2.236,-4.74468,-0.238554,-0.0320832,0.0077326,3974.73,3,0.133994,0,0.08,-0.0418195,-0.0209305,0.000426567,-0.00210817,4889.57,-37.8293,-156.927,0.00278268,0.0468339,-65.9399,3099.44,-23.9796,-99.4743,0.00422504,0.0261211,-64.5568,5687.42,-44.0021,-182.534,-0.00154574,0.0341406,-65.9144,2776.31,-21.4795,-89.1034,-0.0012028,0.037433,-64.1448
3.839,194.241,-5.60684,22.0732,0.447254,2.25855,-4.65886,-0.238353,-0.0320839,0.00773101,3974.82,3,0.134005,0,0.08,-0.041835,-0.0209673,0.000427953,-0.00210607,4889.72,-37.8227,-156.935,0.00280412,0.0467822,-65.9417,3099.41,-23.9744,-99.4753,0.00423275,0.0261067,-64.558,5687.39,-43.9928,-182.536,-0.00156352,0.0341621,-65.916,2776.25,-21.4747,-89.1033,-0.00117872,0.0374538,-64.1464
3.849,194.444,-5.69187,22.0737,0.447314,2.25118,-4.69132,-0.238168,-0.0320845,0.00772947,3974.91,3,0.134012,0,0.08,-0.0418328,-0.0209677,0.000430385,-0.00210431,4889.15,-37.8107,-156.92,0.00278455,0.0467183,-65.9433,3099.8,-23.9726,-99.4895,0.00424975,0.026071,-64.5595,5687.54,-43.9851,-182.544,-0.00156238,0.0341298,-65.9171,2776.42,-21.4717,-89.1106,-0.00114533,0.0374312,-64.1486
3.859,194.648,-5.7774,22.0742,0.447307,2.30013,-4.71608,-0.238354,-0.0320849,0.00772799,3975.01,3,0.134035,0,0.08,-0.0418398,-0.0209546,0.000426932,-0.00210751,4889.09,-37.803,-156.92,0.00275525,0.0467529,-65.9445,3099.76,-23.9677,-99.4897,0.00426271,0.0260849,-64.5617,5687.56,-43.9769,-182.547,-0.00156458,0.0341326,-65.9187,2776.29,-21.4667,-89.1077,-0.00115413,0.037436,-64.15
3.869,194.851,-5.8634,22.0748,0.447338,2.28285,-4.7385,-0.238319,-0.0320855,0.00772655,3975.12,3,0.134033,0,0.08,-0.0418434,-0.0209553,0.000429729,-0.00210435,4889.19,-37.7968,-156.926,0.00273637,0.0467755,-65.9452,3100.5,-23.969,-99.5153,0.00434479,0.026048,-64.5644,5687.61,-43.9691,-182.553,-0.00159558,0.0341245,-65.9196,2776.63,-21.4652,-89.1201,-0.00108773,0.0374209,-64.152
3.879,195.054,-5.9499,22.0753,0.447338,2.28224,-4.82145,-0.238464,-0.032086,0.00772513,3975.21,3,0.134032,0,0.08,-0.0418334,-0.0209322,0.000427525,-0.00210641,4888.75,-37.7864,-156.914,0.00268622,0.0467382,-65.9473,3101.35,-23.9711,-99.544,0.00439469,0.026004,-64.5653,5687.42,-43.9596,-182.549,-0.00160745,0.0341114,-65.9218,2776.96,-21.4638,-89.1321,-0.00102927,0.0374036,-64.1526
3.889,195.257,-6.03688,22.0758,0.447352,2.34082,-4.75642,-0.23856,-0.0320865,0.00772374,3975.3,3,0.134069,0,0.08,-0.0418026,-0.0209217,0.000425953,-0.00210877,4889.38,-37.7844,-156.937,0.0027385,0.046761,-65.9488,3099.85,-23.9552,-99.4975,0.00427865,0.0260702,-64.5667,5687.71,-43.9539,-182.562,-0.0015503,0.0341355,-65.9234,2776.26,-21.4545,-89.111,-0.00117775,0.0374353,-64.1542
3.899,195.46,-6.12435,22.0763,0.447371,2.28823,-4.80115,-0.238595,-0.0320871,0.00772237,3975.39,3,0.134066,0,0.08,-0.0418173,-0.0209347,0.000426374,-0.00210815,4889.2,-37.7764,-156.934,0.00277272,0.0467874,-65.9506,3099.63,-23.9493,-99.4922,0.00430157,0.026089,-64.5681,5687.73,-43.9462,-182.565,-0.00158783,0.0341256,-65.925,2776.56,-21.4531,-89.1222,-0.0010996,0.0374255,-64.1559
3.909,195.663,-6.2123,22.0768,0.447463,2.33023,-4.72998,-0.238361,-0.0320876,0.00772107,3975.49,3,0.134074,0,0.08,-0.0418574,-0.0209452,0.000427195,-0.00210695,4889.09,-37.7692,-156.933,0.00272991,0.0467712,-65.952,3100.15,-23.9493,-99.5106,0.00433694,0.0260612,-64.5701,5687.68,-43.9384,-182.567,-0.00160321,0.034126,-65.926,2776.69,-21.4505,-89.128,-0.00106526,0.0374192,-64.1579
3.919,195.865,-6.30074,22.0774,0.447475,2.36398,-4.72463,-0.238397,-0.0320882,0.00771979,3975.6,3,0.134095,0,0.08,-0.0418617,-0.0209438,0.000427286,-0.00210688,4889.31,-37.7647,-156.943,0.00276784,0.0467808,-65.9524,3099.84,-23.9429,-99.5025,0.00430046,0.0260677,-64.573,5687.85,-43.9325,-182.575,-0.00156779,0.0341338,-65.9265,2776.18,-21.443,-89.1133,-0.0011685,0.0374328,-64.1609
3.929,196.067,-6.38966,22.0779,0.447571,2.35787,-4.68236,-0.238253,-0.0320888,0.00771856,3975.69,3,0.134087,0,0.08,-0.0418626,-0.0209459,0.000427886,-0.00210726,4889.03,-37.7564,-156.937,0.00271595,0.0467467,-65.9547,3100.67,-23.9455,-99.5308,0.00435127,0.0260095,-64.5735,5687.73,-43.9245,-182.575,-0.00159205,0.0341292,-65.9289,2776.58,-21.4426,-89.1276,-0.00108673,0.0374164,-64.1609
3.939,196.269,-6.47906,22.0783,0.447517,2.31147,-4.8053,-0.238521,-0.0320892,0.00771732,3975.77,3,0.134085,0,0.08,-0.0418242,-0.0209182,0.000426642,-0.00210778,4888.77,-37.7484,-156.931,0.00280632,0.0467615,-65.957,3100.11,-23.9374,-99.5143,0.00431347,0.0260477,-64.5741,5687.73,-43.9175,-182.577,-0.00159142,0.0341246,-65.9317,2776.79,-21.4408,-89.1357,-0.00107119,0.037416,-64.1614
3.949,196.471,-6.56895,22.0789,0.447617,2.41679,-4.6069,-0.238298,-0.0320897,0.00771613,3975.87,3,0.134128,0,0.08,-0.0418479,-0.02093,0.00042678,-0.00210741,4889.67,-37.7495,-156.962,0.00275654,0.0467961,-65.9581,3099.43,-23.9284,-99.4937,0.00423993,0.0260686,-64.5763,5687.99,-43.9128,-182.588,-0.00154542,0.0341503,-65.9327,2775.79,-21.4298,-89.1048,-0.0012072,0.0374573,-64.1638
3.959,196.672,-6.65932,22.0795,0.447677,2.47071,-4.55853,-0.238198,-0.03209,0.00771499,3975.98,3,0.134136,0,0.08,-0.0418673,-0.0209303,0.000426877,-0.00210721,4889.59,-37.7433,-156.961,0.00279593,0.0467927,-65.9615,3098.78,-23.9199,-99.4742,0.00418794,0.0260825,-64.5761,5687.84,-43.9051,-182.586,-0.00154156,0.0341464,-65.9357,2775.98,-21.4281,-89.1118,-0.00120712,0.0374526,-64.1632
3.969,196.873,-6.75017,22.08,0.447642,2.41637,-4.68213,-0.238436,-0.0320904,0.00771389,3976.07,3,0.13413,0,0.08,-0.0418612,-0.0209076,0.000425965,-0.00210838,4889.5,-37.7372,-156.96,0.00277055,0.0468064,-65.9619,3099.14,-23.9192,-99.4867,0.00425276,0.026081,-64.5792,5688.24,-43.902,-182.6,-0.0015702,0.0341365,-65.9362,2776.29,-21.4274,-89.1227,-0.00115328,0.0374374,-64.1659
3.979,197.074,-6.84151,22.0805,0.447667,2.42154,-4.68035,-0.23848,-0.0320908,0.00771278,3976.16,3,0.134127,0,0.08,-0.0418317,-0.0208897,0.000426322,-0.00210816,4889.74,-37.7336,-156.97,0.00279681,0.0468059,-65.9633,3099.25,-23.9166,-99.4916,0.00425559,0.0260616,-64.5806,5687.91,-43.8931,-182.592,-0.00156601,0.0341428,-65.9376,2776.14,-21.4232,-89.1194,-0.00115828,0.0374444,-64.1677
3.989,197.275,-6.93332,22.081,0.447759,2.42698,-4.60334,-0.238279,-0.0320913,0.00771171,3976.25,3,0.134127,0,0.08,-0.0418478,-0.0209137,0.000426796,-0.00210741,4889.76,-37.7286,-156.973,0.00279784,0.0468027,-65.965,3099.29,-23.9136,-99.4944,0.0042616,0.0260601,-64.5818,5687.86,-43.8866,-182.594,-0.00157215,0.0341467,-65.9391,2776.01,-21.4192,-89.1164,-0.00115525,0.0374517,-64.1694
3.999,197.476,-7.02562,22.0815,0.447784,2.43992,-4.63982,-0.238273,-0.0320916,0.00771067,3976.35,3,0.134126,0,0.08,-0.0418646,-0.0209212,0.000428382,-0.00210554,4889.4,-37.7207,-156.963,0.00277377,0.0467916,-65.9668,3099.48,-23.9118,-99.5015,0.00427533,0.0260575,-64.5833,5687.88,-43.8809,-182.596,-0.0015778,0.0341376,-65.9405,2776.25,-21.4182,-89.125,-0.0011287,0.0374377,-64.1707
4.009,197.676,-7.1184,22.082,0.447768,2.4212,-4.69795,-0.238479,-0.032092,0.0077097,3976.45,3,0.134128,0,0.08,-0.0418745,-0.0209032,0.000426335,-0.00210811,4889.57,-37.7173,-156.97,0.00275274,0.0468247,-65.9671,3099.55,-23.9094,-99.5048,0.00430893,0.026063,-64.5866,5687.94,-43.8758,-182.6,-0.00157926,0.0341375,-65.9407,2776.25,-21.4156,-89.1262,-0.00112242,0.0374381,-64.1742
4.019,197.877,-7.21165,22.0826,0.447827,2.46711,-4.6163,-0.238383,-0.0320926,0.00770875,3976.54,3,0.134133,0,0.08,-0.041871,-0.0209058,0.000426445,-0.0021076,4889.79,-37.7143,-156.98,0.0027731,0.0468323,-65.9697,3099.09,-23.9029,-99.4921,0.00425487,0.0260702,-64.5868,5687.91,-43.8701,-182.603,-0.00157919,0.0341507,-65.9435,2776.33,-21.4135,-89.1302,-0.00113126,0.0374493,-64.1737
4.029,198.077,-7.30539,22.0831,0.447797,2.49549,-4.70799,-0.238618,-0.0320931,0.0077078,3976.63,3,0.134129,0,0.08,-0.0418353,-0.0208791,0.000426466,-0.00210805,4889.71,-37.7091,-156.98,0.00276547,0.0468099,-65.9684,3099.63,-23.9042,-99.5112,0.00431478,0.0260448,-64.5911,5688.09,-43.8661,-182.611,-0.00155152,0.0341459,-65.9434,2775.89,-21.4074,-89.1176,-0.00118034,0.0374489,-64.1784
4.039,198.276,-7.3996,22.0836,0.447829,2.50024,-4.68283,-0.238669,-0.0320936,0.00770688,3976.73,3,0.134145,0,0.08,-0.0418071,-0.0208745,0.000425659,-0.00210906,4890.16,-37.708,-156.997,0.00276249,0.046833,-65.9724,3099.11,-23.8973,-99.4958,0.00423793,0.026068,-64.59,5688.25,-43.8621,-182.619,-0.00154215,0.0341622,-65.9461,2775.57,-21.4024,-89.1085,-0.00123943,0.0374635,-64.1775
4.049,198.476,-7.4943,22.0842,0.447975,2.44646,-4.66344,-0.238243,-0.0320941,0.00770601,3976.82,3,0.134091,0,0.08,-0.0418698,-0.0209018,0.000426557,-0.0021077,4888.93,-37.6943,-156.96,0.00273417,0.0467752,-65.9741,3099.95,-23.901,-99.5241,0.00439602,0.0259984,-64.5916,5687.88,-43.8543,-182.61,-0.00162372,0.0341233,-65.948,2776.85,-21.4099,-89.151,-0.000963149,0.0374082,-64.1793
4.059,198.675,-7.58947,22.0847,0.447972,2.49816,-4.64024,-0.238382,-0.0320944,0.00770517,3976.92,3,0.134119,0,0.08,-0.0418793,-0.0208927,0.000426764,-0.00210757,4889.68,-37.696,-156.985,0.0027665,0.0468308,-65.9761,3099.67,-23.8962,-99.5161,0.00430377,0.0260404,-64.5929,5688.05,-43.8509,-182.617,-0.00157941,0.0341455,-65.9498,2776.18,-21.4024,-89.1304,-0.00112434,0.0374361,-64.1797
4.069,198.874,-7.68511,22.0852,0.44799,2.51038,-4.66518,-0.238456,-0.0320947,0.00770434,3977.01,3,0.134112,0,0.08,-0.0418702,-0.0208885,0.000425883,-0.00210846,4889.53,-37.6907,-156.982,0.00275117,0.0468053,-65.978,3099.89,-23.8954,-99.5243,0.00431552,0.0260292,-64.5938,5687.99,-43.8456,-182.617,-0.00157808,0.0341422,-65.9525,2776.33,-21.4012,-89.136,-0.00110211,0.03744,-64.1805
4.079,199.073,-7.78124,22.0857,0.448028,2.54392,-4.64516,-0.238413,-0.0320952,0.0077035,3977.1,3,0.134112,0,0.08,-0.0418613,-0.0208911,0.000426566,-0.00210739,4889.42,-37.6858,-156.981,0.00269296,0.0468021,-65.9787,3099.96,-23.8934,-99.5281,0.00433439,0.0260259,-64.596,5688.16,-43.8422,-182.625,-0.00157326,0.03414,-65.9529,2776.22,-21.3981,-89.1339,-0.00111911,0.0374365,-64.1832
4.089,199.272,-7.87784,22.0862,0.448025,2.61041,-4.63761,-0.238527,-0.0320956,0.00770269,3977.19,3,0.134123,0,0.08,-0.0418554,-0.0208828,0.000428381,-0.0021058,4889.96,-37.686,-157,0.00273478,0.0468357,-65.9794,3099.26,-23.8854,-99.5067,0.00426599,0.0260661,-64.5984,5687.9,-43.8356,-182.619,-0.00153861,0.0341381,-65.9538,2775.35,-21.3891,-89.1072,-0.00121687,0.037456,-64.1856
4.099,199.47,-7.97491,22.0867,0.448107,2.55364,-4.62757,-0.238391,-0.0320961,0.00770195,3977.29,3,0.134103,0,0.08,-0.0418841,-0.0208979,0.000426355,-0.00210767,4889.65,-37.68,-156.993,0.00274699,0.0468306,-65.9814,3099.36,-23.8839,-99.5116,0.00430938,0.0260642,-64.5997,5688.33,-43.8347,-182.636,-0.00159146,0.0341425,-65.9552,2776.02,-21.3922,-89.13,-0.00111151,0.0374435,-64.1875
4.109,199.668,-8.07247,22.0873,0.448147,2.58547,-4.53973,-0.238394,-0.0320966,0.00770125,3977.39,3,0.134117,0,0.08,-0.0418818,-0.0208737,0.000426361,-0.00210807,4890.09,-37.68,-157.009,0.00279075,0.0468581,-65.9836,3098.27,-23.8733,-99.478,0.00420612,0.0260882,-64.6006,5688.31,-43.8305,-182.638,-0.00155527,0.0341656,-65.9575,2775.58,-21.3869,-89.1175,-0.00120761,0.0374661,-64.1876
4.119,199.866,-8.17049,22.0878,0.448257,2.5736,-4.48712,-0.238248,-0.0320973,0.00770053,3977.47,3,0.134096,0,0.08,-0.0418848,-0.0208976,0.000431102,-0.00210622,4890.16,-37.677,-157.015,0.00279067,0.0468441,-65.985,3098.8,-23.8751,-99.4971,0.0042534,0.0260532,-64.602,5688.34,-43.8267,-182.643,-0.0015697,0.0341513,-65.9595,2775.7,-21.3858,-89.1231,-0.00116173,0.0374563,-64.1884
4.129,200.064,-8.26899,22.0883,0.448214,2.595,-4.62374,-0.238456,-0.0320978,0.00769986,3977.56,3,0.134079,0,0.08,-0.0418491,-0.020868,0.000426553,-0.00210775,4889.38,-37.6677,-156.992,0.00270539,0.0467823,-65.985,3099.89,-23.8815,-99.5338,0.00433744,0.0260065,-64.605,5688.56,-43.8246,-182.653,-0.0015686,0.0341467,-65.9601,2776.02,-21.3864,-89.1349,-0.00111953,0.0374452,-64.1918
4.139,200.262,-8.36796,22.0888,0.448271,2.65596,-4.59097,-0.238406,-0.0320982,0.00769924,3977.66,3,0.134095,0,0.08,-0.0418752,-0.0208872,0.000427397,-0.00210747,4889.59,-37.6663,-157.001,0.00267339,0.0467916,-65.9885,3099.78,-23.8787,-99.5315,0.00426909,0.0260449,-64.6046,5689.25,-43.8263,-182.677,-0.00154511,0.0341425,-65.9623,2775.99,-21.3844,-89.1349,-0.00119266,0.0374476,-64.1924
4.149,200.459,-8.46741,22.0893,0.448282,2.52623,-4.70113,-0.238493,-0.0320985,0.00769861,3977.75,3,0.134036,0,0.08,-0.0418885,-0.0208766,0.000425906,-0.0021088,4889.57,-37.6631,-157.002,0.00271432,0.0468347,-65.9894,3100.28,-23.8807,-99.5488,0.00440395,0.0259992,-64.607,5688.13,-43.8142,-182.643,-0.00161583,0.0341305,-65.9635,2776.59,-21.3873,-89.155,-0.000983838,0.037419,-64.1945
4.159,200.656,-8.56733,22.0899,0.448349,2.64932,-4.5102,-0.238361,-0.032099,0.00769804,3977.84,3,0.134072,0,0.08,-0.0418867,-0.0208739,0.000426402,-0.00210778,4890.27,-37.6656,-157.027,0.00280905,0.0468464,-65.9914,3098.31,-23.8636,-99.4868,0.00420078,0.0260706,-64.6079,5688.34,-43.8125,-182.653,-0.00154292,0.0341633,-65.9654,2775.46,-21.377,-89.1201,-0.0012191,0.0374692,-64.1947
4.169,200.853,-8.66772,22.0904,0.448342,2.63404,-4.58358,-0.238533,-0.0320995,0.00769749,3977.93,3,0.134052,0,0.08,-0.0418545,-0.0208491,0.000426139,-0.00210844,4890.24,-37.6627,-157.029,0.00277818,0.0468581,-65.993,3098.82,-23.8659,-99.5049,0.00426675,0.026056,-64.6092,5688.5,-43.8106,-182.661,-0.00156752,0.0341589,-65.9672,2775.66,-21.3771,-89.1281,-0.00114834,0.0374591,-64.1964
4.179,201.049,-8.76858,22.0909,0.44848,2.65369,-4.52425,-0.238301,-0.0321002,0.00769692,3978.02,3,0.134033,0,0.08,-0.0418917,-0.0208898,0.00042533,-0.00210886,4889.19,-37.6518,-156.998,0.00263344,0.0468006,-65.9942,3100.38,-23.8762,-99.5571,0.00437057,0.025999,-64.6108,5688.26,-43.8055,-182.657,-0.00158636,0.0341399,-65.9683,2776.19,-21.3796,-89.1469,-0.00107316,0.0374321,-64.1984
4.189,201.246,-8.86991,22.0914,0.448463,2.63153,-4.61999,-0.238358,-0.0321006,0.00769639,3978.11,3,0.134008,0,0.08,-0.0418896,-0.0208862,0.000428687,-0.00210516,4889.18,-37.6492,-157,0.00268648,0.0468037,-65.9954,3100.12,-23.8725,-99.5498,0.00437711,0.0260113,-64.6127,5688.36,-43.8033,-182.662,-0.00161831,0.0341368,-65.9698,2776.34,-21.3792,-89.1528,-0.0010073,0.0374258,-64.1999
4.199,201.442,-8.97171,22.092,0.448535,2.71436,-4.46052,-0.238275,-0.0321011,0.0076959,3978.21,3,0.134027,0,0.08,-0.0418978,-0.0208891,0.000426518,-0.00210764,4890.16,-37.6543,-157.034,0.00276974,0.0468647,-65.9966,3098.66,-23.8598,-99.5047,0.00425019,0.0260587,-64.6146,5688.57,-43.8021,-182.672,-0.00156245,0.034164,-65.9705,2775.31,-21.3699,-89.121,-0.0011806,0.0374699,-64.2023
4.209,201.638,-9.07398,22.0924,0.448486,2.64443,-4.63035,-0.238614,-0.0321017,0.00769545,3978.3,3,0.133996,0,0.08,-0.0418769,-0.020847,0.000426637,-0.00210788,4890.26,-37.653,-157.04,0.00274376,0.0468574,-65.9987,3099.29,-23.8632,-99.5266,0.00430543,0.0260403,-64.6155,5688.39,-43.7982,-182.669,-0.00159208,0.0341511,-65.9731,2775.98,-21.3739,-89.1443,-0.00107516,0.0374449,-64.2024
4.219,201.833,-9.17672,22.093,0.448571,2.68828,-4.5134,-0.238426,-0.0321023,0.00769498,3978.39,3,0.133995,0,0.08,-0.0418712,-0.0208591,0.00042645,-0.00210785,4890.67,-37.6537,-157.056,0.00280618,0.0468805,-66.0001,3098.48,-23.8555,-99.5028,0.00423713,0.026075,-64.6169,5688.63,-43.7973,-182.681,-0.00156034,0.0341672,-65.9747,2775.3,-21.3673,-89.1243,-0.00116926,0.03747,-64.2041
4.229,202.029,-9.27993,22.0934,0.448626,2.64975,-4.55608,-0.238414,-0.032103,0.00769456,3978.47,3,0.133966,0,0.08,-0.0418829,-0.020875,0.000425906,-0.00210897,4890.14,-37.6476,-157.042,0.00281155,0.0468637,-66.003,3098.97,-23.858,-99.5203,0.00426654,0.026053,-64.617,5688.41,-43.7932,-182.677,-0.00157891,0.0341575,-65.9766,2775.81,-21.37,-89.1422,-0.0011035,0.0374561,-64.2052
4.239,202.224,-9.38361,22.094,0.448662,2.70457,-4.52545,-0.23843,-0.0321035,0.00769416,3978.56,3,0.133968,0,0.08,-0.0418842,-0.020865,0.000426312,-0.0021086,4890.28,-37.6467,-157.049,0.00277188,0.0468654,-66.004,3098.84,-23.8557,-99.5176,0.00425483,0.0260576,-64.619,5688.59,-43.7923,-182.686,-0.00155705,0.0341619,-65.9783,2775.36,-21.3655,-89.1293,-0.00115165,0.0374644,-64.2068
4.249,202.419,-9.48775,22.0945,0.448721,2.71791,-4.48739,-0.238472,-0.0321041,0.00769379,3978.66,3,0.133962,0,0.08,-0.0418969,-0.0208635,0.000428277,-0.00210665,4890.36,-37.6455,-157.055,0.00278877,0.0468763,-66.0054,3098.66,-23.8532,-99.514,0.00422463,0.0260685,-64.6206,5688.69,-43.791,-182.693,-0.00154736,0.0341696,-65.9801,2775.19,-21.3631,-89.1255,-0.00119064,0.0374732,-64.2079
4.259,202.613,-9.59236,22.095,0.448778,2.74745,-4.4247,-0.238355,-0.0321047,0.00769343,3978.75,3,0.133949,0,0.08,-0.0418732,-0.0208389,0.000426324,-0.00210839,4890.74,-37.6467,-157.07,0.00279429,0.0468764,-66.0059,3098.18,-23.8484,-99.5005,0.00421989,0.0260527,-64.623,5688.71,-43.7891,-182.697,-0.00156015,0.034177,-65.9812,2775,-21.3607,-89.1213,-0.00118097,0.0374828,-64.2097
4.269,202.808,-9.69744,22.0955,0.448838,2.71866,-4.42693,-0.238301,-0.0321054,0.00769307,3978.83,3,0.133929,0,0.08,-0.0418853,-0.0208713,0.000424989,-0.00210919,4890.82,-37.6456,-157.076,0.00280794,0.046889,-66.0081,3098.38,-23.8488,-99.5092,0.00421932,0.0260634,-64.6235,5688.52,-43.7856,-182.695,-0.00154702,0.0341778,-65.9823,2774.99,-21.3597,-89.123,-0.00120332,0.0374847,-64.211
4.279,203.002,-9.80298,22.096,0.448923,2.69808,-4.33997,-0.238208,-0.0321059,0.00769274,3978.92,3,0.133911,0,0.08,-0.0418917,-0.0208752,0.000419049,-0.00211476,4890.83,-37.644,-157.079,0.00279481,0.0469336,-66.01,3098.53,-23.849,-99.5154,0.00423522,0.0260526,-64.6247,5688.8,-43.7859,-182.707,-0.00152975,0.0341921,-65.9844,2774.93,-21.3582,-89.1222,-0.00119671,0.0374924,-64.2128
4.289,203.196,-9.90899,22.0965,0.448857,2.74121,-4.52921,-0.23854,-0.0321064,0.00769245,3979.01,3,0.133897,0,0.08,-0.0418865,-0.0208505,0.000425981,-0.00210872,4890.46,-37.6398,-157.069,0.00276869,0.0468862,-66.0101,3098.53,-23.8481,-99.5169,0.00425149,0.0260741,-64.6275,5688.73,-43.7837,-182.708,-0.00157661,0.0341725,-65.9844,2775.11,-21.3588,-89.1295,-0.0011527,0.0374729,-64.2157
4.299,203.39,-10.0155,22.097,0.448904,2.73855,-4.53899,-0.238536,-0.032107,0.00769219,3979.1,3,0.133869,0,0.08,-0.0418949,-0.0208473,0.000426,-0.0021087,4890.49,-37.6387,-157.073,0.00274373,0.0468932,-66.0118,3099.21,-23.8524,-99.5405,0.00430948,0.0260449,-64.6289,5688.9,-43.7835,-182.717,-0.00159578,0.0341663,-65.9863,2775.4,-21.3604,-89.1406,-0.00108999,0.037464,-64.2163
4.309,203.583,-10.1224,22.0976,0.448988,2.77502,-4.48041,-0.238402,-0.0321078,0.00769192,3979.19,3,0.133849,0,0.08,-0.0418867,-0.0208563,0.000425684,-0.00210877,4890.25,-37.6356,-157.069,0.00273565,0.0468555,-66.0115,3099.45,-23.8535,-99.5506,0.00432315,0.0260091,-64.632,5688.76,-43.7809,-182.716,-0.00157552,0.0341702,-65.9867,2775.29,-21.3588,-89.1391,-0.00111762,0.0374657,-64.2196
4.319,203.776,-10.2298,22.0981,0.449018,2.82417,-4.49492,-0.238445,-0.0321084,0.00769166,3979.27,3,0.133832,0,0.08,-0.0418798,-0.0208483,0.000427882,-0.00210643,4889.8,-37.6308,-157.058,0.00262346,0.0468318,-66.0142,3100.1,-23.8577,-99.5735,0.00438251,0.0260014,-64.6319,5688.8,-43.7797,-182.721,-0.00159863,0.0341594,-65.9894,2775.54,-21.3599,-89.1487,-0.00105504,0.0374511,-64.2191
4.329,203.969,-10.3377,22.0986,0.44914,2.78511,-4.37893,-0.238235,-0.0321089,0.00769143,3979.36,3,0.13382,0,0.08,-0.0418979,-0.0208658,0.000426993,-0.00210722,4890.4,-37.6343,-157.079,0.00277148,0.0468685,-66.0156,3099.01,-23.8486,-99.5401,0.00427263,0.026029,-64.6334,5688.77,-43.7782,-182.723,-0.00156299,0.0341762,-65.9905,2775.18,-21.3565,-89.1386,-0.00114802,0.0374752,-64.2215
4.339,204.162,-10.446,22.0991,0.449126,2.82597,-4.44517,-0.238359,-0.0321093,0.00769123,3979.46,3,0.133804,0,0.08,-0.0419006,-0.0208638,0.000426773,-0.00210729,4890.46,-37.6338,-157.083,0.00275119,0.0468909,-66.0177,3099.11,-23.8487,-99.5445,0.00427777,0.0260502,-64.6344,5688.84,-43.7775,-182.727,-0.00156567,0.0341708,-65.992,2775.2,-21.3561,-89.1403,-0.00113955,0.0374689,-64.2227
4.349,204.354,-10.5548,22.0995,0.449127,2.79009,-4.538,-0.238558,-0.0321098,0.00769105,3979.54,3,0.133771,0,0.08,-0.0418922,-0.0208438,0.000426057,-0.00210871,4890.58,-37.6338,-157.09,0.00274803,0.0468749,-66.019,3099.53,-23.8514,-99.5597,0.00431725,0.0260203,-64.636,5688.79,-43.7762,-182.729,-0.00158184,0.034159,-65.994,2775.38,-21.3571,-89.1478,-0.00108605,0.0374649,-64.2239
4.359,204.546,-10.664,22.1001,0.44917,2.84503,-4.46058,-0.238537,-0.0321106,0.00769087,3979.63,3,0.133772,0,0.08,-0.041871,-0.0208358,0.0004261,-0.00210867,4890.8,-37.6347,-157.1,0.0027582,0.0468935,-66.0204,3098.68,-23.8443,-99.5345,0.0042624,0.0260587,-64.6373,5688.57,-43.7735,-182.726,-0.00155406,0.0341813,-65.9958,2774.9,-21.3528,-89.1341,-0.00116974,0.0374823,-64.2247
4.369,204.738,-10.7737,22.1006,0.449277,2.81338,-4.41033,-0.23846,-0.0321113,0.00769068,3979.71,3,0.133743,0,0.08,-0.0418828,-0.0208521,0.000420519,-0.00211781,4890.85,-37.6341,-157.106,0.00279448,0.046898,-66.0244,3098.53,-23.8426,-99.5322,0.00423266,0.0260662,-64.6362,5689.2,-43.7772,-182.751,-0.00157025,0.0341786,-65.9979,2774.98,-21.3529,-89.139,-0.0011326,0.037474,-64.2258
4.379,204.93,-10.8839,22.1011,0.4493,2.87893,-4.36379,-0.238378,-0.0321121,0.00769058,3979.8,3,0.133735,0,0.08,-0.0418943,-0.0208516,0.000428075,-0.00210627,4891.04,-37.635,-157.115,0.00275741,0.0469125,-66.0236,3098.42,-23.8414,-99.5307,0.00425568,0.0260791,-64.6398,5689.09,-43.7758,-182.751,-0.00158364,0.0341902,-65.9986,2774.66,-21.3502,-89.1306,-0.0011453,0.0374877,-64.228
4.389,205.121,-10.9945,22.1016,0.449336,2.89272,-4.38271,-0.238398,-0.0321127,0.00769048,3979.89,3,0.133724,0,0.08,-0.041899,-0.020851,0.000427947,-0.00210658,4890.84,-37.633,-157.112,0.00276025,0.0469037,-66.0248,3098.49,-23.8417,-99.5354,0.00423358,0.0260741,-64.6416,5689.13,-43.7756,-182.756,-0.00156403,0.0341902,-65.9993,2774.44,-21.3482,-89.1254,-0.00119279,0.037497,-64.2301
4.399,205.312,-11.1056,22.1021,0.449358,2.86905,-4.44751,-0.238503,-0.0321135,0.0076904,3979.97,3,0.133685,0,0.08,-0.0418885,-0.0208407,0.000425998,-0.00210872,4890.9,-37.6331,-157.118,0.00273184,0.0468974,-66.0261,3098.82,-23.8439,-99.548,0.0042905,0.0260464,-64.643,5689.06,-43.7746,-182.758,-0.00159299,0.0341783,-66.0015,2774.91,-21.3516,-89.1427,-0.00108652,0.0374778,-64.2308
4.409,205.503,-11.2171,22.1026,0.449471,2.87601,-4.34389,-0.238227,-0.0321144,0.00769032,3980.06,3,0.133669,0,0.08,-0.0418986,-0.0208617,0.000428152,-0.00210473,4890.96,-37.6332,-157.124,0.0027762,0.046891,-66.028,3098.55,-23.8416,-99.5421,0.00424247,0.0260512,-64.6438,5689.1,-43.7744,-182.765,-0.00157002,0.0341865,-66.0036,2774.68,-21.3496,-89.1378,-0.00113874,0.0374865,-64.2318
4.419,205.694,-11.3291,22.1031,0.449464,2.90811,-4.41132,-0.238494,-0.032115,0.00769028,3980.14,3,0.133651,0,0.08,-0.0418659,-0.0208315,0.000426086,-0.00210863,4890.75,-37.6314,-157.12,0.00271619,0.0468749,-66.0283,3098.97,-23.8447,-99.5575,0.00428631,0.0260424,-64.6463,5689.18,-43.7748,-182.771,-0.00157626,0.0341833,-66.0045,2774.54,-21.3484,-89.1347,-0.00113478,0.0374875,-64.2341
4.429,205.884,-11.4416,22.1036,0.449566,2.97207,-4.23483,-0.238286,-0.0321155,0.00769025,3980.23,3,0.133657,0,0.08,-0.0418886,-0.0208414,0.00042575,-0.00210903,4891.52,-37.6371,-157.147,0.00282139,0.0469207,-66.0315,3097.47,-23.8331,-99.5111,0.00413193,0.0261013,-64.646,5689.36,-43.776,-182.779,-0.00151219,0.0342139,-66.0064,2773.6,-21.3411,-89.1062,-0.00131384,0.0375308,-64.2347
4.439,206.074,-11.5545,22.1041,0.449582,2.91266,-4.37033,-0.238399,-0.032116,0.00769024,3980.31,3,0.133605,0,0.08,-0.0419015,-0.0208573,0.000427628,-0.0021063,4890.94,-37.6327,-157.132,0.00275171,0.0469143,-66.0324,3098.78,-23.8431,-99.5547,0.0042593,0.0260674,-64.648,5689.08,-43.7738,-182.774,-0.0015749,0.0341895,-66.0075,2774.61,-21.3488,-89.1399,-0.00113145,0.0374888,-64.2365
4.449,206.264,-11.6679,22.1046,0.449641,2.93247,-4.32158,-0.238317,-0.0321167,0.00769024,3980.4,3,0.133584,0,0.08,-0.0419002,-0.0208581,0.000424912,-0.00210906,4891.36,-37.6359,-157.148,0.00277307,0.0469046,-66.0336,3098.37,-23.84,-99.5436,0.00423014,0.026061,-64.6495,5689.04,-43.7735,-182.776,-0.00157001,0.0341919,-66.0095,2774.56,-21.3485,-89.1404,-0.00112755,0.0374917,-64.2376
4.459,206.454,-11.7817,22.1051,0.449716,2.92936,-4.29495,-0.238312,-0.0321176,0.00769025,3980.48,3,0.133563,0,0.08,-0.0418917,-0.0208505,0.000428407,-0.00210709,4891.13,-37.6342,-157.145,0.00275865,0.0468904,-66.0338,3098.5,-23.841,-99.5504,0.00424286,0.0260502,-64.6517,5689.23,-43.7751,-182.787,-0.00156828,0.0341939,-66.0113,2774.38,-21.3471,-89.137,-0.00113938,0.0374953,-64.2385
4.469,206.643,-11.896,22.1055,0.449676,2.93155,-4.36672,-0.238575,-0.0321182,0.00769029,3980.56,3,0.133545,0,0.08,-0.0418525,-0.0208121,0.000425843,-0.0021091,4891.56,-37.6377,-157.162,0.00283338,0.0469311,-66.0373,3097.89,-23.8365,-99.5329,0.0041786,0.0260849,-64.6513,5689.3,-43.7758,-182.793,-0.00155123,0.034207,-66.0123,2774.13,-21.3453,-89.1305,-0.00118663,0.0375108,-64.2406
4.479,206.832,-12.0107,22.106,0.44975,2.9813,-4.39922,-0.238382,-0.0321189,0.00769033,3980.66,3,0.133513,0,0.08,-0.0418968,-0.0208479,0.000426356,-0.00210882,4890.87,-37.6325,-157.143,0.00270602,0.0468914,-66.0375,3099.08,-23.8457,-99.5735,0.0042997,0.026057,-64.654,5689.48,-43.7774,-182.803,-0.00161474,0.0341843,-66.013,2774.32,-21.3469,-89.139,-0.00105633,0.0374849,-64.2431
4.489,207.021,-12.1259,22.1065,0.449783,2.95712,-4.38309,-0.238535,-0.0321196,0.00769041,3980.73,3,0.133494,0,0.08,-0.0418973,-0.0208401,0.000425958,-0.00210905,4891.26,-37.6359,-157.159,0.00274914,0.0469221,-66.0386,3098.79,-23.8437,-99.5661,0.00425651,0.0260682,-64.6556,5689.39,-43.7772,-182.804,-0.00157407,0.0341961,-66.014,2774.37,-21.3474,-89.1422,-0.00114965,0.0374974,-64.2445
4.499,207.209,-12.2415,22.107,0.44989,2.9855,-4.23627,-0.238309,-0.0321204,0.00769046,3980.81,3,0.133483,0,0.08,-0.0418878,-0.0208446,0.000426357,-0.00210839,4891.82,-37.6405,-157.181,0.00281706,0.0469323,-66.0408,3097.67,-23.8353,-99.5326,0.00415819,0.0260893,-64.6559,5689.38,-43.7774,-182.808,-0.00154108,0.034209,-66.0169,2773.85,-21.3436,-89.1279,-0.00121748,0.0375184,-64.244
4.509,207.397,-12.3576,22.1075,0.449792,3.05358,-4.50258,-0.238711,-0.0321211,0.00769054,3980.9,3,0.133445,0,0.08,-0.0418535,-0.0208192,0.000425799,-0.0021091,4890.48,-37.6306,-157.142,0.00266469,0.0468648,-66.042,3099.5,-23.8496,-99.5937,0.00431743,0.0260427,-64.6575,5689.2,-43.7765,-182.807,-0.00156384,0.0341755,-66.0186,2774.46,-21.3485,-89.1494,-0.00111851,0.0374588,-64.2462
4.519,207.585,-12.4741,22.108,0.449976,3.00096,-4.30873,-0.238474,-0.0321219,0.00769064,3980.98,3,0.133422,0,0.08,-0.0418847,-0.0208393,0.000422364,-0.00211288,4890.92,-37.6345,-157.16,0.00271169,0.0468947,-66.0442,3098.96,-23.8458,-99.5788,0.00427049,0.0260534,-64.6581,5689.35,-43.7782,-182.816,-0.001577,0.0341965,-66.0195,2774.31,-21.3476,-89.1467,-0.0011088,0.0374938,-64.2476
4.529,207.773,-12.5911,22.1085,0.450019,3.04231,-4.25116,-0.238353,-0.0321228,0.00769075,3981.07,3,0.13341,0,0.08,-0.0419032,-0.0208597,0.000427125,-0.00210728,4891.39,-37.6386,-157.179,0.00274674,0.046924,-66.0448,3098.23,-23.8405,-99.5578,0.00421845,0.0260829,-64.6602,5689.59,-43.7807,-182.828,-0.00155417,0.0342093,-66.0207,2773.83,-21.3443,-89.1337,-0.00117703,0.0375151,-64.2496
4.539,207.96,-12.7085,22.109,0.45005,2.99694,-4.31785,-0.238504,-0.0321236,0.00769089,3981.15,3,0.133365,0,0.08,-0.0418986,-0.0208514,0.000425594,-0.00211007,4891.54,-37.6405,-157.188,0.00271755,0.0469264,-66.0464,3098.67,-23.8443,-99.5746,0.00428052,0.0260614,-64.6613,5689.4,-43.78,-182.827,-0.00159201,0.0342003,-66.0227,2774.31,-21.3484,-89.1515,-0.00106495,0.0375059,-64.2503
4.549,208.147,-12.8264,22.1095,0.450082,3.07198,-4.19681,-0.238509,-0.0321244,0.00769103,3981.23,3,0.133375,0,0.08,-0.0418579,-0.0208141,0.000426662,-0.00210851,4892.5,-37.6486,-157.223,0.00282801,0.0469582,-66.0463,3097.2,-23.8334,-99.5299,0.00412594,0.026114,-64.664,5689.74,-43.7834,-182.842,-0.00151554,0.0342355,-66.0235,2773.07,-21.3392,-89.1139,-0.00128991,0.0375601,-64.2526
4.559,208.334,-12.9448,22.1099,0.450099,3.04133,-4.37599,-0.238404,-0.0321252,0.00769118,3981.31,3,0.133322,0,0.08,-0.0418908,-0.0208541,0.000419095,-0.00210738,4891.27,-37.6398,-157.187,0.00277028,0.0469308,-66.0509,3098.63,-23.8449,-99.5782,0.00421954,0.0260899,-64.6621,5689.54,-43.7827,-182.841,-0.00156902,0.0341902,-66.0269,2774.27,-21.3488,-89.1545,-0.00112283,0.0374993,-64.2514
4.569,208.521,-13.0635,22.1104,0.450272,3.04173,-4.16476,-0.238267,-0.0321258,0.00769133,3981.39,3,0.133313,0,0.08,-0.0418915,-0.0208509,0.000422036,-0.002113,4891.6,-37.6431,-157.201,0.00273227,0.046924,-66.0496,3098.22,-23.8422,-99.5669,0.00421139,0.0260693,-64.666,5689.65,-43.7844,-182.847,-0.00154768,0.034221,-66.0271,2773.47,-21.3431,-89.1306,-0.00118663,0.0375255,-64.2548
4.579,208.707,-13.1828,22.1109,0.450244,3.06572,-4.28494,-0.238441,-0.0321265,0.00769152,3981.47,3,0.133271,0,0.08,-0.0418988,-0.0208487,0.000426193,-0.00210879,4891.49,-37.6432,-157.201,0.00272953,0.0469338,-66.0517,3098.69,-23.8464,-99.5845,0.00425188,0.0260754,-64.6667,5689.55,-43.7848,-182.848,-0.00159076,0.0342075,-66.0276,2773.92,-21.3471,-89.1469,-0.00110234,0.0375045,-64.2564
4.589,208.893,-13.3024,22.1113,0.450254,3.05725,-4.34261,-0.238602,-0.0321274,0.00769174,3981.55,3,0.133243,0,0.08,-0.0418905,-0.020845,0.000426111,-0.00210899,4891.51,-37.6444,-157.206,0.0027021,0.0469297,-66.0526,3098.85,-23.8483,-99.5921,0.00429236,0.0260738,-64.6686,5689.55,-43.786,-182.853,-0.00159486,0.0342059,-66.0293,2774.03,-21.3485,-89.1529,-0.00107266,0.0375016,-64.2579
4.599,209.078,-13.4226,22.1118,0.450354,3.07399,-4.16806,-0.238546,-0.0321283,0.00769194,3981.63,3,0.133242,0,0.08,-0.0418589,-0.020822,0.000429557,-0.0021076,4892.69,-37.6544,-157.248,0.00283445,0.0469709,-66.0545,3097.14,-23.8358,-99.5401,0.00412032,0.0261236,-64.6692,5689.85,-43.7894,-182.868,-0.00153545,0.0342371,-66.0312,2773.02,-21.3414,-89.1232,-0.00124306,0.0375474,-64.2586
4.609,209.264,-13.5431,22.1123,0.450398,3.09397,-4.17518,-0.238462,-0.0321293,0.00769215,3981.71,3,0.133213,0,0.08,-0.0418628,-0.0208218,0.000426096,-0.00210915,4892.37,-37.653,-157.242,0.0027817,0.0469487,-66.0557,3097.47,-23.839,-99.5537,0.00416807,0.0261086,-64.6706,5689.89,-43.7909,-182.875,-0.00155523,0.0342398,-66.0333,2773.14,-21.3429,-89.1297,-0.0011933,0.0375432,-64.2594
4.619,209.449,-13.6641,22.1127,0.450415,3.05468,-4.35416,-0.238717,-0.03213,0.00769241,3981.8,3,0.133161,0,0.08,-0.0418729,-0.0208155,0.000425548,-0.00210995,4891.01,-37.6438,-157.202,0.00267796,0.0468965,-66.0572,3099.75,-23.8573,-99.629,0.00430123,0.0260305,-64.672,5689.49,-43.7894,-182.866,-0.00157514,0.0342101,-66.033,2773.98,-21.3501,-89.1587,-0.00108377,0.0375116,-64.263
4.629,209.634,-13.7856,22.1133,0.450503,3.1544,-4.17833,-0.238429,-0.0321307,0.00769266,3981.88,3,0.133165,0,0.08,-0.0418932,-0.0208377,0.000426632,-0.00210854,4891.8,-37.6511,-157.231,0.00276018,0.0469414,-66.0584,3098.05,-23.845,-99.5768,0.00416731,0.0261064,-64.6733,5689.88,-43.7938,-182.883,-0.00154088,0.0342324,-66.0347,2772.93,-21.3427,-89.127,-0.00123487,0.0375422,-64.2633
4.639,209.818,-13.9075,22.1137,0.450529,3.13246,-4.24973,-0.238524,-0.0321315,0.00769291,3981.95,3,0.133118,0,0.08,-0.0418864,-0.0208446,0.000425721,-0.00210937,4891.81,-37.6524,-157.235,0.00272293,0.0469341,-66.0591,3098.53,-23.8495,-99.5949,0.00423944,0.0260879,-64.6751,5689.77,-43.7943,-182.884,-0.00157331,0.0342214,-66.0362,2773.48,-21.3475,-89.1466,-0.00113048,0.0375191,-64.2648
4.649,210.003,-14.0298,22.1142,0.45066,3.11535,-4.13129,-0.238225,-0.0321325,0.00769318,3982.03,3,0.133097,0,0.08,-0.0418873,-0.0208498,0.000427665,-0.00210669,4891.98,-37.655,-157.246,0.00274612,0.0469098,-66.0604,3098.1,-23.847,-99.5839,0.00420347,0.026077,-64.6763,5689.88,-43.7967,-182.893,-0.00157172,0.0342275,-66.0379,2773.26,-21.3466,-89.1423,-0.0011422,0.0375309,-64.2659
4.659,210.187,-14.1526,22.1147,0.45065,3.1554,-4.13572,-0.238442,-0.0321333,0.00769347,3982.11,3,0.133082,0,0.08,-0.0418591,-0.0208147,0.000425437,-0.00210936,4892.66,-37.6617,-157.271,0.00281704,0.0469526,-66.0626,3097.12,-23.8404,-99.555,0.00411873,0.0261186,-64.6768,5690.01,-43.7994,-182.901,-0.00154348,0.0342435,-66.0394,2772.77,-21.3437,-89.1288,-0.00121952,0.0375527,-64.2669
4.669,210.37,-14.2758,22.1151,0.450683,3.17305,-4.22051,-0.238534,-0.0321341,0.00769377,3982.19,3,0.133052,0,0.08,-0.0418874,-0.0208366,0.000426119,-0.00210887,4891.88,-37.6572,-157.25,0.00272627,0.0469398,-66.0646,3098.33,-23.8506,-99.5963,0.00419896,0.0260998,-64.6775,5689.88,-43.8001,-182.902,-0.00154745,0.0342264,-66.041,2773.06,-21.3468,-89.1406,-0.00118816,0.0375355,-64.2683
4.679,210.554,-14.3995,22.1156,0.450719,3.15784,-4.23967,-0.238598,-0.0321349,0.00769409,3982.27,3,0.133017,0,0.08,-0.0418887,-0.0208336,0.000425379,-0.00211014,4891.99,-37.6596,-157.258,0.00273468,0.0469481,-66.065,3098.45,-23.8525,-99.6027,0.00421635,0.0260995,-64.6798,5689.96,-43.8025,-182.909,-0.00155777,0.0342309,-66.0423,2773.05,-21.3475,-89.1424,-0.00115597,0.0375347,-64.2703
4.689,210.737,-14.5236,22.1161,0.450785,3.16672,-4.22349,-0.23854,-0.0321359,0.0076944,3982.35,3,0.132981,0,0.08,-0.0418827,-0.0208468,0.000424852,-0.00211041,4891.98,-37.661,-157.262,0.00272411,0.0469342,-66.0656,3098.51,-23.854,-99.6077,0.00423844,0.0260927,-64.6815,5689.93,-43.8041,-182.914,-0.00156403,0.0342262,-66.0435,2773.21,-21.3496,-89.1502,-0.00113192,0.0375285,-64.2716
4.699,210.92,-14.6481,22.1165,0.450834,3.20822,-4.23425,-0.238503,-0.0321368,0.00769472,3982.42,3,0.132956,0,0.08,-0.0418868,-0.0208538,0.000426621,-0.0021097,4891.5,-37.6589,-157.251,0.0026297,0.0468995,-66.0669,3099.04,-23.8591,-99.6277,0.00429294,0.0260833,-64.6826,5690.09,-43.8071,-182.924,-0.00159356,0.0342196,-66.0455,2773.24,-21.3508,-89.1539,-0.00108012,0.037517,-64.272
4.709,211.102,-14.7731,22.1169,0.450819,3.15809,-4.34964,-0.238818,-0.0321374,0.00769507,3982.5,3,0.132921,0,0.08,-0.0418421,-0.0207989,0.000424465,-0.00211125,4891.48,-37.6605,-157.254,0.00265464,0.046924,-66.0688,3099.29,-23.862,-99.6375,0.00430009,0.0260789,-64.6836,5690,-43.8084,-182.925,-0.00159642,0.0342244,-66.0467,2773.36,-21.3527,-89.1595,-0.00106039,0.0375198,-64.2735
4.719,211.284,-14.8985,22.1175,0.450964,3.28341,-4.0436,-0.238433,-0.0321381,0.00769542,3982.58,3,0.132949,0,0.08,-0.0418788,-0.0208103,0.000425422,-0.00211034,4892.35,-37.6689,-157.285,0.00278454,0.0469558,-66.0706,3097,-23.8455,-99.5659,0.0040568,0.0261427,-64.6843,5690.37,-43.8133,-182.941,-0.00150037,0.0342643,-66.0474,2771.53,-21.3396,-89.1025,-0.00136738,0.0375881,-64.2754
4.729,211.466,-15.0244,22.1179,0.450982,3.22083,-4.19508,-0.23858,-0.0321389,0.00769577,3982.66,3,0.132878,0,0.08,-0.0418873,-0.0208465,0.000425123,-0.00211018,4892.21,-37.6695,-157.285,0.00273001,0.0469626,-66.0719,3098.27,-23.8563,-99.6093,0.00419799,0.0261242,-64.6854,5690.12,-43.8133,-182.937,-0.0015547,0.0342276,-66.0494,2772.85,-21.3507,-89.1471,-0.00116457,0.0375336,-64.276
4.739,211.648,-15.1507,22.1184,0.451063,3.22559,-4.11574,-0.238473,-0.0321398,0.00769612,3982.73,3,0.132852,0,0.08,-0.0418658,-0.0208356,0.000426135,-0.00210945,4892.33,-37.6721,-157.293,0.00271077,0.0469453,-66.072,3098.12,-23.8563,-99.6072,0.00420707,0.0261127,-64.6877,5690.18,-43.8157,-182.944,-0.00157623,0.0342444,-66.0508,2772.69,-21.3504,-89.1442,-0.00113504,0.0375495,-64.278
4.749,211.829,-15.2774,22.1188,0.451081,3.23799,-4.2241,-0.238608,-0.0321407,0.00769648,3982.81,3,0.13281,0,0.08,-0.04186,-0.0208309,0.000426268,-0.00210903,4891.45,-37.6672,-157.269,0.00264079,0.0468954,-66.0734,3099.26,-23.8662,-99.6467,0.00428025,0.026068,-64.6889,5690.03,-43.8167,-182.944,-0.00157935,0.0342263,-66.0514,2773.16,-21.355,-89.1619,-0.00108285,0.037525,-64.2794
4.759,212.01,-15.4045,22.1193,0.451173,3.24892,-4.12734,-0.238528,-0.0321415,0.00769687,3982.89,3,0.132796,0,0.08,-0.0418703,-0.0208288,0.000418392,-0.0021181,4892.18,-37.6746,-157.296,0.00270238,0.0469383,-66.0753,3098.35,-23.8604,-99.6199,0.00421114,0.0261043,-64.6896,5690.24,-43.8205,-182.956,-0.001568,0.034228,-66.0529,2772.53,-21.3513,-89.144,-0.00114554,0.0375423,-64.2808
4.769,212.191,-15.5321,22.1197,0.451205,3.27542,-4.08567,-0.238498,-0.0321423,0.00769728,3982.97,3,0.132778,0,0.08,-0.0418826,-0.020824,0.000425749,-0.00211001,4892.39,-37.6783,-157.307,0.00274622,0.0469619,-66.0773,3097.65,-23.8562,-99.5998,0.00413353,0.0261283,-64.6901,5690.25,-43.823,-182.961,-0.00154787,0.0342581,-66.0546,2772.23,-21.3501,-89.1366,-0.00120847,0.0375633,-64.2814
4.779,212.371,-15.6602,22.1202,0.451234,3.28448,-4.08634,-0.238565,-0.0321432,0.00769767,3983.04,3,0.132752,0,0.08,-0.0418706,-0.0208321,0.000425572,-0.00211012,4892.74,-37.6829,-157.323,0.00276257,0.046974,-66.0785,3097.56,-23.8568,-99.5996,0.00413012,0.0261523,-64.6913,5690.37,-43.8261,-182.97,-0.00153722,0.0342586,-66.0569,2772.04,-21.3497,-89.1328,-0.00123089,0.0375742,-64.2819
4.789,212.552,-15.7886,22.1206,0.451365,3.20169,-3.97817,-0.238391,-0.0321442,0.00769807,3983.11,3,0.132712,0,0.08,-0.0418692,-0.0208439,0.000426062,-0.00210918,4893.73,-37.6925,-157.359,0.00282246,0.0470163,-66.0777,3097.39,-23.8567,-99.5976,0.00411404,0.0261216,-64.6943,5690.26,-43.8275,-182.972,-0.00151759,0.0342743,-66.0572,2772.12,-21.3514,-89.1382,-0.00125248,0.0375812,-64.2846
4.799,212.731,-15.9175,22.1211,0.451357,3.26963,-4.04859,-0.238309,-0.0321452,0.00769847,3983.19,3,0.132681,0,0.08,-0.041874,-0.0208443,0.000430791,-0.00210384,4893.08,-37.6895,-157.343,0.00277387,0.0469636,-66.0812,3097.22,-23.8567,-99.5953,0.00412588,0.0261425,-64.6935,5690.37,-43.8306,-182.981,-0.0015584,0.0342624,-66.0588,2772.14,-21.3527,-89.1417,-0.00118172,0.0375694,-64.285
4.809,212.911,-16.0468,22.1215,0.451344,3.29809,-4.14039,-0.238736,-0.0321459,0.00769893,3983.26,3,0.132665,0,0.08,-0.0418584,-0.0208068,0.000425428,-0.00211047,4892.64,-37.6883,-157.333,0.00270358,0.0469733,-66.082,3097.7,-23.8618,-99.6129,0.0041779,0.0261506,-64.6954,5690.4,-43.8335,-182.986,-0.00155398,0.0342611,-66.0599,2771.98,-21.3528,-89.1387,-0.00118952,0.037576,-64.2869
4.819,213.09,-16.1766,22.122,0.45145,3.32251,-4.08694,-0.238483,-0.0321469,0.00769935,3983.34,3,0.132619,0,0.08,-0.0418832,-0.0208503,0.00042593,-0.0021095,4892.51,-37.6894,-157.333,0.00269761,0.0469785,-66.083,3098.44,-23.8688,-99.6396,0.00421538,0.0261236,-64.6968,5690.48,-43.8365,-182.994,-0.00158336,0.0342505,-66.0614,2772.24,-21.3559,-89.1498,-0.00110764,0.037554,-64.2883
4.829,213.269,-16.3068,22.1224,0.451485,3.30022,-4.18328,-0.238586,-0.0321478,0.00769979,3983.41,3,0.132561,0,0.08,-0.0418677,-0.0208412,0.000426223,-0.00210952,4892.07,-37.6881,-157.324,0.00260787,0.0469182,-66.0827,3099.22,-23.8761,-99.6674,0.00434114,0.026078,-64.6994,5690.26,-43.8373,-182.992,-0.00163246,0.0342312,-66.0617,2773.1,-21.3638,-89.18,-0.000956071,0.0375181,-64.2909
4.839,213.448,-16.4374,22.1229,0.451484,3.35488,-4.1622,-0.238675,-0.0321488,0.00770025,3983.48,3,0.132546,0,0.08,-0.0418674,-0.0208358,0.000431048,-0.00210433,4892.29,-37.6921,-157.336,0.00273106,0.0469448,-66.085,3098.31,-23.8706,-99.6414,0.00420928,0.0261322,-64.6994,5690.43,-43.8412,-183.004,-0.0015912,0.034245,-66.0633,2772.5,-21.3604,-89.1634,-0.00109513,0.0375498,-64.2906
4.849,213.626,-16.5684,22.1233,0.45157,3.33732,-4.2149,-0.238641,-0.0321496,0.0077007,3983.56,3,0.132509,0,0.08,-0.041849,-0.020824,0.000425676,-0.00211007,4891.22,-37.6861,-157.305,0.00257687,0.046877,-66.0859,3100.01,-23.885,-99.6984,0.00434501,0.0260506,-64.701,5690.3,-43.8428,-183.004,-0.00161416,0.0342225,-66.0654,2772.81,-21.364,-89.1754,-0.000991826,0.0375159,-64.2921
4.859,213.804,-16.6999,22.1238,0.451737,3.32298,-3.96474,-0.238443,-0.0321504,0.00770119,3983.64,3,0.132504,0,0.08,-0.0418761,-0.0208435,0.000416998,-0.00211929,4892.63,-37.6993,-157.354,0.00271909,0.0469515,-66.0883,3098.03,-23.8713,-99.6371,0.00415709,0.0261143,-64.7012,5690.32,-43.8457,-183.009,-0.00156041,0.034261,-66.0665,2772.12,-21.3601,-89.1556,-0.00114082,0.0375625,-64.2933
4.869,213.982,-16.8318,22.1242,0.451684,3.34459,-4.1116,-0.238568,-0.0321512,0.00770167,3983.71,3,0.132459,0,0.08,-0.0418756,-0.0208382,0.000423929,-0.00211039,4892.58,-37.7013,-157.356,0.00267337,0.0469741,-66.0889,3098.83,-23.879,-99.6653,0.00424834,0.026106,-64.703,5690.45,-43.8495,-183.018,-0.00159603,0.034252,-66.0677,2772.38,-21.3635,-89.1662,-0.00105171,0.0375488,-64.2951
4.879,214.159,-16.9641,22.1246,0.451722,3.37347,-4.02757,-0.238659,-0.032152,0.00770215,3983.78,3,0.132451,0,0.08,-0.0418439,-0.0208301,0.000425348,-0.00211073,4893.33,-37.7094,-157.385,0.00277127,0.0469917,-66.0894,3097.53,-23.8704,-99.6262,0.00412689,0.026165,-64.7046,5690.63,-43.8536,-183.028,-0.00153708,0.0342835,-66.0688,2771.42,-21.3573,-89.1374,-0.0012392,0.0375837,-64.2962
4.889,214.336,-17.0968,22.1251,0.451783,3.37181,-4.04641,-0.23859,-0.032153,0.00770262,3983.85,3,0.132414,0,0.08,-0.041858,-0.0208454,0.000426325,-0.00210923,4892.96,-37.7088,-157.377,0.00273604,0.0469719,-66.091,3098.02,-23.8757,-99.645,0.00415717,0.0261585,-64.7055,5690.65,-43.8564,-183.034,-0.00154662,0.0342708,-66.0706,2771.74,-21.3611,-89.1504,-0.00117511,0.0375766,-64.2974
4.899,214.513,-17.23,22.1255,0.451797,3.3966,-4.10999,-0.238748,-0.0321537,0.00770313,3983.92,3,0.132384,0,0.08,-0.041841,-0.0208142,0.000426037,-0.00210991,4892.64,-37.7089,-157.371,0.0026998,0.0469524,-66.0924,3098.25,-23.879,-99.6546,0.00417597,0.0261412,-64.7067,5690.67,-43.8595,-183.039,-0.00156457,0.0342639,-66.0718,2771.77,-21.3627,-89.1533,-0.00114625,0.0375632,-64.299
4.909,214.689,-17.3636,22.126,0.451918,3.36977,-4.06009,-0.238499,-0.0321545,0.00770362,3984,3,0.132332,0,0.08,-0.0418748,-0.0208508,0.000426867,-0.00210894,4892.62,-37.7111,-157.374,0.00265801,0.0469645,-66.0947,3099.18,-23.8877,-99.687,0.00425157,0.0261041,-64.7067,5690.44,-43.8605,-183.036,-0.00162859,0.0342519,-66.0734,2772.6,-21.3705,-89.1823,-0.000969933,0.0375414,-64.2993
4.919,214.865,-17.4976,22.1264,0.451931,3.39873,-4.06144,-0.238614,-0.0321553,0.00770415,3984.07,3,0.132314,0,0.08,-0.0418639,-0.0208337,0.000427095,-0.00210904,4892.91,-37.7159,-157.387,0.00268871,0.0469705,-66.0943,3098.69,-23.8856,-99.6735,0.00421556,0.0261211,-64.7095,5690.64,-43.865,-183.047,-0.00157693,0.034266,-66.0735,2771.83,-21.3661,-89.1598,-0.00111136,0.0375667,-64.3024
4.929,215.041,-17.632,22.1268,0.451988,3.41614,-4.01182,-0.238592,-0.0321562,0.00770464,3984.13,3,0.132294,0,0.08,-0.0418455,-0.0208411,0.000425701,-0.00211026,4893.1,-37.7198,-157.398,0.00272918,0.0469583,-66.0958,3097.97,-23.8815,-99.6531,0.00415335,0.0261497,-64.7099,5690.76,-43.8688,-183.056,-0.00155619,0.0342761,-66.0755,2771.47,-21.3646,-89.1506,-0.00117764,0.0375824,-64.3021
4.939,215.217,-17.7669,22.1272,0.452065,3.43402,-4.02157,-0.238517,-0.0321571,0.00770515,3984.21,3,0.132257,0,0.08,-0.041863,-0.0208538,0.00042504,-0.00211154,4892.33,-37.7164,-157.377,0.00263583,0.0469138,-66.0987,3098.79,-23.8895,-99.6823,0.00421366,0.0261296,-64.7096,5690.87,-43.8726,-183.065,-0.00157768,0.03426,-66.0774,2771.93,-21.3696,-89.1679,-0.00108605,0.037558,-64.3028
4.949,215.392,-17.9022,22.1277,0.452089,3.43903,-4.03653,-0.238586,-0.0321579,0.00770568,3984.29,3,0.132228,0,0.08,-0.0418684,-0.0208581,0.000427325,-0.002109,4892.55,-37.7207,-157.388,0.00262013,0.0469431,-66.0978,3099.08,-23.8933,-99.6943,0.00426123,0.0261275,-64.713,5690.88,-43.8756,-183.07,-0.00157563,0.0342716,-66.078,2771.68,-21.3692,-89.1622,-0.00111119,0.0375724,-64.3055
4.959,215.567,-18.0379,22.1281,0.452146,3.44482,-3.94746,-0.238577,-0.0321587,0.00770624,3984.36,3,0.132214,0,0.08,-0.041868,-0.0208411,0.000425948,-0.00210998,4893.13,-37.7279,-157.411,0.00267715,0.0469737,-66.1007,3097.71,-23.8846,-99.6527,0.00414687,0.0261813,-64.7124,5690.83,-43.8785,-183.073,-0.0015783,0.0342842,-66.0805,2771.44,-21.3689,-89.1566,-0.00113552,0.0375883,-64.3046
4.969,215.741,-18.174,22.1285,0.452183,3.45834,-3.97939,-0.238568,-0.0321595,0.00770678,3984.42,3,0.132171,0,0.08,-0.0418654,-0.020854,0.000425258,-0.00211026,4893.19,-37.731,-157.417,0.00268051,0.0469763,-66.1007,3098.42,-23.8917,-99.6781,0.00419309,0.0261594,-64.7146,5690.83,-43.8815,-183.077,-0.00157343,0.0342785,-66.0808,2771.39,-21.37,-89.1574,-0.00113038,0.0375831,-64.3074
4.979,215.915,-18.3105,22.1289,0.452169,3.5187,-4.03471,-0.238742,-0.0321604,0.00770732,3984.49,3,0.132151,0,0.08,-0.0418297,-0.0208387,0.000425392,-0.00211079,4892.8,-37.7306,-157.408,0.00261785,0.0469363,-66.1009,3098.3,-23.8924,-99.677,0.00418575,0.026185,-64.7164,5691.08,-43.8865,-183.09,-0.00157707,0.0342767,-66.0816,2771.06,-21.3689,-89.1492,-0.00114481,0.0375861,-64.3091
4.989,216.089,-18.4475,22.1294,0.452351,3.44465,-3.84043,-0.238361,-0.0321614,0.00770789,3984.56,3,0.13212,0,0.08,-0.0418635,-0.0208611,0.000425031,-0.00211085,4893.83,-37.7414,-157.447,0.00274312,0.0469887,-66.1035,3097.21,-23.8858,-99.6451,0.00409378,0.0261898,-64.7163,5691.7,-43.8946,-183.116,-0.00155695,0.0342891,-66.0833,2771.02,-21.3702,-89.1507,-0.00119371,0.0375928,-64.3093
4.999,216.263,-18.5849,22.1298,0.452342,3.48866,-3.95856,-0.238538,-0.0321623,0.00770846,3984.64,3,0.132074,0,0.08,-0.04186,-0.0208443,0.000426282,-0.00210984,4892.91,-37.737,-157.421,0.00266215,0.0469512,-66.105,3098.61,-23.8983,-99.6927,0.00419526,0.0261312,-64.7173,5690.95,-43.892,-183.097,-0.00157381,0.0342766,-66.0844,2771.32,-21.3741,-89.1628,-0.00111075,0.0375773,-64.3109
5.009,216.436,-18.7227,22.1302,0.452348,3.46886,-4.02595,-0.238708,-0.0321631,0.00770904,3984.71,3,0.132042,0,0.08,-0.0418632,-0.0208347,0.000425435,-0.00211096,4893.24,-37.7424,-157.436,0.00268375,0.0469862,-66.1051,3099.11,-23.904,-99.7114,0.00422876,0.0261329,-64.7197,5691.02,-43.8959,-183.104,-0.00156918,0.0342819,-66.085,2771.11,-21.3741,-89.158,-0.00113067,0.0375855,-64.3135
5.019,216.609,-18.8609,22.1306,0.452411,3.47585,-4.07024,-0.238569,-0.032164,0.0077096,3984.77,3,0.131977,0,0.08,-0.0418545,-0.0208541,0.000426238,-0.00210958,4892.95,-37.743,-157.431,0.00258661,0.0469213,-66.1071,3099.21,-23.9065,-99.7173,0.00432733,0.0261079,-64.7195,5690.86,-43.8978,-183.104,-0.00163703,0.0342458,-66.0874,2772.23,-21.3842,-89.1966,-0.000909009,0.0375331,-64.3125
5.029,216.781,-18.9995,22.1311,0.452493,3.49673,-3.81522,-0.238567,-0.0321649,0.00771017,3984.83,3,0.132,0,0.08,-0.0418271,-0.0208415,0.00042453,-0.00211193,4894.69,-37.7592,-157.491,0.00280113,0.0470289,-66.1071,3097.06,-23.8917,-99.651,0.00405659,0.0262085,-64.7216,5691.22,-43.9039,-183.121,-0.00151723,0.0343071,-66.0882,2770.24,-21.3705,-89.135,-0.00127183,0.0376323,-64.3146
5.039,216.954,-19.1385,22.1314,0.452511,3.49684,-3.90094,-0.238675,-0.0321658,0.00771076,3984.91,3,0.131963,0,0.08,-0.0418422,-0.0208465,0.000424671,-0.00211222,4893.44,-37.7524,-157.456,0.00267234,0.0469945,-66.1075,3097.96,-23.9005,-99.6828,0.00416078,0.0261896,-64.7238,5691.61,-43.9102,-183.138,-0.00155843,0.0343063,-66.0889,2770.74,-21.376,-89.1538,-0.00116112,0.0376089,-64.3164
5.049,217.125,-19.278,22.1318,0.452525,3.55169,-3.98473,-0.238706,-0.0321666,0.00771137,3984.98,3,0.131936,0,0.08,-0.0418473,-0.0208226,0.000425556,-0.00211089,4893.44,-37.7554,-157.459,0.00269045,0.0469851,-66.1111,3097.92,-23.9021,-99.6839,0.00412488,0.026185,-64.7227,5691.19,-43.9105,-183.129,-0.00158079,0.0342867,-66.0911,2770.72,-21.3775,-89.1553,-0.00113317,0.0375962,-64.3166
5.059,217.297,-19.4178,22.1323,0.452621,3.57912,-3.88584,-0.238474,-0.0321674,0.00771195,3985.05,3,0.131901,0,0.08,-0.0418607,-0.020862,0.000426062,-0.00210998,4893.47,-37.7585,-157.464,0.0026873,0.0469806,-66.1117,3098.1,-23.9052,-99.6922,0.00414538,0.0261792,-64.7241,5691.2,-43.9138,-183.134,-0.00154987,0.0342726,-66.0925,2770.71,-21.379,-89.1572,-0.00116878,0.0375919,-64.3178
5.069,217.468,-19.5581,22.1326,0.452586,3.53457,-4.04949,-0.238913,-0.0321681,0.00771254,3985.11,3,0.131853,0,0.08,-0.0418183,-0.020841,0.000424617,-0.00211196,4893.16,-37.759,-157.458,0.00261119,0.0469622,-66.1125,3098.59,-23.9109,-99.7104,0.00422983,0.0261695,-64.7253,5691.06,-43.9161,-183.134,-0.00161279,0.0342838,-66.0938,2771.28,-21.3851,-89.1776,-0.00102996,0.0375801,-64.3188
5.079,217.639,-19.6988,22.1331,0.452667,3.56498,-3.98505,-0.238783,-0.0321691,0.00771314,3985.17,3,0.131827,0,0.08,-0.0417961,-0.0208297,0.000425247,-0.00211135,4893.06,-37.7612,-157.46,0.00262237,0.046921,-66.1138,3098.35,-23.9109,-99.7056,0.004195,0.0261734,-64.7261,5691.13,-43.9201,-183.142,-0.00159901,0.0342856,-66.0949,2771,-21.3846,-89.1712,-0.00106737,0.0375857,-64.3196
5.089,217.81,-19.8399,22.1335,0.452766,3.55895,-3.87687,-0.238597,-0.03217,0.00771377,3985.25,3,0.131806,0,0.08,-0.0418363,-0.0208436,0.000426271,-0.00211,4893.59,-37.7683,-157.481,0.0026609,0.0469709,-66.1162,3097.99,-23.91,-99.6966,0.00414523,0.0261867,-64.7264,5691.9,-43.9296,-183.172,-0.00157569,0.0342988,-66.0958,2770.86,-21.3853,-89.1694,-0.00111936,0.0376038,-64.321
5.099,217.98,-19.9814,22.1339,0.4528,3.58388,-3.86118,-0.238677,-0.0321708,0.00771441,3985.32,3,0.131789,0,0.08,-0.0418475,-0.0208269,0.000425661,-0.00211094,4893.64,-37.7718,-157.487,0.00267416,0.0469853,-66.1154,3097.65,-23.9094,-99.6883,0.00411469,0.0261954,-64.7295,5691.19,-43.9277,-183.153,-0.00154668,0.0343083,-66.0963,2770.18,-21.3818,-89.1497,-0.00120314,0.0376188,-64.3236
5.109,218.15,-20.1233,22.1343,0.45285,3.58748,-3.86261,-0.238659,-0.0321717,0.00771501,3985.38,3,0.131746,0,0.08,-0.0418449,-0.0208423,0.000427186,-0.00210942,4893.79,-37.776,-157.496,0.00267618,0.0469853,-66.1169,3098.06,-23.9145,-99.7043,0.00414425,0.0261867,-64.73,5691.27,-43.9318,-183.161,-0.00155801,0.0343055,-66.0979,2770.43,-21.3854,-89.1601,-0.00115779,0.0376114,-64.3243
5.119,218.32,-20.2656,22.1347,0.452911,3.59631,-3.83121,-0.238594,-0.0321726,0.00771562,3985.44,3,0.131721,0,0.08,-0.0418389,-0.0208614,0.000426293,-0.00211015,4893.81,-37.779,-157.501,0.00266995,0.0469886,-66.1188,3098.04,-23.9162,-99.7066,0.00410521,0.0262051,-64.73,5691.42,-43.9364,-183.171,-0.00155237,0.0343068,-66.1003,2770.35,-21.3864,-89.1601,-0.00117049,0.0376149,-64.3242
5.129,218.489,-20.4083,22.1351,0.453,3.57633,-3.86123,-0.238559,-0.0321735,0.00771624,3985.51,3,0.131674,0,0.08,-0.0418309,-0.020857,0.000423813,-0.00211401,4892.82,-37.7745,-157.473,0.00260062,0.0469088,-66.119,3098.06,-23.9182,-99.7099,0.00420089,0.0261639,-64.7319,5691.29,-43.9389,-183.172,-0.00159613,0.034293,-66.1008,2770.74,-21.3912,-89.1754,-0.0010564,0.0375916,-64.3262
5.139,218.658,-20.5514,22.1355,0.452975,3.61275,-3.92974,-0.238741,-0.0321744,0.00771686,3985.58,3,0.13164,0,0.08,-0.0418444,-0.0208594,0.000425882,-0.00211035,4893.26,-37.7809,-157.492,0.00261971,0.046966,-66.1207,3098.97,-23.9272,-99.7421,0.00420892,0.0261764,-64.7326,5691.22,-43.942,-183.175,-0.00158948,0.0342991,-66.1017,2770.65,-21.3922,-89.1748,-0.00108104,0.03759,-64.3271
5.149,218.826,-20.695,22.1359,0.45302,3.60803,-3.9155,-0.238738,-0.0321753,0.00771752,3985.65,3,0.13161,0,0.08,-0.0418477,-0.0208466,0.000425559,-0.00211098,4893.67,-37.7872,-157.51,0.00263989,0.0469915,-66.1214,3098.77,-23.9277,-99.7384,0.00421587,0.0261757,-64.734,5690.87,-43.943,-183.169,-0.00158408,0.0342884,-66.1029,2770.24,-21.3909,-89.1641,-0.00108928,0.0376108,-64.3288
5.159,218.994,-20.8389,22.1363,0.453091,3.62722,-3.84579,-0.238701,-0.0321763,0.00771816,3985.71,3,0.131585,0,0.08,-0.0418388,-0.0208528,0.000425468,-0.00211123,4893.95,-37.7926,-157.524,0.00267154,0.04698,-66.1227,3098.4,-23.9268,-99.7293,0.00415382,0.0261862,-64.7349,5691.49,-43.9514,-183.194,-0.0015542,0.0343113,-66.1045,2770.13,-21.3918,-89.1633,-0.00114348,0.0376152,-64.3297
5.169,219.162,-20.9833,22.1367,0.453114,3.68226,-3.90944,-0.238794,-0.0321773,0.00771879,3985.77,3,0.131549,0,0.08,-0.0418339,-0.0208648,0.00042677,-0.00211037,4892.83,-37.787,-157.492,0.00253326,0.0469168,-66.1236,3098.85,-23.9322,-99.7471,0.00423017,0.026187,-64.7358,5691.29,-43.9535,-183.194,-0.00160542,0.0342913,-66.1059,2770.73,-21.3982,-89.1855,-0.00102417,0.0375822,-64.3302
5.179,219.33,-21.128,22.1371,0.453136,3.69857,-3.87383,-0.238862,-0.0321783,0.00771944,3985.84,3,0.131533,0,0.08,-0.0418049,-0.0208426,0.000425456,-0.0021113,4893.7,-37.7969,-157.525,0.00255892,0.0469556,-66.1257,3098.32,-23.9302,-99.7332,0.0041794,0.0262161,-64.7361,5691.65,-43.96,-183.211,-0.0015915,0.0343076,-66.107,2770.03,-21.3946,-89.1655,-0.00109642,0.0376144,-64.3314
5.189,219.497,-21.2732,22.1375,0.453239,3.6472,-3.83572,-0.238705,-0.0321793,0.00772011,3985.91,3,0.131492,0,0.08,-0.0418378,-0.0208571,0.000426172,-0.00211102,4893.58,-37.7993,-157.526,0.00263526,0.0469817,-66.127,3098.45,-23.9333,-99.7404,0.00417107,0.0261929,-64.737,5691.59,-43.9633,-183.215,-0.00157595,0.0343135,-66.1082,2770.06,-21.3967,-89.1695,-0.00110548,0.0376165,-64.3326
5.199,219.664,-21.4187,22.1379,0.45327,3.66488,-3.8319,-0.238707,-0.0321802,0.00772078,3985.98,3,0.131466,0,0.08,-0.0418421,-0.0208513,0.000425077,-0.00211067,4894.01,-37.8059,-157.544,0.00264035,0.0469981,-66.1272,3098.41,-23.935,-99.7418,0.00416615,0.0262072,-64.739,5691.67,-43.9678,-183.222,-0.00158178,0.0343207,-66.1093,2769.94,-21.3976,-89.1679,-0.00110722,0.0376235,-64.334
5.209,219.83,-21.5647,22.1383,0.453347,3.6827,-3.7867,-0.238668,-0.0321811,0.00772143,3986.03,3,0.131433,0,0.08,-0.041841,-0.0208719,0.000425648,-0.00211042,4893.98,-37.8089,-157.548,0.00264401,0.0469855,-66.1278,3098.28,-23.936,-99.7404,0.00414812,0.0262173,-64.7402,5691.66,-43.9714,-183.227,-0.00157282,0.0343183,-66.11,2769.83,-21.3985,-89.1668,-0.0011335,0.0376222,-64.3354
5.219,219.997,-21.711,22.1386,0.453346,3.71778,-3.85515,-0.238832,-0.032182,0.00772206,3986.08,3,0.131398,0,0.08,-0.0418208,-0.0208667,0.000424831,-0.00211179,4893.56,-37.8087,-157.539,0.00258493,0.0469544,-66.1288,3098.2,-23.9374,-99.7408,0.00417497,0.0262386,-64.7412,5691.72,-43.9754,-183.234,-0.00158479,0.0343129,-66.1115,2769.91,-21.4009,-89.172,-0.00108849,0.037614,-64.3365
5.229,220.162,-21.8577,22.1391,0.453543,3.5905,-3.5723,-0.238536,-0.0321829,0.00772273,3986.16,3,0.131387,0,0.08,-0.0418078,-0.0208483,0.000425572,-0.00211138,4895.02,-37.8233,-157.591,0.00274864,0.0470488,-66.1303,3096.62,-23.9272,-99.6928,0.004006,0.0262491,-64.7418,5691.65,-43.9787,-183.237,-0.00151259,0.0343547,-66.1133,2769.35,-21.3984,-89.1565,-0.0012518,0.0376646,-64.3369
5.239,220.328,-22.0049,22.1394,0.453447,3.72561,-3.88705,-0.238792,-0.0321837,0.00772343,3986.23,3,0.131332,0,0.08,-0.0418333,-0.0208558,0.000425594,-0.00211129,4893.64,-37.8161,-157.55,0.00260818,0.0469808,-66.1309,3099.11,-23.9486,-99.7753,0.0042293,0.0261799,-64.7438,5692.44,-43.9888,-183.267,-0.00157194,0.0343072,-66.1127,2769.68,-21.403,-89.1695,-0.00112149,0.0376149,-64.3398
5.249,220.493,-22.1524,22.1399,0.453581,3.74674,-3.61404,-0.238573,-0.0321846,0.0077241,3986.29,3,0.131341,0,0.08,-0.0418342,-0.0208517,0.000425171,-0.00211179,4894.3,-37.8244,-157.575,0.00267688,0.0470042,-66.1328,3096.91,-23.9337,-99.707,0.00404004,0.0262507,-64.7436,5691.91,-43.9885,-183.255,-0.00155404,0.034346,-66.1154,2768.88,-21.3986,-89.1459,-0.0012171,0.0376632,-64.3386
5.259,220.658,-22.3004,22.1402,0.453604,3.73742,-3.70967,-0.238674,-0.0321855,0.00772476,3986.35,3,0.131282,0,0.08,-0.0418339,-0.0208692,0.000426573,-0.00211025,4894.28,-37.8275,-157.579,0.00264849,0.0469961,-66.1336,3098.14,-23.9452,-99.7495,0.00412181,0.0262307,-64.7448,5692,-43.9929,-183.263,-0.00156354,0.0343335,-66.1164,2769.56,-21.4056,-89.1703,-0.00114518,0.0376423,-64.3403
5.269,220.822,-22.4487,22.1405,0.453619,3.69991,-3.78287,-0.238894,-0.0321864,0.00772541,3986.4,3,0.131243,0,0.08,-0.0418049,-0.0208637,0.000425516,-0.00211147,4894.21,-37.8301,-157.581,0.00265535,0.0469927,-66.1344,3097.94,-23.9457,-99.746,0.00413483,0.0262392,-64.746,5691.83,-43.9954,-183.263,-0.00158316,0.0343361,-66.1174,2769.51,-21.4071,-89.1713,-0.00109827,0.0376565,-64.3417
5.279,220.986,-22.5974,22.141,0.453774,3.64715,-3.64563,-0.238481,-0.0321875,0.00772608,3986.47,3,0.131219,0,0.08,-0.0418319,-0.0208832,0.000425438,-0.00211071,4894.58,-37.8362,-157.598,0.0026963,0.0470027,-66.1366,3097.44,-23.9439,-99.7332,0.00406478,0.0262398,-64.7459,5691.72,-43.9983,-183.265,-0.00157493,0.0343397,-66.1186,2769.59,-21.4096,-89.1768,-0.00111793,0.037643,-64.3425
5.289,221.15,-22.7466,22.1413,0.453701,3.72172,-3.83717,-0.238912,-0.0321882,0.00772681,3986.54,3,0.131179,0,0.08,-0.041821,-0.0208177,0.000424491,-0.00211295,4894.21,-37.837,-157.59,0.00262221,0.0469909,-66.1371,3098.67,-23.9557,-99.7752,0.00416389,0.0261989,-64.7477,5691.9,-44.0039,-183.276,-0.00158665,0.0343281,-66.1199,2769.6,-21.4117,-89.1792,-0.00107429,0.0376294,-64.3432
5.299,221.313,-22.8961,22.1417,0.453789,3.77074,-3.63691,-0.238756,-0.0321892,0.00772749,3986.6,3,0.131186,0,0.08,-0.0418214,-0.02084,0.00042523,-0.00211208,4894.75,-37.8445,-157.613,0.00267889,0.047024,-66.1381,3096.74,-23.9429,-99.7161,0.00401304,0.0262763,-64.7485,5692.09,-44.0093,-183.287,-0.00153705,0.034356,-66.1209,2768.57,-21.4056,-89.1489,-0.00123821,0.0376733,-64.3446
5.309,221.476,-23.046,22.1421,0.453828,3.77925,-3.73115,-0.238784,-0.0321903,0.00772815,3986.65,3,0.131125,0,0.08,-0.0418063,-0.0208651,0.000425496,-0.00211163,4894.23,-37.8437,-157.601,0.00260844,0.0469709,-66.1385,3098.28,-23.9569,-99.769,0.00414046,0.0262304,-64.75,5691.98,-44.0121,-183.29,-0.00157566,0.0343325,-66.1219,2769.3,-21.4131,-89.1754,-0.00109964,0.0376364,-64.346
5.319,221.639,-23.1963,22.1425,0.453884,3.80268,-3.60708,-0.238765,-0.0321913,0.00772883,3986.71,3,0.131111,0,0.08,-0.0418066,-0.0208602,0.000427205,-0.00211003,4895.23,-37.8548,-157.638,0.0026836,0.0470252,-66.1395,3097.32,-23.9515,-99.7411,0.00405158,0.0262778,-64.7509,5692.04,-44.0165,-183.298,-0.00154338,0.0343623,-66.1229,2768.65,-21.41,-89.1574,-0.00121357,0.0376842,-64.3472
5.329,221.801,-23.347,22.1428,0.45394,3.76875,-3.65369,-0.238755,-0.0321922,0.00772953,3986.78,3,0.131079,0,0.08,-0.0418042,-0.0208509,0.000425397,-0.00211185,4894.79,-37.8548,-157.629,0.00270295,0.0470142,-66.142,3097.01,-23.9513,-99.734,0.00401318,0.0262828,-64.7507,5692.14,-44.0213,-183.306,-0.00155236,0.0343545,-66.1247,2768.78,-21.4129,-89.164,-0.00117554,0.0376661,-64.3477
5.339,221.963,-23.498,22.1432,0.453988,3.78899,-3.69044,-0.238776,-0.0321931,0.00773025,3986.85,3,0.131038,0,0.08,-0.0418235,-0.020855,0.000425489,-0.00211164,4894.58,-37.8567,-157.626,0.00263043,0.0470038,-66.1424,3098.03,-23.9615,-99.7697,0.00409613,0.0262432,-64.7523,5692.05,-44.0247,-183.308,-0.00156882,0.0343426,-66.1258,2769.11,-21.4174,-89.1769,-0.00111374,0.0376459,-64.3487
5.349,222.125,-23.6495,22.1435,0.454003,3.79377,-3.74532,-0.238928,-0.032194,0.00773095,3986.9,3,0.130999,0,0.08,-0.0418086,-0.0208483,0.000425084,-0.00211235,4894.71,-37.8611,-157.634,0.00261569,0.0469947,-66.1427,3098.23,-23.9652,-99.7789,0.00413472,0.0262372,-64.7539,5691.97,-44.028,-183.31,-0.00158223,0.0343389,-66.1262,2769.22,-21.4203,-89.1831,-0.00108499,0.0376405,-64.3506
5.359,222.286,-23.8014,22.1439,0.454058,3.84907,-3.70555,-0.238885,-0.032195,0.00773162,3986.96,3,0.130976,0,0.08,-0.0417991,-0.0208727,0.00042539,-0.00211184,4894.07,-37.8595,-157.619,0.00254272,0.0469513,-66.1428,3098.51,-23.9694,-99.7909,0.00415649,0.0262441,-64.7555,5692.1,-44.0329,-183.321,-0.0015808,0.0343415,-66.1269,2769,-21.4204,-89.1786,-0.00109125,0.0376441,-64.352
5.369,222.447,-23.9536,22.1443,0.454107,3.88173,-3.74442,-0.238886,-0.0321959,0.00773233,3987.01,3,0.13094,0,0.08,-0.0417918,-0.0208673,0.000425289,-0.00211203,4893.16,-37.8559,-157.594,0.00244384,0.0468865,-66.1442,3099.12,-23.9763,-99.8135,0.00421689,0.0262223,-64.7562,5692.15,-44.0372,-183.327,-0.00159734,0.0343275,-66.1281,2769.23,-21.4241,-89.1888,-0.00103315,0.0376273,-64.3529
5.379,222.607,-24.1062,22.1447,0.454185,3.818,-3.74582,-0.238752,-0.0321968,0.00773303,3987.08,3,0.130887,0,0.08,-0.0418216,-0.0208854,0.000426007,-0.00211095,4893.94,-37.8654,-157.624,0.00258024,0.0469765,-66.1468,3099.53,-23.9817,-99.8295,0.00421281,0.0262067,-64.7558,5692.09,-44.0408,-183.33,-0.00162798,0.034329,-66.1297,2769.6,-21.4289,-89.203,-0.00096332,0.0376215,-64.353
5.389,222.767,-24.2592,22.145,0.454244,3.84432,-3.56439,-0.238745,-0.0321975,0.00773378,3987.14,3,0.130904,0,0.08,-0.0418155,-0.0208443,0.000425256,-0.00211224,4894.81,-37.8758,-157.655,0.00263975,0.0470053,-66.1469,3097.09,-23.9651,-99.7532,0.00403396,0.0262751,-64.7576,5692.31,-44.0467,-183.341,-0.00156502,0.0343757,-66.1306,2768.25,-21.4206,-89.1616,-0.00118314,0.0376831,-64.3545
5.399,222.927,-24.4126,22.1454,0.454283,3.84678,-3.63415,-0.238785,-0.0321984,0.00773447,3987.2,3,0.130851,0,0.08,-0.0418044,-0.0208666,0.000425555,-0.00211205,4894.74,-37.8786,-157.657,0.00261709,0.047001,-66.1478,3098.36,-23.9771,-99.7969,0.00411873,0.0262412,-64.7585,5692.42,-44.0516,-183.351,-0.00157432,0.0343528,-66.1319,2768.68,-21.4258,-89.1779,-0.00111714,0.0376585,-64.3554
5.409,223.087,-24.5664,22.1457,0.454315,3.8619,-3.62376,-0.238823,-0.0321994,0.00773517,3987.25,3,0.13083,0,0.08,-0.0418036,-0.0208885,0.000424189,-0.00211263,4894.82,-37.8827,-157.665,0.00259189,0.0469978,-66.1487,3098.07,-23.977,-99.7907,0.00410218,0.0262791,-64.7594,5692.35,-44.055,-183.354,-0.00156687,0.0343586,-66.133,2768.44,-21.4259,-89.1731,-0.00113921,0.0376654,-64.3563
5.419,223.246,-24.7206,22.1462,0.454411,3.84151,-3.4723,-0.238658,-0.0322004,0.00773586,3987.31,3,0.13081,0,0.08,-0.0417958,-0.0208764,0.000426089,-0.00211133,4896,-37.8951,-157.708,0.00272051,0.0470397,-66.1489,3096.52,-23.9671,-99.7438,0.00398434,0.026329,-64.761,5692.48,-44.0599,-183.364,-0.0015217,0.0343838,-66.1338,2767.66,-21.4217,-89.1506,-0.00126149,0.0377077,-64.3581
5.429,223.404,-24.8751,22.1465,0.454437,3.87737,-3.54677,-0.238754,-0.0322013,0.00773661,3987.37,3,0.130779,0,0.08,-0.041801,-0.02085,0.000425253,-0.00211232,4894.99,-37.891,-157.68,0.00263953,0.0469966,-66.1509,3097.28,-23.9753,-99.771,0.00403508,0.0262744,-64.7613,5692.49,-44.0643,-183.369,-0.001548,0.0343694,-66.1352,2768.01,-21.4265,-89.1643,-0.00118448,0.0376809,-64.3583
5.439,223.563,-25.0301,22.1468,0.45447,3.88231,-3.5805,-0.238817,-0.0322022,0.00773733,3987.44,3,0.130742,0,0.08,-0.0418086,-0.0208549,0.000425758,-0.00211221,4895.09,-37.8953,-157.687,0.00262954,0.0470126,-66.1524,3097.79,-23.9815,-99.7903,0.0040666,0.0262763,-64.7618,5692.49,-44.0684,-183.374,-0.00155947,0.0343646,-66.1366,2768.14,-21.4295,-89.171,-0.00115009,0.0376748,-64.3591
5.449,223.721,-25.1854,22.1472,0.45448,3.91094,-3.58274,-0.238945,-0.0322031,0.00773802,3987.49,3,0.130716,0,0.08,-0.0417764,-0.0208562,0.000425564,-0.00211224,4895.34,-37.9006,-157.7,0.00266033,0.047014,-66.1519,3097.66,-23.9827,-99.7888,0.00405002,0.0262884,-64.7639,5692.59,-44.0731,-183.383,-0.0015281,0.0343783,-66.1366,2767.68,-21.4279,-89.1587,-0.00123662,0.0376935,-64.3614
5.459,223.878,-25.3411,22.1476,0.454525,4.00792,-3.55527,-0.238907,-0.0322041,0.00773869,3987.54,3,0.130694,0,0.08,-0.0417907,-0.0208752,0.000427144,-0.00211038,4894.66,-37.8986,-157.683,0.00247412,0.0469591,-66.1531,3098.24,-23.9892,-99.8107,0.00409143,0.0262983,-64.7644,5692.56,-44.0767,-183.387,-0.0015684,0.0343592,-66.1377,2768.06,-21.4327,-89.1739,-0.00114028,0.0376693,-64.362
5.469,224.035,-25.4971,22.1479,0.454669,3.89366,-3.46805,-0.238641,-0.032205,0.0077394,3987.6,3,0.130657,0,0.08,-0.0417893,-0.0208762,0.000424928,-0.00211301,4895.09,-37.9055,-157.701,0.00260738,0.0469698,-66.1535,3097.54,-23.986,-99.7907,0.00405563,0.0262795,-64.766,5692.61,-44.0811,-183.394,-0.00155407,0.0343766,-66.1387,2767.78,-21.4325,-89.1673,-0.00116708,0.0376882,-64.3637
5.479,224.192,-25.6536,22.1482,0.45464,3.90389,-3.60017,-0.238891,-0.0322058,0.00774013,3987.66,3,0.130614,0,0.08,-0.0418035,-0.0208696,0.0004254,-0.00211214,4895.03,-37.9086,-157.703,0.00260709,0.0470136,-66.1563,3098.17,-23.9931,-99.8135,0.00408118,0.0262909,-64.7655,5692.5,-44.0844,-183.395,-0.0015839,0.0343679,-66.1404,2768.36,-21.439,-89.1881,-0.00108963,0.0376722,-64.3632
5.489,224.349,-25.8104,22.1486,0.454689,3.917,-3.59839,-0.2389,-0.0322066,0.00774085,3987.72,3,0.130575,0,0.08,-0.0417979,-0.0208539,0.000425089,-0.00211272,4895.28,-37.914,-157.715,0.0025883,0.0470058,-66.1561,3098.53,-23.9982,-99.8278,0.00412881,0.026249,-64.7675,5692.41,-44.0878,-183.397,-0.00158487,0.0343649,-66.1411,2768.29,-21.4405,-89.1881,-0.00107124,0.0376663,-64.3653
5.499,224.505,-25.9676,22.149,0.45478,3.90932,-3.4546,-0.23871,-0.0322076,0.00774152,3987.77,3,0.130562,0,0.08,-0.0417848,-0.0208768,0.000425261,-0.0021126,4895.78,-37.9212,-157.736,0.00268132,0.0470262,-66.1573,3097.35,-23.9911,-99.7928,0.00402603,0.0263005,-64.7677,5692.8,-44.0947,-183.415,-0.00153753,0.0343901,-66.1424,2767.5,-21.4362,-89.1655,-0.00121435,0.0377033,-64.3655
5.509,224.661,-26.1251,22.1493,0.454759,4.02152,-3.57871,-0.238934,-0.0322085,0.00774223,3987.82,3,0.13053,0,0.08,-0.0417783,-0.0208816,0.000424935,-0.00211278,4894.29,-37.9131,-157.692,0.00247863,0.0469335,-66.1585,3098.42,-24.0016,-99.8299,0.00413078,0.026307,-64.7684,5692.71,-44.098,-183.417,-0.00159427,0.0343596,-66.1438,2768.11,-21.4429,-89.1874,-0.00106415,0.0376647,-64.3666
5.519,224.816,-26.2831,22.1496,0.454812,3.94366,-3.55801,-0.23896,-0.0322093,0.00774297,3987.89,3,0.1305,0,0.08,-0.0417795,-0.0208682,0.00042522,-0.00211253,4895.07,-37.9228,-157.721,0.0025967,0.0470081,-66.1582,3097.85,-23.9995,-99.814,0.0040823,0.026305,-64.7708,5692.56,-44.101,-183.416,-0.00156922,0.0343831,-66.1441,2767.6,-21.4409,-89.173,-0.00114088,0.0376904,-64.3685
5.529,224.971,-26.4414,22.15,0.454886,3.97466,-3.46122,-0.238761,-0.0322101,0.00774373,3987.94,3,0.130484,0,0.08,-0.0418005,-0.0208806,0.000425518,-0.00211231,4895.27,-37.9281,-157.732,0.00261564,0.0470187,-66.161,3097.15,-23.9964,-99.7939,0.00401822,0.0263305,-64.7705,5693.71,-44.1143,-183.458,-0.0015598,0.0343851,-66.1458,2767.49,-21.4422,-89.1718,-0.0011889,0.0376963,-64.368
5.539,225.125,-26.6001,22.1503,0.45496,3.96208,-3.48426,-0.238733,-0.032211,0.00774444,3988,3,0.130427,0,0.08,-0.0417983,-0.0208901,0.000425611,-0.00211188,4895.36,-37.9322,-157.739,0.00256893,0.0470004,-66.1612,3098.43,-24.0085,-99.8381,0.00411626,0.0262676,-64.7714,5692.59,-44.1097,-183.428,-0.00160234,0.03437,-66.1465,2768.14,-21.4493,-89.1955,-0.0010349,0.0376699,-64.3697
5.549,225.28,-26.7591,22.1507,0.45503,3.93249,-3.4686,-0.238803,-0.0322119,0.00774518,3988.05,3,0.130397,0,0.08,-0.0417843,-0.02089,0.000427439,-0.00211144,4894.91,-37.9323,-157.729,0.00255239,0.046956,-66.1619,3098.34,-24.0101,-99.8381,0.00412819,0.0262825,-64.7723,5692.63,-44.1142,-183.434,-0.00160877,0.0343926,-66.1475,2767.92,-21.4496,-89.1908,-0.00104476,0.0376834,-64.3706
5.559,225.433,-26.9186,22.1511,0.455061,3.98453,-3.34042,-0.238703,-0.0322128,0.00774589,3988.1,3,0.130392,0,0.08,-0.0417758,-0.0208841,0.000425906,-0.00211197,4896.48,-37.9481,-157.784,0.00271847,0.0470355,-66.163,3096.68,-23.9994,-99.7871,0.00396849,0.0263651,-64.7729,5692.91,-44.1204,-183.448,-0.0015298,0.0343997,-66.1488,2766.86,-21.4433,-89.1591,-0.00125315,0.0377257,-64.3716
5.569,225.587,-27.0784,22.1514,0.455125,3.98361,-3.38352,-0.238619,-0.0322136,0.00774661,3988.16,3,0.130351,0,0.08,-0.0417942,-0.020897,0.000426039,-0.00211153,4895.45,-37.9436,-157.755,0.00259197,0.0469969,-66.1641,3097.69,-24.0095,-99.8224,0.00405943,0.0263036,-64.7739,5692.84,-44.124,-183.451,-0.0015756,0.0343864,-66.1495,2767.45,-21.4499,-89.1803,-0.00112112,0.0376945,-64.3725
5.579,225.74,-27.2385,22.1516,0.455105,3.97995,-3.53191,-0.238854,-0.0322144,0.00774736,3988.22,3,0.1303,0,0.08,-0.0417939,-0.0208825,0.000425257,-0.00211256,4895.39,-37.9468,-157.756,0.00257829,0.0470324,-66.1654,3098.97,-24.0218,-99.866,0.00415689,0.0262692,-64.7744,5692.82,-44.1281,-183.454,-0.00160951,0.0343759,-66.1505,2767.82,-21.4548,-89.1944,-0.00103036,0.0376771,-64.3733
5.589,225.893,-27.3991,22.152,0.455179,4.00406,-3.45653,-0.238759,-0.0322153,0.00774808,3988.27,3,0.130276,0,0.08,-0.0417872,-0.0208878,0.00042529,-0.00211255,4895.33,-37.9499,-157.759,0.0025655,0.0469963,-66.1659,3098.58,-24.021,-99.8561,0.00411423,0.0262722,-64.7756,5692.82,-44.1322,-183.459,-0.00159559,0.0343779,-66.1515,2767.74,-21.4563,-89.1944,-0.00105086,0.0376785,-64.3745
5.599,226.045,-27.56,22.1523,0.455159,4.035,-3.48657,-0.238996,-0.0322161,0.00774878,3988.32,3,0.130255,0,0.08,-0.041753,-0.0208822,0.000425394,-0.00211262,4895.3,-37.9531,-157.762,0.0025778,0.0470014,-66.1656,3098.03,-24.0188,-99.8408,0.00409791,0.026319,-64.7774,5692.94,-44.1371,-183.468,-0.00158399,0.0343888,-66.1521,2767.35,-21.4551,-89.1841,-0.00110729,0.0376985,-64.376
5.609,226.197,-27.7212,22.1526,0.455195,4.04958,-3.5179,-0.238999,-0.0322169,0.00774949,3988.37,3,0.130226,0,0.08,-0.0417556,-0.0208824,0.000425072,-0.00211298,4895.05,-37.9546,-157.758,0.00255465,0.0469875,-66.1677,3098.06,-24.0213,-99.8443,0.00409339,0.0263293,-64.7773,5693.01,-44.1417,-183.475,-0.00158886,0.0343816,-66.1534,2767.41,-21.4576,-89.1883,-0.00108983,0.0376882,-64.3764
5.619,226.349,-27.8829,22.153,0.455306,3.99727,-3.38739,-0.238871,-0.0322177,0.00775022,3988.43,3,0.130213,0,0.08,-0.0417789,-0.0208765,0.000425295,-0.00211258,4895.63,-37.9627,-157.781,0.0025708,0.0470275,-66.169,3097.65,-24.0204,-99.8336,0.00407147,0.0263487,-64.778,5693.02,-44.1459,-183.479,-0.00156245,0.0344014,-66.1554,2767.09,-21.4571,-89.1801,-0.00115983,0.0377149,-64.3767
5.629,226.5,-28.0449,22.1533,0.455337,4.03877,-3.44958,-0.238823,-0.0322185,0.00775092,3988.49,3,0.130154,0,0.08,-0.04179,-0.0208951,0.000425207,-0.00211225,4895.52,-37.9653,-157.781,0.00257528,0.0470188,-66.1689,3099.18,-24.0344,-99.8854,0.00415339,0.0262623,-64.78,5692.97,-44.1496,-183.483,-0.00158836,0.0343851,-66.1548,2767.41,-21.4615,-89.1927,-0.00107675,0.0376877,-64.3793
5.639,226.65,-28.2072,22.1536,0.45533,4.07588,-3.4707,-0.23895,-0.0322193,0.00775164,3988.53,3,0.130136,0,0.08,-0.0417746,-0.0208894,0.000423501,-0.00211303,4895.4,-37.9678,-157.781,0.00256498,0.0469982,-66.1702,3098.49,-24.0313,-99.8658,0.00410137,0.0263166,-64.78,5693.02,-44.154,-183.489,-0.00157618,0.0343921,-66.1566,2767.33,-21.4629,-89.1923,-0.00109661,0.0376923,-64.3793
5.649,226.801,-28.3699,22.1539,0.45535,4.11214,-3.53178,-0.239089,-0.0322201,0.00775233,3988.59,3,0.130106,0,0.08,-0.0417406,-0.020889,0.000424888,-0.00211335,4894.15,-37.9615,-157.745,0.00244039,0.0469202,-66.1695,3098.71,-24.0352,-99.8755,0.00417234,0.0263011,-64.7822,5692.98,-44.1576,-183.492,-0.00161299,0.0343787,-66.1572,2767.55,-21.4665,-89.2016,-0.00101135,0.0376803,-64.3812
5.659,226.951,-28.533,22.1543,0.455452,4.08361,-3.43853,-0.238875,-0.032221,0.00775306,3988.64,3,0.130077,0,0.08,-0.0417666,-0.0208942,0.000425209,-0.0021129,4894.88,-37.9707,-157.772,0.0025165,0.0469522,-66.1722,3098.51,-24.0359,-99.8715,0.00411286,0.0263138,-64.7814,5693.16,-44.1632,-183.503,-0.00159525,0.0343859,-66.1583,2767.33,-21.4668,-89.197,-0.00105839,0.0376886,-64.3811
5.669,227.1,-28.6964,22.1545,0.455446,4.0491,-3.65891,-0.239054,-0.0322218,0.00775379,3988.7,3,0.129995,0,0.08,-0.0417803,-0.0208792,0.000425177,-0.00211317,4894.9,-37.9745,-157.777,0.00248182,0.0469775,-66.1722,3101.38,-24.0604,-99.9664,0.00434282,0.0261861,-64.7836,5692.92,-44.1655,-183.499,-0.00165226,0.0343627,-66.1585,2768.08,-21.4746,-89.2231,-0.000882229,0.0376492,-64.3833
5.679,227.25,-28.8602,22.1549,0.455535,4.08785,-3.37153,-0.238887,-0.0322226,0.00775453,3988.75,3,0.130028,0,0.08,-0.0417753,-0.0208775,0.000425025,-0.00211318,4895.8,-37.9851,-157.81,0.00257943,0.0470194,-66.1731,3098.33,-24.039,-99.8706,0.00408321,0.0263062,-64.7844,5693.19,-44.1718,-183.513,-0.00157383,0.0344015,-66.1595,2766.85,-21.4672,-89.1858,-0.00112223,0.0377201,-64.3836
5.689,227.399,-29.0244,22.1553,0.455604,4.07879,-3.27694,-0.238795,-0.0322234,0.00775523,3988.8,3,0.130005,0,0.08,-0.041776,-0.0208989,0.000426123,-0.00211192,4896.37,-37.993,-157.833,0.00263909,0.0470502,-66.1727,3097.48,-24.0347,-99.8461,0.00403908,0.0263611,-64.786,5693.33,-44.1769,-183.522,-0.0015619,0.0344153,-66.1605,2766.3,-21.4649,-89.1705,-0.00118044,0.0377264,-64.3851
5.699,227.547,-29.1889,22.1556,0.455592,4.1487,-3.39494,-0.238985,-0.032224,0.00775592,3988.84,3,0.129978,0,0.08,-0.0417516,-0.0208977,0.000425389,-0.00211283,4895.26,-37.9878,-157.8,0.00246005,0.0469781,-66.1761,3098.45,-24.0443,-99.8791,0.00408069,0.0263451,-64.7843,5693.16,-44.1795,-183.52,-0.00159517,0.0343937,-66.1625,2767.04,-21.4726,-89.1962,-0.00107669,0.0376999,-64.3845
5.709,227.695,-29.3538,22.1559,0.455637,4.1545,-3.33112,-0.238974,-0.0322246,0.00775664,3988.89,3,0.12997,0,0.08,-0.0417496,-0.0208828,0.000424971,-0.0021135,4895.86,-37.9959,-157.821,0.00252086,0.0469977,-66.1764,3097.88,-24.0421,-99.8624,0.00400379,0.0263689,-64.7859,5693.29,-44.1846,-183.527,-0.00154664,0.0344109,-66.1633,2766.24,-21.4683,-89.1717,-0.00121335,0.0377298,-64.386
5.719,227.843,-29.519,22.1562,0.455727,4.11109,-3.31445,-0.238823,-0.0322252,0.00775735,3988.96,3,0.129912,0,0.08,-0.041777,-0.0209029,0.000424243,-0.00211385,4895.75,-37.9985,-157.821,0.00258022,0.0470258,-66.1771,3098.3,-24.0476,-99.8781,0.00407508,0.0263275,-64.7872,5693.2,-44.188,-183.528,-0.00156366,0.0344081,-66.1636,2766.64,-21.4734,-89.1866,-0.00114146,0.0377149,-64.3876
5.729,227.99,-29.6846,22.1565,0.455733,4.13533,-3.33678,-0.23887,-0.0322259,0.00775809,3989.01,3,0.12988,0,0.08,-0.0417759,-0.0208955,0.000423667,-0.00211405,4895.85,-38.003,-157.828,0.00256317,0.0470197,-66.1783,3098.34,-24.0502,-99.8815,0.00407567,0.026324,-64.7874,5693.31,-44.193,-183.536,-0.00158615,0.0344063,-66.1652,2766.8,-21.4766,-89.1935,-0.00109047,0.0377148,-64.3875
5.739,228.137,-29.8505,22.1568,0.455758,4.10422,-3.33829,-0.238978,-0.0322267,0.00775878,3989.05,3,0.12985,0,0.08,-0.0417363,-0.0208864,0.00042508,-0.00211339,4896.28,-38.0097,-157.846,0.0026498,0.0470509,-66.1792,3097.4,-24.045,-99.8535,0.00402312,0.0263762,-64.7879,5693.29,-44.1968,-183.539,-0.00157982,0.0344178,-66.1665,2766.5,-21.4762,-89.186,-0.00113034,0.0377289,-64.3878
5.749,228.283,-30.0168,22.1572,0.455829,4.14364,-3.29977,-0.238888,-0.0322276,0.00775948,3989.1,3,0.129827,0,0.08,-0.0417482,-0.0209041,0.000423895,-0.0021145,4895.74,-38.0089,-157.833,0.00253156,0.0469785,-66.1795,3098.01,-24.0519,-99.8761,0.00405419,0.0263547,-64.7892,5693.38,-44.2015,-183.548,-0.00157687,0.0344096,-66.1664,2766.48,-21.478,-89.1878,-0.00111768,0.0377174,-64.3899
5.759,228.429,-30.1835,22.1574,0.45584,4.15017,-3.29722,-0.238967,-0.0322285,0.00776022,3989.15,3,0.129809,0,0.08,-0.041755,-0.0208921,0.00042502,-0.00211348,4896.15,-38.0157,-157.85,0.00257301,0.0470195,-66.181,3097.55,-24.0506,-99.8639,0.0040145,0.026383,-64.7895,5693.46,-44.2064,-183.555,-0.00156858,0.0344233,-66.1683,2766.14,-21.4774,-89.1796,-0.00115181,0.0377311,-64.3896
5.769,228.575,-30.3505,22.1578,0.455904,4.15055,-3.20047,-0.238884,-0.0322294,0.00776096,3989.21,3,0.129798,0,0.08,-0.0417668,-0.0208847,0.000424957,-0.00211361,4896.15,-38.0193,-157.855,0.0025861,0.0470217,-66.1822,3096.74,-24.0467,-99.8408,0.00394723,0.0264033,-64.7902,5693.46,-44.2105,-183.561,-0.00155514,0.0344366,-66.1694,2765.93,-21.4779,-89.1754,-0.00118282,0.0377698,-64.3907
5.779,228.72,-30.5178,22.158,0.455841,4.19955,-3.4078,-0.23923,-0.0322302,0.00776169,3989.26,3,0.129745,0,0.08,-0.0417321,-0.0208519,0.000423334,-0.00211565,4896.11,-38.0226,-157.857,0.00257089,0.0470026,-66.1826,3098.08,-24.0593,-99.886,0.00405671,0.0263501,-64.7915,5693.79,-44.2173,-183.575,-0.00156782,0.0344159,-66.1702,2766.22,-21.4821,-89.1865,-0.00113779,0.0377245,-64.3918
5.789,228.865,-30.6855,22.1584,0.455955,4.21798,-3.29707,-0.23901,-0.0322311,0.00776236,3989.3,3,0.129716,0,0.08,-0.041736,-0.0209003,0.000424953,-0.00211363,4895.46,-38.0209,-157.841,0.00247875,0.0469604,-66.1811,3098.71,-24.0663,-99.9095,0.00410017,0.0263362,-64.7941,5693.55,-44.2192,-183.573,-0.00157794,0.0344132,-66.1695,2766.35,-21.485,-89.1933,-0.00110052,0.0377221,-64.3948
5.799,229.01,-30.8535,22.1587,0.456026,4.18889,-3.25644,-0.238871,-0.0322318,0.00776306,3989.35,3,0.129692,0,0.08,-0.0417519,-0.0209156,0.000424194,-0.0021135,4895.87,-38.0274,-157.857,0.00254633,0.0469845,-66.1839,3097.92,-24.0623,-99.8861,0.00402896,0.0263796,-64.793,5693.59,-44.2236,-183.578,-0.00156962,0.0344194,-66.1713,2766.01,-21.4843,-89.1844,-0.00113431,0.0377301,-64.3939
5.809,229.154,-31.0219,22.1589,0.456032,4.18185,-3.324,-0.23902,-0.0322324,0.00776378,3989.4,3,0.129654,0,0.08,-0.0417523,-0.0208899,0.000423907,-0.00211498,4895.97,-38.0318,-157.864,0.00253959,0.0470182,-66.186,3098.3,-24.0675,-99.9001,0.00407363,0.0263694,-64.7928,5693.51,-44.227,-183.579,-0.00159011,0.0344157,-66.173,2766.28,-21.4884,-89.1948,-0.00107205,0.0377214,-64.3943
5.819,229.298,-31.1906,22.1592,0.456084,4.12164,-3.27286,-0.239231,-0.032233,0.00776453,3989.46,3,0.129637,0,0.08,-0.0417578,-0.0208654,0.000424535,-0.00211446,4896.46,-38.0392,-157.882,0.00255437,0.0470428,-66.1858,3097.81,-24.066,-99.8862,0.00402556,0.0263808,-64.795,5693.57,-44.2317,-183.584,-0.00158723,0.0344714,-66.1733,2766.2,-21.4898,-89.1939,-0.00111768,0.0377651,-64.3957
5.829,229.441,-31.3597,22.1596,0.456159,4.18389,-3.13613,-0.238861,-0.0322339,0.0077652,3989.5,3,0.129621,0,0.08,-0.0417401,-0.0208881,0.000424661,-0.00211402,4896.78,-38.045,-157.897,0.00263789,0.0470404,-66.1863,3096.99,-24.0617,-99.8625,0.00395041,0.0263842,-64.7956,5693.7,-44.2366,-183.593,-0.00152388,0.0344442,-66.1744,2765.29,-21.4846,-89.1667,-0.00125346,0.0377648,-64.3966
5.839,229.584,-31.5291,22.1599,0.456146,4.23235,-3.16901,-0.239054,-0.0322346,0.00776589,3989.54,3,0.129599,0,0.08,-0.0417017,-0.0208918,0.000424688,-0.00211421,4897.15,-38.0513,-157.913,0.00258512,0.0470447,-66.1865,3097.47,-24.0676,-99.8805,0.00395721,0.0263928,-64.7967,5693.79,-44.2412,-183.601,-0.00152975,0.0344451,-66.1747,2765.18,-21.4857,-89.1654,-0.00125094,0.0377654,-64.398
5.849,229.726,-31.6989,22.1601,0.456161,4.19924,-3.30009,-0.239157,-0.0322353,0.00776659,3989.59,3,0.129541,0,0.08,-0.0417075,-0.0208919,0.00042448,-0.00211456,4896.31,-38.0482,-157.889,0.00264383,0.0470417,-66.1883,3097.34,-24.0688,-99.8785,0.00401332,0.0263985,-64.7967,5693.63,-44.244,-183.6,-0.00155783,0.0344314,-66.1762,2765.77,-21.4922,-89.1865,-0.00114272,0.0377389,-64.3984
5.859,229.868,-31.869,22.1605,0.456262,4.22425,-3.22512,-0.238886,-0.0322361,0.00776731,3989.65,3,0.12951,0,0.08,-0.0417567,-0.0209111,0.000426379,-0.00211195,4896.03,-38.0496,-157.884,0.00254528,0.0470206,-66.1895,3098.39,-24.0792,-99.9147,0.00406574,0.0263556,-64.7972,5693.56,-44.2475,-183.602,-0.00158138,0.0344219,-66.1774,2766.18,-21.4974,-89.2019,-0.00106422,0.0377252,-64.3987
5.869,230.01,-32.0395,22.1608,0.45629,4.22757,-3.20313,-0.238967,-0.0322367,0.00776807,3989.69,3,0.129495,0,0.08,-0.041749,-0.0208895,0.000425366,-0.00211351,4896.38,-38.056,-157.898,0.00254552,0.0470266,-66.1899,3098.06,-24.079,-99.906,0.00403381,0.0263651,-64.799,5694.32,-44.2578,-183.63,-0.00157853,0.0344296,-66.178,2765.78,-21.4964,-89.1908,-0.00110722,0.0377251,-64.3998
5.879,230.151,-32.2103,22.1611,0.45632,4.27024,-3.21838,-0.238993,-0.0322375,0.00776874,3989.74,3,0.12946,0,0.08,-0.0417365,-0.0209025,0.00042509,-0.00211352,4895.85,-38.0551,-157.885,0.00250066,0.0469902,-66.1906,3098.64,-24.0855,-99.927,0.00407556,0.0263575,-64.7991,5693.43,-44.2547,-183.606,-0.0015902,0.0344269,-66.179,2765.95,-21.4995,-89.1982,-0.00107064,0.0377289,-64.4006
5.889,230.292,-32.3814,22.1614,0.456408,4.23771,-3.14476,-0.23894,-0.0322382,0.00776943,3989.78,3,0.129442,0,0.08,-0.0417274,-0.0209163,0.00042002,-0.00211916,4896.52,-38.0637,-157.909,0.00255821,0.0470015,-66.1907,3097.97,-24.0825,-99.9075,0.00401108,0.0263896,-64.8004,5693.88,-44.2621,-183.624,-0.00155175,0.0344312,-66.1789,2765.57,-21.4985,-89.1878,-0.00115832,0.037745,-64.4027
5.899,230.433,-32.5528,22.1616,0.456408,4.21673,-3.28711,-0.239069,-0.0322389,0.00777013,3989.83,3,0.129387,0,0.08,-0.0417309,-0.0209084,0.000424952,-0.00211401,4895.48,-38.059,-157.879,0.00247564,0.0469945,-66.193,3098.59,-24.0895,-99.9298,0.0041272,0.0263871,-64.8,5693.45,-44.2628,-183.614,-0.00162278,0.0344133,-66.1807,2766.61,-21.5085,-89.2232,-0.000965492,0.0377076,-64.4022
5.909,230.573,-32.7246,22.162,0.456464,4.25929,-3.17577,-0.238948,-0.0322395,0.00777083,3989.89,3,0.129378,0,0.08,-0.0417499,-0.0209031,0.000424608,-0.00211433,4896.24,-38.0684,-157.907,0.00251568,0.0470175,-66.192,3098.68,-24.0923,-99.9347,0.00409213,0.026347,-64.8028,5693.72,-44.2688,-183.626,-0.00159583,0.034431,-66.1807,2765.73,-21.5037,-89.1968,-0.00106397,0.0377376,-64.4045
5.919,230.712,-32.8968,22.1623,0.456506,4.26663,-3.12891,-0.238935,-0.0322402,0.00777154,3989.93,3,0.129359,0,0.08,-0.0417471,-0.0209164,0.000424552,-0.00211424,4896.44,-38.0734,-157.917,0.00254356,0.0470302,-66.1942,3098.11,-24.0901,-99.9183,0.0040276,0.0263876,-64.8018,5693.74,-44.273,-183.631,-0.00157835,0.0344377,-66.1824,2765.71,-21.5054,-89.1979,-0.00110088,0.0377454,-64.4035
5.929,230.852,-33.0693,22.1625,0.456465,4.31958,-3.18258,-0.239226,-0.0322408,0.0077722,3989.97,3,0.129345,0,0.08,-0.0416889,-0.0208812,0.000425189,-0.00211405,4896.7,-38.0787,-157.928,0.00251455,0.0470316,-66.194,3097.93,-24.0907,-99.9143,0.00401742,0.0263989,-64.8034,5693.83,-44.2775,-183.637,-0.00154011,0.0344453,-66.1835,2765.2,-21.5033,-89.1831,-0.00119114,0.0377615,-64.4052
5.939,230.991,-33.2421,22.1628,0.456562,4.36358,-3.15853,-0.238969,-0.0322415,0.00777288,3990.01,3,0.129308,0,0.08,-0.0417253,-0.0209209,0.00042355,-0.00211543,4895.38,-38.0717,-157.889,0.00241464,0.046922,-66.1948,3098.49,-24.0972,-99.9346,0.00406349,0.0264119,-64.804,5693.95,-44.2823,-183.645,-0.00160406,0.0344212,-66.1833,2765.66,-21.5088,-89.2001,-0.00104359,0.0377283,-64.4068
5.949,231.129,-33.4152,22.1631,0.456587,4.28126,-3.11469,-0.239089,-0.032242,0.00777357,3990.06,3,0.129296,0,0.08,-0.0417054,-0.0208843,0.000423772,-0.00211582,4896.67,-38.0852,-157.933,0.00256927,0.0470233,-66.1963,3097.21,-24.0894,-99.8949,0.00393781,0.02642,-64.8043,5693.95,-44.2863,-183.648,-0.00156011,0.0344574,-66.1845,2764.9,-21.5048,-89.1769,-0.00119434,0.0377749,-64.4065
5.959,231.267,-33.5887,22.1634,0.456652,4.29981,-3.11048,-0.238963,-0.0322427,0.00777427,3990.12,3,0.129251,0,0.08,-0.0417449,-0.020911,0.000425049,-0.00211396,4896.43,-38.0867,-157.929,0.00254844,0.0470292,-66.1967,3098.55,-24.102,-99.9403,0.00406198,0.0263851,-64.8057,5693.89,-44.2897,-183.65,-0.00156932,0.0344428,-66.1857,2765.21,-21.5091,-89.1887,-0.00113402,0.0377536,-64.4075
5.969,231.405,-33.7625,22.1637,0.456657,4.31214,-3.05537,-0.239059,-0.0322433,0.00777499,3990.16,3,0.129243,0,0.08,-0.0417125,-0.0208686,0.00042607,-0.00211333,4897.07,-38.0952,-157.952,0.00260666,0.0470434,-66.1978,3096.76,-24.0903,-99.8841,0.00391106,0.0264354,-64.8057,5693.87,-44.2937,-183.653,-0.00154674,0.0344607,-66.1867,2764.75,-21.5075,-89.1755,-0.00120899,0.0377839,-64.408
5.979,231.542,-33.9366,22.164,0.456768,4.28479,-3.00287,-0.238823,-0.0322441,0.00777562,3990.2,3,0.129206,0,0.08,-0.0417158,-0.0209126,0.000425717,-0.00211372,4897.18,-38.0992,-157.96,0.00254704,0.0470117,-66.1975,3097.9,-24.1011,-99.9236,0.00398887,0.0263957,-64.8072,5694.02,-44.2985,-183.662,-0.00154675,0.0344574,-66.1875,2764.8,-21.5097,-89.1794,-0.00118444,0.0377737,-64.4094
5.989,231.678,-34.1111,22.1643,0.456763,4.33744,-3.03549,-0.238975,-0.0322447,0.00777631,3990.24,3,0.129178,0,0.08,-0.0417197,-0.0209215,0.000424948,-0.00211406,4896.6,-38.0981,-157.944,0.00252568,0.0470138,-66.1983,3097.87,-24.103,-99.9246,0.00400412,0.0264221,-64.808,5693.99,-44.3022,-183.665,-0.00156471,0.034455,-66.1881,2764.97,-21.5129,-89.1865,-0.00115222,0.0377655,-64.4103
5.999,231.815,-34.2859,22.1646,0.456833,4.31994,-2.99771,-0.238842,-0.0322453,0.00777701,3990.29,3,0.129149,0,0.08,-0.0417356,-0.0209238,0.000425242,-0.00211375,4896.65,-38.1019,-157.949,0.00255139,0.0470201,-66.2005,3097.59,-24.103,-99.9173,0.00396963,0.0264196,-64.8075,5693.96,-44.3059,-183.667,-0.00156876,0.0344516,-66.189,2765.03,-21.5153,-89.1901,-0.00113413,0.037762,-64.4106
6.009,231.951,-34.461,22.1648,0.456826,4.33773,-3.0793,-0.239015,-0.032246,0.00777774,3990.35,3,0.129114,0,0.08,-0.0417368,-0.0209109,0.000425103,-0.00211406,4896.83,-38.1068,-157.958,0.00251878,0.0470218,-66.2,3098.53,-24.1125,-99.9498,0.00404091,0.0263878,-64.8098,5693.95,-44.31,-183.671,-0.00157805,0.0344459,-66.1892,2765.22,-21.5188,-89.1983,-0.00109253,0.0377533,-64.4125
6.019,232.086,-34.6365,22.1651,0.456845,4.36916,-3.15761,-0.239112,-0.0322468,0.00777844,3990.39,3,0.129068,0,0.08,-0.0417259,-0.0209179,0.000423971,-0.00211524,4896.06,-38.1043,-157.937,0.00245624,0.0469846,-66.2015,3099.63,-24.1233,-99.9878,0.00411874,0.0263576,-64.8094,5693.85,-44.3131,-183.672,-0.00160949,0.0344333,-66.1905,2765.67,-21.5242,-89.2149,-0.00100112,0.0377267,-64.4122
6.029,232.221,-34.8122,22.1654,0.45689,4.36206,-2.9997,-0.239057,-0.0322476,0.00777906,3990.42,3,0.129071,0,0.08,-0.0416948,-0.0209082,0.000425459,-0.00211378,4897.69,-38.12,-157.994,0.00260271,0.0470494,-66.2023,3097.65,-24.1098,-99.9265,0.00396137,0.0264412,-64.8096,5692.45,-44.3058,-183.632,-0.00157276,0.0344588,-66.1924,2764.12,-21.5139,-89.1674,-0.00116221,0.0377604,-64.4124
6.039,232.356,-34.9883,22.1656,0.456959,4.32033,-3.01021,-0.238944,-0.0322484,0.00777978,3990.47,3,0.129034,0,0.08,-0.0417236,-0.0209308,0.000424757,-0.00211437,4896.79,-38.1165,-157.968,0.00256129,0.0470317,-66.203,3097.77,-24.113,-99.9327,0.00400744,0.026418,-64.8106,5694.15,-44.3232,-183.691,-0.00156453,0.0344628,-66.1927,2764.78,-21.521,-89.1907,-0.00112772,0.0377722,-64.4138
6.049,232.49,-35.1648,22.1659,0.457,4.37343,-2.93477,-0.238898,-0.0322491,0.00778047,3990.52,3,0.129027,0,0.08,-0.0417326,-0.0209298,0.000426237,-0.00211286,4896.85,-38.1204,-157.974,0.00253777,0.0470264,-66.2031,3097.41,-24.1123,-99.9233,0.00396377,0.0264446,-64.8123,5694.24,-44.3279,-183.698,-0.00155947,0.0344624,-66.1925,2764.43,-21.5202,-89.1814,-0.00117047,0.0377802,-64.4156
6.059,232.624,-35.3415,22.1662,0.457043,4.37093,-2.9174,-0.23888,-0.0322498,0.00778117,3990.57,3,0.129001,0,0.08,-0.0417272,-0.0209112,0.000426382,-0.00211202,4897.08,-38.1256,-157.984,0.00254568,0.0470298,-66.2052,3097.41,-24.1145,-99.9255,0.0039512,0.026427,-64.8115,5694.18,-44.3313,-183.7,-0.00156817,0.0344636,-66.195,2764.69,-21.5241,-89.1914,-0.00113812,0.0377772,-64.4141
6.069,232.758,-35.5186,22.1664,0.457023,4.41735,-3.06869,-0.239108,-0.0322504,0.00778184,3990.6,3,0.128949,0,0.08,-0.0417046,-0.0209094,0.000424893,-0.00211435,4896.3,-38.1228,-157.963,0.00244362,0.0469756,-66.2055,3099.24,-24.1308,-99.9865,0.00408465,0.026381,-64.8125,5694.2,-44.3353,-183.704,-0.00161967,0.0344431,-66.195,2765.26,-21.5305,-89.2119,-0.00100987,0.0377456,-64.4159
6.079,232.89,-35.696,22.1668,0.457113,4.37144,-2.88018,-0.238899,-0.0322512,0.00778251,3990.65,3,0.128941,0,0.08,-0.0417168,-0.0209253,0.000427436,-0.00211178,4897.49,-38.1353,-158.005,0.00257416,0.0470366,-66.2058,3097.44,-24.1188,-99.9307,0.00396049,0.0264429,-64.8136,5694.25,-44.3395,-183.71,-0.00157059,0.0344766,-66.1956,2764.34,-21.5251,-89.1844,-0.0011583,0.0377976,-64.4169
6.089,233.023,-35.8737,22.167,0.457132,4.37843,-2.91198,-0.239004,-0.0322519,0.00778317,3990.69,3,0.128926,0,0.08,-0.0417021,-0.0209215,0.000424802,-0.0021147,4897.42,-38.138,-158.006,0.00258365,0.0470403,-66.2072,3097.13,-24.1185,-99.9229,0.00392517,0.0264559,-64.8137,5694.28,-44.3435,-183.715,-0.00155518,0.0344781,-66.1969,2764.07,-21.5248,-89.1773,-0.00119896,0.0377977,-64.4173
6.099,233.155,-36.0517,22.1673,0.457183,4.40613,-2.88626,-0.238939,-0.0322526,0.00778385,3990.74,3,0.128901,0,0.08,-0.0417262,-0.0209258,0.000425235,-0.00211416,4896.96,-38.1378,-157.995,0.00253533,0.0470131,-66.2075,3097.38,-24.1226,-99.9331,0.00394258,0.0264385,-64.815,5694.37,-44.3481,-183.722,-0.00155422,0.0344744,-66.1974,2764.19,-21.5277,-89.1833,-0.00117143,0.0377895,-64.4184
6.109,233.287,-36.23,22.1675,0.457144,4.42302,-3.00779,-0.239235,-0.0322532,0.00778457,3990.78,3,0.128869,0,0.08,-0.0417056,-0.0208818,0.000424389,-0.00211541,4897.17,-38.143,-158.004,0.00253873,0.0470327,-66.2084,3097.59,-24.1264,-99.9418,0.00396988,0.0264435,-64.8154,5694.32,-44.3518,-183.724,-0.00156771,0.0344696,-66.1983,2764.43,-21.5315,-89.1927,-0.00113626,0.0377918,-64.4191
6.119,233.418,-36.4087,22.1678,0.45725,4.37569,-2.94885,-0.239007,-0.0322541,0.00778521,3990.82,3,0.128828,0,0.08,-0.0417161,-0.020932,0.00042468,-0.00211452,4896.99,-38.1447,-158.003,0.0025819,0.0470361,-66.21,3097.78,-24.1299,-99.9506,0.0039707,0.0264435,-64.8151,5694.2,-44.3545,-183.725,-0.00157014,0.0344694,-66.1998,2764.59,-21.5346,-89.2004,-0.00111052,0.0377776,-64.4191
6.129,233.549,-36.5877,22.168,0.457253,4.41871,-2.95156,-0.239152,-0.0322546,0.00778586,3990.85,3,0.128807,0,0.08,-0.0416869,-0.0209248,0.000424537,-0.00211513,4896.89,-38.1471,-158.002,0.00250962,0.0470318,-66.2106,3098.16,-24.1349,-99.9645,0.00399607,0.0264396,-64.8159,5694.4,-44.3598,-183.734,-0.0015641,0.0344662,-66.2008,2764.35,-21.5345,-89.1939,-0.00111389,0.0377973,-64.4204
6.139,233.68,-36.767,22.1683,0.457321,4.42181,-2.86875,-0.238993,-0.0322552,0.00778656,3990.9,3,0.128797,0,0.08,-0.0416967,-0.0209148,0.000426511,-0.00211328,4897.2,-38.1529,-158.015,0.00252279,0.0470212,-66.21,3097.57,-24.1324,-99.9473,0.0039418,0.0264574,-64.8178,5694.41,-44.3638,-183.738,-0.00156596,0.0344803,-66.2007,2764,-21.5337,-89.1842,-0.00115614,0.0377957,-64.4216
6.149,233.81,-36.9466,22.1686,0.457391,4.44066,-2.76202,-0.238873,-0.0322557,0.00778724,3990.95,3,0.128789,0,0.08,-0.0417211,-0.0209254,0.000424923,-0.00211461,4897.14,-38.1558,-158.016,0.0025655,0.0470315,-66.2116,3096.86,-24.129,-99.9261,0.00387486,0.0264762,-64.8179,5694.47,-44.3682,-183.743,-0.00153469,0.0344888,-66.202,2763.59,-21.5324,-89.1726,-0.00123756,0.0378134,-64.4215
6.159,233.939,-37.1265,22.1689,0.457436,4.42938,-2.77455,-0.238793,-0.0322564,0.0077879,3990.99,3,0.128747,0,0.08,-0.0417228,-0.0209399,0.000426571,-0.00211241,4897.43,-38.1613,-158.028,0.00256707,0.0470336,-66.2111,3097.36,-24.135,-99.9445,0.00393204,0.0264409,-64.8196,5694.44,-44.3717,-183.746,-0.00153858,0.0344848,-66.2022,2763.77,-21.5356,-89.1803,-0.00120797,0.0378041,-64.4233
6.169,234.068,-37.3067,22.1691,0.457355,4.53957,-2.95766,-0.239256,-0.0322569,0.00778855,3991.02,3,0.128711,0,0.08,-0.0416699,-0.0209111,0.000424489,-0.00211527,4896.54,-38.1576,-158.002,0.00241454,0.0469808,-66.2116,3098.68,-24.1472,-99.9882,0.00404314,0.0264305,-64.8201,5694.43,-44.3753,-183.748,-0.0015935,0.0344618,-66.2039,2764.4,-21.5423,-89.2017,-0.00108274,0.0377674,-64.4225
6.179,234.197,-37.4872,22.1693,0.457447,4.51213,-3.02181,-0.239017,-0.0322575,0.00778919,3991.06,3,0.128658,0,0.08,-0.0417096,-0.0209465,0.000424407,-0.00211514,4895.16,-38.1499,-157.961,0.00237638,0.0468949,-66.2122,3099.09,-24.1525,-100.004,0.00413171,0.0264311,-64.821,5694.37,-44.3785,-183.75,-0.00165761,0.0344385,-66.2033,2765.07,-21.5493,-89.2254,-0.000898754,0.0377353,-64.4252
6.189,234.325,-37.6681,22.1696,0.457517,4.46385,-2.79082,-0.238967,-0.0322581,0.00778984,3991.11,3,0.128676,0,0.08,-0.0417125,-0.0209408,0.00042472,-0.00211489,4897.3,-38.1698,-158.032,0.00252787,0.0470315,-66.2135,3097.41,-24.1413,-99.951,0.00393085,0.0264809,-64.8213,5694.52,-44.3834,-183.758,-0.0015609,0.0344861,-66.2039,2763.68,-21.5403,-89.1821,-0.00118589,0.0378048,-64.4259
6.199,234.453,-37.8492,22.1699,0.457528,4.47184,-2.88057,-0.239063,-0.0322587,0.0077905,3991.16,3,0.128626,0,0.08,-0.0417178,-0.0209398,0.000423078,-0.00211654,4897.27,-38.1728,-158.034,0.00250338,0.0470335,-66.2137,3098.42,-24.1512,-99.9857,0.00402084,0.0264317,-64.8226,5694.45,-44.3866,-183.76,-0.00158376,0.0344727,-66.2043,2764.24,-21.5464,-89.2017,-0.00109554,0.0377815,-64.4269
6.209,234.581,-38.0307,22.1701,0.457575,4.46715,-2.79896,-0.239008,-0.0322595,0.00779116,3991.2,3,0.128621,0,0.08,-0.0417044,-0.0209343,0.000424729,-0.00211507,4897.59,-38.1785,-158.049,0.00254953,0.0470405,-66.2155,3097.47,-24.146,-99.9577,0.0039354,0.0264727,-64.8219,5694.58,-44.3914,-183.768,-0.00153696,0.034488,-66.2065,2763.65,-21.5437,-89.1849,-0.00120361,0.0378058,-64.4262
6.219,234.708,-38.2125,22.1704,0.457568,4.56335,-2.92141,-0.239151,-0.0322602,0.00779181,3991.23,3,0.128575,0,0.08,-0.0416746,-0.020924,0.000425859,-0.00211393,4895.75,-38.1674,-157.993,0.00235441,0.046909,-66.2145,3099.58,-24.1644,-100.028,0.00411384,0.0263919,-64.8241,5694.7,-44.396,-183.776,-0.00161771,0.0344583,-66.2068,2764.51,-21.5522,-89.2147,-0.000996258,0.0377603,-64.4281
6.229,234.834,-38.3945,22.1707,0.457675,4.47212,-2.793,-0.238883,-0.0322609,0.00779245,3991.27,3,0.128557,0,0.08,-0.0416988,-0.0209444,0.000425103,-0.00211495,4896.87,-38.1793,-158.032,0.00252527,0.0470011,-66.2172,3098.03,-24.1543,-99.9798,0.00396714,0.0264611,-64.8227,5694.68,-44.3995,-183.779,-0.00159044,0.0344744,-66.2081,2763.98,-21.5498,-89.1994,-0.00109421,0.0377872,-64.4271
6.239,234.96,-38.5769,22.1709,0.457664,4.49663,-2.79881,-0.239065,-0.0322613,0.00779315,3991.31,3,0.128551,0,0.08,-0.0417048,-0.0209304,0.000425008,-0.00211493,4897.36,-38.1866,-158.05,0.00252057,0.0470372,-66.218,3097.43,-24.1518,-99.9621,0.00393612,0.0264924,-64.8235,5694.57,-44.4026,-183.778,-0.00157041,0.0344896,-66.2091,2763.6,-21.5488,-89.1882,-0.00114292,0.0378042,-64.4278
6.249,235.086,-38.7596,22.1711,0.457685,4.50365,-2.84797,-0.239131,-0.0322619,0.00779383,3991.35,3,0.128509,0,0.08,-0.0417024,-0.0209226,0.000424301,-0.00211568,4897.37,-38.1899,-158.054,0.00249855,0.0470401,-66.218,3098.22,-24.16,-99.9892,0.00399564,0.026453,-64.8249,5694.54,-44.4063,-183.781,-0.00158359,0.0344814,-66.2095,2763.9,-21.553,-89.1998,-0.00108812,0.0377928,-64.4291
6.259,235.211,-38.9426,22.1714,0.457748,4.49399,-2.74255,-0.239028,-0.0322628,0.00779449,3991.39,3,0.128496,0,0.08,-0.0416968,-0.020938,0.000425423,-0.00211413,4897.74,-38.196,-158.069,0.00254247,0.0470354,-66.2176,3097.47,-24.1562,-99.9676,0.00393828,0.026479,-64.8264,5694.66,-44.411,-183.789,-0.00156475,0.0345,-66.2094,2763.44,-21.5512,-89.1872,-0.00116068,0.0378103,-64.4307
6.269,235.336,-39.1258,22.1716,0.457743,4.54604,-2.80309,-0.239181,-0.0322635,0.00779513,3991.43,3,0.128467,0,0.08,-0.0416622,-0.0209261,0.000424753,-0.00211528,4897.26,-38.1954,-158.057,0.00247735,0.0470022,-66.2188,3098.06,-24.1629,-99.9889,0.00398359,0.0264627,-64.8264,5694.81,-44.4159,-183.798,-0.00157135,0.0344869,-66.2108,2763.67,-21.5548,-89.1964,-0.00112049,0.0377982,-64.4309
6.279,235.461,-39.3094,22.1719,0.457789,4.54332,-2.76071,-0.23918,-0.0322641,0.00779578,3991.47,3,0.128456,0,0.08,-0.0416838,-0.0209394,0.000424931,-0.0021151,4897.4,-38.1997,-158.065,0.0024861,0.0470288,-66.22,3098.06,-24.1648,-99.9908,0.00393307,0.0264766,-64.8266,5694.71,-44.4188,-183.799,-0.00153287,0.0344962,-66.2114,2763.36,-21.5542,-89.1884,-0.00119657,0.0378134,-64.432
6.289,235.585,-39.4933,22.172,0.457798,4.53427,-2.77715,-0.239291,-0.0322645,0.00779648,3991.51,3,0.128449,0,0.08,-0.0416974,-0.0208949,0.000421548,-0.00211935,4897.51,-38.204,-158.071,0.0025395,0.0470276,-66.2205,3097.03,-24.159,-99.9588,0.00385678,0.0265055,-64.8276,5694.92,-44.4244,-183.808,-0.00153021,0.0345106,-66.2125,2762.74,-21.5513,-89.1695,-0.00124598,0.0378356,-64.4324
6.299,235.708,-39.6775,22.1723,0.457871,4.53124,-2.7708,-0.239128,-0.0322654,0.0077971,3991.56,3,0.12839,0,0.08,-0.0416948,-0.0209391,0.000426618,-0.00211337,4897.51,-38.2071,-158.075,0.00249975,0.0470313,-66.2213,3098.3,-24.1708,-100.002,0.00398745,0.0264656,-64.828,5694.63,-44.4256,-183.803,-0.00157237,0.0345003,-66.2128,2763.7,-21.5605,-89.2028,-0.00111386,0.0378016,-64.4327
6.309,235.831,-39.862,22.1726,0.457891,4.56122,-2.74245,-0.239153,-0.032266,0.00779774,3991.59,3,0.128372,0,0.08,-0.0416728,-0.020927,0.000425029,-0.00211493,4897.61,-38.2109,-158.081,0.00249139,0.0470184,-66.2216,3097.97,-24.1702,-99.9938,0.00396863,0.0264755,-64.8288,5694.8,-44.4306,-183.812,-0.00157627,0.0344953,-66.2137,2763.45,-21.5603,-89.1965,-0.00111682,0.0378126,-64.4338
6.319,235.954,-40.0467,22.1729,0.457955,4.53694,-2.5943,-0.239075,-0.0322665,0.00779835,3991.62,3,0.128377,0,0.08,-0.0416344,-0.0209144,0.000424413,-0.00211596,4899.02,-38.2249,-158.129,0.00257437,0.0470607,-66.2222,3096.83,-24.1632,-99.9587,0.00383312,0.0265071,-64.8292,5695.11,-44.4365,-183.825,-0.00150244,0.0345251,-66.2146,2762.27,-21.5528,-89.1598,-0.00131321,0.0378527,-64.434
6.329,236.076,-40.2318,22.1731,0.458039,4.56434,-2.54656,-0.238909,-0.0322671,0.00779898,3991.66,3,0.128363,0,0.08,-0.0416921,-0.0209524,0.00042622,-0.00211496,4897.92,-38.2194,-158.096,0.00252642,0.0470201,-66.2234,3097.37,-24.1694,-99.9778,0.00382077,0.0265178,-64.8296,5695.02,-44.4394,-183.826,-0.00151408,0.0345128,-66.2147,2762.52,-21.5565,-89.1693,-0.00129439,0.0378432,-64.4357
6.339,236.198,-40.4172,22.1733,0.458028,4.56637,-2.66759,-0.239043,-0.0322676,0.00779962,3991.71,3,0.12831,0,0.08,-0.0416991,-0.0209448,0.00042381,-0.00211627,4897.59,-38.22,-158.088,0.00250871,0.0470324,-66.2243,3097.63,-24.1734,-99.9875,0.00392343,0.0264953,-64.83,5694.83,-44.4416,-183.822,-0.00155486,0.0345004,-66.2164,2763.23,-21.5638,-89.1935,-0.00114794,0.0378145,-64.4352
6.349,236.319,-40.6028,22.1736,0.458049,4.56989,-2.70957,-0.239089,-0.0322681,0.00780024,3991.75,3,0.128271,0,0.08,-0.0416841,-0.0209339,0.000424638,-0.00211538,4897.94,-38.2257,-158.102,0.00248514,0.047032,-66.2248,3098.43,-24.1816,-100.015,0.00397181,0.0264692,-64.8307,5694.8,-44.4449,-183.825,-0.00157791,0.0344919,-66.217,2763.47,-21.5674,-89.2031,-0.00109446,0.0378031,-64.436
6.359,236.44,-40.7888,22.1738,0.458073,4.56388,-2.65135,-0.239141,-0.0322688,0.00780086,3991.78,3,0.128262,0,0.08,-0.0416627,-0.0209314,0.000425051,-0.00211497,4898.06,-38.2298,-158.11,0.00252858,0.0470511,-66.2261,3097.29,-24.1746,-99.9805,0.00391435,0.0265122,-64.8306,5694.98,-44.4498,-183.834,-0.00156351,0.0345107,-66.2179,2762.91,-21.5647,-89.1867,-0.00116152,0.03783,-64.4365
6.369,236.56,-40.975,22.174,0.458108,4.58577,-2.72616,-0.239125,-0.0322695,0.00780148,3991.81,3,0.128223,0,0.08,-0.0416798,-0.0209542,0.00042498,-0.00211502,4897.1,-38.2253,-158.082,0.00245965,0.0470101,-66.2258,3098.26,-24.1841,-100.014,0.00399397,0.0264877,-64.8321,5694.81,-44.452,-183.832,-0.00158921,0.0344919,-66.2181,2763.56,-21.5715,-89.2096,-0.00107022,0.0378004,-64.4378
6.379,236.68,-41.1615,22.1743,0.458156,4.57896,-2.62006,-0.239055,-0.0322701,0.00780211,3991.85,3,0.128218,0,0.08,-0.0416881,-0.020953,0.000425521,-0.00211436,4897.8,-38.2338,-158.107,0.00250984,0.0470411,-66.2263,3097.33,-24.1788,-99.9858,0.00392326,0.0265173,-64.8328,5695.04,-44.4573,-183.843,-0.00155888,0.0345113,-66.2186,2762.8,-21.5673,-89.1868,-0.00116749,0.0378373,-64.4387
6.389,236.8,-41.3483,22.1745,0.458186,4.60153,-2.58159,-0.239054,-0.0322708,0.00780276,3991.9,3,0.128203,0,0.08,-0.041691,-0.0209483,0.000426058,-0.002115,4897.87,-38.2375,-158.113,0.00250052,0.0470423,-66.2269,3097.15,-24.1794,-99.9822,0.00389501,0.0265243,-64.8336,5695.04,-44.4611,-183.847,-0.00156167,0.0345129,-66.2191,2762.68,-21.5682,-89.1848,-0.00117681,0.0378353,-64.4392
6.399,236.919,-41.5354,22.1747,0.458167,4.60761,-2.60148,-0.239154,-0.0322715,0.00780339,3991.93,3,0.12818,0,0.08,-0.0416581,-0.0209168,0.000421437,-0.00211699,4898.44,-38.2452,-158.135,0.0025668,0.0470582,-66.227,3096.57,-24.1769,-99.9659,0.00384817,0.026536,-64.8347,5695.16,-44.4656,-183.855,-0.00155191,0.0345264,-66.2196,2762.42,-21.5679,-89.1783,-0.00121022,0.0378433,-64.4402
6.409,237.038,-41.7228,22.175,0.458249,4.6099,-2.62284,-0.2391,-0.0322724,0.00780401,3991.96,3,0.128142,0,0.08,-0.0416753,-0.0209539,0.000425038,-0.00211517,4897.7,-38.2424,-158.115,0.00248968,0.0470183,-66.2287,3097.93,-24.1894,-100.012,0.00393809,0.0264966,-64.8341,5695.05,-44.4683,-183.856,-0.00156302,0.0345055,-66.2212,2762.94,-21.5737,-89.1976,-0.00112965,0.0378184,-64.4398
6.419,237.156,-41.9105,22.1752,0.458255,4.61738,-2.59339,-0.239218,-0.0322729,0.00780463,3992,3,0.128134,0,0.08,-0.0416434,-0.0209321,0.000424701,-0.00211585,4898.33,-38.2504,-158.138,0.00252022,0.0470406,-66.2291,3097.32,-24.1866,-99.9945,0.00388322,0.0265226,-64.8349,5695.13,-44.4725,-183.863,-0.0015249,0.0345277,-66.222,2762.23,-21.5699,-89.1762,-0.00123192,0.0378493,-64.4412
6.429,237.274,-42.0984,22.1755,0.458352,4.62246,-2.53959,-0.239038,-0.0322736,0.00780527,3992.04,3,0.128101,0,0.08,-0.041691,-0.0209631,0.000422995,-0.00211891,4897.59,-38.2477,-158.118,0.00246845,0.0470151,-66.2284,3097.97,-24.1936,-100.017,0.00395192,0.0264893,-64.837,5695.15,-44.4762,-183.867,-0.001573,0.0345127,-66.2211,2762.6,-21.5745,-89.19,-0.00113363,0.0378289,-64.4437
6.439,237.391,-42.2867,22.1756,0.45833,4.63034,-2.59586,-0.239211,-0.032274,0.00780592,3992.08,3,0.128084,0,0.08,-0.0416751,-0.0209274,0.000424203,-0.00211653,4898.01,-38.2542,-158.133,0.002521,0.0470287,-66.23,3097.38,-24.191,-99.9994,0.00388719,0.0265225,-64.8366,5695.2,-44.4804,-183.871,-0.0015567,0.0345213,-66.2223,2762.45,-21.5751,-89.1861,-0.00118882,0.0378406,-64.4423
6.449,237.508,-42.4752,22.1759,0.458386,4.63404,-2.55132,-0.239091,-0.0322746,0.00780652,3992.11,3,0.128057,0,0.08,-0.0416617,-0.0209394,0.000427377,-0.0021132,4898.19,-38.2585,-158.142,0.00250627,0.0470371,-66.2304,3097.42,-24.1932,-100.003,0.00391537,0.0265162,-64.8373,5695.23,-44.484,-183.875,-0.00155443,0.0344991,-66.224,2762.49,-21.5771,-89.1893,-0.00115995,0.0378381,-64.4425
6.459,237.624,-42.664,22.1761,0.458402,4.67483,-2.60553,-0.239173,-0.0322752,0.00780711,3992.15,3,0.128022,0,0.08,-0.0416711,-0.0209584,0.000425226,-0.00211487,4897.23,-38.2539,-158.114,0.00241322,0.0469862,-66.2313,3098.77,-24.2055,-100.048,0.00399534,0.0264901,-64.8374,5695.06,-44.486,-183.873,-0.00158313,0.0345135,-66.224,2763.06,-21.5832,-89.2095,-0.00107754,0.0378156,-64.4439
6.469,237.74,-42.8531,22.1763,0.458452,4.6509,-2.54095,-0.239125,-0.0322757,0.00780772,3992.18,3,0.128009,0,0.08,-0.0416651,-0.0209502,0.000425929,-0.00211444,4897.69,-38.2605,-158.131,0.00247952,0.0470136,-66.2319,3098.01,-24.2015,-100.025,0.00392751,0.0264917,-64.8381,5695.23,-44.4908,-183.882,-0.00154874,0.0345221,-66.2248,2762.55,-21.5809,-89.1944,-0.00115349,0.0378383,-64.4447
6.479,237.856,-43.0424,22.1766,0.458493,4.65229,-2.55304,-0.239085,-0.0322763,0.00780834,3992.22,3,0.127979,0,0.08,-0.0416822,-0.0209556,0.000424798,-0.00211567,4897.77,-38.2642,-158.137,0.00247783,0.0470318,-66.233,3097.96,-24.2031,-100.026,0.00394983,0.026507,-64.8383,5695.15,-44.4938,-183.882,-0.00157788,0.0345116,-66.226,2762.76,-21.5843,-89.2028,-0.00108968,0.0378229,-64.4449
6.489,237.971,-43.2321,22.1768,0.4585,4.66676,-2.56344,-0.239155,-0.032277,0.00780896,3992.26,3,0.127958,0,0.08,-0.041674,-0.0209542,0.000424192,-0.00211562,4897.97,-38.2687,-158.146,0.00247184,0.0470469,-66.2333,3098.04,-24.2056,-100.03,0.00395255,0.0265178,-64.8392,5695.53,-44.5002,-183.898,-0.00157881,0.0345142,-66.2263,2762.79,-21.5862,-89.2055,-0.00110421,0.0378265,-64.4454
6.499,238.085,-43.422,22.177,0.458515,4.67514,-2.53809,-0.23927,-0.0322777,0.00780954,3992.29,3,0.127943,0,0.08,-0.0416448,-0.0209366,0.000425123,-0.00211574,4898.22,-38.2736,-158.158,0.00249606,0.0470382,-66.2321,3097.59,-24.2038,-100.018,0.0039291,0.0265248,-64.8414,5695.31,-44.5019,-183.895,-0.00156246,0.0345273,-66.2264,2762.25,-21.5836,-89.1898,-0.00115917,0.0378429,-64.447
6.509,238.199,-43.6122,22.1772,0.458553,4.67396,-2.63852,-0.239254,-0.0322782,0.00781013,3992.33,3,0.127898,0,0.08,-0.0416413,-0.0209434,0.000424795,-0.00211561,4897.32,-38.2694,-158.132,0.00250697,0.0470074,-66.2364,3098.4,-24.2121,-100.046,0.00395159,0.0265047,-64.8384,5695.12,-44.5038,-183.892,-0.00159637,0.0345087,-66.2282,2763.1,-21.5919,-89.219,-0.00103142,0.0378132,-64.4462
6.519,238.313,-43.8026,22.1775,0.458637,4.66375,-2.42309,-0.239086,-0.0322787,0.00781073,3992.36,3,0.127915,0,0.08,-0.0416623,-0.0209528,0.000424819,-0.00211589,4898.4,-38.2808,-158.169,0.00253393,0.0470429,-66.2354,3097.2,-24.2045,-100.008,0.00384352,0.0265477,-64.8404,5695.42,-44.5095,-183.905,-0.00152336,0.0345345,-66.2285,2761.78,-21.5832,-89.1777,-0.0012401,0.0378594,-64.4474
6.529,238.426,-43.9934,22.1777,0.458663,4.68621,-2.44274,-0.239092,-0.0322793,0.00781134,3992.4,3,0.127885,0,0.08,-0.0416775,-0.0209595,0.000424635,-0.00211599,4898.03,-38.2809,-158.16,0.00247197,0.0470318,-66.2352,3097.76,-24.2108,-100.028,0.00392708,0.0265253,-64.842,5695.36,-44.5125,-183.906,-0.00157133,0.0345292,-66.2286,2762.11,-21.5875,-89.19,-0.00113837,0.0378481,-64.4489
6.539,238.539,-44.1844,22.1779,0.45867,4.69814,-2.49289,-0.239163,-0.0322799,0.00781195,3992.43,3,0.127851,0,0.08,-0.0416678,-0.0209604,0.000424954,-0.00211534,4897.99,-38.2836,-158.162,0.00247378,0.0470326,-66.2367,3097.96,-24.2143,-100.037,0.00394146,0.0265242,-64.8414,5695.38,-44.5161,-183.91,-0.00157185,0.0345211,-66.2306,2762.43,-21.5916,-89.2019,-0.00112747,0.0378406,-64.4473
6.549,238.651,-44.3756,22.1781,0.458717,4.72181,-2.45463,-0.23911,-0.0322806,0.00781253,3992.47,3,0.12783,0,0.08,-0.0416691,-0.020967,0.000425307,-0.00211499,4897.94,-38.286,-158.163,0.00243489,0.0470049,-66.2359,3098.26,-24.2184,-100.048,0.00396302,0.0265107,-64.8432,5695.44,-44.5199,-183.916,-0.00156845,0.0345187,-66.2303,2762.36,-21.5927,-89.2016,-0.00111814,0.0378263,-64.4496
6.559,238.763,-44.5672,22.1783,0.458745,4.71143,-2.44129,-0.239205,-0.0322812,0.00781312,3992.5,3,0.127814,0,0.08,-0.0416517,-0.0209556,0.000425509,-0.00211503,4898.15,-38.2905,-158.173,0.00248616,0.0470263,-66.2373,3097.8,-24.2166,-100.035,0.00390743,0.0265338,-64.843,5695.34,-44.5225,-183.916,-0.0015558,0.0345263,-66.2305,2762.22,-21.5933,-89.1989,-0.00115427,0.0378424,-64.4506
6.569,238.875,-44.759,22.1785,0.458794,4.71357,-2.45902,-0.239073,-0.032282,0.00781367,3992.54,3,0.12778,0,0.08,-0.0416759,-0.0209802,0.000426211,-0.00211323,4897.84,-38.2908,-158.167,0.0024348,0.0470144,-66.2374,3098.32,-24.2223,-100.054,0.00398004,0.0265154,-64.844,5694.04,-44.5155,-183.879,-0.00160011,0.0345135,-66.2309,2762.05,-21.5935,-89.1954,-0.00105174,0.0378239,-64.4515
6.579,238.986,-44.9511,22.1788,0.458817,4.71878,-2.40436,-0.239104,-0.0322825,0.00781431,3992.58,3,0.127772,0,0.08,-0.0416718,-0.020973,0.000424795,-0.00211568,4898.22,-38.2969,-158.182,0.00249303,0.0470359,-66.2387,3097.78,-24.2201,-100.039,0.0039008,0.0265458,-64.844,5695.51,-44.5306,-183.929,-0.00155676,0.0345295,-66.2323,2761.98,-21.5946,-89.1947,-0.00115938,0.0378486,-64.451
6.589,239.096,-45.1434,22.179,0.458917,4.6641,-2.33326,-0.238906,-0.0322832,0.00781489,3992.6,3,0.127747,0,0.08,-0.0416708,-0.0209776,0.000425314,-0.00211547,4898.3,-38.3004,-158.188,0.00246066,0.0470104,-66.2372,3097.93,-24.2231,-100.046,0.00394113,0.0265038,-64.8465,5695.52,-44.5339,-183.934,-0.00156586,0.0345391,-66.232,2761.92,-21.5958,-89.1947,-0.00113989,0.0378657,-64.4531
6.599,239.206,-45.3361,22.1792,0.45884,4.75474,-2.4684,-0.239269,-0.0322838,0.00781548,3992.63,3,0.12772,0,0.08,-0.0416315,-0.0209466,0.000424725,-0.00211597,4898.11,-38.3018,-158.184,0.00245876,0.0470075,-66.239,3098.09,-24.2262,-100.053,0.00394369,0.0265297,-64.8458,5695.48,-44.537,-183.935,-0.00158383,0.0345268,-66.2332,2762.13,-21.5991,-89.2029,-0.00109939,0.0378428,-64.4525
6.609,239.316,-45.5289,22.1794,0.458937,4.70774,-2.35887,-0.239053,-0.0322843,0.00781606,3992.67,3,0.127708,0,0.08,-0.0416582,-0.0209696,0.00042502,-0.00211548,4898.45,-38.3073,-158.198,0.00250599,0.0470347,-66.2417,3097.47,-24.2231,-100.034,0.00387316,0.0265533,-64.8443,5695.51,-44.5405,-183.939,-0.00156043,0.0345366,-66.2345,2761.89,-21.5988,-89.1965,-0.00114906,0.0378527,-64.4526
6.619,239.425,-45.7221,22.1796,0.458949,4.73605,-2.38581,-0.239128,-0.0322847,0.00781664,3992.71,3,0.127683,0,0.08,-0.0416657,-0.020967,0.00042512,-0.00211567,4898.17,-38.308,-158.191,0.00245798,0.0470301,-66.2404,3098.04,-24.2294,-100.054,0.00393012,0.0265375,-64.8468,5695.52,-44.5439,-183.942,-0.00157324,0.0345328,-66.2342,2761.93,-21.6007,-89.1993,-0.00111258,0.0378478,-64.4547
6.629,239.533,-45.9155,22.1798,0.458951,4.74959,-2.472,-0.239248,-0.0322853,0.00781724,3992.74,3,0.12764,0,0.08,-0.0416629,-0.0209685,0.000424686,-0.00211606,4898.18,-38.311,-158.194,0.0024269,0.0470389,-66.2411,3098.77,-24.2369,-100.079,0.00400907,0.0265138,-64.8471,5695.28,-44.5455,-183.938,-0.00160118,0.0345225,-66.235,2762.39,-21.606,-89.2156,-0.00102481,0.0378284,-64.4545
6.639,239.642,-46.1092,22.18,0.45897,4.82203,-2.43669,-0.239133,-0.0322859,0.00781782,3992.77,3,0.127631,0,0.08,-0.0416506,-0.0209673,0.00042509,-0.0021153,4897.82,-38.3111,-158.186,0.00240636,0.046996,-66.2417,3098.79,-24.2389,-100.082,0.00398753,0.026509,-64.8475,5695.54,-44.5508,-183.95,-0.00156553,0.0344955,-66.2362,2762.25,-21.6065,-89.2128,-0.00109021,0.0378182,-64.4549
6.649,239.749,-46.3031,22.1802,0.458992,4.77158,-2.39441,-0.239371,-0.0322864,0.00781838,3992.8,3,0.127622,0,0.08,-0.0416108,-0.0209374,0.000424517,-0.00211643,4898.28,-38.3174,-158.203,0.0024464,0.0470166,-66.2415,3097.87,-24.2334,-100.054,0.00393091,0.0265403,-64.8487,5695.74,-44.5556,-183.959,-0.00156956,0.0345496,-66.2365,2761.71,-21.6038,-89.1966,-0.00113156,0.0378632,-64.4558
6.659,239.857,-46.4973,22.1804,0.459058,4.77054,-2.41806,-0.239197,-0.0322869,0.00781896,3992.84,3,0.127585,0,0.08,-0.0416366,-0.0209522,0.000424925,-0.0021161,4897.77,-38.3162,-158.189,0.00245043,0.04699,-66.2433,3098.37,-24.2391,-100.072,0.00395078,0.0265169,-64.8481,5695.51,-44.5571,-183.955,-0.00160056,0.0345257,-66.2372,2762.17,-21.609,-89.213,-0.00103442,0.0378329,-64.4559
6.669,239.963,-46.6917,22.1806,0.459119,4.73871,-2.28042,-0.239105,-0.0322875,0.00781953,3992.87,3,0.127592,0,0.08,-0.041662,-0.02097,0.000424866,-0.00211599,4898.53,-38.325,-158.216,0.0024942,0.0470718,-66.2441,3097.47,-24.2339,-100.044,0.00385476,0.0265885,-64.8484,5695.64,-44.5614,-183.962,-0.00155373,0.0345455,-66.2381,2761.49,-21.6053,-89.1926,-0.00116987,0.0378663,-64.4562
6.679,240.07,-46.8864,22.1808,0.459096,4.78758,-2.39225,-0.239279,-0.032288,0.0078201,3992.9,3,0.127548,0,0.08,-0.041647,-0.0209597,0.000424492,-0.00211654,4898.35,-38.3264,-158.213,0.00243481,0.0470302,-66.2441,3098.22,-24.2415,-100.07,0.0039562,0.0265379,-64.8494,5695.6,-44.5643,-183.963,-0.00159019,0.0345316,-66.2388,2762.05,-21.6112,-89.2119,-0.00105047,0.0378407,-64.457
6.689,240.176,-47.0814,22.1811,0.459214,4.73685,-2.26517,-0.23898,-0.0322887,0.00782065,3992.93,3,0.127539,0,0.08,-0.0416578,-0.0209836,0.000426208,-0.00211748,4898.29,-38.3285,-158.214,0.00244276,0.047005,-66.2441,3097.91,-24.2408,-100.062,0.00392607,0.0265312,-64.8505,5695.7,-44.5682,-183.97,-0.00156599,0.0345416,-66.2393,2761.63,-21.6094,-89.2002,-0.0011255,0.037857,-64.4579
6.699,240.281,-47.2766,22.1813,0.459209,4.73124,-2.21277,-0.239115,-0.032289,0.0078212,3992.97,3,0.127535,0,0.08,-0.0416126,-0.0209433,0.000424613,-0.00211645,4899.38,-38.3398,-158.251,0.00256313,0.0470577,-66.2459,3096.53,-24.2317,-100.019,0.00379134,0.0265845,-64.8497,5695.87,-44.5726,-183.978,-0.00153759,0.0345649,-66.2399,2760.94,-21.6056,-89.179,-0.0012308,0.0378899,-64.4581
6.709,240.386,-47.4721,22.1815,0.459249,4.75341,-2.23259,-0.239081,-0.0322894,0.00782175,3993,3,0.127504,0,0.08,-0.0416557,-0.0209808,0.000424549,-0.00211622,4898.36,-38.3345,-158.22,0.00246351,0.0470392,-66.2453,3097.84,-24.2436,-100.062,0.00390081,0.026554,-64.8514,5695.88,-44.5758,-183.981,-0.00154387,0.0345572,-66.24,2761.3,-21.6099,-89.192,-0.00117399,0.0378737,-64.4596
6.719,240.49,-47.6678,22.1817,0.459257,4.78908,-2.2662,-0.239111,-0.0322899,0.0078223,3993.03,3,0.127473,0,0.08,-0.0416582,-0.0209811,0.000425056,-0.00211569,4898.5,-38.3383,-158.227,0.00244918,0.0470418,-66.2462,3097.94,-24.2461,-100.067,0.00392329,0.0265602,-64.8515,5695.68,-44.5774,-183.977,-0.001588,0.0345415,-66.2406,2761.71,-21.6147,-89.2064,-0.00108583,0.0378546,-64.4597
6.729,240.594,-47.8637,22.1818,0.459222,4.82852,-2.33314,-0.23935,-0.0322904,0.00782287,3993.06,3,0.127454,0,0.08,-0.0416346,-0.0209612,0.000424737,-0.00211637,4898.48,-38.3409,-158.229,0.00244443,0.0470354,-66.2471,3097.99,-24.2483,-100.07,0.00392676,0.0265654,-64.8517,5695.71,-44.5809,-183.981,-0.00158126,0.0345419,-66.2419,2761.67,-21.6159,-89.2065,-0.00109655,0.0378538,-64.4594
6.739,240.698,-48.06,22.182,0.459263,4.85109,-2.30174,-0.239257,-0.0322911,0.00782341,3993.09,3,0.127435,0,0.08,-0.0416253,-0.0209625,0.000424735,-0.00211621,4898.22,-38.3416,-158.224,0.00244215,0.0469967,-66.2465,3098.13,-24.2511,-100.077,0.00392433,0.0265536,-64.8533,5695.84,-44.5851,-183.989,-0.00157994,0.0345405,-66.2422,2761.46,-21.6158,-89.2017,-0.001098,0.0378548,-64.4612
6.749,240.801,-48.2564,22.1822,0.459299,4.83833,-2.27709,-0.239275,-0.0322916,0.00782398,3993.12,3,0.127422,0,0.08,-0.0416151,-0.0209513,0.000424485,-0.00211665,4898.77,-38.3487,-158.244,0.00251051,0.0470344,-66.2485,3097.36,-24.2468,-100.053,0.0038486,0.026579,-64.8523,5696.01,-44.5896,-183.997,-0.00156121,0.0345244,-66.2428,2761.11,-21.6145,-89.1916,-0.00115466,0.0378633,-64.4609
6.759,240.904,-48.4531,22.1824,0.459354,4.81156,-2.2713,-0.239191,-0.0322923,0.00782453,3993.16,3,0.127391,0,0.08,-0.0416537,-0.0209856,0.000424897,-0.00211592,4898.46,-38.3489,-158.237,0.00244058,0.0470334,-66.2486,3098,-24.2536,-100.076,0.00393334,0.0265666,-64.8532,5695.76,-44.5909,-183.993,-0.00159378,0.0345426,-66.2435,2761.64,-21.6203,-89.2106,-0.00106508,0.0378536,-64.4613
6.769,241.006,-48.6501,22.1826,0.459354,4.82445,-2.20591,-0.239299,-0.0322928,0.00782511,3993.19,3,0.127403,0,0.08,-0.0416462,-0.0209621,0.00042396,-0.00211756,4898.79,-38.3544,-158.251,0.00249061,0.0470498,-66.249,3097.06,-24.248,-100.047,0.00382651,0.026609,-64.854,5696.05,-44.5964,-184.005,-0.00153544,0.0345671,-66.2442,2760.57,-21.6135,-89.1775,-0.00123438,0.0378931,-64.4624
6.779,241.107,-48.8473,22.1828,0.459374,4.84173,-2.22205,-0.239321,-0.0322935,0.00782565,3993.22,3,0.127365,0,0.08,-0.0416277,-0.0209683,0.000424605,-0.00211651,4898.8,-38.3571,-158.254,0.00246185,0.047042,-66.2484,3097.62,-24.254,-100.068,0.00389188,0.026585,-64.8555,5695.89,-44.5982,-184.004,-0.0015613,0.034558,-66.2442,2760.99,-21.6183,-89.193,-0.00115783,0.0378774,-64.4632
6.789,241.209,-49.0448,22.183,0.459515,4.76109,-2.12767,-0.238975,-0.0322941,0.0078262,3993.25,3,0.127347,0,0.08,-0.0416391,-0.0209873,0.000422042,-0.0021183,4898.87,-38.3603,-158.259,0.00243303,0.0470159,-66.2499,3097.59,-24.2555,-100.069,0.00389345,0.0265669,-64.8549,5695.85,-44.601,-184.006,-0.00157502,0.0345547,-66.2452,2760.96,-21.6195,-89.1937,-0.00113358,0.0378707,-64.4632
6.799,241.309,-49.2425,22.1832,0.459446,4.86325,-2.24746,-0.239275,-0.0322945,0.00782674,3993.28,3,0.127315,0,0.08,-0.0416328,-0.020974,0.000424325,-0.00211659,4898.4,-38.3593,-158.246,0.00245188,0.0470175,-66.2511,3098.12,-24.2613,-100.087,0.00390959,0.0265744,-64.8549,5695.86,-44.6042,-184.009,-0.00157851,0.0345469,-66.2457,2761.36,-21.6242,-89.2078,-0.00110045,0.0378609,-64.4638
6.809,241.41,-49.4404,22.1834,0.459506,4.81002,-2.17659,-0.239281,-0.0322949,0.0078273,3993.31,3,0.127304,0,0.08,-0.0416494,-0.0209855,0.000424633,-0.00211648,4898.7,-38.3644,-158.258,0.00244967,0.0470505,-66.2511,3097.69,-24.2597,-100.074,0.00390534,0.0265991,-64.856,5695.89,-44.6076,-184.012,-0.00158111,0.0345769,-66.246,2761.05,-21.6233,-89.199,-0.00112594,0.0378882,-64.4652
6.819,241.509,-49.6386,22.1836,0.459506,4.85193,-2.16826,-0.239279,-0.0322954,0.00782785,3993.34,3,0.12729,0,0.08,-0.0416399,-0.0209771,0.000424381,-0.00211684,4898.78,-38.3677,-158.263,0.00248127,0.0470464,-66.2514,3097.76,-24.2619,-100.078,0.0038609,0.0265905,-64.8566,5696.01,-44.6116,-184.019,-0.0015488,0.0345635,-66.2467,2760.81,-21.6229,-89.1923,-0.00117898,0.0378847,-64.4654
6.829,241.609,-49.837,22.1838,0.459576,4.82687,-2.13836,-0.23923,-0.032296,0.00782838,3993.37,3,0.127264,0,0.08,-0.0416386,-0.0209903,0.000421159,-0.0021234,4898.77,-38.3702,-158.266,0.00244589,0.0470309,-66.2518,3097.84,-24.2642,-100.083,0.00389771,0.0265837,-64.8571,5696,-44.6146,-184.022,-0.0015661,0.0345598,-66.2476,2761,-21.6258,-89.2001,-0.00112888,0.0378763,-64.4655
6.839,241.707,-50.0356,22.184,0.459572,4.85735,-2.12614,-0.239254,-0.0322965,0.00782892,3993.4,3,0.127251,0,0.08,-0.0416141,-0.0209685,0.00042361,-0.00211684,4898.74,-38.3727,-158.267,0.00240956,0.0470164,-66.2506,3097.87,-24.2661,-100.085,0.00391598,0.0265747,-64.8592,5696.05,-44.6181,-184.027,-0.00156702,0.0345736,-66.2475,2760.76,-21.6255,-89.194,-0.00114607,0.0378856,-64.467
6.849,241.806,-50.2345,22.1841,0.459568,4.8951,-2.1973,-0.239383,-0.0322969,0.00782946,3993.43,3,0.127225,0,0.08,-0.0416249,-0.0209682,0.000424677,-0.00211651,4898.53,-38.3736,-158.262,0.00243574,0.0470291,-66.2535,3098.04,-24.2691,-100.092,0.00390398,0.0265894,-64.8574,5696.07,-44.6213,-184.029,-0.0015788,0.0345594,-66.2486,2760.95,-21.6284,-89.2009,-0.00111727,0.0378782,-64.4661
6.859,241.904,-50.4337,22.1843,0.45965,4.86466,-2.11033,-0.239189,-0.0322974,0.00783,3993.46,3,0.127207,0,0.08,-0.0416449,-0.0209852,0.000424626,-0.00211665,4898.75,-38.378,-158.272,0.00244109,0.0470453,-66.2534,3097.94,-24.27,-100.09,0.00390104,0.0265829,-64.8586,5696.05,-44.6243,-184.031,-0.00157306,0.0345579,-66.2485,2760.87,-21.6294,-89.1999,-0.00111114,0.0378744,-64.468
6.869,242.001,-50.633,22.1845,0.459689,4.87974,-2.09811,-0.239139,-0.0322979,0.00783053,3993.49,3,0.127183,0,0.08,-0.041646,-0.021001,0.000425338,-0.0021158,4898.71,-38.3803,-158.273,0.00242594,0.047038,-66.254,3098.17,-24.2735,-100.099,0.00392559,0.0265821,-64.8588,5695.96,-44.6265,-184.031,-0.00157431,0.0345407,-66.25,2761,-21.6318,-89.2055,-0.00109,0.0378618,-64.4677
6.879,242.098,-50.8326,22.1847,0.459693,4.87189,-2.09188,-0.239277,-0.0322984,0.00783105,3993.52,3,0.12717,0,0.08,-0.0416111,-0.0209733,0.000423178,-0.00211869,4898.89,-38.3842,-158.281,0.00243802,0.0470208,-66.2536,3097.79,-24.2721,-100.088,0.00389153,0.0265867,-64.8601,5696.07,-44.6304,-184.038,-0.00157258,0.0345688,-66.2499,2760.75,-21.6313,-89.199,-0.00112928,0.0378907,-64.4687
6.889,242.194,-51.0325,22.1849,0.459781,4.77932,-1.89174,-0.239079,-0.0322987,0.00783158,3993.54,3,0.127186,0,0.08,-0.0415834,-0.0209429,0.000424546,-0.00211715,4900.59,-38.4001,-158.338,0.00257895,0.0470854,-66.2568,3095.3,-24.2542,-100.009,0.00368735,0.0266466,-64.858,5696.4,-44.636,-184.051,-0.00148793,0.0346074,-66.2509,2759.48,-21.6228,-89.1589,-0.00135038,0.0379395,-64.4682
6.899,242.29,-51.2325,22.1851,0.459756,4.88339,-2.00689,-0.23924,-0.032299,0.00783211,3993.58,3,0.127158,0,0.08,-0.0416188,-0.020958,0.000424249,-0.00211742,4899.14,-38.3914,-158.292,0.00249816,0.0470497,-66.256,3096.82,-24.2678,-100.059,0.00378571,0.0266295,-64.8598,5696.25,-44.6379,-184.047,-0.00152751,0.0345819,-66.2513,2760.02,-21.6285,-89.177,-0.001254,0.0379115,-64.4695
6.909,242.386,-51.4328,22.1853,0.45978,4.90118,-2.05304,-0.239163,-0.0322993,0.00783261,3993.61,3,0.127114,0,0.08,-0.0416416,-0.0209943,0.00042222,-0.00211757,4898.87,-38.3918,-158.285,0.00244561,0.0470459,-66.2561,3097.9,-24.2778,-100.095,0.00387964,0.0266019,-64.8605,5696.07,-44.6393,-184.043,-0.00157177,0.0345643,-66.2516,2760.74,-21.6355,-89.201,-0.00112306,0.0378833,-64.4699
6.919,242.481,-51.6333,22.1854,0.459787,4.89847,-2.04007,-0.239288,-0.0322997,0.00783312,3993.63,3,0.127101,0,0.08,-0.0416186,-0.0209819,0.000424501,-0.00211696,4899.17,-38.3965,-158.297,0.00247289,0.047069,-66.2562,3097.34,-24.275,-100.078,0.00385195,0.0266286,-64.8613,5696.19,-44.6431,-184.049,-0.00155112,0.0345668,-66.2529,2760.48,-21.6349,-89.1938,-0.0011663,0.0378904,-64.4704
6.929,242.575,-51.8341,22.1856,0.459821,4.95103,-2.01912,-0.239217,-0.0323003,0.00783362,3993.66,3,0.127089,0,0.08,-0.0416152,-0.0209859,0.000424116,-0.00211692,4898.78,-38.396,-158.287,0.00234296,0.0469996,-66.2571,3098.09,-24.2824,-100.104,0.00391532,0.026587,-64.8614,5696.15,-44.6457,-184.051,-0.00156205,0.0345608,-66.2533,2760.61,-21.6373,-89.1994,-0.00114651,0.0378723,-64.4706
6.939,242.669,-52.0351,22.1858,0.459889,4.86677,-1.92856,-0.239111,-0.0323008,0.00783413,3993.69,3,0.127071,0,0.08,-0.0416285,-0.0209924,0.000425841,-0.00211517,4899.27,-38.4023,-158.305,0.00247457,0.0470503,-66.2559,3097.19,-24.277,-100.077,0.00384376,0.0266234,-64.8636,5696.36,-44.6503,-184.061,-0.00155362,0.0345873,-66.2528,2760.04,-21.6343,-89.1826,-0.00119096,0.037911,-64.4725
6.949,242.763,-52.2363,22.186,0.459914,4.87651,-2.00034,-0.239195,-0.0323011,0.00783466,3993.72,3,0.127039,0,0.08,-0.0416221,-0.0209612,0.00042443,-0.00211733,4898.98,-38.4027,-158.297,0.0024592,0.0470278,-66.2583,3097.46,-24.2807,-100.086,0.00383948,0.0265863,-64.8622,5696.09,-44.6512,-184.054,-0.00158017,0.0345708,-66.2534,2760.8,-21.6416,-89.2077,-0.00110249,0.0378833,-64.472
6.959,242.856,-52.4377,22.1861,0.459886,4.95101,-2.09085,-0.23932,-0.0323016,0.00783516,3993.75,3,0.127005,0,0.08,-0.0416353,-0.0209984,0.000426371,-0.00211646,4898.79,-38.4036,-158.294,0.0024252,0.0470282,-66.2574,3098.85,-24.2932,-100.133,0.00394799,0.0265735,-64.8641,5696.1,-44.6541,-184.057,-0.00157887,0.0345471,-66.2529,2760.82,-21.6432,-89.2099,-0.00107142,0.0378733,-64.4743
6.969,242.949,-52.6394,22.1863,0.459913,4.93759,-2.0053,-0.239339,-0.032302,0.00783566,3993.78,3,0.127003,0,0.08,-0.0416083,-0.0209836,0.000423263,-0.00211849,4898.93,-38.4071,-158.3,0.00241819,0.0470256,-66.2584,3097.97,-24.2878,-100.106,0.00389316,0.0266059,-64.8638,5696.25,-44.6581,-184.065,-0.00157285,0.0345763,-66.2547,2760.54,-21.6424,-89.2023,-0.00111625,0.0378938,-64.4732
6.979,243.041,-52.8412,22.1865,0.45991,5.03415,-2.0732,-0.23951,-0.0323026,0.00783614,3993.8,3,0.126976,0,0.08,-0.0415989,-0.0209796,0.000424451,-0.0021171,4897.36,-38.3972,-158.252,0.0022245,0.0469212,-66.2579,3099.91,-24.3045,-100.17,0.00407411,0.0265388,-64.8653,5696.16,-44.6601,-184.065,-0.00160787,0.0345997,-66.2548,2760.83,-21.646,-89.2131,-0.0010354,0.0378359,-64.4743
6.989,243.132,-53.0433,22.1867,0.459983,4.91871,-1.93009,-0.239223,-0.0323029,0.00783666,3993.83,3,0.126982,0,0.08,-0.0416058,-0.0209706,0.000424631,-0.00211689,4899.46,-38.4162,-158.322,0.00247416,0.0470459,-66.2611,3096.94,-24.2828,-100.075,0.00380964,0.0266381,-64.8631,5696.46,-44.6654,-184.076,-0.00157781,0.0345863,-66.2563,2759.98,-21.6408,-89.1865,-0.00116437,0.0379114,-64.4733
6.999,243.224,-53.2457,22.1868,0.460003,4.93785,-1.95802,-0.239282,-0.0323033,0.00783717,3993.86,3,0.126959,0,0.08,-0.0416303,-0.0209885,0.000422459,-0.00211933,4899,-38.4151,-158.309,0.00244825,0.0470467,-66.2607,3097.69,-24.2903,-100.1,0.00384873,0.0266275,-64.8645,5696.38,-44.6677,-184.076,-0.00155155,0.0345808,-66.2569,2760.14,-21.6434,-89.1926,-0.00117773,0.0379026,-64.4741
7.009,243.314,-53.4482,22.187,0.460007,4.96981,-1.99579,-0.239307,-0.0323037,0.00783766,3993.89,3,0.126925,0,0.08,-0.0416274,-0.0210021,0.000424503,-0.00211693,4898.64,-38.4147,-158.299,0.00237308,0.0470638,-66.2603,3098.89,-24.3012,-100.141,0.00394791,0.0266044,-64.8657,5696.26,-44.6695,-184.074,-0.0016208,0.0345637,-66.2571,2760.78,-21.6498,-89.2146,-0.00101036,0.0378756,-64.4755
7.019,243.405,-53.651,22.1872,0.460062,4.9264,-1.90965,-0.239217,-0.0323042,0.00783815,3993.91,3,0.126914,0,0.08,-0.0416182,-0.0209996,0.000424638,-0.00211671,4899.51,-38.4239,-158.33,0.00248653,0.0470571,-66.2617,3097.44,-24.2914,-100.095,0.00384057,0.0266408,-64.8651,5696.37,-44.6732,-184.081,-0.00155818,0.034581,-66.2584,2760.19,-21.6465,-89.197,-0.0011545,0.0378991,-64.4747
7.029,243.494,-53.8539,22.1874,0.460099,4.92894,-1.88302,-0.239151,-0.0323047,0.00783865,3993.94,3,0.126902,0,0.08,-0.0416039,-0.0209873,0.00042675,-0.0021145,4899.27,-38.4245,-158.324,0.00245104,0.0470172,-66.261,3097.5,-24.2933,-100.098,0.00384007,0.026612,-64.8666,5696.41,-44.6764,-184.085,-0.00155487,0.034584,-66.2578,2760.04,-21.6467,-89.1934,-0.00116264,0.0379058,-64.4765
7.039,243.583,-54.0571,22.1876,0.460109,4.9793,-1.89932,-0.239276,-0.0323051,0.00783915,3993.97,3,0.126879,0,0.08,-0.0416284,-0.021004,0.000424437,-0.00211692,4898.57,-38.4214,-158.304,0.0024022,0.0470064,-66.2633,3098.5,-24.3028,-100.132,0.00389467,0.0265982,-64.8654,5696.38,-44.679,-184.086,-0.00157355,0.0345766,-66.2592,2760.3,-21.6501,-89.2026,-0.00111299,0.0378957,-64.4756
7.049,243.672,-54.2605,22.1877,0.460104,4.96152,-1.8984,-0.239364,-0.0323054,0.00783968,3994.01,3,0.126884,0,0.08,-0.0416243,-0.020971,0.000423837,-0.00211832,4899.24,-38.4293,-158.327,0.00245169,0.0470487,-66.2632,3097.16,-24.2939,-100.09,0.00380805,0.0266509,-64.8665,5696.52,-44.6831,-184.092,-0.00153863,0.0345936,-66.2596,2759.62,-21.6463,-89.1816,-0.00121718,0.0379209,-64.4771
7.059,243.76,-54.4641,22.1879,0.460177,4.93124,-1.81149,-0.239171,-0.0323059,0.00784016,3994.03,3,0.126858,0,0.08,-0.0416228,-0.0210075,0.000424171,-0.00211738,4899.4,-38.433,-158.335,0.00246541,0.0470591,-66.2635,3097.57,-24.2986,-100.104,0.00381657,0.0266417,-64.8668,5696.42,-44.6851,-184.092,-0.00155839,0.0345943,-66.2606,2759.71,-21.6483,-89.1858,-0.00118814,0.0379199,-64.4765
7.069,243.848,-54.668,22.188,0.460139,4.99222,-1.85663,-0.239411,-0.0323063,0.00784064,3994.05,3,0.126844,0,0.08,-0.0415783,-0.0209799,0.000424384,-0.00211742,4899.52,-38.4362,-158.34,0.00241318,0.0470385,-66.2629,3097.54,-24.2999,-100.105,0.00382907,0.0266402,-64.8681,5696.54,-44.6887,-184.098,-0.00155008,0.0345925,-66.2599,2759.76,-21.65,-89.1886,-0.00119394,0.0379159,-64.4781
7.079,243.935,-54.872,22.1882,0.460144,5.02301,-1.91147,-0.23945,-0.0323068,0.00784112,3994.08,3,0.126813,0,0.08,-0.0415927,-0.0209822,0.000424604,-0.00211709,4899.25,-38.4365,-158.334,0.0024413,0.0470447,-66.2648,3097.77,-24.3031,-100.114,0.00384707,0.0266454,-64.8673,5696.47,-44.6909,-184.099,-0.00156162,0.0345823,-66.2612,2760.02,-21.6534,-89.1983,-0.00113746,0.0378984,-64.478
7.089,244.022,-55.0762,22.1883,0.460207,4.98346,-1.85352,-0.239344,-0.032307,0.00784163,3994.11,3,0.12681,0,0.08,-0.0416038,-0.0209644,0.000424227,-0.00211777,4899.35,-38.4397,-158.338,0.00244924,0.0470403,-66.2654,3097.23,-24.3005,-100.097,0.00380575,0.02664,-64.8677,5696.51,-44.6942,-184.101,-0.00154284,0.0345922,-66.2623,2759.66,-21.652,-89.1875,-0.00119471,0.0379163,-64.4781
7.099,244.109,-55.2807,22.1886,0.460254,4.98217,-1.7993,-0.239236,-0.0323075,0.0078421,3994.13,3,0.126789,0,0.08,-0.0416245,-0.0210047,0.000424688,-0.00211693,4899.27,-38.4414,-158.338,0.00245059,0.0470497,-66.2649,3097.67,-24.3054,-100.113,0.00383179,0.0266444,-64.8692,5696.57,-44.6973,-184.106,-0.00153835,0.0345926,-66.2616,2759.61,-21.6529,-89.1872,-0.00119514,0.0379176,-64.4801
7.109,244.194,-55.4854,22.1887,0.460272,4.97758,-1.77426,-0.239279,-0.032308,0.00784257,3994.16,3,0.126777,0,0.08,-0.0416101,-0.0210062,0.000424315,-0.00211764,4899.04,-38.4419,-158.333,0.00244238,0.0470583,-66.2646,3097.55,-24.306,-100.11,0.00381216,0.026652,-64.8701,5696.65,-44.7007,-184.111,-0.00154246,0.0345976,-66.2622,2759.47,-21.6531,-89.1838,-0.00120646,0.0379242,-64.4804
7.119,244.28,-55.6902,22.1889,0.460343,4.92419,-1.72723,-0.239182,-0.0323084,0.00784304,3994.18,3,0.126756,0,0.08,-0.0415973,-0.0210003,0.00042388,-0.00211884,4900.03,-38.452,-158.367,0.00250071,0.0470511,-66.2645,3096.88,-24.3021,-100.09,0.00378037,0.0266536,-64.8709,5696.71,-44.7037,-184.116,-0.00153956,0.0346048,-66.2619,2759.29,-21.653,-89.1794,-0.00122506,0.0379314,-64.4812
7.129,244.364,-55.8953,22.1891,0.460385,4.93674,-1.79244,-0.239076,-0.0323089,0.00784352,3994.21,3,0.126716,0,0.08,-0.0416098,-0.0210036,0.000424519,-0.00211686,4899,-38.4463,-158.337,0.00246264,0.0470133,-66.2667,3097.86,-24.3113,-100.123,0.00384248,0.0266069,-64.8697,5696.4,-44.7041,-184.109,-0.00158523,0.0345837,-66.2635,2760.24,-21.6617,-89.2115,-0.00107012,0.0378963,-64.4803
7.139,244.449,-56.1006,22.1891,0.460314,5.01574,-1.85422,-0.239422,-0.0323092,0.00784402,3994.24,3,0.126713,0,0.08,-0.0416115,-0.0209784,0.000424197,-0.00211784,4899.25,-38.4507,-158.346,0.00242088,0.0470427,-66.2669,3098.02,-24.3141,-100.129,0.00386798,0.0266347,-64.8706,5696.65,-44.7089,-184.118,-0.00156686,0.0345921,-66.2637,2759.7,-21.6589,-89.1947,-0.00113793,0.0379103,-64.4811
7.149,244.533,-56.3061,22.1894,0.460393,4.99422,-1.70307,-0.239189,-0.0323097,0.00784447,3994.27,3,0.126707,0,0.08,-0.0416196,-0.0210075,0.000424692,-0.00211695,4899.48,-38.4547,-158.355,0.00246003,0.0470473,-66.2677,3097.32,-24.31,-100.108,0.00379358,0.026656,-64.8704,5696.67,-44.7117,-184.122,-0.0015393,0.0345991,-66.2652,2759.4,-21.6578,-89.1863,-0.00119028,0.0379246,-64.481
7.159,244.616,-56.5118,22.1895,0.460372,5.04774,-1.8292,-0.239385,-0.0323101,0.00784494,3994.29,3,0.126667,0,0.08,-0.0416041,-0.0210108,0.000424585,-0.00211701,4898.82,-38.4518,-158.336,0.00235038,0.0470113,-66.2676,3098.3,-24.3192,-100.141,0.00393058,0.0266352,-64.8713,5696.52,-44.7131,-184.119,-0.00160282,0.0345787,-66.2654,2760.24,-21.6657,-89.2147,-0.0010279,0.0378895,-64.4817
7.169,244.699,-56.7177,22.1897,0.46049,4.94734,-1.71192,-0.239047,-0.0323106,0.00784539,3994.31,3,0.126661,0,0.08,-0.0416066,-0.0210156,0.00042478,-0.00211685,4899.44,-38.4589,-158.359,0.00244634,0.0470065,-66.2671,3097.52,-24.3145,-100.118,0.00383047,0.0266337,-64.8725,5696.7,-44.7171,-184.128,-0.00156958,0.034597,-66.265,2759.54,-21.6615,-89.1936,-0.00114046,0.0379178,-64.4829
7.179,244.781,-56.9237,22.1899,0.460474,5.00189,-1.72451,-0.239136,-0.0323109,0.00784588,3994.34,3,0.12664,0,0.08,-0.0416042,-0.0209996,0.000426683,-0.00211468,4899.31,-38.4603,-158.356,0.00243152,0.0470252,-66.2693,3097.78,-24.318,-100.127,0.00384232,0.0266322,-64.8714,5696.43,-44.7177,-184.121,-0.00159823,0.0345834,-66.2657,2759.84,-21.6651,-89.204,-0.00106315,0.0379018,-64.4828
7.189,244.863,-57.13,22.1901,0.46051,5.00697,-1.65018,-0.239173,-0.0323111,0.00784634,3994.37,3,0.126639,0,0.08,-0.0416191,-0.021011,0.000424617,-0.00211701,4899.34,-38.4628,-158.358,0.00243664,0.0470427,-66.2689,3097.58,-24.3179,-100.121,0.00381824,0.0266439,-64.8727,5696.68,-44.7224,-184.13,-0.00154693,0.0346017,-66.2661,2759.32,-21.6623,-89.1877,-0.00118503,0.0379266,-64.4836
7.199,244.945,-57.3365,22.1902,0.460533,4.99947,-1.67494,-0.239293,-0.0323114,0.00784682,3994.39,3,0.126619,0,0.08,-0.0416125,-0.0210139,0.000427996,-0.00211542,4899.55,-38.4668,-158.366,0.00243608,0.0470444,-66.2694,3097.68,-24.3201,-100.125,0.00383694,0.0266604,-64.873,5696.68,-44.7251,-184.132,-0.0015583,0.034602,-66.267,2759.41,-21.6643,-89.1914,-0.0011648,0.0379246,-64.4839
7.209,245.025,-57.5432,22.1903,0.46049,5.07629,-1.73836,-0.239422,-0.0323118,0.00784725,3994.41,3,0.126592,0,0.08,-0.0415858,-0.0210064,0.000424526,-0.00211736,4899.13,-38.4656,-158.355,0.00238044,0.047019,-66.2697,3098.11,-24.3248,-100.14,0.00386963,0.0266508,-64.8733,5696.67,-44.7274,-184.133,-0.00156957,0.0345884,-66.2672,2759.76,-21.6683,-89.2039,-0.00111646,0.0379113,-64.4842
7.219,245.106,-57.75,22.1905,0.460533,5.04835,-1.71608,-0.239369,-0.0323122,0.00784769,3994.44,3,0.126573,0,0.08,-0.0415884,-0.0210024,0.000424371,-0.00211742,4899.35,-38.4694,-158.364,0.00240804,0.0470282,-66.2702,3097.89,-24.3245,-100.135,0.00386037,0.0266514,-64.8737,5696.67,-44.7299,-184.136,-0.00156366,0.0345953,-66.2681,2759.63,-21.6685,-89.2008,-0.00112798,0.0379081,-64.4846
7.229,245.186,-57.9571,22.1906,0.46056,5.06979,-1.70524,-0.239274,-0.0323127,0.00784815,3994.46,3,0.126564,0,0.08,-0.0416133,-0.0210196,0.000426286,-0.00211522,4899.32,-38.4715,-158.365,0.00237875,0.0470268,-66.2714,3098.12,-24.3277,-100.143,0.00388431,0.0266404,-64.8735,5696.82,-44.7338,-184.144,-0.00155734,0.0345954,-66.2681,2759.39,-21.6678,-89.1943,-0.00114477,0.037915,-64.4853
7.239,245.265,-58.1644,22.1908,0.460597,5.04488,-1.72028,-0.239325,-0.0323132,0.00784861,3994.5,3,0.126534,0,0.08,-0.0416134,-0.0210069,0.000424602,-0.00211718,4899.42,-38.4745,-158.371,0.00238725,0.047045,-66.2709,3098.64,-24.3332,-100.162,0.00392091,0.0266197,-64.8748,5696.33,-44.7325,-184.13,-0.00159554,0.0345907,-66.2688,2759.81,-21.6724,-89.2093,-0.0010312,0.0379069,-64.486
7.249,245.344,-58.3718,22.191,0.460611,5.04517,-1.63198,-0.239302,-0.0323137,0.00784905,3994.51,3,0.12654,0,0.08,-0.0416046,-0.0210167,0.000424914,-0.00211622,4899.62,-38.4782,-158.38,0.00243154,0.0470587,-66.2713,3097.8,-24.328,-100.136,0.00382485,0.0266623,-64.8751,5696.88,-44.7394,-184.151,-0.00156324,0.0346073,-66.269,2759.18,-21.6687,-89.1904,-0.00116331,0.0379305,-64.4859
7.259,245.422,-58.5794,22.1911,0.460669,5.05664,-1.65,-0.239249,-0.0323143,0.00784947,3994.53,3,0.126514,0,0.08,-0.041605,-0.0210247,0.000425292,-0.00211701,4898.91,-38.4747,-158.36,0.00233207,0.0469835,-66.2718,3098.35,-24.3336,-100.156,0.0038891,0.0266353,-64.8751,5696.23,-44.7367,-184.134,-0.00156931,0.0345943,-66.27,2759.47,-21.6721,-89.2013,-0.00109339,0.0379088,-64.4863
7.269,245.5,-58.7873,22.1913,0.46071,4.99232,-1.57653,-0.239113,-0.0323148,0.00784992,3994.56,3,0.126506,0,0.08,-0.0416122,-0.0210281,0.000427436,-0.00211417,4900.05,-38.4859,-158.399,0.00244154,0.0470484,-66.2724,3097.23,-24.3263,-100.121,0.00380957,0.0266776,-64.8755,5696.9,-44.7445,-184.158,-0.00157185,0.0346125,-66.2703,2759.14,-21.6708,-89.1919,-0.00114295,0.0379389,-64.4865
7.279,245.578,-58.9953,22.1915,0.460748,4.99068,-1.45193,-0.23908,-0.0323152,0.00785038,3994.59,3,0.126516,0,0.08,-0.0416108,-0.0210221,0.000426754,-0.0021145,4899.98,-38.4876,-158.399,0.00246498,0.0470532,-66.2732,3096.11,-24.3188,-100.086,0.00371863,0.0267012,-64.8755,5697.02,-44.748,-184.164,-0.00154152,0.0346328,-66.2706,2758.55,-21.6674,-89.1742,-0.001241,0.0379559,-64.4874
7.289,245.655,-59.2035,22.1916,0.460719,5.04889,-1.55522,-0.239321,-0.0323156,0.00785085,3994.62,3,0.126489,0,0.08,-0.0416075,-0.0210044,0.000424426,-0.00211777,4899.66,-38.4873,-158.391,0.00243804,0.0470502,-66.2731,3097.22,-24.329,-100.123,0.00379584,0.0266832,-64.8766,5697.08,-44.7512,-184.169,-0.0015501,0.0346191,-66.2706,2758.72,-21.6701,-89.181,-0.00120222,0.0379483,-64.488
7.299,245.731,-59.4119,22.1918,0.460768,5.02037,-1.50649,-0.239241,-0.0323161,0.00785129,3994.63,3,0.126468,0,0.08,-0.0415809,-0.0210058,0.000423695,-0.00211865,4900.13,-38.4932,-158.408,0.00248817,0.0470625,-66.2734,3097.18,-24.3301,-100.124,0.00376411,0.0266766,-64.8768,5697.06,-44.7536,-184.171,-0.00153801,0.0346244,-66.2717,2758.54,-21.6698,-89.1761,-0.00122707,0.0379531,-64.488
7.309,245.807,-59.6204,22.1919,0.460766,5.09598,-1.63088,-0.239359,-0.0323165,0.00785171,3994.65,3,0.126428,0,0.08,-0.0415829,-0.0210158,0.000424749,-0.00211716,4898.77,-38.4847,-158.367,0.00232186,0.0469767,-66.2735,3098.42,-24.3411,-100.165,0.00391862,0.0266408,-64.8775,5696.85,-44.7543,-184.167,-0.0016057,0.0345939,-66.2718,2759.6,-21.6794,-89.2118,-0.00103563,0.0379093,-64.4887
7.319,245.883,-59.8292,22.1921,0.460899,4.94129,-1.42356,-0.239091,-0.0323168,0.00785215,3994.68,3,0.126446,0,0.08,-0.0415905,-0.0210188,0.000418513,-0.00212371,4900.3,-38.4988,-158.417,0.0024765,0.0470611,-66.2734,3096.44,-24.3269,-100.102,0.00373737,0.0267043,-64.8783,5697.14,-44.7591,-184.177,-0.00154559,0.0346313,-66.2729,2758.49,-21.6718,-89.1765,-0.00122509,0.0379615,-64.4882
7.329,245.957,-60.0381,22.1921,0.460802,5.07862,-1.5679,-0.239394,-0.032317,0.00785263,3994.71,3,0.126418,0,0.08,-0.0415986,-0.0209906,0.00042452,-0.00211786,4899.67,-38.4962,-158.398,0.00241642,0.0470479,-66.2748,3097.36,-24.3357,-100.132,0.00380716,0.0266843,-64.8779,5696.96,-44.7604,-184.173,-0.00156347,0.0346151,-66.2725,2758.95,-21.6768,-89.1922,-0.00115289,0.0379376,-64.4896
7.339,246.032,-60.2472,22.1924,0.460893,5.03597,-1.40687,-0.239125,-0.0323173,0.00785307,3994.74,3,0.126415,0,0.08,-0.0415993,-0.0210046,0.000424459,-0.00211788,4899.75,-38.499,-158.402,0.00246174,0.0470586,-66.2753,3097.14,-24.3352,-100.126,0.00375727,0.0266725,-64.8782,5697.13,-44.7642,-184.18,-0.00153856,0.0346282,-66.2737,2758.27,-21.6727,-89.171,-0.00123006,0.0379594,-64.4898
7.349,246.106,-60.4565,22.1925,0.460866,5.08084,-1.52947,-0.239336,-0.0323176,0.00785348,3994.75,3,0.126378,0,0.08,-0.0415884,-0.0210231,0.000424599,-0.00211762,4899.69,-38.5005,-158.401,0.0024189,0.0470446,-66.2739,3097.83,-24.342,-100.15,0.00384112,0.0266727,-64.8801,5696.98,-44.7654,-184.177,-0.00156143,0.0346144,-66.2725,2758.99,-21.6794,-89.1951,-0.00115459,0.0379396,-64.4916
7.359,246.179,-60.666,22.1926,0.460933,5.02969,-1.46816,-0.239167,-0.0323181,0.0078539,3994.77,3,0.126362,0,0.08,-0.0416026,-0.0210326,0.000424051,-0.00211714,4899.9,-38.5042,-158.411,0.00244294,0.0470361,-66.2742,3097.31,-24.3391,-100.134,0.00382171,0.0266865,-64.8805,5697.04,-44.7683,-184.182,-0.00157508,0.0346245,-66.2733,2758.86,-21.6796,-89.1921,-0.00114547,0.0379497,-64.4915
7.369,246.252,-60.8756,22.1927,0.46086,5.13299,-1.62812,-0.23953,-0.0323184,0.00785434,3994.8,3,0.126337,0,0.08,-0.0415679,-0.0209812,0.000424183,-0.00211818,4899.4,-38.5025,-158.396,0.00238966,0.0470262,-66.2767,3098.27,-24.3481,-100.166,0.00386917,0.0266541,-64.8791,5696.93,-44.77,-184.18,-0.00160075,0.0346049,-66.274,2759.39,-21.685,-89.2103,-0.00105117,0.0379187,-64.4914
7.379,246.325,-61.0854,22.1929,0.460922,5.10785,-1.52444,-0.239404,-0.0323189,0.00785479,3994.83,3,0.126337,0,0.08,-0.0415984,-0.0209901,0.000424369,-0.00211799,4899.72,-38.5072,-158.409,0.00239833,0.0470393,-66.2768,3097.73,-24.3452,-100.15,0.00381965,0.0266654,-64.8799,5696.95,-44.7726,-184.183,-0.00157805,0.0346107,-66.2746,2759.04,-21.6835,-89.2002,-0.00110047,0.0379336,-64.4919
7.389,246.397,-61.2954,22.193,0.460971,5.09788,-1.4956,-0.239267,-0.0323194,0.00785518,3994.85,3,0.126309,0,0.08,-0.0416039,-0.0210338,0.000425573,-0.00211592,4899.72,-38.5091,-158.411,0.00238593,0.0470399,-66.2775,3098.09,-24.3493,-100.163,0.00386788,0.0266624,-64.8797,5697,-44.7752,-184.187,-0.00158804,0.0346059,-66.2759,2759.27,-21.6863,-89.2089,-0.00106068,0.0379198,-64.4916
7.399,246.468,-61.5056,22.1932,0.460946,5.15535,-1.48951,-0.239469,-0.0323197,0.00785557,3994.86,3,0.126308,0,0.08,-0.0415688,-0.0210189,0.000424468,-0.00211776,4899.41,-38.5086,-158.403,0.00233452,0.0470154,-66.2769,3098.18,-24.3512,-100.167,0.00385272,0.0266768,-64.8809,5697.11,-44.7783,-184.193,-0.00156378,0.0346115,-66.276,2758.97,-21.685,-89.2002,-0.00112343,0.0379315,-64.4929
7.409,246.539,-61.7159,22.1933,0.46101,5.07437,-1.42219,-0.23932,-0.0323201,0.00785598,3994.88,3,0.126298,0,0.08,-0.0415609,-0.0210076,0.000424554,-0.00211768,4900.37,-38.5182,-158.436,0.00246292,0.0470537,-66.2784,3097.03,-24.3434,-100.131,0.00375314,0.0266976,-64.8803,5697.2,-44.7814,-184.198,-0.00153937,0.0346302,-66.2762,2758.4,-21.6817,-89.1828,-0.00121427,0.0379561,-64.4927
7.419,246.609,-61.9264,22.1935,0.461079,5.07449,-1.37965,-0.239161,-0.0323204,0.00785641,3994.91,3,0.126278,0,0.08,-0.0415906,-0.0210128,0.000425581,-0.00211649,4899.6,-38.5142,-158.412,0.00240956,0.0470223,-66.2784,3097.62,-24.3494,-100.151,0.00380902,0.0266566,-64.8811,5697.1,-44.783,-184.197,-0.0015708,0.0346183,-66.2769,2758.81,-21.6861,-89.1969,-0.00111746,0.0379384,-64.4933
7.429,246.679,-62.1371,22.1936,0.461032,5.11971,-1.45207,-0.239419,-0.0323206,0.00785684,3994.94,3,0.126271,0,0.08,-0.0415958,-0.0209889,0.000424146,-0.00211845,4899.63,-38.5165,-158.414,0.00243425,0.0470434,-66.2783,3097.45,-24.3494,-100.146,0.00379287,0.0266816,-64.8822,5697.31,-44.7871,-184.204,-0.00153895,0.0346267,-66.276,2758.37,-21.6838,-89.183,-0.00121662,0.0379461,-64.4948
7.439,246.749,-62.348,22.1938,0.461104,5.08273,-1.36556,-0.239207,-0.032321,0.00785722,3994.96,3,0.126253,0,0.08,-0.0416015,-0.0210394,0.000425174,-0.00211677,4899.82,-38.5199,-158.422,0.00245231,0.0470513,-66.2785,3097.54,-24.3513,-100.15,0.00378923,0.0266898,-64.8824,5697.21,-44.7886,-184.204,-0.00153019,0.0346278,-66.2772,2758.38,-21.685,-89.1847,-0.00121516,0.0379543,-64.4946
7.449,246.818,-62.559,22.1939,0.461117,5.05672,-1.30331,-0.239249,-0.0323214,0.00785761,3994.97,3,0.126246,0,0.08,-0.0415764,-0.0210274,0.00042449,-0.00211766,4900.78,-38.5294,-158.455,0.0024668,0.0470841,-66.277,3097.15,-24.3494,-100.139,0.00375848,0.0267136,-64.8843,5697.35,-44.7919,-184.211,-0.00152239,0.0346457,-66.2771,2757.9,-21.6823,-89.1703,-0.00125623,0.0379742,-64.4961
7.459,246.886,-62.7701,22.194,0.461134,5.13051,-1.4138,-0.239324,-0.0323218,0.00785802,3995,3,0.126215,0,0.08,-0.0415858,-0.0210306,0.000422394,-0.00212038,4899.3,-38.5197,-158.41,0.00233473,0.0470031,-66.2801,3098.31,-24.3598,-100.178,0.00387214,0.0266689,-64.8822,5697.22,-44.7932,-184.209,-0.00158348,0.0346124,-66.2782,2758.9,-21.6913,-89.2037,-0.00109107,0.0379268,-64.4945
7.469,246.954,-62.9815,22.1942,0.461154,5.10423,-1.36416,-0.239271,-0.0323223,0.00785845,3995.03,3,0.126202,0,0.08,-0.0415978,-0.0210343,0.000426559,-0.0021155,4899.86,-38.5262,-158.43,0.00239355,0.0470429,-66.2804,3097.9,-24.3579,-100.166,0.00383843,0.0266816,-64.8828,5697.1,-44.7947,-184.207,-0.00155877,0.0346247,-66.279,2758.55,-21.6897,-89.1936,-0.00112944,0.0379434,-64.4953
7.479,247.021,-63.193,22.1943,0.46117,5.12016,-1.31096,-0.239209,-0.0323226,0.00785887,3995.05,3,0.126198,0,0.08,-0.0415948,-0.0210192,0.000423865,-0.00211697,4899.89,-38.5285,-158.432,0.00241858,0.0470504,-66.2798,3097.55,-24.3565,-100.156,0.00380288,0.0266767,-64.8842,5697.32,-44.7988,-184.217,-0.00154866,0.0346287,-66.2789,2758.27,-21.6887,-89.1856,-0.00118357,0.0379562,-64.4968
7.489,247.088,-63.4047,22.1945,0.461186,5.09252,-1.30441,-0.239311,-0.032323,0.00785927,3995.06,3,0.126182,0,0.08,-0.0415745,-0.0210215,0.000424553,-0.00211779,4900.45,-38.5349,-158.452,0.0024664,0.0470768,-66.2808,3097.11,-24.3543,-100.143,0.00376648,0.0267161,-64.8836,5697.34,-44.8013,-184.219,-0.00155273,0.034638,-66.2793,2758.07,-21.6882,-89.1801,-0.00120885,0.037966,-64.4958
7.499,247.154,-63.6165,22.1946,0.461201,5.13944,-1.31775,-0.239355,-0.0323234,0.00785966,3995.08,3,0.126167,0,0.08,-0.0415742,-0.0210309,0.00042431,-0.00211774,4899.71,-38.531,-158.431,0.00231094,0.0470169,-66.2796,3098.07,-24.363,-100.175,0.00385379,0.0266891,-64.8853,5697.31,-44.8033,-184.221,-0.001579,0.0346242,-66.2792,2758.49,-21.6926,-89.1949,-0.00111406,0.0379439,-64.4972
7.509,247.22,-63.8285,22.1947,0.461247,5.14708,-1.32679,-0.239179,-0.0323238,0.00786006,3995.11,3,0.126142,0,0.08,-0.0415899,-0.0210376,0.000425455,-0.00211657,4899.43,-38.5307,-158.423,0.00237,0.047005,-66.2818,3098.15,-24.3649,-100.179,0.00385073,0.0266679,-64.8841,5697.17,-44.8044,-184.218,-0.00158462,0.0346104,-66.2802,2758.62,-21.6947,-89.2002,-0.00109049,0.0379215,-64.4969
7.519,247.286,-64.0406,22.1948,0.461232,5.17043,-1.3362,-0.239387,-0.0323239,0.0078605,3995.14,3,0.12614,0,0.08,-0.0415862,-0.0210019,0.000424383,-0.00211782,4899.86,-38.5363,-158.438,0.00238059,0.0470632,-66.2812,3097.9,-24.3643,-100.171,0.00388875,0.0266618,-64.8858,5697.26,-44.8076,-184.222,-0.00157432,0.0346229,-66.2807,2758.12,-21.692,-89.1844,-0.00118168,0.0379544,-64.4975
7.529,247.351,-64.2529,22.195,0.46125,5.15226,-1.32998,-0.239402,-0.0323241,0.0078609,3995.16,3,0.126119,0,0.08,-0.041587,-0.021019,0.000424571,-0.0021178,4899.92,-38.5387,-158.441,0.00241804,0.0470617,-66.2823,3098.06,-24.3668,-100.177,0.00382636,0.02669,-64.8852,5697.32,-44.8104,-184.225,-0.00156072,0.03463,-66.281,2758.3,-21.6945,-89.1909,-0.0011592,0.0379535,-64.4978
7.539,247.415,-64.4654,22.1951,0.461285,5.13807,-1.28385,-0.239339,-0.0323244,0.00786126,3995.17,3,0.126104,0,0.08,-0.041568,-0.0210277,0.000424581,-0.00211778,4900.24,-38.543,-158.452,0.00242707,0.047052,-66.2814,3097.86,-24.3663,-100.171,0.00380989,0.0266894,-64.8864,5697.39,-44.813,-184.229,-0.00154322,0.0346329,-66.2812,2758.24,-21.695,-89.1895,-0.00117756,0.0379577,-64.4989
7.549,247.479,-64.678,22.1953,0.461321,5.11082,-1.2286,-0.239317,-0.0323246,0.00786164,3995.19,3,0.126096,0,0.08,-0.0415478,-0.0210161,0.000424199,-0.00211838,4900.67,-38.5482,-158.467,0.00247643,0.0470626,-66.2838,3097.13,-24.3617,-100.148,0.00374752,0.026719,-64.8848,5697.44,-44.8156,-184.232,-0.00155136,0.034638,-66.2821,2758.01,-21.6943,-89.1827,-0.00119402,0.0379617,-64.4981
7.559,247.542,-64.8908,22.1955,0.461433,5.01164,-1.05281,-0.239019,-0.032325,0.00786203,3995.22,3,0.126115,0,0.08,-0.0415776,-0.0210268,0.000422884,-0.00212047,4900.95,-38.5524,-158.478,0.00249478,0.0470569,-66.2842,3095.59,-24.3508,-100.1,0.00362764,0.0267494,-64.8852,5697.55,-44.8186,-184.237,-0.00150132,0.0346589,-66.2824,2757.3,-21.6897,-89.1605,-0.00131681,0.0379969,-64.4986
7.569,247.605,-65.1037,22.1955,0.461345,5.15572,-1.22192,-0.239336,-0.0323252,0.00786244,3995.24,3,0.126077,0,0.08,-0.04159,-0.0210205,0.000424206,-0.00211802,4900.03,-38.5471,-158.45,0.00241218,0.0470511,-66.2833,3097.29,-24.3655,-100.156,0.00377298,0.0267127,-64.887,5697.49,-44.8206,-184.237,-0.00153283,0.0346349,-66.2822,2758.01,-21.6965,-89.1843,-0.00120683,0.0379571,-64.5001
7.579,247.667,-65.3168,22.1956,0.461354,5.15165,-1.21728,-0.239386,-0.0323255,0.00786283,3995.27,3,0.126064,0,0.08,-0.0415705,-0.0210068,0.000424203,-0.00211861,4900.32,-38.5513,-158.461,0.00242902,0.0470606,-66.2836,3097.4,-24.3676,-100.16,0.00378825,0.0267103,-64.8874,5697.58,-44.8235,-184.241,-0.00155044,0.0346425,-66.2833,2757.69,-21.695,-89.1747,-0.00120728,0.0379687,-64.4997
7.589,247.729,-65.53,22.1958,0.461453,5.07105,-1.1849,-0.239081,-0.0323259,0.00786318,3995.27,3,0.126038,0,0.08,-0.0415855,-0.0210465,0.000425955,-0.00211617,4900.43,-38.5539,-158.466,0.00243787,0.04705,-66.2842,3097.58,-24.37,-100.167,0.00377969,0.0267098,-64.8869,5697.47,-44.8246,-184.24,-0.00155205,0.0346431,-66.2842,2757.95,-21.698,-89.1841,-0.00118601,0.0379705,-64.4993
7.599,247.79,-65.7434,22.1959,0.461506,5.00524,-1.03589,-0.239026,-0.032326,0.00786355,3995.29,3,0.126061,0,0.08,-0.0415763,-0.0210436,0.000423942,-0.00211919,4901.56,-38.5646,-158.503,0.00246289,0.0470979,-66.2851,3096.53,-24.3629,-100.133,0.00364481,0.0267549,-64.8869,5697.68,-44.8283,-184.248,-0.00149758,0.0346671,-66.2845,2757.03,-21.6919,-89.155,-0.00134381,0.0380058,-64.4998
7.609,247.851,-65.9569,22.196,0.461416,5.1869,-1.24597,-0.23937,-0.0323262,0.00786393,3995.32,3,0.126004,0,0.08,-0.0415724,-0.0210145,0.000424549,-0.00211807,4899.76,-38.5523,-158.446,0.00238447,0.0470264,-66.2851,3098.15,-24.3769,-100.186,0.00382651,0.0266812,-64.8878,5697.39,-44.8282,-184.239,-0.00157827,0.034627,-66.2842,2758.42,-21.7038,-89.2001,-0.00110358,0.0379452,-64.5007
7.619,247.911,-66.1705,22.1962,0.461462,5.12571,-1.09367,-0.239281,-0.0323265,0.00786433,3995.34,3,0.126021,0,0.08,-0.0415857,-0.0210186,0.000424532,-0.00211815,4900.33,-38.5587,-158.466,0.00242264,0.0470859,-66.2848,3096.65,-24.3663,-100.139,0.00372247,0.0267362,-64.8889,5697.48,-44.8312,-184.244,-0.00153005,0.0346471,-66.2838,2757.6,-21.6984,-89.1744,-0.00124868,0.0379757,-64.5025
7.629,247.971,-66.3843,22.1963,0.461405,5.2547,-1.28366,-0.239545,-0.0323268,0.00786471,3995.36,3,0.125964,0,0.08,-0.0415684,-0.0210282,0.000424278,-0.00211835,4899.55,-38.5545,-158.442,0.00232356,0.0470067,-66.286,3098.98,-24.3858,-100.215,0.00390229,0.0266761,-64.8881,5697.43,-44.8329,-184.244,-0.0016028,0.034628,-66.2851,2758.69,-21.708,-89.2105,-0.00102682,0.0379258,-64.501
7.639,248.03,-66.5983,22.1965,0.461516,5.09242,-1.08857,-0.23921,-0.0323272,0.00786509,3995.37,3,0.125976,0,0.08,-0.041554,-0.0210285,0.000425037,-0.00211762,4901.09,-38.5684,-158.494,0.00247571,0.047082,-66.2866,3097.29,-24.3737,-100.162,0.00373288,0.0267125,-64.888,5697.59,-44.8363,-184.251,-0.00153597,0.0346527,-66.2861,2757.6,-21.7006,-89.1766,-0.00121175,0.0379801,-64.501
7.649,248.089,-66.8124,22.1965,0.461497,5.16986,-1.18512,-0.239361,-0.0323276,0.00786546,3995.39,3,0.125953,0,0.08,-0.0415672,-0.0210393,0.000424318,-0.00211806,4900.01,-38.5617,-158.461,0.00239386,0.0470369,-66.286,3097.75,-24.3784,-100.178,0.00381514,0.0267187,-64.8893,5697.48,-44.8377,-184.25,-0.00157336,0.0346345,-66.2857,2758.14,-21.7058,-89.1952,-0.00112097,0.037955,-64.5025
7.659,248.147,-67.0266,22.1966,0.461495,5.19942,-1.17577,-0.239414,-0.0323278,0.0078659,3995.43,3,0.125947,0,0.08,-0.0415685,-0.0209985,0.000424338,-0.00211854,4900.04,-38.5641,-158.463,0.00240008,0.0470391,-66.2872,3097.53,-24.3781,-100.171,0.00377952,0.0267009,-64.8891,5697.53,-44.8405,-184.253,-0.00156053,0.0346365,-66.2864,2758.01,-21.706,-89.1914,-0.00113787,0.0379571,-64.5024
7.669,248.205,-67.241,22.1968,0.461512,5.21919,-1.17793,-0.23943,-0.0323281,0.00786627,3995.44,3,0.125922,0,0.08,-0.0415834,-0.0210299,0.000425245,-0.00211713,4900.23,-38.5675,-158.47,0.00233646,0.0470309,-66.2878,3098.42,-24.3863,-100.201,0.00384778,0.0266998,-64.8891,5697.34,-44.8412,-184.248,-0.00161432,0.0346238,-66.2873,2758.7,-21.7125,-89.2148,-0.001003,0.0379353,-64.5021
7.679,248.262,-67.4555,22.1969,0.461569,5.1504,-1.09185,-0.239191,-0.0323283,0.00786663,3995.46,3,0.125918,0,0.08,-0.0415652,-0.0210333,0.000424775,-0.00211533,4900.55,-38.5718,-158.482,0.00244876,0.0470544,-66.2879,3097.39,-24.3792,-100.168,0.0037596,0.0267165,-64.8893,5697.53,-44.8447,-184.256,-0.00154821,0.0346453,-66.2878,2757.79,-21.7063,-89.1858,-0.00117371,0.0379698,-64.5026
7.689,248.319,-67.6702,22.197,0.461577,5.16662,-1.15212,-0.239367,-0.0323286,0.00786698,3995.47,3,0.125895,0,0.08,-0.0415636,-0.0210453,0.000424982,-0.00211862,4899.96,-38.5688,-158.464,0.00240451,0.0470367,-66.2867,3097.51,-24.3813,-100.173,0.00382694,0.0267384,-64.8912,5697.55,-44.8468,-184.258,-0.00156898,0.0346375,-66.2864,2758.09,-21.7096,-89.1962,-0.0011281,0.037955,-64.5047
7.699,248.375,-67.885,22.1972,0.461595,5.22024,-1.12484,-0.23932,-0.0323288,0.00786734,3995.49,3,0.125881,0,0.08,-0.0415614,-0.02103,0.000425038,-0.00211746,4899.45,-38.5666,-158.449,0.00234546,0.0469887,-66.2877,3098.38,-24.3893,-100.202,0.00385561,0.0266824,-64.891,5697.62,-44.8494,-184.261,-0.0015904,0.0346237,-66.2873,2758.32,-21.7124,-89.2042,-0.00106378,0.0379394,-64.5043
7.709,248.431,-68.0999,22.1972,0.461576,5.22182,-1.15034,-0.239489,-0.0323288,0.00786773,3995.53,3,0.12588,0,0.08,-0.0415692,-0.0209843,0.000423993,-0.0021191,4900.02,-38.573,-158.467,0.00239189,0.0470444,-66.2892,3097.85,-24.3863,-100.185,0.00379421,0.0266976,-64.8905,5697.55,-44.8511,-184.259,-0.00156694,0.0346402,-66.2881,2757.97,-21.7107,-89.193,-0.00112933,0.0379593,-64.5042
7.719,248.486,-68.3149,22.1974,0.461588,5.21521,-1.09122,-0.239479,-0.0323291,0.00786808,3995.55,3,0.125876,0,0.08,-0.0415725,-0.0210141,0.000424407,-0.00211857,4900.26,-38.5765,-158.476,0.00238357,0.0470738,-66.2891,3097.6,-24.3854,-100.178,0.00379542,0.0267381,-64.8911,5697.64,-44.8538,-184.263,-0.0015684,0.0346459,-66.2891,2757.81,-21.7104,-89.1884,-0.00114606,0.0379704,-64.504
7.729,248.541,-68.5301,22.1976,0.461666,5.16128,-0.986081,-0.239284,-0.0323293,0.0078684,3995.55,3,0.125857,0,0.08,-0.0415625,-0.0210335,0.000424931,-0.00211773,4900.66,-38.5813,-158.49,0.00244509,0.0470655,-66.2887,3097.43,-24.3851,-100.173,0.00375664,0.0267313,-64.8917,5697.63,-44.8556,-184.265,-0.00154685,0.0346526,-66.2886,2757.59,-21.7096,-89.1821,-0.00119877,0.0379804,-64.5054
7.739,248.595,-68.7454,22.1977,0.461728,5.10232,-0.99628,-0.239137,-0.0323296,0.00786873,3995.57,3,0.125844,0,0.08,-0.0415708,-0.0210526,0.000425301,-0.00211718,4900.83,-38.5842,-158.497,0.00244248,0.0470508,-66.289,3097.39,-24.3858,-100.173,0.00375055,0.0267296,-64.8921,5697.7,-44.858,-184.269,-0.00155713,0.0346547,-66.2888,2757.49,-21.7097,-89.1797,-0.00119073,0.0379823,-64.5056
7.749,248.648,-68.9609,22.1979,0.461807,5.03944,-0.757428,-0.238936,-0.03233,0.00786908,3995.6,3,0.125871,0,0.08,-0.0415773,-0.0210536,0.000426377,-0.00211806,4901.16,-38.5886,-158.51,0.00244822,0.0470463,-66.2895,3095.76,-24.374,-100.121,0.00362948,0.0267745,-64.8923,5697.89,-44.8615,-184.277,-0.00150614,0.0346735,-66.289,2756.49,-21.7028,-89.1482,-0.00133351,0.0380174,-64.5059
7.759,248.701,-69.1765,22.1978,0.461649,5.25003,-1.14946,-0.239555,-0.0323302,0.00786946,3995.62,3,0.125799,0,0.08,-0.0415749,-0.021002,0.000424055,-0.00211902,4900.09,-38.5821,-158.476,0.00236537,0.0470564,-66.2899,3098.8,-24.3992,-100.22,0.003883,0.0266788,-64.893,5697.37,-44.8596,-184.261,-0.00157594,0.0346354,-66.2898,2757.89,-21.7149,-89.1941,-0.00109278,0.0379469,-64.5059
7.769,248.754,-69.3922,22.198,0.461737,5.18983,-0.979115,-0.239265,-0.0323306,0.00786981,3995.64,3,0.1258,0,0.08,-0.04157,-0.0210355,0.000424912,-0.00211765,4900.25,-38.585,-158.483,0.00237123,0.0470522,-66.2907,3098.01,-24.394,-100.195,0.00381009,0.0267004,-64.8925,5697.57,-44.8632,-184.27,-0.00157282,0.0346408,-66.2909,2757.9,-21.7159,-89.1954,-0.00109609,0.0379609,-64.5058
7.779,248.806,-69.608,22.1981,0.461692,5.28067,-1.10973,-0.239494,-0.0323309,0.00787016,3995.64,3,0.12577,0,0.08,-0.0415574,-0.0210475,0.000424692,-0.00211792,4899.03,-38.5771,-158.445,0.0023017,0.0469904,-66.2897,3098.43,-24.3984,-100.21,0.00390643,0.0266989,-64.8938,5697.55,-44.865,-184.271,-0.001617,0.0346254,-66.2903,2758.43,-21.7211,-89.2135,-0.000999574,0.0379359,-64.5072
7.789,248.857,-69.824,22.1982,0.46172,5.26214,-1.02515,-0.239486,-0.0323312,0.00787049,3995.66,3,0.125775,0,0.08,-0.0415405,-0.0210381,0.000424511,-0.0021182,4899.68,-38.5839,-158.468,0.00232165,0.0470003,-66.2907,3098.16,-24.3973,-100.202,0.00383593,0.0267157,-64.8934,5697.66,-44.8678,-184.276,-0.00158074,0.0346408,-66.2914,2757.91,-21.7179,-89.1974,-0.00109059,0.0379558,-64.507
7.799,248.908,-70.0401,22.1984,0.461772,5.20245,-0.969443,-0.239365,-0.0323314,0.00787086,3995.69,3,0.125771,0,0.08,-0.0415576,-0.0210213,0.000424565,-0.00211826,4900.28,-38.5904,-158.488,0.0023961,0.0470426,-66.2924,3097.5,-24.3932,-100.181,0.00376271,0.0267325,-64.8927,5697.7,-44.8702,-184.279,-0.00157757,0.034649,-66.2923,2757.67,-21.7171,-89.1905,-0.00111818,0.037971,-64.5065
7.809,248.959,-70.2563,22.1985,0.461777,5.21743,-0.906559,-0.239407,-0.0323315,0.00787124,3995.72,3,0.125782,0,0.08,-0.0415731,-0.0210243,0.000424474,-0.0021182,4900.33,-38.5926,-158.49,0.00237993,0.047017,-66.2919,3096.72,-24.3883,-100.157,0.00369734,0.0267814,-64.8938,5697.77,-44.8729,-184.282,-0.00155361,0.0346584,-66.2916,2757.27,-21.7149,-89.1777,-0.00119767,0.0379861,-64.5076
7.819,249.009,-70.4726,22.1986,0.461823,5.2064,-0.918623,-0.239302,-0.0323317,0.00787158,3995.73,3,0.125744,0,0.08,-0.0415588,-0.0210309,0.00042474,-0.002118,4900.19,-38.5932,-158.487,0.00236651,0.0470511,-66.293,3097.78,-24.3977,-100.192,0.00378435,0.0267228,-64.8931,5697.66,-44.874,-184.279,-0.00158548,0.0346446,-66.2932,2757.77,-21.7198,-89.1944,-0.00109503,0.0379663,-64.507
7.829,249.058,-70.689,22.1987,0.46178,5.29281,-0.94651,-0.239502,-0.0323319,0.00787189,3995.74,3,0.12573,0,0.08,-0.0415479,-0.0210471,0.000424514,-0.00211817,4899.87,-38.5922,-158.477,0.00230994,0.0470203,-66.293,3098.44,-24.4038,-100.213,0.00382075,0.0267147,-64.8936,5697.56,-44.875,-184.277,-0.00158098,0.0346398,-66.2926,2757.71,-21.7202,-89.1932,-0.00110514,0.0379637,-64.5078
7.839,249.107,-70.9056,22.1988,0.461777,5.40892,-1.06342,-0.239363,-0.0323321,0.00787223,3995.76,3,0.125695,0,0.08,-0.0415485,-0.0210428,0.00042443,-0.00211832,4898.55,-38.5835,-158.435,0.00231647,0.0468452,-66.2911,3098.77,-24.4075,-100.225,0.00390028,0.0266564,-64.8961,5697.88,-44.8795,-184.289,-0.00163307,0.0346222,-66.2918,2757.82,-21.722,-89.1973,-0.000983289,0.0379426,-64.5103
7.849,249.156,-71.1223,22.199,0.461868,5.21355,-0.891207,-0.239333,-0.0323322,0.0078726,3995.79,3,0.125711,0,0.08,-0.0415677,-0.0210382,0.00042477,-0.00211792,4900.22,-38.5985,-158.49,0.00238831,0.04705,-66.2935,3097.57,-24.3992,-100.186,0.00376664,0.0267416,-64.8943,5697.75,-44.8805,-184.285,-0.00153665,0.0346544,-66.293,2757.42,-21.7198,-89.1844,-0.00119384,0.0379781,-64.5089
7.859,249.204,-71.3391,22.1991,0.461885,5.19561,-0.863441,-0.239345,-0.0323324,0.00787293,3995.81,3,0.125702,0,0.08,-0.0415728,-0.021041,0.000425717,-0.00211676,4900.52,-38.6024,-158.501,0.0023915,0.0470905,-66.2934,3097.35,-24.3984,-100.18,0.00376166,0.026754,-64.8952,5697.65,-44.8816,-184.283,-0.00155679,0.0346562,-66.2937,2757.46,-21.721,-89.1862,-0.00116063,0.0379799,-64.5092
7.869,249.251,-71.556,22.1992,0.461864,5.26945,-0.926269,-0.239459,-0.0323326,0.00787325,3995.82,3,0.125674,0,0.08,-0.0415421,-0.0210311,0.000424124,-0.00211845,4900.17,-38.6012,-158.49,0.00235447,0.0470305,-66.2921,3098.35,-24.4074,-100.213,0.00384175,0.0267066,-64.897,5697.8,-44.8846,-184.289,-0.0015732,0.0346417,-66.293,2757.65,-21.7234,-89.193,-0.00110489,0.0379669,-64.5112
7.879,249.298,-71.773,22.1993,0.461889,5.22787,-0.838858,-0.239426,-0.0323329,0.00787357,3995.83,3,0.12568,0,0.08,-0.0415253,-0.0210406,0.000424478,-0.00211826,4901.05,-38.6097,-158.52,0.00239746,0.0470632,-66.2935,3097.54,-24.402,-100.187,0.00374032,0.0267551,-64.8962,5698.16,-44.8892,-184.302,-0.00154876,0.03466,-66.2937,2757.11,-21.7201,-89.1762,-0.00121044,0.037991,-64.5101
7.889,249.344,-71.9902,22.1994,0.46191,5.27365,-0.923468,-0.239467,-0.0323332,0.00787391,3995.85,3,0.125648,0,0.08,-0.0415501,-0.0210446,0.000424601,-0.0021182,4899.42,-38.5986,-158.469,0.0022898,0.0469953,-66.2935,3098.53,-24.4108,-100.22,0.00387063,0.0267185,-64.8967,5697.75,-44.888,-184.291,-0.00159399,0.0346386,-66.2942,2758.02,-21.7282,-89.2065,-0.00104694,0.0379564,-64.5109
7.899,249.39,-72.2074,22.1995,0.461911,5.24107,-0.923026,-0.239481,-0.0323334,0.00787428,3995.88,3,0.125637,0,0.08,-0.0415672,-0.02104,0.000424535,-0.00211832,4900.22,-38.6067,-158.496,0.00238052,0.0470567,-66.2945,3098.2,-24.4093,-100.21,0.00385464,0.0267404,-64.8966,5698.07,-44.8925,-184.302,-0.00154281,0.0346593,-66.2948,2757.33,-21.7237,-89.1848,-0.00116958,0.0379794,-64.5108
7.909,249.435,-72.4248,22.1996,0.461922,5.29922,-0.910962,-0.239493,-0.0323337,0.00787462,3995.89,3,0.125618,0,0.08,-0.0415654,-0.021039,0.000424482,-0.00211817,4900.38,-38.6096,-158.502,0.0023153,0.047038,-66.2938,3099.12,-24.4177,-100.241,0.00388755,0.0266928,-64.8979,5697.71,-44.8917,-184.292,-0.00160759,0.0346379,-66.2948,2757.98,-21.7298,-89.2067,-0.00101711,0.0379512,-64.512
7.919,249.48,-72.6423,22.1997,0.461926,5.29763,-0.853655,-0.239535,-0.032334,0.00787494,3995.9,3,0.12562,0,0.08,-0.0415422,-0.0210431,0.000424574,-0.00211833,4900.11,-38.609,-158.495,0.00230179,0.047029,-66.2944,3098.33,-24.4124,-100.216,0.00384988,0.0267346,-64.8975,5697.91,-44.8951,-184.3,-0.00161079,0.0346467,-66.2953,2757.56,-21.7275,-89.194,-0.00106273,0.0379674,-64.5112
7.929,249.524,-72.8598,22.1998,0.461945,5.2506,-0.923161,-0.239548,-0.0323342,0.00787526,3995.92,3,0.12559,0,0.08,-0.0415129,-0.0210397,0.000424419,-0.00211861,4900.67,-38.615,-158.515,0.00247149,0.0470777,-66.2948,3097.51,-24.407,-100.191,0.0038078,0.0267359,-64.8976,5697.84,-44.8964,-184.299,-0.00157945,0.0346573,-66.2953,2757.37,-21.7268,-89.1884,-0.00112233,0.0379798,-64.512
7.939,249.568,-73.0775,22.2,0.461982,5.24462,-0.743053,-0.239432,-0.0323345,0.0078756,3995.94,3,0.12562,0,0.08,-0.0415435,-0.0210343,0.000425665,-0.00211733,4900.64,-38.6165,-158.515,0.00237549,0.0470439,-66.2945,3097.15,-24.4052,-100.18,0.00374226,0.0267636,-64.8987,5698.09,-44.9003,-184.309,-0.00156372,0.0346713,-66.2957,2756.77,-21.723,-89.1699,-0.00118576,0.0380014,-64.5125
7.949,249.611,-73.2953,22.2,0.462003,5.29983,-0.863641,-0.239481,-0.0323347,0.00787596,3995.96,3,0.125569,0,0.08,-0.0415659,-0.0210353,0.000425222,-0.00211851,4900.37,-38.6161,-158.507,0.00233427,0.0470315,-66.2967,3098.96,-24.4206,-100.239,0.00382786,0.0266993,-64.8974,5697.67,-44.899,-184.297,-0.00160259,0.0346353,-66.2966,2758.19,-21.7352,-89.2162,-0.000998403,0.0379437,-64.5119
7.959,249.654,-73.5132,22.2002,0.462023,5.24446,-0.764002,-0.239483,-0.0323349,0.00787629,3995.98,3,0.125587,0,0.08,-0.041557,-0.0210386,0.000425302,-0.00211757,4900.59,-38.6195,-158.515,0.00241287,0.0470628,-66.2948,3097.54,-24.4104,-100.194,0.00376923,0.0267558,-64.8997,5698.01,-44.9036,-184.309,-0.00153304,0.0346723,-66.2959,2756.79,-21.7251,-89.1716,-0.00122761,0.0379996,-64.5142
7.969,249.696,-73.7312,22.2003,0.46201,5.32075,-0.787459,-0.239578,-0.0323352,0.0078766,3995.99,3,0.125563,0,0.08,-0.0415376,-0.0210481,0.000423716,-0.00211928,4900.04,-38.6166,-158.499,0.0022871,0.0470161,-66.2954,3098.48,-24.4187,-100.225,0.00385172,0.026735,-64.8993,5697.98,-44.9051,-184.309,-0.0015912,0.0346495,-66.2972,2757.58,-21.7322,-89.1979,-0.00107576,0.0379679,-64.5129
7.979,249.738,-73.9493,22.2004,0.462074,5.27489,-0.81468,-0.239337,-0.0323355,0.00787693,3996.01,3,0.125536,0,0.08,-0.0415455,-0.0210584,0.000427094,-0.00211522,4899.53,-38.6143,-158.484,0.00235839,0.0469867,-66.2982,3097.99,-24.4159,-100.21,0.00383279,0.02674,-64.8973,5698,-44.9072,-184.312,-0.00160547,0.0346432,-66.2983,2757.78,-21.7346,-89.2051,-0.00101643,0.0379573,-64.5125
7.989,249.779,-74.1675,22.2004,0.462056,5.28176,-0.747484,-0.239534,-0.0323355,0.00787727,3996.03,3,0.12556,0,0.08,-0.0415418,-0.0210216,0.000425208,-0.00211802,4900.48,-38.6234,-158.515,0.00235796,0.0470411,-66.2973,3097.58,-24.4137,-100.197,0.00375249,0.026765,-64.8989,5698.05,-44.9095,-184.314,-0.00155025,0.0346673,-66.2981,2756.83,-21.7281,-89.1746,-0.00118945,0.0379952,-64.5134
7.999,249.82,-74.3858,22.2006,0.462126,5.23148,-0.671377,-0.239343,-0.0323357,0.00787762,3996.05,3,0.125542,0,0.08,-0.0415631,-0.0210415,0.000424317,-0.00211858,4900.57,-38.6258,-158.519,0.00238127,0.0470605,-66.2977,3097.31,-24.4127,-100.188,0.0037323,0.0267595,-64.8988,5698.24,-44.913,-184.321,-0.00156676,0.0346639,-66.2979,2757.23,-21.7322,-89.188,-0.00113738,0.037986,-64.5137
