t,x,y,speed,vy,ax,ay,yawRate,roll,pitch,rpm,gear,throttle,brake,steer,delta0,delta1,delta2,delta3,fz0,fx0,fy0,slip0,alpha0,omega0,fz1,fx1,fy1,slip1,alpha1,omega1,fz2,fx2,fy2,slip2,alpha2,omega2,fz3,fx3,fy3,slip3,alpha3,omega3
0.009,141.239,-2.11583,30.1502,0.000539144,-0.0465388,0.0264603,-0.000288911,-0.000321403,-0.00122279,5090.36,3,0,0,0,-0.0254475,0.0256524,-0.0111179,0.0111497,4548.02,5.56128,-1.46175,-0.000302007,0.0255422,-96.0325,4505.37,5.50913,-1.44804,-0.000300095,-0.0257003,-96.0171,4851.53,5.93241,-1.5593,0.00122291,0.0110808,-96.3169,4826.91,5.9023,-1.55139,0.00123575,-0.0110489,-96.3095
0.019,141.54,-2.12279,30.1485,0.000957663,1.04054,0.482166,-3.14868e-05,-0.000300746,-0.00118213,5081.73,3,0,0,0,-0.024704,0.0250014,-0.0111241,0.0111536,4560.98,5.39169,-1.3717,-0.000609672,0.024845,-96.0251,4522.17,5.34581,-1.36003,-0.000521267,-0.0250788,-96.0091,4846.8,5.72957,-1.45766,-0.000224022,0.0111052,-96.168,4825.87,5.70483,-1.45136,-0.000218107,-0.011058,-96.1606
0.029,141.842,-2.12975,30.1438,0.000565364,-0.136935,0.0120274,-0.000312741,-0.000266107,-0.00112218,5075.31,3,0,0,0,-0.0256276,0.0257269,-0.0111328,0.0111599,4553.26,5.10959,-1.21165,-0.000311475,0.0255762,-96.0286,4524.06,5.07683,-1.20389,-0.000308528,-0.0255908,-96.0131,4836.09,5.42698,-1.28692,-0.00133371,0.0110966,-96.0538,4823.4,5.41273,-1.28354,-0.00135236,-0.0110393,-96.0468
0.039,142.143,-2.13671,30.1377,0.000859599,-1.11393,-0.0928674,-0.000217702,-0.000217603,-0.00104864,5070.46,3,0,0,0,-0.0250627,0.0251536,-0.0111347,0.0111554,4570.07,4.79238,-0.994462,-0.000568718,0.024509,-96.0139,4551.79,4.77321,-0.990483,-0.000688536,-0.0247422,-95.9988,4820.15,5.05463,-1.04888,-0.00203444,0.0110605,-95.9665,4819.79,5.05425,-1.0488,-0.00207961,-0.0109731,-95.9606
0.049,142.444,-2.14367,30.133,0.00081486,-0.968544,0.0588987,-0.000337338,-0.000158078,-0.000956668,5066.53,3,0,0,0,-0.0253032,0.0254501,-0.0111542,0.0111746,4575.64,4.37737,-0.723307,-0.000329436,0.0252067,-96.0078,4570.49,4.37244,-0.722492,-0.000277755,-0.0252814,-95.9952,4800.44,4.59242,-0.758842,-0.00256191,0.0110658,-95.8947,4815.32,4.60666,-0.761195,-0.00262679,-0.0109695,-95.891
0.059,142.745,-2.15063,30.1278,0.00097673,-0.113604,0.213864,-0.000451941,-8.82246e-05,-0.000849717,5063.29,3,0,0,0,-0.0251821,0.0252223,-0.0111673,0.0111833,4586.32,3.89708,-0.404627,-0.000103162,0.0253639,-95.9973,4597.04,3.90618,-0.405572,-0.000193715,-0.0252441,-95.9858,4779.23,4.06099,-0.421646,-0.00290912,0.0110718,-95.8359,4810.42,4.0875,-0.424398,-0.00297315,-0.0109503,-95.8355
0.069,143.047,-2.15759,30.1214,0.00117193,-1.09095,0.073062,-0.000531412,-9.20668e-06,-0.000727799,5060.58,3,0,0,0,-0.0253062,0.02538,-0.0111824,0.0111925,4595.47,3.34458,-0.042309,0.000210255,0.0253433,-95.9844,4620.46,3.36277,-0.0425391,0.000163597,-0.0253127,-95.9766,4758.09,3.46293,-0.0438062,-0.00319998,0.0110748,-95.7858,4805.39,3.49736,-0.0442417,-0.00327875,-0.0109298,-95.7893
0.079,143.348,-2.16454,30.1147,0.00133747,-0.478666,0.0868295,-0.000678943,7.40933e-05,-0.000594296,5058.24,3,0,0,0,-0.0251595,0.0251863,-0.011201,0.0112055,4607.36,2.73814,0.341375,-4.72248e-05,0.0253471,-95.9673,4647.78,2.76216,0.344369,-0.000122915,-0.0252096,-95.9619,4738.64,2.81615,0.351102,-0.00334196,0.0110897,-95.7418,4800.67,2.85302,0.355697,-0.00341172,-0.0109218,-95.7498
0.089,143.649,-2.17149,30.1079,0.00171811,-0.79496,0.00512909,-0.000697688,0.000160456,-0.000449747,5056.17,3,0,0,0,-0.0251358,0.0251114,-0.0112178,0.0112144,4613.19,2.07477,0.740215,5.7955e-05,0.0252187,-95.951,4668.44,2.09962,0.74908,-3.6897e-05,-0.0251075,-95.949,4721.79,2.12361,0.75764,-0.00349419,0.0110848,-95.7022,4796.14,2.15705,0.76957,-0.00355983,-0.0108913,-95.7146
0.099,143.95,-2.17844,30.1017,0.00195727,-0.0926962,0.0402583,-0.000830267,0.000246431,-0.000297779,5054.31,3,0,0,0,-0.0251597,0.0250309,-0.0112396,0.0112298,4618.97,1.37543,1.13826,7.61268e-05,0.0252931,-95.9343,4687.22,1.39576,1.15507,-3.54737e-05,-0.0249839,-95.9358,4707.94,1.40193,1.16018,-0.00359609,0.01115,-95.666,4791.9,1.42693,1.18087,-0.00363538,-0.0109327,-95.6827
0.109,144.25,-2.18539,30.0936,0.00258895,-1.32365,0.32619,-0.000696789,0.000330209,-0.00014037,5052.62,3,0,0,0,-0.0250056,0.0249455,-0.0112544,0.0112356,4627.42,0.649549,1.52802,0.000119847,0.02525,-95.9147,4705.2,0.660467,1.5537,7.60899e-06,-0.0249939,-95.9198,4696.85,0.659295,1.55094,-0.00368664,0.0111128,-95.6331,4787.63,0.672038,1.58092,-0.00370611,-0.0108638,-95.6534
0.119,144.551,-2.19234,30.0869,0.00293321,-0.587657,0.296593,-0.000709745,0.000408677,2.08841e-05,5050.98,3,0,0,0,-0.0250328,0.0248825,-0.0112836,0.0112597,4630.53,-0.0967042,1.89239,-9.00898e-05,0.0251334,-95.8952,4717.99,-0.0985308,1.92814,-0.000157531,-0.0248408,-95.9037,4688.39,-0.0979127,1.91604,-0.00372813,0.0110941,-95.6015,4783.27,-0.0998941,1.95481,-0.00372275,-0.0108213,-95.6248
0.129,144.852,-2.19928,30.0806,0.00294178,-0.514496,-0.229706,-0.000991251,0.000480281,0.000183797,5049.31,3,0,0,0,-0.0250033,0.0247585,-0.0113021,0.0112708,4636.9,-0.852251,2.22702,0.000224513,0.0252624,-95.8765,4732.56,-0.869832,2.27296,0.000102876,-0.0249715,-95.8875,4682.76,-0.860679,2.24904,-0.00382205,0.0112061,-95.5723,4779.18,-0.8784,2.29535,-0.00381856,-0.0109097,-95.598
0.139,145.153,-2.20623,30.0725,0.00340484,-1.15248,0.55479,-0.00087687,0.000544494,0.000347786,5048.08,3,0,0,0,-0.0249519,0.0247431,-0.0113208,0.0112839,4643.37,-1.6149,2.52829,4.64919e-05,0.0255813,-95.8556,4742.06,-1.64922,2.58203,-6.0365e-05,-0.0248852,-95.8704,4678.7,-1.62719,2.54753,-0.00386247,0.0111826,-95.545,4774.24,-1.66042,2.59955,-0.00381034,-0.0108635,-95.5721
0.149,145.453,-2.21318,30.066,0.00365559,-0.636461,0.0550123,-0.000912532,0.000599128,0.000510675,5046.71,3,0,0,0,-0.0248111,0.0246045,-0.0113441,0.0113024,4648.16,-2.3737,2.78484,0.000104455,0.0250529,-95.837,4751.02,-2.42623,2.84647,2.37504e-05,-0.0246663,-95.854,4675.78,-2.3878,2.80139,-0.00385786,0.0111828,-95.5177,4769.13,-2.43548,2.85732,-0.00380202,-0.0108398,-95.5456
0.159,145.754,-2.22012,30.059,0.00374766,-0.825913,-0.165814,-0.000960396,0.000644113,0.000671394,5045.39,3,0,0,0,-0.0247687,0.0244282,-0.0113657,0.0113207,4654,-3.12467,2.9977,0.000161331,0.0248689,-95.8147,4759.55,-3.19554,3.06569,8.42326e-05,-0.0243687,-95.8342,4674.04,-3.13813,3.01061,-0.00391205,0.0112167,-95.4928,4763.57,-3.19824,3.06828,-0.00385156,-0.0108597,-95.521
0.169,146.054,-2.22707,30.0517,0.00407887,-0.786644,0.208758,-0.000879839,0.000679517,0.000829949,5044.1,3,0,0,0,-0.0248913,0.0245614,-0.0113869,0.0113383,4656.72,-3.86484,3.16432,0.00016166,0.0252687,-95.7962,4761.12,-3.95149,3.23526,8.03011e-05,-0.0245978,-95.8177,4673.16,-3.87849,3.17549,-0.00393711,0.0112356,-95.4678,4757.63,-3.94859,3.23289,-0.00385333,-0.010864,-95.4956
0.179,146.355,-2.23402,30.0442,0.00432859,-1.38998,-0.00795366,-0.000749849,0.000705323,0.000983802,5042.96,3,0,0,0,-0.024661,0.0243647,-0.0113992,0.0113485,4665.03,-4.58947,3.29036,0.000137034,0.0248101,-95.7738,4768.13,-4.6909,3.36307,0.000111165,-0.0243398,-95.7974,4672.67,-4.59698,3.29574,-0.00394667,0.0112366,-95.4443,4751.28,-4.67432,3.35119,-0.00387007,-0.0108566,-95.4713
0.189,146.655,-2.24096,30.0366,0.00443419,-0.374077,0.0340651,-0.000701633,0.000721101,0.00113491,5041.55,3,0,0,0,-0.0248985,0.0245135,-0.0114236,0.0113716,4662.67,-5.29171,3.36226,-0.000292776,0.0248063,-95.7535,4764.88,-5.4077,3.43596,-0.000375892,-0.0242026,-95.778,4673.07,-5.30351,3.36976,-0.00391013,0.0112712,-95.4201,4745.13,-5.38529,3.42172,-0.00382115,-0.0108857,-95.4461
0.199,146.955,-2.24791,30.0308,0.00446813,-0.704568,0.167789,-0.000667545,0.000728485,0.00127863,5040.31,3,0,0,0,-0.024626,0.0242235,-0.0114436,0.0113911,4673.3,-5.97545,3.40443,0.000356242,0.0253704,-95.7332,4771.74,-6.10131,3.47614,0.000346691,-0.0246516,-95.7587,4673.77,-5.97605,3.40477,-0.00403085,0.0112917,-95.3968,4738.93,-6.05936,3.45224,-0.00393335,-0.0109085,-95.4212
0.209,147.255,-2.25485,30.0226,0.00451451,-0.422624,0.421156,-0.000536395,0.000727921,0.00141909,5039.21,3,0,0,0,-0.0245727,0.0242721,-0.0114597,0.0114077,4673.54,-6.6322,3.40197,-0.00016171,0.0251046,-95.709,4766.96,-6.76477,3.46997,-0.000233044,-0.0243709,-95.7357,4674.91,-6.63414,3.40297,-0.00398164,0.0112869,-95.3739,4733.06,-6.71666,3.4453,-0.00387207,-0.0109105,-95.3967
0.219,147.555,-2.2618,30.0158,0.00438459,-0.878538,-0.288722,-0.000570453,0.000720291,0.00155318,5037.94,3,0,0,0,-0.0246362,0.0242654,-0.0114756,0.0114243,4671.91,-7.25633,3.36514,9.0416e-05,0.0247716,-95.6926,4762.48,-7.397,3.43037,9.02917e-05,-0.0242758,-95.7193,4676.45,-7.26338,3.36841,-0.00395131,0.0113194,-95.3512,4727.73,-7.34303,3.40534,-0.00386899,-0.0109451,-95.3722
0.229,147.855,-2.26874,30.0087,0.00438102,-1.49885,-0.0757879,-0.000458141,0.000706946,0.00168082,5036.76,3,0,0,0,-0.0244948,0.0240509,-0.0114816,0.0114322,4676.83,-7.86093,3.30627,0.000224995,0.0247434,-95.6693,4761.69,-8.00356,3.36626,0.000101089,-0.0240657,-95.6958,4678.28,-7.86337,3.30729,-0.00390139,0.0113486,-95.3298,4722.93,-7.93841,3.33886,-0.0038207,-0.0109817,-95.3489
0.239,148.155,-2.27569,30.0018,0.00441737,-1.05976,0.0383791,-0.00028041,0.000688697,0.0018035,5035.52,3,0,0,0,-0.024637,0.024281,-0.0115069,0.0114594,4673.93,-8.42943,3.21892,0.000174077,0.0245033,-95.649,4752.6,-8.57131,3.2731,0.000189436,-0.0239368,-95.6758,4679.94,-8.44027,3.22306,-0.00400655,0.0113734,-95.307,4718.53,-8.50988,3.24964,-0.00392163,-0.0110204,-95.3243
0.249,148.455,-2.28263,29.9951,0.00419174,-0.187567,-0.223912,-0.000276717,0.000666959,0.00191929,5034.37,3,0,0,0,-0.0244623,0.0241346,-0.0115206,0.0114753,4676.7,-8.97594,3.11917,0.000141734,0.0249693,-95.6273,4750.86,-9.11828,3.16863,0.000155465,-0.0245299,-95.6536,4681.53,-8.98521,3.12239,-0.00399797,0.0113538,-95.2846,4714.68,-9.04883,3.1445,-0.00392875,-0.0110155,-95.3002
0.259,148.755,-2.28958,29.9878,0.00409775,-0.849712,-0.0421263,-0.000149041,0.000642662,0.00202991,5033.23,3,0,0,0,-0.0245039,0.0241165,-0.0115403,0.0114971,4674.36,-9.48856,3.00403,0.000192108,0.0243987,-95.6059,4744.34,-9.6306,3.049,0.000221804,-0.0237922,-95.6314,4682.89,-9.50587,3.00952,-0.00400412,0.0113597,-95.2628,4711.38,-9.56371,3.02783,-0.00394024,-0.0110391,-95.2767
0.269,149.055,-2.29652,29.9806,0.00380586,-0.523979,-0.16468,-0.000169956,0.000617595,0.00213544,5032.04,3,0,0,0,-0.0245836,0.0242443,-0.0115482,0.0115078,4671.02,-9.9747,2.8848,0.000157217,0.0247782,-95.5859,4735.82,-10.1131,2.92482,0.000164414,-0.0242238,-95.6111,4684.01,-10.0024,2.89282,-0.00398306,0.0113681,-95.2408,4708.67,-10.0551,2.90805,-0.00392792,-0.0110639,-95.2532
0.279,149.354,-2.30346,29.9741,0.00372435,0.108279,-0.0722864,-1.37167e-05,0.00059213,0.00223483,5030.87,3,0,0,0,-0.0243499,0.0240964,-0.0115639,0.0115259,4672.77,-10.4429,2.76689,0.000157865,0.0251698,-95.5616,4733.27,-10.5781,2.80271,0.000179687,-0.0247336,-95.586,4684.46,-10.469,2.77381,-0.00398593,0.0113436,-95.2185,4706.35,-10.5179,2.78677,-0.00393621,-0.0110618,-95.2296
0.289,149.654,-2.3104,29.9669,0.00379437,0.0534648,0.246307,0.000245672,0.000567174,0.0023302,5029.7,3,0,0,0,-0.0245414,0.0242023,-0.0115797,0.0115438,4664.52,-10.8693,2.6456,1.50409e-05,0.0243498,-95.5393,4723.8,-11.0074,2.67922,3.03441e-05,-0.0237816,-95.5626,4685.03,-10.9171,2.65723,-0.00397719,0.0113771,-95.1971,4704.91,-10.9634,2.6685,-0.00393628,-0.0111099,-95.2073
0.299,149.954,-2.31735,29.9591,0.00326109,-0.669483,0.000155489,4.71889e-05,0.000543904,0.00242082,5028.55,3,0,0,0,-0.0245326,0.0241924,-0.0115835,0.0115509,4662.45,-11.287,2.53593,0.000176575,0.0248983,-95.5187,4718.12,-11.4217,2.5662,0.000141958,-0.024291,-95.5414,4684.95,-11.3414,2.54816,-0.00398348,0.0113863,-95.1751,4703.65,-11.3867,2.55833,-0.0039424,-0.0111374,-95.1845
0.309,150.253,-2.32429,29.9522,0.00322139,-1.4678,0.230404,0.000193963,0.000523284,0.00250721,5027.35,3,0,0,0,-0.0242317,0.0240716,-0.0115917,0.0115605,4662.81,-11.6907,2.43997,0.000325564,0.0244535,-95.4935,4714.91,-11.8213,2.46723,0.000285532,-0.023993,-95.516,4684.67,-11.7455,2.45141,-0.00394183,0.0114962,-95.1537,4703.14,-11.7918,2.46108,-0.00389751,-0.01126,-95.1626
0.319,150.552,-2.33122,29.9454,0.00305634,-0.119729,0.101418,0.00032812,0.000503844,0.00259096,5026.22,3,0,0,0,-0.0246905,0.0243617,-0.0116096,0.011581,4648.99,-12.0453,2.34236,3.89544e-05,0.0245994,-95.4747,4702.31,-12.1835,2.36923,5.13567e-05,-0.0241088,-95.4959,4683.7,-12.1353,2.35986,-0.00395589,0.0113981,-95.1306,4702.64,-12.1844,2.3694,-0.00393153,-0.011187,-95.1393
0.329,150.852,-2.33816,29.9382,0.00269955,-1.32486,-0.075728,0.000208152,0.000488773,0.00266942,5025.08,3,0,0,0,-0.0244453,0.0241534,-0.0116093,0.0115828,4652.12,-12.4185,2.27383,0.000404053,0.0244187,-95.4499,4703.48,-12.5556,2.29894,0.000415275,-0.023951,-95.4711,4682.72,-12.5002,2.28879,-0.00398625,0.0114116,-95.1082,4702.58,-12.5532,2.29849,-0.00396785,-0.0112154,-95.1168
0.339,151.151,-2.3451,29.9296,0.00262889,-0.903968,0.286176,0.000434671,0.00047549,0.00274807,5023.89,3,0,0,0,-0.0247688,0.0244602,-0.0116252,0.011601,4641.25,-12.7545,2.20687,-0.000522299,0.0240754,-95.4237,4692.41,-12.8951,2.23119,-0.000337884,-0.0234788,-95.4449,4681.39,-12.8648,2.22596,-0.00390803,0.0114096,-95.0866,4703,-12.9242,2.23623,-0.0038951,-0.0112363,-95.0953
0.349,151.45,-2.35204,29.9243,0.00228711,-0.981831,0.0556594,0.000155387,0.000466202,0.00282127,5022.73,3,0,0,0,-0.0245041,0.0242694,-0.0116359,0.0116122,4643.25,-13.0999,2.16469,0.000522017,0.0250741,-95.4062,4694.19,-13.2436,2.18844,0.000484769,-0.0245641,-95.4257,4680.31,-13.2044,2.18197,-0.00399688,0.0114222,-95.0637,4703.5,-13.2699,2.19278,-0.0039756,-0.0112546,-95.0727
0.359,151.749,-2.35897,29.9185,0.00229543,0.44331,0.0624234,0.000381631,0.000460481,0.00289432,5022.07,3,0,0,0,-0.0245794,0.0243266,-0.0116543,0.0116319,4637.77,-13.4232,2.13561,9.31218e-05,0.0241418,-95.3786,4689.59,-13.5732,2.15947,0.000134577,-0.0237145,-95.3988,4679.02,-13.5426,2.1546,-0.00395978,0.0114578,-95.0411,4704.66,-13.6168,2.1664,-0.00395846,-0.011304,-95.0504
0.369,152.048,-2.3659,29.91,0.00194149,-0.486671,-0.111032,0.000196326,0.000457635,0.00296622,5020.39,3,0,0,0,-0.0246848,0.0244393,-0.0116541,0.0116331,4631.6,-13.7384,2.11958,0.000219532,0.0249535,-95.3586,4684.23,-13.8945,2.14367,0.000140925,-0.0245683,-95.3776,4677.4,-13.8742,2.14055,-0.00394958,0.0114352,-95.0192,4705.55,-13.9577,2.15343,-0.00394203,-0.0112926,-95.0291
0.379,152.347,-2.37284,29.9031,0.00207526,-0.811437,0.262031,0.000403332,0.000458934,0.00303591,5019.25,3,0,0,0,-0.0243365,0.0242051,-0.0116619,0.011642,4629.13,-14.0537,2.12446,0.000198927,0.0238773,-95.3316,4682.47,-14.2156,2.14894,0.000165929,-0.0235438,-95.3515,4675.65,-14.1949,2.14581,-0.00394384,0.0114051,-94.9966,4706.76,-14.2893,2.16009,-0.0039333,-0.0112717,-95.0071
0.389,152.646,-2.37977,29.8959,0.00190224,-0.55531,0.0733846,0.000366415,0.000461497,0.00310662,5018.07,3,0,0,0,-0.0247964,0.0244715,-0.0116742,0.0116549,4617.87,-14.346,2.13114,8.193e-05,0.0247691,-95.3117,4676.45,-14.528,2.15817,0.000101394,-0.0243252,-95.3308,4673.97,-14.5203,2.15703,-0.00394768,0.0114465,-94.9741,4708.22,-14.6267,2.17283,-0.0039429,-0.0113274,-94.9855
0.399,152.945,-2.3867,29.8893,0.0017054,-0.803223,0.111075,0.000257777,0.000467984,0.00317498,5016.89,3,0,0,0,-0.0246759,0.0244432,-0.0116797,0.0116606,4618.59,-14.664,2.16143,0.000381436,0.0250463,-95.2871,4677.42,-14.8508,2.18896,0.000343866,-0.02459,-95.3069,4672.4,-14.8349,2.18661,-0.0039818,0.0114587,-94.9513,4709.41,-14.9524,2.20393,-0.00396973,-0.0113398,-94.9635
0.409,153.244,-2.39362,29.8821,0.00179704,-0.939778,0.396006,0.000358553,0.000476312,0.003244,5015.76,3,0,0,0,-0.0245617,0.0244058,-0.0116848,0.0116667,4615.5,-14.9727,2.19842,0.00035111,0.0244274,-95.262,4676.28,-15.1699,2.22737,0.000255347,-0.0240088,-95.2821,4670.92,-15.1525,2.22481,-0.00400277,0.011478,-94.9292,4710.73,-15.2816,2.24378,-0.00398301,-0.0113666,-94.9422
0.419,153.542,-2.40055,29.8751,0.00155382,-0.734991,-0.0958601,0.000224854,0.00048555,0.00331361,5014.55,3,0,0,0,-0.0247706,0.0244863,-0.0116907,0.011673,4609.15,-15.273,2.23798,0.000242826,0.0247705,-95.2404,4674.37,-15.4891,2.26964,0.000242316,-0.0244062,-95.2603,4668.85,-15.4708,2.26696,-0.00392897,0.0114274,-94.904,4711.36,-15.6117,2.28761,-0.00392576,-0.0113215,-94.9179
0.429,153.841,-2.40747,29.868,0.00145338,-1.11478,-0.0826452,0.000157011,0.000496968,0.00338275,5013.58,3,0,0,0,-0.024762,0.0244768,-0.011696,0.0116789,4608.94,-15.5909,2.29049,0.000341303,0.0248106,-95.2166,4675.19,-15.8151,2.32342,0.000300067,-0.0244051,-95.237,4667.95,-15.7906,2.31982,-0.00396463,0.0114871,-94.8839,4712.83,-15.9424,2.34213,-0.00395184,-0.0113823,-94.8985
0.439,154.14,-2.41439,29.8611,0.00158742,-1.01944,0.0964405,0.000264996,0.000508999,0.0034529,5012.19,3,0,0,0,-0.0247981,0.0245763,-0.0117035,0.0116863,4607.26,-15.9085,2.34509,0.000370604,0.0248771,-95.1929,4675.04,-16.1425,2.37959,0.000295762,-0.0245481,-95.214,4666.71,-16.1138,2.37535,-0.00399783,0.0114868,-94.8615,4713.8,-16.2764,2.39932,-0.00398227,-0.011389,-94.8769
0.449,154.438,-2.42131,29.8537,0.00112687,-2.36213,-0.220395,-6.52437e-05,0.000520825,0.00352344,5011.06,3,0,0,0,-0.0247511,0.0244788,-0.011701,0.0116855,4606.22,-16.2298,2.39903,0.000491708,0.0248861,-95.1709,4676.81,-16.4785,2.4358,0.000449751,-0.0244081,-95.192,4665.81,-16.4398,2.43007,-0.00385914,0.0115143,-94.8388,4714.63,-16.6118,2.45549,-0.00384124,-0.0114171,-94.8549
0.459,154.737,-2.42823,29.8477,0.00145336,0.00658985,0.0668422,0.000153614,0.000533436,0.00359495,5009.86,3,0,0,0,-0.0248216,0.024502,-0.0117206,0.0117047,4603.72,-16.5502,2.45579,0.00014476,0.0248713,-95.1458,4676.13,-16.8105,2.49442,0.000121927,-0.0243849,-95.1673,4665.11,-16.7709,2.48854,-0.00396322,0.0115125,-94.8167,4715.3,-16.9514,2.51531,-0.00394295,-0.0114151,-94.8334
0.469,155.035,-2.43515,29.8403,0.00125542,-0.443025,-0.146254,-4.28352e-06,0.000545705,0.00366708,5008.68,3,0,0,0,-0.0248961,0.0246342,-0.0117248,0.0117095,4602.32,-16.8772,2.51151,0.000271518,0.0251458,-95.1243,4675.79,-17.1466,2.5516,0.000220953,-0.0247417,-95.1465,4664.44,-17.1049,2.54541,-0.00395947,0.0115098,-94.7942,4715.78,-17.2932,2.57342,-0.00393768,-0.0114106,-94.8113
0.479,155.333,-2.44207,29.833,0.00126353,-1.4341,-0.0855235,-2.11462e-05,0.000557168,0.00373989,5007.21,3,0,0,0,-0.0247809,0.0245136,-0.0117215,0.0117067,4603.63,-17.2171,2.56499,0.000353841,0.0245056,-95.1,4679.2,-17.4998,2.6071,0.000324375,-0.024052,-95.1225,4664.41,-17.4444,2.59886,-0.00398142,0.011603,-94.7719,4716.68,-17.6399,2.62798,-0.00395924,-0.0115024,-94.7895
0.489,155.631,-2.44898,29.8265,0.00145242,-0.0343546,0.0278217,9.60062e-05,0.000567967,0.00381371,5006.33,3,0,0,0,-0.0248806,0.0245451,-0.0117349,0.0117205,4602.02,-17.5508,2.6138,9.41492e-05,0.0249786,-95.077,4679.6,-17.8467,2.65786,5.53221e-05,-0.0245074,-95.0999,4663.98,-17.7872,2.64899,-0.00394879,0.0115374,-94.7494,4716.61,-17.9879,2.67888,-0.00392039,-0.0114382,-94.7673
0.499,155.93,-2.45589,29.8195,0.00148938,-0.652736,-0.205395,7.09757e-05,0.000578111,0.00388801,5005.17,3,0,0,0,-0.0248787,0.024595,-0.0117362,0.0117207,4603.59,-17.8989,2.66139,0.000384178,0.024826,-95.0547,4680.91,-18.1995,2.70609,0.000341058,-0.0245685,-95.0783,4664.07,-18.1341,2.69635,-0.00404555,0.0115567,-94.7274,4716.79,-18.339,2.72683,-0.00402022,-0.0114524,-94.7454
0.509,156.228,-2.4628,29.8115,0.00149905,-0.439637,0.0335524,0.000110745,0.000586542,0.00396309,5004.01,3,0,0,0,-0.024873,0.0246148,-0.0117398,0.0117259,4604.24,-18.2471,2.70058,-8.03146e-05,0.0252037,-95.0294,4682.16,-18.5559,2.74628,-5.99868e-05,-0.0248215,-95.0538,4664.07,-18.4842,2.73567,-0.00395005,0.0115428,-94.7055,4716.74,-18.693,2.76656,-0.00391876,-0.0114439,-94.7236
0.519,156.526,-2.46971,29.807,0.0011904,1.52752,-0.368075,-0.000101508,0.00059347,0.00403816,5002.85,3,0,0,0,-0.0248924,0.0245698,-0.0117424,0.0117313,4605.63,-18.5983,2.7333,0.000103397,0.0249479,-95.0086,4684.67,-18.9175,2.78021,7.27924e-05,-0.0245746,-95.0325,4664.4,-18.8357,2.76818,-0.00394781,0.0115673,-94.6831,4716.72,-19.0469,2.79923,-0.00391906,-0.0114648,-94.7014
0.529,156.823,-2.47662,29.7983,0.00148884,-0.807877,-0.0216837,4.56475e-05,0.000600003,0.0041144,5001.66,3,0,0,0,-0.0249387,0.0245993,-0.0117463,0.0117336,4606.8,-18.9543,2.76409,0.000305949,0.0251713,-94.9875,4685.48,-19.278,2.8113,0.000315511,-0.0247065,-95.0123,4664.79,-19.1929,2.79889,-0.00397911,0.0115805,-94.6613,4716.54,-19.4058,2.82994,-0.00394592,-0.0114785,-94.6795
0.539,157.121,-2.48353,29.7916,0.00120055,0.1103,-0.525617,-0.000181819,0.000604549,0.0041901,5000.46,3,0,0,0,-0.0248301,0.0245573,-0.0117539,0.0117425,4609.13,-19.3129,2.78645,3.35582e-05,0.0246378,-94.9631,4687.45,-19.641,2.83379,3.85137e-05,-0.0244179,-94.9879,4665.36,-19.5485,2.82044,-0.00392266,0.0116179,-94.639,4716.42,-19.7624,2.85131,-0.00389433,-0.0115105,-94.6571
0.549,157.419,-2.49043,29.7843,0.00104575,-1.06632,-0.461033,-0.00027339,0.000607805,0.00426692,4999.3,3,0,0,0,-0.0248309,0.0245105,-0.0117449,0.0117339,4610.55,-19.673,2.80232,0.000355135,0.0246003,-94.9429,4689.88,-20.0115,2.85053,0.000337812,-0.0241551,-94.9676,4665.86,-19.909,2.83593,-0.00399097,0.0116411,-94.6168,4716.18,-20.1237,2.86652,-0.00395733,-0.0115383,-94.6347
0.559,157.717,-2.49733,29.7775,0.00160365,-0.699512,0.0757881,7.53709e-05,0.000609957,0.00434305,4998.08,3,0,0,0,-0.0248699,0.0245011,-0.0117541,0.0117429,4612.46,-20.0323,2.8134,0.000289531,0.0249967,-94.9203,4691.41,-20.3751,2.86156,0.000310719,-0.0244839,-94.9453,4666.11,-20.2653,2.84612,-0.00396996,0.0115537,-94.5943,4715.5,-20.4798,2.87625,-0.0039338,-0.0114465,-94.612
0.569,158.014,-2.50423,29.7698,0.00157181,-0.783568,0.0136597,6.78064e-05,0.000611255,0.00441947,4997.02,3,0,0,0,-0.0249214,0.0246404,-0.0117552,0.0117453,4614.17,-20.3923,2.82043,0.000139255,0.0251061,-94.8982,4691.3,-20.7332,2.86758,0.000129737,-0.0247046,-94.9235,4666.97,-20.6257,2.85271,-0.00395487,0.0116137,-94.5733,4715.51,-20.8402,2.88238,-0.00391972,-0.0115091,-94.5907
0.579,158.312,-2.51113,29.7631,0.00181213,-0.375067,0.200252,0.000245494,0.000611116,0.00449458,4995.84,3,0,0,0,-0.0246945,0.0244375,-0.0117586,0.0117489,4619.64,-20.7635,2.82314,3.11862e-05,0.0253529,-94.8745,4696.66,-21.1096,2.8702,6.04827e-05,-0.0250395,-94.8998,4667.56,-20.9789,2.85242,-0.00392136,0.0116263,-94.5514,4715.31,-21.1935,2.8816,-0.00388585,-0.0115217,-94.5686
0.589,158.61,-2.51803,29.756,0.00151333,-0.682857,-0.00253321,5.12139e-05,0.000609819,0.00457018,4994.71,3,0,0,0,-0.024956,0.0245742,-0.0117601,0.0117513,4617.91,-21.1048,2.81609,0.000148718,0.0249932,-94.8548,4695.59,-21.4598,2.86346,0.000115165,-0.0244871,-94.8797,4668.2,-21.3347,2.84676,-0.00394571,0.0116231,-94.5292,4714.94,-21.5483,2.87526,-0.00390744,-0.0115193,-94.5462
0.599,158.907,-2.52492,29.7489,0.00170043,-0.985237,0.181143,0.000174424,0.000608446,0.00464416,4993.54,3,0,0,0,-0.0248002,0.0244845,-0.0117591,0.0117508,4624.13,-21.4753,2.81353,0.000245182,0.0250724,-94.8315,4699.56,-21.8256,2.85942,0.000224117,-0.0246223,-94.8568,4668.7,-21.6824,2.84065,-0.00395893,0.011635,-94.508,4714.53,-21.8952,2.86853,-0.0039209,-0.0115315,-94.5246
0.609,159.204,-2.53182,29.7421,0.00156089,-1.39336,-0.0185205,8.82148e-05,0.000605694,0.00471755,4992.41,3,0,0,0,-0.0248163,0.0245341,-0.0117588,0.0117516,4626.39,-21.8254,2.80218,0.000469161,0.0251263,-94.8111,4701.42,-22.1793,2.84762,0.000398982,-0.0247431,-94.836,4669.38,-22.0282,2.82822,-0.00398163,0.0116381,-94.4861,4714.47,-22.2409,2.85553,-0.0039459,-0.0115323,-94.5025
0.619,159.502,-2.53871,29.7349,0.0017351,-0.558813,0.419813,0.000230925,0.000602575,0.00479002,4991.21,3,0,0,0,-0.0247909,0.0244331,-0.0117653,0.0117584,4625.94,-22.1585,2.78748,1.95906e-05,0.0248345,-94.7878,4700.98,-22.518,2.83269,-2.65656e-05,-0.0242394,-94.8125,4670.07,-22.3699,2.81407,-0.00391104,0.0116656,-94.4648,4714.36,-22.582,2.84075,-0.00386808,-0.0115667,-94.481
0.629,159.799,-2.5456,29.7282,0.00148392,-0.667272,-0.00165917,5.1607e-05,0.000599245,0.00486124,4990.16,3,0,0,0,-0.0248644,0.0245346,-0.0117692,0.0117627,4627.4,-22.4951,2.77295,0.000191989,0.0250239,-94.767,4701.41,-22.8549,2.8173,0.000169709,-0.0245439,-94.792,4670.58,-22.705,2.79882,-0.00394239,0.0116505,-94.4427,4714.12,-22.9167,2.82491,-0.00390798,-0.0115517,-94.4586
0.639,160.096,-2.55249,29.721,0.00172469,-0.81169,0.359768,0.000241293,0.000595722,0.00493092,4988.96,3,0,0,0,-0.0248024,0.0245273,-0.0117675,0.0117614,4630.7,-22.8338,2.75861,0.000302812,0.0250261,-94.7446,4703.15,-23.191,2.80177,0.000248718,-0.0245598,-94.7697,4671.16,-23.0333,2.78272,-0.00400795,0.0116548,-94.4219,4714.15,-23.2453,2.80832,-0.00396683,-0.0115566,-94.4375
0.649,160.393,-2.55937,29.7136,0.00205114,-1.9993,0.755817,0.000502784,0.000591926,0.00499923,4987.75,3,0,0,0,-0.0247879,0.0244658,-0.0117698,0.011765,4632.42,-23.1587,2.74205,0.000240281,0.0250773,-94.7217,4704.6,-23.5196,2.78478,0.000203551,-0.0244754,-94.7463,4671.69,-23.3551,2.76529,-0.00380216,0.0116865,-94.3996,4714.13,-23.5673,2.79042,-0.003763,-0.0115906,-94.4151
0.659,160.69,-2.56626,29.7068,0.0013821,-0.943107,-0.116773,3.51468e-05,0.000587993,0.00506616,4986.67,3,0,0,0,-0.0248369,0.0244876,-0.011768,0.0117637,4631.59,-23.4646,2.72334,0.000199246,0.0248251,-94.7015,4704.35,-23.8332,2.76612,0.000210811,-0.0244028,-94.7255,4671.91,-23.6689,2.74705,-0.00396664,0.0116595,-94.3779,4714.05,-23.8823,2.77183,-0.00393386,-0.011565,-94.3932
0.669,160.987,-2.57314,29.7001,0.0014455,-0.782532,0.00704081,0.000102083,0.000584606,0.00513144,4985.53,3,0,0,0,-0.0247624,0.0244842,-0.0117676,0.0117645,4633.77,-23.7781,2.70893,0.000206399,0.0249756,-94.6794,4704.56,-24.1414,2.75031,0.00019845,-0.0245817,-94.7041,4671.83,-23.9734,2.73118,-0.0039464,0.0116056,-94.3568,4713.8,-24.1888,2.75572,-0.00391606,-0.0115099,-94.3719
0.679,161.284,-2.58002,29.6933,0.00161199,0.0475182,0.202023,0.000261799,0.000581498,0.00519524,4984.35,3,0,0,0,-0.0245801,0.0243665,-0.0117683,0.0117651,4633.95,-24.0747,2.69463,-0.000112034,0.024617,-94.6574,4704.17,-24.4395,2.73547,-6.05915e-05,-0.024309,-94.682,4672.12,-24.273,2.71683,-0.00386019,0.0116464,-94.3337,4714.01,-24.4906,2.74119,-0.00383224,-0.0115562,-94.3487
0.689,161.581,-2.5869,29.6855,0.00134607,-0.739755,0.00512591,6.66686e-05,0.000578437,0.00525737,4983.14,3,0,0,0,-0.0248785,0.0245277,-0.011769,0.0117665,4631.77,-24.3512,2.67919,-7.04007e-05,0.0248836,-94.6361,4703.56,-24.7286,2.72071,-0.000157254,-0.0243861,-94.6598,4672.92,-24.5675,2.70299,-0.00387915,0.0117194,-94.313,4714.8,-24.7877,2.72721,-0.00384486,-0.0116329,-94.328
0.699,161.878,-2.59378,29.679,0.00149467,-0.928578,0.00127355,0.000215113,0.000575981,0.00531657,4982.13,3,0,0,0,-0.0247174,0.0244227,-0.0117684,0.0117659,4637.09,-24.6537,2.67088,0.000215708,0.0250155,-94.6143,4707.39,-25.0274,2.71137,0.000202168,-0.0246717,-94.6385,4672.97,-24.8444,2.69154,-0.00391499,0.0116774,-94.2913,4714.97,-25.0677,2.71573,-0.00389411,-0.0115925,-94.3062
0.709,162.174,-2.60065,29.6727,0.00138587,-0.0286362,-0.0115815,0.000126452,0.000573606,0.0053749,4981,3,0,0,0,-0.0245997,0.0243682,-0.0117715,0.0117707,4637.33,-24.9254,2.66,4.7871e-05,0.0246121,-94.5917,4707.78,-25.3041,2.70041,3.89169e-05,-0.0243209,-94.6156,4673.18,-25.1181,2.68057,-0.00389343,0.0116866,-94.2694,4715.29,-25.3444,2.70471,-0.00386786,-0.011601,-94.2843
0.719,162.471,-2.60752,29.6655,0.0013647,-0.468886,-0.0594116,0.000173564,0.000571296,0.00543191,4979.86,3,0,0,0,-0.0247973,0.0244523,-0.0117703,0.0117694,4633.76,-25.1705,2.64725,0.000181874,0.0249162,-94.5726,4705.61,-25.5607,2.6883,0.000178947,-0.0245248,-94.5963,4673.33,-25.3854,2.66986,-0.00391814,0.0116819,-94.2482,4715.58,-25.6149,2.694,-0.00389573,-0.0116011,-94.2631
0.729,162.767,-2.61439,29.658,0.00146462,-1.19078,0.0506928,0.000221411,0.000570297,0.00548641,4978.73,3,0,0,0,-0.0247019,0.0243674,-0.0117579,0.0117573,4636.05,-25.4355,2.64393,0.000214973,0.0247458,-94.5497,4707.02,-25.8249,2.6844,0.000210321,-0.0243393,-94.5738,4673.4,-25.6405,2.66523,-0.00387694,0.0116793,-94.2265,4715.86,-25.8734,2.68944,-0.00385314,-0.0115993,-94.2414
0.739,163.064,-2.62126,29.6518,0.00138063,-0.236284,-0.0371049,0.000176702,0.000569218,0.00553912,4977.69,3,0,0,0,-0.0245639,0.0243543,-0.0117705,0.0117704,4636.06,-25.68,2.63893,6.89506e-05,0.0242969,-94.5263,4706.22,-26.0686,2.67887,9.7881e-05,-0.0240608,-94.5504,4673.42,-25.8869,2.6602,-0.00388956,0.0116907,-94.2052,4716.23,-26.124,2.68456,-0.00386898,-0.0116105,-94.2202
0.749,163.36,-2.62813,29.6445,0.00138833,-0.730879,-0.0910098,0.000194319,0.000567884,0.0055907,4976.48,3,0,0,0,-0.0247935,0.0244603,-0.0117713,0.0117718,4632.78,-25.9007,2.63088,0.000208917,0.0248384,-94.506,4704.77,-26.3032,2.67177,0.00023009,-0.0244695,-94.5293,4673.41,-26.1279,2.65396,-0.00389858,0.0116944,-94.1832,4716.49,-26.3688,2.67842,-0.00388442,-0.0116192,-94.1983
0.759,163.656,-2.635,29.6372,0.00136256,-1.21362,0.0721713,0.000159821,0.000567846,0.00563991,4975.31,3,0,0,0,-0.0247098,0.0243694,-0.0117618,0.0117628,4635.37,-26.1434,2.63218,0.000238382,0.0249806,-94.484,4706.21,-26.5429,2.6724,0.000219407,-0.0245278,-94.5076,4673.37,-26.3577,2.65375,-0.0039077,0.0117221,-94.1616,4716.64,-26.6017,2.67833,-0.00388116,-0.011644,-94.1767
0.769,163.953,-2.64186,29.6319,0.000694425,0.58918,-0.51537,-0.000275487,0.000567119,0.00568732,4974.2,3,0,0,0,-0.0247216,0.0244276,-0.0117757,0.0117787,4635.16,-26.3619,2.62869,0.000160856,0.024755,-94.4607,4705.4,-26.7614,2.66852,0.000151938,-0.0243786,-94.4843,4673.56,-26.5803,2.65047,-0.00390222,0.0116994,-94.1402,4717.14,-26.8282,2.67518,-0.0038719,-0.0116239,-94.1553
0.779,164.249,-2.64872,29.624,0.00139167,-0.525068,0.239827,0.000186825,0.000567241,0.00573383,4973.07,3,0,0,0,-0.0247182,0.0244299,-0.0117707,0.011773,4634.05,-26.5711,2.62862,0.000270606,0.0248162,-94.4416,4704.92,-26.9775,2.66882,0.000276503,-0.0243498,-94.465,4673.58,-26.7978,2.65105,-0.00389195,0.0117056,-94.1184,4717.3,-27.0485,2.67585,-0.00386083,-0.0116292,-94.1336
0.789,164.545,-2.65558,29.6165,0.00128666,-0.793491,0.0611814,0.000105195,0.000567331,0.00577887,4971.94,3,0,0,0,-0.024726,0.0243907,-0.0117663,0.0117688,4633.79,-26.7784,2.62889,-5.82516e-06,0.0248425,-94.4173,4705.38,-27.192,2.66951,6.73744e-05,-0.0243636,-94.4408,4673.63,-27.0086,2.65149,-0.00388965,0.0117113,-94.0971,4717.59,-27.2626,2.67643,-0.00386285,-0.0116369,-94.1123
0.799,164.841,-2.66244,29.6107,0.000829846,0.526096,-0.656515,-0.000224561,0.000567614,0.00582195,4970.84,3,0,0,0,-0.0247354,0.0244467,-0.0117766,0.0117778,4631.18,-26.9628,2.62872,8.43549e-05,0.0246339,-94.3961,4702.58,-27.3785,2.66925,3.99637e-05,-0.0243672,-94.4194,4673.58,-27.2096,2.65279,-0.00385587,0.0116851,-94.0753,4717.73,-27.4667,2.67785,-0.00383842,-0.0116068,-94.0906
0.809,165.137,-2.6693,29.6034,0.00132386,-0.190607,-0.00277531,0.000135945,0.000568302,0.00586399,4969.71,3,0,0,0,-0.0246642,0.0244089,-0.0117679,0.0117714,4631.61,-27.1601,2.63215,0.000177867,0.0247627,-94.3741,4702.54,-27.576,2.67246,0.000167286,-0.02447,-94.3977,4673.6,-27.4063,2.65602,-0.00386697,0.0116875,-94.0534,4717.95,-27.6664,2.68122,-0.00384202,-0.0116103,-94.0687
0.819,165.433,-2.67615,29.5963,0.00131266,-0.678688,0.0503886,0.000112334,0.00056844,0.00590471,4968.6,3,0,0,0,-0.024731,0.0243894,-0.011771,0.0117751,4629.31,-27.335,2.63148,0.000221432,0.0247802,-94.3522,4702.2,-27.7654,2.67292,0.000235425,-0.0243107,-94.3755,4673.87,-27.5981,2.65681,-0.00388466,0.0117159,-94.0324,4718.38,-27.861,2.68212,-0.00385896,-0.0116427,-94.0478
0.829,165.729,-2.68301,29.5894,0.00118347,-0.346498,-0.0437303,-3.12451e-06,0.00056952,0.00594446,4967.45,3,0,0,0,-0.024756,0.0244411,-0.0117659,0.0117703,4628.16,-27.5123,2.63583,0.000184786,0.0250228,-94.3304,4699.73,-27.9377,2.67659,0.000156909,-0.0245487,-94.354,4674.07,-27.7852,2.66198,-0.0038756,0.0117287,-94.0111,4718.73,-28.0507,2.68741,-0.00384653,-0.0116522,-94.0264
0.839,166.025,-2.68986,29.5826,0.00132936,-1.07691,0.205053,8.28356e-05,0.000570059,0.00598245,4966.23,3,0,0,0,-0.0246776,0.0244136,-0.0117639,0.0117685,4630.32,-27.701,2.63955,0.000527831,0.0252927,-94.3072,4701.51,-28.1269,2.68014,0.000417716,-0.024826,-94.3306,4674.15,-27.9632,2.66454,-0.00392986,0.0117461,-93.9899,4718.98,-28.2314,2.69009,-0.0038937,-0.0116666,-94.0053
0.849,166.32,-2.6967,29.576,0.00143429,0.181715,-0.0418065,0.000170454,0.000570613,0.00602014,4965,3,0,0,0,-0.0247536,0.0244484,-0.0117678,0.0117722,4626.52,-27.8526,2.63995,0.000143258,0.0249743,-94.2862,4699.37,-28.2912,2.68152,0.000123388,-0.024684,-94.3095,4674.79,-28.1432,2.6675,-0.00384909,0.0117799,-93.968,4719.69,-28.4135,2.69312,-0.00382753,-0.0116992,-93.9834
0.859,166.616,-2.70355,29.5682,0.00117759,-0.581239,-0.181701,-3.5461e-05,0.000571126,0.00605672,4964.06,3,0,0,0,-0.0247406,0.024372,-0.0117572,0.0117629,4625.55,-28.016,2.64177,4.82551e-05,0.0248072,-94.2636,4698.19,-28.456,2.68326,1.21142e-05,-0.0243605,-94.2869,4674.17,-28.3105,2.66954,-0.0038482,0.0116977,-93.946,4719.07,-28.5824,2.69519,-0.00382256,-0.0116189,-93.9614
0.869,166.912,-2.7104,29.5612,0.0015181,-1.08102,0.500387,0.000197784,0.000571631,0.00609241,4962.87,3,0,0,0,-0.0247191,0.0244543,-0.0117586,0.0117644,4627.43,-28.1926,2.64519,0.000116611,0.0251749,-94.2409,4698.51,-28.6256,2.68582,0.00013978,-0.0245905,-94.2645,4674.47,-28.4791,2.67207,-0.0038624,0.0117281,-93.9255,4719.41,-28.7529,2.69777,-0.00382681,-0.0116477,-93.9409
0.879,167.207,-2.71724,29.5557,0.00136591,0.232503,-0.0852995,0.000103084,0.0005719,0.00612708,4961.79,3,0,0,0,-0.0247116,0.0244264,-0.0117611,0.0117675,4626.04,-28.3445,2.64563,0.000241708,0.0249863,-94.2195,4698.05,-28.7857,2.68682,0.000229721,-0.0246978,-94.243,4674.44,-28.6411,2.67331,-0.0038669,0.011714,-93.9036,4719.27,-28.9157,2.69895,-0.00384538,-0.0116357,-93.919
0.889,167.502,-2.72408,29.5476,0.00122577,-1.07362,-0.106973,-4.116e-05,0.000571808,0.00616167,4960.68,3,0,0,0,-0.0247887,0.0244318,-0.0117544,0.0117611,4624.62,-28.4958,2.64439,0.000212271,0.0251934,-94.1976,4697.53,-28.945,2.68609,0.000223775,-0.0247133,-94.2207,4674.93,-28.8057,2.67316,-0.00386347,0.0117624,-93.8826,4719.7,-29.0816,2.69876,-0.00383073,-0.0116814,-93.898
0.899,167.798,-2.73092,29.5412,0.00131659,-0.451695,-0.0346243,-1.13898e-06,0.000572166,0.0061953,4959.58,3,0,0,0,-0.0247395,0.0244492,-0.011757,0.0117641,4624.6,-28.6511,2.64604,0.000173129,0.024958,-94.1755,4696.05,-29.0938,2.68692,0.000157725,-0.0245462,-94.1991,4675.01,-28.9635,2.67488,-0.00384681,0.0117322,-93.8612,4719.65,-29.24,2.70042,-0.00381758,-0.0116502,-93.8765
0.909,168.093,-2.73776,29.5337,0.00149607,-1.18206,0.0897008,0.000129645,0.00057199,0.00622825,4958.49,3,0,0,0,-0.0246729,0.0244268,-0.0117543,0.0117615,4623.69,-28.7979,2.6447,0.000102027,0.0244496,-94.153,4695.36,-29.2443,2.6857,0.000134538,-0.0240975,-94.1765,4675.21,-29.1188,2.67417,-0.00383833,0.0117616,-93.84,4719.75,-29.3962,2.69965,-0.00381266,-0.0116776,-93.8552
0.919,168.388,-2.7446,29.5277,0.00142477,-0.756802,-0.0446413,6.43612e-05,0.000571422,0.00626101,4957.3,3,0,0,0,-0.0247679,0.0244232,-0.011755,0.0117625,4622.56,-28.9423,2.64143,0.000337565,0.0249,-94.1325,4695.3,-29.3977,2.683,0.000349138,-0.0244803,-94.1555,4675.31,-29.2726,2.67158,-0.00387604,0.011737,-93.8185,4719.68,-29.5504,2.69693,-0.0038518,-0.0116532,-93.8338
0.929,168.683,-2.75143,29.5205,0.00136871,-0.627995,0.0214452,5.87971e-06,0.000571321,0.00629324,4956.16,3,0,0,0,-0.0247855,0.0244612,-0.0117528,0.0117608,4622.73,-29.0924,2.64106,0.000145515,0.02498,-94.1095,4693.92,-29.5404,2.68174,0.000124175,-0.0244991,-94.1329,4675.72,-29.4258,2.67134,-0.00385086,0.0117341,-93.7972,4719.89,-29.7038,2.69657,-0.00381961,-0.0116494,-93.8124
0.939,168.979,-2.75827,29.5141,0.0015182,0.32784,0.494405,0.000108981,0.00057108,0.00632479,4955.05,3,0,0,0,-0.0246244,0.0244194,-0.0117519,0.0117603,4625.01,-29.2526,2.64125,0.000146763,0.0256629,-94.0862,4694.95,-29.695,2.68119,6.1917e-05,-0.0250895,-94.1099,4675.54,-29.5722,2.67011,-0.00393077,0.0117053,-93.776,4719.68,-29.8514,2.69532,-0.00388741,-0.0116229,-93.7911
0.949,169.274,-2.7651,29.5061,0.00144134,-0.523482,-0.442388,3.90301e-05,0.000569835,0.00635675,4953.94,3,0,0,0,-0.0248417,0.0245179,-0.0117499,0.0117584,4619.79,-29.3673,2.63252,-0.00016762,0.0248019,-94.0651,4692.86,-29.8317,2.67415,-0.000130146,-0.0246654,-94.0882,4676,-29.7246,2.66455,-0.00380769,0.0117467,-93.7549,4719.98,-30.0042,2.68961,-0.00379264,-0.0116615,-93.77
0.959,169.569,-2.77193,29.5003,0.00137916,-0.716064,-0.0440741,-3.02902e-05,0.000569287,0.00638712,4952.78,3,0,0,0,-0.0247289,0.0243894,-0.0117502,0.0117593,4624.03,-29.5346,2.6324,0.000311804,0.0250499,-94.0442,4695.24,-29.9895,2.67294,0.000279873,-0.024566,-94.0674,4676.29,-29.8684,2.66215,-0.00385182,0.0117537,-93.7334,4720.01,-30.1477,2.68704,-0.00382115,-0.0116657,-93.7484
0.969,169.863,-2.77875,29.4936,0.00139976,-0.207503,-0.0394699,-5.90959e-05,0.000568073,0.00641837,4951.69,3,0,0,0,-0.0249491,0.0246445,-0.011749,0.0117581,4620.24,-29.6549,2.62464,0.000242166,0.0251433,-94.0253,4691.53,-30.1124,2.66513,0.000253577,-0.0246968,-94.0481,4676.31,-30.0147,2.65649,-0.00383042,0.0117367,-93.7118,4719.82,-30.294,2.6812,-0.00380215,-0.0116498,-93.7268
0.979,170.158,-2.78558,29.4856,0.0020616,-2.91219,1.57724,0.000484199,0.000567144,0.00644804,4950.57,3,0,0,0,-0.0247514,0.0244416,-0.01174,0.0117498,4625.06,-29.823,2.62308,0.000257714,0.024151,-93.9986,4693.78,-30.2661,2.66205,0.00029706,-0.0230651,-94.022,4676.46,-30.1544,2.65223,-0.00363093,0.0117252,-93.6899,4719.76,-30.4336,2.67678,-0.00357314,-0.0116443,-93.7047
0.989,170.453,-2.7924,29.4797,0.00147515,-0.974586,0.0320869,2.0255e-06,0.000565377,0.0064785,4949.43,3,0,0,0,-0.0248423,0.0244715,-0.0117446,0.0117545,4623.5,-29.9537,2.61402,0.000313601,0.0250532,-93.9796,4695.03,-30.4172,2.65446,0.000328639,-0.0245368,-94.0022,4676.98,-30.3002,2.64425,-0.00383451,0.0117841,-93.6694,4720.02,-30.5791,2.66859,-0.00380613,-0.0116945,-93.6843
0.999,170.748,-2.79923,29.4733,0.00118024,0.912624,-0.0188087,-0.000179142,0.000564517,0.00650847,4948.4,3,0,0,0,-0.0247207,0.0244245,-0.0117455,0.0117556,4621.82,-30.0814,2.6091,-0.000109679,0.0251256,-93.9551,4692.58,-30.5419,2.64904,-0.000147919,-0.0245326,-93.9783,4676.4,-30.4366,2.63991,-0.00372402,0.011668,-93.648,4719.27,-30.7156,2.66411,-0.00369267,-0.0115795,-93.6627
1.009,171.042,-2.80605,29.4665,0.00155076,-0.497948,-0.0633759,8.30065e-05,0.000563242,0.00653796,4947.1,3,0,0,0,-0.0246798,0.0244564,-0.0117426,0.011753,4624.01,-30.232,2.60443,0.000323854,0.0254579,-93.9356,4694.15,-30.6906,2.64394,0.000336267,-0.0252149,-93.9588,4677.66,-30.5828,2.63466,-0.00381492,0.0118172,-93.627,4720.42,-30.8624,2.65874,-0.00379554,-0.0117276,-93.6416
1.019,171.337,-2.81286,29.4596,0.001537,-1.28889,0.0329578,8.0707e-05,0.000561632,0.00656691,4946.07,3,0,0,0,-0.0248884,0.0245455,-0.0117407,0.0117514,4621.12,-30.3469,2.59537,0.000537253,0.0249909,-93.9151,4692.4,-30.815,2.6354,0.000607468,-0.024513,-93.9379,4677.51,-30.7172,2.62704,-0.00386716,0.0117677,-93.6057,4720.14,-30.9972,2.65098,-0.00384495,-0.0116825,-93.6204
1.029,171.631,-2.81968,29.4518,0.00147131,-0.143226,0.00957743,7.51032e-06,0.000560704,0.0065957,4944.94,3,0,0,0,-0.0248784,0.0245707,-0.0117428,0.0117531,4622.78,-30.4909,2.59201,-0.000162152,0.0249869,-93.8895,4692.76,-30.9525,2.63125,-0.00022522,-0.0245431,-93.9121,4677.84,-30.8541,2.62288,-0.00377294,0.0117636,-93.5851,4720.28,-31.134,2.64668,-0.00374385,-0.0116717,-93.5996
1.039,171.926,-2.8265,29.4454,0.00152928,-1.02975,-0.230674,3.07066e-05,0.000559965,0.00662376,4943.83,3,0,0,0,-0.0246596,0.0244557,-0.0117365,0.0117479,4626.43,-30.6448,2.59064,0.000248529,0.0246314,-93.8696,4695.29,-31.101,2.6292,0.000248027,-0.0244432,-93.8927,4677.94,-30.986,2.61948,-0.00379795,0.0117803,-93.5635,4720.42,-31.2674,2.64327,-0.00377899,-0.0116876,-93.578
1.049,172.22,-2.83331,29.4388,0.00143888,-1.06345,-0.342078,1.18403e-05,0.000558793,0.00665185,4942.5,3,0,0,0,-0.024639,0.0243324,-0.0117381,0.0117494,4628.15,-30.7862,2.58618,0.000322947,0.0254837,-93.8456,4699.14,-31.2584,2.62585,0.000374532,-0.0252307,-93.8684,4678.28,-31.1197,2.6142,-0.00390119,0.0118547,-93.5425,4720.91,-31.4033,2.63802,-0.00388247,-0.0117658,-93.557
1.059,172.514,-2.84012,29.4318,0.00150367,-0.712558,-0.00697456,-1.10509e-05,0.000557764,0.00668054,4941.58,3,0,0,0,-0.0249251,0.0245906,-0.0117355,0.0117472,4621.24,-30.8729,2.57756,0.000213811,0.0251633,-93.8284,4691.34,-31.3412,2.61666,0.000186201,-0.0246894,-93.8507,4678.13,-31.2529,2.60929,-0.00379416,0.0117715,-93.521,4720.8,-31.538,2.63309,-0.00376559,-0.0116749,-93.5356
1.069,172.809,-2.84693,29.4249,0.00191747,-1.05329,0.047139,0.000289534,0.00055747,0.00670743,4940.42,3,0,0,0,-0.0245616,0.0243403,-0.0117226,0.0117338,4624.79,-31.0209,2.57818,0.000230078,0.0243606,-93.8036,4694.61,-31.4892,2.6171,0.00023244,-0.0241997,-93.8265,4677.63,-31.3753,2.60764,-0.00376805,0.0116983,-93.4991,4720.33,-31.6617,2.63144,-0.00375139,-0.0116073,-93.5136
1.079,173.103,-2.85374,29.4176,0.00158938,-1.07053,0.287935,7.78829e-05,0.000556008,0.00673509,4939.41,3,0,0,0,-0.0246995,0.0244369,-0.0117272,0.0117395,4622.81,-31.1355,2.57032,-8.45206e-05,0.0243544,-93.7818,4691.98,-31.6014,2.60878,-5.22455e-05,-0.023809,-93.8046,4678.54,-31.5109,2.60131,-0.00378896,0.0117909,-93.4789,4721.17,-31.798,2.62501,-0.00375731,-0.011701,-93.4934
1.089,173.397,-2.86055,29.4116,0.00142755,-0.465775,-0.193364,-7.4572e-05,0.000555205,0.0067615,4938.24,3,0,0,0,-0.0248515,0.024525,-0.0117324,0.0117447,4623.11,-31.2597,2.56677,0.000206193,0.0251939,-93.763,4693.32,-31.7344,2.60575,0.000161781,-0.0247807,-93.7849,4678.63,-31.6351,2.5976,-0.00380261,0.0117796,-93.4576,4721.13,-31.9224,2.6212,-0.00377672,-0.0116864,-93.4721
1.099,173.691,-2.86735,29.4058,0.00171947,0.387542,0.532335,0.000113879,0.000554696,0.00678722,4937.1,3,0,0,0,-0.0246897,0.0244085,-0.0117318,0.0117441,4627.41,-31.4077,2.56681,0.000217912,0.025482,-93.7397,4696.78,-31.8786,2.60529,0.000209347,-0.0248151,-93.7624,4678.53,-31.7547,2.59516,-0.00379631,0.0117412,-93.436,4721.02,-32.0431,2.61873,-0.00376228,-0.0116521,-93.4504
1.109,173.985,-2.87415,29.3981,0.00156999,-1.6323,-0.0528638,1.47259e-05,0.0005537,0.00681361,4935.96,3,0,0,0,-0.0247487,0.0245024,-0.0117227,0.0117357,4626.98,-31.527,2.56196,0.000472424,0.024778,-93.72,4695.83,-31.9961,2.60008,0.000389505,-0.0244376,-93.7422,4679.15,-31.8824,2.59085,-0.00379213,0.0118258,-93.4153,4721.52,-32.1711,2.61431,-0.00376694,-0.0117281,-93.4298
1.119,174.279,-2.88095,29.3911,0.00162866,-0.475263,0.0272805,7.26082e-05,0.000552735,0.00683907,4934.92,3,0,0,0,-0.0247808,0.024459,-0.0117275,0.0117403,4626.3,-31.6401,2.55712,4.42656e-05,0.024997,-93.6977,4695.74,-32.115,2.5955,-8.42621e-06,-0.0245978,-93.7198,4679.16,-32.0016,2.58634,-0.00375869,0.0117778,-93.3942,4721.4,-32.2905,2.60968,-0.00373113,-0.0116843,-93.4087
1.129,174.572,-2.88775,29.3847,0.00183303,-1.1492,0.207357,0.000208572,0.00055194,0.0068639,4933.06,3,0,0,0,-0.0247044,0.0243743,-0.0117223,0.0117347,4629.68,-31.7781,2.5553,0.00036027,0.0248958,-93.6759,4697.96,-32.2468,2.59299,0.000369568,-0.0244697,-93.6983,4679.72,-32.1216,2.58292,-0.00381101,0.0119198,-93.3732,4721.87,-32.411,2.60619,-0.00378045,-0.0118286,-93.3876
1.139,174.866,-2.89455,29.3774,0.00143941,-0.751267,-0.402381,-5.58596e-05,0.000550972,0.00688864,4932.68,3,0,0,0,-0.0247457,0.0245221,-0.0117246,0.0117382,4626.01,-31.8674,2.5488,-1.49458e-05,0.0244183,-93.654,4694.22,-32.3373,2.58638,3.04514e-05,-0.0242412,-93.6766,4679.5,-32.2359,2.57827,-0.00374538,0.011776,-93.352,4721.62,-32.526,2.60148,-0.00372931,-0.0116829,-93.3663
1.149,175.16,-2.90135,29.3706,0.00150281,-1.03,-0.0659852,-3.03551e-05,0.000549647,0.00691234,4931.56,3,0,0,0,-0.0247531,0.0244501,-0.0117212,0.0117347,4627.5,-31.9874,2.54349,0.000151637,0.0249949,-93.6337,4696.54,-32.4646,2.58144,0.000149598,-0.024573,-93.6557,4679.67,-32.348,2.57217,-0.00376129,0.011786,-93.3309,4721.67,-32.6383,2.59525,-0.00373163,-0.0116938,-93.3453
1.159,175.453,-2.90814,29.3635,0.00151792,-1.49125,-0.205359,-5.01002e-05,0.000548879,0.00693558,4930.5,3,0,0,0,-0.0248002,0.0244954,-0.0117226,0.0117365,4627.95,-32.098,2.54018,6.70638e-05,0.0246705,-93.6114,4696.52,-32.5736,2.57782,8.75988e-05,-0.0243318,-93.6336,4679.85,-32.458,2.56867,-0.00378244,0.0117794,-93.3099,4721.7,-32.7483,2.59164,-0.00376179,-0.011685,-93.3242
1.169,175.747,-2.91494,29.3572,0.00164261,-0.683396,-0.162765,8.64071e-05,0.000548484,0.00695853,4929.35,3,0,0,0,-0.0247781,0.0245223,-0.0117183,0.0117313,4627.19,-32.1989,2.53794,9.07418e-05,0.0248339,-93.5904,4694.97,-32.6706,2.57511,8.78004e-05,-0.0246016,-93.6128,4679.84,-32.5653,2.56682,-0.0037367,0.0117585,-93.2888,4721.72,-32.8568,2.58979,-0.00372209,-0.0116659,-93.3029
1.179,176.04,-2.92173,29.3511,0.00129872,-1.44562,-0.304031,-0.000185144,0.000547149,0.00698064,4928.23,3,0,0,0,-0.0246504,0.0243802,-0.0117121,0.0117272,4629.93,-32.3204,2.53326,0.00042658,0.0248791,-93.5691,4698.52,-32.7992,2.57079,0.00041263,-0.0244946,-93.5908,4680.09,-32.6705,2.56071,-0.00368918,0.0117857,-93.2677,4721.93,-32.9626,2.5836,-0.00366591,-0.0116917,-93.2819
1.189,176.334,-2.92852,29.3438,0.00157703,-0.637176,-0.0620052,-2.37962e-06,0.000546649,0.00700304,4927.12,3,0,0,0,-0.0248343,0.0245067,-0.0117156,0.0117299,4625.55,-32.3935,2.52855,7.27662e-05,0.0248938,-93.548,4694.2,-32.8742,2.56608,5.55491e-05,-0.0244762,-93.57,4680.31,-32.7769,2.55849,-0.0037517,0.0117863,-93.2468,4722.14,-33.0699,2.58135,-0.00372744,-0.0116901,-93.2609
1.199,176.627,-2.9353,29.3378,0.00183159,0.0290152,0.758281,0.000159228,0.000545956,0.00702351,4926.02,3,0,0,0,-0.0247434,0.0244397,-0.0117174,0.0117319,4629.1,-32.5131,2.52729,0.000247907,0.0256003,-93.5256,4696.88,-32.9891,2.56429,0.000226318,-0.0248626,-93.5475,4679.79,-32.8691,2.55496,-0.00380151,0.0117506,-93.2259,4721.61,-33.1629,2.57779,-0.00375774,-0.0116539,-93.24
1.209,176.92,-2.94209,29.3302,0.00162521,-0.679,-0.0628901,3.57478e-05,0.000545543,0.00704447,4924.87,3,0,0,0,-0.0246741,0.0244668,-0.0117151,0.0117299,4627.25,-32.5971,2.52436,-2.58691e-06,0.0247293,-93.5035,4695.08,-33.0749,2.56137,4.21231e-05,-0.0244452,-93.5259,4680.13,-32.9696,2.55321,-0.00371505,0.0117475,-93.2048,4722.08,-33.2651,2.5761,-0.00369283,-0.0116552,-93.2188
1.219,177.214,-2.94888,29.324,0.00148708,-0.522081,-0.204485,-5.93307e-05,0.000544541,0.00706439,4923.8,3,0,0,0,-0.0247842,0.024457,-0.0117145,0.0117297,4626.93,-32.687,2.51956,0.000205035,0.0249435,-93.4837,4696.31,-33.1771,2.55734,0.000213249,-0.024551,-93.5054,4680.62,-33.0663,2.54879,-0.00375596,0.0117887,-93.1838,4722.53,-33.3624,2.57161,-0.00373536,-0.0116957,-93.198
1.229,177.507,-2.95566,29.317,0.00158712,-1.24352,-0.0568572,-3.73803e-05,0.000544313,0.00708378,4922.72,3,0,0,0,-0.0247639,0.0244728,-0.0117205,0.011735,4628.92,-32.7908,2.51958,0.000288462,0.0250569,-93.4623,4696.66,-33.2707,2.55645,0.000288181,-0.0246273,-93.4846,4680.92,-33.1591,2.54788,-0.00373617,0.0118156,-93.1629,4722.73,-33.4553,2.57064,-0.00371317,-0.0117196,-93.177
1.239,177.8,-2.96244,29.31,0.00180988,-1.01112,0.0960702,0.000128989,0.000543954,0.00710312,4921.59,3,0,0,0,-0.0247264,0.0245002,-0.0117083,0.0117235,4628.92,-32.8803,2.51792,0.000183468,0.024915,-93.4406,4695.9,-33.3561,2.55435,0.000156065,-0.0246163,-93.4625,4680.93,-33.2497,2.54621,-0.00374105,0.0117961,-93.1423,4722.74,-33.5467,2.56895,-0.00371874,-0.0116986,-93.1563
1.249,178.093,-2.96922,29.3034,0.00189762,-0.988329,0.517393,0.000203635,0.000543424,0.00712132,4920.41,3,0,0,0,-0.0245987,0.0243264,-0.0117091,0.011724,4628.94,-32.9647,2.51548,0.000106086,0.0245122,-93.4178,4695.94,-33.4419,2.55189,9.19314e-05,-0.0239705,-93.4397,4680.77,-33.3338,2.54364,-0.0037197,0.0117631,-93.1206,4722.6,-33.6317,2.56638,-0.00368582,-0.0116667,-93.1347
1.259,178.386,-2.976,29.2961,0.00155214,-0.84802,-0.0750474,-7.51183e-05,0.000542778,0.00713995,4919.38,3,0,0,0,-0.0248479,0.0245046,-0.0117094,0.0117249,4625.32,-33.0251,2.51052,-9.45647e-05,0.0249831,-93.3967,4694.06,-33.5159,2.54783,-0.000170189,-0.024522,-93.4177,4681.06,-33.4232,2.54078,-0.00371498,0.0117677,-93.1006,4722.86,-33.7216,2.56346,-0.00368778,-0.0116695,-93.1147
1.269,178.678,-2.98278,29.2904,0.00153759,-0.721761,0.133371,-5.1706e-05,0.00054257,0.00715689,4918.28,3,0,0,0,-0.02476,0.0244963,-0.0117109,0.0117267,4628.04,-33.123,2.51104,0.000205743,0.0251319,-93.3766,4694.97,-33.602,2.54735,0.0002266,-0.0245871,-93.3987,4681.28,-33.504,2.53992,-0.00369129,0.0117919,-93.0797,4723.09,-33.8033,2.56261,-0.00365971,-0.011695,-93.0937
1.279,178.971,-2.98955,29.2842,0.00161181,-0.209266,-0.214177,1.64361e-05,0.000542232,0.00717367,4917.17,3,0,0,0,-0.0246021,0.0243633,-0.0117081,0.011724,4630.67,-33.2195,2.51089,0.000295156,0.0252192,-93.3536,4698.25,-33.7043,2.54754,0.000237768,-0.0249977,-93.3753,4681.41,-33.5835,2.53841,-0.0037556,0.0117937,-93.0582,4723.23,-33.8835,2.56108,-0.00373732,-0.0116963,-93.0723
1.289,179.264,-2.99632,29.2769,0.00159338,-0.941478,-0.212934,-2.0735e-05,0.000541507,0.00719082,4916.07,3,0,0,0,-0.0248852,0.0245612,-0.011707,0.0117227,4625.09,-33.2588,2.50451,0.000335698,0.0250995,-93.3354,4694.19,-33.7556,2.54193,0.000411713,-0.0247284,-93.357,4681.49,-33.6644,2.53506,-0.00376343,0.0117947,-93.0372,4723.29,-33.9649,2.55769,-0.0037466,-0.0116988,-93.0513
1.299,179.557,-3.00309,29.2702,0.00184441,-1.08844,0.297945,0.000129416,0.000541431,0.00720644,4914.95,3,0,0,0,-0.0246276,0.0243273,-0.0116981,0.0117132,4630.2,-33.3678,2.50693,0.000297347,0.0251788,-93.311,4697.55,-33.8532,2.5434,0.000282154,-0.0246753,-93.3327,4681.62,-33.7384,2.53477,-0.00374306,0.0118022,-93.0167,4723.3,-34.0388,2.55734,-0.0037133,-0.0117024,-93.0307
1.309,179.849,-3.00986,29.263,0.00168467,-0.993198,-0.221436,8.92133e-06,0.000540909,0.00722284,4913.89,3,0,0,0,-0.0246784,0.024493,-0.0117005,0.0117167,4626.89,-33.4199,2.50273,1.90865e-05,0.0247417,-93.2909,4693.82,-33.9033,2.53893,4.44974e-05,-0.0245748,-93.3127,4681.75,-33.8161,2.5324,-0.00364675,0.0118099,-92.9958,4723.42,-34.1171,2.55494,-0.00363175,-0.0117102,-93.0098
1.319,180.142,-3.01663,29.2569,0.00183193,-0.720301,0.186672,0.000136293,0.000540075,0.00723775,4912.78,3,0,0,0,-0.0247768,0.0244656,-0.0117062,0.0117229,4625.96,-33.4822,2.49836,9.19264e-05,0.0250351,-93.2701,4694.18,-33.9759,2.53521,5.05965e-05,-0.0245971,-93.2915,4681.9,-33.887,2.52857,-0.00362475,0.0117958,-92.9748,4723.5,-34.1882,2.55104,-0.00359344,-0.0116952,-92.9888
1.329,180.434,-3.0234,29.2496,0.00175462,-0.947014,0.206039,6.06306e-05,0.000539649,0.00725284,4911.7,3,0,0,0,-0.0247285,0.0243697,-0.0117007,0.0117168,4627.84,-33.5656,2.49741,0.000144867,0.0253572,-93.2477,4695.41,-34.0557,2.53388,9.13585e-05,-0.024809,-93.269,4682.16,-33.9596,2.52672,-0.00373397,0.0118239,-92.954,4723.7,-34.2609,2.54914,-0.00370183,-0.0117255,-92.968
1.339,180.727,-3.03016,29.2426,0.0018525,-1.26965,-0.15285,0.000136712,0.000539361,0.00726739,4910.58,3,0,0,0,-0.0246607,0.0244419,-0.0116913,0.0117081,4625.6,-33.6167,2.49487,-4.75283e-05,0.0239027,-93.2253,4692,-34.0992,2.53068,-3.9235e-05,-0.0237693,-93.2473,4682.16,-34.0277,2.52537,-0.00365616,0.0117918,-92.9337,4723.6,-34.3289,2.54773,-0.00363888,-0.0116906,-92.9476
1.349,181.019,-3.03693,29.2366,0.00168396,-0.854427,-0.0250707,1.91804e-05,0.000537887,0.00728138,4909.48,3,0,0,0,-0.0247752,0.0244876,-0.0116991,0.0117157,4625.48,-33.6804,2.48799,0.000157697,0.0249313,-93.2066,4693.05,-34.1724,2.52433,0.000170945,-0.0245409,-93.2279,4682.36,-34.0946,2.51858,-0.00370633,0.0117917,-92.9123,4723.71,-34.3957,2.54082,-0.00368211,-0.0116939,-92.9262
1.359,181.311,-3.04369,29.23,0.00159625,-1.02474,-0.100774,-8.21253e-05,0.000537234,0.0072949,4908.38,3,0,0,0,-0.0247406,0.0244255,-0.0116928,0.0117097,4627.6,-33.7585,2.48611,0.000196167,0.0249426,-93.1836,4695.01,-34.2502,2.52232,0.0002015,-0.0245037,-93.2048,4682.49,-34.1589,2.51559,-0.00371591,0.0117847,-92.8916,4723.57,-34.4586,2.53766,-0.00368779,-0.0116825,-92.9055
1.369,181.603,-3.05045,29.2227,0.00175616,-1.32493,-0.248295,6.2792e-05,0.000536564,0.00730855,4907.3,3,0,0,0,-0.0248043,0.0245422,-0.0116968,0.011714,4627.16,-33.8184,2.48277,6.02344e-06,0.024869,-93.1622,4692.95,-34.2993,2.51807,-1.07934e-05,-0.0246855,-93.1837,4682.67,-34.2242,2.51256,-0.00366101,0.0118179,-92.871,4723.74,-34.5243,2.53459,-0.00365596,-0.0117266,-92.8848
1.379,181.896,-3.05721,29.2164,0.00165326,-0.941153,-0.0596873,-5.65896e-05,0.00053575,0.00732153,4906.2,3,0,0,0,-0.024643,0.0244385,-0.011691,0.0117083,4628.31,-33.8869,2.47962,0.000123613,0.0250305,-93.142,4694.16,-34.369,2.5149,0.000126383,-0.0246932,-93.1635,4682.87,-34.2864,2.50885,-0.00367541,0.0117946,-92.8503,4723.77,-34.5858,2.53076,-0.00364888,-0.0116926,-92.8641
1.389,182.188,-3.06397,29.2106,0.0017177,-0.655544,-0.188035,5.357e-05,0.000535,0.00733416,4905.1,3,0,0,0,-0.0246498,0.0243431,-0.011696,0.0117132,4628.84,-33.9493,2.47643,0.000238996,0.0246949,-93.1193,4695.6,-34.4389,2.51215,0.000256217,-0.0243813,-93.1407,4683.02,-34.3466,2.50542,-0.00370525,0.0118182,-92.8285,4723.95,-34.6468,2.52732,-0.00369131,-0.0117183,-92.8422
1.399,182.48,-3.07072,29.2035,0.00163145,-0.626824,-0.102969,-5.58638e-05,0.000534316,0.00734736,4904,3,0,0,0,-0.0248888,0.0245859,-0.0116939,0.0117114,4623.8,-33.9733,2.47057,0.000162679,0.0249878,-93.1015,4690.44,-34.463,2.50618,0.000128987,-0.0245871,-93.1226,4683.11,-34.4091,2.50226,-0.00367574,0.0118038,-92.8085,4723.96,-34.7092,2.52409,-0.00365193,-0.0117029,-92.8222
1.409,182.772,-3.07748,29.1974,0.00174159,-0.571566,0.381512,2.19521e-05,0.000534227,0.00735884,4902.78,3,0,0,0,-0.0245245,0.0243531,-0.0116933,0.0117106,4630.83,-34.0781,2.47391,0.000274969,0.0255764,-93.0773,4696.09,-34.5584,2.50878,0.000253892,-0.0250648,-93.0989,4683.37,-34.4648,2.50198,-0.00368671,0.0118649,-92.7878,4724.29,-34.7659,2.52384,-0.00365126,-0.0117607,-92.8014
1.419,183.063,-3.08423,29.1904,0.00201395,0.100395,0.568086,0.000239815,0.000532966,0.00737149,4901.87,3,0,0,0,-0.0247903,0.0244783,-0.0116952,0.0117139,4622.05,-34.072,2.4634,-0.000163924,0.0245356,-93.0568,4689.12,-34.5664,2.49914,-0.000169644,-0.023978,-93.0779,4682.86,-34.5203,2.49581,-0.0036219,0.0117792,-92.7672,4723.81,-34.8221,2.51763,-0.00358821,-0.0116792,-92.7809
1.429,183.355,-3.09098,29.1844,0.00164484,0.131285,-0.000174871,-5.93982e-05,0.00053254,0.00738263,4900.7,3,0,0,0,-0.0247907,0.0244879,-0.0117033,0.0117199,4624.88,-34.1444,2.46293,0.000211024,0.0250732,-93.0371,4691.89,-34.6391,2.49862,0.000137189,-0.0245775,-93.058,4683.48,-34.577,2.49414,-0.00366927,0.0118005,-92.7463,4724.31,-34.8785,2.51589,-0.00364169,-0.0116975,-92.76
1.439,183.647,-3.09773,29.1765,0.00151193,-0.905248,-0.603455,-0.000134024,0.000532472,0.00739424,4899.63,3,0,0,0,-0.0246812,0.0244775,-0.0116894,0.0117076,4625.85,-34.2053,2.46314,-2.72569e-05,0.0241543,-93.0131,4691.63,-34.6917,2.49816,-2.25855e-05,-0.0240735,-93.0348,4683.57,-34.6321,2.49387,-0.00365221,0.0118232,-92.726,4724.44,-34.9343,2.51563,-0.00364039,-0.0117189,-92.7395
1.449,183.939,-3.10448,29.1702,0.00170912,-0.859033,-0.0798713,-1.47119e-05,0.00053108,0.00740578,4898.54,3,0,0,0,-0.0248169,0.0245446,-0.0116864,0.011704,4624.44,-34.2482,2.45595,0.000194376,0.0250416,-92.9961,4691.19,-34.7426,2.4914,0.000173695,-0.024695,-93.0169,4683.68,-34.687,2.48741,-0.00367122,0.0118089,-92.705,4724.52,-34.9894,2.5091,-0.00364794,-0.0117064,-92.7187
1.459,184.23,-3.11122,29.1648,0.00165122,0.277288,-0.161504,-1.98074e-06,0.000530874,0.00741605,4897.43,3,0,0,0,-0.0247039,0.0244116,-0.0116899,0.0117077,4627.18,-34.316,2.45645,0.000233483,0.0249594,-92.9721,4693,-34.8042,2.49139,0.000282682,-0.0246083,-92.9936,4683.64,-34.7348,2.48642,-0.00371336,0.0117786,-92.6842,4724.37,-35.0368,2.50804,-0.00369475,-0.0116788,-92.6978
1.469,184.522,-3.11797,29.1576,0.00184928,-0.816499,0.358277,5.79598e-05,0.000530051,0.00742721,4896.33,3,0,0,0,-0.0248545,0.0245686,-0.0116884,0.0117064,4625.93,-34.3584,2.45198,0.000363976,0.0251424,-92.953,4691.38,-34.8445,2.48667,0.000391071,-0.0245789,-92.9741,4684.04,-34.79,2.48278,-0.00372637,0.0118092,-92.6635,4724.64,-35.0916,2.5043,-0.00368772,-0.0117059,-92.6771
1.479,184.813,-3.12471,29.1506,0.00181466,-0.113689,0.0860531,4.17808e-05,0.000529849,0.00743756,4895.29,3,0,0,0,-0.0245781,0.0244163,-0.0116853,0.0117033,4625.31,-34.4016,2.45071,-3.86225e-05,0.0242624,-92.93,4690.4,-34.8858,2.4852,3.56116e-06,-0.0239789,-92.9512,4683.77,-34.8365,2.48169,-0.00363985,0.011755,-92.6426,4724.37,-35.1385,2.5032,-0.00361272,-0.0116523,-92.6561
1.489,185.105,-3.13145,29.1442,0.00171438,0.315464,-0.319753,5.36024e-07,0.000529089,0.0074481,4894.09,3,0,0,0,-0.0247649,0.0244549,-0.0116864,0.011705,4624.42,-34.4438,2.44673,-0.000126957,0.0249109,-92.9073,4691.77,-34.9454,2.48237,-0.000122971,-0.0246683,-92.9282,4684.38,-34.8904,2.47846,-0.0036403,0.0118288,-92.622,4725.1,-35.1937,2.5,-0.00362863,-0.0117266,-92.6356
1.499,185.396,-3.13819,29.1373,0.00165728,-0.743573,-0.0504598,-6.61225e-05,0.00052887,0.00745802,4893.05,3,0,0,0,-0.0248233,0.0245234,-0.0116847,0.0117029,4624.17,-34.4878,2.44558,0.000237779,0.0251309,-92.8892,4690.37,-34.9816,2.4806,0.000197718,-0.0246901,-92.91,4684.38,-34.9368,2.47743,-0.00366618,0.0118172,-92.6016,4725,-35.2398,2.49891,-0.00363886,-0.011713,-92.6152
1.509,185.687,-3.14493,29.1311,0.00154532,-0.134073,-0.414307,-0.000124969,0.000528846,0.00746752,4891.99,3,0,0,0,-0.0246239,0.0244152,-0.011686,0.0117034,4625.72,-34.5433,2.44629,-1.39131e-05,0.024263,-92.8655,4691.43,-35.034,2.48104,3.41419e-05,-0.0240899,-92.8869,4684.33,-34.981,2.47729,-0.00361416,0.0117974,-92.5812,4725.03,-35.2849,2.49881,-0.00359807,-0.0116924,-92.5946
1.519,185.978,-3.15167,29.1237,0.00182037,0.0868175,-0.102903,5.05539e-05,0.000527781,0.0074778,4890.89,3,0,0,0,-0.0248126,0.0245442,-0.0116837,0.0117019,4623.47,-34.574,2.44018,-0.000294265,0.0249539,-92.845,4689.57,-35.0683,2.47506,-0.000258293,-0.0246738,-92.8659,4684.34,-35.0292,2.47231,-0.00360398,0.0117852,-92.5605,4725.01,-35.3333,2.49377,-0.0035859,-0.0116812,-92.574
1.529,186.269,-3.1584,29.1175,0.00171246,-0.950376,-0.0226221,-3.92521e-05,0.000527157,0.00748669,4889.81,3,0,0,0,-0.0247065,0.0243681,-0.0116746,0.0116929,4627.2,-34.6431,2.43926,0.000268263,0.0250095,-92.8252,4693.17,-35.137,2.47404,0.00022861,-0.0245422,-92.8459,4684.76,-35.074,2.46961,-0.00365723,0.0118188,-92.54,4725.24,-35.3771,2.49094,-0.00363029,-0.0117144,-92.5535
1.539,186.561,-3.16514,29.1105,0.00173434,-0.652889,-0.0190912,3.59385e-06,0.000526619,0.00749653,4888.72,3,0,0,0,-0.0248693,0.0246072,-0.0116805,0.0116994,4624.45,-34.668,2.43532,-4.59184e-05,0.0249698,-92.804,4689.39,-35.1548,2.46953,-3.92142e-05,-0.0245975,-92.8252,4684.68,-35.1195,2.46704,-0.00364654,0.0118187,-92.5194,4725.07,-35.4223,2.48832,-0.00362436,-0.0117161,-92.5329
1.549,186.852,-3.17187,29.1042,0.00187779,-0.310225,0.0738218,9.19123e-05,0.00052604,0.00750503,4887.63,3,0,0,0,-0.024638,0.0244298,-0.0116805,0.011699,4627.65,-34.7313,2.43433,-6.48253e-05,0.025107,-92.782,4692.6,-35.2188,2.4685,-6.41128e-06,-0.0248238,-92.8032,4684.89,-35.1609,2.46444,-0.00361671,0.0118062,-92.4989,4725.26,-35.4639,2.48567,-0.00359492,-0.0117028,-92.5123
1.559,187.142,-3.1786,29.0974,0.00173035,-0.607277,-0.0349255,-1.31826e-05,0.00052516,0.00751429,4886.55,3,0,0,0,-0.0248168,0.0244845,-0.0116796,0.0116981,4624.96,-34.754,2.42885,-5.36387e-05,0.0248819,-92.7613,4691.01,-35.2503,2.46353,-7.81348e-05,-0.0244424,-92.7818,4685.04,-35.2054,2.4604,-0.00362261,0.0118127,-92.4783,4725.32,-35.5081,2.48155,-0.00359903,-0.0117088,-92.4918
1.569,187.433,-3.18533,29.0914,0.00172191,-0.896331,0.00913548,-2.72576e-05,0.000524694,0.00752258,4885.47,3,0,0,0,-0.0247793,0.0244958,-0.0116794,0.0116982,4626.43,-34.8033,2.42746,0.000295302,0.0250775,-92.7418,4691.17,-35.2904,2.46143,0.00028239,-0.0246471,-92.7628,4685.17,-35.2452,2.45828,-0.00367094,0.0117965,-92.4576,4725.32,-35.5472,2.47935,-0.00364391,-0.011691,-92.471
1.579,187.724,-3.19206,29.0844,0.00188913,-0.56847,0.251745,0.000112408,0.000523904,0.00753108,4884.39,3,0,0,0,-0.0247249,0.0244935,-0.011679,0.0116977,4626.36,-34.8422,2.42377,-4.13924e-05,0.0249413,-92.7185,4691.08,-35.3296,2.45768,-3.16898e-05,-0.0245261,-92.7395,4685.26,-35.2857,2.45463,-0.0036049,0.0118117,-92.4372,4725.4,-35.588,2.47565,-0.00357936,-0.0117089,-92.4505
1.589,188.015,-3.19879,29.0779,0.00175216,-1.01626,0.168637,-2.03479e-06,0.000522971,0.00753927,4883.3,3,0,0,0,-0.024793,0.024493,-0.0116772,0.0116957,4625.29,-34.872,2.41889,0.00016581,0.0249768,-92.7003,4690.92,-35.3668,2.45322,0.000145403,-0.0244589,-92.7209,4685.42,-35.3253,2.45034,-0.00362251,0.0118134,-92.4165,4725.45,-35.6271,2.47128,-0.00358925,-0.0117094,-92.4298
1.599,188.306,-3.20551,29.0716,0.00144461,-0.326428,-0.393529,-0.000217671,0.000522088,0.0075471,4882.3,3,0,0,0,-0.0246698,0.0243061,-0.0116774,0.0116963,4623.75,-34.8966,2.41401,7.25546e-05,0.0240261,-92.6773,4689.98,-35.3964,2.44858,9.67525e-06,-0.0236154,-92.698,4684.9,-35.3581,2.44593,-0.00357352,0.0117311,-92.3954,4724.8,-35.6592,2.46676,-0.00354832,-0.0116251,-92.4087
1.609,188.596,-3.21224,29.0645,0.00159419,-1.21036,-0.189429,-9.3324e-05,0.00052155,0.0075554,4881.14,3,0,0,0,-0.0247643,0.0245279,-0.0116733,0.0116926,4624.22,-34.9385,2.41176,2.3303e-05,0.0247553,-92.6568,4689.2,-35.4294,2.44565,6.57006e-05,-0.0244021,-92.6778,4685.81,-35.4039,2.44389,-0.00358235,0.0118092,-92.3759,4725.66,-35.7049,2.46467,-0.00356628,-0.011707,-92.389
1.619,188.887,-3.21896,29.0589,0.00177446,-0.705912,0.00653649,3.98355e-05,0.000520721,0.00756263,4880.06,3,0,0,0,-0.0247548,0.0244862,-0.0116798,0.0116985,4625.16,-34.979,2.40842,0.000308497,0.024888,-92.6376,4690.28,-35.4716,2.44233,0.000327737,-0.0245234,-92.6583,4685.88,-35.4383,2.44004,-0.00363662,0.011815,-92.3551,4725.73,-35.7396,2.46079,-0.00361663,-0.0117136,-92.3683
1.629,189.177,-3.22568,29.0521,0.00170402,-0.758896,0.0504582,-2.95248e-05,0.000519742,0.00756999,4878.97,3,0,0,0,-0.0246696,0.0243165,-0.0116735,0.0116924,4627.57,-35.0313,2.40514,0.000195783,0.0250738,-92.615,4692.72,-35.5245,2.439,0.000243343,-0.0245361,-92.6356,4686.16,-35.4749,2.4356,-0.00364101,0.0118292,-92.3348,4725.86,-35.7754,2.45623,-0.00361322,-0.0117266,-92.3479
1.639,189.468,-3.2324,29.0452,0.00156609,-0.244457,-0.130481,-0.000133028,0.000519341,0.00757799,4877.89,3,0,0,0,-0.0248821,0.0246215,-0.0116775,0.0116967,4623.8,-35.0397,2.40133,-5.41253e-05,0.0250055,-92.5951,4687.43,-35.522,2.43438,-6.51268e-05,-0.0245923,-92.6158,4686.16,-35.5124,2.43372,-0.00358744,0.0118152,-92.3143,4725.78,-35.8126,2.45429,-0.00356301,-0.0117105,-92.3273
1.649,189.758,-3.23912,29.0391,0.00165027,-0.91341,-0.110612,-6.75393e-05,0.000518694,0.00758452,4876.8,3,0,0,0,-0.0246438,0.0244222,-0.0116713,0.0116906,4628.62,-35.1065,2.40084,0.000418109,0.0252035,-92.5737,4692.39,-35.5902,2.43391,0.000374288,-0.0248619,-92.5944,4685.91,-35.5411,2.43056,-0.00366396,0.0117998,-92.2942,4725.6,-35.8421,2.45114,-0.00363978,-0.0116979,-92.3072
1.659,190.048,-3.24583,29.0321,0.00201284,-1.10277,0.0739417,0.00017303,0.00051826,0.00759166,4875.73,3,0,0,0,-0.0247788,0.0244754,-0.0116729,0.0116896,4626.25,-35.1216,2.3976,0.000211512,0.0245885,-92.5519,4692.21,-35.6223,2.43178,0.000340793,-0.0242691,-92.5722,4686.15,-35.5763,2.42864,-0.00373947,0.0118049,-92.2735,4725.94,-35.8784,2.44926,-0.00373267,-0.011706,-92.2866
1.669,190.338,-3.25255,29.0257,0.0017003,-0.774063,-0.0549435,-3.98691e-05,0.000517781,0.00759854,4874.65,3,0,0,0,-0.0248247,0.0245266,-0.0116708,0.0116903,4625.54,-35.148,2.39502,0.000244275,0.0252233,-92.534,4690.01,-35.638,2.4284,0.000217234,-0.0248079,-92.5546,4686.36,-35.6102,2.42651,-0.00359682,0.0118179,-92.2529,4726.07,-35.9119,2.44707,-0.00357526,-0.0117128,-92.2659
1.679,190.629,-3.25926,29.019,0.0018656,-1.00725,0.11184,6.83451e-05,0.000517131,0.00760504,4873.57,3,0,0,0,-0.0247044,0.0244626,-0.0116675,0.0116867,4627.73,-35.1947,2.39314,0.00017586,0.0249282,-92.5112,4692.63,-35.6883,2.42671,0.000190948,-0.0245441,-92.5315,4686.41,-35.641,2.42349,-0.00360478,0.0118203,-92.2331,4726.14,-35.9432,2.44403,-0.00358156,-0.011716,-92.2462
1.689,190.919,-3.26597,29.0128,0.00176807,-0.623346,-0.0811051,2.41344e-05,0.00051672,0.00761165,4872.51,3,0,0,0,-0.0248379,0.0245693,-0.0116721,0.0116909,4624.87,-35.2036,2.38977,0.000182889,0.0250161,-92.4917,4689.31,-35.694,2.42306,0.000192402,-0.0246984,-92.5123,4686.37,-35.6717,2.42154,-0.00360848,0.0117988,-92.2121,4726.1,-35.9741,2.44207,-0.00358944,-0.0116945,-92.2252
1.699,191.209,-3.27268,29.0056,0.00164464,-1.76637,-0.11852,-0.000108304,0.000516084,0.00761709,4871.41,3,0,0,0,-0.0247738,0.0244741,-0.0116737,0.011693,4628.03,-35.2529,2.38845,0.000255998,0.0252814,-92.4692,4692.87,-35.7467,2.42191,0.000256926,-0.0248543,-92.4894,4686.71,-35.6998,2.41873,-0.00360151,0.0118317,-92.1918,4726.33,-36.0016,2.43918,-0.00357499,-0.0117253,-92.2049
1.709,191.499,-3.27939,28.9995,0.00176283,-0.661714,0.0442039,-6.15311e-06,0.000516249,0.00762363,4870.34,3,0,0,0,-0.0247963,0.0245696,-0.01167,0.0116896,4626.52,-35.2716,2.38844,0.000121292,0.0251164,-92.4496,4689.59,-35.7523,2.42099,0.000109162,-0.0247278,-92.4703,4686.82,-35.7313,2.41956,-0.00358302,0.0118165,-92.1715,4726.45,-36.0334,2.44002,-0.00355902,-0.0117096,-92.1845
1.719,191.789,-3.2861,28.9936,0.00175196,-0.53598,-0.0197053,-1.05635e-06,0.000515424,0.00762892,4869.28,3,0,0,0,-0.024696,0.0244374,-0.0116715,0.0116912,4627.7,-35.3051,2.38523,0.000250078,0.024878,-92.4285,4692.16,-35.7968,2.41845,0.000223847,-0.0245289,-92.4485,4686.9,-35.7567,2.41574,-0.00359205,0.011812,-92.151,4726.58,-36.0594,2.43619,-0.0035704,-0.0117067,-92.164
1.729,192.078,-3.2928,28.9863,0.00162176,-0.882836,-0.13548,-0.000110482,0.000515056,0.0076349,4868.21,3,0,0,0,-0.0247565,0.024428,-0.0116643,0.0116837,4625.2,-35.3137,2.38224,0.000103872,0.0249488,-92.4076,4689.89,-35.8075,2.41555,9.60389e-05,-0.0244938,-92.4279,4687.05,-35.7859,2.41409,-0.00358075,0.0118198,-92.1308,4726.68,-36.0885,2.4345,-0.00355627,-0.011714,-92.1438
1.739,192.368,-3.29951,28.9805,0.00169976,-0.218944,0.14719,-6.8329e-05,0.000514738,0.00764003,4867.17,3,0,0,0,-0.0247209,0.0244369,-0.0116702,0.0116894,4626.14,-35.3445,2.38125,0.000134035,0.0253842,-92.3863,4689.66,-35.8298,2.41394,0.000116544,-0.0248266,-92.4066,4687.17,-35.8108,2.41266,-0.00358308,0.0118167,-92.1103,4726.79,-36.1135,2.43306,-0.00355606,-0.0117116,-92.1233
1.749,192.658,-3.30621,28.9739,0.00195798,-2.1501,0.303901,0.000129437,0.000514155,0.00764461,4866.06,3,0,0,0,-0.0248026,0.0245268,-0.0116704,0.0116896,4627.91,-35.3793,2.37946,0.000914376,0.0248701,-92.3667,4691.21,-35.8632,2.41201,0.000681778,-0.0243927,-92.3868,4687.25,-35.8329,2.40997,-0.00372042,0.011833,-92.0901,4726.77,-36.135,2.43029,-0.00368637,-0.0117227,-92.103
1.759,192.947,-3.31291,28.9673,0.00150394,-1.04967,-0.197292,-0.000192962,0.000513096,0.00764982,4864.98,3,0,0,0,-0.0247254,0.0244269,-0.0116633,0.0116832,4626.38,-35.3917,2.37378,0.000347863,0.0250155,-92.3463,4691.08,-35.8866,2.40697,0.000363712,-0.0245528,-92.3663,4687,-35.8554,2.40488,-0.0035968,0.0117889,-92.0695,4726.44,-36.1571,2.42512,-0.00357141,-0.0116853,-92.0825
1.769,193.237,-3.31961,28.9607,0.00186007,-0.818601,0.132253,3.3428e-05,0.000512997,0.0076547,4864.17,3,0,0,0,-0.0247692,0.0244865,-0.0116682,0.011687,4627.14,-35.4201,2.37371,0.000154439,0.0251993,-92.324,4690.98,-35.9088,2.40646,0.000164813,-0.0247541,-92.3444,4687.42,-35.8815,2.40463,-0.00358146,0.0118145,-92.0489,4726.75,-36.1826,2.42481,-0.0035579,-0.0117078,-92.0618
1.779,193.527,-3.32631,28.9547,0.00174304,-0.430649,0.0630099,-4.70494e-05,0.000512612,0.00765944,4862.83,3,0,0,0,-0.0247805,0.0245523,-0.0116694,0.0116889,4626.59,-35.4377,2.37164,0.000297688,0.0250978,-92.3047,4689.32,-35.9182,2.4038,0.000235591,-0.0247137,-92.3248,4687.47,-35.9041,2.40285,-0.00358593,0.0118228,-92.0291,4726.77,-36.2051,2.423,-0.00355674,-0.0117144,-92.042
1.789,193.816,-3.33301,28.9483,0.00165943,-0.293201,0.0376375,-8.48755e-05,0.000511954,0.00766373,4861.55,3,0,0,0,-0.0246325,0.0243849,-0.0116631,0.0116832,4628.6,-35.473,2.36963,0.00034733,0.0249196,-92.2829,4692.33,-35.9615,2.40226,0.000320724,-0.0244659,-92.3028,4687.63,-35.9254,2.39985,-0.00372247,0.0118353,-92.009,4726.94,-36.2267,2.41998,-0.00369166,-0.0117317,-92.0218
1.799,194.105,-3.3397,28.9406,0.00167832,-1.15093,-0.098842,-9.98461e-05,0.0005116,0.00766863,4860.7,3,0,0,0,-0.0248596,0.0245455,-0.0116642,0.0116838,4623.8,-35.4589,2.36554,3.74248e-05,0.0249514,-92.2626,4688.29,-35.9534,2.39853,-1.50698e-06,-0.0245204,-92.2824,4687.74,-35.9492,2.39824,-0.00353612,0.0118296,-91.9887,4726.99,-36.2503,2.41833,-0.00350975,-0.0117214,-92.0016
1.809,194.395,-3.3464,28.9352,0.0014464,-0.0284352,-0.538082,-0.000239571,0.000511558,0.00767242,4859.65,3,0,0,0,-0.0247431,0.024489,-0.0116673,0.0116871,4625.12,-35.4866,2.36602,0.00012983,0.0248253,-92.2421,4688.91,-35.976,2.39865,0.000127826,-0.0245772,-92.2625,4687.71,-35.9668,2.39803,-0.00353168,0.0117971,-91.9678,4727.05,-36.2686,2.41816,-0.00352011,-0.0116901,-91.9806
1.819,194.684,-3.35309,28.9274,0.00184014,-1.09572,0.0519428,3.25327e-05,0.000511067,0.00767671,4858.53,3,0,0,0,-0.0246334,0.0244451,-0.0116603,0.0116799,4625.3,-35.5078,2.36384,-0.000153903,0.0248032,-92.2195,4688.79,-35.9952,2.39629,-8.45113e-05,-0.0244813,-92.2397,4687.91,-35.9884,2.39584,-0.00349804,0.0118178,-91.9486,4727.3,-36.2908,2.41597,-0.00347865,-0.0117117,-91.9614
1.829,194.973,-3.35978,28.9221,0.00180713,-0.365996,0.092075,3.27965e-05,0.000510654,0.00768052,4857.52,3,0,0,0,-0.0248417,0.0245434,-0.01167,0.0116897,4623.4,-35.5108,2.36095,0.000132602,0.0249694,-92.2016,4687.92,-36.0064,2.3939,0.000104481,-0.0245208,-92.2216,4688.02,-36.0071,2.39395,-0.00354753,0.0118137,-91.9279,4727.35,-36.3092,2.41404,-0.00352243,-0.0117069,-91.9408
1.839,195.262,-3.36647,28.9153,0.0011685,-0.708655,-0.801462,-0.00042815,0.000510174,0.00768396,4856.43,3,0,0,0,-0.0247357,0.0244241,-0.0116692,0.0116901,4624.91,-35.5384,2.35951,0.000121665,0.0245186,-92.1796,4689.09,-36.0315,2.39225,9.10148e-05,-0.0242023,-92.1997,4688.03,-36.0234,2.39171,-0.00351349,0.0118147,-91.9077,4727.33,-36.3254,2.41176,-0.00349618,-0.0117069,-91.9206
1.849,195.551,-3.37316,28.909,0.00202109,-1.06583,0.43078,0.000163853,0.000509928,0.00768765,4855.36,3,0,0,0,-0.0248271,0.0245776,-0.0116665,0.0116857,4626.79,-35.5698,2.35933,0.000294834,0.0252189,-92.1587,4689.48,-36.0518,2.3913,0.000286354,-0.0247115,-92.179,4688.2,-36.042,2.39064,-0.00359274,0.011821,-91.8877,4727.49,-36.344,2.41068,-0.00356161,-0.011717,-91.9006
1.859,195.84,-3.37985,28.9025,0.00160385,-0.950997,-0.317037,-0.000113155,0.000509438,0.00769082,4854.33,3,0,0,0,-0.0247194,0.0244523,-0.0116648,0.0116853,4626.71,-35.5839,2.35702,0.000327001,0.0249465,-92.1393,4690.76,-36.0765,2.38965,0.000343073,-0.0246529,-92.1594,4688.36,-36.0581,2.38843,-0.00360503,0.0118326,-91.8674,4727.58,-36.3597,2.40841,-0.00358754,-0.0117282,-91.8801
1.869,196.129,-3.38653,28.8957,0.00178343,-0.986492,-0.01133,-1.64982e-05,0.000508978,0.00769465,4853.23,3,0,0,0,-0.0248248,0.0245044,-0.0116587,0.0116784,4624.67,-35.5859,2.35386,0.000113278,0.024888,-92.1178,4688.59,-36.0778,2.38639,0.000122005,-0.0244511,-92.1376,4688.42,-36.0765,2.3863,-0.00353942,0.0118258,-91.8473,4727.54,-36.3775,2.40622,-0.00351645,-0.0117183,-91.8602
1.879,196.418,-3.39322,28.8898,0.00188112,-0.973063,0.246967,3.72259e-05,0.000509012,0.00769769,4852.13,3,0,0,0,-0.0247458,0.024519,-0.0116633,0.011682,4625.83,-35.6089,2.35461,0.000387474,0.0249263,-92.0981,4688.45,-36.091,2.38648,0.000343081,-0.0244966,-92.1183,4688.52,-36.0915,2.38651,-0.00357811,0.0118407,-91.827,4727.58,-36.3921,2.40639,-0.00354146,-0.0117312,-91.8398
1.889,196.707,-3.3999,28.8838,0.00187083,0.162856,0.0721429,5.29148e-05,0.000508085,0.00770049,4851.1,3,0,0,0,-0.024708,0.0244648,-0.0116667,0.0116864,4625.25,-35.6173,2.35002,0.000116889,0.0248454,-92.077,4688.77,-36.1065,2.38229,0.000115358,-0.0245318,-92.0968,4688.33,-36.1031,2.38207,-0.00353238,0.0117899,-91.8069,4727.34,-36.4035,2.40189,-0.00351046,-0.0116812,-91.8196
1.899,196.996,-3.40658,28.8766,0.00179184,-0.440098,0.0267856,-4.69187e-06,0.000507606,0.00770371,4850.04,3,0,0,0,-0.0247923,0.0244865,-0.0116657,0.0116853,4624.43,-35.626,2.34739,4.03625e-05,0.0249482,-92.0559,4688.24,-36.1176,2.37978,2.03087e-05,-0.0245075,-92.0757,4688.75,-36.1215,2.38004,-0.00352375,0.0118224,-91.7868,4727.67,-36.4213,2.39979,-0.00349983,-0.0117152,-91.7996
1.909,197.284,-3.41326,28.8703,0.0019615,-0.967716,0.282126,9.65243e-05,0.000507137,0.0077064,4848.95,3,0,0,0,-0.0247623,0.0244962,-0.0116616,0.0116812,4626.03,-35.6507,2.34603,0.000265968,0.0250774,-92.0358,4688.44,-36.1317,2.37768,0.000252746,-0.0246166,-92.0559,4688.75,-36.1341,2.37784,-0.00355115,0.0118189,-91.7667,4727.58,-36.4334,2.39753,-0.00352266,-0.0117092,-91.7794
1.919,197.573,-3.41994,28.8639,0.0018195,-1.10737,0.0321845,9.60388e-06,0.000506502,0.00770909,4847.87,3,0,0,0,-0.0247562,0.0245317,-0.0116616,0.0116812,4626.15,-35.6641,2.34315,0.000331077,0.0249108,-92.0158,4688.49,-36.1447,2.37473,0.000275986,-0.024571,-92.0356,4689.06,-36.1491,2.37502,-0.00354112,0.0118515,-91.746,4727.85,-36.4481,2.39466,-0.00351663,-0.0117408,-91.7587
1.929,197.861,-3.42662,28.8564,0.00181608,-0.614371,-0.0424463,4.46473e-06,0.000505638,0.00771184,4846.82,3,0,0,0,-0.0247507,0.0244773,-0.0116611,0.0116805,4625.22,-35.6697,2.33869,-0.000243536,0.0249462,-91.9928,4688.39,-36.1568,2.37063,-0.000225246,-0.0245951,-92.0126,4689.16,-36.1628,2.37102,-0.00347585,0.0118352,-91.7267,4727.91,-36.4616,2.39061,-0.00345658,-0.0117273,-91.7395
1.939,198.15,-3.43329,28.8509,0.00182335,-0.996593,0.05135,1.07228e-05,0.000504986,0.00771413,4845.78,3,0,0,0,-0.024776,0.0244609,-0.0116559,0.0116754,4626.23,-35.688,2.33618,0.000221785,0.0249948,-91.9743,4688.73,-36.1702,2.36774,0.000207008,-0.0245608,-91.9938,4689.28,-36.1744,2.36802,-0.00353368,0.0118247,-91.7066,4727.85,-36.472,2.3875,-0.00350878,-0.0117169,-91.7192
1.949,198.438,-3.43997,28.8446,0.00178804,-0.507123,0.0822612,-1.80885e-06,0.000504504,0.00771675,4844.73,3,0,0,0,-0.0247815,0.0245579,-0.0116616,0.0116816,4625.58,-35.6951,2.33362,7.12114e-05,0.0250335,-91.9538,4686.73,-36.167,2.36448,8.70559e-05,-0.0246593,-91.9738,4689.21,-36.1862,2.36573,-0.00352258,0.0118034,-91.6866,4727.7,-36.4832,2.38515,-0.00349753,-0.0116952,-91.6992
1.959,198.727,-3.44664,28.8387,0.00173304,-0.489441,-0.253863,-1.74357e-05,0.000503973,0.00771859,4843.54,3,0,0,0,-0.0246052,0.0243944,-0.011662,0.0116816,4627.44,-35.718,2.33211,0.000246338,0.0251828,-91.933,4690.3,-36.2032,2.36378,0.000231439,-0.0250142,-91.9529,4689.6,-36.1978,2.36343,-0.00349874,0.011889,-91.6662,4728.17,-36.4956,2.38287,-0.00348714,-0.01178,-91.6788
1.969,199.015,-3.45331,28.8316,0.00177409,-0.556563,0.0500807,-1.85779e-05,0.000503682,0.00772168,4842.48,3,0,0,0,-0.0249768,0.0246805,-0.0116616,0.0116813,4619.93,-35.6744,2.32698,2.92387e-05,0.0249053,-91.9138,4683.4,-36.1645,2.35895,2.05705e-05,-0.0244366,-91.9334,4689.74,-36.2134,2.36214,-0.00349619,0.0119236,-91.6462,4728.32,-36.5113,2.38157,-0.00347269,-0.0118189,-91.6588
1.979,199.303,-3.45998,28.825,0.00198924,-1.05536,0.286124,0.00015054,0.000503579,0.00772284,4841.54,3,0,0,0,-0.0247057,0.0244473,-0.0116457,0.0116659,4626.08,-35.7272,2.3296,0.000130571,0.0250064,-91.8913,4688.95,-36.2128,2.36126,0.000107279,-0.0245568,-91.9111,4689.47,-36.2167,2.36152,-0.00349471,0.0118294,-91.6267,4728.14,-36.5154,2.38099,-0.00347302,-0.0117221,-91.6392
1.989,199.591,-3.46665,28.8189,0.00174025,-0.671241,-0.0704902,-3.93362e-05,0.000503496,0.00772498,4840.6,3,0,0,0,-0.0246331,0.0244573,-0.0116605,0.0116802,4625.87,-35.7355,2.32911,0.000113994,0.0247596,-91.8708,4688.64,-36.2204,2.36071,2.70506e-05,-0.0244977,-91.8903,4689.61,-36.2279,2.3612,-0.00349927,0.0118246,-91.6062,4728.34,-36.5271,2.3807,-0.00347658,-0.0117162,-91.6187
1.999,199.879,-3.47332,28.8121,0.00178155,-0.806516,-0.0280589,1.29271e-05,0.000503037,0.00772716,4839.43,3,0,0,0,-0.0248676,0.0245613,-0.0116598,0.0116793,4621.94,-35.7152,2.32501,2.67471e-06,0.0249604,-91.8522,4686.1,-36.2109,2.35728,-2.79784e-06,-0.024562,-91.8719,4689.59,-36.2379,2.35904,-0.00347181,0.0118195,-91.5861,4728.49,-36.5385,2.37861,-0.00345175,-0.0117124,-91.5987
2.009,200.167,-3.47998,28.8065,0.00175219,-0.0665647,0.205793,-2.96585e-05,0.000503071,0.00772841,4838.44,3,0,0,0,-0.0247573,0.0244619,-0.0116619,0.0116813,4625.73,-35.7502,2.32707,9.54167e-05,0.0253773,-91.8305,4688.37,-36.2344,2.35859,2.28468e-05,-0.0247994,-91.8501,4689.69,-36.2446,2.35925,-0.00346568,0.011774,-91.5659,4728.52,-36.5446,2.37878,-0.00343336,-0.0116669,-91.5786
2.019,200.455,-3.48665,28.8002,0.00157178,0.44179,-0.0318506,-0.00010769,0.000502843,0.00773018,4837.3,3,0,0,0,-0.0247474,0.0245325,-0.0116628,0.0116828,4625.99,-35.7605,2.32615,-0.000136696,0.0254913,-91.8091,4687.39,-36.2351,2.35702,-9.38297e-05,-0.0250752,-91.8293,4689.82,-36.2539,2.35825,-0.0034803,0.0118181,-91.5462,4728.74,-36.5548,2.37782,-0.00345988,-0.011717,-91.5588
2.029,200.743,-3.49331,28.7927,0.00168831,-1.36629,-0.140975,-6.99285e-05,0.000502148,0.00773184,4836.27,3,0,0,0,-0.0247437,0.0244803,-0.0116586,0.0116782,4625.09,-35.7612,2.32248,6.11706e-05,0.0249772,-91.7902,4687.72,-36.2454,2.35393,8.33915e-05,-0.0246036,-91.8097,4689.64,-36.2603,2.35489,-0.00340668,0.0118013,-91.5262,4728.43,-36.5602,2.37437,-0.00338784,-0.0116965,-91.5388
2.039,201.031,-3.49997,28.7872,0.00173438,-0.178145,0.0277527,-3.14497e-05,0.00050188,0.0077333,4835.21,3,0,0,0,-0.0247382,0.0244159,-0.01166,0.0116797,4624.63,-35.7644,2.32101,6.94251e-05,0.0249873,-91.7695,4687.18,-36.2481,2.3524,4.22286e-05,-0.024516,-91.7891,4689.78,-36.2682,2.35371,-0.00348612,0.0117947,-91.5062,4728.48,-36.5675,2.37313,-0.00346156,-0.0116858,-91.5188
2.049,201.319,-3.50663,28.7813,0.00161278,0.227987,-0.119547,-0.000130558,0.0005015,0.00773447,4834.11,3,0,0,0,-0.0248345,0.0245875,-0.0116683,0.0116868,4624.18,-35.7663,2.31903,9.66862e-05,0.0250616,-91.7502,4686.17,-36.2458,2.35011,6.58122e-05,-0.0246765,-91.7698,4690.11,-36.2762,2.35209,-0.0034741,0.0118251,-91.4857,4728.67,-36.5745,2.37143,-0.00345115,-0.0117188,-91.4983
2.059,201.606,-3.51329,28.774,0.0017759,-0.61404,-0.0781321,-3.16214e-06,0.000500968,0.00773587,4833.09,3,0,0,0,-0.0247021,0.0244933,-0.0116598,0.0116795,4626.73,-35.7925,2.31785,7.0474e-05,0.0255061,-91.7284,4688.71,-36.272,2.34889,6.40375e-05,-0.02523,-91.7481,4690.25,-36.2839,2.34967,-0.00346281,0.011829,-91.4665,4728.72,-36.5815,2.36894,-0.00344534,-0.0117231,-91.4791
2.069,201.894,-3.51994,28.7679,0.00182628,-1.11741,0.299689,5.95742e-05,0.000500178,0.00773704,4832.09,3,0,0,0,-0.0248056,0.0245128,-0.0116564,0.0116769,4625.07,-35.7851,2.31336,0.00024777,0.02495,-91.7082,4687.73,-36.2699,2.3447,0.00032532,-0.0243551,-91.7277,4690.31,-36.2898,2.34599,-0.00351811,0.0118133,-91.4465,4728.72,-36.587,2.36521,-0.00349103,-0.0117128,-91.4591
2.079,202.182,-3.5266,28.7626,0.00153649,0.10609,-0.0725374,-0.000196869,0.000499703,0.00773788,4831.02,3,0,0,0,-0.0248086,0.0245576,-0.0116746,0.0116941,4624.83,-35.7871,2.31104,0.000242064,0.0251272,-91.6893,4686.85,-36.267,2.34203,0.000245815,-0.0246304,-91.709,4690.53,-36.2955,2.34387,-0.00349318,0.0118298,-91.4263,4728.8,-36.5917,2.363,-0.00346522,-0.011724,-91.4388
2.089,202.469,-3.53325,28.7551,0.00175647,-1.07365,-0.0669203,-2.97369e-05,0.000499518,0.00773918,4829.95,3,0,0,0,-0.0247489,0.024544,-0.0116577,0.0116772,4625.57,-35.7989,2.31056,0.000275708,0.0250103,-91.6688,4687.25,-36.2762,2.34137,0.00022568,-0.024725,-91.6883,4690.67,-36.3027,2.34307,-0.00346661,0.0118376,-91.4067,4728.9,-36.5986,2.36217,-0.00344575,-0.011729,-91.4191
2.099,202.757,-3.53991,28.7493,0.00176299,0.594177,-0.0576011,9.29144e-06,0.000498818,0.00774034,4828.89,3,0,0,0,-0.0248242,0.0245641,-0.0116661,0.011686,4622.82,-35.7829,2.30595,-0.000278088,0.0248239,-91.6463,4685.48,-36.2679,2.3372,-0.000282039,-0.0245496,-91.6658,4690.75,-36.3087,2.33983,-0.00343023,0.0118255,-91.387,4729.02,-36.605,2.35892,-0.0034105,-0.0117194,-91.3995
2.109,203.044,-3.54656,28.743,0.00175399,-0.643816,0.0390091,-1.91374e-05,0.000498212,0.00774033,4827.84,3,0,0,0,-0.0247987,0.0245187,-0.0116591,0.0116785,4625.6,-35.8044,2.30453,0.000353689,0.025114,-91.6279,4688.16,-36.2887,2.3357,0.000364811,-0.024669,-91.6471,4690.85,-36.3095,2.33704,-0.00351965,0.011855,-91.3686,4729.03,-36.605,2.35606,-0.00349457,-0.011748,-91.3811
2.119,203.331,-3.55321,28.7359,0.00146379,-0.466774,-0.522322,-0.000188024,0.000498121,0.00774164,4826.79,3,0,0,0,-0.0247901,0.0245638,-0.01166,0.0116802,4624.05,-35.7984,2.30334,-7.13355e-05,0.0248195,-91.6066,4685.99,-36.2779,2.33419,-5.5983e-05,-0.0246027,-91.6265,4691.02,-36.3169,2.3367,-0.00341901,0.0118238,-91.3474,4729.18,-36.6123,2.35571,-0.00341091,-0.0117198,-91.3596
2.129,203.619,-3.55985,28.7297,0.00179091,-0.476356,-0.0932865,3.21252e-05,0.000497408,0.00774217,4825.74,3,0,0,0,-0.0247479,0.0245167,-0.0116599,0.0116794,4624.89,-35.8074,2.30046,-3.8571e-06,0.0250296,-91.5864,4686.97,-36.2881,2.33134,1.62701e-05,-0.0247732,-91.6059,4690.95,-36.3189,2.33332,-0.00343977,0.0118197,-91.3271,4729.18,-36.6149,2.35233,-0.00342404,-0.0117156,-91.3394
2.139,203.906,-3.5665,28.7233,0.00190616,-0.0776374,0.23977,0.000100281,0.00049695,0.00774262,4824.69,3,0,0,0,-0.0247418,0.0244262,-0.0116615,0.0116808,4624.18,-35.804,2.29799,-8.95164e-05,0.0250529,-91.5659,4686.28,-36.2849,2.32885,-0.000172583,-0.0245828,-91.5853,4691.15,-36.3225,2.33127,-0.00342618,0.011823,-91.3072,4729.26,-36.6176,2.35021,-0.00339947,-0.0117166,-91.3196
2.149,204.193,-3.57315,28.7178,0.00184384,0.376189,0.352708,5.06263e-05,0.000496556,0.00774307,4823.64,3,0,0,0,-0.0247546,0.0244877,-0.0116595,0.0116787,4624.87,-35.8114,2.29651,3.62469e-05,0.0253007,-91.5456,4685.81,-36.2833,2.32677,1.31193e-05,-0.0247511,-91.565,4691.23,-36.3252,2.32946,-0.00346296,0.0118311,-91.2885,4729.32,-36.6202,2.34837,-0.00343348,-0.0117267,-91.3009
2.159,204.48,-3.57979,28.7107,0.00172692,-0.136903,0.101055,-3.85321e-06,0.000495807,0.0077436,4822.54,3,0,0,0,-0.0247847,0.0245661,-0.0116597,0.0116795,4623.73,-35.805,2.29248,-6.32191e-05,0.0252426,-91.5255,4684.47,-36.2754,2.3226,-4.43629e-05,-0.0248552,-91.5451,4691.28,-36.3281,2.32597,-0.00343262,0.0118305,-91.2678,4729.32,-36.6226,2.34483,-0.0034087,-0.011726,-91.28
2.169,204.767,-3.58643,28.7041,0.00169648,-0.762973,0.0783918,-3.35622e-05,0.000495112,0.00774365,4821.55,3,0,0,0,-0.0247096,0.02443,-0.0116572,0.0116766,4624.62,-35.8121,2.28971,5.64436e-05,0.0248888,-91.5051,4686.76,-36.2933,2.32047,7.02814e-05,-0.0244451,-91.5244,4691.03,-36.3264,2.32259,-0.00351875,0.0117973,-91.2479,4729.31,-36.6228,2.34154,-0.00348758,-0.0116881,-91.2602
2.179,205.054,-3.59308,28.6984,0.00172147,-0.521242,0.0788449,-3.98195e-05,0.000494724,0.0077442,4820.5,3,0,0,0,-0.0248624,0.0245736,-0.0116604,0.0116802,4622.45,-35.7979,2.28684,0.000179675,0.0251509,-91.4867,4684.58,-36.2791,2.31757,0.000189227,-0.0246748,-91.5059,4690.93,-36.3282,2.32071,-0.00347663,0.0117707,-91.228,4728.9,-36.6223,2.3395,-0.00345136,-0.0116646,-91.2403
2.189,205.341,-3.59972,28.6919,0.00162947,-0.438154,-0.173826,-9.43264e-05,0.000494692,0.00774428,4819.5,3,0,0,0,-0.0246479,0.0244537,-0.0116545,0.0116746,4624.27,-35.8123,2.28759,0.000179695,0.0251792,-91.4663,4686.16,-36.2916,2.3182,0.000184901,-0.0249018,-91.4857,4691.14,-36.3303,2.32067,-0.00341668,0.0117813,-91.2071,4729.15,-36.6247,2.33947,-0.00340112,-0.0116803,-91.2194
2.199,205.628,-3.60635,28.6848,0.00184109,-0.738787,-0.286952,9.25345e-05,0.000494214,0.00774471,4818.45,3,0,0,0,-0.0247978,0.0245473,-0.0116591,0.0116786,4622.72,-35.8024,2.28461,-0.000249239,0.0245608,-91.4433,4685.18,-36.2861,2.31548,-0.000190565,-0.0244648,-91.463,4691.64,-36.3361,2.31867,-0.00339858,0.0118282,-91.1891,4729.62,-36.6303,2.33744,-0.00339211,-0.0117262,-91.2013
2.209,205.914,-3.61299,28.6794,0.00163978,-0.435519,-0.0383019,-9.01601e-05,0.000493715,0.00774457,4817.37,3,0,0,0,-0.0248051,0.0244959,-0.011659,0.0116786,4623.48,-35.8075,2.28268,0.00023239,0.0252205,-91.427,4685.78,-36.2901,2.31344,0.000164703,-0.0247541,-91.4458,4691.7,-36.3359,2.31636,-0.00343882,0.011835,-91.1688,4729.58,-36.6293,2.33507,-0.00341357,-0.0117291,-91.1811
2.219,206.201,-3.61963,28.6738,0.0020988,-1.06638,0.473488,0.000232275,0.000493947,0.00774416,4816.45,3,0,0,0,-0.0245779,0.0243696,-0.0116511,0.0116707,4628.93,-35.8479,2.28645,0.000517629,0.0249399,-91.4045,4688.8,-36.3116,2.31602,0.000533184,-0.024509,-91.4246,4691.78,-36.3346,2.31749,-0.00347654,0.0118414,-91.1488,4729.77,-36.6288,2.33625,-0.00345232,-0.0117348,-91.161
2.229,206.488,-3.62626,28.6661,0.00180182,-1.02104,-0.0203429,5.43681e-05,0.000492812,0.0077453,4815.33,3,0,0,0,-0.0249171,0.0246663,-0.011659,0.0116785,4620.64,-35.7889,2.2771,4.65107e-05,0.0248311,-91.3872,4682.03,-36.2644,2.30736,2.21183e-05,-0.0245201,-91.4059,4691.91,-36.341,2.31223,-0.00341012,0.0118386,-91.1292,4729.87,-36.635,2.33094,-0.00339309,-0.0117349,-91.1415
2.239,206.774,-3.6329,28.6606,0.00227003,-1.38874,1.17158,0.00037259,0.000492503,0.00774409,4814.26,3,0,0,0,-0.0247295,0.0244503,-0.0116594,0.0116789,4625.61,-35.8219,2.27813,0.000514897,0.0249694,-91.3657,4686,-36.2896,2.30787,0.000517888,-0.0241344,-91.3847,4692.06,-36.3365,2.31085,-0.00349623,0.0118346,-91.1098,4729.9,-36.6295,2.32949,-0.00345684,-0.0117362,-91.122
2.249,207.061,-3.63953,28.6536,0.00166745,-0.454616,0.0251195,-3.49389e-05,0.000492062,0.00774496,4813.22,3,0,0,0,-0.0249072,0.0245961,-0.0116587,0.0116783,4622.86,-35.8045,2.27473,-0.000131484,0.0250119,-91.3446,4684.16,-36.2793,2.30489,-0.000137028,-0.0245458,-91.3635,4692.1,-36.3408,2.3088,-0.00340633,0.0118237,-91.0897,4729.85,-36.6332,2.32738,-0.00338233,-0.0117211,-91.102
2.259,207.347,-3.64616,28.6482,0.00169684,-0.809536,0.00354562,-3.33017e-05,0.000491942,0.00774404,4812.17,3,0,0,0,-0.0247097,0.0245095,-0.0116587,0.0116784,4627.33,-35.835,2.27638,0.000434223,0.0250201,-91.3258,4687.2,-36.2986,2.30583,0.000362299,-0.0246994,-91.3451,4692.16,-36.337,2.30827,-0.00350062,0.0118408,-91.0719,4729.89,-36.6292,2.32683,-0.00347554,-0.0117341,-91.084
2.269,207.634,-3.65279,28.6414,0.00143696,-1.12027,-0.300609,-0.000199041,0.000491176,0.00774394,4811.2,3,0,0,0,-0.0246224,0.0243798,-0.0116514,0.0116715,4626.79,-35.8303,2.27257,0.0002627,0.0247773,-91.305,4688.38,-36.3072,2.30282,0.000256865,-0.0244315,-91.324,4692.18,-36.3367,2.30469,-0.00343366,0.0118332,-91.0508,4729.94,-36.6291,2.32323,-0.00341354,-0.0117309,-91.063
2.279,207.92,-3.65941,28.635,0.00165956,-0.352758,0.0130531,-4.43485e-05,0.000491266,0.00774435,4810.09,3,0,0,0,-0.0249266,0.0246326,-0.0116593,0.0116788,4620.81,-35.7859,2.27005,-1.05817e-07,0.0250456,-91.2861,4682.53,-36.2639,2.30037,-4.54542e-05,-0.0245896,-91.3052,4692.22,-36.3389,2.30513,-0.00339434,0.0118277,-91.0308,4729.96,-36.6312,2.32367,-0.00337019,-0.011723,-91.043
2.289,208.206,-3.66604,28.6291,0.0015053,-0.287804,-0.735018,-0.000160041,0.000491072,0.00774311,4809.07,3,0,0,0,-0.0246997,0.0244383,-0.0116587,0.0116784,4623.71,-35.8026,2.27057,9.63556e-05,0.0245811,-91.2641,4685.97,-36.2847,2.30115,0.00011416,-0.0245456,-91.2833,4692.12,-36.3324,2.30417,-0.00339032,0.0117955,-91.011,4729.97,-36.6254,2.32276,-0.00339157,-0.0116908,-91.0231
2.299,208.492,-3.67266,28.6221,0.00186411,-0.450348,0.173088,9.57899e-05,0.000491118,0.00774291,4808.02,3,0,0,0,-0.0246288,0.0244603,-0.0116588,0.0116782,4623.4,-35.7993,2.27064,-0.000180222,0.0242481,-91.2423,4683.99,-36.2685,2.30039,-0.0001465,-0.0239059,-91.262,4692.47,-36.3341,2.30456,-0.00344366,0.0118371,-90.9918,4730.39,-36.6277,2.32318,-0.00342098,-0.0117326,-91.0039
2.309,208.778,-3.67929,28.616,0.00176243,-0.875477,0.188613,3.77151e-05,0.000490549,0.00774241,4806.99,3,0,0,0,-0.0247747,0.0244421,-0.0116549,0.0116742,4621.98,-35.786,2.26731,9.92444e-05,0.0249835,-91.2253,4684.46,-36.2698,2.29796,9.30509e-05,-0.0244504,-91.2443,4692.5,-36.332,2.3019,-0.00339543,0.0118277,-90.9719,4730.45,-36.6258,2.32051,-0.00336876,-0.011726,-90.9841
2.319,209.064,-3.68591,28.6103,0.00168587,-0.585879,0.042287,-2.62749e-05,0.00049074,0.00774171,4806.06,3,0,0,0,-0.0247687,0.0244658,-0.0116557,0.0116753,4622.94,-35.7902,2.26866,0.000219863,0.025043,-91.2055,4684.08,-36.2635,2.29867,0.000232501,-0.0245609,-91.2251,4692.6,-36.3295,2.30285,-0.00341572,0.011829,-90.9522,4730.5,-36.6229,2.32145,-0.00339148,-0.0117253,-90.9644
2.329,209.35,-3.69253,28.6058,0.00168138,0.480876,0.0682492,-6.5413e-05,0.000490372,0.00774029,4804.93,3,0,0,0,-0.0247514,0.0245163,-0.0116623,0.0116819,4624.48,-35.7955,2.26771,0.000477342,0.0249736,-91.1856,4684.95,-36.2636,2.29737,0.000431681,-0.0246107,-91.2047,4692.71,-36.3237,2.30117,-0.00344742,0.0118346,-90.9322,4730.62,-36.6171,2.31976,-0.0034212,-0.0117314,-90.9444
2.339,209.636,-3.69915,28.5977,0.00151138,-0.765527,-0.272726,-0.000157988,0.000489435,0.00774004,4803.96,3,0,0,0,-0.0247871,0.024514,-0.0116567,0.0116762,4622.82,-35.7815,2.26257,0.000314746,0.0251329,-91.1665,4684.44,-36.2585,2.29273,0.000302404,-0.0247887,-91.1852,4692.54,-36.3212,2.2967,-0.00341612,0.0118002,-90.9129,4730.23,-36.6129,2.31514,-0.00339645,-0.0116964,-90.9251
2.349,209.922,-3.70577,28.591,0.00165018,-0.612643,-0.0261164,-5.59694e-05,0.000489215,0.007739,4802.84,3,0,0,0,-0.0247328,0.0244302,-0.0116592,0.0116786,4625.98,-35.8012,2.2631,-3.97456e-05,0.0249085,-91.1425,4686.96,-36.2731,2.29293,-6.71511e-05,-0.0244663,-91.1615,4693.12,-36.3208,2.29594,-0.00338186,0.0118519,-90.894,4730.65,-36.6112,2.31431,-0.00335918,-0.0117485,-90.9061
2.359,210.208,-3.71238,28.5851,0.00168486,-0.273061,0.102646,-2.26174e-05,0.00048881,0.00773857,4801.79,3,0,0,0,-0.0248266,0.024601,-0.0116592,0.0116787,4624.02,-35.7841,2.26027,6.937e-05,0.0252211,-91.1253,4683.44,-36.2439,2.28931,6.32623e-05,-0.0248105,-91.1445,4692.88,-36.3169,2.29393,-0.00339307,0.0118137,-90.8741,4730.36,-36.607,2.31225,-0.00336781,-0.0117103,-90.8861
2.369,210.494,-3.719,28.5789,0.00179852,-0.841649,0.0409639,7.57836e-05,0.00048836,0.00773696,4800.77,3,0,0,0,-0.0246849,0.0244566,-0.0116607,0.0116798,4626.45,-35.7954,2.25937,0.000251791,0.0249322,-91.1044,4686.28,-36.2583,2.28859,0.000238252,-0.0246377,-91.1233,4692.77,-36.3085,2.29176,-0.0033608,0.0117945,-90.852,4730.27,-36.5987,2.31007,-0.00333962,-0.0116941,-90.864
2.379,210.78,-3.72561,28.5726,0.00170586,-0.507465,0.0121117,-4.4958e-06,0.000487548,0.0077364,4799.72,3,0,0,0,-0.0248674,0.0245689,-0.0116626,0.0116817,4622.52,-35.7624,2.2537,0.000134763,0.0251244,-91.086,4684.19,-36.2395,2.28377,0.00013178,-0.0247008,-91.1047,4693.2,-36.3092,2.28816,-0.00338587,0.0118409,-90.8348,4730.58,-36.5984,2.30639,-0.00336435,-0.011738,-90.8469
2.389,211.065,-3.73222,28.5662,0.00126786,-0.219433,-0.459347,-0.000301455,0.000487219,0.0077352,4798.62,3,0,0,0,-0.0246995,0.0243919,-0.0116574,0.0116775,4623.96,-35.768,2.25288,-5.59587e-05,0.0249908,-91.0636,4685.31,-36.2425,2.28277,-9.51484e-05,-0.0245772,-91.0826,4693.24,-36.3039,2.28664,-0.00333492,0.0118305,-90.8154,4730.57,-36.5926,2.30482,-0.00331892,-0.0117279,-90.8274
2.399,211.351,-3.73883,28.559,0.00165743,-1.09477,-0.149833,-5.1026e-06,0.000486711,0.0077345,4797.66,3,0,0,0,-0.0247342,0.0245499,-0.0116512,0.011671,4621.58,-35.7463,2.24937,-0.000260003,0.0246995,-91.0423,4682.04,-36.214,2.2788,-0.000172546,-0.0244467,-91.0619,4693.27,-36.3008,2.28427,-0.00332961,0.0118155,-90.7962,4730.72,-36.5905,2.3025,-0.0033196,-0.0117144,-90.8081
2.409,211.636,-3.74544,28.554,0.00168173,-0.64487,-0.0467846,-2.04562e-05,0.000485848,0.00773279,4796.66,3,0,0,0,-0.0247815,0.0245001,-0.0116598,0.011679,4622.19,-35.7432,2.24568,0.000221964,0.0250483,-91.0265,4683.81,-36.2196,2.27562,0.000199235,-0.0246772,-91.045,4693.55,-36.295,2.28035,-0.00338697,0.0118356,-90.7761,4730.8,-36.583,2.29845,-0.003365,-0.0117328,-90.7881
2.419,211.922,-3.75205,28.5472,0.00169032,-0.957142,-0.0180702,-2.11504e-05,0.000485788,0.00773144,4795.61,3,0,0,0,-0.0248038,0.0245196,-0.0116549,0.0116743,4623.73,-35.7488,2.24615,5.418e-05,0.025126,-91.0044,4684.14,-36.2159,2.2755,3.82205e-05,-0.0247353,-91.0234,4693.66,-36.2895,2.28013,-0.00336937,0.0118333,-90.7569,4730.8,-36.5767,2.29817,-0.00334845,-0.011729,-90.7688
2.429,212.207,-3.75866,28.5414,0.00156978,0.0427298,-0.220141,-7.58743e-05,0.000485326,0.00773001,4794.58,3,0,0,0,-0.024755,0.0245304,-0.0116595,0.0116787,4623.25,-35.7385,2.24379,-8.46227e-05,0.0249729,-90.9841,4683.11,-36.2012,2.27283,-0.000101797,-0.0247176,-91.0031,4693.5,-36.2815,2.27788,-0.00333828,0.0117977,-90.7371,4730.69,-36.569,2.29593,-0.0033243,-0.0116948,-90.749
2.439,212.492,-3.76526,28.5357,0.00145462,-0.846661,-0.207419,-0.000158443,0.000484691,0.00772843,4793.58,3,0,0,0,-0.0247291,0.0244808,-0.0116556,0.0116754,4623.85,-35.7358,2.24114,0.000435711,0.0248739,-90.9656,4684.88,-36.2075,2.27072,0.000427938,-0.0244898,-90.9845,4693.2,-36.2718,2.27475,-0.00337502,0.0118575,-90.7179,4730.37,-36.5591,2.29277,-0.00336038,-0.0117554,-90.7298
2.449,212.778,-3.77187,28.5289,0.00166619,-0.325812,-0.427833,-2.07968e-05,0.000484289,0.00772731,4792.51,3,0,0,0,-0.0247969,0.0244904,-0.0116606,0.0116792,4623.63,-35.7289,2.23917,7.4545e-05,0.0254214,-90.9448,4685.45,-36.2066,2.26911,0.000150991,-0.0252411,-90.9635,4693.78,-36.271,2.27314,-0.00339899,0.0118317,-90.6986,4730.91,-36.558,2.29113,-0.00339509,-0.0117307,-90.7105
2.459,213.063,-3.77847,28.5227,0.00169454,-0.609267,0.151057,-1.59229e-05,0.000484131,0.007726,4791.49,3,0,0,0,-0.0247946,0.0245193,-0.0116573,0.0116768,4623.64,-35.723,2.23845,0.000126875,0.0251922,-90.9261,4683.39,-36.1846,2.26737,0.000108144,-0.0247007,-90.9449,4693.93,-36.266,2.27248,-0.00336873,0.0118352,-90.679,4731.02,-36.5526,2.29043,-0.00334205,-0.011732,-90.6909
2.469,213.348,-3.78507,28.5162,0.00165186,-0.52002,-0.095537,-5.39307e-05,0.000483546,0.00772426,4790.46,3,0,0,0,-0.0247622,0.0245565,-0.0116603,0.0116795,4624.24,-35.7195,2.23603,-6.20119e-05,0.0253597,-90.9053,4684.06,-36.1816,2.26496,-7.93784e-06,-0.0250729,-90.9241,4693.96,-36.2581,2.26975,-0.00332844,0.011838,-90.6597,4731.15,-36.5453,2.28773,-0.00331676,-0.0117367,-90.6715
2.479,213.633,-3.79167,28.511,0.00168677,0.917015,0.572572,1.3953e-05,0.000483066,0.00772262,4789.51,3,0,0,0,-0.0246875,0.0244208,-0.0116584,0.0116791,4623.77,-35.7083,2.23359,-1.53006e-05,0.0247336,-90.8856,4682.86,-36.1646,2.26213,-4.78525e-06,-0.0240071,-90.9043,4693.83,-36.2494,2.26743,-0.0035263,0.0118153,-90.6399,4731,-36.5365,2.28539,-0.0034809,-0.0117158,-90.6518
2.489,213.918,-3.79827,28.5049,0.00162233,0.909502,0.0025621,-5.7833e-05,0.000482593,0.00772129,4788.41,3,0,0,0,-0.0247634,0.0244306,-0.0116607,0.0116793,4620.4,-35.6761,2.22977,-0.000145073,0.0247526,-90.8655,4681.4,-36.1472,2.25921,-0.000210724,-0.0242601,-90.8839,4693.56,-36.241,2.26508,-0.00331493,0.0117361,-90.6196,4730.66,-36.5275,2.28299,-0.00329669,-0.0116329,-90.6314
2.499,214.203,-3.80487,28.4984,0.00149749,-0.402392,-0.168234,-0.000168507,0.000482378,0.0077195,4787.38,3,0,0,0,-0.0248091,0.0246039,-0.0116647,0.0116839,4622.58,-35.6847,2.22983,0.00023344,0.0251183,-90.8481,4681.5,-36.1396,2.25825,0.000224666,-0.0247841,-90.8669,4694.32,-36.2385,2.26444,-0.00335599,0.0118423,-90.6011,4731.44,-36.5251,2.28234,-0.00333698,-0.0117389,-90.6129
2.509,214.488,-3.81146,28.4919,0.00176649,-0.502283,0.023237,6.2994e-05,0.000481857,0.00771757,4786.45,3,0,0,0,-0.0247285,0.0244886,-0.0116605,0.011679,4623.84,-35.6855,2.22803,0.00022713,0.0249081,-90.8263,4683.99,-36.1497,2.25701,0.000213859,-0.0245981,-90.8447,4694.25,-36.2289,2.26196,-0.00347486,0.0118136,-90.5842,4731.34,-36.5152,2.27983,-0.00345363,-0.0117136,-90.596
2.519,214.773,-3.81806,28.4854,0.00160327,-0.700283,-0.0391627,-6.67448e-05,0.000481396,0.00771623,4785.35,3,0,0,0,-0.0248426,0.0245421,-0.0116604,0.0116794,4622.09,-35.6658,2.22506,0.000104622,0.0250367,-90.8079,4682.81,-36.1343,2.25429,6.49143e-05,-0.0246006,-90.8264,4694.52,-36.2247,2.25992,-0.00332936,0.0118415,-90.5626,4731.44,-36.5096,2.2777,-0.00330594,-0.0117384,-90.5744
2.529,215.057,-3.82465,28.4792,0.00185245,-1.06429,0.267397,0.000110334,0.000481279,0.00771436,4784.52,3,0,0,0,-0.0247745,0.0245491,-0.0116509,0.0116705,4624.59,-35.6764,2.22571,0.000178633,0.0251347,-90.7869,4683.93,-36.1342,2.25428,0.000182104,-0.0247136,-90.8058,4694.59,-36.2165,2.25941,-0.00332399,0.0118476,-90.5433,4731.5,-36.5012,2.27717,-0.00330032,-0.0117417,-90.5551
2.539,215.342,-3.83124,28.4732,0.00170648,-0.439095,0.0204721,6.44606e-06,0.000480894,0.00771263,4783.31,3,0,0,0,-0.024746,0.0245487,-0.011661,0.01168,4624.45,-35.6674,2.22387,4.27353e-05,0.0250032,-90.7669,4683.8,-36.1251,2.25241,1.06771e-05,-0.0247118,-90.7856,4694.69,-36.2091,2.25765,-0.0033377,0.0118636,-90.5242,4731.58,-36.4937,2.27539,-0.00331773,-0.0117594,-90.5359
2.549,215.627,-3.83783,28.4686,0.00187854,1.55192,0.231176,0.000141718,0.00048035,0.00771068,4782.28,3,0,0,0,-0.0248457,0.0245779,-0.011668,0.0116874,4622.11,-35.6403,2.22023,-9.44103e-05,0.0249464,-90.7476,4682.35,-36.1048,2.24916,-0.000116464,-0.024572,-90.7659,4694.65,-36.1996,2.25507,-0.00330848,0.0118273,-90.5045,4731.53,-36.4841,2.27279,-0.00329029,-0.0117236,-90.5162
2.559,215.911,-3.84442,28.4613,0.00190226,-1.07285,0.188817,0.000139102,0.000480082,0.00770879,4781.25,3,0,0,0,-0.0247868,0.0245218,-0.0116592,0.0116772,4623.93,-35.6456,2.21987,0.000435508,0.024777,-90.7287,4683.48,-36.1047,2.24846,0.000484456,-0.0244164,-90.7474,4694.68,-36.1911,2.25383,-0.00338208,0.0118421,-90.4849,4731.51,-36.4749,2.27151,-0.00335896,-0.0117381,-90.4967
2.569,216.196,-3.85101,28.4544,0.00151869,-0.0767953,0.0986315,-0.000112326,0.000479545,0.00770751,4780.19,3,0,0,0,-0.0248343,0.0246279,-0.0116623,0.0116813,4621.18,-35.6185,2.21606,-0.000241864,0.0251497,-90.7072,4680.15,-36.073,2.24434,-0.000183095,-0.0246661,-90.726,4694.54,-36.1839,2.25124,-0.00326619,0.0118059,-90.466,4731.51,-36.4689,2.26897,-0.00324074,-0.0117039,-90.4777
2.579,216.48,-3.85759,28.4488,0.0017437,-0.150992,0.0291502,5.28783e-05,0.00047917,0.00770492,4779.21,3,0,0,0,-0.0247617,0.0245225,-0.0116631,0.0116821,4623.49,-35.6243,2.21544,7.10062e-05,0.0249869,-90.6881,4683.22,-36.0845,2.24406,8.34608e-05,-0.0246772,-90.7068,4694.97,-36.1751,2.24969,-0.00331186,0.0118301,-90.4466,4731.87,-36.4594,2.26737,-0.00329515,-0.0117283,-90.4584
2.589,216.765,-3.86418,28.4426,0.00165539,-0.553405,0.0348177,-3.41246e-05,0.000478531,0.00770305,4778.2,3,0,0,0,-0.0247966,0.0245052,-0.0116643,0.0116829,4623.39,-35.615,2.21244,0.000170147,0.0249927,-90.6684,4683.79,-36.0802,2.24134,0.000237266,-0.0245309,-90.6867,4695.13,-36.1675,2.24676,-0.00338124,0.0118665,-90.4273,4731.87,-36.4505,2.26435,-0.00336133,-0.0117663,-90.4391
2.599,217.049,-3.87076,28.4358,0.00161164,-0.759301,-0.126754,-5.34054e-05,0.000478463,0.00770129,4777.2,3,0,0,0,-0.0247868,0.0245581,-0.0116583,0.0116776,4622.66,-35.6012,2.21177,4.78058e-05,0.0249539,-90.6488,4681.24,-36.0523,2.2398,2.41562e-05,-0.0246535,-90.6675,4695.17,-36.1596,2.24646,-0.00329621,0.0118384,-90.4081,4731.83,-36.442,2.26401,-0.00328026,-0.0117353,-90.4197
2.609,217.333,-3.87734,28.4281,0.00170723,-3.54671,0.00208674,5.62046e-05,0.00047794,0.00769911,4776.14,3,0,0,0,-0.0246829,0.0244904,-0.0116531,0.0116722,4624.04,-35.6017,2.21001,-1.02079e-05,0.0249633,-90.6275,4683.06,-36.0561,2.23822,0.000111132,-0.0246356,-90.6463,4695.07,-36.1486,2.24396,-0.00298798,0.011854,-90.3891,4731.83,-36.4316,2.26153,-0.00299084,-0.0117529,-90.4007
2.619,217.617,-3.88392,28.4237,0.0018655,-0.443012,0.37551,0.000121937,0.000477183,0.00769704,4775.1,3,0,0,0,-0.0247708,0.024467,-0.0116602,0.0116787,4621.23,-35.5705,2.20517,-2.27172e-05,0.0249467,-90.6098,4681.36,-36.0333,2.23386,-4.54099e-05,-0.0244192,-90.628,4695.22,-36.14,2.24048,-0.00328964,0.0118269,-90.3697,4731.88,-36.4222,2.25797,-0.00326185,-0.0117254,-90.3813
2.629,217.901,-3.8905,28.418,0.00201358,-0.215201,0.295568,0.000219389,0.000477526,0.00769493,4774.15,3,0,0,0,-0.0248027,0.0245474,-0.0116569,0.0116734,4621.55,-35.5632,2.20691,4.51422e-05,0.0248301,-90.5899,4680.84,-36.0195,2.23522,6.30993e-06,-0.0244889,-90.6085,4695.45,-36.1318,2.2422,-0.0032796,0.0118258,-90.3504,4732.03,-36.4133,2.25966,-0.00326498,-0.0117234,-90.362
2.639,218.186,-3.89708,28.4113,0.00150258,-0.566607,-0.252947,-0.000112622,0.000476694,0.00769293,4773.1,3,0,0,0,-0.0247836,0.0245766,-0.0116627,0.0116815,4622.47,-35.561,2.2035,-6.31299e-05,0.024972,-90.5696,4681.63,-36.0161,2.2317,-2.31779e-05,-0.0246997,-90.5883,4695.6,-36.1236,2.23836,-0.00328203,0.0118379,-90.3309,4732.2,-36.4052,2.25581,-0.00326849,-0.0117355,-90.3424
2.649,218.47,-3.90366,28.405,0.00145194,-1.70323,-0.168625,-0.000146635,0.000476259,0.00769071,4772.16,3,0,0,0,-0.0247699,0.0245095,-0.0116592,0.0116778,4623.66,-35.56,2.20206,7.0946e-05,0.0249259,-90.5508,4683.5,-36.0201,2.23056,9.38016e-05,-0.0245202,-90.5692,4695.56,-36.1129,2.2363,-0.00314333,0.0118337,-90.3118,4732.11,-36.394,2.25371,-0.00312978,-0.0117343,-90.3234
2.659,218.754,-3.91023,28.3995,0.00160688,-0.855088,-0.101914,-5.3208e-05,0.000475778,0.00768868,4771.07,3,0,0,0,-0.0248524,0.0245656,-0.011663,0.0116816,4622.82,-35.5441,2.19943,0.000297525,0.0250816,-90.5324,4682.79,-36.0052,2.22797,0.000350195,-0.0247055,-90.5506,4695.7,-36.1045,2.23411,-0.00334479,0.0118444,-90.2925,4732.2,-36.3851,2.25147,-0.00332734,-0.0117438,-90.3041
2.669,219.037,-3.91681,28.394,0.0015159,-0.153803,0.0537731,-0.000138144,0.000475783,0.00768642,4770.05,3,0,0,0,-0.0247491,0.0245253,-0.0116653,0.011684,4625,-35.5504,2.2005,0.000258103,0.0252634,-90.5121,4683.24,-35.9981,2.22821,0.000242302,-0.0247872,-90.5307,4695.77,-36.0943,2.23417,-0.00332589,0.0118405,-90.2733,4732.28,-36.375,2.25154,-0.00329827,-0.0117377,-90.2849
2.679,219.321,-3.92338,28.3871,0.00170488,-0.581883,-0.00469562,2.24434e-05,0.000475251,0.00768455,4769.08,3,0,0,0,-0.024734,0.0245295,-0.0116631,0.0116816,4623.68,-35.5316,2.19741,7.39924e-05,0.0248521,-90.4922,4682.6,-35.9844,2.22541,7.37015e-05,-0.0245778,-90.5104,4695.87,-36.0864,2.23171,-0.00328157,0.011881,-90.2554,4732.43,-36.3673,2.24909,-0.00326473,-0.0117781,-90.2669
2.689,219.605,-3.92995,28.381,0.00154818,-0.704917,0.0209519,-7.80514e-05,0.000474731,0.00768237,4768.02,3,0,0,0,-0.0247478,0.0244617,-0.0116615,0.0116798,4622.59,-35.5131,2.19449,0.000197065,0.0251426,-90.4733,4682.56,-35.9738,2.22296,0.000185531,-0.0246586,-90.4916,4695.86,-36.076,2.22927,-0.00330643,0.0118441,-90.235,4732.35,-36.3564,2.24659,-0.00327932,-0.0117418,-90.2466
2.699,219.889,-3.93652,28.375,0.00163362,-0.369297,0.120286,-1.3794e-05,0.00047474,0.00768021,4766.96,3,0,0,0,-0.0248481,0.0245722,-0.0116642,0.0116828,4621.07,-35.4915,2.19381,4.94192e-05,0.0250033,-90.4531,4680.19,-35.9455,2.22187,5.17109e-05,-0.0245322,-90.4715,4695.8,-36.0654,2.22928,-0.00330107,0.0118413,-90.2159,4732.21,-36.3451,2.24657,-0.00327605,-0.0117397,-90.2274
2.709,220.172,-3.94309,28.3681,0.00169995,-0.977631,-0.000994574,5.81785e-05,0.000474273,0.00767768,4766.12,3,0,0,0,-0.0248337,0.024596,-0.0116658,0.0116843,4622.65,-35.4919,2.1924,-7.65984e-05,0.0248971,-90.433,4681.33,-35.9425,2.22023,-3.23546e-05,-0.0245637,-90.4517,4695.87,-36.0541,2.22712,-0.00327091,0.0118891,-90.1966,4732.35,-36.3342,2.24443,-0.00325839,-0.0117914,-90.2081
2.719,220.456,-3.94966,28.3622,0.00159481,-1.11551,0.216961,-7.18979e-05,0.00047364,0.00767535,4764.72,3,0,0,0,-0.0247147,0.0244688,-0.0116588,0.011677,4622.67,-35.4813,2.18948,0.000140724,0.0248127,-90.4142,4681.67,-35.9342,2.21743,0.000117961,-0.024268,-90.4323,4696.04,-36.0445,2.22423,-0.00327609,0.0118477,-90.1777,4732.4,-36.3235,2.24145,-0.00324572,-0.0117451,-90.1892
2.729,220.739,-3.95622,28.3554,0.00156154,-1.21893,-0.255171,-7.64851e-05,0.000473429,0.0076733,4763.23,3,0,0,0,-0.0248992,0.0246282,-0.011665,0.0116834,4621.36,-35.4618,2.18789,-0.000200284,0.02486,-90.393,4680.91,-35.9188,2.21608,-0.000236005,-0.0245891,-90.4113,4696.64,-36.0395,2.22353,-0.00323468,0.0120221,-90.1587,4732.98,-36.3183,2.24073,-0.00322104,-0.0119197,-90.1702
2.739,221.023,-3.96279,28.3505,0.00154606,-0.716776,-0.276188,-7.19828e-05,0.000473359,0.0076705,4762.97,3,0,0,0,-0.0247938,0.0245724,-0.0116644,0.0116829,4623.03,-35.4617,2.18836,0.000269614,0.0250352,-90.3762,4681.3,-35.9086,2.21594,0.000249253,-0.024801,-90.3947,4696.23,-36.0232,2.22301,-0.0032699,0.011842,-90.1392,4732.55,-36.3017,2.2402,-0.00325796,-0.0117399,-90.1506
2.749,221.306,-3.96935,28.3462,0.0016992,1.74033,0.00605965,0.000109659,0.000472941,0.00766739,4761.88,3,0,0,0,-0.0247503,0.0244797,-0.0116709,0.0116893,4625.29,-35.4646,2.18749,-0.000120762,0.0252792,-90.3529,4683.82,-35.9133,2.21517,-7.98771e-05,-0.0250461,-90.3714,4696.42,-36.01,2.22113,-0.0032322,0.0118574,-90.1201,4732.71,-36.2883,2.2383,-0.00321958,-0.0117544,-90.1316
2.759,221.59,-3.97591,28.3382,0.00160102,-0.708882,0.000495466,-1.25071e-05,0.000471993,0.00766603,4760.95,3,0,0,0,-0.0248828,0.0245789,-0.0116641,0.0116823,4620.45,-35.4212,2.18082,0.000177227,0.0251611,-90.3382,4680.33,-35.8803,2.20908,0.000225846,-0.0247219,-90.3566,4696.49,-36.0041,2.21671,-0.00327041,0.0118435,-90.1009,4732.75,-36.2821,2.23382,-0.00325062,-0.0117458,-90.1124
2.769,221.873,-3.98247,28.332,0.00183174,-0.975522,0.0833745,0.000121784,0.000472074,0.00766336,4760.07,3,0,0,0,-0.0247314,0.0244617,-0.0116573,0.0116746,4623.81,-35.4346,2.18278,0.00014545,0.0246854,-90.3152,4682.45,-35.884,2.21046,0.00014046,-0.0243793,-90.3335,4696.67,-35.993,2.21718,-0.00326353,0.0118611,-90.0822,4732.77,-36.2696,2.23422,-0.00324431,-0.0117599,-90.0936
2.779,222.156,-3.98903,28.3257,0.00166321,-0.618516,-0.0431889,3.36502e-05,0.000471398,0.00766122,4758.94,3,0,0,0,-0.0248246,0.0246179,-0.0116645,0.011683,4621.49,-35.407,2.17856,-6.09571e-05,0.024917,-90.2966,4679.45,-35.851,2.20588,-1.49175e-05,-0.0246385,-90.3152,4696.77,-35.9837,2.21405,-0.00324048,0.0118768,-90.0632,4732.94,-36.2608,2.2311,-0.0032264,-0.0117784,-90.0745
2.789,222.439,-3.99559,28.3198,0.00161318,-0.959702,0.422529,-1.55888e-05,0.000470795,0.00765818,4757.64,3,0,0,0,-0.02473,0.0244782,-0.0116646,0.0116826,4622.52,-35.4008,2.17626,0.000159852,0.0246987,-90.2778,4680.77,-35.8469,2.20368,0.000139194,-0.024025,-90.2958,4696.61,-35.9682,2.21114,-0.00324724,0.0118677,-90.0435,4732.71,-36.2446,2.22813,-0.0032152,-0.0117665,-90.0549
2.799,222.722,-4.00214,28.3138,0.00159517,-0.349473,0.0130604,-3.76622e-05,0.000470332,0.00765589,4756.98,3,0,0,0,-0.0247872,0.0244793,-0.011666,0.0116842,4621.44,-35.3819,2.17361,-2.73075e-05,0.0249192,-90.2571,4680.41,-35.8334,2.20134,-3.19499e-05,-0.0244622,-90.2751,4697.05,-35.9608,2.20917,-0.00325936,0.0118794,-90.0249,4733.04,-36.2363,2.2261,-0.00324021,-0.0117795,-90.0363
2.809,223.005,-4.0087,28.3077,0.00167935,-0.641372,0.094235,2.22216e-05,0.000470118,0.00765354,4755.91,3,0,0,0,-0.0248181,0.0245971,-0.0116636,0.0116819,4621.38,-35.3706,2.17259,0.000110309,0.0251267,-90.2393,4678.93,-35.8111,2.19965,9.67604e-05,-0.0247687,-90.2576,4696.91,-35.9487,2.2081,-0.00325092,0.0118427,-90.0057,4732.89,-36.2241,2.22502,-0.00323118,-0.0117423,-90.017
2.819,223.288,-4.01525,28.3008,0.00161403,-1.12518,-0.00423694,-1.66253e-05,0.000469553,0.00765093,4754.91,3,0,0,0,-0.0246552,0.0244736,-0.0116596,0.0116778,4622.66,-35.3683,2.17058,-0.000113419,0.0250151,-90.2176,4680.65,-35.8121,2.19781,-4.52886e-05,-0.0246978,-90.236,4697,-35.9372,2.20549,-0.00321315,0.0118412,-89.9868,4733.04,-36.2129,2.22241,-0.00319468,-0.0117417,-89.9981
2.829,223.571,-4.0218,28.2954,0.00157668,-0.534763,-0.120527,-4.2596e-05,0.000469081,0.00764828,4753.91,3,0,0,0,-0.0248111,0.0245089,-0.0116659,0.0116838,4620.72,-35.3413,2.1675,-3.66914e-05,0.0249833,-90.1997,4680.12,-35.7956,2.19536,-6.58476e-05,-0.0246234,-90.2173,4697.03,-35.9249,2.20329,-0.003244,0.0118413,-89.9679,4733.05,-36.2004,2.22019,-0.00322679,-0.0117407,-89.9793
2.839,223.854,-4.02836,28.2892,0.00150205,-0.198773,0.113267,-8.19334e-05,0.000469042,0.00764581,4752.9,3,0,0,0,-0.0248619,0.0245918,-0.011666,0.0116842,4620.87,-35.331,2.16738,-0.000111123,0.0253732,-90.18,4679.14,-35.7765,2.19471,-0.000164727,-0.0248581,-90.1979,4697.16,-35.9143,2.20317,-0.00324659,0.0118365,-89.9489,4733.11,-36.1892,2.22003,-0.00321841,-0.0117368,-89.9603
2.849,224.137,-4.03491,28.2844,0.00139974,0.659814,-0.0137108,-0.000147326,0.000468811,0.00764255,4751.89,3,0,0,0,-0.0247532,0.0245397,-0.0116697,0.0116883,4624.12,-35.3408,2.16784,1.43469e-06,0.0255705,-90.1602,4681.7,-35.7808,2.19483,2.40394e-05,-0.0251551,-90.1786,4697.26,-35.8997,2.20213,-0.00324521,0.0118451,-89.9298,4733.26,-36.1749,2.21901,-0.00322406,-0.0117462,-89.9411
2.859,224.42,-4.04145,28.2771,0.00166569,-0.136522,0.0380512,1.15696e-05,0.000468311,0.00764059,4750.81,3,0,0,0,-0.0248012,0.0245675,-0.0116662,0.0116841,4621.35,-35.3105,2.16423,-0.000243309,0.0249251,-90.1411,4679.99,-35.7586,2.19169,-0.000241408,-0.0245813,-90.159,4697.34,-35.8912,2.19982,-0.00319574,0.0118709,-89.9111,4733.36,-36.1663,2.21668,-0.00317649,-0.0117681,-89.9224
2.869,224.702,-4.048,28.2717,0.00157627,-0.288431,0.000423649,-3.8892e-05,0.000467963,0.00763759,4749.9,3,0,0,0,-0.0247877,0.0244966,-0.0116673,0.0116851,4622.37,-35.3045,2.1631,0.000107065,0.0249676,-90.1226,4681.11,-35.7531,2.19059,6.75734e-05,-0.0245381,-90.1404,4697.38,-35.8774,2.1982,-0.00324303,0.0118434,-89.8919,4733.32,-36.1519,2.21502,-0.00322221,-0.0117429,-89.9032
2.879,224.985,-4.05455,28.2657,0.00171484,-0.783823,0.534688,4.02746e-05,0.000467928,0.00763486,4748.89,3,0,0,0,-0.0247497,0.0245429,-0.0116676,0.0116854,4624.44,-35.3076,2.1639,0.000345073,0.0253008,-90.1029,4680.99,-35.7394,2.19036,0.000297053,-0.0247256,-90.1211,4697.42,-35.8648,2.19805,-0.00330841,0.0118518,-89.8729,4733.35,-36.1392,2.21487,-0.00326502,-0.0117499,-89.8842
2.889,225.268,-4.06109,28.2594,0.00162817,-0.711623,-0.0302293,7.13508e-06,0.000467052,0.00763231,4747.89,3,0,0,0,-0.0248187,0.0245823,-0.011668,0.0116857,4621.32,-35.2721,2.1584,0.000211345,0.0250655,-90.0854,4679.49,-35.716,2.18556,0.000202097,-0.0247544,-90.1031,4697.37,-35.8525,2.19391,-0.003232,0.0118301,-89.8539,4733.27,-36.1265,2.21068,-0.00321462,-0.0117318,-89.8652
2.899,225.55,-4.06763,28.2534,0.00180986,-0.14815,0.474277,0.000140015,0.000466763,0.00762935,4746.91,3,0,0,0,-0.0246925,0.0244119,-0.0116679,0.0116858,4622.21,-35.2651,2.15747,-7.10862e-05,0.0246264,-90.0634,4679.8,-35.7045,2.18436,-0.000129159,-0.0240716,-90.0811,4697.52,-35.8398,2.19263,-0.00319065,0.0118344,-89.8355,4733.31,-36.1128,2.20933,-0.00316301,-0.0117351,-89.8467
2.909,225.833,-4.07418,28.2471,0.00153037,-0.572107,-0.00234136,-7.99024e-05,0.000466348,0.00762703,4745.89,3,0,0,0,-0.0248855,0.0246307,-0.0116695,0.0116874,4620.17,-35.2389,2.15461,9.55795e-05,0.0250711,-90.0459,4677.8,-35.6784,2.18148,6.86559e-05,-0.0246607,-90.0638,4697.68,-35.83,2.19075,-0.0032289,0.0118454,-89.8162,4733.42,-36.1027,2.20742,-0.00320372,-0.0117454,-89.8274
2.919,226.115,-4.08072,28.2412,0.00150646,-0.596745,-0.0973006,-9.05284e-05,0.000465957,0.00762376,4744.9,3,0,0,0,-0.0247663,0.0245598,-0.0116674,0.0116851,4622.42,-35.2409,2.15385,9.20903e-05,0.0251778,-90.0263,4680.03,-35.6801,2.18069,0.000102078,-0.0248563,-90.0441,4697.74,-35.8151,2.18895,-0.00321129,0.0118503,-89.7972,4733.45,-36.0874,2.20558,-0.003196,-0.0117508,-89.8084
2.929,226.397,-4.08725,28.2354,0.00175704,-0.206642,-0.03751,0.000110057,0.000465622,0.00762124,4743.85,3,0,0,0,-0.0247257,0.0244891,-0.0116682,0.0116859,4621.86,-35.225,2.15204,-3.49112e-05,0.0248667,-90.0065,4679.64,-35.6654,2.17894,-5.75508e-05,-0.024677,-90.0244,4697.85,-35.8042,2.18743,-0.00315072,0.0118615,-89.7784,4733.53,-36.0761,2.20404,-0.00314122,-0.0117596,-89.7896
2.939,226.679,-4.09379,28.229,0.00152443,-0.413495,-0.00565368,-6.77281e-05,0.000465164,0.00761862,4742.93,3,0,0,0,-0.0248507,0.0245535,-0.0116686,0.0116864,4620.44,-35.202,2.14926,2.50499e-06,0.0250126,-89.9875,4678.85,-35.647,2.17643,-3.6358e-05,-0.0245612,-90.0053,4697.88,-35.7921,2.18529,-0.00318497,0.011848,-89.7594,4733.53,-36.0636,2.20187,-0.00316312,-0.0117483,-89.7706
2.949,226.962,-4.10033,28.2233,0.00174155,0.0424201,-0.00683842,0.000102433,0.000465128,0.00761563,4741.9,3,0,0,0,-0.0247812,0.0245604,-0.0116678,0.0116836,4620.74,-35.1906,2.14924,-7.29464e-05,0.0248633,-89.9674,4678.86,-35.6332,2.17627,-3.56357e-05,-0.0246377,-89.9855,4697.85,-35.7777,2.1851,-0.00315874,0.0118243,-89.74,4733.56,-36.0497,2.20171,-0.00315085,-0.0117263,-89.7512
2.959,227.244,-4.10686,28.2167,0.00175018,-0.839049,0.254161,8.43221e-05,0.000464454,0.00761287,4740.89,3,0,0,0,-0.0247138,0.0245249,-0.0116666,0.011684,4620.44,-35.1755,2.14598,-4.07733e-05,0.0244578,-89.9487,4678.11,-35.6145,2.17276,-1.2766e-05,-0.0240852,-89.9667,4698.08,-35.7666,2.18204,-0.00318097,0.011843,-89.7219,4733.73,-36.0379,2.1986,-0.00315826,-0.0117429,-89.733
2.969,227.526,-4.1134,28.211,0.00151305,-1.74843,-0.22216,-7.03486e-05,0.000464099,0.00760974,4739.91,3,0,0,0,-0.0248419,0.0245743,-0.0116695,0.0116873,4621.29,-35.1675,2.14473,0.000424133,0.0247652,-89.9294,4680.36,-35.617,2.17215,0.000530365,-0.0244232,-89.9471,4698.24,-35.7531,2.18045,-0.00327773,0.0118681,-89.703,4733.93,-36.0247,2.19701,-0.00327069,-0.011773,-89.7142
2.979,227.808,-4.11993,28.2052,0.00160487,-0.4946,0.0542997,-6.80132e-06,0.000464066,0.00760701,4738.87,3,0,0,0,-0.0248303,0.0245676,-0.0116694,0.0116869,4621.37,-35.1555,2.14462,0.000156899,0.0251587,-89.9113,4679.05,-35.5943,2.17139,0.000147932,-0.0247441,-89.9293,4698.21,-35.74,2.18028,-0.00320431,0.011846,-89.6842,4733.84,-36.0111,2.19682,-0.0031827,-0.011747,-89.6953
2.989,228.09,-4.12646,28.1995,0.00165187,-1.00041,0.0375841,1.22034e-05,0.000464002,0.00760391,4737.89,3,0,0,0,-0.0247003,0.0245121,-0.0116669,0.011684,4623.72,-35.1591,2.14541,0.000447401,0.0248453,-89.8911,4680.78,-35.5929,2.17189,0.000337049,-0.0245549,-89.909,4698.27,-35.7259,2.18001,-0.00325944,0.0118923,-89.6653,4733.94,-35.9971,2.19655,-0.00323736,-0.011791,-89.6764
2.999,228.372,-4.13299,28.1927,0.00148042,-1.33782,-0.187915,-6.36758e-05,0.000463327,0.00760126,4736.69,3,0,0,0,-0.0247998,0.0245391,-0.0116682,0.011686,4621.03,-35.1264,2.14105,0.000183857,0.0248731,-89.8721,4679.46,-35.5705,2.16812,0.00022024,-0.0245311,-89.8899,4698.25,-35.7133,2.17682,-0.00320986,0.0118268,-89.6463,4733.97,-35.9848,2.19337,-0.00319645,-0.0117324,-89.6575
3.009,228.654,-4.13952,28.1866,0.00147913,-0.957807,-0.112547,-0.000108149,0.000463187,0.0075984,4735.84,3,0,0,0,-0.02485,0.0245747,-0.0116669,0.0116847,4619.39,-35.1007,2.13964,6.7975e-05,0.0246761,-89.8535,4677.62,-35.5431,2.16661,-2.55738e-06,-0.0242842,-89.871,4698.17,-35.6993,2.17613,-0.00316766,0.0118352,-89.6275,4733.77,-35.9697,2.19262,-0.00314828,-0.0117341,-89.6386
3.019,228.935,-4.14605,28.181,0.00145926,-0.742668,-0.256512,-0.000106854,0.000462952,0.00759539,4734.94,3,0,0,0,-0.0248514,0.0246194,-0.0116693,0.0116869,4621.3,-35.1013,2.13944,0.00016421,0.0250448,-89.8343,4679,-35.5395,2.16615,0.00015979,-0.0247816,-89.8522,4698.49,-35.6875,2.17517,-0.00321124,0.0118539,-89.609,4734.06,-35.9577,2.19164,-0.00319611,-0.0117531,-89.6201
3.029,229.217,-4.15257,28.1754,0.00168856,-0.246927,-0.0638587,4.86415e-05,0.000463164,0.00759217,4733.92,3,0,0,0,-0.0245525,0.0244222,-0.0116692,0.0116864,4624.97,-35.1143,2.14212,0.000162821,0.0255198,-89.8141,4682,-35.5472,2.16854,0.000121017,-0.0253928,-89.832,4698.58,-35.6731,2.17622,-0.00319957,0.0118769,-89.5901,4734.2,-35.9436,2.19271,-0.00318697,-0.0117751,-89.6012
3.039,229.499,-4.15909,28.1687,0.00165552,-0.912347,0.170262,4.28913e-05,0.000462628,0.00758988,4732.95,3,0,0,0,-0.0248098,0.0245027,-0.0116637,0.011681,4619.89,-35.065,2.13729,6.48377e-05,0.0251133,-89.7963,4678.05,-35.5065,2.16419,2.17605e-05,-0.0246297,-89.814,4698.59,-35.6624,2.1737,-0.00317602,0.0118451,-89.5713,4734.26,-35.9331,2.1902,-0.00314979,-0.011746,-89.5825
3.049,229.78,-4.16562,28.1628,0.00139992,-0.418538,-0.173875,-0.000137699,0.000462584,0.00758685,4731.96,3,0,0,0,-0.0248463,0.0245852,-0.0116696,0.0116873,4619.31,-35.0466,2.13682,-4.70753e-05,0.0250305,-89.7762,4676.79,-35.4828,2.16341,-0.00011534,-0.0246417,-89.7939,4698.67,-35.6488,2.17353,-0.00315366,0.0118456,-89.5526,4734.26,-35.9188,2.18999,-0.0031344,-0.0117463,-89.5638
3.059,230.062,-4.17214,28.1581,0.00170043,-0.209309,0.246226,0.000105091,0.000462731,0.00758326,4730.97,3,0,0,0,-0.0246867,0.0245147,-0.0116682,0.0116853,4622.39,-35.0535,2.13892,0.000387405,0.025139,-89.7572,4678.95,-35.4824,2.16509,0.000325189,-0.0248066,-89.7753,4698.38,-35.6297,2.17408,-0.00320866,0.0118522,-89.5332,4734.1,-35.9006,2.19061,-0.00318424,-0.0117542,-89.5444
3.069,230.343,-4.17866,28.1509,0.00156171,-0.861973,0.0271938,-1.28969e-05,0.000461598,0.00758059,4730.08,3,0,0,0,-0.0248422,0.0245591,-0.0116711,0.0116882,4619.79,-35.0214,2.13249,0.000129273,0.0249879,-89.7393,4678.65,-35.4676,2.15966,0.000132417,-0.0245513,-89.7567,4698.82,-35.6205,2.16897,-0.00317575,0.0118618,-89.515,4734.42,-35.8904,2.1854,-0.00315681,-0.0117658,-89.5262
3.079,230.625,-4.18518,28.1458,0.00162718,-1.05578,0.0163878,5.75148e-05,0.000461827,0.00757723,4728.99,3,0,0,0,-0.0247134,0.0244357,-0.0116641,0.0116812,4622.84,-35.029,2.13495,0.00042917,0.0248484,-89.7197,4680,-35.4621,2.16135,0.000505211,-0.0244703,-89.7382,4698.94,-35.6056,2.1701,-0.0032318,0.0118469,-89.4964,4734.42,-35.8745,2.18648,-0.00321713,-0.0117498,-89.5075
3.089,230.906,-4.1917,28.1391,0.00144001,-0.584919,0.00883054,-6.63057e-05,0.000461156,0.00757439,4728,3,0,0,0,-0.0247108,0.0245069,-0.0116721,0.0116897,4623.03,-35.0173,2.13194,3.50885e-05,0.0250126,-89.6976,4679.02,-35.4414,2.15776,1.85507e-05,-0.0246394,-89.7156,4698.91,-35.5921,2.16693,-0.00320657,0.0118511,-89.4783,4734.41,-35.8609,2.1833,-0.00318012,-0.0117581,-89.4894
3.099,231.187,-4.19821,28.1334,0.00155441,-0.0399631,-0.0386314,-1.29567e-05,0.000460323,0.00757183,4727.03,3,0,0,0,-0.0248579,0.0246363,-0.0116736,0.0116908,4618.73,-34.9729,2.12611,1.6815e-05,0.0250597,-89.6823,4675.99,-35.4065,2.15247,2.06632e-05,-0.0247633,-89.6998,4699.19,-35.5821,2.16314,-0.00315769,0.0118485,-89.4589,4734.46,-35.8492,2.17938,-0.00313996,-0.0117516,-89.4701
3.109,231.469,-4.20473,28.1274,0.00173021,0.224857,0.22192,0.000121688,0.000460006,0.00756833,4726.04,3,0,0,0,-0.0248104,0.0245479,-0.01168,0.0116967,4620.85,-34.9728,2.12562,-0.000155879,0.0248886,-89.6606,4678.45,-35.4087,2.15211,-0.000195109,-0.0244842,-89.678,4699.33,-35.5668,2.16172,-0.00313529,0.0118459,-89.4405,4734.46,-35.8326,2.17788,-0.0031137,-0.0117486,-89.4515
3.119,231.75,-4.21124,28.1209,0.0015402,-1.29904,-0.151546,-4.34092e-05,0.000459458,0.00756518,4725.05,3,0,0,0,-0.0248513,0.0246425,-0.0116667,0.0116841,4621.52,-34.9633,2.12339,0.000202339,0.0249198,-89.6433,4678.21,-35.3922,2.14944,0.000159549,-0.0246716,-89.6609,4699.43,-35.5527,2.15919,-0.00315273,0.0118593,-89.4217,4734.46,-35.8178,2.17529,-0.00314146,-0.0117589,-89.4327
3.129,232.031,-4.21775,28.1155,0.00143957,-0.362016,-0.294447,-8.86431e-05,0.0004595,0.00756206,4724.12,3,0,0,0,-0.0247098,0.0245476,-0.0116731,0.01169,4621.84,-34.9513,2.12374,6.37653e-05,0.0244485,-89.6238,4678.03,-35.3763,2.14956,2.91401e-05,-0.0242997,-89.6415,4699.44,-35.5381,2.15939,-0.00313473,0.0118544,-89.403,4734.47,-35.8031,2.17549,-0.00312027,-0.0117537,-89.4139
3.139,232.312,-4.22426,28.1095,0.00161514,-0.498829,0.267578,7.19737e-05,0.000458538,0.00755911,4723.17,3,0,0,0,-0.0247911,0.0245242,-0.0116729,0.0116917,4620.86,-34.9302,2.11884,1.54273e-05,0.0247625,-89.6048,4678.25,-35.3641,2.14516,6.84687e-06,-0.024263,-89.6223,4699.49,-35.5247,2.1549,-0.00314249,0.0118474,-89.3844,4734.62,-35.7903,2.17101,-0.0031181,-0.0117517,-89.3954
3.149,232.593,-4.23077,28.1035,0.00149727,-0.527726,-0.00636126,-6.03171e-05,0.000458266,0.00755605,4722.08,3,0,0,0,-0.0248354,0.024551,-0.011676,0.011693,4619.89,-34.9088,2.11714,0.000160448,0.0250831,-89.5865,4677.61,-35.3449,2.14359,0.000141088,-0.0246464,-89.6039,4699.33,-35.509,2.15354,-0.00316287,0.0117987,-89.3656,4734.41,-35.7741,2.16962,-0.00314331,-0.0117016,-89.3766
3.159,232.874,-4.23728,28.097,0.00139729,-0.42371,-0.0632346,-7.41898e-05,0.00045805,0.00755318,4721.09,3,0,0,0,-0.0248114,0.0245995,-0.0116718,0.0116892,4620.41,-34.8995,2.11638,-0.000186366,0.0253507,-89.5653,4676.74,-35.325,2.14218,-0.000160322,-0.0249633,-89.5833,4699.64,-35.4979,2.15267,-0.00311622,0.0118472,-89.3473,4734.8,-35.7635,2.16878,-0.00310425,-0.0117529,-89.3582
3.169,233.155,-4.24379,28.0919,0.00165693,-0.12609,-0.00937007,4.69294e-05,0.000457572,0.00754991,4720.1,3,0,0,0,-0.0246781,0.024531,-0.0116732,0.0116897,4620.22,-34.8829,2.11408,0.000123703,0.0252245,-89.5495,4676.6,-35.3086,2.13988,8.65712e-05,-0.0250608,-89.5667,4699.53,-35.4817,2.15037,-0.00314559,0.0118504,-89.3288,4734.66,-35.7469,2.16645,-0.00312986,-0.0117529,-89.3397
3.179,233.435,-4.25029,28.0858,0.00157055,-0.30071,0.103988,4.61838e-05,0.000457489,0.00754662,4719.3,3,0,0,0,-0.0247854,0.0245147,-0.0116754,0.0116922,4620.05,-34.8664,2.11362,1.43929e-05,0.024837,-89.5283,4677.14,-35.2973,2.13974,-1.3387e-05,-0.0244134,-89.5461,4699.74,-35.4678,2.15008,-0.0031341,0.0118532,-89.3096,4734.89,-35.7331,2.16616,-0.00311369,-0.0117571,-89.3205
3.189,233.716,-4.2568,28.0799,0.00175549,-0.666936,0.0938448,0.000139443,0.000457268,0.00754332,4718.17,3,0,0,0,-0.0248392,0.0245879,-0.011675,0.0116897,4619.65,-34.8481,2.11241,0.000197346,0.0247863,-89.5102,4676.58,-35.2776,2.13845,0.000191889,-0.024511,-89.5276,4699.68,-35.4519,2.14901,-0.0031448,0.0118446,-89.2912,4734.82,-35.717,2.16508,-0.00312824,-0.0117477,-89.3022
3.199,233.997,-4.2633,28.0736,0.00152822,-0.286274,0.00385588,-7.91055e-06,0.000456611,0.00754042,4717.17,3,0,0,0,-0.0248286,0.0246358,-0.0116738,0.0116907,4620.02,-34.8376,2.10955,-9.23713e-05,0.0249787,-89.4906,4676.4,-35.2627,2.1353,-6.70986e-05,-0.0246825,-89.5083,4699.91,-35.44,2.14603,-0.00312226,0.0118483,-89.2727,4735.09,-35.7053,2.1621,-0.00310422,-0.0117547,-89.2837
3.209,234.278,-4.2698,28.0676,0.00155765,-0.559235,-0.0857588,1.08832e-05,0.000456275,0.0075368,4716.25,3,0,0,0,-0.0247762,0.0245357,-0.0116755,0.0116924,4621.29,-34.8304,2.10858,-6.32019e-05,0.024927,-89.4707,4678.85,-35.2643,2.13484,-6.12431e-05,-0.0246608,-89.4882,4700.01,-35.4237,2.1445,-0.00312341,0.0118408,-89.2545,4735.09,-35.6881,2.1605,-0.00310714,-0.0117467,-89.2654
3.219,234.558,-4.2763,28.0619,0.00149372,-0.808494,-0.0396323,-5.15706e-05,0.000455838,0.00753377,4715.24,3,0,0,0,-0.0248573,0.024584,-0.0116762,0.0116929,4620.22,-34.8084,2.10607,0.000143799,0.0249541,-89.4532,4677.6,-35.2407,2.13223,0.000126645,-0.0245615,-89.4703,4700.18,-35.4107,2.14252,-0.00314073,0.0118538,-89.2356,4735.15,-35.6742,2.15846,-0.00312098,-0.0117572,-89.2466
3.229,234.839,-4.2828,28.0568,0.00110149,0.14302,-0.419822,-0.000287292,0.000455527,0.00753008,4714.26,3,0,0,0,-0.0248056,0.0245887,-0.0116849,0.0117019,4621.76,-34.8029,2.10533,9.21578e-05,0.0249049,-89.4335,4677.98,-35.2262,2.13094,7.14733e-05,-0.0245936,-89.4512,4700.27,-35.3941,2.1411,-0.00312328,0.0118821,-89.2169,4735.22,-35.6573,2.15702,-0.00310247,-0.0117872,-89.2278
3.239,235.119,-4.2893,28.0504,0.00157423,-0.407837,-0.0368178,3.14453e-05,0.000455305,0.00752719,4713.25,3,0,0,0,-0.0247502,0.0245475,-0.0116752,0.0116917,4621.86,-34.7903,2.10436,0.000219578,0.0251425,-89.416,4678.76,-35.2186,2.13026,0.000182167,-0.0248963,-89.4333,4700.24,-35.3802,2.14004,-0.00314167,0.0118453,-89.1984,4735.14,-35.643,2.15593,-0.0031269,-0.0117496,-89.2093
3.249,235.4,-4.29579,28.0438,0.00147757,-0.832724,0.0383756,-2.49021e-05,0.000454889,0.00752423,4712.25,3,0,0,0,-0.0248232,0.0245422,-0.0116746,0.0116911,4619.74,-34.7606,2.10147,-3.97266e-05,0.0249607,-89.3964,4677.07,-35.192,2.12755,-9.19543e-05,-0.0245239,-89.4138,4700.48,-35.3682,2.1382,-0.00306095,0.0118672,-89.1802,4735.34,-35.6305,2.15406,-0.00303783,-0.0117708,-89.1911
3.259,235.68,-4.30229,28.0383,0.00142964,-1.01069,-0.269423,-9.35458e-05,0.000454318,0.00752062,4711.22,3,0,0,0,-0.0247891,0.0245383,-0.0116762,0.0116925,4620.47,-34.7495,2.09917,0.000227174,0.0246153,-89.3774,4676.95,-35.1743,2.12483,0.000207882,-0.0243597,-89.3947,4700.56,-35.3518,2.13555,-0.00312869,0.0119268,-89.1621,4735.38,-35.6137,2.15137,-0.00311039,-0.0118301,-89.173
3.269,235.96,-4.30878,28.0324,0.00143532,-0.210314,-0.15015,-7.4683e-05,0.000454111,0.00751766,4710.31,3,0,0,0,-0.0247898,0.0246234,-0.0116759,0.0116926,4619.31,-34.727,2.09768,-1.22412e-05,0.0249118,-89.3591,4675.01,-35.1458,2.12298,-5.01748e-06,-0.0246894,-89.3767,4700.39,-35.3366,2.1345,-0.00309749,0.011841,-89.1428,4735.25,-35.5987,2.15033,-0.00308275,-0.0117457,-89.1536
3.279,236.24,-4.31527,28.0265,0.0015561,-0.268763,-0.269168,4.64582e-05,0.00045356,0.00751397,4709.34,3,0,0,0,-0.0247031,0.0244641,-0.0116761,0.0116929,4621.82,-34.7289,2.09628,-1.65932e-05,0.0251263,-89.3381,4678.63,-35.1558,2.12204,1.33446e-05,-0.0249906,-89.3556,4700.54,-35.3204,2.13198,-0.00311086,0.0118445,-89.1246,4735.36,-35.5821,2.14777,-0.00310548,-0.0117516,-89.1354
3.289,236.521,-4.32176,28.0205,0.0014644,-0.341147,0.00619727,-4.70039e-05,0.000452963,0.00751103,4708.35,3,0,0,0,-0.0248423,0.0245353,-0.0116788,0.0116952,4618.14,-34.6877,2.09184,-2.51529e-05,0.0248091,-89.3212,4675.23,-35.1164,2.1177,-8.02905e-05,-0.0243448,-89.3382,4700.57,-35.3068,2.12918,-0.0030856,0.0118183,-89.1058,4735.27,-35.5674,2.1449,-0.00306668,-0.011724,-89.1167
3.299,236.801,-4.32825,28.0144,0.00180097,-0.891293,0.394098,0.000189244,0.00045316,0.0075077,4707.38,3,0,0,0,-0.0247961,0.0245964,-0.0116733,0.0116892,4620.8,-34.6923,2.09396,0.00014478,0.0251367,-89.3022,4675.96,-35.1064,2.11896,0.000122082,-0.0247608,-89.3198,4700.75,-35.2925,2.13019,-0.00312627,0.0118565,-89.0877,4735.41,-35.5527,2.1459,-0.00310342,-0.0117616,-89.0984
3.309,237.081,-4.33474,28.0089,0.00138604,-1.1206,-0.125386,-7.74687e-05,0.000452294,0.00750402,4706.41,3,0,0,0,-0.0247299,0.0245128,-0.0116737,0.0116907,4621.26,-34.6787,2.09017,0.000323811,0.0246457,-89.2829,4678.27,-35.1065,2.11595,0.000286089,-0.0243091,-89.3002,4700.78,-35.2754,2.12613,-0.00314391,0.0118518,-89.0695,4735.52,-35.5361,2.14184,-0.00312962,-0.0117601,-89.0802
3.319,237.361,-4.34123,28.0026,0.00150583,-0.86974,0.134547,-1.51849e-05,0.000451884,0.00750094,4705.45,3,0,0,0,-0.0248689,0.0246001,-0.0116811,0.0116976,4618.71,-34.6453,2.08712,2.92639e-05,0.0249361,-89.2651,4676.05,-35.0754,2.11303,-4.6827e-07,-0.0244752,-89.2823,4700.85,-35.2615,2.12424,-0.00309413,0.0118404,-89.0507,4735.49,-35.5213,2.13989,-0.0030689,-0.0117465,-89.0614
3.329,237.641,-4.34771,27.9967,0.00134748,-0.484624,-0.269375,-0.000101106,0.000451929,0.00749766,4704.45,3,0,0,0,-0.0248376,0.0245637,-0.011675,0.0116917,4619.17,-34.6336,2.08754,-3.86682e-05,0.0249019,-89.2458,4675.88,-35.0588,2.11316,-8.33945e-05,-0.0245907,-89.2632,4700.83,-35.2459,2.12444,-0.00306113,0.0118433,-89.0325,4735.48,-35.5057,2.1401,-0.00305066,-0.0117492,-89.0432
3.339,237.92,-4.3542,27.9914,0.00143053,-0.167774,-0.207531,-8.50763e-05,0.000451652,0.00749418,4703.5,3,0,0,0,-0.0248069,0.0246105,-0.0116788,0.0116951,4620.32,-34.6262,2.08678,3.04825e-05,0.0248799,-89.2277,4676.25,-35.0453,2.11204,2.98321e-05,-0.024666,-89.2448,4700.94,-35.2304,2.12319,-0.00308238,0.0118543,-89.0137,4735.64,-35.4904,2.13886,-0.00307022,-0.0117591,-89.0244
3.349,238.2,-4.36068,27.9848,0.00131387,-1.15201,-0.199479,-0.000132555,0.000451334,0.00749106,4702.46,3,0,0,0,-0.0246917,0.0244779,-0.0116741,0.0116906,4621.55,-34.6209,2.08586,-3.00412e-05,0.0248864,-89.2072,4677.87,-35.0429,2.11128,-2.64241e-05,-0.0245548,-89.2247,4701.12,-35.217,2.12178,-0.00299579,0.0119108,-88.9955,4735.89,-35.4775,2.13747,-0.00298658,-0.0118146,-89.0063
3.359,238.48,-4.36716,27.9789,0.0014393,-0.16987,0.0204909,-7.36527e-05,0.000451191,0.00748812,4701.54,3,0,0,0,-0.0249095,0.0246182,-0.0116786,0.0116949,4617.52,-34.5772,2.08338,-0.000231498,0.0249486,-89.1888,4674.33,-35.0025,2.10901,-0.000339285,-0.0244858,-89.2054,4701.09,-35.2029,2.12109,-0.00304688,0.0118632,-88.9771,4735.78,-35.4627,2.13674,-0.00302404,-0.0117681,-88.9879
3.369,238.76,-4.37364,27.9737,0.00162889,-0.796536,0.518484,9.19798e-05,0.000451222,0.00748418,4700.53,3,0,0,0,-0.0247699,0.0245484,-0.0116791,0.0116946,4621.93,-34.592,2.08552,0.000304869,0.0257071,-89.1708,4677.06,-35.0046,2.11039,0.000299079,-0.0251219,-89.1883,4700.92,-35.1832,2.12116,-0.00315184,0.0118779,-88.9586,4735.65,-35.4431,2.13683,-0.00311714,-0.0117849,-88.9693
3.379,239.039,-4.38012,27.9677,0.00154346,-0.432628,-0.027764,4.59209e-05,0.000450953,0.0074808,4699.59,3,0,0,0,-0.0247283,0.024534,-0.0116792,0.0116953,4619.89,-34.5612,2.08335,0.000119878,0.0248766,-89.1501,4676.07,-34.9814,2.10869,4.95656e-05,-0.0246208,-89.1675,4701.15,-35.169,2.12,-0.00310779,0.0118499,-88.9401,4735.92,-35.4292,2.13568,-0.00309623,-0.0117577,-88.9509
3.389,239.319,-4.3866,27.9619,0.00147324,-0.627828,-0.0442674,-7.11531e-06,0.0004504,0.00747785,4698.62,3,0,0,0,-0.0248944,0.0246165,-0.0116782,0.0116942,4617.19,-34.5273,2.07958,0.000188058,0.0251038,-89.1355,4674.09,-34.9528,2.10521,0.000159104,-0.0247396,-89.1526,4701.49,-35.1577,2.11755,-0.00308669,0.0118788,-88.9218,4736.19,-35.4172,2.13318,-0.00306983,-0.0117852,-88.9326
3.399,239.598,-4.39307,27.9556,0.00162322,-0.940835,0.457954,8.11048e-05,0.000450403,0.00747403,4697.66,3,0,0,0,-0.02484,0.0246251,-0.0116707,0.0116876,4621.31,-34.5405,2.08145,8.38963e-05,0.0256552,-89.1139,4676.93,-34.9562,2.1065,9.88802e-05,-0.0250918,-89.1315,4701.4,-35.1391,2.11752,-0.00308568,0.0118526,-88.9036,4736.02,-35.3978,2.13312,-0.00305975,-0.0117595,-88.9143
3.409,239.878,-4.39955,27.9509,0.00157271,0.349209,0.17978,7.06122e-05,0.00045047,0.0074706,4696.68,3,0,0,0,-0.0248005,0.0246029,-0.0116807,0.011696,4621.08,-34.5229,2.08166,7.78884e-05,0.0251756,-89.0955,4676.23,-34.9349,2.1065,4.50025e-05,-0.0248436,-89.113,4701.55,-35.1241,2.11791,-0.00306721,0.0118504,-88.8853,4736.19,-35.3829,2.13351,-0.00304735,-0.0117564,-88.8959
3.419,240.157,-4.40602,27.9449,0.00135609,0.189435,-0.298018,-5.30308e-05,0.000449616,0.00746713,4695.72,3,0,0,0,-0.0247452,0.0245038,-0.0116799,0.0116967,4621.09,-34.5069,2.07772,9.27834e-05,0.0250199,-89.0771,4677.3,-34.9267,2.10299,0.000106744,-0.0247961,-89.0942,4701.42,-35.1068,2.11384,-0.0030792,0.0118374,-88.8668,4736.06,-35.3654,2.12941,-0.00306962,-0.011746,-88.8775
3.429,240.437,-4.41249,27.9386,0.00149539,-0.530668,0.00711583,5.9023e-06,0.000449457,0.007464,4694.78,3,0,0,0,-0.0248396,0.0245783,-0.011686,0.0117016,4619.55,-34.481,2.07629,0.000117964,0.0249864,-89.0585,4675.88,-34.9014,2.10161,0.000133138,-0.0245922,-89.0758,4701.47,-35.0924,2.11311,-0.00308575,0.0118396,-88.8485,4735.98,-35.35,2.12862,-0.00306838,-0.0117484,-88.8593
3.439,240.716,-4.41897,27.9327,0.00131248,-0.610489,-0.219716,-0.000121666,0.000449301,0.00746051,4693.79,3,0,0,0,-0.0248222,0.0246092,-0.0116809,0.0116966,4619.25,-34.4626,2.07543,0.000156648,0.0250107,-89.0409,4674.72,-34.8765,2.10036,0.000164617,-0.0247169,-89.0583,4701.66,-35.0774,2.11246,-0.00306464,0.0118571,-88.8301,4736.19,-35.3351,2.12798,-0.003052,-0.0117646,-88.8408
3.449,240.995,-4.42543,27.9257,0.00156117,0.395965,-0.0174112,6.65406e-05,0.000448381,0.00745772,4692.8,3,0,0,0,-0.0249475,0.0247263,-0.0116822,0.0116982,4616.67,-34.4304,2.07002,-0.000775662,0.0249116,-89.017,4672.43,-34.8463,2.09503,-0.00065798,-0.0246613,-89.0348,4701.69,-35.0645,2.10815,-0.00297746,0.0118398,-88.8124,4736.25,-35.3223,2.12365,-0.00296853,-0.0117503,-88.823
3.459,241.274,-4.4319,27.9212,0.00114061,-1.37779,-0.585366,-0.000230524,0.000447849,0.00745314,4691.84,3,0,0,0,-0.0247684,0.024511,-0.0116814,0.0116974,4621.92,-34.4485,2.06992,0.000509458,0.025051,-89.0026,4678.74,-34.8719,2.09537,0.000557991,-0.0248267,-89.0195,4701.95,-35.0449,2.10576,-0.00312324,0.0118874,-88.7937,4736.28,-35.3008,2.12114,-0.0031219,-0.0117998,-88.8044
3.469,241.553,-4.43837,27.9146,0.00149286,-0.681115,0.0946602,1.81921e-05,0.000447477,0.00745058,4690.89,3,0,0,0,-0.0249298,0.024656,-0.0116795,0.0116955,4618.22,-34.409,2.06655,-7.5174e-05,0.0250232,-88.9833,4674.09,-34.8253,2.09155,-6.8243e-05,-0.0246127,-89.0003,4702.05,-35.0336,2.10406,-0.00306637,0.0118583,-88.7759,4736.2,-35.2881,2.11934,-0.00304472,-0.0117673,-88.7866
3.479,241.833,-4.44484,27.9093,0.00153772,-0.939856,0.0243209,5.30254e-05,0.000447188,0.00744664,4689.9,3,0,0,0,-0.0247568,0.0245616,-0.0116784,0.0116941,4621.31,-34.4139,2.0666,0.000233046,0.024954,-88.9649,4676.45,-34.8245,2.09125,0.000227825,-0.0246815,-88.9823,4701.84,-35.0136,2.10261,-0.00308108,0.0118679,-88.7572,4735.99,-35.2679,2.11788,-0.00306542,-0.0117767,-88.7678
3.489,242.112,-4.4513,27.904,0.00131682,0.108762,-0.222927,-7.05476e-05,0.000446681,0.00744333,4689.08,3,0,0,0,-0.024727,0.0245129,-0.0116808,0.0116975,4619.95,-34.3885,2.06365,-1.62494e-05,0.0246943,-88.9453,4675.61,-34.8028,2.08851,-4.65223e-06,-0.0244527,-88.9625,4702.19,-35.0006,2.10038,-0.00304709,0.0118462,-88.7389,4736.38,-35.2551,2.11565,-0.00303661,-0.0117542,-88.7495
3.499,242.39,-4.45776,27.8973,0.00140723,-0.806581,0.0562586,-4.60151e-05,0.00044618,0.00744015,4688.01,3,0,0,0,-0.0248875,0.0245972,-0.0116814,0.0116972,4616.91,-34.3511,2.05997,4.13169e-05,0.024932,-88.9289,4673.28,-34.7705,2.08512,-6.46483e-06,-0.0244534,-88.9456,4702.26,-34.9862,2.09806,-0.00303366,0.0118562,-88.7207,4736.4,-35.2402,2.11329,-0.00301185,-0.0117648,-88.7313
3.509,242.669,-4.46422,27.892,0.00139026,-0.572119,0.00160267,-4.87942e-05,0.000446175,0.00743627,4687.03,3,0,0,0,-0.0247571,0.0245391,-0.0116815,0.0116975,4620.18,-34.3575,2.06141,0.000182297,0.0250699,-88.909,4675.05,-34.7656,2.08589,0.000167965,-0.0247011,-88.9264,4702.27,-34.968,2.09804,-0.00307373,0.0118488,-88.7027,4736.44,-35.2221,2.11329,-0.00305288,-0.0117573,-88.7132
3.519,242.948,-4.47068,27.8865,0.00147385,-0.229798,-0.00602444,2.36001e-05,0.000445538,0.00743284,4686.03,3,0,0,0,-0.0248123,0.024594,-0.0116841,0.0117001,4618.98,-34.3328,2.05793,0.000190929,0.0249182,-88.8912,4674.49,-34.7454,2.08266,0.000151063,-0.024641,-88.908,4702.35,-34.9524,2.09507,-0.0030598,0.0118569,-88.6842,4736.51,-35.2064,2.11029,-0.00304493,-0.0117658,-88.6947
3.529,243.227,-4.47714,27.8802,0.00137343,-1.07836,-0.117089,-4.80797e-05,0.000445002,0.00742959,4685.09,3,0,0,0,-0.024786,0.0245215,-0.0116807,0.0116963,4618.3,-34.3127,2.05515,0.000279072,0.0250285,-88.8733,4674.72,-34.7319,2.08026,0.000277631,-0.0246709,-88.8903,4702.4,-34.9375,2.09257,-0.00301161,0.0118526,-88.666,4736.51,-35.191,2.10776,-0.0029998,-0.0117621,-88.6766
3.539,243.506,-4.4836,27.874,0.00156093,-0.895001,0.135957,7.365e-05,0.000444979,0.00742641,4684.17,3,0,0,0,-0.0248287,0.0245544,-0.0116758,0.0116913,4619.4,-34.3062,2.05554,4.54072e-05,0.0250532,-88.8533,4674.77,-34.7174,2.08018,3.16071e-05,-0.0246569,-88.8702,4702.54,-34.9237,2.09253,-0.00304743,0.0118542,-88.6481,4736.62,-35.1768,2.1077,-0.00302994,-0.0117637,-88.6586
3.549,243.784,-4.49006,27.8682,0.00159675,-0.873305,0.106986,0.000111524,0.000444637,0.00742296,4683.17,3,0,0,0,-0.0247911,0.024604,-0.0116794,0.0116951,4620.37,-34.2975,2.05439,4.43593e-05,0.0249417,-88.8349,4674.76,-34.7012,2.07857,5.79876e-05,-0.0246723,-88.8521,4702.56,-34.9076,2.09093,-0.00303349,0.0118568,-88.6298,4736.7,-35.161,2.10611,-0.00302032,-0.0117668,-88.6403
3.559,244.063,-4.49651,27.8627,0.00143734,-0.337747,-0.0696396,-4.19169e-06,0.000443765,0.00741956,4682.22,3,0,0,0,-0.0248417,0.0246158,-0.0116837,0.0116992,4619.11,-34.2724,2.0498,-5.7396e-06,0.0250417,-88.8171,4674.63,-34.6843,2.07444,-4.67992e-06,-0.0247595,-88.8339,4702.62,-34.892,2.08686,-0.0030282,0.0118533,-88.6115,4736.71,-35.1449,2.10199,-0.00301337,-0.0117626,-88.6221
3.569,244.341,-4.50297,27.8569,0.00140461,-0.403607,0.00739211,-3.3461e-05,0.000443421,0.00741603,4681.3,3,0,0,0,-0.024788,0.0245072,-0.0116832,0.0116987,4620.11,-34.2635,2.04865,-1.42223e-05,0.0250104,-88.7977,4675.68,-34.6756,2.07329,-4.62781e-05,-0.024595,-88.8144,4702.68,-34.8758,2.08527,-0.00303753,0.0118504,-88.5935,4736.62,-35.1275,2.10032,-0.00301794,-0.0117596,-88.604
3.579,244.62,-4.50942,27.8513,0.00135539,-0.989314,-0.0542465,-7.59741e-05,0.000443132,0.00741253,4680.31,3,0,0,0,-0.0248078,0.0245933,-0.0116833,0.0116992,4620.35,-34.2491,2.04743,0.000279453,0.0250219,-88.7805,4674.68,-34.6518,2.0715,0.000277435,-0.0246612,-88.7977,4702.77,-34.86,2.08395,-0.00305111,0.0118581,-88.5752,4736.71,-35.1116,2.09899,-0.0030317,-0.0117665,-88.5856
3.589,244.898,-4.51587,27.8456,0.00141439,-0.395245,0.00539526,-7.51379e-06,0.000442717,0.00740916,4679.36,3,0,0,0,-0.0247736,0.0245739,-0.0116831,0.0116984,4620.25,-34.2328,2.04546,0.000154029,0.0252475,-88.7609,4674.9,-34.6377,2.06966,0.000118949,-0.0249471,-88.7779,4703.03,-34.8461,2.08211,-0.00304427,0.0118489,-88.5568,4737,-35.0978,2.09715,-0.00302751,-0.0117582,-88.5672
3.599,245.177,-4.52232,27.8391,0.00140632,-1.41176,-0.0473272,-2.40011e-05,0.000442134,0.00740574,4678.42,3,0,0,0,-0.0248314,0.0245657,-0.0116823,0.0116975,4618.45,-34.2037,2.04197,5.86047e-05,0.0249753,-88.7432,4674.49,-34.6187,2.06675,4.25436e-05,-0.0246177,-88.7599,4702.89,-34.829,2.07931,-0.00292271,0.0118496,-88.5391,4736.75,-35.0798,2.09428,-0.00290556,-0.0117586,-88.5495
3.609,245.455,-4.52877,27.8342,0.00144263,-0.678409,0.0704578,-2.14417e-05,0.000441849,0.00740208,4677.49,3,0,0,0,-0.0248054,0.0245492,-0.0116849,0.0117002,4620.17,-34.1995,2.04142,0.000339192,0.0252824,-88.7239,4675.25,-34.6072,2.06575,0.00043029,-0.0248787,-88.7407,4702.96,-34.8123,2.078,-0.00310227,0.011867,-88.5208,4736.79,-35.0627,2.09295,-0.0030765,-0.0117778,-88.5312
3.619,245.733,-4.53521,27.8285,0.00145114,-0.263633,0.0377665,-2.17295e-05,0.000441685,0.00739893,4676.47,3,0,0,0,-0.0248537,0.0246681,-0.0116852,0.0117004,4618.43,-34.172,2.03989,0.000234409,0.0251545,-88.7079,4672.43,-34.5716,2.06375,0.000137734,-0.0248476,-88.7246,4703.07,-34.7983,2.07728,-0.00304788,0.011856,-88.5026,4736.88,-35.0485,2.09221,-0.00302988,-0.0117631,-88.513
3.629,246.011,-4.54166,27.8219,0.00176767,-0.994565,0.432829,0.000237455,0.000441311,0.007395,4675.36,3,0,0,0,-0.0246994,0.0244797,-0.0116848,0.0116997,4621.17,-34.1742,2.03937,9.87117e-05,0.0248819,-88.686,4675.72,-34.5776,2.06345,9.13646e-05,-0.0244906,-88.7028,4702.96,-34.779,2.07547,-0.00311049,0.0118736,-88.4848,4736.79,-35.0292,2.0904,-0.00308429,-0.0117863,-88.4952
3.639,246.289,-4.5481,27.8162,0.00136803,-0.652282,-0.0123299,-4.9543e-05,0.000440643,0.0073923,4674.55,3,0,0,0,-0.0249273,0.0246305,-0.0116826,0.0116979,4616.95,-34.1305,2.03443,8.17365e-05,0.0252135,-88.671,4672.69,-34.5425,2.05899,5.9631e-05,-0.024785,-88.6876,4703.28,-34.7687,2.07247,-0.00300864,0.0118555,-88.4665,4737.09,-35.0186,2.08737,-0.00298963,-0.0117655,-88.4769
3.649,246.568,-4.55455,27.8114,0.00192313,-1.42968,0.48014,0.000289958,0.000440564,0.00738797,4673.64,3,0,0,0,-0.0246608,0.0244649,-0.0116804,0.0116949,4621.22,-34.142,2.03594,0.000499282,0.023845,-88.6493,4675,-34.5394,2.05963,0.00051122,-0.0235297,-88.6664,4703.18,-34.7476,2.07205,-0.00306433,0.0118521,-88.4482,4736.85,-34.9963,2.08689,-0.00302883,-0.0117533,-88.4586
3.659,246.846,-4.56099,27.8047,0.00144974,-0.285594,0.0185119,-1.35581e-05,0.000439937,0.00738577,4673.11,3,0,0,0,-0.0248864,0.0247087,-0.0116863,0.0117016,4616.41,-34.0963,2.03093,-0.000213697,0.0248841,-88.6313,4670.92,-34.499,2.05491,-0.000213124,-0.0246053,-88.6482,4703.62,-34.7405,2.0693,-0.00297162,0.0118847,-88.4307,4737.38,-34.9898,2.08415,-0.0029553,-0.0117924,-88.441
3.669,247.123,-4.56743,27.8,0.00141915,-0.200401,-0.0112366,1.44394e-05,0.000439329,0.00738152,4671.69,3,0,0,0,-0.0247642,0.024513,-0.0116866,0.0117019,4618.96,-34.0956,2.02925,0.000280383,0.0250632,-88.6153,4674.5,-34.5056,2.05365,0.000268118,-0.0247177,-88.6318,4703.55,-34.72,2.06641,-0.0030241,0.0118592,-88.412,4737.22,-34.9686,2.0812,-0.00300953,-0.0117691,-88.4224
3.679,247.401,-4.57387,27.7933,0.0013707,-0.458362,0.00848909,-4.19382e-05,0.000439499,0.00737863,4670.74,3,0,0,0,-0.0249032,0.02463,-0.0116853,0.0117005,4617.77,-34.0734,2.0295,-4.29478e-05,0.025035,-88.5954,4672.37,-34.4763,2.0535,-6.16076e-05,-0.0246179,-88.6122,4703.66,-34.7072,2.06725,-0.00300196,0.0118548,-88.3944,4737.28,-34.9553,2.08203,-0.0029833,-0.0117634,-88.4047
3.689,247.679,-4.58031,27.788,0.00142263,-0.460389,0.0297395,-3.17529e-05,0.000439012,0.00737466,4669.78,3,0,0,0,-0.0248121,0.0245911,-0.0116867,0.0117018,4620.22,-34.0732,2.02833,0.00019827,0.0250534,-88.5769,4674.39,-34.4727,2.05211,0.000175577,-0.0247196,-88.5934,4703.5,-34.6874,2.06489,-0.00303169,0.0118436,-88.377,4737.12,-34.9353,2.07965,-0.00300925,-0.0117503,-88.3873
3.699,247.957,-4.58674,27.7816,0.0014558,-0.383245,-0.068188,1.85464e-05,0.000438811,0.00737161,4668.8,3,0,0,0,-0.0248708,0.0246637,-0.0116877,0.0117028,4618.63,-34.0474,2.0267,-0.000193761,0.0249422,-88.5573,4673.07,-34.4487,2.05059,-0.000196942,-0.0246993,-88.5741,4703.72,-34.6746,2.06404,-0.00296936,0.0118619,-88.3586,4737.43,-34.9231,2.07883,-0.0029568,-0.0117705,-88.3689
3.709,248.235,-4.59318,27.7763,0.00136346,-0.448804,-0.258325,-5.27247e-05,0.000438137,0.00736782,4667.89,3,0,0,0,-0.0247741,0.024484,-0.0116867,0.0117017,4619.95,-34.0395,2.02417,0.000134655,0.0253171,-88.5403,4675.48,-34.4487,2.0485,0.00012124,-0.0250558,-88.5565,4703.72,-34.6568,2.06088,-0.00300442,0.0118572,-88.3403,4737.37,-34.9047,2.07562,-0.00299524,-0.0117672,-88.3507
3.719,248.512,-4.59961,27.7701,0.00105598,-0.763976,-0.530712,-0.000258594,0.000437993,0.00736448,4666.94,3,0,0,0,-0.0248441,0.0246232,-0.0116979,0.0117115,4617.76,-34.008,2.02255,-6.57095e-05,0.0245534,-88.5208,4672.32,-34.4098,2.04645,-9.2308e-05,-0.0243209,-88.5376,4703.93,-34.6426,2.06029,-0.00295595,0.0118564,-88.3224,4737.51,-34.8899,2.075,-0.00294537,-0.011765,-88.3326
3.729,248.79,-4.60605,27.7648,0.001365,-0.911065,-0.196399,-3.82068e-05,0.000437642,0.00736086,4665.98,3,0,0,0,-0.0248244,0.0246257,-0.0116863,0.0117013,4618.48,-33.9966,2.02124,0.000317675,0.0249727,-88.5048,4672.73,-34.3959,2.04498,0.000265782,-0.024762,-88.5215,4703.93,-34.6256,2.05864,-0.00301583,0.0118485,-88.3044,4737.58,-34.8733,2.07336,-0.00300457,-0.0117585,-88.3146
3.739,249.068,-4.61248,27.7584,0.00201525,-0.618447,0.839199,0.000390479,0.000437486,0.00735731,4665.06,3,0,0,0,-0.0247948,0.0245518,-0.0116921,0.011707,4618.32,-33.9791,2.02045,-0.000262499,0.0246129,-88.4828,4672.46,-34.3774,2.04414,-0.000253562,-0.0241312,-88.4993,4704.09,-34.6101,2.05797,-0.00294858,0.0118539,-88.2868,4737.67,-34.8572,2.07266,-0.0029225,-0.0117655,-88.297
3.749,249.345,-4.61891,27.7529,0.00136997,-0.968707,-0.0829292,-5.81167e-05,0.0004369,0.00735399,4664.1,3,0,0,0,-0.0248702,0.0246095,-0.0116837,0.0116989,4617.22,-33.9556,2.01727,6.34744e-05,0.0248179,-88.4676,4671.86,-34.3574,2.04113,7.22528e-06,-0.0244743,-88.484,4704.17,-34.5951,2.05525,-0.00295514,0.0118632,-88.2685,4737.67,-34.8414,2.06989,-0.00293929,-0.011771,-88.2787
3.759,249.622,-4.62534,27.7476,0.0013883,-0.11362,0.327653,-2.94406e-05,0.000436858,0.00735015,4663.16,3,0,0,0,-0.0247411,0.0245545,-0.0116886,0.0117034,4620.61,-33.9628,2.01855,-1.96328e-05,0.0255154,-88.4471,4674.08,-34.3558,2.04191,-5.08206e-05,-0.0249986,-88.4639,4704.29,-34.5779,2.0551,-0.00300217,0.0118527,-88.2504,4737.74,-34.8238,2.06972,-0.00297211,-0.0117613,-88.2607
3.769,249.9,-4.63177,27.742,0.00153395,0.0975742,0.0462845,9.32893e-05,0.000436257,0.00734692,4662.21,3,0,0,0,-0.0248766,0.0246637,-0.0116907,0.0117053,4616.73,-33.9193,2.01408,-0.000180731,0.0249669,-88.4295,4671.11,-34.3189,2.0378,-0.000135533,-0.0247275,-88.4465,4704.25,-34.5624,2.05226,-0.00293058,0.0118572,-88.2326,4737.74,-34.8085,2.06687,-0.00292098,-0.0117682,-88.2428
3.779,250.177,-4.63819,27.7361,0.00138941,-0.508307,-0.04224,-2.6093e-05,0.000435686,0.00734294,4661.25,3,0,0,0,-0.0247663,0.024494,-0.011689,0.0117037,4619.22,-33.9192,2.01253,9.74246e-05,0.0250512,-88.4123,4674.36,-34.3242,2.03655,9.21327e-05,-0.0246943,-88.4287,4704.43,-34.5449,2.04965,-0.00300877,0.0118714,-88.2148,4737.79,-34.7899,2.06419,-0.00299066,-0.011781,-88.225
3.789,250.454,-4.64462,27.7304,0.00100802,-0.809693,-0.830169,-0.000294872,0.000435526,0.00733969,4660.34,3,0,0,0,-0.0248719,0.0246408,-0.0116898,0.0117042,4617.12,-33.8888,2.01087,0.000145673,0.0245629,-88.3935,4671.95,-34.2913,2.03476,0.000147752,-0.0245331,-88.4101,4704.41,-34.5296,2.04889,-0.00299373,0.0118577,-88.1967,4737.71,-34.774,2.06339,-0.00299387,-0.0117623,-88.2069
3.799,250.732,-4.65104,27.7243,0.00125319,-0.766826,-0.275758,-0.00011054,0.000435221,0.00733593,4659.37,3,0,0,0,-0.0247616,0.0246008,-0.0116884,0.0117034,4618.32,-33.8803,2.00999,1.45587e-05,0.0249175,-88.3754,4672.06,-34.2745,2.03338,5.23678e-05,-0.0247175,-88.3924,4704.44,-34.512,2.04747,-0.00294984,0.0118543,-88.179,4737.74,-34.7564,2.06196,-0.00294036,-0.0117633,-88.1891
3.809,251.009,-4.65746,27.719,0.00134007,-1.20273,-0.20396,-2.68321e-05,0.000434804,0.00733214,4658.4,3,0,0,0,-0.024735,0.0245025,-0.0116897,0.0117044,4619.86,-33.8741,2.00873,0.000138149,0.0247861,-88.3565,4674.76,-34.2766,2.0326,0.000142006,-0.0245374,-88.373,4704.51,-34.4947,2.04554,-0.00289327,0.0118537,-88.1611,4737.8,-34.7389,2.06001,-0.00289059,-0.0117656,-88.1712
3.819,251.286,-4.66388,27.7135,0.00137945,0.18112,0.00692835,-3.28905e-05,0.000434486,0.00732893,4657.47,3,0,0,0,-0.0249063,0.0246464,-0.0116978,0.011712,4616.11,-33.8317,2.00563,-9.93866e-05,0.0251733,-88.3393,4670.94,-34.2336,2.02946,-0.000163422,-0.024777,-88.3553,4704.59,-34.4802,2.04408,-0.00293825,0.0118567,-88.1432,4737.86,-34.724,2.05853,-0.00292075,-0.0117664,-88.1534
3.829,251.563,-4.67031,27.7077,0.00126967,-0.000988626,0.146138,-6.28461e-05,0.000434293,0.0073251,4656.51,3,0,0,0,-0.0248295,0.024613,-0.0116936,0.0117079,4618.75,-33.8334,2.00589,-4.71585e-05,0.0254966,-88.3199,4671.98,-34.2233,2.02901,-4.32788e-05,-0.0250032,-88.3368,4704.55,-34.4619,2.04315,-0.00296856,0.0118413,-88.1254,4737.86,-34.7059,2.05762,-0.00294542,-0.0117515,-88.1355
3.839,251.84,-4.67672,27.7018,0.00135203,-0.754768,-0.135581,-5.47571e-05,0.000434301,0.00732162,4655.59,3,0,0,0,-0.0246143,0.0244886,-0.0116876,0.0117023,4620.66,-33.8313,2.00676,0.000185488,0.0251866,-88.302,4674.24,-34.2236,2.03003,0.000129584,-0.0249991,-88.3186,4704.77,-34.4472,2.04329,-0.00297481,0.011859,-88.1076,4738,-34.6905,2.05772,-0.00296131,-0.0117681,-88.1177
3.849,252.117,-4.68314,27.6961,0.00163422,-0.17015,0.295762,0.000174328,0.000433908,0.00731883,4654.65,3,0,0,0,-0.0250779,0.0248119,-0.0116936,0.0117074,4612.74,-33.7605,2.0015,-8.61718e-05,0.0250248,-88.2877,4667.28,-34.1596,2.02517,-0.000108662,-0.0246146,-88.3038,4704.8,-34.4342,2.04145,-0.00294525,0.011844,-88.0894,4738.17,-34.6784,2.05593,-0.00292465,-0.0117532,-88.0996
3.859,252.394,-4.68956,27.6908,0.00080248,-0.395502,-0.7403,-0.000399266,0.000433364,0.00731379,4653.73,3,0,0,0,-0.0246783,0.0244275,-0.0117079,0.0117205,4620.01,-33.7904,2.00215,0.00015643,0.0248834,-88.2645,4675.18,-34.1939,2.02606,8.33112e-05,-0.0245961,-88.2809,4704.53,-34.4086,2.03878,-0.00291999,0.0117973,-88.0717,4737.85,-34.6523,2.05322,-0.00291241,-0.011707,-88.0818
3.869,252.67,-4.69597,27.6843,0.00150503,-0.603678,0.388404,8.87602e-05,0.000433288,0.00731129,4652.75,3,0,0,0,-0.0249251,0.0247309,-0.0116913,0.011705,4616.86,-33.7558,2.00043,-0.000181588,0.0249281,-88.248,4670.23,-34.146,2.02355,-0.000154554,-0.024435,-88.2649,4704.89,-34.3994,2.03857,-0.00292397,0.0118485,-88.0541,4738.24,-34.6432,2.05302,-0.00289981,-0.0117576,-88.0642
3.879,252.947,-4.70238,27.6796,0.00137072,-0.32393,0.129364,-1.63895e-05,0.000432626,0.00730698,4651.8,3,0,0,0,-0.0247857,0.0245565,-0.0116924,0.0117076,4620.04,-33.7591,1.99875,0.000191662,0.0252776,-88.2306,4674.24,-34.1552,2.0222,0.000176859,-0.0248545,-88.2469,4705.1,-34.3807,2.03555,-0.00296084,0.0118611,-88.036,4738.32,-34.6234,2.04992,-0.00293636,-0.0117718,-88.0462
3.889,253.224,-4.7088,27.673,0.00140642,-0.875331,-0.192966,2.03573e-06,0.0004323,0.00730401,4650.86,3,0,0,0,-0.0248007,0.0245451,-0.011688,0.011702,4619.32,-33.7402,1.99693,-8.39125e-05,0.0249914,-88.2094,4673.51,-34.1359,2.02036,-4.11793e-05,-0.0247541,-88.2258,4705.26,-34.3679,2.03409,-0.00292533,0.0118944,-88.0186,4738.41,-34.61,2.04841,-0.0029159,-0.0118052,-88.0287
3.899,253.501,-4.71521,27.6676,0.00113405,-0.14117,-0.348058,-0.000177009,0.000432082,0.00730081,4649.92,3,0,0,0,-0.0248824,0.0246661,-0.0116901,0.011705,4616.02,-33.7013,1.9945,-7.01223e-05,0.0251952,-88.1946,4669.02,-34.0883,2.0174,-0.00010112,-0.0249344,-88.211,4705.33,-34.3534,2.03309,-0.00291395,0.0118438,-88.0005,4738.4,-34.5948,2.04738,-0.00290665,-0.0117551,-88.0105
3.909,253.777,-4.72162,27.6619,0.00147409,-0.730196,0.019808,7.29821e-05,0.000431509,0.00729654,4649,3,0,0,0,-0.0247298,0.0245505,-0.0116913,0.0117056,4618.37,-33.6987,1.99287,4.18994e-05,0.0248738,-88.1739,4671.62,-34.0873,2.01585,4.40349e-05,-0.0246379,-88.1904,4704.96,-34.3305,2.03023,-0.00294354,0.0118036,-87.9831,4738.06,-34.5721,2.04452,-0.00293124,-0.0117188,-87.9931
3.919,254.054,-4.72802,27.6569,0.00166472,0.683576,0.256932,0.000178741,0.000430954,0.00729309,4648.04,3,0,0,0,-0.0248836,0.0246392,-0.0116975,0.0117116,4616.19,-33.6669,1.98937,-0.000214294,0.0249982,-88.1566,4670.59,-34.0637,2.01281,-0.000244475,-0.0246635,-88.1725,4705.4,-34.3175,2.02781,-0.00290059,0.0118585,-87.965,4738.37,-34.558,2.04202,-0.00288689,-0.0117682,-87.9751
3.929,254.33,-4.73443,27.6507,0.00126041,-0.295453,-0.100427,-7.728e-05,0.000430661,0.00728962,4647.1,3,0,0,0,-0.0248322,0.0245502,-0.0116922,0.0117067,4617.51,-33.6605,1.98858,-3.7889e-05,0.025084,-88.1394,4671.53,-34.0543,2.01185,-9.27821e-05,-0.0246842,-88.1557,4705.55,-34.3023,2.0265,-0.00290555,0.0118612,-87.9473,4738.43,-34.5419,2.04066,-0.00289049,-0.0117735,-87.9573
3.939,254.607,-4.74084,27.6449,0.00140684,-0.406339,-0.217307,4.80094e-06,0.000430417,0.00728604,4646.18,3,0,0,0,-0.0247445,0.0245734,-0.0116921,0.0117065,4616.73,-33.6382,1.98712,-0.000149191,0.0241996,-88.1202,4669.99,-34.0263,2.01004,-0.000116529,-0.0240925,-88.1367,4705.43,-34.2845,2.02529,-0.00289246,0.0118593,-87.9296,4738.27,-34.5238,2.03943,-0.00288104,-0.0117687,-87.9396
3.949,254.883,-4.74724,27.6393,0.00138197,-0.335231,-0.138859,1.65406e-05,0.000429856,0.00728255,4645.27,3,0,0,0,-0.0248722,0.0246466,-0.0116952,0.0117093,4616.89,-33.6234,1.9846,-2.68523e-06,0.0249368,-88.1034,4670.32,-34.0125,2.00756,2.41525e-05,-0.024707,-88.1198,4705.45,-34.2683,2.02266,-0.00295183,0.0118399,-87.9114,4738.4,-34.5082,2.03683,-0.00293974,-0.0117528,-87.9214
3.959,255.159,-4.75364,27.6336,0.00128435,-0.654383,-0.0349222,-7.37469e-05,0.000429275,0.00727879,4644.3,3,0,0,0,-0.0247631,0.0244696,-0.0116879,0.0117023,4618.44,-33.6173,1.98258,6.19406e-05,0.0250208,-88.085,4672.71,-34.0122,2.00588,5.7674e-05,-0.0245871,-88.1011,4705.77,-34.2529,2.02007,-0.00295749,0.0118727,-87.8942,4738.63,-34.4921,2.03418,-0.00294014,-0.0117852,-87.9043
3.969,255.435,-4.76005,27.628,0.00158325,-0.852836,0.217166,0.000130734,0.000429211,0.00727546,4643.36,3,0,0,0,-0.0248454,0.0246319,-0.0116901,0.0117036,4618.1,-33.5994,1.98214,0.000101324,0.0249001,-88.0664,4670.94,-33.9839,2.00482,8.4265e-05,-0.0245939,-88.0827,4705.64,-34.2363,2.01971,-0.00294203,0.0118766,-87.8764,4738.66,-34.4765,2.03388,-0.00292659,-0.0117816,-87.8863
3.979,255.712,-4.76645,27.6228,0.0014146,-1.16567,0.106584,1.13951e-05,0.000428874,0.00727183,4642.36,3,0,0,0,-0.0247945,0.0246164,-0.0116918,0.0117054,4618.14,-33.5829,1.9806,0.000437944,0.0247928,-88.0502,4670.87,-33.9663,2.00321,0.000359369,-0.0244651,-88.0664,4705.8,-34.2203,2.01819,-0.00295018,0.0118874,-87.8586,4738.69,-34.4596,2.0323,-0.00292934,-0.0117973,-87.8685
3.989,255.988,-4.77285,27.6167,0.00139312,-0.460445,-0.0746398,5.65629e-06,0.000428239,0.00726872,4641.53,3,0,0,0,-0.0249622,0.0247204,-0.0116937,0.0117076,4614.9,-33.545,1.97628,-4.04663e-05,0.0249836,-88.0317,4668.94,-33.9378,1.99942,-6.86237e-05,-0.0246953,-88.0476,4705.78,-34.2056,2.0152,-0.00290198,0.0118614,-87.8409,4738.58,-34.444,2.02924,-0.00289107,-0.011773,-87.8508
3.999,256.264,-4.77924,27.6109,0.00141353,-0.950905,0.0462382,1.33168e-05,0.000427954,0.00726441,4640.56,3,0,0,0,-0.0247715,0.0245002,-0.0116846,0.0116986,4619.93,-33.5616,1.97712,0.000123759,0.0251188,-88.0124,4673.42,-33.9502,2.00001,9.06132e-05,-0.024744,-88.0284,4706.03,-34.1871,2.01396,-0.00297549,0.0118631,-87.8237,4738.72,-34.4246,2.02796,-0.00296396,-0.0117741,-87.8336
4.009,256.54,-4.78564,27.6058,0.00205117,-0.81412,0.664849,0.000475853,0.000428206,0.00726082,4639.36,3,0,0,0,-0.024691,0.0245242,-0.0116951,0.0117058,4621.9,-33.5594,1.97913,0.000206138,0.0246175,-87.9926,4673.15,-33.9315,2.00107,7.61203e-05,-0.0244275,-88.0091,4706.16,-34.1712,2.01521,-0.00296604,0.0119086,-87.8061,4738.86,-34.4086,2.02921,-0.00294267,-0.0118154,-87.8159
4.019,256.816,-4.79204,27.6006,0.00126589,-1.14587,-0.137036,-7.50684e-05,0.000426464,0.00725767,4638.68,3,0,0,0,-0.0249618,0.0246968,-0.0116951,0.011709,4615.62,-33.4992,1.96839,0.000698233,0.0253147,-87.9814,4669.7,-33.8917,1.99146,0.000611963,-0.024958,-87.9968,4706.23,-34.1569,2.00704,-0.00297206,0.0118701,-87.7876,4738.78,-34.3931,2.02092,-0.00295859,-0.0117842,-87.7976
4.029,257.092,-4.79843,27.5945,0.00113658,-0.884761,-0.367233,-0.000143241,0.000426453,0.00725361,4637.76,3,0,0,0,-0.0246456,0.024407,-0.0116915,0.0117062,4621.6,-33.5239,1.9709,0.000151278,0.0249096,-87.9563,4674.98,-33.9111,1.99366,0.000239899,-0.0246502,-87.973,4706.21,-34.1376,2.00698,-0.00293582,0.0118585,-87.7705,4738.71,-34.3734,2.02084,-0.00292826,-0.0117733,-87.7803
4.039,257.368,-4.80482,27.5879,0.00109992,-2.14867,-0.800191,-0.000203503,0.000425656,0.00725033,4636.83,3,0,0,0,-0.024809,0.0246424,-0.011695,0.0117092,4615.91,-33.4675,1.96479,0.00035284,0.0237298,-87.9403,4668.29,-33.8472,1.98708,0.000418396,-0.0238277,-87.9565,4705.96,-34.1204,2.00312,-0.00282803,0.0118714,-87.7531,4738.44,-34.3559,2.01695,-0.00282425,-0.01178,-87.7629
4.049,257.643,-4.81122,27.5829,0.00133611,-0.548183,-0.0826934,-4.52391e-05,0.000425508,0.0072474,4635.88,3,0,0,0,-0.0248563,0.0247105,-0.0116942,0.0117081,4615.18,-33.4487,1.9638,8.00976e-05,0.0250725,-87.925,4666.85,-33.8231,1.98578,2.69171e-05,-0.0248601,-87.941,4706.56,-34.1109,2.00268,-0.00288643,0.0118611,-87.735,4738.94,-34.3456,2.01646,-0.00287195,-0.0117702,-87.7447
4.059,257.919,-4.81761,27.5767,0.00108944,-1.35422,-0.494347,-0.000184219,0.000425097,0.0072432,4635.13,3,0,0,0,-0.0246006,0.0244164,-0.0116886,0.0117035,4620.21,-33.4657,1.96403,-4.41653e-05,0.0248079,-87.9018,4673.21,-33.8496,1.98656,-2.87221e-05,-0.0246512,-87.918,4706.64,-34.0917,2.00078,-0.00288421,0.011859,-87.7177,4739.18,-34.3274,2.01461,-0.0028806,-0.0117714,-87.7274
4.069,258.195,-4.824,27.5717,0.00128825,-0.377781,0.0214777,-6.66436e-05,0.000424862,0.00724037,4634.03,3,0,0,0,-0.0249872,0.0247217,-0.0116981,0.0117117,4614.23,-33.4093,1.96041,3.0987e-05,0.0252806,-87.8894,4667.94,-33.7982,1.98323,-2.79833e-05,-0.0248425,-87.905,4706.55,-34.0777,1.99963,-0.00288543,0.0118619,-87.6998,4739.09,-34.3134,2.01346,-0.00286761,-0.0117745,-87.7096
4.079,258.47,-4.83038,27.5664,0.00124902,-0.71338,-0.0484798,-6.39748e-05,0.000424989,0.00723614,4633.11,3,0,0,0,-0.0247561,0.0245466,-0.0116957,0.0117095,4618.81,-33.423,1.96295,0.000190777,0.0248492,-87.8679,4672.28,-33.8099,1.98567,0.000185503,-0.0245468,-87.8843,4706.22,-34.0555,2.00009,-0.00293508,0.0118097,-87.6827,4738.85,-34.2916,2.01396,-0.00291379,-0.0117211,-87.6925
4.089,258.746,-4.83677,27.5605,0.00143757,-0.164796,0.0818376,5.86556e-05,0.000424703,0.00723327,4632.16,3,0,0,0,-0.0248349,0.0246519,-0.0116968,0.0117104,4616.74,-33.3947,1.96074,-0.000190186,0.0247755,-87.8514,4669.81,-33.7786,1.98328,-0.00014758,-0.0245062,-87.8676,4706.56,-34.0444,1.99889,-0.00285885,0.0118735,-87.6647,4739.32,-34.2813,2.0128,-0.00284505,-0.0117863,-87.6745
4.099,259.021,-4.84315,27.5552,0.00148022,0.0801335,0.000387282,8.54471e-05,0.000424637,0.00722957,4631.24,3,0,0,0,-0.0247709,0.02452,-0.0116981,0.0117113,4617.79,-33.3852,1.96089,-5.65454e-05,0.0250481,-87.8334,4671.27,-33.7719,1.98359,-0.000104268,-0.024793,-87.8493,4706.4,-34.0258,1.99851,-0.00286495,0.0118395,-87.647,4739.16,-34.2627,2.01242,-0.00285441,-0.0117512,-87.6569
4.109,259.297,-4.84954,27.55,0.001264,-0.112381,-0.230053,-8.26899e-05,0.000424306,0.00722586,4630.36,3,0,0,0,-0.0247348,0.0244629,-0.0116966,0.0117099,4617.64,-33.367,1.95929,9.473e-05,0.0244993,-87.8155,4670.9,-33.7519,1.98189,8.11641e-05,-0.0242096,-87.8317,4706.87,-34.0118,1.99715,-0.00287656,0.0119524,-87.6301,4739.6,-34.2483,2.01104,-0.00286404,-0.0118636,-87.64
4.119,259.572,-4.85592,27.5432,0.00157487,-0.382421,0.753959,0.000187024,0.000423568,0.00722317,4629.38,3,0,0,0,-0.0249501,0.0247362,-0.0116985,0.0117123,4614.53,-33.3321,1.95457,-0.000393463,0.0250937,-87.7956,4666.39,-33.7067,1.97653,-0.000327568,-0.0244177,-87.8122,4706.65,-33.9975,1.99358,-0.00284855,0.011841,-87.6122,4739.25,-34.233,2.00739,-0.00282095,-0.0117568,-87.622
4.129,259.848,-4.8623,27.5385,0.00134851,-0.12553,-0.0676556,-2.64121e-05,0.000423179,0.00721873,4628.45,3,0,0,0,-0.024728,0.0245382,-0.0116973,0.0117106,4618.29,-33.3387,1.95436,0.000102787,0.0252561,-87.7801,4670.63,-33.7166,1.97651,6.88339e-05,-0.0250219,-87.7959,4706.81,-33.9778,1.99182,-0.00287287,0.0118665,-87.5949,4739.18,-34.2115,2.00552,-0.00285731,-0.0117774,-87.6047
4.139,260.123,-4.86868,27.5322,0.00128886,-0.846157,-0.161323,-4.56712e-05,0.000422764,0.00721557,4627.71,3,0,0,0,-0.0249147,0.0246645,-0.0116986,0.0117121,4616.86,-33.3138,1.95184,-0.000113656,0.0248282,-87.7603,4669.81,-33.6959,1.97423,-7.38034e-05,-0.0245433,-87.7761,4706.68,-33.962,1.98982,-0.002898,0.0117638,-87.5771,4738.98,-34.195,2.00347,-0.00288669,-0.0116807,-87.5869
4.149,260.398,-4.87506,27.5274,0.00099432,0.19,-0.528646,-0.00023093,0.000422566,0.00721185,4626.6,3,0,0,0,-0.0248367,0.0246055,-0.0116986,0.0117122,4616.45,-33.2937,1.95076,2.16125e-06,0.0249212,-87.7452,4669.07,-33.6732,1.97299,-1.37927e-05,-0.0247093,-87.7612,4707.07,-33.9473,1.98905,-0.00283032,0.0118497,-87.5593,4739.26,-34.1794,2.00265,-0.00282452,-0.0117644,-87.569
4.159,260.673,-4.88144,27.5213,0.00138663,-0.438206,0.0260108,3.54419e-05,0.000422268,0.00720811,4625.67,3,0,0,0,-0.0247063,0.0245476,-0.0116983,0.0117117,4619.24,-33.2966,1.95055,-0.0002138,0.0250845,-87.7235,4671.22,-33.6712,1.9725,-0.000152624,-0.0248373,-87.7401,4707.08,-33.9297,1.98765,-0.00280097,0.0118829,-87.5419,4739.36,-34.1624,2.00128,-0.00279293,-0.0117958,-87.5516
4.169,260.948,-4.88782,27.5159,0.00134256,-0.526818,-0.00758219,1.82785e-06,0.00042157,0.00720489,4624.75,3,0,0,0,-0.0248889,0.0246257,-0.0116988,0.0117122,4615.31,-33.2534,1.94568,6.71476e-05,0.0250699,-87.7102,4669.11,-33.641,1.96836,6.27781e-05,-0.024711,-87.7258,4707.37,-33.9167,1.98449,-0.00286847,0.01186,-87.5243,4739.61,-34.149,1.99808,-0.00285304,-0.0117739,-87.534
4.179,261.223,-4.89419,27.5099,0.00124536,-0.62013,0.0109745,-8.62617e-05,0.000421587,0.00720114,4623.84,3,0,0,0,-0.0248247,0.0245657,-0.0116967,0.0117105,4616.66,-33.2458,1.94632,-5.91595e-05,0.025077,-87.6894,4669.91,-33.6293,1.96877,-0.000103893,-0.0246525,-87.7052,4707.22,-33.8979,1.9845,-0.00284999,0.0118411,-87.5071,4739.41,-34.1297,1.99807,-0.00283255,-0.0117512,-87.5168
4.189,261.498,-4.90057,27.5043,0.00142211,-0.667137,0.0409502,7.42086e-05,0.000421358,0.00719776,4622.89,3,0,0,0,-0.0248774,0.0246785,-0.0116973,0.0117109,4616.58,-33.2296,1.94523,-0.000105121,0.0250241,-87.6725,4668.6,-33.604,1.96715,-5.81628e-05,-0.0247446,-87.6887,4707.4,-33.8833,1.9835,-0.00284068,0.0118702,-87.4896,4739.65,-34.1155,1.99709,-0.00283182,-0.0117868,-87.4992
4.199,261.773,-4.90694,27.4993,0.00162371,-0.611507,0.326458,0.000212377,0.000421249,0.00719346,4621.98,3,0,0,0,-0.024768,0.0245593,-0.0117025,0.0117161,4618.9,-33.2264,1.94571,0.000145669,0.025323,-87.6551,4671.23,-33.6029,1.96775,0.00011738,-0.0250011,-87.6709,4707.65,-33.8649,1.98309,-0.00291322,0.0118579,-87.4721,4739.94,-34.0972,1.9967,-0.00289145,-0.0117719,-87.4818
4.209,262.048,-4.91331,27.4935,0.00131791,-0.69683,-0.0458285,-8.53514e-06,0.000420807,0.00719063,4621.07,3,0,0,0,-0.0249241,0.0246521,-0.011698,0.0117113,4614.97,-33.1851,1.94201,7.1446e-05,0.0250387,-87.6384,4667.95,-33.5661,1.96431,8.30746e-05,-0.024678,-87.6542,4707.42,-33.8499,1.98091,-0.00286028,0.0118616,-87.4545,4739.81,-34.0828,1.99454,-0.00284779,-0.0117757,-87.4642
4.219,262.323,-4.91968,27.488,0.000995606,-0.935354,-0.572641,-0.000240511,0.000420748,0.00718642,4620.15,3,0,0,0,-0.0247968,0.0245697,-0.0116972,0.011711,4617.25,-33.1821,1.9427,0.000146977,0.024688,-87.6196,4669.98,-33.561,1.96488,0.000158247,-0.0245022,-87.6356,4707.55,-33.831,1.98069,-0.0028332,0.0118649,-87.4366,4739.93,-34.0637,1.99431,-0.00282852,-0.011778,-87.4462
4.229,262.598,-4.92605,27.4821,0.00149589,-1.09039,0.220209,0.000117443,0.000420768,0.0071829,4619.23,3,0,0,0,-0.0247528,0.0245963,-0.0116983,0.0117115,4618.04,-33.1715,1.94312,5.67901e-05,0.0245915,-87.6006,4669.48,-33.541,1.96476,3.80365e-05,-0.0242802,-87.6167,4707.38,-33.8132,1.98071,-0.00285491,0.0118608,-87.42,4739.76,-34.0459,1.99434,-0.00283723,-0.0117744,-87.4297
4.239,262.873,-4.93242,27.4771,0.00124793,-0.206539,-0.103189,-5.73652e-05,0.000419994,0.00717935,4618.39,3,0,0,0,-0.0248893,0.0246417,-0.0117008,0.0117143,4615.26,-33.1351,1.93838,4.78508e-05,0.0251094,-87.5851,4668.89,-33.5202,1.96091,3.92743e-05,-0.0247776,-87.6006,4707.67,-33.7986,1.9772,-0.00284097,0.0119002,-87.4023,4740.01,-34.0307,1.99077,-0.00282799,-0.0118126,-87.412
4.249,263.147,-4.93878,27.4718,0.00136363,0.265636,0.0582861,1.97451e-05,0.00042013,0.00717553,4617.39,3,0,0,0,-0.0248074,0.0245548,-0.0116986,0.0117113,4615.48,-33.1191,1.9391,-5.37714e-05,0.0246616,-87.5657,4668.4,-33.4988,1.96133,-0.000109743,-0.0242853,-87.5816,4707.02,-33.7759,1.97756,-0.00280203,0.0117835,-87.3843,4739.24,-34.0072,1.9911,-0.00278854,-0.011697,-87.394
4.259,263.422,-4.94515,27.4656,0.0011053,-0.400249,-0.00259938,-0.000125782,0.000419847,0.00717191,4616.44,3,0,0,0,-0.0248099,0.0246149,-0.0117013,0.0117141,4618.21,-33.122,1.93894,-3.6235e-05,0.0254525,-87.5466,4669.77,-33.4918,1.96059,-9.3373e-05,-0.0250582,-87.5626,4707.81,-33.7646,1.97656,-0.00289195,0.0118596,-87.3687,4740.08,-33.996,1.99011,-0.0028675,-0.011771,-87.3783
4.269,263.697,-4.95151,27.4606,0.00125372,-0.277204,-0.136393,-3.53414e-05,0.000419307,0.00716821,4615.53,3,0,0,0,-0.0248398,0.0246329,-0.0117016,0.0117149,4616.66,-33.0938,1.9358,0.000158402,0.0251507,-87.5313,4669.14,-33.47,1.9578,0.000141286,-0.0248933,-87.547,4707.81,-33.7472,1.97402,-0.00285063,0.0118617,-87.3502,4740.03,-33.9781,1.98752,-0.00283967,-0.0117768,-87.3599
4.279,263.971,-4.95787,27.4553,0.00146481,0.376692,0.25256,0.000112699,0.000418946,0.00716437,4614.63,3,0,0,0,-0.0248084,0.0245614,-0.0117058,0.0117192,4616.6,-33.0756,1.93411,-9.89558e-05,0.0248981,-87.5123,4669.3,-33.4532,1.95618,-0.000129381,-0.0244781,-87.5281,4707.97,-33.7302,1.97238,-0.00281454,0.0118633,-87.3328,4740.06,-33.9602,1.98583,-0.0027958,-0.0117778,-87.3425
4.289,264.245,-4.96423,27.4487,0.00128824,-0.737005,-0.180695,-3.29971e-05,0.00041876,0.00716128,4613.7,3,0,0,0,-0.0248483,0.0245924,-0.0116928,0.0117061,4614.79,-33.0484,1.93249,-3.1952e-05,0.0247949,-87.4954,4667.46,-33.4255,1.95455,-7.66113e-05,-0.0245466,-87.511,4707.7,-33.7137,1.9714,-0.00280691,0.01182,-87.3152,4739.72,-33.943,1.98481,-0.00279979,-0.0117339,-87.3248
4.299,264.52,-4.97059,27.4435,0.0013474,-0.507469,0.116901,1.67475e-05,0.000418385,0.00715752,4612.75,3,0,0,0,-0.0247921,0.0246364,-0.0117001,0.0117133,4617.26,-33.0487,1.93179,-6.94659e-05,0.0251811,-87.4773,4668.31,-33.4141,1.95315,-3.65293e-05,-0.0248558,-87.4931,4708.21,-33.6997,1.96985,-0.00281837,0.0118983,-87.2982,4740.25,-33.929,1.98325,-0.00280167,-0.0118135,-87.3078
4.309,264.794,-4.97695,27.4373,0.00136707,-1.07404,-0.365572,3.48279e-05,0.000417964,0.00715372,4611.87,3,0,0,0,-0.0248112,0.0245914,-0.0117018,0.0117146,4616.62,-33.0266,1.92958,-0.00013359,0.0251455,-87.4583,4669.49,-33.4048,1.95168,-0.000107519,-0.0250774,-87.4741,4708.16,-33.6815,1.96784,-0.00274638,0.0118601,-87.2811,4740.17,-33.9105,1.98122,-0.00275281,-0.0117762,-87.2906
4.319,265.068,-4.98331,27.4324,0.00127057,-0.618818,-0.00319591,-4.79783e-05,0.000417446,0.00715009,4610.97,3,0,0,0,-0.0248597,0.0245777,-0.0117005,0.0117135,4615.54,-33.0021,1.92674,4.55972e-05,0.0250381,-87.4424,4668.43,-33.3803,1.94882,1.26614e-05,-0.0246134,-87.4577,4707.7,-33.6611,1.96521,-0.0028287,0.0117846,-87.2633,4739.61,-33.8893,1.97853,-0.0028108,-0.0116988,-87.2729
4.329,265.343,-4.98967,27.427,0.00127232,-0.326399,-0.301605,-1.68154e-05,0.000417617,0.0071463,4610.05,3,0,0,0,-0.0247944,0.0246012,-0.0117034,0.0117147,4615.91,-32.9873,1.92768,-0.000108928,0.0245998,-87.4234,4667.81,-33.3582,1.94936,-0.000122796,-0.0244907,-87.4393,4708.19,-33.6467,1.96622,-0.00278053,0.011836,-87.2461,4740.11,-33.8748,1.97955,-0.00277905,-0.0117487,-87.2557
4.339,265.617,-4.99602,27.4216,0.00134153,-0.294753,-0.0249749,2.30722e-05,0.000416758,0.00714296,4609.13,3,0,0,0,-0.0248412,0.0246609,-0.0117021,0.011715,4615.97,-32.9723,1.92374,2.91579e-05,0.0250237,-87.4078,4667.8,-33.3425,1.94534,2.16595e-05,-0.0247898,-87.4233,4708.4,-33.6325,1.96226,-0.00281508,0.011862,-87.229,4740.29,-33.8603,1.97555,-0.00280305,-0.0117776,-87.2386
4.349,265.891,-5.00237,27.4157,0.00159221,-0.455504,0.417222,0.000193676,0.000416493,0.00713916,4608.21,3,0,0,0,-0.024789,0.0245404,-0.0117031,0.0117159,4616.39,-32.9577,1.9227,-0.000147029,0.0249605,-87.3883,4667.87,-33.3253,1.94414,-0.000193318,-0.0245364,-87.4039,4708.17,-33.613,1.96092,-0.00279635,0.0118033,-87.2113,4740,-33.8402,1.97418,-0.00277287,-0.0117184,-87.2208
4.359,266.165,-5.00873,27.4103,0.00113461,-0.37025,-0.19339,-0.000118474,0.000416013,0.0071357,4607.27,3,0,0,0,-0.0248865,0.0246328,-0.0117076,0.0117203,4614.89,-32.9311,1.91986,-0.000100646,0.0249376,-87.3712,4667.05,-33.3032,1.94155,-0.000154897,-0.024591,-87.3867,4708.25,-33.5972,1.95869,-0.0027771,0.011816,-87.1941,4740.06,-33.8242,1.97193,-0.00276634,-0.0117313,-87.2037
4.369,266.439,-5.01508,27.4046,0.00147708,-0.839728,0.225797,0.000129905,0.000415957,0.00713215,4606.39,3,0,0,0,-0.0248081,0.0246376,-0.0116973,0.0117102,4617.1,-32.9304,1.92052,1.89199e-05,0.0252539,-87.3538,4667.98,-33.2933,1.94168,6.62063e-06,-0.0249288,-87.3698,4708.55,-33.5827,1.95856,-0.00280374,0.0118538,-87.1769,4740.38,-33.8097,1.9718,-0.00279487,-0.0117706,-87.1863
4.379,266.713,-5.02143,27.3983,0.00159262,-0.197821,0.0993312,0.000175693,0.000415482,0.00712844,4605.46,3,0,0,0,-0.0248611,0.0246611,-0.011704,0.0117165,4615.66,-32.903,1.91773,-0.000615339,0.0249899,-87.3326,4667.4,-33.2719,1.93922,-0.000533104,-0.0247961,-87.3486,4708.69,-33.5662,1.95638,-0.00274935,0.0118602,-87.1601,4740.52,-33.7931,1.9696,-0.00274454,-0.0117761,-87.1696
4.389,266.987,-5.02778,27.3938,0.00122596,-0.976892,-0.0280595,-7.99747e-05,0.000414691,0.00712474,4604.57,3,0,0,0,-0.0248395,0.0245748,-0.0116987,0.0117117,4616.41,-32.8912,1.91438,0.000151828,0.0250657,-87.3193,4668.7,-33.2638,1.93607,0.000106893,-0.0246617,-87.3344,4708.8,-33.5495,1.9527,-0.00281627,0.0118668,-87.1424,4740.51,-33.7755,1.96585,-0.00279781,-0.0117814,-87.152
4.399,267.261,-5.03412,27.3878,0.00112606,-1.00758,-0.484315,-9.36466e-05,0.000414638,0.00712122,4603.64,3,0,0,0,-0.024825,0.0246336,-0.0117047,0.0117167,4616.36,-32.8747,1.91412,-0.000102702,0.0247886,-87.2993,4667.38,-33.2381,1.93528,-0.00013801,-0.0246903,-87.315,4708.93,-33.5339,1.9525,-0.0027524,0.0118573,-87.1255,4740.62,-33.7596,1.96564,-0.00275782,-0.0117725,-87.1349
4.409,267.535,-5.04047,27.3833,0.00127233,-0.121745,-0.0544161,-1.91233e-05,0.000413996,0.00711771,4602.74,3,0,0,0,-0.0248573,0.0246763,-0.0117039,0.0117165,4615.57,-32.8529,1.91083,5.54642e-05,0.0251219,-87.2852,4666.69,-33.2167,1.93199,5.32177e-05,-0.0248825,-87.3006,4708.98,-33.5177,1.9495,-0.00279395,0.0118655,-87.1077,4740.61,-33.7428,1.9626,-0.00278186,-0.0117813,-87.1172
4.419,267.808,-5.04681,27.3779,0.0015689,-0.425967,-0.0381216,0.000206161,0.000413972,0.00711375,4601.85,3,0,0,0,-0.0246373,0.0244319,-0.011702,0.0117135,4619.01,-32.859,1.91214,6.26868e-05,0.0251262,-87.2649,4670.84,-33.2278,1.9336,5.31758e-05,-0.0250515,-87.2805,4709.18,-33.5005,1.94947,-0.00273455,0.0119303,-87.0908,4740.8,-33.7254,1.96256,-0.00273624,-0.0118462,-87.1003
4.429,268.082,-5.05316,27.3718,0.00124356,-0.804494,-0.0632329,-6.67777e-05,0.000413237,0.00711076,4600.92,3,0,0,0,-0.024853,0.0246005,-0.0117081,0.0117206,4614.71,-32.8147,1.90697,-1.17809e-05,0.0247784,-87.2479,4666.25,-33.1811,1.92826,-3.55225e-05,-0.0244199,-87.2629,4709.14,-33.4861,1.94599,-0.00280255,0.0118896,-87.0735,4740.76,-33.711,1.95906,-0.00278652,-0.011804,-87.083
4.439,268.356,-5.0595,27.3666,0.00125218,-0.476151,-0.0484183,-2.24002e-05,0.000413341,0.00710733,4600.01,3,0,0,0,-0.0248765,0.0247009,-0.0117042,0.011717,4614.18,-32.7951,1.90723,0.000124369,0.0251778,-87.2328,4664.72,-33.1542,1.92812,0.000112034,-0.0249108,-87.2486,4709.11,-33.4698,1.94647,-0.00278943,0.0118642,-87.0561,4740.74,-33.6946,1.95954,-0.00277764,-0.01178,-87.0655
4.449,268.629,-5.06584,27.3603,0.00139553,-1.0342,0.0106453,9.43775e-05,0.000412963,0.00710341,4599.13,3,0,0,0,-0.0247451,0.0245559,-0.0117041,0.0117164,4616.89,-32.7962,1.90661,-0.000212398,0.0247649,-87.2103,4668.82,-33.1651,1.92805,-0.00015253,-0.0245331,-87.2261,4709.12,-33.4514,1.94469,-0.00274327,0.0118542,-87.0396,4740.84,-33.6767,1.95779,-0.0027378,-0.0117735,-87.049
4.459,268.903,-5.07218,27.3558,0.00125217,-0.415926,-0.014325,-3.54817e-05,0.000412476,0.00710036,4598.23,3,0,0,0,-0.0249214,0.0246619,-0.011706,0.0117185,4614.21,-32.7631,1.90325,0.000155249,0.025189,-87.1979,4666.95,-33.1376,1.92501,0.000158957,-0.0247997,-87.213,4709.54,-33.44,1.94257,-0.00281906,0.0119241,-87.0218,4741.18,-33.6647,1.95563,-0.00280296,-0.0118395,-87.0313
4.469,269.176,-5.07852,27.3496,0.000904275,-1.03358,-0.697337,-0.00024977,0.000412579,0.00709669,4597.3,3,0,0,0,-0.024843,0.0246243,-0.0117116,0.0117235,4615.92,-32.7583,1.90443,-5.86555e-05,0.0244724,-87.1774,4667.91,-33.1273,1.92588,-8.56448e-05,-0.0243452,-87.1931,4709.36,-33.4214,1.94298,-0.00273109,0.0118545,-87.0049,4741.02,-33.6461,1.95604,-0.00273421,-0.0117721,-87.0143
4.479,269.45,-5.08486,27.3442,0.0013426,-0.884086,-0.0320269,6.42777e-05,0.000412429,0.00709348,4596.41,3,0,0,0,-0.0248517,0.0246665,-0.011704,0.0117163,4617.74,-32.7564,1.90449,5.16236e-05,0.0249306,-87.1609,4668.84,-33.1189,1.92557,1.58767e-05,-0.0247058,-87.1767,4709.5,-33.4073,1.94234,-0.00281133,0.0118793,-86.9876,4741.12,-33.6316,1.95538,-0.00279972,-0.0117965,-86.997
4.489,269.723,-5.09119,27.3389,0.0010212,-1.64013,-0.243308,-0.000161128,0.000411864,0.00708981,4595.49,3,0,0,0,-0.0248014,0.0245653,-0.0117045,0.0117171,4618.27,-32.7432,1.9021,0.000275608,0.0249753,-87.1442,4670.6,-33.1142,1.92365,0.000290468,-0.0246087,-87.1595,4709.89,-33.3928,1.93983,-0.0027814,0.0118522,-86.9703,4741.51,-33.617,1.95286,-0.00276972,-0.0117725,-86.9798
4.499,269.996,-5.09753,27.3338,0.0012713,-0.526004,0.010002,1.12412e-05,0.000411798,0.00708674,4594.57,3,0,0,0,-0.0248636,0.0245934,-0.0117076,0.0117199,4616.12,-32.7138,1.90091,5.11414e-05,0.024876,-87.1266,4667.91,-33.0808,1.92223,7.20211e-05,-0.0244844,-87.1422,4709.49,-33.3755,1.93936,-0.00278153,0.0118665,-86.9532,4741.13,-33.5997,1.95239,-0.00276916,-0.0117861,-86.9626
4.509,270.269,-5.10386,27.3287,0.00102427,0.131882,-0.526016,-0.000194081,0.000411556,0.00708315,4593.66,3,0,0,0,-0.0248262,0.0246275,-0.0117088,0.0117202,4614.03,-32.6824,1.89893,-3.14422e-05,0.0246156,-87.1087,4665.88,-33.0496,1.92027,-4.31388e-05,-0.0245056,-87.1242,4709.34,-33.3575,1.93816,-0.00272644,0.0118369,-86.9365,4740.92,-33.5812,1.95116,-0.00272531,-0.0117529,-86.9459
4.519,270.543,-5.11019,27.3231,0.0013378,0.0414414,0.0335667,3.09249e-05,0.000411405,0.00707995,4592.68,3,0,0,0,-0.0246922,0.0245793,-0.0117054,0.0117176,4615.68,-32.6793,1.89891,-7.60916e-05,0.0251035,-87.0919,4666.14,-33.0366,1.91967,-4.71406e-05,-0.0249301,-87.1073,4709.75,-33.3454,1.93761,-0.00271777,0.0118987,-86.9187,4741.31,-33.5688,1.9506,-0.00270694,-0.0118135,-86.9281
4.529,270.816,-5.11652,27.3172,0.00142799,-0.601131,0.257914,0.000137104,0.000411161,0.00707616,4591.87,3,0,0,0,-0.0247999,0.0245448,-0.0117068,0.011719,4614.01,-32.65,1.8971,1.71151e-06,0.0245813,-87.0736,4665.07,-33.0113,1.9181,-3.48466e-05,-0.0241467,-87.0889,4709.31,-33.3244,1.93628,-0.00277207,0.0118137,-86.9016,4740.91,-33.548,1.94928,-0.00275564,-0.0117326,-86.911
4.539,271.089,-5.12285,27.3119,0.00119994,-0.463472,-0.0530269,-5.87114e-05,0.000410782,0.00707266,4590.95,3,0,0,0,-0.0248829,0.0246339,-0.0117095,0.0117216,4614.16,-32.635,1.89542,6.61854e-05,0.0250939,-87.0571,4665.41,-32.9974,1.91647,1.84439e-05,-0.0247184,-87.0723,4709.77,-33.3112,1.93469,-0.00275504,0.0118663,-86.8847,4741.29,-33.5341,1.94764,-0.00274017,-0.0117827,-86.8941
4.549,271.362,-5.12918,27.3064,0.00127331,-0.519892,-0.0253097,7.37709e-06,0.000410866,0.00706878,4590.06,3,0,0,0,-0.0247542,0.0246059,-0.0117062,0.0117186,4616.81,-32.6358,1.89689,2.57437e-05,0.0249732,-87.0381,4666.8,-32.9891,1.91743,7.61651e-06,-0.0247435,-87.0538,4709.63,-33.2919,1.93502,-0.00275846,0.0118399,-86.8678,4741.19,-33.515,1.94799,-0.00274708,-0.0117561,-86.8771
4.559,271.635,-5.13551,27.3004,0.00146032,-1.09789,0.267638,0.000148784,0.000410153,0.00706539,4589.15,3,0,0,0,-0.0248495,0.024622,-0.0117081,0.0117199,4615.46,-32.6106,1.89305,8.4528e-06,0.0251553,-87.022,4667.14,-32.9757,1.91424,2.06826e-05,-0.0247784,-87.0372,4709.87,-33.2776,1.93177,-0.00275742,0.0118454,-86.8507,4741.3,-33.4997,1.94466,-0.00273776,-0.0117659,-86.8601
4.569,271.908,-5.14183,27.2952,0.00113612,-1.02466,0.0490709,-9.44133e-05,0.000409801,0.00706188,4588.12,3,0,0,0,-0.0248575,0.0245984,-0.0116994,0.0117121,4615.66,-32.5958,1.8915,7.81286e-05,0.0249323,-87.0046,4667.52,-32.962,1.91275,4.60727e-05,-0.0244512,-87.0198,4710.1,-33.2627,1.9302,-0.00275801,0.0118805,-86.8336,4741.44,-33.4841,1.94305,-0.00273557,-0.0117981,-86.843
4.579,272.181,-5.14816,27.2898,0.000764034,-0.893262,-0.814768,-0.00034746,0.000409798,0.00705816,4587.37,3,0,0,0,-0.0247866,0.0245783,-0.0117083,0.0117205,4615.44,-32.577,1.8914,-1.20802e-05,0.0249655,-86.986,4667.5,-32.9445,1.91273,7.54591e-07,-0.0248528,-87.0016,4710.15,-33.2455,1.93021,-0.00272573,0.011814,-86.8157,4741.59,-33.4674,1.94309,-0.00273566,-0.0117324,-86.825
4.589,272.453,-5.15448,27.2844,0.00134994,-0.51183,-0.204382,6.49186e-05,0.000409544,0.00705489,4586.43,3,0,0,0,-0.0247609,0.0246204,-0.0117066,0.0117188,4617.06,-32.5734,1.89089,-7.38733e-06,0.0254607,-86.969,4667.47,-32.929,1.91153,-3.1398e-05,-0.0254182,-86.9846,4709.81,-33.2278,1.92887,-0.00274763,0.0118806,-86.7997,4741.26,-33.4496,1.94175,-0.00275062,-0.0118001,-86.809
4.599,272.726,-5.1608,27.2798,0.00144907,0.0443899,0.0978479,0.000165295,0.000409046,0.00705127,4585.54,3,0,0,0,-0.0248465,0.0246181,-0.0117105,0.011722,4614.19,-32.5364,1.88741,5.9375e-05,0.0249895,-86.9535,4665.93,-32.9013,1.90858,4.67043e-05,-0.024736,-86.9687,4710.26,-33.2139,1.92671,-0.00272654,0.0118559,-86.7823,4741.67,-33.4354,1.93956,-0.00271887,-0.0117743,-86.7917
4.609,272.999,-5.16713,27.2736,0.00124481,-0.847329,0.0141333,5.14249e-06,0.000408818,0.00704751,4584.65,3,0,0,0,-0.0248071,0.0245308,-0.0117034,0.0117155,4615.83,-32.5307,1.88704,0.00012413,0.0250804,-86.9348,4667.02,-32.8914,1.90796,0.000119629,-0.0246943,-86.9502,4710.29,-33.1964,1.92565,-0.00276308,0.0118652,-86.7658,4741.6,-33.417,1.93845,-0.0027469,-0.0117844,-86.7752
4.619,273.271,-5.17344,27.2687,0.00107751,0.416888,-0.315693,-0.000112068,0.000408317,0.00704416,4583.76,3,0,0,0,-0.0248308,0.0246399,-0.0117095,0.0117214,4612.47,-32.4915,1.88335,-0.000267258,0.0245732,-86.9163,4663.83,-32.8533,1.90432,-0.000234528,-0.0244068,-86.9319,4710.09,-33.1792,1.92321,-0.0026884,0.0118685,-86.7482,4741.42,-33.3999,1.936,-0.00267775,-0.0117922,-86.7576
4.629,273.544,-5.17976,27.2631,0.00128591,-0.739251,0.0344203,3.71261e-05,0.000407843,0.00704034,4582.84,3,0,0,0,-0.0248381,0.0246507,-0.011709,0.0117208,4614.83,-32.4905,1.88213,0.000207365,0.0250138,-86.9014,4665.56,-32.8477,1.90282,0.000185283,-0.0247304,-86.9167,4710.45,-33.1637,1.92112,-0.00276834,0.011869,-86.7313,4741.64,-33.3833,1.93384,-0.0027539,-0.0117895,-86.7406
4.639,273.817,-5.18608,27.2571,0.000658473,-1.10128,-0.536135,-0.00038458,0.000407221,0.00703676,4581.72,3,0,0,0,-0.0248272,0.0245696,-0.0117021,0.0117141,4615.12,-32.4761,1.87938,-1.7544e-05,0.0245678,-86.8825,4666.75,-32.8393,1.9004,-6.0587e-06,-0.0241923,-86.8977,4710.67,-33.1484,1.91829,-0.00272959,0.0119006,-86.7145,4741.82,-33.3676,1.93097,-0.00271511,-0.0118203,-86.7238
4.649,274.089,-5.1924,27.2523,0.00127509,-0.643964,0.109381,2.44103e-05,0.000407119,0.00703322,4581.04,3,0,0,0,-0.0249183,0.0246814,-0.0117091,0.0117211,4614.98,-32.4587,1.87885,0.000192259,0.0252093,-86.8671,4665.37,-32.8132,1.89936,0.000208436,-0.0248145,-86.8826,4710.59,-33.1312,1.91777,-0.00275074,0.0118695,-86.6973,4741.64,-33.3496,1.93041,-0.00273109,-0.0117894,-86.7066
4.659,274.362,-5.19871,27.2463,0.00105605,-0.470909,-0.237373,-0.000116443,0.00040685,0.00702944,4580.14,3,0,0,0,-0.0247098,0.024577,-0.0117067,0.0117191,4617,-32.4554,1.87842,-0.000167303,0.0251123,-86.8468,4667.15,-32.808,1.89883,-0.00010958,-0.0249006,-86.8622,4710.65,-33.1138,1.91653,-0.00270662,0.0118537,-86.6806,4741.74,-33.3323,1.92917,-0.0027,-0.0117737,-86.6898
4.669,274.634,-5.20502,27.241,0.00124469,-0.558414,-0.036716,2.41217e-05,0.000406179,0.00702622,4579.22,3,0,0,0,-0.0249074,0.0246892,-0.0117098,0.0117214,4613.79,-32.418,1.87402,-8.37639e-05,0.025009,-86.8318,4664.88,-32.777,1.89477,-8.92783e-05,-0.0247319,-86.8468,4710.75,-33.0993,1.91341,-0.00271708,0.0118654,-86.6636,4741.81,-33.3176,1.92602,-0.00270455,-0.0117855,-86.6729
4.679,274.906,-5.21133,27.2358,0.00115017,-0.546454,-0.0305684,-6.1206e-05,0.00040581,0.00702216,4578.33,3,0,0,0,-0.0247876,0.0245078,-0.0117083,0.0117202,4615.03,-32.408,1.87283,7.95005e-05,0.0251249,-86.8138,4665.99,-32.7659,1.89351,3.44616e-05,-0.0247235,-86.8287,4710.73,-33.0801,1.91166,-0.00272398,0.0118847,-86.6466,4741.7,-33.2975,1.92423,-0.00270792,-0.0118026,-86.6558
4.689,275.178,-5.21765,27.2306,0.000272031,-0.0401342,-1.17314,-0.000668194,0.000405485,0.00701821,4577.49,3,0,0,0,-0.0246997,0.0245229,-0.0117232,0.0117327,4612.31,-32.3707,1.87022,-0.000165433,0.0243786,-86.7938,4664.04,-32.7338,1.8912,-0.000156726,-0.0242429,-86.8092,4710.57,-33.0603,1.91006,-0.00265942,0.0118007,-86.631,4741.58,-33.2779,1.92264,-0.00265844,-0.0117191,-86.6402
4.699,275.451,-5.22396,27.2248,0.00125688,-0.65424,-0.0375945,2.78228e-05,0.000404515,0.00701539,4576.72,3,0,0,0,-0.0249519,0.0247518,-0.0117103,0.011722,4611.58,-32.3526,1.86545,6.18769e-05,0.0250583,-86.7817,4662.15,-32.7074,1.88591,6.50965e-05,-0.0248051,-86.7965,4710.99,-33.05,1.90567,-0.00271836,0.0118648,-86.6125,4741.92,-33.267,1.91818,-0.00270747,-0.0117855,-86.6217
4.709,275.723,-5.23026,27.2215,0.00131087,1.02777,-0.274869,0.000122149,0.000404414,0.00701069,4575.7,3,0,0,0,-0.0246603,0.0244571,-0.0117135,0.0117247,4618.04,-32.3762,1.8676,0.000175318,0.0251311,-86.7612,4668.44,-32.7295,1.88799,0.00016674,-0.0251077,-86.7766,4711.12,-33.0288,1.90525,-0.00272411,0.011892,-86.5957,4741.92,-33.2447,1.9177,-0.00272718,-0.0118112,-86.6048
4.719,275.995,-5.23657,27.2145,0.00114609,-0.137522,0.0391048,-5.2422e-05,0.000403926,0.00700827,4574.77,3,0,0,0,-0.0250454,0.0248048,-0.0117125,0.0117246,4611.72,-32.3207,1.86279,-1.41117e-06,0.0253101,-86.7467,4662.06,-32.6735,1.88313,1.93903e-05,-0.0248915,-86.7618,4711.15,-33.0176,1.90296,-0.00273438,0.0118667,-86.5788,4741.95,-33.2334,1.9154,-0.00271571,-0.0117877,-86.5879
4.729,276.267,-5.24288,27.2093,0.00142865,-0.408579,0.265085,0.000124104,0.000404012,0.00700373,4573.89,3,0,0,0,-0.0247384,0.0245554,-0.0117115,0.0117218,4619.28,-32.3527,1.86624,0.000145626,0.0251304,-86.7266,4668.7,-32.6988,1.88621,0.000119569,-0.0248098,-86.7417,4711.11,-32.9959,1.90334,-0.00272703,0.0118865,-86.5621,4742.04,-33.2125,1.91584,-0.0027123,-0.0118025,-86.5712
4.739,276.539,-5.24918,27.2031,0.00125585,-0.365345,-0.142905,4.59462e-05,0.000403406,0.007001,4572.97,3,0,0,0,-0.0249014,0.0247057,-0.011712,0.0117233,4614.54,-32.3069,1.86153,-0.000160926,0.0250708,-86.71,4665.01,-32.6603,1.88189,-0.000140761,-0.0249014,-86.7253,4711.25,-32.984,1.90055,-0.00271645,0.0118645,-86.5453,4742.04,-33.1996,1.91297,-0.0027102,-0.0117852,-86.5544
4.749,276.811,-5.25548,27.1978,0.00115848,-0.726409,0.00958545,-4.73098e-05,0.000403025,0.00699712,4572.28,3,0,0,0,-0.0248357,0.0245843,-0.0117116,0.011723,4615.45,-32.2954,1.86014,1.26191e-05,0.0249526,-86.693,4666.3,-32.6512,1.88063,-3.17746e-05,-0.0245595,-86.7077,4711.19,-32.9653,1.89873,-0.00270555,0.0118252,-86.5283,4741.99,-33.1808,1.91114,-0.0026902,-0.0117482,-86.5375
4.759,277.083,-5.26179,27.1927,0.000963048,-0.99363,-0.517424,-0.000145934,0.000402981,0.00699353,4571.12,3,0,0,0,-0.0247023,0.024474,-0.0116959,0.0117083,4616.2,-32.2841,1.86024,0.000132684,0.025136,-86.675,4666.76,-32.6377,1.88061,0.000181265,-0.0249836,-86.6904,4711.41,-32.9499,1.89861,-0.00270262,0.0119037,-86.5117,4742.33,-33.1662,1.91107,-0.00271654,-0.0118244,-86.5207
4.769,277.355,-5.26809,27.187,0.00120473,-0.872548,-0.154169,6.05325e-05,0.000402341,0.00699021,4570.5,3,0,0,0,-0.0247542,0.0245871,-0.0117148,0.0117264,4615.1,-32.2611,1.85685,-0.000331741,0.0244233,-86.6554,4664.92,-32.6093,1.87689,-0.000121662,-0.0242819,-86.6712,4711.51,-32.935,1.89563,-0.00265795,0.0119201,-86.4949,4742.55,-33.152,1.90812,-0.00265287,-0.0118413,-86.5039
4.779,277.626,-5.27439,27.182,0.00121409,-0.525746,0.0886981,-7.93732e-06,0.000401544,0.00698695,4569.43,3,0,0,0,-0.0249343,0.0246934,-0.0117126,0.0117238,4610.64,-32.2149,1.85138,0.000162067,0.0252464,-86.6451,4661.8,-32.5723,1.87192,0.000156994,-0.0248517,-86.6596,4711.41,-32.9189,1.89184,-0.00271679,0.0118708,-86.4775,4742.19,-33.134,1.9042,-0.00269677,-0.0117923,-86.4867
4.789,277.898,-5.28069,27.1765,0.00093007,-0.750478,-0.471722,-0.000185635,0.000401789,0.00698258,4568.55,3,0,0,0,-0.0246909,0.0244393,-0.0117119,0.0117233,4615.04,-32.2254,1.85427,3.09968e-05,0.0242585,-86.6223,4665.33,-32.5766,1.87448,-3.3839e-05,-0.0240471,-86.6376,4710.79,-32.894,1.89274,-0.00264376,0.0117333,-86.4603,4741.5,-33.1085,1.90508,-0.00263552,-0.0116541,-86.4693
4.799,278.17,-5.28698,27.1702,0.00124822,-0.358458,0.211918,7.08756e-05,0.000401111,0.00698035,4567.65,3,0,0,0,-0.0249106,0.0246791,-0.0117108,0.0117225,4612.45,-32.1971,1.85011,-0.000520748,0.0246841,-86.6045,4661.83,-32.5418,1.86991,-0.000541045,-0.0242609,-86.6194,4711.84,-32.8909,1.88997,-0.00265823,0.0118678,-86.4445,4742.53,-33.105,1.90228,-0.0026397,-0.0117895,-86.4535
4.809,278.441,-5.29328,27.1661,0.00119384,-0.402573,-0.0139896,-1.82925e-05,0.000400661,0.00697617,4566.76,3,0,0,0,-0.024806,0.0246385,-0.0117128,0.011724,4615.27,-32.1974,1.84916,0.0001575,0.0252638,-86.5918,4664.75,-32.5426,1.86899,0.000162886,-0.0250055,-86.6067,4711.75,-32.8705,1.88782,-0.00270086,0.0118675,-86.4272,4742.32,-33.0838,1.90006,-0.00268748,-0.011788,-86.4362
4.819,278.713,-5.29957,27.1603,0.00119115,-0.652129,-0.0522591,2.26561e-06,0.000400303,0.00697321,4565.87,3,0,0,0,-0.024948,0.024706,-0.0117126,0.0117237,4613.88,-32.1741,1.84695,-7.11706e-05,0.0249545,-86.5737,4664.18,-32.5248,1.86708,-9.37295e-05,-0.0246507,-86.5885,4711.85,-32.8572,1.88617,-0.00267809,0.0118642,-86.4105,4742.39,-33.0702,1.89839,-0.00266717,-0.0117845,-86.4195
4.829,278.984,-5.30587,27.1559,0.000666328,0.737916,-0.487463,-0.000343117,0.000399855,0.006969,4564.98,3,0,0,0,-0.0248433,0.0246034,-0.0117319,0.0117421,4616.23,-32.1711,1.84582,-0.000128968,0.0252175,-86.5553,4666.54,-32.5217,1.86594,-0.000227028,-0.0248401,-86.57,4711.81,-32.8371,1.88404,-0.0026463,0.0118505,-86.3936,4742.32,-33.0498,1.89624,-0.00263441,-0.0117704,-86.4026
4.839,279.256,-5.31216,27.1497,0.0013638,-0.90604,0.0989125,0.000116821,0.000400154,0.00696616,4564.12,3,0,0,0,-0.0248343,0.0246775,-0.0117098,0.011721,4617.23,-32.1649,1.8476,7.9895e-05,0.024893,-86.5391,4666.39,-32.5074,1.86728,8.51634e-05,-0.0246694,-86.5544,4711.88,-32.8243,1.88548,-0.00268992,0.0118813,-86.377,4742.49,-33.0375,1.89773,-0.00268009,-0.0118022,-86.3859
4.849,279.527,-5.31845,27.1447,0.00124608,-0.0934355,-0.0228452,3.69863e-05,0.000399584,0.00696265,4563.21,3,0,0,0,-0.0248342,0.0246339,-0.0117142,0.0117255,4615.29,-32.1351,1.84419,-4.38463e-05,0.024997,-86.5223,4665.56,-32.4852,1.86428,-4.16641e-05,-0.0247631,-86.537,4711.86,-32.8075,1.88278,-0.00267186,0.0118626,-86.3601,4742.52,-33.021,1.89503,-0.00266215,-0.0117829,-86.3691
4.859,279.799,-5.32474,27.1386,0.00103969,-0.894539,-0.153645,-0.000123705,0.000399257,0.00695921,4562.34,3,0,0,0,-0.0247734,0.0244828,-0.0117049,0.0117164,4614.85,-32.1162,1.84251,-1.74416e-05,0.0250072,-86.504,4665.58,-32.4693,1.86277,-4.54377e-05,-0.024618,-86.5186,4711.96,-32.792,1.88128,-0.00267454,0.0118629,-86.3436,4742.58,-33.0051,1.89351,-0.00266036,-0.0117827,-86.3526
4.869,280.07,-5.33103,27.1331,0.000958111,-0.775511,-0.17548,-0.000157922,0.000399213,0.00695585,4561.42,3,0,0,0,-0.0249016,0.0247058,-0.0117146,0.0117257,4612.37,-32.0834,1.84132,-0.000192775,0.0253474,-86.4864,4661.83,-32.4275,1.86106,-0.000207866,-0.0250003,-86.5015,4712.12,-32.7773,1.88114,-0.00264513,0.011857,-86.3268,4742.78,-32.9906,1.89338,-0.00263843,-0.0117779,-86.3358
4.879,280.341,-5.33732,27.1282,0.00126062,-0.665099,0.0493109,5.13569e-05,0.000398923,0.006952,4560.55,3,0,0,0,-0.0248113,0.0246532,-0.0117131,0.0117244,4613.98,-32.0769,1.84062,-2.50639e-05,0.0251238,-86.4702,4663.2,-32.4191,1.86025,4.5004e-06,-0.0248694,-86.4854,4712.23,-32.76,1.87982,-0.00267014,0.0118844,-86.3103,4742.97,-32.9736,1.89208,-0.00265959,-0.0118062,-86.3193
4.889,280.612,-5.3436,27.1227,0.000895133,-0.974952,-0.376577,-0.000215145,0.000398407,0.00694826,4559.68,3,0,0,0,-0.0247911,0.0245643,-0.0117112,0.011723,4614.39,-32.0625,1.8384,-3.7149e-05,0.0248333,-86.4525,4664.72,-32.4122,1.85845,-2.84368e-05,-0.0245411,-86.4673,4712.34,-32.7431,1.87743,-0.00266328,0.011883,-86.293,4742.98,-32.956,1.88963,-0.0026554,-0.0118049,-86.3021
4.899,280.884,-5.34989,27.1175,0.00115225,-0.671083,-0.0578731,-4.82173e-05,0.000398436,0.00694468,4558.79,3,0,0,0,-0.0249091,0.0246733,-0.011715,0.0117261,4613.2,-32.0377,1.83807,-1.01091e-05,0.0249895,-86.4367,4662.87,-32.3826,1.85786,-6.24217e-05,-0.024672,-86.4512,4712.44,-32.7269,1.87761,-0.00266591,0.011869,-86.2766,4742.96,-32.9389,1.88977,-0.00265159,-0.0117877,-86.2856
4.909,281.155,-5.35617,27.1121,0.001099,-0.797574,-0.407345,-7.14987e-05,0.000398441,0.00694098,4557.91,3,0,0,0,-0.0247756,0.0246109,-0.0117087,0.0117204,4614.61,-32.0304,1.83865,-4.13887e-05,0.0244958,-86.4189,4663.84,-32.3722,1.85827,-4.45587e-05,-0.0244379,-86.4339,4712.4,-32.7092,1.87761,-0.00262968,0.0118663,-86.2598,4743.03,-32.9218,1.88982,-0.00262839,-0.0117828,-86.2688
4.919,281.426,-5.36245,27.1067,0.00116545,-1.03986,-0.048174,-1.01851e-05,0.000397748,0.00693742,4557.05,3,0,0,0,-0.0248513,0.0246574,-0.0117132,0.0117242,4614.7,-32.0146,1.83549,-1.31873e-05,0.0248399,-86.4028,4664.43,-32.3596,1.85527,2.36412e-05,-0.0245497,-86.4176,4712.45,-32.6927,1.87437,-0.00265446,0.0118613,-86.2431,4743.04,-32.905,1.88654,-0.00264068,-0.0117797,-86.2521
4.929,281.697,-5.36873,27.1016,0.00116765,-0.648648,-0.0146425,-2.52205e-05,0.000397354,0.00693376,4556.14,3,0,0,0,-0.0248287,0.0245727,-0.0117146,0.0117254,4614.56,-31.9967,1.83361,3.25827e-05,0.0250969,-86.3861,4664.97,-32.3463,1.85365,1.46267e-05,-0.0247375,-86.4008,4712.53,-32.6761,1.87254,-0.00265239,0.0118714,-86.2264,4742.96,-32.8871,1.88463,-0.00263754,-0.0117923,-86.2353
4.939,281.968,-5.37501,27.0963,0.00138923,-0.921932,-0.0200585,0.000135824,0.000397466,0.0069305,4555.17,3,0,0,0,-0.0247995,0.0245582,-0.0116996,0.0117105,4614.08,-31.9784,1.83394,1.96243e-05,0.0244461,-86.368,4663.94,-32.324,1.85376,9.00106e-06,-0.0242561,-86.3829,4712.81,-32.6627,1.87318,-0.00262539,0.0119252,-86.2099,4743.19,-32.8732,1.88526,-0.00262099,-0.0118425,-86.2188
4.949,282.238,-5.38129,27.0903,0.00124591,-0.656655,0.00147191,7.78925e-05,0.000396649,0.00692703,4554.38,3,0,0,0,-0.0249186,0.0247329,-0.011716,0.0117271,4613.12,-31.9557,1.82979,-0.000354462,0.0248878,-86.3497,4661.93,-32.2939,1.84915,-0.000280327,-0.0246423,-86.3651,4712.71,-32.6456,1.86929,-0.00261669,0.0118652,-86.1934,4743.04,-32.8557,1.88132,-0.00260948,-0.0117883,-86.2022
4.959,282.509,-5.38757,27.086,0.00117718,-0.488706,0.0114901,-3.30025e-05,0.000396125,0.00692287,4553.5,3,0,0,0,-0.0247921,0.0245947,-0.0117164,0.0117272,4614.95,-31.9492,1.8281,8.69889e-05,0.0251078,-86.3349,4664.64,-32.2932,1.84778,6.77869e-05,-0.0247927,-86.3494,4712.73,-32.6261,1.86683,-0.00265507,0.0118704,-86.1764,4742.92,-32.8352,1.87879,-0.00263946,-0.0117901,-86.1853
4.969,282.78,-5.39385,27.0806,0.0011943,-0.857689,-0.0284722,1.53058e-05,0.000395825,0.00691927,4552.65,3,0,0,0,-0.0248156,0.024564,-0.0117168,0.0117277,4615.29,-31.9349,1.82685,2.01806e-05,0.0248703,-86.3167,4664.94,-32.2785,1.8465,5.17315e-05,-0.0245388,-86.3317,4712.84,-32.6099,1.86546,-0.00266685,0.0118612,-86.1598,4743,-32.8186,1.8774,-0.00265578,-0.0117829,-86.1686
4.979,283.051,-5.40012,27.0754,0.00123131,-0.345307,0.243835,1.54809e-05,0.000395365,0.00691615,4551.78,3,0,0,0,-0.0249308,0.0247169,-0.0117174,0.0117285,4612.24,-31.8994,1.82352,6.60741e-08,0.0251174,-86.3019,4661.12,-32.2375,1.84284,-2.73408e-05,-0.0246617,-86.3166,4712.65,-32.5939,1.86322,-0.00265257,0.011856,-86.143,4742.76,-32.8022,1.87512,-0.00263419,-0.0117772,-86.1519
4.989,283.321,-5.4064,27.0706,0.001178,-1.03882,-0.00164504,1.77692e-06,0.000395244,0.00691185,4550.86,3,0,0,0,-0.0247593,0.0245929,-0.0117173,0.011728,4616.72,-31.9105,1.82473,0.000499622,0.0251241,-86.2839,4665.36,-32.2468,1.84395,0.000409725,-0.0248581,-86.2987,4712.87,-32.5751,1.86273,-0.00270361,0.0118733,-86.1265,4743.04,-32.7837,1.87466,-0.00269129,-0.011794,-86.1353
4.999,283.592,-5.41267,27.064,0.00124618,-0.320871,-0.20038,2.53149e-05,0.000394698,0.00690918,4549.96,3,0,0,0,-0.024913,0.0246778,-0.0117166,0.0117271,4611.9,-31.865,1.82031,-0.000311906,0.0250556,-86.2658,4662.06,-32.2115,1.84011,-0.000325669,-0.024894,-86.2802,4712.97,-32.5633,1.8602,-0.00260631,0.0118669,-86.1101,4743.14,-32.7718,1.87211,-0.00260384,-0.0117869,-86.1189
5.009,283.863,-5.41894,27.0592,0.0013381,-1.00401,0.0976674,7.71605e-05,0.000394589,0.00690507,4549.12,3,0,0,0,-0.0248769,0.0246685,-0.0117056,0.0117167,4614.23,-31.8621,1.82073,0.000138393,0.0251027,-86.2504,4663.54,-32.2026,1.84018,9.3438e-05,-0.0248187,-86.265,4713.09,-32.5447,1.85973,-0.00262226,0.0118787,-86.0933,4743.18,-32.7525,1.87161,-0.00261188,-0.011797,-86.1021
5.019,284.133,-5.42521,27.0548,0.00147114,0.330466,0.653265,0.000198702,0.000394783,0.00690126,4548.24,3,0,0,0,-0.0247789,0.0246192,-0.0117184,0.0117273,4616.42,-31.8596,1.82248,2.25636e-05,0.0254005,-86.2316,4664.54,-32.1917,1.84148,-3.94711e-05,-0.0249561,-86.2464,4713.05,-32.5265,1.86063,-0.00267625,0.0118637,-86.0764,4743.41,-32.736,1.87262,-0.00264812,-0.0117818,-86.0852
5.029,284.403,-5.43148,27.0484,0.00124812,-0.967863,0.0422574,6.50846e-05,0.000394075,0.00689788,4547.37,3,0,0,0,-0.0248723,0.0246649,-0.0117181,0.0117288,4613.83,-31.8262,1.8182,4.65755e-05,0.024939,-86.2169,4663.37,-32.1679,1.83772,6.6549e-05,-0.0246424,-86.2315,4713.12,-32.5111,1.85733,-0.00267076,0.0118672,-86.0602,4743.46,-32.7203,1.86928,-0.00265443,-0.0117909,-86.069
5.039,284.674,-5.43774,27.043,0.00132689,-1.08039,0.136986,9.09818e-05,0.000393829,0.00689424,4546.49,3,0,0,0,-0.0248821,0.0246295,-0.0117181,0.0117284,4613.6,-31.8078,1.81697,6.04169e-05,0.0249942,-86.1995,4663.31,-32.1505,1.83654,3.71456e-05,-0.0246566,-86.214,4713.29,-32.4951,1.85623,-0.00265605,0.0118686,-86.0436,4743.52,-32.7035,1.86813,-0.00263911,-0.01179,-86.0525
5.049,284.944,-5.44401,27.0388,0.00130759,0.440538,0.0163901,9.65816e-05,0.000393834,0.00689079,4545.61,3,0,0,0,-0.0248178,0.0245837,-0.0117159,0.0117246,4612.95,-31.7874,1.81674,-0.000169019,0.0246286,-86.1814,4662.3,-32.1275,1.83617,-0.000194513,-0.0243647,-86.1961,4713.35,-32.4792,1.85628,-0.00258539,0.0118609,-86.0268,4743.55,-32.6873,1.86817,-0.00257775,-0.0117837,-86.0357
5.059,285.215,-5.45028,27.033,0.00124594,-0.590096,0.0449986,6.42265e-05,0.000393394,0.00688727,4544.74,3,0,0,0,-0.0247874,0.0246396,-0.0117181,0.0117288,4614.25,-31.7801,1.81522,3.161e-05,0.024881,-86.1647,4662.45,-32.1121,1.83418,2.18317e-05,-0.0246552,-86.1797,4713.37,-32.4628,1.85421,-0.00263003,0.0118553,-86.0103,4743.52,-32.6704,1.86607,-0.00261893,-0.0117766,-86.0191
5.069,285.485,-5.45654,27.0276,0.00126012,-0.575262,0.0685539,7.23748e-05,0.000392597,0.00688386,4543.85,3,0,0,0,-0.0248667,0.0246452,-0.0117164,0.011727,4612.07,-31.7494,1.81068,4.26896e-05,0.0250547,-86.1503,4661.59,-32.0902,1.83012,3.96613e-05,-0.0247587,-86.1647,4713.43,-32.4471,1.85047,-0.00262078,0.0118654,-85.9936,4743.48,-32.654,1.86227,-0.00260774,-0.0117885,-86.0025
5.079,285.755,-5.4628,27.0223,0.00119607,-0.431524,0.0295917,2.07245e-05,0.000392684,0.00688005,4542.96,3,0,0,0,-0.0248655,0.0246324,-0.0117194,0.0117299,4613.67,-31.7428,1.81171,-5.31138e-05,0.0250275,-86.131,4662.8,-32.0808,1.831,-7.86989e-05,-0.0247016,-86.1457,4713.64,-32.4306,1.85097,-0.00261918,0.0118953,-85.9774,4743.58,-32.6366,1.86273,-0.002606,-0.0118177,-85.9862
5.089,286.025,-5.46906,27.0172,0.00125819,-0.822283,0.0546702,5.07504e-05,0.000392378,0.00687653,4542.11,3,0,0,0,-0.0248382,0.0246447,-0.0117178,0.0117286,4615.21,-31.7371,1.81091,0.000161718,0.0249608,-86.1153,4663.21,-32.0672,1.82974,0.000154523,-0.0246721,-86.13,4713.64,-32.414,1.84953,-0.00264148,0.0118738,-85.9608,4743.6,-32.62,1.86128,-0.00262808,-0.0117943,-85.9695
5.099,286.295,-5.47532,27.0121,0.00102491,0.213069,-0.140582,-7.70731e-05,0.000391911,0.00687311,4541.23,3,0,0,0,-0.0248406,0.0246617,-0.0117146,0.0117254,4613.59,-31.7102,1.80812,-0.000205789,0.0251297,-86.097,4661.81,-32.0416,1.82702,-0.000159529,-0.0248853,-86.1118,4713.59,-32.3976,1.84731,-0.00259075,0.0118369,-85.9443,4743.51,-32.6032,1.85904,-0.00257932,-0.0117587,-85.953
5.109,286.565,-5.48158,27.0064,0.000857223,-0.90182,-0.618555,-0.00022585,0.000391408,0.00686975,4540.37,3,0,0,0,-0.0248831,0.0246612,-0.0117179,0.0117289,4613.71,-31.6955,1.80584,0.000115972,0.0251975,-86.0814,4663.61,-32.0384,1.82538,0.000108387,-0.0250565,-86.0956,4713.79,-32.3831,1.84502,-0.00262702,0.0118633,-85.9278,4743.72,-32.5887,1.85673,-0.00262596,-0.0117847,-85.9366
5.119,286.835,-5.48784,27.001,0.00103906,-0.551424,-0.235621,-8.14121e-05,0.000391205,0.00686627,4539.38,3,0,0,0,-0.0248666,0.0246256,-0.0117201,0.01173,4612.77,-31.673,1.80454,-0.000152473,0.0246969,-86.0631,4661.87,-32.0102,1.82375,-0.000233646,-0.0244332,-86.0772,4713.96,-32.3678,1.84412,-0.00255404,0.0119198,-85.9113,4743.81,-32.5728,1.8558,-0.00254754,-0.0118403,-85.9201
5.129,287.105,-5.4941,26.9963,0.00117692,-0.742579,-0.148816,1.14957e-05,0.00039127,0.00686258,4538.63,3,0,0,0,-0.024821,0.0246741,-0.0117202,0.0117303,4614.03,-31.6646,1.80533,0.00021438,0.0248832,-86.0486,4661.89,-31.9931,1.82406,0.000177622,-0.02475,-86.0634,4713.76,-32.349,1.84435,-0.00261398,0.011841,-85.8945,4743.67,-32.5543,1.85606,-0.00260981,-0.0117618,-85.9032
5.139,287.375,-5.50035,26.9911,0.00115281,-0.492573,-0.0452491,2.82697e-05,0.00039045,0.00685911,4537.49,3,0,0,0,-0.0248313,0.0246256,-0.0117204,0.011731,4613.56,-31.6454,1.80137,-1.07571e-05,0.0249778,-86.0311,4662.29,-31.9796,1.82039,4.64937e-06,-0.0247222,-86.0454,4713.88,-32.3335,1.84054,-0.0025285,0.0118445,-85.8781,4743.81,-32.5388,1.85222,-0.00252336,-0.011768,-85.8868
5.149,287.645,-5.50661,26.9859,0.00115176,-0.286723,-0.0138572,9.846e-06,0.000390407,0.00685592,4536.93,3,0,0,0,-0.024891,0.0246627,-0.0117201,0.0117304,4612.45,-31.6231,1.80073,5.38418e-05,0.0250394,-86.0147,4661.33,-31.9582,1.81982,4.80241e-05,-0.0247175,-86.0293,4714.05,-32.3197,1.8404,-0.00260694,0.0118669,-85.8617,4743.94,-32.5246,1.85207,-0.00259621,-0.0117898,-85.8705
5.159,287.914,-5.51286,26.9799,0.000717869,-0.88342,-0.770907,-0.000285345,0.000389938,0.00685228,4536.01,3,0,0,0,-0.0248577,0.0246354,-0.0117198,0.0117307,4611.9,-31.6026,1.79836,-8.57777e-05,0.0243687,-85.9963,4661.14,-31.94,1.81756,-0.000114619,-0.0242739,-86.0107,4714.1,-32.3028,1.83821,-0.00254428,0.0118606,-85.8456,4743.96,-32.5074,1.84985,-0.00254511,-0.0117827,-85.8543
5.169,288.184,-5.51911,26.9754,0.00114244,-0.0569521,0.0144143,-9.30322e-06,0.000389874,0.006849,4535.15,3,0,0,0,-0.0248546,0.0247066,-0.0117214,0.0117318,4612.71,-31.593,1.79838,-6.99554e-05,0.0250791,-85.9807,4660.87,-31.9228,1.81715,-5.19508e-06,-0.0248344,-85.9955,4714.16,-32.2878,1.83793,-0.00254701,0.0118822,-85.8275,4744,-32.4922,1.84956,-0.00253535,-0.0118061,-85.8362
5.179,288.454,-5.52536,26.9698,0.00118325,-0.529443,-0.0978713,3.11241e-05,0.000389423,0.00684543,4534.27,3,0,0,0,-0.024815,0.0246158,-0.0117204,0.0117305,4613.78,-31.5838,1.79671,-7.2668e-05,0.0249593,-85.9633,4662.77,-31.9192,1.81579,-5.8135e-05,-0.0247431,-85.9778,4714.16,-32.271,1.8358,-0.00255812,0.0118695,-85.8125,4744.02,-32.4754,1.84743,-0.00255293,-0.0117925,-85.8212
5.189,288.723,-5.53161,26.9641,0.00110637,-1.06457,-0.0718194,-4.49558e-05,0.000389143,0.00684219,4533.4,3,0,0,0,-0.024843,0.0245785,-0.0117142,0.0117245,4613.42,-31.5664,1.79528,6.17777e-06,0.0252859,-85.9474,4662.1,-31.8995,1.81422,-3.0605e-05,-0.0249421,-85.9616,4714.59,-32.2586,1.83465,-0.00262037,0.011854,-85.7964,4744.36,-32.4623,1.84623,-0.00260747,-0.0117764,-85.8051
5.199,288.993,-5.53786,26.9591,0.0011429,-0.573917,-0.00878452,1.8497e-05,0.000388857,0.00683887,4532.53,3,0,0,0,-0.0249,0.024699,-0.0117199,0.0117304,4612.79,-31.5467,1.79371,-0.000127571,0.025048,-85.9295,4660.52,-31.8732,1.81227,-0.000114703,-0.0247629,-85.9442,4714.3,-32.241,1.83319,-0.00257257,0.0118651,-85.7798,4744.06,-32.4445,1.84476,-0.00256267,-0.0117898,-85.7885
5.209,289.263,-5.54411,26.9535,0.0011861,-0.964274,0.0411386,3.47878e-05,0.000388547,0.00683529,4531.66,3,0,0,0,-0.0247688,0.0246271,-0.0117168,0.0117269,4613.07,-31.5322,1.79239,-0.000164947,0.024807,-85.9128,4660.93,-31.8593,1.81099,-8.24508e-05,-0.0245487,-85.9275,4714.39,-32.2247,1.83176,-0.00253802,0.0118758,-85.7635,4744.14,-32.4281,1.84332,-0.00252871,-0.0117997,-85.7721
5.219,289.532,-5.55035,26.949,0.00114205,-0.558504,-0.340033,2.42732e-05,0.000387992,0.00683158,4530.74,3,0,0,0,-0.0247315,0.024484,-0.011721,0.011731,4614.56,-31.5253,1.79041,4.96772e-05,0.0252107,-85.8962,4664.14,-31.8639,1.80965,7.15092e-05,-0.0251144,-85.9105,4714.6,-32.2087,1.82922,-0.00259525,0.011894,-85.7469,4744.33,-32.4118,1.84076,-0.00259622,-0.0118191,-85.7556
5.229,289.801,-5.5566,26.943,0.000904987,-0.195678,-0.273916,-0.000170234,0.000387835,0.00682905,4530.11,3,0,0,0,-0.0249294,0.0246609,-0.0117183,0.0117288,4609.04,-31.4759,1.78755,-0.000363686,0.0247371,-85.8794,4658.26,-31.812,1.80664,-0.000459311,-0.0244182,-85.8935,4714.18,-32.1939,1.82832,-0.00254262,0.0117472,-85.7304,4743.79,-32.3961,1.83981,-0.0025313,-0.0116728,-85.7391
5.239,290.071,-5.56284,26.9386,0.00118667,-0.244628,0.0566148,5.56198e-05,0.000387616,0.00682497,4529.08,3,0,0,0,-0.0248679,0.0246855,-0.0117226,0.0117323,4612.92,-31.4835,1.78804,-7.78387e-05,0.025157,-85.8631,4660.77,-31.8101,1.80659,3.59261e-06,-0.024873,-85.878,4714.6,-32.1775,1.82745,-0.00257037,0.0118678,-85.7143,4744.27,-32.38,1.83896,-0.00256085,-0.0117938,-85.7228
5.249,290.34,-5.56908,26.9334,0.00113681,-0.0205564,-0.232707,9.19808e-06,0.000387348,0.00682134,4528.29,3,0,0,0,-0.024698,0.0245313,-0.0117219,0.0117318,4615.2,-31.4823,1.78769,-8.80112e-05,0.0254102,-85.8451,4662.8,-31.8071,1.80613,-7.4482e-05,-0.0253291,-85.8595,4714.46,-32.1594,1.82613,-0.00255856,0.0118322,-85.697,4744.06,-32.3614,1.8376,-0.00255109,-0.0117548,-85.7057
5.259,290.609,-5.57532,26.9286,0.00125107,0.480286,0.255226,0.000103634,0.000386989,0.00681848,4527.34,3,0,0,0,-0.0248849,0.0246419,-0.0117234,0.0117339,4610.34,-31.436,1.78415,-0.000152532,0.0247839,-85.8308,4658.68,-31.7656,1.80286,-0.000179957,-0.0243588,-85.8451,4714.18,-32.1441,1.82434,-0.00258361,0.0117849,-85.6812,4743.8,-32.346,1.8358,-0.00256478,-0.0117094,-85.6898
5.269,290.878,-5.58156,26.9226,0.00108709,-0.656891,0.106699,-2.85625e-05,0.000387042,0.00681514,4526.47,3,0,0,0,-0.0248937,0.0246776,-0.0117196,0.0117301,4612.84,-31.4376,1.78536,7.51137e-07,0.0254384,-85.8141,4660.94,-31.7655,1.80398,-2.41701e-05,-0.0250089,-85.8285,4714.8,-32.1325,1.82483,-0.00256245,0.0118675,-85.6652,4744.45,-32.3346,1.8363,-0.00254628,-0.0117918,-85.6738
5.279,291.148,-5.5878,26.9176,0.0011992,-0.99654,-0.108522,3.4362e-05,0.000386881,0.00681166,4525.62,3,0,0,0,-0.0247563,0.0246279,-0.0117167,0.0117265,4613.3,-31.4247,1.7848,0.000137666,0.0242726,-85.798,4661.51,-31.7531,1.80345,0.000125877,-0.0241524,-85.8123,4714.77,-32.1159,1.82405,-0.00256737,0.0118663,-85.6487,4744.43,-32.3179,1.83553,-0.00255836,-0.0117885,-85.6573
5.289,291.417,-5.59404,26.9119,0.0010858,-1.59846,-0.301299,-4.275e-06,0.000386959,0.00680821,4524.76,3,0,0,0,-0.0248396,0.0246374,-0.0117232,0.011733,4612.2,-31.4013,1.78473,9.26774e-05,0.0237483,-85.7778,4661.43,-31.7365,1.80378,0.000176902,-0.023514,-85.7924,4714.99,-32.1011,1.82451,-0.00262314,0.0118826,-85.6331,4744.83,-32.3043,1.83606,-0.00263599,-0.0118124,-85.6416
5.299,291.686,-5.60027,26.9072,0.00109049,-0.22352,-0.00234224,-2.99805e-05,0.0003867,0.00680533,4523.88,3,0,0,0,-0.0249215,0.0246591,-0.0117233,0.0117333,4611.16,-31.381,1.78314,-1.32554e-05,0.0252644,-85.7653,4660.29,-31.7153,1.80214,-8.46709e-05,-0.0248735,-85.7793,4714.83,-32.0865,1.82323,-0.00254828,0.0118711,-85.616,4744.61,-32.2892,1.83474,-0.00253427,-0.0117949,-85.6247
5.309,291.955,-5.60651,26.9017,0.00113731,-0.174573,0.289227,4.29883e-05,0.000386512,0.00680219,4523.03,3,0,0,0,-0.0249166,0.0247142,-0.0117228,0.0117328,4613,-31.3789,1.78298,-0.000359654,0.0253363,-85.7447,4660.85,-31.7045,1.80147,-0.000346364,-0.0248518,-85.7593,4714.97,-32.0726,1.82239,-0.00254853,0.0118657,-85.6001,4744.73,-32.2751,1.8339,-0.00252922,-0.0117927,-85.6087
5.319,292.224,-5.61274,26.8986,0.00109355,0.992402,-0.0169938,1.05431e-05,0.000386418,0.00679809,4522.13,3,0,0,0,-0.0248993,0.0246897,-0.0117267,0.0117371,4614.42,-31.3697,1.78309,0.000169491,0.0252105,-85.7313,4662.15,-31.6942,1.80154,0.000137014,-0.0249684,-85.7458,4715,-32.0535,1.82196,-0.00260168,0.0118851,-85.5833,4744.69,-32.2553,1.83343,-0.00258799,-0.0118104,-85.592
5.329,292.492,-5.61897,26.8922,0.000890822,-0.902696,-0.622125,-0.00010563,0.000385653,0.00679476,4521.31,3,0,0,0,-0.0248105,0.0245721,-0.0117249,0.0117347,4615.56,-31.3621,1.78001,0.000363233,0.024954,-85.714,4665.13,-31.6989,1.79912,0.000506214,-0.0248434,-85.7285,4715.03,-32.038,1.81836,-0.00260891,0.0118688,-85.5671,4744.67,-32.2394,1.82979,-0.00262183,-0.0117994,-85.5757
5.339,292.761,-5.6252,26.8864,0.001128,-1.73591,-0.0385047,-2.06894e-05,0.000385347,0.00679163,4520.52,3,0,0,0,-0.0248851,0.0246892,-0.011725,0.0117351,4613.56,-31.3341,1.77782,0.000353753,0.0245184,-85.6976,4661.18,-31.6575,1.79617,0.000430348,-0.0242448,-85.7122,4715.23,-32.0246,1.817,-0.00261465,0.0118789,-85.551,4744.65,-32.2244,1.82834,-0.0025949,-0.0118015,-85.5596
5.349,293.03,-5.63143,26.8813,0.00115648,-0.501421,0.263791,2.40385e-05,0.000385333,0.00678832,4519.57,3,0,0,0,-0.0248357,0.0246928,-0.0117239,0.0117337,4614.38,-31.3244,1.77807,0.000116481,0.0254387,-85.6811,4660.91,-31.6403,1.796,3.5503e-05,-0.0250579,-85.6956,4715.28,-32.0093,1.81695,-0.00258251,0.0118669,-85.5351,4744.7,-32.2091,1.82829,-0.00255852,-0.0117901,-85.5436
5.359,293.299,-5.63766,26.8761,0.000913156,-0.951639,-0.128696,-0.000134871,0.000384637,0.00678482,4518.75,3,0,0,0,-0.0246347,0.024468,-0.0117188,0.0117291,4613.79,-31.3042,1.77463,0.000139734,0.0245759,-85.6639,4661.13,-31.6254,1.79284,0.000121789,-0.0242459,-85.678,4715,-31.9909,1.81356,-0.00255714,0.0118153,-85.5181,4744.38,-32.1903,1.82486,-0.00254157,-0.0117439,-85.5267
5.369,293.567,-5.64389,26.8707,0.00111564,-0.682353,0.0711703,-1.52712e-05,0.000384762,0.00678237,4517.87,3,0,0,0,-0.0250373,0.024815,-0.0117225,0.0117322,4607.25,-31.2486,1.7727,-8.9698e-05,0.0247536,-85.649,4655.67,-31.5769,1.79132,-0.000153282,-0.0243636,-85.6629,4715.44,-31.9824,1.81432,-0.00253268,0.0118682,-85.5022,4744.81,-32.1816,1.82562,-0.00251652,-0.0117913,-85.5108
5.379,293.836,-5.65011,26.8664,0.0011301,-0.501427,0.172929,2.72814e-05,0.000384515,0.0067777,4517,3,0,0,0,-0.0248071,0.0245857,-0.0117241,0.0117339,4614.22,-31.2743,1.77424,0.000307688,0.0256054,-85.6319,4661.81,-31.5969,1.79254,0.000308627,-0.0251786,-85.6463,4715.47,-31.9606,1.81317,-0.00259511,0.0118752,-85.4859,4744.92,-32.1601,1.8245,-0.00257833,-0.0118022,-85.4944
5.389,294.105,-5.65634,26.8606,0.00112876,-0.219385,-0.00341312,2.12802e-05,0.000383862,0.00677503,4516.2,3,0,0,0,-0.0249688,0.0248043,-0.0117249,0.0117347,4611.28,-31.242,1.77009,-0.000167465,0.0250419,-85.6153,4658.95,-31.565,1.78839,-0.000163195,-0.0248069,-85.6294,4715.63,-31.949,1.81015,-0.0025278,0.0118695,-85.4697,4745.02,-32.1482,1.82143,-0.00251753,-0.0117967,-85.4783
5.399,294.373,-5.66256,26.8561,0.00108077,-0.0500836,0.186847,6.91554e-06,0.00038356,0.00677052,4515.39,3,0,0,0,-0.0248153,0.0246174,-0.0117263,0.0117379,4614.62,-31.2439,1.76998,2.73746e-05,0.0249234,-85.5981,4662.48,-31.5679,1.78834,1.55225e-05,-0.0244945,-85.6125,4715.97,-31.9301,1.80886,-0.00255414,0.0118631,-85.4535,4745.32,-32.1288,1.82012,-0.00253377,-0.0117894,-85.4621
5.409,294.642,-5.66878,26.85,0.00107482,-0.453927,-0.00381327,6.19705e-06,0.000383235,0.00676775,4514.45,3,0,0,0,-0.0248524,0.0245621,-0.0117233,0.011733,4613.73,-31.2251,1.76814,-0.00019279,0.0249209,-85.5807,4662.29,-31.5537,1.78676,-0.00022128,-0.0245228,-85.5948,4715.73,-31.9154,1.80723,-0.00250914,0.011862,-85.4374,4745.07,-32.1139,1.81848,-0.00249765,-0.0117907,-85.446
5.419,294.91,-5.675,26.8452,0.000981078,-0.408916,-0.228771,-7.74737e-05,0.000383046,0.00676428,4513.6,3,0,0,0,-0.0248387,0.0246639,-0.0117259,0.0117354,4613.39,-31.2067,1.76714,-2.18001e-05,0.0248715,-85.5651,4660.19,-31.5233,1.78506,-5.19442e-05,-0.024673,-85.5794,4715.79,-31.8994,1.80636,-0.00251699,0.0118715,-85.4212,4745.08,-32.0975,1.81758,-0.00251001,-0.0117974,-85.4297
5.429,295.178,-5.68122,26.8391,0.00118131,-1.0954,0.0291064,8.50074e-05,0.00038239,0.00676067,4512.73,3,0,0,0,-0.0248328,0.0246656,-0.0117218,0.0117313,4612.89,-31.1867,1.76392,-0.000168003,0.0250733,-85.5473,4660,-31.5052,1.78194,-9.2458e-05,-0.0248291,-85.562,4715.82,-31.8826,1.80328,-0.00250216,0.0118559,-85.4055,4745.08,-32.0804,1.81447,-0.0024952,-0.0117842,-85.4139
5.439,295.447,-5.68744,26.8352,0.0010533,-0.204875,0.0827635,-1.52994e-05,0.000381612,0.00675701,4511.88,3,0,0,0,-0.0248145,0.024586,-0.0117258,0.0117358,4612.48,-31.1671,1.76018,5.66979e-05,0.0249878,-85.5324,4660.61,-31.4923,1.77855,4.13707e-05,-0.0245785,-85.5463,4716.06,-31.867,1.79971,-0.00253629,0.0118912,-85.3893,4745.17,-32.0636,1.81082,-0.00251961,-0.0118184,-85.3978
5.449,295.715,-5.69366,26.8303,0.000960565,0.617019,-0.0342369,-7.9772e-05,0.000381328,0.00675351,4511.02,3,0,0,0,-0.02489,0.0246848,-0.0117359,0.0117446,4610.55,-31.1379,1.75813,-0.000152032,0.0250187,-85.515,4658.05,-31.4587,1.77624,-0.000198302,-0.0246466,-85.529,4716.01,-31.8501,1.79835,-0.00251733,0.0118589,-85.3727,4745,-32.0459,1.8094,-0.00250204,-0.0117845,-85.3812
5.459,295.983,-5.69987,26.8245,0.000834285,-0.141595,-0.479063,-0.000164042,0.000381117,0.00675013,4510.18,3,0,0,0,-0.0248574,0.0246992,-0.0117265,0.0117361,4611.01,-31.1254,1.75734,-0.00014388,0.0248671,-85.4994,4658.37,-31.4451,1.77539,-0.000134243,-0.0247795,-85.5137,4716.06,-31.8345,1.79737,-0.00248578,0.0118686,-85.3566,4745.07,-32.0303,1.80843,-0.00248534,-0.0117951,-85.365
5.469,296.251,-5.70609,26.8193,0.000983852,-0.793732,-0.129752,-7.22796e-05,0.000380712,0.0067466,4509.18,3,0,0,0,-0.0246828,0.0245474,-0.0117229,0.0117326,4613.79,-31.1279,1.75652,0.000100291,0.0248277,-85.4829,4661.49,-31.4497,1.77468,6.00576e-05,-0.0246013,-85.4969,4716.28,-31.8194,1.79555,-0.00252434,0.0119229,-85.3408,4745.32,-32.0153,1.8066,-0.00251852,-0.0118495,-85.3491
5.479,296.519,-5.7123,26.814,0.00109339,-0.673434,0.0406399,1.74814e-05,0.000380636,0.00674352,4508.45,3,0,0,0,-0.0249751,0.0247312,-0.0117253,0.0117346,4609.33,-31.0836,1.75448,-2.51191e-06,0.0250172,-85.4683,4657.53,-31.4086,1.77282,-5.8649e-05,-0.0246563,-85.4824,4716.2,-31.8043,1.79516,-0.0025094,0.0118742,-85.3242,4745.28,-32.0004,1.80622,-0.00249541,-0.0118003,-85.3327
5.489,296.787,-5.71851,26.809,0.00136828,-0.845863,0.374229,0.000225685,0.000380697,0.00673979,4507.63,3,0,0,0,-0.0247898,0.0245442,-0.0117179,0.0117269,4614.1,-31.0986,1.75658,0.000114181,0.0252188,-85.4498,4661.62,-31.4188,1.77467,0.000119563,-0.0248122,-85.4641,4716.18,-31.7866,1.79544,-0.00253591,0.0118548,-85.3083,4745.35,-31.9832,1.80654,-0.0025207,-0.0117836,-85.3168
5.499,297.055,-5.72473,26.8035,0.00117415,-1.26815,-0.0300278,0.000136766,0.000379816,0.00673632,4506.78,3,0,0,0,-0.0249387,0.0247384,-0.0117262,0.0117357,4612.1,-31.0691,1.75175,-0.000111481,0.0246663,-85.4321,4659.68,-31.3896,1.76982,-1.89925e-05,-0.0244594,-85.4468,4716.28,-31.7709,1.79132,-0.00248762,0.0119092,-85.2921,4745.55,-31.968,1.80244,-0.00249103,-0.0118433,-85.3006
5.509,297.323,-5.73094,26.7993,0.00115585,-0.147999,0.239135,0.000104365,0.000379349,0.00673253,4505.91,3,0,0,0,-0.024826,0.0246255,-0.0117281,0.0117379,4613.28,-31.0595,1.75004,0.000111711,0.0253705,-85.4187,4660.8,-31.3795,1.76807,8.84597e-05,-0.0249779,-85.4326,4716.34,-31.7534,1.78914,-0.00251679,0.0118738,-85.2756,4745.41,-31.9491,1.80016,-0.00249337,-0.0118008,-85.2841
5.519,297.591,-5.73715,26.7938,0.000753015,-0.0299216,-0.530701,-0.000197847,0.000379111,0.00672927,4505.07,3,0,0,0,-0.0247619,0.0244869,-0.0117262,0.0117355,4610.92,-31.0286,1.74805,-0.000121618,0.0242599,-85.3994,4658.86,-31.3512,1.76623,-0.000183324,-0.024062,-85.4138,4714.44,-31.7252,1.78729,-0.00242555,0.0116269,-85.2588,4743.48,-31.9207,1.79831,-0.00242369,-0.0115573,-85.2672
5.529,297.859,-5.74335,26.7884,0.00113903,-0.597338,0.145447,3.17644e-05,0.000378674,0.00672629,4504.21,3,0,0,0,-0.0249457,0.0247574,-0.0117268,0.0117362,4611.18,-31.0166,1.74613,1.01714e-05,0.0251248,-85.3857,4657.35,-31.3271,1.76361,-1.91164e-05,-0.0247867,-85.3996,4716.65,-31.726,1.78607,-0.00251218,0.0118709,-85.2438,4745.53,-31.9203,1.79701,-0.00249553,-0.011798,-85.2522
5.539,298.127,-5.74956,26.7832,0.00107381,-0.740257,-0.0436581,7.66643e-07,0.000378365,0.00672257,4503.38,3,0,0,0,-0.0247116,0.0245958,-0.0117237,0.0117331,4613.97,-31.0182,1.74577,5.01461e-05,0.0251584,-85.368,4660.39,-31.3302,1.76333,5.88861e-05,-0.0249614,-85.3822,4716.74,-31.7091,1.78465,-0.00250232,0.0118767,-85.2278,4745.58,-31.903,1.79556,-0.0024927,-0.0118043,-85.2361
5.549,298.395,-5.75576,26.7776,0.00108172,-0.769441,-0.324719,2.51287e-05,0.000377877,0.00671923,4502.46,3,0,0,0,-0.0248237,0.0245822,-0.011727,0.0117358,4612.07,-30.9901,1.7428,-0.000217545,0.0251382,-85.3504,4660.06,-31.3125,1.76093,-0.000222971,-0.025041,-85.3642,4716.86,-31.6942,1.7824,-0.00249392,0.0118878,-85.2119,4745.67,-31.8878,1.79328,-0.00249306,-0.0118171,-85.2203
5.559,298.662,-5.76197,26.7731,0.00102549,-0.566941,-0.0302606,-4.09299e-05,0.000377607,0.00671585,4501.66,3,0,0,0,-0.0249236,0.0246917,-0.0117271,0.0117364,4610.53,-30.9641,1.74097,4.33817e-05,0.0250799,-85.3365,4657.77,-31.2814,1.75881,-3.41195e-07,-0.0247405,-85.3503,4716.87,-31.6783,1.78113,-0.00249606,0.011873,-85.1954,4745.63,-31.8714,1.79199,-0.00248269,-0.0117997,-85.2037
5.569,298.93,-5.76817,26.7682,0.000431875,-1.84126,-1.23768,-0.000422303,0.000377436,0.00671171,4500.68,3,0,0,0,-0.0248507,0.0246862,-0.0117279,0.0117371,4613.98,-30.9682,1.74148,0.000625747,0.0245699,-85.3187,4661.28,-31.2856,1.75933,0.000415378,-0.0247867,-85.3329,4717.14,-31.6606,1.78042,-0.0025685,0.0119406,-85.1796,4745.99,-31.8542,1.79131,-0.00257286,-0.0118656,-85.1879
5.579,299.198,-5.77437,26.7629,0.000984305,-0.926927,-0.00187224,-6.64875e-05,0.000376748,0.00670878,4499.97,3,0,0,0,-0.0248498,0.0246649,-0.0117259,0.0117349,4612.54,-30.945,1.73776,0.000167922,0.0251247,-85.3041,4659.9,-31.2627,1.75561,0.000141807,-0.0247733,-85.3177,4716.88,-31.645,1.77707,-0.00250863,0.011869,-85.1637,4745.63,-31.8379,1.78791,-0.00249257,-0.011798,-85.172
5.589,299.465,-5.78057,26.7574,0.00100316,-1.42161,-0.105036,-1.50244e-05,0.000376629,0.00670522,4499.22,3,0,0,0,-0.0248445,0.0246094,-0.0117269,0.0117362,4613.85,-30.9373,1.73771,5.63509e-05,0.0249335,-85.2859,4661.48,-31.2567,1.75565,3.31204e-05,-0.0246282,-85.3001,4716.87,-31.6282,1.77651,-0.00242518,0.0118382,-85.1476,4745.66,-31.8212,1.78735,-0.00241873,-0.0117709,-85.1559
5.599,299.733,-5.78677,26.753,0.00102235,-0.15203,0.0501613,-2.94043e-05,0.000376353,0.00670237,4498.26,3,0,0,0,-0.0249431,0.0247139,-0.0117287,0.0117378,4611.06,-30.9055,1.73538,9.44599e-06,0.0252452,-85.2715,4657.92,-31.2196,1.75302,8.09508e-06,-0.0248543,-85.2855,4717.03,-31.6158,1.77527,-0.00249286,0.0118621,-85.1314,4745.83,-31.8088,1.78611,-0.00247847,-0.0117912,-85.1397
5.609,300,-5.79297,26.7474,0.00108257,-0.50175,-0.0214875,2.3595e-05,0.00037591,0.00669877,4497.43,3,0,0,0,-0.0248637,0.0247043,-0.0117285,0.0117377,4612.61,-30.8993,1.73393,-9.4821e-05,0.0250818,-85.2534,4658.9,-31.2093,1.75133,-7.54632e-05,-0.0248582,-85.2675,4716.94,-31.5982,1.77315,-0.00247535,0.0118653,-85.1156,4745.75,-31.7911,1.78398,-0.00246766,-0.0117951,-85.1238
5.619,300.267,-5.79917,26.7428,0.00085525,-0.866359,-0.450473,-0.000133276,0.000375615,0.00669509,4496.58,3,0,0,0,-0.0247954,0.0246121,-0.0117277,0.0117369,4613.8,-30.8903,1.73301,0.000280728,0.0250838,-85.2374,4661.16,-31.2074,1.7508,0.000248673,-0.0249526,-85.2512,4716.91,-31.5806,1.77174,-0.00251892,0.0118846,-85.0994,4745.77,-31.7738,1.78258,-0.00252053,-0.0118128,-85.1076
5.629,300.535,-5.80536,26.737,0.00100463,-0.342342,-0.0389599,-3.34839e-05,0.000375286,0.00669218,4495.75,3,0,0,0,-0.0249265,0.0246651,-0.0117295,0.0117384,4610.56,-30.8551,1.73028,-0.000230362,0.0250735,-85.2205,4657.98,-31.1725,1.74808,-0.000260051,-0.0247113,-85.234,4717.22,-31.569,1.77031,-0.00245445,0.0118591,-85.0834,4745.97,-31.7613,1.78109,-0.00244281,-0.0117881,-85.0917
5.639,300.802,-5.81156,26.732,0.00119947,-1.08349,0.131455,0.000104279,0.000375155,0.00668846,4494.89,3,0,0,0,-0.0248954,0.0247201,-0.0117238,0.0117335,4612.37,-30.8501,1.73035,2.41844e-05,0.0252654,-85.2053,4658.51,-31.1587,1.74766,2.72967e-05,-0.0249713,-85.2194,4717.26,-31.5517,1.7697,-0.00245439,0.0118841,-85.0671,4745.96,-31.7436,1.78047,-0.00245429,-0.0118134,-85.0753
5.649,301.069,-5.81775,26.7276,0.00106773,-0.245435,-0.0106364,2.07981e-05,0.000375154,0.0066848,4494.01,3,0,0,0,-0.0247494,0.0246128,-0.0117302,0.0117392,4614.04,-30.8444,1.73098,0.000132213,0.0250405,-85.188,4660.28,-31.1535,1.74832,5.63435e-05,-0.0248483,-85.202,4717.35,-31.535,1.76973,-0.0025277,0.0118665,-85.0511,4746.03,-31.7267,1.78049,-0.0025131,-0.011794,-85.0593
5.659,301.336,-5.82394,26.7212,0.00123011,-0.442258,0.305073,0.000101423,0.000374878,0.00668234,4493.17,3,0,0,0,-0.0249519,0.0247239,-0.0117292,0.0117379,4608.64,-30.797,1.72768,-0.000588704,0.0247637,-85.1703,4656.18,-31.1146,1.7455,-0.000601533,-0.0244087,-85.1836,4717.37,-31.5236,1.76844,-0.00241723,0.01187,-85.0354,4746.17,-31.716,1.77923,-0.00239618,-0.0118003,-85.0438
5.669,301.604,-5.83013,26.717,0.00116463,-0.869644,0.120526,6.0005e-05,0.000374877,0.00667857,4492.26,3,0,0,0,-0.0248728,0.0246426,-0.0117223,0.0117312,4611.91,-30.8014,1.7289,0.000164047,0.02529,-85.1573,4659.02,-31.1161,1.74656,0.000120107,-0.0249504,-85.1709,4717.57,-31.5071,1.76851,-0.00247856,0.0119562,-85.0188,4746.32,-31.6991,1.77928,-0.0024654,-0.0118816,-85.0271
5.679,301.871,-5.83632,26.7113,0.00130449,-0.583779,0.405775,0.000222142,0.000374713,0.00667577,4491.45,3,0,0,0,-0.0249703,0.0247857,-0.0117292,0.0117379,4610.95,-30.7821,1.72778,-0.000385008,0.0248385,-85.1377,4657.16,-31.0906,1.7451,-0.000337911,-0.0244931,-85.1522,4717.34,-31.4923,1.76765,-0.002453,0.011884,-85.0032,4746.17,-31.6848,1.77845,-0.00243586,-0.0118162,-85.0114
5.689,302.138,-5.84251,26.7071,0.00119205,-0.50969,0.268309,9.30367e-05,0.000374615,0.00667182,4490.64,3,0,0,0,-0.0248319,0.0246615,-0.0117309,0.0117398,4612.64,-30.7751,1.72796,5.88034e-05,0.0248145,-85.1246,4659,-31.0844,1.74533,4.08134e-05,-0.0244562,-85.1384,4717.37,-31.4739,1.7672,-0.00247061,0.0118721,-84.9867,4746.15,-31.6659,1.77798,-0.00245275,-0.0117992,-84.995
5.699,302.405,-5.8487,26.7013,0.00114167,-0.697377,-0.311224,7.70406e-05,0.000374559,0.00666864,4489.76,3,0,0,0,-0.0247108,0.0244243,-0.0117274,0.0117356,4615.15,-30.7772,1.72865,-9.7454e-05,0.0256263,-85.1048,4662.89,-31.0956,1.74653,-5.03489e-05,-0.025542,-85.1185,4717.42,-31.4592,1.76695,-0.00250167,0.0118637,-84.9716,4746.25,-31.6515,1.77775,-0.00250246,-0.0117951,-84.9799
5.709,302.672,-5.85488,26.696,0.00119403,-0.971834,0.114407,7.4821e-05,0.000374181,0.00666649,4488.92,3,0,0,0,-0.0249322,0.0247411,-0.0117266,0.0117352,4609.61,-30.7304,1.72483,-8.19758e-05,0.0249713,-85.0907,4655.35,-31.0353,1.74194,-0.000103226,-0.0247152,-85.1043,4717.52,-31.4498,1.76521,-0.00244278,0.0118676,-84.9549,4746.29,-31.6416,1.77597,-0.00242753,-0.0117961,-84.9631
5.719,302.938,-5.86107,26.6917,0.00118544,-0.742998,0.150224,8.35352e-05,0.000374255,0.00666303,4488.07,3,0,0,0,-0.0248253,0.0247054,-0.0117272,0.0117359,4611.57,-30.7275,1.7259,0.000218266,0.0252014,-85.0764,4656.93,-31.0297,1.74288,0.000161644,-0.0249775,-85.0903,4717.58,-31.4339,1.76558,-0.00249279,0.0118713,-84.9385,4746.29,-31.6252,1.77632,-0.00247926,-0.0117982,-84.9467
5.729,303.205,-5.86725,26.6871,0.0011042,-0.546867,-0.0163625,7.88213e-05,0.000374177,0.0066592,4487.28,3,0,0,0,-0.0245794,0.0244091,-0.0117313,0.0117399,4615.54,-30.7363,1.72703,0.000121552,0.024686,-85.0563,4662.73,-31.0505,1.74469,0.000129314,-0.0244705,-85.0701,4717.59,-31.4159,1.76522,-0.0024865,0.0118676,-84.9224,4746.35,-31.6074,1.77598,-0.00248091,-0.0117985,-84.9306
5.739,303.472,-5.87343,26.6814,0.00102716,-0.619058,-0.0880487,-2.53031e-05,0.000374035,0.00665757,4486.38,3,0,0,0,-0.0250214,0.0247708,-0.0117311,0.0117398,4607.17,-30.673,1.72324,-5.17355e-05,0.0249189,-85.0448,4655.48,-30.9946,1.74131,-5.74257e-05,-0.0245925,-85.0584,4717.74,-31.4091,1.7646,-0.00246685,0.0118746,-84.9064,4746.51,-31.6007,1.77536,-0.00245731,-0.0118036,-84.9147
5.749,303.739,-5.87961,26.6761,0.00124478,-0.797871,0.417563,0.000155767,0.000374731,0.00665417,4485.53,3,0,0,0,-0.0248006,0.02461,-0.0117236,0.0117321,4613,-30.6961,1.72863,4.48242e-05,0.0255929,-85.0262,4659.53,-31.0058,1.74607,3.19906e-05,-0.0251497,-85.0403,4717.68,-31.3927,1.76786,-0.00248458,0.01187,-84.8907,4746.51,-31.5846,1.77866,-0.00246473,-0.0117998,-84.8989
5.759,304.005,-5.88579,26.6714,0.00109411,-0.250932,-0.0950586,4.96016e-05,0.000374229,0.00665145,4484.71,3,0,0,0,-0.0249223,0.0247413,-0.0117314,0.0117401,4610.34,-30.6659,1.72533,-0.000149486,0.0247384,-85.0109,4657.49,-30.9795,1.74297,-0.000119629,-0.0245749,-85.0246,4717.47,-31.3785,1.76542,-0.0024473,0.0118527,-84.8744,4746.43,-31.5711,1.77625,-0.00244367,-0.0117831,-84.8827
5.769,304.272,-5.89197,26.666,0.000781085,-1.13448,-0.181943,-0.000184051,0.000374256,0.00664827,4483.89,3,0,0,0,-0.02487,0.0246518,-0.0117286,0.0117369,4613.36,-30.6713,1.72658,0.00010645,0.0250964,-84.9953,4660.9,-30.9874,1.74437,7.28717e-05,-0.0247188,-85.0091,4717.61,-31.3644,1.7656,-0.0024692,0.0118922,-84.8584,4746.53,-31.5567,1.77642,-0.00244909,-0.0118212,-84.8667
5.779,304.539,-5.89815,26.661,0.00115115,-0.897974,-0.0210671,7.39749e-05,0.00037417,0.00664575,4483.1,3,0,0,0,-0.0248701,0.0246332,-0.0117222,0.0117307,4613.02,-30.6574,1.72605,-7.90444e-05,0.0247156,-84.9772,4660.01,-30.9697,1.74364,-1.93989e-05,-0.024459,-84.9909,4717.65,-31.3528,1.7652,-0.00248417,0.011867,-84.8431,4746.52,-31.5447,1.77601,-0.00247563,-0.011796,-84.8514
5.789,304.805,-5.90433,26.6561,0.00103049,-0.580783,-0.054138,-7.3288e-06,0.000374181,0.00664315,4482.15,3,0,0,0,-0.0249145,0.0247503,-0.0117308,0.0117398,4612.06,-30.6391,1.72575,4.38721e-05,0.0250583,-84.9629,4657.7,-30.9423,1.74282,2.44111e-05,-0.0248271,-84.9769,4717.66,-31.3406,1.76526,-0.00246021,0.0118719,-84.8263,4746.47,-31.532,1.77604,-0.00245047,-0.0118005,-84.8346
5.799,305.072,-5.9105,26.6514,0.000974843,-1.13187,-0.059283,-2.06896e-05,0.000373918,0.00663981,4481.31,3,0,0,0,-0.0247568,0.0245836,-0.0117288,0.0117379,4614.64,-30.6408,1.72549,0.000313313,0.0248706,-84.9445,4661.32,-30.9508,1.74295,0.00027467,-0.0245841,-84.9585,4717.73,-31.3253,1.76404,-0.00249684,0.0118715,-84.8105,4746.57,-31.5168,1.77483,-0.00248955,-0.011804,-84.8188
5.809,305.338,-5.91667,26.6458,0.00112543,0.0559583,0.0149555,5.5195e-05,0.000373606,0.0066377,4480.45,3,0,0,0,-0.0249315,0.0246876,-0.011732,0.0117404,4609.49,-30.5969,1.72213,-0.000279267,0.0249698,-84.9294,4657.04,-30.9125,1.7399,-0.000291892,-0.024664,-84.9427,4717.77,-31.3156,1.76259,-0.00244883,0.0118674,-84.7943,4746.48,-31.5062,1.77331,-0.00243947,-0.0117972,-84.8026
5.819,305.604,-5.92285,26.6412,0.000947393,-0.779109,-0.109415,-6.73172e-05,0.000373603,0.00663426,4479.62,3,0,0,0,-0.0248798,0.0246717,-0.0117328,0.0117416,4611.9,-30.597,1.72302,0.000208564,0.025072,-84.9138,4658.52,-30.9063,1.74044,0.00021521,-0.0247758,-84.9276,4717.85,-31.2999,1.7626,-0.00249353,0.0118849,-84.7784,4746.47,-31.4898,1.77329,-0.00247901,-0.0118124,-84.7867
5.829,305.871,-5.92902,26.6359,0.000981491,-0.621915,0.167397,-2.82498e-05,0.0003734,0.00663144,4478.77,3,0,0,0,-0.0248751,0.0247066,-0.0117324,0.0117411,4612.78,-30.5898,1.72241,6.67527e-05,0.0253912,-84.8961,4658.86,-30.8954,1.73962,1.80632e-05,-0.0250048,-84.9102,4717.83,-31.2865,1.76164,-0.00249312,0.0118654,-84.7626,4746.5,-31.4766,1.77234,-0.0024733,-0.0117976,-84.7708
5.839,306.137,-5.93519,26.6309,0.00081871,-1.19407,-0.421603,-0.000132514,0.000373078,0.00662834,4477.93,3,0,0,0,-0.0248909,0.0246859,-0.0117326,0.0117412,4611.87,-30.5695,1.72059,0.000325238,0.0249832,-84.8815,4659.58,-30.8858,1.73839,0.000304289,-0.0247905,-84.8952,4717.91,-31.2723,1.76015,-0.00248729,0.0118657,-84.7464,4746.58,-31.4624,1.77085,-0.00248981,-0.011798,-84.7547
5.849,306.403,-5.94136,26.6257,0.000977014,-0.857087,-0.101467,-2.1671e-05,0.000372793,0.00662572,4477.08,3,0,0,0,-0.0248236,0.024566,-0.0117285,0.0117373,4612.23,-30.5598,1.71941,4.39392e-05,0.0249288,-84.8646,4659.32,-30.8718,1.73696,7.154e-05,-0.0245938,-84.8784,4717.94,-31.2602,1.75882,-0.00246368,0.0118721,-84.7304,4746.51,-31.4495,1.76947,-0.00245473,-0.0118029,-84.7387
5.859,306.669,-5.94752,26.6203,0.000648932,-0.212449,-0.414831,-0.00025583,0.000372604,0.00662323,4476.27,3,0,0,0,-0.02488,0.0246669,-0.01173,0.0117391,4609.59,-30.5308,1.71755,-0.000292643,0.0251609,-84.8478,4656.52,-30.8417,1.73504,-0.000340146,-0.0248568,-84.8614,4717.85,-31.2478,1.75789,-0.00239498,0.0118327,-84.7146,4746.39,-31.4369,1.76852,-0.00239349,-0.0117626,-84.7227
5.869,306.935,-5.95369,26.6147,0.00113921,-0.886065,0.0591079,0.000116867,0.000372365,0.00662008,4475.4,3,0,0,0,-0.0248695,0.0247079,-0.0117334,0.0117423,4611.99,-30.5322,1.71734,-0.000347308,0.0252475,-84.8305,4657.81,-30.8355,1.7344,-0.000220371,-0.0249789,-84.8451,4717.98,-31.2338,1.75681,-0.00241638,0.0118687,-84.6989,4746.53,-31.4229,1.76744,-0.00241583,-0.0118027,-84.707
5.879,307.201,-5.95986,26.611,0.00101913,-0.0361592,-0.101747,-4.56439e-06,0.000371581,0.00661714,4474.55,3,0,0,0,-0.024847,0.0246328,-0.0117323,0.0117411,4611.38,-30.5146,1.7135,3.50668e-06,0.0250829,-84.8173,4658.57,-30.8268,1.73103,-1.47288e-05,-0.0248451,-84.8306,4718.08,-31.2206,1.75315,-0.00244675,0.0118756,-84.6825,4746.51,-31.4088,1.76371,-0.00243933,-0.0118043,-84.6907
5.889,307.468,-5.96602,26.6048,0.000955558,-0.61613,-0.0575592,-5.29591e-05,0.000371606,0.00661467,4473.71,3,0,0,0,-0.0249268,0.024698,-0.0117336,0.0117419,4609.32,-30.4896,1.71285,-0.000333663,0.0244671,-84.7987,4655.85,-30.7974,1.73014,-0.000446077,-0.0241421,-84.8119,4717.96,-31.2082,1.75322,-0.00237877,0.0118294,-84.6668,4746.27,-31.3955,1.76374,-0.00236674,-0.0117573,-84.675
5.899,307.733,-5.97218,26.6003,0.000771997,-1.08658,-0.155375,-0.000152668,0.000371363,0.00661153,4472.84,3,0,0,0,-0.0248873,0.0247202,-0.0117332,0.0117419,4611.86,-30.4919,1.71268,0.000146496,0.024931,-84.7855,4657.73,-30.7952,1.72971,0.000148975,-0.0245879,-84.7994,4718.22,-31.1952,1.75218,-0.0024451,0.011888,-84.6506,4746.62,-31.3829,1.76272,-0.00243019,-0.0118139,-84.6586
5.909,307.999,-5.97834,26.5957,0.00105253,-0.0109596,-0.0323777,2.93482e-05,0.000371248,0.0066088,4472.01,3,0,0,0,-0.0247531,0.0246213,-0.0117333,0.0117417,4614.02,-30.4936,1.71295,-0.000118099,0.0253159,-84.7666,4660.03,-30.7977,1.73003,-0.000128504,-0.0251381,-84.7805,4718.18,-31.1819,1.75162,-0.00244586,0.0118674,-84.6348,4746.62,-31.3699,1.76217,-0.00243858,-0.0117959,-84.6428
5.919,308.265,-5.9845,26.5904,0.00100342,-0.180396,-0.25078,-1.83161e-07,0.000371029,0.00660636,4471.17,3,0,0,0,-0.0249398,0.0247182,-0.0117349,0.0117428,4610.1,-30.4564,1.71048,-0.000134816,0.0250825,-84.7523,4657.89,-30.7721,1.72821,-0.000126275,-0.0249165,-84.7659,4718.16,-31.1703,1.75057,-0.00242915,0.0118682,-84.6188,4746.62,-31.3584,1.76114,-0.00242864,-0.0117984,-84.627
5.929,308.531,-5.99066,26.5857,0.00126702,-1.0194,0.241727,0.000161543,0.00037097,0.00660346,4470.35,3,0,0,0,-0.0248358,0.0246113,-0.0117281,0.0117358,4612.77,-30.4607,1.7112,0.000286863,0.0251188,-84.7361,4659.03,-30.7662,1.72836,0.000262352,-0.024784,-84.7497,4718.25,-31.1572,1.75033,-0.0024118,0.0118801,-84.6029,4746.68,-31.345,1.76088,-0.00239328,-0.0118083,-84.611
5.939,308.797,-5.99682,26.5797,0.000815097,-1.09848,-0.525588,-0.000110191,0.000370769,0.00660083,4469.55,3,0,0,0,-0.0248957,0.0247386,-0.0117341,0.0117423,4611.03,-30.4371,1.70963,-0.00014029,0.0247533,-84.7187,4656.78,-30.7391,1.72659,-0.00013104,-0.0247065,-84.7327,4718.23,-31.1447,1.74937,-0.00240812,0.0118761,-84.5871,4746.73,-31.3328,1.75994,-0.00241854,-0.0118069,-84.5952
5.949,309.063,-6.00298,26.5753,0.00116052,-0.446763,0.22811,9.03702e-05,0.000370286,0.00659793,4468.65,3,0,0,0,-0.0248349,0.0246588,-0.0117337,0.0117419,4611.37,-30.4259,1.70753,-1.94883e-05,0.0250291,-84.7047,4657.42,-30.7298,1.72458,-4.56989e-06,-0.0246986,-84.7182,4718.21,-31.1309,1.74709,-0.00242809,0.0118682,-84.5709,4746.6,-31.3182,1.7576,-0.00241222,-0.0117981,-84.5791
5.959,309.328,-6.00913,26.5699,0.00102706,-0.941642,-0.0245827,8.72666e-06,0.000370131,0.00659515,4467.82,3,0,0,0,-0.0248238,0.0245977,-0.0117307,0.0117389,4612.83,-30.4228,1.70735,-5.94599e-05,0.0248823,-84.6867,4659.02,-30.7274,1.72445,-5.74433e-05,-0.0245932,-84.7004,4718.25,-31.1181,1.74637,-0.0024418,0.0118707,-84.5553,4746.61,-31.3051,1.75687,-0.00243307,-0.0118018,-84.5634
5.969,309.594,-6.01529,26.565,0.000993395,-0.493174,0.000792128,-2.0366e-05,0.000369873,0.00659292,4466.97,3,0,0,0,-0.0249623,0.0247495,-0.0117339,0.0117422,4610.21,-30.3952,1.70519,-9.50401e-05,0.0250428,-84.6719,4656,-30.6971,1.72213,-0.000124195,-0.0247188,-84.6852,4718.34,-31.1081,1.74519,-0.00243446,0.0118706,-84.5393,4746.64,-31.2947,1.75566,-0.00242014,-0.0118003,-84.5474
5.979,309.859,-6.02144,26.561,0.000820295,-0.355205,-0.223359,-0.000145728,0.00036977,0.00658962,4466.14,3,0,0,0,-0.024819,0.024663,-0.0117374,0.0117465,4613.31,-30.4004,1.70586,0.000278831,0.0250644,-84.6566,4658.63,-30.6991,1.72262,0.000229998,-0.0248541,-84.6702,4718.34,-31.0925,1.7447,-0.00246962,0.0118745,-84.5234,4746.69,-31.2794,1.75518,-0.0024583,-0.0118032,-84.5314
5.989,310.125,-6.02759,26.5558,0.000968885,0.788685,-0.122905,-3.09351e-05,0.000369192,0.00658787,4465.3,3,0,0,0,-0.0250108,0.0248112,-0.0117334,0.0117424,4607.82,-30.3562,1.70117,-0.000289724,0.0250013,-84.6407,4654.47,-30.6635,1.71839,-0.00034426,-0.0247974,-84.6538,4718.38,-31.0845,1.74199,-0.00240088,0.0118719,-84.5073,4746.71,-31.2712,1.75244,-0.00239323,-0.0117999,-84.5154
5.999,310.39,-6.03375,26.5506,0.000984088,-0.475077,-0.0515107,-2.64931e-05,0.00036901,0.00658425,4464.44,3,0,0,0,-0.0247843,0.024538,-0.0117355,0.0117436,4613.9,-30.3795,1.70257,0.00014937,0.0251688,-84.6229,4660.63,-30.6872,1.71982,9.91368e-05,-0.0248391,-84.6362,4718.58,-31.0688,1.7412,-0.00245733,0.0118593,-84.4916,4746.81,-31.2546,1.75162,-0.00244651,-0.011789,-84.4997
6.009,310.656,-6.0399,26.5445,0.000611756,-1.48404,-0.945171,-0.00028333,0.000369167,0.00658184,4463.56,3,0,0,0,-0.0247902,0.0246444,-0.0117428,0.0117493,4611.31,-30.3513,1.70234,-2.94245e-05,0.0240145,-84.6054,4657.05,-30.6524,1.71923,-2.21591e-05,-0.024133,-84.6193,4718.57,-31.0573,1.74194,-0.00238034,0.0118673,-84.4758,4746.81,-31.2432,1.75237,-0.00239096,-0.0117938,-84.4837
6.019,310.921,-6.04604,26.5397,0.00109737,-0.651348,0.00146174,7.23085e-05,0.000368537,0.00657979,4462.76,3,0,0,0,-0.0249053,0.0247443,-0.0117336,0.0117418,4609.62,-30.3308,1.69882,-8.81677e-05,0.0250289,-84.5923,4655.32,-30.6315,1.71566,-5.99314e-05,-0.0248352,-84.6059,4718.63,-31.0481,1.73899,-0.00241963,0.0118686,-84.4599,4746.87,-31.2339,1.7494,-0.00241311,-0.0117997,-84.4679
6.029,311.186,-6.05219,26.535,0.000990457,-0.676796,0.0644931,-1.90659e-05,0.000368332,0.00657662,4461.92,3,0,0,0,-0.024759,0.024546,-0.0117344,0.0117423,4612.82,-30.3372,1.69905,-1.82166e-05,0.0251946,-84.5744,4659.29,-30.6428,1.71616,-3.32141e-05,-0.0248265,-84.5878,4718.73,-31.0338,1.73806,-0.0024379,0.011877,-84.4439,4746.9,-31.219,1.74843,-0.00241705,-0.0118063,-84.4519
6.039,311.452,-6.05834,26.531,0.00105351,0.427489,0.0599683,2.62643e-05,0.000368456,0.00657454,4461.09,3,0,0,0,-0.0250036,0.0248025,-0.0117406,0.0117481,4608.38,-30.2984,1.69798,1.79488e-05,0.0251281,-84.5616,4654.51,-30.6017,1.71498,1.3269e-05,-0.0247978,-84.5753,4718.72,-31.0239,1.73864,-0.00243195,0.0118682,-84.4277,4746.93,-31.2093,1.74904,-0.00242143,-0.0117981,-84.4357
6.049,311.717,-6.06448,26.5247,0.00111879,-0.340948,-0.309022,6.37646e-05,0.000368422,0.00657173,4460.31,3,0,0,0,-0.0248126,0.0246374,-0.0117344,0.0117427,4611.39,-30.3052,1.69894,-0.000254985,0.0242951,-84.5416,4657.08,-30.6055,1.71577,-0.000280911,-0.0243092,-84.555,4718.69,-31.0104,1.73847,-0.00236135,0.0119095,-84.4123,4746.89,-31.1957,1.74886,-0.00236407,-0.0118378,-84.4203
6.059,311.982,-6.07063,26.5198,0.00120202,-0.378637,0.259374,0.000139058,0.000368732,0.00656938,4459.46,3,0,0,0,-0.024701,0.0245927,-0.011734,0.0117418,4611.49,-30.2951,1.7004,-0.000257977,0.0243613,-84.5258,4656.83,-30.5929,1.71712,-0.000222566,-0.0241016,-84.5398,4718.56,-30.9985,1.73988,-0.00240253,0.0118649,-84.3963,4746.9,-31.1846,1.75033,-0.00238891,-0.0117945,-84.4043
6.069,312.247,-6.07677,26.5154,0.000985997,-0.109794,-0.0879032,-4.67697e-07,0.00036849,0.0065671,4458.64,3,0,0,0,-0.0249004,0.0246591,-0.0117351,0.0117435,4609.47,-30.2713,1.69854,-5.39306e-05,0.0249657,-84.5119,4656.89,-30.5827,1.71602,-4.94722e-05,-0.024653,-84.5252,4718.64,-30.9882,1.73877,-0.00243088,0.011862,-84.3805,4747.11,-31.1752,1.74926,-0.00242352,-0.011792,-84.3886
6.079,312.512,-6.08291,26.51,0.00114198,-1.02104,-0.0314407,7.42686e-05,0.000368965,0.00656453,4457.74,3,0,0,0,-0.0248766,0.0246938,-0.0117253,0.0117336,4610.45,-30.2659,1.70109,0.000178429,0.024759,-84.496,4656.53,-30.5684,1.7181,0.000163856,-0.0245697,-84.5096,4718.58,-30.9757,1.74099,-0.00243357,0.0119032,-84.3644,4747.09,-31.1628,1.75151,-0.00242802,-0.0118324,-84.3725
6.089,312.777,-6.08905,26.5054,0.00090238,-0.0475288,-0.0231539,-7.54269e-05,0.000368913,0.00656207,4456.89,3,0,0,0,-0.0248881,0.0247286,-0.0117369,0.0117453,4611.33,-30.2604,1.70118,4.9829e-05,0.0252975,-84.4794,4656.76,-30.5585,1.71794,1.76964e-05,-0.0250034,-84.4931,4718.53,-30.9638,1.74073,-0.00244763,0.0118715,-84.3486,4747.11,-31.1513,1.75127,-0.0024328,-0.0118011,-84.3567
6.099,313.042,-6.09519,26.5003,0.00118328,-0.141133,-0.24494,0.00014069,0.000369101,0.00655938,4456.05,3,0,0,0,-0.0247642,0.0245878,-0.0117353,0.0117427,4613.61,-30.2629,1.70289,7.83763e-05,0.0255475,-84.4625,4660.2,-30.5685,1.72008,8.33964e-05,-0.025565,-84.4761,4718.5,-30.9509,1.7416,-0.00243947,0.0118657,-84.3328,4747.11,-31.1385,1.75216,-0.00244578,-0.0117967,-84.341
6.109,313.307,-6.10133,26.4945,0.00101612,-0.588176,-0.0867256,-9.63316e-06,0.000369004,0.00655753,4455.22,3,0,0,0,-0.0249613,0.0247341,-0.0117359,0.0117439,4609.6,-30.228,1.70096,-9.19728e-05,0.02499,-84.4473,4656.54,-30.5358,1.71828,-0.000100065,-0.0247187,-84.4607,4718.62,-30.9429,1.74119,-0.00247383,0.0118754,-84.3168,4747.17,-31.1302,1.75173,-0.00246444,-0.0118059,-84.325
6.119,313.572,-6.10746,26.49,0.000708426,-0.895073,-0.838172,-0.000203257,0.00036919,0.00655481,4454.39,3,0,0,0,-0.0248665,0.0246826,-0.0117319,0.0117401,4611.86,-30.2303,1.70265,0.000184466,0.0247608,-84.4311,4658.2,-30.5341,1.71976,0.000166305,-0.0248748,-84.4448,4718.6,-30.93,1.74206,-0.00242703,0.0118744,-84.301,4747.15,-31.1171,1.7526,-0.00243672,-0.0118011,-84.3092
6.129,313.837,-6.1136,26.4852,0.00102051,-0.00133235,-0.00267448,2.46796e-06,0.000369036,0.00655268,4453.55,3,0,0,0,-0.0248375,0.0246955,-0.0117359,0.0117439,4611.72,-30.2196,1.70189,-9.50052e-05,0.0250359,-84.4149,4657.22,-30.5177,1.71868,-0.000115807,-0.0248245,-84.4283,4718.61,-30.92,1.74133,-0.00241196,0.0118573,-84.2852,4747.04,-31.1063,1.75183,-0.00240037,-0.0117873,-84.2933
6.139,314.101,-6.11973,26.4797,0.00110791,0.0184171,-0.144201,7.01799e-05,0.000368825,0.00655068,4452.71,3,0,0,0,-0.0248937,0.024698,-0.0117358,0.0117436,4610.01,-30.1991,1.70029,-0.000277102,0.0251162,-84.3989,4656.74,-30.5052,1.71752,-0.000280232,-0.0249947,-84.4123,4718.71,-30.9112,1.74038,-0.00238774,0.0118669,-84.2696,4747.12,-31.0973,1.75086,-0.00238636,-0.0117962,-84.2777
6.149,314.366,-6.12586,26.4749,0.000964726,-0.588625,-0.0221875,-2.92574e-05,0.000368559,0.0065479,4451.88,3,0,0,0,-0.0248571,0.024605,-0.0117344,0.0117423,4611.88,-30.1986,1.69975,3.15253e-06,0.0251131,-84.3832,4658.39,-30.5031,1.71689,-3.31447e-05,-0.024741,-84.3965,4718.74,-30.8983,1.73913,-0.00241872,0.0118725,-84.2538,4747.17,-31.0844,1.74961,-0.00240591,-0.0118023,-84.2619
6.159,314.631,-6.132,26.4699,0.00112361,-1.02002,-0.151219,6.85322e-05,0.000368865,0.00654559,4451.06,3,0,0,0,-0.0248051,0.0246744,-0.0117304,0.0117384,4612.47,-30.1918,1.70138,0.000129022,0.0245647,-84.3672,4657.47,-30.4863,1.71798,0.000116278,-0.024511,-84.381,4718.77,-30.8876,1.74059,-0.00241073,0.0118769,-84.2379,4747.13,-31.0732,1.75105,-0.00241008,-0.0118043,-84.2459
6.169,314.895,-6.13813,26.4646,0.000990758,-0.752025,-0.131454,1.04997e-06,0.000368287,0.00654365,4450.2,3,0,0,0,-0.0248673,0.0247046,-0.011738,0.011746,4611.49,-30.1764,1.69835,4.77053e-05,0.0254649,-84.3507,4657.4,-30.4768,1.71526,-5.67327e-06,-0.0252749,-84.3643,4718.87,-30.879,1.7379,-0.00243745,0.0118798,-84.222,4747.2,-31.0645,1.74833,-0.00243248,-0.0118114,-84.2301
6.179,315.16,-6.14426,26.4601,0.000983375,0.185453,-0.0774417,-2.39671e-05,0.000368016,0.00654097,4449.38,3,0,0,0,-0.0249091,0.0247003,-0.0117349,0.0117435,4610.05,-30.1546,1.69657,-0.000172845,0.0252324,-84.3348,4656.72,-30.4599,1.71375,-0.000232823,-0.0249716,-84.3478,4718.96,-30.867,1.73665,-0.00240141,0.0118698,-84.2065,4747.14,-31.0513,1.74702,-0.00238757,-0.0117994,-84.2147
6.189,315.425,-6.15038,26.4553,0.00102735,-0.111807,0.00525101,1.76361e-05,0.000368096,0.00653886,4448.51,3,0,0,0,-0.024904,0.0246675,-0.0117376,0.0117456,4610.38,-30.1471,1.69706,-2.73719e-05,0.0250644,-84.3201,4656.55,-30.449,1.71406,-3.47698e-05,-0.0247317,-84.3338,4719.06,-30.8578,1.73707,-0.00239875,0.011908,-84.1905,4747.24,-31.042,1.74744,-0.0023896,-0.0118388,-84.1985
6.199,315.689,-6.15651,26.4498,0.0011224,-0.765921,0.250931,8.83836e-05,0.000367993,0.00653663,4447.64,3,0,0,0,-0.0248024,0.0246491,-0.0117322,0.0117398,4613.06,-30.1543,1.69758,4.07955e-05,0.0253957,-84.3029,4658.26,-30.4498,1.71421,2.40226e-05,-0.0250485,-84.3166,4719.06,-30.8472,1.73658,-0.0024276,0.0119189,-84.175,4747.28,-31.0317,1.74697,-0.0024114,-0.0118509,-84.183
6.209,315.953,-6.16264,26.4443,0.0010725,-0.833693,-0.211234,8.62752e-05,0.000368042,0.00653432,4446.85,3,0,0,0,-0.0247931,0.0246312,-0.0117349,0.0117428,4612.11,-30.1374,1.69745,-0.000154583,0.0252153,-84.2856,4657.79,-30.4359,1.71426,-9.20752e-05,-0.0251348,-84.2996,4719,-30.8359,1.73679,-0.00236507,0.011869,-84.1574,4747.26,-31.0206,1.74719,-0.00236803,-0.0118008,-84.1654
6.219,316.218,-6.16876,26.4402,0.00107124,0.136819,0.0314061,5.22845e-05,0.000367655,0.00653233,4446.03,3,0,0,0,-0.0249387,0.0246956,-0.0117387,0.0117464,4608.55,-30.105,1.69435,-0.000105499,0.0251341,-84.2728,4655.73,-30.4132,1.7117,-0.000147854,-0.0248146,-84.2858,4719.05,-30.8268,1.73498,-0.00239372,0.0118676,-84.143,4747.29,-31.0113,1.74536,-0.00238383,-0.0117983,-84.1512
6.229,316.482,-6.17488,26.4353,0.00119987,-0.745984,0.383901,0.000146984,0.000368035,0.00652994,4445.18,3,0,0,0,-0.0247508,0.0245388,-0.011733,0.0117402,4613.54,-30.1266,1.69795,0.000218533,0.0254224,-84.2552,4658.68,-30.4213,1.71456,0.000218456,-0.0249799,-84.2689,4719.09,-30.8158,1.73679,-0.00245627,0.0118801,-84.1274,4747.36,-31.0004,1.74719,-0.00243467,-0.011811,-84.1355
6.239,316.746,-6.181,26.4298,0.00105901,0.699548,0.0589287,9.11741e-05,0.000367178,0.00652871,4444.39,3,0,0,0,-0.0249908,0.0248122,-0.0117361,0.0117441,4607.05,-30.0785,1.69161,-0.00068668,0.0248968,-84.2381,4652.63,-30.3761,1.70834,-0.000557351,-0.024656,-84.2521,4718.59,-30.8068,1.73256,-0.00235439,0.0118111,-84.1119,4746.89,-30.9915,1.74295,-0.00235008,-0.0117476,-84.1199
6.249,317.011,-6.18712,26.4248,0.000980462,-0.598023,-0.111918,-2.31801e-05,0.000366978,0.00652549,4443.54,3,0,0,0,-0.0248149,0.0246306,-0.0117364,0.0117439,4611.42,-30.0922,1.69229,5.68426e-05,0.0253082,-84.2247,4657.26,-30.3913,1.70912,4.35767e-05,-0.0250891,-84.238,4718.97,-30.794,1.73176,-0.00240808,0.0118479,-84.0957,4747.1,-30.9776,1.74208,-0.00239778,-0.0117799,-84.1038
6.259,317.275,-6.19324,26.4203,0.00102504,-0.167751,0.0254048,4.11123e-05,0.00036665,0.00652335,4442.79,3,0,0,0,-0.024774,0.0244999,-0.011736,0.0117438,4612.55,-30.0897,1.69119,-6.51409e-05,0.0248971,-84.2074,4658.16,-30.3872,1.70792,-2.14458e-05,-0.0245296,-84.2212,4718.66,-30.7819,1.7301,-0.00241163,0.0117986,-84.0799,4746.82,-30.9656,1.74042,-0.0024037,-0.0117297,-84.0879
6.269,317.539,-6.19936,26.4149,0.000834105,-0.337925,-0.213771,-0.000112357,0.000366349,0.00652201,4441.88,3,0,0,0,-0.0250679,0.0248722,-0.0117369,0.0117449,4606.99,-30.0473,1.68776,-3.18204e-05,0.0252149,-84.1958,4652.48,-30.344,1.70443,-4.37342e-05,-0.0249606,-84.209,4719.09,-30.7784,1.72883,-0.0023727,0.0118633,-84.0642,4747.13,-30.9613,1.73911,-0.00236687,-0.0117956,-84.0721
6.279,317.803,-6.20548,26.4102,0.00105109,-0.689571,0.0728892,7.16283e-05,0.000366146,0.00651868,4441.09,3,0,0,0,-0.0247542,0.0245885,-0.011739,0.0117468,4614.06,-30.078,1.68942,4.59763e-05,0.0245786,-84.1742,4659.52,-30.3744,1.70607,2.38512e-05,-0.0243182,-84.1876,4719.17,-30.7632,1.72791,-0.00242408,0.0118626,-84.0487,4747.16,-30.9457,1.73815,-0.00241091,-0.0117967,-84.0566
6.289,318.067,-6.2116,26.4044,0.00101165,-0.831074,0.0835225,4.73682e-06,0.000365728,0.00651725,4440.38,3,0,0,0,-0.0249406,0.0247105,-0.0117378,0.0117453,4610.04,-30.0452,1.68602,-0.000139089,0.0250208,-84.1607,4656.75,-30.3497,1.70311,-0.000144701,-0.024649,-84.1736,4719.27,-30.7571,1.72597,-0.00238516,0.0118684,-84.033,4747.22,-30.9393,1.73619,-0.00237105,-0.0118011,-84.041
6.299,318.331,-6.21771,26.3999,0.000896245,-0.743272,-0.163596,-4.07671e-05,0.000365632,0.00651497,4439.23,3,0,0,0,-0.0248109,0.0245453,-0.0117309,0.0117391,4609.94,-30.0341,1.68554,-1.13163e-05,0.0244193,-84.1443,4656.36,-30.3365,1.70252,-3.31171e-05,-0.0241276,-84.1578,4719.25,-30.7462,1.72551,-0.00236659,0.0119094,-84.0169,4747.17,-30.9281,1.73572,-0.00236071,-0.0118389,-84.0249
6.309,318.595,-6.22382,26.395,0.000987644,-0.613349,-0.0178364,2.77287e-05,0.000365049,0.00651368,4438.55,3,0,0,0,-0.02508,0.0248842,-0.011737,0.011745,4607.61,-30.0129,1.682,-0.000180761,0.0250176,-84.1297,4652.86,-30.3076,1.69852,-6.25525e-05,-0.0247237,-84.1436,4719.41,-30.7412,1.72282,-0.00239421,0.0118635,-84.0016,4747.4,-30.9235,1.73303,-0.00238933,-0.0118003,-84.0094
6.319,318.859,-6.22994,26.3905,0.000870578,-0.777515,-0.152842,-0.000104,0.0003649,0.00651058,4437.65,3,0,0,0,-0.0247298,0.0245987,-0.0117353,0.0117431,4613.69,-30.0382,1.68354,0.000333194,0.0251478,-84.1133,4658.39,-30.3292,1.69985,0.000249123,-0.0249416,-84.1265,4719.47,-30.7269,1.72214,-0.00242993,0.0119034,-83.985,4747.35,-30.9085,1.73231,-0.0024185,-0.011833,-83.9929
6.329,319.122,-6.23605,26.3852,0.00139382,-0.226114,0.398891,0.000315485,0.00036455,0.00650851,4436.94,3,0,0,0,-0.0247687,0.0245222,-0.0117391,0.011747,4612.16,-30.0187,1.68137,-0.000193514,0.025118,-84.0949,4657.49,-30.3137,1.69789,-0.000255025,-0.0248191,-84.1081,4719.48,-30.7172,1.72049,-0.00236636,0.0118377,-83.9701,4747.34,-30.8985,1.73064,-0.00235018,-0.0117702,-83.978
6.339,319.386,-6.24216,26.3802,0.000744214,-0.398505,-0.429428,-0.000180747,0.000364114,0.00650686,4435.96,3,0,0,0,-0.0249416,0.0247167,-0.0117406,0.011748,4607.64,-29.9817,1.67771,-8.97269e-06,0.0250931,-84.0825,4653.81,-30.2821,1.69452,-4.04262e-05,-0.0249006,-84.0955,4719.13,-30.7072,1.7183,-0.00238864,0.0117987,-83.9541,4746.94,-30.8882,1.72843,-0.00239138,-0.0117307,-83.962
6.349,319.65,-6.24827,26.3747,0.00103371,-0.583334,-0.0355734,7.24745e-05,0.000363826,0.00650466,4435.23,3,0,0,0,-0.0249232,0.0247517,-0.0117369,0.0117448,4609.81,-29.9857,1.67717,-0.000256577,0.0250807,-84.0641,4654.78,-30.2782,1.69353,-0.00018976,-0.0248854,-84.0779,4719.56,-30.6996,1.7171,-0.00236434,0.0118652,-83.9389,4747.37,-30.8805,1.72722,-0.00236278,-0.0118005,-83.9467
6.359,319.914,-6.25438,26.37,0.00132568,-0.5151,0.557101,0.000217793,0.000363635,0.00650201,4434.4,3,0,0,0,-0.0247642,0.0246071,-0.0117376,0.0117448,4611.56,-29.9849,1.67693,-0.000206043,0.024755,-84.0482,4656.37,-30.2762,1.69322,-0.000199612,-0.0243669,-84.0615,4719.58,-30.6872,1.71621,-0.00235932,0.0118681,-83.9234,4747.32,-30.8676,1.72629,-0.00233794,-0.0117982,-83.9312
6.369,320.177,-6.26048,26.365,0.000982875,-0.3355,-0.0072142,3.44985e-07,0.000363428,0.00650049,4433.58,3,0,0,0,-0.0249218,0.0246824,-0.0117377,0.0117452,4609.69,-29.9657,1.67529,-0.000238244,0.0249267,-84.0333,4655.65,-30.2644,1.69199,-0.000278038,-0.0246205,-84.0463,4719.57,-30.6799,1.71523,-0.00236481,0.011859,-83.9074,4747.36,-30.8606,1.72532,-0.00235505,-0.0117897,-83.9152
6.379,320.441,-6.26659,26.3601,0.00100613,-1.30206,-0.100258,-3.86929e-06,0.000363309,0.00649789,4432.77,3,0,0,0,-0.0248995,0.0247189,-0.0117384,0.0117461,4612,-29.9687,1.67558,0.000166384,0.0252164,-84.019,4657.11,-30.2618,1.69197,0.000147691,-0.0250021,-84.0324,4719.61,-30.6679,1.71468,-0.00236589,0.0118786,-83.8915,4747.43,-30.8487,1.72478,-0.00236944,-0.0118091,-83.8994
6.389,320.704,-6.27269,26.3549,0.00100064,-0.91801,-0.168498,2.94589e-05,0.000363303,0.00649612,4431.94,3,0,0,0,-0.0248962,0.0247331,-0.011735,0.0117427,4611.21,-29.9554,1.67527,-0.0001363,0.0250435,-84.0015,4656.47,-30.2495,1.69171,-0.000111772,-0.0249071,-84.015,4719.59,-30.6595,1.71464,-0.00236523,0.0118728,-83.876,4747.5,-30.8408,1.72478,-0.00236778,-0.0118057,-83.8838
6.399,320.968,-6.2788,26.35,0.000788764,-0.790977,-0.22747,-0.000146749,0.000362805,0.00649404,4431.08,3,0,0,0,-0.0248019,0.0246152,-0.0117357,0.0117434,4611.61,-29.9484,1.67312,-6.12573e-05,0.0250495,-83.9861,4657.48,-30.2463,1.68976,-5.7875e-05,-0.0247766,-83.9993,4719.54,-30.6493,1.71227,-0.00237781,0.0118651,-83.8603,4747.43,-30.8304,1.72239,-0.00236772,-0.0117959,-83.8682
6.409,321.231,-6.2849,26.346,0.00105269,-1.25213,-0.0967037,3.26825e-05,0.000362888,0.00649168,4430.16,3,0,0,0,-0.0248708,0.0246556,-0.0117431,0.0117505,4612.03,-29.9403,1.67365,0.000344451,0.0248946,-83.9703,4657.8,-30.2374,1.69026,0.000429858,-0.0246666,-83.9836,4719.98,-30.641,1.71282,-0.00238677,0.0119772,-83.8445,4747.84,-30.8219,1.72293,-0.00238291,-0.0119073,-83.8523
6.419,321.494,-6.291,26.3405,0.000929407,-0.29688,-0.214315,-4.18992e-05,0.000362971,0.00649002,4429.43,3,0,0,0,-0.0249355,0.0247535,-0.0117381,0.0117459,4608.63,-29.9105,1.6728,-6.72089e-05,0.0249521,-83.9555,4653.93,-30.2045,1.68924,-9.2462e-05,-0.0247876,-83.9688,4719.31,-30.6288,1.71297,-0.00235904,0.0118212,-83.8288,4747.2,-30.8098,1.7231,-0.00235862,-0.0117516,-83.8366
6.429,321.758,-6.2971,26.3355,0.00103076,-0.83156,-0.00880377,5.30997e-05,0.000362833,0.00648733,4428.65,3,0,0,0,-0.0247994,0.0246505,-0.0117374,0.0117448,4612.6,-29.9238,1.6736,5.79738e-05,0.025214,-83.9379,4657.7,-30.2165,1.68997,4.27701e-05,-0.0250054,-83.9511,4719.68,-30.6185,1.71246,-0.00242264,0.0118835,-83.8124,4747.59,-30.7996,1.72258,-0.00241463,-0.0118139,-83.8202
6.439,322.021,-6.3032,26.3302,0.00114163,-0.264806,-0.0146622,8.9142e-05,0.000362726,0.00648574,4427.8,3,0,0,0,-0.0248742,0.0246609,-0.0117395,0.0117467,4609.31,-29.8952,1.67192,-0.00030722,0.0249897,-83.9217,4655.28,-30.1933,1.68859,-0.000317052,-0.0248088,-83.9346,4719.63,-30.6107,1.71193,-0.00236062,0.0118594,-83.7976,4747.7,-30.7928,1.72211,-0.00235554,-0.0117908,-83.8055
6.449,322.284,-6.3093,26.3257,0.000984045,-0.635085,-0.0401285,-1.19624e-05,0.000362638,0.00648338,4426.95,3,0,0,0,-0.0248962,0.0246677,-0.0117397,0.0117472,4610.01,-29.8889,1.67177,7.98651e-05,0.0250718,-83.9077,4655.46,-30.1835,1.68825,6.56347e-05,-0.0247678,-83.9207,4719.69,-30.5999,1.71154,-0.00238561,0.0118668,-83.782,4747.63,-30.7811,1.72167,-0.00237673,-0.0117971,-83.7899
6.459,322.547,-6.31539,26.3212,0.00101859,-0.30911,0.109845,1.60819e-05,0.000362784,0.00648138,4426.13,3,0,0,0,-0.0248727,0.024707,-0.0117389,0.0117465,4611.4,-29.8886,1.67294,5.45978e-05,0.0252059,-83.8919,4656.28,-30.1795,1.68922,6.00482e-05,-0.0248912,-83.9053,4719.78,-30.5911,1.71226,-0.0023914,0.0118865,-83.7662,4747.71,-30.7721,1.72239,-0.00237924,-0.0118196,-83.7741
6.469,322.811,-6.32149,26.3161,0.000847073,-0.923836,-0.244969,-0.000103095,0.000362291,0.00647926,4425.27,3,0,0,0,-0.0248797,0.0246989,-0.0117378,0.0117455,4611.56,-29.8799,1.67073,0.000357377,0.0251985,-83.8778,4657.38,-30.1768,1.68733,0.000295634,-0.0249895,-83.8906,4719.83,-30.5814,1.70995,-0.00241969,0.0119071,-83.7505,4747.67,-30.7618,1.72004,-0.00241318,-0.0118381,-83.7584
6.479,323.074,-6.32758,26.3109,0.000933401,-0.820478,-0.196735,-1.26642e-05,0.000362304,0.00647692,4424.55,3,0,0,0,-0.0248425,0.0246212,-0.0117395,0.0117469,4612.22,-29.8734,1.67103,6.51102e-05,0.0249217,-83.8597,4658.34,-30.1721,1.68773,0.000105768,-0.0247134,-83.8733,4719.68,-30.5694,1.70996,-0.00241206,0.0118132,-83.7349,4747.47,-30.7494,1.72003,-0.00240662,-0.0117473,-83.7427
6.489,323.337,-6.33367,26.3059,0.000937507,-0.337501,0.0740086,-3.45272e-05,0.000362222,0.00647535,4423.63,3,0,0,0,-0.0249442,0.0247182,-0.0117398,0.0117472,4610.32,-29.8538,1.66996,-5.92739e-05,0.025378,-83.8441,4655.73,-30.1479,1.68641,-6.20754e-05,-0.0249772,-83.8572,4719.79,-30.5627,1.70961,-0.00237823,0.0118882,-83.7195,4747.53,-30.7423,1.71966,-0.00236088,-0.0118204,-83.7273
6.499,323.6,-6.33976,26.3013,0.000915584,0.210016,0.054671,-1.91754e-05,0.000362166,0.00647287,4422.82,3,0,0,0,-0.0248954,0.0247212,-0.0117438,0.0117508,4611.57,-29.8505,1.67015,-0.000136713,0.0252613,-83.8271,4655.85,-30.1371,1.68619,-0.000123917,-0.0249454,-83.8407,4719.84,-30.5513,1.70937,-0.00237752,0.0118644,-83.7039,4747.62,-30.7311,1.71942,-0.00236263,-0.0117959,-83.7117
6.509,323.862,-6.34585,26.2966,0.000977992,-0.263716,0.0197286,2.78769e-05,0.000361855,0.00647063,4422.08,3,0,0,0,-0.0248507,0.0246572,-0.0117442,0.0117522,4611.8,-29.8417,1.6688,0.000111521,0.0249649,-83.8128,4657.31,-30.1361,1.68527,0.00012044,-0.024685,-83.8259,4719.87,-30.5409,1.70791,-0.00239282,0.0118698,-83.6881,4747.63,-30.7205,1.71795,-0.00238079,-0.0118022,-83.6958
6.519,324.125,-6.35194,26.2909,0.00106288,-0.676868,0.17797,6.26623e-05,0.000361661,0.00646903,4421.13,3,0,0,0,-0.0249157,0.0246788,-0.0117402,0.0117475,4609.55,-29.8198,1.6671,-0.000120355,0.0251582,-83.7967,4655.32,-30.1158,1.68365,-0.000160266,-0.024756,-83.8099,4719.81,-30.533,1.70697,-0.00228518,0.0118743,-83.6726,4747.52,-30.7123,1.71699,-0.00226986,-0.0118057,-83.6804
6.529,324.388,-6.35803,26.2861,0.000972902,-0.470353,0.183491,-1.86062e-05,0.00036165,0.00646683,4420.33,3,0,0,0,-0.0248608,0.0246516,-0.011739,0.0117465,4611.5,-29.8222,1.66775,-2.26341e-06,0.0254402,-83.7805,4656.35,-30.1123,1.68397,-3.23436e-05,-0.0249981,-83.7936,4719.98,-30.5238,1.70698,-0.00239934,0.011866,-83.657,4747.69,-30.7029,1.717,-0.0023789,-0.0117965,-83.6648
6.539,324.651,-6.36412,26.2816,0.000988095,-0.365077,-0.0302711,-1.65669e-05,0.000361103,0.00646502,4419.51,3,0,0,0,-0.0249731,0.0248064,-0.0117406,0.0117481,4609.07,-29.7982,1.66435,0.000174447,0.0251442,-83.7678,4653.74,-30.0869,1.68048,0.000119927,-0.0249208,-83.7806,4720.07,-30.5158,1.70443,-0.00238757,0.0118825,-83.6411,4747.73,-30.6946,1.71442,-0.00237633,-0.0118118,-83.6489
6.549,324.914,-6.3702,26.2772,0.00092373,-0.591816,-0.130504,-4.82525e-06,0.000361162,0.00646216,4418.7,3,0,0,0,-0.024711,0.0245398,-0.0117404,0.0117476,4613.93,-29.8164,1.66638,0.000419204,0.0249574,-83.7497,4659.05,-30.1079,1.68267,0.00038924,-0.0247503,-83.7628,4720.09,-30.5024,1.70472,-0.00241447,0.0118742,-83.6258,4747.72,-30.681,1.7147,-0.00240939,-0.0118056,-83.6335
6.559,325.176,-6.37629,26.2714,0.000979886,0.144535,0.0184992,4.16048e-06,0.000360884,0.00646133,4417.87,3,0,0,0,-0.0250582,0.0248166,-0.0117437,0.0117508,4606.36,-29.7636,1.66236,-0.000295276,0.0250869,-83.7348,4652.16,-30.0596,1.67889,-0.000309294,-0.0247372,-83.7477,4720.54,-30.5014,1.70357,-0.00236522,0.0119224,-83.6108,4748.17,-30.6799,1.71354,-0.00235524,-0.0118512,-83.6186
6.569,325.439,-6.38237,26.2666,0.00100078,-0.618134,-0.0178888,1.4557e-05,0.00036094,0.00645846,4417.04,3,0,0,0,-0.0248309,0.0246514,-0.0117397,0.0117471,4612.16,-29.7879,1.66471,0.000111407,0.0251762,-83.7177,4656.69,-30.0754,1.68078,0.000103101,-0.0249255,-83.7311,4720.26,-30.486,1.70373,-0.00236897,0.0119133,-83.5948,4747.92,-30.6646,1.71371,-0.00235921,-0.0118452,-83.6025
6.579,325.702,-6.38845,26.2614,0.00104775,-0.445667,0.149409,4.11156e-05,0.000360951,0.00645663,4416.18,3,0,0,0,-0.024695,0.0246029,-0.0117397,0.0117467,4612.94,-29.7844,1.66504,-4.3406e-05,0.0255948,-83.7004,4657.4,-30.0715,1.68109,-6.60726e-05,-0.0253412,-83.7138,4720.16,-30.4767,1.70374,-0.00238532,0.0118758,-83.5791,4747.86,-30.6556,1.71375,-0.00237332,-0.0118056,-83.5868
6.589,325.964,-6.39453,26.2568,0.00106243,-0.104195,-0.048878,7.43767e-05,0.000360846,0.00645533,4415.41,3,0,0,0,-0.0250128,0.0248029,-0.0117411,0.0117482,4606.13,-29.7345,1.66211,-6.3871e-05,0.0250073,-83.688,4652.28,-30.0324,1.67876,-0.000105452,-0.0247958,-83.7007,4720.2,-30.4709,1.70327,-0.00235861,0.0118699,-83.5635,4747.96,-30.6501,1.71328,-0.00235471,-0.0117998,-83.5713
6.599,326.227,-6.40061,26.2522,0.000970903,-0.0725084,0.0548949,-9.25151e-06,0.00036097,0.00645261,4414.58,3,0,0,0,-0.0248325,0.024605,-0.0117411,0.0117483,4610.77,-29.7519,1.66435,7.06497e-05,0.0253013,-83.6702,4656.65,-30.0479,1.68091,5.43572e-05,-0.0249311,-83.6833,4720.25,-30.4584,1.70387,-0.00238075,0.0118834,-83.548,4747.99,-30.6374,1.71388,-0.00236902,-0.0118117,-83.5558
6.609,326.489,-6.40669,26.2465,0.000908688,-0.221318,0.208395,-2.41707e-05,0.000361034,0.00645092,4413.76,3,0,0,0,-0.0248684,0.0247127,-0.0117416,0.0117491,4611.89,-29.7513,1.66505,-0.00023858,0.0252126,-83.6531,4655.88,-30.0351,1.68093,-0.000211346,-0.024781,-83.6666,4720.17,-30.4499,1.70414,-0.002365,0.0118716,-83.5326,4748.03,-30.6296,1.7142,-0.0023405,-0.0118044,-83.5404
6.619,326.751,-6.41277,26.242,0.000921052,-0.859012,-0.174528,-3.30533e-05,0.000360736,0.00644902,4412.9,3,0,0,0,-0.0249065,0.0247303,-0.0117409,0.0117482,4610.83,-29.7358,1.6633,0.000302759,0.0252959,-83.6405,4656.08,-30.0276,1.67962,0.000237881,-0.0250812,-83.6536,4720.13,-30.4406,1.70272,-0.00240359,0.011876,-83.5168,4747.98,-30.6202,1.71277,-0.00239957,-0.0118089,-83.5246
6.629,327.014,-6.41884,26.2373,0.000859412,-0.671211,-0.124578,-4.19194e-05,0.000360468,0.00644679,4412.02,3,0,0,0,-0.0248229,0.0246063,-0.0117402,0.011748,4612.18,-29.7342,1.66254,0.00017805,0.0249544,-83.6237,4658.14,-30.0305,1.67911,0.000233262,-0.0246334,-83.6369,4720.6,-30.4331,1.70163,-0.0024097,0.0119538,-83.5014,4748.34,-30.612,1.71162,-0.00240098,-0.0118878,-83.5092
6.639,327.276,-6.42492,26.2318,0.000954404,-0.486178,0.00454804,-1.2777e-05,0.000360691,0.00644554,4411.29,3,0,0,0,-0.0249889,0.0247835,-0.0117414,0.0117487,4608.57,-29.7051,1.66227,3.79688e-06,0.0252516,-83.6096,4653.58,-29.9953,1.67851,-2.17866e-05,-0.0249299,-83.6228,4720.2,-30.4247,1.70254,-0.00235485,0.0118709,-83.4857,4747.89,-30.6032,1.71252,-0.0023433,-0.0118026,-83.4934
6.649,327.538,-6.43099,26.226,0.00105793,-0.691365,-0.00968959,0.000116731,0.000360456,0.00644341,4410.47,3,0,0,0,-0.024916,0.0247438,-0.0117414,0.0117483,4610.56,-29.7081,1.66191,-0.000424959,0.0248448,-83.5894,4655.01,-29.9946,1.67793,-0.000363288,-0.0246567,-83.603,4720.33,-30.4154,1.70147,-0.00232006,0.0118578,-83.4704,4747.98,-30.5936,1.71144,-0.00231214,-0.0117926,-83.4782
6.659,327.8,-6.43707,26.2227,0.00102681,-0.0710027,0.0554635,6.22943e-05,0.000360366,0.00644118,4409.67,3,0,0,0,-0.0248309,0.0246569,-0.0117424,0.0117494,4610.84,-29.6997,1.66159,9.47228e-05,0.0251035,-83.5768,4655.69,-29.9886,1.67775,9.01277e-05,-0.0248495,-83.5899,4719.89,-30.4021,1.70089,-0.00237769,0.0118152,-83.4545,4747.52,-30.58,1.71084,-0.00236405,-0.0117488,-83.4623
6.669,328.062,-6.44314,26.2181,0.0010634,0.699874,0.0567089,9.85387e-05,0.000360127,0.00643939,4408.83,3,0,0,0,-0.0248345,0.0246102,-0.0117437,0.0117509,4609.5,-29.6828,1.66001,-0.000154046,0.0250352,-83.5597,4655.1,-29.9764,1.67643,-0.000146201,-0.0247428,-83.5731,4720.34,-30.3965,1.69992,-0.00235639,0.011826,-83.4391,4747.95,-30.5743,1.70986,-0.00234885,-0.0117582,-83.4469
6.679,328.325,-6.44921,26.2126,0.00118138,-0.739996,0.265211,0.000138749,0.000360015,0.0064381,4408.01,3,0,0,0,-0.0249051,0.0246989,-0.0117357,0.0117429,4609.62,-29.6776,1.65953,0.000243909,0.0251366,-83.5473,4654.01,-29.9634,1.67551,0.000242818,-0.0247774,-83.5604,4720.45,-30.3912,1.69943,-0.0023886,0.0118736,-83.4235,4748.04,-30.5688,1.70936,-0.00237329,-0.0118045,-83.4312
6.689,328.587,-6.45528,26.2075,0.000992518,-0.00394816,0.23221,1.34576e-05,0.000359706,0.00643619,4407.19,3,0,0,0,-0.0247412,0.0246448,-0.0117389,0.0117463,4610.7,-29.6757,1.6585,-0.000129013,0.0257515,-83.5288,4654.67,-29.9587,1.67431,-0.000107517,-0.0254106,-83.542,4720.33,-30.3814,1.69793,-0.00235674,0.0118149,-83.4077,4747.88,-30.5587,1.70784,-0.00234202,-0.0117492,-83.4154
6.699,328.849,-6.46134,26.2013,0.000949264,-0.841332,-0.0834109,-3.11226e-06,0.000359477,0.00643441,4406.4,3,0,0,0,-0.0249059,0.0247016,-0.0117401,0.011747,4608.58,-29.6539,1.65668,-0.000474,0.0247549,-83.511,4654.54,-29.9496,1.6732,-0.000430455,-0.0244861,-83.5241,4720.65,-30.375,1.69697,-0.00230892,0.0118651,-83.393,4748.25,-30.5526,1.70688,-0.00230179,-0.0117998,-83.4008
6.709,329.11,-6.46741,26.1979,0.000992881,-0.277141,0.035731,3.98198e-06,0.000359456,0.00643219,4405.55,3,0,0,0,-0.0249125,0.0246857,-0.0117427,0.0117497,4608.98,-29.6463,1.65673,9.8421e-05,0.0252015,-83.4993,4654.55,-29.9394,1.67311,4.39344e-05,-0.0248565,-83.512,4720.65,-30.3646,1.69687,-0.0023639,0.0118757,-83.3771,4748.18,-30.5416,1.70677,-0.00235166,-0.0118064,-83.3849
6.719,329.372,-6.47348,26.1924,0.00131467,-0.56207,0.343461,0.000250698,0.000359764,0.00643054,4404.75,3,0,0,0,-0.0246961,0.02451,-0.0117252,0.0117335,4608.87,-29.6379,1.65811,-0.000162117,0.0242544,-83.4802,4654.66,-29.9324,1.67458,-0.000142895,-0.0239535,-83.4935,4719.27,-30.3479,1.69782,-0.00227222,0.0116818,-83.3612,4746.92,-30.5257,1.70777,-0.00225992,-0.0116163,-83.3689
6.729,329.634,-6.47954,26.1881,0.00102139,-0.637836,-0.0132274,5.80594e-05,0.000359088,0.00642913,4403.94,3,0,0,0,-0.0249808,0.0248176,-0.0117404,0.0117475,4607.93,-29.6254,1.65465,0.000204793,0.024934,-83.4701,4652.8,-29.9139,1.67076,0.000166318,-0.0247338,-83.483,4720.53,-30.3493,1.69509,-0.00237404,0.0118802,-83.3459,4748.17,-30.5271,1.70501,-0.00236653,-0.0118144,-83.3537
6.739,329.896,-6.4856,26.1826,0.00094069,-1.67433,-0.16195,3.61431e-06,0.000359035,0.00642658,4403.08,3,0,0,0,-0.0247826,0.024587,-0.0117413,0.0117483,4612.12,-29.6405,1.65591,0.000196355,0.0251049,-83.4512,4657.17,-29.9301,1.67209,0.000121194,-0.0248776,-83.4641,4720.47,-30.3369,1.69481,-0.00220234,0.0119058,-83.3307,4748.01,-30.5139,1.7047,-0.00220824,-0.0118391,-83.3385
6.749,330.158,-6.49166,26.1777,0.000898501,-0.103583,0.0268585,-2.00808e-05,0.000358818,0.0064254,4402.3,3,0,0,0,-0.02489,0.0246155,-0.0117411,0.0117482,4610.5,-29.6248,1.65433,-0.000311411,0.0254196,-83.4344,4655.71,-29.9152,1.67055,-0.000371241,-0.0249939,-83.4472,4720.66,-30.3325,1.69386,-0.00229607,0.0118814,-83.3151,4748.17,-30.5093,1.70373,-0.00228325,-0.0118169,-83.3229
6.759,330.419,-6.49772,26.1733,0.000998053,-0.376482,0.112274,4.51064e-05,0.000358579,0.00642349,4401.46,3,0,0,0,-0.0249146,0.024746,-0.0117425,0.0117496,4610.29,-29.6146,1.65316,1.74528e-05,0.0250785,-83.4206,4654.09,-29.8959,1.66886,2.58499e-05,-0.0247844,-83.4339,4720.62,-30.3232,1.69272,-0.00236034,0.011873,-83.2997,4748.09,-30.4997,1.70257,-0.00234662,-0.0118074,-83.3074
6.769,330.681,-6.50378,26.1691,0.000950668,0.591192,-0.118288,2.20595e-05,0.0003582,0.00642155,4400.64,3,0,0,0,-0.0248226,0.024666,-0.0117414,0.0117486,4611.3,-29.6121,1.65177,-0.000101702,0.025455,-83.4047,4655.65,-29.8969,1.66765,-7.05927e-05,-0.0253409,-83.4177,4720.79,-30.3152,1.69099,-0.00231779,0.0118979,-83.2842,4748.23,-30.4914,1.70081,-0.00231409,-0.0118304,-83.2919
6.779,330.943,-6.50984,26.163,0.000935924,-0.331131,-0.0504225,-5.67896e-06,0.000358057,0.00642003,4399.82,3,0,0,0,-0.0249151,0.0246977,-0.0117436,0.0117505,4609.3,-29.5923,1.65039,-0.000237453,0.0248889,-83.3877,4654.52,-29.8826,1.66658,-0.000244041,-0.0246028,-83.4003,4720.59,-30.3068,1.69024,-0.0023372,0.0118502,-83.269,4747.98,-30.4826,1.70005,-0.00232795,-0.0117845,-83.2767
6.789,331.204,-6.5159,26.1587,0.000913042,-0.135048,-0.0564302,-1.29248e-05,0.000357972,0.00641816,4399.03,3,0,0,0,-0.0249119,0.0246921,-0.0117435,0.0117503,4609.67,-29.586,1.65013,-9.23632e-06,0.0251892,-83.3742,4654.67,-29.8748,1.66624,-3.91893e-05,-0.0248837,-83.3871,4720.6,-30.298,1.68984,-0.0023328,0.0118207,-83.2532,4748,-30.4738,1.69965,-0.00232522,-0.011757,-83.2609
6.799,331.466,-6.52196,26.1538,0.00085915,-0.918054,-0.19497,-7.11366e-05,0.000357926,0.00641602,4398.22,3,0,0,0,-0.0248177,0.0246703,-0.0117425,0.0117496,4612.47,-29.5941,1.65092,0.000227437,0.0247136,-83.3569,4656.86,-29.8789,1.66681,0.000224257,-0.024577,-83.37,4720.99,-30.2904,1.68976,-0.00238606,0.011874,-83.2379,4748.36,-30.466,1.69956,-0.00237078,-0.0118041,-83.2456
6.809,331.727,-6.52801,26.1486,0.000582789,-0.918024,-0.662694,-0.00022067,0.000357515,0.00641466,4397.37,3,0,0,0,-0.0249255,0.0247319,-0.0117427,0.0117503,4609.4,-29.5682,1.64793,0.000177184,0.0250034,-83.3431,4655.16,-29.8617,1.66429,0.000181068,-0.0249162,-83.3561,4720.57,-30.2812,1.68767,-0.00237388,0.0118354,-83.2228,4748.12,-30.458,1.69752,-0.00238088,-0.0117744,-83.2305
6.819,331.989,-6.53406,26.1435,0.00110056,-0.417076,0.36319,0.000114076,0.000357441,0.00641274,4396.53,3,0,0,0,-0.0247958,0.0245452,-0.0117395,0.011746,4610.12,-29.5639,1.64784,-0.000164742,0.0246679,-83.3261,4654.96,-29.8515,1.66387,-0.000233223,-0.0241933,-83.3388,4720.95,-30.2747,1.68746,-0.00231183,0.0118708,-83.2073,4748.37,-30.4505,1.69726,-0.00229346,-0.0118047,-83.2151
6.829,332.25,-6.54012,26.1388,0.000968432,-0.642947,-0.0902727,1.27782e-05,0.000357536,0.00641127,4395.76,3,0,0,0,-0.0249714,0.0247844,-0.0117436,0.0117501,4608.91,-29.5494,1.64785,-1.05521e-05,0.0249103,-83.3122,4653.23,-29.8335,1.6637,-2.32204e-05,-0.0246998,-83.3253,4720.91,-30.2674,1.6879,-0.00231572,0.0118599,-83.1916,4748.31,-30.4431,1.6977,-0.0023126,-0.0117938,-83.1992
6.839,332.511,-6.54617,26.1341,0.000876973,-0.204306,-0.185278,-3.43265e-05,0.000357354,0.00640907,4394.95,3,0,0,0,-0.0248013,0.0246645,-0.0117419,0.011749,4611.32,-29.5547,1.64788,-0.000127503,0.025115,-83.295,4655.64,-29.8388,1.66371,-1.95595e-05,-0.0249837,-83.308,4720.93,-30.2572,1.68704,-0.00232083,0.011868,-83.1761,4748.39,-30.4332,1.69686,-0.00231805,-0.0118037,-83.1837
6.849,332.772,-6.55222,26.1286,0.00115551,-0.879904,0.338517,0.00017034,0.000357133,0.00640743,4394.13,3,0,0,0,-0.0248946,0.0247014,-0.0117425,0.0117494,4610.01,-29.5387,1.64639,-0.000238926,0.0247876,-83.2787,4654.85,-29.8261,1.6624,-0.000237355,-0.0244117,-83.2916,4720.96,-30.2497,1.68601,-0.00231653,0.0118655,-83.161,4748.4,-30.4255,1.69581,-0.00229611,-0.011809,-83.1687
6.859,333.034,-6.55827,26.1241,0.000907165,-0.59801,-0.00923859,-1.8996e-05,0.000356902,0.00640568,4393.3,3,0,0,0,-0.0249048,0.0246536,-0.0117411,0.011748,4609.12,-29.5249,1.645,1.30548e-05,0.0251599,-83.2655,4654.54,-29.8159,1.66121,-2.96334e-05,-0.0247972,-83.2781,4720.94,-30.2413,1.68491,-0.00232632,0.0118685,-83.1453,4748.34,-30.4168,1.69469,-0.0023142,-0.0118025,-83.153
6.869,333.295,-6.56431,26.119,0.00103549,-1.34949,-0.296403,5.85113e-05,0.000357013,0.00640348,4392.54,3,0,0,0,-0.0248362,0.0246771,-0.0117432,0.0117502,4611.77,-29.5318,1.64646,-2.25838e-05,0.0244045,-83.2478,4655.58,-29.8124,1.66211,-6.00426e-05,-0.0243837,-83.2611,4721.02,-30.2314,1.68547,-0.00229429,0.0118681,-83.1299,4748.39,-30.4066,1.69524,-0.00230781,-0.0117982,-83.1376
6.879,333.556,-6.57036,26.1146,0.000999236,-0.691875,0.110365,5.99562e-05,0.000356703,0.00640187,4391.67,3,0,0,0,-0.0249267,0.0247628,-0.011743,0.0117499,4610.57,-29.5166,1.6446,0.000229925,0.0253548,-83.2345,4654.4,-29.7973,1.66024,0.000153556,-0.0250702,-83.2474,4720.96,-30.2234,1.68398,-0.00236486,0.0118708,-83.1145,4748.39,-30.3989,1.69377,-0.00235158,-0.0118053,-83.1221
6.889,333.817,-6.57641,26.1093,0.000802658,-0.861782,0.211589,-8.53685e-05,0.000356239,0.00639994,4390.56,3,0,0,0,-0.0247063,0.0244986,-0.0117364,0.0117436,4611.06,-29.5109,1.64264,-3.18664e-05,0.0244861,-83.2167,4654.87,-29.7913,1.65825,-9.77343e-06,-0.0239426,-83.2296,4720.98,-30.2144,1.6818,-0.00237675,0.0118526,-83.0991,4748.33,-30.3894,1.69154,-0.00235518,-0.0117889,-83.1068
6.899,334.078,-6.58245,26.1045,0.00101726,-0.750448,0.068847,6.90708e-05,0.000356174,0.00639846,4389.9,3,0,0,0,-0.0248101,0.024514,-0.0117345,0.0117409,4610.62,-29.5013,1.64218,-0.000124711,0.0256161,-83.2008,4655.58,-29.7889,1.65819,-0.000127226,-0.0252509,-83.2133,4721.35,-30.2097,1.68162,-0.0023064,0.011994,-83.0843,4748.63,-30.3844,1.69134,-0.00229788,-0.0119292,-83.0919
6.909,334.339,-6.58849,26.0992,0.000884438,-0.767724,-0.0112008,-2.62877e-05,0.000356018,0.00639681,4389.23,3,0,0,0,-0.0249538,0.0247917,-0.0117405,0.0117479,4607.43,-29.4732,1.64033,-0.000200379,0.025225,-83.1865,4651.17,-29.7531,1.6559,-0.000186379,-0.0249259,-83.1996,4721.25,-30.2013,1.68085,-0.00228972,0.0118642,-83.0685,4748.48,-30.3755,1.69054,-0.00228568,-0.0118001,-83.076
6.919,334.6,-6.59454,26.095,0.00104171,-0.205491,0.111036,7.07783e-05,0.00035575,0.0063948,4388.42,3,0,0,0,-0.0246925,0.0245989,-0.0117392,0.0117459,4607.53,-29.4647,1.63913,-0.000148855,0.0243603,-83.1718,4651.38,-29.745,1.65473,-0.00011159,-0.0241742,-83.1845,4720.86,-30.1894,1.67945,-0.00229347,0.0118084,-83.0526,4748.09,-30.3635,1.68913,-0.00228204,-0.0117418,-83.0602
6.929,334.861,-6.60058,26.09,0.000947023,-0.569639,-0.0714758,3.38121e-05,0.000355708,0.00639317,4387.52,3,0,0,0,-0.0250115,0.0247948,-0.0117431,0.0117498,4607.01,-29.4538,1.63875,-7.61955e-05,0.0250084,-83.1571,4652.8,-29.7466,1.65504,-6.70287e-05,-0.0247583,-83.1702,4721.23,-30.1841,1.67938,-0.0023222,0.0118714,-83.0375,4748.49,-30.3584,1.68908,-0.00231523,-0.0118075,-83.045
6.939,335.121,-6.60662,26.0857,0.000897623,-0.441238,-0.0627263,-1.01933e-05,0.000355634,0.00639072,4386.8,3,0,0,0,-0.0248007,0.0245511,-0.0117422,0.0117491,4612.6,-29.4782,1.64039,0.000119092,0.0250517,-83.1394,4657.69,-29.7664,1.65643,0.000130712,-0.0247212,-83.1524,4720.97,-30.1708,1.67894,-0.00234527,0.0118669,-83.0218,4748.27,-30.3453,1.68865,-0.00233481,-0.0118054,-83.0294
6.949,335.382,-6.61266,26.0804,0.000716486,-0.457291,-0.450624,-0.000149101,0.000355677,0.00638946,4385.97,3,0,0,0,-0.0248518,0.0247123,-0.0117425,0.0117495,4609.36,-29.4517,1.63944,-0.000141644,0.0245034,-83.1239,4654.16,-29.738,1.65538,-0.000119236,-0.0244246,-83.137,4720.97,-30.1649,1.67914,-0.00229025,0.0118354,-83.0065,4748.33,-30.3397,1.68887,-0.00228955,-0.0117682,-83.0141
6.959,335.643,-6.61869,26.0761,0.00100052,-0.113984,0.0236638,6.27993e-05,0.000355278,0.00638787,4385.17,3,0,0,0,-0.0249073,0.0247323,-0.0117435,0.0117503,4609.23,-29.4436,1.63756,0.000113161,0.0250975,-83.1116,4653.94,-29.7292,1.65344,0.000111254,-0.0248781,-83.1243,4721.27,-30.1592,1.67736,-0.0023259,0.0118688,-82.9912,4748.6,-30.3339,1.68707,-0.00231785,-0.0118029,-82.9988
6.969,335.904,-6.62473,26.071,0.000905812,-0.111167,-0.144594,8.01528e-07,0.000355431,0.00638596,4384.38,3,0,0,0,-0.0248644,0.024657,-0.0117438,0.0117504,4610.91,-29.4455,1.63886,-2.7793e-05,0.0249519,-83.0933,4655.4,-29.7296,1.65467,-4.1791e-05,-0.024737,-83.1063,4720.76,-30.147,1.6779,-0.00232183,0.0117545,-82.9751,4748.06,-30.3213,1.68761,-0.00231559,-0.0116891,-82.9827
6.979,336.164,-6.63076,26.0662,0.000879208,-0.050245,-0.0289978,-2.7936e-05,0.00035522,0.00638418,4383.56,3,0,0,0,-0.0249299,0.0247409,-0.0117523,0.0117574,4610.23,-29.433,1.63765,-4.23011e-05,0.0251175,-83.0782,4654.12,-29.7131,1.65324,-6.62928e-05,-0.0248034,-83.091,4721.35,-30.1423,1.67712,-0.00231103,0.011871,-82.9607,4748.63,-30.3165,1.68681,-0.00230055,-0.0118042,-82.9683
6.989,336.425,-6.6368,26.0608,0.000903696,-0.645926,-0.20579,-2.88127e-05,0.000355329,0.00638253,4382.71,3,0,0,0,-0.0248326,0.0247131,-0.0117394,0.0117466,4610.38,-29.4263,1.6382,-7.76937e-06,0.0248594,-83.063,4653.94,-29.7043,1.65368,-1.35828e-05,-0.0247564,-83.0759,4721.33,-30.1344,1.67763,-0.00230199,0.01185,-82.9453,4748.62,-30.3086,1.68732,-0.00229977,-0.011781,-82.9529
6.999,336.685,-6.64283,26.0563,0.00105347,-0.0607687,-0.0430194,9.47089e-05,0.00035501,0.00638091,4381.89,3,0,0,0,-0.0248049,0.0246548,-0.0117429,0.0117494,4610.13,-29.4172,1.63664,-0.000175143,0.025061,-83.0469,4654.49,-29.7003,1.65239,-0.000195964,-0.024956,-83.0596,4721.46,-30.1276,1.67617,-0.00229479,0.0118995,-82.93,4748.78,-30.3019,1.68587,-0.0022918,-0.0118318,-82.9376
7.009,336.946,-6.64886,26.0511,0.000852598,-1.00373,-0.276887,-5.09525e-05,0.00035471,0.00637895,4381.1,3,0,0,0,-0.0248699,0.0246182,-0.0117393,0.0117461,4609.79,-29.406,1.63514,0.000105762,0.0251745,-83.0319,4655.01,-29.6945,1.65118,8.07176e-05,-0.0249752,-83.0444,4721.45,-30.1184,1.67475,-0.00229048,0.0119027,-82.9148,4748.68,-30.292,1.68441,-0.00228874,-0.011838,-82.9225
7.019,337.206,-6.65489,26.0469,0.000828434,0.411927,0.0914404,-5.42882e-05,0.000354955,0.00637729,4380.3,3,0,0,0,-0.0249342,0.0247427,-0.0117453,0.0117518,4608.29,-29.3888,1.63574,-0.000180863,0.0254074,-83.016,4652.24,-29.6691,1.65134,-0.000185088,-0.0249797,-83.0292,4721.55,-30.1111,1.67594,-0.0023009,0.0118601,-82.8996,4748.76,-30.2846,1.6856,-0.00228567,-0.011796,-82.9072
7.029,337.467,-6.66092,26.0415,0.00110213,-0.471249,0.259997,0.000135669,0.000354382,0.00637533,4379.49,3,0,0,0,-0.0249369,0.0247617,-0.0117441,0.0117507,4609.64,-29.3884,1.63358,-1.51946e-05,0.0253913,-82.9999,4653.82,-29.6701,1.64923,-2.62731e-05,-0.0250637,-83.0129,4721.57,-30.1019,1.67324,-0.00232709,0.0118832,-82.8841,4748.78,-30.2755,1.68288,-0.002312,-0.0118195,-82.8917
7.039,337.727,-6.66695,26.0371,0.00117513,-0.0751113,0.426725,0.000163622,0.000354408,0.00637309,4378.59,3,0,0,0,-0.0248325,0.0246459,-0.0117442,0.0117524,4610.36,-29.3827,1.63395,-0.000124368,0.0248162,-82.984,4654.58,-29.6645,1.64962,-0.000158884,-0.0244235,-82.9967,4721.47,-30.0908,1.67332,-0.00228323,0.0118621,-82.8687,4748.53,-30.2632,1.68292,-0.00226414,-0.0117956,-82.8763
7.049,337.987,-6.67297,26.0319,0.000995576,-0.273978,-0.0348375,6.18495e-05,0.000354279,0.00637147,4377.86,3,0,0,0,-0.0249065,0.0246734,-0.0117455,0.011752,4609.99,-29.3728,1.63322,-7.93439e-05,0.0253677,-82.969,4654.86,-29.6587,1.64912,-5.45681e-05,-0.0251136,-82.9818,4721.44,-30.0829,1.67271,-0.00231169,0.0118527,-82.8537,4748.59,-30.2559,1.68233,-0.00230575,-0.0117883,-82.8613
7.059,338.247,-6.679,26.0276,0.000816537,-0.398626,-0.0943269,-0.000108319,0.000354128,0.00636952,4377.07,3,0,0,0,-0.0248376,0.0246605,-0.0117441,0.0117508,4611.37,-29.3726,1.63302,0.000179994,0.0251475,-82.9542,4655.19,-29.6517,1.64853,0.000127883,-0.0248756,-82.9669,4721.53,-30.0743,1.67203,-0.00235789,0.0118679,-82.8379,4748.66,-30.2471,1.68163,-0.00234185,-0.011799,-82.8455
7.069,338.508,-6.68502,26.0222,0.000926841,-1.13237,-0.0424135,1.11032e-05,0.00035381,0.0063679,4376.25,3,0,0,0,-0.0248844,0.0247242,-0.0117413,0.0117478,4609.59,-29.3538,1.63092,0.000202755,0.0246275,-82.9392,4653.45,-29.6331,1.64643,0.000161849,-0.0244003,-82.9521,4721.64,-30.0674,1.67056,-0.00232165,0.0119062,-82.8228,4748.85,-30.2406,1.68019,-0.00231407,-0.0118391,-82.8303
7.079,338.768,-6.69105,26.0178,0.001155,0.16275,0.125589,0.000170651,0.000353433,0.0063658,4375.45,3,0,0,0,-0.0248865,0.0246812,-0.011747,0.0117536,4610,-29.3468,1.62933,-9.00989e-05,0.0251089,-82.923,4654.81,-29.632,1.64516,-9.98819e-05,-0.0248983,-82.9355,4721.67,-30.0576,1.66879,-0.00229554,0.0118689,-82.8075,4748.77,-30.2301,1.67837,-0.00228985,-0.0118036,-82.8151
7.089,339.028,-6.69707,26.0127,0.000902811,-0.559153,-0.0389114,-4.67577e-06,0.000353413,0.00636427,4374.65,3,0,0,0,-0.0249476,0.0247376,-0.0117458,0.0117524,4609.31,-29.3353,1.62899,5.46635e-05,0.0251514,-82.9091,4653.43,-29.6161,1.64458,5.79386e-05,-0.0248526,-82.9222,4721.76,-30.051,1.66873,-0.00230882,0.0118711,-82.7922,4748.79,-30.223,1.67828,-0.00230041,-0.0118064,-82.7997
7.099,339.288,-6.70309,26.0081,0.000930149,-0.255046,0.343679,5.06306e-06,0.000353142,0.00636235,4373.83,3,0,0,0,-0.0248789,0.0247021,-0.0117441,0.0117508,4611.5,-29.3404,1.62851,6.7065e-05,0.0255818,-82.8918,4654.84,-29.6161,1.64382,6.1931e-05,-0.0250995,-82.9046,4721.8,-30.0422,1.66746,-0.0023639,0.0118765,-82.777,4748.83,-30.2142,1.67701,-0.00233695,-0.0118123,-82.7845
7.109,339.548,-6.70911,26.002,0.00100494,-0.703714,0.0519854,7.27115e-05,0.000353103,0.00636079,4373.03,3,0,0,0,-0.0248698,0.0247297,-0.0117435,0.01175,4609.75,-29.322,1.62772,-0.000377788,0.0248023,-82.8743,4653.51,-29.6004,1.64317,-0.000315798,-0.0245676,-82.8877,4721.84,-30.035,1.66729,-0.00225694,0.01187,-82.7622,4748.9,-30.2071,1.67685,-0.00225118,-0.011806,-82.7696
7.119,339.808,-6.71513,25.998,0.000897464,-0.66635,-0.0636924,-1.7336e-05,0.000352595,0.00635869,4372.18,3,0,0,0,-0.0249023,0.0246773,-0.0117451,0.0117516,4609.46,-29.3105,1.62528,4.68373e-05,0.0251107,-82.8623,4654.71,-29.5983,1.64123,1.97325e-05,-0.0248154,-82.8746,4721.97,-30.026,1.66495,-0.00229854,0.0119195,-82.7463,4748.99,-30.1977,1.67447,-0.0022899,-0.0118552,-82.7539
7.129,340.068,-6.72115,25.993,0.000927137,-0.914283,-0.115228,1.48069e-05,0.000352853,0.00635707,4371.45,3,0,0,0,-0.0248717,0.0246536,-0.0117371,0.0117442,4609.56,-29.3037,1.6265,-2.12533e-06,0.0248082,-82.8458,4653.53,-29.5832,1.64201,-7.24035e-06,-0.0245801,-82.8588,4721.43,-30.0149,1.66597,-0.00229223,0.011862,-82.731,4748.38,-30.1862,1.67548,-0.00228898,-0.0117974,-82.7384
7.139,340.327,-6.72716,25.9873,0.000832031,-1.13548,-0.372075,-7.763e-06,0.000352342,0.00635537,4370.62,3,0,0,0,-0.0249431,0.0247894,-0.0117441,0.0117509,4608.46,-29.2889,1.62375,-0.000331748,0.0246444,-82.8283,4651.84,-29.5646,1.63904,-0.000290712,-0.02459,-82.8416,4721.85,-30.0095,1.6637,-0.0022453,0.011864,-82.7163,4748.9,-30.1814,1.67324,-0.00225214,-0.0117989,-82.7237
7.149,340.587,-6.73318,25.9835,0.00110405,-0.144036,0.226433,0.000109214,0.000352257,0.00635335,4369.8,3,0,0,0,-0.0247975,0.0246572,-0.0117443,0.0117506,4609.55,-29.2865,1.62374,-0.000162002,0.025108,-82.815,4652.8,-29.5613,1.63898,-0.000161501,-0.0248548,-82.8276,4721.85,-30,1.66331,-0.00227113,0.0118428,-82.7005,4748.82,-30.1713,1.6728,-0.00225549,-0.0117753,-82.708
7.159,340.847,-6.73919,25.978,0.0009424,-0.537358,0.105766,2.44826e-05,0.00035206,0.00635186,4369.01,3,0,0,0,-0.0248871,0.0246449,-0.0117438,0.0117501,4609,-29.2761,1.62264,-0.000407823,0.0249527,-82.7975,4653.71,-29.5601,1.63838,-0.00043688,-0.0245703,-82.8099,4721.81,-29.9927,1.66236,-0.00225446,0.0118504,-82.6856,4748.85,-30.1644,1.67188,-0.00223943,-0.0117846,-82.6932
7.169,341.107,-6.7452,25.9743,0.00111192,-0.943451,0.0803339,0.000110207,0.000352157,0.00634999,4368.2,3,0,0,0,-0.0249466,0.0247765,-0.0117416,0.0117477,4608.57,-29.2648,1.62294,0.000367516,0.0251185,-82.7868,4652.25,-29.5422,1.63832,0.00035745,-0.0249197,-82.7995,4721.84,-29.984,1.66283,-0.00233949,0.0118604,-82.6699,4748.83,-30.1554,1.67233,-0.00233086,-0.0117925,-82.6773
7.179,341.366,-6.75122,25.9694,0.000835232,0.400967,-0.100703,-2.95569e-05,0.000352287,0.00634767,4367.36,3,0,0,0,-0.0248181,0.0246633,-0.0117494,0.0117541,4610.42,-29.2658,1.62419,-0.000294966,0.0254629,-82.7661,4654.19,-29.5437,1.63961,-0.000264099,-0.0252851,-82.7792,4721.71,-29.9722,1.6634,-0.00226433,0.0118321,-82.6549,4748.76,-30.144,1.67293,-0.00226214,-0.0117674,-82.6624
7.189,341.626,-6.75722,25.9641,0.00104091,-0.287877,0.0820526,0.00010538,0.000351722,0.00634667,4366.57,3,0,0,0,-0.0249016,0.0247178,-0.0117448,0.0117511,4608.27,-29.2476,1.62083,-0.000157572,0.0250535,-82.7542,4652.94,-29.5311,1.63654,-0.00011529,-0.0248117,-82.767,4721.91,-29.9688,1.6608,-0.00227684,0.0118646,-82.6395,4748.93,-30.1403,1.6703,-0.00226898,-0.0118009,-82.647
7.199,341.886,-6.76323,25.9589,0.000949572,-0.991957,0.118605,1.69466e-05,0.000351777,0.00634483,4365.67,3,0,0,0,-0.0248743,0.0246356,-0.0117443,0.0117507,4609.14,-29.2446,1.62139,-0.00015217,0.0246921,-82.7368,4653.43,-29.5256,1.63697,-0.000271284,-0.024299,-82.7491,4721.91,-29.9601,1.66106,-0.00219675,0.0118368,-82.6244,4748.89,-30.1313,1.67055,-0.00218389,-0.0117714,-82.6319
7.209,342.145,-6.76924,25.9542,0.000686657,-0.329754,-0.493693,-0.000135139,0.000351664,0.00634364,4364.97,3,0,0,0,-0.0249236,0.0247234,-0.0117422,0.0117493,4607.51,-29.2288,1.6203,-0.000281191,0.0247177,-82.7222,4651.58,-29.5084,1.63579,-0.000296279,-0.0246234,-82.735,4721.8,-29.9538,1.66049,-0.00224903,0.0118345,-82.6092,4748.85,-30.1254,1.67,-0.00225627,-0.011769,-82.6166
7.219,342.404,-6.77525,25.9498,0.000924874,-0.395787,-0.107381,7.74851e-06,0.000351472,0.00634174,4364.06,3,0,0,0,-0.0248527,0.0247181,-0.0117446,0.0117512,4609.65,-29.2336,1.62016,-8.1637e-05,0.0249963,-82.7078,4652.88,-29.5077,1.63536,-5.0853e-05,-0.0248569,-82.7204,4721.97,-29.9459,1.65964,-0.00227617,0.0118752,-82.5938,4749.04,-30.1176,1.66916,-0.00227271,-0.0118101,-82.6013
7.229,342.664,-6.78126,25.9456,0.000810422,0.114648,0.131219,-3.29951e-05,0.000351021,0.00633985,4363.36,3,0,0,0,-0.0248267,0.024633,-0.0117441,0.0117522,4609.42,-29.2235,1.61801,-5.99167e-05,0.0246763,-82.6926,4653.24,-29.5013,1.63339,-7.76456e-05,-0.0242407,-82.7052,4722.1,-29.9379,1.65756,-0.00228057,0.0118668,-82.5785,4749.06,-30.1088,1.66702,-0.00226253,-0.0118019,-82.586
7.239,342.923,-6.78726,25.9399,0.000876004,-0.376022,-0.0777952,-2.60915e-05,0.000351194,0.00633868,4362.54,3,0,0,0,-0.024938,0.0246962,-0.0117447,0.0117512,4608.61,-29.2129,1.61852,-0.000141521,0.0254457,-82.6767,4653.25,-29.4958,1.63419,-0.00015927,-0.0251386,-82.6892,4722.23,-29.9331,1.65842,-0.00227344,0.0118846,-82.5635,4749.13,-30.1036,1.66786,-0.00226391,-0.01182,-82.571
7.249,343.183,-6.79326,25.9355,0.000929283,-0.545244,0.201504,1.95253e-05,0.000351175,0.00633679,4361.73,3,0,0,0,-0.0248965,0.0247169,-0.0117454,0.0117522,4609.57,-29.2102,1.61877,3.26273e-05,0.0250345,-82.6611,4652.9,-29.4848,1.63398,3.08037e-05,-0.024649,-82.674,4722.2,-29.924,1.65832,-0.00231689,0.011872,-82.5482,4749.13,-30.0946,1.66778,-0.00229393,-0.0118049,-82.5556
7.259,343.442,-6.79927,25.9306,0.000976134,-0.707809,0.0307377,6.87757e-05,0.000351127,0.00633512,4360.98,3,0,0,0,-0.0248428,0.0246936,-0.0117452,0.0117516,4610.39,-29.2078,1.61883,7.30266e-05,0.0250719,-82.6462,4654.21,-29.4854,1.63422,3.92001e-05,-0.0248516,-82.6589,4722.11,-29.9156,1.65806,-0.00229462,0.0118682,-82.533,4749.1,-30.0865,1.66754,-0.00228724,-0.0118046,-82.5405
7.269,343.701,-6.80527,25.926,0.000693723,-0.719687,-0.717089,-0.000130953,0.00035093,0.00633349,4360.1,3,0,0,0,-0.0248723,0.0246743,-0.011745,0.0117515,4610.41,-29.2004,1.61793,0.000203295,0.0251675,-82.6304,4655.74,-29.4875,1.63384,0.000296366,-0.0251685,-82.6431,4722.2,-29.9084,1.65716,-0.00230821,0.0118744,-82.5179,4749.19,-30.0794,1.66663,-0.00232698,-0.0118104,-82.5254
7.279,343.96,-6.81127,25.9211,0.000872171,-0.516606,-0.0783358,-3.28994e-05,0.000351006,0.00633214,4359.26,3,0,0,0,-0.024931,0.0247149,-0.0117464,0.0117528,4608.47,-29.1819,1.6176,3.5552e-05,0.0250029,-82.6167,4652.7,-29.4619,1.63313,3.56037e-05,-0.024704,-82.6295,4722.22,-29.9021,1.65753,-0.00229318,0.0118708,-82.5025,4749.17,-30.0728,1.66699,-0.00228622,-0.0118059,-82.51
7.289,344.219,-6.81727,25.9167,0.000974223,-0.159662,0.11046,2.49587e-05,0.000351029,0.00633029,4358.54,3,0,0,0,-0.0248912,0.0247302,-0.0117471,0.0117532,4610.36,-29.1853,1.61837,8.99741e-05,0.0251586,-82.6007,4653.35,-29.4575,1.63346,7.43331e-05,-0.0248749,-82.6134,4722.16,-29.893,1.65761,-0.00230632,0.0118785,-82.4874,4749.14,-30.0638,1.66708,-0.00229352,-0.0118126,-82.4949
7.299,344.478,-6.82326,25.911,0.00100334,-0.580679,0.0162446,5.69403e-05,0.000350728,0.00632904,4357.73,3,0,0,0,-0.0248478,0.0247152,-0.0117435,0.0117498,4609.63,-29.1749,1.61673,-0.000164554,0.0250045,-82.5846,4653.29,-29.4513,1.63204,-0.000158248,-0.024824,-82.5972,4722.22,-29.8875,1.65621,-0.00226014,0.0118697,-82.4725,4749.2,-30.0583,1.66567,-0.0022532,-0.0118038,-82.48
7.309,344.737,-6.82926,25.9065,0.00052725,-0.954781,-0.750579,-0.000254168,0.000350571,0.00632716,4356.94,3,0,0,0,-0.0249309,0.024726,-0.0117489,0.0117552,4609.41,-29.1649,1.61592,6.96592e-05,0.0250761,-82.5693,4654.82,-29.4522,1.63184,9.84209e-05,-0.0250291,-82.5817,4722.34,-29.8794,1.65551,-0.00227356,0.0118582,-82.4572,4749.31,-30.0501,1.66497,-0.00228002,-0.0117946,-82.4646
7.319,344.996,-6.83526,25.9017,0.00090226,-0.434295,-0.0145114,8.66239e-06,0.000350633,0.00632581,4356.13,3,0,0,0,-0.0249166,0.0246816,-0.0117435,0.0117502,4608.79,-29.1547,1.61599,-3.44207e-05,0.0252517,-82.5548,4652.96,-29.4341,1.63148,-5.48329e-05,-0.0249313,-82.5675,4722.21,-29.8722,1.65576,-0.00226816,0.0118523,-82.4419,4749.13,-30.0425,1.6652,-0.00226083,-0.0117879,-82.4493
7.329,345.255,-6.84125,25.8961,0.000866629,-1.03519,-0.0470112,-1.21546e-05,0.000350423,0.00632402,4355.32,3,0,0,0,-0.0248785,0.0247462,-0.0117427,0.0117497,4610.26,-29.1557,1.61554,-0.000271423,0.0251594,-82.5362,4653.53,-29.4294,1.6307,-0.000241878,-0.0249034,-82.5492,4722.24,-29.864,1.65478,-0.00224185,0.0118574,-82.4271,4749.18,-30.0343,1.66422,-0.00223926,-0.0117923,-82.4345
7.339,345.514,-6.84724,25.8926,0.000831839,-0.168187,-0.124909,-3.11681e-05,0.000350268,0.00632235,4354.53,3,0,0,0,-0.0248814,0.0247161,-0.0117459,0.0117528,4609.41,-29.1427,1.61453,5.3881e-06,0.0250472,-82.5241,4653.31,-29.4203,1.62991,-7.50838e-06,-0.0248376,-82.5368,4722.42,-29.8572,1.65411,-0.00229002,0.0118716,-82.4116,4749.32,-30.0273,1.66354,-0.00228293,-0.0118065,-82.419
7.349,345.773,-6.85323,25.8872,0.000906353,-0.427163,-0.0532831,8.96535e-06,0.00034996,0.00632071,4353.66,3,0,0,0,-0.0248372,0.0245902,-0.0117456,0.0117518,4609.68,-29.1368,1.6132,-0.000132283,0.0250275,-82.5074,4654.61,-29.4208,1.62893,-0.00015142,-0.0247248,-82.5198,4722.51,-29.85,1.65269,-0.00225958,0.0118946,-82.3966,4749.35,-30.0197,1.66208,-0.00225231,-0.0118307,-82.4041
7.359,346.032,-6.85922,25.8825,0.000908501,-0.759676,0.0604319,-1.07415e-05,0.000350039,0.00631923,4352.92,3,0,0,0,-0.0248975,0.0246958,-0.0117428,0.0117488,4608.82,-29.1246,1.61327,0.0001041,0.0254579,-82.4931,4652.66,-29.4016,1.62861,9.7021e-05,-0.0251155,-82.5058,4721.88,-29.8391,1.65284,-0.0023054,0.0117824,-82.3812,4748.71,-30.0086,1.66223,-0.0022925,-0.0117173,-82.3887
7.369,346.291,-6.86521,25.8776,0.00108207,-0.450043,0.220075,0.000149355,0.000349456,0.00631791,4352.15,3,0,0,0,-0.0249497,0.0247922,-0.0117454,0.0117517,4607.69,-29.1113,1.61019,-0.000176846,0.0250284,-82.4775,4650.45,-29.3815,1.62513,-0.000136472,-0.0247632,-82.4903,4722.43,-29.8363,1.65028,-0.00225826,0.0118877,-82.3663,4749.23,-30.0056,1.65965,-0.00224624,-0.0118261,-82.3737
7.379,346.549,-6.8712,25.8728,0.00095109,-0.747111,-0.181075,2.81753e-05,0.000349326,0.00631559,4351.32,3,0,0,0,-0.0248328,0.0246657,-0.0117465,0.0117525,4610.13,-29.1161,1.61044,2.08803e-05,0.0249933,-82.4611,4653.96,-29.3929,1.62575,3.1546e-06,-0.0248603,-82.4736,4722.67,-29.8269,1.64975,-0.00228003,0.0118689,-82.3511,4749.34,-29.9953,1.65907,-0.00228342,-0.0118047,-82.3586
7.389,346.808,-6.87719,25.8678,0.00092837,0.21336,-0.30599,2.48528e-05,0.000349238,0.00631488,4350.6,3,0,0,0,-0.0250155,0.02479,-0.011746,0.0117522,4606.05,-29.087,1.60861,-0.000461627,0.0246932,-82.4456,4649.88,-29.3638,1.62392,-0.00053083,-0.0246199,-82.4576,4722.58,-29.8229,1.64931,-0.00222343,0.011829,-82.3361,4749.22,-29.9912,1.65861,-0.00222641,-0.0117628,-82.3435
7.399,347.066,-6.88318,25.8635,0.000765525,-0.610594,-0.337005,-6.89303e-05,0.000349023,0.00631239,4349.73,3,0,0,0,-0.0248581,0.0246671,-0.0117442,0.011751,4610.25,-29.1021,1.60908,8.6384e-05,0.0249937,-82.4321,4653.65,-29.3761,1.62423,7.08738e-05,-0.0248501,-82.4446,4722.69,-29.8119,1.64833,-0.00224891,0.0118664,-82.3208,4749.39,-29.9804,1.65765,-0.00224975,-0.0118021,-82.3281
7.409,347.325,-6.88916,25.8576,0.000869065,-0.719845,0.0365253,-1.26509e-05,0.000348898,0.00631081,4348.92,3,0,0,0,-0.0247685,0.0246755,-0.011745,0.0117515,4612.71,-29.1103,1.60936,-0.000441076,0.0257142,-82.4123,4655.57,-29.3808,1.62432,-0.000424674,-0.0254464,-82.4253,4722.77,-29.8049,1.64777,-0.00225459,0.0118427,-82.3062,4749.56,-29.974,1.65711,-0.00224544,-0.0117765,-82.3135
7.419,347.584,-6.89514,25.854,0.00100355,0.0244808,0.188144,9.35606e-05,0.000348713,0.0063095,4348.12,3,0,0,0,-0.0249608,0.0247676,-0.0117478,0.0117547,4608.08,-29.0751,1.6069,-0.000239792,0.0252247,-82.4018,4652.46,-29.355,1.62237,-0.000217136,-0.0248977,-82.4144,4722.76,-29.7987,1.64689,-0.002208,0.0118697,-82.2906,4749.56,-29.9677,1.65623,-0.0021917,-0.0118055,-82.298
7.429,347.842,-6.90113,25.849,0.000871926,-0.812677,-0.0646031,-1.1618e-06,0.000348449,0.00630775,4347.35,3,0,0,0,-0.0248099,0.0245358,-0.0117411,0.0117476,4609.34,-29.0749,1.60612,6.08993e-05,0.0247294,-82.3865,4653.82,-29.3555,1.62162,4.99854e-05,-0.0243922,-82.399,4722.77,-29.7905,1.64565,-0.002267,0.0118653,-82.2754,4749.52,-29.9592,1.65497,-0.00226008,-0.0118026,-82.2828
7.439,348.1,-6.90711,25.8438,0.000872277,-0.791711,-0.0504799,-1.72245e-05,0.000348521,0.00630641,4346.54,3,0,0,0,-0.0249178,0.0247552,-0.0117457,0.0117523,4608.35,-29.0625,1.60611,-0.000175627,0.0247476,-82.3698,4651.35,-29.3337,1.62109,-0.000189681,-0.024498,-82.3826,4722.7,-29.7837,1.64596,-0.00225231,0.0118706,-82.2605,4749.4,-29.952,1.65526,-0.00224051,-0.011805,-82.2679
7.449,348.359,-6.91309,25.8397,0.000960757,-0.343384,-0.0050776,6.20596e-05,0.000348215,0.00630477,4345.74,3,0,0,0,-0.024888,0.0247399,-0.0117457,0.011752,4608.22,-29.0542,1.60465,3.26919e-06,0.0251691,-82.3565,4651.37,-29.3262,1.61968,3.40948e-05,-0.0249774,-82.3692,4722.58,-29.7752,1.64447,-0.00226348,0.0118497,-82.2452,4749.33,-29.9438,1.65379,-0.00225822,-0.0117878,-82.2525
7.459,348.617,-6.91907,25.8346,0.00118355,0.106164,0.241498,0.000190626,0.000348067,0.00630311,4344.95,3,0,0,0,-0.0247704,0.024583,-0.0117459,0.0117516,4609.25,-29.053,1.60433,-0.000346279,0.0249963,-82.3393,4652.4,-29.325,1.61935,-0.000396881,-0.0247696,-82.3515,4722.74,-29.7683,1.64383,-0.00221612,0.0118668,-82.2302,4749.4,-29.9364,1.65311,-0.00220455,-0.0118006,-82.2376
7.469,348.875,-6.92505,25.8297,0.00103971,-0.976,0.0738155,9.73015e-05,0.000347798,0.0063016,4344.14,3,0,0,0,-0.0248955,0.0246773,-0.0117412,0.0117472,4609.26,-29.0461,1.60309,1.06748e-05,0.0249131,-82.3251,4652.67,-29.3197,1.61819,-5.71322e-06,-0.0246564,-82.3374,4723.38,-29.7653,1.64278,-0.00224925,0.011987,-82.2155,4749.96,-29.9328,1.65203,-0.00224065,-0.0119217,-82.2229
7.479,349.133,-6.93102,25.825,0.000678119,-0.665027,-0.434847,-0.000146585,0.000347671,0.00629981,4343.34,3,0,0,0,-0.0248705,0.0247381,-0.0117421,0.0117489,4609.02,-29.0363,1.60242,1.44064e-05,0.0251611,-82.3102,4651.81,-29.3059,1.6173,-4.28682e-05,-0.025087,-82.3228,4722.36,-29.7503,1.64183,-0.00230483,0.0118682,-82.1998,4748.95,-29.9179,1.65107,-0.00231581,-0.0118054,-82.2071
7.489,349.392,-6.937,25.821,0.000931977,0.0606327,-0.127441,3.26573e-05,0.000347329,0.00629823,4342.52,3,0,0,0,-0.0247809,0.0246617,-0.011746,0.0117522,4610.86,-29.0406,1.60149,4.61898e-05,0.0255937,-82.2949,4653.97,-29.3122,1.61646,-2.04036e-05,-0.0255327,-82.3071,4723,-29.747,1.64044,-0.00226796,0.0119178,-82.1849,4749.59,-29.9144,1.64967,-0.00226547,-0.0118534,-82.1922
7.499,349.65,-6.94297,25.816,0.000704105,0.363134,-0.166559,-0.0001144,0.000347106,0.00629687,4341.75,3,0,0,0,-0.0249471,0.0247469,-0.0117461,0.0117538,4607.39,-29.0125,1.59925,-0.000256294,0.0248982,-82.2792,4651.32,-29.2891,1.6145,-0.000263358,-0.0245952,-82.2915,4722.9,-29.7399,1.63935,-0.00227857,0.0118673,-82.1699,4749.48,-29.9072,1.64857,-0.00226506,-0.0118033,-82.1771
7.509,349.908,-6.94895,25.812,0.0010527,0.825417,0.278783,0.000113768,0.000347377,0.00629484,4340.98,3,0,0,0,-0.0249185,0.0247211,-0.0117523,0.0117576,4608.66,-29.0112,1.60094,-2.79108e-05,0.0254937,-82.2649,4652.47,-29.287,1.61616,-6.29584e-05,-0.0251073,-82.2773,4722.8,-29.7296,1.64059,-0.00225067,0.0118609,-82.1547,4749.42,-29.8972,1.64984,-0.00224066,-0.011797,-82.162
7.519,350.166,-6.95492,25.8054,0.0010685,-0.81313,0.362902,0.000125818,0.000347537,0.00629347,4340.16,3,0,0,0,-0.0248439,0.0247254,-0.0117438,0.0117497,4612.07,-29.0263,1.60286,-0.000187773,0.0254278,-82.2473,4654.51,-29.2934,1.61761,-0.000221768,-0.0250734,-82.26,4722.84,-29.7235,1.64136,-0.0022622,0.0118676,-82.1401,4749.56,-29.8916,1.65065,-0.00224562,-0.0118023,-82.1474
7.529,350.424,-6.96089,25.8017,0.000881292,-0.882517,-0.0384017,1.27094e-05,0.000347403,0.00629191,4339.36,3,0,0,0,-0.024888,0.0247269,-0.0117465,0.0117525,4609.99,-29.006,1.60152,0.000231671,0.0250021,-82.2351,4653.73,-29.2812,1.61672,0.000181917,-0.0247587,-82.2475,4722.98,-29.7169,1.64078,-0.00226229,0.011938,-82.1244,4749.79,-29.8856,1.65009,-0.0022575,-0.0118727,-82.1317
7.539,350.682,-6.96686,25.7971,0.00102012,0.224489,0.107899,0.000115484,0.000347364,0.00629007,4338.58,3,0,0,0,-0.0248656,0.0246444,-0.0117497,0.0117555,4609.61,-28.9951,1.60121,-0.000101255,0.0250017,-82.2183,4653.82,-29.2733,1.61657,-0.000104667,-0.0246973,-82.2306,4722.95,-29.7081,1.64058,-0.00225517,0.0118674,-82.1095,4749.76,-29.8767,1.64989,-0.00224729,-0.0118045,-82.1169
7.549,350.94,-6.97283,25.7921,0.00119831,-0.90493,0.40378,0.000207552,0.00034752,0.00628871,4337.59,3,0,0,0,-0.0249024,0.0247271,-0.0117442,0.0117499,4610.13,-28.9921,1.60211,0.00017371,0.0252139,-82.2039,4652.72,-29.26,1.61691,0.000181412,-0.0248634,-82.2166,4723.31,-29.7039,1.64145,-0.00227117,0.0120154,-82.0945,4750.07,-29.8722,1.65075,-0.00225644,-0.0119457,-82.1019
7.559,351.197,-6.97879,25.7877,0.000933106,0.0202492,0.0913076,2.61753e-05,0.000347343,0.00628708,4336.97,3,0,0,0,-0.0249083,0.0247555,-0.0117478,0.0117539,4607.35,-28.9672,1.60033,0.000124069,0.0251988,-82.1893,4649.9,-29.2347,1.61511,6.25467e-05,-0.0249501,-82.2017,4722.42,-29.6906,1.6403,-0.00229181,0.0117719,-82.0799,4749.19,-29.8589,1.64959,-0.00227937,-0.0117051,-82.0872
7.569,351.455,-6.98476,25.7827,0.000915537,-0.426217,-0.225611,4.62035e-05,0.000347396,0.00628503,4336.08,3,0,0,0,-0.0247862,0.0246238,-0.0117473,0.0117533,4611.06,-28.981,1.60186,0.000152091,0.0251507,-82.1722,4653.61,-29.2484,1.61664,0.000138836,-0.0250779,-82.1847,4723.19,-29.6858,1.64082,-0.00226917,0.0118857,-82.064,4749.9,-29.8537,1.6501,-0.00227057,-0.0118181,-82.0714
7.579,351.713,-6.99073,25.7775,0.000802544,-0.703427,-0.192439,-4.8635e-05,0.000347063,0.00628387,4335.44,3,0,0,0,-0.0249201,0.0246807,-0.0117454,0.0117516,4606.86,-28.9493,1.59887,2.33775e-05,0.0249451,-82.1583,4650.88,-29.226,1.61415,5.94276e-05,-0.024684,-82.1705,4722.72,-29.6774,1.63908,-0.00226981,0.0118018,-82.0494,4749.45,-29.8453,1.64836,-0.00226446,-0.0117399,-82.0568
7.589,351.971,-6.99669,25.7733,0.00086352,0.135563,-0.000848697,-5.00442e-06,0.000347518,0.00628228,4334.59,3,0,0,0,-0.0249289,0.0247374,-0.0117477,0.0117535,4607.29,-28.9446,1.60112,-3.99756e-05,0.0251619,-82.144,4650.59,-29.2167,1.61616,-4.81589e-05,-0.0248566,-82.1568,4723.18,-29.6727,1.64139,-0.00223581,0.0118668,-82.0342,4749.91,-29.8406,1.65068,-0.00222705,-0.0118045,-82.0416
7.599,352.228,-7.00265,25.7672,0.000964921,0.000172218,0.389895,0.000114245,0.00034694,0.00628069,4333.78,3,0,0,0,-0.0249437,0.0247749,-0.0117476,0.0117538,4608.01,-28.9419,1.5987,-0.000708493,0.0247178,-82.123,4651.45,-29.2147,1.61377,-0.00063824,-0.0242375,-82.1363,4723.08,-29.6646,1.63863,-0.002173,0.0118433,-82.02,4749.86,-29.8328,1.64792,-0.0021569,-0.0117885,-82.0273
7.609,352.486,-7.00861,25.7638,0.000956554,-0.0489641,0.0487549,4.69117e-05,0.000346807,0.00627876,4333.01,3,0,0,0,-0.0248254,0.0246621,-0.0117473,0.0117531,4609.33,-28.9413,1.59855,4.6821e-05,0.0251615,-82.114,4653.29,-29.2173,1.61379,3.27154e-06,-0.024932,-82.1262,4723.24,-29.6565,1.63805,-0.00224333,0.0118687,-82.0042,4749.82,-29.8234,1.64727,-0.00223257,-0.0118043,-82.0116
7.619,352.743,-7.01457,25.7588,0.000929274,0.266045,0.124747,8.84781e-05,0.000346956,0.0062772,4332.21,3,0,0,0,-0.0248823,0.0246534,-0.0117473,0.0117532,4608.34,-28.9278,1.59889,-0.000254474,0.0247301,-82.0965,4651.74,-29.2003,1.61395,-0.000305026,-0.0243679,-82.1094,4722.99,-29.6476,1.63867,-0.00222924,0.0118146,-81.9893,4749.44,-29.8136,1.64785,-0.00221867,-0.0117559,-81.9966
7.629,353.001,-7.02053,25.7533,0.000930195,-0.637371,0.0687873,3.53413e-05,0.000346636,0.00627578,4331.42,3,0,0,0,-0.0249539,0.0247692,-0.0117479,0.0117538,4609.13,-28.9263,1.59769,-0.000128761,0.0250477,-82.0818,4651.82,-29.1942,1.61249,-0.000170553,-0.0247707,-82.094,4723.23,-29.6423,1.63724,-0.00224073,0.0118727,-81.9746,4749.72,-29.8086,1.64642,-0.00222335,-0.0118079,-81.9818
7.639,353.258,-7.02649,25.7491,0.000943798,-0.807985,0.0453099,6.20354e-05,0.000346731,0.00627392,4330.63,3,0,0,0,-0.0248097,0.0246876,-0.0117445,0.0117505,4611.39,-28.9318,1.59891,0.000121304,0.0250968,-82.067,4653.83,-29.1982,1.61363,9.08338e-05,-0.0248914,-82.0796,4723.19,-29.6333,1.63767,-0.00226369,0.0118798,-81.9594,4749.77,-29.8,1.64689,-0.00225521,-0.0118174,-81.9667
7.649,353.516,-7.03245,25.7443,0.000962803,0.393932,-0.0296838,6.7107e-05,0.000346249,0.00627337,4329.84,3,0,0,0,-0.0251275,0.0249278,-0.0117478,0.0117538,4603.52,-28.88,1.59396,-0.000392778,0.0249902,-82.0531,4647.11,-29.1534,1.60906,-0.000478667,-0.0247965,-82.0647,4723.26,-29.6312,1.63542,-0.00221876,0.0118641,-81.9443,4749.88,-29.7982,1.64464,-0.00221041,-0.0117977,-81.9517
7.659,353.773,-7.0384,25.7398,0.000806667,-0.237898,0.00284704,-5.03781e-05,0.000346056,0.00627027,4329.02,3,0,0,0,-0.0247429,0.0245004,-0.0117464,0.0117525,4611.29,-28.9144,1.59577,3.93393e-05,0.0252843,-82.0356,4654.94,-29.1881,1.61087,-5.46062e-05,-0.0249073,-82.0476,4722.72,-29.6131,1.63433,-0.00224031,0.0117963,-81.9295,4749.23,-29.7794,1.6435,-0.00222698,-0.0117321,-81.9368
7.669,354.03,-7.04436,25.734,0.00114619,0.21994,0.861793,0.000235756,0.000345667,0.00626932,4328.25,3,0,0,0,-0.0248341,0.0246716,-0.0117478,0.0117534,4611.11,-28.9089,1.59391,-0.000699711,0.0252066,-82.0153,4652.71,-29.1697,1.60829,-0.000722825,-0.0246351,-82.0279,4723.29,-29.6122,1.63268,-0.00221526,0.011878,-81.915,4749.71,-29.7779,1.64182,-0.00217291,-0.011816,-81.9223
7.679,354.288,-7.05031,25.7305,0.000886513,-0.484933,-0.00525458,3.06117e-05,0.0003451,0.00626785,4327.45,3,0,0,0,-0.0249847,0.024817,-0.0117483,0.0117542,4605.97,-28.8699,1.58952,0.000244143,0.0253534,-82.0103,4648.99,-29.1396,1.60437,0.000263056,-0.0251112,-82.0227,4723.46,-29.6063,1.63007,-0.00225637,0.0118673,-81.8991,4749.83,-29.7716,1.63917,-0.0022485,-0.0118064,-81.9064
7.689,354.545,-7.05627,25.7255,0.000876442,-0.477434,-0.41719,1.9858e-05,0.000344825,0.0062657,4326.73,3,0,0,0,-0.0247147,0.0245259,-0.0117476,0.0117534,4609.72,-28.8835,1.58955,-0.000108026,0.024709,-81.9888,4653.52,-29.158,1.60465,-0.000120875,-0.0247319,-82.0012,4723.34,-29.5954,1.62873,-0.00213671,0.0118389,-81.8847,4749.57,-29.7598,1.63777,-0.00215471,-0.0117789,-81.892
7.699,354.802,-7.06222,25.7207,0.000815908,-0.638316,-0.07914,-3.80262e-05,0.000344616,0.00626484,4325.88,3,0,0,0,-0.0250485,0.0248473,-0.0117487,0.0117547,4605.71,-28.8544,1.5872,4.0662e-05,0.0250763,-81.9782,4649.04,-29.1259,1.60213,6.50808e-05,-0.0247953,-81.9905,4723.74,-29.5939,1.62788,-0.00225063,0.0118522,-81.8694,4749.93,-29.758,1.6369,-0.00224028,-0.0117898,-81.8766
7.709,355.059,-7.06817,25.7158,0.00097111,-0.752858,-0.196639,8.74361e-05,0.000344897,0.00626274,4325.09,3,0,0,0,-0.0247518,0.0246254,-0.0117364,0.0117429,4610.27,-28.8733,1.59007,4.28585e-05,0.0248473,-81.9605,4653.07,-29.1414,1.60483,5.24024e-05,-0.0248308,-81.9731,4723.5,-29.5825,1.62912,-0.00221461,0.0118308,-81.8547,4749.83,-29.7473,1.6382,-0.0022225,-0.0117675,-81.8618
7.719,355.316,-7.07412,25.7117,0.000813266,-1.63438,0.0290342,-1.12745e-05,0.000344258,0.00626089,4324.25,3,0,0,0,-0.0247847,0.0246099,-0.0117465,0.0117521,4609.95,-28.8628,1.58701,0.000429718,0.0239009,-81.9474,4653.87,-29.1377,1.60213,0.000366894,-0.0235757,-81.9591,4723.14,-29.5714,1.62598,-0.00224705,0.0118763,-81.8384,4749.76,-29.7381,1.63514,-0.00223773,-0.0118144,-81.8457
7.729,355.573,-7.08006,25.7061,0.000835157,-0.749745,-0.00454167,-9.71992e-06,0.000344121,0.00626014,4323.5,3,0,0,0,-0.0249432,0.0247074,-0.0117474,0.011753,4606.52,-28.8378,1.5852,-4.06949e-05,0.0250787,-81.9324,4650.79,-29.115,1.60044,-4.30738e-05,-0.0247248,-81.9446,4723.61,-29.5709,1.62549,-0.00222855,0.0118684,-81.8246,4750.16,-29.7371,1.63463,-0.00221795,-0.0118083,-81.8319
7.739,355.83,-7.08601,25.7019,0.000871546,-0.2067,0.0194832,1.30607e-05,0.000344415,0.00625836,4322.72,3,0,0,0,-0.0249045,0.0246945,-0.0117498,0.0117556,4608.77,-28.8437,1.58733,-9.48134e-05,0.0250853,-81.9155,4651.95,-29.1139,1.6022,-0.000125753,-0.0247692,-81.9279,4723.6,-29.5624,1.62688,-0.00221901,0.0118711,-81.8096,4750.08,-29.7281,1.636,-0.00220907,-0.0118089,-81.8169
7.749,356.087,-7.09196,25.6967,0.00088254,-0.436587,0.313396,2.11533e-05,0.000344502,0.00625673,4321.88,3,0,0,0,-0.0247804,0.0246729,-0.0117467,0.0117527,4611.07,-28.8506,1.58852,-0.00014883,0.0255032,-81.8994,4653.06,-29.1133,1.60299,-0.000178172,-0.0250892,-81.912,4723.56,-29.5544,1.62728,-0.00224084,0.0119025,-81.7949,4750.09,-29.7204,1.63642,-0.00221655,-0.0118395,-81.8021
7.759,356.344,-7.0979,25.6922,0.000929762,-0.312596,-0.110399,8.04636e-05,0.000344347,0.00625548,4321.14,3,0,0,0,-0.0248881,0.0247262,-0.0117487,0.0117543,4608.42,-28.8283,1.5869,-0.000153133,0.0251514,-81.8859,4651.98,-29.1007,1.6019,-0.00013564,-0.0250287,-81.8983,4723.57,-29.5486,1.62655,-0.002215,0.0118671,-81.7798,4750.11,-29.7147,1.63569,-0.00221407,-0.0118069,-81.7871
7.769,356.601,-7.10384,25.6874,0.000852119,-0.559471,0.0662224,-8.0586e-06,0.000344315,0.00625383,4320.35,3,0,0,0,-0.024894,0.0246758,-0.0117478,0.0117535,4608.2,-28.8193,1.58667,-5.77563e-05,0.0251013,-81.8715,4651.98,-29.0931,1.60175,-9.45021e-05,-0.0247218,-81.8836,4723.61,-29.5411,1.62641,-0.00222004,0.0118696,-81.7648,4750.09,-29.7067,1.63553,-0.00220425,-0.0118067,-81.7721
7.779,356.858,-7.10978,25.6842,0.000904195,1.17772,0.207011,2.25119e-05,0.000344429,0.00625191,4319.55,3,0,0,0,-0.0248073,0.024596,-0.0117506,0.0117561,4610.79,-28.8266,1.58809,-0.000150817,0.0255933,-81.8546,4653.77,-29.0953,1.60289,-0.000173934,-0.0251376,-81.867,4723.51,-29.5313,1.62691,-0.00220655,0.0118592,-81.7499,4750.05,-29.6973,1.63606,-0.00219822,-0.0117992,-81.7572
7.789,357.114,-7.11572,25.6781,0.00094196,-0.468502,0.0290225,6.06489e-05,0.000344168,0.00625089,4318.77,3,0,0,0,-0.0249554,0.0248096,-0.0117491,0.0117547,4607.09,-28.7988,1.58561,-0.000114859,0.0247898,-81.8411,4649.55,-29.0642,1.60022,-0.000113926,-0.0245867,-81.8537,4723.68,-29.5276,1.62574,-0.00221357,0.0118942,-81.735,4750.19,-29.6933,1.63486,-0.00220321,-0.0118315,-81.7423
7.799,357.371,-7.12166,25.6735,0.000953687,-0.967754,0.0888042,8.23796e-05,0.00034395,0.00624871,4317.99,3,0,0,0,-0.0248999,0.0247147,-0.0117516,0.0117576,4609.48,-28.8037,1.58543,0.000151994,0.0249638,-81.826,4653.18,-29.0768,1.60046,0.000158234,-0.0246625,-81.8383,4723.7,-29.5175,1.62472,-0.00222367,0.0118996,-81.7201,4750.19,-29.683,1.63383,-0.00222045,-0.0118419,-81.7274
7.809,357.628,-7.1276,25.6684,0.00102127,-0.226773,0.286274,0.000131006,0.000343689,0.00624739,4317.18,3,0,0,0,-0.0248504,0.0245839,-0.0117478,0.0117534,4608.3,-28.7902,1.58382,-0.000241399,0.0250503,-81.8098,4651.47,-29.06,1.59866,-0.000299518,-0.0246241,-81.8219,4723.63,-29.5108,1.62346,-0.00219178,0.0118474,-81.7052,4750,-29.6755,1.63252,-0.00217587,-0.0117872,-81.7126
7.819,357.884,-7.13354,25.6647,0.000462927,0.510861,-0.564915,-0.000284411,0.00034342,0.00624572,4316.42,3,0,0,0,-0.0249324,0.0247508,-0.0117605,0.0117648,4607.08,-28.7749,1.58216,-0.000154805,0.0249368,-81.796,4650.38,-29.0454,1.59703,-0.000162908,-0.0247669,-81.8084,4723.74,-29.5036,1.62223,-0.00221343,0.0118391,-81.6902,4750.02,-29.6677,1.63125,-0.00221852,-0.0117774,-81.6974
7.829,358.141,-7.13948,25.6593,0.0010132,-0.775177,0.243148,0.000106187,0.000343481,0.00624422,4315.6,3,0,0,0,-0.0248532,0.0247276,-0.0117465,0.0117519,4610.08,-28.7868,1.58348,0.000195717,0.0252913,-81.7809,4651.94,-29.0481,1.59786,0.000121099,-0.0250073,-81.7932,4723.83,-29.4971,1.62255,-0.00225399,0.0118569,-81.6755,4750.09,-29.661,1.63157,-0.00223875,-0.0117943,-81.6827
7.839,358.397,-7.14541,25.6541,0.000922779,-1.19248,0.353633,6.61453e-05,0.000343091,0.00624249,4314.8,3,0,0,0,-0.0248092,0.0246035,-0.0117455,0.0117509,4608.76,-28.7705,1.58122,-6.655e-05,0.0244826,-81.7645,4651.38,-29.0366,1.59585,-6.54466e-05,-0.0239704,-81.7766,4723.88,-29.4892,1.62072,-0.00221468,0.0118619,-81.6606,4750.16,-29.6532,1.62973,-0.00219617,-0.011806,-81.6678
7.849,358.654,-7.15134,25.6499,0.000905277,-0.628052,0.118127,4.06442e-05,0.000343022,0.00624114,4314.06,3,0,0,0,-0.0249733,0.0247528,-0.0117489,0.0117547,4606.97,-28.7532,1.58029,4.75287e-05,0.0250988,-81.7519,4650.21,-29.023,1.59512,4.66043e-05,-0.0247303,-81.764,4724,-29.4835,1.62043,-0.00223786,0.0118718,-81.6456,4750.25,-29.6474,1.62944,-0.00222485,-0.0118109,-81.6528
7.859,358.91,-7.15728,25.6449,0.000657614,-0.455621,-0.390345,-0.000110925,0.000343073,0.00623941,4313.26,3,0,0,0,-0.0248523,0.0246565,-0.011745,0.0117515,4608.28,-28.7533,1.58098,-0.000163484,0.0247839,-81.7346,4651.46,-29.0227,1.59579,-0.000173781,-0.0246371,-81.747,4723.96,-29.4751,1.62067,-0.00217583,0.0118619,-81.6308,4750.27,-29.6393,1.62969,-0.00217699,-0.0118011,-81.638
7.869,359.167,-7.16321,25.6408,0.000883922,-0.0420556,-0.0163592,1.90789e-05,0.000342383,0.00623811,4312.47,3,0,0,0,-0.025027,0.0248592,-0.0117492,0.011755,4606.34,-28.7352,1.57713,-5.51485e-06,0.025267,-81.7233,4649.23,-29.0028,1.59182,-1.51006e-05,-0.0250603,-81.7351,4723.98,-29.4691,1.61741,-0.00221201,0.0118694,-81.6156,4750.26,-29.633,1.62641,-0.00220516,-0.0118084,-81.6228
7.879,359.423,-7.16914,25.6363,0.00101391,0.179447,0.0963984,0.00012344,0.000342617,0.00623553,4311.66,3,0,0,0,-0.0246739,0.0245248,-0.0117492,0.011755,4612.11,-28.7593,1.58019,-7.88454e-05,0.0249323,-81.7038,4654.66,-29.0246,1.59476,-0.000121451,-0.0247704,-81.7161,4723.96,-29.4568,1.61851,-0.00219553,0.011868,-81.601,4750.15,-29.6201,1.62748,-0.00218781,-0.0118042,-81.6082
7.889,359.679,-7.17507,25.6318,0.000937142,0.0833541,0.0690052,7.77805e-05,0.000342246,0.00623447,4310.96,3,0,0,0,-0.0248133,0.0245526,-0.0117496,0.0117553,4609.22,-28.7364,1.57749,-5.71421e-05,0.0249528,-81.6897,4652.43,-29.0058,1.59228,-2.96829e-05,-0.0245993,-81.7021,4724.01,-29.452,1.61677,-0.00221579,0.0118691,-81.5861,4750.28,-29.6158,1.62577,-0.00220822,-0.0118085,-81.5933
7.899,359.935,-7.181,25.6258,0.000596944,-0.75969,-0.410415,-0.000181746,0.00034191,0.00623301,4310.11,3,0,0,0,-0.0249062,0.0247624,-0.0117482,0.0117543,4606.62,-28.7135,1.57505,-0.000132732,0.024731,-81.6752,4648.43,-28.9741,1.58935,-0.000173649,-0.0246196,-81.6873,4724.16,-29.4461,1.61524,-0.00218333,0.0118655,-81.5715,4750.35,-29.6093,1.62419,-0.00218005,-0.0118018,-81.5787
7.909,360.192,-7.18692,25.6218,0.00088905,-0.295127,-0.0173326,3.6675e-05,0.000341562,0.00623131,4309.34,3,0,0,0,-0.0248639,0.0247346,-0.0117484,0.0117541,4607.21,-28.7093,1.57365,3.40429e-05,0.0251351,-81.6615,4649.22,-28.9711,1.58799,1.25833e-05,-0.0249727,-81.6736,4724,-29.4371,1.61354,-0.00221062,0.0118448,-81.5563,4750.15,-29.6001,1.62247,-0.00220356,-0.0117838,-81.5634
7.919,360.448,-7.19285,25.6166,0.000856315,-1.01051,0.0156461,4.87929e-06,0.000341197,0.00622955,4308.56,3,0,0,0,-0.0248768,0.0246811,-0.0117487,0.0117542,4607.58,-28.7035,1.57209,-5.89351e-05,0.0247912,-81.6446,4650.81,-28.9728,1.58684,-7.0785e-05,-0.0245065,-81.6565,4724.51,-29.432,1.61199,-0.00214688,0.0118317,-81.5418,4750.58,-29.5944,1.62088,-0.00213991,-0.0117704,-81.549
7.929,360.704,-7.19878,25.612,0.000789131,0.394608,-0.0809121,-5.13888e-05,0.000341154,0.00622822,4307.77,3,0,0,0,-0.0249694,0.0247665,-0.0117496,0.011755,4606.15,-28.6885,1.57141,-0.000451025,0.024672,-81.6314,4648.88,-28.9546,1.58598,-0.000622796,-0.0244083,-81.6435,4723.81,-29.4213,1.61155,-0.00214871,0.0118013,-81.526,4749.81,-29.5832,1.62041,-0.00213363,-0.0117352,-81.5331
7.939,360.96,-7.2047,25.6076,0.00107778,-0.676938,0.227747,0.000174118,0.000341319,0.00622638,4306.98,3,0,0,0,-0.0248583,0.0247063,-0.0117449,0.0117504,4610.16,-28.705,1.57354,8.11805e-05,0.0251916,-81.6156,4652.3,-28.9674,1.58792,6.86962e-05,-0.0249457,-81.628,4724.21,-29.4151,1.61246,-0.00221786,0.0118647,-81.5119,4750.31,-29.5776,1.62137,-0.00220843,-0.0118037,-81.519
7.949,361.216,-7.21062,25.6024,0.000910493,-0.732656,0.0322897,7.64022e-05,0.000341198,0.00622455,4306.21,3,0,0,0,-0.0247468,0.0246173,-0.0117493,0.0117548,4611.62,-28.7057,1.57347,-0.000321834,0.0247113,-81.597,4654.35,-28.9716,1.58805,-0.000243164,-0.0245077,-81.6096,4724.16,-29.4062,1.61187,-0.0021791,0.0118475,-81.4974,4750.39,-29.5694,1.62082,-0.00217946,-0.0117881,-81.5044
7.959,361.472,-7.21654,25.598,0.000958935,-0.271967,0.159739,6.86672e-05,0.000340912,0.00622377,4305.38,3,0,0,0,-0.0250065,0.0247902,-0.0117501,0.0117556,4605.17,-28.6619,1.56996,-0.00018451,0.0250379,-81.5875,4648.87,-28.9339,1.58486,-0.000235555,-0.024691,-81.5992,4724.22,-29.4028,1.61054,-0.00216986,0.0118753,-81.4821,4750.48,-29.5662,1.61949,-0.00215615,-0.0118145,-81.4893
7.969,361.728,-7.22246,25.594,0.000816676,-1.00877,-0.176742,-4.16365e-05,0.000341063,0.00622134,4304.71,3,0,0,0,-0.0247948,0.0245933,-0.0117489,0.0117546,4608.26,-28.6699,1.57171,0.000395947,0.0242578,-81.5712,4651.81,-28.9409,1.58656,0.000467716,-0.0240605,-81.584,4723.61,-29.3876,1.61105,-0.00220998,0.0117821,-81.4667,4749.86,-29.5509,1.62,-0.00219758,-0.0117204,-81.4739
7.979,361.984,-7.22838,25.5885,0.00112586,-0.774483,0.263181,0.000181802,0.000341096,0.00622047,4303.88,3,0,0,0,-0.0249168,0.0247791,-0.0117461,0.0117513,4607.72,-28.6625,1.57168,-4.70434e-05,0.0248797,-81.5555,4649.78,-28.9242,1.58602,-7.81677e-05,-0.0246503,-81.5677,4724.03,-29.3861,1.61135,-0.00220888,0.0118351,-81.4525,4750.25,-29.5491,1.62029,-0.00219708,-0.0117712,-81.4597
7.989,362.239,-7.2343,25.5838,0.000933667,-0.49047,-0.0572075,6.25256e-05,0.00034081,0.00621864,4303.05,3,0,0,0,-0.0248844,0.0247335,-0.0117499,0.0117554,4608.1,-28.6565,1.57048,-0.000195245,0.0250365,-81.5401,4650.75,-28.9217,1.58502,-0.000149328,-0.024891,-81.5524,4724.36,-29.3795,1.61011,-0.00218092,0.0119055,-81.4379,4750.58,-29.5426,1.61904,-0.00217759,-0.0118431,-81.445
7.999,362.495,-7.24022,25.5794,0.00090193,-0.472777,-0.0427619,3.73143e-05,0.000340582,0.00621676,4302.29,3,0,0,0,-0.0248416,0.024621,-0.0117505,0.0117559,4609.6,-28.6572,1.56995,-9.30509e-05,0.0248944,-81.5245,4652.98,-28.9268,1.58472,-5.30935e-05,-0.0246557,-81.5364,4724.36,-29.3706,1.60903,-0.00224155,0.0118655,-81.423,4750.52,-29.5332,1.61794,-0.00223594,-0.011804,-81.4302
8.009,362.751,-7.24613,25.5747,0.000858809,-0.448728,0.0293527,1.25209e-05,0.000340753,0.00621586,4301.5,3,0,0,0,-0.0249832,0.024771,-0.011748,0.0117539,4606.95,-28.6366,1.56984,-3.47712e-05,0.0251713,-81.5122,4649.2,-28.8991,1.58423,-4.4422e-05,-0.0248513,-81.5245,4724.33,-29.3662,1.60983,-0.00219501,0.0118674,-81.4081,4750.47,-29.5287,1.61874,-0.00218483,-0.0118059,-81.4152
8.019,363.006,-7.25205,25.57,0.00107221,-0.922352,0.233582,0.000174644,0.000340558,0.0062138,4300.72,3,0,0,0,-0.0248205,0.0246825,-0.0117446,0.0117501,4610.92,-28.6517,1.57029,1.56108e-05,0.0248556,-81.4951,4652.45,-28.9097,1.58443,4.6241e-05,-0.0246155,-81.5074,4724.64,-29.3583,1.60901,-0.00218394,0.011908,-81.3937,4750.81,-29.521,1.61793,-0.00217112,-0.0118448,-81.4008
8.029,363.262,-7.25796,25.5647,0.000851764,-1.77502,0.0914219,2.131e-05,0.000340104,0.00621204,4299.97,3,0,0,0,-0.0249406,0.0247333,-0.0117502,0.0117555,4609.02,-28.6318,1.56755,3.38824e-05,0.0249367,-81.4823,4652.34,-28.9009,1.58228,6.6154e-05,-0.0245626,-81.4941,4724.46,-29.3489,1.60681,-0.00219194,0.0118792,-81.3785,4750.56,-29.5111,1.61569,-0.00217663,-0.0118224,-81.3856
8.039,363.518,-7.26387,25.5603,0.000960666,-1.65921,0.0686363,6.17394e-05,0.000339907,0.00621063,4299.19,3,0,0,0,-0.024929,0.0247251,-0.0117514,0.0117567,4609.08,-28.6256,1.56666,0.000273442,0.0251963,-81.4662,4652.2,-28.8935,1.58132,0.000345278,-0.0248905,-81.4781,4724.57,-29.3429,1.60592,-0.00221799,0.0118827,-81.364,4750.6,-29.5046,1.61476,-0.00221142,-0.0118218,-81.3711
8.049,363.773,-7.26978,25.5558,0.000671605,-0.394832,-0.339589,-0.000104149,0.00034002,0.00620939,4298.37,3,0,0,0,-0.0248951,0.0246768,-0.0117456,0.0117518,4607.48,-28.61,1.56664,-0.000166625,0.0248041,-81.4508,4650.28,-28.8758,1.58119,-0.000203038,-0.0246112,-81.4629,4724.58,-29.3371,1.60645,-0.00214153,0.0118671,-81.3491,4750.62,-29.4989,1.61531,-0.00214083,-0.0118055,-81.3561
8.059,364.029,-7.27569,25.551,0.000910571,-0.729993,0.0143944,6.9529e-05,0.000339731,0.00620771,4297.63,3,0,0,0,-0.0248517,0.024721,-0.0117456,0.0117515,4609.22,-28.6131,1.56589,-0.000167978,0.0251262,-81.4351,4651.24,-28.8739,1.58017,-0.00012051,-0.0249294,-81.4474,4724.54,-29.3289,1.60507,-0.00218934,0.0118694,-81.3345,4750.6,-29.4907,1.61393,-0.00218944,-0.0118116,-81.3415
8.069,364.284,-7.2816,25.5463,0.000364131,-1.00317,-0.737893,-0.000316271,0.000339399,0.00620612,4296.92,3,0,0,0,-0.0249023,0.0247223,-0.0117494,0.0117552,4607.3,-28.5938,1.56371,-1.18455e-05,0.0247965,-81.4214,4651.02,-28.8651,1.57855,-4.00528e-08,-0.0246955,-81.4334,4724.53,-29.3214,1.6035,-0.00219198,0.0118873,-81.3192,4750.57,-29.483,1.61234,-0.00219778,-0.0118277,-81.3263
8.079,364.539,-7.28751,25.5417,0.000753519,-0.951471,-0.135678,-5.30054e-05,0.0003392,0.00620441,4296.03,3,0,0,0,-0.0248401,0.0245908,-0.0117439,0.0117496,4608.34,-28.5924,1.56315,-1.064e-05,0.0250737,-81.4062,4651.54,-28.8604,1.57781,-3.56443e-06,-0.0247598,-81.4182,4724.47,-29.3129,1.60254,-0.00219102,0.0118536,-81.3048,4750.45,-29.4741,1.61135,-0.00218292,-0.011793,-81.3119
8.089,364.795,-7.29342,25.5368,0.000864358,-0.747676,-0.0944721,-1.63973e-06,0.000338896,0.00620294,4295.32,3,0,0,0,-0.0248813,0.0247029,-0.0117511,0.0117569,4607.5,-28.5804,1.56146,-0.000299272,0.0243559,-81.3885,4649.13,-28.8386,1.57557,-0.000383185,-0.0241376,-81.4004,4724.73,-29.3076,1.60119,-0.00217373,0.0118363,-81.29,4750.58,-29.4679,1.60995,-0.00216767,-0.0117673,-81.2971
8.099,365.05,-7.29932,25.5327,0.000872099,-0.467934,-0.013215,2.81018e-05,0.000338608,0.00620152,4294.47,3,0,0,0,-0.0249354,0.024797,-0.0117501,0.0117557,4606.94,-28.5704,1.55995,5.65118e-05,0.0252864,-81.3783,4648.47,-28.828,1.57401,7.21271e-05,-0.0250865,-81.3906,4724.75,-29.301,1.59984,-0.00218768,0.0118682,-81.2751,4750.59,-29.4613,1.60859,-0.00218117,-0.0118069,-81.2821
8.109,365.305,-7.30523,25.5283,0.000750544,-0.632999,-0.255346,-3.86742e-05,0.000338157,0.00619973,4293.69,3,0,0,0,-0.0249009,0.0247165,-0.0117508,0.0117563,4609.14,-28.5758,1.55861,9.33344e-05,0.0249914,-81.3612,4651.84,-28.8405,1.57305,6.78402e-05,-0.0248373,-81.373,4724.73,-29.2925,1.5977,-0.00220463,0.0118866,-81.2603,4750.47,-29.452,1.6064,-0.00220452,-0.0118253,-81.2673
8.119,365.56,-7.31113,25.5247,0.000854311,0.716934,-0.0473882,1.47259e-05,0.000337704,0.00619812,4292.84,3,0,0,0,-0.0249139,0.024707,-0.0117525,0.0117582,4609.43,-28.5702,1.55662,3.43959e-05,0.0253716,-81.3469,4652.25,-28.8356,1.57108,3.02186e-05,-0.0250977,-81.3586,4725.12,-29.2873,1.59569,-0.00216392,0.0119575,-81.2456,4750.8,-29.4464,1.60436,-0.00215912,-0.0118965,-81.2526
8.129,365.816,-7.31703,25.5188,0.000877989,-0.830909,-0.197935,1.02873e-05,0.000337841,0.00619677,4292.11,3,0,0,0,-0.0248746,0.0247215,-0.0117507,0.0117562,4610.46,-28.5703,1.55761,8.94388e-05,0.0249073,-81.3319,4651.88,-28.827,1.5716,7.96778e-05,-0.0248245,-81.3442,4725.09,-29.2806,1.59633,-0.00216645,0.0119184,-81.231,4750.81,-29.44,1.60502,-0.00216846,-0.0118558,-81.2379
8.139,366.071,-7.32293,25.5138,0.000898241,-0.39528,0.0304517,4.30356e-05,0.000337202,0.0061958,4291.35,3,0,0,0,-0.024943,0.0247975,-0.0117494,0.011755,4607.9,-28.55,1.55379,-0.000159651,0.025172,-81.3178,4649.84,-28.8099,1.56794,-0.000130127,-0.0249502,-81.3298,4724.83,-29.2745,1.59322,-0.00217934,0.0118915,-81.2163,4750.56,-29.4339,1.6019,-0.00217288,-0.0118294,-81.2232
8.149,366.326,-7.32883,25.5095,0.000577628,-0.81856,-0.663585,-0.000148457,0.000337431,0.00619361,4290.58,3,0,0,0,-0.0248105,0.0246319,-0.0117532,0.0117572,4609.92,-28.5524,1.55553,0.00014337,0.0250992,-81.3016,4653.8,-28.8242,1.57033,0.000153215,-0.0251477,-81.3136,4724.7,-29.2634,1.59426,-0.00222616,0.0118671,-81.2018,4750.44,-29.4228,1.60294,-0.00222968,-0.011806,-81.2087
8.159,366.581,-7.33473,25.5044,0.00082109,-0.764349,-0.0315673,-1.1596e-05,0.000337017,0.0061928,4289.74,3,0,0,0,-0.025002,0.0247844,-0.0117492,0.0117548,4606.01,-28.5245,1.5523,-4.61175e-05,0.0249798,-81.2888,4648.73,-28.7891,1.5667,-6.77987e-05,-0.0246819,-81.3007,4724.77,-29.26,1.59233,-0.00216515,0.0118559,-81.1867,4750.53,-29.4195,1.60101,-0.00215737,-0.011794,-81.1937
8.169,366.836,-7.34063,25.4998,0.000901373,-0.436709,0.151067,5.99863e-05,0.00033707,0.00619111,4289.04,3,0,0,0,-0.0248632,0.0246883,-0.0117484,0.0117541,4609.18,-28.5363,1.55362,-0.000147768,0.0252504,-81.271,4650.79,-28.7939,1.56764,-0.000144569,-0.0249291,-81.2832,4724.85,-29.2524,1.59261,-0.00217398,0.0118666,-81.1722,4750.68,-29.4123,1.60131,-0.00216174,-0.0118056,-81.1791
8.179,367.091,-7.34653,25.4952,0.000834955,-0.799319,-0.152519,3.387e-05,0.000336978,0.00618941,4288.25,3,0,0,0,-0.0248658,0.0247194,-0.011748,0.0117534,4608.25,-28.5228,1.55288,-2.36157e-05,0.0248628,-81.2564,4650.58,-28.7847,1.56715,-3.00252e-05,-0.0247256,-81.2688,4724.76,-29.2439,1.59214,-0.00221766,0.0118248,-81.1577,4750.7,-29.4044,1.60088,-0.00221561,-0.0117677,-81.1646
8.189,367.346,-7.35242,25.4912,0.00106803,-0.303699,0.229975,0.000164924,0.000336659,0.00618783,4287.45,3,0,0,0,-0.0249206,0.0247135,-0.0117529,0.0117576,4607.07,-28.5081,1.55101,7.85278e-05,0.0251454,-81.244,4650.3,-28.7757,1.56557,8.12933e-05,-0.0248319,-81.2557,4724.98,-29.2377,1.59071,-0.00216969,0.0119129,-81.1424,4750.83,-29.3977,1.59941,-0.00216389,-0.0118511,-81.1495
8.199,367.6,-7.35832,25.4865,0.000615613,0.375067,-0.282495,-0.000144399,0.000336717,0.00618628,4286.7,3,0,0,0,-0.0247317,0.0244587,-0.0117494,0.0117549,4605.99,-28.4943,1.55092,-0.000237806,0.0242833,-81.2262,4649.04,-28.7607,1.56541,-0.000406528,-0.0239663,-81.2383,4723.39,-29.2206,1.59045,-0.0020372,0.0116337,-81.127,4749.22,-29.3804,1.59915,-0.00202754,-0.0115732,-81.134
8.209,367.855,-7.36421,25.4816,0.000585389,0.438179,-0.197752,-0.000125073,0.000336043,0.00618522,4285.91,3,0,0,0,-0.0250091,0.0248115,-0.0117552,0.0117609,4604.41,-28.4796,1.54728,-0.000544489,0.0248503,-81.211,4646.97,-28.7429,1.56158,-0.000452005,-0.0245304,-81.2232,4724.52,-29.2226,1.58764,-0.00212502,0.0117881,-81.1128,4750.43,-29.3828,1.59635,-0.002117,-0.0117418,-81.1197
8.219,368.11,-7.3701,25.4769,0.000878402,-0.718022,-0.011775,3.19307e-05,0.000336247,0.0061831,4285.13,3,0,0,0,-0.0248709,0.0247226,-0.0117515,0.0117568,4608.63,-28.496,1.54964,0.00020408,0.0251951,-81.1988,4650.25,-28.7533,1.56363,0.000184186,-0.024983,-81.2109,4725.08,-29.216,1.58879,-0.00219266,0.0118649,-81.0985,4750.85,-29.3753,1.59746,-0.00218685,-0.0118036,-81.1054
8.229,368.365,-7.37599,25.4719,0.00063621,-0.824686,-0.43628,-0.000130392,0.000335563,0.00618178,4284.36,3,0,0,0,-0.024831,0.0246046,-0.0117479,0.0117539,4609.52,-28.4954,1.54678,-6.51914e-06,0.0251203,-81.1828,4652.22,-28.7594,1.56111,3.28803e-05,-0.0249722,-81.1945,4724.9,-29.2087,1.5855,-0.00219637,0.0118566,-81.0841,4750.56,-29.3673,1.59411,-0.00219779,-0.0117981,-81.0911
8.239,368.619,-7.38188,25.4673,0.000774823,-0.398304,-0.0146454,-6.32064e-05,0.000335574,0.00618052,4283.58,3,0,0,0,-0.0249215,0.0247064,-0.0117514,0.0117568,4608.07,-28.4806,1.54635,-0.000157284,0.025137,-81.1679,4649.96,-28.7395,1.56041,-0.000191816,-0.0247984,-81.1795,4725.25,-29.2049,1.58567,-0.00215537,0.0118705,-81.0692,4750.84,-29.363,1.59426,-0.00214319,-0.0118076,-81.0762
8.249,368.874,-7.38777,25.4627,0.00111346,-0.691304,0.331587,0.00020039,0.000335697,0.0061792,4282.8,3,0,0,0,-0.0248899,0.0247611,-0.0117434,0.0117488,4608.34,-28.4762,1.54701,6.28625e-06,0.0253664,-81.1544,4649.43,-28.7301,1.5608,6.45441e-06,-0.0251037,-81.1666,4724.85,-29.1962,1.58612,-0.00216718,0.0118011,-81.0542,4750.5,-29.3547,1.59473,-0.00216346,-0.0117423,-81.061
8.259,369.128,-7.39366,25.4578,0.000884499,-0.389175,-0.176368,4.13979e-05,0.000335154,0.00617749,4282.02,3,0,0,0,-0.0248538,0.0247102,-0.0117512,0.0117564,4609.59,-28.4761,1.54492,-0.000218807,0.0254391,-81.1369,4651.89,-28.7374,1.5591,-0.00021618,-0.0253561,-81.1489,4725.23,-29.1904,1.58368,-0.0021671,0.0118557,-81.0401,4750.9,-29.349,1.59228,-0.00216876,-0.0117948,-81.0469
8.269,369.383,-7.39955,25.4533,0.000922202,-1.03244,0.161324,5.70753e-05,0.000334971,0.00617605,4281.26,3,0,0,0,-0.0249434,0.0247339,-0.0117508,0.0117559,4607.53,-28.4567,1.54339,5.42085e-05,0.0250982,-81.1254,4650.18,-28.7201,1.55767,7.49885e-05,-0.0247291,-81.137,4725.14,-29.1831,1.58279,-0.00213803,0.0118567,-81.025,4750.79,-29.3415,1.59138,-0.00212974,-0.0117953,-81.0319
8.279,369.637,-7.40543,25.4498,0.0007279,0.50881,0.186071,-9.79723e-05,0.000334808,0.006174,4280.4,3,0,0,0,-0.0248078,0.024597,-0.0117489,0.0117553,4611.26,-28.4703,1.54389,-2.97608e-05,0.0257072,-81.1076,4653.32,-28.73,1.55797,-1.69908e-05,-0.025197,-81.1193,4725.12,-29.1733,1.58201,-0.0022008,0.0119028,-81.0104,4750.73,-29.3314,1.59058,-0.0021762,-0.0118415,-81.0173
8.289,369.892,-7.41132,25.4453,0.000804666,0.309403,0.381729,-5.88638e-05,0.000335077,0.00617289,4279.61,3,0,0,0,-0.0248309,0.0247045,-0.0117527,0.011758,4609.63,-28.4551,1.54458,3.5681e-05,0.0251847,-81.0945,4650.08,-28.7048,1.55814,-1.11484e-05,-0.0247174,-81.1065,4725.57,-29.1708,1.58343,-0.00219915,0.0119783,-80.9949,4751.2,-29.329,1.59202,-0.00216479,-0.011913,-81.0018
8.299,370.146,-7.4172,25.4398,0.000889647,-0.643794,0.0536853,5.20732e-05,0.000334486,0.00617159,4278.91,3,0,0,0,-0.024965,0.024776,-0.0117523,0.0117576,4606.18,-28.4278,1.5407,9.32905e-05,0.0250624,-81.0826,4648.36,-28.6882,1.55481,7.6722e-05,-0.0247879,-81.0939,4725.33,-29.1631,1.58056,-0.00216727,0.0118847,-80.9811,4751,-29.3216,1.58914,-0.00215842,-0.0118235,-80.988
8.309,370.4,-7.42308,25.4351,0.000711902,-0.950866,-0.0936319,-8.7155e-05,0.000334329,0.00616965,4278.17,3,0,0,0,-0.0248284,0.0246165,-0.0117493,0.0117549,4609.29,-28.4381,1.54102,8.86096e-05,0.0249368,-81.0644,4651.62,-28.6993,1.55517,0.000142951,-0.0246032,-81.0762,4725.21,-29.1533,1.57978,-0.002197,0.0118374,-80.9666,4750.79,-29.3111,1.58833,-0.00218673,-0.0117777,-80.9735
8.319,370.655,-7.42896,25.4305,0.000824383,0.0974376,0.0371529,-7.54025e-06,0.000334562,0.00616875,4277.38,3,0,0,0,-0.0250213,0.0248281,-0.011753,0.0117581,4605.54,-28.4108,1.54084,-0.000213353,0.0252029,-81.0509,4647.25,-28.6681,1.55479,-0.000236223,-0.0248887,-81.0628,4725.33,-29.1498,1.58092,-0.00214329,0.011866,-80.9519,4750.95,-29.3078,1.58949,-0.00213296,-0.0118045,-80.9587
8.329,370.909,-7.43484,25.4252,0.000821283,-0.898627,-0.294524,-3.79171e-06,0.000334509,0.00616674,4276.64,3,0,0,0,-0.0248374,0.0247108,-0.0117462,0.0117522,4608.76,-28.4214,1.54167,-0.00018938,0.024701,-81.0338,4650.37,-28.678,1.55559,-0.000136206,-0.0246524,-81.0459,4725.29,-29.14,1.58065,-0.00211527,0.011854,-80.9372,4750.97,-29.2984,1.58924,-0.00212198,-0.0117923,-80.944
8.339,371.163,-7.44072,25.4213,0.0009251,-0.908778,0.0283642,8.87425e-05,0.000334664,0.006165,4275.85,3,0,0,0,-0.0248471,0.0246773,-0.0117518,0.0117568,4609.14,-28.4157,1.54252,0.000144977,0.0248291,-81.0204,4650.7,-28.6719,1.55642,0.000143312,-0.0246058,-81.0322,4725.17,-29.131,1.58135,-0.00219125,0.0118088,-80.9225,4750.87,-29.2895,1.58995,-0.00218527,-0.011749,-80.9294
8.349,371.417,-7.4466,25.4167,0.000997178,0.240383,0.193356,0.000120296,0.000334512,0.00616399,4275.06,3,0,0,0,-0.024953,0.0247198,-0.0117533,0.0117582,4605.86,-28.3908,1.54071,-0.000231093,0.02508,-81.0068,4648.47,-28.6535,1.55497,-0.000290051,-0.0247318,-81.0183,4725.23,-29.1266,1.58065,-0.00212835,0.0118688,-80.9079,4750.97,-29.2853,1.58925,-0.00211773,-0.0118065,-80.9148
8.359,371.671,-7.45247,25.4118,0.000977367,-0.688767,0.452116,9.88297e-05,0.000334734,0.00616243,4274.28,3,0,0,0,-0.0248345,0.0246228,-0.0117506,0.0117555,4610.31,-28.411,1.54323,2.23866e-05,0.0257639,-80.9905,4651.57,-28.6654,1.55704,1.63395e-05,-0.0252361,-81.0024,4725.81,-29.1228,1.58189,-0.00218682,0.0119229,-80.8938,4751.53,-29.2813,1.5905,-0.00216402,-0.011859,-80.9007
8.369,371.925,-7.45835,25.4071,0.000908282,-0.861129,-0.0352898,7.08368e-05,0.000334361,0.00616084,4273.53,3,0,0,0,-0.0249403,0.0247848,-0.0117522,0.0117573,4607.24,-28.3848,1.54048,-2.69713e-05,0.0248871,-80.9764,4648.8,-28.6409,1.55438,-5.14762e-05,-0.0247072,-80.9887,4725.37,-29.1126,1.57998,-0.00214427,0.0119146,-80.8788,4751.18,-29.2716,1.58861,-0.00214309,-0.0118547,-80.8858
8.379,372.179,-7.46422,25.4033,0.00062521,0.0246145,-0.480481,-0.000133307,0.000334093,0.00615897,4272.74,3,0,0,0,-0.0248465,0.0246747,-0.0117517,0.0117573,4607.69,-28.379,1.53939,0.000144558,0.0251402,-80.9622,4650.52,-28.6427,1.5537,0.000140321,-0.0250713,-80.9739,4725.16,-29.1025,1.57864,-0.00218664,0.0118182,-80.864,4750.88,-29.2609,1.58723,-0.00218964,-0.0117566,-80.8709
8.389,372.433,-7.4701,25.3971,0.000818491,-0.544601,-0.00872938,-2.07204e-05,0.000334272,0.00615784,4271.97,3,0,0,0,-0.0250198,0.0248091,-0.0117533,0.0117584,4606,-28.3634,1.53966,-0.000425716,0.0249862,-80.9454,4648.42,-28.6246,1.55384,-0.000482978,-0.0246892,-80.9569,4725.6,-29.0999,1.57963,-0.00211433,0.011857,-80.8497,4751.24,-29.2577,1.5882,-0.00210414,-0.0117945,-80.8566
8.399,372.687,-7.47597,25.394,0.000917623,-0.345622,0.155584,4.81829e-05,0.000334293,0.00615578,4271.21,3,0,0,0,-0.0248852,0.0246995,-0.0117528,0.0117579,4609.54,-28.3757,1.54093,0.000173198,0.0252891,-80.9333,4650.85,-28.63,1.55475,0.000191823,-0.0249413,-80.9454,4725.61,-29.0902,1.57974,-0.00217341,0.0118715,-80.8346,4751.26,-29.2481,1.58831,-0.00216191,-0.0118104,-80.8415
8.409,372.941,-7.48184,25.3886,0.00088394,-0.773771,0.166582,2.24534e-05,0.000334123,0.00615455,4270.39,3,0,0,0,-0.0248452,0.0247268,-0.0117499,0.011755,4610.44,-28.3755,1.54045,6.32398e-05,0.0256427,-80.917,4651.38,-28.6275,1.55413,-5.8284e-05,-0.0253219,-80.9288,4725.69,-29.0849,1.57896,-0.00217358,0.0118931,-80.8204,4751.34,-29.2427,1.58753,-0.0021591,-0.01183,-80.8273
8.419,373.195,-7.48771,25.384,0.000837601,-0.612102,-0.0423682,1.07002e-05,0.000333888,0.00615308,4269.66,3,0,0,0,-0.0248619,0.0246887,-0.0117506,0.0117555,4607.85,-28.3528,1.53851,-7.07311e-05,0.0250005,-80.9032,4649.94,-28.6119,1.55256,-6.71608e-05,-0.024763,-80.915,4725.59,-29.0773,1.57782,-0.00214475,0.0118685,-80.8056,4751.23,-29.2351,1.58638,-0.00213761,-0.0118072,-80.8126
8.429,373.448,-7.49358,25.3792,0.000797303,-0.0787479,0.103948,-4.83579e-05,0.000334041,0.0061517,4268.88,3,0,0,0,-0.025,0.0248101,-0.0117564,0.0117616,4605.75,-28.3335,1.53851,-0.000464564,0.0249211,-80.8865,4647.85,-28.5925,1.55257,-0.000630211,-0.0245299,-80.8978,4725.65,-29.0711,1.57856,-0.0020692,0.0118845,-80.7911,4751.2,-29.2283,1.58709,-0.00204638,-0.0118185,-80.7981
8.439,373.702,-7.49945,25.3751,0.000851163,-0.256433,0.00902864,5.06437e-05,0.000334143,0.00614984,4268.12,3,0,0,0,-0.0248885,0.024689,-0.0117507,0.0117562,4608.26,-28.3404,1.53982,-4.64044e-05,0.0252983,-80.8731,4650.07,-28.5976,1.55379,-1.74864e-05,-0.0250117,-80.8853,4725.56,-29.0618,1.57901,-0.00214049,0.0118689,-80.7765,4751.24,-29.2198,1.58759,-0.00213525,-0.01181,-80.7834
8.449,373.956,-7.50531,25.3703,0.000879546,-0.560402,0.111995,2.45587e-05,0.000333837,0.00614855,4267.31,3,0,0,0,-0.0249294,0.0247909,-0.0117505,0.0117557,4606.5,-28.3237,1.53782,-2.02617e-05,0.0251983,-80.8587,4648.22,-28.5802,1.55175,-3.61219e-05,-0.0248963,-80.8704,4725.1,-29.0529,1.57741,-0.00217515,0.0118025,-80.7622,4750.79,-29.2108,1.58599,-0.0021639,-0.0117407,-80.7691
8.459,374.209,-7.51118,25.3661,0.00105342,-0.162111,0.173281,0.000176302,0.000333863,0.00614643,4266.58,3,0,0,0,-0.0248715,0.0246954,-0.011754,0.0117587,4608.2,-28.3244,1.53851,-4.22944e-05,0.0250521,-80.8439,4650.36,-28.5835,1.55258,-3.97643e-05,-0.0248243,-80.8557,4725.67,-29.0464,1.57773,-0.00214228,0.011866,-80.7473,4751.38,-29.2044,1.58631,-0.00213589,-0.0118044,-80.7543
8.469,374.463,-7.51704,25.3612,0.000858171,-0.337931,0.0190541,1.74706e-05,0.00033348,0.006145,4265.81,3,0,0,0,-0.0248961,0.0246759,-0.011753,0.0117578,4607.9,-28.3159,1.53664,-8.25563e-05,0.0249974,-80.8283,4650.18,-28.5757,1.55074,-9.91557e-05,-0.0246767,-80.8397,4725.58,-29.0391,1.57589,-0.00212409,0.0118736,-80.7328,4751.16,-29.1962,1.58442,-0.00211505,-0.011813,-80.7398
8.479,374.716,-7.5229,25.3566,0.00074806,-0.487041,-0.190395,-5.5275e-05,0.000333837,0.00614377,4265.04,3,0,0,0,-0.0249484,0.0248085,-0.0117501,0.0117557,4606.13,-28.2994,1.5377,5.70626e-05,0.0250247,-80.8164,4646.93,-28.55,1.55132,5.71667e-05,-0.024861,-80.8286,4725.74,-29.0342,1.57763,-0.0021369,0.0118679,-80.7181,4751.31,-29.1913,1.58617,-0.00213333,-0.0118064,-80.7249
8.489,374.97,-7.52877,25.3515,0.000888922,-0.843504,-0.0103604,6.10645e-05,0.000333111,0.00614184,4264.27,3,0,0,0,-0.0248544,0.024706,-0.0117487,0.011754,4608.82,-28.307,1.53525,-0.00012644,0.0252231,-80.7986,4650.46,-28.5628,1.54912,-0.00010144,-0.0250155,-80.8102,4725.76,-29.0252,1.5742,-0.0021437,0.0118744,-80.7038,4751.34,-29.1823,1.58272,-0.00214059,-0.0118155,-80.7108
8.499,375.223,-7.53463,25.3465,0.000892137,-0.682371,-0.0117084,2.57548e-05,0.000333121,0.00614032,4263.49,3,0,0,0,-0.0249381,0.024748,-0.0117528,0.0117577,4606.94,-28.2884,1.53467,-0.000279565,0.0251202,-80.7838,4649.11,-28.5474,1.54871,-0.000326405,-0.0248877,-80.7952,4725.85,-29.0186,1.57428,-0.00210835,0.0118674,-80.6893,4751.31,-29.1749,1.58276,-0.00209971,-0.0118058,-80.6962
8.509,375.477,-7.54049,25.3427,0.00084029,-0.463273,0.00846838,2.70186e-05,0.000332826,0.00613873,4262.75,3,0,0,0,-0.0248828,0.0246342,-0.0117518,0.0117569,4607.72,-28.2859,1.53357,1.7528e-05,0.0253096,-80.7701,4649.71,-28.5436,1.54755,4.33111e-05,-0.0249866,-80.7818,4725.85,-29.0111,1.57289,-0.00214378,0.0118832,-80.6745,4751.29,-29.1672,1.58135,-0.00213485,-0.0118242,-80.6814
8.519,375.73,-7.54634,25.3388,0.000867904,0.503783,0.24417,1.25209e-06,0.000332767,0.00613751,4261.96,3,0,0,0,-0.0249631,0.0248098,-0.0117532,0.0117582,4605.69,-28.2678,1.53262,-0.000130441,0.0254884,-80.7566,4647.31,-28.5232,1.54647,-0.000150598,-0.0250908,-80.7683,4725.23,-29.0015,1.5724,-0.00213822,0.0117546,-80.6595,4750.66,-29.1576,1.58086,-0.00212516,-0.0116972,-80.6664
8.529,375.983,-7.5522,25.3337,0.00095758,-0.250747,0.102616,0.000109363,0.000332599,0.0061355,4261.19,3,0,0,0,-0.0247952,0.0246732,-0.0117537,0.0117587,4607.79,-28.2715,1.53255,-0.000158224,0.0246459,-80.7404,4649.07,-28.5248,1.54628,-9.25753e-05,-0.0244685,-80.7524,4725.89,-28.996,1.57183,-0.00211127,0.0118655,-80.6455,4751.33,-29.1522,1.58029,-0.00210652,-0.0118055,-80.6523
8.539,376.237,-7.55806,25.3291,0.00101426,-0.833643,0.0751199,0.000145656,0.00033241,0.00613413,4260.43,3,0,0,0,-0.0249109,0.0247101,-0.0117548,0.0117591,4607.54,-28.2636,1.53159,7.48319e-05,0.0248542,-80.7254,4649.95,-28.5238,1.54569,0.000148337,-0.0245992,-80.737,4725.97,-28.9901,1.57096,-0.00214943,0.0118675,-80.6311,4751.42,-29.1462,1.57942,-0.00215112,-0.0118089,-80.6379
8.549,376.49,-7.56391,25.3241,0.000849576,-0.674332,0.0440197,4.01802e-05,0.0003325,0.00613307,4259.66,3,0,0,0,-0.0249539,0.024731,-0.0117486,0.0117539,4606.41,-28.2518,1.53163,1.95511e-05,0.0253175,-80.7133,4648.07,-28.5073,1.54548,3.69609e-06,-0.0249931,-80.7252,4725.98,-28.9851,1.57139,-0.00213523,0.0118659,-80.6164,4751.42,-29.1412,1.57985,-0.00212694,-0.0118066,-80.6233
8.559,376.743,-7.56977,25.3201,0.00106394,-0.481156,0.840378,0.000198473,0.00033216,0.00613104,4258.77,3,0,0,0,-0.0248492,0.0246898,-0.0117555,0.0117597,4611.1,-28.2712,1.53162,0.000148121,0.0256327,-80.6953,4651.34,-28.5179,1.54499,0.000126657,-0.025016,-80.7072,4725.99,-28.9756,1.56979,-0.00222239,0.0119435,-80.602,4751.47,-29.1318,1.57825,-0.00217451,-0.0118817,-80.6089
8.569,376.996,-7.57562,25.3155,0.000811733,-0.675571,-0.0506582,9.07821e-06,0.000331797,0.00612998,4258.12,3,0,0,0,-0.0249822,0.0248204,-0.0117529,0.0117579,4606.66,-28.2391,1.52848,0.000318931,0.025244,-80.6851,4648.23,-28.4939,1.54227,0.000265515,-0.0250164,-80.6967,4726.04,-28.9709,1.56809,-0.00216504,0.0118722,-80.5872,4751.47,-29.1268,1.57652,-0.00215876,-0.0118131,-80.594
8.579,377.249,-7.58147,25.3118,0.000943949,0.91554,0.0639489,0.000141078,0.000331625,0.00612769,4257.36,3,0,0,0,-0.0248279,0.0246447,-0.0117572,0.0117628,4611.3,-28.2569,1.52922,-0.000144143,0.0253626,-80.6655,4653.35,-28.5146,1.54317,-0.000120241,-0.0251471,-80.6774,4726.11,-28.9605,1.5673,-0.00214925,0.0118725,-80.5732,4751.47,-29.1159,1.57571,-0.00213683,-0.0118125,-80.58
8.589,377.502,-7.58732,25.3061,0.000846341,-0.524886,0.0312946,2.11155e-05,0.000331508,0.00612727,4256.58,3,0,0,0,-0.025027,0.0248345,-0.0117532,0.0117581,4606.02,-28.2227,1.52694,9.51368e-05,0.0252233,-80.6555,4647.42,-28.4764,1.54066,9.0715e-05,-0.0249397,-80.6672,4726.02,-28.958,1.56672,-0.00214568,0.0118676,-80.5582,4751.35,-29.1132,1.57511,-0.00213475,-0.0118077,-80.565
8.599,377.755,-7.59317,25.3013,0.000799223,-0.141012,0.320499,1.09291e-05,0.000331383,0.0061254,4255.81,3,0,0,0,-0.0248292,0.0246945,-0.011753,0.0117581,4610.13,-28.2392,1.52772,-0.000219551,0.0256771,-80.6362,4650.61,-28.4872,1.54113,-0.000210004,-0.0252272,-80.6482,4726.05,-28.9493,1.56613,-0.00213285,0.0118663,-80.544,4751.37,-29.1044,1.57452,-0.00211334,-0.0118072,-80.5508
8.609,378.008,-7.59902,25.2971,0.000834791,-0.141755,0.00338197,4.48658e-05,0.000331278,0.00612412,4255.07,3,0,0,0,-0.0248861,0.0247419,-0.0117532,0.0117584,4607.28,-28.2159,1.52629,-0.000118102,0.0248633,-80.6241,4648.79,-28.4701,1.54004,-0.000115837,-0.0246609,-80.6359,4726.18,-28.9441,1.56568,-0.00211954,0.0118669,-80.5293,4751.53,-29.0993,1.57407,-0.00211228,-0.0118076,-80.5361
8.619,378.261,-7.60487,25.2923,0.00085386,0.0577414,-1.8545e-05,4.20516e-05,0.00033114,0.00612269,4254.29,3,0,0,0,-0.024902,0.0246879,-0.011753,0.0117579,4606.18,-28.2026,1.52529,-0.000206132,0.0250794,-80.6092,4648.5,-28.4617,1.5393,-0.000247404,-0.024795,-80.6206,4726.14,-28.9371,1.56501,-0.00210616,0.0118723,-80.5149,4751.53,-29.0925,1.57342,-0.00209935,-0.0118116,-80.5218
8.629,378.514,-7.61071,25.2871,0.000756661,0.143168,0.143745,-4.18467e-05,0.000330959,0.00612122,4253.6,3,0,0,0,-0.0249193,0.0247382,-0.0117557,0.0117598,4606.65,-28.1987,1.52461,-0.000587443,0.025769,-80.5948,4648.74,-28.4563,1.53854,-0.000845315,-0.0252621,-80.6069,4726.22,-28.9306,1.56419,-0.00204385,0.0118703,-80.5012,4751.57,-29.0858,1.57258,-0.00203887,-0.0117999,-80.5081
8.639,378.767,-7.61656,25.2835,0.00077494,-0.185301,0.0236027,-3.93899e-06,0.000330802,0.00611972,4252.75,3,0,0,0,-0.0249429,0.0247912,-0.0117552,0.0117604,4606.53,-28.191,1.52385,3.07839e-05,0.0252397,-80.5807,4647.06,-28.439,1.53725,1.70667e-05,-0.0249661,-80.5927,4726.29,-28.9239,1.56346,-0.0021235,0.0118985,-80.4858,4751.65,-29.0791,1.57185,-0.0021131,-0.0118392,-80.4926
8.649,379.019,-7.6224,25.2781,0.000862147,-0.928548,0.238572,2.798e-05,0.000330892,0.00611793,4252.05,3,0,0,0,-0.0244981,0.0244132,-0.011745,0.01175,4610.96,-28.2099,1.52573,-0.000135999,0.0246011,-80.5622,4650.89,-28.4541,1.53894,-0.000133159,-0.024264,-80.5741,4726.3,-28.9155,1.5639,-0.00210967,0.0118933,-80.4714,4751.68,-29.0708,1.57229,-0.00209223,-0.0118334,-80.4783
8.659,379.272,-7.62824,25.2753,0.000912659,1.19537,-0.759127,0.000112283,0.000331078,0.00611671,4250.99,3,0,0,0,-0.0247033,0.024482,-0.0117503,0.0117548,4610.08,-28.1988,1.5263,-0.000168859,0.0259806,-80.5473,4652.84,-28.4604,1.54045,-6.51058e-05,-0.0262445,-80.5587,4726.63,-28.9117,1.56488,-0.00216186,0.012031,-80.4569,4752.1,-29.0675,1.57331,-0.00219216,-0.0119768,-80.4637
8.669,379.525,-7.63409,25.2698,0.000743682,-0.702312,-0.113653,-2.23468e-05,0.000331562,0.00611659,4250.45,3,0,0,0,-0.025113,0.0249518,-0.0117535,0.0117591,4601.93,-28.1485,1.52582,0.000434324,0.0259489,-80.5418,4642.44,-28.3963,1.53926,0.000420287,-0.0257302,-80.5534,4726.99,-28.9134,1.56729,-0.00213578,0.0119607,-80.4419,4752.52,-29.0696,1.57576,-0.00213505,-0.0119001,-80.4487
8.679,379.777,-7.63993,25.2649,0.000616715,-0.779045,0.201559,-0.000138324,0.000331504,0.00611361,4249.71,3,0,0,0,-0.0245285,0.0244204,-0.0117522,0.0117574,4615.08,-28.2151,1.52992,0.000202579,0.0258355,-80.5175,4656.12,-28.4661,1.54352,9.10704e-05,-0.0253226,-80.5289,4726.25,-28.8948,1.56677,-0.00219703,0.0118585,-80.4286,4751.96,-29.052,1.5753,-0.00217001,-0.0117978,-80.4355
8.689,380.03,-7.64577,25.2596,0.000668897,-0.00149077,-0.00650416,-6.46847e-05,0.000331914,0.00611375,4248.89,3,0,0,0,-0.0247959,0.0246426,-0.0117485,0.0117546,4607.99,-28.1725,1.52946,-0.000576798,0.0243321,-80.5023,4650.62,-28.4331,1.54361,-0.000517656,-0.0239566,-80.5145,4726.66,-28.898,1.56884,-0.00225777,0.0118744,-80.4138,4752.44,-29.0556,1.5774,-0.00221674,-0.0118287,-80.4206
8.699,380.282,-7.6516,25.2559,0.000823662,-0.308614,0.129516,1.01444e-05,0.000332243,0.00611267,4248.17,3,0,0,0,-0.0250226,0.0248188,-0.011754,0.0117588,4602.67,-28.135,1.52921,0.000207203,0.0253637,-80.4975,4645.85,-28.3989,1.54355,0.000140526,-0.0249622,-80.5088,4726.18,-28.89,1.57024,-0.00212878,0.0118697,-80.3987,4752.01,-29.0478,1.57882,-0.00211563,-0.011809,-80.4058
8.709,380.535,-7.65744,25.2507,-9.83839e-05,-1.13249,-1.46394,-0.000614407,0.000332632,0.00611014,4247.39,3,0,0,0,-0.0246516,0.0244729,-0.0117646,0.0117679,4608.15,-28.1568,1.53282,-8.90532e-05,0.0238943,-80.4737,4651.97,-28.4246,1.54739,-7.35797e-05,-0.0239923,-80.4857,4726.28,-28.8786,1.57211,-0.00206599,0.0118616,-80.3847,4752.2,-29.0369,1.58073,-0.00208123,-0.0118025,-80.3916
8.719,380.787,-7.66328,25.2465,0.000822852,-0.195519,-0.0469776,2.80707e-05,0.000332513,0.00611082,4246.65,3,0,0,0,-0.0251212,0.0249734,-0.0117535,0.0117584,4603.25,-28.13,1.53064,-3.04346e-05,0.0251642,-80.4683,4644.6,-28.3827,1.54439,-4.40336e-05,-0.0249722,-80.4801,4726.04,-28.8804,1.57147,-0.00210284,0.0118789,-80.3699,4751.87,-29.0382,1.58006,-0.00209668,-0.0118208,-80.3769
8.729,381.04,-7.66911,25.2425,0.000999224,0.352753,0.0256129,0.000152929,0.00033263,0.00610819,4245.92,3,0,0,0,-0.0245678,0.0244503,-0.0117535,0.0117582,4614.14,-28.1844,1.5348,-8.51382e-05,0.0256211,-80.4471,4654.91,-28.4335,1.54836,-0.000105174,-0.0255707,-80.4588,4726.12,-28.8684,1.57205,-0.00209588,0.0118816,-80.3557,4751.83,-29.0254,1.5806,-0.00208998,-0.0118199,-80.3627
8.739,381.292,-7.67494,25.2367,0.00079874,-0.830134,-0.0739732,6.02459e-06,0.000332396,0.00610829,4245.13,3,0,0,0,-0.0250694,0.0248563,-0.0117532,0.0117581,4605.08,-28.1295,1.53071,-0.000270633,0.024806,-80.4354,4647.15,-28.3865,1.54469,-0.000289875,-0.0245397,-80.4471,4726.21,-28.8695,1.57097,-0.00210379,0.0118649,-80.3415,4751.88,-29.0262,1.5795,-0.00209509,-0.0118068,-80.3485
8.749,381.544,-7.68077,25.2331,0.000602416,-0.443752,-0.481317,-0.000101971,0.000332419,0.00610641,4244.36,3,0,0,0,-0.024889,0.024715,-0.0117546,0.0117591,4607.41,-28.1351,1.53159,0.000166528,0.024954,-80.4216,4648.78,-28.3877,1.54534,0.000144852,-0.0248977,-80.4336,4726.31,-28.8612,1.57112,-0.0021109,0.0118736,-80.3266,4751.89,-29.0174,1.57962,-0.00211656,-0.011815,-80.3336
8.759,381.796,-7.68661,25.2285,0.000889117,-1.01637,0.0259733,6.89884e-05,0.000332148,0.00610475,4243.65,3,0,0,0,-0.0247821,0.0246449,-0.0117499,0.0117545,4610.45,-28.146,1.53135,0.000157746,0.0246457,-80.4031,4651.49,-28.3966,1.54498,0.00011278,-0.0244658,-80.4148,4726.25,-28.8529,1.56981,-0.00213075,0.0118279,-80.3126,4751.7,-29.0083,1.57827,-0.00212345,-0.0117655,-80.3196
8.769,382.049,-7.69244,25.2234,0.000934948,-0.843632,0.0675442,0.00013005,0.000331782,0.00610378,4242.85,3,0,0,0,-0.0249305,0.024744,-0.0117533,0.0117577,4606.23,-28.1157,1.52826,-2.299e-05,0.0249671,-80.3922,4648.61,-28.3745,1.54232,2.27842e-05,-0.0247346,-80.4041,4726.53,-28.8501,1.56818,-0.00211701,0.0118621,-80.298,4751.91,-29.005,1.5766,-0.00210916,-0.0118082,-80.3049
8.779,382.301,-7.69826,25.2196,0.000826857,0.0634765,0.00783004,5.15227e-05,0.000331639,0.00610209,4242.08,3,0,0,0,-0.0249031,0.0246906,-0.0117553,0.0117601,4607.53,-28.1159,1.52803,-5.76224e-05,0.0251545,-80.3763,4649.65,-28.3729,1.542,-8.17047e-05,-0.0248577,-80.388,4726.67,-28.8429,1.56755,-0.00210891,0.0118773,-80.2837,4752.01,-28.9976,1.57595,-0.00210128,-0.0118202,-80.2906
8.789,382.553,-7.70409,25.2146,0.00075111,-0.163313,0.0622305,-3.06238e-06,0.00033141,0.00610053,4241.32,3,0,0,0,-0.0249413,0.0247657,-0.0117572,0.0117619,4608.02,-28.1117,1.52715,-0.000174399,0.0252981,-80.3609,4648.93,-28.3613,1.5407,-0.00018886,-0.0249363,-80.3727,4726.69,-28.8356,1.56647,-0.00209704,0.0118658,-80.2695,4752.01,-28.9901,1.57487,-0.00208625,-0.0118089,-80.2763
8.799,382.805,-7.70992,25.2097,0.000899575,-0.787725,0.137938,0.000109217,0.000331289,0.00609885,4240.58,3,0,0,0,-0.0248554,0.0247348,-0.0117521,0.011757,4609.35,-28.1121,1.52703,-7.5271e-05,0.0251338,-80.3463,4649.76,-28.3586,1.54042,-7.19555e-05,-0.0248893,-80.3584,4726.75,-28.8281,1.56592,-0.00210432,0.0118975,-80.2551,4752.08,-28.9826,1.57431,-0.00209396,-0.0118411,-80.2619
8.809,383.057,-7.71574,25.2056,0.000763081,-0.206891,-0.138178,2.11213e-05,0.000330776,0.00609718,4239.75,3,0,0,0,-0.0248425,0.0246593,-0.0117542,0.011759,4608.18,-28.0972,1.52427,-0.000145375,0.025037,-80.3318,4649.68,-28.3503,1.538,-0.0001235,-0.0248513,-80.3434,4726.62,-28.8194,1.56345,-0.00209317,0.0118421,-80.2403,4751.93,-28.9737,1.57183,-0.00208702,-0.0117857,-80.2472
8.819,383.309,-7.72157,25.2012,0.000791918,-0.913625,-0.0660412,3.41233e-05,0.000330669,0.00609571,4239.04,3,0,0,0,-0.0249776,0.0247808,-0.0117539,0.0117587,4606.65,-28.0811,1.52327,0.000185835,0.0251543,-80.3194,4648.28,-28.3349,1.53704,0.000235707,-0.0249019,-80.3313,4726.85,-28.8139,1.56302,-0.00213067,0.0119002,-80.226,4752.13,-28.9679,1.57138,-0.00212494,-0.0118455,-80.2329
8.829,383.561,-7.72739,25.1962,0.000529276,-0.540205,-0.529241,-0.000139287,0.000330339,0.00609376,4238.29,3,0,0,0,-0.0248736,0.0247035,-0.0117537,0.0117589,4607.33,-28.0763,1.52198,-0.000135311,0.0246422,-80.3023,4648.72,-28.3285,1.53565,-0.000154455,-0.0245936,-80.3141,4726.68,-28.8036,1.56141,-0.00208966,0.0118564,-80.2118,4752.01,-28.958,1.56977,-0.00209497,-0.011798,-80.2186
8.839,383.813,-7.73321,25.1916,0.000819035,-0.806518,-0.0130604,5.78231e-05,0.000330172,0.00609207,4237.53,3,0,0,0,-0.0248761,0.0247503,-0.0117532,0.0117581,4608.03,-28.0728,1.52144,-4.82631e-05,0.0249888,-80.2893,4648.72,-28.3207,1.53488,-4.04806e-05,-0.0248051,-80.301,4726.78,-28.7962,1.56065,-0.00209389,0.0118712,-80.1974,4752.07,-28.9503,1.569,-0.00208927,-0.0118153,-80.2042
8.849,384.065,-7.73903,25.1867,0.00102673,-0.182047,0.45818,0.000177634,0.000329913,0.00609043,4236.76,3,0,0,0,-0.0248524,0.0246707,-0.011754,0.0117587,4606.57,-28.0563,1.51977,-0.000484051,0.024831,-80.2723,4647.83,-28.3077,1.53338,-0.000490874,-0.0244038,-80.2838,4726.83,-28.7888,1.55944,-0.00205025,0.0118725,-80.1831,4752.1,-28.9427,1.56778,-0.00203264,-0.0118164,-80.1899
8.859,384.316,-7.74485,25.183,0.000783846,-0.644256,-0.0390138,2.29765e-05,0.000329553,0.00608864,4236.24,3,0,0,0,-0.0249281,0.0247063,-0.0117541,0.0117589,4606.45,-28.0474,1.51807,0.000112634,0.0250745,-80.2612,4648.24,-28.3018,1.53184,9.79762e-05,-0.0247862,-80.2728,4726.8,-28.7802,1.55773,-0.00210851,0.0119155,-80.1685,4752.02,-28.9337,1.56604,-0.00210157,-0.0118605,-80.1754
8.869,384.568,-7.75067,25.1779,0.00103648,-0.829906,0.128226,0.000198939,0.000329714,0.00608706,4235.26,3,0,0,0,-0.024931,0.0247902,-0.0117444,0.0117496,4606.75,-28.0419,1.51891,-2.86136e-05,0.0253139,-80.2457,4647.57,-28.2904,1.53237,-3.62164e-05,-0.0251537,-80.2575,4726.67,-28.7719,1.55845,-0.00207689,0.0118437,-80.1545,4751.9,-28.9254,1.56677,-0.00208381,-0.0117896,-80.1612
8.879,384.82,-7.75649,25.1734,0.000854014,-0.835032,-0.0151509,7.5202e-05,0.000329407,0.00608503,4234.41,3,0,0,0,-0.0247833,0.0246885,-0.0117511,0.0117559,4608.93,-28.0458,1.51822,-2.06535e-05,0.024915,-80.2307,4649.71,-28.2939,1.53165,-3.39613e-05,-0.0247888,-80.2425,4727.05,-28.7646,1.55712,-0.00213511,0.0119508,-80.14,4752.26,-28.918,1.56543,-0.00213069,-0.0118932,-80.1468
8.889,385.071,-7.7623,25.1694,0.00144022,0.183635,0.915607,0.000504872,0.000329282,0.00608328,4233.72,3,0,0,0,-0.0246419,0.024453,-0.0117535,0.0117578,4607.63,-28.0298,1.51721,-0.000259597,0.0247355,-80.215,4648.04,-28.2756,1.53052,-0.000306284,-0.0243008,-80.2267,4726.8,-28.7548,1.55645,-0.00207604,0.0118571,-80.1256,4752.09,-28.9087,1.56478,-0.00205392,-0.0118006,-80.1324
8.899,385.323,-7.76812,25.1648,0.000646962,0.34076,-0.210581,-8.1526e-05,0.000329045,0.00608203,4232.98,3,0,0,0,-0.0249046,0.0246775,-0.0117608,0.0117653,4602.42,-27.9924,1.5144,-0.000327458,0.0248862,-80.2008,4644.36,-28.2475,1.5282,-0.000399221,-0.0246175,-80.2118,4726.23,-28.7454,1.55514,-0.00207259,0.0117573,-80.1109,4751.54,-28.8994,1.56347,-0.00206858,-0.0117009,-80.1178
8.909,385.575,-7.77393,25.1602,0.000703454,-0.402435,-0.12414,-2.23603e-05,0.000329193,0.00608066,4232.21,3,0,0,0,-0.0249858,0.0248419,-0.0117537,0.0117588,4603.35,-27.9917,1.51539,3.45039e-05,0.0251953,-80.19,4643.67,-28.2369,1.52866,3.49561e-05,-0.0250059,-80.2019,4727.03,-28.7438,1.5561,-0.00208809,0.0118908,-80.0966,4752.35,-28.8978,1.56444,-0.00208416,-0.0118363,-80.1034
8.919,385.826,-7.77975,25.1567,0.000773918,0.253894,-0.0350088,3.10241e-05,0.000328887,0.00607787,4231.42,3,0,0,0,-0.024705,0.0245733,-0.0117549,0.0117597,4610.97,-28.0252,1.51649,0.000221695,0.0257817,-80.1721,4651.99,-28.2746,1.52998,0.000170639,-0.0256277,-80.1835,4727.05,-28.7308,1.55467,-0.00213569,0.011878,-80.0824,4752.36,-28.8846,1.56299,-0.00213103,-0.0118225,-80.0892
8.929,386.078,-7.78556,25.1507,0.000763967,-0.656751,-0.0280887,2.49489e-05,0.000328696,0.0060774,4230.71,3,0,0,0,-0.0250156,0.0248128,-0.0117541,0.0117586,4604.38,-27.983,1.51344,-8.83551e-05,0.0250151,-80.1601,4646.63,-28.2398,1.52733,-6.28802e-05,-0.0247494,-80.1717,4727.09,-28.7288,1.55377,-0.0020863,0.0118705,-80.0682,4752.33,-28.8822,1.56207,-0.00208193,-0.0118184,-80.075
8.939,386.329,-7.79137,25.1462,0.000738648,-0.624881,0.0146108,3.68128e-06,0.000328771,0.00607563,4229.93,3,0,0,0,-0.0249746,0.0247752,-0.0117546,0.0117593,4607.27,-27.9924,1.51473,-7.95681e-05,0.0250302,-80.1429,4649.11,-28.2466,1.52849,-2.45719e-05,-0.0247233,-80.1541,4727.08,-28.7203,1.55413,-0.0020469,0.011862,-80.0541,4752.28,-28.8735,1.56241,-0.00203401,-0.0118069,-80.0609
8.949,386.58,-7.79718,25.1418,0.000807324,-0.587388,-0.0293764,6.58788e-05,0.00032877,0.0060741,4229.09,3,0,0,0,-0.024906,0.0247516,-0.0117535,0.0117584,4609.29,-27.9976,1.5154,-7.76385e-05,0.025068,-80.1291,4650.07,-28.2453,1.5288,-6.04582e-05,-0.0248886,-80.1411,4727.31,-28.7145,1.5542,-0.00206869,0.0119594,-80.0397,4752.58,-28.868,1.5625,-0.00206026,-0.0119033,-80.0464
8.959,386.832,-7.80299,25.1368,0.000709698,-0.932538,-0.131257,-1.25857e-05,0.00032863,0.00607246,4228.43,3,0,0,0,-0.024804,0.024671,-0.0117491,0.011754,4610.7,-27.9986,1.51521,-0.000151548,0.0251346,-80.1133,4651.82,-28.2484,1.52873,-0.000115462,-0.024933,-80.1253,4727.04,-28.7051,1.55345,-0.00208027,0.0118657,-80.0255,4752.34,-28.8588,1.56176,-0.00207569,-0.0118109,-80.0323
8.969,387.083,-7.80879,25.1326,0.000811577,-0.437263,-0.0200068,5.54673e-05,0.000328433,0.00607151,4227.67,3,0,0,0,-0.0249655,0.0247651,-0.0117547,0.0117592,4605.68,-27.9638,1.51266,-0.000209959,0.0250276,-80.1011,4647.64,-28.2185,1.52644,-0.000235018,-0.0248007,-80.1124,4727.03,-28.7006,1.55251,-0.00206167,0.0118664,-80.011,4752.35,-28.8543,1.56083,-0.00205602,-0.0118116,-80.0179
8.979,387.334,-7.8146,25.1284,0.000696845,-0.392945,0.0164031,-2.32219e-05,0.000328342,0.00606966,4226.86,3,0,0,0,-0.024877,0.0246462,-0.0117544,0.0117592,4607.63,-27.9671,1.51288,-5.51266e-05,0.0254846,-80.0859,4648.85,-28.2173,1.52641,-0.000101091,-0.0251041,-80.0973,4727.2,-28.6928,1.55214,-0.00207671,0.0119261,-79.9966,4752.45,-28.8461,1.56043,-0.00206315,-0.0118712,-80.0035
8.989,387.585,-7.8204,25.1242,0.000726747,0.0387466,0.0707296,-2.8832e-05,0.00032825,0.00606849,4226.16,3,0,0,0,-0.0249957,0.0248394,-0.0117549,0.0117597,4604.65,-27.9436,1.51148,-7.72688e-05,0.0253244,-80.0735,4645.38,-28.1908,1.52485,-6.8925e-05,-0.0249892,-80.0851,4727.08,-28.6866,1.55167,-0.00209335,0.0118577,-79.9821,4752.31,-28.8397,1.55995,-0.00207964,-0.0118044,-79.9889
8.999,387.837,-7.82621,25.1203,0.000711214,-0.791237,0.0148824,6.10976e-06,0.000328211,0.00606591,4225.34,3,0,0,0,-0.024768,0.0246172,-0.0117521,0.0117575,4609.56,-27.9615,1.51291,0.000595659,0.0257104,-80.0563,4650.05,-28.2071,1.5262,0.000508596,-0.0253987,-80.0682,4726.98,-28.6738,1.55145,-0.00219087,0.0118556,-79.9681,4752.26,-28.8271,1.55975,-0.00218159,-0.0118054,-79.9749
9.009,388.088,-7.83201,25.1148,0.000796965,-0.897059,-0.0145414,7.22968e-05,0.000327828,0.00606492,4224.65,3,0,0,0,-0.0248798,0.0246496,-0.0117546,0.011759,4605.84,-27.9344,1.50992,1.92423e-05,0.0248403,-80.0433,4647.77,-28.1887,1.52367,1.37118e-05,-0.0245457,-80.0546,4727.12,-28.67,1.54968,-0.00204553,0.0118592,-79.9533,4752.38,-28.8232,1.55796,-0.00204171,-0.0118072,-79.9602
9.019,388.339,-7.83781,25.1105,0.000861039,-0.930317,0.0294523,6.9799e-05,0.000328039,0.00606346,4223.9,3,0,0,0,-0.0249564,0.0247817,-0.0117513,0.0117556,4604.95,-27.9223,1.5106,0.000223137,0.02501,-80.0299,4645.75,-28.1697,1.52399,0.000228488,-0.024791,-80.0414,4727.3,-28.6641,1.55074,-0.00210435,0.0118652,-79.9394,4752.45,-28.8167,1.55899,-0.00209626,-0.01181,-79.9462
9.029,388.59,-7.84361,25.1063,0.000915866,-0.0517018,0.25689,0.000120612,0.000328176,0.00606147,4223.13,3,0,0,0,-0.0248158,0.0246934,-0.0117555,0.0117597,4608.43,-27.9342,1.51237,5.34017e-05,0.0251183,-80.0133,4648.29,-28.1758,1.52545,8.99056e-06,-0.0248659,-80.0251,4727,-28.6529,1.55129,-0.00211383,0.0118391,-79.9252,4752.23,-28.8059,1.55957,-0.00209788,-0.0117829,-79.9319
9.039,388.841,-7.84941,25.1012,0.000808935,-0.53713,-0.124234,5.85073e-05,0.000327705,0.00606028,4222.34,3,0,0,0,-0.0247897,0.0246648,-0.0117532,0.0117576,4607.99,-27.9261,1.51006,-6.59202e-05,0.0253754,-79.9997,4649.52,-28.1777,1.52367,-6.62e-05,-0.0252927,-80.0111,4727.4,-28.6497,1.54919,-0.00206814,0.0119034,-79.9108,4752.53,-28.802,1.55742,-0.00206771,-0.0118484,-79.9176
9.049,389.092,-7.85521,25.0965,0.000809614,-0.835434,0.159666,7.17149e-05,0.000327762,0.00605904,4221.6,3,0,0,0,-0.0250064,0.0248016,-0.011755,0.0117594,4604.56,-27.8996,1.5092,5.15519e-06,0.0251168,-79.9876,4646.18,-28.1518,1.52284,-3.37757e-05,-0.0247455,-79.9991,4727.3,-28.6433,1.54943,-0.00207514,0.011867,-79.8965,4752.44,-28.7956,1.55767,-0.00205863,-0.0118121,-79.9033
9.059,389.343,-7.861,25.093,0.000647277,0.605193,-0.2042,-4.43161e-05,0.000327578,0.0060571,4220.87,3,0,0,0,-0.02488,0.0246706,-0.0117609,0.0117644,4605,-27.8933,1.50849,-0.000186698,0.0242909,-79.9703,4647.25,-28.1492,1.52234,-0.000249876,-0.0240543,-79.9818,4726.79,-28.631,1.54839,-0.00198985,0.0117875,-79.8819,4751.93,-28.7832,1.55662,-0.00197987,-0.0117332,-79.8887
9.069,389.593,-7.8668,25.0876,0.000837626,-0.714295,0.0147276,5.74467e-05,0.000327694,0.00605614,4220.12,3,0,0,0,-0.0249576,0.0248251,-0.011753,0.0117576,4606.99,-27.9009,1.50968,7.68454e-05,0.0250739,-79.9578,4647.38,-28.1455,1.52292,1.79932e-05,-0.0248984,-79.9694,4727.28,-28.6294,1.5491,-0.00208685,0.0118693,-79.8681,4752.43,-28.7818,1.55735,-0.00207709,-0.0118113,-79.8748
9.079,389.844,-7.87259,25.0822,0.000666936,-0.901541,-0.394373,-1.06029e-05,0.00032747,0.00605452,4219.34,3,0,0,0,-0.0248679,0.0247219,-0.0117548,0.0117595,4608.03,-27.8997,1.50899,-0.000376497,0.0244538,-79.9397,4649.56,-28.1512,1.52259,-0.000271563,-0.0243777,-79.9516,4726.91,-28.6195,1.54792,-0.00201606,0.0118497,-79.8544,4752.21,-28.7727,1.55621,-0.00203341,-0.0117994,-79.861
9.089,390.095,-7.87839,25.0788,0.000764,-0.462665,0.128046,1.7399e-05,0.000326984,0.00605329,4218.6,3,0,0,0,-0.0249387,0.0247144,-0.011755,0.0117594,4606.29,-27.8836,1.50619,3.74842e-06,0.0251011,-79.9294,4648.18,-28.1372,1.51988,-3.50189e-05,-0.0246931,-79.9405,4727.36,-28.6164,1.54577,-0.00206175,0.0118703,-79.8396,4752.53,-28.7688,1.554,-0.00204756,-0.0118153,-79.8464
9.099,390.346,-7.88418,25.0741,0.000321767,-0.178778,-0.6051,-0.00027038,0.000327015,0.00605166,4217.88,3,0,0,0,-0.0248298,0.0246199,-0.0117554,0.0117599,4606.62,-27.878,1.50643,-0.000268618,0.0247258,-79.9109,4648.26,-28.1301,1.52005,-0.000328001,-0.0245515,-79.9225,4727.29,-28.6083,1.54589,-0.00201944,0.0118008,-79.8256,4752.39,-28.7602,1.5541,-0.00202132,-0.0117465,-79.8323
9.109,390.596,-7.88997,25.0704,0.000698054,0.615579,-0.0694713,-1.88859e-05,0.000326548,0.00605045,4217.1,3,0,0,0,-0.0250032,0.024848,-0.0117599,0.0117636,4604.8,-27.8615,1.50369,-0.000260247,0.0250846,-79.8997,4644.94,-28.1043,1.5168,-0.000210576,-0.0248808,-79.9115,4727.5,-28.6039,1.54376,-0.00204355,0.0118629,-79.8111,4752.57,-28.7555,1.55194,-0.00204012,-0.01181,-79.8178
9.119,390.847,-7.89576,25.0653,0.000792388,-0.274987,-0.066592,3.87633e-05,0.000326115,0.00604865,4216.35,3,0,0,0,-0.0248336,0.0246936,-0.0117555,0.01176,4607.54,-27.8697,1.50259,-6.08987e-05,0.0251021,-79.884,4648.17,-28.1155,1.51584,-7.37086e-05,-0.0249543,-79.8954,4727.59,-28.5959,1.54174,-0.00207102,0.0118624,-79.797,4752.52,-28.7467,1.54987,-0.00206775,-0.0118073,-79.8037
9.129,391.097,-7.90155,25.0605,0.000654963,-0.292783,-0.269775,-4.56919e-05,0.000325722,0.0060474,4215.66,3,0,0,0,-0.0249852,0.024783,-0.0117558,0.0117602,4605,-27.8487,1.49995,-0.000222426,0.0249189,-79.8699,4646.53,-28.0998,1.51348,-0.000227064,-0.0247673,-79.881,4727.63,-28.5903,1.5399,-0.00206379,0.0118602,-79.7828,4752.5,-28.7406,1.54799,-0.00206616,-0.0118066,-79.7895
9.139,391.348,-7.90734,25.0561,0.000977609,-0.808681,0.164148,0.000171456,0.000325548,0.0060458,4214.85,3,0,0,0,-0.0248829,0.0246924,-0.0117499,0.0117543,4607.83,-27.8584,1.50007,6.04305e-05,0.0251129,-79.856,4648.08,-28.1017,1.51317,5.16135e-05,-0.0248804,-79.8675,4727.69,-28.583,1.53909,-0.00205509,0.0118463,-79.7682,4752.48,-28.7329,1.54716,-0.00204699,-0.0117964,-79.7748
9.149,391.598,-7.91312,25.0514,0.000790135,-0.401169,0.000691946,6.54698e-05,0.000324987,0.00604461,4214.13,3,0,0,0,-0.0249506,0.0248173,-0.0117545,0.0117592,4605.92,-27.8414,1.49687,-0.00034287,0.0249528,-79.8403,4645.92,-28.0831,1.50987,-0.00028306,-0.024759,-79.8522,4727.72,-28.5776,1.53645,-0.00203813,0.0118716,-79.7545,4752.48,-28.7272,1.5445,-0.00203485,-0.0118187,-79.761
9.159,391.849,-7.91891,25.0471,0.00079384,-0.491199,-0.0265216,5.04381e-05,0.000324697,0.00604261,4213.34,3,0,0,0,-0.0248658,0.0247143,-0.0117558,0.0117601,4607.14,-27.8395,1.49593,-0.000103145,0.0249972,-79.8269,4647.96,-28.0861,1.50918,-7.34009e-05,-0.0248085,-79.8384,4727.76,-28.5683,1.53509,-0.00203103,0.011865,-79.7398,4752.48,-28.7177,1.54312,-0.00202873,-0.0118113,-79.7464
9.169,392.099,-7.92469,25.0429,0.000979903,0.359087,0.373585,0.00018835,0.000324322,0.00604123,4212.61,3,0,0,0,-0.0249262,0.0247045,-0.0117561,0.0117606,4605.35,-27.8223,1.49362,-0.000222612,0.0248108,-79.8133,4646.1,-28.0685,1.50683,-0.000173871,-0.0244158,-79.8246,4727.5,-28.5603,1.53323,-0.00218264,0.0118275,-79.7257,4752.19,-28.7094,1.54124,-0.00216532,-0.0117738,-79.7324
9.179,392.35,-7.93048,25.0377,0.000573745,-0.573547,-0.357229,-0.000101698,0.000324272,0.0060401,4211.8,3,0,0,0,-0.0249707,0.0247798,-0.0117521,0.0117571,4604.91,-27.8144,1.49324,-0.000251081,0.0247105,-79.7982,4645.69,-28.0608,1.50647,-0.000293306,-0.0245714,-79.8095,4727.77,-28.5566,1.53308,-0.00201712,0.0118653,-79.7118,4752.49,-28.7059,1.5411,-0.0020179,-0.0118089,-79.7183
9.189,392.6,-7.93626,25.0337,0.00080939,-0.394144,0.0212543,6.40024e-05,0.000323989,0.00603826,4211.1,3,0,0,0,-0.0249234,0.0247792,-0.0117561,0.0117604,4607.17,-27.8196,1.49267,-0.000104755,0.0250905,-79.7839,4647.13,-28.0609,1.50562,-7.71907e-05,-0.0248923,-79.7955,4727.73,-28.5476,1.53173,-0.00205977,0.0118626,-79.6975,4752.52,-28.6973,1.53977,-0.00205423,-0.0118075,-79.704
9.199,392.85,-7.94204,25.0297,0.000779663,0.286973,-0.0178976,3.45382e-05,0.000323736,0.00603681,4210.34,3,0,0,0,-0.0248549,0.0247136,-0.0117554,0.0117598,4606.51,-27.8089,1.49129,-0.000173575,0.0249515,-79.7699,4646.47,-28.0502,1.50423,-0.000184102,-0.0247878,-79.7811,4727.62,-28.5401,1.5305,-0.00204434,0.0118492,-79.683,4752.39,-28.6896,1.53852,-0.00203573,-0.0117912,-79.6896
9.209,393.1,-7.94782,25.0246,0.000657331,-0.688931,-0.123108,-4.84523e-05,0.00032342,0.0060354,4209.61,3,0,0,0,-0.0248837,0.0246537,-0.0117533,0.0117579,4606.84,-27.8044,1.48994,-5.26395e-05,0.0249725,-79.755,4648.14,-28.0537,1.5033,-2.37127e-05,-0.0246798,-79.7662,4727.79,-28.5345,1.52906,-0.00209012,0.011868,-79.6691,4752.57,-28.684,1.53708,-0.00208393,-0.0118137,-79.6757
9.219,393.351,-7.9536,25.0204,0.000437969,0.319364,-0.162309,-0.000178459,0.000323345,0.00603407,4208.84,3,0,0,0,-0.0249333,0.0247482,-0.0117575,0.0117616,4605.01,-27.7873,1.48901,-0.000325094,0.0255647,-79.7402,4645.34,-28.0307,1.50205,-0.000369863,-0.0251872,-79.7515,4727.91,-28.5289,1.52875,-0.00202591,0.0118535,-79.6549,4752.63,-28.6781,1.53674,-0.00201666,-0.0117987,-79.6614
9.229,393.601,-7.95938,25.0161,0.000812651,-0.665931,0.0869565,5.22819e-05,0.000323173,0.00603251,4208.09,3,0,0,0,-0.0249205,0.0247946,-0.011754,0.0117583,4605.81,-27.7849,1.48847,0.000254083,0.0251792,-79.7284,4645.72,-28.0257,1.50137,0.00015566,-0.0249572,-79.7397,4727.63,-28.5198,1.52784,-0.00209059,0.0118256,-79.6401,4752.41,-28.6693,1.53585,-0.00207946,-0.0117728,-79.6466
9.239,393.851,-7.96516,25.0113,0.000754516,-0.212649,-0.0852579,2.80169e-05,0.000322858,0.0060307,4207.21,3,0,0,0,-0.024925,0.0247534,-0.0117554,0.0117607,4606.99,-27.7837,1.4874,-0.000195253,0.0249942,-79.7116,4648,-28.031,1.50064,-0.000191104,-0.0248117,-79.7228,4727.97,-28.5133,1.52646,-0.00204536,0.0118765,-79.6266,4752.73,-28.6626,1.53446,-0.002045,-0.0118236,-79.6332
9.249,394.101,-7.97093,25.0068,0.000613471,-0.547513,-0.259687,-9.10425e-05,0.000322611,0.00602938,4206.59,3,0,0,0,-0.0249446,0.0247449,-0.0117536,0.0117581,4606.94,-27.7773,1.48625,1.84439e-05,0.0253576,-79.6987,4648.34,-28.0269,1.49961,2.84989e-05,-0.0251488,-79.7097,4727.95,-28.507,1.52529,-0.00206866,0.0118688,-79.6123,4752.68,-28.656,1.53327,-0.00206536,-0.0118132,-79.6189
9.259,394.351,-7.97671,25.0027,0.000884508,-0.160202,0.482134,7.35406e-05,0.000322718,0.00602777,4205.84,3,0,0,0,-0.0248825,0.0247153,-0.0117574,0.0117616,4609.38,-27.7846,1.48753,1.56438e-06,0.0257942,-79.6831,4648.73,-28.0218,1.50023,-7.64269e-06,-0.0252835,-79.6945,4727.88,-28.4989,1.52578,-0.00209594,0.011867,-79.5987,4752.64,-28.6482,1.53376,-0.00207652,-0.0118065,-79.6052
9.269,394.601,-7.98248,24.9979,0.000792908,-0.449532,0.0179943,3.03546e-05,0.000322453,0.00602686,4205.09,3,0,0,0,-0.024951,0.0248225,-0.0117551,0.0117597,4605.88,-27.7594,1.48518,1.05414e-05,0.0251113,-79.6714,4645.7,-27.9993,1.49802,-2.56706e-05,-0.0249129,-79.6825,4727.9,-28.4948,1.52453,-0.00206202,0.0118524,-79.584,4752.63,-28.6438,1.5325,-0.00205401,-0.0117965,-79.5905
9.279,394.851,-7.98825,24.9927,0.00108912,-3.39633,0.275542,0.000263321,0.000322624,0.00602477,4204.27,3,0,0,0,-0.0248714,0.0246858,-0.0117588,0.0117628,4610.03,-27.7747,1.48731,0.00068061,0.0251763,-79.6548,4650.73,-28.0199,1.50044,0.000740458,-0.024855,-79.6661,4728.29,-28.4872,1.52546,-0.002076,0.0119446,-79.5699,4752.91,-28.6355,1.5334,-0.00207799,-0.0118862,-79.5764
9.289,395.1,-7.99402,24.989,0.000775227,-0.206048,0.00900659,2.1763e-05,0.000322313,0.00602396,4203.59,3,0,0,0,-0.0249952,0.0247726,-0.0117568,0.0117611,4604.65,-27.7385,1.48414,-3.30631e-05,0.0252684,-79.6429,4646.01,-27.9877,1.49747,-4.70408e-05,-0.0249638,-79.6539,4727.96,-28.4814,1.52388,-0.00204559,0.0118669,-79.5555,4752.73,-28.6306,1.53187,-0.0020388,-0.0118117,-79.5621
9.299,395.35,-7.99979,24.9851,0.000446472,-0.0861358,-0.575644,-0.000243136,0.000322568,0.00602183,4202.88,3,0,0,0,-0.0247917,0.0246272,-0.0117629,0.0117654,4606.5,-27.7399,1.48591,2.11679e-05,0.0241259,-79.6258,4647.97,-27.9896,1.49929,7.98932e-05,-0.0240555,-79.6374,4728.06,-28.472,1.52512,-0.00201673,0.0118633,-79.5412,4752.89,-28.6215,1.53313,-0.00201781,-0.011807,-79.5478
9.309,395.6,-8.00556,24.9792,0.000799516,0.141456,-0.0534372,5.92586e-05,0.000322118,0.00602168,4202.1,3,0,0,0,-0.0250864,0.0249338,-0.0117561,0.0117604,4602.26,-27.7137,1.48247,-0.000732704,0.0249063,-79.6115,4642.68,-27.9571,1.49549,-0.000638506,-0.0247369,-79.623,4727.93,-28.4705,1.52295,-0.00197896,0.0118522,-79.5276,4752.82,-28.6203,1.53097,-0.0019778,-0.011799,-79.5342
9.319,395.85,-8.01133,24.9754,0.000924226,-0.361436,0.189425,9.40264e-05,0.000322125,0.00601938,4201.35,3,0,0,0,-0.0247123,0.0245759,-0.0117547,0.0117585,4607.75,-27.7361,1.48427,-5.96034e-05,0.025193,-79.5986,4647.8,-27.9772,1.49717,-9.73853e-05,-0.0249565,-79.6096,4727.96,-28.4597,1.523,-0.00203258,0.0118603,-79.5131,4752.66,-28.6084,1.53095,-0.00201919,-0.0118019,-79.5197
9.329,396.099,-8.0171,24.9704,0.000823132,-0.525922,-0.081833,7.09667e-05,0.000322174,0.00601805,4200.6,3,0,0,0,-0.0247705,0.024519,-0.0117546,0.0117581,4607.97,-27.7313,1.48457,-0.000284478,0.0255108,-79.5805,4648.67,-27.9763,1.49768,-0.000243593,-0.0253146,-79.5916,4727.72,-28.452,1.52315,-0.00209606,0.0117772,-79.4998,4752.47,-28.601,1.53112,-0.00209225,-0.0117218,-79.5064
9.339,396.349,-8.02286,24.9663,0.0011366,-0.334843,0.869781,0.00029458,0.000321745,0.00601769,4199.86,3,0,0,0,-0.025138,0.0249522,-0.0117565,0.0117608,4601.53,-27.6909,1.48052,-0.000199611,0.0256664,-79.5716,4640.58,-27.9259,1.49309,-0.000130151,-0.0250533,-79.583,4728.15,-28.4529,1.52126,-0.00206658,0.0118671,-79.4848,4752.82,-28.6013,1.5292,-0.00203714,-0.0118161,-79.4914
9.349,396.599,-8.02863,24.9624,0.000690057,-0.872179,0.0537139,-4.60354e-05,0.000321834,0.00601516,4199.02,3,0,0,0,-0.0247165,0.0246098,-0.0117543,0.0117579,4609.96,-27.73,1.48364,0.000317762,0.0254298,-79.5545,4649.38,-27.9671,1.49633,0.000230742,-0.0251562,-79.5659,4728.66,-28.444,1.52184,-0.00210352,0.0119694,-79.4709,4753.32,-28.5923,1.52978,-0.00208732,-0.0119101,-79.4774
9.359,396.848,-8.03439,24.9576,0.000835157,0.762595,-0.0163899,6.58264e-05,0.000321303,0.00601479,4198.36,3,0,0,0,-0.0251305,0.0249453,-0.0117582,0.0117626,4601.33,-27.6764,1.47842,-0.000664995,0.0248799,-79.5409,4642.3,-27.9228,1.49159,-0.000657007,-0.0246856,-79.5519,4728.46,-28.441,1.51927,-0.00198253,0.0118628,-79.4569,4753.11,-28.5893,1.52719,-0.0019779,-0.0118052,-79.4634
9.369,397.098,-8.04015,24.9535,0.000736888,-0.229559,0.0376121,-1.02872e-05,0.000321135,0.00601237,4197.62,3,0,0,0,-0.0248278,0.0246233,-0.0117573,0.0117615,4609.22,-27.7126,1.48018,7.35074e-05,0.0253317,-79.5269,4649.95,-27.9575,1.49326,6.80906e-06,-0.0249998,-79.5378,4728.52,-28.43,1.51849,-0.00206086,0.0118655,-79.4426,4753.06,-28.5775,1.52637,-0.0020489,-0.0118072,-79.4491
9.379,397.347,-8.04591,24.9481,0.000579945,0.174619,-0.240772,-7.6797e-05,0.000320997,0.0060119,4196.79,3,0,0,0,-0.0249537,0.024793,-0.0117575,0.0117611,4605.53,-27.6883,1.47836,-0.000665549,0.0241978,-79.5094,4645.77,-27.9303,1.49128,-0.000665073,-0.0240498,-79.5209,4728.77,-28.4293,1.51792,-0.00194724,0.0119661,-79.4288,4753.29,-28.5766,1.52579,-0.00193959,-0.0119012,-79.4354
9.389,397.596,-8.05168,24.9446,0.000861096,-0.720107,0.197422,8.34568e-05,0.000320798,0.00601048,4196.13,3,0,0,0,-0.0249463,0.0248097,-0.0117567,0.0117608,4607.74,-27.6951,1.47816,0.000364139,0.0254785,-79.5012,4647.1,-27.9316,1.49078,0.000305917,-0.0251897,-79.5125,4728.41,-28.4203,1.51687,-0.00209822,0.0118643,-79.4142,4752.91,-28.5676,1.52472,-0.00208458,-0.0118082,-79.4207
9.399,397.846,-8.05743,24.9396,0.000990927,-0.659056,0.424242,0.000182941,0.000320627,0.00600873,4195.4,3,0,0,0,-0.0246775,0.0245161,-0.0117556,0.0117594,4608.91,-27.694,1.47774,-0.000171096,0.0242696,-79.4827,4648.34,-27.9309,1.49038,-0.00016252,-0.0238678,-79.494,4728.25,-28.4111,1.516,-0.00202446,0.0118528,-79.4001,4752.74,-28.5583,1.52386,-0.00201419,-0.0117979,-79.4066
9.409,398.095,-8.06319,24.9354,0.000754274,-0.40346,-0.0406892,4.22686e-06,0.000320438,0.00600831,4194.76,3,0,0,0,-0.025074,0.0248835,-0.0117574,0.0117616,4603.36,-27.6587,1.47509,2.98771e-05,0.0252096,-79.473,4643.87,-27.9021,1.48807,5.14784e-05,-0.0249583,-79.4839,4728.5,-28.4106,1.51519,-0.00202181,0.0118499,-79.386,4753.01,-28.5579,1.52304,-0.0020152,-0.0117928,-79.3925
9.419,398.344,-8.06895,24.9315,0.00109524,-0.803057,0.355974,0.000241948,0.000320781,0.00600622,4193.9,3,0,0,0,-0.0247773,0.0246161,-0.011752,0.0117551,4609.74,-27.6875,1.47872,0.000313921,0.0250779,-79.4558,4649.04,-27.9235,1.49132,0.000309957,-0.0248251,-79.4672,4728.39,-28.4001,1.51678,-0.00208921,0.0118682,-79.372,4752.94,-28.5475,1.52465,-0.00207749,-0.011811,-79.3784
9.429,398.594,-8.07471,24.9277,0.000708223,-0.804159,-0.0147796,6.57867e-06,0.000320472,0.0060047,4193.12,3,0,0,0,-0.0248465,0.024693,-0.0117542,0.011758,4606.43,-27.6606,1.47623,0.000694177,0.0246966,-79.4423,4646.22,-27.8995,1.48898,0.000578251,-0.0244732,-79.4534,4727.74,-28.389,1.51511,-0.00216359,0.011854,-79.3581,4752.38,-28.537,1.52301,-0.00215257,-0.0118025,-79.3646
9.439,398.843,-8.08046,24.9221,0.000913742,-0.634123,0.356365,0.000135873,0.000320041,0.00600385,4192.42,3,0,0,0,-0.0249686,0.0247723,-0.0117579,0.0117617,4603.64,-27.6399,1.47336,9.55074e-05,0.0249758,-79.4309,4644.65,-27.8861,1.48648,0.000105311,-0.0245402,-79.4419,4728.42,-28.3891,1.51329,-0.0020445,0.0118713,-79.3437,4752.99,-28.5366,1.52115,-0.00202856,-0.0118172,-79.3502
9.449,399.092,-8.08621,24.9171,0.00072806,-0.45611,-0.0182213,-1.52818e-05,0.000320224,0.00600223,4191.67,3,0,0,0,-0.0249158,0.024713,-0.0117568,0.0117611,4605.39,-27.643,1.47476,-0.000258541,0.0245684,-79.4122,4646.01,-27.8868,1.48776,-0.000303444,-0.0242723,-79.4234,4728.45,-28.3816,1.51416,-0.00201482,0.0118781,-79.3301,4752.97,-28.5288,1.52201,-0.00200646,-0.0118207,-79.3366
9.459,399.341,-8.09197,24.9135,0.000853793,0.082423,0.482931,7.6687e-05,0.000320211,0.00600088,4190.89,3,0,0,0,-0.0249463,0.0247833,-0.0117574,0.0117617,4607.58,-27.6498,1.4754,-5.10247e-05,0.0257274,-79.4,4646.72,-27.8847,1.48793,-3.85985e-05,-0.0251961,-79.4113,4728.5,-28.3755,1.51412,-0.00204536,0.0119015,-79.3157,4753.1,-28.5231,1.522,-0.00201908,-0.0118466,-79.3222
9.469,399.59,-8.09772,24.9092,0.000768581,-0.717465,0.0178597,2.85728e-05,0.000319927,0.00599913,4190.18,3,0,0,0,-0.0249121,0.0247549,-0.011758,0.0117625,4609.16,-27.6513,1.47459,0.000364623,0.0252593,-79.3862,4648.74,-27.8887,1.48726,0.000251805,-0.0250204,-79.3971,4728.43,-28.3668,1.51275,-0.0020897,0.0118708,-79.3016,4753.01,-28.5143,1.52062,-0.00207984,-0.0118133,-79.3081
9.479,399.839,-8.10347,24.9041,0.000790774,-0.47105,-0.00591298,4.43634e-05,0.000319748,0.00599788,4189.44,3,0,0,0,-0.0248737,0.0246983,-0.0117567,0.0117606,4607.47,-27.6354,1.47323,-8.41152e-05,0.0250463,-79.3715,4647.58,-27.8759,1.48605,-7.84213e-05,-0.0248191,-79.3827,4728.43,-28.3609,1.51191,-0.00201842,0.0118477,-79.2876,4752.95,-28.5079,1.51975,-0.00201044,-0.0117916,-79.2941
9.489,400.088,-8.10922,24.8996,0.00069185,-0.932193,-0.133659,-1.76864e-05,0.000319428,0.00599629,4188.7,3,0,0,0,-0.0248895,0.0246604,-0.0117564,0.0117606,4606.23,-27.6206,1.47136,4.76714e-05,0.0245135,-79.3572,4646.5,-27.8621,1.48422,2.45007e-05,-0.0242449,-79.3683,4728.65,-28.3547,1.51046,-0.0020187,0.0118679,-79.2735,4753.11,-28.5014,1.51828,-0.00201449,-0.0118122,-79.28
9.499,400.337,-8.11496,24.8946,0.000771319,-0.454527,-0.044648,7.1241e-05,0.000319027,0.00599574,4187.95,3,0,0,0,-0.0250567,0.0248918,-0.0117548,0.0117593,4603.6,-27.6023,1.46867,-0.000449803,0.0249178,-79.3417,4642.9,-27.8379,1.48121,-0.000390531,-0.0247462,-79.3534,4728.74,-28.3526,1.50859,-0.00198087,0.0118833,-79.2597,4753.11,-28.4987,1.51637,-0.00197818,-0.0118308,-79.2662
9.509,400.586,-8.12071,24.8911,0.000784717,-0.25991,-0.000626991,3.56006e-05,0.000318901,0.00599324,4187.19,3,0,0,0,-0.0248243,0.0247208,-0.0117571,0.0117612,4606.84,-27.6103,1.46913,-4.92708e-05,0.0250031,-79.3289,4645.91,-27.8444,1.48159,-1.13898e-06,-0.0248496,-79.3402,4728.76,-28.3409,1.50801,-0.00201674,0.011866,-79.2454,4753.06,-28.4866,1.51576,-0.00201141,-0.0118099,-79.2518
9.519,400.835,-8.12646,24.8859,0.00111056,-1.15517,0.641949,0.000280317,0.000318612,0.0059915,4186.47,3,0,0,0,-0.024782,0.0245782,-0.0117569,0.0117606,4605.81,-27.5961,1.46747,-0.000232922,0.0239666,-79.3117,4645.22,-27.8322,1.48002,-0.000234382,-0.0234649,-79.3228,4728.67,-28.3322,1.50661,-0.00197893,0.0118455,-79.2317,4752.98,-28.4778,1.51436,-0.00196478,-0.0117922,-79.2381
9.529,401.083,-8.1322,24.8822,0.000734986,-0.407546,-0.0536015,-1.10888e-05,0.000318458,0.0059906,4185.7,3,0,0,0,-0.0250384,0.0248466,-0.0117569,0.0117611,4603.15,-27.576,1.46591,0.000102482,0.025128,-79.3022,4643.26,-27.8163,1.47869,0.000148153,-0.0248731,-79.3132,4728.94,-28.3296,1.50597,-0.00211649,0.0118706,-79.2174,4753.22,-28.475,1.5137,-0.00211064,-0.0118137,-79.2238
9.539,401.332,-8.13795,24.8773,0.000180426,-1.20825,-0.845948,-0.000366035,0.000318287,0.00598834,4185.01,3,0,0,0,-0.0248637,0.024724,-0.0117617,0.0117662,4606.22,-27.5839,1.4661,0.000108762,0.0246139,-79.2855,4645.93,-27.8217,1.47874,0.000128921,-0.0245826,-79.2968,4728.87,-28.3184,1.50514,-0.00199287,0.011865,-79.2034,4753.32,-28.4648,1.51292,-0.00199484,-0.0118067,-79.2098
9.549,401.581,-8.14369,24.8725,0.000768836,-0.755256,0.00768043,4.48398e-05,0.000318169,0.00598704,4184.24,3,0,0,0,-0.0249154,0.0247719,-0.011757,0.011761,4607.17,-27.5837,1.46586,-0.000121137,0.025158,-79.2707,4646.91,-27.8216,1.4785,-0.000157107,-0.0249221,-79.2819,4729.08,-28.3135,1.50464,-0.00203809,0.0118782,-79.1896,4753.55,-28.46,1.51243,-0.00202916,-0.0118247,-79.196
9.559,401.829,-8.14943,24.8695,0.000739476,-0.11006,-0.241715,3.83815e-05,0.000317916,0.0059854,4183.5,3,0,0,0,-0.0249295,0.0247401,-0.0117585,0.0117622,4606.12,-27.5698,1.46436,0.000207253,0.0250719,-79.2595,4647.07,-27.8149,1.47738,0.000240732,-0.0249659,-79.2704,4728.74,-28.3037,1.50334,-0.00205261,0.0118685,-79.1752,4753.12,-28.4497,1.51109,-0.00206065,-0.0118162,-79.1816
9.569,402.078,-8.15517,24.8641,0.000633234,-0.500247,-0.161119,-5.78856e-05,0.000317789,0.0059839,4182.7,3,0,0,0,-0.0248371,0.0245973,-0.0117561,0.0117603,4606.05,-27.5625,1.46375,-0.000162236,0.0245569,-79.2422,4646.5,-27.8045,1.47661,-0.000213547,-0.0242658,-79.2533,4729.01,-28.2982,1.50283,-0.00202062,0.0117918,-79.1616,4753.29,-28.4436,1.51055,-0.00201609,-0.0117363,-79.168
9.579,402.327,-8.16091,24.8593,0.000804739,-0.75949,-0.0292741,7.0796e-05,0.000317513,0.0059828,4182.04,3,0,0,0,-0.024945,0.0247983,-0.0117577,0.0117618,4606.61,-27.5608,1.46266,-0.000177801,0.0247348,-79.2287,4645.07,-27.7909,1.47487,-0.000192455,-0.0245823,-79.24,4728.94,-28.2926,1.5015,-0.00202632,0.0118891,-79.1475,4753.18,-28.4377,1.5092,-0.00202219,-0.0118306,-79.1538
9.589,402.575,-8.16665,24.8557,0.000783386,0.0189331,0.0310817,3.02992e-05,0.000316985,0.00598124,4181.28,3,0,0,0,-0.0248839,0.0247562,-0.0117573,0.0117614,4604.82,-27.5428,1.45966,-8.10666e-05,0.0247424,-79.2169,4643.99,-27.7772,1.47208,-5.93838e-05,-0.0245548,-79.2277,4728.93,-28.2852,1.499,-0.00199106,0.0118527,-79.1332,4753.08,-28.4297,1.50666,-0.00198297,-0.0117955,-79.1396
9.599,402.824,-8.17239,24.8502,0.000841597,-0.116791,0.174298,3.27478e-05,0.000317044,0.00598031,4180.55,3,0,0,0,-0.0249586,0.0248097,-0.0117568,0.0117606,4604.37,-27.5359,1.45979,-0.000591413,0.0248865,-79.199,4643.47,-27.7698,1.47219,-0.000660049,-0.0245906,-79.2096,4728.95,-28.281,1.49929,-0.00196028,0.01186,-79.1196,4753.07,-28.4252,1.50693,-0.0019436,-0.0117979,-79.126
9.609,403.072,-8.17812,24.8467,0.000778722,-0.840384,-0.0129065,3.02023e-05,0.000316482,0.00597812,4179.81,3,0,0,0,-0.0249151,0.0246879,-0.011753,0.0117572,4606.73,-27.5399,1.45795,0.000213642,0.0252249,-79.1885,4646.54,-27.7779,1.47055,0.00020154,-0.0249434,-79.1993,4728.98,-28.2708,1.49664,-0.00202162,0.011868,-79.1055,4753.08,-28.4148,1.50427,-0.00201561,-0.0118112,-79.1118
9.619,403.32,-8.18386,24.8422,0.000252763,0.434439,-0.809232,-0.00034302,0.000316412,0.0059769,4178.98,3,0,0,0,-0.0247657,0.0246389,-0.0117554,0.0117601,4604.83,-27.5229,1.45702,-0.000397399,0.024865,-79.1703,4645.37,-27.7652,1.46985,-0.000446604,-0.0248934,-79.1813,4728.26,-28.2607,1.49608,-0.00197551,0.0117811,-79.091,4752.38,-28.4049,1.50371,-0.00199068,-0.0117221,-79.0973
9.629,403.569,-8.18959,24.8375,0.000822733,-0.584207,-0.0201852,8.60216e-05,0.000316001,0.00597592,4178.32,3,0,0,0,-0.0250098,0.0248676,-0.0117568,0.0117608,4603.7,-27.5117,1.45477,-0.000111655,0.024898,-79.1603,4643.33,-27.7485,1.46729,-0.000119394,-0.0247557,-79.1714,4729.19,-28.2616,1.49443,-0.00199987,0.0118895,-79.0774,4753.31,-28.4058,1.50205,-0.00199753,-0.0118343,-79.0836
9.639,403.817,-8.19533,24.8331,0.000761536,-0.545842,0.05942,-3.55614e-06,0.000315937,0.0059738,4177.57,3,0,0,0,-0.0248825,0.0247073,-0.0117579,0.011762,4606.34,-27.5177,1.45531,-9.86576e-05,0.0250456,-79.144,4646.48,-27.7575,1.468,-0.000148582,-0.0247493,-79.1546,4729.42,-28.2529,1.4942,-0.00200048,0.0119023,-79.0635,4753.5,-28.3968,1.50181,-0.0019925,-0.0118438,-79.0699
9.649,404.065,-8.20106,24.8285,0.000750214,-0.669852,-0.062047,1.80147e-05,0.000315958,0.00597261,4176.85,3,0,0,0,-0.0250042,0.0248063,-0.0117572,0.0117613,4605.14,-27.505,1.45503,-0.000178591,0.0249699,-79.1305,4644.8,-27.7419,1.46756,-0.000200837,-0.0247362,-79.1413,4729.24,-28.2462,1.49424,-0.00197715,0.0118711,-79.0496,4753.4,-28.3905,1.50187,-0.00197273,-0.0118145,-79.0559
9.659,404.313,-8.20679,24.8251,0.000767473,-0.116123,0.229462,6.14221e-06,0.000316085,0.00597087,4176.11,3,0,0,0,-0.0248753,0.0247314,-0.0117573,0.0117614,4606.9,-27.5075,1.45617,0.00018505,0.0255064,-79.117,4645.63,-27.7388,1.46841,0.000134218,-0.0251372,-79.1281,4728.87,-28.2358,1.49472,-0.00206784,0.0118173,-79.0354,4753.04,-28.3801,1.50236,-0.00205328,-0.0117561,-79.0417
9.669,404.562,-8.21252,24.8205,0.000814543,-1.51446,0.0653443,8.78634e-05,0.000316086,0.00596916,4175.35,3,0,0,0,-0.0248383,0.0246946,-0.0117586,0.0117625,4608.04,-27.5065,1.45654,0.000541428,0.0244082,-79.1027,4647.5,-27.742,1.46901,0.000425455,-0.0241781,-79.1136,4729.42,-28.231,1.4949,-0.0020672,0.0119914,-79.0214,4753.73,-28.3761,1.50259,-0.00206046,-0.0119349,-79.0277
9.679,404.81,-8.21825,24.8157,0.000485302,-0.939577,-0.487977,-0.00016499,0.000315787,0.00596825,4174.63,3,0,0,0,-0.0249983,0.0248075,-0.0117572,0.0117619,4604.69,-27.4822,1.4541,0.00021728,0.0252309,-79.0898,4645.68,-27.7269,1.46704,0.000257904,-0.0250841,-79.1005,4729.21,-28.2254,1.49342,-0.00203834,0.0118705,-79.0074,4753.58,-28.3709,1.50112,-0.00204346,-0.0118158,-79.0138
9.689,405.058,-8.22398,24.8109,0.000686593,-0.0361394,0.0465175,-3.11357e-05,0.000316123,0.00596669,4173.88,3,0,0,0,-0.0249317,0.0247257,-0.0117579,0.0117619,4606.23,-27.4843,1.45613,-0.000303048,0.0253683,-79.0726,4646.29,-27.7233,1.4688,-0.00035568,-0.0250144,-79.0832,4729.23,-28.2182,1.49502,-0.00199407,0.0118613,-78.9939,4753.56,-28.3633,1.50271,-0.00198041,-0.0118047,-79.0002
9.699,405.306,-8.2297,24.8067,0.000964838,-0.946365,0.197502,0.000152529,0.000316532,0.00596518,4173.15,3,0,0,0,-0.0248705,0.0247608,-0.011749,0.0117533,4607,-27.4819,1.45826,8.24236e-05,0.0245266,-79.0605,4646.04,-27.7147,1.47062,8.05914e-05,-0.0243239,-79.0718,4729.19,-28.2108,1.49694,-0.00200279,0.0119042,-78.9795,4753.62,-28.3565,1.50467,-0.00199422,-0.0118463,-78.9858
9.709,405.554,-8.23543,24.8021,0.000733238,-1.06853,-0.0294174,-8.31566e-06,0.000316219,0.00596363,4172.44,3,0,0,0,-0.0248844,0.0247369,-0.0117541,0.0117581,4606.3,-27.4706,1.4566,4.77787e-05,0.0244647,-79.0465,4645.86,-27.7065,1.46911,7.00513e-07,-0.0242166,-79.0573,4729.05,-28.2027,1.49541,-0.0020186,0.0118659,-78.9657,4753.52,-28.3486,1.50315,-0.00201007,-0.0118092,-78.9721
9.719,405.802,-8.24115,24.7983,0.00109174,-0.334267,0.590515,0.000240958,0.00031623,0.00596224,4171.68,3,0,0,0,-0.024924,0.0247354,-0.0117587,0.0117631,4606.48,-27.4652,1.4567,4.79357e-05,0.0253493,-79.0321,4646.08,-27.7014,1.46923,6.46632e-05,-0.0248531,-79.0428,4729.26,-28.1973,1.49553,-0.00206025,0.0118708,-78.9517,4753.68,-28.3429,1.50325,-0.00203723,-0.0118165,-78.9582
9.729,406.05,-8.24687,24.7931,0.000713087,-0.717123,-0.0494326,-4.64339e-06,0.000316388,0.005961,4170.94,3,0,0,0,-0.0249946,0.0247986,-0.0117567,0.0117608,4604.75,-27.4492,1.45689,-0.000137235,0.0251221,-79.0179,4644.53,-27.6864,1.46947,-0.000135542,-0.0248604,-79.0288,4729.11,-28.1906,1.49623,-0.00198004,0.0118743,-78.9377,4753.48,-28.3359,1.50394,-0.0019718,-0.0118182,-78.9441
9.739,406.297,-8.2526,24.7889,0.0010719,-0.6913,0.242491,0.000257091,0.000316592,0.00595944,4170.22,3,0,0,0,-0.0248893,0.0247412,-0.011751,0.0117548,4606.24,-27.4509,1.4583,-9.31768e-05,0.0250634,-79.0033,4645.74,-27.6864,1.4708,-8.24054e-05,-0.0248725,-79.0145,4728.69,-28.1807,1.49706,-0.00200565,0.011789,-78.9237,4753.07,-28.326,1.50478,-0.00200386,-0.0117365,-78.93
9.749,406.545,-8.25832,24.7846,0.000792765,-0.361527,-0.0133467,6.20425e-05,0.000316409,0.00595783,4169.46,3,0,0,0,-0.02487,0.0247439,-0.011758,0.011762,4606.82,-27.447,1.45764,-0.00021357,0.0248721,-78.9882,4646.28,-27.682,1.47012,-0.000207627,-0.0247068,-78.9994,4729.25,-28.1764,1.49638,-0.00199222,0.0118668,-78.91,4753.64,-28.3217,1.50409,-0.00198943,-0.0118123,-78.9164
9.759,406.793,-8.26404,24.7808,0.000550401,0.161871,-0.22099,-0.000120973,0.000316028,0.00595635,4168.74,3,0,0,0,-0.0249326,0.0247396,-0.0117587,0.0117638,4605.04,-27.4296,1.45532,-0.000166969,0.0250427,-78.9756,4645.73,-27.6719,1.46818,-0.000179026,-0.0247673,-78.9863,4729.05,-28.1682,1.49451,-0.00198497,0.0118807,-78.896,4753.35,-28.313,1.50219,-0.00197731,-0.0118252,-78.9024
9.769,407.041,-8.26976,24.7761,0.000697365,-0.131967,0.00947167,-2.08384e-05,0.000316371,0.00595482,4167.93,3,0,0,0,-0.0249486,0.0247669,-0.0117594,0.0117634,4605.81,-27.4271,1.45715,-9.72045e-05,0.025476,-78.9615,4645.58,-27.6639,1.46973,-0.000108714,-0.0251578,-78.9724,4729.34,-28.1627,1.49622,-0.00200692,0.0118651,-78.8821,4753.63,-28.3074,1.50391,-0.00199565,-0.01181,-78.8885
9.779,407.288,-8.27547,24.7713,0.000958855,-0.714429,0.235039,0.000160514,0.000316549,0.00595361,4167.27,3,0,0,0,-0.0249053,0.0247736,-0.0117529,0.0117567,4606.56,-27.426,1.4582,-3.16555e-05,0.0251877,-78.9478,4645.4,-27.6572,1.47049,-5.72763e-05,-0.0249461,-78.9588,4729.37,-28.1571,1.49707,-0.00200529,0.0118628,-78.8683,4753.68,-28.3019,1.50477,-0.0019948,-0.0118057,-78.8747
9.789,407.536,-8.28119,24.7669,0.000883227,-0.295517,0.116664,0.000125014,0.000316335,0.00595195,4166.54,3,0,0,0,-0.0248513,0.0247244,-0.0117588,0.0117627,4606.22,-27.4163,1.45711,-0.000327743,0.0250059,-78.9319,4645.42,-27.6497,1.46951,-0.000273179,-0.0248097,-78.9432,4729.25,-28.1486,1.49603,-0.00197079,0.0118363,-78.8543,4753.61,-28.2936,1.50374,-0.00196564,-0.0117832,-78.8607
9.799,407.784,-8.28691,24.7631,0.000677992,-0.290042,-0.212682,-2.06353e-05,0.000315976,0.00595063,4165.8,3,0,0,0,-0.0249639,0.024768,-0.0117598,0.0117638,4604.73,-27.4014,1.45499,3.80199e-05,0.0251566,-78.9207,4645.49,-27.6439,1.46786,4.31568e-05,-0.0249529,-78.9314,4729.51,-28.1439,1.49441,-0.00200356,0.0118714,-78.8404,4753.79,-28.2884,1.50208,-0.00200232,-0.011816,-78.8469
9.809,408.031,-8.29262,24.7578,0.00076209,-0.825458,-0.0655491,2.34108e-05,0.000315994,0.00594922,4165.05,3,0,0,0,-0.0249196,0.0247274,-0.0117551,0.011759,4606.14,-27.4033,1.45551,-0.000189161,0.0247768,-78.9042,4645.65,-27.6383,1.46799,-0.000206089,-0.0245724,-78.9151,4729.59,-28.1377,1.49452,-0.00197908,0.0118958,-78.8267,4753.79,-28.2817,1.50217,-0.00197212,-0.0118407,-78.8331
9.819,408.279,-8.29833,24.754,0.000729367,-0.265111,-0.039268,2.57416e-05,0.000315797,0.00594782,4164.29,3,0,0,0,-0.0249488,0.0248093,-0.0117584,0.0117623,4605.91,-27.3955,1.45453,-0.000118793,0.0251015,-78.8917,4644.38,-27.6243,1.46668,-0.000113255,-0.0249107,-78.9029,4729.56,-28.1309,1.49358,-0.00198071,0.0118983,-78.8125,4753.73,-28.2747,1.50122,-0.00197441,-0.0118423,-78.8189
9.829,408.526,-8.30405,24.7498,0.000591901,-0.82937,-0.181353,-8.34775e-05,0.000315396,0.00594622,4163.59,3,0,0,0,-0.0247983,0.0246709,-0.0117527,0.0117571,4608.11,-27.4012,1.45338,0.000174009,0.0249188,-78.8776,4647.51,-27.6354,1.4658,0.000139762,-0.024726,-78.8884,4729.67,-28.124,1.49172,-0.00201425,0.011908,-78.7988,4753.84,-28.2677,1.49934,-0.00200905,-0.0118525,-78.8051
9.839,408.774,-8.30976,24.7453,0.000768866,-0.134566,-0.118419,6.13737e-05,0.000315151,0.00594491,4162.87,3,0,0,0,-0.0249089,0.0247091,-0.0117575,0.0117615,4605.15,-27.3775,1.45132,-0.000146301,0.024966,-78.8635,4645.57,-27.6178,1.46405,-0.000141603,-0.0247885,-78.8743,4729.66,-28.1177,1.49055,-0.00198203,0.0118611,-78.7849,4753.76,-28.2611,1.49815,-0.00198279,-0.0118078,-78.7913
9.849,409.021,-8.31547,24.741,0.000704174,-0.39185,-0.0460045,-4.64791e-06,0.000315235,0.00594355,4162.13,3,0,0,0,-0.0249749,0.024793,-0.0117604,0.0117642,4604.41,-27.3668,1.45147,4.13736e-05,0.025248,-78.8511,4643.95,-27.6019,1.46394,3.12738e-05,-0.0249796,-78.8622,4729.75,-28.1118,1.49098,-0.001993,0.0118451,-78.7707,4753.83,-28.255,1.49858,-0.00198675,-0.0117899,-78.7771
9.859,409.268,-8.32118,24.7358,0.00077239,-0.503493,0.280937,6.42418e-05,0.000314988,0.00594212,4161.41,3,0,0,0,-0.0249078,0.0247703,-0.0117581,0.0117619,4606.55,-27.373,1.45101,-0.000273046,0.0254855,-78.8335,4645.52,-27.6046,1.46328,-0.000261473,-0.0250849,-78.8446,4729.66,-28.1045,1.48979,-0.00199529,0.0118495,-78.7572,4753.76,-28.2478,1.49738,-0.00197017,-0.0117986,-78.7636
9.869,409.516,-8.32688,24.7321,0.000815744,0.0417978,0.0049874,8.08545e-05,0.000314983,0.00594072,4160.66,3,0,0,0,-0.0248828,0.0247704,-0.0117584,0.0117622,4605.54,-27.3605,1.45067,-0.000206081,0.0251767,-78.8217,4644.45,-27.5917,1.46292,-0.000188016,-0.0250494,-78.8328,4729.57,-28.0974,1.48973,-0.00196953,0.0118514,-78.7432,4753.67,-28.2405,1.49732,-0.00196472,-0.0117961,-78.7495
9.879,409.763,-8.33259,24.7277,0.000631561,-1.07412,-0.369137,-2.28852e-05,0.000314674,0.00593898,4159.94,3,0,0,0,-0.0249029,0.0247034,-0.0117583,0.0117621,4605.51,-27.3524,1.44924,0.000163077,0.02498,-78.8071,4645.2,-27.5881,1.46172,0.000259158,-0.0248632,-78.818,4728.87,-28.085,1.48805,-0.00196126,0.0117404,-78.7293,4752.94,-28.228,1.49563,-0.00197057,-0.0116878,-78.7357
9.889,410.01,-8.3383,24.7229,0.000608606,-0.904588,-0.272828,-7.22109e-05,0.000314481,0.00593792,4159.35,3,0,0,0,-0.0249487,0.0247641,-0.0117593,0.0117629,4604.64,-27.3423,1.44807,-2.2807e-05,0.0248734,-78.7935,4643.97,-27.5758,1.46044,-4.24134e-05,-0.0247059,-78.8043,4729.64,-28.0845,1.48738,-0.00198736,0.0118677,-78.7153,4753.69,-28.2274,1.49495,-0.00198716,-0.0118121,-78.7217
9.899,410.257,-8.344,24.7189,0.000717124,-0.312891,0.0460873,1.97625e-05,0.000314382,0.00593653,4158.47,3,0,0,0,-0.0249265,0.0247967,-0.0117591,0.011763,4605.99,-27.3439,1.44804,-6.26923e-05,0.0251922,-78.7797,4644.16,-27.5705,1.46004,-7.34983e-05,-0.0249476,-78.7909,4729.73,-28.0785,1.48694,-0.00199244,0.0118669,-78.7016,4753.79,-28.2214,1.49451,-0.0019814,-0.0118125,-78.7079
9.909,410.504,-8.3497,24.7141,0.000684088,-0.835258,-0.0925832,-8.93389e-06,0.000313852,0.00593522,4157.73,3,0,0,0,-0.0248335,0.0247119,-0.0117553,0.0117593,4606.99,-27.3438,1.44591,-0.000152997,0.0248425,-78.7651,4646.16,-27.5763,1.45821,-0.000129956,-0.0246581,-78.776,4729.95,-28.0736,1.4845,-0.00196242,0.0119286,-78.6878,4754.02,-28.2164,1.49206,-0.00195833,-0.0118736,-78.6942
9.919,410.751,-8.35541,24.7098,0.000774787,-0.255046,0.028959,5.40436e-05,0.000313701,0.00593378,4157.01,3,0,0,0,-0.0249237,0.0247304,-0.0117587,0.0117624,4605.52,-27.3285,1.44476,-0.000237446,0.0250074,-78.7511,4645.33,-27.5647,1.45724,-0.000247924,-0.0247339,-78.7617,4729.91,-28.0666,1.48378,-0.00199316,0.0118656,-78.6738,4753.92,-28.209,1.49131,-0.00198479,-0.0118114,-78.6801
9.929,410.998,-8.36111,24.7059,0.000720016,-0.192751,0.127462,2.14462e-05,0.000313581,0.00593246,4156.27,3,0,0,0,-0.0249569,0.0247523,-0.011759,0.0117628,4605.63,-27.323,1.44424,-8.5065e-05,0.0255885,-78.7381,4645,-27.5566,1.45658,-0.000116312,-0.0251994,-78.7489,4729.95,-28.0605,1.48322,-0.00195761,0.0118689,-78.6601,4753.9,-28.2026,1.49073,-0.0019444,-0.011816,-78.6664
9.939,411.245,-8.36681,24.7012,0.000719514,-0.304599,0.0369094,2.84732e-05,0.000313379,0.00593105,4155.56,3,0,0,0,-0.0249312,0.0247857,-0.0117584,0.0117625,4606.11,-27.3194,1.44346,-0.000212296,0.0251272,-78.7226,4644.98,-27.5499,1.45564,-0.000197477,-0.0248886,-78.7337,4729.85,-28.0533,1.48224,-0.00196976,0.0118451,-78.6462,4753.81,-28.1954,1.48975,-0.00195863,-0.011794,-78.6526
9.949,411.492,-8.37251,24.6969,0.000625589,-0.718431,-0.182667,-4.95903e-05,0.000313178,0.00592976,4154.82,3,0,0,0,-0.024829,0.0247226,-0.0117543,0.0117583,4606.7,-27.317,1.44272,3.16129e-05,0.0251269,-78.7108,4645.87,-27.5492,1.45498,2.34046e-05,-0.0249891,-78.7217,4729.95,-28.0478,1.48132,-0.00198855,0.0118674,-78.6323,4753.96,-28.1901,1.48883,-0.00198456,-0.0118138,-78.6386
9.959,411.739,-8.3782,24.6919,0.000515881,-1.0749,-0.30505,-0.000153265,0.000313094,0.00592832,4154.11,3,0,0,0,-0.0249634,0.0247935,-0.0117544,0.0117577,4604.84,-27.2993,1.44175,-0.000285976,0.0248431,-78.6954,4644.94,-27.537,1.4543,-0.000369667,-0.0246793,-78.7061,4729.95,-28.041,1.48092,-0.00190734,0.0118697,-78.6188,4753.9,-28.183,1.48842,-0.00189482,-0.0118133,-78.625
9.969,411.986,-8.3839,24.6878,0.000779721,-0.699327,0.0505157,6.97613e-05,0.000313362,0.00592701,4153.33,3,0,0,0,-0.0249392,0.0247286,-0.0117539,0.0117578,4604.8,-27.293,1.44297,-9.54091e-05,0.0252005,-78.6824,4644.36,-27.5275,1.45536,-0.000147899,-0.0249158,-78.6933,4729.93,-28.0346,1.48218,-0.00196126,0.0118666,-78.605,4753.93,-28.1769,1.4897,-0.00195432,-0.0118127,-78.6113
9.979,412.233,-8.3896,24.6849,0.000750658,0.393688,0.733302,1.0702e-05,0.000313582,0.00592511,4152.67,3,0,0,0,-0.0246462,0.0245589,-0.0117577,0.0117616,4609.66,-27.3131,1.44551,0.000107871,0.0264912,-78.6669,4647.99,-27.5402,1.45753,7.59372e-05,-0.0257757,-78.6779,4729.33,-28.0222,1.48304,-0.00203526,0.0117692,-78.5905,4753.48,-28.1652,1.49061,-0.00200575,-0.0117204,-78.5968
9.989,412.479,-8.39529,24.679,0.000774214,-0.557875,-0.0741652,4.56541e-05,0.000311953,0.00592576,4151.89,3,0,0,0,-0.0253702,0.0251627,-0.0117563,0.0117601,4595.29,-27.2309,1.43352,-0.000166994,0.0250018,-78.6607,4635.38,-27.4685,1.44602,-0.000232252,-0.0248066,-78.6704,4729.83,-28.0282,1.47549,-0.00193787,0.0118287,-78.577,4753.91,-28.1709,1.483,-0.00193458,-0.0117743,-78.5834
9.999,412.726,-8.40099,24.6759,0.000770594,-0.366944,-0.229973,9.28003e-05,0.000312868,0.0059213,4151.16,3,0,0,0,-0.0246019,0.0244738,-0.0117565,0.0117602,4614.12,-27.3219,1.44361,0.000248324,0.0255919,-78.6362,4652.22,-27.5475,1.45553,0.000243308,-0.0255849,-78.6476,4730.09,-28.0086,1.47989,-0.00202304,0.0118718,-78.5633,4753.92,-28.1497,1.48735,-0.00202338,-0.0118162,-78.5696
10.009,412.973,-8.40668,24.6708,0.000626996,-0.577005,-0.24072,-6.38955e-05,0.00031194,0.00592215,4150.41,3,0,0,0,-0.0252466,0.0250432,-0.0117603,0.0117647,4601.52,-27.2512,1.4354,0.000136285,0.025266,-78.6321,4640.61,-27.4827,1.44759,9.15161e-05,-0.0250838,-78.6424,4729.93,-28.0117,1.47545,-0.00199304,0.0118041,-78.549,4753.79,-28.153,1.4829,-0.00199465,-0.0117504,-78.5553
10.019,413.219,-8.41237,24.6669,0.000499713,-0.883929,0.272482,-0.00014966,0.000312316,0.00591901,4149.68,3,0,0,0,-0.0245844,0.0244808,-0.0117596,0.0117629,4616.16,-27.3234,1.4417,0.000320639,0.0259111,-78.6085,4653.33,-27.5434,1.45331,0.00023231,-0.025345,-78.6196,4730.27,-27.9988,1.47734,-0.002058,0.0119197,-78.5365,4754.11,-28.1399,1.48478,-0.00202453,-0.0118654,-78.5427
10.029,413.466,-8.41806,24.6616,0.000731013,-0.580485,-0.123626,4.07595e-05,0.000311063,0.0059204,4148.99,3,0,0,0,-0.0252846,0.0251074,-0.0117579,0.0117615,4599.5,-27.2312,1.43074,-0.00017402,0.02532,-78.6042,4639.24,-27.4665,1.4431,-0.000171652,-0.0251799,-78.6145,4730.42,-28.0064,1.47146,-0.00196274,0.0118647,-78.5217,4754.11,-28.1466,1.47883,-0.00196026,-0.0118127,-78.528
10.039,413.713,-8.42375,24.6588,0.000668981,0.100681,-0.0802728,2.67515e-06,0.000311483,0.00591656,4148.23,3,0,0,0,-0.0246566,0.024508,-0.0117591,0.0117629,4611.41,-27.284,1.43638,0.000237634,0.0252065,-78.5828,4650.08,-27.5128,1.44842,0.000199259,-0.0250011,-78.5938,4730.45,-27.9884,1.47346,-0.0019988,0.0118739,-78.508,4754.05,-28.128,1.48081,-0.0019935,-0.0118177,-78.5142
10.049,413.959,-8.42944,24.6525,0.000644563,-0.133181,-0.00546418,-8.60018e-06,0.000310908,0.00591656,4147.51,3,0,0,0,-0.0250501,0.0248449,-0.0117604,0.0117646,4602.92,-27.2338,1.43109,-0.000754517,0.0245264,-78.5673,4641.89,-27.4644,1.4432,-0.000736539,-0.0242247,-78.5779,4730.13,-27.9864,1.47064,-0.0019088,0.0118684,-78.4948,4754.05,-28.128,1.47808,-0.00189896,-0.0118165,-78.501
10.059,414.206,-8.43513,24.6496,0.000652698,-0.312916,-0.155948,-3.37837e-05,0.000311152,0.00591461,4146.79,3,0,0,0,-0.0249212,0.0247899,-0.0117602,0.0117635,4604.29,-27.2329,1.43263,0.000244693,0.0253879,-78.56,4642.63,-27.4597,1.44456,0.000255066,-0.025255,-78.5708,4730.16,-27.9774,1.4718,-0.00197343,0.0118603,-78.4803,4754.03,-28.1186,1.47923,-0.00197558,-0.0118072,-78.4865
10.069,414.452,-8.44081,24.6447,0.000607714,-0.722627,-0.268205,-6.08875e-05,0.00031072,0.00591319,4146.07,3,0,0,0,-0.0247703,0.024659,-0.0117584,0.0117625,4607.2,-27.2435,1.43155,9.0242e-05,0.0251388,-78.5416,4646.13,-27.4738,1.44365,4.79873e-05,-0.0250523,-78.5523,4730.31,-27.9716,1.4698,-0.00200389,0.0118701,-78.4667,4754.18,-28.1127,1.47722,-0.00200439,-0.0118161,-78.4729
10.079,414.698,-8.4465,24.6402,0.000708448,-0.490755,0.0258045,1.45693e-05,0.000310968,0.00591232,4145.33,3,0,0,0,-0.0250607,0.0248814,-0.011759,0.0117625,4601.28,-27.2046,1.43085,-5.1255e-05,0.0250077,-78.5314,4641.01,-27.4395,1.44321,-9.77963e-05,-0.0247192,-78.5419,4730.3,-27.9674,1.47097,-0.00196362,0.0118678,-78.4529,4754.14,-28.1083,1.47839,-0.00195481,-0.0118132,-78.4591
10.089,414.945,-8.45218,24.6356,0.000658416,-0.350571,0.00869462,-3.04271e-06,0.000310996,0.00591019,4144.62,3,0,0,0,-0.0248916,0.0246724,-0.0117584,0.0117624,4606.24,-27.2241,1.43253,-0.000266955,0.0251596,-78.5135,4646.09,-27.4596,1.44492,-0.000271966,-0.0248264,-78.5244,4730.38,-27.9578,1.47113,-0.00196966,0.0119002,-78.4394,4754.27,-28.099,1.47856,-0.00196387,-0.0118473,-78.4456
10.099,415.191,-8.45786,24.6311,0.000695279,-0.358193,-0.109028,1.9084e-05,0.000311146,0.00590924,4143.88,3,0,0,0,-0.0250119,0.0248656,-0.0117593,0.0117632,4604.99,-27.2123,1.43282,-0.000369219,0.0251507,-78.5005,4643.88,-27.4422,1.44492,-0.000324582,-0.0249778,-78.5115,4730.25,-27.9525,1.4718,-0.0019244,0.0118641,-78.4259,4754.19,-28.094,1.47925,-0.0019278,-0.0118131,-78.432
10.109,415.437,-8.46355,24.6271,0.000865183,-0.947059,0.151093,0.000128785,0.000311287,0.00590722,4143.16,3,0,0,0,-0.024846,0.0247074,-0.0117591,0.0117626,4607.69,-27.219,1.43431,6.38312e-05,0.0250421,-78.4876,4646.52,-27.4484,1.4464,5.81909e-05,-0.0248071,-78.4984,4730.15,-27.9424,1.47243,-0.00196007,0.011862,-78.4117,4754.15,-28.0841,1.4799,-0.00195007,-0.0118094,-78.418
10.119,415.683,-8.46923,24.6226,0.000782636,-0.200181,0.0664001,6.83144e-05,0.00031118,0.00590634,4142.45,3,0,0,0,-0.0249597,0.0247637,-0.0117601,0.0117637,4605.3,-27.2008,1.43308,-0.000339781,0.0249491,-78.4726,4644.96,-27.435,1.44542,-0.000359433,-0.0246802,-78.4831,4730.12,-27.938,1.47192,-0.00193658,0.011868,-78.3981,4754.15,-28.0799,1.4794,-0.00192791,-0.0118147,-78.4044
10.129,415.929,-8.47491,24.6189,0.000580579,0.0393189,-0.205883,-7.36161e-05,0.000311157,0.00590488,4141.72,3,0,0,0,-0.0249266,0.0247154,-0.0117597,0.0117634,4604.19,-27.1875,1.43263,-1.05002e-05,0.0249944,-78.4608,4643.91,-27.422,1.44499,-4.39511e-05,-0.0247507,-78.4716,4729.53,-27.9276,1.47163,-0.00196375,0.0117551,-78.3839,4753.55,-28.0695,1.4791,-0.00196284,-0.0117024,-78.3901
10.139,416.176,-8.48058,24.6136,0.00101932,-0.681378,0.231784,0.000236415,0.00031145,0.00590344,4140.99,3,0,0,0,-0.0248001,0.0246792,-0.0117504,0.0117537,4608.39,-27.2056,1.43528,-0.000281662,0.0248274,-78.4421,4645.88,-27.427,1.44696,-0.000323122,-0.0247026,-78.4529,4730.3,-27.9253,1.47325,-0.00192556,0.0118652,-78.3708,4754.44,-28.0679,1.48077,-0.00192338,-0.0118112,-78.3771
10.149,416.422,-8.48626,24.6096,0.000755588,-0.646011,-0.0298194,5.114e-05,0.00031068,0.00590217,4140.24,3,0,0,0,-0.0249914,0.0248373,-0.011759,0.0117625,4602.93,-27.1676,1.43004,-5.54649e-05,0.0251115,-78.4341,4642.02,-27.3983,1.44218,-2.9903e-05,-0.0249266,-78.4447,4730.25,-27.9191,1.46959,-0.00194724,0.0118553,-78.3567,4754.23,-28.0606,1.47705,-0.00194272,-0.0118043,-78.363
10.159,416.668,-8.49194,24.6057,0.000739153,-0.11412,-0.01506,5.31483e-05,0.000310681,0.00590008,4139.52,3,0,0,0,-0.0248364,0.0246587,-0.0117596,0.0117632,4606.35,-27.1781,1.43111,-0.000128974,0.0250317,-78.4166,4645.62,-27.4098,1.44331,-0.000154982,-0.0248038,-78.4272,4730.43,-27.9102,1.46966,-0.00194736,0.0118681,-78.3432,4754.23,-28.0506,1.47705,-0.00193979,-0.0118118,-78.3494
10.169,416.914,-8.49761,24.6017,0.000865355,-1.0264,-0.0110203,0.000113226,0.000310589,0.00589887,4138.77,3,0,0,0,-0.024941,0.0247672,-0.0117564,0.0117596,4605.28,-27.1663,1.43035,0.000316937,0.0248354,-78.4053,4643.79,-27.3934,1.44231,0.00036276,-0.0246873,-78.4161,4730.77,-27.9065,1.46933,-0.00198708,0.0119445,-78.3292,4754.5,-28.0465,1.4767,-0.00198291,-0.0118899,-78.3354
10.179,417.16,-8.50329,24.5965,0.000787897,-0.549324,-0.0223507,5.11974e-05,0.00031038,0.00589743,4137.98,3,0,0,0,-0.0248914,0.0247657,-0.0117575,0.0117615,4605.75,-27.1624,1.42953,-0.000155092,0.0249019,-78.3893,4643.97,-27.3878,1.4414,-0.000238897,-0.0247689,-78.3997,4730.46,-27.8979,1.46824,-0.00191852,0.0118554,-78.3152,4754.17,-28.0377,1.4756,-0.00191676,-0.011799,-78.3214
10.189,417.405,-8.50896,24.5921,0.000743494,-0.956437,0.0695334,5.67983e-05,0.000310184,0.0058958,4137.35,3,0,0,0,-0.0248239,0.0246953,-0.0117562,0.0117597,4606.28,-27.158,1.42879,-0.000119149,0.0246831,-78.3756,4644.91,-27.3858,1.44078,-7.82329e-05,-0.0244339,-78.3866,4730.56,-27.8907,1.46734,-0.00194383,0.0118666,-78.302,4754.34,-28.0309,1.47472,-0.00193659,-0.0118149,-78.3081
10.199,417.651,-8.51463,24.589,0.000767281,0.373218,0.0977533,8.65698e-05,0.000309798,0.00589461,4136.63,3,0,0,0,-0.0250325,0.0248396,-0.0117611,0.011765,4602.85,-27.1323,1.42595,-3.71249e-05,0.0251048,-78.3655,4642.49,-27.366,1.43823,-7.12277e-05,-0.0248109,-78.3759,4730.64,-27.8856,1.46554,-0.00195105,0.0118668,-78.288,4754.34,-28.0253,1.47289,-0.00194173,-0.0118133,-78.2942
10.209,417.897,-8.52031,24.5837,0.000650324,-0.300469,0.0543622,-2.29688e-05,0.000309904,0.00589295,4135.82,3,0,0,0,-0.0248799,0.0246698,-0.0117595,0.0117631,4606.57,-27.1466,1.4276,-0.000150645,0.0254127,-78.3474,4645.48,-27.3759,1.43965,-0.000156499,-0.0250603,-78.3582,4731.15,-27.8807,1.4662,-0.00197604,0.0119928,-78.2748,4754.75,-28.0199,1.47352,-0.00196346,-0.0119379,-78.2809
10.219,418.143,-8.52598,24.579,0.000701427,-0.398299,-0.11467,6.65551e-05,0.000309515,0.00589178,4135.17,3,0,0,0,-0.0249738,0.024805,-0.0117618,0.0117653,4604.92,-27.1315,1.42529,-0.000451319,0.0247959,-78.333,4643.34,-27.3578,1.43718,-0.0004003,-0.0246261,-78.3441,4730.53,-27.8715,1.46417,-0.00190244,0.0118338,-78.261,4754.25,-28.0113,1.47151,-0.00190793,-0.011788,-78.2671
10.229,418.388,-8.53164,24.5752,0.000584791,-0.751902,-0.155402,-7.85504e-05,0.000309062,0.00589035,4134.43,3,0,0,0,-0.0248599,0.0247345,-0.0117563,0.0117601,4606.06,-27.1316,1.42356,0.000127677,0.0252649,-78.3225,4644.7,-27.3592,1.4355,0.000114167,-0.0250658,-78.3331,4730.76,-27.8662,1.4621,-0.00196769,0.011884,-78.2471,4754.35,-28.0052,1.46939,-0.00196119,-0.0118309,-78.2533
10.239,418.634,-8.53731,24.5714,0.00115877,1.03483,0.250375,0.000322473,0.000309436,0.00588884,4133.72,3,0,0,0,-0.0248328,0.0246505,-0.0117638,0.0117664,4606.65,-27.1282,1.42546,-0.00049902,0.0255215,-78.3044,4645.4,-27.3564,1.43746,-0.000534456,-0.0254341,-78.315,4730.84,-27.8595,1.46389,-0.00192529,0.0118621,-78.2335,4754.44,-27.9985,1.4712,-0.00192092,-0.0118059,-78.2396
10.249,418.88,-8.54298,24.5667,0.000709572,-0.566346,-0.0154724,8.37069e-06,0.00030893,0.00588782,4133.01,3,0,0,0,-0.0250438,0.0248414,-0.0117594,0.0117631,4602.82,-27.1009,1.42195,0.000125946,0.0252586,-78.2967,4641.55,-27.3289,1.43391,0.000122502,-0.0249799,-78.3072,4730.78,-27.8543,1.46148,-0.00196227,0.0118677,-78.2195,4754.38,-27.9933,1.46877,-0.00195565,-0.0118139,-78.2257
10.259,419.125,-8.54865,24.5627,0.00102618,-0.765285,0.318959,0.000209513,0.000309168,0.00588564,4132.3,3,0,0,0,-0.024779,0.024667,-0.0117537,0.0117569,4609.22,-27.1285,1.42502,0.000247901,0.0251209,-78.2787,4647.06,-27.3512,1.43672,0.000160076,-0.0249277,-78.2893,4730.65,-27.8432,1.46257,-0.00197881,0.0118201,-78.2059,4754.19,-27.9817,1.46984,-0.00197237,-0.0117685,-78.212
10.269,419.371,-8.55431,24.5589,0.000660095,0.386075,-0.214458,2.46858e-05,0.000308868,0.00588448,4131.54,3,0,0,0,-0.0248566,0.0247216,-0.0117602,0.0117639,4606.19,-27.1054,1.42271,0.000100897,0.0253513,-78.2657,4644.69,-27.3319,1.4346,3.0022e-05,-0.025307,-78.2763,4730.59,-27.8374,1.46113,-0.00197927,0.0118507,-78.1924,4754.27,-27.9767,1.46844,-0.00198115,-0.0117979,-78.1985
10.279,419.616,-8.55997,24.5535,0.000709974,-0.432316,-0.0185776,1.39658e-05,0.000308612,0.00588342,4130.83,3,0,0,0,-0.0249745,0.0247723,-0.01176,0.0117634,4602.82,-27.0806,1.42049,-3.39719e-05,0.0251914,-78.2541,4642.75,-27.3155,1.43281,-5.20905e-05,-0.0249145,-78.2644,4730.76,-27.8334,1.45997,-0.00193975,0.0118657,-78.1786,4754.43,-27.9727,1.46728,-0.00193247,-0.0118128,-78.1848
10.289,419.862,-8.56564,24.5492,0.000649857,-0.890494,-0.199378,-2.61226e-05,0.000308863,0.0058816,4130.17,3,0,0,0,-0.024928,0.0247472,-0.0117574,0.0117613,4604.62,-27.0828,1.4222,1.82848e-05,0.0246259,-78.2374,4643.78,-27.3132,1.43429,2.34793e-05,-0.0244714,-78.2482,4731.01,-27.8262,1.46123,-0.00195254,0.0119088,-78.1653,4754.69,-27.9655,1.46855,-0.00195019,-0.0118529,-78.1714
10.299,420.107,-8.5713,24.5453,0.00074123,-0.00438378,0.080842,4.85807e-05,0.000308846,0.00588026,4129.38,3,0,0,0,-0.0249448,0.0248049,-0.0117631,0.0117663,4605.96,-27.0845,1.42253,-7.68967e-05,0.0251729,-78.2246,4643.82,-27.3072,1.43422,-9.81105e-05,-0.0249433,-78.2354,4730.66,-27.8179,1.46105,-0.0019498,0.0118554,-78.1513,4754.42,-27.9576,1.46838,-0.0019406,-0.0118011,-78.1574
10.309,420.353,-8.57696,24.5412,0.000703334,-1.59561,0.0138097,3.23591e-05,0.000308893,0.00587835,4128.68,3,0,0,0,-0.0248169,0.0246643,-0.0117613,0.0117647,4608.84,-27.0927,1.42364,0.000699731,0.0247357,-78.2126,4647.93,-27.3225,1.43571,0.000601704,-0.0244799,-78.2228,4730.83,-27.8098,1.46132,-0.00202459,0.0118649,-78.1374,4754.56,-27.9493,1.46865,-0.00201869,-0.0118175,-78.1436
10.319,420.598,-8.58262,24.5361,0.000753738,-0.271614,-0.0387608,6.76175e-05,0.000308688,0.00587796,4127.94,3,0,0,0,-0.0249617,0.0247615,-0.0117596,0.0117629,4603.9,-27.0619,1.42117,-0.000247963,0.0250368,-78.1976,4643.47,-27.2945,1.43338,-0.000223707,-0.024817,-78.2084,4730.79,-27.8078,1.46034,-0.00191714,0.0118659,-78.1241,4754.65,-27.948,1.4677,-0.00191491,-0.0118138,-78.1303
10.329,420.843,-8.58827,24.5319,0.000868405,-0.763154,0.166122,0.000123893,0.000308765,0.00587636,4127.32,3,0,0,0,-0.0248944,0.0246843,-0.0117548,0.0117581,4606.19,-27.068,1.42223,3.17418e-05,0.0251996,-78.1836,4645.05,-27.2963,1.43423,1.41388e-05,-0.0248944,-78.1942,4730.82,-27.8003,1.46071,-0.00194992,0.0118358,-78.1103,4754.57,-27.9399,1.46805,-0.00194135,-0.0117836,-78.1166
10.339,421.088,-8.59393,24.5276,0.000895637,-0.688123,0.307726,0.000152136,0.000308976,0.00587478,4126.52,3,0,0,0,-0.0248341,0.0247191,-0.0117569,0.0117598,4607.54,-27.0686,1.42362,-1.99287e-05,0.0251338,-78.1682,4645.04,-27.2889,1.4352,-7.71606e-05,-0.0248739,-78.1791,4730.95,-27.7936,1.46175,-0.00195979,0.0118571,-78.0968,4754.74,-27.9334,1.4691,-0.0019436,-0.0118054,-78.1031
10.349,421.334,-8.59959,24.5231,0.000796476,-0.213968,-0.00847283,9.14882e-05,0.000308044,0.00587398,4125.79,3,0,0,0,-0.0250357,0.0248853,-0.0117596,0.011763,4601.58,-27.0299,1.41749,-0.000259488,0.0250238,-78.1575,4640.36,-27.2577,1.42943,-0.000225017,-0.0248732,-78.168,4730.84,-27.7892,1.45731,-0.00191111,0.011858,-78.0831,4754.64,-27.929,1.46464,-0.00190928,-0.0118068,-78.0893
10.359,421.579,-8.60524,24.5193,0.000784611,-0.580982,0.202113,7.43247e-05,0.000308095,0.00587152,4125.07,3,0,0,0,-0.0248303,0.0246596,-0.0117607,0.011764,4606.88,-27.0497,1.41936,0.000105832,0.0251798,-78.1416,4645.61,-27.2771,1.43129,9.5522e-05,-0.024814,-78.1522,4731.01,-27.7786,1.4576,-0.00195923,0.0118687,-78.0696,4754.56,-27.9169,1.46486,-0.00194357,-0.0118163,-78.0757
10.369,421.824,-8.61089,24.514,0.000495942,-0.594843,-0.414051,-0.0001078,0.000307849,0.00587068,4124.32,3,0,0,0,-0.0249914,0.0247929,-0.0117597,0.0117635,4602.58,-27.0206,1.4169,-0.000406715,0.0244992,-78.1269,4641.37,-27.2483,1.42884,-0.000414542,-0.0243827,-78.1372,4731.23,-27.7759,1.45651,-0.0019392,0.0118852,-78.0562,4754.73,-27.9138,1.46374,-0.00194375,-0.0118316,-78.0623
10.379,422.069,-8.61655,24.5101,0.000811068,-0.576585,-0.0797655,0.000101181,0.000307885,0.00586934,4123.62,3,0,0,0,-0.0249195,0.0247844,-0.0117541,0.0117579,4604.88,-27.028,1.41778,-0.000159056,0.0250413,-78.1147,4642.61,-27.2494,1.42939,-0.000171255,-0.0249649,-78.1254,4731.11,-27.7688,1.45664,-0.00190409,0.0118642,-78.0423,4754.56,-27.9065,1.46386,-0.00190699,-0.0118114,-78.0484
10.389,422.314,-8.6222,24.5063,0.000906423,0.275388,0.229425,0.000174479,0.000307483,0.00586739,4122.91,3,0,0,0,-0.0248815,0.0247491,-0.0117637,0.0117672,4604.58,-27.0172,1.41583,-0.000464211,0.0244603,-78.099,4642.59,-27.2402,1.42752,-0.000371964,-0.0242632,-78.1099,4731,-27.759,1.4547,-0.00190579,0.0118646,-78.0287,4754.5,-27.8968,1.46193,-0.00190026,-0.0118138,-78.0348
10.399,422.559,-8.62785,24.5021,0.000649147,-0.358608,-0.108469,-7.72433e-06,0.000307013,0.00586615,4122.19,3,0,0,0,-0.0249863,0.0247994,-0.0117613,0.0117647,4604.16,-27.009,1.41354,6.4686e-05,0.025207,-78.0888,4643.51,-27.2398,1.42562,6.15788e-05,-0.0249797,-78.0991,4731.2,-27.7542,1.45254,-0.00194341,0.0118636,-78.015,4754.61,-27.8916,1.45972,-0.00193954,-0.0118118,-78.0211
10.409,422.804,-8.6335,24.4976,0.000834414,-1.70605,0.0301334,0.000101857,0.000307019,0.00586437,4121.47,3,0,0,0,-0.0249427,0.02479,-0.0117611,0.0117644,4607.11,-27.0181,1.41447,0.000358531,0.0249508,-78.0733,4645.2,-27.2415,1.42617,0.000481492,-0.0247761,-78.0842,4731.37,-27.7468,1.45262,-0.00200498,0.0118963,-78.0015,4754.75,-27.8839,1.4598,-0.00199886,-0.0118429,-78.0076
10.419,423.049,-8.63915,24.4932,0.00081095,-0.563529,0.265256,7.69606e-05,0.000307022,0.00586328,4120.74,3,0,0,0,-0.0249285,0.0248004,-0.0117598,0.0117632,4606.14,-27.0074,1.41419,4.67581e-05,0.0252725,-78.06,4643.7,-27.2276,1.42572,-2.08877e-05,-0.0249551,-78.0706,4731.15,-27.7404,1.45257,-0.00195841,0.011851,-77.9882,4754.56,-27.8776,1.45975,-0.00193996,-0.0117958,-77.9943
10.429,423.294,-8.6448,24.4889,0.000727873,-0.521953,-0.0341567,4.09135e-05,0.000306464,0.00586203,4120.03,3,0,0,0,-0.024927,0.0247982,-0.0117591,0.0117624,4604.62,-26.9927,1.41115,3.19224e-06,0.0251164,-78.0472,4643.03,-27.2179,1.42292,-2.0367e-05,-0.0249568,-78.0575,4731.08,-27.7341,1.44991,-0.00193688,0.0118322,-77.9741,4754.49,-27.8713,1.45708,-0.00193318,-0.0117821,-77.9802
10.439,423.538,-8.65044,24.4847,0.000706677,-0.0985465,-0.0149243,3.20641e-05,0.000306516,0.00586045,4119.31,3,0,0,0,-0.0249299,0.0247658,-0.0117605,0.0117638,4604.66,-26.9857,1.4114,-0.000166419,0.0250967,-78.0324,4643.28,-27.212,1.42324,-0.000206092,-0.0248772,-78.0429,4731.22,-27.7274,1.4502,-0.00191544,0.0118623,-77.9607,4754.63,-27.8646,1.45737,-0.00190737,-0.0118078,-77.9667
10.449,423.783,-8.65609,24.4807,0.000906557,-0.673535,0.15742,0.000168708,0.000306298,0.00585896,4118.59,3,0,0,0,-0.0249048,0.0247067,-0.0117551,0.0117582,4605.6,-26.9844,1.41069,0.000138956,0.0250679,-78.0189,4644.26,-27.2108,1.42253,0.000168202,-0.02482,-78.0295,4730.41,-27.7156,1.44891,-0.001965,0.0117566,-77.9469,4753.89,-27.8532,1.4561,-0.00196015,-0.0117044,-77.953
10.459,424.028,-8.66173,24.4757,0.000473332,-0.411091,-0.500721,-0.000131298,0.000306131,0.00585772,4117.87,3,0,0,0,-0.0249817,0.0248489,-0.0117601,0.0117637,4603.36,-26.9655,1.40923,-0.000240031,0.0248166,-78.0047,4641.31,-27.1878,1.42085,-0.000242196,-0.0248198,-78.0154,4731.15,-27.7141,1.44835,-0.00191588,0.0119097,-77.9335,4754.58,-27.8513,1.45553,-0.001925,-0.0118575,-77.9395
10.469,424.273,-8.66737,24.4716,0.000716505,-0.60328,-0.0972523,3.25168e-05,0.000305961,0.0058561,4117.15,3,0,0,0,-0.0248102,0.0247173,-0.0117563,0.0117598,4606.58,-26.9769,1.40943,-7.93097e-06,0.0257334,-77.991,4644.3,-27.1978,1.42098,-5.5286e-06,-0.0256392,-78.0017,4731.36,-27.7076,1.44761,-0.0019364,0.0118781,-77.9202,4754.74,-27.8445,1.45476,-0.00193631,-0.0118284,-77.9263
10.479,424.517,-8.67302,24.4678,0.000942877,-0.039903,0.189777,0.000196372,0.000305951,0.00585427,4116.46,3,0,0,0,-0.0248524,0.0246691,-0.0117619,0.0117646,4605.44,-26.9618,1.40904,-0.000180632,0.0248331,-77.9757,4644.38,-27.1897,1.42095,-0.00017357,-0.0245961,-77.986,4731.33,-27.6988,1.44755,-0.00190812,0.0118687,-77.9059,4754.82,-27.8363,1.45474,-0.00190608,-0.0118133,-77.9119
10.489,424.762,-8.67866,24.463,0.000665166,-0.330115,-0.0143694,-2.60026e-06,0.000305894,0.00585346,4115.72,3,0,0,0,-0.0250042,0.0248049,-0.0117605,0.0117639,4602.25,-26.9394,1.4078,-0.000103025,0.0251802,-77.965,4640.78,-27.1649,1.41959,-0.000145332,-0.0248897,-77.9753,4731.37,-27.6952,1.4473,-0.00190941,0.0118753,-77.8928,4754.83,-27.8326,1.45447,-0.00190162,-0.0118225,-77.8989
10.499,425.006,-8.6843,24.4585,0.00087281,-0.900274,-0.22779,0.000147099,0.000306161,0.00585169,4115,3,0,0,0,-0.0248505,0.0247404,-0.0117486,0.0117523,4604.94,-26.947,1.40985,-9.82096e-05,0.0244117,-77.9484,4642.58,-27.1672,1.42138,-0.000106942,-0.0245165,-77.9592,4731.35,-27.6867,1.44856,-0.00190151,0.011868,-77.8796,4754.88,-27.8244,1.45576,-0.00191434,-0.0118131,-77.8856
10.509,425.251,-8.68994,24.455,0.000702284,0.405676,-0.0543091,2.90347e-05,0.000305544,0.00585076,4114.28,3,0,0,0,-0.0249569,0.0248366,-0.0117607,0.0117641,4602.59,-26.929,1.40629,-0.000229207,0.0252771,-77.937,4640.38,-27.15,1.41784,-0.000239702,-0.0251573,-77.9473,4731.11,-27.6809,1.44556,-0.00190385,0.011847,-77.8654,4754.61,-27.8184,1.45274,-0.00189854,-0.0117959,-77.8715
10.519,425.495,-8.69557,24.4501,0.000484938,-0.609669,-0.572464,-0.000124491,0.000305522,0.00584907,4113.57,3,0,0,0,-0.0249084,0.0247414,-0.0117607,0.0117643,4605.27,-26.9369,1.40701,-4.4881e-05,0.0253302,-77.922,4644.59,-27.1668,1.41903,-3.5397e-05,-0.0253363,-77.9323,4731.42,-27.6747,1.44555,-0.00191722,0.0118738,-77.852,4754.89,-27.812,1.45272,-0.00192682,-0.0118212,-77.8582
10.529,425.74,-8.70121,24.4455,0.000708292,-1.52965,-0.0825691,2.57039e-06,0.000305336,0.00584762,4112.92,3,0,0,0,-0.0249257,0.0247469,-0.0117623,0.0117654,4606.13,-26.9352,1.40642,1.99411e-05,0.0250027,-77.9088,4644.72,-27.1609,1.4182,7.19192e-05,-0.0248,-77.9193,4731.44,-27.668,1.44468,-0.0019225,0.0119079,-77.8386,4754.9,-27.8051,1.45184,-0.00191813,-0.011851,-77.8446
10.539,425.984,-8.70685,24.4419,0.000684779,-0.169387,-0.00941718,2.36262e-05,0.000305546,0.00584675,4112.14,3,0,0,0,-0.0249863,0.0248502,-0.011761,0.0117642,4604.3,-26.9205,1.40683,-9.20487e-05,0.0252113,-77.8965,4641.77,-27.1396,1.41828,-9.44078e-05,-0.0250059,-77.9073,4731.47,-27.664,1.44568,-0.00190803,0.0118536,-77.8248,4754.87,-27.8009,1.45283,-0.00190311,-0.0118032,-77.8308
10.549,426.228,-8.71248,24.4381,0.000656993,0.141544,-0.123304,-1.07406e-06,0.000305245,0.00584496,4111.42,3,0,0,0,-0.02481,0.0246871,-0.011761,0.0117644,4607.89,-26.9332,1.40653,3.97399e-05,0.0255138,-77.8809,4645.48,-27.153,1.41801,-1.1981e-05,-0.0253934,-77.8913,4731.33,-27.6547,1.44422,-0.00192811,0.0118323,-77.8109,4754.76,-27.7917,1.45137,-0.00192163,-0.0117811,-77.817
10.559,426.473,-8.71811,24.4331,0.00068919,-0.525796,0.608348,3.36251e-05,0.00030517,0.00584395,4110.75,3,0,0,0,-0.0249,0.0247219,-0.0117615,0.0117648,4605.36,-26.9138,1.40542,-0.000137027,0.0249212,-77.868,4643.95,-27.1393,1.41719,-0.000109723,-0.024193,-77.8786,4731.78,-27.6526,1.444,-0.00197544,0.0119591,-77.7979,4755.22,-27.7896,1.45115,-0.00193294,-0.0119096,-77.8039
10.569,426.717,-8.72375,24.429,0.000699772,-0.379429,0.0130646,2.05329e-05,0.00030513,0.00584284,4109.99,3,0,0,0,-0.0249656,0.0247648,-0.0117608,0.0117641,4603.76,-26.8993,1.40475,-1.76911e-05,0.0251613,-77.8552,4642.37,-27.1249,1.41653,-1.43287e-05,-0.024871,-77.8656,4731.67,-27.6467,1.44378,-0.0019055,0.0118659,-77.7842,4755.09,-27.7835,1.45092,-0.00189777,-0.0118139,-77.7903
10.579,426.961,-8.72938,24.424,0.000908226,-0.590374,0.167388,0.000187392,0.000305341,0.00584194,4109.29,3,0,0,0,-0.0249399,0.0247875,-0.0117543,0.0117568,4602.82,-26.8897,1.40543,-0.000259401,0.0247091,-77.8405,4641.42,-27.1152,1.41722,-0.000252713,-0.0245297,-77.8512,4731.53,-27.6416,1.44473,-0.00189616,0.0118394,-77.7706,4754.96,-27.7785,1.45189,-0.00189016,-0.0117871,-77.7767
10.589,427.205,-8.73501,24.4207,0.000639438,-1.16844,-0.108111,3.96869e-05,0.000305153,0.00583967,4108.59,3,0,0,0,-0.0248687,0.024722,-0.0117573,0.0117605,4607.05,-26.904,1.40586,0.000217807,0.024597,-77.8264,4645.54,-27.1287,1.4176,0.000255747,-0.0244326,-77.8374,4731.64,-27.6316,1.44388,-0.00194281,0.0118788,-77.7574,4755.16,-27.7689,1.45105,-0.00194274,-0.0118323,-77.7634
10.599,427.449,-8.74064,24.4159,0.000667772,-0.787113,0.0676827,6.24397e-07,0.00030471,0.00583889,4107.85,3,0,0,0,-0.0249886,0.0247967,-0.0117616,0.0117648,4603.27,-26.8783,1.40266,-2.08664e-05,0.0250493,-77.8151,4642.56,-27.1077,1.41463,-1.57526e-05,-0.0247053,-77.8253,4731.64,-27.6278,1.44178,-0.00191641,0.0118642,-77.7436,4755.14,-27.7651,1.44894,-0.00190476,-0.011814,-77.7498
10.609,427.694,-8.74627,24.4124,0.000730292,0.266451,0.0834248,4.51811e-05,0.000305037,0.00583743,4107.11,3,0,0,0,-0.0248903,0.0246912,-0.0117615,0.0117647,4605.61,-26.8853,1.40488,-5.55586e-05,0.0252772,-77.7995,4643.98,-27.1092,1.41658,-4.99254e-05,-0.0249695,-77.8102,4731.56,-27.6204,1.4433,-0.00191981,0.0119046,-77.7301,4755.01,-27.7574,1.45045,-0.00191137,-0.0118529,-77.7361
10.619,427.938,-8.75189,24.4072,0.000714657,-0.485466,0.00599003,4.59451e-05,0.000304703,0.00583642,4106.41,3,0,0,0,-0.0249711,0.0248095,-0.0117611,0.0117645,4604.94,-26.8766,1.40314,-0.000230327,0.0249628,-77.7856,4642.58,-27.0963,1.41461,-0.00021919,-0.0247308,-77.796,4731.74,-27.6167,1.44177,-0.00189033,0.0118645,-77.7169,4755.14,-27.7533,1.44891,-0.00188508,-0.0118138,-77.7229
10.629,428.182,-8.75752,24.4032,0.000683821,-1.56078,-0.00126017,5.41267e-05,0.000304597,0.00583474,4105.7,3,0,0,0,-0.0249441,0.0247945,-0.0117617,0.011765,4606.45,-26.8778,1.40311,0.000492966,0.025129,-77.7731,4643.98,-27.0967,1.41454,0.000358853,-0.0248817,-77.7837,4731.74,-27.6088,1.44128,-0.00197053,0.011867,-77.7032,4755.06,-27.7449,1.44838,-0.00196139,-0.0118161,-77.7092
10.639,428.426,-8.76314,24.399,0.000472004,-0.925061,-0.274892,-0.000121768,0.000303999,0.00583351,4105.02,3,0,0,0,-0.0248833,0.0247003,-0.0117598,0.0117643,4605.58,-26.867,1.40009,0.000133958,0.024805,-77.7585,4644.31,-27.0929,1.41187,0.000193739,-0.0245458,-77.7688,4731.61,-27.6022,1.43841,-0.00194147,0.0118654,-77.6897,4754.92,-27.7382,1.44549,-0.00194523,-0.0118156,-77.6958
10.649,428.669,-8.76877,24.3953,0.000711526,-0.27648,0.017926,4.94905e-05,0.00030431,0.00583257,4104.28,3,0,0,0,-0.0250168,0.0248363,-0.0117624,0.0117656,4603.59,-26.8511,1.40092,0.000115119,0.0251976,-77.7478,4641.58,-27.0727,1.41248,0.000152392,-0.0249335,-77.7587,4731.69,-27.5982,1.4399,-0.00192654,0.0118665,-77.676,4754.92,-27.7337,1.44697,-0.00192087,-0.0118155,-77.682
10.659,428.913,-8.77439,24.3904,0.00111665,-0.966917,0.0989048,0.00029617,0.000304203,0.00583086,4103.59,3,0,0,0,-0.0248816,0.0247531,-0.011754,0.011757,4607.14,-26.8639,1.40151,3.24258e-05,0.0245348,-77.7316,4644.5,-27.0817,1.41287,8.01981e-06,-0.0245452,-77.7419,4731.72,-27.5903,1.43941,-0.0018878,0.0118744,-77.6628,4754.95,-27.7258,1.44647,-0.00189182,-0.0118207,-77.6688
10.669,429.157,-8.78001,24.3856,0.000713498,-0.745438,-0.0226198,1.65826e-05,0.000303947,0.00583007,4102.85,3,0,0,0,-0.0248927,0.0248133,-0.0117538,0.0117574,4605.28,-26.8494,1.39976,-0.000213142,0.0252522,-77.7181,4642.59,-27.0669,1.4111,-0.00021188,-0.0251001,-77.7287,4731.76,-27.5868,1.43821,-0.00187951,0.0118674,-77.6496,4754.99,-27.7222,1.44526,-0.00187596,-0.0118136,-77.6556
10.679,429.401,-8.78563,24.3815,0.000840232,-0.309816,0.186059,0.000128436,0.000303588,0.00582838,4102.15,3,0,0,0,-0.0248953,0.0247239,-0.0117605,0.0117633,4603.97,-26.834,1.39771,-0.000330967,0.0249796,-77.7041,4642.57,-27.059,1.40943,-0.000356933,-0.0247226,-77.7144,4731.86,-27.5794,1.43654,-0.00187274,0.011855,-77.6358,4755.04,-27.7145,1.44357,-0.00186387,-0.0118016,-77.6418
10.689,429.645,-8.79125,24.3772,0.000611052,-0.664175,-0.0949682,-5.0948e-05,0.000303567,0.00582684,4101.44,3,0,0,0,-0.0249872,0.0248087,-0.0117627,0.011766,4604.11,-26.8277,1.39765,-0.000223537,0.0252161,-77.6908,4642.47,-27.0512,1.4093,-0.000278643,-0.024968,-77.701,4731.84,-27.572,1.43643,-0.00188092,0.0118652,-77.6223,4755.01,-27.707,1.44346,-0.0018716,-0.0118108,-77.6284
10.699,429.888,-8.79687,24.3734,0.000932096,-0.715419,0.186776,0.000200336,0.000303858,0.00582531,4100.72,3,0,0,0,-0.0249156,0.0247845,-0.0117575,0.0117606,4605.76,-26.8303,1.39949,9.18721e-05,0.0251064,-77.6781,4642.61,-27.0449,1.41069,7.62146e-05,-0.0249426,-77.6888,4731.91,-27.5651,1.43783,-0.00193168,0.0118734,-77.6087,4755.17,-27.7007,1.4449,-0.00192927,-0.0118189,-77.6147
10.709,430.132,-8.80249,24.3685,0.000744391,-0.254895,0.00774286,6.63722e-05,0.000303285,0.005824,4099.99,3,0,0,0,-0.0248384,0.0247379,-0.0117592,0.0117624,4604,-26.814,1.39633,-0.000517995,0.0244056,-77.6614,4641.7,-27.0336,1.40776,-0.000472072,-0.0242627,-77.6718,4731.86,-27.5587,1.4351,-0.00184218,0.0118481,-77.5955,4755.17,-27.6944,1.44217,-0.00183641,-0.0117954,-77.6015
10.719,430.376,-8.8081,24.3644,0.000970679,-0.329155,0.337911,0.000230783,0.000303375,0.00582257,4099.29,3,0,0,0,-0.0249887,0.0248229,-0.0117632,0.011766,4602.73,-26.8,1.39635,-0.000369292,0.0250058,-77.6496,4640.94,-27.0225,1.40795,-0.000402138,-0.0247371,-77.6599,4732.02,-27.5528,1.43557,-0.00186152,0.0118634,-77.582,4755.33,-27.6886,1.44265,-0.00185025,-0.0118108,-77.588
10.729,430.619,-8.81372,24.3602,0.000639925,-0.726242,-0.0767203,-8.91619e-06,0.000302984,0.00582085,4098.6,3,0,0,0,-0.0249036,0.0246796,-0.0117587,0.0117619,4604.9,-26.8047,1.39521,-9.99738e-05,0.0253146,-77.6364,4643.63,-27.0302,1.40695,-0.000140833,-0.0250402,-77.6465,4732.06,-27.545,1.43374,-0.00188436,0.0118664,-77.5686,4755.32,-27.6803,1.44079,-0.00187784,-0.0118146,-77.5746
10.739,430.863,-8.81933,24.3562,0.000629738,-0.385618,-0.102564,-1.43268e-05,0.000302863,0.00582022,4097.87,3,0,0,0,-0.0251297,0.0249753,-0.011762,0.0117652,4600.99,-26.7791,1.39347,-0.000180716,0.0251761,-77.6251,4638.68,-26.9984,1.40488,-0.00011922,-0.0249749,-77.6358,4732.07,-27.542,1.43317,-0.0018741,0.01186,-77.5548,4755.31,-27.6773,1.44021,-0.00187493,-0.0118117,-77.5608
10.749,431.106,-8.82495,24.3518,0.000696001,-0.645792,-0.0636303,3.59566e-05,0.000302793,0.00581765,4097.14,3,0,0,0,-0.0247818,0.0246839,-0.0117596,0.011763,4607.96,-26.8078,1.39526,-0.000122165,0.0256589,-77.6072,4645.05,-27.0236,1.40649,-6.32144e-05,-0.0255193,-77.618,4731.89,-27.5288,1.43278,-0.00188076,0.0118319,-77.5416,4755.09,-27.6638,1.43981,-0.00188399,-0.0117812,-77.5475
10.759,431.35,-8.83056,24.3477,0.000720089,-0.626483,0.0128266,5.58814e-05,0.000302167,0.00581773,4096.5,3,0,0,0,-0.0252373,0.0250484,-0.0117608,0.0117638,4599.36,-26.7581,1.38978,-7.64185e-05,0.0251512,-77.5992,4637.83,-26.982,1.4014,-8.32894e-05,-0.0248964,-77.6093,4731.94,-27.5295,1.42984,-0.0018822,0.011872,-77.5277,4755.41,-27.666,1.43693,-0.00187805,-0.0118212,-77.5337
10.769,431.593,-8.83617,24.3444,0.000729773,0.203992,0.117126,7.44951e-05,0.00030207,0.00581439,4095.66,3,0,0,0,-0.0246771,0.0244677,-0.0117598,0.0117628,4609.64,-26.8026,1.39244,2.1221e-05,0.0250666,-77.58,4647.62,-27.0234,1.40391,-5.15539e-05,-0.0247346,-77.5904,4731.66,-27.512,1.42929,-0.0018813,0.0118473,-77.5143,4754.82,-27.6467,1.43629,-0.00187208,-0.0117971,-77.5203
10.779,431.836,-8.84178,24.3388,0.000633823,-0.429359,-0.0481796,-2.32591e-05,0.000301807,0.00581493,4095.02,3,0,0,0,-0.0251394,0.0249869,-0.0117614,0.0117647,4601.06,-26.7551,1.38863,-0.000409945,0.0249177,-77.5697,4638.63,-26.9736,1.39997,-0.000408824,-0.0246826,-77.58,4732.2,-27.5177,1.42821,-0.00185542,0.0118619,-77.5013,4755.18,-27.6514,1.43515,-0.00184963,-0.0118102,-77.5072
10.789,432.08,-8.84739,24.3353,0.000735268,-0.699361,-0.0401936,6.51329e-05,0.000301851,0.00581265,4094.31,3,0,0,0,-0.0248237,0.0247288,-0.0117575,0.0117607,4606.04,-26.7736,1.39034,0.000159826,0.0251001,-77.5567,4643.16,-26.9894,1.40154,0.000185793,-0.0249924,-77.5672,4732.28,-27.5074,1.42844,-0.0018974,0.0118756,-77.4876,4755.22,-27.6407,1.43537,-0.00189515,-0.0118239,-77.4934
10.799,432.323,-8.853,24.3308,0.000707929,-0.518804,-0.135202,5.59555e-05,0.000301131,0.00581157,4093.62,3,0,0,0,-0.0249817,0.0248063,-0.011761,0.0117639,4603.75,-26.7553,1.38633,-8.78574e-05,0.0250182,-77.5424,4642.18,-26.9786,1.3979,-7.87122e-05,-0.0248847,-77.5524,4732.37,-27.5028,1.42506,-0.00189147,0.0118646,-77.4743,4755.26,-27.6358,1.43196,-0.0018939,-0.0118148,-77.4802
10.809,432.566,-8.85861,24.3269,0.000654428,-0.488252,-0.0165739,5.77765e-06,0.000301164,0.00580979,4092.9,3,0,0,0,-0.0248832,0.0246859,-0.0117613,0.0117644,4605.63,-26.7581,1.38705,9.71837e-05,0.0251555,-77.5289,4643.49,-26.978,1.39845,8.72986e-05,-0.0248714,-77.5394,4732.44,-27.4948,1.42524,-0.00190491,0.0118627,-77.4608,4755.26,-27.6274,1.43211,-0.00189744,-0.0118105,-77.4667
10.819,432.809,-8.86421,24.323,0.000608885,-0.410379,0.268067,-4.40162e-05,0.000300909,0.00580813,4092.11,3,0,0,0,-0.0247937,0.0246509,-0.0117623,0.0117655,4608.65,-26.7679,1.38678,0.000101147,0.0259851,-77.5128,4644.21,-26.9745,1.39748,8.59229e-05,-0.025509,-77.5232,4732.7,-27.4885,1.42411,-0.00193055,0.0119323,-77.4472,4755.68,-27.6219,1.43103,-0.00191154,-0.011882,-77.4531
10.829,433.052,-8.86982,24.3179,0.000696199,-0.44785,-0.00379893,2.84329e-05,0.000300194,0.00580761,4091.49,3,0,0,0,-0.0250482,0.0249087,-0.0117612,0.0117644,4601.24,-26.7225,1.38127,-0.000130717,0.025093,-77.5029,4638.36,-26.9381,1.39241,-0.000158377,-0.0249053,-77.5128,4732.29,-27.4836,1.42061,-0.00187456,0.0118543,-77.4341,4755.31,-27.6173,1.42752,-0.00186905,-0.0118033,-77.44
10.839,433.296,-8.87542,24.3159,0.000919654,1.48157,0.0836329,0.000249908,0.000300228,0.00580482,4090.77,3,0,0,0,-0.0248689,0.0247099,-0.0117674,0.011771,4606.41,-26.7397,1.38297,-1.3194e-05,0.0252895,-77.4867,4643.87,-26.9571,1.39422,-2.44335e-05,-0.0252491,-77.4969,4732.36,-27.4708,1.42079,-0.00189173,0.0118539,-77.4205,4755.25,-27.6037,1.42766,-0.0018921,-0.0118023,-77.4263
10.849,433.539,-8.88102,24.3095,0.000651061,-1.29113,-0.0950544,1.16193e-05,0.000299773,0.00580437,4090.07,3,0,0,0,-0.0250261,0.0248272,-0.0117622,0.0117652,4602.82,-26.7168,1.3798,0.000141171,0.0252435,-77.476,4641.05,-26.9387,1.39126,0.000199607,-0.0250065,-77.4863,4732.38,-27.4688,1.41864,-0.00180808,0.0118656,-77.4072,4755.29,-27.6018,1.42551,-0.00180523,-0.0118161,-77.4131
10.859,433.782,-8.88663,24.3049,0.000418089,-1.35104,-0.612542,-0.00016889,0.000299711,0.00580265,4089.36,3,0,0,0,-0.0249123,0.0247716,-0.0117628,0.0117657,4605.59,-26.7249,1.38034,-7.41134e-06,0.0253824,-77.4593,4643.38,-26.9442,1.39167,-7.14223e-06,-0.0254076,-77.4698,4732.5,-27.4613,1.41838,-0.00185754,0.0118491,-77.3941,4755.34,-27.5939,1.42523,-0.00187871,-0.011801,-77.3999
10.869,434.025,-8.89223,24.3012,0.000695963,-0.472959,-0.00389614,1.98058e-05,0.000299777,0.00580178,4088.63,3,0,0,0,-0.024918,0.0248247,-0.01176,0.0117633,4604.85,-26.7166,1.38043,-2.19803e-05,0.0251338,-77.4482,4641.77,-26.9308,1.3915,-5.54407e-05,-0.0249896,-77.4585,4732.56,-27.4576,1.41871,-0.00186995,0.0118607,-77.3806,4755.39,-27.5901,1.42556,-0.00186389,-0.0118079,-77.3864
10.879,434.268,-8.89783,24.2975,0.00067853,-0.0677963,-0.171551,5.41464e-05,0.000299607,0.00579998,4087.85,3,0,0,0,-0.0248097,0.0246595,-0.011762,0.0117652,4606.98,-26.7207,1.38028,-1.85825e-05,0.0250193,-77.4327,4644.98,-26.9411,1.39167,1.9684e-06,-0.0249252,-77.4431,4732.48,-27.4486,1.41788,-0.00190218,0.0118736,-77.3671,4755.39,-27.5815,1.42475,-0.00190745,-0.011824,-77.3729
10.889,434.51,-8.90343,24.2925,0.000690641,-0.842902,0.00172612,1.53044e-05,0.000299652,0.00579921,4087.24,3,0,0,0,-0.0250028,0.0248152,-0.0117632,0.0117661,4603.04,-26.6943,1.37931,-0.000136153,0.0250098,-77.4201,4641.33,-26.9164,1.39078,-0.00013902,-0.0247298,-77.4302,4732.45,-27.4448,1.41809,-0.00179337,0.0118595,-77.3538,4755.37,-27.5777,1.42495,-0.00178611,-0.0118064,-77.3597
10.899,434.753,-8.90902,24.2887,0.000656318,-0.371195,0.217151,1.20673e-05,0.000299936,0.00579775,4086.53,3,0,0,0,-0.0249324,0.0247554,-0.0117614,0.0117646,4605.03,-26.6991,1.38121,3.15801e-05,0.0257734,-77.4071,4642.34,-26.9154,1.3924,3.26516e-05,-0.025331,-77.4175,4732.3,-27.437,1.41939,-0.00188621,0.0118466,-77.3403,4755.36,-27.5707,1.4263,-0.0018712,-0.0117966,-77.3461
10.909,434.996,-8.91462,24.2843,0.000711101,-0.632161,-0.0330715,4.45189e-05,0.000299852,0.0057961,4085.82,3,0,0,0,-0.024876,0.0247575,-0.0117621,0.0117652,4605.88,-26.6965,1.38108,-5.75695e-05,0.0249321,-77.3928,4643.04,-26.9118,1.39222,-4.63839e-05,-0.0247815,-77.4031,4732.32,-27.4294,1.419,-0.00187494,0.0118662,-77.327,4755.46,-27.5634,1.42593,-0.00187338,-0.0118143,-77.3328
10.919,435.239,-8.92021,24.2802,0.000753655,-0.0434182,0.139741,8.08271e-05,0.000299784,0.00579495,4085.11,3,0,0,0,-0.0249035,0.0247603,-0.0117621,0.0117654,4603.65,-26.6782,1.3801,-0.000211143,0.0249047,-77.3801,4641.43,-26.8972,1.39143,-0.000202631,-0.0246496,-77.3903,4732.36,-27.4241,1.41869,-0.00185688,0.0118647,-77.3135,4755.51,-27.5583,1.42563,-0.00184756,-0.0118127,-77.3194
10.929,435.482,-8.92581,24.276,0.000734005,-0.322957,-0.0636442,6.84521e-05,0.000299834,0.0057934,4084.41,3,0,0,0,-0.0249186,0.0247141,-0.0117623,0.0117651,4604.16,-26.674,1.38048,-1.64764e-05,0.0252958,-77.3659,4642.66,-26.8971,1.39203,7.71188e-06,-0.0250917,-77.376,4732.3,-27.4165,1.4189,-0.00188584,0.0118379,-77.3002,4755.43,-27.5504,1.42584,-0.00188498,-0.011787,-77.3061
10.939,435.724,-8.9314,24.2712,0.000730486,-0.769817,0.0155765,5.41438e-05,0.00030004,0.00579228,4083.68,3,0,0,0,-0.0250081,0.0248591,-0.0117624,0.0117654,4603.49,-26.665,1.38123,-0.000120055,0.0251021,-77.3533,4640.42,-26.8789,1.39231,-0.000133343,-0.024911,-77.3637,4732.48,-27.4122,1.41993,-0.00188967,0.0119477,-77.2869,4755.57,-27.5459,1.42686,-0.00188149,-0.0118915,-77.2927
10.949,435.967,-8.93699,24.2682,0.000706325,0.643676,0.339842,4.63123e-05,0.000300107,0.00579058,4082.99,3,0,0,0,-0.0248655,0.0247534,-0.0117624,0.0117653,4605.45,-26.6686,1.38213,-7.86866e-05,0.0258965,-77.3384,4641.95,-26.8799,1.39308,-0.000108333,-0.0255093,-77.3489,4732.17,-27.4023,1.42016,-0.00191063,0.0118023,-77.2733,4755.29,-27.5362,1.4271,-0.00189046,-0.0117507,-77.2793
10.959,436.209,-8.94259,24.2636,0.000708161,-0.0582,-0.0595326,6.16229e-05,0.000299992,0.00578938,4082.26,3,0,0,0,-0.0248365,0.0247039,-0.0117625,0.0117654,4605,-26.6604,1.38146,-7.21335e-05,0.0250196,-77.3259,4642.9,-26.8798,1.39283,-8.12323e-05,-0.0249036,-77.3362,4732.96,-27.4012,1.41985,-0.0018675,0.0118732,-77.26,4756.11,-27.5352,1.42679,-0.00186692,-0.0118232,-77.266
10.969,436.452,-8.94817,24.2585,0.000644326,-0.483752,-0.106599,-1.04153e-05,0.000300026,0.00578821,4081.6,3,0,0,0,-0.0249632,0.0247624,-0.0117623,0.0117652,4603.18,-26.6445,1.38108,-0.00026931,0.0251997,-77.3116,4641.74,-26.8677,1.39264,-0.000344978,-0.0249848,-77.3213,4732.62,-27.3937,1.41991,-0.00184559,0.0118644,-77.247,4755.71,-27.5274,1.42684,-0.00183782,-0.0118126,-77.2531
10.979,436.695,-8.95376,24.2544,0.000614508,0.0522888,0.0666763,1.58234e-05,0.00030014,0.00578705,4080.86,3,0,0,0,-0.0250162,0.0248362,-0.0117625,0.0117654,4602.53,-26.6353,1.3814,-0.000396557,0.0254414,-77.2979,4640.25,-26.8536,1.39272,-0.000426965,-0.0251076,-77.3082,4732.65,-27.3884,1.42046,-0.0018383,0.011859,-77.2335,4755.74,-27.522,1.42739,-0.00182689,-0.0118094,-77.2395
10.989,436.937,-8.95935,24.2503,0.00080192,-0.658983,0.160494,0.000116911,0.000300562,0.00578545,4080.17,3,0,0,0,-0.0247956,0.0246968,-0.0117555,0.0117587,4606.56,-26.6513,1.38456,-0.000100908,0.0251985,-77.2841,4643.74,-26.8664,1.39573,-0.000109328,-0.0249727,-77.2947,4732.67,-27.3809,1.42246,-0.00186268,0.0118824,-77.2203,4755.81,-27.5148,1.42942,-0.00185615,-0.0118321,-77.2262
10.999,437.179,-8.96494,24.2472,0.000769758,0.618545,-0.0185452,0.000143797,0.000300376,0.00578398,4079.44,3,0,0,0,-0.0248719,0.0247271,-0.0117635,0.0117667,4604.47,-26.6324,1.38307,-0.000210755,0.0249824,-77.2716,4642.65,-26.8533,1.39454,-0.000180515,-0.0248778,-77.2822,4732.64,-27.3738,1.42157,-0.00185632,0.0118864,-77.2067,4755.97,-27.5087,1.42858,-0.00185882,-0.0118369,-77.2126
11.009,437.422,-8.97052,24.2421,0.000702452,-0.215828,0.00807133,4.71908e-05,0.000300438,0.00578303,4078.73,3,0,0,0,-0.0249888,0.0247912,-0.0117619,0.0117648,4601.9,-26.6132,1.38258,-8.91368e-05,0.0252219,-77.2602,4640.52,-26.8366,1.39419,-0.000119993,-0.0249389,-77.2703,4732.62,-27.3692,1.42186,-0.00185573,0.0118813,-77.1933,4755.86,-27.5036,1.42884,-0.00184928,-0.0118309,-77.1993
11.019,437.664,-8.97611,24.2375,0.000666208,-0.421599,0.174748,3.54222e-05,0.000300532,0.00578161,4078.07,3,0,0,0,-0.0249403,0.0247489,-0.0117622,0.0117654,4604.62,-26.6224,1.38383,-0.0002643,0.0254637,-77.2433,4642.44,-26.841,1.3952,-0.000277603,-0.0250607,-77.2536,4732.32,-27.3607,1.42221,-0.00186947,0.0118088,-77.1801,4755.48,-27.4946,1.42917,-0.00185438,-0.0117603,-77.1861
11.029,437.906,-8.98169,24.2333,0.000797693,-0.643443,0.414981,0.000123675,0.000300678,0.0057802,4077.29,3,0,0,0,-0.0248536,0.0247703,-0.0117625,0.0117647,4606.96,-26.6294,1.38521,-8.76424e-05,0.0255607,-77.2302,4642.86,-26.837,1.39601,-0.000148031,-0.0251886,-77.241,4732.75,-27.3566,1.42304,-0.00189683,0.0119104,-77.1669,4755.91,-27.4904,1.43,-0.00187224,-0.0118579,-77.1729
11.039,438.149,-8.98727,24.2288,0.000651385,-0.759502,-0.167679,6.09491e-05,0.000300019,0.00577895,4076.67,3,0,0,0,-0.02487,0.0247442,-0.011761,0.0117641,4604.82,-26.6113,1.38153,-0.000344467,0.0249807,-77.2161,4642.45,-26.8288,1.39282,-0.000262574,-0.024857,-77.2269,4732.98,-27.352,1.41998,-0.00185149,0.0118841,-77.1537,4756.08,-27.4855,1.42692,-0.00185544,-0.011836,-77.1597
11.049,438.391,-8.99285,24.2255,0.000663705,-0.235396,-0.00606522,2.22596e-05,0.000299901,0.00577742,4076.08,3,0,0,0,-0.0249345,0.0247393,-0.0117627,0.0117656,4603.93,-26.5991,1.38072,-2.99478e-05,0.0250499,-77.2053,4642.49,-26.8219,1.39229,2.87139e-05,-0.0247679,-77.2154,4732.85,-27.3439,1.41938,-0.00194174,0.0119146,-77.14,4755.89,-27.477,1.42629,-0.00193451,-0.0118666,-77.1461
11.059,438.633,-8.99843,24.2213,0.000914801,-0.681493,0.129934,0.000203856,0.000300037,0.00577621,4075.26,3,0,0,0,-0.0249051,0.0247396,-0.0117572,0.0117597,4605.26,-26.6012,1.38175,0.000111355,0.025348,-77.1916,4642.09,-26.814,1.3928,0.000126739,-0.0251851,-77.2022,4732.85,-27.3382,1.42003,-0.00187971,0.0118681,-77.1268,4755.79,-27.4707,1.42691,-0.00188219,-0.0118194,-77.1328
11.069,438.875,-9.00401,24.2168,0.000635763,-0.465178,-0.0672003,1.52764e-05,0.000299284,0.00577506,4074.59,3,0,0,0,-0.0250067,0.0248678,-0.0117625,0.0117657,4602.88,-26.5822,1.37757,-0.000113944,0.0251295,-77.1786,4639.74,-26.7951,1.3886,-9.63305e-05,-0.0249456,-77.1889,4732.92,-27.3332,1.41649,-0.00185811,0.0118599,-77.1135,4755.76,-27.4651,1.42332,-0.00185283,-0.0118117,-77.1194
11.079,439.117,-9.00959,24.2126,0.000739748,-0.0496209,-0.038407,8.31027e-05,0.000299088,0.00577321,4073.84,3,0,0,0,-0.0248508,0.0247331,-0.011764,0.0117667,4605.34,-26.5879,1.3774,-0.000274665,0.0251416,-77.1628,4642.53,-26.8026,1.38853,-0.000245709,-0.0250366,-77.1733,4732.87,-27.3242,1.41555,-0.00184236,0.011841,-77.1004,4755.61,-27.4555,1.42235,-0.00184105,-0.0117919,-77.1063
11.089,439.359,-9.01517,24.2082,0.000670799,-0.511687,-0.0263319,4.05157e-05,0.000298471,0.00577208,4073.15,3,0,0,0,-0.024909,0.0246958,-0.0117623,0.011765,4604.25,-26.5764,1.37424,-0.000181735,0.0249936,-77.1506,4642.44,-26.7969,1.38563,-0.00018071,-0.0247317,-77.1605,4733.04,-27.3198,1.41268,-0.00184833,0.0118618,-77.087,4755.71,-27.4507,1.41944,-0.00184414,-0.0118141,-77.0929
11.099,439.601,-9.02075,24.2044,0.000619875,-0.183964,-0.00459544,-8.4311e-07,0.000298525,0.00577097,4072.44,3,0,0,0,-0.0250055,0.0248282,-0.0117623,0.0117652,4602.72,-26.5625,1.37403,-0.000113476,0.0251698,-77.1389,4639.89,-26.777,1.38512,-0.000139328,-0.024887,-77.1493,4733.13,-27.3151,1.41296,-0.00184974,0.0118641,-77.0738,4755.75,-27.4456,1.41971,-0.00184267,-0.011815,-77.0796
11.109,439.843,-9.02632,24.2006,0.000575272,0.208979,-0.194033,-1.61805e-05,0.000298184,0.0057692,4071.74,3,0,0,0,-0.0248537,0.024729,-0.0117631,0.0117659,4604.59,-26.5651,1.37301,-0.000147069,0.0249183,-77.1239,4641.5,-26.7781,1.38402,-0.000100403,-0.0248329,-77.1344,4732.92,-27.3055,1.41128,-0.00183674,0.0118532,-77.0603,4755.65,-27.4366,1.41806,-0.00183799,-0.0118028,-77.0661
11.119,440.085,-9.0319,24.1955,0.000870984,-1.1037,0.358624,0.000197674,0.000297971,0.00576763,4071.05,3,0,0,0,-0.0248629,0.0247189,-0.0117643,0.0117675,4604.34,-26.5564,1.37196,-8.42392e-05,0.0243074,-77.1101,4641.57,-26.7712,1.38306,-6.73101e-05,-0.0239725,-77.1204,4733.07,-27.2989,1.41032,-0.00185314,0.0118611,-77.0471,4755.89,-27.4305,1.41712,-0.00184346,-0.0118128,-77.053
11.129,440.327,-9.03747,24.1918,0.000703614,0.0678542,0.0704067,6.79829e-05,0.000297734,0.00576686,4070.33,3,0,0,0,-0.024995,0.0248095,-0.0117616,0.0117645,4601.48,-26.5364,1.37002,-0.00017003,0.0251916,-77.0993,4639.5,-26.7556,1.38134,-0.000210285,-0.0249196,-77.1092,4733.12,-27.2956,1.40921,-0.00183298,0.0118633,-77.0337,4755.91,-27.427,1.416,-0.00182463,-0.0118141,-77.0396
11.139,440.569,-9.04304,24.1869,0.000765076,-0.67229,0.179308,0.000105694,0.000297777,0.0057653,4069.59,3,0,0,0,-0.0249059,0.0247144,-0.0117598,0.0117623,4604.28,-26.5454,1.37105,-0.000206181,0.0251434,-77.0822,4641.92,-26.7624,1.38226,-0.000230731,-0.0248427,-77.0923,4732.89,-27.2869,1.40935,-0.00183956,0.0118535,-77.0208,4755.66,-27.4181,1.41612,-0.0018289,-0.0118032,-77.0267
11.149,440.811,-9.04861,24.1832,0.000781465,-0.674034,0.045101,0.000121229,0.000297841,0.00576402,4068.94,3,0,0,0,-0.0249533,0.02484,-0.0117586,0.0117611,4603.94,-26.5375,1.37124,-6.2388e-06,0.0248439,-77.0716,4640.49,-26.7482,1.38213,-5.66152e-05,-0.0247214,-77.0821,4733.13,-27.2822,1.40972,-0.00187672,0.0118665,-77.0073,4755.92,-27.4135,1.41651,-0.00187212,-0.0118151,-77.0132
11.159,441.052,-9.05418,24.1796,0.000654408,-0.650217,-0.0227322,5.9675e-05,0.00029749,0.00576215,4068.24,3,0,0,0,-0.024856,0.0247175,-0.0117637,0.0117667,4605.19,-26.5361,1.37,0.000253425,0.024652,-77.058,4642.45,-26.7508,1.38108,0.000200626,-0.024465,-77.068,4732.98,-27.2724,1.40801,-0.00188042,0.0118594,-76.9939,4755.84,-27.4042,1.41482,-0.00187776,-0.0118115,-76.9997
11.169,441.294,-9.05975,24.1749,0.00097785,-0.622828,0.598379,0.000258613,0.000297384,0.00576107,4067.53,3,0,0,0,-0.0249674,0.0247843,-0.0117665,0.0117695,4603.68,-26.5224,1.36906,-3.51757e-05,0.0250255,-77.045,4641.46,-26.7401,1.3803,6.5884e-07,-0.024533,-77.0552,4733.16,-27.2684,1.40757,-0.00188613,0.011871,-76.9808,4756.01,-27.4,1.41436,-0.00186602,-0.0118261,-76.9867
11.179,441.536,-9.06532,24.1701,0.000599051,-0.561762,0.0701097,-1.86421e-06,0.000297455,0.00575996,4066.83,3,0,0,0,-0.0249854,0.0248058,-0.0117631,0.011766,4604,-26.5191,1.36948,-0.000173573,0.0256111,-77.0304,4641.33,-26.7341,1.38059,-0.000191098,-0.0252826,-77.0406,4733.16,-27.2631,1.4079,-0.00186756,0.0118554,-76.9675,4755.99,-27.3946,1.41469,-0.00185347,-0.0118067,-76.9735
11.189,441.777,-9.07088,24.1659,0.000791128,-1.14593,-0.458199,0.000146494,0.000297416,0.00575821,4066.15,3,0,0,0,-0.0249196,0.02479,-0.0117627,0.0117659,4605.97,-26.5224,1.36989,-0.000105307,0.0247253,-77.0166,4642.38,-26.7321,1.38072,-0.000125073,-0.024962,-77.027,4733.16,-27.2548,1.40772,-0.0018197,0.0118664,-76.9543,4756.03,-27.3865,1.41452,-0.00184339,-0.0118171,-76.9602
11.199,442.019,-9.07645,24.1623,0.000761722,-0.145483,0.12503,9.7462e-05,0.000297025,0.00575734,4065.43,3,0,0,0,-0.0248986,0.0247962,-0.0117614,0.0117641,4602.96,-26.5011,1.3672,-0.000188395,0.0248629,-77.0056,4639.79,-26.7131,1.37813,-0.000169481,-0.0246791,-77.0155,4733.06,-27.2501,1.40584,-0.00181889,0.0118379,-76.9409,4755.87,-27.3815,1.41261,-0.00181081,-0.0117885,-76.9468
11.209,442.261,-9.08201,24.1582,0.000456309,-0.818159,-0.48417,-9.54316e-05,0.000297182,0.00575554,4064.73,3,0,0,0,-0.0248744,0.0247172,-0.0117625,0.0117653,4604.58,-26.5022,1.3684,-6.72447e-06,0.024427,-76.9897,4642.06,-26.7179,1.37954,2.48079e-06,-0.0243942,-76.9998,4733.05,-27.2416,1.40658,-0.00187019,0.0118727,-76.9281,4755.89,-27.3731,1.41337,-0.00188615,-0.0118251,-76.9338
11.219,442.502,-9.08758,24.1541,0.000638619,-0.554495,-0.0330814,1.14736e-05,0.000296848,0.00575447,4064.04,3,0,0,0,-0.0250017,0.0248119,-0.011764,0.0117668,4603.03,-26.4883,1.3664,6.13092e-05,0.0250988,-76.979,4640.4,-26.7034,1.3775,5.45098e-05,-0.0248407,-76.9889,4733.23,-27.2375,1.40505,-0.00186169,0.0118665,-76.9145,4756.01,-27.3686,1.41181,-0.00185545,-0.0118173,-76.9203
11.229,442.744,-9.09314,24.15,0.000608089,-0.436078,0.188758,-1.09106e-05,0.000297,0.00575281,4063.32,3,0,0,0,-0.0249038,0.0247803,-0.0117636,0.0117667,4605.73,-26.4962,1.3679,6.09116e-05,0.0255774,-76.9637,4641.82,-26.7038,1.37862,1.93938e-05,-0.0252021,-76.974,4733.22,-27.2296,1.40577,-0.00187304,0.011864,-76.9014,4756.02,-27.3608,1.41254,-0.00185571,-0.0118137,-76.9072
11.239,442.985,-9.0987,24.1458,0.000668292,-0.357859,-0.0418821,6.01165e-05,0.000296811,0.00575153,4062.64,3,0,0,0,-0.024868,0.0247586,-0.0117624,0.0117652,4603.9,-26.4798,1.36649,-8.5272e-05,0.0249845,-76.9503,4640.88,-26.6925,1.37746,-9.03543e-05,-0.0248627,-76.9605,4733.13,-27.2231,1.40485,-0.00182223,0.0117789,-76.8881,4755.99,-27.3546,1.41163,-0.00182016,-0.0117338,-76.894
11.249,443.226,-9.10426,24.1411,0.000792135,-0.40261,0.183914,0.000114613,0.000296728,0.0057503,4061.93,3,0,0,0,-0.0249878,0.02482,-0.0117635,0.0117659,4602.18,-26.4642,1.36559,-0.00024967,0.0250685,-76.9369,4640.1,-26.6822,1.37684,-0.00027573,-0.0247762,-76.9467,4733.34,-27.2184,1.40451,-0.00182693,0.0118667,-76.875,4756.12,-27.3494,1.41127,-0.00181681,-0.0118172,-76.8809
11.259,443.468,-9.10982,24.137,0.000706512,-0.831087,0.0385291,7.74045e-05,0.000296769,0.00574874,4061.25,3,0,0,0,-0.0249275,0.0247261,-0.01176,0.0117627,4603.97,-26.4673,1.36631,-2.17423e-05,0.025135,-76.9239,4641.55,-26.6834,1.37747,-3.64144e-05,-0.0248799,-76.934,4733.36,-27.2112,1.40471,-0.00181489,0.011863,-76.8617,4756.15,-27.3422,1.41148,-0.00180885,-0.0118147,-76.8676
11.269,443.709,-9.11538,24.1334,0.000620328,-0.13463,0.250294,2.25936e-06,0.000296737,0.00574719,4060.5,3,0,0,0,-0.0248889,0.0247513,-0.0117631,0.0117659,4605.63,-26.4697,1.36666,-0.000127836,0.025639,-76.9098,4642,-26.6788,1.37746,-0.000125036,-0.0252124,-76.92,4733.53,-27.2048,1.40461,-0.00181605,0.0119337,-76.8486,4756.35,-27.336,1.41139,-0.00180008,-0.0118863,-76.8543
11.279,443.95,-9.12093,24.1289,0.000689623,-0.501682,-0.0304538,5.94811e-05,0.000296249,0.00574623,4059.84,3,0,0,0,-0.0250116,0.0248792,-0.0117621,0.0117649,4601.99,-26.4444,1.36334,-5.14714e-05,0.0250512,-76.8991,4638.83,-26.6561,1.37425,-6.75948e-05,-0.0249035,-76.909,4733.39,-27.1995,1.40226,-0.00183628,0.0118658,-76.8352,4756.18,-27.3304,1.40901,-0.00183304,-0.0118175,-76.8411
11.289,444.191,-9.12649,24.1254,0.000823505,0.195178,0.109212,0.000162937,0.000296259,0.00574395,4059.15,3,0,0,0,-0.0248354,0.0246847,-0.0117648,0.011767,4605.72,-26.4553,1.36448,-7.43295e-05,0.0249842,-76.8826,4642.87,-26.6687,1.37549,-7.77978e-05,-0.0248092,-76.8927,4733.26,-27.1879,1.40227,-0.00183394,0.0118627,-76.8221,4755.93,-27.3181,1.40899,-0.00183395,-0.0118137,-76.8279
11.299,444.433,-9.13204,24.1207,0.000659458,-0.512211,-0.00553123,4.12468e-05,0.000295932,0.0057432,4058.36,3,0,0,0,-0.025038,0.0248521,-0.0117635,0.0117662,4602.36,-26.4326,1.36199,-8.15183e-06,0.0251087,-76.8721,4639.77,-26.6474,1.37306,3.01056e-05,-0.0248626,-76.8821,4733.67,-27.1867,1.40085,-0.00183769,0.0119461,-76.8089,4756.3,-27.3167,1.40754,-0.00183206,-0.0118987,-76.8147
11.309,444.674,-9.1376,24.1168,0.000769737,-0.390129,0.466378,0.000112881,0.000296045,0.0057416,4057.75,3,0,0,0,-0.0248472,0.0247023,-0.0117624,0.0117637,4606.68,-26.45,1.36378,0.000173779,0.0255134,-76.8569,4642.87,-26.6578,1.3745,7.92591e-05,-0.0250706,-76.867,4733.53,-27.1783,1.40134,-0.00196772,0.0118624,-76.7957,4756.14,-27.3081,1.40803,-0.0019425,-0.0118129,-76.8015
11.319,444.915,-9.14315,24.1115,0.000711656,-0.834983,0.00459543,9.85567e-05,0.000295639,0.0057404,4057.07,3,0,0,0,-0.0249251,0.0248065,-0.0117595,0.0117624,4603.84,-26.4282,1.36107,-0.000332823,0.0247463,-76.8428,4640.66,-26.6395,1.37196,-0.000258766,-0.0245833,-76.8533,4733.57,-27.1729,1.39943,-0.00181005,0.0118618,-76.7827,4756.25,-27.3031,1.40613,-0.00180905,-0.0118158,-76.7885
11.329,445.156,-9.1487,24.1079,0.000642594,-0.587412,-0.274067,1.50478e-05,0.000295377,0.00573886,4056.37,3,0,0,0,-0.0249562,0.0247914,-0.0117633,0.011766,4602.77,-26.415,1.35956,-8.7236e-05,0.0249141,-76.8319,4640.51,-26.6315,1.3707,-0.000123336,-0.0248894,-76.8416,4733.53,-27.1654,1.39818,-0.00182384,0.0118573,-76.7693,4756.17,-27.2953,1.40486,-0.00183581,-0.0118082,-76.7751
11.339,445.397,-9.15425,24.1041,0.000666334,0.257508,0.0920407,6.12265e-05,0.000295268,0.00573758,4055.59,3,0,0,0,-0.0248559,0.0246139,-0.0117638,0.0117665,4600.83,-26.3979,1.35848,-0.000329018,0.0245061,-76.8168,4638.07,-26.6116,1.36947,-0.000441063,-0.0241454,-76.8268,4733.34,-27.1582,1.3976,-0.00178139,0.0118369,-76.756,4755.9,-27.2876,1.40427,-0.00177294,-0.0117885,-76.7618
11.349,445.638,-9.1598,24.0996,0.000501904,-0.498903,-0.0822141,-0.000106677,0.000295205,0.00573632,4054.96,3,0,0,0,-0.0250376,0.0249028,-0.011766,0.0117686,4601.86,-26.398,1.35849,-1.66712e-05,0.0253399,-76.8062,4638,-26.6053,1.36916,-3.04162e-05,-0.0250775,-76.8162,4733.63,-27.1539,1.39739,-0.0018361,0.0118655,-76.7429,4756.22,-27.2835,1.40406,-0.00182669,-0.0118156,-76.7486
11.359,445.879,-9.16535,24.095,0.000648003,-1.02721,-0.182291,3.82529e-05,0.000295173,0.00573454,4054.24,3,0,0,0,-0.0247935,0.0247041,-0.011755,0.0117581,4604.91,-26.4073,1.35925,-0.000260578,0.024297,-76.7882,4641.3,-26.616,1.36999,-0.000207709,-0.0242465,-76.7988,4733.74,-27.1461,1.39727,-0.00177721,0.0119074,-76.7302,4756.38,-27.2759,1.40396,-0.0017822,-0.0118539,-76.7359
11.369,446.12,-9.1709,24.0907,0.0006368,-0.315938,-0.203851,3.13726e-05,0.000294723,0.00573375,4053.57,3,0,0,0,-0.0250435,0.0248758,-0.0117637,0.0117664,4601.85,-26.3861,1.35627,-0.000448465,0.0250712,-76.7772,4639.48,-26.6019,1.36736,-0.00042723,-0.02498,-76.787,4733.62,-27.1417,1.39511,-0.0017922,0.0118557,-76.7168,4756.27,-27.2715,1.40178,-0.00179669,-0.0118089,-76.7226
11.379,446.36,-9.17645,24.0874,0.000618122,-0.290856,-0.019178,1.53532e-05,0.000294538,0.00573192,4052.89,3,0,0,0,-0.0248703,0.0246583,-0.0117624,0.0117651,4604.81,-26.3947,1.35629,-2.8565e-06,0.0252607,-76.7651,4642.2,-26.609,1.36731,-3.76636e-05,-0.0249776,-76.7747,4733.71,-27.1335,1.39426,-0.00182884,0.0118634,-76.7034,4756.24,-27.2627,1.40089,-0.00182233,-0.0118151,-76.7092
11.389,446.601,-9.18199,24.0832,0.000364331,-0.90428,-0.640754,-0.000190407,0.000294539,0.00573043,4052.19,3,0,0,0,-0.0248282,0.0246838,-0.011764,0.0117666,4603.95,-26.3829,1.35604,1.21643e-05,0.0239406,-76.7507,4641.04,-26.5954,1.36697,1.21568e-05,-0.0239659,-76.7607,4733.82,-27.1271,1.39429,-0.00178495,0.0118591,-76.6904,4756.38,-27.2564,1.40094,-0.00179448,-0.0118094,-76.6961
11.399,446.842,-9.18754,24.0787,0.00068804,-0.285674,0.00296867,6.16716e-05,0.000293966,0.00573003,4051.49,3,0,0,0,-0.025025,0.0249084,-0.0117625,0.0117653,4601.36,-26.3662,1.35265,-0.000251251,0.0250221,-76.7392,4637.75,-26.5748,1.36334,-0.000228493,-0.024882,-76.7492,4733.8,-27.1251,1.39158,-0.00180699,0.0118615,-76.6772,4756.31,-27.2541,1.3982,-0.00180359,-0.011814,-76.6829
11.409,447.083,-9.19308,24.0745,0.000551855,-0.607895,-0.0970205,-5.23552e-05,0.0002938,0.00572786,4051.26,3,0,0,0,-0.0248783,0.0247231,-0.0117631,0.0117662,4604.64,-26.375,1.35284,-0.00013439,0.0250501,-76.7237,4641.78,-26.5878,1.36375,-0.000135535,-0.0248246,-76.7335,4733.81,-27.1149,1.39079,-0.00180284,0.0118587,-76.664,4756.25,-27.2434,1.39739,-0.00179643,-0.0118112,-76.6698
11.419,447.323,-9.19862,24.0705,0.000613041,-0.641539,-0.0906508,1.30464e-05,0.000293661,0.00572692,4050.09,3,0,0,0,-0.0250173,0.0248251,-0.0117636,0.0117662,4602.65,-26.3593,1.35162,-4.11053e-05,0.0251337,-76.7121,4639.85,-26.5723,1.36254,-5.48248e-06,-0.0249194,-76.7219,4733.87,-27.1108,1.39015,-0.00183436,0.0118675,-76.651,4756.27,-27.2391,1.39673,-0.00183258,-0.0118198,-76.6567
11.429,447.564,-9.20416,24.0666,0.00085097,-0.71202,0.228773,0.000162884,0.00029372,0.00572539,4049.41,3,0,0,0,-0.02491,0.0247456,-0.0117602,0.0117623,4605.27,-26.3673,1.35266,6.33189e-05,0.0251102,-76.698,4641.62,-26.5754,1.36334,4.97959e-05,-0.0248675,-76.708,4733.86,-27.1035,1.39043,-0.00184673,0.0118639,-76.6379,4756.26,-27.2317,1.39701,-0.00183744,-0.0118139,-76.6436
11.439,447.804,-9.2097,24.0624,0.000489012,0.147197,-0.247329,-7.66731e-05,0.00029352,0.0057241,4048.71,3,0,0,0,-0.0248841,0.02479,-0.0117632,0.0117659,4601.86,-26.3418,1.35074,-0.000366781,0.0245529,-76.6837,4638.4,-26.5509,1.36146,-0.000291278,-0.0244758,-76.6941,4733.29,-27.0941,1.38931,-0.00177654,0.0117606,-76.6243,4755.78,-27.2228,1.39591,-0.00177711,-0.0117137,-76.63
11.449,448.045,-9.21524,24.0576,0.000635898,-0.621342,-0.097113,1.37574e-05,0.000293176,0.00572309,4048,3,0,0,0,-0.0248932,0.0247533,-0.0117611,0.0117635,4603.04,-26.3439,1.3495,-0.000312267,0.0249753,-76.6712,4640.36,-26.5575,1.36044,-0.000296097,-0.0248194,-76.6811,4733.95,-27.0931,1.38788,-0.00178848,0.0118836,-76.6116,4756.48,-27.2221,1.39449,-0.00178742,-0.0118347,-76.6174
11.459,448.286,-9.22078,24.0533,0.000495965,-1.40914,-0.370514,-9.03408e-05,0.000293359,0.00572147,4047.24,3,0,0,0,-0.0249811,0.0248055,-0.0117663,0.0117686,4602.82,-26.3352,1.35028,-0.000142753,0.025072,-76.6577,4640.57,-26.5512,1.36135,-0.000194641,-0.0249801,-76.6672,4733.83,-27.0848,1.38871,-0.00164263,0.0118459,-76.5986,4756.26,-27.2131,1.39529,-0.00164603,-0.011791,-76.6043
11.469,448.526,-9.22632,24.0501,0.000618713,-0.153933,-0.010631,2.37205e-05,0.000293504,0.00572031,4046.63,3,0,0,0,-0.0249628,0.0247789,-0.0117628,0.0117656,4603.25,-26.3323,1.35107,-6.63258e-05,0.0252563,-76.6461,4639.8,-26.5414,1.3618,-6.03119e-05,-0.0249925,-76.6564,4733.82,-27.0792,1.3894,-0.0018094,0.0118651,-76.5854,4756.39,-27.2083,1.39602,-0.001805,-0.0118174,-76.5911
11.479,448.766,-9.23185,24.0456,0.00075326,-0.737904,0.0669015,8.69877e-05,0.000293136,0.00571906,4045.94,3,0,0,0,-0.0249813,0.0248529,-0.01176,0.0117625,4603.6,-26.3286,1.34948,-3.0585e-05,0.0249658,-76.6327,4639.87,-26.536,1.36011,-6.26888e-05,-0.0247919,-76.6423,4733.95,-27.074,1.38769,-0.00182263,0.0118694,-76.5722,4756.49,-27.2029,1.3943,-0.00181615,-0.0118196,-76.5779
11.489,449.007,-9.23739,24.0426,0.000530231,1.02027,-0.285391,-2.34166e-05,0.000293084,0.00571733,4045.19,3,0,0,0,-0.0249205,0.0247757,-0.011764,0.0117673,4604.76,-26.3272,1.34958,-0.000151813,0.0250713,-76.6181,4640.85,-26.5336,1.36016,-0.000140912,-0.0250339,-76.6282,4733.55,-27.0636,1.38733,-0.00183969,0.0118485,-76.5598,4756.13,-27.1926,1.39394,-0.0018375,-0.0118018,-76.5655
11.499,449.247,-9.24292,24.037,0.000511239,-0.740952,-0.140722,-6.33974e-05,0.00029261,0.00571633,4044.52,3,0,0,0,-0.0249461,0.0247257,-0.0117622,0.0117649,4603.81,-26.3172,1.34712,-0.000159264,0.0250472,-76.6052,4641.22,-26.531,1.35807,-0.000172344,-0.0247727,-76.615,4734.08,-27.0619,1.38524,-0.00181036,0.0118756,-76.5458,4756.55,-27.1903,1.39182,-0.00180528,-0.0118286,-76.5516
11.509,449.487,-9.24846,24.0328,0.000425431,-0.754361,-0.406212,-0.000130279,0.000292573,0.0057151,4043.82,3,0,0,0,-0.0249635,0.0247947,-0.0117617,0.0117647,4601.79,-26.3,1.34636,-0.000217357,0.0243289,-76.5914,4638.66,-26.5107,1.35715,-0.00026324,-0.024239,-76.6014,4734.17,-27.0566,1.38509,-0.0017702,0.0118666,-76.5331,4756.53,-27.1844,1.39163,-0.00177001,-0.0118161,-76.5388
11.519,449.728,-9.25399,24.0291,0.000545769,-0.155057,-0.13309,-3.28182e-05,0.000292259,0.00571379,4043.18,3,0,0,0,-0.0249815,0.0248538,-0.0117643,0.0117671,4602.62,-26.2987,1.34516,-0.000235842,0.0251499,-76.5798,4638.98,-26.5064,1.35578,-0.000190542,-0.0249827,-76.5898,4733.93,-27.049,1.38354,-0.00178431,0.01187,-76.5198,4756.29,-27.1767,1.39007,-0.001784,-0.0118227,-76.5254
11.529,449.968,-9.25952,24.0245,0.000822905,-0.544573,0.118069,0.000141092,0.000292253,0.0057122,4042.49,3,0,0,0,-0.024836,0.0247153,-0.0117626,0.0117649,4604.7,-26.3033,1.34574,-0.000376884,0.0252516,-76.5637,4640.85,-26.5098,1.3563,-0.000330199,-0.0251103,-76.5738,4734.15,-27.0427,1.38357,-0.00178003,0.011856,-76.5069,4756.45,-27.1701,1.39008,-0.00177463,-0.0118066,-76.5125
11.539,450.208,-9.26505,24.0206,0.000522709,-0.742438,-0.324099,-5.38439e-05,0.000291804,0.00571102,4041.76,3,0,0,0,-0.0250038,0.0248043,-0.0117637,0.0117662,4601.86,-26.2816,1.34284,-2.95101e-05,0.0249047,-76.5544,4639.64,-26.4974,1.35387,1.2067e-05,-0.0247968,-76.5642,4734.2,-27.0374,1.38146,-0.00187851,0.0118746,-76.4935,4756.49,-27.1647,1.38796,-0.00188461,-0.0118276,-76.4992
11.549,450.448,-9.27058,24.0164,0.000735289,-0.64123,-0.0943709,0.000101414,0.000292049,0.00570969,4041.08,3,0,0,0,-0.0248908,0.0246903,-0.0117548,0.0117571,4603.51,-26.2849,1.34445,-0.00015904,0.0250671,-76.5386,4640.74,-26.4975,1.35532,-0.000169404,-0.0249499,-76.5484,4734.3,-27.0317,1.38265,-0.00179779,0.0118723,-76.4808,4756.58,-27.1589,1.38915,-0.00180759,-0.0118237,-76.4864
11.559,450.688,-9.27611,24.0121,0.000701295,-0.455679,-0.0594167,8.86361e-05,0.000291282,0.00570876,4040.41,3,0,0,0,-0.0250819,0.024932,-0.0117636,0.0117663,4600.82,-26.2653,1.34014,-0.000467265,0.0247625,-76.5257,4637.14,-26.4726,1.35071,-0.000394985,-0.0246269,-76.536,4734.28,-27.0272,1.37901,-0.00176782,0.011863,-76.4677,4756.58,-27.1545,1.3855,-0.0017694,-0.0118175,-76.4733
11.569,450.928,-9.28164,24.0083,0.000505713,-0.925324,0.0208159,-9.21454e-05,0.0002911,0.00570677,4039.73,3,0,0,0,-0.0248127,0.0247001,-0.011759,0.0117619,4604.59,-26.2776,1.3404,9.8602e-05,0.0248516,-76.514,4640.61,-26.4832,1.35088,7.52698e-05,-0.0245119,-76.5237,4734.3,-27.0179,1.37815,-0.00181263,0.0118672,-76.4544,4756.44,-27.1442,1.3846,-0.00179705,-0.0118178,-76.46
11.579,451.168,-9.28716,24.0054,0.000631905,0.302475,0.121381,5.42451e-05,0.00029121,0.00570516,4038.83,3,0,0,0,-0.0247855,0.0246237,-0.0117641,0.011767,4608.15,-26.2905,1.34194,-0.000178508,0.0254132,-76.4965,4643.83,-26.4941,1.35233,-4.67401e-05,-0.0250769,-76.5067,4734.89,-27.0136,1.37885,-0.00190608,0.012083,-76.4433,4757.1,-27.1403,1.38531,-0.0018859,-0.0120365,-76.4488
11.589,451.408,-9.29269,23.9999,0.000600126,-0.56904,-0.0596445,-2.29485e-05,0.000290815,0.00570511,4038.33,3,0,0,0,-0.0250966,0.0249089,-0.0117617,0.0117644,4599.79,-26.2426,1.33769,-6.26408e-05,0.02516,-76.4905,4635.9,-26.4486,1.34819,-0.000139992,-0.0249247,-76.4997,4734.39,-27.0106,1.37683,-0.00179106,0.011868,-76.4282,4756.58,-27.1372,1.38328,-0.00178553,-0.0118171,-76.4338
11.599,451.648,-9.29821,23.9963,0.000915645,-0.855686,0.191916,0.000214443,0.000291083,0.00570285,4037.87,3,0,0,0,-0.0248037,0.0246994,-0.0117578,0.0117597,4606.92,-26.2729,1.341,0.000102605,0.0248017,-76.4727,4642.32,-26.4747,1.3513,6.74716e-05,-0.0246829,-76.4827,4734.46,-27.0002,1.37812,-0.00182234,0.0117704,-76.4153,4756.69,-27.127,1.38459,-0.00181918,-0.0117267,-76.4209
11.609,451.888,-9.30373,23.992,0.000709528,-0.206223,0.0227399,0.000103998,0.000290543,0.00570175,4036.96,3,0,0,0,-0.0249077,0.0247702,-0.0117641,0.0117669,4604.13,-26.2519,1.3377,-0.00024325,0.0253181,-76.46,4640.66,-26.4602,1.34831,-0.000222421,-0.0251802,-76.4699,4734.37,-26.9945,1.37554,-0.00178187,0.011863,-76.4024,4756.61,-27.1213,1.382,-0.00177755,-0.011813,-76.4079
11.619,452.128,-9.30925,23.9882,0.000688023,-0.241897,0.0578387,7.08074e-05,0.000290496,0.0057008,4036.22,3,0,0,0,-0.0249515,0.0247686,-0.0117644,0.0117667,4602.02,-26.2355,1.33687,5.18894e-05,0.02515,-76.4498,4639.48,-26.449,1.34775,5.51617e-05,-0.0248866,-76.4593,4734.3,-26.9896,1.37529,-0.00181103,0.011866,-76.3891,4756.55,-27.1164,1.38176,-0.00180546,-0.0118171,-76.3948
11.629,452.368,-9.31478,23.983,0.000602382,-0.660869,-0.036563,-8.9186e-06,0.00029074,0.00569977,4035.62,3,0,0,0,-0.0250426,0.0248656,-0.0117643,0.0117668,4602.08,-26.2311,1.33801,-0.000460963,0.024956,-76.433,4638.92,-26.4411,1.34872,-0.000537401,-0.0247067,-76.4428,4734.21,-26.9842,1.37642,-0.00174242,0.011862,-76.3765,4756.56,-27.1116,1.38292,-0.0017383,-0.011811,-76.3821
11.639,452.607,-9.3203,23.9796,0.000795067,-0.502939,0.322683,0.000148846,0.000290786,0.00569817,4034.91,3,0,0,0,-0.0249502,0.0248046,-0.0117637,0.0117663,4605.05,-26.2406,1.33908,-6.95986e-05,0.0254012,-76.4209,4640.73,-26.444,1.34946,-3.94655e-05,-0.0250578,-76.4311,4734.17,-26.9764,1.37663,-0.00181108,0.0118424,-76.3631,4756.57,-27.104,1.38314,-0.00179971,-0.0117961,-76.3687
11.649,452.847,-9.32581,23.9749,0.000645281,-0.44262,-0.0388694,1.05727e-05,0.000290781,0.00569724,4034.2,3,0,0,0,-0.0247886,0.0247245,-0.0117586,0.0117612,4604.64,-26.234,1.33894,-0.000416415,0.0248651,-76.4059,4640.55,-26.4386,1.34938,-0.000377613,-0.0247365,-76.4159,4733.93,-26.9706,1.37654,-0.00177442,0.0118086,-76.3502,4756.35,-27.0984,1.38306,-0.00176951,-0.0117588,-76.3558
11.659,453.087,-9.33133,23.9717,0.000556866,-0.76836,-0.271859,-1.57556e-05,0.00029072,0.00569586,4033.51,3,0,0,0,-0.0250017,0.0248303,-0.0117644,0.0117669,4602.25,-26.214,1.33797,0.000137708,0.0248563,-76.3958,4639.61,-26.4269,1.34883,0.000143312,-0.0247375,-76.4054,4734.28,-26.9661,1.37635,-0.00182269,0.0118615,-76.3369,4756.72,-27.0939,1.38287,-0.00183187,-0.0118138,-76.3426
11.669,453.326,-9.33685,23.9678,0.00066509,0.0901545,0.0559535,4.18206e-05,0.000290852,0.00569444,4032.82,3,0,0,0,-0.0249475,0.0247602,-0.0117646,0.0117669,4603.2,-26.213,1.33885,-5.9936e-05,0.0251873,-76.3825,4639.92,-26.422,1.34953,-8.54896e-05,-0.0248887,-76.3924,4734.46,-26.9604,1.37703,-0.00179576,0.0118621,-76.3238,4756.84,-27.0878,1.38353,-0.00178902,-0.0118128,-76.3295
11.679,453.566,-9.34236,23.9631,0.00041296,-0.945344,-0.525286,-0.00014275,0.000290867,0.00569282,4032.15,3,0,0,0,-0.0248855,0.0247681,-0.0117634,0.0117663,4603.65,-26.208,1.33905,5.7229e-05,0.0243963,-76.3687,4640.01,-26.415,1.34963,8.18912e-05,-0.0244115,-76.3787,4734.5,-26.953,1.37711,-0.00179151,0.0118508,-76.3109,4756.85,-27.0802,1.38361,-0.00179737,-0.0118007,-76.3165
11.689,453.806,-9.34788,23.9587,0.000702006,-0.840227,-0.0180451,7.04101e-05,0.000290556,0.00569193,4031.46,3,0,0,0,-0.024921,0.0248138,-0.0117608,0.0117633,4602.36,-26.1966,1.33724,-0.000105331,0.024548,-76.3566,4638.5,-26.4023,1.34775,-0.000150389,-0.0244122,-76.3662,4734.64,-26.9495,1.37568,-0.0017613,0.0119225,-76.2977,4756.96,-27.0766,1.38216,-0.00175593,-0.0118715,-76.3033
11.699,454.045,-9.35339,23.9548,0.000746221,-0.240411,0.00654156,9.44404e-05,0.000290544,0.00569027,4030.89,3,0,0,0,-0.0249137,0.0247529,-0.0117648,0.0117669,4603.23,-26.1939,1.33744,-0.00026063,0.025057,-76.3415,4640.15,-26.4039,1.34817,-0.00028737,-0.0248986,-76.351,4734.62,-26.9415,1.37562,-0.00177575,0.011878,-76.2848,4756.93,-27.0685,1.3821,-0.00177348,-0.0118283,-76.2905
11.709,454.285,-9.3589,23.9512,0.000685794,-0.251503,0.0404725,5.80568e-05,0.00029042,0.00568891,4030.07,3,0,0,0,-0.0249885,0.0248046,-0.0117648,0.011767,4602.51,-26.1836,1.33666,-1.87883e-05,0.0251166,-76.3299,4639.36,-26.3932,1.34736,-6.43423e-07,-0.0248445,-76.3397,4734.83,-26.9363,1.37509,-0.00181851,0.0118623,-76.2717,4757.08,-27.0629,1.38155,-0.00181275,-0.0118134,-76.2774
11.719,454.524,-9.36442,23.9475,0.000488258,0.386799,-0.0536205,-9.5838e-05,0.000290291,0.00568725,4029.36,3,0,0,0,-0.0249345,0.0247916,-0.0117673,0.0117699,4603.97,-26.1842,1.33649,-0.000115459,0.0251392,-76.3154,4639.9,-26.3886,1.34692,-0.00013509,-0.0248621,-76.3252,4734.74,-26.9279,1.37445,-0.00180713,0.0118936,-76.2588,4756.96,-27.0543,1.3809,-0.00179177,-0.0118447,-76.2644
11.729,454.763,-9.36993,23.9424,0.000655559,-0.876142,-0.0366314,3.95562e-05,0.00029019,0.00568613,4028.68,3,0,0,0,-0.0249132,0.0247969,-0.0117595,0.0117619,4604.21,-26.1804,1.33609,-2.55045e-06,0.0248356,-76.3024,4640.06,-26.3843,1.3465,-6.41919e-05,-0.0246834,-76.3124,4734.68,-26.9223,1.37396,-0.00179608,0.0119051,-76.246,4756.9,-27.0486,1.3804,-0.00179133,-0.0118546,-76.2516
11.739,455.003,-9.37544,23.938,0.00065816,-0.296723,-0.0551213,2.65951e-05,0.000289834,0.0056851,4028,3,0,0,0,-0.0249622,0.0248131,-0.0117635,0.0117656,4601.76,-26.1618,1.33375,-0.00036043,0.0250974,-76.2897,4638.54,-26.3708,1.34441,-0.000389335,-0.0249347,-76.2993,4734.57,-26.9168,1.37224,-0.00176353,0.0118425,-76.2331,4756.73,-27.0428,1.37866,-0.0017591,-0.0117925,-76.2386
11.749,455.242,-9.38094,23.9342,0.000638058,-1.30705,-0.0821512,2.67992e-05,0.000289654,0.00568328,4027.3,3,0,0,0,-0.0249192,0.0247234,-0.011761,0.0117634,4603.77,-26.1648,1.3335,0.000124627,0.0251977,-76.2767,4640.57,-26.374,1.34416,0.000143951,-0.024978,-76.2863,4734.31,-26.9067,1.37131,-0.00172765,0.0118264,-76.2199,4756.4,-27.0322,1.37771,-0.0017233,-0.0117778,-76.2255
11.759,455.481,-9.38645,23.9307,0.000491671,-0.213809,-0.122492,-8.06568e-05,0.000289485,0.00568192,4026.64,3,0,0,0,-0.0249526,0.0248022,-0.0117664,0.0117692,4603.43,-26.1566,1.33263,-5.39561e-05,0.0250682,-76.2638,4639.25,-26.3601,1.34299,-4.7264e-05,-0.0248169,-76.2738,4734.72,-26.9026,1.37063,-0.00179883,0.0118585,-76.2068,4756.81,-27.0281,1.37703,-0.00179106,-0.01181,-76.2124
11.769,455.721,-9.39196,23.9262,0.000711963,-0.627006,0.111714,6.0015e-05,0.00028927,0.00568071,4025.94,3,0,0,0,-0.0249053,0.0248083,-0.0117615,0.0117638,4603.61,-26.1521,1.33169,6.56606e-05,0.0253045,-76.2515,4639.12,-26.3538,1.34196,2.43011e-05,-0.025109,-76.2612,4734.79,-26.8973,1.36963,-0.0018081,0.0118598,-76.1939,4756.83,-27.0225,1.37601,-0.00180072,-0.0118046,-76.1995
11.779,455.96,-9.39746,23.9217,0.000675888,-0.319738,-0.15074,4.44751e-05,0.000289018,0.00567943,4025.25,3,0,0,0,-0.0248623,0.024736,-0.011763,0.0117652,4603.27,-26.1443,1.33043,-0.000302132,0.0250034,-76.2368,4639.65,-26.3508,1.34094,-0.000320651,-0.0249324,-76.2463,4734.93,-26.892,1.36848,-0.00176379,0.0118758,-76.181,4757,-27.0174,1.37486,-0.00176865,-0.0118248,-76.1866
11.789,456.199,-9.40297,23.9178,0.000601476,-0.389109,-0.0309388,5.92536e-06,0.000288896,0.00567804,4024.57,3,0,0,0,-0.0249957,0.0248055,-0.0117643,0.0117666,4601.78,-26.1293,1.32943,-0.000163918,0.0251202,-76.2247,4638.56,-26.3382,1.34006,-0.000197585,-0.0248542,-76.2342,4734.86,-26.885,1.36788,-0.00177593,0.0118653,-76.1681,4756.89,-27.0101,1.37424,-0.00176919,-0.0118161,-76.1737
11.799,456.438,-9.40847,23.9131,0.0007833,-0.715922,0.183895,0.000149191,0.00028897,0.00567675,4023.89,3,0,0,0,-0.024946,0.0247768,-0.0117576,0.0117601,4603.26,-26.1318,1.3302,-0.000290409,0.0252478,-76.21,4639.32,-26.3366,1.34062,-0.000313368,-0.024984,-76.2199,4734.85,-26.8789,1.36823,-0.0017591,0.0118595,-76.1553,4756.91,-27.0041,1.3746,-0.00175295,-0.0118117,-76.1609
11.809,456.677,-9.41397,23.9098,0.000644574,-0.956389,-0.0973618,1.87251e-05,0.00028901,0.00567473,4023.23,3,0,0,0,-0.0248332,0.0247377,-0.0117605,0.0117628,4604.34,-26.1287,1.3307,0.000123971,0.0242671,-76.1989,4640.09,-26.3315,1.34103,2.76852e-05,-0.0241902,-76.2085,4734.82,-26.8691,1.36841,-0.00178346,0.0118666,-76.1422,4756.96,-26.9948,1.37481,-0.00177619,-0.0118143,-76.1477
11.819,456.916,-9.41947,23.9057,0.000728175,-0.922761,-0.158811,0.000132935,0.000288845,0.00567359,4022.53,3,0,0,0,-0.0249312,0.0247749,-0.0117662,0.0117676,4603.53,-26.1188,1.3297,4.47082e-05,0.0250311,-76.1851,4640.69,-26.3297,1.34044,7.81039e-05,-0.0249759,-76.195,4734.81,-26.8637,1.36762,-0.00178459,0.0118657,-76.1291,4757.06,-26.9899,1.37405,-0.00180244,-0.0118208,-76.1347
11.829,457.155,-9.42497,23.9021,0.000678118,-0.105255,0.0509532,5.66346e-05,0.000288627,0.00567228,4021.84,3,0,0,0,-0.0249754,0.0247918,-0.011767,0.0117693,4602.04,-26.1043,1.32827,2.68821e-05,0.025285,-76.1736,4639.16,-26.3149,1.33899,1.35768e-05,-0.0250058,-76.1831,4734.81,-26.8574,1.36659,-0.00178902,0.0118648,-76.116,4756.98,-26.9832,1.37299,-0.0017813,-0.0118166,-76.1216
11.839,457.394,-9.43047,23.8968,0.000743144,-0.866639,0.404605,0.000115047,0.000288896,0.00567097,4021.21,3,0,0,0,-0.0249584,0.0248197,-0.0117627,0.0117651,4603.96,-26.1092,1.33006,-0.000179967,0.025786,-76.1582,4639.35,-26.3099,1.34029,-0.000186411,-0.0253461,-76.1682,4734.82,-26.8513,1.36787,-0.00179022,0.0118598,-76.1035,4757.01,-26.9772,1.37428,-0.00177126,-0.0118107,-76.1091
11.849,457.633,-9.43597,23.894,0.000151351,0.311295,-0.668788,-0.000284219,0.000288585,0.00566927,4020.48,3,0,0,0,-0.024925,0.0248048,-0.0117748,0.0117771,4601.96,-26.09,1.32806,-0.000176504,0.0246913,-76.1462,4637.81,-26.2933,1.3384,-0.000171578,-0.0246738,-76.156,4734.55,-26.8417,1.36632,-0.00174826,0.0118217,-76.0899,4756.76,-26.9676,1.37273,-0.0017522,-0.0117741,-76.0955
11.859,457.872,-9.44147,23.8895,0.000436359,-0.954045,-0.209711,-7.96999e-05,0.00028837,0.00566807,4019.77,3,0,0,0,-0.0248629,0.0247183,-0.0117618,0.0117646,4604.59,-26.0994,1.32782,0.000171783,0.024911,-76.1336,4641.13,-26.3065,1.33836,0.00018825,-0.0246832,-76.1434,4734.99,-26.8385,1.36543,-0.00179882,0.0119345,-76.0772,4757.16,-26.9642,1.37182,-0.00179731,-0.0118878,-76.0828
11.869,458.11,-9.44696,23.8855,0.000607816,0.103166,-0.00970292,3.58303e-05,0.000288444,0.00566708,4019.1,3,0,0,0,-0.0249931,0.0248105,-0.0117643,0.0117668,4601.86,-26.0794,1.32738,-0.000207698,0.0251165,-76.1205,4638.48,-26.2869,1.33794,-0.000224516,-0.0248497,-76.1303,4734.93,-26.8335,1.36576,-0.00175953,0.011859,-76.0643,4757.05,-26.9589,1.37214,-0.00175317,-0.0118123,-76.0699
11.879,458.349,-9.45246,23.8809,0.000756538,-0.826181,0.236569,0.000125898,0.000288571,0.00566571,4018.41,3,0,0,0,-0.0249443,0.0247685,-0.0117632,0.0117647,4604.19,-26.0862,1.32863,-3.82592e-05,0.0253028,-76.1064,4640.17,-26.2901,1.33902,-4.51483e-05,-0.0249915,-76.1161,4735.2,-26.8285,1.36644,-0.00178102,0.0118555,-76.0514,4757.32,-26.9538,1.37282,-0.00176615,-0.011808,-76.057
11.889,458.588,-9.45795,23.8773,0.000594822,0.389677,0.171133,2.71109e-05,0.000288358,0.00566441,4017.7,3,0,0,0,-0.0249483,0.0248303,-0.0117644,0.0117668,4603.71,-26.0776,1.32752,-0.000372808,0.0257127,-76.0928,4639.19,-26.2786,1.33775,-0.000331451,-0.0253774,-76.103,4735,-26.8213,1.36538,-0.00176143,0.011857,-76.0386,4757.17,-26.9468,1.37177,-0.00175304,-0.0118128,-76.0441
11.899,458.827,-9.46344,23.8737,0.00074975,0.339902,0.0831056,0.000127988,0.000288075,0.00566291,4017.05,3,0,0,0,-0.0249257,0.0247937,-0.0117666,0.0117687,4602.93,-26.0662,1.32599,-7.61361e-05,0.0250869,-76.0821,4639.07,-26.2709,1.3364,-8.17584e-05,-0.0249459,-76.0917,4734.94,-26.8138,1.36402,-0.00176401,0.0118654,-76.0254,4757.05,-26.939,1.37039,-0.00176038,-0.0118184,-76.031
11.909,459.065,-9.46893,23.8693,0.000743624,0.183508,0.296238,0.000129758,0.000287861,0.00566145,4016.32,3,0,0,0,-0.0248458,0.0246536,-0.0117654,0.011768,4603.79,-26.0644,1.32525,-0.000281473,0.0248075,-76.0667,4640.12,-26.2701,1.33571,-0.000356507,-0.0244081,-76.0763,4735.24,-26.8086,1.36309,-0.00173903,0.0119381,-76.0127,4757.3,-26.9335,1.36944,-0.00172556,-0.0118925,-76.0183
11.919,459.304,-9.47443,23.865,0.000581261,-0.234931,-0.000739673,1.31296e-05,0.000288122,0.00566101,4015.67,3,0,0,0,-0.0251279,0.0249654,-0.0117643,0.0117668,4599.09,-26.0358,1.3251,2.81293e-05,0.0253435,-76.0583,4634.73,-26.2375,1.33537,3.49475e-05,-0.0250772,-76.0684,4734.98,-26.8051,1.36425,-0.00179828,0.0118737,-75.9994,4757.05,-26.93,1.37061,-0.00179111,-0.0118273,-76.005
11.929,459.542,-9.47992,23.8611,0.000185508,-0.18677,-0.131543,-0.000278178,0.000287401,0.0056586,4014.98,3,0,0,0,-0.0248431,0.0247002,-0.0117646,0.0117689,4607.44,-26.072,1.32418,-4.35243e-05,0.0256231,-76.039,4642.37,-26.2696,1.33422,-0.000179622,-0.0252008,-76.0486,4735.83,-26.7985,1.36108,-0.0018307,0.0120023,-75.9877,4757.89,-26.9233,1.36743,-0.00180648,-0.0119491,-75.9933
11.939,459.781,-9.4854,23.8569,0.000636964,-0.515265,-0.00935555,5.60534e-05,0.000287582,0.00565787,4014.33,3,0,0,0,-0.0249691,0.0248521,-0.0117647,0.0117668,4602.89,-26.0428,1.32371,9.23714e-05,0.0251731,-76.0315,4638.81,-26.2461,1.33404,5.88563e-05,-0.0250137,-76.041,4735.22,-26.7916,1.36176,-0.00178648,0.0118643,-75.9737,4757.23,-26.9161,1.36809,-0.00178158,-0.0118174,-75.9793
11.949,460.019,-9.49089,23.8528,0.000739615,-0.12519,0.182958,0.000128713,0.000287372,0.00565629,4013.64,3,0,0,0,-0.0248481,0.0246688,-0.0117647,0.0117668,4604.45,-26.0444,1.32319,-0.000149231,0.0252261,-76.0152,4640.85,-26.2503,1.33365,-0.000156058,-0.0249401,-76.0249,4735.05,-26.7831,1.36072,-0.00176609,0.0118313,-75.961,4757.02,-26.9074,1.36703,-0.00175274,-0.0117845,-75.9666
11.959,460.258,-9.49638,23.8487,0.000593028,0.128726,0.0376974,1.41627e-05,0.00028759,0.00565593,4012.97,3,0,0,0,-0.0251049,0.0249287,-0.0117652,0.0117674,4599.55,-26.015,1.32278,-0.000258248,0.0251388,-76.0042,4635.76,-26.2198,1.3332,-0.000294451,-0.0248359,-76.0139,4735.21,-26.7823,1.3618,-0.00175536,0.0118398,-75.9482,4757.21,-26.9067,1.36812,-0.0017471,-0.0117935,-75.9538
11.969,460.496,-9.50186,23.8445,0.000759363,-0.803564,-0.106188,0.00015296,0.000287607,0.00565391,4012.28,3,0,0,0,-0.0248514,0.0247229,-0.0117563,0.0117581,4603.54,-26.0283,1.32401,4.97162e-05,0.02451,-75.9897,4639.92,-26.234,1.33447,0.000100175,-0.0245088,-75.9995,4735.23,-26.7728,1.36188,-0.00176476,0.0118588,-75.9352,4757.32,-26.8977,1.36824,-0.00176869,-0.0118125,-75.9408
11.979,460.735,-9.50735,23.8405,0.000701704,0.529268,0.0826353,8.86698e-05,0.000287409,0.00565289,4011.61,3,0,0,0,-0.0248487,0.0247698,-0.0117648,0.011767,4602.17,-26.0158,1.32271,-0.000500297,0.0245987,-75.9751,4637.57,-26.216,1.33288,-0.000512184,-0.0244834,-75.9847,4734.94,-26.7664,1.36087,-0.00172498,0.0118029,-75.9223,4757.12,-26.8918,1.36724,-0.00171591,-0.0117539,-75.9279
11.989,460.973,-9.51283,23.8366,0.000745204,0.189028,0.115611,0.000137068,0.000287256,0.0056517,4010.91,3,0,0,0,-0.0250066,0.0248358,-0.0117664,0.0117685,4600.47,-26.0008,1.32151,-0.000215683,0.0251125,-75.965,4637.3,-26.2089,1.33209,-0.000251543,-0.024896,-75.9744,4735.19,-26.7622,1.36021,-0.00174854,0.0118605,-75.9094,4757.38,-26.8876,1.36658,-0.00174273,-0.0118137,-75.915
11.999,461.211,-9.51831,23.833,0.000547421,0.994607,-0.0263453,-1.70615e-06,0.000287214,0.00565001,4010.24,3,0,0,0,-0.0248873,0.0246835,-0.0117668,0.0117687,4602.55,-26.0047,1.32192,-0.000295112,0.0253226,-75.9496,4639.31,-26.2124,1.33247,-0.000378774,-0.0250122,-75.9591,4734.87,-26.7524,1.35992,-0.00175751,0.0117937,-75.8963,4756.98,-26.8773,1.36627,-0.00175322,-0.0117476,-75.902
12.009,461.45,-9.52379,23.8277,0.000594444,-0.344464,0.13107,3.53058e-05,0.000287151,0.00564908,4009.55,3,0,0,0,-0.0249882,0.0248582,-0.0117655,0.0117678,4602.81,-26.0019,1.3217,-0.000397884,0.0255076,-75.9363,4637.63,-26.1987,1.3317,-0.000380618,-0.0251842,-75.9463,4735.24,-26.7501,1.35973,-0.00174831,0.0118594,-75.8839,4757.32,-26.8748,1.36607,-0.00174179,-0.0118147,-75.8894
12.019,461.688,-9.52927,23.8238,0.000679904,-0.412371,0.0345396,8.17938e-05,0.00028679,0.00564765,4008.87,3,0,0,0,-0.0249136,0.0248028,-0.011764,0.0117663,4602.48,-25.9935,1.31995,-0.00015406,0.0253625,-75.925,4637.85,-26.1933,1.33009,-0.000123481,-0.0251979,-75.9348,4735.02,-26.742,1.35795,-0.00175721,0.0118174,-75.871,4757.06,-26.8665,1.36428,-0.00175354,-0.011773,-75.8765
12.029,461.926,-9.53475,23.8206,0.000756581,0.957764,0.276619,0.000141786,0.000286442,0.00564664,4008.2,3,0,0,0,-0.0249826,0.0248291,-0.0117644,0.0117669,4600.59,-25.9782,1.3178,-0.000451994,0.0249158,-75.9121,4636.18,-26.1791,1.32799,-0.00049933,-0.0246311,-75.9217,4734.79,-26.736,1.35624,-0.00170491,0.0118249,-75.8579,4756.67,-26.8595,1.36251,-0.00169056,-0.0117774,-75.8635
12.039,462.164,-9.54023,23.8155,0.000597147,-1.17785,-0.0066825,1.33045e-05,0.000286273,0.00564511,4007.5,3,0,0,0,-0.0249927,0.024825,-0.0117652,0.0117673,4603.34,-25.9866,1.31781,-8.26833e-05,0.0250769,-75.8981,4639.35,-26.1899,1.32812,-9.39867e-05,-0.0248279,-75.9075,4735.62,-26.7334,1.35568,-0.00168128,0.011893,-75.8451,4757.4,-26.8563,1.36191,-0.00167159,-0.0118468,-75.8507
12.049,462.402,-9.54571,23.8121,0.000807898,-0.389174,0.173594,0.000173932,0.000286441,0.00564374,4006.83,3,0,0,0,-0.0249379,0.0248081,-0.0117649,0.0117659,4605.09,-25.9902,1.31909,1.86299e-05,0.0251373,-75.8862,4640.11,-26.1878,1.32912,9.39025e-06,-0.0249646,-75.8961,4735.56,-26.7266,1.35646,-0.00176146,0.0118685,-75.8323,4757.38,-26.8497,1.36271,-0.00175593,-0.0118223,-75.8377
12.059,462.64,-9.55118,23.8075,0.000646505,-0.921375,-0.0411342,5.11158e-05,0.000285965,0.00564255,4006.2,3,0,0,0,-0.024871,0.0247581,-0.0117606,0.0117628,4604.29,-25.9802,1.31667,-8.21525e-05,0.0245439,-75.8718,4639.95,-26.1815,1.32687,-0.000188617,-0.0244104,-75.8814,4735.34,-26.7197,1.35414,-0.00170402,0.0118213,-75.8196,4757.26,-26.8434,1.36041,-0.00169968,-0.0117708,-75.8251
12.069,462.878,-9.55666,23.8042,0.000671227,0.580614,-0.00444731,7.59854e-05,0.000285719,0.00564196,4005.48,3,0,0,0,-0.0250353,0.024899,-0.0117644,0.0117665,4600.06,-25.9537,1.31433,-0.000334399,0.0251114,-75.8618,4635.93,-26.156,1.32457,-0.000414292,-0.0249907,-75.871,4735.52,-26.7179,1.35303,-0.00171606,0.0118639,-75.8064,4757.36,-26.8412,1.35927,-0.00171117,-0.0118136,-75.812
12.079,463.116,-9.56213,23.8003,0.000409238,0.371689,-0.292284,-9.3543e-05,0.000285412,0.00563984,4004.86,3,0,0,0,-0.0248254,0.0246096,-0.0117657,0.0117678,4601.27,-25.9507,1.31326,-0.000153203,0.0243196,-75.8462,4637.72,-26.1563,1.32366,-0.000303909,-0.0241349,-75.8556,4734.35,-26.7013,1.35124,-0.00164964,0.0116505,-75.793,4756.15,-26.8242,1.35746,-0.00165019,-0.011602,-75.7985
12.089,463.354,-9.56761,23.7952,0.000797796,-0.722375,-0.0464492,0.00014121,0.000285551,0.00563898,4004.13,3,0,0,0,-0.0249246,0.0247991,-0.0117602,0.0117617,4602.35,-25.9528,1.31421,-0.000192923,0.0242074,-75.8328,4637.72,-26.1523,1.32431,-0.000244661,-0.024195,-75.8426,4735.74,-26.705,1.3523,-0.00180905,0.0118761,-75.7811,4757.48,-26.8276,1.35851,-0.00180894,-0.0118235,-75.7865
12.099,463.592,-9.57308,23.7919,0.000628277,-0.311122,-0.0133206,4.50368e-05,0.000285053,0.00563772,4003.42,3,0,0,0,-0.0249671,0.0248618,-0.0117646,0.0117669,4601.48,-25.9421,1.31167,9.44916e-05,0.0252595,-75.8239,4636.4,-26.139,1.32162,7.15884e-05,-0.0251269,-75.8334,4735.5,-26.6977,1.34987,-0.00176093,0.0118492,-75.7678,4757.28,-26.8205,1.35608,-0.00175774,-0.011801,-75.7733
12.109,463.83,-9.57855,23.7869,0.000640766,-0.584497,0.0604783,6.13291e-05,0.000284846,0.00563598,4002.75,3,0,0,0,-0.0248958,0.0247464,-0.0117656,0.0117683,4604.21,-25.9495,1.31149,-0.000450326,0.0248051,-75.8046,4639.78,-26.15,1.32162,-0.000405595,-0.0245901,-75.8142,4735.69,-26.6906,1.34894,-0.00172203,0.0119043,-75.7555,4757.44,-26.8131,1.35514,-0.00171768,-0.0118531,-75.761
12.119,464.068,-9.58402,23.7834,0.000576473,-0.440798,-0.0114157,7.39347e-06,0.000284599,0.00563526,4002.08,3,0,0,0,-0.0250146,0.0248138,-0.0117645,0.0117666,4601.38,-25.9302,1.30955,-5.26701e-05,0.0252666,-75.7975,4637.47,-26.1336,1.31982,-9.20258e-05,-0.0249876,-75.8068,4735.73,-26.6873,1.34778,-0.00174519,0.0118719,-75.7422,4757.41,-26.8095,1.35395,-0.0017379,-0.0118252,-75.7477
12.129,464.305,-9.58949,23.7795,0.000476496,-0.0200744,0.0848406,-6.06612e-05,0.000284583,0.0056335,4001.4,3,0,0,0,-0.0248993,0.0247422,-0.0117656,0.0117675,4605.3,-25.9442,1.31059,-0.000236448,0.0259772,-75.7807,4640.9,-26.1448,1.32072,-0.000252803,-0.0255751,-75.7903,4735.49,-26.6777,1.34764,-0.00174034,0.0118234,-75.7297,4757.28,-26.8004,1.35384,-0.00173555,-0.0117786,-75.7351
12.139,464.543,-9.59496,23.7747,0.000569863,-0.073,-0.312361,3.35727e-05,0.000284292,0.00563289,4000.73,3,0,0,0,-0.0250182,0.0248987,-0.0117653,0.0117676,4601.54,-25.9203,1.30818,-0.000664609,0.0248149,-75.7677,4636.99,-26.1199,1.31826,-0.000563186,-0.024852,-75.7778,4735.69,-26.6759,1.34632,-0.00167163,0.0118602,-75.717,4757.47,-26.7986,1.35251,-0.00168364,-0.0118164,-75.7224
12.149,464.781,-9.60042,23.7722,0.000612812,0.352251,0.196401,4.33519e-05,0.000284053,0.00563076,4000.05,3,0,0,0,-0.024864,0.0247223,-0.0117645,0.0117673,4605.02,-25.93,1.30807,-3.51416e-05,0.0251667,-75.7571,4640.51,-26.1299,1.31815,-5.82161e-05,-0.0248416,-75.7665,4735.77,-26.6663,1.34521,-0.00174962,0.0118813,-75.7041,4757.5,-26.7886,1.35138,-0.00173149,-0.0118332,-75.7096
12.159,465.018,-9.60589,23.7668,0.000555765,-0.654028,-0.069412,6.80477e-06,0.00028404,0.00563005,3999.39,3,0,0,0,-0.0249606,0.0247568,-0.011762,0.0117641,4602.48,-25.9124,1.30729,-0.000293885,0.0249759,-75.7433,4638.73,-26.1165,1.31759,-0.00029315,-0.0247232,-75.7529,4735.7,-26.6625,1.34513,-0.00172736,0.0118609,-75.6915,4757.49,-26.7852,1.35132,-0.00172277,-0.0118151,-75.697
12.169,465.256,-9.61136,23.7636,0.000534633,-0.0186856,-0.0227508,-1.72986e-05,0.000284077,0.00562885,3998.7,3,0,0,0,-0.0249911,0.0248031,-0.0117656,0.0117678,4601.44,-25.9011,1.30716,-8.44679e-05,0.025265,-75.7322,4637.05,-26.1015,1.31728,-9.06795e-05,-0.0249677,-75.7419,4735.65,-26.6565,1.34529,-0.00173973,0.0118639,-75.6781,4757.43,-26.7791,1.35148,-0.00173367,-0.0118188,-75.6836
12.179,465.493,-9.61682,23.7589,0.000453906,-0.284877,-0.26202,-6.32104e-05,0.00028382,0.00562727,3998.21,3,0,0,0,-0.0249148,0.0248059,-0.0117642,0.0117666,4602.38,-25.8991,1.30625,-0.000409503,0.025109,-75.716,4637.73,-26.098,1.31628,-0.000327039,-0.0250054,-75.7258,4735.66,-26.6491,1.34407,-0.00170468,0.0118441,-75.6656,4757.5,-26.772,1.35027,-0.00171116,-0.0117989,-75.671
12.189,465.731,-9.62228,23.755,0.00063451,-0.129142,-0.0747966,3.5199e-05,0.000283694,0.00562601,3997.36,3,0,0,0,-0.0249487,0.0248296,-0.0117654,0.0117673,4601.67,-25.8893,1.30546,-0.000275488,0.0249718,-75.7044,4636.63,-26.086,1.31538,-0.000294158,-0.0248576,-75.7137,4735.68,-26.6432,1.34348,-0.00172015,0.0118688,-75.6524,4757.45,-26.7658,1.34966,-0.00171812,-0.0118197,-75.6578
12.199,465.968,-9.62774,23.7514,0.000381877,-0.861563,-0.464511,-0.000133767,0.00028352,0.00562427,3996.67,3,0,0,0,-0.0249672,0.0248019,-0.0117661,0.0117689,4602.99,-25.8887,1.30504,0.000177963,0.0251588,-75.6919,4639.69,-26.0952,1.31545,0.000237541,-0.0250784,-75.7011,4735.89,-26.6362,1.34272,-0.00178963,0.0118891,-75.6398,4757.61,-26.7584,1.34888,-0.00179759,-0.0118439,-75.6452
12.209,466.206,-9.63321,23.7471,0.000432667,-0.225621,-0.235319,-8.45435e-05,0.000283606,0.00562306,3995.97,3,0,0,0,-0.0249297,0.0247429,-0.0117658,0.0117674,4602.19,-25.8786,1.30521,-0.00017306,0.0251343,-75.6785,4638.32,-26.0818,1.31546,-0.000212134,-0.0249174,-75.688,4735.74,-26.6296,1.34309,-0.0017149,0.0118154,-75.6267,4757.46,-26.7518,1.34925,-0.00171584,-0.0117699,-75.6321
12.219,466.443,-9.63867,23.7431,0.000560546,-0.0967055,-0.073508,-7.07472e-06,0.000283377,0.00562213,3995.29,3,0,0,0,-0.0250145,0.0248919,-0.0117648,0.011767,4601.32,-25.8695,1.30391,-0.000248966,0.0250377,-75.6671,4636.35,-26.0665,1.31383,-0.000204214,-0.0248813,-75.6768,4736.05,-26.627,1.34209,-0.00172373,0.01189,-75.614,4757.76,-26.7491,1.34824,-0.00171944,-0.0118433,-75.6194
12.229,466.681,-9.64412,23.7394,0.000561298,-1.50148,-0.086874,3.5633e-05,0.000283375,0.00561988,3994.62,3,0,0,0,-0.0249027,0.024752,-0.0117662,0.0117681,4605.73,-25.884,1.30515,0.000574421,0.0250574,-75.654,4641.29,-26.0838,1.31522,0.000538728,-0.0248451,-75.6635,4736.09,-26.6165,1.34209,-0.00183956,0.0118856,-75.601,4757.84,-26.7388,1.34825,-0.00184126,-0.011843,-75.6065
12.239,466.918,-9.64958,23.735,0.000619482,-0.298782,0.00259174,5.60595e-05,0.000283083,0.00561908,3993.95,3,0,0,0,-0.0249034,0.0247072,-0.0117654,0.0117674,4603.4,-25.8672,1.30315,-0.000152977,0.0249907,-75.6402,4639.68,-26.071,1.31342,-9.52408e-05,-0.024717,-75.6497,4735.86,-26.6115,1.34064,-0.0017354,0.0118645,-75.5883,4757.56,-26.7334,1.34679,-0.0017335,-0.01182,-75.5937
12.249,467.155,-9.65504,23.731,0.000527486,-0.0131325,0.00775177,-3.607e-05,0.000283275,0.00561806,3993.27,3,0,0,0,-0.0250013,0.024835,-0.0117671,0.011769,4601.87,-25.8539,1.30359,-0.000214389,0.0252349,-75.6276,4637.35,-26.0532,1.31365,-0.000251602,-0.0249371,-75.6369,4736.04,-26.6077,1.3416,-0.00173602,0.0118804,-75.5755,4757.71,-26.7294,1.34774,-0.00172506,-0.0118324,-75.5809
12.259,467.392,-9.6605,23.7269,0.000884231,-0.673322,0.3648,0.000209122,0.000283508,0.00561691,3992.58,3,0,0,0,-0.02493,0.0248089,-0.0117621,0.0117633,4603.8,-25.8594,1.30522,7.48902e-05,0.0253128,-75.6154,4638.14,-26.0523,1.31495,4.35315e-05,-0.025067,-75.6249,4735.98,-26.6019,1.34269,-0.00176747,0.0118976,-75.5626,4757.71,-26.7239,1.34885,-0.00175538,-0.0118474,-75.568
12.269,467.63,-9.66595,23.7226,0.000686803,-1.01884,0.104104,8.5079e-05,0.000283345,0.00561519,3991.93,3,0,0,0,-0.0248514,0.0247396,-0.011764,0.0117658,4603.88,-25.8519,1.30449,-2.00964e-05,0.0245792,-75.6015,4639.04,-26.0494,1.31445,-5.478e-05,-0.0243552,-75.6108,4735.79,-26.5927,1.34186,-0.00174489,0.0118527,-75.5496,4757.59,-26.7151,1.34804,-0.0017381,-0.0118049,-75.555
12.279,467.867,-9.6714,23.7188,0.000622764,-0.166176,-0.225724,4.65736e-05,0.000283139,0.0056145,3991.22,3,0,0,0,-0.0249571,0.0247786,-0.0117654,0.0117674,4601.22,-25.8338,1.30278,-0.000149024,0.0252304,-75.5898,4638,-26.0403,1.3132,-0.000144935,-0.0251696,-75.599,4735.58,-26.5882,1.34083,-0.00173944,0.0118683,-75.5368,4757.43,-26.7109,1.34701,-0.00174501,-0.011822,-75.5422
12.289,468.104,-9.67686,23.7157,0.000582661,1.17821,0.0370456,1.24823e-05,0.00028367,0.00561341,3990.54,3,0,0,0,-0.0249886,0.0248116,-0.0117653,0.0117673,4599.79,-25.8208,1.30482,-0.00030055,0.0251217,-75.5769,4635.73,-26.0225,1.31502,-0.000359708,-0.0248268,-75.5866,4735.27,-26.5813,1.34325,-0.00175774,0.011782,-75.5237,4757.13,-26.704,1.34946,-0.00175333,-0.0117336,-75.5291
12.299,468.341,-9.68231,23.7104,0.000446137,-0.218225,-0.313613,-6.20493e-05,0.000283411,0.00561238,3989.85,3,0,0,0,-0.0250001,0.0248396,-0.0117655,0.011768,4601.42,-25.8252,1.30409,-0.00040268,0.0249489,-75.5621,4637.2,-26.026,1.31423,-0.000364502,-0.0248226,-75.5717,4735.83,-26.5796,1.34219,-0.00169854,0.0118801,-75.5111,4757.75,-26.7026,1.3484,-0.00170162,-0.0118352,-75.5166
12.309,468.578,-9.68776,23.7065,0.000606043,-0.652835,-0.0217606,1.15143e-05,0.000283758,0.00561112,3989.18,3,0,0,0,-0.0248507,0.0247753,-0.0117609,0.0117631,4604.64,-25.8375,1.3066,-7.60106e-05,0.0253213,-75.55,4639.66,-26.034,1.31654,-7.62603e-05,-0.025165,-75.5597,4735.87,-26.5738,1.34384,-0.00174651,0.0118737,-75.4983,4757.76,-26.6967,1.35005,-0.00174238,-0.0118254,-75.5037
12.319,468.815,-9.69321,23.7027,0.000569407,-0.373239,-0.164418,2.02068e-05,0.000283544,0.00561011,3988.52,3,0,0,0,-0.025007,0.0248349,-0.0117657,0.0117678,4602.01,-25.8181,1.30487,-9.93749e-05,0.0251656,-75.5386,4638.65,-26.0236,1.31526,-9.58573e-05,-0.025024,-75.5479,4735.89,-26.5691,1.34283,-0.00174475,0.0118666,-75.4852,4757.73,-26.6917,1.34903,-0.00174451,-0.0118202,-75.4907
12.329,469.052,-9.69866,23.6987,0.000607849,-0.633252,-0.0304608,-5.06874e-06,0.00028375,0.00560873,3987.81,3,0,0,0,-0.0249595,0.0247981,-0.0117681,0.0117699,4603.9,-25.8223,1.30635,-2.79773e-05,0.0250818,-75.5236,4639.91,-26.0243,1.31657,-7.07266e-05,-0.0248426,-75.533,4735.93,-26.5628,1.34382,-0.0017254,0.0118683,-75.4724,4757.72,-26.685,1.35,-0.00171867,-0.0118192,-75.4779
12.339,469.289,-9.70411,23.6945,0.000522587,-0.401632,-0.14058,-2.1574e-05,0.000283997,0.00560813,3987.12,3,0,0,0,-0.0249987,0.024857,-0.0117649,0.0117674,4602.63,-25.8124,1.30713,-4.71539e-05,0.0252751,-75.5129,4637.64,-26.0087,1.31707,-5.28361e-05,-0.0251044,-75.5227,4735.92,-26.5599,1.34499,-0.00173532,0.011884,-75.4597,4757.77,-26.6824,1.35119,-0.00173494,-0.0118356,-75.4651
12.349,469.526,-9.70955,23.6894,0.000677933,-1.53595,-0.0611403,0.000105822,0.00028375,0.0056068,3986.49,3,0,0,0,-0.0249721,0.0248291,-0.0117671,0.011769,4604.63,-25.8175,1.30656,-0.00034664,0.0246425,-75.497,4640.14,-26.0166,1.31664,-0.000293591,-0.0244792,-75.5064,4735.81,-26.553,1.34379,-0.00171685,0.0118705,-75.4469,4757.74,-26.676,1.35001,-0.00171749,-0.0118225,-75.4523
12.359,469.762,-9.715,23.6865,0.00057757,-0.732328,0.0136325,-5.33804e-07,0.000283575,0.00560598,3985.79,3,0,0,0,-0.0249484,0.0247919,-0.0117652,0.0117669,4603.38,-25.8067,1.3054,8.3937e-05,0.0253911,-75.4878,4639.46,-26.009,1.31563,7.28834e-05,-0.0251279,-75.4971,4735.82,-26.5492,1.34296,-0.00175958,0.0118653,-75.4337,4757.69,-26.6718,1.34916,-0.00174814,-0.0118187,-75.4392
12.369,469.999,-9.72044,23.6822,0.000571774,-0.533168,-0.127718,-1.14493e-05,0.000283641,0.00560529,3985.11,3,0,0,0,-0.0249086,0.0247198,-0.0117615,0.0117635,4603.05,-25.8017,1.30561,-0.000229682,0.0251218,-75.4716,4638.62,-26.0011,1.3157,-0.000218245,-0.0249319,-75.4812,4735.68,-26.5451,1.34323,-0.00172667,0.0118311,-75.4211,4757.47,-26.6673,1.34942,-0.00172455,-0.0117848,-75.4265
12.379,470.236,-9.72589,23.6783,0.000521689,-0.403205,-0.223906,-4.24253e-05,0.000283527,0.00560435,3984.43,3,0,0,0,-0.024984,0.0248335,-0.0117649,0.0117673,4602.12,-25.7922,1.30483,-7.88053e-05,0.0249921,-75.4611,4637.05,-25.9879,1.31473,-0.000115824,-0.0248765,-75.4705,4735.94,-26.5421,1.34277,-0.00180795,0.0118668,-75.408,4757.69,-26.664,1.34893,-0.00181159,-0.0118168,-75.4134
12.389,470.473,-9.73133,23.6746,0.000460421,-0.000214264,-0.293876,-7.67505e-05,0.0002834,0.00560319,3983.71,3,0,0,0,-0.024897,0.0247975,-0.0117669,0.0117689,4602.28,-25.7877,1.30429,-0.0002204,0.0251136,-75.4469,4637.25,-25.9837,1.3142,-0.000173029,-0.0250649,-75.4566,4735.62,-26.5349,1.34208,-0.00170976,0.0118254,-75.3951,4757.34,-26.6566,1.34823,-0.00171581,-0.0117792,-75.4004
12.399,470.709,-9.73677,23.6708,0.000386813,-0.869822,-0.46262,-0.000114019,0.000283289,0.005602,3983,3,0,0,0,-0.0247979,0.0246673,-0.0117642,0.011767,4605.02,-25.7976,1.30455,0.000363453,0.0251543,-75.4335,4641.1,-25.9997,1.31477,0.000345431,-0.025103,-75.443,4736,-26.5313,1.34165,-0.00179761,0.0119178,-75.3821,4757.69,-26.6528,1.3478,-0.00180558,-0.0118709,-75.3875
12.409,470.946,-9.74221,23.6658,0.000641367,-0.737681,0.0216607,3.20055e-05,0.000283327,0.00560172,3982.55,3,0,0,0,-0.0250045,0.0248168,-0.0117664,0.0117683,4600.06,-25.7685,1.30332,-0.00023138,0.0248432,-75.4212,4636.33,-25.9717,1.3136,-0.000257266,-0.0245783,-75.4302,4735.78,-26.5288,1.34177,-0.00171942,0.0118235,-75.3697,4757.45,-26.6501,1.34791,-0.00171225,-0.0117741,-75.3751
12.419,471.183,-9.74765,23.6636,0.00096094,0.947364,0.479923,0.000261861,0.000283789,0.00560066,3981.7,3,0,0,0,-0.0249751,0.0248429,-0.0117678,0.0117682,4600.39,-25.7655,1.30554,2.71909e-05,0.0254141,-75.4102,4636.4,-25.9672,1.31576,2.73137e-05,-0.0251048,-75.4201,4734.85,-26.5186,1.3437,-0.00179033,0.0117034,-75.3561,4756.64,-26.6406,1.34988,-0.00178322,-0.0116589,-75.3614
12.429,471.419,-9.75309,23.6575,0.00071953,-0.535381,-0.0869266,8.07921e-05,0.000283687,0.00560003,3981.03,3,0,0,0,-0.0248797,0.0247745,-0.0117634,0.0117652,4602.34,-25.7735,1.30562,-0.000395509,0.0245193,-75.3933,4637.93,-25.9728,1.31572,-0.000437628,-0.0244801,-75.4026,4735.68,-26.5203,1.34345,-0.00170041,0.0118495,-75.344,4757.53,-26.6426,1.34965,-0.00170239,-0.0117987,-75.3494
12.439,471.656,-9.75853,23.6547,0.000622871,-0.451092,0.0135801,6.6773e-05,0.000283966,0.00559907,3980.33,3,0,0,0,-0.0248972,0.0247716,-0.0117662,0.0117681,4603.76,-25.777,1.30731,0.000158502,0.0250406,-75.3842,4639.61,-25.9777,1.31749,0.000125468,-0.0248497,-75.3937,4735.8,-26.5163,1.34481,-0.00177198,0.0118606,-75.3308,4757.72,-26.6391,1.35103,-0.00176699,-0.0118148,-75.3362
12.449,471.892,-9.76396,23.6499,0.000844417,-0.31373,0.247268,0.000196866,0.000283921,0.00559855,3979.66,3,0,0,0,-0.0249438,0.0247336,-0.0117669,0.0117686,4602.58,-25.768,1.30677,-0.000283845,0.0250386,-75.37,4639.11,-25.9726,1.31714,-0.0003392,-0.0247604,-75.379,4735.83,-26.5141,1.3446,-0.00170071,0.0118603,-75.318,4757.77,-26.6369,1.35083,-0.00169255,-0.0118137,-75.3236
12.459,472.128,-9.7694,23.6462,0.000743541,-0.8417,0.224483,9.49767e-05,0.00028406,0.0055978,3978.99,3,0,0,0,-0.0249368,0.0247752,-0.011766,0.0117681,4604.51,-25.7754,1.30796,4.91168e-05,0.0251211,-75.3573,4639.57,-25.9717,1.31792,4.92959e-05,-0.0247871,-75.3669,4735.88,-26.5108,1.34528,-0.00176853,0.0118652,-75.3052,4757.77,-26.6333,1.35149,-0.00175587,-0.0118159,-75.3107
12.469,472.365,-9.77483,23.6421,0.000786946,-0.125345,0.448781,0.000157201,0.000284248,0.00559737,3978.3,3,0,0,0,-0.0249516,0.024843,-0.0117661,0.0117681,4604.39,-25.7727,1.30879,-0.000137805,0.0255384,-75.344,4637.95,-25.9606,1.31833,-0.000179696,-0.0251797,-75.3539,4735.79,-26.5082,1.34614,-0.0017789,0.0118497,-75.2926,4757.71,-26.6309,1.35237,-0.00175812,-0.0118003,-75.298
12.479,472.601,-9.78027,23.6377,0.000432946,-0.861121,-0.194716,-8.82238e-05,0.000283782,0.00559683,3977.64,3,0,0,0,-0.0248957,0.0247654,-0.01176,0.0117624,4603.62,-25.766,1.30642,-0.000139059,0.0248666,-75.3313,4639.31,-25.9657,1.31655,-0.000129859,-0.0246689,-75.3406,4735.68,-26.5051,1.3439,-0.0017344,0.0118697,-75.2796,4757.56,-26.6276,1.35011,-0.00172932,-0.011824,-75.2851
12.489,472.837,-9.7857,23.6338,0.00040006,-0.894778,-0.257032,-0.000113781,0.000283705,0.00559601,3976.31,3,0,0,0,-0.0249464,0.024764,-0.0117631,0.0117655,4602.74,-25.7572,1.30582,-3.58472e-05,0.025069,-75.3196,4639.17,-25.9611,1.31616,1.29376e-05,-0.0248409,-75.329,4735.79,-26.5018,1.34357,-0.00178342,0.0118658,-75.2666,4757.6,-26.6239,1.34976,-0.00178183,-0.0118216,-75.2721
12.499,473.074,-9.79113,23.6318,0.000773635,1.18874,0.356101,9.32092e-05,0.000283743,0.00559487,3976.28,3,0,0,0,-0.0249694,0.0248538,-0.0117666,0.0117692,4602.73,-25.7519,1.30599,2.90669e-05,0.025577,-75.3061,4638.65,-25.9529,1.31619,5.97927e-05,-0.0251989,-75.3156,4735.09,-26.4925,1.34355,-0.00179467,0.0117463,-75.2537,4756.84,-26.6142,1.34972,-0.00178316,-0.0116997,-75.2592
12.509,473.31,-9.79656,23.6257,0.000625525,-0.695309,-0.108476,1.41671e-05,0.000284124,0.00559476,3975.59,3,0,0,0,-0.0249429,0.0248423,-0.0117608,0.0117632,4602.68,-25.7512,1.30773,2.05855e-05,0.0251322,-75.2945,4637.84,-25.9479,1.31772,-3.77497e-05,-0.0250337,-75.3039,4735.81,-26.496,1.34556,-0.00173918,0.0118634,-75.241,4757.56,-26.6177,1.35174,-0.00173906,-0.0118123,-75.2464
12.519,473.546,-9.80199,23.6218,0.000778056,0.236317,0.128982,0.000152003,0.000284265,0.00559378,3974.91,3,0,0,0,-0.0246929,0.0246487,-0.0117644,0.0117664,4606.08,-25.7657,1.30935,-0.000478984,0.0255751,-75.2768,4641.19,-25.9621,1.31933,-0.000410935,-0.0255016,-75.2867,4735.83,-26.4915,1.34623,-0.00172133,0.0118465,-75.2282,4757.7,-26.6138,1.35245,-0.0017185,-0.0117992,-75.2336
12.529,473.782,-9.80742,23.618,0.000525487,-0.928366,-0.228147,-3.66364e-06,0.00028403,0.00559356,3974.23,3,0,0,0,-0.0250733,0.0248821,-0.0117662,0.0117682,4600.28,-25.7322,1.30662,0.00021802,0.0250573,-75.2701,4637.65,-25.9413,1.31723,0.000278612,-0.0248621,-75.2792,4735.75,-26.49,1.34509,-0.00178566,0.0118601,-75.2151,4757.79,-26.6133,1.35135,-0.00179262,-0.0118178,-75.2207
12.539,474.018,-9.81284,23.614,0.000502306,-0.317024,-0.144045,-2.87906e-05,0.000284615,0.00559247,3973.58,3,0,0,0,-0.024844,0.0246429,-0.0117656,0.0117676,4602.24,-25.7381,1.30987,-8.37392e-05,0.0244449,-75.2544,4638.32,-25.9399,1.32014,-0.000137886,-0.0241936,-75.2644,4735.9,-26.4856,1.34791,-0.00171317,0.0118356,-75.2022,4757.9,-26.6087,1.35417,-0.00170848,-0.0117882,-75.2077
12.549,474.254,-9.81827,23.6086,0.000404871,-0.759885,-0.0656506,-4.33309e-05,0.000284389,0.00559206,3972.88,3,0,0,0,-0.0249341,0.0248167,-0.011766,0.0117675,4604.2,-25.7472,1.30938,-0.000624332,0.0259517,-75.2369,4638.68,-25.9401,1.31919,-0.00060152,-0.0256553,-75.2467,4735.77,-26.483,1.3468,-0.00169234,0.0118463,-75.1901,4757.81,-26.6062,1.35307,-0.00169728,-0.011801,-75.1956
12.559,474.49,-9.8237,23.6058,0.000618485,-0.696199,0.00049149,4.55362e-05,0.000284403,0.00559157,3972.2,3,0,0,0,-0.0249833,0.0248737,-0.0117644,0.0117663,4601.25,-25.7285,1.30861,0.000144844,0.0252413,-75.2319,4636.47,-25.9254,1.31862,0.000135131,-0.0250552,-75.2415,4735.83,-26.481,1.34688,-0.00176123,0.0118626,-75.1765,4757.75,-26.6036,1.35311,-0.00175546,-0.0118169,-75.182
12.569,474.726,-9.82912,23.6025,0.00120013,0.359522,0.874198,0.000475702,0.000284369,0.00558995,3971.5,3,0,0,0,-0.0248216,0.0246607,-0.011772,0.0117746,4604.37,-25.7385,1.30934,-0.000201611,0.0247668,-75.2139,4639.54,-25.9351,1.31934,-0.00017154,-0.0243441,-75.2234,4735.53,-26.4717,1.34664,-0.0017643,0.0117885,-75.1638,4757.41,-26.594,1.35286,-0.00174365,-0.0117452,-75.1693
12.579,474.962,-9.83454,23.5973,0.000587034,-0.862782,-0.0334364,1.07328e-05,0.000284213,0.00559037,3970.87,3,0,0,0,-0.0250536,0.0248648,-0.0117626,0.0117646,4600.79,-25.7204,1.3076,-9.46196e-05,0.0252308,-75.2051,4637,-25.9228,1.31789,-0.000102369,-0.0249747,-75.2146,4735.88,-26.4756,1.346,-0.00173971,0.0118699,-75.151,4757.67,-26.5974,1.35219,-0.00173324,-0.0118233,-75.1565
12.589,475.198,-9.83997,23.5956,0.000480751,1.59648,0.210201,-7.3929e-05,0.000284431,0.00558891,3970.13,3,0,0,0,-0.02486,0.0247254,-0.0117698,0.011771,4605.21,-25.7384,1.30987,-7.78067e-05,0.026332,-75.1903,4640.29,-25.9344,1.31984,-7.91572e-05,-0.0258578,-75.2002,4735.69,-26.4676,1.34698,-0.00178112,0.0118705,-75.1379,4757.55,-26.5898,1.3532,-0.00177244,-0.0118295,-75.1434
12.599,475.434,-9.84539,23.5887,0.000736168,-0.774909,0.0461648,0.000136158,0.000284109,0.00558898,3969.49,3,0,0,0,-0.0250287,0.0249017,-0.0117657,0.0117677,4601.68,-25.7189,1.30738,-0.000546434,0.0243808,-75.1757,4637.21,-25.9175,1.31747,-0.000504107,-0.0242359,-75.1855,4735.76,-26.4683,1.34547,-0.00169863,0.0118497,-75.1257,4757.62,-26.5905,1.35168,-0.00169839,-0.0118047,-75.1311
12.609,475.67,-9.8508,23.586,0.000644367,-0.244548,0.0565844,4.08244e-05,0.000283967,0.00558796,3968.8,3,0,0,0,-0.0249115,0.0247654,-0.0117663,0.011768,4602.94,-25.7213,1.30708,0.000108965,0.0252942,-75.1668,4639.27,-25.9243,1.3174,8.28829e-05,-0.0250549,-75.1759,4735.83,-26.4639,1.34482,-0.00175568,0.0118609,-75.1123,4757.57,-26.5854,1.35099,-0.00174803,-0.0118133,-75.1178
12.619,475.906,-9.85622,23.5817,0.000745513,-0.83515,0.110643,0.000133585,0.000284207,0.00558707,3968.23,3,0,0,0,-0.0248326,0.0246553,-0.0117668,0.0117687,4606.16,-25.7352,1.30911,-5.64946e-05,0.0247065,-75.1486,4641.49,-25.9326,1.31914,1.05488e-05,-0.0244563,-75.1585,4735.94,-26.4603,1.34599,-0.00179499,0.0118732,-75.0997,4757.7,-26.5819,1.35217,-0.00179002,-0.0118263,-75.1052
12.629,476.141,-9.86164,23.577,0.000584232,-0.649798,0.0176374,2.37784e-05,0.000284043,0.00558724,3967.45,3,0,0,0,-0.0250482,0.0249072,-0.0117659,0.011768,4601.01,-25.7072,1.30688,-7.94297e-05,0.0253947,-75.1409,4635.79,-25.9015,1.31676,-0.000157335,-0.0251598,-75.1502,4735.81,-26.4604,1.34517,-0.00173788,0.0118599,-75.0869,4757.66,-26.5825,1.35138,-0.00172984,-0.0118112,-75.0923
12.639,476.377,-9.86706,23.5734,0.000542557,0.165119,-0.013172,1.47162e-05,0.000284029,0.00558633,3966.77,3,0,0,0,-0.0248797,0.0247839,-0.0117658,0.0117679,4603.8,-25.7186,1.30761,-0.000499637,0.0252633,-75.1235,4638.7,-25.9136,1.31752,-0.000417739,-0.025061,-75.1335,4735.8,-26.456,1.3451,-0.00171168,0.0118464,-75.0741,4757.66,-26.5781,1.35131,-0.00170759,-0.0118012,-75.0795
12.649,476.613,-9.87248,23.5696,0.000332062,-0.621917,-0.313128,-0.000151937,0.000283873,0.00558568,3966.1,3,0,0,0,-0.0247988,0.0246845,-0.0117617,0.0117642,4604.06,-25.7171,1.30697,4.38649e-05,0.024946,-75.1139,4639.64,-25.9158,1.31707,3.6168e-05,-0.0247806,-75.1233,4735.57,-26.4516,1.3443,-0.00176642,0.011814,-75.0609,4757.34,-26.5732,1.35048,-0.00176058,-0.0117683,-75.0663
12.659,476.848,-9.87789,23.5656,0.000611818,0.295941,-0.221342,4.48599e-05,0.000284102,0.00558505,3965.44,3,0,0,0,-0.024956,0.0247676,-0.0117664,0.0117683,4602.02,-25.7028,1.30744,-0.000314997,0.0254562,-75.0992,4638.54,-25.9067,1.31782,-0.000354033,-0.0253906,-75.1083,4735.09,-26.446,1.34525,-0.00172722,0.0117382,-75.0483,4756.89,-26.5677,1.35144,-0.00173098,-0.011689,-75.0538
12.669,477.084,-9.8833,23.5614,0.000617881,-0.397033,0.0485622,5.23772e-05,0.000284452,0.00558473,3964.73,3,0,0,0,-0.0250056,0.024822,-0.0117645,0.0117665,4601.06,-25.696,1.30878,-0.000105684,0.0252239,-75.0887,4636.93,-25.8963,1.31898,-0.000117038,-0.0249392,-75.0984,4735.71,-26.448,1.34708,-0.00174357,0.0118577,-75.0355,4757.6,-26.5702,1.35331,-0.00173716,-0.0118119,-75.041
12.679,477.32,-9.88872,23.5575,0.00064375,-0.670086,-0.18625,7.19659e-05,0.000284469,0.00558342,3964.1,3,0,0,0,-0.0248679,0.0247596,-0.0117664,0.0117683,4604.08,-25.7068,1.30972,-4.39269e-05,0.0245,-75.0742,4639.4,-25.904,1.31977,-3.04183e-05,-0.0245048,-75.084,4735.65,-26.4414,1.34715,-0.00174191,0.011868,-75.0224,4757.65,-26.5643,1.3534,-0.00174447,-0.0118205,-75.0279
12.689,477.555,-9.89413,23.5533,0.000482506,-0.237025,-0.434019,-4.19234e-05,0.000284391,0.00558302,3963.38,3,0,0,0,-0.0249777,0.0248346,-0.0117665,0.0117687,4603.4,-25.7011,1.30917,-8.77703e-05,0.0253595,-75.0607,4639.66,-25.9036,1.31948,-0.000155238,-0.0253466,-75.0702,4735.69,-26.4397,1.34679,-0.0017654,0.0118561,-75.01,4757.65,-26.5624,1.35304,-0.00177767,-0.01181,-75.0155
12.699,477.79,-9.89954,23.5493,0.000597467,-0.406828,-0.000594091,2.54757e-05,0.000284346,0.00558232,3962.72,3,0,0,0,-0.024922,0.0247355,-0.0117659,0.0117676,4602.6,-25.6934,1.30873,-8.18204e-05,0.0252122,-75.0495,4639.01,-25.8967,1.31908,-0.000109522,-0.024947,-75.0587,4735.74,-26.4367,1.34659,-0.00174415,0.0118564,-74.997,4757.68,-26.5592,1.35283,-0.00173637,-0.0118095,-75.0025
12.709,478.026,-9.90495,23.5451,0.000708636,-0.788582,-0.00451895,0.000112089,0.000284693,0.00558183,3962.04,3,0,0,0,-0.0249875,0.0248143,-0.0117619,0.0117637,4602.8,-25.6923,1.31039,-0.000111499,0.0248773,-75.0362,4638.72,-25.8928,1.32061,-0.000113454,-0.0247197,-75.0459,4735.61,-26.4336,1.3482,-0.00173678,0.0118287,-74.9842,4757.55,-26.5561,1.35444,-0.00173926,-0.0117818,-74.9896
12.719,478.261,-9.91036,23.5411,0.000362962,-0.0760442,-0.41782,-0.000118147,0.000284731,0.00558123,3961.39,3,0,0,0,-0.0248904,0.0247953,-0.0117637,0.0117662,4603.53,-25.6937,1.31077,-0.000351932,0.0251429,-75.0223,4638.07,-25.8864,1.3206,-0.000351795,-0.0251217,-75.0322,4735.94,-26.4327,1.34847,-0.00173761,0.0118647,-74.9717,4757.89,-26.5552,1.35472,-0.00174369,-0.0118173,-74.9772
12.729,478.497,-9.91577,23.5371,0.000584097,-0.535048,-0.0525763,2.42005e-05,0.000284508,0.00558057,3960.64,3,0,0,0,-0.0248617,0.0247687,-0.0117637,0.0117656,4603.7,-25.6915,1.30979,-0.000186456,0.0249445,-75.0101,4639.16,-25.8894,1.31988,-0.000204735,-0.0248051,-75.0194,4735.77,-26.4286,1.34737,-0.00173812,0.01189,-74.9586,4757.75,-26.5512,1.35362,-0.00173516,-0.0118443,-74.9641
12.739,478.732,-9.92117,23.5333,0.000610204,-0.291868,-0.0389432,6.17821e-05,0.000284325,0.00557993,3959.98,3,0,0,0,-0.0250032,0.0248225,-0.0117662,0.011768,4600.67,-25.6717,1.30809,-3.56619e-05,0.0252252,-74.9997,4637.4,-25.8766,1.31853,-7.36236e-06,-0.0249997,-75.0093,4735.71,-26.4252,1.34648,-0.00173604,0.011856,-74.9452,4757.56,-26.5472,1.3527,-0.00173402,-0.0118107,-74.9507
12.749,478.967,-9.92658,23.5286,0.000584841,-0.519329,-0.0818696,1.43787e-06,0.000284469,0.0055791,3959.4,3,0,0,0,-0.0249461,0.0247787,-0.0117666,0.0117683,4603.26,-25.6823,1.30949,-0.000299966,0.0247014,-74.9828,4639.22,-25.8829,1.31971,-0.000291588,-0.0244898,-74.9925,4735.78,-26.4217,1.34718,-0.00171159,0.0118471,-74.9329,4757.58,-26.5433,1.35339,-0.00171281,-0.011797,-74.9384
12.759,479.202,-9.93198,23.5256,0.000565821,-0.0314879,-0.0605945,1.57524e-05,0.000284613,0.00557866,3958.64,3,0,0,0,-0.0250123,0.0248819,-0.011766,0.0117679,4601.74,-25.6718,1.30971,-4.27846e-05,0.0252655,-74.9736,4636.65,-25.8666,1.31965,-2.95496e-05,-0.0250965,-74.9834,4735.65,-26.4189,1.34783,-0.00174285,0.0118486,-74.9199,4757.51,-26.5408,1.35405,-0.00174085,-0.0118038,-74.9253
12.769,479.438,-9.93739,23.5208,0.000649243,-0.802689,-0.0310086,8.75417e-05,0.000284407,0.00557763,3957.94,3,0,0,0,-0.0248702,0.0247468,-0.0117667,0.0117686,4606.34,-25.6928,1.31008,-0.000236172,0.0253674,-74.9565,4641.63,-25.8896,1.32011,-0.0002192,-0.0252483,-74.9661,4735.77,-26.4147,1.34689,-0.00172318,0.0119326,-74.9074,4758.08,-26.5391,1.35323,-0.00172335,-0.0118857,-74.9128
12.779,479.673,-9.94279,23.517,0.000595594,-0.22847,-0.0643636,2.10406e-05,0.000284181,0.00557762,3957.27,3,0,0,0,-0.0249907,0.0248253,-0.0117662,0.011768,4601.61,-25.6663,1.30769,-0.000213681,0.0251485,-74.947,4637.99,-25.8692,1.31803,-0.000229512,-0.0249582,-74.9561,4735.78,-26.4146,1.34582,-0.00173359,0.0118575,-74.8944,4757.75,-26.5372,1.35206,-0.00173053,-0.0118114,-74.8999
12.789,479.908,-9.94819,23.5138,0.000643362,-0.149015,0.0357094,7.94224e-05,0.000284322,0.0055766,3956.61,3,0,0,0,-0.0249013,0.0247251,-0.0117657,0.0117675,4604.4,-25.6772,1.30913,5.35345e-05,0.0251006,-74.9337,4639.97,-25.8756,1.31924,5.76795e-05,-0.0248557,-74.9435,4735.83,-26.4101,1.3465,-0.00177265,0.0118621,-74.8815,4757.69,-26.532,1.35271,-0.00176831,-0.0118166,-74.887
12.799,480.143,-9.95359,23.5095,0.00059197,-0.442689,0.0352125,6.11668e-06,0.000284203,0.0055767,3955.92,3,0,0,0,-0.025074,0.0249323,-0.0117665,0.0117685,4600.95,-25.6584,1.30761,0.000130246,0.0252262,-74.9232,4636.23,-25.8551,1.31763,0.000132741,-0.0249851,-74.9327,4735.76,-26.4102,1.34592,-0.00177736,0.0118505,-74.8686,4757.54,-26.5316,1.35211,-0.00176707,-0.0118034,-74.874
12.809,480.378,-9.95899,23.5049,0.000541714,-0.294804,-0.174647,-2.52868e-06,0.000284234,0.00557562,3955.24,3,0,0,0,-0.0248174,0.0247337,-0.0117668,0.0117689,4603.94,-25.6701,1.30859,-0.000321663,0.0250356,-74.9058,4639.04,-25.8658,1.31857,-0.00023739,-0.0249772,-74.9156,4735.78,-26.4052,1.34607,-0.00170631,0.0118534,-74.8561,4757.57,-26.5267,1.35226,-0.00171067,-0.0118077,-74.8615
12.819,480.613,-9.96439,23.5009,0.000444182,-0.737611,-0.519379,-6.71181e-05,0.000283964,0.00557513,3954.58,3,0,0,0,-0.0247601,0.0246138,-0.0117645,0.0117675,4605.19,-25.6748,1.30771,-3.23099e-06,0.0251262,-74.8934,4641.68,-25.8783,1.31807,1.74638e-05,-0.0251604,-74.9028,4735.76,-26.4028,1.34478,-0.00176872,0.0118591,-74.8433,4757.55,-26.5242,1.35097,-0.0017835,-0.0118152,-74.8487
12.829,480.848,-9.96979,23.497,0.0005843,-0.691924,-0.0472863,1.52707e-05,0.000284292,0.00557528,3953.91,3,0,0,0,-0.0250446,0.0248642,-0.0117651,0.0117669,4599.55,-25.644,1.30761,-3.96127e-05,0.0251108,-74.8843,4635.79,-25.8461,1.31792,-5.03218e-05,-0.0248683,-74.8937,4735.78,-26.4036,1.34634,-0.00175909,0.0118569,-74.8303,4757.58,-26.5251,1.35254,-0.00175363,-0.0118094,-74.8357
12.839,481.083,-9.97518,23.4931,0.000393681,-0.482098,-0.407361,-0.000105221,0.000284446,0.00557436,3953.19,3,0,0,0,-0.0248952,0.0247357,-0.0117654,0.0117676,4601.81,-25.6524,1.30897,-2.93492e-05,0.0247212,-74.8696,4637.49,-25.8513,1.31912,-2.74489e-05,-0.0246545,-74.8793,4735.83,-26.3995,1.34709,-0.00172502,0.0119313,-74.8175,4757.74,-26.5216,1.35332,-0.00172701,-0.0118851,-74.8229
12.849,481.317,-9.98058,23.4889,0.000425748,0.295837,-0.207741,-8.04502e-05,0.00028423,0.00557431,3952.54,3,0,0,0,-0.0249213,0.0248284,-0.0117651,0.0117673,4600.45,-25.6446,1.30758,-0.000568516,0.0251634,-74.8554,4636.06,-25.8431,1.3177,-0.000469179,-0.0250321,-74.8649,4735.29,-26.3963,1.34591,-0.00169648,0.0117839,-74.8046,4757.29,-26.5189,1.35216,-0.00169892,-0.0117417,-74.8101
12.859,481.552,-9.98597,23.485,0.000647207,-0.39611,-0.020315,6.18775e-05,0.000284344,0.00557336,3951.86,3,0,0,0,-0.0249408,0.0247995,-0.0117656,0.0117675,4602.38,-25.651,1.30866,-8.16083e-05,0.0250287,-74.8435,4638.67,-25.8533,1.31898,-9.22748e-05,-0.0248498,-74.8528,4735.61,-26.3935,1.34654,-0.00175382,0.0118462,-74.792,4757.55,-26.5158,1.35278,-0.0017519,-0.0118013,-74.7975
12.869,481.787,-9.99136,23.481,0.000666296,-0.392844,-0.088777,7.78986e-05,0.000284396,0.00557307,3951.18,3,0,0,0,-0.0249816,0.0248033,-0.0117669,0.0117685,4602.1,-25.6481,1.30882,-5.95764e-05,0.0251394,-74.8307,4638.55,-25.8512,1.31918,-3.58328e-05,-0.0250019,-74.8399,4735.67,-26.3925,1.34681,-0.00175141,0.0118742,-74.7791,4757.58,-26.5146,1.35304,-0.00175592,-0.0118302,-74.7845
12.879,482.022,-9.99676,23.4767,0.000271927,-0.232056,-0.470689,-0.000186636,0.000284457,0.00557268,3950.52,3,0,0,0,-0.0249329,0.0247523,-0.0117667,0.011769,4602.46,-25.6483,1.3092,-0.000272927,0.0247539,-74.8172,4638.6,-25.8497,1.31948,-0.000311808,-0.024618,-74.8266,4735.57,-26.3901,1.34707,-0.0017071,0.0118407,-74.7663,4757.49,-26.5123,1.3533,-0.00171013,-0.0117943,-74.7717
12.889,482.256,-10.0021,23.4727,0.000441636,-0.0679161,-0.085818,-5.24775e-05,0.000284537,0.0055726,3949.86,3,0,0,0,-0.0249337,0.0248305,-0.0117661,0.0117681,4603.02,-25.6511,1.30973,-0.000451461,0.0251351,-74.8038,4638.08,-25.8465,1.31971,-0.000359101,-0.0249065,-74.8136,4735.69,-26.3904,1.34748,-0.0016989,0.0118344,-74.7536,4757.67,-26.5129,1.35374,-0.00169673,-0.0117913,-74.759
12.899,482.491,-10.0075,23.469,0.000572296,-0.584552,-0.0800206,1.91938e-05,0.000284328,0.00557216,3949.15,3,0,0,0,-0.0249443,0.0248064,-0.0117659,0.0117676,4603.2,-25.65,1.30882,3.67882e-05,0.0250944,-74.7934,4639.29,-25.8511,1.31908,2.67602e-05,-0.0249198,-74.8027,4735.67,-26.3882,1.34649,-0.00175748,0.0118711,-74.7406,4757.61,-26.5104,1.35272,-0.0017555,-0.0118253,-74.7461
12.909,482.726,-10.0129,23.465,0.000430151,-0.69466,-0.297866,-8.32782e-05,0.000284198,0.00557183,3948.48,3,0,0,0,-0.024824,0.024628,-0.0117659,0.0117689,4604.59,-25.6562,1.30862,4.76014e-05,0.0250129,-74.7785,4640.88,-25.8584,1.31893,0.000118921,-0.0248177,-74.7879,4735.51,-26.3857,1.34583,-0.00177603,0.0118569,-74.7279,4757.4,-26.5077,1.35204,-0.00178116,-0.011813,-74.7334
12.919,482.96,-10.0183,23.4606,0.000411502,-0.46755,-0.12078,-0.000101444,0.000284365,0.00557195,3947.77,3,0,0,0,-0.0250305,0.0248693,-0.0117673,0.011769,4601.7,-25.6407,1.30856,-0.000216778,0.0254071,-74.7654,4636.87,-25.8367,1.31856,-0.000194734,-0.025165,-74.7746,4735.7,-26.3874,1.34666,-0.00181221,0.0118786,-74.7153,4757.54,-26.509,1.35287,-0.00180264,-0.0118307,-74.7207
12.929,483.195,-10.0237,23.4571,0.000758788,-0.781124,0.128016,0.000139483,0.000284555,0.00557142,3947.13,3,0,0,0,-0.0249269,0.0248264,-0.0117629,0.0117646,4603.12,-25.6461,1.30984,0.000251127,0.0251916,-74.756,4637.44,-25.8374,1.31961,0.000213311,-0.0250532,-74.7657,4735.88,-26.3858,1.34762,-0.00177865,0.0119051,-74.7023,4757.72,-26.5075,1.35383,-0.00177447,-0.0118541,-74.7077
12.939,483.429,-10.0291,23.452,0.000567764,-0.658855,-0.178531,5.27803e-06,0.000283997,0.00557118,3946.45,3,0,0,0,-0.0248286,0.0247236,-0.0117617,0.0117636,4605.03,-25.6557,1.30782,-0.000371191,0.0256395,-74.7382,4640.77,-25.8548,1.31797,-0.000350427,-0.0255726,-74.7476,4735.75,-26.384,1.34494,-0.00174138,0.0118455,-74.6898,4757.6,-26.5057,1.35115,-0.00174064,-0.0118007,-74.6952
12.949,483.664,-10.0345,23.4488,0.000579816,-0.324963,0.0476906,1.44879e-05,0.000284007,0.00557105,3945.77,3,0,0,0,-0.0249909,0.0248199,-0.0117664,0.0117682,4601.56,-25.6358,1.30688,-0.000134372,0.0250501,-74.7296,4638.13,-25.8395,1.31726,-0.000166004,-0.0247555,-74.7389,4735.75,-26.3833,1.34499,-0.00174202,0.0118599,-74.6766,4757.5,-26.5045,1.35116,-0.00173148,-0.0118125,-74.682
12.959,483.898,-10.0399,23.4445,0.000698923,-0.741178,0.0100842,0.000115627,0.000284226,0.00557094,3945.06,3,0,0,0,-0.0248686,0.0246442,-0.0117568,0.0117585,4602.45,-25.6402,1.30813,-6.10373e-05,0.0245909,-74.7157,4638.82,-25.8428,1.31847,-7.4299e-05,-0.0243813,-74.7254,4735.51,-26.3815,1.34595,-0.00174144,0.0118151,-74.6638,4757.27,-26.5027,1.35214,-0.00174147,-0.011769,-74.6692
12.969,484.133,-10.0452,23.441,0.000632036,0.284153,0.656595,9.11117e-05,0.000283659,0.00557045,3944.42,3,0,0,0,-0.0248952,0.0247578,-0.0117665,0.0117685,4604.8,-25.6511,1.30619,-0.000297868,0.0260377,-74.6994,4639.56,-25.8447,1.31605,-0.00030287,-0.025431,-74.709,4735.44,-26.3789,1.34325,-0.00178773,0.0117967,-74.6512,4757.19,-26.5,1.34942,-0.00175816,-0.0117512,-74.6566
12.979,484.367,-10.0506,23.4372,0.000595584,0.363738,-0.030826,4.86109e-05,0.00028361,0.00557067,3943.72,3,0,0,0,-0.0249871,0.0248798,-0.0117666,0.0117685,4601.05,-25.6312,1.3049,-0.000136603,0.0253719,-74.6918,4635.83,-25.825,1.31477,-0.000104617,-0.0252499,-74.7015,4735.55,-26.3805,1.34305,-0.00175003,0.0118169,-74.638,4757.27,-26.5015,1.34921,-0.00174686,-0.0117725,-74.6433
12.989,484.601,-10.056,23.4331,0.000621409,-0.424547,0.0813599,5.24598e-05,0.00028319,0.00556985,3943.07,3,0,0,0,-0.0248457,0.0246806,-0.0117664,0.0117681,4603.48,-25.641,1.30366,6.48358e-05,0.0250451,-74.6772,4640.44,-25.8468,1.31413,7.01619e-05,-0.0247743,-74.6866,4735.75,-26.3777,1.34112,-0.00176395,0.0118467,-74.6254,4757.38,-26.4981,1.34724,-0.00176129,-0.0117989,-74.6307
12.999,484.835,-10.0614,23.4284,0.000552709,-0.693289,-0.0552495,-1.80657e-05,0.000283245,0.00557011,3942.4,3,0,0,0,-0.0250373,0.0248713,-0.0117668,0.0117686,4601.87,-25.6332,1.30345,-0.000148906,0.0251967,-74.6652,4637.65,-25.8325,1.31359,-0.000181753,-0.024965,-74.6745,4735.92,-26.3799,1.34142,-0.00174525,0.0118611,-74.6126,4757.49,-26.5,1.34753,-0.00173841,-0.0118126,-74.6179
13.009,485.07,-10.0668,23.4244,0.000396221,-0.385477,-0.450875,-8.22582e-05,0.00028321,0.00556977,3941.72,3,0,0,0,-0.0249493,0.0247973,-0.011765,0.0117673,4602.56,-25.6355,1.30349,-0.000237534,0.0248426,-74.651,4637.96,-25.8327,1.31352,-0.000220525,-0.0248172,-74.6606,4735.85,-26.3779,1.34124,-0.00170147,0.0118458,-74.6,4757.5,-26.4985,1.34737,-0.00171193,-0.0118001,-74.6053
13.019,485.304,-10.0721,23.4214,0.000544692,0.239108,-0.0510189,-7.20972e-06,0.000283093,0.00556914,3941.05,3,0,0,0,-0.0249574,0.0248226,-0.0117727,0.0117746,4604.35,-25.6425,1.30346,-0.0001049,0.025011,-74.6388,4639.14,-25.8363,1.31331,-0.000152055,-0.0248508,-74.648,4735.91,-26.3752,1.3407,-0.00174463,0.0118594,-74.587,4757.63,-26.4962,1.34685,-0.00173866,-0.011813,-74.5923
13.029,485.538,-10.0775,23.4165,0.000692439,-0.327946,-0.0284608,9.22225e-05,0.0002829,0.00556916,3940.4,3,0,0,0,-0.024912,0.0247622,-0.0117664,0.0117679,4603.84,-25.6398,1.30243,-0.000204426,0.0252,-74.6259,4639.64,-25.8392,1.31255,-0.000191166,-0.0250862,-74.6352,4735.76,-26.3745,1.33975,-0.00173077,0.0118567,-74.5744,4757.45,-26.4953,1.34588,-0.0017303,-0.01181,-74.5798
13.039,485.772,-10.0829,23.4125,0.000574613,-0.717247,-0.14687,-1.07976e-06,0.000282777,0.00556881,3939.73,3,0,0,0,-0.0249543,0.0247695,-0.0117642,0.011766,4604.09,-25.6396,1.30193,-1.34524e-05,0.0251342,-74.6133,4640.13,-25.8403,1.31212,-4.41251e-05,-0.0249783,-74.6226,4735.58,-26.3719,1.33912,-0.00178856,0.0118461,-74.5616,4757.23,-26.4924,1.34524,-0.00178773,-0.0117991,-74.5669
13.049,486.006,-10.0883,23.4085,0.00043066,-0.327407,-0.485979,-8.65138e-05,0.000282991,0.00556879,3939.01,3,0,0,0,-0.0249917,0.024847,-0.0117661,0.0117682,4601.66,-25.6259,1.30223,-0.000177819,0.0246001,-74.6009,4636.84,-25.8219,1.31218,-0.00019488,-0.0246632,-74.6104,4735.59,-26.3718,1.34013,-0.00173109,0.0118732,-74.5486,4757.28,-26.4926,1.34626,-0.00174129,-0.0118238,-74.5539
13.059,486.24,-10.0936,23.405,0.000595197,-0.311471,-0.0382803,1.53516e-05,0.000282597,0.0055682,3938.34,3,0,0,0,-0.0249642,0.024835,-0.0117669,0.0117688,4602.81,-25.6296,1.30074,4.75868e-05,0.0250501,-74.5887,4637.83,-25.8246,1.31064,2.20136e-05,-0.0248981,-74.5977,4735.42,-26.368,1.33822,-0.00176303,0.0118439,-74.5357,4757.24,-26.4895,1.34438,-0.00175838,-0.0117955,-74.5411
13.069,486.474,-10.099,23.4006,0.000601148,-0.567305,0.0436313,2.95857e-05,0.000282628,0.00556786,3937.68,3,0,0,0,-0.0249313,0.0248039,-0.011766,0.0117676,4603.21,-25.6303,1.301,-5.00566e-05,0.0249669,-74.5751,4638.49,-25.8267,1.31097,-5.1999e-05,-0.0247394,-74.5845,4735.77,-26.3684,1.33846,-0.00174117,0.0119151,-74.5231,4757.49,-26.4893,1.3446,-0.00173743,-0.0118652,-74.5283
13.079,486.708,-10.1044,23.3972,0.000762513,0.814076,0.228212,0.00014262,0.000282381,0.00556731,3936.98,3,0,0,0,-0.0248575,0.0246424,-0.0117673,0.0117691,4602.83,-25.6256,1.29975,-0.000347343,0.0250516,-74.5608,4638.41,-25.8238,1.3098,-0.000427616,-0.0247448,-74.5698,4735.08,-26.3619,1.3371,-0.00170973,0.0117333,-74.5098,4756.71,-26.4823,1.3432,-0.00170088,-0.0116839,-74.5152
13.089,486.942,-10.1098,23.3922,0.000385272,0.0702871,-0.31692,-0.000136927,0.000282523,0.0055673,3936.31,3,0,0,0,-0.0250015,0.0248435,-0.0117671,0.0117689,4600.64,-25.6134,1.29978,-0.000459631,0.0246764,-74.5477,4636.22,-25.8115,1.30984,-0.000551074,-0.0245462,-74.5566,4735.88,-26.3664,1.33799,-0.00169927,0.0118618,-74.4976,4757.48,-26.4866,1.3441,-0.00169796,-0.0118115,-74.5029
13.099,487.176,-10.1151,23.3884,0.000670402,-0.561862,-0.233488,7.44802e-05,0.000282727,0.00556687,3935.65,3,0,0,0,-0.0248991,0.0248068,-0.0117623,0.0117642,4602.8,-25.6234,1.30133,-9.0479e-05,0.0248965,-74.537,4637.68,-25.8176,1.31119,-6.25687e-05,-0.024987,-74.5465,4735.8,-26.3638,1.33893,-0.00172282,0.0118633,-74.4847,4757.47,-26.4845,1.34506,-0.00173271,-0.0118146,-74.49
13.109,487.409,-10.1205,23.3844,0.000660759,-0.0364248,-0.181659,6.0416e-05,0.000282588,0.00556638,3934.94,3,0,0,0,-0.0248945,0.024781,-0.0117664,0.0117683,4603.39,-25.6245,1.30086,-0.000301592,0.0253305,-74.5214,4638.63,-25.8206,1.31082,-0.000320603,-0.0253315,-74.5307,4735.74,-26.3612,1.33826,-0.0017309,0.0118514,-74.472,4757.42,-26.4819,1.34439,-0.00173634,-0.0118018,-74.4773
13.119,487.643,-10.1259,23.3805,0.000658147,-0.576261,-0.274947,4.59175e-05,0.000282654,0.00556597,3934.29,3,0,0,0,-0.0249816,0.0248032,-0.0117667,0.0117685,4601.95,-25.6146,1.30076,-2.51323e-05,0.0251572,-74.5121,4638.7,-25.8192,1.31115,-1.23404e-05,-0.0251774,-74.5211,4735.93,-26.3603,1.33863,-0.00179022,0.0118807,-74.4595,4757.59,-26.4809,1.34475,-0.00179908,-0.0118314,-74.4648
13.129,487.877,-10.1312,23.3765,0.000417592,-0.227128,-0.274826,-9.13796e-05,0.000282961,0.00556563,3933.61,3,0,0,0,-0.0249407,0.0247504,-0.0117667,0.0117685,4601.77,-25.612,1.30212,-0.000246254,0.0248075,-74.4973,4637.82,-25.8127,1.31232,-0.00030538,-0.024618,-74.5067,4735.67,-26.3573,1.34001,-0.00165498,0.0118457,-74.4463,4757.48,-26.4787,1.34618,-0.0016534,-0.0117969,-74.4517
13.139,488.111,-10.1366,23.3727,0.000626271,-0.917839,-0.0725185,2.92273e-05,0.000283009,0.00556508,3932.88,3,0,0,0,-0.0248873,0.0247778,-0.0117658,0.0117678,4604.56,-25.625,1.30313,0.000105593,0.024705,-74.4853,4639.44,-25.8191,1.313,7.46393e-05,-0.0246007,-74.4946,4735.77,-26.3552,1.34026,-0.00175362,0.0120351,-74.4335,4757.63,-26.4769,1.34645,-0.00174512,-0.0119846,-74.4388
13.149,488.344,-10.142,23.37,0.000498584,1.10892,-0.126944,-7.30944e-06,0.000282931,0.00556464,3932.26,3,0,0,0,-0.0249926,0.0248279,-0.0117696,0.0117721,4602.64,-25.6123,1.30223,-8.34756e-05,0.0250105,-74.4731,4638.18,-25.8101,1.31229,-9.39213e-05,-0.0248687,-74.4824,4735.64,-26.3524,1.33986,-0.00174715,0.0118584,-74.4215,4757.5,-26.474,1.34604,-0.00174456,-0.0118104,-74.4268
13.159,488.578,-10.1473,23.3648,0.000485582,-0.306828,-0.138756,-2.88854e-05,0.000282778,0.0055644,3931.57,3,0,0,0,-0.0249084,0.0247265,-0.0117656,0.0117683,4603.65,-25.6168,1.30181,5.03431e-05,0.0251432,-74.4605,4639.98,-25.819,1.31209,8.60565e-05,-0.0249051,-74.4699,4735.69,-26.3515,1.33915,-0.00176316,0.0118561,-74.4078,4757.5,-26.4729,1.34532,-0.00176067,-0.0118112,-74.4132
13.169,488.811,-10.1527,23.36,0.000678078,-0.783993,0.0100831,7.45241e-05,0.000283352,0.00556479,3930.9,3,0,0,0,-0.0249594,0.0247541,-0.0117594,0.0117611,4601.43,-25.6062,1.30382,-0.000149253,0.0246411,-74.4471,4637.26,-25.8056,1.31398,-0.000168424,-0.0244228,-74.4566,4735.36,-26.3516,1.34177,-0.00173613,0.0118169,-74.3949,4757.18,-26.473,1.34796,-0.00173459,-0.0117689,-74.4002
13.179,489.045,-10.1581,23.3565,0.000513132,-0.200798,0.0568236,-4.64616e-05,0.000283104,0.00556415,3930.22,3,0,0,0,-0.0249811,0.0248374,-0.011768,0.01177,4603.12,-25.6127,1.30316,-0.00019292,0.0253933,-74.4338,4638.09,-25.8073,1.31306,-0.000170506,-0.0250532,-74.4432,4735.69,-26.3504,1.34069,-0.00174359,0.0118577,-74.3824,4757.53,-26.4719,1.34688,-0.0017347,-0.0118109,-74.3877
13.189,489.278,-10.1634,23.3527,0.000622596,-0.255243,0.0511195,3.23013e-05,0.000283128,0.0055637,3929.54,3,0,0,0,-0.0249317,0.0248132,-0.0117667,0.0117685,4604.59,-25.6188,1.30369,4.76129e-05,0.0256707,-74.4207,4639.64,-25.8138,1.31361,-1.83706e-05,-0.0254667,-74.4301,4735.68,-26.3482,1.34081,-0.00178379,0.0118521,-74.3698,4757.43,-26.4692,1.34696,-0.00177773,-0.0118033,-74.3751
13.199,489.512,-10.1688,23.3482,0.000989052,-0.54508,0.488394,0.000282729,0.000283225,0.0055634,3929.06,3,0,0,0,-0.0249526,0.0247907,-0.0117689,0.01177,4602.88,-25.6079,1.30365,-0.00021932,0.0247757,-74.4073,4638.64,-25.8068,1.31378,-0.000207112,-0.0244411,-74.4163,4735.71,-26.3469,1.34127,-0.00174038,0.0118571,-74.357,4757.47,-26.468,1.34743,-0.00173286,-0.0118096,-74.3623
13.209,489.745,-10.1741,23.3447,0.000632407,-0.190842,0.0547043,3.20632e-05,0.000283121,0.00556333,3928.19,3,0,0,0,-0.0249709,0.0247807,-0.011766,0.0117679,4602.73,-25.6067,1.30313,7.19151e-06,0.0251939,-74.3962,4638.75,-25.8071,1.31333,2.66511e-05,-0.0249112,-74.4053,4735.96,-26.348,1.34085,-0.00182965,0.01184,-74.344,4757.75,-26.4692,1.34702,-0.00182313,-0.0117885,-74.3494
13.219,489.979,-10.1795,23.3402,0.00026329,-0.114702,-0.487655,-0.000206688,0.000283193,0.00556305,3927.52,3,0,0,0,-0.024945,0.0248052,-0.0117669,0.0117687,4602.17,-25.6023,1.3033,-0.000345142,0.0251474,-74.3812,4637.98,-25.8016,1.31344,-0.000364837,-0.0250451,-74.3906,4735.45,-26.3438,1.34105,-0.00170428,0.0118126,-74.3314,4757.23,-26.465,1.34721,-0.00171517,-0.0117647,-74.3366
13.229,490.212,-10.1849,23.3367,0.000555912,-0.408331,-0.160869,-1.21259e-05,0.000283218,0.00556265,3926.85,3,0,0,0,-0.0249362,0.0248311,-0.0117683,0.0117702,4602.48,-25.6023,1.3035,7.14176e-05,0.0247484,-74.3723,4637.6,-25.7976,1.31345,4.88239e-05,-0.0246745,-74.3814,4735.69,-26.3432,1.34123,-0.00174947,0.0118619,-74.3183,4757.44,-26.4643,1.34739,-0.00174794,-0.0118118,-74.3236
13.239,490.445,-10.1902,23.3324,0.000635252,-0.425322,-0.135107,5.54385e-05,0.000283214,0.00556226,3926.17,3,0,0,0,-0.0248489,0.0247096,-0.0117664,0.0117681,4604.12,-25.6095,1.30395,-0.000109085,0.0248648,-74.3559,4640.26,-25.8106,1.31419,-9.15684e-05,-0.0247709,-74.3653,4735.64,-26.3411,1.3412,-0.00175045,0.0118575,-74.3059,4757.42,-26.4623,1.34737,-0.0017563,-0.0118103,-74.3112
13.249,490.679,-10.1956,23.3281,0.000597832,-0.316841,-0.00983974,-7.29653e-07,0.00028339,0.00556267,3925.49,3,0,0,0,-0.0250223,0.0248371,-0.0117663,0.011768,4600.49,-25.5913,1.30373,-0.000268045,0.0250466,-74.3449,4636.57,-25.7919,1.31396,-0.000357244,-0.0247812,-74.3539,4735.67,-26.3432,1.34204,-0.00171108,0.0118649,-74.293,4757.42,-26.4642,1.34821,-0.00170335,-0.0118142,-74.2984
13.259,490.912,-10.2009,23.3248,0.000615001,-0.403274,-0.0376857,1.9333e-05,0.000283544,0.00556182,3924.83,3,0,0,0,-0.0249223,0.0247732,-0.0117685,0.01177,4603.89,-25.6063,1.30541,0.000115539,0.0252045,-74.3322,4638.83,-25.8006,1.31531,0.000126755,-0.0250049,-74.3418,4735.59,-26.3388,1.34275,-0.00176352,0.0118636,-74.2801,4757.44,-26.4603,1.34894,-0.00176148,-0.0118145,-74.2854
13.269,491.145,-10.2063,23.3199,6.16129e-05,-2.45938,-1.07245,-0.000325632,0.000283499,0.00556133,3924.16,3,0,0,0,-0.0248998,0.0247692,-0.0117672,0.0117692,4605.91,-25.6152,1.30577,0.00081999,0.0247976,-74.3175,4641.83,-25.815,1.31596,0.000467849,-0.0250613,-74.3266,4734.98,-26.333,1.34236,-0.00187261,0.0117707,-74.2678,4756.93,-26.4551,1.34859,-0.00187321,-0.0117158,-74.2731
13.279,491.378,-10.2116,23.3164,0.000559435,-0.644295,-0.104965,-1.28262e-05,0.000283122,0.00556169,3923.46,3,0,0,0,-0.0249879,0.0248375,-0.0117664,0.0117681,4601.68,-25.5933,1.30283,0.000171922,0.0252619,-74.3087,4637.87,-25.7946,1.31308,0.000179419,-0.0250608,-74.3178,4735.56,-26.338,1.34074,-0.00176923,0.0118536,-74.2545,4757.38,-26.4593,1.34692,-0.00176784,-0.0118073,-74.2599
13.289,491.611,-10.217,23.3119,0.000820651,-0.629973,0.450342,0.000184019,0.000283272,0.00556107,3922.81,3,0,0,0,-0.0248017,0.0245992,-0.0117658,0.0117674,4604.53,-25.6063,1.30434,-0.000347714,0.0242282,-74.29,4639.87,-25.8029,1.31435,-0.000399324,-0.0237728,-74.2994,4735.65,-26.3355,1.34148,-0.00171031,0.0118454,-74.2421,4757.38,-26.4564,1.34763,-0.00169878,-0.0117995,-74.2475
13.299,491.844,-10.2223,23.3083,0.000672107,-0.323691,0.195581,4.4445e-05,0.000282855,0.00556134,3922.04,3,0,0,0,-0.0249107,0.0247415,-0.0117678,0.0117694,4604.91,-25.6097,1.30252,-0.000171826,0.0258619,-74.2788,4639.37,-25.8013,1.31227,-0.000149641,-0.0255164,-74.2878,4736.01,-26.3388,1.3396,-0.00182396,0.0119647,-74.2293,4757.76,-26.4598,1.34576,-0.00181912,-0.0119146,-74.2347
13.309,492.077,-10.2277,23.3043,0.000560375,-0.31787,-0.0480699,-1.03524e-05,0.000282606,0.00556175,3921.43,3,0,0,0,-0.0250117,0.0248918,-0.0117649,0.0117671,4600.53,-25.5873,1.30014,2.90971e-05,0.0254033,-74.2709,4634.88,-25.7783,1.30984,3.70542e-05,-0.0252341,-74.2801,4735.98,-26.3407,1.33842,-0.00174127,0.0118454,-74.2162,4757.59,-26.4608,1.34452,-0.00173771,-0.0117957,-74.2215
13.319,492.31,-10.233,23.3015,0.000544411,-1.52279,0.0349523,3.48503e-07,0.000282253,0.00556045,3920.75,3,0,0,0,-0.0248244,0.0246747,-0.0117668,0.0117685,4607,-25.6173,1.30034,0.000865717,0.0247054,-74.2559,4642.37,-25.8139,1.31032,0.000710319,-0.024421,-74.2645,4735.98,-26.3345,1.33675,-0.00184827,0.0120062,-74.2033,4757.49,-26.4541,1.34282,-0.00184215,-0.011953,-74.2085
13.329,492.543,-10.2384,23.296,0.000602526,-0.498094,0.0475588,1.7839e-05,0.000282041,0.00556161,3920.1,3,0,0,0,-0.0250437,0.0248661,-0.0117661,0.0117677,4600.29,-25.5853,1.29747,-0.000208617,0.0250445,-74.2437,4636.44,-25.7863,1.30766,-0.000213786,-0.0247625,-74.2528,4735.79,-26.3389,1.33568,-0.001743,0.0118488,-74.1909,4757.23,-26.4581,1.34173,-0.00173486,-0.0118022,-74.1962
13.339,492.776,-10.2437,23.2924,0.000757285,-0.664492,0.130804,0.000129946,0.000282145,0.00556125,3919.4,3,0,0,0,-0.0249116,0.024731,-0.0117632,0.0117646,4604.41,-25.6065,1.29911,1.05914e-05,0.0251065,-74.2289,4639.69,-25.8027,1.30906,1.31485e-05,-0.024882,-74.2382,4736,-26.3383,1.33624,-0.00174428,0.0119798,-74.1782,4757.42,-26.4574,1.34228,-0.00173832,-0.0119318,-74.1835
13.349,493.009,-10.2491,23.2889,0.00075349,-0.974728,0.500371,8.81311e-05,0.000282072,0.0055611,3918.69,3,0,0,0,-0.0249892,0.0248743,-0.0117673,0.0117688,4605.05,-25.6094,1.29896,0.000452827,0.0253031,-74.2183,4639.23,-25.7995,1.3086,0.000395448,-0.0248679,-74.2276,4736.11,-26.3382,1.33593,-0.00181679,0.0119588,-74.1652,4757.55,-26.4575,1.34197,-0.00178174,-0.0119056,-74.1704
13.359,493.242,-10.2544,23.284,0.000659613,-1.07354,0.0588726,6.18281e-05,0.000282022,0.00556105,3918.08,3,0,0,0,-0.0248685,0.0247566,-0.0117645,0.0117663,4604.67,-25.6071,1.29862,-2.19976e-05,0.024438,-74.204,4639.74,-25.8021,1.30851,-4.40003e-05,-0.02424,-74.2131,4735.95,-26.3372,1.33565,-0.00171798,0.0119263,-74.1526,4757.51,-26.4571,1.34172,-0.00170935,-0.0118756,-74.1578
13.369,493.474,-10.2598,23.2804,0.000347161,-0.841005,-0.295684,-0.000144001,0.000281741,0.00556109,3917.4,3,0,0,0,-0.0248901,0.0247107,-0.0117642,0.0117666,4604.57,-25.6067,1.29729,8.91268e-05,0.0249394,-74.1914,4640.89,-25.8087,1.30753,0.00013797,-0.0247029,-74.2005,4735.74,-26.3362,1.33425,-0.00178508,0.0118659,-74.1398,4757.39,-26.4565,1.34035,-0.00178374,-0.011819,-74.1451
13.379,493.707,-10.2651,23.2765,0.000589512,-0.102631,0.00728518,1.8433e-05,0.000282378,0.00556171,3916.72,3,0,0,0,-0.0250579,0.0248761,-0.0117666,0.0117685,4600.46,-25.5867,1.29907,-5.82989e-05,0.0252243,-74.1812,4635.87,-25.7836,1.30907,-5.2023e-05,-0.024945,-74.1909,4735.71,-26.3389,1.33726,-0.0017497,0.0118615,-74.1268,4757.41,-26.4596,1.34339,-0.00174427,-0.0118132,-74.1321
13.389,493.94,-10.2704,23.2727,0.000870222,-0.753585,0.189629,0.00020613,0.000282405,0.00556091,3916.05,3,0,0,0,-0.0248688,0.0247114,-0.0117626,0.0117641,4605.43,-25.6106,1.3006,0.000187808,0.025047,-74.1657,4640.5,-25.8056,1.3105,0.000218236,-0.0248731,-74.175,4735.66,-26.3348,1.33738,-0.00176662,0.0118746,-74.1142,4757.47,-26.4561,1.34353,-0.00176413,-0.0118257,-74.1195
13.399,494.172,-10.2758,23.2681,0.000680319,-0.61564,0.0854977,7.59886e-05,0.000282266,0.00556112,3915.38,3,0,0,0,-0.0250223,0.0248997,-0.0117664,0.0117682,4603.48,-25.6008,1.29941,-7.32668e-05,0.0252673,-74.1533,4638.23,-25.794,1.30922,-0.000118706,-0.0250691,-74.1626,4735.64,-26.3357,1.33671,-0.00176731,0.0118597,-74.1015,4757.47,-26.4571,1.34287,-0.00176159,-0.0118118,-74.1068
13.409,494.405,-10.2811,23.2642,0.00058509,-0.536176,-0.0343162,1.86256e-06,0.000282203,0.0055607,3914.71,3,0,0,0,-0.0248225,0.0246749,-0.0117649,0.0117662,4604.03,-25.6019,1.29927,-4.47279e-05,0.0250794,-74.1404,4639.39,-25.7985,1.30925,-4.22111e-05,-0.0248732,-74.1495,4735.65,-26.3338,1.33642,-0.00174521,0.0118721,-74.0883,4757.43,-26.4549,1.34256,-0.00173835,-0.0118209,-74.0937
13.419,494.638,-10.2865,23.2599,0.000593635,-1.27967,-0.00502403,1.83412e-05,0.000282411,0.00556048,3914.05,3,0,0,0,-0.0249533,0.0247694,-0.011766,0.0117679,4602.18,-25.5906,1.2997,-1.62929e-06,0.0240877,-74.1273,4638.01,-25.7898,1.30982,-3.18539e-06,-0.0238068,-74.1367,4735.73,-26.3332,1.33742,-0.00174482,0.0118775,-74.0761,4757.47,-26.4541,1.34356,-0.00174134,-0.0118295,-74.0814
13.429,494.87,-10.2918,23.2564,0.000479603,-0.129413,-0.160523,-5.87023e-05,0.000282614,0.0055609,3913.37,3,0,0,0,-0.025014,0.0248379,-0.0117658,0.0117679,4601,-25.586,1.30031,-0.000135906,0.0250999,-74.1164,4636.49,-25.7833,1.31034,-0.000131306,-0.0248787,-74.1259,4735.67,-26.3349,1.33837,-0.00173899,0.0118549,-74.0631,4757.42,-26.4558,1.34452,-0.00173721,-0.0118072,-74.0684
13.439,495.103,-10.2971,23.2522,0.000649354,-0.813124,-0.024037,7.95447e-05,0.000282551,0.00556016,3912.7,3,0,0,0,-0.0249095,0.0247847,-0.0117648,0.0117667,4603.56,-25.5968,1.30074,-6.78045e-05,0.0246973,-74.1013,4638.84,-25.793,1.31071,-1.47081e-06,-0.0245509,-74.1109,4735.65,-26.3312,1.33806,-0.00175758,0.0118619,-74.0505,4757.44,-26.4524,1.34422,-0.00175499,-0.0118156,-74.0558
13.449,495.335,-10.3025,23.2482,0.000672518,-0.398248,-0.109292,7.97514e-05,0.000282668,0.00555996,3912,3,0,0,0,-0.0248898,0.0247474,-0.0117674,0.0117691,4603.79,-25.5971,1.30134,-9.31938e-05,0.0251803,-74.0884,4639.93,-25.7981,1.31156,-5.29805e-05,-0.0250853,-74.0978,4735.68,-26.3305,1.33863,-0.00175561,0.0118658,-74.0378,4757.43,-26.4514,1.34477,-0.00176097,-0.0118195,-74.0431
13.459,495.567,-10.3078,23.2437,0.00052033,-0.525117,-0.178848,-4.53e-05,0.000282894,0.00556032,3911.34,3,0,0,0,-0.0249898,0.0248027,-0.0117656,0.0117672,4601.07,-25.5837,1.30162,-0.000304866,0.0250652,-74.0758,4637.55,-25.7865,1.31193,-0.00034832,-0.0248824,-74.0848,4735.58,-26.3316,1.33967,-0.00172437,0.0118508,-74.0251,4757.34,-26.4526,1.34582,-0.00172245,-0.0118013,-74.0305
13.469,495.8,-10.3131,23.2403,0.000440887,-0.347573,-0.335229,-8.93044e-05,0.00028307,0.00555988,3910.67,3,0,0,0,-0.0249275,0.0247553,-0.0117666,0.0117685,4602.7,-25.5907,1.30288,-0.000100732,0.0248374,-74.0632,4638.27,-25.7885,1.31295,-0.000124537,-0.0247238,-74.0725,4735.49,-26.329,1.34047,-0.00174681,0.0118514,-74.0123,4757.34,-26.4505,1.34666,-0.00175125,-0.0118007,-74.0176
13.479,496.032,-10.3185,23.2363,0.000511593,-0.399896,0.0636547,-4.45641e-05,0.000283125,0.00555976,3909.98,3,0,0,0,-0.0249252,0.0248107,-0.0117678,0.0117698,4604.02,-25.5975,1.30351,-5.20936e-05,0.0256494,-74.0499,4637.98,-25.7863,1.31313,-0.000103229,-0.0253488,-74.0594,4735.31,-26.3275,1.34069,-0.00177119,0.0118159,-73.9995,4757.18,-26.4491,1.34688,-0.00176043,-0.0117607,-74.0048
13.489,496.264,-10.3238,23.2323,0.000638743,-0.641455,-0.0101608,4.37806e-05,0.000282957,0.00555961,3909.24,3,0,0,0,-0.024914,0.0247841,-0.0117657,0.0117674,4603.98,-25.5966,1.30273,8.08574e-05,0.0250739,-74.0392,4639.57,-25.7945,1.3128,7.64698e-05,-0.0249013,-74.0483,4735.74,-26.3291,1.34001,-0.00174745,0.0118944,-73.9859,4757.57,-26.4505,1.34619,-0.00174669,-0.0118415,-73.9913
13.499,496.497,-10.3291,23.2283,0.000403167,-0.975908,-0.21381,-0.000114087,0.000282902,0.00555954,3908.64,3,0,0,0,-0.0249073,0.0247313,-0.0117642,0.0117669,4604.23,-25.5976,1.30255,7.94775e-05,0.0250368,-74.0249,4639.96,-25.7963,1.31265,0.000130179,-0.0247759,-74.0342,4735.48,-26.3274,1.33968,-0.00175193,0.0118155,-73.9744,4757.24,-26.4483,1.34583,-0.0017481,-0.0117667,-73.9797
13.509,496.729,-10.3345,23.2236,0.00038785,-0.425955,-0.312519,-0.000128148,0.000283047,0.00555964,3907.97,3,0,0,0,-0.0249735,0.0247808,-0.0117669,0.0117689,4601.5,-25.583,1.30244,-0.000386149,0.0246586,-74.0109,4637.45,-25.7829,1.31262,-0.000485916,-0.0244762,-74.0197,4735.79,-26.3296,1.34045,-0.00169673,0.0118567,-73.9613,4757.53,-26.4505,1.3466,-0.00169374,-0.0118064,-73.9667
13.519,496.961,-10.3398,23.2211,0.000560178,0.439861,-0.00141058,-1.57061e-05,0.000283354,0.00555915,3907.3,3,0,0,0,-0.0249071,0.0247945,-0.011769,0.0117701,4604.24,-25.5959,1.30463,-6.32902e-05,0.0251592,-74,4638.66,-25.7873,1.31438,-8.81738e-05,-0.0249609,-74.0095,4735.73,-26.3269,1.34189,-0.0017527,0.0118593,-73.9482,4757.49,-26.4478,1.34805,-0.00174614,-0.0118095,-73.9534
13.529,497.193,-10.3451,23.2156,0.000645199,-0.699726,-0.0468469,6.78391e-05,0.000282971,0.00555935,3906.63,3,0,0,0,-0.0249564,0.0248303,-0.0117636,0.0117653,4602.74,-25.5885,1.30244,-0.000321316,0.0249834,-73.9862,4638.28,-25.7861,1.3125,-0.000259888,-0.0248383,-73.9956,4735.52,-26.3267,1.34001,-0.00171263,0.0118233,-73.9359,4757.4,-26.4483,1.3462,-0.00171173,-0.0117759,-73.9412
13.539,497.425,-10.3505,23.2125,0.000656051,-0.716726,0.0311543,4.87581e-05,0.000282971,0.0055589,3905.95,3,0,0,0,-0.0249144,0.0247511,-0.0117671,0.0117688,4603.5,-25.5907,1.30266,0.000179199,0.0252051,-73.9751,4639.61,-25.7914,1.31288,0.000178,-0.0249558,-73.9841,4735.68,-26.3255,1.34006,-0.00177638,0.0118608,-73.9229,4757.4,-26.4462,1.34621,-0.00177412,-0.0118106,-73.9282
13.549,497.657,-10.3558,23.2079,0.000582817,-0.58686,-0.0213489,1.8493e-05,0.000283199,0.00555901,3905.27,3,0,0,0,-0.0249585,0.0247531,-0.0117648,0.0117667,4602.95,-25.5881,1.30355,-0.000174889,0.0250936,-73.9613,4638.74,-25.7871,1.31369,-0.000183959,-0.0248214,-73.9708,4735.63,-26.3257,1.34113,-0.00174097,0.0118582,-73.9102,4757.35,-26.4464,1.34728,-0.00173616,-0.0118103,-73.9155
13.559,497.889,-10.3611,23.2049,0.000633756,0.117936,0.0900204,1.41386e-05,0.000283161,0.00555862,3904.62,3,0,0,0,-0.0249475,0.024804,-0.0117656,0.0117673,4603.16,-25.5874,1.30343,-5.90662e-06,0.0252119,-73.95,4638.22,-25.7823,1.31336,5.24151e-06,-0.0249504,-73.9593,4735.53,-26.3233,1.34092,-0.00176397,0.0118609,-73.8976,4757.28,-26.4442,1.34707,-0.00175616,-0.0118129,-73.9029
13.569,498.121,-10.3664,23.2009,0.000598347,0.34555,-0.0472091,7.24061e-06,0.000282809,0.00555864,3903.93,3,0,0,0,-0.0249609,0.0248424,-0.0117656,0.0117673,4602.4,-25.5833,1.3016,-0.000124477,0.0250643,-73.9375,4637.38,-25.7778,1.3115,-0.000131767,-0.0249435,-73.9464,4735.62,-26.3239,1.33928,-0.00174015,0.0118568,-73.8846,4757.33,-26.4446,1.34542,-0.00173671,-0.0118069,-73.8899
13.579,498.353,-10.3717,23.1951,0.000504489,-0.865707,-0.126662,-5.30984e-05,0.000282683,0.00555837,3903.35,3,0,0,0,-0.0249176,0.0247558,-0.0117645,0.0117663,4604.09,-25.5915,1.3015,-0.000476479,0.0249756,-73.9206,4639.66,-25.7892,1.31155,-0.000431792,-0.0247708,-73.9299,4735.66,-26.3228,1.33869,-0.00171091,0.0118585,-73.8725,4757.34,-26.4433,1.34482,-0.00170857,-0.0118132,-73.8778
13.589,498.585,-10.3771,23.1932,0.000675613,0.652701,0.0984619,6.767e-05,0.000282497,0.00555813,3902.57,3,0,0,0,-0.0249865,0.0248038,-0.0117691,0.0117707,4602.49,-25.5815,1.30019,-0.000116193,0.0251534,-73.9116,4638.38,-25.781,1.31033,-0.000136669,-0.0248687,-73.9206,4735.61,-26.3214,1.33779,-0.00174478,0.011859,-73.8591,4757.22,-26.4415,1.3439,-0.00173922,-0.0118109,-73.8644
13.599,498.817,-10.3824,23.1881,0.000192359,-0.7304,-0.633938,-0.000275552,0.000282434,0.00555794,3901.9,3,0,0,0,-0.0249254,0.024788,-0.0117688,0.0117716,4603.65,-25.5871,1.30023,-2.75672e-05,0.0246825,-73.8973,4638.72,-25.782,1.31013,-4.23535e-05,-0.0246363,-73.9067,4735.7,-26.321,1.33752,-0.00173422,0.0118573,-73.8466,4757.27,-26.4409,1.34361,-0.0017376,-0.0118062,-73.8518
13.609,499.049,-10.3877,23.1844,0.000568921,0.265362,0.0724575,8.13516e-06,0.000282487,0.00555789,3901.22,3,0,0,0,-0.0249439,0.0248368,-0.0117674,0.0117691,4603.55,-25.5863,1.30044,-0.000312457,0.0256634,-73.8844,4638,-25.7777,1.31017,-0.00028172,-0.0254311,-73.8939,4735.75,-26.321,1.33779,-0.00174489,0.011851,-73.8338,4757.34,-26.4411,1.34389,-0.00173901,-0.011803,-73.839
13.619,499.28,-10.393,23.1807,0.000319132,-0.719099,-0.313408,-0.000147493,0.000282232,0.00555747,3900.57,3,0,0,0,-0.0248023,0.0246546,-0.0117634,0.0117657,4603.59,-25.5846,1.29928,0.000307641,0.0250125,-73.8732,4639.52,-25.7843,1.30942,0.000306235,-0.024798,-73.8821,4735.2,-26.316,1.33642,-0.00181388,0.0117966,-73.8214,4756.85,-26.4364,1.34254,-0.00180996,-0.0117553,-73.8267
13.629,499.512,-10.3983,23.1766,0.000644816,0.107765,0.00468713,6.69741e-05,0.000282568,0.00555762,3899.78,3,0,0,0,-0.0249639,0.0247861,-0.0117672,0.0117689,4601.58,-25.5741,1.30026,-0.000198589,0.0249102,-73.8592,4637.91,-25.776,1.31053,-0.000164691,-0.0246687,-73.8685,4735.79,-26.32,1.33818,-0.00176682,0.0119091,-73.8084,4757.45,-26.4403,1.3443,-0.00176657,-0.0118624,-73.8137
13.639,499.744,-10.4037,23.1723,0.000526215,0.0899609,-0.153035,-2.10165e-05,0.000282744,0.0055576,3899.22,3,0,0,0,-0.0249914,0.0248245,-0.0117681,0.0117696,4600.82,-25.5698,1.30086,-0.000227291,0.0250771,-73.8469,4636.51,-25.7681,1.31095,-0.000277075,-0.0249106,-73.8561,4735.64,-26.3191,1.33897,-0.00171591,0.0118556,-73.7956,4757.35,-26.4397,1.34511,-0.00171635,-0.0118061,-73.8009
13.649,499.975,-10.409,23.1681,0.000445779,-0.45635,-0.386198,-8.19071e-05,0.00028288,0.00555726,3898.56,3,0,0,0,-0.0249146,0.0247994,-0.0117658,0.0117677,4602.34,-25.5767,1.30191,-0.000214332,0.0245437,-73.8337,4637.99,-25.7748,1.31199,-0.000176296,-0.0245402,-73.8431,4735.63,-26.3174,1.33961,-0.00172308,0.0118619,-73.7829,4757.43,-26.4386,1.34578,-0.00172842,-0.0118133,-73.7881
13.659,500.207,-10.4143,23.1644,0.000666914,-0.171553,0.0473095,7.5411e-05,0.000283033,0.00555727,3897.88,3,0,0,0,-0.0248809,0.0247712,-0.0117665,0.0117682,4602.74,-25.5789,1.30273,-0.0001019,0.0249462,-73.8221,4638.16,-25.7758,1.31276,-0.000102005,-0.0247753,-73.8313,4735.37,-26.316,1.34027,-0.00175242,0.0118142,-73.77,4757.23,-26.4375,1.34645,-0.00174708,-0.0117665,-73.7752
13.669,500.439,-10.4196,23.1605,0.000597495,-0.582904,-0.0613844,1.38556e-05,0.000283083,0.00555708,3897.22,3,0,0,0,-0.0249472,0.0247719,-0.0117673,0.0117692,4603.49,-25.5822,1.30317,-6.11676e-06,0.0249782,-73.808,4640,-25.7851,1.3135,3.59335e-05,-0.0247317,-73.817,4735.75,-26.3172,1.34061,-0.00181484,0.0119356,-73.7573,4757.6,-26.4386,1.3468,-0.00181586,-0.0118884,-73.7626
13.679,500.67,-10.4249,23.1566,0.000596673,-0.11381,-0.00457113,2.08718e-05,0.000283512,0.00555732,3896.52,3,0,0,0,-0.0249919,0.0248223,-0.0117678,0.0117695,4602.37,-25.5771,1.30483,-4.00508e-05,0.0252102,-73.7971,4637.81,-25.7741,1.31487,-5.23006e-05,-0.0249549,-73.8066,4735.59,-26.3175,1.3426,-0.0017493,0.0118584,-73.7446,4757.4,-26.4387,1.34878,-0.00174447,-0.0118097,-73.7499
13.689,500.902,-10.4302,23.1522,0.000729034,-0.499207,0.202248,0.000100316,0.000283595,0.00555709,3895.86,3,0,0,0,-0.0248752,0.0247614,-0.0117653,0.0117671,4604.84,-25.5898,1.30591,-4.43483e-05,0.0248206,-73.782,4639.09,-25.7801,1.31562,-0.000110937,-0.0245699,-73.7913,4735.65,-26.3167,1.34301,-0.00179389,0.0118594,-73.7319,4757.52,-26.4382,1.34921,-0.00177594,-0.0118074,-73.7372
13.699,501.133,-10.4355,23.1472,0.000692368,1.23742,-0.0153826,6.15267e-05,0.000283441,0.00555785,3895.17,3,0,0,0,-0.025128,0.0249807,-0.0117685,0.0117704,4599.1,-25.5613,1.30357,-0.00155044,0.0248487,-73.7635,4634.64,-25.7589,1.31365,-0.00136045,-0.0247356,-73.7737,4735.48,-26.3194,1.34223,-0.00161451,0.0118247,-73.7199,4757.43,-26.4413,1.34845,-0.00161833,-0.0117806,-73.7252
13.709,501.364,-10.4409,23.1445,0.000533308,-0.778169,0.0874879,-4.16787e-05,0.000283085,0.00555696,3894.5,3,0,0,0,-0.0248348,0.0246699,-0.0117647,0.0117672,4604.92,-25.5896,1.30358,0.000269057,0.0251349,-73.7581,4640.61,-25.7879,1.31369,0.000241141,-0.0247352,-73.7668,4735.59,-26.3158,1.34058,-0.0018045,0.0118524,-73.7061,4757.41,-26.437,1.34675,-0.00179282,-0.0118069,-73.7115
13.719,501.596,-10.4462,23.1401,0.000556381,-0.184671,0.0198206,-3.1993e-06,0.000283355,0.00555729,3893.84,3,0,0,0,-0.0249964,0.0248149,-0.0117665,0.0117683,4602.76,-25.5791,1.30421,-0.000313268,0.0251011,-73.7443,4638.42,-25.7773,1.31432,-0.000294726,-0.0248016,-73.7538,4735.13,-26.3148,1.34172,-0.00176917,0.0117986,-73.6938,4756.88,-26.4357,1.34789,-0.00176321,-0.0117504,-73.6991
13.729,501.827,-10.4515,23.1368,0.000522318,0.147944,0.0464146,-3.38534e-05,0.000283234,0.00555722,3893.15,3,0,0,0,-0.0249961,0.0248511,-0.0117688,0.0117704,4603.19,-25.5812,1.30378,-3.01365e-05,0.0254729,-73.7333,4638.03,-25.7748,1.31365,-4.26663e-05,-0.0251742,-73.7426,4735.66,-26.3174,1.3413,-0.00176412,0.0118586,-73.6809,4757.37,-26.4381,1.34745,-0.00175238,-0.0118106,-73.6861
13.739,502.058,-10.4568,23.1316,0.000622889,-0.795358,-0.0762644,2.70993e-05,0.000283253,0.00555752,3892.47,3,0,0,0,-0.024852,0.0247815,-0.0117573,0.0117595,4603.93,-25.5867,1.30408,-0.000348859,0.0246954,-73.7183,4638.93,-25.7812,1.31399,-0.000285722,-0.0246021,-73.7278,4735.81,-26.3196,1.34143,-0.00170477,0.0118699,-73.6685,4757.53,-26.4403,1.34758,-0.00170476,-0.0118199,-73.6738
13.749,502.29,-10.4621,23.128,0.000662049,-0.220404,-0.0242909,6.07147e-05,0.000283175,0.00555742,3891.83,3,0,0,0,-0.0249975,0.0248498,-0.0117667,0.0117683,4601.84,-25.5746,1.30313,-0.00035127,0.0250156,-73.7069,4637.76,-25.7742,1.3133,-0.000387707,-0.0248594,-73.7158,4735.66,-26.3183,1.34102,-0.00172146,0.0118573,-73.6557,4757.39,-26.4391,1.34717,-0.00171632,-0.0118072,-73.661
13.759,502.521,-10.4674,23.1246,0.000590602,0.131189,0.0111407,1.21653e-05,0.00028315,0.00555704,3891.18,3,0,0,0,-0.0249257,0.0247366,-0.0117667,0.0117685,4602.72,-25.5778,1.30326,-0.000128633,0.0252269,-73.6938,4638.85,-25.7786,1.31349,-0.000200409,-0.0249474,-73.7028,4735.61,-26.3163,1.34089,-0.00174508,0.011853,-73.643,4757.28,-26.4367,1.34702,-0.00173746,-0.0118031,-73.6483
13.769,502.752,-10.4727,23.1199,0.000595538,-0.38156,0.0259825,3.31364e-05,0.000283452,0.00555724,3890.47,3,0,0,0,-0.0249625,0.024788,-0.0117627,0.011765,4602.84,-25.5794,1.30468,-0.000272854,0.0252686,-73.6807,4638.4,-25.777,1.31476,-0.000283091,-0.0249942,-73.6901,4735.49,-26.3166,1.34228,-0.00172862,0.0118228,-73.6302,4757.24,-26.4374,1.34845,-0.00172616,-0.0117755,-73.6355
13.779,502.983,-10.478,23.1157,0.000710295,-0.622542,-0.0264524,0.000135323,0.000283,0.00555718,3889.8,3,0,0,0,-0.025007,0.02488,-0.0117639,0.0117658,4602.02,-25.5745,1.30237,-0.000433425,0.0249355,-73.6667,4637.27,-25.7704,1.31234,-0.000316669,-0.0248462,-73.6766,4735.52,-26.3164,1.34015,-0.00170994,0.0118537,-73.6176,4757.31,-26.4375,1.34632,-0.00171919,-0.0118101,-73.6229
13.789,503.214,-10.4833,23.1121,0.000417346,-0.643631,-0.220106,-0.000125832,0.000282794,0.00555685,3889.13,3,0,0,0,-0.0248224,0.0247118,-0.0117621,0.0117641,4603.87,-25.5833,1.30195,-2.01543e-05,0.025154,-73.6563,4639.5,-25.7813,1.31202,-5.41556e-05,-0.0249817,-73.6652,4735.65,-26.3156,1.33921,-0.00175877,0.0118571,-73.6046,4757.34,-26.4361,1.34535,-0.00175224,-0.011807,-73.6099
13.799,503.445,-10.4886,23.1086,0.00059075,-0.0380686,-0.0364542,3.97809e-05,0.000283072,0.00555676,3888.26,3,0,0,0,-0.0249956,0.0248239,-0.0117671,0.011769,4601.98,-25.5724,1.30269,-0.000223809,0.0249734,-73.6432,4637.9,-25.772,1.31286,-0.000217042,-0.0247481,-73.6527,4735.69,-26.3154,1.34054,-0.00174884,0.0118573,-73.592,4757.38,-26.4359,1.34668,-0.00174523,-0.0118088,-73.5972
13.809,503.676,-10.4939,23.1043,0.00034931,0.299049,-0.379285,-0.000130657,0.000283002,0.0055567,3887.8,3,0,0,0,-0.0249774,0.0247874,-0.0117665,0.0117684,4601.15,-25.5674,1.30213,-0.000366716,0.024848,-73.6299,4637.14,-25.7674,1.31232,-0.000419602,-0.0247019,-73.639,4735.73,-26.3153,1.34022,-0.00176153,0.0118571,-73.5792,4757.43,-26.4359,1.34636,-0.00176549,-0.0118085,-73.5845
13.819,503.907,-10.4992,23.1001,0.00069138,-0.617554,-0.0175293,9.41045e-05,0.00028331,0.00555677,3887.1,3,0,0,0,-0.0249001,0.0248045,-0.0117605,0.0117624,4603.71,-25.582,1.30428,-0.000171436,0.0248835,-73.6176,4638.64,-25.7761,1.31417,-0.000131298,-0.0247969,-73.6271,4735.74,-26.3157,1.34168,-0.00172611,0.0119097,-73.5666,4757.49,-26.4365,1.34785,-0.00172722,-0.0118614,-73.5718
13.829,504.138,-10.5045,23.0973,0.000601447,0.29773,-0.0961527,5.33965e-05,0.000283271,0.00555632,3886.35,3,0,0,0,-0.0248508,0.0247408,-0.0117666,0.0117685,4604.65,-25.5852,1.30437,-2.29153e-05,0.0252011,-73.6051,4640.1,-25.7821,1.31441,-3.80863e-05,-0.0251349,-73.6143,4735.8,-26.3139,1.34152,-0.00175596,0.0119694,-73.5535,4757.61,-26.4351,1.34769,-0.0017613,-0.0119169,-73.5588
13.839,504.369,-10.5098,23.0923,0.00048569,-0.224705,-0.421923,-5.91373e-05,0.000283168,0.00555638,3885.77,3,0,0,0,-0.0249588,0.0247756,-0.0117665,0.011769,4602.21,-25.5719,1.3032,-0.000156439,0.0251756,-73.5917,4639.07,-25.7767,1.31364,-0.000152949,-0.0251468,-73.6004,4735.57,-26.3129,1.34096,-0.00174021,0.011856,-73.5412,4757.42,-26.4343,1.34715,-0.00175062,-0.0118097,-73.5465
13.849,504.6,-10.5151,23.0883,0.00047038,-0.129683,-0.201132,-5.66929e-05,0.000283696,0.00555663,3885.1,3,0,0,0,-0.0249715,0.0247746,-0.0117652,0.0117672,4599.68,-25.559,1.30491,-0.0002017,0.0247188,-73.5801,4635.9,-25.7603,1.31519,-0.000249038,-0.0245104,-73.5895,4735.12,-26.3116,1.34333,-0.00174802,0.0117756,-73.528,4757,-26.4332,1.34954,-0.00174847,-0.0117267,-73.5333
13.859,504.831,-10.5204,23.0841,0.000648034,-0.866721,0.131717,7.62372e-05,0.000283636,0.00555642,3884.37,3,0,0,0,-0.0249551,0.0248177,-0.0117639,0.0117653,4603.85,-25.5812,1.30582,-0.000118374,0.025265,-73.5652,4639.04,-25.7768,1.3158,-8.58342e-05,-0.0250099,-73.5746,4735.76,-26.3142,1.34323,-0.00172779,0.0119544,-73.5159,4757.76,-26.4364,1.34947,-0.00171906,-0.0119089,-73.5212
13.869,505.061,-10.5257,23.0808,0.000614625,-0.45317,-0.00400378,2.93612e-05,0.000283542,0.0055565,3883.75,3,0,0,0,-0.0249995,0.0248791,-0.0117661,0.0117679,4602.06,-25.5716,1.30488,0.00024486,0.0252332,-73.5567,4637.44,-25.7682,1.31491,0.000168506,-0.02506,-73.5657,4735.57,-26.3135,1.34273,-0.00178513,0.0118601,-73.5027,4757.44,-26.4349,1.34893,-0.00177871,-0.0118112,-73.5081
13.879,505.292,-10.531,23.0766,0.00110343,-1.90548,0.476651,0.000440625,0.000283693,0.00555555,3883.05,3,0,0,0,-0.0248895,0.0247221,-0.0117673,0.0117691,4606.09,-25.5896,1.30671,0.000544448,0.0248197,-73.5389,4641.6,-25.7869,1.31679,0.000708148,-0.0244532,-73.5483,4735.7,-26.3097,1.34349,-0.00188135,0.0118222,-73.4903,4757.63,-26.4315,1.3497,-0.00188831,-0.0117968,-73.4957
13.889,505.523,-10.5363,23.0722,0.000578287,-0.492842,-0.0243508,1.1677e-05,0.000283734,0.00555683,3882.4,3,0,0,0,-0.0250714,0.0248814,-0.0117659,0.0117678,4600.97,-25.5671,1.30545,-7.59107e-05,0.0252683,-73.531,4637,-25.7673,1.31567,-0.000102717,-0.0250072,-73.5402,4735.55,-26.3149,1.34363,-0.00175356,0.0118628,-73.4774,4757.36,-26.4362,1.34982,-0.00174782,-0.0118142,-73.4827
13.899,505.754,-10.5416,23.0687,0.000743379,-0.594651,0.11253,0.000107962,0.000283984,0.00555613,3881.75,3,0,0,0,-0.0248852,0.0247454,-0.0117675,0.0117683,4606.05,-25.592,1.30804,3.85322e-05,0.0250718,-73.5151,4641.26,-25.7877,1.31804,5.01937e-05,-0.0248593,-73.5245,4735.47,-26.3112,1.3448,-0.00176612,0.0118481,-73.4648,4757.32,-26.4325,1.351,-0.00176201,-0.0118001,-73.4701
13.909,505.984,-10.5468,23.0645,0.000635203,-0.524157,-0.0162745,4.90512e-05,0.000283815,0.00555657,3881.04,3,0,0,0,-0.0249712,0.0248665,-0.0117656,0.0117675,4603.87,-25.5819,1.30665,4.42732e-05,0.0251875,-73.5053,4638.97,-25.777,1.31661,9.67431e-06,-0.0250512,-73.5144,4735.6,-26.3139,1.34404,-0.00175355,0.0118622,-73.4519,4757.41,-26.4352,1.35023,-0.0017511,-0.0118125,-73.4572
13.919,506.215,-10.5521,23.0599,0.000610576,-0.753133,0.026275,2.98974e-05,0.000283756,0.00555642,3880.41,3,0,0,0,-0.0248261,0.0246909,-0.0117613,0.0117629,4605.26,-25.589,1.30677,-0.000272461,0.0253226,-73.4886,4640.66,-25.7857,1.31682,-0.000257295,-0.0251121,-73.4979,4735.6,-26.3133,1.34376,-0.00173212,0.0118601,-73.4396,4757.39,-26.4344,1.34994,-0.00171772,-0.011809,-73.4449
13.929,506.445,-10.5574,23.0567,0.000620153,0.1465,0.045673,4.30924e-05,0.000283849,0.0055567,3879.72,3,0,0,0,-0.0250269,0.0248383,-0.0117675,0.0117692,4601.05,-25.5669,1.306,-0.00023048,0.0250587,-73.4786,4637.29,-25.7683,1.31629,-0.000277725,-0.0247706,-73.4876,4735.55,-26.3143,1.34418,-0.00173478,0.0118563,-73.4266,4757.37,-26.4356,1.35037,-0.00172733,-0.0118076,-73.432
13.939,506.676,-10.5627,23.0541,0.000261341,1.75441,-0.515286,-0.000198217,0.000284004,0.00555606,3879.06,3,0,0,0,-0.0249548,0.024808,-0.0117734,0.0117735,4599.79,-25.557,1.30636,-0.000282426,0.0244401,-73.4651,4636.32,-25.7599,1.31674,-0.000300573,-0.0243632,-73.4745,4735.35,-26.3101,1.34486,-0.00171603,0.0118188,-73.4137,4757.21,-26.4316,1.35107,-0.00172143,-0.011771,-73.419
13.949,506.906,-10.568,23.0481,0.000409168,-0.743854,-0.394442,-0.000105949,0.00028401,0.00555625,3878.54,3,0,0,0,-0.0249486,0.0248429,-0.0117659,0.0117679,4602.19,-25.5712,1.30707,-0.000147503,0.024705,-73.4522,4637.72,-25.7686,1.31716,-0.00017,-0.0246661,-73.4615,4735.3,-26.3108,1.34487,-0.00173356,0.0117776,-73.4013,4757.19,-26.4324,1.35109,-0.00173499,-0.0117367,-73.4066
13.959,507.137,-10.5733,23.0448,0.000911655,0.10966,0.317859,0.000292285,0.000284086,0.00555561,3877.71,3,0,0,0,-0.0249297,0.0247815,-0.0117735,0.0117763,4604.69,-25.5821,1.30813,-0.000173851,0.025513,-73.4384,4640.26,-25.7798,1.31823,-0.000167671,-0.0253314,-73.4478,4735.51,-26.3089,1.34529,-0.00174372,0.0118626,-73.3886,4757.37,-26.4304,1.3515,-0.00173324,-0.0118146,-73.394
13.969,507.367,-10.5786,23.0407,0.000666752,0.0530603,0.0603181,9.28533e-05,0.000283793,0.00555621,3877.1,3,0,0,0,-0.0249567,0.0247576,-0.0117672,0.0117689,4602.19,-25.571,1.30607,-0.000152885,0.0251322,-73.4277,4638.62,-25.7734,1.31641,-0.000177635,-0.0248648,-73.4369,4735.45,-26.3114,1.34389,-0.00171968,0.0118901,-73.3758,4757.36,-26.4332,1.35011,-0.00171628,-0.0118434,-73.3811
13.979,507.597,-10.5838,23.0362,0.000312889,-0.153078,-0.300832,-0.0001639,0.000283824,0.00555609,3876.41,3,0,0,0,-0.0249135,0.0247164,-0.0117658,0.0117678,4602.81,-25.5739,1.30638,-0.000382626,0.0250737,-73.4119,4638.95,-25.7747,1.31664,-0.000465204,-0.0248203,-73.4209,4735.52,-26.3112,1.34405,-0.00170452,0.0118505,-73.3632,4757.37,-26.4327,1.35025,-0.00170137,-0.0118035,-73.3686
13.989,507.828,-10.5891,23.033,0.000732417,-0.826613,0.120554,0.000107555,0.000284049,0.0055561,3875.68,3,0,0,0,-0.0249734,0.0248697,-0.0117638,0.0117653,4603.18,-25.576,1.30753,0.000345045,0.0250532,-73.4039,4637.84,-25.7686,1.31737,0.000310745,-0.0248931,-73.4134,4735.55,-26.3114,1.34512,-0.0017969,0.0118616,-73.3503,4757.36,-26.4326,1.35132,-0.00178922,-0.0118131,-73.3555
13.999,508.058,-10.5944,23.0284,0.000531827,-0.751315,-0.272589,7.14649e-06,0.000283842,0.00555577,3875.03,3,0,0,0,-0.0248518,0.0247132,-0.0117644,0.0117675,4605.99,-25.5901,1.30738,-1.50122e-06,0.0255397,-73.3873,4642.02,-25.7903,1.3176,4.58593e-05,-0.0254796,-73.3968,4735.56,-26.31,1.34415,-0.0017767,0.0118612,-73.3379,4757.43,-26.4315,1.35036,-0.00178829,-0.0118185,-73.3432
14.009,508.288,-10.5997,23.0241,0.000598934,-0.602232,-0.0345376,2.78769e-05,0.000283637,0.00555603,3874.37,3,0,0,0,-0.0249459,0.0247567,-0.011766,0.0117677,4602.2,-25.5703,1.30536,-0.000206115,0.0250077,-73.3756,4638.82,-25.7737,1.31574,-0.000176251,-0.0247444,-73.3845,4735.6,-26.3114,1.34319,-0.00174607,0.0118532,-73.3251,4757.38,-26.4324,1.34937,-0.00174362,-0.0118069,-73.3304
14.019,508.518,-10.605,23.0206,0.000468937,0.436128,-0.133653,-5.3449e-05,0.000283931,0.00555615,3873.69,3,0,0,0,-0.0249797,0.0247902,-0.0117676,0.0117692,4599.52,-25.5559,1.30594,-0.000408877,0.0244658,-73.3625,4635.6,-25.7564,1.31619,-0.000509538,-0.0242198,-73.3716,4735.26,-26.3101,1.34448,-0.00170065,0.0117949,-73.3122,4757,-26.4309,1.35066,-0.00169573,-0.011746,-73.3176
14.029,508.748,-10.6102,23.0163,0.000738301,-0.755854,0.207518,0.000138995,0.000284091,0.00555588,3872.98,3,0,0,0,-0.0249094,0.024786,-0.011762,0.0117634,4604.94,-25.5848,1.30822,-4.42311e-05,0.0254629,-73.3498,4639.39,-25.7761,1.31801,-5.46285e-05,-0.0252214,-73.3593,4735.6,-26.3107,1.34534,-0.00174841,0.0118864,-73.3,4757.43,-26.432,1.35154,-0.00174207,-0.0118384,-73.3052
14.039,508.978,-10.6155,23.0129,0.000667368,-0.46068,0.238551,9.65078e-05,0.000283802,0.00555562,3872.34,3,0,0,0,-0.0249098,0.0247854,-0.0117668,0.0117685,4605.14,-25.5847,1.30695,0.000234859,0.0254045,-73.3371,4640,-25.7784,1.31684,8.5533e-05,-0.0250875,-73.3463,4735.45,-26.3086,1.34393,-0.00183175,0.0118598,-73.287,4757.28,-26.4299,1.35012,-0.00181615,-0.0118123,-73.2923
14.049,509.208,-10.6208,23.0083,0.000569609,-0.518886,-0.0604431,1.17583e-05,0.000283559,0.0055561,3871.67,3,0,0,0,-0.0249585,0.0248017,-0.0117654,0.0117669,4601.94,-25.5691,1.30492,-0.000115669,0.0251681,-73.3265,4638.18,-25.7704,1.3152,-0.000113723,-0.0249649,-73.3356,4735.57,-26.3115,1.34281,-0.00174565,0.0118533,-73.2742,4757.36,-26.4326,1.34899,-0.00174172,-0.0118068,-73.2796
14.059,509.438,-10.6261,23.0045,0.000551153,-2.36132,-0.197569,-2.86212e-05,0.000283624,0.00555542,3870.87,3,0,0,0,-0.0249278,0.0247746,-0.0117659,0.0117677,4607.55,-25.5971,1.30681,0.000665362,0.0262258,-73.3112,4643.79,-25.7985,1.31709,0.000987228,-0.0260776,-73.3204,4735.66,-26.3089,1.34315,-0.00192888,0.0120119,-73.2618,4757.45,-26.4299,1.34933,-0.0019255,-0.011968,-73.2671
14.069,509.668,-10.6313,23.0005,0.000659672,-0.530143,0.148604,7.66345e-05,0.00028383,0.00555612,3870.32,3,0,0,0,-0.0250283,0.0248863,-0.0117664,0.0117684,4602.4,-25.5717,1.3063,-2.22142e-05,0.0253891,-73.3012,4636.95,-25.7637,1.31611,-6.25989e-05,-0.0251205,-73.3105,4735.46,-26.311,1.34407,-0.0017601,0.0118629,-73.2488,4757.33,-26.4325,1.35027,-0.00175183,-0.0118151,-73.2541
14.079,509.898,-10.6366,22.9965,0.000704464,-0.857623,-0.059236,9.30761e-05,0.000283912,0.00555567,3869.69,3,0,0,0,-0.0247981,0.0247147,-0.0117578,0.0117597,4605.61,-25.5875,1.30759,2.29372e-05,0.0247447,-73.2858,4640.64,-25.7821,1.31753,2.28891e-06,-0.0246994,-73.2951,4735.49,-26.3091,1.34446,-0.00175041,0.0118581,-73.2364,4757.37,-26.4306,1.35067,-0.00175269,-0.0118076,-73.2416
14.089,510.128,-10.6419,22.9929,0.000669097,0.0146835,0.0778326,0.000123959,0.000283619,0.00555605,3869.01,3,0,0,0,-0.0250082,0.0248607,-0.0117676,0.0117695,4601.7,-25.5676,1.30513,-0.000165873,0.0249418,-73.2762,4637.37,-25.7658,1.31525,-0.000188276,-0.0247525,-73.2854,4735.49,-26.3109,1.34307,-0.00173488,0.0119015,-73.2234,4757.45,-26.4329,1.3493,-0.001731,-0.01185,-73.2287
14.099,510.358,-10.6472,22.9891,0.00051766,-0.654165,-0.0251905,-1.52801e-05,0.000283456,0.00555583,3868.35,3,0,0,0,-0.0249141,0.0247301,-0.0117633,0.0117658,4603.66,-25.5774,1.30494,0.00018674,0.0249684,-73.2618,4639.57,-25.7769,1.31512,0.000161602,-0.0246551,-73.271,4734.74,-26.3057,1.34209,-0.00166551,0.0118788,-73.2108,4756.49,-26.4265,1.34826,-0.00165444,-0.0118341,-73.2161
14.109,510.588,-10.6524,22.9845,0.000817203,-0.381776,0.114866,0.000188828,0.000283802,0.00555594,3867.64,3,0,0,0,-0.025006,0.0248606,-0.0117667,0.0117672,4602.95,-25.5739,1.30632,-0.000226029,0.0251008,-73.2481,4638.03,-25.7689,1.31628,-0.000232145,-0.0249878,-73.2575,4735.37,-26.3097,1.34391,-0.00172295,0.0118393,-73.1982,4757.13,-26.4306,1.35008,-0.00172271,-0.0117919,-73.2035
14.119,510.818,-10.6577,22.9808,0.000575378,-0.473316,-0.0366607,2.16117e-05,0.000283604,0.00555586,3866.98,3,0,0,0,-0.0249519,0.0248282,-0.0117668,0.0117686,4603.66,-25.5776,1.30562,2.54885e-05,0.0251818,-73.2369,4638.51,-25.7712,1.3155,3.6457e-06,-0.0250178,-73.2462,4735.5,-26.31,1.34301,-0.00175354,0.0118551,-73.1854,4757.23,-26.4308,1.34917,-0.00174884,-0.0118074,-73.1906
14.129,511.047,-10.663,22.9765,0.000871824,-0.486485,0.364698,0.000234377,0.000283659,0.00555546,3866.35,3,0,0,0,-0.0248908,0.0247554,-0.0117706,0.0117728,4604.89,-25.5826,1.30622,-0.000323241,0.0247232,-73.2211,4640.18,-25.7786,1.31623,-0.000272375,-0.024468,-73.2306,4735.65,-26.309,1.34331,-0.00171986,0.0119133,-73.1729,4757.4,-26.4298,1.34948,-0.00171063,-0.011864,-73.1782
14.139,511.277,-10.6682,22.9728,0.000595237,-0.249726,0.107264,2.36085e-05,0.000283414,0.00555614,3865.65,3,0,0,0,-0.0250138,0.0248355,-0.0117668,0.0117686,4601.31,-25.5658,1.30408,-8.0415e-05,0.0251721,-73.2128,4637.72,-25.7681,1.31439,-0.000119213,-0.0248409,-73.2216,4735.62,-26.312,1.34214,-0.00174707,0.0118544,-73.1599,4757.37,-26.4329,1.3483,-0.00173557,-0.0118059,-73.1652
14.149,511.507,-10.6735,22.9683,0.000563221,0.0817789,0.19205,1.59816e-05,0.000283623,0.00555589,3864.98,3,0,0,0,-0.0249606,0.0247813,-0.0117669,0.0117686,4604.37,-25.5816,1.3059,-0.000483781,0.0257515,-73.1948,4640.29,-25.7812,1.31609,-0.000511139,-0.0253674,-73.2038,4735.49,-26.3101,1.34309,-0.00174663,0.011815,-73.1476,4757.23,-26.4309,1.34926,-0.00172938,-0.0117682,-73.1529
14.159,511.736,-10.6788,22.9649,0.000991917,-0.790717,0.554779,0.000298967,0.000283971,0.00555589,3864.31,3,0,0,0,-0.0249728,0.0248562,-0.0117659,0.0117667,4604.19,-25.5806,1.30746,0.000227386,0.0251573,-73.1869,4638.6,-25.7718,1.31722,0.000181599,-0.0248583,-73.1964,4735.53,-26.3103,1.34475,-0.00180698,0.0118595,-73.1346,4757.32,-26.4314,1.35094,-0.00178872,-0.0118098,-73.1398
14.169,511.966,-10.684,22.9605,0.000671918,-0.489511,0.0679614,7.38114e-05,0.000283751,0.00555597,3863.61,3,0,0,0,-0.0247744,0.0247052,-0.0117626,0.0117644,4603.5,-25.5771,1.30625,-0.000314126,0.0243121,-73.172,4638.67,-25.7726,1.31623,-0.000272887,-0.0241713,-73.1811,4735.5,-26.3106,1.34371,-0.0017055,0.0118716,-73.122,4757.4,-26.4322,1.34992,-0.00170076,-0.0118221,-73.1273
14.179,512.195,-10.6893,22.9562,0.000779381,-0.169877,0.169015,0.000156621,0.000283982,0.00555621,3862.94,3,0,0,0,-0.0250214,0.0248584,-0.0117681,0.0117694,4601.11,-25.565,1.30663,-0.000572706,0.0248439,-73.1589,4637.59,-25.7677,1.31699,-0.000600731,-0.0246247,-73.1678,4735.57,-26.3121,1.34482,-0.00170067,0.0118891,-73.1095,4757.48,-26.4338,1.35104,-0.00169496,-0.0118397,-73.1149
14.189,512.425,-10.6945,22.9527,0.000544119,-0.472836,-0.0722349,-3.24061e-06,0.000284002,0.00555587,3862.28,3,0,0,0,-0.0249476,0.0247537,-0.0117662,0.011768,4601.02,-25.5629,1.3067,-2.8447e-05,0.0250986,-73.148,4637.42,-25.7652,1.31704,-0.000104244,-0.0248539,-73.1569,4735.07,-26.3077,1.34477,-0.00172534,0.0118074,-73.0964,4756.98,-26.4294,1.35099,-0.00172148,-0.0117598,-73.1018
14.199,512.654,-10.6998,22.9492,0.000765935,-0.886218,0.303446,0.000132921,0.000284333,0.00555544,3861.64,3,0,0,0,-0.0249252,0.0247957,-0.0117668,0.0117686,4605.53,-25.586,1.3095,0.000232886,0.0251097,-73.1339,4640.15,-25.7783,1.31935,0.000215457,-0.0248151,-73.1433,4735.38,-26.3074,1.34642,-0.00180381,0.0118659,-73.0839,4757.34,-26.4294,1.35267,-0.0017882,-0.0118181,-73.0893
14.209,512.884,-10.7051,22.9452,0.00064155,-1.21187,0.0498981,7.35401e-05,0.000284155,0.00555545,3860.95,3,0,0,0,-0.0250036,0.0248548,-0.011767,0.0117687,4603.73,-25.5761,1.30817,0.00054432,0.0251111,-73.1241,4638.92,-25.7716,1.31817,0.000402744,-0.0248863,-73.1332,4735.4,-26.3076,1.34559,-0.00183703,0.0118657,-73.0712,4757.36,-26.4296,1.35183,-0.00182826,-0.011818,-73.0765
14.219,513.113,-10.7103,22.9403,0.0009046,-1.05253,0.41986,0.000241174,0.000284082,0.00555514,3860.26,3,0,0,0,-0.0248471,0.0246852,-0.0117675,0.0117693,4605.86,-25.5865,1.30844,-9.4077e-05,0.0253231,-73.1075,4641.35,-25.7836,1.31852,-0.000107011,-0.025004,-73.1167,4735.47,-26.3065,1.34526,-0.00175483,0.01186,-73.0587,4757.42,-26.4284,1.3515,-0.0017393,-0.0118153,-73.0641
14.229,513.342,-10.7156,22.9366,0.000519234,-0.510635,-0.185306,-3.47782e-05,0.000283994,0.00555578,3859.62,3,0,0,0,-0.0249983,0.0248213,-0.011767,0.0117689,4601.56,-25.5656,1.30681,-0.000249371,0.0245476,-73.0956,4637.72,-25.7664,1.31708,-0.000238045,-0.0243843,-73.1045,4735.44,-26.3094,1.34483,-0.00174732,0.0118567,-73.0461,4757.34,-26.431,1.35105,-0.00174989,-0.0118101,-73.0515
14.239,513.572,-10.7208,22.9329,0.000726026,-0.641951,0.0972354,0.000129405,0.00028426,0.00555584,3858.93,3,0,0,0,-0.0249815,0.0248258,-0.0117641,0.0117657,4602.38,-25.5703,1.30827,5.83847e-05,0.0252136,-73.085,4637.6,-25.766,1.31829,5.19277e-05,-0.0250311,-73.0944,4735.43,-26.3095,1.34609,-0.00177768,0.0118588,-73.0332,4757.25,-26.4308,1.3523,-0.00177341,-0.0118119,-73.0385
14.249,513.801,-10.7261,22.9289,0.00025763,0.045116,-0.403491,-0.000193198,0.000284067,0.00555552,3858.23,3,0,0,0,-0.0248607,0.0247676,-0.0117673,0.0117691,4602.94,-25.572,1.30754,-0.000428697,0.0248133,-73.0695,4638.38,-25.7689,1.31761,-0.000347942,-0.0247109,-73.0788,4735.43,-26.308,1.34518,-0.00169825,0.0118366,-73.0206,4757.26,-26.4293,1.35138,-0.0017013,-0.0117906,-73.0259
14.259,514.03,-10.7314,22.925,0.000405605,-0.714936,-0.19978,-9.38084e-05,0.00028399,0.00555569,3857.61,3,0,0,0,-0.0248567,0.0247439,-0.0117626,0.0117648,4603.4,-25.5754,1.30732,2.6126e-05,0.0248274,-73.0592,4639.57,-25.7763,1.31759,1.8877e-06,-0.0246375,-73.0683,4735.54,-26.3095,1.34485,-0.00176774,0.0118563,-73.0079,4757.31,-26.4304,1.35103,-0.00176399,-0.0118099,-73.0131
14.269,514.259,-10.7366,22.921,0.000702784,-0.698268,0.318579,0.000121606,0.000284053,0.00555561,3856.94,3,0,0,0,-0.0249608,0.0247577,-0.0117659,0.0117675,4601.68,-25.5654,1.30712,5.27124e-05,0.0251877,-73.0479,4638.3,-25.7688,1.31752,3.14335e-05,-0.0247374,-73.0572,4735.49,-26.3088,1.34513,-0.00176459,0.0118608,-72.9951,4757.28,-26.4298,1.35132,-0.00174589,-0.0118143,-73.0004
14.279,514.489,-10.7419,22.9166,0.000495043,-0.586671,0.086729,-3.40928e-05,0.000284297,0.00555547,3856.23,3,0,0,0,-0.0249554,0.0247733,-0.0117649,0.011767,4602.98,-25.572,1.30861,-0.000154213,0.025698,-73.0326,4638.71,-25.7704,1.31877,-0.000182871,-0.0252914,-73.0419,4735.68,-26.3092,1.34634,-0.00175527,0.011898,-72.9832,4757.52,-26.4305,1.35255,-0.00174154,-0.0118497,-72.9886
14.289,514.718,-10.7471,22.9128,0.000650301,-0.512423,0.0303268,9.55919e-05,0.000284415,0.00555558,3855.6,3,0,0,0,-0.0249294,0.0248144,-0.0117656,0.0117676,4603.6,-25.576,1.30934,-0.000214383,0.0249327,-73.0193,4638.16,-25.768,1.31916,-0.000189941,-0.0247802,-73.0289,4735.42,-26.3083,1.34683,-0.00174293,0.0118627,-72.97,4757.36,-26.4302,1.35307,-0.00173811,-0.011817,-72.9752
14.299,514.947,-10.7524,22.909,0.000538537,-0.600508,-0.117127,-1.0265e-05,0.000283851,0.00555571,3854.92,3,0,0,0,-0.0249399,0.0248198,-0.0117642,0.0117661,4603.11,-25.5738,1.3066,8.56221e-05,0.0253036,-73.0097,4638.75,-25.7718,1.31671,4.81113e-05,-0.0251515,-73.0185,4735.36,-26.3085,1.34414,-0.00176963,0.011857,-72.9568,4757.32,-26.4305,1.35037,-0.0017665,-0.0118096,-72.9622
14.309,515.176,-10.7576,22.9054,0.00047607,0.503819,-0.199037,-2.16957e-05,0.000284073,0.00555571,3854.25,3,0,0,0,-0.025,0.0248487,-0.011769,0.0117712,4602.39,-25.5698,1.30741,-0.000407245,0.0250401,-72.9937,4638.19,-25.7688,1.31759,-0.000436441,-0.0249215,-73.0029,4735.36,-26.3086,1.34519,-0.00171108,0.0118598,-72.9444,4757.27,-26.4303,1.35141,-0.00170716,-0.0118123,-72.9497
14.319,515.405,-10.7629,22.9017,0.00060453,-0.116589,0.00480286,4.85811e-05,0.000283819,0.00555558,3853.58,3,0,0,0,-0.024947,0.0247385,-0.0117664,0.0117681,4603.73,-25.5766,1.30663,9.09654e-05,0.0251723,-72.9837,4639.7,-25.7765,1.31684,0.000122951,-0.0249003,-72.9929,4735.07,-26.3064,1.3439,-0.00176115,0.011872,-72.9318,4756.91,-26.4277,1.3501,-0.00175748,-0.0118267,-72.9371
14.329,515.634,-10.7681,22.8973,0.000375509,0.31734,-0.340764,-0.000113472,0.000283986,0.00555572,3852.91,3,0,0,0,-0.0250009,0.0248719,-0.0117732,0.0117734,4602.53,-25.5707,1.30706,-0.000370436,0.0248907,-72.9691,4637.83,-25.7668,1.31708,-0.000377688,-0.0247933,-72.9784,4735.54,-26.3096,1.34483,-0.00170425,0.0118507,-72.9193,4757.3,-26.4305,1.35101,-0.00170664,-0.0118031,-72.9245
14.339,515.862,-10.7734,22.8936,0.000599319,0.0269074,-0.0726056,5.13871e-05,0.000283765,0.00555558,3852.25,3,0,0,0,-0.0249227,0.0247981,-0.0117689,0.0117708,4604.43,-25.5805,1.30657,-7.55579e-05,0.0249577,-72.9577,4639.54,-25.7756,1.31654,-5.66943e-05,-0.0248612,-72.9669,4735.44,-26.3084,1.34375,-0.00174251,0.0118508,-72.9065,4757.17,-26.4291,1.34992,-0.00174196,-0.0118038,-72.9117
14.349,516.091,-10.7786,22.8893,0.00103197,0.108657,0.696996,0.000351749,0.000283692,0.00555575,3851.56,3,0,0,0,-0.0248815,0.0247261,-0.0117692,0.0117712,4602.88,-25.5727,1.3058,-0.00033618,0.024572,-72.9436,4637.67,-25.766,1.31567,-0.000335623,-0.024164,-72.9527,4735.27,-26.3082,1.34336,-0.00172479,0.0118102,-72.8937,4756.99,-26.4289,1.34952,-0.00170714,-0.0117644,-72.899
14.359,516.32,-10.7838,22.8853,0.000575506,-0.432859,-0.0300971,2.17876e-05,0.000283679,0.00555616,3850.91,3,0,0,0,-0.0250261,0.0248524,-0.0117665,0.0117682,4601.5,-25.567,1.30535,-1.83929e-05,0.0251218,-72.9331,4637.41,-25.7664,1.31554,-2.43257e-05,-0.0248921,-72.9421,4735.38,-26.3108,1.34333,-0.00176007,0.0118299,-72.8812,4757.05,-26.4312,1.34948,-0.00175545,-0.0117825,-72.8865
14.369,516.549,-10.7891,22.8817,0.000621091,0.212755,0.532338,5.74889e-05,0.00028365,0.0055558,3850.23,3,0,0,0,-0.0249132,0.0247431,-0.0117672,0.011769,4604.91,-25.5843,1.30619,-7.69992e-05,0.0262429,-72.9184,4640.11,-25.7798,1.31617,-6.9528e-05,-0.0256289,-72.9276,4735.5,-26.3098,1.34323,-0.00179879,0.0118479,-72.8685,4757.26,-26.4306,1.3494,-0.00176943,-0.0118035,-72.8738
14.379,516.778,-10.7943,22.8767,0.000402562,-0.811818,0.551583,-7.17461e-05,0.00028352,0.00555604,3849.6,3,0,0,0,-0.024961,0.0248478,-0.011764,0.0117662,4602.51,-25.572,1.3049,-0.000191105,0.0252188,-72.9061,4637.83,-25.7682,1.31492,-0.000181649,-0.0243946,-72.9155,4735.38,-26.3103,1.34258,-0.001839,0.011799,-72.8559,4757.24,-26.4317,1.34878,-0.00179763,-0.0117573,-72.8611
14.389,517.006,-10.7996,22.8733,0.000647323,-0.11358,0.129891,6.7856e-05,0.000283471,0.00555605,3848.86,3,0,0,0,-0.024934,0.0247982,-0.011767,0.0117688,4602.55,-25.5723,1.30469,-0.00019631,0.0250454,-72.8942,4638.36,-25.7712,1.31484,-0.000192976,-0.0247898,-72.9032,4735.63,-26.3117,1.34242,-0.00173813,0.0118761,-72.8432,4757.42,-26.4328,1.34859,-0.00172995,-0.0118278,-72.8485
14.399,517.235,-10.8048,22.8687,0.000537233,-0.761053,-0.1044,-1.88884e-06,0.000283518,0.00555611,3848.22,3,0,0,0,-0.0249501,0.0247548,-0.0117649,0.0117666,4602.98,-25.575,1.30503,-0.000266557,0.0249985,-72.8801,4638.92,-25.7746,1.31522,-0.000306698,-0.0247818,-72.8891,4735.47,-26.311,1.34259,-0.00169854,0.0118437,-72.8307,4757.23,-26.432,1.34876,-0.00169478,-0.0117966,-72.836
14.409,517.464,-10.8101,22.8649,0.000544949,-0.41728,-0.0480205,7.20782e-06,0.000283541,0.00555647,3847.56,3,0,0,0,-0.0250114,0.0248234,-0.011765,0.0117671,4602.27,-25.5726,1.30493,-0.00025812,0.0251572,-72.8685,4637.67,-25.7693,1.31497,-0.000297972,-0.0249143,-72.8776,4735.42,-26.3125,1.34268,-0.00172671,0.0118465,-72.8179,4757.18,-26.4334,1.34886,-0.00172372,-0.0117997,-72.8232
14.419,517.692,-10.8153,22.8612,0.000524728,-0.164534,-0.128415,-1.89798e-06,0.000283572,0.00555625,3846.88,3,0,0,0,-0.0248834,0.0247804,-0.0117645,0.0117667,4603.56,-25.5788,1.30544,-0.000283642,0.0250196,-72.8544,4638.58,-25.7734,1.31537,-0.00026383,-0.0248931,-72.8639,4734.87,-26.3084,1.34268,-0.00173937,0.0117362,-72.8051,4756.66,-26.4295,1.34886,-0.00174031,-0.0116922,-72.8103
14.429,517.921,-10.8205,22.8568,0.000659275,-0.32742,-0.0324607,8.53685e-05,0.000283263,0.00555668,3846.17,3,0,0,0,-0.0250041,0.0248802,-0.0117657,0.0117675,4602.15,-25.5729,1.30362,-0.000455484,0.0249648,-72.8419,4637.56,-25.7697,1.31365,-0.000417195,-0.0248451,-72.8513,4735.42,-26.3135,1.34137,-0.00172169,0.0118408,-72.7927,4757.23,-26.4347,1.34755,-0.00172206,-0.0117961,-72.7979
14.439,518.149,-10.8258,22.8532,5.41325e-05,-1.22836,-0.934198,-0.000331093,0.000283186,0.00555611,3845.56,3,0,0,0,-0.0249313,0.0247601,-0.0117666,0.0117683,4602.92,-25.5746,1.30348,0.000136547,0.0246612,-72.8317,4640.1,-25.7812,1.31401,0.000107014,-0.0247436,-72.8406,4735.22,-26.3097,1.34095,-0.00170711,0.0118523,-72.7799,4756.98,-26.4306,1.34711,-0.00172507,-0.0118028,-72.7851
14.449,518.378,-10.831,22.8491,0.000567882,-0.463207,-0.00489171,1.96512e-05,0.000283384,0.00555667,3844.91,3,0,0,0,-0.0250553,0.0248773,-0.0117668,0.0117686,4601.92,-25.5716,1.30411,-0.000239026,0.0250061,-72.8172,4637.67,-25.7703,1.31424,-0.000223188,-0.0247628,-72.8264,4735.54,-26.3141,1.34198,-0.00175198,0.0118564,-72.7672,4757.29,-26.435,1.34814,-0.00174472,-0.0118096,-72.7725
14.459,518.606,-10.8362,22.8452,0.000487071,-0.488123,-0.34222,-2.8963e-05,0.000283567,0.00555664,3844.22,3,0,0,0,-0.0249137,0.0247759,-0.0117618,0.0117641,4602.88,-25.5768,1.30523,-0.000148947,0.0246926,-72.8053,4638.36,-25.774,1.31529,-0.000132669,-0.0246876,-72.8146,4735.54,-26.314,1.34284,-0.00172445,0.0118556,-72.7546,4757.34,-26.4351,1.34903,-0.00173061,-0.011808,-72.7597
14.469,518.834,-10.8415,22.8413,0.000582812,-0.831899,-0.00876143,2.91943e-05,0.000283466,0.00555645,3843.55,3,0,0,0,-0.0248546,0.02476,-0.0117634,0.0117653,4605.69,-25.5916,1.30556,-6.31591e-05,0.0251953,-72.7913,4640.72,-25.7862,1.31549,-5.54266e-05,-0.0250241,-72.8006,4735.72,-26.3141,1.34242,-0.00178196,0.011891,-72.7421,4757.61,-26.4357,1.34862,-0.00178144,-0.0118451,-72.7473
14.479,519.063,-10.8467,22.8374,0.00053568,-0.473103,-0.180049,-1.15908e-06,0.000283402,0.00555673,3842.87,3,0,0,0,-0.0249824,0.0248234,-0.0117653,0.011767,4601.61,-25.5702,1.30411,-7.49735e-05,0.0251415,-72.7815,4637.82,-25.7714,1.31437,-8.13314e-05,-0.0250067,-72.7904,4735.49,-26.3141,1.34205,-0.00175246,0.0118568,-72.7292,4757.27,-26.4351,1.34822,-0.00175383,-0.0118097,-72.7345
14.489,519.291,-10.8519,22.834,0.000614414,-0.0476093,0.0074863,6.52745e-05,0.000283686,0.00555636,3842.12,3,0,0,0,-0.0249018,0.0247104,-0.0117668,0.0117684,4603.65,-25.5798,1.30599,-4.80876e-05,0.0253488,-72.7671,4639.63,-25.7797,1.3162,-3.6295e-05,-0.0251033,-72.7764,4735.78,-26.314,1.34347,-0.00175765,0.011962,-72.7167,4757.6,-26.4352,1.34966,-0.0017534,-0.0119173,-72.722
14.499,519.519,-10.8572,22.8295,0.000771328,-0.717369,0.412492,0.000160269,0.000283825,0.00555653,3841.56,3,0,0,0,-0.0248939,0.0247255,-0.0117612,0.0117631,4604.6,-25.5858,1.3069,-1.99156e-05,0.0256892,-72.7539,4639.66,-25.7807,1.31685,-1.55157e-05,-0.0252411,-72.7632,4735.45,-26.3129,1.34404,-0.00177849,0.0118545,-72.7042,4757.33,-26.4345,1.35025,-0.00176658,-0.0118076,-72.7094
14.509,519.748,-10.8624,22.8265,0.000567823,0.778427,0.128044,1.53858e-05,0.000283816,0.00555653,3840.86,3,0,0,0,-0.0249005,0.0248132,-0.0117668,0.0117686,4603.3,-25.5786,1.30649,-0.000260709,0.0255761,-72.7424,4638.09,-25.7719,1.31636,-0.000208555,-0.0253325,-72.7519,4735.46,-26.313,1.344,-0.00175665,0.0119304,-72.6912,4757.39,-26.4349,1.35022,-0.00175013,-0.011885,-72.6964
14.519,519.976,-10.8676,22.8218,0.000633822,-0.572939,-0.01697,7.99475e-05,0.000283613,0.00555643,3840.19,3,0,0,0,-0.0249705,0.024821,-0.0117671,0.0117686,4602,-25.571,1.30519,-1.89886e-05,0.0250947,-72.7312,4638.2,-25.7721,1.31545,-2.70179e-05,-0.0249231,-72.7401,4735.59,-26.3132,1.34307,-0.00178052,0.011904,-72.6786,4757.49,-26.435,1.34929,-0.00178222,-0.0118544,-72.6838
14.529,520.204,-10.8729,22.8174,0.000558108,-0.473034,-0.0454678,-7.39552e-06,0.00028373,0.00555616,3839.53,3,0,0,0,-0.0248995,0.0247142,-0.0117658,0.0117675,4604.1,-25.5814,1.30632,-0.000195341,0.025292,-72.7153,4640.42,-25.7832,1.31662,-0.000233485,-0.0250469,-72.7241,4735.45,-26.3112,1.34359,-0.00174729,0.0118596,-72.6662,4757.28,-26.4325,1.34978,-0.00173836,-0.0118113,-72.6715
14.539,520.432,-10.8781,22.8132,0.000529671,-0.692171,-0.290612,-1.03691e-05,0.000283922,0.00555651,3838.92,3,0,0,0,-0.0249726,0.0248042,-0.0117638,0.0117659,4601.79,-25.5702,1.30655,-0.000230649,0.0243149,-72.7037,4637.34,-25.7677,1.31664,-0.000242684,-0.0242732,-72.7129,4735.48,-26.313,1.3445,-0.00172385,0.011859,-72.6535,4757.33,-26.4344,1.35071,-0.00172722,-0.0118102,-72.6587
14.549,520.66,-10.8833,22.8099,0.000657958,-0.751258,0.0296196,7.05968e-05,0.000283907,0.00555639,3838.2,3,0,0,0,-0.0249348,0.0248209,-0.0117638,0.0117653,4604.28,-25.5834,1.30719,0.000148598,0.0251198,-72.6921,4639.09,-25.7768,1.31707,0.000113022,-0.0249852,-72.7012,4735.42,-26.3121,1.34442,-0.0017767,0.0118634,-72.6406,4757.28,-26.4336,1.35062,-0.00177102,-0.0118153,-72.6459
14.559,520.888,-10.8885,22.8057,0.000634081,-0.251416,0.008805,5.42798e-05,0.000283736,0.00555642,3837.53,3,0,0,0,-0.02487,0.0247717,-0.0117652,0.0117669,4604.14,-25.5828,1.30636,-0.000201762,0.0250577,-72.6787,4639.52,-25.7794,1.3164,-0.000203283,-0.0249245,-72.6878,4735.48,-26.3126,1.34363,-0.00174204,0.0118581,-72.6281,4757.3,-26.4338,1.34982,-0.00173767,-0.0118096,-72.6334
14.569,521.116,-10.8938,22.8018,0.000338142,-1.01675,-0.338344,-0.000117689,0.000283444,0.00555637,3836.84,3,0,0,0,-0.0250052,0.0248256,-0.0117653,0.0117681,4602.47,-25.5733,1.30454,0.000203915,0.0251172,-72.6679,4638.95,-25.776,1.31488,0.000306077,-0.0249089,-72.677,4735.44,-26.3122,1.34223,-0.00178668,0.0118502,-72.6152,4757.33,-26.4338,1.34844,-0.00179152,-0.0118081,-72.6205
14.579,521.344,-10.899,22.7997,0.000889993,1.18518,0.461841,0.000221759,0.000283675,0.00555584,3836.13,3,0,0,0,-0.0248737,0.024715,-0.0117668,0.0117675,4606.25,-25.5919,1.30668,4.27704e-05,0.0258972,-72.6525,4642.04,-25.7907,1.31683,0.000105334,-0.0255052,-72.662,4735.58,-26.3104,1.34337,-0.00178644,0.0119128,-72.6027,4757.36,-26.4314,1.34955,-0.00177445,-0.0118695,-72.6079
14.589,521.572,-10.9042,22.7936,0.000553449,-0.363763,-0.0707082,-8.50833e-06,0.000283729,0.00555685,3835.53,3,0,0,0,-0.0250672,0.0249503,-0.0117664,0.0117684,4601.1,-25.5679,1.30547,-0.000165724,0.0251961,-72.6425,4635.95,-25.7616,1.31536,-0.000202405,-0.0250339,-72.6517,4735.46,-26.3145,1.34359,-0.0017344,0.0118579,-72.5902,4757.16,-26.4351,1.34975,-0.00173098,-0.0118079,-72.5953
14.599,521.8,-10.9094,22.7895,0.000659635,-0.336107,-0.00695497,6.4593e-05,0.000283658,0.0055564,3834.9,3,0,0,0,-0.0247719,0.0247052,-0.0117626,0.0117645,4603.87,-25.5812,1.30593,-0.000393649,0.0248369,-72.6264,4638.94,-25.7761,1.31587,-0.000320735,-0.0247518,-72.6356,4735.39,-26.312,1.34323,-0.00170906,0.0118539,-72.5776,4757.14,-26.4329,1.3494,-0.00170806,-0.0118053,-72.5828
14.609,522.028,-10.9146,22.7855,0.000718209,-0.166582,0.162576,0.000115771,0.000283606,0.00555686,3834.11,3,0,0,0,-0.0249691,0.0248111,-0.0117657,0.0117671,4600.77,-25.5661,1.30481,-0.000422725,0.0248521,-72.6153,4636.62,-25.7654,1.31498,-0.000447482,-0.0246015,-72.6243,4735.16,-26.3129,1.34292,-0.00172616,0.0118035,-72.5649,4756.92,-26.4338,1.34909,-0.00171465,-0.011758,-72.5702
14.619,522.255,-10.9199,22.7822,0.000586154,-0.131873,0.0107296,3.28035e-05,0.000283784,0.0055565,3833.51,3,0,0,0,-0.0249594,0.024774,-0.0117666,0.0117684,4602.32,-25.573,1.30607,-5.77128e-05,0.0252544,-72.6035,4638.37,-25.7734,1.3163,-6.89249e-05,-0.0249829,-72.6128,4735.45,-26.3128,1.34385,-0.00175681,0.0118717,-72.5522,4757.24,-26.4339,1.35003,-0.00175092,-0.0118245,-72.5574
14.629,522.483,-10.9251,22.7772,0.000869943,-0.762722,0.247652,0.000209653,0.000283855,0.00555662,3832.88,3,0,0,0,-0.0249722,0.0248344,-0.0117592,0.0117621,4603.85,-25.5821,1.30683,-0.000416944,0.0247228,-72.5877,4638.56,-25.7749,1.31668,-0.00047519,-0.0244959,-72.5967,4735.42,-26.3132,1.34417,-0.00167861,0.0118672,-72.5398,4757.26,-26.4345,1.35037,-0.00169255,-0.0118151,-72.5451
14.639,522.711,-10.9303,22.7741,0.000587741,-0.35456,-0.0057559,2.66306e-05,0.000283763,0.00555657,3832.19,3,0,0,0,-0.0249414,0.0248402,-0.0117665,0.0117685,4603.36,-25.5792,1.30626,2.19032e-05,0.0252978,-72.5787,4638.2,-25.7727,1.31615,5.38633e-06,-0.0251252,-72.5879,4735.29,-26.3122,1.3437,-0.00176079,0.011833,-72.5268,4757.12,-26.4335,1.3499,-0.00175501,-0.0117859,-72.532
14.649,522.938,-10.9355,22.7696,0.00085583,-0.453328,0.156125,0.000219215,0.000283838,0.00555624,3831.52,3,0,0,0,-0.024827,0.0246952,-0.0117667,0.0117684,4605.95,-25.592,1.30734,-0.000463486,0.0248978,-72.5614,4641.23,-25.788,1.31736,-0.000407702,-0.0247825,-72.5707,4735.48,-26.3117,1.34411,-0.00172676,0.0118509,-72.5145,4757.34,-26.4332,1.35031,-0.00172318,-0.0118042,-72.5197
14.659,523.166,-10.9407,22.7659,0.000607253,-0.131217,0.117159,2.35758e-05,0.000283644,0.005557,3830.85,3,0,0,0,-0.025008,0.0248031,-0.0117663,0.011768,4601.23,-25.5693,1.30511,-0.000305522,0.0251167,-72.5529,4637.63,-25.7716,1.31544,-0.000368351,-0.0247563,-72.5615,4735.49,-26.3154,1.3432,-0.00172666,0.0118749,-72.5017,4757.34,-26.4368,1.34939,-0.00171443,-0.0118259,-72.507
14.669,523.394,-10.9459,22.7618,0.000788973,-0.735032,0.185912,0.000166337,0.00028412,0.00555687,3830.18,3,0,0,0,-0.0249549,0.0247916,-0.0117629,0.0117643,4603.35,-25.5805,1.3079,-8.66447e-05,0.025203,-72.5391,4638.61,-25.7764,1.31792,-0.000100104,-0.0249753,-72.5484,4735.46,-26.3146,1.34544,-0.00175084,0.0118583,-72.4892,4757.29,-26.4359,1.35164,-0.00174609,-0.0118103,-72.4944
14.679,523.621,-10.9511,22.7579,0.000716563,-0.710003,-0.106485,0.0001084,0.000283996,0.00555702,3829.52,3,0,0,0,-0.0249408,0.0248371,-0.0117585,0.0117603,4602.61,-25.577,1.30712,-8.54593e-05,0.0247865,-72.5278,4638.15,-25.7746,1.31722,-8.03982e-05,-0.0247807,-72.5368,4735.49,-26.3154,1.34486,-0.00173736,0.0118564,-72.4764,4757.34,-26.4369,1.35106,-0.00174295,-0.0118074,-72.4816
14.689,523.849,-10.9564,22.7534,0.0008855,-1.2969,0.465142,0.0002434,0.000284118,0.00555626,3828.86,3,0,0,0,-0.024833,0.0247133,-0.0117665,0.0117683,4604.31,-25.583,1.30817,-0.00017924,0.0246918,-72.5118,4639.11,-25.7764,1.31806,-0.000153456,-0.0243395,-72.5214,4735.43,-26.3115,1.34542,-0.00174567,0.0118486,-72.4634,4757.3,-26.433,1.35164,-0.00173054,-0.0118016,-72.4687
14.699,524.076,-10.9616,22.7504,0.000610064,-0.295601,0.00341097,5.96222e-05,0.000283552,0.00555694,3828.18,3,0,0,0,-0.0249946,0.024795,-0.0117665,0.0117683,4601.57,-25.5709,1.30478,-4.21897e-05,0.0250961,-72.5038,4638.36,-25.7754,1.31522,-1.7438e-05,-0.0248333,-72.5127,4735.43,-26.3147,1.34274,-0.00175586,0.011856,-72.451,4757.24,-26.4359,1.34892,-0.00175192,-0.0118107,-72.4563
14.709,524.304,-10.9668,22.7459,0.000531382,-0.673747,-0.104976,-3.27145e-05,0.000283805,0.00555677,3827.51,3,0,0,0,-0.0249632,0.024808,-0.0117678,0.0117694,4603.3,-25.5797,1.30644,-0.000155897,0.0251314,-72.4882,4639.14,-25.7789,1.31661,-0.000164793,-0.0249347,-72.4974,4734.86,-26.3108,1.34377,-0.00176015,0.0117719,-72.4385,4756.58,-26.4315,1.34994,-0.00175634,-0.0117212,-72.4438
14.719,524.531,-10.972,22.7422,0.000665936,-0.521487,0.058875,8.85672e-05,0.000283876,0.00555702,3826.85,3,0,0,0,-0.0249779,0.0248514,-0.0117654,0.0117675,4603.48,-25.5819,1.30682,-4.32761e-05,0.0251933,-72.4769,4638,-25.7737,1.31661,-4.80024e-05,-0.0250184,-72.4862,4735.4,-26.3149,1.34426,-0.0017584,0.0118533,-72.4259,4757.17,-26.436,1.35045,-0.00175419,-0.0118052,-72.4311
14.729,524.758,-10.9772,22.7381,0.000591686,-0.689746,-0.010772,2.3865e-05,0.000283493,0.00555692,3826.18,3,0,0,0,-0.0248637,0.0247589,-0.0117633,0.0117652,4605.41,-25.5922,1.3056,-4.9435e-05,0.0253004,-72.4629,4640.61,-25.7878,1.31558,-7.01795e-05,-0.0251135,-72.472,4735.41,-26.3146,1.34245,-0.0017713,0.0118549,-72.4134,4757.16,-26.4354,1.34862,-0.00176623,-0.0118076,-72.4186
14.739,524.986,-10.9824,22.7342,0.000659633,-0.654024,0.0639272,9.60826e-05,0.000283556,0.00555689,3825.52,3,0,0,0,-0.0249509,0.0247877,-0.0117678,0.0117695,4603.6,-25.5819,1.30538,-7.57357e-05,0.0250471,-72.4516,4639.67,-25.7824,1.31561,-6.46582e-05,-0.0248237,-72.4607,4735.41,-26.3144,1.34276,-0.00175813,0.0118616,-72.4007,4757.15,-26.4352,1.34892,-0.00175376,-0.0118154,-72.4059
14.749,525.213,-10.9876,22.7307,0.000596244,-0.507042,-0.0167184,3.45461e-05,0.000283408,0.005557,3824.83,3,0,0,0,-0.0249697,0.0247801,-0.0117669,0.0117687,4602.47,-25.5762,1.30438,0.000129059,0.0251666,-72.4396,4638.52,-25.7766,1.3146,0.000177511,-0.0249165,-72.4487,4735.23,-26.314,1.342,-0.00179178,0.0118188,-72.388,4756.96,-26.4347,1.34816,-0.00178784,-0.0117721,-72.3932
14.759,525.44,-10.9928,22.7264,0.000842092,-0.628353,0.80428,0.000183736,0.000283534,0.00555712,3824.18,3,0,0,0,-0.0249804,0.0248389,-0.0117643,0.0117666,4604.28,-25.5868,1.30547,5.50189e-05,0.0255175,-72.4254,4638.53,-25.7772,1.31518,5.72367e-05,-0.024905,-72.4347,4735.45,-26.3157,1.34266,-0.00181714,0.0118591,-72.3754,4757.17,-26.4364,1.34882,-0.00177345,-0.0118113,-72.3807
14.769,525.667,-10.998,22.7222,0.000651577,-0.441118,0.0983628,7.48401e-05,0.000283293,0.00555739,3823.49,3,0,0,0,-0.0249609,0.0248507,-0.0117649,0.0117668,4603.24,-25.5822,1.30407,-0.000202936,0.0252704,-72.4133,4638.32,-25.7772,1.314,-0.000173839,-0.0250573,-72.4224,4735.47,-26.3171,1.34153,-0.00174396,0.0118944,-72.3628,4757.23,-26.4381,1.34769,-0.001737,-0.0118469,-72.368
14.779,525.894,-11.0032,22.7195,0.000798545,1.24013,0.0537711,0.000169906,0.00028344,0.00555655,3822.84,3,0,0,0,-0.0249579,0.0248055,-0.011771,0.011773,4604.64,-25.5862,1.30514,-0.000400641,0.025165,-72.398,4640.55,-25.7857,1.31532,-0.000387193,-0.025104,-72.4072,4735.47,-26.3132,1.34222,-0.00172846,0.0118549,-72.3502,4757.26,-26.4342,1.3484,-0.00173117,-0.0118061,-72.3555
14.789,526.122,-11.0084,22.7146,0.000456402,-0.405499,-0.275225,-6.15715e-05,0.000283242,0.00555725,3822.16,3,0,0,0,-0.024995,0.0248038,-0.011767,0.0117687,4602.43,-25.5771,1.3036,-1.51502e-05,0.0254284,-72.3894,4638.77,-25.7791,1.3139,-1.57852e-05,-0.0252837,-72.3982,4735.35,-26.3158,1.34125,-0.00173535,0.0118505,-72.3374,4757.12,-26.4367,1.34742,-0.00173507,-0.0118029,-72.3427
14.799,526.349,-11.0136,22.7102,0.000636327,-0.504833,0.216134,6.58497e-05,0.00028334,0.00555724,3821.53,3,0,0,0,-0.02485,0.0246432,-0.0117623,0.0117644,4606.33,-25.5987,1.30516,-0.000211027,0.0262614,-72.3731,4641.68,-25.7952,1.31517,-0.000235893,-0.0258531,-72.3822,4735.44,-26.3162,1.34174,-0.00176661,0.011848,-72.3249,4757.18,-26.4371,1.3479,-0.00176178,-0.0118023,-72.3301
14.809,526.576,-11.0188,22.7068,0.000674605,-0.199649,0.099668,9.80309e-05,0.000283118,0.00555743,3820.85,3,0,0,0,-0.0250076,0.0248905,-0.0117665,0.0117679,4601.86,-25.5748,1.30287,-0.000132735,0.0250065,-72.3637,4636.7,-25.7684,1.31273,-6.65143e-05,-0.0248249,-72.3732,4734.99,-26.3146,1.34056,-0.0017427,0.0117718,-72.3119,4756.71,-26.4353,1.34671,-0.00173759,-0.0117297,-72.3171
14.819,526.803,-11.024,22.7026,0.000656373,-0.41558,0.00296915,6.87247e-05,0.000282668,0.00555717,3820.17,3,0,0,0,-0.0248923,0.0247713,-0.0117657,0.0117672,4602.8,-25.5788,1.30107,-7.62069e-05,0.0251805,-72.3507,4637.87,-25.7737,1.31098,-6.07348e-05,-0.0250408,-72.3596,4735.28,-26.315,1.33851,-0.00174869,0.0118472,-72.2997,4756.9,-26.4352,1.34463,-0.00174277,-0.0118019,-72.3049
14.829,527.03,-11.0292,22.6987,0.000507968,-0.433494,-0.197325,-1.61549e-05,0.000282787,0.00555694,3819.51,3,0,0,0,-0.0248176,0.0246467,-0.0117666,0.0117683,4604.6,-25.5878,1.30212,-0.000146919,0.0248625,-72.3359,4640.34,-25.7864,1.31223,-0.000162476,-0.024728,-72.3449,4735.52,-26.3153,1.33914,-0.00174095,0.0118557,-72.2872,4757.12,-26.4353,1.34525,-0.00174272,-0.0118075,-72.2924
14.839,527.256,-11.0344,22.6945,0.000561875,-0.165705,0.00607785,-2.16572e-06,0.000282708,0.00555763,3818.84,3,0,0,0,-0.0250325,0.0248433,-0.0117668,0.0117686,4600.55,-25.5684,1.30061,-0.000343321,0.0250196,-72.3248,4636.18,-25.7664,1.31069,-0.00039033,-0.0247411,-72.3334,4735.6,-26.319,1.33879,-0.00173277,0.0118694,-72.2747,4757.24,-26.4393,1.34491,-0.00172469,-0.0118211,-72.2799
14.849,527.483,-11.0396,22.6905,0.000608517,-0.69142,-0.264795,4.74911e-05,0.000282957,0.00555739,3818.18,3,0,0,0,-0.024931,0.0248084,-0.0117606,0.0117624,4602.7,-25.5792,1.30237,-5.36712e-05,0.0249015,-72.3124,4637.92,-25.775,1.31233,-5.04279e-05,-0.0249483,-72.3217,4735.49,-26.3172,1.33994,-0.00174909,0.0118567,-72.2619,4757.18,-26.4378,1.34608,-0.00176159,-0.0118091,-72.267
14.859,527.71,-11.0448,22.6863,0.000663561,-0.173775,0.0115331,6.97875e-05,0.000282149,0.0055584,3817.5,3,0,0,0,-0.0252145,0.0250738,-0.0117662,0.0117679,4598.26,-25.5592,1.2974,-0.000383333,0.0252031,-72.3015,4633.92,-25.7575,1.30746,-0.000396015,-0.0250536,-72.3102,4735.27,-26.3208,1.33605,-0.00177089,0.0118872,-72.2491,4756.96,-26.4414,1.34217,-0.00176705,-0.01184,-72.2543
14.869,527.937,-11.05,22.6826,0.000182096,-0.874757,-0.431281,-0.000291193,0.000282312,0.00555718,3816.85,3,0,0,0,-0.0247891,0.0246514,-0.011761,0.0117634,4607.81,-25.6067,1.30084,-0.000101353,0.025106,-72.2843,4643.69,-25.8061,1.31097,-0.000175864,-0.0249092,-72.2934,4735.37,-26.3156,1.33685,-0.00173417,0.0118636,-72.237,4756.91,-26.4353,1.34293,-0.001734,-0.0118295,-72.2421
14.879,528.164,-11.0552,22.678,0.000564131,-0.5621,-0.0537061,4.45179e-06,0.000282311,0.00555782,3816.1,3,0,0,0,-0.0250328,0.0248447,-0.0117672,0.0117689,4604.12,-25.5892,1.2998,-0.000443202,0.0248917,-72.2728,4639.84,-25.7877,1.30988,-0.000439038,-0.024682,-72.2814,4735.5,-26.3193,1.33688,-0.0017264,0.0118559,-72.2243,4757.13,-26.4396,1.34299,-0.0017231,-0.0118076,-72.2294
14.889,528.39,-11.0604,22.6746,0.000662011,-0.685189,0.0173338,6.10558e-05,0.000282554,0.00555817,3815.51,3,0,0,0,-0.0249597,0.0248129,-0.0117619,0.0117639,4604.17,-25.591,1.30092,-2.72984e-05,0.0253041,-72.2627,4639.07,-25.785,1.31079,-7.24742e-05,-0.0251344,-72.2716,4735.45,-26.3207,1.33802,-0.00173776,0.0118525,-72.2113,4757.09,-26.4409,1.34413,-0.001738,-0.011803,-72.2164
14.899,528.617,-11.0656,22.6711,0.000507481,0.280661,-0.172787,-3.75571e-05,0.000282413,0.00555807,3814.83,3,0,0,0,-0.0248395,0.0247598,-0.011766,0.011768,4603.39,-25.5862,1.30006,-0.000455309,0.024479,-72.2476,4638.35,-25.7806,1.30993,-0.000403323,-0.0244327,-72.2567,4735.28,-26.3193,1.3373,-0.00169967,0.0118814,-72.1987,4756.97,-26.4399,1.34343,-0.00169771,-0.0118306,-72.2038
14.909,528.844,-11.0708,22.6672,0.000519309,-0.41634,-0.206084,-6.45157e-06,0.000282376,0.00555799,3814.15,3,0,0,0,-0.0249736,0.0248246,-0.0117672,0.011769,4603.12,-25.5844,1.29981,-7.90859e-06,0.0250919,-72.2373,4639.46,-25.7863,1.31007,-1.67859e-05,-0.0249877,-72.2461,4735.47,-26.32,1.33718,-0.00177159,0.0118549,-72.1862,4757.15,-26.4405,1.34331,-0.00177419,-0.0118082,-72.1914
14.919,529.07,-11.076,22.6636,0.000625456,-0.288627,0.0278327,4.96757e-05,0.000282498,0.00555777,3813.5,3,0,0,0,-0.0249476,0.0247722,-0.0117683,0.0117702,4602.72,-25.5811,1.30026,0.000101401,0.0251081,-72.2246,4639.21,-25.7839,1.31057,0.000128419,-0.0248499,-72.2337,4735.47,-26.3189,1.33776,-0.00177302,0.0118847,-72.1734,4757.17,-26.4395,1.34389,-0.00176995,-0.0118385,-72.1786
14.929,529.297,-11.0812,22.6593,0.000138639,0.283406,-0.610091,-0.00028043,0.000282821,0.0055578,3812.83,3,0,0,0,-0.0248958,0.024707,-0.0117668,0.0117684,4600.85,-25.5709,1.30122,-0.000268154,0.0250765,-72.2103,4637.36,-25.7738,1.31154,-0.000303313,-0.0249422,-72.2195,4735.03,-26.3166,1.33916,-0.00174798,0.0117816,-72.1608,4756.84,-26.4378,1.34533,-0.00175853,-0.0117329,-72.1659
14.939,529.523,-11.0863,22.6557,0.000549553,0.799326,0.233719,-4.26734e-06,0.000282548,0.00555806,3812.15,3,0,0,0,-0.0250193,0.024886,-0.0117679,0.0117696,4600.52,-25.5702,1.29987,-0.00045509,0.0258149,-72.1979,4635.28,-25.7634,1.30969,-0.000392122,-0.0254163,-72.2072,4735.13,-26.3184,1.3379,-0.00175353,0.0118522,-72.1483,4756.96,-26.4397,1.34407,-0.00174322,-0.0118078,-72.1534
14.949,529.75,-11.0915,22.6515,0.000494749,-0.116775,-0.194917,-4.27129e-05,0.000282553,0.00555749,3811.51,3,0,0,0,-0.0249192,0.0247915,-0.0117662,0.0117684,4603.7,-25.5853,1.30079,1.13593e-05,0.0254994,-72.1861,4638.84,-25.7806,1.31072,-3.90627e-06,-0.0253983,-72.1951,4735.42,-26.3174,1.33801,-0.00177446,0.0118583,-72.1357,4757.18,-26.4383,1.34416,-0.0017743,-0.01181,-72.1408
14.959,529.976,-11.0967,22.6472,0.000596207,-0.583301,0.17674,3.6633e-05,0.000282496,0.00555763,3810.86,3,0,0,0,-0.0249543,0.0247793,-0.0117664,0.0117681,4602.98,-25.5819,1.30032,-0.000114251,0.0248297,-72.1738,4638.77,-25.7809,1.31043,-0.000108758,-0.024439,-72.1827,4735.45,-26.3182,1.33775,-0.00175517,0.011857,-72.1231,4757.18,-26.4389,1.34388,-0.00174154,-0.0118087,-72.1283
14.969,530.203,-11.1019,22.643,0.000679069,-0.84853,0.107281,7.40197e-05,0.000282782,0.0055579,3810.2,3,0,0,0,-0.0250049,0.0248294,-0.0117646,0.0117659,4602.99,-25.5832,1.30164,-1.5971e-05,0.0251222,-72.1611,4638.52,-25.7807,1.31169,-3.76947e-06,-0.0248638,-72.17,4735.48,-26.3196,1.33911,-0.00177123,0.0118596,-72.1105,4757.16,-26.4401,1.34524,-0.00176255,-0.0118102,-72.1156
14.979,530.429,-11.1071,22.6402,0.000595235,0.308381,0.400048,1.21783e-05,0.000283053,0.00555746,3809.54,3,0,0,0,-0.0248584,0.0247348,-0.011767,0.0117687,4606.86,-25.6027,1.30398,1.12724e-05,0.0259988,-72.1476,4640.94,-25.7921,1.31363,2.84698e-05,-0.0254937,-72.1568,4735.42,-26.3172,1.34038,-0.0017751,0.0118315,-72.0978,4757.19,-26.4382,1.34654,-0.00175403,-0.0117854,-72.1029
14.989,530.655,-11.1123,22.6354,0.000623665,-0.735807,-0.0182575,3.64784e-05,0.000282611,0.00555777,3808.85,3,0,0,0,-0.0249579,0.0248351,-0.0117648,0.0117666,4604.05,-25.5885,1.30116,0.000125692,0.0249297,-72.1371,4639.31,-25.7845,1.31112,5.64025e-05,-0.0247735,-72.1457,4735.49,-26.319,1.3383,-0.00176843,0.0118644,-72.0852,4757.3,-26.4402,1.34447,-0.0017635,-0.011816,-72.0904
14.999,530.882,-11.1174,22.6315,0.000625367,-0.196951,-0.0073562,3.76551e-05,0.000282883,0.00555772,3808.18,3,0,0,0,-0.0248986,0.0247629,-0.0117664,0.011768,4603.66,-25.5861,1.3023,-0.00011559,0.025058,-72.1229,4639.33,-25.7843,1.31239,-0.000143353,-0.0248733,-72.1317,4735.45,-26.3186,1.33958,-0.00174251,0.0118553,-72.0723,4757.17,-26.4393,1.34573,-0.00173835,-0.0118039,-72.0775
15.009,531.108,-11.1226,22.6274,0.00058738,-0.406228,-0.0414688,2.19e-05,0.000282888,0.00555781,3807.52,3,0,0,0,-0.0249563,0.024751,-0.0117666,0.0117684,4602.67,-25.581,1.30204,-0.000100953,0.0252205,-72.1107,4638.63,-25.7809,1.31221,-0.000114415,-0.0249728,-72.1196,4735.34,-26.3184,1.33957,-0.00174073,0.0118587,-72.0601,4757.13,-26.4395,1.34574,-0.00173594,-0.0118099,-72.0652
15.019,531.334,-11.1278,22.6237,0.000626412,-0.563034,0.0417496,1.77498e-05,0.000283429,0.00555792,3806.85,3,0,0,0,-0.0250136,0.0248771,-0.011766,0.011768,4602.4,-25.5801,1.30446,0.000174198,0.0253096,-72.1002,4637.35,-25.7743,1.31436,0.000159674,-0.02508,-72.1095,4735.28,-26.3186,1.34212,-0.0017764,0.0118633,-72.0473,4757.1,-26.4399,1.3483,-0.00176915,-0.0118118,-72.0524
15.029,531.56,-11.133,22.6202,0.000562918,0.661149,0.183986,-1.02709e-05,0.00028337,0.00555728,3806.18,3,0,0,0,-0.0248556,0.0247455,-0.0117689,0.011771,4606.51,-25.5999,1.30535,-0.0002659,0.026187,-72.083,4641.42,-25.794,1.31524,-0.000241581,-0.02586,-72.092,4735.25,-26.3154,1.34183,-0.00177085,0.0118528,-72.0348,4757.17,-26.4372,1.34804,-0.00176086,-0.0118068,-72.0399
15.039,531.786,-11.1382,22.6154,0.000640576,-0.15905,-0.0268762,4.26516e-05,0.000283463,0.00555792,3805.53,3,0,0,0,-0.0249792,0.0248555,-0.0117662,0.0117679,4602.25,-25.5792,1.30457,-0.00029189,0.0251424,-72.0733,4638.03,-25.7781,1.31471,-0.000330562,-0.0250085,-72.082,4735.3,-26.3187,1.34229,-0.00173319,0.0118593,-72.0223,4757.18,-26.4403,1.34849,-0.00172818,-0.0118075,-72.0275
15.049,532.012,-11.1433,22.6112,0.000747875,-1.08458,0.153647,0.000115968,0.000283607,0.00555752,3804.84,3,0,0,0,-0.0249543,0.0247734,-0.0117666,0.0117684,4602.67,-25.5797,1.30535,-0.000101737,0.0250877,-72.0595,4638.69,-25.7799,1.31557,-0.000215899,-0.0248305,-72.0682,4735.24,-26.3165,1.34295,-0.00163658,0.0118362,-72.0097,4757.08,-26.4378,1.34914,-0.00162337,-0.0117793,-72.015
15.059,532.238,-11.1485,22.6072,0.000463055,-0.634938,-0.154229,-6.07193e-05,0.000283917,0.00555779,3804.14,3,0,0,0,-0.0250077,0.0248304,-0.0117644,0.0117667,4601.68,-25.5754,1.3065,-0.000156958,0.0253058,-72.0476,4637.65,-25.7754,1.31671,-0.000175835,-0.0250658,-72.0568,4735.32,-26.3182,1.34444,-0.00172998,0.0118528,-71.9971,4757.25,-26.4401,1.35067,-0.001728,-0.0118042,-72.0023
15.069,532.464,-11.1537,22.604,0.000917905,-0.94208,0.146461,0.000224275,0.000284264,0.00555694,3803.56,3,0,0,0,-0.0248529,0.0247665,-0.0117606,0.0117621,4606.57,-25.5987,1.30948,0.000266267,0.0247258,-72.0344,4641.09,-25.7905,1.31929,0.000213575,-0.0246798,-72.0436,4735.28,-26.3139,1.34607,-0.00178683,0.0118598,-71.9845,4757.26,-26.436,1.35232,-0.00178836,-0.0118077,-71.9896
15.079,532.69,-11.1589,22.5994,0.000665756,-0.145898,0.0310304,7.56409e-05,0.000283944,0.00555772,3802.85,3,0,0,0,-0.0250286,0.0248977,-0.0117667,0.0117684,4601.48,-25.574,1.30656,-0.000420985,0.0250031,-72.0218,4637.07,-25.7718,1.31667,-0.00036677,-0.0248267,-72.0308,4735.24,-26.3174,1.34454,-0.00174886,0.0118454,-71.9719,4757.17,-26.4393,1.35077,-0.00175382,-0.0117956,-71.9771
15.089,532.916,-11.164,22.5956,0.00070654,-0.429187,0.268296,8.66203e-05,0.000284058,0.00555724,3802.18,3,0,0,0,-0.0249094,0.0247489,-0.0117678,0.011769,4603.85,-25.585,1.30776,-0.000135932,0.0253638,-72.0088,4639.88,-25.7852,1.318,-0.000173143,-0.024998,-72.0176,4735.34,-26.3157,1.34511,-0.00175572,0.0118681,-71.9594,4757.21,-26.4372,1.35132,-0.00173749,-0.0118178,-71.9647
15.099,533.142,-11.1692,22.5917,0.000676567,-0.852444,0.0521301,7.94755e-05,0.000284077,0.00555751,3801.53,3,0,0,0,-0.0249631,0.0247758,-0.0117646,0.0117664,4603.49,-25.5842,1.30775,3.7736e-05,0.0252179,-71.9971,4638.98,-25.7815,1.31783,3.42108e-05,-0.0249744,-72.0062,4735.34,-26.317,1.3452,-0.00173177,0.0118575,-71.9467,4757.18,-26.4384,1.35141,-0.00172577,-0.0118082,-71.9519
15.109,533.368,-11.1744,22.5876,0.000626249,-0.828134,-0.0328564,3.73721e-05,0.000284063,0.00555756,3800.87,3,0,0,0,-0.0249877,0.0248531,-0.0117644,0.0117663,4602.8,-25.5806,1.30749,-5.31389e-05,0.0248951,-71.9844,4637.64,-25.7742,1.31738,-7.04584e-05,-0.0247448,-71.9935,4735.41,-26.3176,1.34516,-0.00172705,0.0118581,-71.9342,4757.18,-26.4386,1.35134,-0.00171949,-0.0118088,-71.9393
15.119,533.594,-11.1795,22.5841,0.000523233,0.583983,-0.189618,-1.98897e-05,0.000283883,0.0055576,3800.19,3,0,0,0,-0.0248831,0.0247973,-0.0117662,0.011768,4601.64,-25.5743,1.30633,-0.000615684,0.0247223,-71.97,4636.72,-25.7693,1.31629,-0.000500557,-0.0246864,-71.9794,4735.39,-26.3177,1.3443,-0.00168109,0.0118485,-71.9216,4757.16,-26.4386,1.35048,-0.00168442,-0.0118004,-71.9267
15.129,533.82,-11.1847,22.5799,0.000460074,-0.584116,-0.20587,-4.4666e-05,0.000283688,0.00555744,3799.54,3,0,0,0,-0.0249656,0.0248064,-0.0117678,0.0117695,4603.17,-25.5821,1.30586,-0.000101736,0.0249197,-71.9585,4639.76,-25.7855,1.31625,-9.60548e-05,-0.0247332,-71.9674,4735.35,-26.3167,1.34336,-0.00175894,0.0118444,-71.909,4757.12,-26.4377,1.34954,-0.00175913,-0.0117962,-71.9142
15.139,534.045,-11.1899,22.5758,0.000523858,-0.777995,-0.124969,-2.05303e-05,0.000283742,0.00555765,3798.86,3,0,0,0,-0.0249744,0.0247875,-0.0117657,0.0117676,4602.1,-25.5771,1.30581,3.02288e-05,0.0249016,-71.9471,4638.29,-25.7782,1.31608,4.80655e-05,-0.0246798,-71.956,4735.39,-26.3179,1.34363,-0.0017791,0.0118532,-71.8964,4757.07,-26.4384,1.34978,-0.00177778,-0.0118052,-71.9016
15.149,534.271,-11.195,22.5714,0.000659276,-0.788585,-0.157477,9.2603e-05,0.000284029,0.00555796,3798.19,3,0,0,0,-0.0248434,0.0246577,-0.0117523,0.0117541,4603,-25.5836,1.30739,-0.00028004,0.0247891,-71.9318,4639.47,-25.7862,1.31774,-0.000301336,-0.0247084,-71.9409,4735.56,-26.3203,1.34504,-0.00172207,0.0118478,-71.884,4757.29,-26.4411,1.35121,-0.00173117,-0.0117994,-71.8892
15.159,534.497,-11.2002,22.5679,0.000736753,-0.925958,-0.0280415,0.000157942,0.000283849,0.00555763,3797.56,3,0,0,0,-0.0248643,0.0247526,-0.0117629,0.0117637,4605.18,-25.5941,1.30718,-0.000161309,0.0243548,-71.9185,4640.08,-25.7881,1.31708,-0.000174268,-0.0243291,-71.928,4735.71,-26.3196,1.34423,-0.0017249,0.0118157,-71.8715,4757.47,-26.4405,1.3504,-0.00171853,-0.0117674,-71.8765
15.169,534.722,-11.2054,22.5643,0.000630167,-0.255347,-0.0425773,5.72088e-05,0.000283062,0.00555816,3796.86,3,0,0,0,-0.0250269,0.024871,-0.0117668,0.0117684,4600.37,-25.5699,1.30219,3.66394e-05,0.0253046,-71.9121,4636.42,-25.7703,1.3124,4.86728e-05,-0.0251398,-71.9208,4735.45,-26.3206,1.34042,-0.00176225,0.0118578,-71.8584,4757.16,-26.4413,1.34657,-0.00176112,-0.0118108,-71.8636
15.179,534.948,-11.2105,22.5605,0.000585981,-0.492657,0.0412554,3.23902e-05,0.000283311,0.00555744,3795.84,3,0,0,0,-0.0247891,0.0246235,-0.0117668,0.0117685,4605.93,-25.5974,1.30491,-1.30294e-05,0.0250456,-71.8948,4641.53,-25.7953,1.315,1.19756e-05,-0.0247585,-71.9042,4735.77,-26.319,1.3417,-0.00178673,0.0119508,-71.846,4757.39,-26.4392,1.34782,-0.00178036,-0.0119045,-71.8512
15.189,535.173,-11.2157,22.5557,0.000491679,-0.142986,0.0209232,-2.41961e-05,0.000282999,0.00555853,3795.53,3,0,0,0,-0.0250169,0.0247978,-0.0117654,0.0117675,4601.74,-25.5792,1.30229,-0.000524137,0.0255869,-71.8821,4637.03,-25.7753,1.31227,-0.000583198,-0.0252148,-71.8909,4735.42,-26.3222,1.34012,-0.00171246,0.0118516,-71.8333,4757.06,-26.4425,1.34624,-0.00170506,-0.0118043,-71.8385
15.199,535.399,-11.2209,22.5524,0.000574073,-0.390482,-0.00592736,2.60561e-05,0.000282866,0.00555816,3794.86,3,0,0,0,-0.0249692,0.0248462,-0.0117666,0.0117684,4603.38,-25.5866,1.30214,-3.56291e-05,0.0251645,-71.8716,4637.39,-25.7756,1.31176,-3.57466e-05,-0.0249847,-71.8808,4735.32,-26.32,1.33946,-0.00175634,0.0118566,-71.8206,4756.97,-26.4403,1.34558,-0.00175159,-0.0118098,-71.8257
15.209,535.624,-11.226,22.5495,0.000467681,0.983607,-0.115306,-1.85826e-05,0.000282537,0.00555769,3794.22,3,0,0,0,-0.0249335,0.0247865,-0.0117668,0.0117699,4604.97,-25.5932,1.30107,-0.00029388,0.0249644,-71.8561,4639.76,-25.7866,1.3109,-0.000288615,-0.0248158,-71.8651,4735.42,-26.3183,1.33793,-0.00173958,0.0118393,-71.8082,4757,-26.4382,1.34403,-0.00173499,-0.0117953,-71.8134
15.219,535.85,-11.2312,22.5444,0.000603081,-0.33249,-0.0217624,3.6563e-05,0.000282178,0.00555844,3793.54,3,0,0,0,-0.0249665,0.024795,-0.0117668,0.0117684,4602.73,-25.5843,1.29879,-5.05003e-05,0.0251982,-71.8475,4639.03,-25.7861,1.30903,-4.56704e-05,-0.024991,-71.8562,4735.51,-26.3223,1.33626,-0.00175889,0.0118581,-71.7955,4757,-26.4418,1.34232,-0.00175552,-0.0118106,-71.8007
15.229,536.075,-11.2363,22.5412,0.000563742,0.176028,-0.00466284,2.37739e-05,0.000282348,0.00555821,3792.88,3,0,0,0,-0.0249137,0.0247381,-0.0117683,0.0117701,4604.92,-25.5954,1.30019,-3.43805e-05,0.0250941,-71.833,4640.43,-25.7928,1.31022,-3.04117e-05,-0.0248405,-71.8423,4735.45,-26.3209,1.33704,-0.00176858,0.0118603,-71.783,4756.95,-26.4404,1.34312,-0.00176334,-0.0118125,-71.7881
15.239,536.3,-11.2415,22.5362,0.00045314,-0.469191,-0.162941,-7.30486e-05,0.000282195,0.00555885,3792.21,3,0,0,0,-0.025011,0.0248583,-0.0117643,0.0117667,4603.2,-25.5888,1.299,-0.000170846,0.0251203,-71.8214,4638.25,-25.7836,1.30889,-0.000187207,-0.0249246,-71.8302,4735.45,-26.3239,1.33632,-0.00174175,0.0118563,-71.7706,4757.03,-26.4439,1.34241,-0.0017387,-0.0118078,-71.7757
15.249,536.526,-11.2467,22.5328,0.000494157,0.537495,-0.0521394,-3.45619e-05,0.000282221,0.00555869,3791.54,3,0,0,0,-0.0249118,0.0248097,-0.011767,0.0117688,4604,-25.5925,1.29935,-0.000446443,0.0255759,-71.8068,4638.76,-25.7857,1.30916,-0.000362496,-0.0254004,-71.816,4735.32,-26.3225,1.33641,-0.00172531,0.0118287,-71.7579,4756.96,-26.4428,1.34252,-0.00172478,-0.0117827,-71.763
15.259,536.751,-11.2518,22.5287,0.000695376,-1.04164,0.150359,0.000122878,0.000282074,0.00555854,3790.9,3,0,0,0,-0.0249113,0.0247456,-0.0117667,0.0117689,4604.89,-25.5967,1.29892,0.000220864,0.0251455,-71.7971,4640.57,-25.795,1.30898,0.000177216,-0.0248665,-71.8058,4735.52,-26.3228,1.33577,-0.0017857,0.011859,-71.745,4757.1,-26.4428,1.34186,-0.00177343,-0.011813,-71.7501
15.269,536.976,-11.257,22.5242,0.000436886,-0.780297,-0.145818,-7.85872e-05,0.000282114,0.00555901,3790.28,3,0,0,0,-0.0249445,0.0247476,-0.0117617,0.0117636,4603.01,-25.5884,1.29857,-0.000215764,0.0250965,-71.782,4639.21,-25.7897,1.30879,-0.000207321,-0.0248278,-71.791,4735.43,-26.3246,1.33593,-0.00174267,0.0118613,-71.733,4757.1,-26.445,1.34204,-0.00173506,-0.0118128,-71.7381
15.279,537.201,-11.2621,22.5209,0.000538528,-0.116247,-0.0917206,-6.86344e-06,0.000282637,0.00555932,3789.55,3,0,0,0,-0.0250269,0.0248575,-0.0117653,0.0117668,4600.74,-25.5773,1.30034,-0.000100794,0.025102,-71.7721,4636.18,-25.7743,1.31035,-9.9236e-05,-0.0248942,-71.7814,4735.33,-26.3255,1.33838,-0.00173799,0.0118616,-71.72,4757.09,-26.4464,1.34453,-0.00173747,-0.0118143,-71.7251
15.289,537.426,-11.2673,22.5168,0.000976571,-0.586097,0.814421,0.000286529,0.000282506,0.00555858,3788.9,3,0,0,0,-0.0249088,0.0247795,-0.011767,0.0117692,4605.5,-25.6003,1.30108,-3.98972e-05,0.0251016,-71.7561,4639.59,-25.7898,1.31071,-5.62292e-05,-0.0245519,-71.7651,4735.17,-26.3211,1.33772,-0.00177211,0.0118404,-71.7076,4757.01,-26.4425,1.34389,-0.00174832,-0.011794,-71.7127
15.299,537.652,-11.2724,22.5126,0.000707829,-0.574843,0.218124,9.68194e-05,0.000282598,0.00555904,3788.23,3,0,0,0,-0.0248879,0.0247818,-0.0117637,0.0117653,4602.41,-25.5853,1.30063,-0.00014315,0.0246756,-71.7462,4637.88,-25.7824,1.31066,-0.000136831,-0.0244102,-71.7551,4735.19,-26.3234,1.33816,-0.00174976,0.0118339,-71.695,4757.05,-26.4449,1.34434,-0.00174284,-0.0117837,-71.7001
15.309,537.877,-11.2776,22.5087,0.000583007,-0.56762,-0.150546,3.37051e-05,0.000282855,0.00555874,3787.57,3,0,0,0,-0.0249088,0.0247349,-0.011767,0.0117688,4604.57,-25.5959,1.30243,-0.00016413,0.0252107,-71.7306,4641.13,-25.7991,1.31277,-0.000127431,-0.0250829,-71.7393,4735.2,-26.322,1.33938,-0.00176527,0.0118567,-71.6827,4757.04,-26.4435,1.34556,-0.00176013,-0.0118057,-71.6879
15.319,538.102,-11.2827,22.5052,0.00065951,-0.415503,0.0437307,5.4638e-05,0.000283224,0.00555912,3786.9,3,0,0,0,-0.0250261,0.0248707,-0.0117677,0.0117691,4602,-25.5833,1.3034,8.58798e-05,0.0251892,-71.7216,4637.74,-25.782,1.31352,9.30967e-05,-0.0249725,-71.7307,4735.3,-26.3244,1.34115,-0.00176809,0.011858,-71.6697,4757.19,-26.4461,1.34735,-0.00176243,-0.0118081,-71.6748
15.329,538.327,-11.2879,22.5009,0.000593716,-1.04472,-0.522828,-3.60858e-06,0.000283632,0.00555879,3786.25,3,0,0,0,-0.0248862,0.0247772,-0.0117623,0.0117632,4604.7,-25.5968,1.30604,4.36517e-05,0.0242235,-71.7068,4640.01,-25.7931,1.31606,-5.15331e-05,-0.0244638,-71.7157,4735.37,-26.3232,1.3431,-0.00171394,0.0118376,-71.6572,4757.33,-26.4453,1.34933,-0.00172993,-0.0117815,-71.6624
15.339,538.551,-11.293,22.4965,0.000593296,-0.344366,-0.0198904,4.42813e-05,0.000283435,0.00555886,3785.56,3,0,0,0,-0.0249439,0.0248194,-0.0117678,0.0117696,4604.45,-25.5957,1.30506,-0.000395171,0.0251763,-71.6925,4639.75,-25.792,1.31506,-0.000345802,-0.0250046,-71.7019,4735.27,-26.323,1.34214,-0.00173297,0.0118551,-71.645,4757.21,-26.445,1.34836,-0.00172896,-0.0118065,-71.6502
15.349,538.776,-11.2982,22.4928,0.000396409,-0.864235,0.0134053,-0.000105759,0.00028321,0.00555919,3784.9,3,0,0,0,-0.0249163,0.0247536,-0.0117621,0.011765,4603.96,-25.5946,1.30389,-0.000104088,0.0249863,-71.6815,4639.92,-25.7944,1.31407,-8.07483e-05,-0.0245465,-71.6904,4735.52,-26.3259,1.34115,-0.00175739,0.0119214,-71.6322,4757.44,-26.4477,1.34735,-0.00174482,-0.0118738,-71.6374
15.359,539.001,-11.3033,22.4888,0.00056416,-0.618787,-0.0270457,1.2885e-06,0.000283572,0.00555917,3784.28,3,0,0,0,-0.024996,0.0248107,-0.0117669,0.0117686,4602.84,-25.5882,1.30524,-0.000109311,0.0251483,-71.67,4638.83,-25.7883,1.31544,-0.000135664,-0.0248915,-71.6789,4735.39,-26.3251,1.34282,-0.00174993,0.0118594,-71.6196,4757.23,-26.4465,1.34902,-0.00174379,-0.0118107,-71.6248
15.369,539.226,-11.3085,22.4856,0.000598341,-0.066206,0.286489,2.17463e-05,0.00028376,0.005559,3783.68,3,0,0,0,-0.0249202,0.0247633,-0.0117674,0.0117692,4605.1,-25.6,1.30674,-2.24448e-05,0.0257364,-71.6569,4639.9,-25.7935,1.31662,-2.27604e-05,-0.0252755,-71.666,4735.29,-26.3237,1.34368,-0.00177416,0.0118286,-71.6072,4757.15,-26.4452,1.34989,-0.0017579,-0.0117809,-71.6124
15.379,539.451,-11.3136,22.4809,0.000597656,-0.244024,-0.0598488,3.43576e-05,0.000283457,0.0055593,3782.92,3,0,0,0,-0.0249944,0.0248802,-0.0117666,0.0117686,4602.43,-25.5866,1.30459,-0.000376264,0.0249896,-71.6439,4637.23,-25.78,1.31446,-0.000334436,-0.024874,-71.653,4735.17,-26.3245,1.34222,-0.00173044,0.011825,-71.5946,4757.01,-26.4459,1.34841,-0.0017313,-0.0117762,-71.5997
15.389,539.676,-11.3188,22.4778,0.000509879,0.0830214,-0.296606,-3.65461e-05,0.000283377,0.00555893,3782.19,3,0,0,0,-0.0249172,0.0247863,-0.0117666,0.0117685,4603.96,-25.5934,1.30466,-1.58581e-05,0.0253504,-71.6319,4639.86,-25.7929,1.31483,-6.13133e-05,-0.0253324,-71.6407,4735.38,-26.3239,1.3419,-0.00176191,0.0118674,-71.5819,4757.09,-26.4446,1.34805,-0.00176617,-0.0118176,-71.5871
15.399,539.9,-11.3239,22.4733,0.000589091,-0.269794,-0.0119819,3.2487e-05,0.000283331,0.00555895,3781.59,3,0,0,0,-0.0249173,0.0247199,-0.0117658,0.0117675,4602.89,-25.5875,1.30414,-0.000146073,0.0250749,-71.6192,4638.63,-25.7862,1.31427,-0.000155145,-0.0248283,-71.6282,4735.02,-26.322,1.34158,-0.00175716,0.0117905,-71.5692,4756.72,-26.4427,1.34773,-0.00175072,-0.0117417,-71.5743
15.409,540.125,-11.329,22.4707,0.000573651,0.363334,0.121034,-8.51817e-06,0.000283106,0.00555878,3781,3,0,0,0,-0.0248889,0.0246952,-0.0117677,0.0117696,4603.75,-25.5915,1.30335,0.00014251,0.0253085,-71.6068,4639.31,-25.7892,1.31342,0.00017823,-0.0249235,-71.6161,4735.45,-26.3236,1.34063,-0.00179684,0.0118572,-71.5564,4757.14,-26.4441,1.34677,-0.00178397,-0.0118094,-71.5615
15.419,540.35,-11.3342,22.4654,0.000587515,0.0424884,-0.00973606,1.15122e-05,0.000282872,0.0055594,3780.25,3,0,0,0,-0.0250637,0.0249336,-0.0117664,0.011768,4600.19,-25.5746,1.30127,-0.00035347,0.0251156,-71.5948,4635.04,-25.7683,1.31112,-0.000344794,-0.0249341,-71.6037,4735.28,-26.3256,1.33948,-0.00173677,0.0118298,-71.5443,4756.91,-26.4458,1.3456,-0.00173396,-0.0117822,-71.5494
15.429,540.574,-11.3393,22.4622,0.000447544,-0.867228,-0.27163,-7.92791e-05,0.000282655,0.00555824,3779.59,3,0,0,0,-0.0248534,0.0247191,-0.0117698,0.011772,4607.27,-25.6086,1.30227,0.000602871,0.025782,-71.5816,4642.79,-25.806,1.31231,0.000477652,-0.0256725,-71.5904,4735.48,-26.3212,1.33851,-0.00186752,0.0118617,-71.5317,4757.04,-26.4411,1.3446,-0.00186914,-0.0118136,-71.5368
15.439,540.799,-11.3445,22.4581,0.00045283,-1.16544,-0.312654,-2.30459e-05,0.000282451,0.00555858,3778.94,3,0,0,0,-0.0248991,0.0247212,-0.0117667,0.0117688,4603.94,-25.5916,1.30039,0.000350552,0.0244841,-71.5696,4640.37,-25.7941,1.31068,0.000462811,-0.0243499,-71.5787,4735.35,-26.3221,1.33751,-0.0018147,0.0118555,-71.519,4756.9,-26.4419,1.34359,-0.00183065,-0.0118141,-71.524
15.449,541.023,-11.3496,22.4532,0.00053526,-0.597605,-0.0267767,-2.65915e-05,0.000282418,0.00555931,3778.27,3,0,0,0,-0.0250241,0.0248405,-0.0117661,0.011768,4601.5,-25.5814,1.29955,-0.000142808,0.0252196,-71.5574,4637.32,-25.7805,1.30966,-0.000173518,-0.024951,-71.566,4735.5,-26.3264,1.33739,-0.00176584,0.011856,-71.5066,4757.01,-26.4459,1.34346,-0.0017586,-0.0118059,-71.5117
15.459,541.248,-11.3547,22.4497,0.00076153,-1.02367,0.309672,0.000149269,0.000282475,0.00555883,3777.62,3,0,0,0,-0.0249329,0.024804,-0.0117669,0.011769,4605.77,-25.6029,1.30101,0.000195692,0.0251718,-71.543,4639.76,-25.7919,1.31062,0.000163361,-0.0249046,-71.5523,4735.58,-26.3246,1.33768,-0.00181545,0.0118842,-71.4945,4757.15,-26.4444,1.34377,-0.00179764,-0.0118329,-71.4996
15.469,541.472,-11.3599,22.4456,0.000620033,-0.663477,0.0279947,3.3053e-05,0.000282087,0.00555937,3777.17,3,0,0,0,-0.0249543,0.0248381,-0.0117641,0.011766,4603.62,-25.5935,1.29862,-4.42496e-05,0.025152,-71.5325,4638.72,-25.7886,1.30852,-8.37301e-05,-0.0249534,-71.541,4735.34,-26.3258,1.33578,-0.00175748,0.0118035,-71.4814,4756.91,-26.4457,1.34186,-0.00174954,-0.0117615,-71.4865
15.479,541.696,-11.365,22.4422,0.000422032,-0.87689,-0.136005,-8.10689e-05,0.000282061,0.00555907,3776.28,3,0,0,0,-0.024874,0.0247312,-0.0117635,0.0117657,4605.56,-25.6029,1.29905,0.000254903,0.0250202,-71.5188,4641.08,-25.8003,1.30906,0.000283903,-0.024789,-71.5278,4735.46,-26.325,1.33569,-0.00179783,0.0118603,-71.4687,4757.02,-26.4449,1.34177,-0.00179319,-0.0118126,-71.4737
15.489,541.921,-11.3701,22.4378,0.000529838,-0.798376,-0.108411,-1.8894e-05,0.000281857,0.00555951,3775.61,3,0,0,0,-0.0249737,0.0247747,-0.011766,0.0117681,4603.45,-25.5932,1.29752,-4.60481e-05,0.0249833,-71.506,4639.69,-25.7947,1.30773,1.4998e-05,-0.0247438,-71.5145,4735.41,-26.3268,1.33471,-0.00177855,0.0118532,-71.4565,4756.98,-26.4467,1.34079,-0.00177641,-0.0118061,-71.4616
15.499,542.145,-11.3753,22.4337,0.000502364,-0.5941,-0.25787,-4.67137e-05,0.000282092,0.00555961,3774.96,3,0,0,0,-0.0249671,0.0248193,-0.0117662,0.0117681,4603.32,-25.5929,1.29856,-0.000132924,0.0247875,-71.4934,4638.24,-25.7871,1.30841,-0.000160494,-0.0247295,-71.5025,4735.41,-26.3273,1.33582,-0.00173986,0.0118661,-71.4438,4757,-26.4473,1.34191,-0.00174316,-0.0118145,-71.4489
15.509,542.369,-11.3804,22.4311,0.000595642,0.861592,-0.0306172,1.58843e-05,0.00028212,0.00555955,3774.33,3,0,0,0,-0.024915,0.0248052,-0.0117672,0.0117683,4603.61,-25.5943,1.29877,-0.000186216,0.0250631,-71.4815,4638.23,-25.7867,1.30854,-0.000179894,-0.0249639,-71.4903,4735.47,-26.3274,1.33597,-0.00174371,0.0118735,-71.4312,4757.12,-26.4477,1.34208,-0.00174149,-0.0118224,-71.4362
15.519,542.594,-11.3855,22.427,0.000702205,0.415065,0.235937,0.00012065,0.000281883,0.00555948,3773.61,3,0,0,0,-0.0248768,0.0247397,-0.0117689,0.0117717,4603.57,-25.5937,1.29767,-6.93177e-05,0.0247961,-71.4697,4638.48,-25.7878,1.30751,-6.57703e-05,-0.0245311,-71.4784,4735.33,-26.3263,1.33481,-0.00174662,0.0118651,-71.4182,4756.99,-26.4466,1.34091,-0.00173677,-0.0118142,-71.4233
15.529,542.818,-11.3907,22.4213,0.000557978,-0.475137,-0.127603,-1.05439e-05,0.000282179,0.00556005,3772.95,3,0,0,0,-0.0249315,0.0247322,-0.0117652,0.0117667,4602.28,-25.5892,1.29867,-0.000461434,0.0250693,-71.4544,4637.87,-25.787,1.30871,-0.000569074,-0.0248807,-71.463,4735.15,-26.328,1.33616,-0.00166329,0.0117997,-71.4057,4756.72,-26.4479,1.34225,-0.00165686,-0.0117467,-71.4108
15.539,543.042,-11.3958,22.4184,0.000557403,0.0915293,0.0266648,1.2251e-06,0.000282341,0.00556025,3772.27,3,0,0,0,-0.0250464,0.0248612,-0.0117668,0.0117685,4600.88,-25.5823,1.29902,-0.000214444,0.0253147,-71.4446,4636.53,-25.7806,1.30909,-0.000252098,-0.0250065,-71.4534,4735.49,-26.3308,1.33702,-0.00173289,0.0119052,-71.3935,4757.17,-26.4513,1.34315,-0.00172533,-0.0118567,-71.3986
15.549,543.266,-11.4009,22.4146,0.000709611,-0.480172,0.16394,0.000104699,0.000282593,0.00555952,3771.64,3,0,0,0,-0.0248895,0.0247653,-0.0117682,0.0117689,4605.73,-25.6059,1.30155,-1.52684e-05,0.0251079,-71.4297,4640.31,-25.7982,1.31132,5.37098e-05,-0.0248726,-71.4389,4735.31,-26.3263,1.33817,-0.00163799,0.0118486,-71.381,4757.13,-26.4476,1.34433,-0.00163374,-0.0118002,-71.386
15.559,543.49,-11.4061,22.4103,0.000583461,-0.327019,-0.0212558,3.54172e-06,0.000282144,0.00556016,3770.97,3,0,0,0,-0.0250041,0.0248752,-0.0117663,0.011768,4602.78,-25.5925,1.29865,-5.94268e-05,0.0252107,-71.4199,4638.17,-25.7892,1.30863,-6.98815e-05,-0.0250224,-71.4285,4735.27,-26.3291,1.33603,-0.00175244,0.0118601,-71.3683,4757.03,-26.4501,1.34217,-0.00174734,-0.0118103,-71.3734
15.569,543.714,-11.4112,22.4065,9.30684e-05,-0.343531,-1.4133,-0.000304542,0.000282591,0.0055595,3770.29,3,0,0,0,-0.0248049,0.0246599,-0.0117671,0.011769,4607.88,-25.6178,1.30214,4.39105e-05,0.0257613,-71.4027,4644.41,-25.8209,1.31247,0.000119065,-0.0262895,-71.4118,4734.94,-26.3242,1.33805,-0.00179867,0.0117917,-71.3559,4756.79,-26.4456,1.34422,-0.00183955,-0.0117457,-71.3611
15.579,543.938,-11.4163,22.4023,0.000580021,-0.370538,-0.028891,5.0233e-06,0.000282493,0.00556062,3769.64,3,0,0,0,-0.0250828,0.024887,-0.0117657,0.0117674,4601.03,-25.5849,1.29976,-0.000155596,0.0251878,-71.3951,4637.15,-25.7857,1.30996,-0.000181614,-0.0249305,-71.4036,4735.38,-26.3319,1.33771,-0.00174729,0.0118658,-71.3433,4757.16,-26.453,1.34387,-0.00174218,-0.0118159,-71.3484
15.589,544.162,-11.4214,22.3987,0.00100125,-0.658884,0.296095,0.000281694,0.000283032,0.00556006,3768.98,3,0,0,0,-0.0248757,0.0247633,-0.0117589,0.0117607,4606.2,-25.611,1.3037,0.000121307,0.024985,-71.3807,4640.64,-25.8025,1.31345,9.32208e-05,-0.0248634,-71.39,4735.58,-26.3304,1.34032,-0.0018025,0.0118905,-71.3308,4757.39,-26.4516,1.34649,-0.00180824,-0.0118335,-71.3358
15.599,544.386,-11.4266,22.3945,0.000574988,0.224736,-0.107447,2.63911e-05,0.000282715,0.0055603,3768.32,3,0,0,0,-0.0250048,0.0248761,-0.0117688,0.0117702,4602.58,-25.592,1.30122,-0.000475109,0.0248964,-71.3668,4637.63,-25.7869,1.31113,-0.000442263,-0.0247921,-71.376,4735.34,-26.3302,1.33875,-0.00171821,0.0118541,-71.3185,4757.16,-26.4515,1.34492,-0.00171911,-0.0118035,-71.3235
15.609,544.61,-11.4317,22.3905,0.000660869,-0.570823,0.00760987,5.61109e-05,0.000282695,0.00556015,3767.65,3,0,0,0,-0.0249102,0.0247756,-0.011766,0.0117675,4603.62,-25.5971,1.30142,-2.38475e-05,0.0252257,-71.3562,4639.46,-25.7963,1.31155,-2.01168e-05,-0.0250618,-71.365,4735.28,-26.3292,1.33864,-0.00176245,0.0118668,-71.3057,4757.04,-26.4501,1.34479,-0.00175663,-0.0118192,-71.3109
15.619,544.834,-11.4368,22.3865,0.000833014,-0.669503,0.501243,0.000206614,0.000282736,0.00556,3767.02,3,0,0,0,-0.024745,0.0245242,-0.011765,0.0117666,4601.69,-25.5856,1.30106,-0.000176267,0.0235963,-71.3408,4636.32,-25.7782,1.31085,-0.000263677,-0.0230873,-71.3498,4734.49,-26.324,1.33861,-0.00167731,0.0116718,-71.2925,4756.23,-26.4449,1.34476,-0.0016652,-0.0116237,-71.2977
15.629,545.057,-11.4419,22.3824,0.000599966,-0.519638,0.0991635,1.26772e-05,0.000282845,0.00556088,3766.33,3,0,0,0,-0.0250477,0.0248709,-0.0117658,0.0117676,4600.83,-25.5849,1.30132,-0.000213197,0.0251613,-71.331,4635.93,-25.7801,1.31125,-0.000227798,-0.0248494,-71.3397,4735.42,-26.3334,1.33939,-0.00176426,0.0118573,-71.2808,4757.1,-26.454,1.34552,-0.00175201,-0.0118063,-71.2859
15.639,545.281,-11.447,22.3787,0.000783883,-0.714464,0.218641,0.000172445,0.000282862,0.00556063,3765.66,3,0,0,0,-0.0249337,0.0248142,-0.0117628,0.0117642,4603.2,-25.597,1.30207,1.21035e-05,0.0252695,-71.318,4637.6,-25.7882,1.3118,3.8677e-05,-0.0250738,-71.3272,4735.4,-26.3321,1.33947,-0.00176406,0.0118747,-71.2683,4757.1,-26.4528,1.34561,-0.0017577,-0.0118256,-71.2733
15.649,545.505,-11.4522,22.3753,0.000502584,0.44746,-0.104842,-3.84382e-05,0.000282266,0.00556044,3765.01,3,0,0,0,-0.0250158,0.0248662,-0.0117665,0.0117688,4602.25,-25.5908,1.29906,-0.000285686,0.0252408,-71.3059,4637.6,-25.7874,1.30904,-0.000258958,-0.0250778,-71.3145,4735.35,-26.3309,1.33663,-0.00174304,0.0118607,-71.2555,4756.99,-26.4513,1.34274,-0.00174325,-0.0118096,-71.2606
15.659,545.729,-11.4573,22.3714,0.000722897,0.14152,0.256895,0.000126061,0.000282329,0.00556021,3764.35,3,0,0,0,-0.0248896,0.0247326,-0.0117675,0.0117694,4604.67,-25.6032,1.30003,-0.000142791,0.0249627,-71.2929,4640.07,-25.8,1.31003,-0.000160658,-0.0246409,-71.3019,4735.34,-26.3298,1.33692,-0.00174975,0.0118576,-71.243,4756.9,-26.4496,1.34301,-0.00173849,-0.0118076,-71.2481
15.669,545.952,-11.4624,22.3659,0.000590908,-0.719478,-0.0205724,7.68692e-06,0.000282251,0.00556124,3763.83,3,0,0,0,-0.0249721,0.0247295,-0.0117567,0.0117587,4601.29,-25.5891,1.29872,-0.000440615,0.0247635,-71.2794,4637.43,-25.7901,1.30892,-0.000538347,-0.0244909,-71.2879,4734.78,-26.3315,1.3364,-0.00171771,0.0117478,-71.2302,4756.31,-26.4512,1.34247,-0.00171439,-0.0116963,-71.2353
15.679,546.176,-11.4675,22.363,0.000834896,-0.736739,0.352877,0.000193499,0.000282251,0.00556083,3763,3,0,0,0,-0.0249428,0.0248108,-0.0117626,0.0117638,4605.24,-25.6092,1.29983,-5.40662e-05,0.0250968,-71.2674,4639.44,-25.7994,1.30949,-7.35763e-05,-0.0248109,-71.2764,4735.5,-26.3336,1.3366,-0.00177268,0.0118989,-71.218,4757.02,-26.4533,1.34267,-0.00176365,-0.0118485,-71.2229
15.689,546.399,-11.4726,22.3592,0.00060299,-0.515794,0.00305615,4.50031e-05,0.000281864,0.00556068,3762.36,3,0,0,0,-0.0249406,0.0248174,-0.0117667,0.0117686,4604.57,-25.6048,1.29786,8.30786e-06,0.0250896,-71.256,4639.39,-25.7985,1.30768,7.73191e-06,-0.0249142,-71.2647,4735.2,-26.3312,1.33468,-0.00177859,0.0118284,-71.2054,4756.75,-26.4511,1.34076,-0.00177371,-0.011782,-71.2104
15.699,546.623,-11.4777,22.3559,0.000595785,0.956515,-0.0372424,2.40041e-05,0.000281738,0.00556082,3761.69,3,0,0,0,-0.0249417,0.0248004,-0.0117671,0.0117693,4603.2,-25.5978,1.2969,-0.000428412,0.0250428,-71.2418,4638.58,-25.7946,1.30686,-0.000434824,-0.0249072,-71.2505,4735.47,-26.3334,1.33416,-0.00172107,0.0118612,-71.1929,4756.83,-26.4522,1.34018,-0.0017172,-0.0118084,-71.1979
15.709,546.846,-11.4829,22.3512,0.000554247,-0.299434,-0.0695878,-1.42337e-05,0.000281845,0.00556101,3760.87,3,0,0,0,-0.0249969,0.0248209,-0.0117665,0.0117683,4602.62,-25.5955,1.29722,-0.000175491,0.0252222,-71.2305,4638.31,-25.7939,1.30728,-0.000234673,-0.025014,-71.2389,4735.47,-26.3342,1.33467,-0.00173628,0.0118602,-71.1805,4756.89,-26.4534,1.3407,-0.00173035,-0.0118073,-71.1855
15.719,547.07,-11.488,22.3474,0.000419941,-0.270749,-0.429791,-9.63881e-05,0.000281917,0.00556074,3760.38,3,0,0,0,-0.0249446,0.0247806,-0.0117673,0.011769,4603.12,-25.597,1.2977,-0.000118448,0.0246087,-71.2173,4638.53,-25.7939,1.30768,-0.000125407,-0.024603,-71.2262,4735.52,-26.3333,1.33502,-0.00178588,0.0118861,-71.168,4757.11,-26.4533,1.34111,-0.00179392,-0.0118343,-71.173
15.729,547.293,-11.4931,22.3433,0.000759139,-0.532798,0.267026,0.000139261,0.00028174,0.00556098,3759.7,3,0,0,0,-0.0250475,0.0249099,-0.0117668,0.0117686,4603.15,-25.5983,1.29689,-0.00012571,0.0252276,-71.2046,4637.87,-25.7914,1.30667,-0.000112295,-0.024928,-71.2136,4735.33,-26.3333,1.33413,-0.0017793,0.0118599,-71.1553,4757.01,-26.4539,1.34024,-0.00176839,-0.0118115,-71.1603
15.739,547.516,-11.4982,22.3395,0.000617378,-0.278471,-0.0488383,1.79001e-05,0.000281869,0.00556059,3759.05,3,0,0,0,-0.0248302,0.0247328,-0.0117654,0.0117672,4605.18,-25.6078,1.29806,-8.99193e-05,0.0251952,-71.1917,4640.31,-25.8032,1.30796,-0.000106896,-0.0250787,-71.2006,4735.33,-26.3315,1.33474,-0.00175776,0.011865,-71.1429,4757.01,-26.452,1.34085,-0.00175652,-0.0118138,-71.1479
15.749,547.74,-11.5033,22.3352,0.000402889,-0.926464,-0.145824,-0.000115971,0.000281667,0.00556092,3758.4,3,0,0,0,-0.0249724,0.0247937,-0.0117626,0.0117648,4602.83,-25.5963,1.29647,-5.70274e-05,0.0248089,-71.1808,4638.82,-25.7964,1.3066,-7.00208e-05,-0.0245171,-71.1895,4735.34,-26.3332,1.33379,-0.00176644,0.0118579,-71.1302,4757.02,-26.4537,1.3399,-0.00175928,-0.011808,-71.1353
15.759,547.963,-11.5084,22.3315,0.000510155,-0.271041,-0.0712531,-4.78108e-05,0.000281896,0.00556092,3757.69,3,0,0,0,-0.0249699,0.0247737,-0.011766,0.011768,4602.2,-25.5927,1.29734,-0.00014288,0.0251389,-71.1678,4638,-25.7918,1.30743,-0.000207884,-0.0248666,-71.1765,4735.18,-26.3323,1.33483,-0.00174866,0.0118138,-71.1176,4756.83,-26.4527,1.34093,-0.00174341,-0.0117623,-71.1227
15.769,548.186,-11.5135,22.3277,0.000273075,-0.462344,-0.703076,-0.000196611,0.000282179,0.00556054,3757.04,3,0,0,0,-0.0248432,0.0247415,-0.0117675,0.011769,4602.35,-25.5918,1.29868,-0.000198116,0.0237368,-71.1529,4637.61,-25.7879,1.30864,-0.00017938,-0.0238887,-71.1621,4735.45,-26.332,1.33624,-0.00168193,0.0119043,-71.1051,4757.18,-26.4528,1.34237,-0.00168927,-0.0118506,-71.11
15.779,548.41,-11.5186,22.3239,0.000606096,-0.181117,-0.0138589,1.79885e-05,0.000281508,0.00556112,3756.39,3,0,0,0,-0.025057,0.0249138,-0.0117669,0.0117687,4600.86,-25.5862,1.29518,-1.18112e-05,0.0252064,-71.1452,4636.31,-25.7833,1.30516,-3.1685e-05,-0.0250297,-71.1535,4735.33,-26.334,1.33303,-0.00176229,0.0118596,-71.0924,4756.98,-26.4544,1.33913,-0.00175815,-0.01181,-71.0975
15.789,548.633,-11.5237,22.3208,0.000853586,1.29832,-0.0622916,0.000220393,0.000282006,0.00556017,3755.73,3,0,0,0,-0.0248682,0.0247363,-0.0117693,0.0117709,4605.77,-25.6092,1.29886,-0.000350434,0.02548,-71.1272,4640.95,-25.8048,1.30878,-0.00037095,-0.0255864,-71.1363,4735.35,-26.3297,1.3354,-0.00173856,0.0118533,-71.08,4756.93,-26.4497,1.34149,-0.00174653,-0.0118003,-71.0851
15.799,548.856,-11.5288,22.3159,0.000584898,-0.0546293,-0.0350752,1.54018e-05,0.000281654,0.00556106,3754.95,3,0,0,0,-0.0250426,0.0248381,-0.0117672,0.0117689,4602.15,-25.5931,1.29621,-0.000228229,0.0252773,-71.118,4638.13,-25.7932,1.30635,-0.00022817,-0.0250307,-71.1265,4735.49,-26.3346,1.33377,-0.00174787,0.0119227,-71.0674,4757.08,-26.4547,1.33985,-0.00174389,-0.0118733,-71.0725
15.809,549.079,-11.5339,22.3118,0.000701035,-1.0613,-0.147377,8.50834e-05,0.00028214,0.00556078,3754.41,3,0,0,0,-0.0249086,0.0247812,-0.0117602,0.0117615,4604.24,-25.6034,1.29904,6.96707e-05,0.0244976,-71.1044,4639.39,-25.7989,1.30896,8.40341e-05,-0.0245064,-71.1135,4735.43,-26.333,1.33605,-0.00167634,0.0118622,-71.0551,4757.02,-26.453,1.34214,-0.00168008,-0.0118105,-71.06
15.819,549.302,-11.539,22.3077,0.000523858,-0.456182,-0.200477,-2.44205e-05,0.000281909,0.00556101,3753.76,3,0,0,0,-0.0249256,0.0248321,-0.0117645,0.0117667,4603.2,-25.5987,1.29768,-0.000240541,0.0246243,-71.0926,4638.37,-25.7943,1.3076,-0.000222115,-0.024576,-71.1015,4735.34,-26.3335,1.33493,-0.0017119,0.0118404,-71.0423,4757,-26.454,1.34104,-0.0017114,-0.0117895,-71.0473
15.829,549.525,-11.5441,22.3034,0.000719142,-0.795227,0.176077,9.90635e-05,0.000281816,0.00556098,3753.09,3,0,0,0,-0.0249074,0.0247694,-0.011763,0.0117645,4603.15,-25.5983,1.29724,-0.000235863,0.0248615,-71.0796,4638.55,-25.7952,1.30722,-0.000226518,-0.0246028,-71.0884,4735.29,-26.3332,1.33448,-0.00173226,0.0118539,-71.0301,4757,-26.4539,1.3406,-0.00172349,-0.0118045,-71.0352
15.839,549.748,-11.5492,22.2998,0.000588368,-0.168109,0.0232919,-2.04844e-07,0.000282034,0.00556093,3752.43,3,0,0,0,-0.0249452,0.0247613,-0.0117665,0.0117683,4602.63,-25.5952,1.2981,-0.000337021,0.0250156,-71.0659,4638.72,-25.7959,1.30828,-0.000395474,-0.0247409,-71.0743,4735.18,-26.3322,1.33548,-0.00174019,0.0118341,-71.0176,4756.85,-26.4528,1.34159,-0.00173083,-0.0117827,-71.0228
15.849,549.971,-11.5543,22.2963,0.000592828,-0.00919918,0.00773457,2.39336e-05,0.000282257,0.00556102,3751.75,3,0,0,0,-0.0250135,0.0248445,-0.011767,0.0117687,4602.07,-25.5925,1.29897,-0.000222814,0.0251509,-71.0545,4637.35,-25.7887,1.30893,-0.000233741,-0.024909,-71.0633,4735.33,-26.3335,1.33658,-0.00174976,0.011865,-71.005,4757.04,-26.4543,1.34271,-0.00174495,-0.0118152,-71.01
15.859,550.194,-11.5594,22.292,0.000308254,-0.498214,-0.443442,-0.000176049,0.000282319,0.00556081,3751.1,3,0,0,0,-0.024931,0.0248131,-0.011766,0.0117681,4603.08,-25.5971,1.29954,-0.000197016,0.024987,-71.0415,4638.25,-25.7927,1.30947,-0.000184664,-0.0249284,-71.0504,4735.32,-26.3325,1.33687,-0.00172858,0.0118586,-70.9924,4757.08,-26.4535,1.34302,-0.00173536,-0.0118077,-70.9974
15.869,550.417,-11.5645,22.2878,0.000660243,-0.51745,0.0493734,5.82876e-05,0.000282357,0.00556101,3750.45,3,0,0,0,-0.0248502,0.0247751,-0.0117618,0.0117637,4603.49,-25.6003,1.29983,-0.000346891,0.0247286,-71.0289,4638.64,-25.7958,1.30975,-0.000306546,-0.0245791,-71.0379,4735.28,-26.3332,1.33704,-0.00173297,0.0118601,-70.9798,4757.03,-26.4542,1.34318,-0.00172807,-0.0118089,-70.9849
15.879,550.639,-11.5696,22.2839,0.000889515,-1.08495,0.63151,0.000230664,0.000282468,0.00556067,3749.85,3,0,0,0,-0.0249144,0.0247294,-0.0117658,0.0117672,4602.3,-25.5921,1.3,-0.000135163,0.0242365,-71.0165,4637.79,-25.7895,1.31003,-0.000166985,-0.0236858,-71.0252,4735.06,-26.3304,1.33751,-0.00176071,0.0118852,-70.9674,4756.93,-26.452,1.34368,-0.0017446,-0.011837,-70.9726
15.889,550.862,-11.5747,22.2806,0.000603908,-0.310257,0.0131278,2.22418e-05,0.000282809,0.00556106,3749.12,3,0,0,0,-0.0250265,0.0248564,-0.0117669,0.0117686,4601.59,-25.59,1.30137,-7.19913e-05,0.0252016,-71.0055,4637.32,-25.7887,1.31148,-7.72431e-05,-0.0249462,-71.0144,4735.28,-26.3334,1.33918,-0.00177014,0.0118604,-70.9548,4757.08,-26.4547,1.34535,-0.00176393,-0.0118099,-70.9599
15.899,551.085,-11.5798,22.2769,0.000958686,-0.796188,0.343603,0.000244188,0.000283037,0.00556069,3748.47,3,0,0,0,-0.024949,0.0248283,-0.0117648,0.011766,4604.53,-25.6046,1.30325,0.000235193,0.0250228,-70.9923,4639.36,-25.7983,1.31311,0.000176498,-0.0248031,-71.0013,4735.26,-26.3316,1.34025,-0.0018305,0.0118615,-70.9423,4757.04,-26.4527,1.34642,-0.00182179,-0.0118047,-70.9474
15.909,551.308,-11.5849,22.2724,0.00062456,-0.35209,0.0628246,3.50584e-05,0.000283144,0.00556098,3747.78,3,0,0,0,-0.0249294,0.0248373,-0.0117659,0.0117678,4604.28,-25.6046,1.30367,-0.000115376,0.0253491,-70.9792,4639.27,-25.7992,1.31358,-0.000161519,-0.0251446,-70.9882,4735.34,-26.3334,1.34078,-0.00176537,0.0118693,-70.9298,4757.14,-26.4546,1.34696,-0.00175567,-0.0118176,-70.9349
15.919,551.53,-11.59,22.2683,0.000440075,-0.811307,-0.405093,-6.74212e-05,0.000283354,0.00556059,3747.06,3,0,0,0,-0.0248068,0.0246589,-0.0117645,0.0117663,4606.29,-25.6139,1.30521,-0.000118849,0.0250786,-70.9647,4642.14,-25.8133,1.31537,-8.65797e-05,-0.0250607,-70.9738,4735.18,-26.3307,1.34173,-0.00175646,0.0118611,-70.9173,4757.06,-26.4523,1.34793,-0.00176357,-0.0118129,-70.9223
15.929,551.753,-11.5951,22.2642,0.000705206,-0.405163,0.115748,8.80078e-05,0.000283383,0.00556132,3746.48,3,0,0,0,-0.0250101,0.0248076,-0.0117656,0.0117673,4600.77,-25.5866,1.30378,-0.000360053,0.0248936,-70.9548,4637.11,-25.7887,1.31408,-0.000390402,-0.024605,-70.9634,4735.03,-26.3333,1.34183,-0.00173365,0.0118287,-70.9048,4756.94,-26.4552,1.34804,-0.00172603,-0.0117776,-70.91
15.939,551.975,-11.6002,22.2611,0.000627111,0.20307,0.0389079,5.51804e-05,0.000283856,0.00556115,3745.8,3,0,0,0,-0.0249413,0.0247707,-0.0117652,0.0117661,4602.76,-25.5969,1.30652,-0.000160155,0.0253165,-70.9421,4638.23,-25.7941,1.31659,-0.000192425,-0.0250627,-70.9512,4735.09,-26.3328,1.34408,-0.0017395,0.0118594,-70.8922,4757.05,-26.455,1.35032,-0.00173712,-0.0118102,-70.8974
15.949,552.198,-11.6053,22.2567,0.000504892,-0.461681,-0.388187,-3.74165e-05,0.000283585,0.00556112,3745.17,3,0,0,0,-0.0249766,0.0248499,-0.0117672,0.0117689,4601.87,-25.5918,1.30502,-0.000262315,0.0242741,-70.9291,4637.29,-25.7888,1.31506,-0.000227027,-0.0243329,-70.9379,4735.12,-26.3328,1.34281,-0.00172886,0.0118712,-70.8798,4757.03,-26.4547,1.34902,-0.0017353,-0.0118229,-70.8849
15.959,552.42,-11.6104,22.2531,0.000601294,-0.389153,-0.0283509,3.27405e-05,0.000283618,0.00556102,3744.49,3,0,0,0,-0.0249182,0.0248005,-0.0117666,0.0117684,4604.12,-25.6038,1.30581,-1.69146e-05,0.0251562,-70.9172,4639.55,-25.8009,1.31586,-4.60794e-05,-0.0249986,-70.9259,4735.33,-26.3335,1.34302,-0.00176784,0.0118449,-70.8671,4757.17,-26.455,1.34922,-0.0017633,-0.0117955,-70.8723
15.969,552.643,-11.6155,22.249,0.000649919,-0.866793,0.139833,7.95941e-05,0.000283427,0.00556087,3743.83,3,0,0,0,-0.024899,0.0247167,-0.0117656,0.0117672,4604.27,-25.604,1.30497,3.55456e-05,0.024894,-70.904,4640.55,-25.8058,1.31525,7.09113e-05,-0.0245545,-70.9129,4735.22,-26.3322,1.34209,-0.00178236,0.0118571,-70.8548,4757.02,-26.4535,1.34827,-0.00177518,-0.0118116,-70.8599
15.979,552.865,-11.6205,22.2451,0.000551292,-0.207921,-0.00548781,-4.39388e-06,0.000283753,0.00556143,3743.17,3,0,0,0,-0.0250539,0.0248899,-0.011768,0.0117698,4601.43,-25.5908,1.30567,-0.000133119,0.0252567,-70.8928,4637.17,-25.7895,1.31581,-0.0001591,-0.0249862,-70.9017,4735.25,-26.335,1.34364,-0.00175598,0.0118615,-70.8421,4757,-26.456,1.34981,-0.00174784,-0.0118117,-70.8472
15.989,553.088,-11.6256,22.2412,0.000539664,-0.47206,0.226754,-8.31608e-06,0.000283743,0.00556101,3742.52,3,0,0,0,-0.0249238,0.0247806,-0.0117666,0.0117681,4605.44,-25.6112,1.30676,5.76881e-05,0.0255979,-70.8775,4640.62,-25.8068,1.31674,-4.16734e-05,-0.025228,-70.8864,4735.23,-26.333,1.34359,-0.00183254,0.0118553,-70.8297,4757.05,-26.4542,1.34978,-0.001806,-0.0118063,-70.8349
15.999,553.31,-11.6307,22.2373,0.000641092,-0.226215,0.0453385,5.1478e-05,0.000283835,0.00556132,3741.84,3,0,0,0,-0.0249178,0.0248281,-0.0117658,0.0117679,4604.01,-25.6047,1.30678,-0.0001028,0.0253218,-70.8672,4639.14,-25.8,1.31675,-0.00012576,-0.0251617,-70.8762,4735.27,-26.3346,1.34404,-0.00176208,0.0118645,-70.8172,4757.02,-26.4556,1.35021,-0.00175691,-0.0118169,-70.8223
16.009,553.532,-11.6358,22.233,0.00049816,-0.966315,-0.0593046,-2.60315e-05,0.000283555,0.0055614,3741.2,3,0,0,0,-0.0249013,0.0247411,-0.0117601,0.0117624,4603.26,-25.6009,1.30528,-6.51884e-05,0.0245807,-70.8551,4638.87,-25.7989,1.31537,-8.39679e-05,-0.0242934,-70.8639,4735.16,-26.3344,1.34268,-0.00174848,0.0118535,-70.8046,4756.94,-26.4555,1.34885,-0.00173812,-0.011801,-70.8098
16.019,553.755,-11.6409,22.2285,0.000514827,-0.447542,-0.0255364,-5.16025e-05,0.000283954,0.00556186,3740.53,3,0,0,0,-0.0250589,0.0248856,-0.0117663,0.0117681,4601.25,-25.5918,1.30654,-0.000489292,0.0249785,-70.8402,4637.31,-25.7923,1.31678,-0.000613718,-0.0246929,-70.8484,4735.24,-26.337,1.34459,-0.00171127,0.0118568,-70.7924,4756.99,-26.458,1.35077,-0.00169982,-0.0118051,-70.7977
16.029,553.977,-11.646,22.2258,0.000606804,-0.253898,-0.00985333,7.00671e-05,0.000284022,0.00556145,3739.86,3,0,0,0,-0.0249447,0.0247699,-0.0117662,0.0117682,4603.88,-25.6045,1.3076,2.53963e-05,0.025214,-70.8293,4639.23,-25.8011,1.31764,6.58103e-05,-0.0250039,-70.8386,4735.09,-26.3342,1.34487,-0.00176815,0.011862,-70.7795,4756.98,-26.456,1.35109,-0.00176516,-0.0118157,-70.7846
16.039,554.199,-11.651,22.2215,0.000410945,-0.558703,-0.394745,-9.55051e-05,0.000283927,0.00556115,3739.22,3,0,0,0,-0.0247852,0.0246869,-0.0117649,0.011767,4604.68,-25.6076,1.3074,-0.000173113,0.0240852,-70.8146,4640.53,-25.8069,1.31757,-0.000195357,-0.0240781,-70.8233,4735.18,-26.3333,1.34445,-0.00174453,0.0118515,-70.7672,4757.06,-26.455,1.35066,-0.00174362,-0.0118014,-70.7723
16.049,554.421,-11.6561,22.2169,0.000662696,-0.389608,-0.0511661,9.69836e-05,0.000283843,0.00556213,3738.55,3,0,0,0,-0.0250878,0.0249455,-0.0117667,0.0117685,4599.96,-25.5858,1.30567,-0.000477288,0.0249014,-70.8041,4636.06,-25.7867,1.31592,-0.0004201,-0.0247815,-70.8134,4735.22,-26.3382,1.34406,-0.00172045,0.0118676,-70.7548,4757.15,-26.4602,1.35029,-0.00172438,-0.0118207,-70.76
16.059,554.643,-11.6612,22.2143,0.000559635,-0.187187,-0.0646605,1.03383e-05,0.000283789,0.00556126,3737.89,3,0,0,0,-0.0248856,0.0247131,-0.0117704,0.0117722,4603.91,-25.6038,1.30654,0.000170513,0.0252488,-70.7915,4639.78,-25.8033,1.31672,0.000232604,-0.0250226,-70.8001,4734.97,-26.3327,1.34373,-0.00181631,0.0118002,-70.7428,4756.76,-26.4538,1.34991,-0.00181385,-0.0117509,-70.748
16.069,554.865,-11.6663,22.2096,0.000549705,-0.479203,-0.128044,1.15132e-05,0.000283974,0.00556164,3737.25,3,0,0,0,-0.0249708,0.0247989,-0.0117678,0.0117694,4602.82,-25.5995,1.30708,-0.000226433,0.024708,-70.7783,4638.26,-25.7966,1.31714,-0.000216436,-0.024543,-70.7875,4735.38,-26.3367,1.34473,-0.00177788,0.011861,-70.7297,4757.16,-26.4578,1.35091,-0.00177785,-0.0118131,-70.7348
16.079,555.087,-11.6713,22.2064,0.000437489,0.24748,-0.0633352,-8.03869e-05,0.000283781,0.00556171,3736.56,3,0,0,0,-0.0249525,0.0248261,-0.0117684,0.0117701,4603.74,-25.6049,1.30645,-5.62977e-05,0.0253376,-70.7676,4638.21,-25.7967,1.31624,-6.89547e-05,-0.0250862,-70.7765,4735.28,-26.3365,1.34378,-0.00176493,0.0118575,-70.717,4757.08,-26.4578,1.34997,-0.00175655,-0.0118099,-70.7221
16.089,555.309,-11.6764,22.2021,0.000593075,-0.145692,-0.0183242,4.5608e-05,0.000283398,0.00556172,3735.9,3,0,0,0,-0.0249694,0.024834,-0.011768,0.0117699,4604.09,-25.6069,1.30479,-0.000142041,0.0251239,-70.7541,4639.05,-25.8014,1.3147,-0.000149858,-0.0249637,-70.7629,4735.26,-26.3365,1.34196,-0.00175286,0.0118519,-70.7046,4757.03,-26.4575,1.34813,-0.0017488,-0.0118058,-70.7097
16.099,555.531,-11.6815,22.1978,0.000476085,-0.511118,-0.367549,-4.77823e-05,0.000283186,0.00556185,3735.24,3,0,0,0,-0.0248411,0.0246965,-0.0117645,0.0117667,4605.25,-25.614,1.30414,-0.000103861,0.0252539,-70.7407,4641.23,-25.8141,1.31433,-9.70628e-05,-0.0252359,-70.7496,4735.3,-26.3373,1.34097,-0.00176889,0.0118599,-70.6922,4756.96,-26.4578,1.3471,-0.00177651,-0.0118127,-70.6974
16.109,555.753,-11.6866,22.1934,0.000570447,-0.497529,0.034418,1.67026e-05,0.000283202,0.00556223,3734.58,3,0,0,0,-0.0249999,0.0248102,-0.0117656,0.0117675,4601.18,-25.5931,1.30307,-0.000428672,0.0243898,-70.7279,4637,-25.7923,1.31321,-0.000535006,-0.024103,-70.7364,4735.12,-26.3381,1.341,-0.00171164,0.011821,-70.6798,4756.7,-26.4582,1.34711,-0.00170323,-0.0117717,-70.6849
16.119,555.975,-11.6916,22.1903,0.000538405,-0.0672945,-0.0477261,1.02129e-05,0.000283311,0.00556222,3733.91,3,0,0,0,-0.0249879,0.0248346,-0.0117666,0.0117684,4602.49,-25.6003,1.30394,-0.000148911,0.0252392,-70.7171,4637.89,-25.7972,1.31397,-0.000160376,-0.0250266,-70.7263,4735.11,-26.338,1.34151,-0.00175085,0.0118325,-70.6671,4756.75,-26.4584,1.34764,-0.00175031,-0.0117853,-70.6722
16.129,556.197,-11.6967,22.1855,0.000679311,-0.597336,0.158896,0.00010426,0.000283133,0.00556253,3733.27,3,0,0,0,-0.0249319,0.0248303,-0.0117617,0.0117633,4604.02,-25.6103,1.30355,-0.000355335,0.0252794,-70.7026,4638.95,-25.8046,1.31344,-0.000320179,-0.0250571,-70.7117,4735.13,-26.3396,1.34067,-0.0017547,0.0118411,-70.655,4756.81,-26.4602,1.34681,-0.00174608,-0.0117963,-70.66
16.139,556.419,-11.7018,22.182,0.000425438,-0.799603,-0.188481,-7.42317e-05,0.000283051,0.00556222,3732.58,3,0,0,0,-0.0248853,0.0247595,-0.0117633,0.0117653,4604.15,-25.6096,1.30321,-9.97339e-05,0.0250545,-70.6911,4640.13,-25.8097,1.31339,-9.72599e-05,-0.0248685,-70.7,4735.27,-26.3389,1.34032,-0.00175162,0.0119178,-70.6422,4756.99,-26.4597,1.34647,-0.00175043,-0.0118671,-70.6473
16.149,556.64,-11.7069,22.1784,0.00044177,0.0748393,-0.136074,-8.25881e-05,0.000283049,0.00556223,3731.93,3,0,0,0,-0.0249856,0.0248148,-0.0117669,0.0117696,4602.49,-25.6004,1.30273,-0.000359803,0.0249417,-70.6773,4638.79,-25.8023,1.313,-0.000419591,-0.0246631,-70.6857,4735.26,-26.3389,1.34031,-0.00168544,0.0118672,-70.6307,4757.01,-26.4598,1.34647,-0.00167748,-0.0118169,-70.6358
16.159,556.862,-11.7119,22.1743,0.000393819,-0.625944,-0.294008,-9.72137e-05,0.000283303,0.00556225,3731.28,3,0,0,0,-0.0249475,0.0247674,-0.0117651,0.0117673,4602.53,-25.6007,1.30391,-5.25612e-05,0.024798,-70.6671,4638.39,-25.8001,1.31407,-6.90605e-05,-0.0246415,-70.676,4735.23,-26.3388,1.34151,-0.00176586,0.0118536,-70.6173,4757.03,-26.4601,1.34768,-0.00176634,-0.011805,-70.6224
16.169,557.084,-11.717,22.1703,0.000796854,-0.69455,0.201219,0.000177264,0.000283496,0.00556249,3730.64,3,0,0,0,-0.0249389,0.0248252,-0.0117617,0.0117632,4604.21,-25.6111,1.30528,-9.33369e-05,0.0250025,-70.654,4638.8,-25.8035,1.31508,-0.000109845,-0.0248349,-70.6629,4735.23,-26.3399,1.34242,-0.00176082,0.0118568,-70.6048,4757.09,-26.4615,1.34862,-0.00175692,-0.0118086,-70.6099
16.179,557.305,-11.7221,22.1663,0.00054267,-0.888298,-0.0667029,2.45677e-05,0.000283218,0.00556242,3729.85,3,0,0,0,-0.0249657,0.0248307,-0.0117636,0.0117656,4603.61,-25.6075,1.30383,-6.65438e-05,0.0249357,-70.641,4639.06,-25.8046,1.31387,-5.18108e-05,-0.0247452,-70.65,4735.28,-26.3399,1.34112,-0.00177472,0.0118944,-70.5924,4757.17,-26.4617,1.34732,-0.00177142,-0.0118466,-70.5975
16.189,557.527,-11.7271,22.1625,0.000445169,-0.581364,-0.164754,-6.94441e-05,0.000283043,0.00556248,3729.27,3,0,0,0,-0.024851,0.0246827,-0.0117637,0.0117657,4603.93,-25.6096,1.30311,-6.14992e-05,0.0251004,-70.6294,4640.08,-25.8106,1.31334,-6.57036e-05,-0.0248767,-70.6379,4735.24,-26.34,1.34028,-0.00176214,0.0118579,-70.5797,4757.04,-26.4612,1.34645,-0.00175802,-0.0118106,-70.5848
16.199,557.748,-11.7322,22.1585,0.000609916,-0.826636,0.00143761,5.19161e-05,0.000283481,0.00556263,3728.65,3,0,0,0,-0.0249946,0.0248259,-0.0117644,0.0117662,4603.48,-25.6077,1.305,-7.26097e-05,0.0250714,-70.6167,4639.04,-25.8055,1.31508,-7.40583e-05,-0.0248597,-70.6258,4735.28,-26.3409,1.34236,-0.00176358,0.0118598,-70.5673,4757.06,-26.462,1.34854,-0.00175862,-0.0118121,-70.5724
16.209,557.97,-11.7373,22.1551,0.00089675,-0.715474,0.434233,0.000241229,0.00028359,0.00556264,3727.98,3,0,0,0,-0.0249398,0.0247971,-0.0117643,0.0117654,4605.55,-25.6193,1.30609,0.000220343,0.0253947,-70.6046,4640.02,-25.811,1.31587,0.000201984,-0.0251025,-70.6136,4735.16,-26.3403,1.34285,-0.00180085,0.0118735,-70.5546,4757,-26.4617,1.34904,-0.00178787,-0.0118259,-70.5597
16.219,558.191,-11.7423,22.1508,0.000817098,-0.754421,0.397204,0.000189266,0.00028333,0.00556278,3727.32,3,0,0,0,-0.0249795,0.0248609,-0.0117648,0.0117664,4603.19,-25.6068,1.30423,-2.01682e-05,0.0246803,-70.5918,4637.99,-25.8004,1.31409,-0.000102223,-0.024358,-70.6006,4735.19,-26.341,1.34162,-0.00179316,0.0118555,-70.5423,4756.99,-26.4624,1.3478,-0.0017735,-0.0118082,-70.5474
16.229,558.413,-11.7474,22.1469,0.000637334,-0.366532,-0.0449012,7.042e-05,0.000283385,0.0055625,3726.66,3,0,0,0,-0.0248931,0.0247612,-0.0117662,0.0117678,4604.19,-25.6111,1.30476,-0.000143533,0.0251052,-70.5783,4639.83,-25.8093,1.31486,-0.000126283,-0.0249756,-70.5872,4734.86,-26.3379,1.34179,-0.00176232,0.0118006,-70.5299,4756.68,-26.4593,1.34797,-0.00176064,-0.0117562,-70.535
16.239,558.634,-11.7524,22.1434,0.000530289,0.416671,-0.058319,5.95797e-06,0.000283347,0.00556276,3726.01,3,0,0,0,-0.0250009,0.0248217,-0.0117667,0.0117688,4602.63,-25.6036,1.30414,-0.000364567,0.0250565,-70.5659,4638.79,-25.8047,1.31439,-0.000389976,-0.0248179,-70.5745,4735.19,-26.341,1.3417,-0.00173922,0.0118592,-70.5174,4756.97,-26.4622,1.34787,-0.0017345,-0.0118112,-70.5226
16.249,558.856,-11.7575,22.1393,0.0006132,0.00978928,-0.133551,6.57837e-05,0.000283662,0.00556281,3725.31,3,0,0,0,-0.0249837,0.0248149,-0.0117663,0.0117671,4602.71,-25.6043,1.30562,-0.000218605,0.0250449,-70.554,4638.44,-25.8031,1.31575,-0.00026294,-0.0249526,-70.5629,4735.16,-26.3411,1.34319,-0.00171923,0.0118715,-70.5046,4756.98,-26.4625,1.34938,-0.0017251,-0.0118238,-70.5097
16.259,559.077,-11.7626,22.1348,0.000648335,-1.09905,-0.11499,0.000100206,0.000283481,0.00556255,3724.69,3,0,0,0,-0.0249991,0.0248553,-0.0117629,0.0117649,4603.96,-25.61,1.30513,-0.000107232,0.0248899,-70.541,4639.45,-25.8074,1.31519,-6.87489e-05,-0.0248152,-70.5501,4735.08,-26.3393,1.3423,-0.00174982,0.0118562,-70.4924,4757.04,-26.4615,1.34853,-0.00176035,-0.0118133,-70.4975
16.269,559.298,-11.7676,22.1315,0.000656812,-0.0314611,0.0508874,8.34951e-05,0.00028356,0.0055626,3724.01,3,0,0,0,-0.0248327,0.0247394,-0.0117657,0.0117675,4604.56,-25.6136,1.30567,-0.000192655,0.0252506,-70.5288,4639.76,-25.8094,1.31565,-0.000159451,-0.0251244,-70.5379,4735.15,-26.3401,1.3427,-0.00174526,0.011855,-70.4798,4757.01,-26.4616,1.3489,-0.0017412,-0.0118067,-70.4849
16.279,559.519,-11.7727,22.1264,0.00092701,-1.44787,0.506011,0.000267764,0.000283782,0.00556236,3723.36,3,0,0,0,-0.0248849,0.0246953,-0.0117697,0.0117711,4604.17,-25.6103,1.30658,-0.000294033,0.0244051,-70.513,4640.26,-25.8111,1.31682,-0.000290537,-0.0239963,-70.5217,4735.14,-26.3388,1.34375,-0.00173329,0.0118568,-70.4676,4757.01,-26.4605,1.34995,-0.00172431,-0.0118111,-70.4727
16.289,559.741,-11.7777,22.1237,0.00057267,0.167893,0.0247494,8.76313e-06,0.000283903,0.00556328,3722.7,3,0,0,0,-0.0250739,0.0248914,-0.0117669,0.0117686,4599.23,-25.5871,1.30574,-0.000114227,0.0252726,-70.5071,4635.51,-25.7889,1.31604,-0.000179158,-0.0249838,-70.5157,4735.16,-26.3433,1.34433,-0.00174157,0.0118581,-70.4547,4757.02,-26.4649,1.35053,-0.00173453,-0.0118092,-70.4598
16.299,559.962,-11.7828,22.1194,0.000413111,0.0649308,-0.112527,-7.669e-05,0.000283962,0.00556273,3722.07,3,0,0,0,-0.0249199,0.0247716,-0.0117674,0.0117692,4603.61,-25.6089,1.30725,-0.000482108,0.0252127,-70.4886,4639.42,-25.8081,1.31742,-0.000533182,-0.0249238,-70.4975,4735.26,-26.3413,1.34464,-0.0017971,0.0119376,-70.4425,4757.16,-26.4631,1.35085,-0.00179807,-0.0118905,-70.4476
16.309,560.183,-11.7879,22.1152,0.000591725,-0.428157,-0.0400034,5.1204e-05,0.000284108,0.00556302,3721.38,3,0,0,0,-0.0249739,0.0248655,-0.0117656,0.0117675,4602.89,-25.6062,1.30772,-0.000296526,0.0250675,-70.478,4638.17,-25.8025,1.31774,-0.000279089,-0.0249186,-70.4874,4734.89,-26.3406,1.34522,-0.00175588,0.0118114,-70.43,4756.82,-26.4625,1.35145,-0.00174815,-0.011766,-70.4351
16.319,560.404,-11.7929,22.1121,0.000430463,-0.857802,-0.515725,-5.82999e-05,0.00028394,0.00556251,3720.71,3,0,0,0,-0.0249061,0.0247479,-0.0117679,0.0117705,4605.65,-25.6192,1.30773,0.000430141,0.0253832,-70.4664,4642.24,-25.8228,1.31812,0.000437669,-0.0253957,-70.4751,4735.11,-26.3394,1.34449,-0.00183298,0.0118586,-70.4174,4757.03,-26.4613,1.35071,-0.00185286,-0.0118143,-70.4225
16.329,560.625,-11.798,22.108,0.000639418,0.316511,0.00953087,6.73248e-05,0.000284101,0.00556307,3720.07,3,0,0,0,-0.0249788,0.0247887,-0.0117673,0.0117689,4603.12,-25.6077,1.30775,-0.000366423,0.0250262,-70.453,4639.13,-25.8081,1.31798,-0.000372622,-0.0247963,-70.4616,4735.2,-26.3425,1.34528,-0.00173378,0.0118565,-70.405,4757.03,-26.464,1.35148,-0.00173334,-0.0118086,-70.4101
16.339,560.846,-11.803,22.104,0.000539641,0.0603379,0.0575173,5.03446e-06,0.000284119,0.00556344,3719.42,3,0,0,0,-0.0250135,0.0248343,-0.0117668,0.0117687,4602.36,-25.6052,1.30762,-0.000216222,0.0253808,-70.4424,4637.72,-25.802,1.31766,-0.000247617,-0.0250509,-70.4512,4735.15,-26.344,1.34535,-0.00172866,0.0118546,-70.3924,4757,-26.4656,1.35155,-0.00172073,-0.0118075,-70.3975
16.349,561.067,-11.8081,22.1,0.000462465,-1.22498,-0.287504,-6.69043e-05,0.000283967,0.00556283,3718.73,3,0,0,0,-0.0249396,0.0248136,-0.0117662,0.0117682,4603.79,-25.6104,1.30732,0.000285934,0.0241019,-70.429,4639.01,-25.8063,1.31733,0.000177215,-0.0240709,-70.4379,4735.27,-26.3418,1.34466,-0.0017967,0.0118744,-70.3799,4757.04,-26.4629,1.35084,-0.00178715,-0.0118195,-70.385
16.359,561.288,-11.8131,22.0965,0.000273304,-0.240671,-0.501826,-0.000139325,0.000283809,0.00556294,3718.1,3,0,0,0,-0.0249231,0.0247869,-0.0117662,0.0117688,4604.8,-25.6165,1.30688,0.0002671,0.0252989,-70.4167,4639.96,-25.8121,1.31686,0.000204622,-0.0252418,-70.4256,4734.65,-26.3389,1.34374,-0.00181532,0.0117676,-70.367,4756.48,-26.4603,1.34993,-0.00181882,-0.0117254,-70.3721
16.369,561.509,-11.8182,22.0922,0.000493207,-0.897101,-0.436059,-1.80505e-06,0.00028384,0.00556312,3717.42,3,0,0,0,-0.0249385,0.024763,-0.0117661,0.011767,4603.21,-25.6085,1.30657,0.000142829,0.0246683,-70.4042,4640.22,-25.8143,1.31708,0.000234657,-0.0246846,-70.413,4735.03,-26.3418,1.34399,-0.00178323,0.0118472,-70.3549,4756.84,-26.4631,1.35018,-0.00180641,-0.0118041,-70.3601
16.379,561.73,-11.8232,22.088,0.000503373,-0.983699,-0.169914,-2.57284e-05,0.000283937,0.00556338,3716.77,3,0,0,0,-0.0250004,0.0248342,-0.0117668,0.0117687,4602.01,-25.603,1.30668,3.81691e-05,0.0247319,-70.3928,4638.06,-25.8036,1.31692,3.55284e-05,-0.0245629,-70.4019,4735.21,-26.344,1.3445,-0.00176491,0.0118652,-70.3424,4756.98,-26.4652,1.35068,-0.00176436,-0.0118164,-70.3475
16.389,561.95,-11.8283,22.0845,0.000904488,-0.772915,0.400757,0.000238507,0.000284194,0.0055632,3716.12,3,0,0,0,-0.0249031,0.0247821,-0.011764,0.0117653,4605.99,-25.6243,1.309,0.000143052,0.0251293,-70.379,4640.37,-25.8155,1.31877,0.000101418,-0.0248656,-70.388,4735.17,-26.343,1.34571,-0.00179243,0.0118724,-70.3301,4756.98,-26.4643,1.35191,-0.00178079,-0.0118213,-70.3352
16.399,562.171,-11.8333,22.0806,0.000633537,-0.573247,0.0343594,6.57055e-05,0.000283938,0.00556323,3715.49,3,0,0,0,-0.0249093,0.024802,-0.0117667,0.0117686,4604.46,-25.6159,1.30738,0.000111576,0.0247734,-70.3677,4639.45,-25.8106,1.31732,4.00337e-05,-0.0246202,-70.3763,4735.26,-26.3436,1.34452,-0.00178248,0.0118564,-70.3175,4757.11,-26.4651,1.35073,-0.00177581,-0.0118073,-70.3226
16.409,562.392,-11.8383,22.0764,0.000329122,-0.793132,-0.443925,-0.000121753,0.000283591,0.00556346,3714.79,3,0,0,0,-0.0250073,0.0248424,-0.0117663,0.0117685,4602.37,-25.6054,1.30519,0.00014575,0.0251234,-70.3561,4639.1,-25.8097,1.31561,0.000185812,-0.02503,-70.3649,4735.05,-26.3435,1.34282,-0.00178141,0.0118569,-70.305,4756.91,-26.4651,1.34902,-0.00179244,-0.0118134,-70.3102
16.419,562.613,-11.8434,22.0715,0.000510492,-0.941918,-0.155022,-3.49636e-05,0.000283745,0.00556336,3714.01,3,0,0,0,-0.0249869,0.0248105,-0.0117661,0.0117679,4603.97,-25.6138,1.30635,-0.000331557,0.0248907,-70.3407,4640.02,-25.8144,1.31658,-0.000423356,-0.0247264,-70.3496,4735.19,-26.3438,1.34359,-0.0017364,0.0118064,-70.2934,4756.92,-26.4647,1.34975,-0.00173384,-0.0117554,-70.2985
16.429,562.833,-11.8484,22.0691,0.000594885,-0.00196909,0.00704029,4.92085e-05,0.000283919,0.0055636,3713.47,3,0,0,0,-0.0250173,0.024862,-0.0117684,0.01177,4602.61,-25.6073,1.30677,9.66773e-07,0.0253075,-70.3311,4637.77,-25.803,1.31675,8.29307e-06,-0.0250931,-70.3403,4735.16,-26.3448,1.3444,-0.0017615,0.0118572,-70.28,4756.97,-26.4662,1.35059,-0.00175916,-0.0118103,-70.2851
16.439,563.054,-11.8535,22.0642,0.000752721,-0.946128,-0.190308,0.000146827,0.000283771,0.00556328,3712.85,3,0,0,0,-0.0249227,0.0247996,-0.0117634,0.0117649,4604.95,-25.6189,1.30675,-0.000234551,0.0239637,-70.3143,4640.09,-25.8144,1.31672,-0.000256901,-0.0240864,-70.3231,4735.2,-26.3435,1.34371,-0.00173053,0.0118662,-70.268,4756.95,-26.4645,1.34988,-0.00173952,-0.011816,-70.2731
16.449,563.274,-11.8585,22.0606,0.000631283,-0.344884,-0.0255372,5.63452e-05,0.00028339,0.00556374,3712.15,3,0,0,0,-0.0249657,0.0248441,-0.0117659,0.0117676,4602.97,-25.61,1.30444,-0.000119687,0.025348,-70.3057,4638.52,-25.8078,1.31451,-0.000103559,-0.0252165,-70.3145,4735.21,-26.3457,1.34191,-0.00175283,0.0118556,-70.2552,4756.91,-26.4665,1.34806,-0.0017511,-0.0118077,-70.2603
16.459,563.495,-11.8635,22.0568,0.0011764,-1.62251,1.0854,0.000440045,0.000283416,0.00556326,3711.51,3,0,0,0,-0.0249668,0.0248032,-0.0117668,0.0117685,4605.1,-25.6196,1.30516,0.000286152,0.0248271,-70.2904,4639.43,-25.8106,1.31489,0.000237519,-0.0241373,-70.2991,4735.09,-26.3428,1.342,-0.00175792,0.0118586,-70.2431,4756.7,-26.4631,1.34812,-0.00172328,-0.0118169,-70.2481
16.469,563.715,-11.8686,22.0529,0.000551648,-0.291955,-0.00405121,1.41424e-05,0.000283233,0.00556394,3710.84,3,0,0,0,-0.0250218,0.0248289,-0.0117658,0.0117677,4602.29,-25.6071,1.30352,-9.96416e-05,0.0252942,-70.2806,4637.9,-25.8053,1.31361,-0.000123981,-0.0250246,-70.2892,4735.26,-26.3469,1.34118,-0.00175388,0.011857,-70.2303,4756.92,-26.4675,1.34731,-0.00174739,-0.0118091,-70.2353
16.479,563.936,-11.8736,22.0496,0.000476156,-0.611042,0.233656,-7.12055e-05,0.000283226,0.00556313,3710.17,3,0,0,0,-0.0248428,0.0247192,-0.0117664,0.0117688,4607.75,-25.6338,1.30503,0.000186048,0.0256876,-70.2655,4642.04,-25.8245,1.31474,0.000164888,-0.0252319,-70.2744,4735.09,-26.3422,1.3411,-0.00180376,0.0118757,-70.2178,4756.79,-26.4629,1.34725,-0.00177961,-0.011827,-70.2229
16.489,564.156,-11.8787,22.0452,0.000666131,-0.70841,0.077063,8.39077e-05,0.000282579,0.00556423,3709.54,3,0,0,0,-0.025115,0.0249684,-0.011766,0.0117679,4601.41,-25.6036,1.30026,0.000154476,0.0255438,-70.2593,4636.66,-25.7997,1.31023,0.000101046,-0.0253393,-70.2675,4735.18,-26.3479,1.33806,-0.00175654,0.0118618,-70.2052,4756.78,-26.4681,1.34417,-0.00175231,-0.0118124,-70.2102
16.499,564.377,-11.8837,22.0429,0.000948132,1.66244,0.326615,0.000313618,0.000282772,0.00556284,3708.87,3,0,0,0,-0.0248004,0.0246664,-0.0117716,0.0117741,4607.15,-25.6291,1.30277,-0.000262327,0.0252045,-70.2391,4642.05,-25.8233,1.31264,-0.000297838,-0.0251065,-70.248,4735.25,-26.3417,1.339,-0.00174174,0.0118525,-70.193,4756.78,-26.4615,1.34508,-0.00173718,-0.0118011,-70.1979
16.509,564.597,-11.8887,22.0371,0.000572143,-0.229064,0.00487031,3.68649e-05,0.000282431,0.00556427,3708.21,3,0,0,0,-0.025108,0.0249087,-0.0117669,0.0117687,4600.74,-25.6,1.29939,-0.000331271,0.0251333,-70.2312,4636.67,-25.8,1.30954,-0.000329377,-0.0248703,-70.24,4735.28,-26.3487,1.33739,-0.00173619,0.0118541,-70.1805,4756.82,-26.4685,1.34348,-0.00173075,-0.0118074,-70.1855
16.519,564.817,-11.8938,22.0334,0.000697955,-0.747547,-0.113235,0.000112316,0.000282673,0.00556375,3707.56,3,0,0,0,-0.0249122,0.0247496,-0.0117638,0.0117651,4603.92,-25.6153,1.30141,3.90613e-05,0.0244855,-70.2172,4639.21,-25.8117,1.31138,4.92086e-05,-0.0244718,-70.2262,4735.27,-26.3461,1.33853,-0.001758,0.0118652,-70.168,4756.83,-26.4661,1.34463,-0.00176173,-0.0118158,-70.1729
16.529,565.038,-11.8988,22.0291,0.000681144,-0.882318,0.144955,0.000131984,0.000282327,0.00556398,3706.88,3,0,0,0,-0.025007,0.0248773,-0.0117661,0.011768,4603.75,-25.6154,1.29976,-0.000210071,0.0248437,-70.2033,4638.18,-25.807,1.30948,-0.000260721,-0.0246309,-70.2125,4735.21,-26.3469,1.33688,-0.00172393,0.0118703,-70.1558,4756.9,-26.4676,1.343,-0.00172819,-0.0118252,-70.1607
16.539,565.258,-11.9038,22.0257,0.000632615,-0.689038,0.12067,4.90102e-05,0.00028211,0.00556388,3706.22,3,0,0,0,-0.0248941,0.024768,-0.0117639,0.0117655,4603.31,-25.6125,1.29864,0.00014337,0.0251207,-70.1949,4638.84,-25.8102,1.30866,0.000126325,-0.0248671,-70.2033,4735.22,-26.3465,1.33585,-0.00177899,0.0118589,-70.1429,4756.79,-26.4665,1.34194,-0.00176999,-0.0118102,-70.1479
16.549,565.478,-11.9089,22.0214,0.000652859,-0.667898,0.0339581,6.78041e-05,0.000282533,0.0055637,3705.58,3,0,0,0,-0.0249252,0.0247617,-0.0117696,0.0117715,4605.09,-25.6216,1.30109,-0.000382729,0.0246389,-70.176,4641.01,-25.8214,1.31124,-0.000366821,-0.0244305,-70.1847,4735.5,-26.3472,1.33793,-0.00172828,0.0118862,-70.131,4757.12,-26.4675,1.34404,-0.00172456,-0.011836,-70.136
16.559,565.698,-11.9139,22.0182,0.000514098,0.0641971,0.0342614,1.02485e-06,0.000282654,0.00556416,3704.9,3,0,0,0,-0.0250137,0.0248383,-0.0117678,0.0117695,4601.64,-25.6045,1.30067,-2.42046e-05,0.0256629,-70.1691,4637.36,-25.8033,1.31077,-7.78058e-05,-0.0253394,-70.1778,4735.18,-26.3476,1.33842,-0.0017269,0.011855,-70.118,4756.9,-26.4684,1.34456,-0.00171713,-0.0118066,-70.123
16.569,565.918,-11.9189,22.014,0.000593762,-0.509765,0.0121021,2.12867e-05,0.000282938,0.00556354,3704.28,3,0,0,0,-0.0248369,0.0247115,-0.0117664,0.0117682,4607.03,-25.6317,1.3035,-0.000104521,0.0247926,-70.1515,4642.1,-25.8268,1.31343,-0.00016356,-0.0246184,-70.1604,4735.06,-26.344,1.33973,-0.001807,0.0118649,-70.1059,4756.91,-26.4655,1.34591,-0.00180043,-0.0118141,-70.111
16.579,566.138,-11.924,22.0104,0.000602881,0.404355,0.00652646,4.12431e-05,0.000282869,0.00556442,3703.59,3,0,0,0,-0.025052,0.0249203,-0.0117674,0.0117693,4600.92,-25.6017,1.30146,-0.000238233,0.0251897,-70.1441,4636.46,-25.7995,1.31151,-0.000210294,-0.0250404,-70.153,4735,-26.3478,1.33938,-0.0017462,0.0118377,-70.0932,4756.89,-26.4696,1.34557,-0.0017438,-0.0117899,-70.0982
16.589,566.358,-11.929,22.0053,0.000909773,-0.380702,0.323884,0.000236062,0.000283142,0.00556396,3702.95,3,0,0,0,-0.0248054,0.0246868,-0.0117642,0.0117654,4603.77,-25.6155,1.30352,-0.000560937,0.0243828,-70.1273,4638.82,-25.8104,1.31344,-0.000547541,-0.0241843,-70.136,4734.9,-26.3451,1.34065,-0.00169814,0.0118213,-70.081,4756.75,-26.4666,1.34683,-0.00169714,-0.0117719,-70.086
16.599,566.578,-11.934,22.0021,0.000587277,-0.780946,-0.169282,1.4796e-05,0.000283021,0.00556417,3702.32,3,0,0,0,-0.0249494,0.024768,-0.0117669,0.0117688,4604.2,-25.6188,1.30309,-5.01186e-05,0.0251599,-70.1179,4640.09,-25.8185,1.31325,-7.06846e-06,-0.0250423,-70.1266,4735.27,-26.3481,1.34018,-0.0017714,0.0119222,-70.0683,4757.13,-26.4697,1.34637,-0.00177287,-0.0118734,-70.0734
16.609,566.798,-11.939,21.9981,0.000386375,-0.138281,-0.296269,-0.000118567,0.000283231,0.00556468,3701.59,3,0,0,0,-0.0249883,0.0248315,-0.011766,0.0117681,4601.66,-25.607,1.30333,-0.00023373,0.0248779,-70.1054,4636.75,-25.8023,1.31327,-0.000287086,-0.0247476,-70.1141,4735.18,-26.35,1.34115,-0.00172309,0.0118655,-70.0559,4757.04,-26.4716,1.34734,-0.00172274,-0.0118146,-70.0609
16.619,567.018,-11.9441,21.9938,0.000557654,-0.270104,-0.0768214,3.64955e-05,0.000282795,0.00556493,3700.97,3,0,0,0,-0.0250284,0.0248953,-0.0117643,0.0117664,4601.78,-25.6089,1.30136,-0.000532877,0.0250822,-70.0915,4636.87,-25.8041,1.31128,-0.000415686,-0.0249415,-70.1005,4735.06,-26.3506,1.33905,-0.00170583,0.0118421,-70.0436,4756.92,-26.4722,1.34523,-0.00170977,-0.0117962,-70.0486
16.629,567.238,-11.9491,21.9908,0.000578717,-0.589943,0.0395165,1.28927e-05,0.000282851,0.00556412,3700.31,3,0,0,0,-0.0248722,0.0247444,-0.0117661,0.0117679,4605.25,-25.6244,1.3026,0.000202549,0.0250865,-70.0799,4641.06,-25.8237,1.31273,0.000142487,-0.0248471,-70.0884,4735.06,-26.3467,1.33932,-0.00179612,0.0118466,-70.031,4756.75,-26.4674,1.34545,-0.00178836,-0.0117983,-70.036
16.639,567.458,-11.9541,21.9866,0.000611611,-0.839841,0.0803034,5.97428e-05,0.000282795,0.00556476,3699.66,3,0,0,0,-0.025058,0.0248823,-0.0117662,0.0117679,4602.25,-25.6107,1.30149,0.000130611,0.0252556,-70.0701,4638.5,-25.8124,1.31175,0.000144806,-0.0249642,-70.0789,4735.18,-26.3504,1.33908,-0.00178145,0.0118927,-70.0183,4756.88,-26.4712,1.34522,-0.00177235,-0.0118454,-70.0233
16.649,567.678,-11.9591,21.9822,0.000680662,-0.714776,-0.0129935,9.50578e-05,0.00028294,0.00556482,3699,3,0,0,0,-0.0248554,0.0246305,-0.0117592,0.0117607,4604.23,-25.622,1.30272,-0.000162712,0.0245022,-70.0541,4640.37,-25.8231,1.31294,-0.00021386,-0.0243165,-70.0628,4735.23,-26.351,1.33978,-0.00174434,0.0118611,-70.0063,4756.89,-26.4715,1.34591,-0.00174403,-0.0118118,-70.0113
16.659,567.897,-11.9641,21.9781,0.000596022,-0.256631,0.0423437,5.87396e-05,0.000282449,0.00556611,3698.32,3,0,0,0,-0.0252761,0.0251251,-0.0117652,0.0117672,4598.07,-25.5936,1.29872,-0.000563259,0.0250726,-70.0443,4633.07,-25.7884,1.30861,-0.000440008,-0.0248628,-70.0536,4735.24,-26.3571,1.33746,-0.00172113,0.0118559,-69.9937,4756.88,-26.4776,1.34357,-0.00171655,-0.0118115,-69.9987
16.669,568.117,-11.9692,21.9757,0.000613315,0.751662,0.047922,1.25661e-05,0.000282589,0.00556432,3697.67,3,0,0,0,-0.0247124,0.0246418,-0.0117684,0.0117702,4605.93,-25.6291,1.30158,-0.000253368,0.0250437,-70.0287,4640.45,-25.8212,1.31134,-0.000181733,-0.0249297,-70.0374,4735.22,-26.3485,1.33812,-0.00173279,0.011849,-69.9811,4756.77,-26.4684,1.34421,-0.00172742,-0.0117981,-69.986
16.679,568.337,-11.9742,21.9687,0.00103555,-0.364619,0.418798,0.000236999,0.0002824,0.00556675,3697.01,3,0,0,0,-0.0254199,0.0252691,-0.0117654,0.0117674,4594.67,-25.5776,1.29754,-0.00134765,0.0240822,-70.0145,4631.13,-25.7806,1.30783,-0.00150282,-0.0237427,-70.0225,4735.59,-26.3621,1.33733,-0.00162002,0.0119322,-69.9694,4757.32,-26.4831,1.34347,-0.00161494,-0.011872,-69.9744
16.689,568.556,-11.9792,21.9691,0.000673954,1.49428,0.240974,0.000103107,0.000282573,0.00556392,3696.36,3,0,0,0,-0.0244714,0.024322,-0.0117688,0.0117705,4609.64,-25.6479,1.30256,0.000296876,0.0252921,-70.0032,4644.57,-25.8422,1.31243,2.79158e-05,-0.0249685,-70.0119,4734.87,-26.3447,1.33795,-0.00175459,0.0117337,-69.9563,4756.46,-26.4648,1.34405,-0.00173881,-0.011676,-69.9613
16.699,568.776,-11.9842,21.9605,0.000671334,-1.46753,-0.0978155,8.13664e-05,0.000282409,0.00556494,3695.67,3,0,0,0,-0.0246761,0.024569,-0.0117675,0.0117692,4609.02,-25.6492,1.30163,-0.00152279,0.023439,-69.9766,4643.36,-25.8403,1.31133,-0.0014753,-0.0234254,-69.9861,4735.49,-26.353,1.33735,-0.00169975,0.0118396,-69.9455,4757.45,-26.4752,1.34355,-0.00170507,-0.0117787,-69.9504
16.709,568.996,-11.9892,21.9602,6.09314e-05,-0.0932837,-1.11203,-0.000332277,0.000281802,0.00556731,3695.09,3,0,0,0,-0.0253754,0.0252155,-0.0117669,0.0117688,4589.19,-25.5497,1.29324,0.00111902,0.0267727,-69.9967,4625.1,-25.7496,1.30336,0.000958395,-0.0270669,-70.0048,4734.52,-26.3588,1.3342,-0.00189124,0.01162,-69.9309,4756.35,-26.4804,1.34035,-0.0019045,-0.0115745,-69.9359
16.719,569.215,-11.9943,21.9558,0.000302617,-0.701721,-0.226752,-0.000194854,0.000282082,0.00556434,3694.47,3,0,0,0,-0.0243969,0.024299,-0.011761,0.0117643,4611.1,-25.658,1.30071,-4.13887e-05,0.0240918,-69.9569,4645.83,-25.8513,1.3105,-8.78744e-05,-0.0238798,-69.9659,4735.14,-26.3482,1.3357,-0.001799,0.0118703,-69.9199,4756.71,-26.4682,1.34178,-0.00179854,-0.0118158,-69.9248
16.729,569.435,-11.9993,21.951,0.000525741,-0.247883,-0.14114,-2.98224e-05,0.000281662,0.00556734,3693.73,3,0,0,0,-0.0252679,0.0250743,-0.0117672,0.0117689,4593.85,-25.5758,1.29391,-0.000169961,0.0250924,-69.9622,4630.21,-25.7782,1.30415,-0.000129586,-0.0248815,-69.9699,4735.41,-26.3639,1.33379,-0.00175279,0.0118229,-69.9071,4756.9,-26.4835,1.33984,-0.00175302,-0.0117751,-69.9121
16.739,569.654,-12.0043,21.9475,0.000663324,-0.93224,-0.00808393,7.82972e-05,0.000282402,0.00556613,3693.08,3,0,0,0,-0.0246003,0.0243997,-0.0117618,0.0117631,4604.35,-25.6287,1.30028,0.000172393,0.023934,-69.9414,4640.08,-25.8276,1.31037,0.000125153,-0.0237563,-69.9509,4734.62,-26.3538,1.33707,-0.00168823,0.0117095,-69.8937,4756.06,-26.4731,1.34312,-0.0016817,-0.0116573,-69.8986
16.749,569.873,-12.0093,21.9431,0.000779805,-0.869242,-0.389891,0.000143212,0.000282299,0.00556633,3692.42,3,0,0,0,-0.0247194,0.0245774,-0.0117583,0.0117599,4606.97,-25.6442,1.30054,-0.000338317,0.0235934,-69.9279,4643.73,-25.8488,1.31092,-0.000414712,-0.0238611,-69.9363,4735.39,-26.359,1.3368,-0.0017182,0.0119064,-69.8822,4756.97,-26.4791,1.34289,-0.00173462,-0.0118562,-69.8871
16.759,570.093,-12.0143,21.9403,0.000555507,0.242182,-0.0791798,7.9516e-06,0.000281987,0.00556837,3691.74,3,0,0,0,-0.0251325,0.0249815,-0.0117647,0.0117659,4599.86,-25.614,1.2971,0.000147574,0.0253256,-69.9258,4635.6,-25.813,1.30718,0.000172975,-0.0251725,-69.9345,4735.24,-26.3679,1.33528,-0.00175644,0.0118584,-69.8689,4756.86,-26.4882,1.34137,-0.00175562,-0.0118104,-69.8739
16.769,570.312,-12.0193,21.9374,0.000533305,0.646601,-0.555298,4.34731e-05,0.000282324,0.00556746,3691.1,3,0,0,0,-0.0245706,0.0244421,-0.0117643,0.0117662,4611.06,-25.6721,1.30181,0.000344205,0.0254674,-69.9042,4645.85,-25.8659,1.31163,0.000385208,-0.0256916,-69.9132,4734.69,-26.3605,1.33672,-0.00184023,0.0117688,-69.8566,4756.34,-26.481,1.34283,-0.00186221,-0.0117223,-69.8615
16.779,570.531,-12.0243,21.9305,0.000589744,-1.71951,-0.0356153,3.48075e-05,0.000282301,0.00556902,3690.46,3,0,0,0,-0.024933,0.0247463,-0.0117716,0.011773,4602.01,-25.629,1.29915,-0.000416258,0.0231215,-69.8909,4636.7,-25.8221,1.30894,-0.000530303,-0.0228575,-69.8989,4734.7,-26.3679,1.33661,-0.00164423,0.0118566,-69.8444,4756.42,-26.4889,1.34274,-0.00163646,-0.0118075,-69.8495
16.789,570.751,-12.0293,21.9284,0.000468656,0.0371259,0.0603155,-5.43054e-05,0.000282728,0.00557028,3689.75,3,0,0,0,-0.0251268,0.0249836,-0.0117667,0.011769,4598.77,-25.6167,1.3002,0.000228653,0.0258059,-69.8877,4632.94,-25.807,1.30986,0.000216816,-0.0254707,-69.8966,4735.01,-26.3756,1.33872,-0.00178895,0.0118561,-69.8314,4756.71,-26.4965,1.34485,-0.0017746,-0.0118053,-69.8364
16.799,570.97,-12.0343,21.9231,0.000742411,-0.760567,-0.0542387,0.000151956,0.00028231,0.00556969,3689.15,3,0,0,0,-0.0249755,0.024832,-0.0117611,0.0117634,4605.78,-25.6531,1.30026,-0.000590078,0.0251697,-69.8649,4641.26,-25.8507,1.31027,-0.000545666,-0.0251008,-69.8734,4735,-26.3728,1.33674,-0.00173166,0.0118683,-69.8199,4756.84,-26.4944,1.3429,-0.00175198,-0.0118222,-69.8249
16.809,571.189,-12.0393,21.9208,0.000791686,0.288531,0.237217,0.000162352,0.000282625,0.00556975,3688.47,3,0,0,0,-0.0249662,0.0248339,-0.0117709,0.0117726,4605.11,-25.6496,1.30152,-4.77681e-05,0.0252562,-69.8579,4640.99,-25.8494,1.31166,-4.98103e-05,-0.0250566,-69.8665,4735.11,-26.3737,1.33826,-0.00175843,0.0118654,-69.8069,4756.85,-26.4947,1.3444,-0.00175077,-0.0118141,-69.8119
16.819,571.408,-12.0444,21.916,0.000490453,-0.709505,-0.371447,-3.35606e-05,0.000282498,0.00556992,3687.87,3,0,0,0,-0.0247897,0.0245929,-0.0117637,0.0117657,4608.93,-25.6716,1.30201,-0.000100854,0.0253217,-69.8421,4645.58,-25.8758,1.31237,-7.28436e-05,-0.0252977,-69.8509,4735.18,-26.3748,1.33768,-0.00177378,0.0118593,-69.7948,4756.94,-26.496,1.34382,-0.00178052,-0.0118115,-69.7998
16.829,571.627,-12.0494,21.9119,0.000359067,-0.383278,-0.307862,-0.000145848,0.00028238,0.00557046,3687.19,3,0,0,0,-0.024938,0.024712,-0.0117652,0.0117671,4603.19,-25.6422,1.29985,-0.00037914,0.0241749,-69.8309,4639.84,-25.8463,1.3102,-0.000450674,-0.0239714,-69.8391,4735.32,-26.3782,1.33716,-0.00170671,0.011868,-69.7812,4757.03,-26.4992,1.34329,-0.00169704,-0.0118163,-69.7863
16.839,571.846,-12.0544,21.9086,0.000645914,-0.223433,0.0808394,6.71209e-05,0.000282566,0.00557066,3686.48,3,0,0,0,-0.0250254,0.0249012,-0.0117669,0.0117688,4603.5,-25.6448,1.30079,-0.000105717,0.0253716,-69.8207,4637.89,-25.8364,1.31051,-7.31838e-05,-0.0251777,-69.8299,4735.33,-26.3792,1.33804,-0.00174902,0.011862,-69.7696,4757.05,-26.5002,1.34418,-0.00174744,-0.0118142,-69.7745
16.849,572.065,-12.0594,21.9051,0.000574482,-0.415185,-0.00255307,4.15761e-05,0.000282476,0.00556965,3685.85,3,0,0,0,-0.0248167,0.0247024,-0.0117671,0.011769,4606.88,-25.6589,1.30133,0.000224604,0.0248205,-69.8063,4641.77,-25.8533,1.31119,0.000192389,-0.0246552,-69.8149,4735.35,-26.3745,1.33762,-0.00180842,0.0118585,-69.7573,4757.06,-26.4954,1.34375,-0.00180409,-0.0118089,-69.7622
16.859,572.284,-12.0644,21.9015,0.000665735,1.4874,0.0470788,8.91167e-05,0.00028231,0.00557016,3685.19,3,0,0,0,-0.0250779,0.024918,-0.0117681,0.0117703,4600.5,-25.6258,1.29877,-0.000623623,0.0249342,-69.7942,4636.31,-25.8253,1.30888,-0.000641438,-0.0247794,-69.8026,4735.43,-26.3774,1.33686,-0.00170749,0.0118554,-69.7451,4757.08,-26.498,1.34297,-0.00170453,-0.0118032,-69.7501
16.869,572.503,-12.0694,21.8967,0.000541083,-0.539731,-0.0326347,-1.18785e-05,0.000282405,0.0055695,3684.54,3,0,0,0,-0.02487,0.0246678,-0.0117643,0.0117662,4604.5,-25.645,1.30034,4.94716e-06,0.0252502,-69.7815,4640.36,-25.8448,1.31046,-9.17476e-06,-0.024979,-69.7903,4734.96,-26.3716,1.33718,-0.00177846,0.0117774,-69.7325,4756.56,-26.492,1.34328,-0.00177283,-0.0117258,-69.7375
16.879,572.722,-12.0744,21.8931,0.000722807,-0.171457,0.125246,0.000117235,0.000282473,0.00556936,3683.84,3,0,0,0,-0.0249657,0.0247931,-0.0117641,0.0117649,4603.76,-25.6403,1.30044,-0.000261159,0.0249544,-69.7688,4639.21,-25.8377,1.31045,-0.000240947,-0.0247234,-69.7776,4735.59,-26.3745,1.33768,-0.00173353,0.0120092,-69.7202,4757.21,-26.4949,1.34378,-0.00172689,-0.0119664,-69.7251
16.889,572.941,-12.0794,21.8888,0.000592088,-0.444339,0.0181146,2.97618e-05,0.000282283,0.00556908,3683.25,3,0,0,0,-0.0250006,0.024878,-0.0117666,0.0117685,4603.09,-25.6353,1.29938,-0.000101506,0.0251184,-69.7582,4637.74,-25.8282,1.30916,-5.19646e-05,-0.0249161,-69.767,4735.26,-26.3713,1.33669,-0.00174847,0.01184,-69.7077,4756.9,-26.4918,1.34279,-0.00174508,-0.0117905,-69.7126
16.899,573.16,-12.0844,21.8854,0.000682878,0.0973744,0.303259,0.000100862,0.000282222,0.00556821,3682.54,3,0,0,0,-0.0248608,0.0247267,-0.0117643,0.0117667,4604.58,-25.6395,1.29952,-0.000202089,0.0245767,-69.7436,4639,-25.8312,1.30923,-0.000207937,-0.0242285,-69.7522,4734.93,-26.3653,1.3363,-0.00172899,0.0118423,-69.695,4756.61,-26.4861,1.34242,-0.00171403,-0.0117922,-69.7
16.909,573.379,-12.0894,21.8809,0.000538467,-0.830433,-0.14298,-7.5827e-06,0.000282302,0.0055683,3681.92,3,0,0,0,-0.0249857,0.0248086,-0.0117665,0.0117682,4603.3,-25.6328,1.29952,-8.0801e-05,0.0250434,-69.7317,4639.12,-25.8323,1.30963,-4.78367e-05,-0.0248682,-69.7401,4735.2,-26.3673,1.33676,-0.00176002,0.0118632,-69.683,4756.87,-26.4879,1.34287,-0.00176017,-0.0118144,-69.688
16.919,573.597,-12.0944,21.8781,0.000585769,0.49079,0.0392413,1.39489e-05,0.000282313,0.00556774,3681.24,3,0,0,0,-0.0249784,0.024823,-0.01177,0.0117711,4603.29,-25.6302,1.29957,-7.41756e-05,0.0251982,-69.7198,4638.76,-25.8277,1.30958,-9.26528e-05,-0.0249345,-69.7284,4735.22,-26.3647,1.33681,-0.00175945,0.0118545,-69.6704,4756.87,-26.4853,1.34293,-0.00175294,-0.0118044,-69.6753
16.929,573.816,-12.0994,21.872,0.000620635,-0.639712,-0.0163623,9.22307e-05,0.000282257,0.00556773,3680.62,3,0,0,0,-0.0250347,0.0249034,-0.0117668,0.0117688,4602.93,-25.6281,1.29921,-0.000648053,0.0248881,-69.7037,4638.13,-25.8242,1.30915,-0.000635389,-0.024756,-69.713,4735.06,-26.3638,1.3365,-0.00172202,0.0118684,-69.6584,4756.74,-26.4846,1.34262,-0.00171948,-0.0118189,-69.6635
16.939,574.035,-12.1043,21.8693,0.000596962,-0.681122,-0.0103971,1.97568e-05,0.000282541,0.00556713,3679.95,3,0,0,0,-0.0248739,0.0247818,-0.011763,0.0117648,4605.1,-25.6375,1.30113,-5.56894e-06,0.0252109,-69.695,4640.44,-25.8342,1.31111,4.80801e-07,-0.0250472,-69.7039,4735.08,-26.3611,1.33785,-0.0017712,0.0118522,-69.6456,4756.77,-26.4819,1.34398,-0.00176581,-0.0118058,-69.6506
16.949,574.253,-12.1093,21.8651,0.000618027,-0.362982,-0.0377491,5.73617e-05,0.000282447,0.00556685,3679.29,3,0,0,0,-0.0249304,0.0247703,-0.011766,0.0117676,4604.25,-25.6314,1.30046,-0.000381169,0.0249844,-69.6809,4640.24,-25.8318,1.31062,-0.000339729,-0.0248083,-69.6897,4735.09,-26.3598,1.33741,-0.00173567,0.0118525,-69.6334,4756.83,-26.4809,1.34355,-0.00173457,-0.0118034,-69.6383
16.959,574.472,-12.1143,21.8614,0.000575954,-0.0788412,0.118726,5.93985e-06,0.000282625,0.00556664,3678.6,3,0,0,0,-0.0249966,0.0248153,-0.0117666,0.0117684,4602.56,-25.621,1.3008,-0.000202294,0.0249858,-69.6703,4638.2,-25.8194,1.31087,-0.00026097,-0.024628,-69.6788,4735.16,-26.3592,1.33828,-0.00187404,0.0118701,-69.6209,4756.88,-26.4801,1.34441,-0.00186923,-0.0118201,-69.6259
16.969,574.69,-12.1193,21.8578,0.000710629,-0.762542,0.100052,0.000115623,0.000282931,0.00556613,3677.98,3,0,0,0,-0.024925,0.0247924,-0.0117607,0.0117621,4604.26,-25.6282,1.30269,6.27956e-05,0.0250513,-69.6574,4639.44,-25.824,1.31264,8.89928e-05,-0.0248641,-69.6665,4735,-26.3559,1.33968,-0.0017902,0.0118521,-69.6083,4756.79,-26.4772,1.34585,-0.00178877,-0.0118014,-69.6133
16.979,574.909,-12.1243,21.8539,0.000365317,-0.407094,-0.365057,-0.000151582,0.000282901,0.00556558,3677.26,3,0,0,0,-0.0247715,0.0247167,-0.011766,0.0117685,4604.98,-25.6296,1.30276,-0.000115864,0.0250043,-69.6441,4639.82,-25.8235,1.31261,-0.000101063,-0.0249896,-69.6528,4735.15,-26.3541,1.33958,-0.00173568,0.0119253,-69.5959,4756.95,-26.4754,1.34575,-0.00174061,-0.0118722,-69.6008
16.989,575.127,-12.1293,21.8496,0.000650763,-0.637939,-0.118728,9.24654e-05,0.000282835,0.00556559,3676.66,3,0,0,0,-0.0249679,0.024829,-0.0117655,0.0117675,4602.01,-25.6132,1.30161,-0.000142131,0.0249878,-69.6321,4637.22,-25.8091,1.31157,-0.00010395,-0.0248966,-69.6409,4734.99,-26.3532,1.33922,-0.00176565,0.0118356,-69.5829,4756.85,-26.475,1.3454,-0.00177208,-0.0117891,-69.5879
16.999,575.346,-12.1343,21.8461,0.000572809,-0.565126,-0.222028,7.78961e-06,0.000282899,0.00556501,3675.96,3,0,0,0,-0.0249408,0.0247541,-0.0117666,0.0117683,4602.04,-25.6107,1.30191,3.93235e-05,0.0251643,-69.6213,4638.48,-25.8135,1.31222,1.40728e-05,-0.0250736,-69.6296,4735.07,-26.351,1.33955,-0.00175996,0.0118677,-69.5709,4756.85,-26.4722,1.34571,-0.0017636,-0.0118185,-69.5759
17.009,575.564,-12.1393,21.8422,0.000527958,-0.152181,-0.0190372,-8.01281e-06,0.000283167,0.0055647,3675.35,3,0,0,0,-0.025003,0.0248474,-0.011769,0.0117706,4602.1,-25.6096,1.30316,-0.000286269,0.0249618,-69.6063,4637.39,-25.806,1.31316,-0.000292389,-0.0246988,-69.6151,4735.25,-26.3505,1.34087,-0.00173687,0.0119274,-69.5588,4757.06,-26.4718,1.34704,-0.00172678,-0.0118788,-69.5638
17.019,575.782,-12.1443,21.8384,0.000542349,-0.541723,-0.173532,-1.94683e-05,0.000283292,0.00556449,3674.7,3,0,0,0,-0.0249603,0.0248371,-0.0117663,0.0117684,4603.27,-25.6151,1.30407,0.00012475,0.0250955,-69.5967,4638.08,-25.8088,1.31393,8.33844e-05,-0.0250032,-69.6053,4735.07,-26.3485,1.34141,-0.00176788,0.0118669,-69.5461,4756.89,-26.47,1.34759,-0.00176799,-0.0118158,-69.5511
17.029,576.001,-12.1493,21.8344,0.000626247,-0.383839,0.00369737,5.07086e-05,0.000283246,0.00556434,3674.02,3,0,0,0,-0.0248705,0.0247787,-0.0117649,0.0117668,4605.11,-25.6247,1.30438,-0.000158047,0.0250064,-69.5818,4640.16,-25.8197,1.31431,-0.000168196,-0.0248792,-69.5905,4735.14,-26.3482,1.34121,-0.00176033,0.0119045,-69.5339,4756.97,-26.4696,1.34739,-0.00175758,-0.0118527,-69.5389
17.039,576.219,-12.1542,21.83,0.000532597,-0.63779,-0.0435795,-1.46366e-05,0.000283204,0.00556449,3673.4,3,0,0,0,-0.0249075,0.0247579,-0.0117637,0.0117656,4603.25,-25.615,1.30366,-0.000208021,0.0249406,-69.5709,4639.12,-25.8146,1.31382,-0.000229836,-0.0246915,-69.5794,4735.13,-26.3488,1.34101,-0.00174904,0.0118572,-69.5214,4756.93,-26.4701,1.34718,-0.00174195,-0.0118072,-69.5265
17.049,576.437,-12.1592,21.8261,0.000550525,-0.34497,0.0105204,5.36431e-06,0.000283534,0.00556439,3672.72,3,0,0,0,-0.0250066,0.024822,-0.0117664,0.0117682,4601.98,-25.6075,1.30482,-0.000321576,0.0251006,-69.5571,4638.14,-25.8087,1.31507,-0.000365535,-0.0248117,-69.5656,4735.09,-26.3482,1.34256,-0.00173666,0.0118569,-69.5091,4756.89,-26.4695,1.34874,-0.00172771,-0.0118073,-69.5142
17.059,576.655,-12.1642,21.823,0.000674958,0.0197744,0.271344,8.43505e-05,0.000283736,0.00556403,3672.07,3,0,0,0,-0.0249449,0.0247878,-0.0117667,0.0117679,4604.34,-25.6189,1.30642,-0.000134118,0.0256251,-69.5448,4639.71,-25.8158,1.31645,-0.000133833,-0.0252299,-69.5537,4735.06,-26.3463,1.34351,-0.0017558,0.0118558,-69.4966,4756.94,-26.468,1.34972,-0.00174453,-0.0118074,-69.5016
17.069,576.874,-12.1692,21.8187,0.000501058,-0.227045,-0.198373,-2.92896e-05,0.000283704,0.00556419,3671.36,3,0,0,0,-0.0249426,0.0248412,-0.0117662,0.0117681,4603.18,-25.6132,1.30594,-0.000298308,0.0248119,-69.5326,4638.25,-25.8084,1.31589,-0.000263496,-0.0247426,-69.5415,4735.22,-26.3479,1.3434,-0.00172024,0.0119408,-69.4842,4757.11,-26.4697,1.34961,-0.00172146,-0.0118873,-69.4892
17.079,577.092,-12.1742,21.8149,0.000560386,-0.648615,-0.0739476,2.0177e-05,0.000283502,0.00556411,3670.76,3,0,0,0,-0.024942,0.0248077,-0.0117648,0.0117666,4603.35,-25.6138,1.30506,4.93452e-05,0.0250933,-69.5219,4639.12,-25.8128,1.3152,3.59641e-05,-0.0249195,-69.5304,4735,-26.3464,1.34238,-0.00177848,0.011852,-69.4717,4756.89,-26.4681,1.34859,-0.0017752,-0.0118047,-69.4767
17.089,577.31,-12.1791,21.8118,0.000661933,0.416098,0.0743473,0.000116826,0.000283607,0.00556385,3670.11,3,0,0,0,-0.0249028,0.0247295,-0.0117667,0.0117683,4603.72,-25.6147,1.30564,-0.000105996,0.025056,-69.5083,4639.64,-25.8146,1.31583,-0.000143795,-0.0248201,-69.5171,4735,-26.3451,1.34288,-0.00174579,0.0118459,-69.4591,4756.79,-26.4663,1.34906,-0.00173934,-0.011796,-69.4642
17.099,577.528,-12.1841,21.807,0.000602601,-0.0967119,0.0756236,3.5329e-05,0.000283659,0.00556424,3669.45,3,0,0,0,-0.0250207,0.0248454,-0.0117676,0.0117693,4601.61,-25.6047,1.30529,-0.000265474,0.0250921,-69.4951,4637.52,-25.8045,1.31547,-0.000282915,-0.0248039,-69.5038,4734.77,-26.3457,1.34306,-0.00177283,0.0117866,-69.447,4756.51,-26.4666,1.34923,-0.0017656,-0.011736,-69.4521
17.109,577.746,-12.1891,21.8034,0.000483993,-0.221992,-0.0993252,-3.09947e-05,0.000283658,0.00556406,3668.79,3,0,0,0,-0.0249668,0.0248338,-0.0117682,0.0117703,4603.26,-25.6131,1.30575,-4.25973e-05,0.0252281,-69.4834,4638.07,-25.8067,1.31563,-3.52963e-05,-0.0250328,-69.4924,4734.99,-26.3461,1.34312,-0.0017684,0.0118417,-69.4344,4756.77,-26.4672,1.3493,-0.00176446,-0.0117937,-69.4394
17.119,577.964,-12.1941,21.7994,0.000609341,-0.285833,0.00355022,5.69963e-05,0.000283669,0.00556379,3668.14,3,0,0,0,-0.0248291,0.0247282,-0.0117675,0.0117694,4604.88,-25.6208,1.30626,-0.000238792,0.0245464,-69.4691,4639.93,-25.8159,1.31621,-0.000207077,-0.024408,-69.4779,4735.18,-26.3458,1.34322,-0.00173766,0.0118647,-69.4222,4756.92,-26.4668,1.34939,-0.00173531,-0.0118149,-69.4272
17.129,578.182,-12.1991,21.7952,0.00054711,-0.101586,0.30201,5.75562e-06,0.000283471,0.00556449,3667.47,3,0,0,0,-0.0250355,0.0248759,-0.0117664,0.0117687,4601.32,-25.6043,1.30434,-0.000388646,0.0251927,-69.4586,4637.18,-25.8038,1.3145,-0.000383133,-0.0246822,-69.4672,4735.06,-26.3485,1.34225,-0.00173587,0.0118527,-69.4098,4756.82,-26.4696,1.34842,-0.00170591,-0.0118018,-69.4148
17.139,578.4,-12.204,21.7915,0.000579026,-0.853266,0.000177572,2.43635e-05,0.000283538,0.00556428,3666.83,3,0,0,0,-0.0249033,0.024715,-0.0117643,0.0117665,4603.38,-25.6147,1.30523,7.90693e-05,0.024729,-69.4453,4639.47,-25.8156,1.31547,9.7169e-05,-0.0244464,-69.4539,4734.97,-26.347,1.34254,-0.00178585,0.0118493,-69.3975,4756.73,-26.4681,1.34871,-0.00178101,-0.0118009,-69.4025
17.149,578.617,-12.209,21.7876,0.000691469,-0.615563,0.0498538,9.68004e-05,0.000283902,0.00556477,3666.17,3,0,0,0,-0.0249943,0.024847,-0.0117642,0.0117655,4603.46,-25.6175,1.30693,2.38457e-05,0.0251073,-69.4341,4638.65,-25.8133,1.31692,1.32157e-05,-0.0249393,-69.443,4735.01,-26.3495,1.34428,-0.00179687,0.011859,-69.385,4756.81,-26.4708,1.35047,-0.00179307,-0.0118075,-69.39
17.159,578.835,-12.214,21.7834,0.000669569,-0.551407,0.0235146,9.11624e-05,0.000283547,0.0055651,3665.52,3,0,0,0,-0.0249696,0.0248514,-0.0117613,0.0117633,4602.87,-25.6157,1.30513,-0.000181114,0.0251266,-69.4218,4637.88,-25.8105,1.31506,-0.00018275,-0.0249878,-69.4303,4734.95,-26.3507,1.34258,-0.00175369,0.0118454,-69.3726,4756.76,-26.4721,1.34877,-0.00175167,-0.0117958,-69.3776
17.169,579.053,-12.2189,21.7802,0.000577111,0.0799237,-0.0443416,5.89172e-05,0.000283384,0.00556503,3664.86,3,0,0,0,-0.0250276,0.0248837,-0.0117678,0.01177,4602.82,-25.6151,1.30437,-0.000133474,0.0251193,-69.4097,4638.25,-25.8123,1.3144,-0.000151979,-0.0249663,-69.4184,4735.01,-26.3507,1.34182,-0.00175724,0.0118594,-69.36,4756.79,-26.472,1.348,-0.00175411,-0.0118108,-69.3651
17.179,579.271,-12.2239,21.7772,0.000607889,0.867334,0.0582044,7.57333e-05,0.000283139,0.00556469,3664.21,3,0,0,0,-0.0248943,0.0247235,-0.0117696,0.0117719,4605.68,-25.6295,1.30405,-8.61081e-05,0.0250919,-69.3955,4641.73,-25.8301,1.31426,-7.41053e-05,-0.0248339,-69.4043,4735.11,-26.3497,1.34069,-0.00176756,0.0118594,-69.3477,4756.82,-26.4705,1.34684,-0.00176412,-0.0118134,-69.3527
17.189,579.488,-12.2289,21.7725,0.000549866,0.135897,0.0215104,1.67928e-05,0.000283263,0.00556549,3663.56,3,0,0,0,-0.0250351,0.0248688,-0.0117692,0.0117707,4602.6,-25.616,1.30375,-0.000142854,0.025078,-69.385,4638.18,-25.814,1.31383,-0.000131358,-0.024791,-69.394,4735.25,-26.3543,1.34132,-0.00175747,0.011851,-69.3353,4756.91,-26.4748,1.34746,-0.00175046,-0.0118038,-69.3403
17.199,579.706,-12.2339,21.768,0.000746942,-0.617559,0.176174,0.000156475,0.000283303,0.00556584,3662.9,3,0,0,0,-0.0249714,0.024828,-0.011764,0.0117656,4603.64,-25.6234,1.30422,-4.05465e-05,0.0250397,-69.3717,4638.58,-25.8179,1.31412,-3.34059e-05,-0.0248403,-69.3806,4735.18,-26.3555,1.34149,-0.00177747,0.0118631,-69.323,4756.85,-26.4762,1.34763,-0.00177026,-0.0118153,-69.3279
17.209,579.924,-12.2388,21.7639,0.000568711,-0.608847,-0.124275,2.43173e-05,0.000282998,0.00556602,3662.26,3,0,0,0,-0.0249782,0.0248654,-0.0117644,0.0117663,4602.53,-25.6181,1.30251,-0.000227454,0.0247133,-69.3594,4637.69,-25.8137,1.31246,-0.00027205,-0.0246208,-69.3681,4735.01,-26.3554,1.34,-0.00177512,0.0118132,-69.3105,4756.71,-26.4762,1.34614,-0.00174631,-0.0117686,-69.3155
17.219,580.141,-12.2438,21.7603,0.000587704,-0.28518,-0.139457,3.62293e-05,0.000282923,0.00556602,3661.59,3,0,0,0,-0.0248525,0.0247178,-0.0117663,0.0117679,4604.49,-25.6289,1.30271,-0.000153584,0.0251562,-69.3464,4640.42,-25.829,1.31288,-0.000175502,-0.0250659,-69.355,4735.3,-26.357,1.33972,-0.00175287,0.0119365,-69.2982,4756.91,-26.4773,1.34584,-0.00175759,-0.0118832,-69.3032
17.229,580.359,-12.2488,21.7562,0.000543397,-0.229568,-0.029498,3.29751e-06,0.00028298,0.00556648,3660.93,3,0,0,0,-0.0250112,0.0248241,-0.0117663,0.0117681,4601.86,-25.6164,1.30223,-0.000333606,0.0249117,-69.3335,4637.98,-25.8175,1.31245,-0.000374835,-0.024652,-69.3419,4735.02,-26.3577,1.33991,-0.00175042,0.0118371,-69.2859,4756.66,-26.4782,1.34604,-0.00174482,-0.0117878,-69.2909
17.239,580.576,-12.2537,21.7531,0.000464243,0.151978,-0.0397605,-3.83339e-05,0.000283002,0.00556624,3660.28,3,0,0,0,-0.0249805,0.0248301,-0.0117696,0.0117711,4603.28,-25.6232,1.30274,-7.29533e-05,0.0253017,-69.3219,4638.34,-25.8184,1.31266,-8.60427e-05,-0.0250208,-69.3307,4735.04,-26.3566,1.34002,-0.00175575,0.0118573,-69.2734,4756.76,-26.4776,1.34617,-0.00174759,-0.0118087,-69.2783
17.249,580.794,-12.2587,21.7482,0.000659253,-0.501997,0.185631,8.80591e-05,0.000283015,0.00556693,3659.62,3,0,0,0,-0.0249607,0.0248522,-0.0117635,0.0117654,4603.57,-25.628,1.30288,-0.000285838,0.0253988,-69.3084,4638.4,-25.8219,1.31274,-0.000287786,-0.0251176,-69.3173,4734.91,-26.3592,1.34005,-0.00175884,0.0118352,-69.2612,4756.66,-26.4802,1.34621,-0.00174947,-0.0117859,-69.2662
17.259,581.011,-12.2637,21.745,0.000827936,0.325021,0.265704,0.000203906,0.00028322,0.00556673,3658.92,3,0,0,0,-0.02483,0.0247357,-0.0117662,0.011768,4604.68,-25.6333,1.30414,-0.000372396,0.0253706,-69.2962,4639.6,-25.8277,1.31403,-0.000331388,-0.0252292,-69.3052,4735.12,-26.3594,1.34108,-0.00173168,0.01189,-69.2486,4756.9,-26.4806,1.34725,-0.00172651,-0.0118386,-69.2536
17.269,581.228,-12.2686,21.7401,0.000682544,-0.346618,0.181694,8.84217e-05,0.000283189,0.00556734,3658.27,3,0,0,0,-0.0250406,0.0248574,-0.0117665,0.0117683,4601.64,-25.6191,1.30313,-0.000533961,0.0248514,-69.2835,4637.83,-25.8206,1.31338,-0.000569835,-0.0245256,-69.2917,4735.08,-26.3621,1.34092,-0.00172025,0.0118527,-69.2364,4756.92,-26.4836,1.34711,-0.00170951,-0.0118034,-69.2415
17.279,581.446,-12.2736,21.7366,0.00063649,-0.780651,0.069905,7.91078e-05,0.000283458,0.00556743,3657.65,3,0,0,0,-0.0249455,0.024749,-0.011763,0.0117646,4603.78,-25.6315,1.30498,-3.63312e-05,0.0253023,-69.2724,4639.64,-25.8311,1.31515,-5.7333e-05,-0.0250377,-69.281,4734.99,-26.362,1.34217,-0.00176184,0.0118573,-69.2239,4756.86,-26.4838,1.34837,-0.00175537,-0.0118095,-69.2289
17.289,581.663,-12.2785,21.7331,0.00013824,-0.818119,-0.881708,-0.00029462,0.000283682,0.00556702,3657,3,0,0,0,-0.0248401,0.0247335,-0.0117624,0.0117643,4606.28,-25.6435,1.30672,5.38876e-05,0.0246188,-69.2579,4642.22,-25.8436,1.31691,-9.44748e-05,-0.0247994,-69.2668,4734.97,-26.3599,1.34323,-0.00183196,0.0118709,-69.2111,4756.96,-26.4824,1.34947,-0.00185068,-0.0118183,-69.2161
17.299,581.88,-12.2835,21.7289,0.000620454,-0.577073,-0.00217542,5.24339e-05,0.000283541,0.00556816,3656.34,3,0,0,0,-0.0250097,0.0249093,-0.011763,0.0117649,4602.28,-25.6265,1.30494,-7.80585e-05,0.0251568,-69.2503,4637.46,-25.8224,1.31491,-9.31304e-05,-0.0250199,-69.2588,4734.93,-26.3651,1.34255,-0.00175377,0.0118449,-69.1989,4756.88,-26.4873,1.34877,-0.00175136,-0.0117967,-69.2039
17.309,582.098,-12.2885,21.7252,0.00029792,-0.584586,-0.291838,-0.00014674,0.000283541,0.0055676,3655.7,3,0,0,0,-0.0247948,0.0246529,-0.0117611,0.0117635,4605.53,-25.642,1.30585,-4.0001e-05,0.0248887,-69.2329,4640.97,-25.8393,1.3159,7.99813e-05,-0.0246665,-69.2417,4734.39,-26.3595,1.34239,-0.00180343,0.0117605,-69.1876,4756.37,-26.4818,1.34862,-0.0017872,-0.0117228,-69.1926
17.319,582.315,-12.2934,21.7222,0.000623324,0.869205,-0.0256064,4.60743e-05,0.000283626,0.00556769,3655.04,3,0,0,0,-0.0249889,0.0248161,-0.0117696,0.0117715,4603.33,-25.6302,1.30562,-0.000377454,0.025339,-69.2219,4639.87,-25.8336,1.31599,-0.000401723,-0.0251604,-69.2303,4735.14,-26.3641,1.34301,-0.00173739,0.0118537,-69.1743,4757,-26.4858,1.34921,-0.00173447,-0.0118062,-69.1794
17.329,582.532,-12.2984,21.7172,0.000569495,-0.588537,0.0525082,3.74549e-05,0.000284017,0.00556823,3654.38,3,0,0,0,-0.0250025,0.0248486,-0.0117659,0.0117679,4602.63,-25.6287,1.30722,-6.57932e-05,0.0253394,-69.2112,4637.77,-25.8244,1.3172,-9.07412e-05,-0.0250815,-69.2202,4735.01,-26.3659,1.34482,-0.00176513,0.011867,-69.1619,4756.86,-26.4875,1.35103,-0.00175499,-0.011818,-69.1668
17.339,582.749,-12.3033,21.7135,0.000765047,-0.637145,-0.040533,0.0001518,0.000284304,0.00556827,3653.74,3,0,0,0,-0.0247863,0.0247008,-0.0117567,0.0117579,4603.16,-25.6319,1.3087,-9.59564e-05,0.0239639,-69.1969,4638.69,-25.8298,1.3188,-0.00011324,-0.0239996,-69.2055,4734.82,-26.365,1.34613,-0.00175223,0.0118141,-69.1494,4756.72,-26.487,1.35235,-0.00175192,-0.0117622,-69.1544
17.349,582.966,-12.3083,21.7096,0.000599357,-0.50275,-0.0404905,6.89456e-05,0.000283596,0.00556881,3653.07,3,0,0,0,-0.025144,0.0249845,-0.0117661,0.0117679,4599.69,-25.615,1.30445,-2.50117e-05,0.0252876,-69.1898,4635.87,-25.8165,1.31471,7.17201e-06,-0.0251089,-69.1984,4735.04,-26.3688,1.34284,-0.00175912,0.011855,-69.1369,4756.8,-26.49,1.34901,-0.00175598,-0.0118128,-69.142
17.359,583.183,-12.3132,21.7063,0.000881043,-0.504126,0.416758,0.00025651,0.000284033,0.00556762,3652.44,3,0,0,0,-0.024752,0.0246087,-0.0117667,0.0117685,4607.28,-25.6518,1.30862,5.91643e-05,0.0245424,-69.1715,4642.1,-25.8457,1.31851,5.09658e-05,-0.0242353,-69.1806,4735.09,-26.3635,1.34492,-0.00178393,0.0118367,-69.1242,4756.82,-26.4844,1.3511,-0.00177654,-0.0117884,-69.1292
17.369,583.4,-12.3182,21.7026,0.000573317,1.04808,0.0921003,5.52524e-05,0.000283848,0.00556891,3651.75,3,0,0,0,-0.0251545,0.0249871,-0.011768,0.0117696,4600.27,-25.6188,1.30578,-0.000519297,0.0252587,-69.1617,4636.13,-25.8185,1.31596,-0.000557079,-0.024956,-69.1702,4735.1,-26.3696,1.34405,-0.00173201,0.0118542,-69.1123,4756.89,-26.491,1.35023,-0.00172308,-0.0118068,-69.1174
17.379,583.617,-12.3231,21.6981,0.000397246,-0.541402,-0.406392,-7.94734e-05,0.000284019,0.00556827,3651.09,3,0,0,0,-0.024889,0.0247525,-0.0117661,0.0117681,4605.5,-25.6449,1.30805,-5.30707e-05,0.0248654,-69.1472,4640.85,-25.8418,1.31809,-4.67666e-05,-0.0248525,-69.1561,4735.22,-26.3673,1.34489,-0.00174643,0.0119168,-69.0998,4757.08,-26.489,1.3511,-0.00175404,-0.0118679,-69.1048
17.389,583.834,-12.3281,21.6938,0.000611557,-0.603479,0.0110826,7.56898e-05,0.000283986,0.00556848,3650.47,3,0,0,0,-0.0249168,0.0248127,-0.011766,0.0117679,4605.75,-25.6473,1.30797,-0.000285659,0.0249816,-69.1341,4640.95,-25.8433,1.31796,-0.000293778,-0.0248358,-69.143,4734.96,-26.3668,1.34466,-0.00173646,0.0118573,-69.0877,4756.84,-26.4887,1.35088,-0.00173638,-0.0118105,-69.0926
17.399,584.051,-12.333,21.6903,0.000552389,-0.553257,-0.0990322,2.50393e-05,0.000283866,0.00556877,3649.8,3,0,0,0,-0.0249471,0.0247986,-0.0117656,0.0117673,4603.25,-25.6347,1.30671,-4.10811e-06,0.0252016,-69.1249,4639.69,-25.8376,1.31705,2.31445e-05,-0.0250355,-69.1337,4735.06,-26.3687,1.34412,-0.00176159,0.0118572,-69.0751,4756.93,-26.4905,1.35033,-0.00175735,-0.0118119,-69.0802
17.409,584.268,-12.338,21.6867,0.000449952,-1.09901,-0.351606,-4.71894e-05,0.00028411,0.00556845,3649.16,3,0,0,0,-0.0250038,0.0248471,-0.0117672,0.0117691,4604.21,-25.6386,1.3081,0.000253138,0.0251322,-69.1105,4640.83,-25.8425,1.31851,0.000384849,-0.0250558,-69.1192,4735.02,-26.367,1.34527,-0.0018289,0.0118611,-69.0628,4756.91,-26.4889,1.35149,-0.00183768,-0.0118157,-69.0679
17.419,584.484,-12.3429,21.6823,0.000462954,-0.427012,-0.219132,-3.32529e-05,0.000284178,0.00556872,3648.49,3,0,0,0,-0.0249834,0.024798,-0.0117657,0.0117678,4602.84,-25.6322,1.30802,-0.000199591,0.0250178,-69.0989,4638.85,-25.8328,1.31826,-0.000213124,-0.0248664,-69.1077,4734.85,-26.3673,1.34554,-0.00174022,0.0118368,-69.0503,4756.76,-26.4894,1.35177,-0.00174264,-0.0117892,-69.0554
17.429,584.701,-12.3479,21.6786,0.000684964,-0.543833,0.548402,0.000118817,0.000284345,0.0055684,3647.85,3,0,0,0,-0.024858,0.0247582,-0.0117688,0.0117699,4608.28,-25.661,1.31034,-3.08012e-05,0.0259647,-69.0845,4642.04,-25.849,1.31994,-8.80628e-05,-0.0254521,-69.0935,4734.99,-26.3666,1.34637,-0.00182442,0.0118527,-69.0381,4756.92,-26.4887,1.3526,-0.00179432,-0.011806,-69.0431
17.439,584.918,-12.3528,21.6741,0.000550471,-0.668835,-0.105889,3.03808e-05,0.000283918,0.00556892,3647.18,3,0,0,0,-0.0249792,0.024865,-0.0117625,0.0117645,4602.54,-25.6315,1.30674,-0.00029289,0.0250445,-69.0747,4637.98,-25.8288,1.31681,-0.000254105,-0.0249107,-69.0835,4735,-26.3691,1.34435,-0.00174448,0.0118553,-69.0257,4756.93,-26.4912,1.35058,-0.00174366,-0.0118098,-69.0308
17.449,585.135,-12.3578,21.6714,0.000240059,-1.03365,-0.481872,-0.000193265,0.000283867,0.00556801,3646.56,3,0,0,0,-0.0249289,0.0247606,-0.0117653,0.0117679,4604.08,-25.6358,1.30695,0.000364529,0.024906,-69.062,4640.67,-25.8396,1.31734,0.000384178,-0.024763,-69.0704,4734.95,-26.3645,1.3441,-0.00182522,0.0118567,-69.0132,4756.82,-26.4863,1.3503,-0.00183028,-0.0118123,-69.0182
17.459,585.351,-12.3627,21.6666,0.000557334,-0.434581,-0.0179685,2.7906e-05,0.000284166,0.00556843,3645.86,3,0,0,0,-0.0250256,0.0248453,-0.0117666,0.0117685,4602.21,-25.6274,1.30779,-0.000255873,0.025379,-69.0486,4638.13,-25.8274,1.318,-0.000206703,-0.0251468,-69.0572,4735.07,-26.3671,1.34554,-0.00174693,0.0118588,-69.001,4756.89,-26.4887,1.35175,-0.00173982,-0.0118123,-69.006
17.469,585.568,-12.3677,21.663,0.000530831,-0.230437,0.225208,2.35427e-05,0.000284124,0.0055683,3645.21,3,0,0,0,-0.024992,0.0248353,-0.0117667,0.0117687,4603.48,-25.6338,1.30796,-0.000234986,0.0257282,-69.0361,4638.6,-25.8294,1.31794,-0.000241855,-0.0253001,-69.0449,4735.02,-26.3663,1.34533,-0.00176503,0.0118538,-68.9886,4756.82,-26.4877,1.35153,-0.00174652,-0.0118072,-68.9936
17.479,585.784,-12.3726,21.6601,0.000700107,0.293915,0.308263,0.000138399,0.000284385,0.0055677,3644.56,3,0,0,0,-0.0248911,0.0247849,-0.011767,0.0117682,4605.53,-25.6425,1.30974,-4.55932e-05,0.0253745,-69.0234,4640.2,-25.8355,1.3196,-4.76287e-05,-0.0250831,-69.0325,4734.96,-26.3631,1.34655,-0.00179,0.0118476,-68.976,4756.8,-26.4847,1.35276,-0.00177644,-0.0117998,-68.981
17.489,586.001,-12.3775,21.6551,0.000591059,-0.822259,0.0773339,6.38327e-05,0.000284009,0.00556798,3643.9,3,0,0,0,-0.0249651,0.0248073,-0.0117661,0.0117678,4603.58,-25.6329,1.30746,-3.35361e-05,0.0248473,-69.0131,4639.76,-25.8344,1.31774,-2.70069e-06,-0.0245598,-69.0217,4734.93,-26.3643,1.34476,-0.00177482,0.0118503,-68.964,4756.81,-26.4861,1.35098,-0.00176723,-0.0118063,-68.9691
17.499,586.217,-12.3825,21.6521,0.000579947,-0.715368,0.197299,4.58567e-05,0.000283958,0.00556778,3643.27,3,0,0,0,-0.0249571,0.0247897,-0.0117651,0.0117683,4604.35,-25.6363,1.30744,0.000335119,0.0250964,-69,4640.37,-25.8368,1.31767,0.000445997,-0.024647,-69.0088,4735.06,-26.3641,1.34456,-0.00187932,0.0118713,-68.9514,4756.92,-26.4857,1.35076,-0.00186805,-0.0118286,-68.9564
17.509,586.434,-12.3874,21.6475,0.000560788,-0.473237,-0.00661179,2.06348e-05,0.000284292,0.00556818,3642.61,3,0,0,0,-0.0250175,0.0248475,-0.0117662,0.0117682,4602.47,-25.6276,1.30845,-8.45327e-05,0.0251288,-68.9882,4638.24,-25.8268,1.31861,-7.62702e-05,-0.0248873,-68.9971,4734.62,-26.3634,1.34601,-0.00176547,0.0117893,-68.9387,4756.46,-26.4851,1.35222,-0.00176113,-0.0117406,-68.9437
17.519,586.65,-12.3924,21.6435,0.000843792,-0.705221,0.164748,0.000220061,0.000284452,0.00556801,3641.97,3,0,0,0,-0.0248864,0.0247702,-0.0117607,0.0117621,4605.45,-25.6435,1.31003,-7.89854e-05,0.0249735,-68.9741,4640.23,-25.8371,1.31992,-0.000110078,-0.024889,-68.9828,4734.91,-26.3643,1.34686,-0.00175878,0.0118589,-68.9267,4756.89,-26.4867,1.35311,-0.00176014,-0.0118109,-68.9318
17.529,586.867,-12.3973,21.6394,0.00069049,-0.207393,0.125831,0.000127507,0.000284188,0.00556798,3641.3,3,0,0,0,-0.0249034,0.0247971,-0.0117659,0.0117677,4603.41,-25.632,1.30823,-0.000502981,0.0254039,-68.9609,4638.68,-25.8283,1.31826,-0.000438876,-0.0252235,-68.9699,4734.76,-26.3633,1.34556,-0.00172825,0.0118141,-68.9143,4756.72,-26.4856,1.3518,-0.00172171,-0.0117704,-68.9193
17.539,587.083,-12.4022,21.6361,0.000523389,-0.866125,-0.0454749,1.63963e-05,0.000283958,0.00556786,3640.64,3,0,0,0,-0.0249629,0.0247844,-0.011766,0.0117678,4602.57,-25.6267,1.30694,0.000231927,0.0251482,-68.9525,4639.43,-25.8319,1.3174,0.00028503,-0.0248778,-68.9611,4735.14,-26.3649,1.34458,-0.00180937,0.0118731,-68.9018,4756.98,-26.4865,1.35079,-0.00180788,-0.0118264,-68.9068
17.549,587.299,-12.4072,21.632,0.000577343,-0.814814,-0.0242059,4.88531e-05,0.000284413,0.00556797,3640,3,0,0,0,-0.0249835,0.0248117,-0.0117642,0.0117662,4603.06,-25.63,1.30917,5.99642e-05,0.0251313,-68.939,4638.88,-25.8294,1.31936,8.90183e-05,-0.0249119,-68.9483,4735.02,-26.3648,1.3467,-0.001784,0.0118588,-68.8895,4756.87,-26.4864,1.35292,-0.00178102,-0.0118122,-68.8945
17.559,587.515,-12.4121,21.6281,0.000636831,-0.694748,0.132178,9.92283e-05,0.000284133,0.00556784,3639.39,3,0,0,0,-0.0249909,0.0248156,-0.0117656,0.0117677,4604.25,-25.636,1.30822,-4.56402e-05,0.0251892,-68.9247,4639.76,-25.8337,1.31831,-6.20527e-06,-0.0248856,-68.9335,4734.98,-26.3639,1.34536,-0.00177404,0.0118533,-68.8771,4756.86,-26.4857,1.35158,-0.00176741,-0.0118088,-68.8823
17.569,587.732,-12.417,21.6243,0.000675844,-0.815127,-0.0310446,0.000110075,0.000284559,0.00556779,3638.71,3,0,0,0,-0.0249125,0.024815,-0.0117628,0.0117641,4604.53,-25.6373,1.31026,7.16284e-05,0.0244443,-68.914,4639.34,-25.8312,1.32017,5.30031e-05,-0.0244073,-68.923,4735.07,-26.3642,1.34741,-0.00177029,0.0118759,-68.8648,4756.95,-26.486,1.35363,-0.00176977,-0.011827,-68.8698
17.579,587.948,-12.422,21.6206,0.000568231,-0.138773,-0.134712,7.44293e-05,0.000284322,0.00556776,3638.05,3,0,0,0,-0.0248967,0.024759,-0.0117654,0.0117672,4604.54,-25.6373,1.30917,-0.000204671,0.0252154,-68.9002,4639.48,-25.8318,1.31911,-0.000164884,-0.025138,-68.9089,4734.63,-26.3616,1.34616,-0.00175078,0.0117907,-68.8519,4756.55,-26.4836,1.35239,-0.00174647,-0.0117491,-68.8569
17.589,588.164,-12.4269,21.6166,0.000539684,-0.0268715,-0.0605426,3.28529e-06,0.000284383,0.00556821,3637.36,3,0,0,0,-0.0249991,0.0248268,-0.0117665,0.0117684,4601.8,-25.6241,1.30868,-0.000231189,0.0251272,-68.8891,4638.01,-25.8257,1.31897,-0.000274695,-0.0249001,-68.8975,4734.95,-26.3655,1.34654,-0.00174723,0.0118503,-68.84,4756.81,-26.4872,1.35276,-0.00174162,-0.0118029,-68.8451
17.599,588.38,-12.4318,21.6125,0.000686768,-0.764741,-0.0219406,0.00012969,0.000284718,0.00556816,3636.74,3,0,0,0,-0.0249335,0.0247545,-0.0117612,0.0117627,4602.99,-25.6304,1.31055,-1.29776e-05,0.0247149,-68.876,4639.05,-25.8312,1.32082,-1.41296e-06,-0.024591,-68.8851,4734.9,-26.365,1.34811,-0.00177147,0.0118176,-68.8277,4756.82,-26.487,1.35435,-0.00177525,-0.0117693,-68.8327
17.609,588.596,-12.4368,21.6086,0.000736195,-0.804272,0.402137,0.000139489,0.000284526,0.00556793,3636.06,3,0,0,0,-0.0249488,0.0248337,-0.0117628,0.0117649,4605.46,-25.6432,1.31037,-3.39224e-05,0.0255173,-68.8637,4640.19,-25.8365,1.32025,-6.89616e-05,-0.0251045,-68.8724,4734.97,-26.3643,1.34722,-0.00178298,0.0118557,-68.8155,4756.89,-26.4863,1.35346,-0.00177465,-0.0118066,-68.8205
17.619,588.812,-12.4417,21.6051,0.000615219,-0.509565,0.0884481,4.24812e-05,0.000284464,0.00556815,3635.41,3,0,0,0,-0.0249107,0.0248159,-0.0117649,0.0117667,4603.86,-25.6353,1.30963,0.000187125,0.025642,-68.8526,4639.52,-25.8338,1.31978,0.000134188,-0.0254478,-68.8612,4735.02,-26.3656,1.34694,-0.00181005,0.0118955,-68.8032,4756.9,-26.4874,1.35317,-0.00180733,-0.0118404,-68.8082
17.629,589.028,-12.4466,21.6017,0.000787706,0.47175,0.40716,0.000182291,0.000284313,0.00556795,3634.78,3,0,0,0,-0.0248969,0.0247419,-0.0117684,0.0117708,4603.4,-25.6318,1.30881,-0.000249949,0.0248466,-68.839,4639.02,-25.8301,1.31893,-0.000284501,-0.0245109,-68.8477,4734.86,-26.3637,1.34618,-0.00174505,0.0118139,-68.7904,4756.67,-26.4852,1.35239,-0.0017383,-0.011777,-68.7954
17.639,589.244,-12.4515,21.5966,0.000565796,-0.903064,0.0243128,1.67511e-05,0.000284342,0.00556832,3634.12,3,0,0,0,-0.0249994,0.0248107,-0.0117646,0.0117666,4601.55,-25.6232,1.30841,-0.000203255,0.0244981,-68.8264,4637.64,-25.8241,1.31868,-0.000247423,-0.0242098,-68.8348,4734.73,-26.3648,1.34628,-0.00177551,0.0117832,-68.7782,4756.59,-26.4865,1.3525,-0.00177194,-0.0117317,-68.7833
17.649,589.46,-12.4565,21.5932,0.000290738,0.245082,-0.433083,-0.000133679,0.000284478,0.00556853,3633.44,3,0,0,0,-0.0249735,0.0247988,-0.011766,0.0117682,4601.85,-25.6258,1.30912,-0.000395834,0.0248889,-68.8135,4637.58,-25.8248,1.31929,-0.000424326,-0.0248007,-68.8225,4734.98,-26.3672,1.347,-0.00175051,0.0118537,-68.7658,4756.86,-26.489,1.35322,-0.00175507,-0.0118069,-68.7708
17.659,589.676,-12.4614,21.5901,0.000553507,0.00584427,0.158621,3.87641e-06,0.000284375,0.00556797,3632.81,3,0,0,0,-0.0248732,0.0247636,-0.0117671,0.011769,4605.99,-25.6463,1.30983,7.70072e-05,0.0257295,-68.8022,4640.92,-25.8408,1.31976,5.76322e-05,-0.025403,-68.8108,4734.97,-26.3644,1.34651,-0.00180091,0.0118549,-68.7535,4756.83,-26.4862,1.35272,-0.00179028,-0.0118081,-68.7585
17.669,589.892,-12.4663,21.5849,0.000616423,-1.00224,0.0070239,8.05426e-05,0.000284211,0.00556835,3632.18,3,0,0,0,-0.0250169,0.0248668,-0.0117657,0.0117674,4602.9,-25.6308,1.3082,-0.000225178,0.0249268,-68.7903,4638.81,-25.8308,1.3184,-0.000190605,-0.024733,-68.7989,4735.04,-26.3666,1.34575,-0.00175435,0.0118665,-68.7412,4756.92,-26.4885,1.35197,-0.00175103,-0.0118233,-68.7462
17.679,590.107,-12.4712,21.5819,0.000362393,-0.98308,-0.244963,-0.000105433,0.000283902,0.00556811,3631.51,3,0,0,0,-0.0249404,0.0247645,-0.0117658,0.0117685,4604.02,-25.636,1.30709,0.000367727,0.025196,-68.7782,4640.68,-25.8401,1.3175,0.00042017,-0.0249503,-68.7868,4735.09,-26.3658,1.3443,-0.00182447,0.0118643,-68.7288,4756.9,-26.4872,1.35049,-0.00182222,-0.0118184,-68.7339
17.689,590.323,-12.4762,21.5779,0.000602773,-0.23111,0.135583,6.69799e-05,0.00028428,0.00556853,3630.8,3,0,0,0,-0.02502,0.0248426,-0.0117662,0.011768,4603.1,-25.6328,1.30857,-0.000127927,0.0255405,-68.7648,4638.77,-25.8314,1.31871,-9.876e-05,-0.0252122,-68.7737,4735.14,-26.3681,1.34611,-0.00174445,0.0119366,-68.7165,4756.93,-26.4894,1.3523,-0.00173087,-0.0118915,-68.7215
17.699,590.539,-12.4811,21.5739,0.000584382,-0.383955,0.129984,3.90985e-05,0.000284092,0.00556829,3630.2,3,0,0,0,-0.0249415,0.0248055,-0.011766,0.0117679,4604.82,-25.6412,1.30819,-7.49858e-05,0.025142,-68.7518,4639.68,-25.8354,1.3181,-0.000133914,-0.0248357,-68.7604,4735.07,-26.3665,1.34519,-0.00182059,0.0118754,-68.7041,4756.85,-26.4878,1.35138,-0.00181007,-0.0118256,-68.7091
17.709,590.754,-12.486,21.57,0.00058105,0.300077,-0.101638,4.3863e-05,0.000283852,0.00556882,3629.56,3,0,0,0,-0.0250119,0.0248879,-0.0117663,0.0117683,4602.52,-25.6308,1.30643,-0.000527755,0.024902,-68.7395,4637.73,-25.8269,1.31643,-0.000448569,-0.0248353,-68.7483,4735.09,-26.3691,1.34406,-0.00169353,0.0118526,-68.6918,4756.86,-26.4904,1.35024,-0.00169677,-0.0118061,-68.6968
17.719,590.97,-12.4909,21.5663,0.000321556,-0.781869,-0.301723,-0.000145989,0.000283555,0.00556857,3628.9,3,0,0,0,-0.0248253,0.0246913,-0.011762,0.0117647,4606,-25.6491,1.30605,0.000181157,0.025048,-68.7279,4641.72,-25.848,1.31618,0.000156011,-0.0248689,-68.7364,4735.16,-26.3684,1.34268,-0.00179975,0.0118576,-68.6794,4756.84,-26.4891,1.34882,-0.00179625,-0.0118114,-68.6844
17.729,591.186,-12.4958,21.5617,0.000535875,-0.36099,-0.0404252,1.57076e-06,0.000283706,0.0055692,3628.25,3,0,0,0,-0.0250402,0.024853,-0.0117659,0.0117677,4601.79,-25.6285,1.30556,-0.000454341,0.0249281,-68.7146,4637.88,-25.8296,1.3158,-0.000489865,-0.0246807,-68.7229,4734.89,-26.3698,1.34332,-0.00172887,0.0118566,-68.6672,4756.56,-26.4905,1.34947,-0.00172182,-0.0118078,-68.6722
17.739,591.401,-12.5007,21.5584,0.000429333,-0.285247,-0.265873,-4.82818e-05,0.000283736,0.00556912,3627.58,3,0,0,0,-0.0249696,0.0247929,-0.0117657,0.0117678,4602.37,-25.6314,1.30586,-6.68408e-05,0.0249569,-68.7038,4637.89,-25.8292,1.31594,-7.84925e-05,-0.0248344,-68.7127,4735.11,-26.3707,1.34352,-0.00174162,0.0119,-68.6547,4756.87,-26.4918,1.34969,-0.0017438,-0.0118541,-68.6596
17.749,591.617,-12.5057,21.554,0.000749684,-0.884105,0.112033,0.000169812,0.000283612,0.00556899,3626.97,3,0,0,0,-0.0249533,0.024828,-0.0117615,0.0117632,4604.66,-25.6436,1.30594,-0.00019628,0.0248959,-68.6895,4639.68,-25.8386,1.31587,-0.000161155,-0.0247526,-68.6981,4734.99,-26.3694,1.3429,-0.00175287,0.0118452,-68.6426,4756.77,-26.4907,1.34908,-0.00175029,-0.0117991,-68.6475
17.759,591.832,-12.5106,21.5505,0.000457454,-0.732922,-0.210882,-4.23852e-05,0.000283448,0.00556912,3626.28,3,0,0,0,-0.0249367,0.0248164,-0.0117652,0.0117674,4604.73,-25.6445,1.3052,9.96586e-05,0.0252478,-68.6781,4640.31,-25.8427,1.31529,5.71668e-05,-0.0251227,-68.6869,4735.03,-26.3702,1.34214,-0.00179425,0.0118664,-68.6301,4756.81,-26.4915,1.34831,-0.0017957,-0.0118192,-68.6351
17.769,592.048,-12.5155,21.5456,0.000598007,-0.260674,0.0180175,1.7715e-05,0.000283467,0.00556951,3625.62,3,0,0,0,-0.0249885,0.0248155,-0.0117653,0.011767,4602.62,-25.6346,1.30469,-0.000760682,0.0249443,-68.6628,4638.81,-25.8362,1.31495,-0.000819253,-0.0247003,-68.6709,4735.01,-26.372,1.34222,-0.00169646,0.0118499,-68.6181,4756.79,-26.4932,1.34839,-0.00168908,-0.0118009,-68.6231
17.779,592.263,-12.5204,21.5432,0.000574422,-0.639269,-0.00769499,4.0622e-05,0.000283465,0.00556916,3624.99,3,0,0,0,-0.024959,0.0247709,-0.0117661,0.0117679,4604.12,-25.6414,1.30511,0.000103053,0.0252231,-68.6541,4640.01,-25.8412,1.31528,9.67608e-05,-0.0249712,-68.6627,4735.12,-26.3709,1.34224,-0.00177685,0.0118725,-68.6053,4756.92,-26.4923,1.34842,-0.00176827,-0.0118222,-68.6103
17.789,592.478,-12.5253,21.5384,0.000418905,-0.935094,-0.329855,-7.09413e-05,0.000283513,0.00556922,3624.35,3,0,0,0,-0.0249511,0.0248256,-0.0117661,0.0117677,4604.6,-25.6443,1.30547,-0.000174745,0.0245422,-68.6395,4639.38,-25.838,1.31533,-0.000211551,-0.0244993,-68.6483,4735.09,-26.371,1.34246,-0.00177135,0.0118722,-68.5933,4756.84,-26.4922,1.34863,-0.00177543,-0.0118226,-68.5982
17.799,592.694,-12.5302,21.5354,0.000595553,-0.496305,0.0831345,5.40557e-05,0.000283266,0.00556943,3623.67,3,0,0,0,-0.0249924,0.0248668,-0.0117664,0.0117683,4604,-25.6419,1.30416,0.00023896,0.0253679,-68.6309,4638.83,-25.8359,1.31402,0.000176246,-0.0251434,-68.6394,4735.03,-26.3717,1.34127,-0.00180053,0.0118559,-68.5805,4756.78,-26.4928,1.34743,-0.00179082,-0.011808,-68.5855
17.809,592.909,-12.5351,21.5314,0.000639186,-0.128729,-0.384525,8.91432e-05,0.000283382,0.00556898,3623.04,3,0,0,0,-0.0248512,0.0247181,-0.0117659,0.0117677,4607.1,-25.6571,1.30557,-4.91969e-05,0.0256875,-68.6141,4642.44,-25.8539,1.31558,-4.27772e-05,-0.0258627,-68.6227,4735.11,-26.37,1.34184,-0.00179136,0.0118657,-68.5681,4756.78,-26.4907,1.34799,-0.00181165,-0.0118167,-68.573
17.819,593.124,-12.54,21.5269,0.000553412,-0.604391,0.128388,7.69546e-06,0.00028318,0.00556967,3622.38,3,0,0,0,-0.0250236,0.0248397,-0.0117665,0.0117684,4602.07,-25.6323,1.30321,-0.000249698,0.0249465,-68.6047,4638.15,-25.8332,1.31343,-0.000281241,-0.0245676,-68.6129,4735,-26.3727,1.34086,-0.00174515,0.0118634,-68.5561,4756.7,-26.4935,1.347,-0.00172959,-0.0118146,-68.5611
17.829,593.339,-12.545,21.5241,0.000559699,0.270855,0.204307,2.96513e-05,0.000283471,0.00556951,3621.71,3,0,0,0,-0.0249561,0.0247821,-0.0117687,0.0117705,4603.65,-25.6403,1.305,-7.70908e-05,0.0256581,-68.5917,4639.19,-25.8383,1.31508,-8.12993e-05,-0.0252535,-68.6005,4735.01,-26.372,1.34224,-0.00176869,0.0118541,-68.5436,4756.76,-26.4931,1.3484,-0.00175094,-0.0118072,-68.5485
17.839,593.555,-12.5499,21.5189,0.000664815,-0.945228,-0.280251,0.000120859,0.000283346,0.00556946,3621.12,3,0,0,0,-0.024955,0.0248221,-0.0117648,0.0117673,4604.28,-25.6436,1.3046,-0.000441528,0.0242592,-68.5775,4639.52,-25.8398,1.31459,-0.000390511,-0.0243293,-68.5863,4734.92,-26.3712,1.34162,-0.0016833,0.0118553,-68.5315,4756.77,-26.4929,1.34781,-0.00171394,-0.0118071,-68.5365
17.849,593.77,-12.5548,21.5156,0.00058084,-0.271001,-0.00189705,2.88038e-05,0.000283212,0.00556981,3620.41,3,0,0,0,-0.0249676,0.0248514,-0.0117656,0.0117674,4602.91,-25.6376,1.3036,-0.000186832,0.0252957,-68.5679,4638.37,-25.8351,1.31365,-0.000159425,-0.0251203,-68.5765,4734.96,-26.3731,1.341,-0.0017488,0.0118562,-68.519,4756.76,-26.4945,1.34717,-0.00174416,-0.0118079,-68.5239
17.859,593.985,-12.5597,21.5116,0.000282213,-0.770258,-0.334103,-0.000162863,0.000283268,0.00556931,3619.77,3,0,0,0,-0.0247698,0.0246063,-0.0117614,0.0117639,4607.16,-25.659,1.30506,-0.000170158,0.0251429,-68.5519,4643.24,-25.8599,1.31528,-0.000143498,-0.0249519,-68.5606,4735.06,-26.3713,1.34129,-0.00177697,0.0118583,-68.5069,4756.75,-26.4921,1.34744,-0.00176943,-0.011813,-68.5118
17.869,594.2,-12.5646,21.5076,0.000530891,-0.528837,-0.028775,-1.1288e-06,0.000283377,0.00557007,3619.1,3,0,0,0,-0.0250372,0.024829,-0.0117659,0.0117679,4601.49,-25.6309,1.30396,-0.000238285,0.0249919,-68.5433,4637.67,-25.8324,1.31421,-0.000260676,-0.0247113,-68.5516,4735.08,-26.375,1.34181,-0.00175035,0.0118864,-68.4944,4756.85,-26.4962,1.34798,-0.00174447,-0.0118384,-68.4993
17.879,594.415,-12.5695,21.5049,0.000452119,0.134532,-0.118674,-7.4339e-05,0.000283558,0.00556958,3618.46,3,0,0,0,-0.0249775,0.0248406,-0.0117708,0.011772,4602.82,-25.636,1.30517,1.90639e-05,0.0251957,-68.5309,4637.91,-25.8315,1.31512,3.68732e-05,-0.0249967,-68.5398,4734.96,-26.372,1.34264,-0.00174927,0.011858,-68.4818,4756.78,-26.4936,1.34883,-0.00174587,-0.0118102,-68.4867
17.889,594.63,-12.5744,21.5001,0.000689717,-0.616247,0.0321432,9.95658e-05,0.000283678,0.00556978,3617.81,3,0,0,0,-0.0248652,0.0247784,-0.0117599,0.0117618,4604.59,-25.6468,1.30622,-4.61775e-05,0.0250507,-68.5174,4639.66,-25.8421,1.31617,-7.07182e-05,-0.0249578,-68.5258,4734.53,-26.3706,1.34308,-0.00177093,0.0117891,-68.4696,4756.42,-26.4925,1.34929,-0.0017724,-0.0117409,-68.4745
17.899,594.845,-12.5793,21.4965,0.000360236,-0.655813,-0.318643,-0.000122986,0.00028346,0.00556999,3617.15,3,0,0,0,-0.0248677,0.0247584,-0.0117624,0.0117651,4604.11,-25.6451,1.30508,0.000146719,0.0250457,-68.5067,4640.13,-25.8457,1.31529,9.27873e-05,-0.0249447,-68.5151,4734.94,-26.3739,1.34217,-0.00179487,0.0118579,-68.4572,4756.82,-26.4957,1.34837,-0.00179625,-0.0118089,-68.4621
17.909,595.06,-12.5842,21.4924,0.000733596,-1.16056,0.28444,0.000139562,0.000283808,0.00556983,3616.53,3,0,0,0,-0.0250253,0.0248598,-0.0117668,0.0117687,4602.76,-25.6369,1.3063,0.000139092,0.0248762,-68.4932,4639.21,-25.8399,1.31664,0.000147041,-0.0244893,-68.5015,4735.01,-26.3735,1.34383,-0.00181122,0.011868,-68.445,4756.91,-26.4955,1.35005,-0.00180309,-0.0118242,-68.45
17.919,595.274,-12.5891,21.4887,0.000552229,-0.178358,0.117887,2.98453e-05,0.000284078,0.00557013,3615.83,3,0,0,0,-0.0249707,0.0247771,-0.0117662,0.0117682,4603.7,-25.6435,1.30781,-0.000106299,0.0258382,-68.4807,4639.69,-25.8439,1.31803,-0.000100332,-0.0254658,-68.4894,4734.96,-26.3746,1.3451,-0.00176228,0.0118858,-68.4326,4756.9,-26.4968,1.35133,-0.00175015,-0.011839,-68.4376
17.929,595.489,-12.594,21.4843,0.000419481,-0.246374,-0.00264242,-6.18704e-05,0.00028414,0.0055702,3615.2,3,0,0,0,-0.024938,0.0248063,-0.0117656,0.0117678,4605.06,-25.6514,1.30848,-0.000446667,0.0258385,-68.4662,4640.37,-25.8481,1.31852,-0.00042697,-0.02549,-68.4752,4734.87,-26.3745,1.34537,-0.00173147,0.0118326,-68.4205,4756.86,-26.4969,1.35161,-0.00172954,-0.0117857,-68.4255
17.939,595.704,-12.5989,21.4808,0.000612371,-0.196316,0.00752998,6.95667e-05,0.000284281,0.00557024,3614.54,3,0,0,0,-0.0249543,0.024848,-0.0117661,0.011768,4604.09,-25.6461,1.30886,-0.00025539,0.0250865,-68.4555,4639.26,-25.8421,1.31886,-0.000216837,-0.0249437,-68.4645,4734.87,-26.3746,1.34603,-0.00175281,0.0118489,-68.4081,4756.86,-26.4971,1.35229,-0.00175095,-0.0118015,-68.413
17.949,595.919,-12.6038,21.4769,0.000408242,-0.736593,-0.0429681,-8.04504e-05,0.000283909,0.00557033,3613.63,3,0,0,0,-0.0249106,0.0247485,-0.011763,0.0117649,4604.02,-25.6462,1.30712,-2.05406e-05,0.0251018,-68.4448,4640.12,-25.8473,1.31737,9.49481e-06,-0.0247475,-68.4532,4734.92,-26.3753,1.34429,-0.00178194,0.0118835,-68.3955,4756.84,-26.4974,1.35051,-0.00176974,-0.0118362,-68.4005
17.959,596.133,-12.6087,21.4725,0.000835233,-2.17956,0.299048,0.0001967,0.000284026,0.0055698,3613.33,3,0,0,0,-0.0249241,0.0247541,-0.0117671,0.011769,4604.23,-25.6449,1.30772,0.000254323,0.024373,-68.4301,4639.66,-25.8423,1.31779,0.000289349,-0.0240664,-68.4391,4734.88,-26.3726,1.34483,-0.00178189,0.0118661,-68.383,4756.71,-26.4942,1.35103,-0.00176964,-0.0118201,-68.3881
17.969,596.348,-12.6136,21.4691,0.000531113,-0.262445,0.0367354,1.29259e-05,0.000284128,0.00557069,3612.6,3,0,0,0,-0.0250432,0.0248958,-0.0117667,0.0117686,4601.97,-25.6364,1.30755,-0.00018908,0.025361,-68.4201,4636.7,-25.8299,1.31742,-0.000214082,-0.0250955,-68.4289,4734.94,-26.3772,1.34533,-0.00175349,0.0118572,-68.371,4756.72,-26.4985,1.35152,-0.00174443,-0.0118079,-68.3759
17.979,596.563,-12.6185,21.4654,0.000723629,-0.689418,0.129783,0.000132438,0.000283977,0.00557029,3611.95,3,0,0,0,-0.024873,0.0247607,-0.0117627,0.0117644,4605.58,-25.6547,1.30788,2.06704e-05,0.0249953,-68.4059,4640.4,-25.8487,1.31777,-7.08232e-06,-0.0248417,-68.4145,4734.91,-26.3751,1.34461,-0.00178045,0.011859,-68.3587,4756.67,-26.4963,1.35078,-0.0017767,-0.0118103,-68.3636
17.989,596.777,-12.6234,21.4611,0.000429715,-0.77697,-0.167896,-6.98709e-05,0.000283727,0.00557074,3611.29,3,0,0,0,-0.0248896,0.0247889,-0.0117609,0.0117631,4603.85,-25.6471,1.30624,-0.000223823,0.0248669,-68.394,4639.36,-25.845,1.31631,-0.00022628,-0.0247113,-68.4027,4735,-26.3777,1.34345,-0.00175697,0.0118579,-68.3464,4756.71,-26.4987,1.34961,-0.001753,-0.0118095,-68.3513
17.999,596.992,-12.6282,21.4575,0.000550932,-0.733966,-0.188153,1.27802e-05,0.00028371,0.00557049,3610.65,3,0,0,0,-0.0249855,0.0248089,-0.0117663,0.011768,4602.66,-25.6393,1.30582,-3.72903e-05,0.02518,-68.3829,4639.39,-25.8439,1.31624,-4.23114e-05,-0.0250665,-68.3912,4735.01,-26.3766,1.34337,-0.00179112,0.0118488,-68.3338,4756.73,-26.4976,1.34953,-0.00179153,-0.011801,-68.3388
18.009,597.206,-12.6331,21.454,0.00054058,-0.0233905,-0.0314153,1.04436e-05,0.000283891,0.00557048,3609.99,3,0,0,0,-0.0249408,0.0247468,-0.0117667,0.0117686,4603.21,-25.6423,1.30681,-0.000155014,0.0250019,-68.3697,4639.2,-25.8428,1.31703,-0.000195541,-0.0247352,-68.3784,4734.98,-26.3764,1.34422,-0.00174778,0.0118581,-68.3217,4756.65,-26.4971,1.35037,-0.00174353,-0.0118096,-68.3267
18.019,597.421,-12.638,21.4497,0.00054009,-0.23468,0.085347,2.37947e-05,0.000283779,0.00557101,3609.34,3,0,0,0,-0.0250529,0.024892,-0.0117652,0.0117674,4602.42,-25.6404,1.30607,-0.000332415,0.0253016,-68.3574,4637.59,-25.8363,1.31605,-0.000301245,-0.0249876,-68.3661,4735.04,-26.3792,1.3437,-0.00175394,0.0118536,-68.3094,4756.78,-26.5003,1.34987,-0.00174414,-0.0118072,-68.3143
18.029,597.635,-12.6429,21.4458,0.000591409,-0.389526,-0.0354461,4.85278e-05,0.000283645,0.00557078,3608.69,3,0,0,0,-0.0249224,0.0248213,-0.0117642,0.0117662,4604.07,-25.6485,1.30592,-0.000285575,0.025024,-68.3446,4639.23,-25.8444,1.31589,-0.000208939,-0.0248981,-68.3534,4735.01,-26.3779,1.34306,-0.00174073,0.0118569,-68.2971,4756.8,-26.4993,1.34924,-0.00174045,-0.0118099,-68.302
18.039,597.85,-12.6478,21.4421,0.00071143,-0.0432686,-0.0342385,0.000123049,0.000283584,0.00557036,3608.08,3,0,0,0,-0.0248952,0.0247487,-0.0117676,0.0117692,4605.47,-25.6544,1.30604,-0.000292105,0.0250949,-68.3308,4641.69,-25.8562,1.31631,-0.000278633,-0.0250315,-68.3393,4734.75,-26.3745,1.3427,-0.00177205,0.0118724,-68.2849,4756.55,-26.496,1.34888,-0.00177746,-0.011825,-68.2898
18.049,598.064,-12.6527,21.4384,0.000562256,0.075134,-0.0122179,1.35829e-05,0.000283569,0.00557094,3607.39,3,0,0,0,-0.0250106,0.0248273,-0.0117665,0.0117684,4602.05,-25.638,1.305,-0.000228921,0.0251605,-68.3211,4638.28,-25.8399,1.31527,-0.000262122,-0.0249074,-68.3294,4734.97,-26.3785,1.34269,-0.00174967,0.0118581,-68.2724,4756.75,-26.4998,1.34886,-0.00174465,-0.0118085,-68.2773
18.059,598.278,-12.6576,21.4344,0.000702378,-0.566068,0.280316,0.000120115,0.000283688,0.00557077,3606.68,3,0,0,0,-0.0249109,0.0247208,-0.0117658,0.0117669,4604.89,-25.6531,1.30635,-3.5125e-05,0.0254145,-68.307,4640.59,-25.8519,1.31648,-2.32016e-05,-0.0250554,-68.3156,4734.64,-26.3759,1.34316,-0.00180783,0.0118305,-68.2599,4756.4,-26.4971,1.34933,-0.00179199,-0.0117823,-68.2648
18.069,598.493,-12.6625,21.4301,0.000600084,-0.802934,-0.0968275,4.64467e-05,0.000283608,0.00557055,3606.07,3,0,0,0,-0.0248798,0.0247861,-0.0117622,0.0117641,4603.86,-25.6463,1.30569,-0.000273095,0.0241638,-68.2935,4638.58,-25.8397,1.31554,-0.00029825,-0.0241551,-68.3024,4735.02,-26.377,1.34289,-0.00173807,0.0118666,-68.2479,4756.88,-26.4987,1.34909,-0.00174006,-0.0118303,-68.2529
18.079,598.707,-12.6673,21.4265,0.00065005,-0.32473,0.0836231,8.51831e-05,0.000283214,0.00557094,3605.44,3,0,0,0,-0.0249546,0.0248432,-0.0117646,0.0117664,4602.18,-25.6388,1.3034,-0.000253269,0.0249359,-68.2848,4637.51,-25.8356,1.31341,-0.000234497,-0.0247587,-68.2932,4735,-26.3787,1.34102,-0.00173438,0.0118542,-68.2355,4756.79,-26.5001,1.34719,-0.00172927,-0.0118059,-68.2404
18.089,598.921,-12.6722,21.4227,0.000691508,-0.25309,0.230668,0.000110591,0.000283215,0.00557056,3604.79,3,0,0,0,-0.0248924,0.0247296,-0.0117655,0.0117671,4604.01,-25.6472,1.30393,-0.000265279,0.0251874,-68.2707,4639.74,-25.8462,1.31405,-0.000305877,-0.024873,-68.2792,4734.92,-26.3764,1.341,-0.00175376,0.0118679,-68.2232,4756.61,-26.4973,1.34715,-0.00173933,-0.0118187,-68.2281
18.099,599.135,-12.6771,21.4184,0.00053287,-0.743091,-0.044314,2.16332e-06,0.000283255,0.00557066,3604.13,3,0,0,0,-0.0250137,0.0248323,-0.011766,0.011768,4602.86,-25.6412,1.30378,-0.000141428,0.025157,-68.2591,4638.63,-25.8405,1.31391,-0.000165757,-0.0249228,-68.2675,4734.96,-26.3771,1.3412,-0.00175774,0.0118584,-68.2109,4756.62,-26.4978,1.34734,-0.00175218,-0.0118099,-68.2158
18.109,599.349,-12.682,21.4148,0.000978989,-0.816125,0.582318,0.000315981,0.000283393,0.00557074,3603.49,3,0,0,0,-0.0249764,0.0248245,-0.0117611,0.0117636,4604.15,-25.6487,1.30478,-0.000122217,0.0250355,-68.246,4638.76,-25.8416,1.31459,-0.0001219,-0.0246396,-68.2547,4734.98,-26.3776,1.34186,-0.00173272,0.0118659,-68.1986,4756.65,-26.4983,1.348,-0.00172343,-0.0118178,-68.2035
18.119,599.563,-12.6869,21.4109,0.000400294,-0.327277,-0.239919,-6.47064e-05,0.000283223,0.00557049,3602.83,3,0,0,0,-0.0249522,0.0248386,-0.0117699,0.0117717,4604.25,-25.6482,1.30403,-0.000403627,0.0251744,-68.2324,4639.13,-25.8425,1.31391,-0.000326025,-0.0250503,-68.2415,4734.93,-26.3762,1.34104,-0.00172395,0.011849,-68.1863,4756.68,-26.4973,1.3472,-0.00172912,-0.0118021,-68.1911
18.129,599.777,-12.6917,21.4087,0.000455801,0.785998,-0.123367,-6.51595e-06,0.000282942,0.00557031,3602.13,3,0,0,0,-0.0249856,0.0248206,-0.0117692,0.0117722,4603.99,-25.6459,1.30266,2.96142e-05,0.0251315,-68.223,4639.9,-25.8459,1.31282,-1.34753e-06,-0.0249618,-68.2313,4734.97,-26.3755,1.33972,-0.00177869,0.0118617,-68.1737,4756.69,-26.4965,1.34587,-0.00177547,-0.0118131,-68.1787
18.139,599.991,-12.6966,21.4034,0.000585079,-0.407938,0.040335,4.81615e-05,0.000283104,0.00557072,3601.47,3,0,0,0,-0.0249607,0.0247836,-0.0117658,0.0117675,4603.44,-25.6448,1.30325,-0.000131626,0.0251358,-68.2098,4639.36,-25.8449,1.31342,-0.000105546,-0.0248799,-68.2184,4734.93,-26.3772,1.34048,-0.00176959,0.0118518,-68.1615,4756.65,-26.4983,1.34663,-0.00176563,-0.0118046,-68.1664
18.149,600.205,-12.7015,21.3991,0.000258769,-0.744379,-0.467006,-0.000194711,0.000283009,0.00557042,3600.87,3,0,0,0,-0.0249256,0.0247362,-0.0117682,0.0117696,4602.82,-25.6399,1.30264,-0.000300649,0.0244161,-68.1943,4639.28,-25.843,1.31296,-0.00038142,-0.0242829,-68.2023,4735,-26.3762,1.34005,-0.00165888,0.0118682,-68.1497,4756.76,-26.4974,1.34621,-0.00165902,-0.0118217,-68.1547
18.159,600.419,-12.7064,21.3959,0.000695419,-0.390059,0.372951,0.00012036,0.000283192,0.00557092,3600.22,3,0,0,0,-0.0250359,0.024911,-0.0117661,0.011768,4603.42,-25.6456,1.30365,-4.03602e-05,0.0254465,-68.1856,4637.75,-25.8368,1.31337,-6.3422e-05,-0.0250641,-68.1946,4735.03,-26.3788,1.34092,-0.00181501,0.0118683,-68.1371,4756.72,-26.4996,1.34706,-0.00179394,-0.011819,-68.1419
18.169,600.633,-12.7113,21.3925,0.000578371,-0.220794,-0.0433497,4.56716e-05,0.00028313,0.00557037,3599.58,3,0,0,0,-0.0248368,0.0247331,-0.011767,0.0117689,4605.85,-25.6566,1.30406,5.23952e-05,0.0249671,-68.1733,4640.89,-25.8517,1.31398,5.23141e-05,-0.0248632,-68.1817,4735.03,-26.3761,1.34063,-0.00176845,0.0118898,-68.1245,4756.78,-26.4973,1.34679,-0.00176492,-0.0118442,-68.1294
18.179,600.847,-12.7161,21.3882,0.000530607,-0.541374,-0.103971,2.78753e-05,0.000282915,0.00557094,3598.92,3,0,0,0,-0.0250394,0.0248708,-0.0117662,0.0117679,4601.95,-25.6375,1.30196,0.000113546,0.0252367,-68.1631,4638.55,-25.8414,1.31232,0.000154601,-0.0250466,-68.1717,4734.94,-26.3784,1.33959,-0.00178786,0.0118592,-68.1121,4756.71,-26.4996,1.34575,-0.00178747,-0.0118136,-68.117
18.189,601.061,-12.721,21.3838,0.000624669,-0.742137,0.00314243,5.68135e-05,0.000283243,0.00557054,3598.33,3,0,0,0,-0.0249364,0.0247651,-0.0117664,0.0117683,4604.1,-25.6476,1.30408,-0.000216779,0.024674,-68.1457,4640.01,-25.8476,1.31425,-0.000228557,-0.0244711,-68.1543,4734.82,-26.3758,1.3411,-0.00174547,0.0118471,-68.1,4756.56,-26.4968,1.34726,-0.0017429,-0.0117999,-68.1049
18.199,601.275,-12.7259,21.3803,0.000727734,-0.697661,0.224238,0.000133374,0.000283543,0.0055708,3597.63,3,0,0,0,-0.0249825,0.0248406,-0.0117626,0.0117645,4604.51,-25.6511,1.30558,6.54534e-05,0.0251245,-68.1368,4639.17,-25.8441,1.3154,6.24192e-05,-0.0248484,-68.1456,4734.96,-26.3778,1.34256,-0.00184057,0.0118629,-68.0872,4756.81,-26.4995,1.34876,-0.00183421,-0.0118121,-68.0921
18.209,601.488,-12.7307,21.3764,0.000561308,-0.299198,-0.0919753,2.29362e-05,0.000283237,0.00557089,3596.98,3,0,0,0,-0.0249933,0.0248642,-0.0117659,0.0117678,4603.9,-25.6481,1.30399,-0.000200487,0.0250773,-68.1229,4638.82,-25.8427,1.31389,-0.000209072,-0.0249693,-68.1314,4734.86,-26.3777,1.34109,-0.00174699,0.0118498,-68.0754,4756.69,-26.4993,1.34727,-0.00174707,-0.0118026,-68.0804
18.219,601.702,-12.7356,21.3721,0.000555643,-0.51846,-0.0510877,1.30301e-05,0.000283177,0.00557111,3596.34,3,0,0,0,-0.0248962,0.0247925,-0.0117587,0.0117605,4604.43,-25.6521,1.30387,-0.000335383,0.0251623,-68.1101,4639.3,-25.8463,1.31374,-0.000303977,-0.0250178,-68.1188,4734.95,-26.3792,1.34083,-0.00173734,0.0118509,-68.0632,4756.75,-26.5007,1.347,-0.00173293,-0.011802,-68.0681
18.229,601.916,-12.7405,21.3689,0.000542744,-0.0610984,-0.0838685,3.4268e-05,0.000283026,0.00557073,3595.68,3,0,0,0,-0.0249256,0.0247478,-0.0117662,0.0117681,4604.07,-25.6483,1.30307,-0.000188063,0.0249593,-68.0985,4640.29,-25.8501,1.31333,-0.000201053,-0.0247705,-68.1068,4734.97,-26.3775,1.34012,-0.00175513,0.01187,-68.0507,4756.72,-26.4987,1.34628,-0.00175479,-0.0118213,-68.0557
18.239,602.129,-12.7454,21.3645,0.000548301,-0.581815,-0.0217538,8.75786e-06,0.000283345,0.00557106,3595.03,3,0,0,0,-0.025047,0.0248843,-0.0117663,0.0117682,4602.15,-25.6391,1.304,-0.00015219,0.0252735,-68.0868,4637.93,-25.8385,1.31414,-0.000179428,-0.0250351,-68.0953,4734.94,-26.3789,1.34162,-0.00173964,0.0118635,-68.0385,4756.67,-26.5,1.34778,-0.00173568,-0.0118137,-68.0434
18.249,602.343,-12.7502,21.3613,0.000486647,0.26359,0.093467,-1.09534e-05,0.000283463,0.00557073,3594.39,3,0,0,0,-0.0249033,0.0247505,-0.0117655,0.0117674,4605.08,-25.6539,1.30537,-0.000274261,0.0258587,-68.0725,4640.25,-25.8498,1.31534,-0.000285178,-0.0254762,-68.0812,4734.84,-26.3768,1.34215,-0.0017399,0.0118519,-68.0262,4756.68,-26.4985,1.34835,-0.00173433,-0.0118048,-68.0311
18.259,602.556,-12.7551,21.3577,0.000568788,0.0157006,0.005769,2.59571e-05,0.000283433,0.00557079,3593.74,3,0,0,0,-0.0249576,0.0248433,-0.0117666,0.0117684,4603.6,-25.6459,1.30481,-9.39099e-06,0.0250762,-68.0622,4638.8,-25.842,1.31479,-2.26183e-05,-0.0249088,-68.071,4734.82,-26.3769,1.34201,-0.00178724,0.0118584,-68.0139,4756.65,-26.4985,1.34819,-0.00178123,-0.0118104,-68.0188
18.269,602.77,-12.76,21.3539,0.000778253,0.0326946,0.471893,0.000201768,0.000283572,0.0055704,3593.13,3,0,0,0,-0.0249006,0.0247509,-0.0117689,0.0117712,4603.16,-25.6417,1.30533,-3.38522e-05,0.0245356,-68.0499,4638.9,-25.8408,1.31546,-2.17454e-05,-0.0240911,-68.0585,4734.72,-26.3746,1.34264,-0.00175129,0.0118873,-68.0014,4756.57,-26.4962,1.34883,-0.00173771,-0.0118364,-68.0063
18.279,602.983,-12.7648,21.3492,0.000631285,-1.01345,0.18779,7.08793e-05,0.000283693,0.00557071,3592.46,3,0,0,0,-0.0249879,0.0248072,-0.0117687,0.0117702,4602.65,-25.6403,1.30574,-1.22203e-05,0.0248748,-68.038,4639.06,-25.8432,1.31607,1.29889e-05,-0.0244928,-68.0468,4734.81,-26.3766,1.34323,-0.00177833,0.0118527,-67.9892,4756.7,-26.4985,1.34944,-0.00176534,-0.0118051,-67.9941
18.289,603.197,-12.7697,21.3451,0.000419877,-0.279948,-0.105504,-6.5535e-05,0.000283899,0.00557113,3591.76,3,0,0,0,-0.0249946,0.0248059,-0.0117651,0.0117673,4602.1,-25.6391,1.30653,-0.000329731,0.0253018,-68.0241,4637.8,-25.8381,1.31667,-0.000389004,-0.0250149,-68.0327,4734.85,-26.3788,1.34422,-0.00173716,0.0118523,-67.9769,4756.75,-26.5008,1.35044,-0.00173128,-0.0118039,-67.9818
18.299,603.41,-12.7745,21.3413,0.000644992,-0.679253,0.0354896,8.38813e-05,0.000284309,0.00557109,3591.12,3,0,0,0,-0.024841,0.0247519,-0.0117574,0.0117595,4604.8,-25.654,1.30919,-0.000177982,0.0251736,-68.0113,4639.86,-25.8493,1.31915,-0.000160932,-0.0250287,-68.0201,4734.86,-26.3786,1.34616,-0.00174707,0.0118544,-67.9648,4756.84,-26.5011,1.35241,-0.00174862,-0.0118047,-67.9696
18.309,603.623,-12.7794,21.3381,0.000644171,0.572016,-0.00821119,0.00012272,0.000284168,0.00557079,3590.46,3,0,0,0,-0.0248735,0.0247721,-0.0117672,0.0117691,4604.99,-25.6537,1.30859,-0.00047235,0.0254185,-67.9986,4640.11,-25.8493,1.31857,-0.000411379,-0.0253382,-68.0074,4734.8,-26.3769,1.34548,-0.00174164,0.0118042,-67.9523,4756.85,-26.4997,1.35174,-0.00173918,-0.0117578,-67.9572
18.319,603.837,-12.7843,21.3338,0.000645675,-0.312406,0.165204,8.38194e-05,0.000284087,0.00557127,3589.82,3,0,0,0,-0.0250241,0.0248528,-0.0117662,0.0117679,4600.96,-25.6335,1.30707,-0.000130712,0.0251441,-67.9904,4637.33,-25.8361,1.31741,-0.000171869,-0.0248197,-67.9986,4734.88,-26.3795,1.34512,-0.00175329,0.0118592,-67.9399,4756.84,-26.5019,1.35136,-0.00174115,-0.0118103,-67.9449
18.329,604.05,-12.7891,21.3317,0.000657574,1.53819,0.0608079,0.000114366,0.000284307,0.00557049,3589.12,3,0,0,0,-0.0248414,0.0246601,-0.0117676,0.0117693,4606.38,-25.6601,1.30963,-0.000170945,0.0261455,-67.974,4642.51,-25.8614,1.3199,-0.00020708,-0.0259138,-67.9827,4734.98,-26.3764,1.34619,-0.00172991,0.0119533,-67.9275,4756.89,-26.4985,1.35242,-0.00172539,-0.0119086,-67.9325
18.339,604.263,-12.794,21.3257,0.000574674,-0.492027,0.0150149,2.17524e-05,0.000284467,0.00557196,3588.52,3,0,0,0,-0.0251535,0.0250022,-0.0117646,0.0117669,4599.82,-25.6303,1.3085,-0.000254314,0.0252569,-67.9658,4634.99,-25.8262,1.3185,-0.000294594,-0.0250237,-67.9743,4734.85,-26.3827,1.34691,-0.00173643,0.0118583,-67.9154,4756.71,-26.5044,1.35312,-0.0017324,-0.0118083,-67.9203
18.349,604.476,-12.7989,21.3227,0.0003769,-0.110133,-0.319314,-9.62607e-05,0.000284354,0.00557096,3587.9,3,0,0,0,-0.0248377,0.0247222,-0.0117669,0.0117689,4604.86,-25.6538,1.30941,-0.000135395,0.0246706,-67.9494,4640.19,-25.8505,1.31946,-9.1851e-05,-0.0246062,-67.9581,4734.81,-26.3777,1.34636,-0.001749,0.0118472,-67.9031,4756.69,-26.4996,1.35259,-0.0017483,-0.0117993,-67.908
18.359,604.69,-12.8037,21.318,0.000551695,-0.467674,-0.394215,1.80153e-05,0.000284379,0.00557123,3587.22,3,0,0,0,-0.0249122,0.0247855,-0.0117675,0.0117696,4606.25,-25.6627,1.30992,-0.000217035,0.0256904,-67.9356,4642.38,-25.864,1.3202,-0.00025393,-0.0257628,-67.9443,4734.82,-26.379,1.34648,-0.00178914,0.0118516,-67.8911,4756.73,-26.5011,1.35272,-0.00180546,-0.0118051,-67.896
18.369,604.903,-12.8086,21.3148,0.000566431,-0.22993,-0.0307516,3.19546e-05,0.000284282,0.00557175,3586.57,3,0,0,0,-0.0249978,0.0248182,-0.0117662,0.011768,4602.01,-25.6415,1.30827,-4.42245e-05,0.0252503,-67.9284,4638.6,-25.8454,1.31867,-9.13687e-05,-0.0250167,-67.9368,4734.82,-26.3815,1.34602,-0.00175063,0.0118571,-67.8782,4756.7,-26.5034,1.35224,-0.00174437,-0.0118083,-67.8832
18.379,605.116,-12.8134,21.3109,0.000509895,-0.488986,-0.176032,-1.21155e-05,0.000284587,0.00557156,3585.96,3,0,0,0,-0.024959,0.0247913,-0.011767,0.0117686,4602.23,-25.6419,1.30973,-1.78267e-05,0.024399,-67.9142,4638.49,-25.8439,1.32005,8.1561e-06,-0.0242596,-67.9232,4734.48,-26.3788,1.34737,-0.00177484,0.0117916,-67.8662,4756.36,-26.5006,1.3536,-0.0017753,-0.0117432,-67.8711
18.389,605.329,-12.8183,21.307,0.00070077,-0.21633,0.343265,0.000120336,0.00028453,0.00557183,3585.3,3,0,0,0,-0.0249932,0.0248546,-0.0117664,0.0117679,4604.7,-25.6569,1.31018,-0.000120646,0.0255165,-67.9015,4639.46,-25.8506,1.32007,-0.000142917,-0.0251293,-67.9101,4734.79,-26.3817,1.34719,-0.00178771,0.0118374,-67.854,4756.67,-26.5036,1.35342,-0.00177157,-0.0117889,-67.8589
18.399,605.542,-12.8231,21.3031,0.000591092,-0.755462,-0.0194323,5.12597e-05,0.000284461,0.00557187,3584.63,3,0,0,0,-0.0249023,0.0247966,-0.0117626,0.0117644,4605.79,-25.6631,1.31017,9.57893e-05,0.0249039,-67.8898,4640.85,-25.8585,1.32014,5.35218e-05,-0.0247542,-67.8983,4734.98,-26.383,1.34692,-0.00175505,0.0118172,-67.8416,4756.87,-26.5049,1.35314,-0.00174875,-0.0117701,-67.8465
18.409,605.755,-12.828,21.2984,0.00066602,-0.164138,-0.117225,9.5088e-05,0.000284248,0.00557236,3583.97,3,0,0,0,-0.0249658,0.0248215,-0.0117649,0.0117665,4602.63,-25.6477,1.30829,-0.000639844,0.0252505,-67.8753,4638.3,-25.8465,1.31843,-0.000619022,-0.0252152,-67.8838,4734.55,-26.3829,1.34579,-0.00172382,0.0117857,-67.8295,4756.46,-26.505,1.35202,-0.00172321,-0.01174,-67.8345
18.419,605.968,-12.8328,21.2955,0.000548288,-0.322728,0.00254953,1.8329e-05,0.000284029,0.00557194,3583.42,3,0,0,0,-0.0249515,0.0247688,-0.0117664,0.0117689,4603.33,-25.6497,1.30748,-5.68766e-05,0.0248627,-67.8651,4639.36,-25.8505,1.31771,-9.61942e-05,-0.0245841,-67.8735,4734.87,-26.3827,1.34484,-0.00177539,0.0118486,-67.8169,4756.64,-26.504,1.35103,-0.00176943,-0.0118006,-67.8219
18.429,606.181,-12.8377,21.2913,0.000549449,-0.282184,-0.0622049,3.16954e-05,0.000284367,0.00557265,3582.69,3,0,0,0,-0.0250578,0.0248766,-0.0117653,0.0117674,4601.86,-25.6448,1.30862,-0.000263704,0.0250206,-67.8532,4637.48,-25.8433,1.31875,-0.000270192,-0.0248145,-67.8621,4734.95,-26.3865,1.34646,-0.0017501,0.0118575,-67.8048,4756.73,-26.5079,1.35266,-0.00174763,-0.0118107,-67.8097
18.439,606.393,-12.8425,21.288,0.000352923,-0.205793,-0.478189,-0.000103205,0.000284369,0.00557175,3582.05,3,0,0,0,-0.0248361,0.0247334,-0.0117671,0.0117691,4606.34,-25.6656,1.3099,-5.4936e-05,0.024672,-67.8388,4641.4,-25.861,1.31987,-6.72297e-05,-0.024743,-67.8477,4734.96,-26.3822,1.34647,-0.00179625,0.0118482,-67.7925,4756.77,-26.5038,1.35268,-0.00180107,-0.0117995,-67.7974
18.449,606.606,-12.8474,21.2836,0.000617931,-0.112532,-0.0143845,7.0938e-05,0.00028382,0.00557279,3581.36,3,0,0,0,-0.0250254,0.0249048,-0.0117653,0.0117671,4601.99,-25.6462,1.30613,-0.00032653,0.025127,-67.8294,4637.71,-25.8453,1.31627,-0.000320237,-0.0249983,-67.8377,4735.06,-26.3878,1.3439,-0.00173629,0.0119066,-67.7802,4756.83,-26.5091,1.35008,-0.00173457,-0.0118582,-67.7851
18.459,606.819,-12.8522,21.2814,0.000547922,0.832667,-0.258575,5.93094e-05,0.000284063,0.00557182,3580.74,3,0,0,0,-0.0248688,0.0247122,-0.0117678,0.01177,4604.62,-25.6564,1.308,2.4393e-05,0.0251961,-67.8145,4640.91,-25.8586,1.31831,-2.8664e-05,-0.0252032,-67.8228,4734.51,-26.3801,1.3449,-0.00177368,0.0118202,-67.7679,4756.23,-26.5011,1.35107,-0.00178171,-0.011771,-67.7729
18.469,607.032,-12.8571,21.2756,0.00052251,-0.133644,0.0282971,2.28049e-05,0.000284075,0.00557259,3580.07,3,0,0,0,-0.0250634,0.0248745,-0.011768,0.0117699,4601.87,-25.6446,1.30728,-0.000414031,0.0256052,-67.8027,4637.83,-25.845,1.31749,-0.000441694,-0.0253069,-67.8112,4734.88,-26.3858,1.34506,-0.00172923,0.0118543,-67.7558,4756.66,-26.5072,1.35125,-0.00172038,-0.0118061,-67.7608
18.479,607.244,-12.8619,21.2723,-4.75907e-05,-0.386879,-1.44874,-0.000394711,0.000284116,0.00557227,3579.44,3,0,0,0,-0.0249494,0.0248071,-0.0117628,0.0117646,4603.83,-25.654,1.30802,1.9525e-05,0.0245385,-67.79,4640.36,-25.8576,1.3184,-1.0273e-05,-0.0250995,-67.7986,4734.93,-26.3846,1.34527,-0.0018428,0.0118645,-67.7434,4756.74,-26.5061,1.35146,-0.00187572,-0.0118109,-67.7483
18.489,607.457,-12.8668,21.2692,0.0006076,0.385978,0.0550751,6.77395e-05,0.000284018,0.00557232,3578.79,3,0,0,0,-0.0249805,0.024855,-0.011766,0.0117676,4603.68,-25.6534,1.30753,-7.52487e-05,0.0250903,-67.7793,4638.74,-25.8488,1.31749,-9.10147e-05,-0.024924,-67.7879,4734.85,-26.3843,1.34478,-0.00177591,0.0118492,-67.7309,4756.69,-26.5061,1.35099,-0.00176993,-0.0118012,-67.7358
18.499,607.67,-12.8716,21.2642,0.000562048,-0.811608,0.0939993,2.76366e-05,0.000283687,0.00557236,3578.15,3,0,0,0,-0.0248674,0.024741,-0.0117609,0.0117628,4604.99,-25.661,1.30638,-5.66065e-05,0.0251132,-67.7674,4640.26,-25.8575,1.31638,-6.11807e-05,-0.0248258,-67.7758,4735.04,-26.3856,1.34327,-0.00177445,0.0118571,-67.7186,4756.8,-26.5069,1.34944,-0.0017613,-0.0118093,-67.7235
18.509,607.882,-12.8764,21.261,0.000647708,0.356249,0.173887,9.22073e-05,0.000283749,0.00557241,3577.58,3,0,0,0,-0.0249278,0.0247478,-0.0117665,0.0117683,4604.02,-25.6557,1.30639,-0.000326117,0.0249961,-67.7535,4640.08,-25.8567,1.31662,-0.000215091,-0.0246776,-67.7619,4734.84,-26.3847,1.34351,-0.00185775,0.01183,-67.7066,4756.59,-26.506,1.34968,-0.0018542,-0.011782,-67.7115
18.519,608.095,-12.8813,21.2577,0.000513209,0.894385,0.0333801,1.60343e-05,0.000283865,0.00557263,3576.84,3,0,0,0,-0.0250302,0.0248544,-0.0117677,0.0117691,4601.4,-25.6422,1.30618,-0.000270359,0.0252203,-67.7428,4637.13,-25.8413,1.31632,-0.000297035,-0.0249095,-67.7515,4734.87,-26.3859,1.34406,-0.00174457,0.0118551,-67.6941,4756.62,-26.5072,1.35024,-0.00173729,-0.0118086,-67.699
18.529,608.307,-12.8861,21.2533,0.000775536,-0.877528,0.238417,0.000170412,0.000283884,0.00557228,3576.23,3,0,0,0,-0.0249232,0.0248026,-0.011765,0.0117665,4605.25,-25.662,1.30735,0.000265297,0.0250951,-67.7303,4639.93,-25.8553,1.3172,0.000245706,-0.0248785,-67.739,4734.8,-26.3839,1.34413,-0.00181672,0.0118747,-67.6818,4756.59,-26.5053,1.35032,-0.00180739,-0.0118257,-67.6866
18.539,608.52,-12.891,21.2488,0.000548365,-0.875769,0.0292681,3.6131e-05,0.000283791,0.00557217,3575.52,3,0,0,0,-0.0248869,0.0247622,-0.0117663,0.0117681,4606.35,-25.6676,1.30724,-2.29952e-05,0.0248662,-67.7155,4641.8,-25.8651,1.3173,-5.68545e-05,-0.0246259,-67.7243,4735.12,-26.3851,1.34378,-0.00178745,0.0119401,-67.6698,4756.95,-26.5068,1.34998,-0.00178772,-0.0118901,-67.6747
18.549,608.732,-12.8958,21.2451,0.000594405,-0.580114,0.080903,6.51523e-05,0.00028353,0.00557248,3574.89,3,0,0,0,-0.0249778,0.0248061,-0.0117662,0.0117679,4602.66,-25.6485,1.30499,-6.74604e-05,0.0250883,-67.7065,4639.16,-25.8519,1.31534,-4.95304e-05,-0.0248009,-67.7149,4734.89,-26.3854,1.34248,-0.00177321,0.0118454,-67.6572,4756.77,-26.5073,1.34869,-0.00176487,-0.0117987,-67.6622
18.559,608.944,-12.9006,21.2412,0.000508109,-0.881991,-0.0860392,-4.07687e-06,0.000283798,0.00557243,3574.26,3,0,0,0,-0.0249197,0.0247322,-0.0117642,0.0117662,4604.27,-25.6572,1.30668,-3.25352e-05,0.0250865,-67.6921,4640.22,-25.8575,1.31689,-5.10407e-05,-0.0248539,-67.7008,4734.91,-26.3852,1.34376,-0.00173569,0.0118469,-67.6454,4756.71,-26.5067,1.34995,-0.00172699,-0.0117987,-67.6503
18.569,609.157,-12.9055,21.2377,0.00051892,-0.117193,-0.0385716,1.26921e-05,0.000283834,0.00557269,3573.6,3,0,0,0,-0.0250319,0.0248671,-0.0117665,0.0117684,4602.67,-25.6495,1.30639,-0.000211655,0.0250808,-67.6801,4638.12,-25.8471,1.31645,-0.00020642,-0.0248607,-67.6886,4734.91,-26.3865,1.34393,-0.00184884,0.0118669,-67.6328,4756.75,-26.5082,1.35013,-0.0018478,-0.0118206,-67.6377
18.579,609.369,-12.9103,21.2341,0.000567272,-0.156169,-0.0158307,3.58926e-05,0.000283922,0.00557243,3572.93,3,0,0,0,-0.0249431,0.0248204,-0.0117669,0.0117687,4604.68,-25.6595,1.30737,1.21633e-05,0.0252378,-67.6685,4639.37,-25.8528,1.31722,8.06944e-06,-0.0250882,-67.6772,4734.88,-26.3851,1.34434,-0.00177881,0.0118417,-67.6204,4756.74,-26.5069,1.35054,-0.00177708,-0.0117945,-67.6253
18.589,609.581,-12.9152,21.2295,0.000621631,-0.34202,0.0261622,6.32938e-05,0.00028371,0.0055729,3572.3,3,0,0,0,-0.0249094,0.0248076,-0.0117645,0.0117662,4603.94,-25.6575,1.30618,-0.000276818,0.0250083,-67.656,4639.3,-25.8546,1.31622,-0.000286812,-0.0248609,-67.6643,4734.91,-26.3875,1.34334,-0.00174657,0.0118575,-67.6083,4756.79,-26.5094,1.34955,-0.00174253,-0.011809,-67.6132
18.599,609.794,-12.92,21.2263,0.000725492,0.0445877,0.000460615,0.000144217,0.000283866,0.00557248,3571.65,3,0,0,0,-0.0249263,0.0247627,-0.0117684,0.0117699,4604.86,-25.6608,1.30716,-0.000171135,0.0251822,-67.642,4641.47,-25.8648,1.31755,-0.000192474,-0.0250924,-67.6503,4734.93,-26.3856,1.34408,-0.00176755,0.0118681,-67.5961,4756.77,-26.5073,1.35028,-0.00177023,-0.0118193,-67.601
18.609,610.006,-12.9248,21.2222,0.000559189,-0.273331,0.00981165,3.7021e-05,0.000284,0.00557305,3571.01,3,0,0,0,-0.0250194,0.0248325,-0.0117663,0.0117682,4602.49,-25.6502,1.30711,-0.00010808,0.0251867,-67.6322,4638.52,-25.851,1.31734,-0.000110934,-0.0249225,-67.6409,4734.82,-26.3877,1.34469,-0.00176803,0.0118512,-67.5839,4756.67,-26.5095,1.3509,-0.00176251,-0.011804,-67.5888
18.619,610.218,-12.9297,21.2179,0.000370724,0.0034073,-0.320978,-7.48861e-05,0.000283982,0.00557289,3570.37,3,0,0,0,-0.0249251,0.0247738,-0.0117659,0.011768,4604.01,-25.6579,1.30746,-0.000510564,0.0247932,-67.6158,4639.57,-25.8561,1.31755,-0.000536089,-0.0247169,-67.6244,4734.8,-26.3868,1.3446,-0.00172193,0.0118512,-67.5716,4756.69,-26.5088,1.35081,-0.00172332,-0.0118041,-67.5765
18.629,610.43,-12.9345,21.2141,0.000603478,-0.69516,-0.121075,6.526e-05,0.00028419,0.00557305,3569.71,3,0,0,0,-0.0249132,0.0248297,-0.011761,0.0117629,4603.91,-25.6581,1.30839,-0.000150384,0.0246692,-67.6072,4638.83,-25.8527,1.31831,-0.000142101,-0.0246494,-67.616,4734.71,-26.3871,1.34556,-0.00174339,0.0118476,-67.5592,4756.59,-26.509,1.35178,-0.00174717,-0.0118001,-67.5641
18.639,610.642,-12.9393,21.2108,0.000514542,-0.377929,0.0435593,1.97293e-05,0.000283648,0.00557282,3569.15,3,0,0,0,-0.024958,0.0247998,-0.0117664,0.0117689,4603.64,-25.6556,1.30582,-1.1619e-05,0.0252265,-67.5962,4639.64,-25.8562,1.31603,-3.45834e-07,-0.0249317,-67.6046,4734.85,-26.3867,1.34303,-0.00176002,0.0119076,-67.5468,4756.73,-26.5087,1.34924,-0.00174634,-0.0118596,-67.5517
18.649,610.854,-12.9441,21.2065,0.000917147,-0.443575,0.586839,0.000282661,0.000283808,0.00557258,3568.38,3,0,0,0,-0.0248665,0.0246598,-0.0117662,0.0117681,4603.25,-25.6522,1.30644,-0.000267586,0.0245915,-67.5803,4638.87,-25.8507,1.31655,-0.000362652,-0.02411,-67.5885,4734.75,-26.385,1.34376,-0.00172953,0.0118688,-67.5348,4756.52,-26.5064,1.34994,-0.00171162,-0.0118226,-67.5397
18.659,611.066,-12.949,21.2026,0.000525062,-0.15328,0.0311171,1.14864e-05,0.000283948,0.0055736,3567.76,3,0,0,0,-0.0251264,0.0249428,-0.0117659,0.0117678,4599.84,-25.638,1.30612,-0.00035741,0.0252134,-67.5712,4635.38,-25.8361,1.31621,-0.000363148,-0.0249088,-67.5799,4734.89,-26.3906,1.34446,-0.00174099,0.011853,-67.5224,4756.68,-26.5121,1.35065,-0.00173423,-0.0118067,-67.5273
18.669,611.278,-12.9538,21.1995,0.000497453,0.120493,-0.0792034,-2.42602e-05,0.000283819,0.00557278,3567.11,3,0,0,0,-0.0248923,0.024757,-0.011766,0.0117678,4603.67,-25.6555,1.30661,-8.62017e-05,0.0252445,-67.5572,4639.34,-25.8543,1.31673,-5.01286e-05,-0.025061,-67.5658,4734.28,-26.3834,1.34368,-0.00176752,0.0117477,-67.5098,4756.11,-26.505,1.34988,-0.00176794,-0.0117024,-67.5147
18.679,611.49,-12.9586,21.1952,0.000623215,0.206828,0.0634875,7.20793e-05,0.000283969,0.0055728,3566.46,3,0,0,0,-0.0247744,0.0247088,-0.0117668,0.0117686,4604.64,-25.661,1.30758,-0.000534742,0.0247024,-67.5428,4639.61,-25.8559,1.31751,-0.000466302,-0.0245893,-67.5516,4734.93,-26.3871,1.34458,-0.00172084,0.0118522,-67.4979,4756.74,-26.5086,1.35077,-0.00171686,-0.0118039,-67.5028
18.689,611.702,-12.9635,21.1908,0.000759094,-0.610066,0.312013,0.000173859,0.000283837,0.00557329,3565.82,3,0,0,0,-0.0250354,0.0248624,-0.0117668,0.0117687,4601.26,-25.6444,1.30601,-0.000280592,0.0249101,-67.5344,4637.58,-25.8469,1.31632,-0.000299773,-0.0245593,-67.5428,4734.93,-26.3894,1.34395,-0.00174929,0.011879,-67.4856,4756.87,-26.5117,1.35018,-0.00173978,-0.0118348,-67.4905
18.699,611.914,-12.9683,21.1879,0.000554485,0.179337,0.0162674,2.84286e-05,0.000283941,0.00557303,3565.13,3,0,0,0,-0.0249039,0.0247066,-0.0117674,0.0117692,4603.74,-25.6571,1.30719,-0.000128968,0.025296,-67.5205,4640.21,-25.8603,1.31754,-0.000188734,-0.0250048,-67.5288,4734.98,-26.3885,1.34445,-0.00175245,0.0119138,-67.4733,4756.87,-26.5105,1.35067,-0.00174596,-0.0118668,-67.4783
18.709,612.126,-12.9731,21.1837,0.000816173,-0.713912,0.407167,0.00019735,0.000284287,0.00557333,3564.52,3,0,0,0,-0.025002,0.0248551,-0.0117657,0.0117673,4604.65,-25.6635,1.30904,5.82445e-05,0.0253902,-67.5089,4639.39,-25.8571,1.31892,6.44824e-05,-0.0250408,-67.5177,4734.87,-26.3893,1.34606,-0.00180351,0.0118657,-67.461,4756.76,-26.5113,1.35228,-0.00178884,-0.0118172,-67.4659
18.719,612.337,-12.9779,21.1797,0.000738429,-0.68161,0.179649,0.000152129,0.000284172,0.00557357,3563.87,3,0,0,0,-0.0249471,0.0248308,-0.0117627,0.0117642,4604.66,-25.6646,1.30851,4.14815e-05,0.0250607,-67.497,4639.52,-25.859,1.31842,1.34596e-05,-0.0248692,-67.5054,4734.83,-26.3901,1.3455,-0.00178753,0.0118607,-67.4488,4756.72,-26.5122,1.35173,-0.00177879,-0.0118108,-67.4537
18.729,612.549,-12.9827,21.176,0.000717054,-0.614302,0.232014,0.000144415,0.000284083,0.00557325,3563.23,3,0,0,0,-0.0248811,0.0247595,-0.0117666,0.0117684,4605.17,-25.666,1.30825,-4.57872e-05,0.0247461,-67.4849,4640.38,-25.8623,1.31825,-6.56327e-05,-0.0244869,-67.4932,4734.9,-26.389,1.3451,-0.0017734,0.0118585,-67.4364,4756.81,-26.5112,1.35133,-0.00176462,-0.0118078,-67.4413
18.739,612.761,-12.9876,21.1723,0.000561087,0.164189,-0.0370688,4.6995e-05,0.000283991,0.00557375,3562.57,3,0,0,0,-0.0250017,0.0248302,-0.011767,0.0117689,4602.77,-25.6549,1.30715,-0.00026501,0.0250314,-67.4724,4639.12,-25.8576,1.31747,-0.000282289,-0.0248341,-67.4809,4734.79,-26.3908,1.34464,-0.00174552,0.0118581,-67.4242,4756.63,-26.5125,1.35084,-0.00174256,-0.0118099,-67.4292
18.749,612.972,-12.9924,21.1687,0.000494756,0.406551,-0.0225351,-3.01173e-06,0.000284093,0.00557352,3561.92,3,0,0,0,-0.0249337,0.0247456,-0.0117689,0.0117704,4603.86,-25.66,1.30792,-0.000166531,0.0256031,-67.4591,4639.96,-25.8612,1.31818,-0.00021366,-0.0253066,-67.4676,4734.55,-26.3884,1.34505,-0.00176215,0.0118079,-67.412,4756.38,-26.5101,1.35125,-0.00175855,-0.0117599,-67.4169
18.759,613.184,-12.9972,21.164,0.000279364,-0.516009,-0.345661,-0.000167817,0.000283981,0.0055739,3561.27,3,0,0,0,-0.0250135,0.0248737,-0.0117671,0.01177,4603.53,-25.6599,1.30731,-0.000214974,0.0249971,-67.447,4638.62,-25.8555,1.31728,-0.000240024,-0.0248473,-67.4555,4734.81,-26.3916,1.34459,-0.00174324,0.0118767,-67.3998,4756.65,-26.5134,1.3508,-0.00174036,-0.0118283,-67.4047
18.769,613.396,-13.002,21.1603,0.000598653,-0.317549,0.0685934,6.13213e-05,0.000284102,0.00557392,3560.62,3,0,0,0,-0.0248902,0.0247997,-0.0117651,0.011767,4605.48,-25.6709,1.30842,-0.000182638,0.0258876,-67.4341,4640.4,-25.8655,1.31835,-0.000175581,-0.0256886,-67.4429,4734.79,-26.3916,1.34516,-0.00177683,0.0118507,-67.3875,4756.65,-26.5135,1.35137,-0.00177204,-0.011804,-67.3924
18.779,613.607,-13.0068,21.1565,0.000545993,-0.609067,-0.0240469,2.1421e-05,0.000283876,0.0055739,3559.99,3,0,0,0,-0.0249135,0.0247746,-0.0117643,0.0117661,4603.99,-25.6624,1.30696,-0.000143731,0.0249932,-67.4227,4640.13,-25.8639,1.31722,-0.000154479,-0.0247894,-67.4312,4734.98,-26.3926,1.34415,-0.0017704,0.0118701,-67.3753,4756.8,-26.5142,1.35034,-0.00176673,-0.0118188,-67.3802
18.789,613.819,-13.0117,21.1528,0.000383374,-0.848313,-0.194986,-8.92104e-05,0.000283794,0.00557402,3559.3,3,0,0,0,-0.0249461,0.024755,-0.0117635,0.0117659,4603.54,-25.6605,1.30646,9.05114e-05,0.0250321,-67.4116,4639.98,-25.8636,1.3168,0.000106748,-0.0247774,-67.4199,4735.03,-26.3934,1.34377,-0.00178281,0.0119147,-67.363,4756.82,-26.5149,1.34996,-0.00178093,-0.0118687,-67.368
18.799,614.03,-13.0165,21.1485,0.000444053,-0.810603,-0.280578,-4.76452e-05,0.000284017,0.00557403,3558.69,3,0,0,0,-0.0249862,0.0248115,-0.011764,0.0117662,4602.36,-25.654,1.30715,-0.000205668,0.0246198,-67.3975,4638.07,-25.853,1.31729,-0.000233218,-0.0245268,-67.4061,4734.92,-26.3928,1.3448,-0.0017178,0.0118541,-67.3512,4756.7,-26.5142,1.35099,-0.00171954,-0.0118051,-67.3561
18.809,614.241,-13.0213,21.1451,0.000469366,-0.387385,-0.12633,-3.15793e-05,0.000283737,0.00557396,3558.06,3,0,0,0,-0.0250118,0.0248754,-0.0117677,0.0117695,4602.93,-25.6568,1.30602,-0.000111059,0.0251483,-67.3869,4637.99,-25.8522,1.31597,-7.05165e-05,-0.0249749,-67.3956,4734.89,-26.3924,1.34346,-0.00175526,0.0118581,-67.3387,4756.69,-26.5139,1.34965,-0.00175576,-0.0118113,-67.3435
18.819,614.453,-13.0261,21.1414,0.000631013,0.395684,0.0725992,7.31661e-05,0.000283747,0.00557382,3557.39,3,0,0,0,-0.0248531,0.0247682,-0.0117671,0.0117689,4604.74,-25.6662,1.30658,-0.00048027,0.0254744,-67.372,4639.49,-25.8599,1.31644,-0.000409327,-0.0253449,-67.3807,4734.87,-26.3916,1.34351,-0.00173265,0.0118351,-67.3263,4756.63,-26.5128,1.34968,-0.00172905,-0.0117867,-67.3311
18.829,614.664,-13.0309,21.1372,0.000584714,-0.717884,-0.028627,6.40293e-05,0.000283392,0.00557393,3556.75,3,0,0,0,-0.0250105,0.0248368,-0.011766,0.0117678,4603.23,-25.6583,1.30452,-8.29236e-05,0.0251379,-67.3629,4639.4,-25.86,1.31477,-4.42228e-05,-0.0249453,-67.3714,4734.85,-26.392,1.34182,-0.00176748,0.0118521,-67.3139,4756.58,-26.5132,1.34798,-0.00176408,-0.0118085,-67.3188
18.839,614.875,-13.0357,21.1336,0.00055493,-0.440336,-0.0347597,4.25031e-05,0.0002833,0.00557366,3556.06,3,0,0,0,-0.0248889,0.0246825,-0.0117649,0.0117668,4605.41,-25.6693,1.30471,9.40945e-06,0.0254696,-67.348,4641.44,-25.8701,1.31492,9.04774e-05,-0.0252288,-67.3563,4734.75,-26.3901,1.34135,-0.00185863,0.0118721,-67.3021,4756.39,-26.5108,1.34749,-0.00185784,-0.011827,-67.307
18.849,615.087,-13.0405,21.1294,0.000540803,-0.557364,-0.203992,2.09687e-05,0.000283481,0.00557416,3555.42,3,0,0,0,-0.0249029,0.0247279,-0.0117626,0.0117642,4603.74,-25.6623,1.30507,-0.000285242,0.0242488,-67.3357,4639.08,-25.8592,1.31509,-0.000285621,-0.0241979,-67.3444,4735.11,-26.3945,1.34231,-0.0017467,0.011918,-67.2895,4756.79,-26.5154,1.34846,-0.0017461,-0.0118692,-67.2943
18.859,615.298,-13.0453,21.1258,0.000530799,0.0502446,-0.0488693,6.21075e-05,0.000282818,0.00557444,3554.8,3,0,0,0,-0.0250618,0.0249357,-0.0117667,0.0117683,4601.7,-25.6522,1.30145,-0.000372304,0.0252444,-67.3259,4636.38,-25.8455,1.31125,-0.000317406,-0.0250786,-67.3343,4734.86,-26.3945,1.3391,-0.00174174,0.0118631,-67.2772,4756.58,-26.5155,1.34525,-0.0017362,-0.0118114,-67.282
18.869,615.509,-13.0501,21.1225,0.000653293,0.412374,0.0417229,8.25103e-05,0.00028266,0.00557387,3554.15,3,0,0,0,-0.0248483,0.0247482,-0.0117663,0.0117681,4604.31,-25.6641,1.30146,-0.000224171,0.0255737,-67.3124,4639.15,-25.8583,1.3113,-0.000239568,-0.0254941,-67.3206,4734.91,-26.392,1.33837,-0.00175388,0.0118551,-67.2649,4756.49,-26.5123,1.34447,-0.00174877,-0.0118048,-67.2697
18.879,615.72,-13.055,21.1176,0.000281688,-0.516817,-0.721606,-0.000186578,0.000282531,0.00557371,3553.5,3,0,0,0,-0.0249005,0.0247326,-0.0117665,0.0117701,4605.72,-25.6712,1.30126,-0.000317611,0.0254065,-67.296,4642.18,-25.8744,1.31156,-0.000208019,-0.0254982,-67.3041,4734.47,-26.3888,1.33764,-0.00178868,0.0118866,-67.2532,4756.05,-26.5091,1.34373,-0.00180779,-0.011842,-67.258
18.889,615.931,-13.0598,21.1142,0.000530293,-0.542748,-0.024485,7.51782e-06,0.000282858,0.00557447,3552.85,3,0,0,0,-0.0250671,0.0248878,-0.0117653,0.0117675,4600.19,-25.6439,1.3012,5.17965e-05,0.0254008,-67.2912,4635.84,-25.8426,1.31129,1.26423e-05,-0.0251602,-67.2995,4734.88,-26.3947,1.3393,-0.00176763,0.0118597,-67.2402,4756.52,-26.5153,1.34542,-0.00176276,-0.0118111,-67.245
18.899,616.142,-13.0646,21.1098,0.000942982,-0.519904,0.430932,0.000289311,0.000283081,0.00557383,3552.24,3,0,0,0,-0.0248396,0.0247086,-0.0117625,0.0117634,4605.82,-25.6724,1.30382,-0.00043874,0.0242482,-67.2703,4640.54,-25.8659,1.31365,-0.000492514,-0.0240248,-67.2785,4735.19,-26.3935,1.34044,-0.00183876,0.0118707,-67.229,4756.92,-26.5146,1.34659,-0.00182455,-0.011816,-67.2338
18.909,616.354,-13.0694,21.1071,0.00055653,0.187531,0.00672083,3.37893e-05,0.000282836,0.00557434,3551.57,3,0,0,0,-0.0250644,0.0249408,-0.0117679,0.0117698,4602.55,-25.6564,1.30177,-0.000106561,0.0253276,-67.2659,4637.55,-25.8515,1.31167,-0.000114553,-0.0251558,-67.2744,4734.88,-26.3941,1.3392,-0.00176892,0.0118573,-67.2159,4756.65,-26.5154,1.34535,-0.00176394,-0.0118096,-67.2206
18.919,616.565,-13.0742,21.104,0.000439746,-1.14516,-0.425207,-9.12633e-06,0.000282973,0.00557354,3550.81,3,0,0,0,-0.0248019,0.0246476,-0.0117669,0.0117687,4609.04,-25.6889,1.30424,0.000893877,0.0256365,-67.2514,4644.95,-25.8891,1.3144,0.000877712,-0.025662,-67.2597,4735.06,-26.3913,1.3399,-0.00188561,0.0119511,-67.2037,4756.88,-26.513,1.34607,-0.00189876,-0.0118996,-67.2085
18.929,616.775,-13.079,21.0988,0.000534734,-0.174243,-0.0551611,1.74744e-05,0.000283195,0.00557493,3550.27,3,0,0,0,-0.0250946,0.0249081,-0.0117661,0.0117679,4601.24,-25.6518,1.30305,-0.000281809,0.0251763,-67.2406,4637.65,-25.8548,1.31336,-0.000275574,-0.0249454,-67.2492,4734.91,-26.3971,1.3409,-0.00174922,0.0118556,-67.1915,4756.75,-26.5188,1.34709,-0.00174534,-0.011807,-67.1963
18.939,616.986,-13.0838,21.0955,0.000430958,-0.446995,-0.162741,-6.64369e-05,0.000283285,0.00557419,3549.63,3,0,0,0,-0.0249106,0.0247367,-0.011768,0.0117695,4605.15,-25.6702,1.30457,5.23726e-05,0.0251268,-67.2259,4641,-25.8701,1.31473,2.7162e-05,-0.0248987,-67.2345,4734.79,-26.3929,1.3413,-0.00165883,0.0118514,-67.1792,4756.67,-26.5149,1.3475,-0.00165106,-0.0118033,-67.1841
18.949,617.197,-13.0886,21.0907,0.000537777,-0.68871,-0.0424502,1.825e-05,0.000283311,0.00557476,3548.97,3,0,0,0,-0.025035,0.024904,-0.011766,0.0117679,4603.66,-25.6645,1.30427,-0.000382823,0.0249493,-67.2133,4638.61,-25.8594,1.31417,-0.000323913,-0.0247662,-67.222,4734.83,-26.3958,1.34143,-0.00168224,0.0118893,-67.1672,4756.7,-26.5177,1.34762,-0.00168374,-0.0118409,-67.172
18.959,617.408,-13.0934,21.0877,0.000631246,0.287602,0.0469479,6.34316e-05,0.000283271,0.00557465,3548.33,3,0,0,0,-0.0249019,0.0247996,-0.0117673,0.0117691,4604.18,-25.667,1.30423,-0.000295576,0.0251398,-67.2024,4639.37,-25.8631,1.3142,-0.000238629,-0.0250051,-67.2109,4734.84,-26.3954,1.34124,-0.00173584,0.0118629,-67.1547,4756.7,-26.5173,1.34744,-0.0017312,-0.0118132,-67.1595
18.969,617.619,-13.0982,21.084,0.000503205,0.280009,-0.0229018,-4.75223e-06,0.000283218,0.00557454,3547.72,3,0,0,0,-0.024924,0.0247707,-0.0117669,0.0117698,4604.12,-25.6661,1.30397,-0.000303866,0.0249968,-67.1887,4640.24,-25.8675,1.3142,-0.000342913,-0.024771,-67.197,4734.68,-26.394,1.34095,-0.00175748,0.0118276,-67.1425,4756.5,-26.5156,1.34713,-0.00174761,-0.0117768,-67.1474
18.979,617.83,-13.103,21.08,0.000553908,-0.127207,0.00219384,2.60869e-05,0.000283266,0.00557496,3547.07,3,0,0,0,-0.0250082,0.0248119,-0.0117662,0.0117681,4602.08,-25.6567,1.30361,-4.52824e-05,0.0252719,-67.1794,4638.32,-25.8587,1.31388,-6.27681e-05,-0.0249969,-67.1878,4734.84,-26.3968,1.34122,-0.00176867,0.0118573,-67.1301,4756.61,-26.5182,1.34739,-0.00176269,-0.0118087,-67.135
18.989,618.04,-13.1078,21.0773,0.000529191,1.51786,0.141598,-1.44684e-05,0.000283425,0.00557438,3546.4,3,0,0,0,-0.0249568,0.0248157,-0.0117689,0.0117696,4603.96,-25.6645,1.30488,-0.000411731,0.0253642,-67.1635,4639.3,-25.8615,1.31489,-0.0004326,-0.0250123,-67.172,4734.88,-26.3943,1.34198,-0.00176885,0.0118594,-67.1185,4756.63,-26.5156,1.34815,-0.00175953,-0.0118115,-67.1233
18.999,618.251,-13.1126,21.0722,0.000623419,-0.634123,0.11895,4.90263e-05,0.00028332,0.00557485,3545.74,3,0,0,0,-0.0249853,0.0248704,-0.0117653,0.0117675,4604,-25.6669,1.3044,0.00023326,0.0252386,-67.1554,4638.56,-25.8596,1.3142,0.00013793,-0.0250088,-67.1636,4734.83,-26.3962,1.34147,-0.00180971,0.0118692,-67.1056,4756.54,-26.5173,1.34762,-0.00179627,-0.0118173,-67.1104
19.009,618.462,-13.1174,21.0685,0.000356903,-0.790517,-0.239667,-0.000109538,0.000283048,0.0055746,3545.11,3,0,0,0,-0.0248577,0.0247301,-0.0117615,0.0117641,4606.62,-25.6803,1.3039,0.000187742,0.0249286,-67.14,4642.11,-25.8782,1.31394,0.000152516,-0.0247487,-67.1483,4734.77,-26.3947,1.34017,-0.0018192,0.0118614,-67.0936,4756.55,-26.5161,1.34633,-0.00181681,-0.0118136,-67.0984
19.019,618.672,-13.1222,21.0644,0.000571447,-0.36449,0.0762612,2.42479e-05,0.00028308,0.00557484,3544.46,3,0,0,0,-0.0249763,0.0248058,-0.0117665,0.0117686,4603.96,-25.6666,1.30329,-0.000183406,0.0249806,-67.1286,4640.02,-25.8676,1.3135,-0.000182737,-0.0246654,-67.1368,4734.98,-26.397,1.34038,-0.00176394,0.01189,-67.0814,4756.72,-26.5182,1.34653,-0.00175383,-0.0118406,-67.0862
19.029,618.883,-13.127,21.0611,0.000596528,0.154595,0.0679616,5.00215e-05,0.000283264,0.00557493,3543.83,3,0,0,0,-0.0249813,0.0247998,-0.0117662,0.0117677,4603.1,-25.6622,1.30389,-7.0121e-05,0.0252185,-67.1172,4638.87,-25.8616,1.31402,-8.66115e-05,-0.024932,-67.1257,4734.82,-26.3966,1.3412,-0.00177232,0.0118646,-67.0689,4756.56,-26.5178,1.34736,-0.00176549,-0.0118158,-67.0738
19.039,619.093,-13.1317,21.0567,0.000277144,-0.254422,-0.333084,-0.000176241,0.000283255,0.00557491,3543.16,3,0,0,0,-0.0249496,0.0248056,-0.0117659,0.0117681,4602.84,-25.6607,1.30378,-0.000171359,0.0250563,-67.104,4638.38,-25.8588,1.31384,-0.000145341,-0.0248745,-67.1124,4734.64,-26.3955,1.34111,-0.00176083,0.0118022,-67.0567,4756.42,-26.5169,1.34728,-0.00176235,-0.011753,-67.0615
19.049,619.304,-13.1365,21.0531,0.000584842,-0.0138674,0.0294643,4.57903e-05,0.000283299,0.00557468,3542.52,3,0,0,0,-0.0248769,0.0247885,-0.0117659,0.0117679,4605.63,-25.6752,1.30477,-0.000125115,0.0255421,-67.0913,4640.24,-25.8682,1.31458,-0.000126823,-0.0253796,-67.0999,4734.37,-26.3929,1.34125,-0.00178022,0.0117703,-67.0442,4756.19,-26.5145,1.34743,-0.00177913,-0.0117258,-67.049
19.059,619.514,-13.1413,21.0485,0.000638836,-0.124446,-0.12395,5.51391e-05,0.000283174,0.00557498,3541.86,3,0,0,0,-0.0249393,0.0248091,-0.0117652,0.0117669,4602.51,-25.6592,1.30331,-0.000543633,0.0251241,-67.0781,4639.12,-25.8633,1.31368,-0.000523854,-0.0250981,-67.0862,4734.72,-26.3962,1.34075,-0.00172331,0.0118348,-67.0327,4756.5,-26.5177,1.34692,-0.0017265,-0.0117853,-67.0376
19.069,619.725,-13.1461,21.0452,0.000569172,-0.526865,0.110318,2.57835e-05,0.000283328,0.00557466,3541.23,3,0,0,0,-0.0249609,0.0247797,-0.0117666,0.0117685,4602.87,-25.6597,1.30412,-2.15335e-05,0.0251091,-67.0684,4639.21,-25.8623,1.31442,-8.02532e-05,-0.0247496,-67.0766,4734.86,-26.3955,1.34152,-0.0017617,0.0119102,-67.0201,4756.68,-26.5171,1.3477,-0.00174891,-0.0118593,-67.025
19.079,619.935,-13.1509,21.0414,0.000567055,-0.324348,0.0120429,3.05554e-05,0.000283526,0.0055745,3540.51,3,0,0,0,-0.0249311,0.0247513,-0.0117664,0.0117683,4604.11,-25.6659,1.30539,-0.00016878,0.0249212,-67.0534,4639.52,-25.8633,1.31543,-0.00016628,-0.024669,-67.062,4734.91,-26.395,1.34247,-0.00176133,0.0119469,-67.0079,4756.76,-26.5169,1.34867,-0.0017522,-0.0119006,-67.0128
19.089,620.146,-13.1557,21.0375,0.000462513,-0.317467,-0.195428,-5.62824e-05,0.000283535,0.00557484,3539.86,3,0,0,0,-0.0250271,0.0249001,-0.0117659,0.0117679,4601.76,-25.6543,1.30476,-7.82305e-05,0.0250582,-67.0449,4636.88,-25.8501,1.31472,-7.88198e-05,-0.0249374,-67.0534,4734.81,-26.3961,1.34248,-0.00176952,0.0118592,-66.9955,4756.64,-26.5178,1.34867,-0.00176901,-0.011809,-67.0004
19.099,620.356,-13.1605,21.0334,0.000607786,-0.178425,-0.0023708,4.90583e-05,0.000283531,0.00557471,3539.28,3,0,0,0,-0.024825,0.0247511,-0.0117646,0.0117665,4605.68,-25.6756,1.30585,-0.000344731,0.0255277,-67.029,4640.64,-25.8705,1.31576,-0.000317436,-0.0254222,-67.0374,4734.83,-26.3956,1.34247,-0.0017569,0.0118524,-66.9836,4756.67,-26.5173,1.34866,-0.0017548,-0.0118029,-66.9884
19.109,620.566,-13.1653,21.0313,0.000835892,1.71714,0.519752,0.000232699,0.000283647,0.00557398,3538.55,3,0,0,0,-0.0248175,0.0246613,-0.0117706,0.0117738,4606.75,-25.6782,1.30669,-0.000476954,0.0257684,-67.0153,4642.42,-25.8771,1.31681,-0.000470645,-0.0253826,-67.0237,4735.08,-26.3935,1.34309,-0.00174091,0.0119419,-66.9713,4756.86,-26.515,1.34927,-0.00171282,-0.0118902,-66.9762
19.119,620.776,-13.1701,21.0257,0.000548227,-0.467185,-0.00846747,1.73117e-05,0.000284024,0.00557527,3537.99,3,0,0,0,-0.0250973,0.0249202,-0.0117664,0.0117683,4599.81,-25.6454,1.30645,-7.41407e-05,0.0253207,-67.0092,4636.07,-25.8476,1.31675,-0.000105447,-0.0250659,-67.0175,4734.86,-26.3984,1.34481,-0.00176097,0.0118567,-66.9589,4756.73,-26.5203,1.35102,-0.00175503,-0.0118077,-66.9637
19.129,620.986,-13.1748,21.0215,0.000590824,-0.670107,-0.247932,7.72357e-05,0.00028439,0.00557501,3537.35,3,0,0,0,-0.0247989,0.024584,-0.0117573,0.0117586,4602.65,-25.6601,1.30895,-0.000284922,0.024265,-66.9915,4639.86,-25.8675,1.31953,-0.000297838,-0.0242279,-67,4734.91,-26.3974,1.34656,-0.00172076,0.0118461,-66.947,4756.75,-26.5192,1.35277,-0.00173097,-0.0118048,-66.9519
19.139,621.197,-13.1796,21.0173,0.000435147,-0.0941715,0.518352,1.37684e-06,0.000283749,0.00557532,3536.72,3,0,0,0,-0.0250667,0.0249215,-0.0117665,0.0117686,4602,-25.6579,1.30582,-0.000991069,0.0250221,-66.9779,4637.22,-25.8543,1.31581,-0.000874717,-0.0242474,-66.9873,4734.77,-26.3981,1.34349,-0.00178308,0.0118442,-66.9349,4756.69,-26.5203,1.34971,-0.00175492,-0.0118015,-66.9398
19.149,621.407,-13.1844,21.0147,0.000462841,-0.630054,-0.162242,-5.08998e-05,0.000283568,0.00557505,3536.04,3,0,0,0,-0.0249472,0.0248141,-0.0117649,0.0117669,4603.49,-25.665,1.3054,0.000370221,0.0256153,-66.9724,4639.28,-25.8645,1.31555,0.000347011,-0.025443,-66.9807,4734.82,-26.3971,1.34264,-0.00181831,0.0118569,-66.922,4756.61,-26.5186,1.34882,-0.00181542,-0.0118091,-66.9269
19.159,621.617,-13.1892,21.0104,0.000870178,-0.577339,0.565805,0.000248573,0.000283724,0.00557483,3535.44,3,0,0,0,-0.0248294,0.0246666,-0.0117646,0.011766,4605.29,-25.674,1.30663,-0.000300025,0.0243718,-66.9557,4639.98,-25.8674,1.31648,-0.000332823,-0.0239124,-66.9643,4734.79,-26.396,1.34338,-0.00175119,0.0118562,-66.9102,4756.54,-26.5172,1.34954,-0.00173766,-0.0118075,-66.915
19.169,621.827,-13.194,21.0066,0.000500525,-0.732055,-0.116873,-2.80604e-05,0.000283362,0.00557534,3534.77,3,0,0,0,-0.0250451,0.0248681,-0.0117672,0.0117691,4602.49,-25.6607,1.30417,-4.66396e-05,0.0249579,-66.9471,4638.12,-25.8594,1.31427,-6.11551e-05,-0.0247481,-66.9552,4734.96,-26.3993,1.34171,-0.00176838,0.011918,-66.8978,4756.68,-26.5204,1.34786,-0.00176429,-0.0118701,-66.9027
19.179,622.037,-13.1987,21.0022,0.00071659,-1.493,-0.123056,0.000158537,0.000283484,0.00557514,3534.14,3,0,0,0,-0.0249615,0.0248349,-0.0117675,0.0117684,4605.89,-25.6787,1.3057,3.96036e-05,0.0248462,-66.9328,4640.03,-25.8691,1.31538,6.06393e-06,-0.0248787,-66.9415,4734.88,-26.3979,1.34226,-0.0017512,0.0118743,-66.8857,4756.57,-26.5188,1.34841,-0.00176864,-0.0118238,-66.8905
19.189,622.247,-13.2035,20.9994,0.000532163,-0.354075,-0.0747392,-1.82749e-06,0.000283099,0.00557532,3533.49,3,0,0,0,-0.0249191,0.0248073,-0.0117664,0.0117684,4605.17,-25.6755,1.30372,2.02065e-05,0.0247593,-66.9213,4639.95,-25.8695,1.31356,-3.43076e-05,-0.0246365,-66.9293,4734.98,-26.3993,1.34047,-0.00177201,0.0118726,-66.8733,4756.58,-26.5197,1.34658,-0.00176558,-0.0118214,-66.8781
19.199,622.457,-13.2083,20.9952,0.000568286,0.0698659,-0.31702,4.37394e-05,0.000283185,0.00557524,3532.8,3,0,0,0,-0.0248638,0.0247455,-0.0117663,0.0117682,4606.24,-25.6812,1.30442,-0.00037412,0.0251305,-66.9051,4641.92,-25.8801,1.31452,-0.000328431,-0.0252276,-66.914,4734.94,-26.3987,1.34087,-0.00175592,0.0118698,-66.8615,4756.57,-26.5193,1.34699,-0.00177334,-0.0118205,-66.8662
19.209,622.667,-13.2131,20.9912,0.000582184,-0.598523,0.159173,3.54205e-05,0.000282854,0.00557571,3532.18,3,0,0,0,-0.0250186,0.0248255,-0.0117663,0.0117682,4602.21,-25.6608,1.30175,-9.57225e-05,0.0250922,-66.8977,4638.54,-25.8634,1.31203,-0.000147796,-0.0247053,-66.9056,4734.93,-26.4009,1.33929,-0.00176266,0.0118576,-66.849,4756.55,-26.5214,1.34541,-0.00174732,-0.0118082,-66.8538
19.219,622.876,-13.2178,20.9869,0.000503478,-0.583304,0.142844,5.60106e-07,0.000283225,0.00557598,3531.48,3,0,0,0,-0.024925,0.024707,-0.011762,0.0117642,4604.47,-25.6747,1.3041,-0.00033081,0.0261578,-66.8826,4640.19,-25.8739,1.31422,-0.000381908,-0.0257048,-66.8912,4735.02,-26.4026,1.34108,-0.00173361,0.011933,-66.8369,4756.69,-26.5235,1.34721,-0.00171841,-0.0118871,-66.8417
19.229,623.086,-13.2226,20.9833,0.000474573,-0.202173,0.0507193,-4.77609e-05,0.000283035,0.00557592,3530.88,3,0,0,0,-0.0250212,0.0248684,-0.0117665,0.0117686,4602.63,-25.6642,1.30271,-0.000500289,0.0254648,-66.8707,4638.38,-25.8635,1.31282,-0.000459131,-0.0250987,-66.8789,4734.82,-26.4012,1.34012,-0.00172947,0.0118495,-66.8246,4756.57,-26.5225,1.34627,-0.00172343,-0.011803,-66.8294
19.239,623.296,-13.2274,20.9801,0.000555011,-0.672295,0.0089087,7.72934e-06,0.000282992,0.00557577,3530.23,3,0,0,0,-0.0249327,0.0248177,-0.0117649,0.0117668,4604.88,-25.676,1.30314,0.00025275,0.0256371,-66.8602,4640,-25.8718,1.31308,0.000144727,-0.0254302,-66.8685,4734.75,-26.4002,1.3399,-0.00182663,0.0118663,-66.8124,4756.5,-26.5214,1.34605,-0.00181912,-0.0118163,-66.8172
19.249,623.506,-13.2322,20.976,0.000525632,0.360516,-0.0822343,6.87525e-06,0.000283051,0.00557586,3529.59,3,0,0,0,-0.0249888,0.0248414,-0.0117661,0.0117683,4602.94,-25.6656,1.30286,-0.000570656,0.025071,-66.8455,4638.41,-25.8634,1.31291,-0.00057413,-0.0249016,-66.8537,4734.57,-26.3996,1.34012,-0.00172475,0.0118234,-66.8003,4756.41,-26.5213,1.3463,-0.00171687,-0.0117772,-66.8051
19.259,623.715,-13.2369,20.9724,0.000517006,-0.449698,-0.0885044,4.47319e-06,0.000283052,0.00557582,3528.96,3,0,0,0,-0.0249424,0.0247496,-0.0117657,0.0117677,4603.99,-25.6713,1.30317,4.59988e-05,0.0252966,-66.8359,4639.97,-25.8719,1.31335,4.65458e-05,-0.0250726,-66.8443,4734.82,-26.4008,1.3402,-0.00178269,0.0118837,-66.7878,4756.61,-26.5222,1.34637,-0.00177918,-0.0118351,-66.7926
19.269,623.925,-13.2417,20.9711,0.000956337,2.32564,0.828033,0.000271428,0.000283278,0.00557507,3528.32,3,0,0,0,-0.0248795,0.0247327,-0.0117681,0.0117682,4606.4,-25.6812,1.30489,-0.000159161,0.0258693,-66.8218,4641.63,-25.8777,1.31487,-0.000167774,-0.0252639,-66.8303,4734.64,-26.3962,1.34122,-0.00175047,0.0118588,-66.7754,4756.44,-26.5178,1.34739,-0.00172225,-0.0118123,-66.7803
19.279,624.135,-13.2465,20.9644,0.000500934,-0.182397,-0.0481567,-3.96454e-05,0.000283079,0.00557599,3527.65,3,0,0,0,-0.0250521,0.0249298,-0.0117678,0.0117698,4602.55,-25.664,1.30289,-0.000205701,0.0251796,-66.8123,4637.45,-25.8587,1.31277,-0.000278594,-0.0249918,-66.8205,4734.76,-26.4013,1.34031,-0.00175735,0.0118456,-66.7635,4756.5,-26.5225,1.34647,-0.00174964,-0.0117938,-66.7683
19.289,624.344,-13.2513,20.9608,0.000492041,-0.77311,-0.092192,-2.15079e-05,0.000283103,0.00557555,3527.03,3,0,0,0,-0.0248119,0.0247028,-0.0117612,0.0117632,4606.15,-25.6821,1.30401,0.000101584,0.0249832,-66.7977,4641.47,-25.879,1.31401,8.33235e-05,-0.0248124,-66.8061,4734.79,-26.3994,1.34043,-0.0017857,0.0118925,-66.7514,4756.57,-26.5208,1.3466,-0.00178338,-0.0118428,-66.7562
19.299,624.554,-13.256,20.9565,0.000563102,-0.238963,-0.235467,1.86509e-05,0.000283264,0.00557639,3526.37,3,0,0,0,-0.0250592,0.0248994,-0.0117661,0.0117679,4601.01,-25.6573,1.3033,-0.00049096,0.0250307,-66.7854,4637.52,-25.8609,1.31364,-0.000535289,-0.0250078,-66.7934,4735.01,-26.4046,1.34126,-0.00174172,0.0118921,-66.7392,4756.82,-26.5262,1.34744,-0.00174908,-0.0118403,-66.7441
19.309,624.763,-13.2608,20.9533,0.000556322,-0.634904,-0.028295,2.82442e-05,0.000283398,0.00557584,3525.72,3,0,0,0,-0.0249514,0.024769,-0.0117663,0.0117682,4603.08,-25.6663,1.3045,0.000223675,0.0252926,-66.7753,4639.15,-25.8674,1.31472,0.000235257,-0.0250561,-66.7837,4734.65,-26.4,1.34179,-0.00179639,0.0118424,-66.7267,4756.47,-26.5216,1.34797,-0.00179164,-0.0117933,-66.7315
19.319,624.973,-13.2656,20.9491,0.000534716,-0.0772045,0.273218,1.02153e-05,0.000283484,0.00557593,3525.07,3,0,0,0,-0.0249695,0.0248207,-0.0117666,0.0117684,4604.94,-25.6771,1.30543,-0.000441761,0.0254835,-66.7585,4639.61,-25.8704,1.31526,-0.000442741,-0.0250154,-66.767,4734.76,-26.4009,1.34223,-0.00179281,0.0118843,-66.715,4756.6,-26.5228,1.34842,-0.00177091,-0.0118364,-66.7198
19.329,625.182,-13.2703,20.9455,0.000550084,-0.0953303,-0.0145602,2.51382e-05,0.000283377,0.00557626,3524.42,3,0,0,0,-0.0250081,0.0248861,-0.0117667,0.0117687,4603.12,-25.6685,1.30442,-0.000150866,0.0253317,-66.7507,4637.93,-25.8626,1.31428,-0.00011427,-0.0251598,-66.7593,4734.72,-26.4023,1.34171,-0.00175894,0.0118564,-66.7019,4756.58,-26.5242,1.34791,-0.00175575,-0.0118091,-66.7067
19.339,625.392,-13.2751,20.942,0.000533274,-0.632483,-0.0585495,3.13383e-05,0.00028336,0.00557573,3523.81,3,0,0,0,-0.02487,0.0247343,-0.0117663,0.0117681,4606.51,-25.6849,1.3053,0.000232546,0.0251909,-66.7382,4641.98,-25.8827,1.31535,0.000158269,-0.025026,-66.7461,4734.31,-26.3975,1.34151,-0.00185412,0.011853,-66.6903,4756.14,-26.5192,1.3477,-0.00184616,-0.0118077,-66.6952
19.349,625.601,-13.2798,20.9375,0.000573074,0.146375,-0.0025943,3.44588e-05,0.000283348,0.00557657,3523.11,3,0,0,0,-0.0249927,0.0248087,-0.0117659,0.0117677,4602.92,-25.6688,1.30423,-0.00050771,0.0250575,-66.7245,4638.64,-25.868,1.31435,-0.000521154,-0.0248107,-66.7328,4734.62,-26.4032,1.34155,-0.00172679,0.011831,-66.6778,4756.4,-26.5247,1.34772,-0.00171986,-0.0117807,-66.6826
19.359,625.81,-13.2846,20.9341,0.000627747,-0.81609,-0.0167706,7.30755e-05,0.000283459,0.0055764,3522.5,3,0,0,0,-0.0249712,0.0247972,-0.0117645,0.0117661,4603.97,-25.6739,1.30504,0.000195595,0.0249522,-66.7137,4639.54,-25.8722,1.31512,0.000225526,-0.024784,-66.7221,4734.86,-26.4038,1.34214,-0.00179258,0.0118755,-66.6656,4756.63,-26.5251,1.34831,-0.00178931,-0.0118265,-66.6705
19.369,626.019,-13.2894,20.9297,0.000637437,-0.814904,-0.136533,7.91173e-05,0.000283417,0.00557633,3521.87,3,0,0,0,-0.0249756,0.0248476,-0.0117646,0.0117662,4604.38,-25.6758,1.30496,-0.000153701,0.0244685,-66.6999,4639.47,-25.8715,1.3149,-0.000154063,-0.0244866,-66.7084,4734.84,-26.4033,1.34193,-0.00174846,0.0118747,-66.6536,4756.59,-26.5246,1.3481,-0.00175191,-0.0118236,-66.6584
19.379,626.229,-13.2941,20.9261,0.000604034,-0.466504,0.0148595,5.07829e-05,0.000283195,0.00557666,3521.21,3,0,0,0,-0.0249453,0.0248437,-0.0117644,0.0117664,4603.44,-25.6721,1.30367,-0.000133196,0.025145,-66.6888,4638.68,-25.8686,1.31365,-0.000126815,-0.0249989,-66.6973,4734.73,-26.4042,1.34085,-0.00176551,0.0118444,-66.6414,4756.43,-26.5252,1.34699,-0.00176312,-0.011795,-66.6462
19.389,626.438,-13.2989,20.9224,0.000812196,-0.157541,0.479262,0.000204442,0.000283269,0.00557611,3520.58,3,0,0,0,-0.0248077,0.0246832,-0.0117658,0.0117675,4604.96,-25.678,1.30444,-0.000332907,0.0245801,-66.6749,4639.84,-25.8725,1.31432,-0.000327627,-0.0241873,-66.6833,4734.76,-26.4018,1.34121,-0.00174727,0.0118579,-66.6292,4756.42,-26.5226,1.34735,-0.00173461,-0.0118095,-66.6339
19.399,626.647,-13.3036,20.9183,0.000541879,-0.146036,-0.0521973,-1.65308e-06,0.000283443,0.00557718,3519.92,3,0,0,0,-0.0251281,0.0249567,-0.0117657,0.0117675,4599.54,-25.6527,1.30371,-0.000380747,0.024938,-66.6651,4635.52,-25.8534,1.31391,-0.000438202,-0.0247039,-66.6731,4734.86,-26.4074,1.34206,-0.00174418,0.0118569,-66.617,4756.55,-26.5284,1.34821,-0.00173868,-0.011805,-66.6217
19.409,626.856,-13.3084,20.9146,0.000778156,-0.884756,0.0621353,0.000179482,0.000283408,0.00557632,3519.29,3,0,0,0,-0.0249544,0.0248148,-0.0117621,0.0117644,4604.68,-25.6774,1.305,7.51061e-06,0.0254679,-66.6515,4640.16,-25.8753,1.31506,-1.98655e-05,-0.0253695,-66.66,4734.79,-26.4029,1.34187,-0.00176344,0.0118851,-66.6056,4756.55,-26.5243,1.34804,-0.00177468,-0.0118347,-66.6104
19.419,627.065,-13.3132,20.9108,0.000750897,-0.879454,0.659566,0.000127396,0.000283645,0.00557605,3518.63,3,0,0,0,-0.0249041,0.0247942,-0.0117668,0.0117684,4608.45,-25.6972,1.30716,0.000100336,0.025775,-66.6376,4642.45,-25.8868,1.31681,-3.28041e-05,-0.0252019,-66.6459,4734.92,-26.4024,1.34304,-0.00178278,0.011904,-66.593,4756.73,-26.5241,1.34922,-0.00174697,-0.0118504,-66.5977
19.429,627.274,-13.3179,20.9076,0.000551623,-0.930531,-0.0125329,3.89298e-05,0.000283612,0.00557635,3517.98,3,0,0,0,-0.0249439,0.0248139,-0.011763,0.0117649,4604.68,-25.6776,1.30594,0.000463687,0.0248356,-66.6303,4640.14,-25.8753,1.316,0.000401101,-0.0246391,-66.6385,4734.69,-26.4025,1.34281,-0.00182177,0.0118587,-66.5801,4756.61,-26.5248,1.34903,-0.00182113,-0.0118113,-66.5849
19.439,627.483,-13.3227,20.9041,0.000604486,0.718404,-0.0371644,5.68462e-05,0.000283679,0.00557683,3517.35,3,0,0,0,-0.0250326,0.0248828,-0.0117671,0.011769,4601.77,-25.6635,1.30542,-0.00020248,0.0250504,-66.6166,4638.09,-25.8661,1.31573,-0.000270327,-0.024894,-66.6246,4734.66,-26.4047,1.34312,-0.00175848,0.0118569,-66.568,4756.56,-26.5268,1.34934,-0.00175702,-0.0118048,-66.5728
19.449,627.692,-13.3274,20.8997,0.000589695,-0.00309888,0.0784354,6.74409e-05,0.000283845,0.00557635,3516.69,3,0,0,0,-0.0249108,0.0247153,-0.0117661,0.0117679,4603.29,-25.6698,1.30662,-0.000161205,0.024567,-66.6023,4639.29,-25.8706,1.31684,-0.000218576,-0.0242572,-66.6108,4734.23,-26.4,1.34379,-0.0017656,0.0118452,-66.5559,4756.12,-26.522,1.35,-0.00176031,-0.0117994,-66.5607
19.459,627.901,-13.3322,20.8954,0.000327126,0.165818,-0.356188,-0.000109213,0.000283894,0.00557701,3516.05,3,0,0,0,-0.025056,0.0248778,-0.0117662,0.0117683,4601.76,-25.6643,1.30641,-0.000513478,0.0247589,-66.5901,4637.61,-25.8643,1.31659,-0.000517526,-0.0246227,-66.5986,4734.8,-26.4063,1.34418,-0.00168868,0.0118614,-66.5438,4756.7,-26.5284,1.3504,-0.00169055,-0.0118158,-66.5486
19.469,628.11,-13.3369,20.8915,0.000668344,-0.785672,0.0881469,0.000116487,0.000283902,0.00557665,3515.4,3,0,0,0,-0.0249517,0.024839,-0.0117618,0.0117638,4604.81,-25.6797,1.30731,-0.000124475,0.025265,-66.5788,4639.57,-25.8735,1.31718,-2.02838e-05,-0.0250895,-66.5873,4734.72,-26.4041,1.3442,-0.00172287,0.0118507,-66.5315,4756.59,-26.5261,1.35041,-0.00172455,-0.0118046,-66.5364
19.479,628.319,-13.3417,20.8884,0.000547172,0.215188,-0.049289,1.65774e-05,0.000283621,0.00557661,3514.77,3,0,0,0,-0.0250006,0.0248677,-0.0117662,0.0117683,4603.54,-25.6724,1.30566,-0.000183408,0.0250733,-66.5663,4638.85,-25.8693,1.31568,-0.000263248,-0.024924,-66.5743,4734.82,-26.4045,1.3429,-0.00176694,0.0118672,-66.5195,4756.65,-26.5263,1.34909,-0.00176245,-0.0118163,-66.5244
19.489,628.528,-13.3464,20.8841,0.000839924,-0.575187,0.659179,0.000226307,0.000283481,0.00557608,3514.12,3,0,0,0,-0.0248653,0.0246828,-0.0117657,0.0117675,4604.95,-25.6778,1.30542,-2.63484e-05,0.0252185,-66.554,4640.37,-25.8754,1.31546,-7.21182e-05,-0.0246341,-66.5623,4734.83,-26.4021,1.34224,-0.00179019,0.0118641,-66.507,4756.55,-26.5232,1.34839,-0.00175993,-0.0118157,-66.5119
19.499,628.736,-13.3512,20.8802,0.000572253,-0.517622,0.0302774,3.08842e-05,0.000283606,0.0055765,3513.48,3,0,0,0,-0.0250316,0.0248615,-0.0117663,0.0117682,4603.1,-25.6695,1.30547,-0.000125207,0.0251402,-66.5423,4638.67,-25.8678,1.31556,-0.000115305,-0.0248816,-66.5507,4734.88,-26.4043,1.34284,-0.00178701,0.0118589,-66.495,4756.55,-26.5252,1.34899,-0.00177994,-0.0118095,-66.4998
19.509,628.945,-13.3559,20.8765,0.000395948,-0.378597,-0.354284,-7.42094e-05,0.000283542,0.00557634,3512.82,3,0,0,0,-0.0249633,0.0248176,-0.0117664,0.0117683,4603.2,-25.6693,1.3052,-0.000126953,0.0247816,-66.5296,4638.54,-25.8664,1.31522,-0.000112296,-0.0247423,-66.5382,4734.86,-26.4035,1.34253,-0.0017352,0.0118631,-66.4828,4756.59,-26.5246,1.3487,-0.00174051,-0.011815,-66.4875
19.519,629.154,-13.3607,20.8718,0.000561292,-0.278345,-0.0778744,4.25091e-05,0.000283147,0.00557688,3512.18,3,0,0,0,-0.0250434,0.0249227,-0.0117652,0.0117672,4601.6,-25.6628,1.30293,-0.000738932,0.0248561,-66.5145,4637.24,-25.8616,1.31302,-0.000622101,-0.0247417,-66.5235,4734.82,-26.4058,1.34065,-0.00163471,0.0118585,-66.4709,4756.54,-26.5269,1.3468,-0.00165555,-0.0118146,-66.4757
19.529,629.363,-13.3654,20.8696,0.00079962,0.515779,0.188628,0.000204128,0.00028322,0.00557583,3511.53,3,0,0,0,-0.0249263,0.0247826,-0.0117717,0.0117738,4604.73,-25.6754,1.30415,-8.43677e-05,0.0255266,-66.5049,4640.46,-25.8747,1.31427,-0.000105041,-0.0254029,-66.5133,4734.74,-26.4004,1.34097,-0.00177346,0.0118326,-66.4583,4756.4,-26.5211,1.34711,-0.00176786,-0.0117817,-66.4631
19.539,629.571,-13.3702,20.8646,0.000650921,-0.286291,0.193314,0.000104456,0.000283026,0.00557617,3510.91,3,0,0,0,-0.0248818,0.0246759,-0.0117653,0.0117671,4605.25,-25.6799,1.30341,-0.000439516,0.0248211,-66.4907,4641.01,-25.8793,1.31353,-0.000459781,-0.0244684,-66.4991,4734.82,-26.4024,1.34008,-0.00173624,0.0118525,-66.4466,4756.49,-26.5233,1.34621,-0.00172618,-0.0118051,-66.4514
19.549,629.78,-13.3749,20.8611,0.000532305,-0.456853,0.0306636,6.88096e-06,0.00028302,0.00557675,3510.25,3,0,0,0,-0.0250653,0.0248902,-0.0117661,0.011768,4602.12,-25.6651,1.30249,-0.000115313,0.0251757,-66.4819,4637.35,-25.8616,1.31246,-0.00011556,-0.024891,-66.4902,4734.77,-26.4049,1.34003,-0.00177209,0.0118566,-66.434,4756.42,-26.5256,1.34616,-0.00176265,-0.0118079,-66.4388
19.559,629.988,-13.3797,20.8572,0.000523314,-0.598954,-0.0855428,3.08749e-05,0.000282897,0.00557622,3509.59,3,0,0,0,-0.0249518,0.0248183,-0.0117676,0.0117693,4605.13,-25.6795,1.30278,-0.000145148,0.0250355,-66.4674,4639.61,-25.8718,1.31253,-0.000120351,-0.0248875,-66.4761,4734.78,-26.4024,1.33946,-0.00173303,0.0118452,-66.422,4756.45,-26.5233,1.34559,-0.00173213,-0.0117982,-66.4267
19.569,630.197,-13.3844,20.8526,0.000565727,-0.870912,-0.00449858,7.9984e-06,0.000282509,0.00557721,3508.98,3,0,0,0,-0.0249182,0.0248371,-0.0117605,0.0117625,4602.11,-25.6672,1.30014,-0.000353616,0.024502,-66.4572,4637.26,-25.8632,1.31006,-0.000320051,-0.0243432,-66.4652,4734.85,-26.4075,1.33764,-0.0017174,0.0118409,-66.4097,4756.46,-26.528,1.34374,-0.00171095,-0.0117891,-66.4144
19.579,630.405,-13.3891,20.8496,0.000587451,-0.517321,-0.0798367,6.62202e-05,0.000282687,0.00557636,3508.32,3,0,0,0,-0.0249471,0.0248047,-0.0117664,0.011768,4604.42,-25.6761,1.30161,-0.000141341,0.0248696,-66.4431,4640.11,-25.8752,1.3117,-0.000113133,-0.0247253,-66.4516,4734.7,-26.4027,1.33844,-0.00177501,0.011857,-66.3975,4756.39,-26.5236,1.34457,-0.00177872,-0.0118087,-66.4023
19.589,630.614,-13.3939,20.8461,0.000545291,-0.354707,-0.0549448,1.84006e-05,0.00028247,0.00557637,3507.73,3,0,0,0,-0.024979,0.0247949,-0.0117675,0.0117693,4603.68,-25.6721,1.3004,3.97824e-05,0.0250262,-66.433,4639.99,-25.8746,1.31066,5.20202e-05,-0.0248027,-66.4411,4734.81,-26.4034,1.33744,-0.00179529,0.0118599,-66.3852,4756.46,-26.524,1.34356,-0.00179401,-0.0118121,-66.39
19.599,630.822,-13.3986,20.8425,0.000590153,0.130974,0.164295,2.94651e-05,0.000282799,0.00557655,3507.03,3,0,0,0,-0.0249579,0.0247956,-0.0117668,0.0117686,4603.96,-25.6745,1.302,-0.000113173,0.0253297,-66.4198,4639.47,-25.8725,1.31204,-0.000118895,-0.024991,-66.4285,4734.27,-26.4012,1.33885,-0.00177552,0.0117505,-66.3727,4755.91,-26.5219,1.34497,-0.00176756,-0.0116986,-66.3774
19.609,631.03,-13.4034,20.8383,0.00058532,6.14224e-05,0.011158,5.12938e-05,0.000282495,0.00557663,3506.34,3,0,0,0,-0.0249964,0.0248609,-0.0117667,0.0117684,4603.98,-25.675,1.3006,-0.00037781,0.0252387,-66.4064,4638.8,-25.8691,1.31043,-0.000331899,-0.0250339,-66.4149,4734.97,-26.4055,1.3376,-0.00173721,0.0119199,-66.3613,4756.69,-26.5266,1.34374,-0.00174308,-0.0118712,-66.3659
19.619,631.239,-13.4081,20.8342,0.000591994,-1.10727,0.0687873,4.1772e-05,0.000282498,0.00557631,3505.76,3,0,0,0,-0.0249054,0.0247776,-0.0117622,0.011764,4603.94,-25.6732,1.3006,0.000128956,0.0246042,-66.3966,4639.25,-25.8701,1.31058,0.000100178,-0.0243569,-66.4047,4734.75,-26.4027,1.33756,-0.00178635,0.0118284,-66.3486,4756.35,-26.5231,1.34366,-0.00177894,-0.0117785,-66.3533
19.629,631.447,-13.4128,20.8302,0.000344362,-0.801591,-0.6012,-0.000105944,0.000282421,0.00557648,3505.08,3,0,0,0,-0.0249411,0.0247706,-0.0117683,0.0117715,4604.53,-25.6773,1.30042,-3.93719e-05,0.0251427,-66.3824,4641.11,-25.8813,1.31075,4.94272e-05,-0.0252126,-66.3906,4734.94,-26.4045,1.33725,-0.00179525,0.0118904,-66.3366,4756.65,-26.5256,1.34338,-0.00181851,-0.0118449,-66.3414
19.639,631.655,-13.4176,20.8274,0.000583332,0.882369,0.146498,7.40945e-05,0.000283299,0.00557745,3504.45,3,0,0,0,-0.0251828,0.0250563,-0.0117669,0.0117686,4598.18,-25.6464,1.30266,-0.000327875,0.0251146,-66.3736,4633.39,-25.8428,1.31263,-0.000447768,-0.0248161,-66.382,4734.65,-26.4076,1.34132,-0.00173614,0.0118621,-66.3241,4756.33,-26.5285,1.34746,-0.00172533,-0.0118124,-66.3289
19.649,631.863,-13.4223,20.8224,0.000670763,-0.930249,-0.137458,0.000152334,0.000283165,0.00557657,3503.81,3,0,0,0,-0.0248114,0.0246134,-0.0117569,0.0117576,4604.78,-25.6792,1.30391,-0.000167386,0.0243237,-66.3559,4641.82,-25.8857,1.3144,-0.000123825,-0.0242875,-66.364,4734.62,-26.4032,1.34068,-0.00169621,0.011874,-66.3124,4756.56,-26.5256,1.34689,-0.00170223,-0.0118265,-66.3172
19.659,632.072,-13.427,20.8182,0.000398194,-0.562366,-0.165913,-0.000117704,0.000283511,0.00557687,3503.12,3,0,0,0,-0.0248152,0.0247694,-0.0117593,0.0117616,4604.95,-25.6814,1.30555,-0.000626385,0.0248114,-66.3437,4640.29,-25.8785,1.31557,-0.000613881,-0.0246554,-66.3524,4734.77,-26.4054,1.34236,-0.00169217,0.0119083,-66.3005,4756.74,-26.528,1.34859,-0.00169061,-0.0118555,-66.3053
19.669,632.28,-13.4318,20.8153,0.00069247,-0.366403,0.076837,0.000142928,0.000283882,0.00557708,3502.54,3,0,0,0,-0.0249963,0.0248697,-0.0117657,0.0117676,4602.32,-25.6678,1.30651,-4.55637e-05,0.0250142,-66.3371,4638.08,-25.8672,1.31667,-3.32388e-05,-0.0248722,-66.3458,4734.58,-26.4054,1.34406,-0.00176878,0.0118666,-66.2877,4756.67,-26.5286,1.35033,-0.00176822,-0.0118182,-66.2925
19.679,632.488,-13.4365,20.812,0.000667538,0.341827,-0.265465,0.000100191,0.000284022,0.00557684,3501.88,3,0,0,0,-0.0249374,0.0247565,-0.0117673,0.0117682,4603.99,-25.676,1.30764,-6.36854e-05,0.025573,-66.3218,4640.83,-25.8815,1.3181,-7.69729e-05,-0.0256295,-66.3295,4734.57,-26.4042,1.34472,-0.00177628,0.0118439,-66.2755,4756.62,-26.5272,1.35099,-0.00178903,-0.0117949,-66.2805
19.689,632.696,-13.4412,20.8074,0.000560095,-0.756753,-0.0774367,2.88604e-05,0.000284502,0.00557715,3501.24,3,0,0,0,-0.0250215,0.0248643,-0.011767,0.0117689,4602.87,-25.6712,1.30953,-0.000128989,0.0249137,-66.3109,4638.39,-25.8692,1.31963,-0.000132607,-0.0247291,-66.3198,4734.77,-26.4068,1.34705,-0.00175342,0.0118616,-66.2635,4756.8,-26.5297,1.35332,-0.00175452,-0.011812,-66.2684
19.699,632.904,-13.446,20.8037,0.00072736,-0.927989,0.0974848,0.000149121,0.00028456,0.00557714,3500.6,3,0,0,0,-0.0249672,0.0248238,-0.0117636,0.011765,4604.4,-25.6797,1.31023,6.3292e-05,0.0249375,-66.2979,4639.56,-25.8758,1.32023,4.77586e-05,-0.0247863,-66.3063,4734.01,-26.4025,1.34711,-0.00180517,0.0119584,-66.2513,4756.04,-26.5254,1.35338,-0.00179841,-0.0119122,-66.2562
19.709,633.112,-13.4507,20.7996,0.000472656,-0.810986,-0.208692,-1.35848e-05,0.000284581,0.00557696,3499.94,3,0,0,0,-0.0249517,0.0248275,-0.0117694,0.0117713,4604.3,-25.6783,1.31029,-0.000237549,0.0244498,-66.2845,4639.73,-25.8759,1.32038,-0.000193196,-0.0243508,-66.2932,4734.74,-26.4058,1.34742,-0.00173446,0.0118988,-66.2388,4756.79,-26.5287,1.35369,-0.00173589,-0.011849,-66.2435
19.719,633.32,-13.4554,20.7963,0.000526847,0.0180171,-0.0661994,1.58645e-06,0.000284325,0.00557725,3499.31,3,0,0,0,-0.0249793,0.0248246,-0.0117674,0.0117702,4604.27,-25.6794,1.30911,-0.000189877,0.0252412,-66.2736,4640.41,-25.881,1.31939,-0.000179058,-0.0250541,-66.2818,4734.65,-26.4066,1.34618,-0.00176112,0.0118584,-66.2268,4756.64,-26.5292,1.35243,-0.00175598,-0.0118103,-66.2317
19.729,633.528,-13.4601,20.7918,0.000556635,-0.141702,0.0357452,1.82375e-05,0.00028446,0.00557756,3498.66,3,0,0,0,-0.0249827,0.0247976,-0.011766,0.0117678,4603.8,-25.6782,1.3096,-0.000514652,0.0250303,-66.2593,4639.98,-25.8801,1.31989,-0.000578703,-0.024754,-66.2673,4734.68,-26.4083,1.34683,-0.00172815,0.0118537,-66.2152,4756.56,-26.5303,1.35305,-0.00172078,-0.0118045,-66.2201
19.739,633.735,-13.4649,20.7884,0.000570898,-0.615327,0.0898673,3.17474e-05,0.000284375,0.0055775,3498.02,3,0,0,0,-0.0250232,0.0248601,-0.0117658,0.0117681,4604.15,-25.6799,1.30931,1.19042e-05,0.025315,-66.2496,4639.6,-25.8776,1.31939,2.29076e-05,-0.0250184,-66.258,4734.65,-26.4078,1.34642,-0.00179972,0.0118533,-66.2024,4756.47,-26.5295,1.35262,-0.00178609,-0.0118037,-66.2073
19.749,633.943,-13.4696,20.7851,0.000577876,-0.204938,0.0460716,2.11419e-05,0.000284537,0.00557744,3497.4,3,0,0,0,-0.0249065,0.0247877,-0.0117646,0.0117665,4605.91,-25.6895,1.31055,8.33188e-05,0.0251704,-66.2375,4640.86,-25.8844,1.3205,5.13507e-05,-0.0249614,-66.2459,4734.66,-26.4075,1.34719,-0.00180861,0.0118699,-66.1901,4756.45,-26.5291,1.35339,-0.00180122,-0.0118192,-66.1949
19.759,634.151,-13.4743,20.7805,0.000628731,-0.264992,-0.00402918,8.58878e-05,0.000284195,0.00557783,3496.75,3,0,0,0,-0.024986,0.0248649,-0.0117667,0.0117686,4603.1,-25.6756,1.30818,-0.000435235,0.0249062,-66.2236,4638.64,-25.8739,1.31828,-0.000382093,-0.0247802,-66.2322,4734.65,-26.4094,1.34557,-0.00171681,0.0118201,-66.1784,4756.46,-26.531,1.35176,-0.00171668,-0.0117704,-66.1831
19.769,634.359,-13.479,20.7768,0.000717388,-0.454007,0.325342,0.000119266,0.000284077,0.00557757,3496.08,3,0,0,0,-0.0249212,0.0247678,-0.0117663,0.011768,4603.89,-25.6788,1.30786,-0.000171661,0.0251757,-66.2126,4639.96,-25.88,1.31811,-0.000222001,-0.0247918,-66.2206,4734.75,-26.4087,1.34503,-0.00176135,0.0118579,-66.1661,4756.43,-26.5296,1.35119,-0.00174081,-0.0118071,-66.171
19.779,634.566,-13.4838,20.7729,0.000522853,-0.83267,-0.093892,5.34365e-06,0.000284133,0.00557763,3495.46,3,0,0,0,-0.0249703,0.0247927,-0.0117637,0.0117658,4604.27,-25.6812,1.30823,-0.000124701,0.0249314,-66.1993,4640.19,-25.8815,1.31843,-9.87616e-05,-0.024719,-66.2077,4734.78,-26.4091,1.34531,-0.0017776,0.011874,-66.1541,4756.48,-26.5302,1.35148,-0.00177463,-0.0118251,-66.1589
19.789,634.774,-13.4885,20.7699,0.000853225,-0.0207283,0.377796,0.000229132,0.000284155,0.00557758,3494.82,3,0,0,0,-0.024996,0.0248357,-0.0117668,0.0117672,4603.66,-25.6776,1.30815,-1.18162e-05,0.0252162,-66.1887,4638.89,-25.8741,1.31816,6.86752e-06,-0.0249331,-66.1971,4734.78,-26.4089,1.34541,-0.00178703,0.0118586,-66.1418,4756.51,-26.5301,1.35159,-0.00177618,-0.0118109,-66.1466
19.799,634.982,-13.4932,20.7659,0.000268164,0.0742289,-0.286207,-0.000165837,0.000283736,0.0055774,3494.18,3,0,0,0,-0.0249409,0.0248231,-0.0117692,0.0117719,4605.08,-25.6846,1.30662,-0.000179031,0.0250179,-66.1754,4640.02,-25.8795,1.31654,-0.000176299,-0.0248639,-66.184,4734.74,-26.4078,1.34341,-0.00176997,0.0118625,-66.1297,4756.51,-26.5292,1.34959,-0.00176577,-0.0118137,-66.1345
19.809,635.189,-13.4979,20.7618,0.000550085,-0.448513,-0.0953801,2.97083e-05,0.000283454,0.00557753,3493.53,3,0,0,0,-0.0249302,0.0248112,-0.0117649,0.0117668,4604.34,-25.6811,1.30512,3.4151e-05,0.0253558,-66.1647,4639.78,-25.8788,1.31516,1.18232e-07,-0.0252411,-66.1729,4734.76,-26.4086,1.34209,-0.00179277,0.0118506,-66.1176,4756.47,-26.5296,1.34824,-0.00179222,-0.0118033,-66.1224
19.819,635.397,-13.5026,20.7581,0.000562099,0.0766402,-0.255371,4.21399e-05,0.000283417,0.00557739,3492.89,3,0,0,0,-0.0248552,0.0246962,-0.0117658,0.0117676,4604.68,-25.6823,1.30504,-0.000197367,0.0253371,-66.1512,4640.79,-25.8837,1.31528,-0.000212293,-0.0253457,-66.1595,4734.83,-26.4082,1.34193,-0.00176366,0.0118557,-66.1055,4756.47,-26.529,1.34806,-0.00177151,-0.0118064,-66.1102
19.829,635.604,-13.5074,20.7544,0.000547131,0.303677,0.0429087,3.52343e-05,0.000283446,0.00557785,3492.26,3,0,0,0,-0.0250725,0.024889,-0.011766,0.0117678,4600.56,-25.6615,1.30401,-0.00032378,0.0250485,-66.1403,4636.36,-25.8612,1.31416,-0.000347706,-0.024754,-66.1487,4734.77,-26.4101,1.34205,-0.0017618,0.0118437,-66.0933,4756.42,-26.5309,1.34819,-0.00175526,-0.0117953,-66.0981
19.839,635.812,-13.5121,20.7499,0.000410719,-0.389172,-0.284141,-4.49337e-05,0.000283233,0.0055775,3491.61,3,0,0,0,-0.0249864,0.0248215,-0.0117636,0.0117652,4603.15,-25.6743,1.30376,-0.000321474,0.0253138,-66.126,4638.75,-25.8729,1.31385,-0.000330367,-0.0251933,-66.1343,4734.78,-26.4086,1.34105,-0.00172735,0.0118504,-66.0813,4756.48,-26.5296,1.34719,-0.00173779,-0.011804,-66.086
19.849,636.019,-13.5168,20.7461,0.000702914,-0.87234,0.433101,0.000131423,0.000283246,0.0055772,3490.99,3,0,0,0,-0.0249318,0.024825,-0.0117635,0.0117652,4605.62,-25.6868,1.30452,-0.000140528,0.0250254,-66.1142,4640.28,-25.88,1.31434,-0.000136185,-0.0245771,-66.1228,4734.94,-26.408,1.34115,-0.0017418,0.011875,-66.0694,4756.59,-26.5288,1.34728,-0.0017308,-0.0118255,-66.0741
19.859,636.227,-13.5215,20.7425,0.000495183,-0.570067,-0.0784114,-4.04247e-06,0.000282719,0.00557758,3490.34,3,0,0,0,-0.0249497,0.0248153,-0.0117624,0.0117643,4603.75,-25.6781,1.30157,-1.00615e-05,0.0251222,-66.1051,4639.65,-25.8783,1.31172,-2.01925e-05,-0.0249272,-66.1132,4734.92,-26.4097,1.33865,-0.00176582,0.011873,-66.0569,4756.59,-26.5305,1.34478,-0.00176142,-0.0118233,-66.0617
19.869,636.434,-13.5262,20.7385,0.000508756,-0.309743,-0.415098,-6.03262e-06,0.000282817,0.00557703,3489.69,3,0,0,0,-0.0248551,0.0246721,-0.0117658,0.0117676,4606.3,-25.6898,1.30274,-0.000260921,0.0257276,-66.0884,4642.83,-25.8935,1.31307,-0.000285071,-0.0258134,-66.0963,4734.86,-26.4067,1.3391,-0.00176567,0.011837,-66.0452,4756.48,-26.5273,1.34521,-0.0017743,-0.0117887,-66.05
19.879,636.641,-13.5309,20.7351,0.000530345,0.107918,0.0166597,2.99156e-05,0.000282828,0.00557808,3489.06,3,0,0,0,-0.0251696,0.024988,-0.0117667,0.0117686,4599.42,-25.6562,1.30085,-0.000306923,0.0251154,-66.0811,4635.04,-25.8549,1.31092,-0.000304528,-0.0248346,-66.0896,4734.91,-26.412,1.33917,-0.00173954,0.0118645,-66.0323,4756.55,-26.5327,1.34529,-0.00173418,-0.0118185,-66.0371
19.889,636.849,-13.5357,20.7316,0.000738993,-0.430518,0.201533,0.000142806,0.000282857,0.00557696,3488.46,3,0,0,0,-0.0248689,0.0247295,-0.011765,0.0117657,4606.55,-25.6908,1.30299,9.99976e-05,0.0252297,-66.0655,4641.46,-25.8855,1.31287,9.91897e-05,-0.0250009,-66.0738,4734.92,-26.4067,1.3393,-0.00179016,0.0118547,-66.0207,4756.58,-26.5275,1.34543,-0.00178407,-0.0118054,-66.0254
19.899,637.056,-13.5404,20.7271,0.000597485,-0.663221,0.040244,7.12552e-05,0.000282486,0.00557723,3487.79,3,0,0,0,-0.0249976,0.0248737,-0.0117656,0.0117675,4604.35,-25.6798,1.30066,-9.37824e-05,0.0249098,-66.0549,4639.21,-25.8742,1.31051,-0.000161708,-0.0247129,-66.0632,4734.93,-26.408,1.33755,-0.00179772,0.0118489,-66.0087,4756.58,-26.5288,1.34367,-0.00178752,-0.0118026,-66.0134
19.909,637.263,-13.5451,20.723,0.000516201,-0.424539,-0.0695011,-9.09244e-06,0.000282262,0.00557731,3487.14,3,0,0,0,-0.0248243,0.0247143,-0.011762,0.0117639,4605.1,-25.6843,1.29985,-0.000404177,0.0250282,-66.0409,4640.21,-25.8801,1.30976,-0.000403198,-0.0248535,-66.0491,4734.86,-26.408,1.33647,-0.00172371,0.0118384,-65.9965,4756.48,-26.5286,1.34258,-0.00171736,-0.0117895,-66.0012
19.919,637.47,-13.5498,20.7196,0.000589344,-0.692371,0.0803081,7.00657e-05,0.000282205,0.00557703,3486.57,3,0,0,0,-0.0249873,0.0248006,-0.0117662,0.0117681,4603.69,-25.6752,1.29918,-0.000107623,0.0247425,-66.0302,4639.42,-25.8745,1.30927,-0.000106881,-0.0244454,-66.0385,4734.85,-26.4067,1.3362,-0.00176617,0.0118345,-65.9844,4756.44,-26.5271,1.34229,-0.00176029,-0.0117881,-65.9892
19.929,637.677,-13.5545,20.7158,0.00048409,-0.358157,-0.0440915,-8.3002e-06,0.000282201,0.00557709,3485.86,3,0,0,0,-0.0250005,0.0248257,-0.0117661,0.0117682,4603.05,-25.6719,1.29898,-0.000166874,0.0250009,-66.0181,4638.28,-25.8684,1.30892,-0.000191964,-0.0247581,-66.0264,4734.96,-26.4076,1.33621,-0.00177026,0.0118657,-65.9723,4756.55,-26.528,1.3423,-0.00176349,-0.0118178,-65.9771
19.939,637.884,-13.5592,20.7124,0.000412094,0.118232,0.0637634,-4.98902e-05,0.000282007,0.00557665,3485.18,3,0,0,0,-0.0249279,0.0248051,-0.0117674,0.0117694,4605.7,-25.6846,1.29884,-0.000267054,0.0256278,-66.0041,4640.03,-25.8761,1.30852,-0.000262564,-0.0252839,-66.0127,4734.89,-26.4051,1.33527,-0.00175804,0.011874,-65.9603,4756.56,-26.5259,1.34138,-0.00174615,-0.0118272,-65.965
19.949,638.092,-13.5639,20.7081,0.000527587,-0.80566,-0.0341527,3.28811e-05,0.000281835,0.00557656,3484.59,3,0,0,0,-0.0249356,0.024809,-0.0117634,0.0117653,4604.68,-25.6786,1.29776,-4.60142e-05,0.0249165,-65.9938,4639.94,-25.8752,1.3077,-4.74136e-05,-0.0247193,-66.0021,4734.91,-26.4048,1.33446,-0.00178984,0.0118562,-65.9485,4756.52,-26.5253,1.34055,-0.0017803,-0.0118118,-65.9532
19.959,638.299,-13.5686,20.7041,0.000524464,-0.589634,-0.309423,6.33403e-06,0.000281879,0.0055764,3483.91,3,0,0,0,-0.0249743,0.0248219,-0.011766,0.0117677,4603.55,-25.6715,1.29764,-0.000302015,0.0253282,-65.9811,4639.67,-25.873,1.30783,-0.000320473,-0.0253532,-65.9892,4734.87,-26.4038,1.33466,-0.00175349,0.0118525,-65.9361,4756.36,-26.5237,1.34072,-0.00175769,-0.0118105,-65.9409
19.969,638.506,-13.5733,20.7005,0.000496117,-0.749095,-0.0652347,-2.6481e-06,0.000281821,0.00557621,3483.31,3,0,0,0,-0.0249386,0.0247433,-0.0117632,0.0117653,4603.7,-25.6714,1.29742,-5.9327e-05,0.025131,-65.9695,4639.54,-25.8713,1.30752,-5.54405e-05,-0.0248704,-65.9777,4734.91,-26.4031,1.3344,-0.00176891,0.0118589,-65.924,4756.48,-26.5234,1.34048,-0.00176327,-0.0118106,-65.9287
19.979,638.712,-13.578,20.6965,0.000663785,-0.856345,0.084849,0.000108889,0.000281959,0.00557601,3482.68,3,0,0,0,-0.0249502,0.0247864,-0.0117635,0.0117647,4604.29,-25.6738,1.29822,-0.000165052,0.0249134,-65.9558,4639.25,-25.8688,1.30808,-0.000186556,-0.0247316,-65.964,4734.96,-26.4024,1.33506,-0.00175111,0.011856,-65.912,4756.57,-26.523,1.34116,-0.00174408,-0.0118064,-65.9168
19.989,638.919,-13.5827,20.6933,0.000590955,-0.306229,0.10938,5.68852e-05,0.00028164,0.00557601,3482.02,3,0,0,0,-0.0250326,0.0249082,-0.0117659,0.0117679,4602.83,-25.6657,1.29634,-4.17375e-05,0.0252398,-65.9468,4637.28,-25.8578,1.30604,-5.13103e-05,-0.0250091,-65.9551,4735.01,-26.4028,1.33357,-0.00178806,0.0118573,-65.8997,4756.62,-26.5233,1.33966,-0.00177709,-0.0118096,-65.9044
19.999,639.126,-13.5874,20.6889,0.000597368,-0.959717,0.133119,4.93186e-05,0.000281549,0.0055754,3481.39,3,0,0,0,-0.0248019,0.02471,-0.0117583,0.01176,4604.17,-25.6703,1.2963,-0.000196162,0.0241803,-65.9319,4638.71,-25.8629,1.30602,-0.00017994,-0.0239239,-65.9402,4735.07,-26.4002,1.33315,-0.00172492,0.0118524,-65.8878,4756.64,-26.5205,1.33923,-0.00171415,-0.0118028,-65.8925
