t,x,y,speed,vy,ax,ay,yawRate,roll,pitch,rpm,gear,throttle,brake,steer,delta0,delta1,delta2,delta3,sz0,sz1,sz2,sz3,fz0,fx0,fy0,slip0,alpha0,omega0,fz1,fx1,fy1,slip1,alpha1,omega1,fz2,fx2,fy2,slip2,alpha2,omega2,fz3,fx3,fy3,slip3,alpha3,omega3
0.009,24.6853,-0.00085079,4.99563,-2.63141e-05,-0.742761,0.00449161,-1.64736e-05,-9.60442e-05,0.00192183,2601.29,1,0.00150526,0,0,-0.0253291,0.0253806,-0.0116163,0.0116209,-0.0594635,-0.0595686,-0.0642295,-0.0643517,4569.37,-166.336,-2509.94,-0.00108067,0.0265138,-15.9075,4557.09,-164.12,2505.57,-0.00105956,-0.0265349,-15.9063,4808.96,-408.963,-1290.49,-0.00352676,0.0115943,-15.882,4801.76,-408.482,1289.16,-0.00352706,-0.0115983,-15.8816
0.019,24.7352,-0.000852773,4.99075,-5.15379e-05,0.0145455,-0.00541707,-3.81595e-05,-7.98347e-05,0.0019433,2597.55,1,0.00388714,0,0,-0.025352,0.0253983,-0.0116229,0.0116268,-0.0594654,-0.0595543,-0.0642654,-0.0643719,4574.2,-125.926,-2453.34,-0.000663626,0.0256832,-15.9023,4564.33,-125.578,2445.57,-0.000660492,-0.0256381,-15.9005,4806.42,-395.727,-1270.28,-0.00341078,0.01141,-15.8671,4802.01,-395.938,1265.32,-0.00341272,-0.0113685,-15.8667
0.029,24.7851,-0.000853846,4.98594,-9.97009e-05,-0.791188,-0.00135117,-4.99055e-05,-5.28734e-05,0.00198003,2595.1,1,0.00557451,0,0,-0.0253414,0.0253774,-0.011624,0.0116271,-0.059479,-0.059547,-0.0643189,-0.0644038,4587.4,-11.8514,-2455,0.000531961,0.0256131,-15.8841,4583.49,-10.6569,2446.88,0.00054565,-0.0255245,-15.882,4798.81,-401.187,-1265.89,-0.00346264,0.0113738,-15.8535,4800.76,-402.372,1259.01,-0.00346662,-0.0112961,-15.8533
0.039,24.8349,-0.000854528,4.98088,-0.000169734,-0.700693,-0.0141199,-7.59689e-05,-1.6974e-05,0.00203167,2592.65,1,0.0077556,0,0,-0.025388,0.0254111,-0.0116251,0.0116272,-0.0594713,-0.0595146,-0.0643825,-0.0644407,4597.25,-56.7727,-2417.24,5.11337e-05,0.0250339,-15.8738,4602.36,-57.3083,2411.45,4.80049e-05,-0.0249227,-15.8717,4785.24,-363.033,-1252.38,-0.00314416,0.0113215,-15.8394,4796.58,-364.455,1245.49,-0.00314412,-0.0112221,-15.8396
0.049,24.8847,-0.000855009,4.97711,-0.00020913,0.215176,0.0056142,-8.81446e-05,2.6127e-05,0.00209476,2590.17,1,0.00971408,0,0,-0.02534,0.0253501,-0.011629,0.0116298,-0.0594611,-0.0594741,-0.0644578,-0.0644835,4608.95,-173.913,-2670.86,-0.00112819,0.0285867,-15.85,4624.74,-174.43,2666.12,-0.00112544,-0.0283995,-15.8481,4766.97,-347.752,-1239.39,-0.00302181,0.0112506,-15.8264,4789.43,-349.745,1234.93,-0.00302063,-0.0111504,-15.8271
0.059,24.9344,-0.000855127,4.97223,-0.000211215,-0.485466,-0.00510049,-0.000101452,7.44845e-05,0.00216739,2588.01,1,0.0114905,0,0,-0.0253845,0.0253746,-0.0116322,0.0116316,-0.0594267,-0.0594035,-0.0645461,-0.0645321,4615.71,-109.936,-2369.51,-0.000509153,0.0242734,-15.842,4642.86,-109.66,2370.46,-0.000499084,-0.0241263,-15.84,4746.75,-319.578,-1225.57,-0.00278591,0.0111929,-15.8134,4780.65,-321.372,1224.21,-0.00277873,-0.0110995,-15.8146
0.069,24.9841,-0.000854963,4.96844,-0.000185499,-0.322675,0.00826471,-0.00011987,0.00012619,0.00224681,2585.97,1,0.013136,0,0,-0.0253002,0.0252712,-0.0116365,0.0116342,-0.0593791,-0.0593125,-0.0646497,-0.0645888,4619.67,-54.262,-2508.2,9.88108e-05,0.0261566,-15.8229,4657.56,-54.9582,2510.49,9.41328e-05,-0.0259428,-15.821,4726.92,-327.494,-1204.17,-0.00286118,0.0110043,-15.8012,4771.49,-329.585,1206.29,-0.00285097,-0.0109236,-15.8029
0.079,25.0338,-0.000854407,4.96375,-0.000127987,-0.489759,0.000805431,-0.000132566,0.000179186,0.00232986,2583.98,1,0.0150275,0,0,-0.0252989,0.025244,-0.0116408,0.0116366,-0.059326,-0.0592101,-0.0647704,-0.0646553,4622.89,-204.385,-2437.8,-0.00147045,0.0251463,-15.8044,4670.19,-202.547,2444.01,-0.00143294,-0.0249407,-15.8024,4709.96,-291.185,-1195.23,-0.00254894,0.0109995,-15.7904,4763.26,-293.33,1200.41,-0.0025388,-0.0109308,-15.7925
0.089,25.0834,-0.000853641,4.96096,-5.88945e-05,-0.895589,0.0046794,-0.000153571,0.000231347,0.0024152,2582.07,1,0.0160115,0,0,-0.0252237,0.0251453,-0.0116432,0.0116368,-0.0592564,-0.0590878,-0.0649064,-0.0647321,4621.76,81.7055,-2446.33,0.00148595,0.0252453,-15.7923,4677.21,81.1894,2452.31,0.00146395,-0.0249849,-15.7904,4697.02,-294.991,-1184.98,-0.00258606,0.0109168,-15.7772,4756.87,-297.078,1191.4,-0.00257244,-0.0108472,-15.7795
0.099,25.1329,-0.000852747,4.95645,2.92556e-05,-0.197337,0.00777975,-0.000164806,0.000280838,0.00249928,2580.48,1,0.0181893,0,0,-0.0251733,0.0250684,-0.0116503,0.011642,-0.0591989,-0.0589758,-0.0650545,-0.0648183,4621.83,-135.948,-2404.73,-0.000774611,0.0247119,-15.7893,4683.55,-137.352,2411.61,-0.000776779,-0.0244353,-15.7878,4688.76,-246.799,-1179.15,-0.00215776,0.0109361,-15.7694,4752.75,-247.368,1186.04,-0.0021348,-0.0108639,-15.7719
0.109,25.1825,-0.000851881,4.95294,0.000114114,-0.379603,0.018187,-0.000172999,0.000326015,0.0025814,2579.09,1,0.0195717,0,0,-0.0251347,0.0250044,-0.0116555,0.0116453,-0.0591365,-0.0588598,-0.0652102,-0.0649122,4620.55,-124.07,-2301.19,-0.000673928,0.0233337,-15.7722,4686.78,-127.413,2305.06,-0.000697739,-0.0230173,-15.7708,4684.75,-245.692,-1159.27,-0.00214636,0.0107398,-15.7589,4750.64,-246.047,1165.6,-0.00212138,-0.0106605,-15.7615
0.119,25.232,-0.000851167,4.94991,0.000187377,0.298262,-0.00438499,-0.000175931,0.000365535,0.00266025,2577.53,1,0.0210918,0,0,-0.0251108,0.0249542,-0.0116604,0.0116484,-0.0590714,-0.0587446,-0.0653687,-0.0650112,4620.89,-15.4652,-2630.56,0.000541229,0.0279005,-15.7677,4690.1,-17.1505,2643.97,0.000515293,-0.0276075,-15.7668,4684.71,-241.642,-1164.33,-0.0021093,0.0107973,-15.7499,4750.36,-243.046,1170.18,-0.00209474,-0.0107116,-15.7524
0.129,25.2814,-0.000850798,4.94571,0.000252651,-0.567629,0.000601742,-0.000187259,0.000398465,0.00273442,2576.54,1,0.0224897,0,0,-0.0251027,0.0249222,-0.0116636,0.0116499,-0.0590151,-0.0586431,-0.0655257,-0.0651136,4620.84,-164.759,-2389.7,-0.00107175,0.02451,-15.7576,4691.48,-168.485,2395.6,-0.00109439,-0.0241712,-15.7573,4687.63,-212.433,-1181.06,-0.00184408,0.0109971,-15.7422,4751.22,-212.67,1185.8,-0.00182367,-0.0109033,-15.7447
0.139,25.3309,-0.000850906,4.94305,0.000317459,-0.435007,0.012251,-0.000169319,0.000424241,0.0028026,2575.15,1,0.0236459,0,0,-0.0250039,0.0248082,-0.0116709,0.011656,-0.058975,-0.0585639,-0.0656768,-0.0652165,4623.86,-55.0234,-2450.89,6.77792e-05,0.0253314,-15.7411,4694.4,-54.9649,2458.3,6.41414e-05,-0.0249978,-15.7414,4692.47,-220.644,-1172.03,-0.00191565,0.0108838,-15.7337,4752.54,-221.306,1174.65,-0.00189984,-0.0107772,-15.736
0.149,25.3803,-0.00085143,4.93947,0.000359898,-0.683257,0.00233874,-0.000157565,0.000442402,0.0028661,2574.05,1,0.0250437,0,0,-0.0250917,0.0248752,-0.011675,0.0116592,-0.0589223,-0.0584802,-0.0658196,-0.0653193,4622.86,33.126,-2420.47,0.000967196,0.0249017,-15.7461,4692.31,33.5011,2427.45,0.000951531,-0.0245771,-15.7468,4698.48,-200.388,-1178.68,-0.00172973,0.0109604,-15.726,4753.89,-200.552,1180.1,-0.00171354,-0.0108514,-15.7282
0.159,25.4297,-0.000852619,4.93731,0.000387384,-0.0284221,-0.000674693,-0.000132812,0.00045316,0.00292293,2572.96,1,0.0262167,0,0,-0.0250148,0.0247901,-0.0116788,0.0116623,-0.0588836,-0.0584173,-0.0659509,-0.0654194,4625.1,-69.8203,-2457.17,-8.32478e-05,0.0254117,-15.7217,4692.09,-71.5693,2465,-0.000104418,-0.0251037,-15.723,4704.94,-197.415,-1175.99,-0.00170034,0.010921,-15.7195,4754.88,-197.693,1175.82,-0.0016875,-0.0108085,-15.7214
0.169,25.479,-0.000854426,4.93331,0.000391024,-0.642149,-0.0019627,-0.000123735,0.000456632,0.00297435,2571.98,1,0.0276489,0,0,-0.024958,0.0247247,-0.0116802,0.0116632,-0.0588465,-0.058364,-0.0660717,-0.0655183,4625.88,-94.5097,-2349.62,-0.000365006,0.0239469,-15.7158,4689.48,-97.5965,2351.47,-0.000396914,-0.0236074,-15.7176,4711.43,-175.659,-1173.61,-0.00149983,0.0109023,-15.7128,4755.4,-175.121,1171.98,-0.00148359,-0.0107891,-15.7145
0.179,25.5283,-0.000856696,4.93098,0.00040786,-0.646458,-0.00182649,-8.30029e-05,0.000453252,0.00301926,2571,1,0.0286362,0,0,-0.0250111,0.0247723,-0.0116854,0.0116684,-0.0588147,-0.0583244,-0.0661808,-0.0656149,4626.03,20.6895,-2381.8,0.000822158,0.0243612,-15.7156,4685.63,21.9832,2385.95,0.000817687,-0.024067,-15.7179,4717.83,-171.228,-1185.04,-0.00145763,0.0110094,-15.7058,4755.56,-171.259,1182.62,-0.00144879,-0.0109005,-15.7073
0.189,25.5776,-0.000859573,4.92808,0.000396952,-0.273819,-0.00100778,-5.69812e-05,0.000443724,0.0030583,2570.03,1,0.0300234,0,0,-0.0249632,0.0247245,-0.0116882,0.0116714,-0.058787,-0.0582962,-0.0662784,-0.065709,4625.82,-171.514,-2466.68,-0.00113472,0.0255331,-15.6959,4680.86,-176.052,2470.44,-0.00117298,-0.0252395,-15.6986,4723.84,-144.617,-1191.3,-0.00121192,0.0110811,-15.7003,4755.26,-144.274,1187.91,-0.00120316,-0.0109762,-15.7016
0.199,25.6269,-0.000862913,4.92598,0.000385858,-0.663791,-0.00818589,-1.89182e-05,0.000428761,0.00309105,2569.35,1,0.0307702,0,0,-0.0249977,0.0247628,-0.0116912,0.0116749,-0.0587648,-0.0582805,-0.0663653,-0.0658008,4626.46,-65.0237,-2364.09,-5.94455e-05,0.0241362,-15.6902,4676.49,-61.9917,2368.36,-3.44177e-05,-0.0239023,-15.6934,4729.47,-151.186,-1202.34,-0.00127086,0.0111768,-15.6945,4754.72,-151.448,1198.91,-0.00126874,-0.0110844,-15.6957
0.209,25.6761,-0.000866639,4.92329,0.000363017,-0.492595,-0.0101893,9.20752e-06,0.000409153,0.00311898,2568.41,1,0.0320071,0,0,-0.025027,0.0247957,-0.011693,0.0116772,-0.0587404,-0.0582691,-0.0664434,-0.0658914,4622.03,-85.5346,-2387.88,-0.000264103,0.024484,-15.6843,4666.98,-86.6509,2390.87,-0.000279318,-0.0242575,-15.6877,4734.65,-134.53,-1200.21,-0.00111661,0.0111549,-15.688,4754,-134.531,1196.11,-0.00111421,-0.0110693,-15.6891
0.219,25.7253,-0.000870848,4.92101,0.000328127,-0.101408,-0.00134218,3.07905e-05,0.000385911,0.0031407,2567.53,1,0.0331548,0,0,-0.024959,0.0247398,-0.0116946,0.0116796,-0.0587343,-0.0582805,-0.0665123,-0.0659795,4622.06,-166.682,-2572.04,-0.00107294,0.0270457,-15.6735,4661.57,-169.679,2572.8,-0.00110117,-0.0267875,-15.6774,4739.5,-114.324,-1204.7,-0.000929295,0.011202,-15.6832,4753.37,-113.935,1200.39,-0.000924997,-0.0111268,-15.684
0.229,25.7745,-0.000875263,4.91852,0.000306673,-0.364633,-0.00888346,7.04468e-05,0.000359674,0.00315688,2566.93,1,0.0341448,0,0,-0.0250232,0.0248125,-0.0116965,0.0116824,-0.0587338,-0.0583024,-0.0665735,-0.0660657,4620.75,-164.068,-2271.85,-0.00108397,0.0229423,-15.6726,4654.95,-162.753,2273.82,-0.0010683,-0.0227808,-15.6765,4743.98,-150.73,-1201.94,-0.00126341,0.0111402,-15.6782,4752.89,-151.062,1197.98,-0.00126575,-0.0110793,-15.679
0.239,25.8237,-0.000879944,4.91696,0.000264139,-0.323507,-0.00444211,8.45613e-05,0.000331445,0.00316932,2566.01,1,0.0348667,0,0,-0.0250133,0.0248162,-0.0116979,0.0116847,-0.058728,-0.058323,-0.0666281,-0.0661498,4616.33,24.3745,-2471.04,0.000897054,0.0256434,-15.6714,4645.48,25.1557,2469.07,0.000890812,-0.0254312,-15.6756,4748.33,-115.561,-1213.76,-0.000938855,0.0112739,-15.6718,4752.83,-115.264,1209.86,-0.00093678,-0.0112239,-15.6725
0.249,25.8729,-0.000884909,4.91456,0.000239537,-0.636014,-0.011967,0.000115368,0.00030203,0.00317499,2565.41,1,0.035798,0,0,-0.0249025,0.0247243,-0.0116991,0.011687,-0.0587554,-0.0583787,-0.0666757,-0.0662303,4618.95,-81.4888,-2297.67,-0.00024553,0.0232974,-15.6545,4643.18,-81.3677,2302.59,-0.000247326,-0.0232264,-15.6588,4752.24,-108.446,-1203.85,-0.000873035,0.0111676,-15.6685,4752.91,-108.912,1200.38,-0.000878562,-0.0111304,-15.669
0.259,25.922,-0.00088978,4.91249,0.000198397,-0.219028,-0.00198384,0.000129125,0.000271978,0.00317951,2564.63,1,0.0369182,0,0,-0.0250829,0.0249123,-0.0117001,0.0116891,-0.0587466,-0.0584017,-0.0667194,-0.0663096,4609.92,-48.7104,-2421.18,0.000122584,0.0250091,-15.6604,4629.96,-51.0193,2418.61,9.18444e-05,-0.024851,-15.6641,4756.05,-82.7329,-1216.94,-0.000634355,0.0113039,-15.6628,4753.51,-82.2635,1213.95,-0.000631557,-0.0112794,-15.6634
0.269,25.9711,-0.000894914,4.9112,0.000152876,-0.0292029,-0.00627071,0.00013536,0.000242304,0.00317813,2563.98,1,0.0376059,0,0,-0.0249578,0.0248101,-0.0117008,0.0116909,-0.0587739,-0.0584601,-0.0667571,-0.066384,4608.17,-145.347,-2458.89,-0.000869484,0.025541,-15.6416,4624,-143.848,2456.08,-0.000856254,-0.0254016,-15.6459,4758.8,-84.3813,-1184.34,-0.000651983,0.0109654,-15.6597,4753.69,-84.0573,1182.39,-0.000650579,-0.0109571,-15.6601
0.279,26.0202,-0.000899901,4.90861,0.000129883,-0.0594035,-0.00616856,0.000153961,0.000213229,0.00317394,2563.34,1,0.0387827,0,0,-0.0251012,0.024963,-0.0117013,0.0116925,-0.0587929,-0.0585115,-0.0667898,-0.0664543,4603.47,-257.233,-2323.91,-0.00202844,0.023701,-15.6446,4615.73,-255.054,2323.02,-0.00200474,-0.0236186,-15.6482,4762.62,-33.4299,-1250.51,-0.000172923,0.011643,-15.6554,4755.52,-33.3756,1248.07,-0.000173571,-0.0116349,-15.6558
0.289,26.0693,-0.000904929,4.90756,8.4461e-05,-0.33442,-0.00827744,0.000147502,0.000185459,0.00316711,2562.61,1,0.0391845,0,0,-0.0250074,0.0248879,-0.0117034,0.0116956,-0.05882,-0.0585703,-0.0668205,-0.066522,4598,-87.4801,-2357.22,-0.000292772,0.0242133,-15.6326,4607.16,-87.0337,2352.81,-0.000292557,-0.0240993,-15.6364,4765.31,-66.7692,-1226.71,-0.000485089,0.0113875,-15.6504,4756.75,-66.6262,1225.05,-0.000485197,-0.0113903,-15.6508
0.299,26.1184,-0.00090993,4.90527,6.6863e-05,-0.422827,0.00339412,0.000157197,0.000159324,0.00315702,2562.2,1,0.0401939,0,0,-0.0249696,0.0248664,-0.0117024,0.0116956,-0.0588607,-0.0586412,-0.0668472,-0.0665849,4598.22,-162.071,-2414.3,-0.00105094,0.0249846,-15.6289,4604.5,-158.541,2411.11,-0.00101684,-0.0249022,-15.6324,4767.92,-35.9545,-1238.76,-0.000198,0.0115102,-15.6482,4758.42,-35.8318,1237.72,-0.000197661,-0.0115219,-15.6485
0.309,26.1674,-0.000914758,4.9039,3.90729e-05,-0.616351,0.00300375,0.000155176,0.000135017,0.00314576,2561.6,1,0.0407994,0,0,-0.0250209,0.0249289,-0.011702,0.0116962,-0.0588929,-0.058703,-0.0668713,-0.0666436,4592.33,-19.2996,-2356.91,0.000407302,0.0242357,-15.6349,4596.44,-18.6491,2352.25,0.000409115,-0.0241482,-15.638,4770.16,-42.5004,-1229.21,-0.00025969,0.0114069,-15.6433,4760.17,-42.3125,1228.78,-0.000258706,-0.0114256,-15.6436
0.319,26.2164,-0.000919557,4.90236,9.29336e-06,-0.454875,-0.00719156,0.000140128,0.000112876,0.00313321,2561.01,1,0.0416167,0,0,-0.0250271,0.0249519,-0.011702,0.0116971,-0.0589236,-0.0587608,-0.0668928,-0.0666975,4587.28,-105.108,-2405.31,-0.000465099,0.024934,-15.6275,4589.46,-104.427,2401.76,-0.000461091,-0.0248716,-15.6306,4771.99,-32.6686,-1233.05,-0.000168353,0.0114429,-15.6402,4761.88,-32.4368,1233.03,-0.000166616,-0.0114662,-15.6405
0.329,26.2655,-0.000924204,4.90104,-4.65591e-06,-0.912785,0.00511912,0.000142859,9.29333e-05,0.00311764,2560.48,1,0.0421022,0,0,-0.0249401,0.0248749,-0.011702,0.0116979,-0.0589802,-0.0588422,-0.0669109,-0.0667457,4586.38,-66.8771,-2197.41,-0.000122138,0.0221672,-15.6105,4586.95,-64.2375,2192.08,-9.8698e-05,-0.0220953,-15.6132,4773.56,-31.4172,-1262.25,-0.000153503,0.0117375,-15.6377,4763.65,-31.2789,1262.55,-0.000152467,-0.0117642,-15.6379
0.339,26.3145,-0.000928643,4.89961,-1.41516e-05,0.509459,-0.00113712,0.000136699,7.52454e-05,0.00310383,2560.09,1,0.0434053,0,0,-0.0252122,0.0251564,-0.011704,0.0117005,-0.0590008,-0.0588862,-0.0669291,-0.0667914,4576.26,-378.908,-2366.23,-0.00328156,0.0243723,-15.6143,4575.84,-380.968,2363.78,-0.003304,-0.0243396,-15.6165,4774.9,11.4069,-1229.88,0.00023982,0.0114024,-15.6339,4765.45,11.7269,1230.52,0.000243439,-0.0114307,-15.6342
0.349,26.3635,-0.000933061,4.89942,-3.46202e-05,-0.162056,-0.00453338,0.000125306,5.97562e-05,0.00308795,2559.41,1,0.0433217,0,0,-0.0250053,0.024961,-0.0117056,0.0117028,-0.059053,-0.0589591,-0.0669443,-0.0668314,4574.4,-67.3883,-2485.79,-4.99431e-05,0.0261402,-15.6025,4573.1,-66.9361,2482.74,-4.74636e-05,-0.0261056,-15.6047,4776.06,-37.9758,-1236.64,-0.000217376,0.0114696,-15.6306,4767.28,-38.0395,1238.09,-0.000218057,-0.0115047,-15.6308
0.359,26.4125,-0.00093729,4.89699,-4.32518e-05,-0.669001,0.00502639,0.000110232,4.64871e-05,0.003071,2559.3,1,0.0442642,0,0,-0.0250875,0.0250496,-0.0117067,0.0117045,-0.0591135,-0.0590377,-0.0669581,-0.0668671,4577.22,-94.8418,-2261.55,-0.000391456,0.0230559,-15.6078,4575.38,-91.8375,2256.65,-0.000363077,-0.0230014,-15.6097,4777.37,-3.41517,-1243.49,0.000104521,0.011537,-15.6295,4769.39,-3.08364,1244.83,0.000108139,-0.0115693,-15.6298
0.369,26.4614,-0.000941438,4.89632,-4.64068e-05,-0.198669,-0.00289438,0.000102325,3.51816e-05,0.00305795,2558.34,1,0.0448762,0,0,-0.0252325,0.0252026,-0.0117068,0.0117051,-0.0591278,-0.059068,-0.0669721,-0.0669002,4565.28,7.01546,-2481.13,0.000733946,0.0261229,-15.6112,4563.14,8.04022,2478.9,0.00074341,-0.0261051,-15.6129,4778.31,-8.99646,-1246.64,5.25634e-05,0.0115672,-15.6241,4771.18,-8.91949,1248.2,5.37588e-05,-0.0115999,-15.6243
0.379,26.5104,-0.000945447,4.89534,-4.8676e-05,-0.249195,0.00370933,9.29466e-05,2.57385e-05,0.00304164,2558.32,1,0.0454037,0,0,-0.0251494,0.0251252,-0.0117073,0.011706,-0.0591894,-0.0591432,-0.0669837,-0.0669282,4567.94,-247.702,-2356.41,-0.00194141,0.0243548,-15.5932,4565.59,-247.709,2353.12,-0.00194325,-0.0243239,-15.5946,4779.3,10.8202,-1251.13,0.000237036,0.0116088,-15.6241,4773.04,10.9897,1252.84,0.000239369,-0.011641,-15.6243
0.389,26.5594,-0.00094937,4.89419,-5.15585e-05,-0.505542,0.00201268,7.73019e-05,1.79883e-05,0.00302734,2557.71,1,0.0459258,0,0,-0.0251598,0.0251412,-0.0117095,0.0117086,-0.0592347,-0.0591999,-0.0669945,-0.0669529,4567.56,-54.6163,-2272.41,2.60625e-05,0.0232523,-15.5974,4565.13,-53.7736,2269.83,3.35723e-05,-0.0232318,-15.5985,4780.13,1.29016,-1248.95,0.000148139,0.0115858,-15.6204,4774.74,1.41564,1250.71,0.000149915,-0.0116165,-15.6205
0.399,26.6083,-0.00095321,4.8934,-4.82649e-05,0.0372533,0.00212443,6.89151e-05,1.16819e-05,0.00301393,2557.32,1,0.0466226,0,0,-0.0252554,0.0252418,-0.0117075,0.0117067,-0.059273,-0.0592478,-0.0670045,-0.0669745,4565.65,-83.1816,-2439.66,-0.000224921,0.0255481,-15.5957,4563.27,-82.1441,2437.87,-0.000214965,-0.0255382,-15.5967,4781.09,22.6062,-1253.86,0.000346567,0.0116303,-15.6185,4776.52,22.7149,1255.57,0.000348359,-0.0116585,-15.6186
0.409,26.6572,-0.00095697,4.89266,-4.67025e-05,-0.16746,0.00156757,5.9531e-05,6.59626e-06,0.00300108,2556.99,1,0.0469918,0,0,-0.0252711,0.0252617,-0.0117079,0.0117074,-0.0593106,-0.0592934,-0.0670126,-0.0669923,4564.36,-104.454,-2435.33,-0.000447323,0.0254959,-15.5883,4562.08,-103.905,2433.66,-0.000442395,-0.0254872,-15.589,4781.89,15.4442,-1254.29,0.000280057,0.0116342,-15.6163,4778.08,15.4964,1256.03,0.000281195,-0.011661,-15.6164
0.419,26.7061,-0.000960669,4.89169,-4.68965e-05,-0.320614,-0.0087962,4.6758e-05,2.5531e-06,0.0029893,2556.63,1,0.0474854,0,0,-0.0252757,0.0252698,-0.0117091,0.0117088,-0.059344,-0.0593333,-0.06702,-0.0670075,4562.11,18.8838,-2319.3,0.000798783,0.0238973,-15.5906,4559.97,19.7891,2320.09,0.000808743,-0.0239204,-15.5912,4782.41,9.29968,-1227.48,0.000219082,0.0113611,-15.6141,4779.27,9.19253,1229.35,0.00021863,-0.0113874,-15.6142
0.429,26.7551,-0.000964241,4.89139,-1.13141e-05,0.105226,0.0283945,6.04994e-05,-6.39117e-07,0.00297789,2556.24,1,0.0479386,0,0,-0.0252822,0.0252793,-0.0117079,0.0117077,-0.0593796,-0.0593743,-0.0670257,-0.0670194,4563.55,-63.6392,-2404.05,-2.45571e-05,0.0250639,-15.5841,4561.56,-64.3319,2403.26,-3.20894e-05,-0.0250654,-15.5845,4783.49,29.327,-1275.98,0.000411777,0.0118491,-15.6131,4780.89,29.5403,1277.65,0.00041436,-0.0118724,-15.6131
0.439,26.804,-0.000967884,4.88981,-3.8095e-05,0.0353823,0.0022249,2.90693e-05,-3.23602e-06,0.00296843,2555.86,1,0.0487269,0,0,-0.0253603,0.0253591,-0.0117083,0.0117083,-0.0594011,-0.0593999,-0.0670309,-0.0670297,4560.99,-145.583,-2568.09,-0.000857128,0.0274187,-15.5821,4559.09,-146.636,2565.89,-0.000869109,-0.0273998,-15.5824,4784.42,43.325,-1245.45,0.000536653,0.011531,-15.6107,4782.25,43.3895,1246.92,0.000537808,-0.0115511,-15.6108
0.449,26.8529,-0.000971436,4.88984,-3.03544e-05,0.26453,-0.00115144,2.83139e-05,-5.37372e-06,0.00295877,2555.76,1,0.04897,0,0,-0.0253382,0.0253393,-0.011708,0.0117081,-0.059432,-0.0594342,-0.0670344,-0.0670369,4561.87,-130.164,-2437.09,-0.000713954,0.0255357,-15.5778,4560.03,-128.932,2436.9,-0.000701382,-0.025545,-15.5781,4785.59,38.5123,-1262.17,0.0004948,0.0117004,-15.6089,4783.64,38.5147,1263.43,0.000495281,-0.0117179,-15.609
0.459,26.9018,-0.000974958,4.88834,-1.78637e-05,-0.21574,0.0160796,2.0627e-05,-7.2508e-06,0.0029509,2555.42,1,0.0495462,0,0,-0.0253812,0.025384,-0.011708,0.0117082,-0.0594486,-0.0594537,-0.0670368,-0.0670426,4562.32,-150.734,-2601.8,-0.000904189,0.0279057,-15.5752,4560.5,-150.096,2599.15,-0.000898132,-0.0278797,-15.5754,4786.62,53.0014,-1262.41,0.00062883,0.0116955,-15.6076,4784.87,53.2629,1263.48,0.000631692,-0.0117104,-15.6076
0.469,26.9506,-0.00097847,4.8881,-1.04125e-05,-0.396899,0.00977251,2.10796e-05,-8.98864e-06,0.00294262,2555.4,1,0.049747,0,0,-0.0253298,0.0253349,-0.0117071,0.0117073,-0.059476,-0.0594835,-0.0670364,-0.067045,4563.93,-120.776,-2425.01,-0.000617811,0.025354,-15.5695,4562.04,-120.321,2424.8,-0.000613339,-0.0253632,-15.5697,4787.76,52.2493,-1302.88,0.000629209,0.0121078,-15.6063,4786.08,52.3345,1303.58,0.000630342,-0.0121191,-15.6063
0.479,26.9995,-0.000981996,4.8871,-1.28065e-05,-0.0887156,0.00865717,1.31715e-05,-1.07307e-05,0.00293604,2554.89,1,0.0504462,0,0,-0.025413,0.0254185,-0.0117078,0.0117081,-0.0594852,-0.0594948,-0.067036,-0.067047,4561.94,-198.458,-2509.46,-0.00142215,0.0265529,-15.5693,4559.93,-197.763,2507.86,-0.0014156,-0.0265437,-15.5694,4788.63,65.167,-1262.24,0.000741068,0.011684,-15.605,4786.9,65.4039,1263.07,0.000743636,-0.0116964,-15.605
0.489,27.0484,-0.000985493,4.88705,-3.90667e-06,-0.357509,0.00803605,1.81354e-05,-1.25788e-05,0.00293002,2554.69,1,0.0505138,0,0,-0.0253026,0.0253098,-0.0117067,0.011707,-0.0594935,-0.0595053,-0.0670324,-0.0670457,4561.57,-81.1978,-2451.97,-0.000197161,0.0257476,-15.5619,4559.38,-81.4334,2451.59,-0.000199751,-0.0257566,-15.562,4789.69,44.4298,-1268.88,0.000550178,0.0117573,-15.6033,4787.79,44.4537,1269.65,0.000550674,-0.0117697,-15.6033
0.499,27.0973,-0.000989029,4.88656,-5.70968e-06,0.262143,0.00492715,7.44042e-06,-1.45582e-05,0.00292378,2554.6,1,0.0511363,0,0,-0.0252598,0.0252679,-0.0117068,0.0117072,-0.0595142,-0.0595279,-0.0670294,-0.067045,4564.58,-86.9888,-2432.02,-0.000268369,0.0254482,-15.5647,4562.04,-84.1727,2431.3,-0.000239161,-0.0254543,-15.5648,4790.4,17.4297,-1230.37,0.00029403,0.0113708,-15.6031,4788.26,17.3062,1230.99,0.000293013,-0.011382,-15.603
0.509,27.1461,-0.000992579,4.88559,-2.87338e-06,0.183497,0.0010353,9.22006e-06,-1.68068e-05,0.00292017,2554.14,1,0.051689,0,0,-0.025399,0.0254074,-0.0117078,0.0117082,-0.0595031,-0.0595191,-0.0670249,-0.0670428,4559.35,-131.04,-2446.73,-0.000723532,0.0256875,-15.5673,4556.5,-129.969,2447.27,-0.000712639,-0.0257137,-15.5674,4792.02,71.6615,-1270.11,0.000801973,0.0117534,-15.6007,4789.53,71.7112,1270.4,0.000802784,-0.0117623,-15.6006
0.519,27.195,-0.000996148,4.88577,-7.3378e-07,0.199992,0.00563068,1.19576e-05,-1.93203e-05,0.00291528,2554.28,1,0.0517872,0,0,-0.0252599,0.0252702,-0.0117078,0.0117083,-0.059516,-0.0595344,-0.0670178,-0.0670381,4561.68,-156.817,-2393.49,-0.0010001,0.0249265,-15.5565,4558.39,-157.1,2393.16,-0.00100384,-0.0249426,-15.5566,4793.16,71.8285,-1273.24,0.000803762,0.0117827,-15.6012,4790.24,72.0097,1273.33,0.000805828,-0.0117904,-15.6012
0.529,27.2438,-0.00099975,4.88469,-1.21665e-05,-0.843506,-0.00427497,-4.27232e-07,-2.20775e-05,0.00291113,2554.27,1,0.0519704,0,0,-0.0252455,0.0252555,-0.0117048,0.0117054,-0.059522,-0.0595428,-0.0670097,-0.0670329,4566.23,34.6119,-2414.01,0.00099861,0.0251654,-15.564,4562.4,34.3863,2413.09,0.000996942,-0.0251769,-15.564,4794.34,144.951,-1286.82,0.00147919,0.0118713,-15.5999,4790.96,145.252,1287.02,0.00148287,-0.0118813,-15.5999
0.539,27.2927,-0.00100338,4.8848,-8.47267e-06,-0.162821,-0.00971426,4.11707e-06,-2.51659e-05,0.00290818,2553.83,1,0.0523649,0,0,-0.0253403,0.0253511,-0.0117074,0.0117081,-0.0595173,-0.0595412,-0.0670001,-0.0670266,4564.86,-48.9713,-2463,0.000143339,0.0258792,-15.5561,4560.52,-48.5211,2463.84,0.000148595,-0.0259194,-15.5562,4795.38,62.4446,-1275.45,0.000717178,0.0118041,-15.5988,4791.55,62.274,1275.6,0.000716048,-0.0118149,-15.5987
0.549,27.3415,-0.0010071,4.88438,-4.3349e-06,0.150148,0.00229913,9.65432e-06,-2.85441e-05,0.00290587,2553.71,1,0.0528452,0,0,-0.0252956,0.0253088,-0.0117069,0.0117077,-0.0595066,-0.0595335,-0.0669889,-0.0670189,4562.63,-75.1268,-2452.58,-0.000136456,0.0257489,-15.5594,4557.68,-74.7547,2452.41,-0.000132599,-0.0257789,-15.5595,4796.24,76.8759,-1257.78,0.000846717,0.011615,-15.5977,4791.9,76.9226,1257.87,0.000847765,-0.0116261,-15.5976
0.559,27.3904,-0.00101083,4.88362,-1.47343e-05,-0.351154,-0.00454388,3.20151e-06,-3.22034e-05,0.00290266,2553.77,1,0.0531253,0,0,-0.0252361,0.0252494,-0.0117072,0.011708,-0.0595096,-0.0595401,-0.0669769,-0.0670109,4566.88,-124.884,-2338.75,-0.000677593,0.0241483,-15.56,4561.36,-125.221,2337.92,-0.000682021,-0.02417,-15.56,4797.45,85.5283,-1279.31,0.000930567,0.0118275,-15.598,4792.59,85.7604,1279.3,0.00093347,-0.011839,-15.5979
0.569,27.4392,-0.00101462,4.88349,-2.24775e-05,-0.548316,-0.0216289,-1.14099e-06,-3.60466e-05,0.00290062,2552.71,1,0.053269,0,0,-0.0254319,0.025449,-0.0117068,0.0117078,-0.059496,-0.0595303,-0.0669634,-0.0670016,4565.57,-32.4096,-2424.42,0.00030602,0.0253306,-15.563,4559.43,-31.6445,2427.01,0.000315544,-0.0254059,-15.5631,4798.46,80.7975,-1273.92,0.000885637,0.0117726,-15.5966,4793.08,80.5821,1273.86,0.000884466,-0.0117848,-15.5964
0.579,27.4881,-0.00101842,4.88382,-1.16469e-05,0.319446,-0.00196073,1.47834e-05,-4.01293e-05,0.00289827,2553.48,1,0.0536532,0,0,-0.0252598,0.0252761,-0.011706,0.0117071,-0.059494,-0.0595325,-0.0669486,-0.0669914,4568.07,-190.69,-2531.83,-0.00133574,0.0268346,-15.5465,4561.31,-190.468,2532.12,-0.00133542,-0.0268856,-15.5464,4799.59,84.6505,-1278.72,0.000922123,0.0118169,-15.5968,4793.71,84.5872,1278.77,0.000922514,-0.0118315,-15.5966
0.589,27.5369,-0.00102221,4.88287,-1.02036e-05,-0.676376,0.00847908,1.66186e-05,-4.42975e-05,0.00289462,2552.93,1,0.0538194,0,0,-0.0251381,0.0251541,-0.011709,0.0117102,-0.0595029,-0.0595458,-0.0669293,-0.066977,4574.28,-55.1029,-2137.79,-1.38474e-05,0.021465,-15.5524,4566.92,-55.5555,2136.62,-1.86021e-05,-0.0214878,-15.5524,4800.33,71.6554,-1274.55,0.000801174,0.0117791,-15.5963,4793.97,72.0143,1274.4,0.000805366,-0.0117925,-15.5961
0.599,27.5857,-0.00102611,4.88221,-2.41958e-05,-0.0629278,-0.00105395,2.60711e-06,-4.8505e-05,0.0028927,2553.29,1,0.0545103,0,0,-0.0253639,0.0253853,-0.0117066,0.0117079,-0.059486,-0.0595329,-0.0669155,-0.0669683,4574.07,-267.784,-2445.27,-0.00214526,0.02554,-15.5548,4566.01,-268.045,2443.75,-0.00215206,-0.0255708,-15.5548,4801,82.7684,-1269.31,0.000901988,0.0117184,-15.596,4794.23,83.2812,1269.13,0.000907816,-0.0117323,-15.5958
0.609,27.6345,-0.0010301,4.88317,-2.25661e-05,0.0205523,-0.000540742,1.69905e-05,-5.29004e-05,0.00289164,2553.12,1,0.0543244,0,0,-0.025385,0.0254092,-0.0117048,0.0117063,-0.0594496,-0.059501,-0.0668984,-0.0669565,4566.3,-6.23182,-2478.7,0.000601351,0.0260847,-15.5532,4557.57,-4.58661,2479.13,0.000620612,-0.0261485,-15.5532,4802.24,82.3802,-1291.77,0.00090323,0.0119453,-15.5943,4795.04,82.1486,1291.91,0.000902337,-0.0119642,-15.5941
0.619,27.6834,-0.00103398,4.88191,-3.38277e-05,0.0879634,-0.0106533,3.43709e-06,-5.72382e-05,0.00288694,2553.38,1,0.0550385,0,0,-0.0253331,0.0253599,-0.0117046,0.0117062,-0.0594593,-0.0595158,-0.0668791,-0.0669425,4573.04,-372.056,-2512.59,-0.00323669,0.0264532,-15.5426,4563.85,-376.995,2511.66,-0.00329511,-0.0264996,-15.5424,4802.89,66.1232,-1263.24,0.000747752,0.0116602,-15.5988,4795.32,65.9694,1262.8,0.000747311,-0.0116736,-15.5986
0.629,27.7322,-0.00103798,4.88275,-2.32689e-05,-0.242379,0.0101838,2.24713e-05,-6.15321e-05,0.00288507,2553.06,1,0.0547219,0,0,-0.0254021,0.0254321,-0.0117039,0.0117057,-0.0594325,-0.0594934,-0.0668605,-0.0669295,4568.82,121.116,-2561.03,0.00198728,0.0272074,-15.555,4559.01,122.774,2559.99,0.00201006,-0.0272607,-15.555,4803.83,80.4813,-1281.07,0.000882986,0.011833,-15.5938,4795.94,80.3879,1281.36,0.000883516,-0.0118549,-15.5936
0.639,27.781,-0.00104184,4.88257,-2.8277e-05,0.206109,0.0065436,1.7468e-05,-6.57222e-05,0.00287973,2553.74,1,0.0551546,0,0,-0.0253428,0.0253743,-0.0117039,0.0117058,-0.0594465,-0.0595124,-0.0668398,-0.0669141,4575.22,-151.754,-2448.03,-0.00093441,0.025601,-15.554,4565.02,-151.327,2446.49,-0.000931922,-0.0256455,-15.5538,4804.51,107.551,-1284.88,0.00113261,0.0118546,-15.5961,4796.31,107.793,1284.89,0.00113666,-0.0118742,-15.5958
0.649,27.8298,-0.0010458,4.88217,-4.43771e-05,0.240301,-0.0146867,1.14994e-05,-6.97926e-05,0.0028756,2553.21,1,0.055513,0,0,-0.0253275,0.0253621,-0.0117022,0.0117042,-0.0594427,-0.059513,-0.0668193,-0.066899,4577.28,-85.511,-2385.46,-0.000258857,0.0247235,-15.5504,4566.58,-85.3205,2386.92,-0.000256492,-0.0248096,-15.5503,4805.18,93.1503,-1272.41,0.000997504,0.0117344,-15.595,4796.76,92.9764,1272.49,0.000997581,-0.0117553,-15.5947
0.659,27.8787,-0.00104971,4.88184,-4.93469e-05,-0.0320592,-0.0174203,9.49512e-06,-7.37253e-05,0.00287075,2553.22,1,0.0557153,0,0,-0.0253496,0.0253862,-0.011702,0.0117041,-0.0594342,-0.0595091,-0.0667978,-0.0668827,4577.34,-60.3052,-2322.59,-1.51265e-05,0.0238675,-15.5544,4566.22,-61.3842,2324.03,-2.51422e-05,-0.0239525,-15.5541,4806.02,101.406,-1289.35,0.00107695,0.0119007,-15.5951,4797.4,101.361,1289.32,0.00107838,-0.0119211,-15.5948
0.669,27.9275,-0.00105361,4.88207,-3.10166e-05,-0.245136,0.0154083,2.28821e-05,-7.74726e-05,0.0028651,2553.37,1,0.0556809,0,0,-0.0253136,0.0253531,-0.0117015,0.0117038,-0.0594257,-0.0595049,-0.0667755,-0.0668655,4579.64,-5.03504,-2521.3,0.000626203,0.0266028,-15.5527,4568.06,-5.89735,2519.15,0.000619043,-0.0266509,-15.5524,4806.49,100.044,-1287.58,0.00106356,0.0118822,-15.5953,4797.7,100.202,1287.95,0.00106696,-0.011907,-15.595
0.679,27.9763,-0.00105745,4.88232,-3.70287e-05,0.204006,0.00367825,2.27591e-05,-8.10496e-05,0.00285761,2553.5,1,0.0559234,0,0,-0.0252109,0.0252516,-0.011701,0.0117035,-0.0594342,-0.0595178,-0.0667528,-0.0668477,4582.06,-94.0963,-2682.15,-0.000280036,0.0289648,-15.5452,4570.2,-95.6136,2679.68,-0.000296834,-0.0290182,-15.5449,4806.71,93.9733,-1250.35,0.000999906,0.0115056,-15.5962,4797.79,94.1527,1251.12,0.00100348,-0.011534,-15.5959
0.689,28.0251,-0.0010613,4.88133,-3.89348e-05,-0.206227,0.00463432,1.33612e-05,-8.43646e-05,0.00285067,2553.52,1,0.0563564,0,0,-0.0252987,0.0253431,-0.0117002,0.0117028,-0.0594149,-0.0595024,-0.0667303,-0.0668299,4578.92,-214.189,-2446.92,-0.00158958,0.0255492,-15.5507,4566.72,-213.117,2445.84,-0.00158238,-0.0256131,-15.5505,4807.7,111.371,-1269.91,0.00116402,0.0116915,-15.5962,4798.7,111.645,1270.1,0.0011687,-0.0117145,-15.5959
0.699,28.0739,-0.0010652,4.88197,-4.659e-05,0.13366,-0.00204954,1.77698e-05,-8.75476e-05,0.00284349,2553.33,1,0.0564123,0,0,-0.0253619,0.0254077,-0.0117,0.0117027,-0.0593872,-0.0594782,-0.0667072,-0.0668113,4569.67,20.1047,-2415.06,0.000848053,0.0251625,-15.5609,4557.07,19.6214,2415.42,0.000846915,-0.0252475,-15.5605,4808.06,104.392,-1287.88,0.00110335,0.0118788,-15.5951,4799,104.398,1288.16,0.00110551,-0.0119035,-15.5948
0.709,28.1228,-0.001069,4.88134,-4.78268e-05,-0.552799,-0.000618123,1.52674e-05,-9.05031e-05,0.00283347,2553.57,1,0.0565665,0,0,-0.0251883,0.0252351,-0.0116975,0.0117003,-0.0593938,-0.0594883,-0.0666832,-0.0667914,4570.77,-208.488,-2057.55,-0.00155699,0.0204516,-15.5394,4557.89,-207.088,2057.92,-0.00154703,-0.0205192,-15.539,4808.62,133.484,-1284.85,0.00136918,0.011826,-15.5975,4799.45,133.612,1285.21,0.00137299,-0.0118516,-15.5973
0.719,28.1716,-0.00107287,4.88137,-5.35439e-05,-0.353488,-0.00388154,7.15472e-06,-9.32551e-05,0.00282423,2553.76,1,0.0568015,0,0,-0.025267,0.0253153,-0.0116982,0.0117011,-0.0593884,-0.0594864,-0.0666596,-0.0667718,4570.8,-86.2036,-2394.21,-0.000266756,0.0248839,-15.5504,4557.69,-85.2434,2393.67,-0.000256614,-0.0249581,-15.5501,4809.07,112.124,-1290.03,0.00117452,0.0118934,-15.5967,4799.87,112.151,1290.33,0.00117705,-0.0119186,-15.5964
0.729,28.2204,-0.00107669,4.88176,-4.68079e-05,0.363405,-0.000509819,1.61226e-05,-9.58563e-05,0.00281456,2553.69,1,0.0571162,0,0,-0.0252101,0.0252599,-0.0116975,0.0117005,-0.0593887,-0.0594899,-0.0666356,-0.0667516,4569.01,-203.544,-2485.14,-0.00147702,0.0261558,-15.5499,4555.7,-202.2,2485.38,-0.00146664,-0.0262487,-15.5494,4809.6,133.175,-1310.14,0.00137222,0.0120835,-15.5971,4800.37,133.236,1310.39,0.00137544,-0.0121086,-15.5967
0.739,28.2692,-0.00108052,4.88146,-6.37861e-05,-0.174112,-0.031977,-2.12691e-06,-9.82104e-05,0.00280316,2553.89,1,0.0571773,0,0,-0.0252077,0.0252586,-0.0116967,0.0116999,-0.0594034,-0.0595074,-0.0666106,-0.06673,4572.34,-295.015,-2407.96,-0.00242781,0.0250184,-15.5389,4558.82,-295.328,2412.32,-0.00243853,-0.0251646,-15.5384,4809.48,112.508,-1252.73,0.00116934,0.0115115,-15.599,4800.22,112.058,1253.24,0.00116755,-0.0115385,-15.5987
0.749,28.318,-0.0010844,4.88196,-5.03752e-05,-0.108645,-0.000261138,1.06372e-05,-0.000100425,0.00279365,2553.99,1,0.0571808,0,0,-0.0252637,0.0253153,-0.0116965,0.0116997,-0.0593933,-0.0595,-0.0665863,-0.0667089,4568.93,-83.5582,-2488.73,-0.000214673,0.0262198,-15.5483,4555.19,-82.6903,2488.82,-0.00020495,-0.026313,-15.5478,4810.17,122.902,-1297.29,0.00127477,0.0119577,-15.5966,4800.91,122.812,1297.75,0.00127648,-0.0119849,-15.5962
0.759,28.3669,-0.00108818,4.88264,-5.01375e-05,0.808103,-0.0143864,8.60124e-06,-0.000102522,0.00278189,2553.92,1,0.057445,0,0,-0.0251375,0.0251871,-0.0116955,0.0116989,-0.0594103,-0.05952,-0.066561,-0.0666865,4573,-193.026,-2659.63,-0.0013523,0.0286846,-15.5425,4559.22,-192.845,2661.7,-0.00135364,-0.0288205,-15.5419,4810.62,129.5,-1292.05,0.00133385,0.0118981,-15.5984,4801.31,129.342,1293.05,0.00133515,-0.0119308,-15.5981
0.769,28.4157,-0.00109213,4.88117,-5.78202e-05,-0.295388,0.00521569,-3.00986e-06,-0.000104397,0.0027713,2554.07,1,0.0577981,0,0,-0.025329,0.0253838,-0.0116959,0.0116993,-0.0594048,-0.0595165,-0.0665371,-0.0666653,4569.32,-188.007,-2347.53,-0.0013284,0.0242438,-15.5524,4555.28,-189.106,2346.07,-0.0013433,-0.0243084,-15.552,4811.06,139.16,-1289.53,0.00142139,0.0118637,-15.5995,4801.7,139.579,1289.54,0.00142797,-0.011886,-15.5991
0.779,28.4645,-0.00109603,4.88261,-5.64609e-05,0.199988,-0.00432645,8.04783e-06,-0.000106291,0.00276089,2553.79,1,0.0575726,0,0,-0.0252804,0.0253341,-0.0116945,0.011698,-0.0593972,-0.0595112,-0.0665118,-0.0666428,4565.44,-94.0687,-2469.57,-0.000329448,0.0259712,-15.5464,4551.22,-93.2037,2470.33,-0.000319952,-0.0260761,-15.5458,4811.34,112.521,-1289.99,0.00117755,0.0118873,-15.5992,4801.96,112.318,1290.5,0.00117807,-0.0119151,-15.5988
0.789,28.5133,-0.00109988,4.88182,-6.06391e-05,-0.379546,-0.00146704,-1.46905e-06,-0.000108,0.00274872,2554.45,1,0.0578511,0,0,-0.0251944,0.0252472,-0.0116988,0.0117024,-0.0594119,-0.0595281,-0.0664857,-0.0666192,4567.98,-143.389,-2138.41,-0.000901439,0.0215031,-15.5504,4553.66,-143.801,2138.28,-0.000907585,-0.0215753,-15.5497,4811.63,125.084,-1275.27,0.00128913,0.0117272,-15.6007,4802.22,125.228,1275.46,0.001293,-0.0117513,-15.6003
0.799,28.5622,-0.00110383,4.88208,-6.02484e-05,0.0190205,-0.000368086,-2.54799e-06,-0.000109573,0.00273783,2554.21,1,0.0580766,0,0,-0.0253508,0.0254071,-0.0116941,0.0116977,-0.0594126,-0.0595305,-0.0664618,-0.0665975,4566.86,-152.162,-2425.49,-0.000946462,0.0253392,-15.5582,4552.32,-151.744,2424.79,-0.000944291,-0.0254227,-15.5576,4812.02,133.119,-1290.19,0.00136598,0.0118729,-15.6004,4802.57,133.248,1290.4,0.00136986,-0.0118977,-15.6
0.809,28.611,-0.00110773,4.88429,-6.117e-05,1.52955,-0.00297725,5.17849e-06,-0.000111167,0.00272573,2554.43,1,0.0579627,0,0,-0.0252861,0.0253425,-0.011687,0.0116907,-0.0594262,-0.0595461,-0.066436,-0.0665739,4567.62,-107.805,-2486.81,-0.000469046,0.0262012,-15.5489,4552.98,-107.518,2486.3,-0.000466388,-0.026292,-15.5482,4812.4,129.877,-1321.43,0.00134384,0.0121953,-15.601,4802.91,129.862,1321.58,0.00134636,-0.0122203,-15.6007
0.819,28.6598,-0.00111167,4.8821,-5.469e-05,-0.224025,0.00350993,-2.16928e-06,-0.000112571,0.00271466,2554.54,1,0.0583221,0,0,-0.0253385,0.0253962,-0.0116953,0.0116991,-0.059427,-0.0595485,-0.0664109,-0.0665507,4568.34,-57.1977,-2420.01,4.33077e-05,0.0252548,-15.563,4553.52,-57.4471,2419.82,4.22346e-05,-0.0253466,-15.5623,4812.57,137.965,-1290.67,0.00141014,0.0118727,-15.6023,4803.01,138.068,1290.86,0.00141389,-0.0118976,-15.6019
0.829,28.7086,-0.00111561,4.88292,-6.05981e-05,-0.625571,-0.00484136,-3.48155e-06,-0.000113962,0.00270275,2554.55,1,0.0579947,0,0,-0.0253637,0.0254237,-0.0116911,0.011695,-0.0594345,-0.0595576,-0.0663855,-0.0665272,4567.39,-23.4862,-2220.86,0.000333759,0.0225692,-15.556,4552.43,-23.8551,2222.44,0.000333006,-0.0226722,-15.5552,4812.84,111.581,-1292.01,0.00116892,0.011905,-15.6026,4803.23,111.647,1292.27,0.00117188,-0.0119307,-15.6022
0.839,28.7575,-0.00111953,4.88313,-5.9905e-05,0.118509,-0.00463021,-1.47432e-06,-0.000115265,0.00269127,2554.57,1,0.0583898,0,0,-0.025322,0.0253821,-0.0116902,0.0116942,-0.0594408,-0.0595656,-0.0663599,-0.0665034,4567.83,-110.275,-2453.27,-0.000502337,0.0257254,-15.5518,4552.74,-110.144,2452.8,-0.000501418,-0.0258174,-15.551,4813.08,124.436,-1291.24,0.00128648,0.0118876,-15.6037,4803.37,124.518,1292.1,0.00128989,-0.0119197,-15.6033
0.849,28.8063,-0.00112344,4.88365,-4.76984e-05,-0.273432,0.0243352,1.81572e-06,-0.00011652,0.0026788,2554.8,1,0.0581688,0,0,-0.0252898,0.0253509,-0.0116895,0.0116934,-0.0594555,-0.059582,-0.0663342,-0.0664794,4571.03,65.3514,-2507.9,0.00136534,0.0264483,-15.5587,4555.83,63.2101,2504.06,0.00134767,-0.0264969,-15.5579,4813.27,122.356,-1281.18,0.00126511,0.0117858,-15.6044,4803.54,122.669,1281.56,0.00127059,-0.0118125,-15.604
0.859,28.8551,-0.00112739,4.88321,-5.85857e-05,-0.0697768,0.000387104,-3.48695e-06,-0.000117692,0.0026676,2555.15,1,0.0586329,0,0,-0.0253786,0.0254413,-0.0116881,0.0116922,-0.0594519,-0.0595798,-0.0663084,-0.0664552,4567.69,-87.6979,-2415.35,-0.000274133,0.0251961,-15.5601,4552.42,-87.4442,2415.21,-0.00027101,-0.0252911,-15.5594,4813.55,144.6,-1292.03,0.00147071,0.011879,-15.6049,4803.77,144.674,1292.37,0.0014744,-0.0119059,-15.6045
0.869,28.904,-0.00113131,4.88322,-5.61317e-05,-0.0286553,0.0104676,-3.20256e-06,-0.000118856,0.00265585,2555.09,1,0.0588293,0,0,-0.0253957,0.0254596,-0.0116884,0.0116925,-0.0594536,-0.0595827,-0.0662833,-0.0664317,4566.13,-276.074,-2451.32,-0.00223521,0.0256736,-15.55,4550.72,-273.824,2449.38,-0.00221883,-0.0257478,-15.5493,4813.62,142.548,-1291.26,0.00145118,0.0118726,-15.6066,4803.81,142.721,1291.58,0.00145574,-0.0118993,-15.6062
0.879,28.9528,-0.00113523,4.8843,-6.93263e-05,0.0886356,-0.0115805,-1.29494e-06,-0.000120042,0.00264324,2555.26,1,0.0585985,0,0,-0.025334,0.0253981,-0.0116878,0.011692,-0.0594666,-0.0595974,-0.066257,-0.0664074,4566.81,-179.964,-2354.15,-0.00124135,0.0243508,-15.5488,4551.31,-179.253,2354.68,-0.00123724,-0.0244525,-15.548,4813.96,127.262,-1292.99,0.00131233,0.0119013,-15.6064,4804.11,127.505,1293.6,0.00131736,-0.0119311,-15.606
0.889,29.0017,-0.00113912,4.88414,-5.99289e-05,-0.136152,0.00466386,-3.17781e-06,-0.00012109,0.00263094,2555.35,1,0.0587488,0,0,-0.0253034,0.0253682,-0.0116868,0.0116911,-0.059476,-0.0596079,-0.0662314,-0.066383,4568.12,-45.3764,-2456.93,0.000178677,0.0257717,-15.5581,4552.53,-47.6395,2454.5,0.000156477,-0.0258397,-15.5572,4813.64,125.311,-1306.9,0.00129659,0.0120462,-15.6074,4803.79,125.55,1307.29,0.00130149,-0.012074,-15.607
0.899,29.0505,-0.00114306,4.88401,-5.62895e-05,-0.146293,0.00239285,-3.14284e-06,-0.000122119,0.00261973,2555.47,1,0.0589783,0,0,-0.0253776,0.0254438,-0.0116861,0.0116904,-0.0594675,-0.0596003,-0.0662065,-0.0663593,4563.8,-52.9906,-2426.36,8.99485e-05,0.0253718,-15.5646,4548.02,-51.8463,2426.41,0.000103998,-0.0254737,-15.5639,4814.51,139.506,-1291.17,0.00142382,0.011872,-15.6081,4804.57,139.502,1291.36,0.00142672,-0.0118978,-15.6076
0.909,29.0993,-0.0011469,4.88634,-6.44948e-05,1.43221,-0.012188,2.60343e-06,-0.000123178,0.00260645,2555.56,1,0.0588098,0,0,-0.0251668,0.0252308,-0.0116867,0.011691,-0.059493,-0.0596274,-0.0661802,-0.0663343,4567.73,40.2138,-2783.78,0.00122437,0.030632,-15.5555,4551.94,38.1838,2781.86,0.00120829,-0.0307336,-15.5546,4813.07,129.672,-1242.42,0.00132011,0.0113858,-15.6102,4803.03,129.268,1243,0.00131927,-0.011415,-15.6098
0.919,29.1482,-0.00115084,4.88392,-5.92215e-05,0.333488,0.00375159,-1.00937e-05,-0.000124105,0.00259464,2555.9,1,0.0595747,0,0,-0.0253158,0.0253842,-0.0116844,0.0116888,-0.0594942,-0.0596296,-0.0661554,-0.0663107,4566.94,-260.912,-2295.77,-0.00207725,0.023535,-15.5639,4551.05,-260.075,2295.19,-0.00207527,-0.0236203,-15.5633,4815.16,171.338,-1294.08,0.00171389,0.0118728,-15.6111,4805.07,171.714,1294.11,0.00172082,-0.011897,-15.6107
0.929,29.197,-0.00115482,4.88487,-5.281e-05,0.154631,0.0058361,2.46572e-07,-0.00012513,0.0025845,2555.66,1,0.0592872,0,0,-0.0253606,0.0254275,-0.011684,0.0116885,-0.0594733,-0.0596095,-0.0661302,-0.0662869,4558.88,-155.216,-2421.57,-0.000980455,0.0253351,-15.5574,4542.75,-153.405,2421.84,-0.000963791,-0.0254428,-15.5565,4815.3,138.783,-1291.79,0.00141691,0.011877,-15.6101,4805.15,138.85,1291.86,0.00142049,-0.0119021,-15.6097
0.939,29.2459,-0.0011587,4.88508,-5.25236e-05,-0.264012,0.00604484,-1.53294e-06,-0.000126114,0.00257138,2556.22,1,0.0591804,0,0,-0.0251867,0.0252519,-0.0116819,0.0116864,-0.0594946,-0.059632,-0.0661027,-0.0662607,4563.49,-207.844,-2472.48,-0.00152583,0.0260115,-15.5494,4547.33,-208.829,2471.73,-0.00154085,-0.0261081,-15.5485,4814.97,168.284,-1266.45,0.00167706,0.011593,-15.6128,4804.77,168.49,1266.29,0.00168246,-0.011615,-15.6124
0.949,29.2948,-0.00116273,4.88498,-7.90418e-05,-0.388585,-0.0123783,-2.01931e-05,-0.000127081,0.00256053,2556.14,1,0.0593646,0,0,-0.0253188,0.0253856,-0.0116829,0.0116875,-0.0594952,-0.0596341,-0.0660783,-0.0662378,4563.09,-115.924,-2338.43,-0.000587393,0.0241671,-15.5645,4546.73,-115.696,2337.21,-0.000586101,-0.0242491,-15.5637,4815.41,166.719,-1298.08,0.00167239,0.0119175,-15.6127,4805.14,167.007,1298.23,0.00167857,-0.0119436,-15.6123
0.959,29.3436,-0.00116671,4.88587,-5.91946e-05,-0.10395,0.00126948,-2.36493e-06,-0.000128032,0.00255096,2556.24,1,0.0592916,0,0,-0.0253448,0.0254118,-0.011682,0.0116866,-0.0594821,-0.0596217,-0.0660533,-0.0662139,4556.98,-22.6392,-2421.34,0.000407301,0.0253408,-15.5637,4540.56,-21.6228,2421.24,0.000421327,-0.0254447,-15.5629,4815.73,138.954,-1292.72,0.00141854,0.0118854,-15.6127,4805.43,138.879,1293.01,0.00142091,-0.0119132,-15.6122
0.969,29.3925,-0.00117066,4.88671,-7.72567e-05,-0.114847,-0.00735724,-1.71795e-05,-0.000129007,0.00253871,2556.58,1,0.059106,0,0,-0.0251845,0.0252501,-0.0116818,0.0116866,-0.0595107,-0.0596513,-0.0660266,-0.0661887,4565.58,-9.25888,-2425.15,0.00054477,0.0253366,-15.5612,4549.03,-9.82035,2422.4,0.000541844,-0.0254041,-15.5602,4815.85,128.033,-1291.57,0.00131858,0.0118817,-15.6152,4805.57,128.561,1292.1,0.00132629,-0.0119114,-15.6148
0.979,29.4413,-0.00117474,4.88593,-6.19707e-05,0.199331,0.000882756,-9.50332e-06,-0.000129844,0.00253049,2556.59,1,0.0597495,0,0,-0.0254363,0.0255052,-0.0116806,0.0116853,-0.0594913,-0.0596326,-0.0660027,-0.0661656,4558.48,-62.6307,-2427.41,-1.05493e-05,0.0254214,-15.575,4541.73,-60.9214,2427.62,9.18937e-06,-0.0255323,-15.5742,4815.92,156.894,-1292.97,0.00158187,0.0118726,-15.615,4805.5,156.898,1293.03,0.00158528,-0.0118983,-15.6145
0.989,29.4902,-0.0011787,4.88757,-6.71593e-05,-0.404106,-0.00710831,-1.12559e-05,-0.000130815,0.00251954,2556.84,1,0.0589833,0,0,-0.0252658,0.0253321,-0.0116825,0.0116873,-0.0595121,-0.0596548,-0.0659763,-0.0661403,4565.1,43.8933,-2406.45,0.00109653,0.0250644,-15.5554,4548.35,40.9745,2406.07,0.00107208,-0.0251659,-15.5544,4816.13,113.129,-1290.7,0.00118181,0.0118827,-15.6173,4805.59,112.522,1290.98,0.00117885,-0.0119112,-15.6168
0.999,29.5391,-0.00118282,4.88645,-6.72052e-05,0.299698,0.00180183,-1.44266e-05,-0.00013158,0.00251077,2558.53,1,0.0599278,0,0,-0.0254099,0.0254803,-0.011678,0.0116828,-0.0595109,-0.0596541,-0.065952,-0.0661171,4563.72,-155.672,-2365.59,-0.000991597,0.0245302,-15.568,4546.77,-155.761,2364.89,-0.00099509,-0.0246248,-15.5671,4816.36,179.852,-1295.06,0.00179086,0.0118719,-15.6179,4805.75,180.072,1295.43,0.0017968,-0.0119009,-15.6174
1.009,29.5879,-0.00118686,4.88746,-6.13888e-05,-0.0723539,0.00018889,-3.77591e-06,-0.000132506,0.00250229,2557.1,1,0.0595165,0,0,-0.0253412,0.0254077,-0.0116796,0.0116845,-0.0595079,-0.0596525,-0.0659272,-0.0660934,4563.23,-83.278,-2478.73,-0.000211401,0.0261155,-15.5633,4546.27,-82.6619,2478.66,-0.000204004,-0.0262278,-15.5623,4816.23,131.823,-1266.9,0.00134699,0.0116259,-15.6181,4805.58,131.854,1267.36,0.00135033,-0.0116556,-15.6177
1.019,29.6368,-0.00119097,4.88732,-6.92891e-05,-0.268758,0.000598148,-1.62383e-05,-0.000133257,0.00249248,2557.68,1,0.0596764,0,0,-0.0254082,0.0254798,-0.0116778,0.0116827,-0.0595201,-0.0596656,-0.0659021,-0.0660694,4567.09,-155.263,-2396.11,-0.000980676,0.0249296,-15.5715,4550.04,-155.415,2394.93,-0.000984911,-0.0250201,-15.5708,4816.62,152.713,-1293.65,0.00154391,0.0118815,-15.6208,4805.95,152.872,1293.48,0.00154873,-0.0119053,-15.6203
1.029,29.6857,-0.00119505,4.88809,-6.3617e-05,0.243421,-0.00127482,-4.18252e-06,-0.00013407,0.00248464,2557.3,1,0.0597388,0,0,-0.0253687,0.0254379,-0.0116768,0.0116818,-0.059512,-0.0596583,-0.0658777,-0.0660461,4564.77,-92.2991,-2470.57,-0.000308892,0.0259898,-15.5657,4547.62,-91.6477,2471.31,-0.000301339,-0.0261141,-15.5647,4816.76,141.13,-1291.56,0.00143777,0.0118694,-15.6202,4806.05,140.99,1291.76,0.0014397,-0.0118972,-15.6197
1.039,29.7346,-0.0011991,4.88776,-6.39638e-05,-0.245683,0.0043892,-1.19663e-05,-0.000134741,0.00247543,2557.9,1,0.0598426,0,0,-0.0253979,0.0254692,-0.0116772,0.0116823,-0.0595164,-0.0596637,-0.0658527,-0.066022,4567.62,-177.999,-2444.52,-0.0012112,0.0255968,-15.5696,4550.46,-177.4,2443.96,-0.00120846,-0.0257006,-15.5688,4816.83,165.051,-1288.29,0.00165442,0.0118151,-15.6233,4806.1,165.276,1288.33,0.00166014,-0.011841,-15.6228
1.049,29.7835,-0.0012032,4.88875,-6.35175e-05,0.119578,0.00570325,-5.29879e-06,-0.000135433,0.00246709,2557.68,1,0.0597549,0,0,-0.0253707,0.0254421,-0.0116753,0.0116804,-0.0595149,-0.0596629,-0.0658283,-0.0659987,4566.51,-73.2938,-2503.07,-9.99303e-05,0.02644,-15.5704,4549.25,-72.1927,2501.87,-8.7109e-05,-0.0265399,-15.5695,4817.01,139.914,-1289.73,0.00142617,0.011851,-15.6223,4806.27,139.963,1289.92,0.00142982,-0.0118786,-15.6218
1.059,29.8324,-0.0012072,4.88909,-8.01464e-05,-0.383067,-0.0245465,-2.23375e-05,-0.00013605,0.00245714,2558.19,1,0.0595592,0,0,-0.0253135,0.0253846,-0.0116745,0.0116797,-0.0595284,-0.0596774,-0.0658033,-0.0659745,4571.45,-81.359,-2468.51,-0.000193598,0.0259163,-15.5669,4554.24,-85.2324,2470.71,-0.000232908,-0.0260613,-15.5659,4816.94,127.337,-1289.65,0.00131099,0.01186,-15.6249,4806.18,127.572,1289.77,0.00131609,-0.0118868,-15.6245
1.069,29.8812,-0.00121133,4.88903,-7.56273e-05,0.418137,-0.0178335,-1.51101e-05,-0.000136591,0.00245003,2558.02,1,0.0601204,0,0,-0.0254353,0.0255101,-0.0116738,0.011679,-0.0595042,-0.0596535,-0.0657799,-0.065952,4563.01,-146.365,-2391.7,-0.00089151,0.0248952,-15.5774,4545.61,-144.391,2394.6,-0.000872514,-0.0250448,-15.5766,4817.31,157.023,-1303.85,0.0015856,0.0119808,-15.6244,4806.6,156.809,1303.72,0.00158713,-0.0120056,-15.6239
1.079,29.9301,-0.0012153,4.89007,-5.78956e-05,-0.297475,0.0110869,2.06807e-06,-0.000137192,0.00244046,2558.53,1,0.059535,0,0,-0.025269,0.0253412,-0.0116721,0.0116773,-0.0595132,-0.0596637,-0.0657543,-0.0659273,4567.69,18.7979,-2649.22,0.000936237,0.0285613,-15.5721,4550.32,16.3855,2646.49,0.000915323,-0.0286517,-15.5709,4817.38,135.584,-1331.16,0.00139682,0.012279,-15.6262,4806.67,135.773,1331.52,0.00140174,-0.0123092,-15.6257
1.089,29.979,-0.00121938,4.88824,-6.99231e-05,-1.22998,0.0022411,-1.77019e-05,-0.000137623,0.00243081,2558.73,1,0.0600978,0,0,-0.0253271,0.0254013,-0.0116724,0.0116777,-0.0595199,-0.0596708,-0.0657308,-0.0659045,4569.15,-47.9591,-2429.13,0.00013901,0.0253756,-15.5781,4551.73,-51.9892,2426.06,9.82729e-05,-0.0254448,-15.5773,4817.4,155.48,-1291.34,0.00156831,0.0118536,-15.6283,4806.69,155.891,1291.27,0.00157551,-0.0118781,-15.6278
1.099,30.0279,-0.00122351,4.89046,-6.5921e-05,0.839343,-0.0024232,-5.59818e-06,-0.000138122,0.00242419,2558.49,1,0.0602088,0,0,-0.0253998,0.0254749,-0.0116713,0.0116766,-0.059492,-0.0596433,-0.0657079,-0.0658822,4558.9,-194.729,-2448.81,-0.00138948,0.0257103,-15.5735,4541.39,-188.81,2450.05,-0.00133144,-0.0258442,-15.5727,4817.52,156.103,-1289.93,0.00157342,0.0118383,-15.6272,4806.79,155.896,1290.09,0.00157506,-0.0118658,-15.6267
1.109,30.0768,-0.00122755,4.8895,-6.63385e-05,-0.250602,0.00651782,-1.19823e-05,-0.000138556,0.00241369,2558.95,1,0.060294,0,0,-0.0253215,0.0253968,-0.0116708,0.0116762,-0.059513,-0.0596648,-0.0656834,-0.0658583,4567.42,-257.292,-2733.34,-0.00204457,0.0298412,-15.568,4549.89,-259.074,2728.97,-0.00207135,-0.0299138,-15.567,4817.66,172.741,-1264.16,0.00171733,0.011559,-15.6314,4806.89,172.893,1264.48,0.00172257,-0.0115873,-15.6309
1.119,30.1258,-0.00123165,4.89092,-6.32621e-05,0.430555,0.00204769,-5.24579e-06,-0.00013901,0.00240619,2558.96,1,0.0601825,0,0,-0.0253195,0.0253945,-0.0116696,0.011675,-0.0595024,-0.0596547,-0.0656601,-0.0658359,4562.61,-197.301,-2440.07,-0.00141645,0.0255624,-15.571,4544.99,-192.17,2440.86,-0.001367,-0.0256893,-15.5702,4817.68,152.45,-1285.1,0.00153888,0.0117916,-15.6301,4806.97,152.272,1285.89,0.00154077,-0.0118254,-15.6296
1.129,30.1747,-0.00123565,4.89086,-6.69978e-05,-0.386891,0.00457489,-9.87044e-06,-0.000139422,0.00239624,2559.37,1,0.0600324,0,0,-0.0251723,0.025244,-0.0116687,0.0116741,-0.059525,-0.0596783,-0.0656365,-0.0658125,4569.41,-156.143,-2324.75,-0.00100229,0.0239401,-15.5682,4551.94,-154.908,2322.53,-0.000992407,-0.0240139,-15.5672,4817.84,153.488,-1290.34,0.00154948,0.011844,-15.6327,4807.03,153.961,1290.6,0.00155731,-0.0118721,-15.6323
1.139,30.2236,-0.00123986,4.89091,-6.88382e-05,-0.0949703,-0.000711166,-1.61504e-05,-0.000139675,0.00238958,2559.35,1,0.0603152,0,0,-0.0254682,0.0255462,-0.0116686,0.011674,-0.0594982,-0.0596511,-0.0656144,-0.0657908,4561.76,63.8102,-2420.85,0.00130901,0.0252782,-15.6033,4544.01,63.3682,2421.14,0.0013123,-0.0253961,-15.6025,4818.07,153.927,-1288.39,0.0015532,0.0118231,-15.6317,4807.24,153.912,1288.29,0.00155649,-0.0118479,-15.6312
1.149,30.2725,-0.00124386,4.89273,-5.82238e-05,-0.00959976,0.0094899,-8.25868e-06,-0.000140171,0.00238014,2559.63,1,0.0597365,0,0,-0.0252075,0.0252794,-0.0116677,0.0116732,-0.0595129,-0.0596668,-0.0655898,-0.065767,4564.34,-16.1526,-2484.86,0.000492394,0.0261874,-15.5715,4546.62,-16.6222,2485.16,0.000491601,-0.0263106,-15.5702,4817.21,115.987,-1218.59,0.00119106,0.0111454,-15.6344,4806.39,116.118,1219.68,0.00119514,-0.0111805,-15.6339
1.159,30.3214,-0.00124799,4.89245,-6.999e-05,0.891153,-0.00632529,-1.39463e-05,-0.0001404,0.002372,2559.98,1,0.0604104,0,0,-0.0253211,0.0253965,-0.011667,0.0116725,-0.0595113,-0.0596652,-0.0655671,-0.0657446,4565.5,-46.5326,-2481.45,0.000171082,0.0261358,-15.5946,4547.76,-47.2513,2482.04,0.000166423,-0.0262631,-15.5937,4817.36,178.362,-1291.68,0.00177457,0.0118362,-15.6353,4806.55,178.291,1291.65,0.00177788,-0.0118619,-15.6348
1.169,30.3703,-0.00125214,4.893,-6.60608e-05,0.525251,-0.0015185,-6.7224e-06,-0.000140763,0.00236477,2559.91,1,0.0601972,0,0,-0.025349,0.0254234,-0.0116657,0.0116713,-0.059497,-0.0596515,-0.065545,-0.0657231,4561.29,-87.8735,-2462.16,-0.000266114,0.0258934,-15.5849,4543.51,-86.8278,2462.69,-0.000254172,-0.0260184,-15.5839,4817.95,148.742,-1286.74,0.00150537,0.0118109,-15.636,4807.14,148.632,1286.95,0.00150778,-0.011839,-15.6355
1.179,30.4193,-0.00125627,4.8931,-7.57978e-05,-0.768611,-0.013948,-1.37217e-05,-0.000141073,0.00235612,2560.84,1,0.0597871,0,0,-0.0253021,0.0253761,-0.0116655,0.0116711,-0.0595063,-0.0596612,-0.0655214,-0.0656999,4565.46,81.9943,-2529.17,0.00155481,0.0267858,-15.5881,4547.71,83.3326,2529.79,0.00157858,-0.0269169,-15.587,4818.36,152.129,-1365.42,0.00155693,0.0126179,-15.6379,4807.54,151.972,1365.37,0.00155899,-0.0126453,-15.6374
1.189,30.4682,-0.00126041,4.89276,-7.04177e-05,0.109608,-0.00323055,-1.61307e-05,-0.000141368,0.0023488,2560.33,1,0.0604551,0,0,-0.0253022,0.0253747,-0.0116667,0.0116724,-0.0595037,-0.059659,-0.0654998,-0.0656787,4563.66,-220.892,-2444.98,-0.00166447,0.0256186,-15.5829,4545.89,-219.588,2444.7,-0.00165644,-0.025731,-15.5819,4817.62,168.559,-1246.68,0.00167411,0.0113849,-15.6383,4806.78,168.768,1247.14,0.00167984,-0.0114143,-15.6378
1.199,30.5171,-0.00126456,4.89338,-7.04882e-05,-0.247563,4.05514e-05,-1.55668e-05,-0.000141634,0.00234082,2560.59,1,0.0602132,0,0,-0.0253335,0.0254075,-0.0116653,0.0116709,-0.0595071,-0.0596628,-0.0654775,-0.0656567,4565.47,-62.5359,-2506.74,1.28419e-05,0.0264987,-15.5897,4547.67,-63.8345,2505.36,6.8419e-07,-0.0266002,-15.5887,4818.22,143.306,-1288.89,0.00145648,0.0118367,-15.6394,4807.36,143.565,1288.98,0.00146213,-0.0118634,-15.6389
1.209,30.5661,-0.00126874,4.89392,-6.69391e-05,-0.361932,0.00208417,-1.21167e-05,-0.000141896,0.00233328,2560.76,1,0.0601145,0,0,-0.0253237,0.0253979,-0.011667,0.0116727,-0.0595067,-0.0596624,-0.0654557,-0.0656352,4566.08,-3.32499,-2420.99,0.000607675,0.0252738,-15.5915,4548.17,-2.7932,2421.43,0.000617917,-0.0253942,-15.5905,4818.4,142.245,-1304.63,0.00145097,0.0119985,-15.6407,4807.48,142.308,1305.06,0.00145482,-0.0120293,-15.6402
1.219,30.615,-0.00127292,4.89435,-7.22074e-05,-0.985224,0.00235209,-1.87588e-05,-0.000142138,0.00232527,2560.96,1,0.0598301,0,0,-0.0253738,0.02545,-0.0116627,0.0116684,-0.0595102,-0.0596662,-0.0654335,-0.0656134,4567.03,82.1733,-2330.12,0.00145877,0.0239906,-15.5889,4549.11,80.907,2328.88,0.00145333,-0.0240812,-15.5878,4818.2,145.955,-1279.47,0.00147802,0.0117383,-15.6423,4807.32,146.271,1279.81,0.00148431,-0.0117673,-15.6418
1.229,30.664,-0.00127716,4.89466,-6.25486e-05,0.120352,0.0151141,-6.59925e-06,-0.000142394,0.00231861,2560.99,1,0.0603303,0,0,-0.025357,0.0254328,-0.0116633,0.011669,-0.0595004,-0.0596566,-0.0654122,-0.0655924,4564.03,-70.1227,-2446.36,-8.26653e-05,0.0256519,-15.5873,4546.03,-68.984,2444.7,-6.95201e-05,-0.0257458,-15.5862,4818.34,164.961,-1291.1,0.00165369,0.0118405,-15.6431,4807.43,165.275,1291.57,0.00166035,-0.0118711,-15.6426
1.239,30.7129,-0.00128127,4.89538,-9.18188e-05,0.62299,-0.0314596,-2.24425e-05,-0.000142662,0.00230999,2561.3,1,0.0604024,0,0,-0.0252769,0.0253491,-0.0116591,0.0116649,-0.0595187,-0.0596757,-0.06539,-0.0655706,4567.65,-191.206,-2475.38,-0.00134727,0.0260291,-15.5855,4549.82,-191.038,2476.44,-0.00134958,-0.0261629,-15.5843,4818.47,153.67,-1293.69,0.00155191,0.0118767,-15.6444,4807.56,153.596,1293.82,0.00155476,-0.0119042,-15.6439
1.249,30.7619,-0.00128549,4.89507,-7.88501e-05,-0.18528,-0.0142751,-2.11129e-05,-0.000142794,0.00230268,2561.53,1,0.0603635,0,0,-0.0253664,0.025443,-0.0116604,0.0116663,-0.0595133,-0.0596702,-0.0653692,-0.06555,4567.69,12.5342,-2351.85,0.000745618,0.0243073,-15.6007,4549.75,10.4857,2352.87,0.000729883,-0.0244305,-15.5997,4818.4,147.001,-1289.59,0.00149017,0.0118405,-15.6452,4807.5,146.774,1289.56,0.00149145,-0.0118664,-15.6446
1.259,30.8108,-0.00128971,4.89579,-6.70888e-05,0.0104751,-0.00155114,-1.20851e-05,-0.000142992,0.00229558,2561.69,1,0.0603063,0,0,-0.0253899,0.0254664,-0.0116598,0.0116656,-0.0595029,-0.0596599,-0.0653482,-0.0655292,4565.2,-80.3453,-2448.67,-0.000189337,0.0256775,-15.596,4547.17,-79.9975,2448.84,-0.000184515,-0.0257975,-15.5949,4818.39,149.474,-1287.78,0.001512,0.0118198,-15.6464,4807.51,149.367,1288.06,0.00151451,-0.0118488,-15.6459
1.269,30.8598,-0.00129389,4.8961,-7.20311e-05,0.233368,0.000571556,-1.39652e-05,-0.000143166,0.00228781,2561.9,1,0.0604274,0,0,-0.0253682,0.0254453,-0.0116595,0.0116654,-0.0595026,-0.0596599,-0.0653273,-0.0655086,4565,-165.205,-2563.73,-0.00106394,0.027324,-15.5932,4547.01,-164.479,2561.49,-0.00105931,-0.0274193,-15.5921,4818.45,161.188,-1288.18,0.00161855,0.0118137,-15.6484,4807.55,161.344,1288.35,0.00162366,-0.0118413,-15.6479
1.279,30.9088,-0.00129809,4.89671,-7.7e-05,0.199991,-0.00644035,-1.81676e-05,-0.000143322,0.00227954,2562.18,1,0.0603227,0,0,-0.0253177,0.0253945,-0.0116587,0.0116645,-0.0595096,-0.0596672,-0.0653066,-0.0654882,4566.77,-95.0071,-2433.59,-0.00034716,0.0254562,-15.5948,4548.8,-94.8825,2432.75,-0.000345629,-0.0255603,-15.5937,4818.51,149.208,-1286.91,0.00150947,0.0118109,-15.6491,4807.62,149.145,1287.13,0.00151235,-0.0118392,-15.6486
1.289,30.9577,-0.00130224,4.89672,-6.8069e-05,-0.0925391,-0.000412852,-1.14895e-05,-0.000143433,0.0022721,2562.26,1,0.0603521,0,0,-0.0253369,0.0254139,-0.0116574,0.0116633,-0.0595048,-0.0596626,-0.0652851,-0.0654669,4565.83,-101.522,-2415.54,-0.000418312,0.0252104,-15.5937,4547.84,-99.9454,2415.39,-0.000401879,-0.0253229,-15.5928,4818.52,150.361,-1289.41,0.0015205,0.0118355,-15.6505,4807.63,150.437,1289.56,0.00152465,-0.011863,-15.65
1.299,31.0067,-0.00130645,4.89715,-6.35315e-05,-0.375744,0.00519265,-1.1341e-05,-0.000143535,0.00226434,2562.56,1,0.0602214,0,0,-0.0253357,0.0254135,-0.011657,0.011663,-0.0595054,-0.0596632,-0.0652656,-0.0654476,4565.72,3.12522,-2410.32,0.000670997,0.0251261,-15.6071,4547.71,1.85126,2410.21,0.000662647,-0.0252391,-15.6059,4818.48,149.846,-1288.54,0.00151568,0.0118271,-15.6516,4807.62,149.85,1288.68,0.00151917,-0.0118545,-15.6511
1.309,31.0557,-0.00131058,4.89726,-6.3261e-05,-0.00544756,0.000296435,-8.33286e-06,-0.000143689,0.00225672,2562.81,1,0.0605,0,0,-0.0252385,0.0253164,-0.0116553,0.0116612,-0.059508,-0.0596664,-0.0652454,-0.0654276,4565.45,-209.877,-2360.9,-0.0015516,0.0244437,-15.5942,4547.55,-207.357,2361.74,-0.0015305,-0.0245656,-15.5932,4818.59,163.78,-1324.8,0.001652,0.0121875,-15.6528,4807.73,163.816,1324.81,0.00165605,-0.0122143,-15.6523
1.319,31.1047,-0.00131475,4.89869,-6.47288e-05,1.55333,0.000945286,-1.38429e-05,-0.000143725,0.00224803,2562.9,1,0.0607093,0,0,-0.0253029,0.0253814,-0.0116564,0.0116624,-0.0595195,-0.0596779,-0.0652254,-0.0654077,4564.23,-451.177,-2238.72,-0.00398375,0.0226694,-15.5948,4546.35,-446.96,2239.53,-0.00395794,-0.0227843,-15.5938,4818.12,177.316,-1246.8,0.00175276,0.0113764,-15.6548,4807.25,177.691,1246.73,0.00176003,-0.0114002,-15.6543
1.329,31.1536,-0.00131899,4.89834,-6.46873e-05,-0.165928,0.0028524,-1.02094e-05,-0.00014382,0.00224127,2562.95,1,0.0602931,0,0,-0.0253228,0.0254008,-0.0116552,0.0116612,-0.0595043,-0.0596624,-0.0652059,-0.0653883,4562.65,18.2077,-2408.23,0.000825663,0.0251125,-15.6104,4544.59,13.5428,2408.31,0.000782522,-0.0252293,-15.6091,4818.39,135.267,-1270.6,0.0013784,0.0116559,-15.6543,4807.52,135.436,1270.71,0.00138307,-0.0116824,-15.6538
1.339,31.2026,-0.00132315,4.89891,-7.46113e-05,-0.459905,-0.00296596,-1.7764e-05,-0.000143913,0.00223272,2563.34,1,0.0600921,0,0,-0.0252893,0.0253651,-0.0116553,0.0116614,-0.059512,-0.0596701,-0.0651859,-0.0653686,4564.76,-51.3546,-2344.98,8.38835e-05,0.024244,-15.603,4546.71,-53.4821,2343.42,6.35464e-05,-0.024332,-15.6018,4818.65,138.627,-1302.29,0.00141688,0.0119767,-15.6567,4807.79,138.87,1302.41,0.00142233,-0.0120041,-15.6562
1.349,31.2516,-0.0013274,4.89887,-6.21236e-05,0.103741,0.00656778,-9.71171e-06,-0.00014398,0.00222604,2563.79,1,0.0604979,0,0,-0.0253007,0.025378,-0.011654,0.01166,-0.0595008,-0.0596588,-0.0651671,-0.0653498,4560.45,-103.892,-2446.96,-0.000440769,0.0256844,-15.6068,4542.31,-101.526,2446.72,-0.000415914,-0.0257997,-15.6059,4818.42,155.818,-1265.78,0.00156391,0.0115895,-15.6572,4807.57,155.879,1266.03,0.00156803,-0.0116173,-15.6567
1.359,31.3006,-0.00133163,4.89912,-7.75587e-05,-0.355245,-0.00354148,-2.18944e-05,-0.000144122,0.00221827,2563.64,1,0.0603618,0,0,-0.0252719,0.0253473,-0.0116541,0.0116601,-0.0595027,-0.0596612,-0.0651471,-0.06533,4562.05,-77.9098,-2448.11,-0.000166602,0.0256898,-15.6065,4543.98,-78.4372,2445.77,-0.000171508,-0.0257748,-15.6053,4818.52,170.268,-1284.81,0.0017,0.0117707,-15.6585,4807.64,170.718,1285.08,0.00170797,-0.0117989,-15.658
1.369,31.3496,-0.0013359,4.89945,-6.25376e-05,-0.280654,0.0132236,-1.17002e-05,-0.000144191,0.00221129,2563.8,1,0.0604211,0,0,-0.0253403,0.0254176,-0.0116531,0.0116592,-0.0595036,-0.0596622,-0.0651287,-0.0653117,4560.42,-144.287,-2294.26,-0.000885624,0.0235842,-15.6101,4542.32,-143.754,2293.88,-0.000882398,-0.0236849,-15.6092,4818.62,177.212,-1290.21,0.0017641,0.0118192,-15.6599,4807.8,177.56,1289.95,0.0017713,-0.011842,-15.6594
1.379,31.3986,-0.0013402,4.89942,-7.2746e-05,-0.373438,-0.00327245,-1.86383e-05,-0.000144262,0.00220474,2563.84,1,0.0605432,0,0,-0.0253529,0.0254296,-0.011652,0.0116581,-0.0595002,-0.0596589,-0.0651094,-0.0652924,4560.77,-167.621,-2418.76,-0.00110843,0.0252818,-15.6046,4542.68,-167.881,2418.3,-0.00111432,-0.0253912,-15.6036,4818.69,164.415,-1285.44,0.00164704,0.0117822,-15.6611,4807.78,164.573,1285.53,0.0016522,-0.0118089,-15.6605
1.389,31.4476,-0.00134442,4.90147,-6.82451e-05,0.690023,-0.00335341,-1.20081e-05,-0.000144359,0.00219734,2564.26,1,0.0602893,0,0,-0.0253116,0.0253866,-0.0116498,0.0116559,-0.0595163,-0.0596753,-0.0650914,-0.0652744,4564.39,-113.173,-2423.15,-0.000539345,0.0253253,-15.6074,4546.36,-113.497,2423.49,-0.000543206,-0.0254456,-15.6062,4818.71,147.878,-1284.11,0.0014965,0.0117829,-15.6624,4807.78,147.974,1284.25,0.00150079,-0.0118103,-15.6619
1.399,31.4966,-0.00134875,4.90107,-7.05711e-05,0.460207,-0.00302129,-1.64937e-05,-0.000144426,0.00219132,2564.38,1,0.0605162,0,0,-0.0253636,0.0254401,-0.0116487,0.0116548,-0.0595155,-0.0596744,-0.0650728,-0.065256,4564.96,-98.6952,-2502.48,-0.00037057,0.0264428,-15.6114,4546.89,-98.9778,2502.23,-0.000373314,-0.0265618,-15.6103,4818.72,156.462,-1285.77,0.00157494,0.0117925,-15.6635,4807.79,156.509,1285.75,0.00157893,-0.0118183,-15.6629
1.409,31.5456,-0.00135306,4.90178,-7.04581e-05,0.819061,-0.00181281,-1.38567e-05,-0.00014451,0.00218525,2564.25,1,0.0605267,0,0,-0.0253567,0.0254327,-0.0116447,0.0116508,-0.0595157,-0.0596747,-0.0650549,-0.0652382,4564.85,-164.551,-2459.82,-0.00107035,0.0258322,-15.6085,4546.74,-164.71,2459.47,-0.00107502,-0.0259466,-15.6074,4818.62,152.533,-1265.65,0.0015341,0.0115906,-15.6646,4807.69,152.605,1265.94,0.00153827,-0.0116191,-15.6641
1.419,31.5946,-0.00135737,4.90135,-6.84022e-05,-0.192006,0.00185265,-1.52674e-05,-0.000144557,0.00217935,2565.08,1,0.060446,0,0,-0.0253698,0.0254457,-0.0116516,0.0116577,-0.0595149,-0.059674,-0.065037,-0.0652204,4565.86,-156.919,-2427.53,-0.000993731,0.0253734,-15.6118,4547.75,-156.952,2427.21,-0.000996756,-0.0254853,-15.6108,4818.81,167.028,-1326.78,0.00168231,0.0122045,-15.6661,4807.89,167.099,1326.47,0.0016867,-0.0122282,-15.6656
1.429,31.6437,-0.00136168,4.9021,-6.66006e-05,-0.0740031,0.0115001,-1.20067e-05,-0.000144635,0.00217288,2565.04,1,0.0603189,0,0,-0.0253474,0.0254224,-0.011649,0.0116552,-0.0595213,-0.0596806,-0.065019,-0.0652026,4568.37,-138.717,-2651.82,-0.000765159,0.0286091,-15.6107,4550.29,-138.323,2648.06,-0.00076303,-0.0286892,-15.6096,4818.67,158.498,-1296.91,0.00159666,0.011905,-15.6666,4807.76,158.757,1297.07,0.00160267,-0.0119327,-15.6661
1.439,31.6927,-0.00136601,4.90199,-7.76965e-05,-0.0819025,-0.0131263,-2.32483e-05,-0.000144645,0.00216668,2565.17,1,0.0605295,0,0,-0.0253769,0.0254545,-0.0116497,0.0116559,-0.0595197,-0.0596788,-0.0650015,-0.0651851,4567.08,-200.71,-2345.8,-0.00145778,0.0242305,-15.6094,4548.95,-201.914,2347.3,-0.0014748,-0.0243605,-15.6083,4818.62,149.637,-1285.54,0.00151298,0.0117963,-15.6682,4807.74,149.715,1285.44,0.00151708,-0.0118211,-15.6677
1.449,31.7417,-0.00137035,4.90329,-6.77044e-05,0.360067,0.00212654,-1.06677e-05,-0.000144687,0.00216097,2565.31,1,0.0603176,0,0,-0.0253697,0.0254462,-0.0116478,0.011654,-0.059513,-0.0596721,-0.0649843,-0.065168,4565.2,-83.2916,-2475.07,-0.000212733,0.0260503,-15.6156,4547.05,-82.1967,2474.64,-0.000200219,-0.026165,-15.6146,4818.58,148.742,-1285.15,0.00150454,0.0117931,-15.6687,4807.71,148.734,1285.43,0.00150792,-0.0118219,-15.6682
1.459,31.7908,-0.00137469,4.90308,-7.25333e-05,0.0940952,-0.00495257,-1.91068e-05,-0.000144664,0.00215443,2565.67,1,0.0604544,0,0,-0.0254305,0.0255086,-0.011647,0.0116533,-0.0595128,-0.059672,-0.0649672,-0.0651508,4565.04,-183.031,-2445.01,-0.00126522,0.0256193,-15.6197,4546.94,-182.426,2444.32,-0.00126275,-0.0257277,-15.6187,4818.61,165.711,-1289.53,0.0016596,0.011823,-15.671,4807.69,165.819,1289.43,0.00166431,-0.011848,-15.6705
1.469,31.8398,-0.00137902,4.90383,-6.8776e-05,0.199302,-0.000881541,-1.18622e-05,-0.000144678,0.00214835,2565.73,1,0.0603303,0,0,-0.0253543,0.0254319,-0.0116466,0.0116528,-0.0595115,-0.0596708,-0.0649502,-0.0651338,4564.42,-104.513,-2466.25,-0.000438703,0.0259308,-15.614,4546.33,-103.95,2466.06,-0.000432768,-0.0260478,-15.6129,4818.63,149.7,-1285.81,0.00151349,0.0117989,-15.6714,4807.74,149.721,1285.94,0.00151713,-0.0118262,-15.6709
1.479,31.8888,-0.00138333,4.90393,-5.36672e-05,-0.319023,0.0208376,-5.94072e-06,-0.000144631,0.00214152,2566.05,1,0.0602132,0,0,-0.025332,0.0254099,-0.0116468,0.0116531,-0.0595164,-0.0596757,-0.0649334,-0.0651171,4566.83,20.0327,-2318.87,0.00081279,0.0238632,-15.625,4548.74,16.8501,2317.49,0.000784877,-0.0239525,-15.6238,4818.55,139.17,-1276.2,0.00141528,0.0117096,-15.6732,4807.71,139.298,1276.43,0.00141969,-0.0117375,-15.6727
1.489,31.9379,-0.00138768,4.90433,-6.52323e-05,0.148228,0.00410147,-1.08541e-05,-0.000144621,0.00213598,2565.99,1,0.0603962,0,0,-0.0253414,0.0254193,-0.0116456,0.0116519,-0.0595107,-0.0596702,-0.0649169,-0.0651006,4564.14,-45.3272,-2486.01,0.000188414,0.0262095,-15.6184,4546.13,-44.0289,2485.19,0.000204909,-0.0263186,-15.6175,4818.39,145.921,-1267.29,0.00147438,0.0116135,-15.674,4807.56,146.178,1267.54,0.00148009,-0.0116412,-15.6735
1.499,31.9869,-0.00139201,4.90496,-7.50943e-05,0.767099,-0.0129782,-1.68901e-05,-0.000144529,0.00212916,2566.53,1,0.0605576,0,0,-0.0253547,0.0254334,-0.0116452,0.0116515,-0.0595197,-0.059679,-0.0649002,-0.0650839,4564.26,-281.103,-2307.87,-0.00228262,0.0237049,-15.6202,4546.27,-278.018,2309.67,-0.00225939,-0.0238368,-15.6192,4818.58,177.187,-1284.97,0.00176255,0.0117656,-15.676,4807.76,177.377,1284.86,0.00176819,-0.01179,-15.6755
1.509,32.036,-0.0013963,4.90458,-6.26866e-05,-0.269778,0.00198201,-1.19042e-05,-0.00014447,0.0021236,2566.29,1,0.0604137,0,0,-0.0252975,0.0253759,-0.0116427,0.011649,-0.0595131,-0.0596725,-0.0648845,-0.0650681,4565.43,-88.4062,-2581.25,-0.00024393,0.0275819,-15.6219,4547.46,-86.8659,2580.48,-0.000226561,-0.0276998,-15.6208,4818.47,124.743,-1267.87,0.00128179,0.0116359,-15.6772,4807.65,124.78,1268.11,0.00128507,-0.0116638,-15.6767
1.519,32.085,-0.00140054,4.90576,-6.59087e-05,-0.583309,0.00561274,-1.59197e-05,-0.000144367,0.00211629,2569.81,1,0.0599451,0,0,-0.0251767,0.0252514,-0.0116435,0.0116498,-0.0595294,-0.0596891,-0.0648683,-0.0650516,4570.62,-9.08217,-2357.96,0.000524982,0.0243784,-15.6208,4552.76,-10.3821,2356.39,0.000515229,-0.0244656,-15.6197,4818.92,208.144,-1328.38,0.00205552,0.0121806,-15.6772,4808.09,208.282,1329.45,0.00206175,-0.0122183,-15.6767
1.529,32.1341,-0.0014049,4.90542,-6.75005e-05,0.22133,-0.00318358,-1.64821e-05,-0.000144181,0.0021113,2566.77,1,0.0605782,0,0,-0.0253618,0.0254404,-0.0116434,0.0116497,-0.059513,-0.0596719,-0.0648533,-0.0650364,4563.65,-93.6813,-2430.15,-0.000337458,0.0254279,-15.6329,4545.69,-91.0707,2430.43,-0.000309501,-0.0255476,-15.6321,4818.69,165.713,-1284.01,0.00165819,0.0117663,-15.6785,4807.87,165.695,1283.82,0.00166172,-0.0117901,-15.6779
1.539,32.1831,-0.00140923,4.90615,-6.26907e-05,0.199834,-0.00115825,-9.83707e-06,-0.000144145,0.00210582,2567.22,1,0.0604074,0,0,-0.0253253,0.0254029,-0.0116426,0.011649,-0.0595026,-0.0596613,-0.0648373,-0.0650205,4560.22,-223.549,-2467.3,-0.00168978,0.0259557,-15.6197,4542.17,-222.276,2467.79,-0.00168217,-0.0260831,-15.6185,4818.64,193.254,-1291.93,0.0019096,0.0118209,-15.6802,4807.88,193.395,1291.91,0.00191511,-0.0118463,-15.6797
1.549,32.2322,-0.00141355,4.90787,-7.69469e-05,1.65776,-0.0298915,-1.53269e-05,-0.000144085,0.0020993,2567.3,1,0.0604239,0,0,-0.0252572,0.0253336,-0.0116401,0.0116465,-0.0595128,-0.0596714,-0.0648217,-0.0650049,4561.82,-113.884,-2705.86,-0.000492282,0.0294831,-15.6306,4543.82,-113.864,2708.42,-0.00049155,-0.0296653,-15.6295,4818.04,175.378,-1270.55,0.00174128,0.011621,-15.6806,4807.3,174.83,1271.08,0.00174033,-0.0116521,-15.6801
1.559,32.2813,-0.00141797,4.90657,-6.45383e-05,0.0115649,0.00295448,-1.18729e-05,-0.000144014,0.00209492,2567.45,1,0.0604496,0,0,-0.025414,0.0254923,-0.0116416,0.011648,-0.0594948,-0.0596532,-0.0648063,-0.0649894,4557.92,-19.977,-2434.26,0.000439508,0.0255149,-15.6374,4539.87,-17.1077,2434.33,0.000473838,-0.0256323,-15.6366,4818.39,157.671,-1284.47,0.00158541,0.0117789,-15.682,4807.65,157.431,1284.55,0.00158678,-0.0118055,-15.6815
1.569,32.3303,-0.00142227,4.90723,-5.22347e-05,-0.360707,0.0201621,-1.94135e-07,-0.000143999,0.00208827,2567.73,1,0.0601655,0,0,-0.0252161,0.0252904,-0.0116406,0.011647,-0.0595189,-0.0596777,-0.06479,-0.064973,4563.73,-143.912,-2341.84,-0.000873227,0.024207,-15.6236,4545.8,-144.184,2340.01,-0.000878355,-0.0242903,-15.6224,4818.28,143.464,-1279.9,0.0014551,0.0117446,-15.6838,4807.52,143.98,1280.12,0.00146311,-0.0117719,-15.6833
1.579,32.3794,-0.00142678,4.90776,-8.3367e-05,0.736376,-0.0168099,-2.67306e-05,-0.000143885,0.00208426,2567.78,1,0.060551,0,0,-0.0254442,0.0255226,-0.011641,0.0116475,-0.0595087,-0.0596671,-0.0647769,-0.0649598,4561.9,-125.156,-2393.98,-0.000670313,0.0249354,-15.642,4543.91,-124.261,2394.01,-0.000662025,-0.0250489,-15.6411,4818.45,165.961,-1281.72,0.00166005,0.0117431,-15.6841,4807.7,166.097,1281.56,0.00166494,-0.0117669,-15.6836
1.589,32.4285,-0.00143108,4.90856,-4.99921e-05,-0.281238,0.00699968,-4.343e-06,-0.000143921,0.00207924,2567.84,1,0.0599193,0,0,-0.0252849,0.025359,-0.0116449,0.0116511,-0.0595156,-0.0596744,-0.064761,-0.064944,4566.33,36.9158,-2667.68,0.00113781,0.0288453,-15.6252,4548.43,38.2323,2668.14,0.00115996,-0.0289892,-15.624,4818.45,136.771,-1285.44,0.00139569,0.0118061,-15.6857,4807.69,136.453,1285.92,0.00139601,-0.0118369,-15.6852
1.599,32.4776,-0.00143555,4.90804,-6.93366e-05,-0.0421763,-0.000906288,-1.86631e-05,-0.000143829,0.00207451,2568.28,1,0.0603985,0,0,-0.0253456,0.0254219,-0.0116395,0.0116459,-0.0595198,-0.0596783,-0.0647475,-0.0649303,4566.84,-69.701,-2438.19,-8.21504e-05,0.025519,-15.6385,4548.9,-69.7279,2437.89,-8.09424e-05,-0.0256308,-15.6375,4818.48,158.742,-1281.33,0.00159449,0.0117457,-15.6871,4807.71,158.71,1281.3,0.00159773,-0.011771,-15.6866
1.609,32.5267,-0.00143998,4.90855,-6.4977e-05,-0.337714,0.00132079,-1.23313e-05,-0.000143815,0.00207045,2568.32,1,0.0602075,0,0,-0.0253593,0.025434,-0.011641,0.0116474,-0.0595132,-0.0596716,-0.064733,-0.0649157,4565.42,10.5307,-2458.1,0.000767156,0.0257947,-15.6401,4547.47,10.6037,2458.3,0.000773484,-0.0259154,-15.639,4818.45,141.814,-1280.61,0.00144039,0.0117527,-15.6872,4807.68,141.776,1280.81,0.00144331,-0.0117803,-15.6867
1.619,32.5757,-0.00144449,4.90889,-7.25066e-05,0.0632903,-0.000519948,-2.12876e-05,-0.00014372,0.00206603,2568.43,1,0.0603784,0,0,-0.0254887,0.0255679,-0.0116386,0.011645,-0.0595084,-0.0596665,-0.0647193,-0.0649019,4564.11,-255.558,-2369.56,-0.00201952,0.0245565,-15.6367,4546.09,-254.437,2368.82,-0.00201515,-0.024658,-15.6359,4818.4,157.978,-1277.41,0.00158649,0.0117064,-15.6898,4807.63,158.239,1277.35,0.00159238,-0.011731,-15.6893
1.629,32.6248,-0.00144885,4.90959,-6.11863e-05,-0.039983,-0.00546417,-4.64986e-06,-0.000143767,0.00206164,2568.69,1,0.0601793,0,0,-0.0252974,0.0253694,-0.011642,0.0116484,-0.0595112,-0.0596697,-0.0647052,-0.0648878,4564.84,-88.0159,-2378.51,-0.000286875,0.0247045,-15.6305,4546.93,-86.9044,2381.51,-0.00027393,-0.024857,-15.6292,4818.11,126.365,-1254.75,0.00129344,0.011502,-15.6902,4807.32,126.163,1255.27,0.0012946,-0.0115324,-15.6897
1.639,32.6739,-0.00145321,4.90935,-6.91916e-05,-0.357403,-0.0102099,-1.68336e-05,-0.000143656,0.00205517,2569.25,1,0.0603026,0,0,-0.0252703,0.0253433,-0.0116421,0.0116486,-0.0595354,-0.0596941,-0.0646906,-0.0648731,4571.38,-151.882,-2034.59,-0.000998245,0.0201783,-15.6374,4553.6,-154.517,2038.71,-0.00102651,-0.0203139,-15.6362,4818.65,154.109,-1295.21,0.0015563,0.0118914,-15.692,4807.88,154.322,1295.04,0.00156166,-0.0119154,-15.6915
1.649,32.723,-0.00145779,4.90978,-6.93363e-05,0.094598,0.00211694,-1.95617e-05,-0.000143511,0.00205225,2569.08,1,0.0604465,0,0,-0.0254977,0.0255759,-0.0116378,0.0116443,-0.0595057,-0.0596636,-0.0646784,-0.0648608,4564.64,-206.598,-2399.2,-0.00151525,0.0249774,-15.6434,4546.66,-202.912,2399.16,-0.00148182,-0.0250912,-15.6426,4818.42,159.38,-1280.54,0.00160007,0.0117372,-15.6914,4807.7,159.354,1280.41,0.00160336,-0.0117612,-15.6908
1.659,32.7721,-0.00146223,4.91122,-6.50642e-05,0.15584,-0.00365389,-8.78963e-06,-0.00014356,0.00204717,2569.26,1,0.0600017,0,0,-0.025337,0.025412,-0.0116366,0.0116431,-0.0595051,-0.0596632,-0.0646644,-0.0648469,4563.28,-102.531,-2460.21,-0.000419315,0.0258529,-15.6326,4545.36,-101.999,2461.68,-0.000413253,-0.0259918,-15.6314,4818.08,137.96,-1262.82,0.00140089,0.0115752,-15.6936,4807.36,137.813,1263.28,0.00140276,-0.011605,-15.6932
1.669,32.8213,-0.00146678,4.91053,-7.10457e-05,-0.101179,-0.00498906,-1.89242e-05,-0.000143426,0.00204256,2569.59,1,0.0603203,0,0,-0.0254519,0.0255311,-0.0116364,0.0116429,-0.0594971,-0.0596548,-0.0646514,-0.0648337,4561.73,9.83568,-2423.63,0.000748767,0.0253348,-15.6569,4543.72,8.4283,2424.82,0.000739883,-0.0254675,-15.6559,4818.36,150.537,-1278.77,0.00151929,0.0117269,-15.6946,4807.65,150.69,1278.79,0.00152406,-0.0117523,-15.6941
1.679,32.8704,-0.00147117,4.91179,-6.74777e-05,-0.398617,-0.00106178,-1.23508e-05,-0.000143386,0.00203647,2569.73,1,0.0598026,0,0,-0.0252917,0.0253676,-0.0116355,0.011642,-0.0595142,-0.0596723,-0.0646372,-0.0648194,4566.11,-95.4541,-2365.17,-0.000364388,0.0245138,-15.6338,4548.26,-98.4008,2364.92,-0.000394801,-0.0246198,-15.6326,4818.28,123.281,-1272.27,0.00126946,0.0116823,-15.6966,4807.54,123.505,1272.65,0.00127442,-0.0117112,-15.6961
1.689,32.9195,-0.00147566,4.91099,-7.28092e-05,0.0643103,-0.0155763,-2.02468e-05,-0.000143219,0.00203229,2570.15,1,0.0604926,0,0,-0.0253724,0.0254512,-0.0116351,0.0116416,-0.0595116,-0.0596695,-0.0646251,-0.0648072,4564.7,-227.319,-2251.8,-0.00173651,0.0229745,-15.6442,4546.87,-224.228,2255.59,-0.00171066,-0.0231268,-15.6433,4818.37,184.743,-1297.8,0.00183467,0.0118904,-15.6971,4807.69,184.68,1297.63,0.00183811,-0.0119144,-15.6965
1.699,32.9686,-0.00148012,4.91171,-5.87789e-05,-0.183121,0.0112249,-9.18335e-06,-0.000143127,0.00202741,2570.04,1,0.0602102,0,0,-0.0253736,0.0254514,-0.011635,0.0116415,-0.0595108,-0.0596687,-0.0646115,-0.0647935,4566.12,-186.314,-2498.21,-0.00129344,0.0263654,-15.6383,4548.31,-185.278,2496.71,-0.0012865,-0.0264647,-15.6373,4818.25,149.783,-1280.31,0.00151275,0.0117435,-15.6982,4807.58,149.973,1280.44,0.00151787,-0.0117699,-15.6977
1.709,33.0177,-0.00148456,4.91333,-6.77396e-05,1.44306,-0.000528623,-1.8976e-05,-0.000142989,0.00202196,2570.34,1,0.0603425,0,0,-0.0253024,0.0253787,-0.0116336,0.0116401,-0.0595228,-0.0596807,-0.0645996,-0.0647815,4567.82,-331.607,-2620.54,-0.00283329,0.0280923,-15.6299,4550.09,-328.416,2618.63,-0.0028101,-0.0281967,-15.6289,4818.17,163.348,-1275.15,0.00163454,0.011679,-15.6996,4807.51,163.533,1275.24,0.00163984,-0.0117049,-15.6991
1.719,33.0668,-0.00148904,4.91196,-6.41436e-05,-0.299312,0.00410341,-1.50252e-05,-0.000142828,0.00201799,2570.42,1,0.0603415,0,0,-0.0253232,0.025401,-0.0116332,0.0116397,-0.0595119,-0.0596695,-0.0645876,-0.0647692,4565.45,-92.8151,-2461.68,-0.000320384,0.0258591,-15.6482,4547.67,-93.9916,2460.76,-0.000332444,-0.0259633,-15.647,4818.25,160.032,-1277.11,0.00160511,0.0117019,-15.7002,4807.6,160.221,1277.1,0.00161038,-0.0117267,-15.6997
1.729,33.116,-0.00149346,4.91272,-5.78099e-05,0.222052,0.00580075,-8.41916e-06,-0.000142702,0.00201344,2570.6,1,0.0603745,0,0,-0.0252699,0.0253478,-0.0116294,0.0116359,-0.0595091,-0.0596665,-0.0645746,-0.0647561,4562.39,-216.446,-2396.91,-0.00162166,0.0249565,-15.6471,4544.65,-214.516,2397.23,-0.00160683,-0.0250733,-15.646,4817.65,153.285,-1238.03,0.0015335,0.011311,-15.7013,4807.03,153.543,1238.24,0.00153925,-0.011337,-15.7008
1.739,33.1651,-0.00149794,4.91293,-6.29227e-05,-0.215972,0.0103607,-1.40834e-05,-0.000142515,0.00200814,2570.98,1,0.0602527,0,0,-0.0253223,0.0254001,-0.0116329,0.0116394,-0.0595131,-0.0596702,-0.0645627,-0.064744,4563.42,-202.8,-2187.17,-0.00149192,0.0221417,-15.6526,4545.64,-204.057,2186.41,-0.00150948,-0.0222271,-15.6515,4818.15,124.618,-1293.25,0.00128675,0.0118959,-15.7037,4807.55,124.998,1292.96,0.00129302,-0.0119182,-15.7032
1.749,33.2142,-0.00150241,4.91399,-5.80344e-05,0.449525,0.0206054,-4.43839e-06,-0.000142399,0.00200391,2570.88,1,0.060224,0,0,-0.0253066,0.0253824,-0.011634,0.0116406,-0.0595076,-0.0596645,-0.0645511,-0.0647322,4560.43,-192.237,-2223.37,-0.00138481,0.0226336,-15.6451,4542.65,-191.029,2220.86,-0.00137709,-0.0226995,-15.6441,4817.99,149.559,-1269.53,0.00150808,0.0116342,-15.7035,4807.41,150.147,1269.58,0.00151674,-0.011659,-15.703
1.759,33.2634,-0.00150695,4.91404,-6.58063e-05,0.2141,0.000706555,-1.41079e-05,-0.00014223,0.00199993,2571.24,1,0.0602314,0,0,-0.0253808,0.0254593,-0.011632,0.0116385,-0.0594994,-0.059656,-0.0645395,-0.0647204,4559.81,-104.901,-2430.95,-0.000452316,0.0254637,-15.6613,4542,-105.118,2431.2,-0.000454608,-0.0255825,-15.6604,4818.06,156.041,-1272.82,0.00156774,0.011662,-15.7051,4807.48,156.153,1272.69,0.00157217,-0.0116855,-15.7046
1.769,33.3125,-0.00151145,4.91476,-7.34893e-05,-0.431956,0.00476085,-1.7781e-05,-0.000142158,0.00199502,2571.33,1,0.0597941,0,0,-0.025323,0.0253975,-0.0116335,0.0116401,-0.0595096,-0.0596664,-0.0645274,-0.0647083,4563.35,-43.5948,-2459.09,0.000199967,0.0258329,-15.6506,4545.64,-43.2415,2455.15,0.000205383,-0.0258935,-15.6494,4817.91,146.172,-1283.73,0.00148065,0.0117824,-15.7061,4807.35,146.826,1284.02,0.00148993,-0.0118099,-15.7056
1.779,33.3617,-0.00151596,4.91426,-6.84649e-05,-0.0446951,0.00578105,-1.95834e-05,-0.000142027,0.00199131,2571.5,1,0.0603045,0,0,-0.0253295,0.0254045,-0.0116315,0.0116381,-0.0595122,-0.0596689,-0.0645165,-0.0646972,4563.6,-229.479,-2341.4,-0.00175465,0.0241828,-15.648,4545.97,-229.383,2339.31,-0.00175961,-0.0242609,-15.647,4818.09,158.743,-1274.46,0.00159285,0.0116763,-15.7074,4807.53,159.312,1274.44,0.00160149,-0.0117005,-15.7069
1.789,33.4108,-0.00152052,4.9147,-7.06106e-05,-0.351824,-0.00359538,-1.89567e-05,-0.000141908,0.00198799,2571.63,1,0.0601278,0,0,-0.0253295,0.0254038,-0.0116332,0.0116398,-0.0595065,-0.059663,-0.0645045,-0.064685,4563.42,-96.7871,-2413.55,-0.000370372,0.0251979,-15.6565,4545.74,-96.189,2413.46,-0.00036386,-0.0253092,-15.6554,4818.01,148.773,-1277.02,0.00150287,0.0117114,-15.708,4807.47,148.818,1277.14,0.00150659,-0.0117374,-15.7075
1.799,33.46,-0.00152508,4.91532,-6.37124e-05,0.0926703,0.00516333,-1.25659e-05,-0.000141789,0.00198409,2571.86,1,0.0601877,0,0,-0.0253674,0.0254424,-0.0116295,0.0116361,-0.0595117,-0.0596679,-0.0644939,-0.0646742,4563.46,-32.7848,-2404.03,0.000294131,0.0250602,-15.6672,4545.74,-32.4204,2403.81,0.000301112,-0.0251689,-15.6662,4817.86,145.285,-1265.55,0.00146831,0.0115975,-15.709,4807.31,145.541,1265.71,0.00147388,-0.0116235,-15.7085
1.809,33.5091,-0.00152957,4.91646,-6.40205e-05,0.15395,0.00130588,-1.3193e-05,-0.000141741,0.00197982,2572.07,1,0.0598588,0,0,-0.0252783,0.0253499,-0.0116303,0.0116369,-0.0595255,-0.0596819,-0.0644829,-0.0646632,4568.78,-86.7323,-2466.79,-0.000251613,0.0259094,-15.6537,4551.2,-85.9146,2466.17,-0.000242335,-0.0260167,-15.6526,4817.95,139.279,-1274.28,0.00141582,0.0116913,-15.7109,4807.42,139.369,1274.46,0.0014198,-0.0117179,-15.7104
1.819,33.5583,-0.00153418,4.91564,-7.57104e-05,-0.0575567,-0.00875818,-2.2293e-05,-0.000141581,0.00197683,2572.22,1,0.0602591,0,0,-0.0253713,0.0254453,-0.0116308,0.0116374,-0.0595187,-0.0596748,-0.0644727,-0.0646527,4565.89,-119.308,-2369.15,-0.00061458,0.024569,-15.6624,4548.25,-120.066,2369.58,-0.000623262,-0.0246834,-15.6615,4817.97,153.758,-1280.38,0.00154914,0.0117414,-15.7115,4807.42,153.797,1280.26,0.00155285,-0.0117652,-15.711
1.829,33.6075,-0.0015388,4.91619,-7.21237e-05,-0.00470493,-0.00751809,-2.05336e-05,-0.000141517,0.00197366,2572.53,1,0.0601838,0,0,-0.0253781,0.0254538,-0.0116295,0.011636,-0.0595109,-0.0596668,-0.064462,-0.064642,4564.63,-175.461,-2331.61,-0.00119929,0.024058,-15.6539,4546.97,-176.491,2333.01,-0.00121321,-0.0241827,-15.6528,4817.94,155.821,-1285.42,0.00156888,0.0117913,-15.7125,4807.4,155.845,1285.39,0.00157252,-0.0118162,-15.712
1.839,33.6566,-0.00154338,4.91696,-7.10826e-05,0.127356,-0.0150944,-1.47178e-05,-0.000141439,0.00197013,2572.59,1,0.0600487,0,0,-0.0253464,0.0254202,-0.0116291,0.0116357,-0.0595109,-0.0596669,-0.0644516,-0.0646314,4563.8,-104.446,-2278.7,-0.000478458,0.0233594,-15.6604,4546.19,-103.995,2282.62,-0.000473278,-0.0235134,-15.6593,4817.93,144.898,-1276.64,0.00146763,0.0117108,-15.7134,4807.37,144.748,1276.79,0.0014695,-0.0117375,-15.7129
1.849,33.7058,-0.00154791,4.91794,-6.2655e-05,0.529575,0.0127973,-1.46021e-05,-0.000141332,0.0019652,2572.83,1,0.0599152,0,0,-0.025273,0.0253461,-0.0116283,0.0116348,-0.059528,-0.059684,-0.0644404,-0.06462,4569.43,-104.531,-2495.66,-0.000434358,0.026315,-15.6579,4551.92,-104.925,2491.61,-0.000439351,-0.0263749,-15.6568,4817.11,146.289,-1228.3,0.00146749,0.0112196,-15.7156,4806.58,146.841,1229.04,0.00147588,-0.0112504,-15.7151
1.859,33.755,-0.00155259,4.91722,-7.2824e-05,0.155757,-0.0027801,-2.21608e-05,-0.000141175,0.00196292,2572.84,1,0.0602123,0,0,-0.0254705,0.0255477,-0.0116278,0.0116344,-0.0595065,-0.0596619,-0.064431,-0.0646106,4563.54,-100.049,-2405.62,-0.000406703,0.0250871,-15.6732,4545.88,-99.5186,2405.32,-0.000401113,-0.0251947,-15.6723,4817.8,156.503,-1273.88,0.00157227,0.011673,-15.7151,4807.29,156.59,1273.8,0.00157647,-0.0116969,-15.7146
1.869,33.8042,-0.00155718,4.91838,-6.39321e-05,-0.393032,0.00440064,-1.13957e-05,-0.000141126,0.00195888,2573.02,1,0.0596094,0,0,-0.0253331,0.0254087,-0.0116283,0.0116348,-0.0595082,-0.0596636,-0.0644208,-0.0646002,4564.44,-6.44843,-2407.18,0.000573623,0.0250926,-15.6573,4546.79,-8.24117,2406.71,0.000559122,-0.0251982,-15.6562,4817.8,121.66,-1274.76,0.00125535,0.0117099,-15.7166,4807.25,121.879,1275.4,0.0012602,-0.0117412,-15.7161
1.879,33.8533,-0.00156177,4.9179,-6.69165e-05,-0.188722,-0.00441271,-1.59815e-05,-0.00014096,0.00195521,2573.49,1,0.0600351,0,0,-0.0253517,0.025428,-0.0116266,0.0116331,-0.0595092,-0.0596646,-0.06441,-0.0645892,4564.68,-88.1937,-2385.88,-0.0002874,0.0248067,-15.6684,4547.11,-88.8761,2386.44,-0.00029372,-0.024924,-15.6673,4817.81,153.396,-1278.75,0.00154542,0.0117255,-15.7177,4807.29,153.428,1278.81,0.00154909,-0.011751,-15.7172
1.889,33.9025,-0.00156641,4.91844,-6.43692e-05,-0.0405277,0.000165186,-1.30934e-05,-0.000140851,0.00195238,2573.39,1,0.060005,0,0,-0.0254306,0.0255076,-0.0116271,0.0116337,-0.0595011,-0.0596563,-0.0644013,-0.0645805,4561.99,-33.1957,-2445.81,0.000305224,0.025653,-15.6745,4544.38,-33.5189,2446.2,0.000305205,-0.0257734,-15.6734,4817.71,148.527,-1275.47,0.00150027,0.0116964,-15.7181,4807.25,148.439,1275.48,0.00150275,-0.0117212,-15.7176
1.899,33.9517,-0.00157101,4.9193,-6.4108e-05,0.64863,0.0033464,-1.51979e-05,-0.000140705,0.00194832,2573.77,1,0.0600587,0,0,-0.0253793,0.0254565,-0.0116264,0.011633,-0.0595099,-0.059665,-0.0643912,-0.0645702,4564.14,-326.9,-2389.6,-0.00275455,0.0248,-15.6559,4546.61,-325.194,2389.08,-0.00274717,-0.0249036,-15.655,4817.74,160.072,-1277.47,0.00160573,0.0117067,-15.7208,4807.27,160.295,1277.58,0.00161124,-0.0117324,-15.7203
1.909,34.0009,-0.0015756,4.91939,-7.13155e-05,0.302524,-0.00871667,-7.8952e-06,-0.000140561,0.00194518,2573.76,1,0.060004,0,0,-0.0253652,0.025442,-0.0116259,0.0116325,-0.0595124,-0.0596674,-0.0643821,-0.0645608,4565.11,-139.634,-2441.23,-0.000811553,0.0255718,-15.6691,4547.62,-140.454,2441.81,-0.000821665,-0.0256935,-15.6679,4817.67,150.253,-1278.17,0.0015167,0.0117226,-15.7201,4807.18,150.32,1278.14,0.00152061,-0.011747,-15.7196
1.919,34.0501,-0.00158019,4.9196,-6.67151e-05,0.161117,7.55733e-05,-1.80988e-05,-0.000140426,0.00194142,2573.9,1,0.0599746,0,0,-0.0253425,0.0254186,-0.0116273,0.0116338,-0.0595195,-0.0596745,-0.0643724,-0.0645512,4567.75,-184.959,-2495.49,-0.00127913,0.0263157,-15.6619,4550.33,-186.188,2493.78,-0.00129599,-0.0264086,-15.6609,4817.55,155.955,-1275.11,0.00156777,0.0116867,-15.7216,4807.19,156.3,1275.3,0.0015743,-0.0117128,-15.7211
1.929,34.0993,-0.0015848,4.92,-5.88558e-05,0.441558,0.0012181,-1.0177e-05,-0.000140258,0.00193891,2574.22,1,0.060065,0,0,-0.0253391,0.0254159,-0.0116255,0.0116321,-0.0595117,-0.0596665,-0.0643637,-0.0645422,4565.02,-240.645,-2449.6,-0.00186556,0.0256687,-15.6638,4547.57,-237.895,2450.23,-0.00184312,-0.0257928,-15.6628,4817.69,165.246,-1292.8,0.00165704,0.0118592,-15.7231,4807.3,165.176,1292.79,0.00165997,-0.011884,-15.7226
1.939,34.1485,-0.00158927,4.92111,-4.43135e-05,1.07521,0.0211545,8.16905e-06,-0.000140129,0.00193446,2574.25,1,0.0599818,0,0,-0.0251512,0.025224,-0.0116242,0.0116308,-0.0595303,-0.0596853,-0.0643542,-0.0645325,4567.43,-106.353,-2494.35,-0.000458662,0.0263094,-15.6703,4550.09,-107.702,2492.51,-0.000473362,-0.0263999,-15.669,4817.41,145.267,-1258.81,0.00146652,0.0115299,-15.7245,4806.98,145.795,1258.98,0.0014745,-0.0115553,-15.7241
1.949,34.1977,-0.00159398,4.91933,-6.67149e-05,-0.131987,0.00829781,-2.52381e-05,-0.000139836,0.00193194,2574.3,1,0.0603656,0,0,-0.0254417,0.0255192,-0.011625,0.0116315,-0.0595097,-0.0596637,-0.0643461,-0.064524,4564.65,-269.668,-2273.77,-0.00216673,0.0232503,-15.6757,4547.2,-270.334,2271.89,-0.00218103,-0.0233252,-15.6749,4817.63,178.073,-1276.26,0.0017683,0.0116778,-15.7261,4807.23,178.73,1275.93,0.00177796,-0.0116982,-15.7256
1.959,34.2469,-0.00159865,4.92094,-6.41157e-05,-0.481583,0.00735237,-9.39808e-06,-0.000139806,0.00193007,2574.4,1,0.0596745,0,0,-0.0252717,0.0253451,-0.0116252,0.0116318,-0.059489,-0.0596429,-0.0643373,-0.0645151,4558.37,-108.566,-2280.15,-0.000519002,0.0234099,-15.6655,4540.86,-106.737,2279.41,-0.000500888,-0.0235012,-15.6643,4817.62,131.694,-1308.16,0.00135498,0.0120448,-15.7254,4807.22,131.756,1308.14,0.00135848,-0.0120698,-15.725
1.969,34.2961,-0.00160325,4.92051,-6.56311e-05,-0.466335,0.0121198,-1.91356e-05,-0.000139611,0.00192529,2575.11,1,0.0599872,0,0,-0.0252771,0.0253521,-0.0116266,0.0116332,-0.059509,-0.0596628,-0.0643281,-0.0645056,4562.84,-187.279,-2094.93,-0.00134671,0.0209667,-15.6764,4545.38,-189.885,2092.92,-0.00137716,-0.0210282,-15.6753,4817.33,160.975,-1273.6,0.00161242,0.0116673,-15.7283,4806.91,161.883,1274.05,0.0016242,-0.0116956,-15.7279
1.979,34.3453,-0.00160798,4.9214,-6.51178e-05,-0.416602,0.00293946,-1.36945e-05,-0.000139502,0.00192375,2574.74,1,0.0597471,0,0,-0.0253732,0.0254474,-0.0116251,0.0116317,-0.0594915,-0.0596452,-0.0643202,-0.0644976,4559.21,51.942,-2394.91,0.00117546,0.0249379,-15.682,4541.78,52.8305,2394.69,0.00119174,-0.0250441,-15.681,4817.46,135.619,-1272.09,0.00138203,0.011673,-15.7264,4807.08,135.543,1272.29,0.00138437,-0.0116995,-15.7259
1.989,34.3945,-0.00161262,4.9214,-6.91932e-05,0.110331,-0.00364823,-2.13011e-05,-0.000139387,0.00192026,2575.18,1,0.0600823,0,0,-0.0252998,0.025373,-0.0116243,0.0116309,-0.0595055,-0.0596593,-0.0643114,-0.0644887,4563.94,-326.789,-2477.34,-0.00276504,0.0260332,-15.6658,4546.63,-327.317,2476.83,-0.00278087,-0.0261416,-15.6646,4817.42,170.801,-1277.67,0.00170275,0.0116996,-15.7303,4807.06,171.128,1277.73,0.00170938,-0.0117245,-15.7298
1.999,34.4438,-0.00161735,4.92164,-6.7529e-05,-0.290594,-0.00417258,-1.8866e-05,-0.000139244,0.00191804,2575.21,1,0.0599381,0,0,-0.0253395,0.0254129,-0.0116219,0.0116285,-0.0595052,-0.0596587,-0.0643033,-0.0644805,4564.51,-69.9121,-2506.85,-6.47922e-05,0.0265071,-15.6777,4547.16,-69.0692,2507.49,-5.39582e-05,-0.0266344,-15.6766,4817.37,152.606,-1270.58,0.00153623,0.0116437,-15.73,4807.02,152.493,1270.78,0.00153855,-0.0116701,-15.7295
2.009,34.493,-0.00162626,4.92234,-0.000553818,-0.142445,-0.0576677,0.000675175,-0.000150485,0.00191552,2575.63,1,0.0598349,0,0.00225,-0.0263138,0.0244943,-0.0116228,0.01163,-0.05947,-0.0597011,-0.064286,-0.064481,4556.75,-275.253,-2452.35,-0.00221442,0.0257529,-15.709,4556.84,-41.8176,2378.43,0.000180276,-0.0247487,-15.6472,4817.12,150.629,-1250.7,0.00151354,0.0114434,-15.7311,4807.24,125.486,1297.17,0.00129798,-0.0119617,-15.7309
2.019,34.5422,-0.00163288,4.9231,-0.00121024,-0.291097,-0.164052,6.64069e-06,-0.000180171,0.00191338,2575.75,1,0.0595789,0,0.00475,-0.0278325,0.0229988,-0.0116218,0.0116305,-0.059408,-0.0597623,-0.06426,-0.0644909,4543.37,40.1656,-2558.89,0.00119014,0.0273851,-15.735,4570.98,-42.6472,2265.38,0.000103304,-0.0231376,-15.628,4818.37,113.911,-1243.04,0.0011784,0.0113916,-15.7307,4805.85,137.704,1299.04,0.00140993,-0.0119751,-15.7341
2.029,34.5914,-0.00167709,4.92315,-0.00293609,-0.0863112,-0.271464,-0.00162282,-0.000213761,0.00191142,2575.94,1,0.0597626,0,0.00725,-0.0289732,0.0217634,-0.0116227,0.0116331,-0.0594321,-0.0597412,-0.0642373,-0.0644981,4558.67,-78.4783,-2561.29,-4.00972e-05,0.0273397,-15.7224,4557.97,3.4643,2172.71,0.000509684,-0.0219889,-15.6406,4821.14,97.5187,-1195.52,0.00101844,0.0109169,-15.7378,4801.7,114.197,1231.95,0.00117956,-0.0113169,-15.7318
2.039,34.6407,-0.00175592,4.92306,-0.00429421,-0.179827,-0.212506,-0.00244695,-0.0002797,0.00190924,2576.28,1,0.0598834,0,0.00975,-0.0304072,0.0203186,-0.0116197,0.0116324,-0.0594531,-0.0597255,-0.0641981,-0.0645201,4581.93,-228.921,-2560.42,-0.00159703,0.0271625,-15.734,4539.01,-115.103,2173,-0.00072371,-0.0220957,-15.6193,4827.93,152.153,-1248.12,0.00152581,0.0113911,-15.74,4795.86,163.448,1299.68,0.00164685,-0.0119843,-15.7294
2.049,34.6899,-0.00187855,4.92371,-0.00662248,0.164638,-0.309295,-0.00453033,-0.000374453,0.00190843,2576.49,1,0.0598806,0,0.01225,-0.0319415,0.0190133,-0.0116176,0.011633,-0.0594281,-0.0597195,-0.0641526,-0.0645533,4595.52,-116.081,-2707.6,-0.000317306,0.0292579,-15.7468,4516,-124.553,2141.34,-0.000859297,-0.0218023,-15.6255,4838.48,128.101,-1237.36,0.0013038,0.0112782,-15.7434,4784.81,165.701,1280.92,0.00166476,-0.0118154,-15.7253
2.059,34.7392,-0.00206363,4.92448,-0.00899905,0.179523,-0.144849,-0.00636702,-0.000494643,0.00190658,2576.77,1,0.0596756,0,0.01475,-0.0331251,0.0176271,-0.0116155,0.0116342,-0.0594235,-0.0597278,-0.0640976,-0.0645948,4622.96,-232.519,-2794.7,-0.00151021,0.0303861,-15.7324,4491.01,-63.2973,2231.1,-0.000250208,-0.0231329,-15.6173,4852.83,111.438,-1250.89,0.00115321,0.0113943,-15.75,4770.39,139.552,1285.27,0.00142997,-0.0119177,-15.7196
2.069,34.7884,-0.00230613,4.924,-0.0117897,-0.0490134,-0.397084,-0.00859174,-0.000646883,0.00190607,2577.05,1,0.0599129,0,0.01725,-0.0345842,0.0162814,-0.0116124,0.0116372,-0.0593604,-0.0597696,-0.0640273,-0.0646522,4640.01,-138.851,-2736.26,-0.000471589,0.0293577,-15.7561,4470.48,-118.094,2083.3,-0.000863682,-0.0212846,-15.6178,4870.01,133.722,-1258.5,0.0013527,0.0114157,-15.7562,4752.86,173.311,1285.87,0.0017454,-0.011937,-15.7169
2.079,34.8376,-0.00261517,4.92469,-0.014519,0.179449,-0.359782,-0.0106998,-0.000821732,0.00190525,2577.34,1,0.0598417,0,0.01975,-0.0359476,0.0149784,-0.0116096,0.0116387,-0.0592866,-0.059835,-0.0639449,-0.0647222,4658.05,-213.299,-2760.14,-0.00121769,0.0295888,-15.7585,4450.61,-98.8005,2097.16,-0.000696013,-0.0215716,-15.6164,4888.78,132.654,-1263.83,0.00133968,0.0114277,-15.7634,4733.65,167.528,1276.9,0.00169654,-0.0118962,-15.7118
2.089,34.8869,-0.00299343,4.92512,-0.0174295,0.422899,-0.271724,-0.012846,-0.00101556,0.00190456,2577.51,1,0.059882,0,0.02225,-0.0371288,0.0135909,-0.0116046,0.0116407,-0.0592035,-0.0599257,-0.0638489,-0.0648062,4678.25,-320.92,-2780.31,-0.00231637,0.0297355,-15.7496,4434.51,-194.061,2092.48,-0.00170701,-0.0215571,-15.6043,4907.45,137.221,-1271.96,0.00137702,0.0114634,-15.771,4714.07,173.097,1269.27,0.00175286,-0.0118591,-15.7069
2.099,34.9361,-0.00344022,4.92475,-0.0204571,-0.0855867,-0.427864,-0.0150319,-0.00122487,0.00190466,2577.89,1,0.0599402,0,0.02475,-0.0384455,0.0122793,-0.0116006,0.0116455,-0.0590952,-0.0600259,-0.0637393,-0.0649048,4695.85,-225.582,-2764.15,-0.00126305,0.0293691,-15.7631,4419.63,-82.7566,2085.27,-0.000593061,-0.0215802,-15.6056,4925.13,100.305,-1279.36,0.00104318,0.0115232,-15.7776,4695.45,131.545,1260.8,0.00137144,-0.0118528,-15.7016
2.109,34.9854,-0.00395494,4.92602,-0.0234731,0.110161,-0.367162,-0.0172453,-0.00144526,0.00190514,2577.98,1,0.0596108,0,0.02725,-0.039812,0.01096,-0.0115975,0.0116497,-0.0589655,-0.0601405,-0.0636165,-0.0650171,4706.96,-121.665,-2782.54,-0.000111771,0.0295485,-15.7782,4404.73,-30.1806,2041.83,-8.03163e-05,-0.0210969,-15.6032,4941.34,175.046,-1296.07,0.00170797,0.0115953,-15.7827,4678.72,213.968,1270.55,0.00214595,-0.0119168,-15.6961
2.119,35.0347,-0.00454484,4.92554,-0.0268174,-0.0438486,-0.587727,-0.0195196,-0.00166746,0.00190515,2578.08,1,0.0598704,0,0.02975,-0.0409561,0.00961606,-0.0115919,0.0116525,-0.0588574,-0.0602605,-0.0634862,-0.0651384,4725.82,-273.432,-2653.62,-0.0017035,0.0275457,-15.7658,4390.65,-111.847,1923.5,-0.000956094,-0.0196245,-15.5927,4954.95,144.478,-1291.09,0.00143089,0.0115416,-15.7873,4664.39,168.592,1248.52,0.00172543,-0.0117676,-15.6872
2.129,35.0839,-0.00520254,4.92588,-0.0299481,0.185316,-0.51064,-0.0218496,-0.00189339,0.00190719,2578.16,1,0.0599402,0,0.03225,-0.0423381,0.00831353,-0.0115851,0.0116577,-0.058707,-0.0603739,-0.063348,-0.06527,4734.22,-55.7388,-2816.86,0.000673801,0.0298338,-15.7972,4376.76,19.1068,2003.26,0.000368233,-0.0207411,-15.6011,4966.35,130.012,-1284.95,0.00129745,0.0114665,-15.796,4652.55,172.616,1239.06,0.00176534,-0.0116929,-15.6864
2.139,35.1332,-0.0059371,4.92593,-0.032888,-0.414931,-0.656481,-0.0238017,-0.00211402,0.00190726,2578.47,1,0.0597812,0,0.03475,-0.0435731,0.00698819,-0.0115786,0.0116625,-0.0585976,-0.0604982,-0.0632056,-0.0654038,4754.07,-335.689,-2573.09,-0.0022681,0.0262342,-15.7848,4365.91,-56.0448,1882.82,-0.00043935,-0.0192409,-15.5869,4975.39,133.289,-1301.21,0.00132712,0.0116048,-15.8052,4643.36,150.993,1248.98,0.00157005,-0.011841,-15.6823
2.149,35.1824,-0.00674311,4.9264,-0.0362183,-0.433112,-0.730365,-0.0263043,-0.00232997,0.00190916,2578.44,1,0.0596963,0,0.03725,-0.0448868,0.00568182,-0.0115703,0.0116653,-0.0584555,-0.0606154,-0.0630625,-0.0655407,4761.58,-135.993,-2676.17,-0.000163337,0.0276136,-15.799,4354.17,-43.7134,1890.89,-0.000339173,-0.0194003,-15.5812,4982.26,102.627,-1293.1,0.00105107,0.01153,-15.8096,4635.89,140.107,1234.12,0.00146674,-0.0117118,-15.6768
2.159,35.2317,-0.00762958,4.92648,-0.039517,-0.103189,-0.635657,-0.0287797,-0.00253306,0.00190993,2579.01,1,0.0599138,0,0.03975,-0.0458991,0.00430684,-0.0115661,0.0116729,-0.0583516,-0.0607289,-0.0629227,-0.0656729,4778.19,-294.734,-2691.29,-0.00175603,0.0277439,-15.7949,4343.59,-118.076,1876.49,-0.00113028,-0.019238,-15.5761,4986.95,122.797,-1285.51,0.00122601,0.0114317,-15.8185,4630.16,150.045,1216.51,0.00155771,-0.0115309,-15.6728
2.169,35.281,-0.00858254,4.92608,-0.0413898,-0.242601,-1.12325,-0.0296675,-0.00273379,0.0019112,2579.29,1,0.0601364,0,0.04225,-0.0477477,0.00305624,-0.0115605,0.0116746,-0.0582035,-0.0608491,-0.0627808,-0.0658086,4782.79,-800.824,-2376.03,-0.00662509,0.0232002,-15.8081,4337.67,-205.499,1993.21,-0.00206984,-0.0207146,-15.5631,4990.45,196.121,-1261.04,0.00186075,0.0111189,-15.8249,4626.59,177.509,1210,0.00181363,-0.0114437,-15.6694
2.179,35.3302,-0.00961678,4.92893,-0.0457803,1.02201,-0.290758,-0.033914,-0.00291062,0.00191395,2578.63,1,0.0595806,0,0.04475,-0.048612,0.00172527,-0.0115542,0.0116773,-0.0580604,-0.0609481,-0.0626556,-0.0659289,4779.54,0.426845,-3062.24,0.00163345,0.0332514,-15.8026,4329.79,-37.0216,2033.76,-0.000349552,-0.021381,-15.566,4993.56,98.4827,-1333.77,0.00101816,0.0119086,-15.8286,4623.84,175.667,1242.13,0.00180923,-0.0117933,-15.6615
2.189,35.3795,-0.0107238,4.92686,-0.0483028,-0.0605176,-0.598358,-0.0352282,-0.00308309,0.00191543,2578.9,1,0.0601188,0,0.04725,-0.0503732,0.000390734,-0.0115489,0.0116822,-0.0579356,-0.061054,-0.0625291,-0.0660508,4784.08,-18.543,-2832.75,0.00129459,0.0296644,-15.8665,4325.17,38.4096,1969.79,0.000411485,-0.0205736,-15.5716,4994.82,144.483,-1304.21,0.00141873,0.0115824,-15.8351,4622.53,183.955,1235.19,0.00188499,-0.0117141,-15.6602
2.199,35.4288,-0.0119199,4.92737,-0.0513851,-0.328031,-0.694573,-0.0377179,-0.00323398,0.0019163,2578.8,1,0.0599047,0,0.04975,-0.0513867,-0.000927935,-0.0115441,0.0116863,-0.0578643,-0.0611481,-0.062416,-0.0661579,4798.9,-536.168,-2680.81,-0.00404186,0.0274524,-15.8122,4320.87,-69.0984,1939.21,-0.000735041,-0.0201671,-15.5578,4995.48,144.235,-1321.95,0.00141985,0.0117565,-15.8445,4621.96,141.036,1228.34,0.00148085,-0.0116841,-15.6524
2.209,35.4781,-0.0131923,4.92804,-0.0545485,-0.00314847,-0.387953,-0.0403608,-0.00337665,0.00191819,2579,1,0.0598725,0,0.05225,-0.05275,-0.00224067,-0.0115387,0.0116877,-0.0577663,-0.0612413,-0.0623084,-0.0662607,4803.64,-142.356,-2925,0.000127116,0.0309727,-15.851,4319.56,8.43637,1994,4.51579e-05,-0.0209171,-15.5577,4995.43,124.83,-1312.74,0.00124647,0.0116798,-15.8483,4621.61,172.723,1221.82,0.00177699,-0.011586,-15.6486
2.219,35.5273,-0.0145471,4.92836,-0.0572636,0.453045,-0.502892,-0.0423346,-0.0035066,0.00191991,2579.06,1,0.0600426,0,0.05475,-0.0541504,-0.00359619,-0.0115317,0.0116851,-0.0576807,-0.0613225,-0.0622094,-0.066355,4809.26,-450.449,-2812.39,-0.00308804,0.0293165,-15.8494,4316.23,-108.935,2002.94,-0.00121431,-0.0210009,-15.5431,4995.19,146.942,-1314.19,0.00144192,0.0116782,-15.8559,4621.68,161.223,1218.33,0.00166836,-0.0115602,-15.6439
2.229,35.5766,-0.0159872,4.92923,-0.0604288,0.561152,-0.131738,-0.0451435,-0.00362129,0.00192166,2578.96,1,0.0598282,0,0.05725,-0.0552678,-0.00491744,-0.0115325,0.0116979,-0.0576021,-0.0613955,-0.0621218,-0.066438,4813.61,-161.581,-2965.13,2.72784e-05,0.03152,-15.8523,4314.8,-41.0461,2001.79,-0.000531087,-0.0210267,-15.5431,4994.76,115.203,-1309.45,0.00116003,0.0116554,-15.8618,4621.49,164.56,1195.19,0.00169313,-0.0113127,-15.6381
2.239,35.6259,-0.01751,4.92864,-0.0634096,-0.0519648,-0.513411,-0.0474037,-0.00372782,0.00192329,2579.18,1,0.059932,0,0.05975,-0.0566495,-0.00626328,-0.0115259,0.0116944,-0.0575234,-0.0614631,-0.0620403,-0.0665158,4815.99,-158.281,-2841.99,2.6858e-05,0.0296444,-15.8717,4313.37,35.7474,1950.65,0.000250363,-0.0203847,-15.539,4994.58,134.12,-1324.06,0.00133092,0.011787,-15.8684,4621.96,168.853,1208.4,0.00173725,-0.0114469,-15.634
2.249,35.6752,-0.0191188,4.92896,-0.0664481,-0.162848,-0.644838,-0.0499024,-0.00382343,0.00192445,2579.16,1,0.0598635,0,0.06225,-0.0579379,-0.00761772,-0.0115228,0.0116971,-0.0574517,-0.0615278,-0.061967,-0.0665851,4817.17,-166.529,-2808.91,-4.06561e-05,0.0291565,-15.8741,4312.72,37.1936,1913.01,0.000239221,-0.0198984,-15.5338,4994.36,136.377,-1328.54,0.00135187,0.0118303,-15.8747,4622.13,169.255,1201.63,0.00173908,-0.0113744,-15.6288
2.259,35.7245,-0.0208146,4.92925,-0.0692799,-0.0324044,-0.412712,-0.0522507,-0.00390955,0.00192563,2579.26,1,0.0598987,0,0.06475,-0.0592225,-0.00895892,-0.0115193,0.0116982,-0.0573858,-0.0615818,-0.0619015,-0.0666476,4818.59,-143.559,-2895.5,0.00029299,0.0304135,-15.8837,4311.75,59.6778,1966.74,0.000445639,-0.0206097,-15.5311,4994.19,123.151,-1333.41,0.00123569,0.0118882,-15.8811,4622.17,163.949,1196.3,0.00168795,-0.0113234,-15.6238
2.269,35.7737,-0.0225949,4.92902,-0.0722818,-0.215039,-0.593321,-0.0546558,-0.00399053,0.00192686,2579.33,1,0.0600336,0,0.06725,-0.0606625,-0.0103227,-0.0115161,0.0117004,-0.0573091,-0.0616351,-0.0618406,-0.0667057,4814.31,-178.588,-2925,-1.57484e-05,0.0309145,-15.897,4311.03,-10.0121,1975.07,-0.000314575,-0.0207006,-15.523,4994.53,129.573,-1334.94,0.00129329,0.0118982,-15.8873,4622.17,173.56,1192.65,0.00177693,-0.0112749,-15.6198
2.279,35.823,-0.0244667,4.9299,-0.0751075,0.339628,-0.496426,-0.0569501,-0.00406276,0.00192721,2579.62,1,0.0600105,0,0.06975,-0.0619331,-0.0116771,-0.0115137,0.0117011,-0.0572578,-0.061682,-0.0617868,-0.0667565,4815.43,-404.727,-2870.53,-0.00236873,0.030178,-15.889,4309.3,-95.1156,1938.39,-0.00122291,-0.0201759,-15.515,4994.89,149.135,-1369.31,0.00147422,0.0122247,-15.8936,4621.76,189.038,1216.43,0.00192861,-0.0115111,-15.614
2.289,35.8723,-0.0264281,4.92995,-0.0781309,-0.189671,-0.59555,-0.0594762,-0.00413135,0.0019278,2579.53,1,0.059869,0,0.07225,-0.0632052,-0.0130517,-0.011511,0.0117026,-0.0572056,-0.0617261,-0.061737,-0.0668038,4815.9,-140.6,-2905.04,0.00045213,0.0305765,-15.9086,4308.57,83.5112,1934.03,0.000613596,-0.0202043,-15.5189,4995.4,117.983,-1350.05,0.00119308,0.0120539,-15.8994,4620.73,161.74,1183.9,0.00166432,-0.0111982,-15.6091
2.299,35.9216,-0.0284822,4.93026,-0.0813703,0.869858,-0.707794,-0.0619849,-0.00419615,0.00192823,2579.68,1,0.0602993,0,0.07475,-0.0644956,-0.0143999,-0.0115088,0.0117005,-0.05716,-0.0617637,-0.0616901,-0.0668456,4816.54,-343.829,-2981.62,-0.00160702,0.0318589,-15.9103,4305.07,-159.801,1965.88,-0.0019598,-0.0204928,-15.507,4996.56,146.888,-1363.8,0.00145246,0.0121676,-15.9054,4619.51,193.191,1185.53,0.00195813,-0.0111845,-15.6035
2.309,35.9709,-0.0306257,4.93008,-0.0835188,-0.831781,-0.537127,-0.0637422,-0.00426197,0.00192834,2579.9,1,0.0597638,0,0.07725,-0.0658615,-0.0158055,-0.011506,0.0117051,-0.0571154,-0.061809,-0.0616461,-0.0668899,4820.2,-126.839,-2863.28,0.000641896,0.0299091,-15.9305,4306.27,203.753,1950.27,0.00181675,-0.0204374,-15.5144,4997.96,128.392,-1350.46,0.0012849,0.0120451,-15.9122,4617.81,135.09,1174.53,0.00141318,-0.0111315,-15.5997
2.319,36.0202,-0.0328633,4.92991,-0.0869674,-0.0324489,-0.718547,-0.066733,-0.00432467,0.00193009,2579.16,1,0.0602893,0,0.07975,-0.0671583,-0.0171726,-0.0115028,0.0117057,-0.0570531,-0.0618409,-0.0616067,-0.0669297,4814.78,-303.771,-2916.45,-0.00113589,0.0308626,-15.9221,4302.52,-145.053,1873.39,-0.00182763,-0.0193083,-15.496,5000.41,148.611,-1371.72,0.00146836,0.0122361,-15.919,4615.19,195.803,1173.29,0.00197993,-0.0110623,-15.5948
2.329,36.0694,-0.0351981,4.93131,-0.0894506,0.530709,-0.376305,-0.0686334,-0.00438798,0.00192988,2580.08,1,0.0600417,0,0.08225,-0.0684626,-0.0185361,-0.0115023,0.011706,-0.0570264,-0.0618828,-0.0615663,-0.0669677,4821.62,-264.191,-2915.48,-0.000677787,0.030776,-15.9385,4300.93,60.2888,1910.85,0.000263282,-0.019937,-15.5024,5002.95,127.164,-1374.77,0.00127803,0.0122759,-15.9253,4612.36,164.923,1180.77,0.00169575,-0.0111817,-15.5894
2.339,36.1187,-0.0376271,4.9303,-0.0926798,-0.430695,-0.937046,-0.0712435,-0.00445448,0.00193095,2579.98,1,0.0601778,0,0.08475,-0.0698219,-0.0199235,-0.0114995,0.0117083,-0.0569759,-0.0619227,-0.0615265,-0.0670078,4820.61,-270.246,-2729.13,-0.000818063,0.028061,-15.9433,4298.34,-6.36842,1726.85,-0.000414406,-0.0175904,-15.4933,5006.13,141.372,-1374.46,0.00140345,0.0122552,-15.9316,4608.89,171.685,1157.83,0.00175364,-0.0109409,-15.5848
2.349,36.168,-0.0401553,4.9308,-0.0955668,-0.0397081,-0.681059,-0.0735746,-0.0045218,0.00193193,2580.43,1,0.0602355,0,0.08725,-0.0711161,-0.0212902,-0.0114979,0.0117085,-0.0569333,-0.0619608,-0.061487,-0.0670471,4824.61,-384.954,-2962.23,-0.0018386,0.0315391,-15.9396,4296.3,-72.9061,1942.31,-0.00118978,-0.0202859,-15.482,5009.7,148.372,-1394.1,0.00146912,0.0124374,-15.9376,4605.05,188.791,1167.78,0.00191723,-0.0110358,-15.5784
2.359,36.2173,-0.042781,4.93133,-0.0983356,0.513507,-0.602498,-0.0757604,-0.00459334,0.00193304,2580.43,1,0.0603511,0,0.08975,-0.0725192,-0.0226603,-0.0114963,0.0117094,-0.0568866,-0.0620036,-0.0614457,-0.0670885,4826.02,-428.592,-2914.07,-0.00227739,0.0308166,-15.9533,4293.1,-104.882,1884.82,-0.0015279,-0.0195218,-15.4797,5013.46,126.552,-1366.98,0.00126846,0.012174,-15.9455,4600.51,160.133,1132.17,0.00164128,-0.0107026,-15.5762
2.369,36.2666,-0.0455078,4.93141,-0.10149,0.0602132,-0.66074,-0.0783831,-0.00466672,0.00193466,2580.4,1,0.060237,0,0.09225,-0.0737989,-0.0240201,-0.0114941,0.0117104,-0.056837,-0.062042,-0.0614045,-0.0671302,4828.84,-236.685,-2982.31,-0.000173779,0.031731,-15.9616,4289.89,16.578,1880.73,-0.000294785,-0.0195787,-15.4799,5018.02,129.734,-1388.65,0.00130043,0.0123764,-15.9503,4595.93,176.559,1139.07,0.0017982,-0.0107677,-15.5694
2.379,36.3159,-0.0483387,4.93164,-0.104214,0.164025,-0.574437,-0.0803848,-0.00474368,0.00193562,2580.52,1,0.060292,0,0.09475,-0.0750745,-0.025386,-0.0114917,0.0117109,-0.0568076,-0.0620847,-0.0613609,-0.0671743,4838.55,-396.599,-2907.57,-0.00186002,0.030619,-15.9618,4285.73,-9.5914,1879.72,-0.00059327,-0.019567,-15.4725,5022.53,142.671,-1395.11,0.00141512,0.0124209,-15.9582,4591.08,169.607,1138.77,0.00173512,-0.0107832,-15.5648
2.389,36.3651,-0.0512672,4.93163,-0.107217,-0.262707,-0.756786,-0.0828642,-0.00482712,0.00193802,2580.41,1,0.0602292,0,0.09725,-0.0765225,-0.0267402,-0.0114895,0.0117127,-0.0567388,-0.0621308,-0.0613152,-0.067223,4837.31,-151.582,-2956.28,0.000784626,0.0311903,-15.9814,4282.69,98.8691,1873.62,0.00051195,-0.0195624,-15.4716,5027.55,124.741,-1398.87,0.00125613,0.0124585,-15.9625,4585.75,169.83,1132.47,0.00173737,-0.0107287,-15.5594
2.399,36.4144,-0.0543051,4.9325,-0.110085,-0.318559,-0.578456,-0.085252,-0.00490919,0.00193951,2580.86,1,0.059946,0,0.09975,-0.0776812,-0.0280834,-0.01149,0.0117169,-0.0567025,-0.0621716,-0.06127,-0.0672694,4846.98,-153.347,-2945.36,0.000794637,0.0309494,-15.9804,4278.47,195.8,1877.65,0.00149726,-0.01966,-15.4737,5032.7,118.687,-1409.1,0.00120321,0.0125517,-15.9705,4580.4,157.284,1125.45,0.00162011,-0.0106801,-15.554
2.409,36.4637,-0.0574442,4.93181,-0.113152,0.339284,-0.821261,-0.0873965,-0.00500088,0.00194195,2580.94,1,0.0606205,0,0.10225,-0.0792326,-0.0295201,-0.0114837,0.0117145,-0.0566362,-0.0622244,-0.0612178,-0.0673235,4847.6,-391.667,-2926.83,-0.00167144,0.0308546,-16.0005,4273.77,-138.366,1832.39,-0.00198543,-0.018881,-15.4587,5037.87,156.197,-1406.7,0.00153281,0.0124893,-15.9754,4574.87,194.168,1126.08,0.00196619,-0.0106579,-15.5501
2.419,36.513,-0.0606917,4.93238,-0.116345,-0.18157,-0.738214,-0.0901114,-0.00509064,0.001944,2580.92,1,0.0602646,0,0.10475,-0.0804236,-0.0308316,-0.0114821,0.0117167,-0.056585,-0.0622748,-0.0611687,-0.0673763,4853.55,-316.652,-3023.65,-0.000773549,0.0322443,-15.9906,4270.41,42.2724,1863.72,-0.000155199,-0.0194655,-15.4609,5043.37,122.645,-1411.89,0.0012365,0.0125511,-15.9829,4569.29,164.74,1111.44,0.00169018,-0.0105497,-15.5437
2.429,36.5622,-0.0640454,4.93306,-0.119015,0.85439,-0.664202,-0.0919685,-0.00518635,0.00194597,2581.07,1,0.0605268,0,0.10725,-0.0818027,-0.0322053,-0.0114769,0.0117122,-0.0565303,-0.0623303,-0.0611139,-0.0674337,4858.98,-391.38,-2958.15,-0.00156318,0.0312502,-16.0053,4265.57,-38.6085,1842.4,-0.00101626,-0.019148,-15.4512,5048.35,147.136,-1414.76,0.00145165,0.012551,-15.9891,4563.75,181.741,1110.43,0.00185052,-0.0105323,-15.5394
2.439,36.6115,-0.0675087,4.93269,-0.122358,0.182085,-0.752001,-0.0948387,-0.00528191,0.00194874,2581.15,1,0.0604974,0,0.10975,-0.0830574,-0.0335581,-0.0114763,0.011719,-0.0564681,-0.06238,-0.0610602,-0.0674911,4863.93,-287.837,-3049.36,-0.000361933,0.0325406,-16.0078,4261.71,-14.3811,1844.8,-0.000793172,-0.019217,-15.4505,5053.66,135.221,-1424.26,0.00134727,0.0126409,-15.9952,4558.17,186.058,1103.06,0.00189089,-0.0104616,-15.5338
2.449,36.6608,-0.0710817,4.9329,-0.12503,-0.069528,-0.700188,-0.0967629,-0.00538187,0.00195079,2581.41,1,0.0604162,0,0.11225,-0.0844239,-0.0349373,-0.0114732,0.01172,-0.0564132,-0.0624357,-0.0610024,-0.0675525,4871.33,-307.059,-2970.1,-0.000585646,0.0312784,-16.0254,4257.02,107.848,1827.14,0.000463404,-0.0190962,-15.4504,5058.69,146.653,-1441.65,0.00145081,0.0127937,-16.0016,4552.98,180.649,1115.76,0.00184669,-0.0106141,-15.5292
2.459,36.71,-0.0747635,4.93315,-0.128182,0.14575,-0.707553,-0.0993747,-0.0054832,0.00195343,2581.37,1,0.0604993,0,0.11475,-0.0857359,-0.0363049,-0.0114702,0.0117215,-0.0563417,-0.0624939,-0.0609444,-0.0676148,4873.56,-247.603,-3055.72,0.000156539,0.0325242,-16.0285,4253.35,16.588,1828.92,-0.000516615,-0.0190757,-15.4421,5063.79,128.917,-1434.01,0.00129084,0.0127173,-16.0073,4547.44,183.957,1096.06,0.00187343,-0.010414,-15.5238
2.469,36.7593,-0.0785618,4.93357,-0.131081,0.167037,-0.508569,-0.101531,-0.00558372,0.00195536,2581.56,1,0.0604324,0,0.11725,-0.0869534,-0.037658,-0.0114671,0.0117229,-0.0562954,-0.0625465,-0.0608861,-0.0676775,4884.16,-337.176,-3054.76,-0.000747838,0.0325082,-16.0307,4247.51,88.0833,1852.75,0.000196564,-0.0194631,-15.4395,5068.64,128.721,-1436.03,0.00128812,0.0127256,-16.0146,4542.39,178.747,1092.57,0.00182591,-0.0103943,-15.5187
2.479,36.8086,-0.0824653,4.93341,-0.133957,-0.25902,-0.620146,-0.103908,-0.00569068,0.00195828,2581.62,1,0.0604315,0,0.11975,-0.0884415,-0.0390697,-0.0114627,0.0117255,-0.0562049,-0.0626106,-0.0608236,-0.067745,4881.72,-130.683,-3066.21,0.00148843,0.0324844,-16.0572,4244.64,136.702,1794.89,0.00069872,-0.018758,-15.4353,5073.77,114.278,-1446.43,0.00116194,0.012825,-16.0192,4537.1,176.546,1088.73,0.00180607,-0.010368,-15.5142
2.489,36.8578,-0.0864935,4.93402,-0.136836,-0.875534,-1.10978,-0.106103,-0.00579028,0.00195927,2581.78,1,0.0600092,0,0.12225,-0.089421,-0.0404358,-0.0114605,0.011726,-0.0561778,-0.0626649,-0.0607651,-0.0678077,4896.43,-173.253,-2708.43,0.000693921,0.0272051,-16.0365,4237.84,343.002,1689.23,0.00282093,-0.0174655,-15.4365,5078.44,135.257,-1427.69,0.00134165,0.0126149,-16.0282,4532.61,158.086,1060.66,0.00162758,-0.0101024,-15.5071
2.499,36.9071,-0.0906291,4.93385,-0.140084,0.382261,-0.753025,-0.108604,-0.00589735,0.00196256,2581.8,1,0.0607153,0,0.12475,-0.0909439,-0.0418134,-0.0114571,0.011727,-0.0560867,-0.0627251,-0.0607022,-0.0678767,4894.27,-98.2648,-3097.55,0.00194443,0.0328205,-16.0776,4233.89,35.4691,1815.11,-0.000418647,-0.0190012,-15.4262,5082.76,132.493,-1449.09,0.00132036,0.0128182,-16.0317,4527.43,189.248,1079.33,0.00192597,-0.0102744,-15.5037
2.509,36.9563,-0.094888,4.93414,-0.143197,0.00314999,-0.40801,-0.111086,-0.00599814,0.00196413,2581.84,1,0.0605359,0,0.12725,-0.0920675,-0.0431419,-0.0114539,0.0117283,-0.0560424,-0.0627787,-0.0606422,-0.0679413,4905.65,-286.689,-3303.66,0.000203324,0.0363272,-16.0589,4228.29,138.611,2023.09,0.000560979,-0.0218761,-15.427,5087.04,116.305,-1459.18,0.00117854,0.0129176,-16.0402,4522.91,167.976,1076.76,0.00172824,-0.0102824,-15.4975
2.519,37.0055,-0.0992537,4.93395,-0.146289,0.54017,-1.20589,-0.11349,-0.00610604,0.0019673,2581.85,1,0.0609606,0,0.12975,-0.0936189,-0.0445811,-0.0114507,0.0117292,-0.0559398,-0.0628444,-0.0605786,-0.0680116,4896.64,-261.276,-2937.29,0.000140524,0.030558,-16.0869,4223.89,-60.3685,1619.05,-0.00135193,-0.0164835,-15.4162,5091.4,158.92,-1464.28,0.00155312,0.0129292,-16.0439,4518.11,211.877,1069.79,0.00213729,-0.010164,-15.4938
2.529,37.0548,-0.10375,4.93435,-0.149048,0.0905279,-0.36217,-0.115716,-0.00620423,0.00196856,2581.99,1,0.0606903,0,0.13225,-0.0946485,-0.0459038,-0.011447,0.0117316,-0.0559071,-0.0628957,-0.0605199,-0.0680756,4912.78,-315.609,-3279.15,-4.45292e-05,0.03588,-16.0673,4218.84,139.221,1992.26,0.000520679,-0.0215088,-15.4179,5095.49,126.65,-1471.65,0.00126995,0.0130142,-16.0532,4513.89,173.251,1064.46,0.00177774,-0.0101657,-15.4869
2.539,37.104,-0.108357,4.93381,-0.152025,-0.211826,-0.938029,-0.117917,-0.00630985,0.0019717,2582.17,1,0.0609029,0,0.13475,-0.0961241,-0.0473442,-0.0114423,0.011733,-0.0558204,-0.0629546,-0.0604568,-0.0681459,4911.18,-344.771,-3039.75,-0.000546822,0.0320819,-16.0924,4214.54,-14.5009,1758.97,-0.00101516,-0.0183146,-15.4041,5099.34,145.079,-1466.51,0.00142967,0.0129416,-16.0576,4509.79,186.329,1062.01,0.00190103,-0.0101327,-15.4837
2.549,37.1532,-0.113089,4.93431,-0.155151,0.130773,-0.990022,-0.120425,-0.00641094,0.00197384,2582.26,1,0.0609418,0,0.13725,-0.0974273,-0.0487004,-0.011439,0.0117334,-0.055757,-0.0630146,-0.0603957,-0.0682121,4914.64,-502.172,-3021,-0.00215865,0.031918,-16.0897,4209.83,-37.4072,1728.14,-0.00126018,-0.0179148,-15.405,5103.05,120.534,-1484.89,0.00121641,0.0131304,-16.0648,4505.47,156.579,1066.7,0.00162386,-0.0102268,-15.4783
2.559,37.2024,-0.117944,4.93466,-0.158096,-0.0980326,-0.851149,-0.1228,-0.00651062,0.00197625,2582.32,1,0.060801,0,0.13975,-0.098655,-0.0500668,-0.0114368,0.0117354,-0.055702,-0.0630733,-0.0603372,-0.0682786,4921.58,-332.984,-3086.68,-0.000291785,0.0327132,-16.0997,4206.08,91.2434,1763.04,3.43222e-05,-0.0185066,-15.403,5107.11,126.661,-1477.15,0.00126835,0.0130398,-16.0708,4501.4,176.754,1047.47,0.00181034,-0.0100083,-15.4721
2.569,37.2516,-0.122918,4.93488,-0.16098,0.682012,-0.83099,-0.125031,-0.0066123,0.00197917,2582.43,1,0.0611381,0,0.14225,-0.10009,-0.0514705,-0.011432,0.0117351,-0.0556237,-0.0631322,-0.060276,-0.0683454,4921.43,-415.004,-3086.58,-0.00111074,0.032806,-16.1151,4202.11,-56.2918,1737.7,-0.00151445,-0.018038,-15.3962,5110.72,150.69,-1459.65,0.00147352,0.012842,-16.0764,4497,197.446,1025.19,0.00199767,-0.00975473,-15.4679
2.579,37.3008,-0.128022,4.93497,-0.164059,-0.000477442,-0.88148,-0.127471,-0.00670993,0.00198191,2582.44,1,0.0609114,0,0.14475,-0.101315,-0.052815,-0.0114305,0.011738,-0.0555728,-0.0631884,-0.0602196,-0.0684109,4929.03,-375.268,-3117.29,-0.000618541,0.0331826,-16.11,4197.72,97.2158,1789.8,3.15216e-05,-0.018895,-15.3939,5114.65,144.993,-1470.5,0.00142492,0.0129435,-16.0828,4492.85,154.917,1017.85,0.0015995,-0.00973868,-15.4618
2.589,37.35,-0.133246,4.93519,-0.167006,-0.471602,-1.07334,-0.129821,-0.00681076,0.0019852,2582.53,1,0.0607304,0,0.14725,-0.102758,-0.0542092,-0.011427,0.0117394,-0.0554968,-0.0632514,-0.0601603,-0.0684786,4929.84,-202.006,-3101.06,0.00122929,0.0326989,-16.1353,4195.91,204.355,1738.35,0.00115706,-0.0183143,-15.3919,5118.74,124.082,-1491.66,0.00124551,0.0131562,-16.0885,4488.97,173.073,1036.61,0.00177742,-0.00992411,-15.4575
2.599,37.3992,-0.138602,4.93492,-0.170078,-0.276242,-1.02731,-0.132318,-0.00690666,0.00198842,2582.63,1,0.0610216,0,0.14975,-0.103961,-0.0555669,-0.0114253,0.0117428,-0.0554441,-0.0633015,-0.0601046,-0.0685424,4936.91,-298.434,-3123.14,0.000283207,0.0331164,-16.1336,4190.8,152.16,1762.91,0.000571906,-0.0186248,-15.3924,5122.2,137.672,-1465.76,0.00135739,0.0128832,-16.096,4484.47,178.398,1001.63,0.00181816,-0.00955628,-15.4512
2.609,37.4484,-0.144086,4.93557,-0.172928,0.341647,-0.849364,-0.13435,-0.0070054,0.00199169,2582.82,1,0.0611117,0,0.15225,-0.105312,-0.0569563,-0.011419,0.0117397,-0.0553875,-0.0633595,-0.060046,-0.0686102,4943.27,-440.968,-3095.41,-0.00119647,0.0328063,-16.139,4186.89,48.9813,1731.53,-0.000516418,-0.0181476,-15.38,5125.38,137.055,-1449.64,0.00134728,0.0127172,-16.1023,4480.7,178.688,983.736,0.00181639,-0.00937448,-15.447
2.619,37.4976,-0.149697,4.93564,-0.175897,-0.220259,-0.938786,-0.136836,-0.00710363,0.00199518,2582.83,1,0.0609528,0,0.15475,-0.106625,-0.0583272,-0.0114162,0.0117411,-0.0553231,-0.063419,-0.0599894,-0.0686755,4947.5,-313.301,-3078.09,0.000163289,0.0323518,-16.1487,4184.15,156.994,1700.13,0.000607273,-0.017858,-15.3799,5129.98,128.391,-1513.92,0.00128509,0.0133459,-16.1079,4476.7,181.895,1026.56,0.00186209,-0.00983247,-15.4411
2.629,37.5467,-0.155439,4.93579,-0.179202,0.0572569,-1.22793,-0.139373,-0.00720178,0.001999,2582.95,1,0.0611036,0,0.15725,-0.10806,-0.0597502,-0.0114132,0.0117431,-0.0552519,-0.0634787,-0.0599331,-0.0687409,4948.91,-420.355,-3100.74,-0.000884089,0.0328269,-16.1613,4181.5,59.3146,1675.24,-0.000421232,-0.017468,-15.3749,5134,141.842,-1510.33,0.00140096,0.0132917,-16.1139,4472.3,186.853,1018.9,0.00190792,-0.00975376,-15.4364
2.639,37.5959,-0.161319,4.93601,-0.182153,0.0025874,-0.856836,-0.141832,-0.0072944,0.00200198,2583.26,1,0.0610956,0,0.15975,-0.109109,-0.0610452,-0.0114096,0.0117434,-0.0552178,-0.0635247,-0.059881,-0.0688031,4961.92,-382.538,-3143.04,-0.000401939,0.0333326,-16.1532,4175.62,134.306,1708.27,0.000315962,-0.0179841,-15.3765,5137.96,154.499,-1543.76,0.00151842,0.0136054,-16.1215,4468.2,190.076,1029.87,0.00194406,-0.00987517,-15.4298
2.649,37.645,-0.167324,4.93613,-0.184887,0.548173,-0.840704,-0.143802,-0.0073947,0.00200589,2583.01,1,0.0613706,0,0.16225,-0.110617,-0.0624909,-0.011407,0.0117449,-0.0551397,-0.0635868,-0.0598229,-0.0688707,4961.63,-404.499,-3168.69,-0.000560599,0.0337709,-16.1817,4173.1,9.36343,1725.07,-0.00102756,-0.0180706,-15.3627,5141.81,148.106,-1513.9,0.00145424,0.0133032,-16.1259,4463.86,201.174,1008.99,0.00204213,-0.00964665,-15.4263
2.659,37.6942,-0.17347,4.93622,-0.188167,-0.190187,-1.05279,-0.146653,-0.0074875,0.00200893,2583.81,1,0.061119,0,0.16475,-0.111713,-0.0638138,-0.0114039,0.0117463,-0.055091,-0.0636381,-0.0597706,-0.0689328,4969.59,-327.014,-3152.02,0.000276519,0.0333353,-16.1731,4168.94,201.749,1692.77,0.000982923,-0.0178695,-15.3707,5145.7,140.588,-1555.77,0.00139642,0.0137139,-16.1336,4459.6,189.735,1030.66,0.00194465,-0.00990249,-15.4193
2.669,37.7433,-0.17974,4.93604,-0.190889,-0.0582213,-1.12387,-0.148635,-0.00758768,0.00201292,2582.77,1,0.0613523,0,0.16725,-0.11328,-0.0652875,-0.0114003,0.0117475,-0.0549971,-0.0637025,-0.0597133,-0.069001,4964.15,-295.786,-3145.86,0.000640919,0.0332391,-16.2039,4167.62,98.7757,1667.65,-0.000101112,-0.0174716,-15.3563,5149.53,138.587,-1525.19,0.00137123,0.0134017,-16.1381,4455.26,189.859,992.967,0.00193474,-0.00950922,-15.4163
2.679,37.7924,-0.186155,4.93623,-0.193983,0.171274,-1.18393,-0.150888,-0.00767974,0.00201562,2583.16,1,0.061467,0,0.16975,-0.114437,-0.0666556,-0.0113992,0.0117463,-0.0549522,-0.0637528,-0.0596614,-0.0690633,4972.26,-604.449,-3087.58,-0.00259342,0.0326634,-16.1749,4161.89,46.1976,1700.84,-0.000703318,-0.0178544,-15.3539,5153.34,163.576,-1534.83,0.00159024,0.0134706,-16.1477,4451.15,182.94,986.903,0.00187001,-0.00946237,-15.4088
2.689,37.8415,-0.192704,4.9382,-0.196078,2.05695,0.0502651,-0.152947,-0.00777432,0.00201873,2583.32,1,0.0615597,0,0.17225,-0.115679,-0.0680432,-0.0113949,0.0117492,-0.0548896,-0.0638086,-0.0596064,-0.0691283,4974.27,-533.876,-3147.6,-0.00176281,0.0335098,-16.1933,4157.06,-32.6103,1646.67,-0.00150198,-0.0170763,-15.3486,5156.86,153.504,-1544.18,0.00150315,0.0135615,-16.1518,4446.98,201.591,992.828,0.00204775,-0.00950855,-15.4045
2.699,37.8906,-0.199393,4.93626,-0.200016,-0.0696234,-0.937855,-0.155915,-0.00786902,0.00202257,2583.43,1,0.0615483,0,0.17475,-0.116997,-0.0694436,-0.0113911,0.01175,-0.0548258,-0.0638595,-0.0595548,-0.069193,4979.06,-293.796,-3254.81,0.000935347,0.0348366,-16.2119,4154.44,94.5211,1706.38,-0.000250097,-0.0180151,-15.3462,5160.86,139.217,-1543.02,0.00137725,0.013549,-16.1578,4443.01,196.106,979.929,0.00199423,-0.00938675,-15.3989
2.709,37.9397,-0.206224,4.93673,-0.202947,-0.0628533,-0.986223,-0.158163,-0.00796213,0.00202558,2583.54,1,0.0614643,0,0.17725,-0.118203,-0.0708057,-0.0113878,0.0117507,-0.0547833,-0.0639077,-0.0595026,-0.0692568,4988.87,-497.995,-3152.72,-0.0012907,0.033431,-16.2112,4148.75,97.3495,1669.33,-0.000215221,-0.0175719,-15.3464,5164.76,154.822,-1580.6,0.00152148,0.0139022,-16.1647,4439.11,194.409,1009.36,0.00199073,-0.0097118,-15.3939
2.719,37.9887,-0.213188,4.93655,-0.205737,-0.0802501,-1.09555,-0.160335,-0.00806121,0.00202978,2583.58,1,0.0616273,0,0.17975,-0.119742,-0.072263,-0.0113836,0.011752,-0.0546967,-0.0639676,-0.0594473,-0.0693248,4984.94,-483.336,-3165.76,-0.00108061,0.0336546,-16.2325,4145.69,34.6015,1668.79,-0.000896911,-0.0174953,-15.3341,5168.57,147.317,-1549.33,0.00144704,0.0135866,-16.1697,4434.68,192.09,977.938,0.00195932,-0.00938808,-15.39
2.729,38.0378,-0.220301,4.93947,-0.208974,2.74416,-0.565789,-0.163069,-0.00815395,0.00203236,2583.53,1,0.0616942,0,0.18225,-0.120906,-0.0735978,-0.0113836,0.0117501,-0.0546532,-0.0640293,-0.059396,-0.0693871,4990.15,-533.701,-3341.05,-0.00137361,0.0365398,-16.2287,4141.2,0.705207,1746.5,-0.00134779,-0.0184542,-15.3385,5172.61,135.006,-1594.1,0.00134762,0.0140283,-16.1766,4430.14,182.737,988.324,0.00187673,-0.00952108,-15.3832
2.739,38.0868,-0.227555,4.93621,-0.21194,-0.00342469,-1.27556,-0.165285,-0.00824895,0.00203676,2583.59,1,0.0619943,0,0.18475,-0.122187,-0.075056,-0.0113781,0.0117543,-0.0545857,-0.0640759,-0.0593441,-0.0694522,4995.73,-494.655,-3189.63,-0.00108579,0.0339621,-16.2449,4137.92,-10.6349,1662.88,-0.00141578,-0.0173786,-15.3306,5176.65,174.705,-1561.49,0.00168571,0.0136672,-16.1825,4425.83,214.628,962.617,0.00216799,-0.00920959,-15.3771
2.749,38.1358,-0.234955,4.93714,-0.214806,0.0609898,-1.05219,-0.167526,-0.00834355,0.00204037,2583.89,1,0.0617346,0,0.18725,-0.123435,-0.0764108,-0.011375,0.0117542,-0.0545363,-0.0641293,-0.0592918,-0.0695179,5003.01,-597.647,-3131.59,-0.00217139,0.0331337,-16.2375,4133.02,57.4907,1640.92,-0.000709101,-0.017225,-15.3266,5180.22,152.491,-1567.29,0.00149234,0.0137311,-16.1896,4421.53,186.507,950.92,0.00190365,-0.00913411,-15.3725
2.759,38.1848,-0.242496,4.93725,-0.217955,-0.0867487,-1.30602,-0.170031,-0.00844151,0.00204475,2583.87,1,0.0617277,0,0.18975,-0.124864,-0.0778449,-0.0113716,0.0117551,-0.054459,-0.06419,-0.0592386,-0.0695851,5001.75,-452.475,-3135.38,-0.000618822,0.0330099,-16.2633,4130.48,56.3523,1540.53,-0.000656719,-0.0159844,-15.3262,5184.52,143.958,-1570.03,0.00141779,0.0137526,-16.1943,4417.11,192.794,952.363,0.00196512,-0.00914944,-15.3683
2.769,38.2338,-0.250187,4.93735,-0.220814,-0.169426,-1.13945,-0.1723,-0.00853607,0.00204855,2583.87,1,0.0617454,0,0.19225,-0.12612,-0.0792244,-0.0113677,0.0117548,-0.0544047,-0.0642414,-0.059187,-0.069649,5008.97,-519.388,-3214.39,-0.00117722,0.0342888,-16.2617,4126.46,113.058,1672.53,-0.000202794,-0.0177263,-15.3241,5188.75,150.987,-1576.31,0.00147925,0.0137993,-16.2019,4412.49,165.03,944.011,0.00170333,-0.00910728,-15.3627
2.779,38.2828,-0.258025,4.93711,-0.224073,-0.333448,-1.28508,-0.174976,-0.00863296,0.00205329,2583.72,1,0.0618744,0,0.19475,-0.127449,-0.0806427,-0.011365,0.0117573,-0.0543343,-0.064294,-0.0591348,-0.069716,5010.35,-436.224,-3240.48,-0.000227732,0.0345662,-16.2761,4122.06,92.0596,1616.77,-0.00040019,-0.0170112,-15.3188,5192.84,158.643,-1566.46,0.00154215,0.0136861,-16.2072,4408.02,212.696,921.909,0.00214325,-0.0088124,-15.3575
2.789,38.3317,-0.266012,4.93747,-0.226682,0.187643,-0.991181,-0.176839,-0.00873084,0.00205756,2584.01,1,0.0620468,0,0.19725,-0.128825,-0.0820538,-0.0113619,0.0117567,-0.0542779,-0.0643525,-0.0590823,-0.069784,5016.63,-652.107,-3230.32,-0.00245624,0.0346778,-16.2776,4118.32,37.461,1670.27,-0.00104603,-0.0176211,-15.3121,5196.93,165.203,-1583.9,0.00160181,0.0138437,-16.2146,4403.54,193.675,948.125,0.00197838,-0.00912991,-15.3523
2.799,38.3807,-0.274149,4.93786,-0.229524,-0.443944,-0.959651,-0.17921,-0.00882757,0.00206235,2584.07,1,0.0617173,0,0.19975,-0.130078,-0.0834118,-0.0113591,0.0117581,-0.0542124,-0.0644052,-0.0590306,-0.0698501,5020.28,-413.206,-3194.9,4.17819e-05,0.0337244,-16.2829,4114.34,221.14,1603.39,0.000918462,-0.0170199,-15.3108,5201.03,140.459,-1576.33,0.00138369,0.0137743,-16.2202,4398.75,188.513,924.575,0.00192354,-0.008895,-15.3462
2.809,38.4296,-0.282444,4.93812,-0.233128,-0.117037,-1.2282,-0.182125,-0.00892379,0.00206688,2584.13,1,0.0618377,0,0.20225,-0.131267,-0.0847884,-0.0113557,0.0117591,-0.054168,-0.0644564,-0.0589789,-0.0699173,5029.6,-428.225,-3230.73,-2.13107e-05,0.0342343,-16.2935,4109.04,190.24,1586.13,0.000584858,-0.0167974,-15.3113,5205.25,136.881,-1599.44,0.00135651,0.013994,-16.2267,4394.19,192.987,925.413,0.00196755,-0.0089063,-15.3407
2.819,38.4785,-0.290885,4.93774,-0.23579,0.156269,-1.11004,-0.18398,-0.00902557,0.00207191,2584.17,1,0.0622146,0,0.20475,-0.132753,-0.0862526,-0.0113517,0.0117595,-0.0541003,-0.0645164,-0.0589241,-0.0699882,5033.79,-560.713,-3221.02,-0.00137057,0.0342642,-16.3115,4105.43,46.2955,1620.74,-0.000979777,-0.0170564,-15.2997,5209.49,167.333,-1594.17,0.00161885,0.0139112,-16.2325,4389.59,206.376,926.258,0.00209478,-0.00890433,-15.3365
2.829,38.5274,-0.299481,4.9379,-0.238905,-0.34951,-0.945109,-0.186709,-0.00912323,0.00207703,2584.31,1,0.0620336,0,0.20725,-0.133959,-0.0876157,-0.0113495,0.0117611,-0.0540303,-0.0645725,-0.0588724,-0.0700552,5036.75,-476.371,-3368.59,-0.000244092,0.0364971,-16.3094,4103.02,207.79,1672.29,0.000652114,-0.0179434,-15.3094,5213.54,157.598,-1603.58,0.00153437,0.0140003,-16.2391,4384.66,201.369,916.762,0.0020469,-0.00881973,-15.3299
2.839,38.5762,-0.308235,4.93802,-0.242468,-0.0512339,-1.88554,-0.189387,-0.00922108,0.00208178,2584.4,1,0.062181,0,0.20975,-0.13522,-0.0890073,-0.0113456,0.0117619,-0.0539792,-0.0646268,-0.0588205,-0.0701236,5043.23,-483.954,-3147.67,-0.000580649,0.0329295,-16.3203,4097.44,112.332,1527.22,-0.000246996,-0.0160192,-15.2994,5217.96,153.108,-1600.99,0.00149408,0.013966,-16.2455,4380.01,186.998,901.355,0.00190935,-0.00868521,-15.3247
2.849,38.6251,-0.317143,4.9382,-0.245176,0.0347375,-1.02652,-0.191465,-0.00932082,0.00208689,2584.58,1,0.0622571,0,0.21225,-0.136567,-0.0904173,-0.0113421,0.0117618,-0.0539132,-0.064685,-0.0587674,-0.0701938,5048.14,-553.839,-3372.28,-0.000968814,0.0365952,-16.3315,4094.38,105.064,1647.48,-0.000462936,-0.0175309,-15.2934,5221.95,164.014,-1606.09,0.0015885,0.0139988,-16.2512,4375.48,220.363,909.984,0.00222519,-0.00873498,-15.3196
2.859,38.6739,-0.326204,4.93836,-0.248176,0.193156,-1.46415,-0.193974,-0.00942152,0.0020922,2584.45,1,0.0623451,0,0.21475,-0.137982,-0.0918655,-0.0113386,0.0117622,-0.0538298,-0.0647492,-0.058714,-0.0702644,5046.11,-458.607,-3315.81,9.75748e-06,0.0355131,-16.3482,4092.87,24.9003,1561.43,-0.0012367,-0.0163177,-15.2868,5226.37,147.765,-1618.21,0.00144922,0.0141176,-16.2565,4370.9,217.071,903.575,0.00219441,-0.00868013,-15.3153
2.869,38.7227,-0.335427,4.93871,-0.250802,0.204837,-1.15209,-0.195857,-0.00951976,0.00209695,2584.65,1,0.0623094,0,0.21725,-0.139295,-0.0932795,-0.0113352,0.0117627,-0.0537734,-0.0648022,-0.0586616,-0.0703341,5052.97,-814.911,-3193.84,-0.00379606,0.0340747,-16.3384,4087.47,160.074,1561.35,0.00015266,-0.0165469,-15.2852,5230.38,148.035,-1617.87,0.00145028,0.0141035,-16.2642,4366.55,189.593,899.579,0.00193901,-0.00868803,-15.309
2.879,38.7715,-0.344811,4.93873,-0.254478,0.41758,-1.32574,-0.198914,-0.00961641,0.00210201,2584.51,1,0.0624831,0,0.21975,-0.140449,-0.0946415,-0.0113324,0.011763,-0.0537143,-0.0648549,-0.0586108,-0.0704026,5057.71,-637.707,-3326.7,-0.00176802,0.0359113,-16.3447,4082.99,19.9339,1560.1,-0.00133712,-0.0163261,-15.2838,5234.43,158.679,-1628.76,0.00154363,0.0141937,-16.2703,4362.1,211.405,890.739,0.00214131,-0.00856799,-15.3033
2.889,38.8202,-0.354358,4.93852,-0.257358,0.0535186,-1.42447,-0.201065,-0.00971444,0.0021066,2584.64,1,0.0625117,0,0.22225,-0.141668,-0.0960464,-0.0113287,0.011764,-0.0536689,-0.0649069,-0.0585584,-0.0704731,5068.11,-608.88,-3267.31,-0.00149394,0.0348125,-16.3585,4077.43,95.2008,1558.17,-0.00057296,-0.0164541,-15.2786,5238.18,163.822,-1631.79,0.00158762,0.0142104,-16.2764,4357.93,205.341,885.488,0.00208491,-0.00852905,-15.2987
2.899,38.8689,-0.364058,4.93863,-0.260025,0.406073,-1.25032,-0.203147,-0.00981613,0.00211204,2584.92,1,0.062715,0,0.22475,-0.143115,-0.0975084,-0.0113252,0.0117646,-0.0535844,-0.0649685,-0.0585044,-0.0705455,5066.47,-681.151,-3273.96,-0.00219188,0.0350608,-16.3725,4074.78,-9.40343,1565.88,-0.00169541,-0.0163659,-15.2718,5242.21,177.521,-1641.08,0.00170723,0.0142823,-16.282,4353.38,220.45,893.515,0.00223049,-0.00859972,-15.2933
2.909,38.9176,-0.373928,4.93857,-0.263238,-0.267135,-1.41003,-0.206038,-0.0099099,0.00211709,2584.57,1,0.062555,0,0.22725,-0.144168,-0.0988674,-0.0113183,0.0117683,-0.0535256,-0.0650117,-0.058456,-0.0706119,5072.3,-581.679,-3161.54,-0.00125964,0.0330913,-16.3694,4069.06,79.69,1396.45,-0.000606161,-0.0144777,-15.2778,5246.34,161.54,-1653.19,0.00157045,0.0144022,-16.2892,4348.82,199.257,865.769,0.00202487,-0.008344,-15.2868
2.919,38.9663,-0.383954,4.93881,-0.266087,-0.388029,-1.43636,-0.208086,-0.0100117,0.00212221,2584.6,1,0.0624978,0,0.22975,-0.145703,-0.100364,-0.0113177,0.0117668,-0.0534484,-0.0650818,-0.0584031,-0.0706854,5071.71,-281.674,-3331.41,0.0021521,0.0351591,-16.418,4067.86,243.507,1476.36,0.000996613,-0.0156683,-15.2778,5250.66,147.554,-1667.6,0.00145156,0.0145421,-16.2926,4344.72,211.019,900.999,0.00215111,-0.00871227,-15.2828
2.929,39.015,-0.39415,4.9392,-0.268885,0.452584,-1.17595,-0.210171,-0.0101073,0.0021269,2584.88,1,0.0627895,0,0.23225,-0.14693,-0.101748,-0.0113154,0.0117663,-0.0533991,-0.0651342,-0.0583524,-0.0707545,5079.15,-854.413,-3220.88,-0.00389745,0.0343976,-16.3792,4062,63.9457,1539.42,-0.000974162,-0.0162213,-15.2654,5254.08,178.524,-1653.27,0.00171473,0.0143706,-16.3025,4340.13,205.813,869.011,0.00209115,-0.00838442,-15.2762
2.939,39.0636,-0.404511,4.93943,-0.272548,0.428897,-1.49063,-0.2132,-0.0102041,0.00213242,2584.84,1,0.0627605,0,0.23475,-0.148131,-0.103155,-0.0113116,0.0117654,-0.053332,-0.0651899,-0.058302,-0.0708246,5080.94,-492.823,-3356.94,7.74401e-05,0.0359416,-16.4043,4058.2,76.244,1475.21,-0.000795663,-0.0154621,-15.2661,5257.57,129.864,-1637.56,0.00128879,0.0142364,-16.3068,4335.82,182.927,853.359,0.00187358,-0.0082601,-15.2711
2.949,39.1122,-0.415041,4.93905,-0.275029,-0.328732,-1.22132,-0.215035,-0.0103018,0.00213737,2585.02,1,0.0627129,0,0.23725,-0.149441,-0.104564,-0.011308,0.0117663,-0.0532809,-0.0652415,-0.0582506,-0.0708958,5090.65,-507.479,-3314.43,-9.81876e-05,0.0351982,-16.4178,4053.31,206.741,1521.74,0.000500155,-0.0162572,-15.2675,5261.59,151.652,-1658.03,0.00148126,0.0144152,-16.3133,4331.71,207.961,862.449,0.0021128,-0.00832585,-15.266
2.959,39.1608,-0.425741,4.93938,-0.27872,0.459583,-1.3649,-0.21817,-0.0103983,0.00214346,2584.98,1,0.0629845,0,0.23975,-0.150611,-0.105987,-0.011305,0.0117674,-0.0532215,-0.0652902,-0.0582017,-0.070966,5094.2,-556.158,-3417.98,-0.000403936,0.0369591,-16.4214,4047.42,46.5334,1524.18,-0.00121129,-0.0160489,-15.2609,5265.02,163.002,-1642.87,0.00157354,0.0142492,-16.319,4326.95,234.367,822.166,0.00234017,-0.00785569,-15.2605
2.969,39.2093,-0.436607,4.93922,-0.280814,-0.113367,-1.53058,-0.219361,-0.0105004,0.00214879,2585.06,1,0.0629174,0,0.24225,-0.152163,-0.107465,-0.0113018,0.0117679,-0.0531568,-0.0653535,-0.0581486,-0.0710401,5099.78,-836.103,-3123.22,-0.00361645,0.032728,-16.4303,4044.02,125.249,1460.87,-0.000331539,-0.0154199,-15.2477,5269.52,177.44,-1665.68,0.00170304,0.0144528,-16.3259,4322.79,204.253,859.212,0.00208097,-0.00831343,-15.2557
2.979,39.2578,-0.447641,4.93945,-0.284538,0.084231,-1.31891,-0.222897,-0.0105961,0.00215521,2584.97,1,0.0629981,0,0.24475,-0.153328,-0.108819,-0.0112977,0.0117663,-0.0530726,-0.0654133,-0.0581019,-0.0711079,5096.82,-459.646,-3431.8,0.000740093,0.0369576,-16.4325,4043.41,86.3829,1443.07,-0.000740269,-0.0151353,-15.2522,5274.07,142.189,-1679.31,0.00140036,0.0145976,-16.3312,4317.76,219.653,838.109,0.00221767,-0.00806933,-15.2493
2.989,39.3063,-0.458847,4.9394,-0.287067,0.0528592,-1.47974,-0.224458,-0.0106963,0.00216119,2585.31,1,0.0630994,0,0.24725,-0.154872,-0.110351,-0.0112951,0.0117685,-0.0530081,-0.0654726,-0.0580505,-0.0711819,5101.22,-686.615,-3284.15,-0.00181063,0.0349851,-16.4574,4039.67,130.48,1496.21,-0.000364398,-0.0158806,-15.2442,5278.03,178.061,-1674.1,0.00170751,0.0145128,-16.3376,4313.45,216.235,844.198,0.00219065,-0.00814863,-15.2452
2.999,39.3547,-0.470234,4.9397,-0.291106,-0.569841,-2.11804,-0.227984,-0.0107892,0.00216676,2585.17,1,0.0627767,0,0.24975,-0.155809,-0.11158,-0.0112917,0.011767,-0.0529675,-0.065521,-0.0580028,-0.0712474,5111.84,-475.456,-3339.62,0.000502745,0.0353492,-16.4408,4033.68,233.662,1471.58,0.000726071,-0.0157503,-15.2543,5281.74,136.452,-1668.12,0.00134561,0.0144696,-16.3449,4308.53,183.3,806.373,0.0018719,-0.00780463,-15.2368
3.009,39.4031,-0.481786,4.93985,-0.293317,0.291335,-1.46872,-0.229416,-0.0108916,0.00217388,2585.29,1,0.0632005,0,0.25225,-0.157327,-0.113125,-0.0112881,0.0117678,-0.0528921,-0.0655781,-0.057952,-0.0713246,5113.17,-540.44,-3359.88,-9.16125e-05,0.0358055,-16.4753,4030.72,169.696,1478.28,2.27148e-05,-0.0157565,-15.2425,5285.64,155.421,-1664.23,0.00150746,0.0144097,-16.3498,4304.06,212.991,818.299,0.0021542,-0.00789142,-15.2336
3.019,39.4515,-0.49352,4.93997,-0.296962,0.57076,-1.69191,-0.232335,-0.0109893,0.00218023,2585.23,1,0.0633505,0,0.25475,-0.158583,-0.11453,-0.0112841,0.0117666,-0.0528387,-0.0656323,-0.0579028,-0.0713961,5120.77,-674.227,-3368.17,-0.001422,0.0361543,-16.4658,4026.32,-0.965431,1437.17,-0.00172532,-0.0149342,-15.2396,5289.92,166.237,-1689.21,0.00160519,0.0146379,-16.3572,4299.73,218.032,817.131,0.00220262,-0.00787771,-15.2278
3.029,39.4999,-0.505427,4.93989,-0.300076,0.282565,-1.97881,-0.23488,-0.0110886,0.002187,2585.37,1,0.0633489,0,0.25725,-0.159918,-0.115965,-0.0112806,0.0117666,-0.0527734,-0.0656869,-0.0578537,-0.0714677,5125.46,-605.138,-3357.31,-0.000671067,0.0357962,-16.486,4022.59,100.058,1407.78,-0.000663254,-0.014799,-15.2379,5294.43,165.837,-1701.58,0.00160314,0.0147483,-16.3623,4294.82,211.851,818.252,0.00214843,-0.00790908,-15.2217
3.039,39.5482,-0.51751,4.93965,-0.302127,0.122665,-0.222513,-0.236322,-0.01119,0.00219385,2585.42,1,0.0635491,0,0.25975,-0.161268,-0.117416,-0.0112781,0.0117702,-0.0527053,-0.0657446,-0.0578037,-0.0715428,5131.88,-867.955,-3553.67,-0.00312643,0.0396227,-16.4859,4019.99,81.3964,1583.48,-0.00111267,-0.0169583,-15.225,5298.56,180.315,-1687.99,0.00172304,0.0145931,-16.3695,4290.35,249.316,825.107,0.00249814,-0.00792466,-15.2173
3.049,39.5965,-0.529779,4.94032,-0.306105,0.218609,-1.06102,-0.239774,-0.0112853,0.00220057,2585.27,1,0.0633606,0,0.26225,-0.162337,-0.118754,-0.0112751,0.01177,-0.052653,-0.0657927,-0.0577575,-0.0716127,5138.57,-672.681,-3580.25,-0.000932586,0.0395916,-16.4839,4014.42,106.619,1499.91,-0.000759461,-0.015976,-15.2333,5302.82,157.93,-1699.28,0.00153146,0.0147075,-16.3761,4285.49,228.827,802.651,0.00230262,-0.00772683,-15.2106
3.059,39.6447,-0.542221,4.94002,-0.308456,0.0860805,-1.38032,-0.241335,-0.0113873,0.00220717,2585.48,1,0.0635217,0,0.26475,-0.163734,-0.120238,-0.0112717,0.0117702,-0.0525901,-0.0658517,-0.0577056,-0.0716887,5144.16,-677.902,-3378.23,-0.00125571,0.0361303,-16.5126,4010.1,123.504,1494.04,-0.000596214,-0.0159514,-15.2242,5306.64,177.513,-1707.94,0.00170086,0.0147702,-16.3817,4281.13,215.435,806.436,0.00218341,-0.00779912,-15.2063
3.069,39.6929,-0.554846,4.9407,-0.311646,0.410929,-1.08325,-0.244097,-0.0114846,0.0022138,2585.45,1,0.0634751,0,0.26725,-0.164887,-0.121617,-0.0112685,0.0117696,-0.0525267,-0.0659083,-0.0576587,-0.0717613,5148.43,-557.99,-3452.08,0.000163167,0.0370334,-16.5107,4006.66,92.5189,1425.36,-0.000852129,-0.015051,-15.2252,5310.78,148.072,-1722.57,0.00144954,0.0149217,-16.3872,4276.41,210.511,794.308,0.00213472,-0.00768466,-15.1991
3.079,39.7411,-0.567647,4.9401,-0.314795,0.144032,-0.949896,-0.246424,-0.0115859,0.00222081,2585.57,1,0.063712,0,0.26975,-0.166343,-0.123121,-0.0112646,0.0117704,-0.0524439,-0.0659708,-0.0576081,-0.0718366,5148.2,-622.991,-3661.15,-0.000102312,0.0408282,-16.5331,4005.28,114.68,1581.82,-0.000858114,-0.0170611,-15.2175,5314.75,170.241,-1712.88,0.00163692,0.0148016,-16.3933,4271.97,233.516,800.842,0.00235203,-0.00772208,-15.1952
3.089,39.7892,-0.580631,4.94011,-0.317508,0.222361,-1.96345,-0.248231,-0.0116848,0.00222756,2585.68,1,0.0637915,0,0.27225,-0.167731,-0.124591,-0.0112612,0.0117708,-0.0523699,-0.0660282,-0.0575594,-0.0719108,5148.4,-1111.48,-3284.95,-0.00569192,0.0354336,-16.5128,4001.14,71.1925,1499.03,-0.00122499,-0.0159334,-15.2103,5318.26,225.091,-1702.52,0.00210154,0.0146495,-16.4012,4267.76,233.105,799.37,0.0023503,-0.00771412,-15.1905
3.099,39.8373,-0.593805,4.94113,-0.321156,-0.0746389,-0.831895,-0.251763,-0.0117766,0.00223406,2585.6,1,0.0633767,0,0.27475,-0.168702,-0.125919,-0.0112587,0.0117703,-0.0523188,-0.066074,-0.0575163,-0.0719797,5156.33,-546.444,-3732.51,0.000976065,0.041849,-16.5281,3996.98,229.678,1558.4,0.000354912,-0.0170126,-15.2232,5322.54,137.075,-1732.55,0.00135326,0.0149938,-16.4065,4263.09,231.805,784.835,0.00233368,-0.00756657,-15.1836
3.109,39.8853,-0.60716,4.9401,-0.323748,-0.108049,-1.37767,-0.25351,-0.0118756,0.0022409,2585.68,1,0.0638694,0,0.27725,-0.170059,-0.127406,-0.0112538,0.0117704,-0.0522611,-0.0661205,-0.0574658,-0.0720548,5163.44,-652.244,-3454.86,-0.000627898,0.0371685,-16.5553,3989.67,143.965,1452.06,-0.000438504,-0.0155424,-15.2093,5326.16,175.925,-1734.15,0.00168698,0.0149767,-16.4124,4258.92,229.103,776.817,0.00230683,-0.00749154,-15.1788
3.119,39.9333,-0.620706,4.9412,-0.326578,-0.470422,-1.39154,-0.255846,-0.0119705,0.00224723,2585.8,1,0.0633545,0,0.27975,-0.171129,-0.128758,-0.0112523,0.01177,-0.0522214,-0.0661693,-0.0574206,-0.0721278,5172.73,-486.542,-3294.79,0.000823298,0.0341445,-16.5556,3982.23,297.634,1339.76,0.00130129,-0.0144197,-15.2198,5329.8,215.763,-1730.01,0.00202595,0.0148973,-16.4158,4254.27,255.033,730.538,0.0025184,-0.00694785,-15.1684
3.129,39.9813,-0.634422,4.94054,-0.329731,-0.0672111,-1.74946,-0.258241,-0.0120748,0.00225531,2585.85,1,0.0638805,0,0.28225,-0.172837,-0.130365,-0.0112479,0.0117704,-0.0521071,-0.0662447,-0.0573691,-0.0722067,5162.39,-522.488,-3457.59,0.000826772,0.0369067,-16.5919,3984.46,113.965,1361.6,-0.000667836,-0.0143872,-15.2029,5333.59,157.391,-1750.42,0.00152804,0.0151285,-16.4222,4250.09,212.016,776.395,0.00215308,-0.00753284,-15.169
3.139,40.0292,-0.64834,4.94092,-0.333201,0.386277,-1.69568,-0.261155,-0.012166,0.00226199,2585.65,1,0.0639961,0,0.28475,-0.173898,-0.131716,-0.011245,0.0117701,-0.0520634,-0.066291,-0.0573264,-0.0722759,5171.39,-840.061,-3436.95,-0.00246803,0.0372422,-16.5614,3979.2,95.9793,1393.88,-0.000927777,-0.0147597,-15.2087,5337.65,172.466,-1735.53,0.00165355,0.0149608,-16.4321,4245.6,223.561,745.348,0.00224771,-0.00718246,-15.1613
3.149,40.0771,-0.662442,4.94061,-0.335928,-0.00146303,-1.87347,-0.2631,-0.0122654,0.00226946,2586.03,1,0.0640558,0,0.28725,-0.175306,-0.133224,-0.0112419,0.0117709,-0.0519984,-0.0663475,-0.0572779,-0.0723529,5176.28,-791.522,-3365.75,-0.00202038,0.035934,-16.588,3975.79,103.797,1400.84,-0.000876232,-0.0148725,-15.1972,5341.37,190.34,-1751.79,0.00180996,0.0150994,-16.4368,4241.66,237.581,752.687,0.00238094,-0.00724207,-15.1569
3.159,40.1249,-0.676735,4.94103,-0.339188,0.35161,-1.61195,-0.265785,-0.0123623,0.00227696,2585.99,1,0.0641336,0,0.28975,-0.176555,-0.134638,-0.0112385,0.01177,-0.0519362,-0.0664026,-0.0572326,-0.0724262,5180.81,-798.722,-3440.69,-0.00193026,0.0371358,-16.587,3972.04,49.3926,1354.11,-0.00139284,-0.0141877,-15.1974,5345.42,186.673,-1760.51,0.00177915,0.0151769,-16.4429,4236.9,218.322,745.959,0.00220467,-0.00721292,-15.1512
3.169,40.1727,-0.691214,4.94131,-0.342079,0.309889,-1.63218,-0.268099,-0.0124641,0.00228512,2586,1,0.0640925,0,0.29225,-0.178073,-0.136174,-0.0112345,0.0117693,-0.0518524,-0.0664673,-0.0571846,-0.072503,5178.97,-600.629,-3495.68,0.000283642,0.0375826,-16.6209,3970.52,146.146,1324.49,-0.000363612,-0.014047,-15.1945,5349.63,161.643,-1761.61,0.00156338,0.0151919,-16.4473,4232.04,230.518,752.299,0.00232173,-0.00726696,-15.1469
3.179,40.2204,-0.705901,4.94126,-0.345649,-0.00844844,-1.76261,-0.27106,-0.0125554,0.00229237,2586.22,1,0.0640674,0,0.29475,-0.178953,-0.137432,-0.0112325,0.0117698,-0.0518345,-0.0664985,-0.0571438,-0.0725723,5197.94,-710.425,-3435.54,-0.000923069,0.0366919,-16.5974,3961.09,198.195,1302.94,0.000189278,-0.0139161,-15.2042,5353.91,170.36,-1775.37,0.00163987,0.0153107,-16.4568,4227.21,215.046,730.641,0.00217238,-0.00706836,-15.1379
3.189,40.2681,-0.720761,4.94094,-0.348134,0.125856,-1.85278,-0.272703,-0.0126662,0.00230155,2586.21,1,0.0643446,0,0.29725,-0.180778,-0.139133,-0.0112281,0.0117698,-0.0517227,-0.066577,-0.05709,-0.0726557,5189.68,-590.7,-3516.68,0.000523467,0.037804,-16.6533,3962.09,125.819,1376.24,-0.000695039,-0.014662,-15.1841,5358.17,185.324,-1766.06,0.00176484,0.015197,-16.4589,4222.03,225.781,735.555,0.00227482,-0.00710987,-15.1363
3.199,40.3157,-0.735835,4.94125,-0.351827,0.111895,-1.96379,-0.275905,-0.0127593,0.00230927,2586.24,1,0.0642939,0,0.29975,-0.18169,-0.140378,-0.0112255,0.0117695,-0.0516924,-0.0666157,-0.0570498,-0.0727259,5204.18,-880.963,-3392.29,-0.00264829,0.0363442,-16.608,3954.43,169.157,1273.21,-0.000110265,-0.0135283,-15.1978,5362.75,192.078,-1777.32,0.00182314,0.015291,-16.4698,4216.8,238.799,717.307,0.00238694,-0.00689442,-15.1269
3.209,40.3633,-0.751094,4.94121,-0.354466,0.0941225,-1.74535,-0.277825,-0.0128649,0.00231814,2586.1,1,0.0644142,0,0.30225,-0.183145,-0.14192,-0.0112218,0.0117695,-0.0516139,-0.0666778,-0.0570003,-0.0728063,5206.68,-667.115,-3502.76,-0.000205177,0.0376142,-16.6518,3951.82,194.141,1328.54,5.09193e-05,-0.0142539,-15.1889,5367.13,174.909,-1779.59,0.00167558,0.0153123,-16.473,4211.84,215.67,728.058,0.00218426,-0.00706363,-15.123
3.219,40.4108,-0.766557,4.94096,-0.358605,0.157498,-2.82799,-0.281233,-0.0129633,0.00232667,2586.17,1,0.0645655,0,0.30475,-0.18431,-0.143309,-0.0112196,0.0117733,-0.0515622,-0.0667221,-0.056956,-0.0728819,5215.21,-730.768,-3339.07,-0.001107,0.0350689,-16.6424,3944.87,8.62949,1203.11,-0.00169174,-0.0123551,-15.1864,5371.58,175.152,-1799.41,0.00168106,0.0154957,-16.4809,4206.79,226.023,712.191,0.00227361,-0.00687913,-15.1164
3.229,40.4583,-0.78221,4.94132,-0.360641,0.01506,-2.0825,-0.282647,-0.0130701,0.00233542,2586.16,1,0.0644977,0,0.30725,-0.185743,-0.144835,-0.0112145,0.0117689,-0.0514801,-0.0667898,-0.0569056,-0.0729634,5216.84,-711.678,-3430.03,-0.000704009,0.0364515,-16.6708,3943.26,262.733,1302.85,0.000770215,-0.01409,-15.1827,5375.78,170.826,-1787.33,0.00164026,0.0153669,-16.4862,4201.86,222.249,714.75,0.00224321,-0.00692199,-15.1118
3.239,40.5057,-0.798067,4.94169,-0.364,0.167482,-1.3957,-0.28534,-0.0131688,0.00234355,2586.31,1,0.0645421,0,0.30975,-0.186816,-0.146177,-0.0112128,0.0117636,-0.051427,-0.0668435,-0.0568609,-0.0730393,5226.31,-718.521,-3594.95,-0.000420631,0.0391228,-16.659,3938.58,155.221,1300.07,-0.000375974,-0.0138765,-15.1845,5380.2,201.01,-1808.01,0.00190108,0.0155395,-16.4932,4196.72,225.841,693.643,0.0022674,-0.00669301,-15.1051
3.249,40.5531,-0.814112,4.94105,-0.366681,0.357075,-1.42272,-0.287255,-0.0132761,0.00235312,2586.28,1,0.0649807,0,0.31225,-0.188477,-0.147831,-0.0112075,0.0117683,-0.0513176,-0.066918,-0.0568114,-0.0731223,5218.11,-918.134,-3592.12,-0.00248183,0.0397052,-16.6831,3939.81,-51.4566,1309.2,-0.00253502,-0.0134336,-15.1582,5384.39,191.502,-1795.38,0.00181527,0.015409,-16.498,4191.97,262.143,720.222,0.00261215,-0.00691896,-15.1029
3.259,40.6004,-0.830373,4.94228,-0.369951,0.579655,-1.19281,-0.290478,-0.0133682,0.002361,2586.33,1,0.0646633,0,0.31475,-0.189367,-0.149065,-0.0112068,0.0117658,-0.0512906,-0.0669526,-0.0567705,-0.0731951,5232.7,-842.444,-3555.14,-0.00168585,0.0387224,-16.6719,3931.03,210.403,1237.38,0.000257464,-0.0132542,-15.1865,5388.31,165.092,-1815.4,0.00159269,0.0156123,-16.5061,4187.59,236.202,695.576,0.00236761,-0.00670759,-15.0932
3.269,40.6476,-0.84681,4.94146,-0.373222,0.415301,-1.99746,-0.292642,-0.0134814,0.00237107,2586.41,1,0.0649763,0,0.31725,-0.191246,-0.150843,-0.0112011,0.0117665,-0.0511562,-0.0670423,-0.0567168,-0.0732829,5216.86,-400.406,-3726.17,0.00340642,0.0405402,-16.7474,3935.35,-120.241,1266.74,-0.00317433,-0.0127051,-15.1524,5392.34,167.173,-1812.89,0.00160944,0.0155747,-16.5069,4182.79,283.642,709.274,0.00280111,-0.0067694,-15.0935
3.279,40.6948,-0.863481,4.94117,-0.374922,-0.412968,-2.65811,-0.293404,-0.0135701,0.00237819,2586.48,1,0.064816,0,0.31975,-0.191935,-0.152038,-0.0111986,0.0117657,-0.0511786,-0.0670546,-0.0566781,-0.0733542,5251.14,-1390.82,-2916.16,-0.00774409,0.0298252,-16.6521,3919.48,465.074,1334.47,0.00275652,-0.0148447,-15.198,5395.47,260.876,-1838.99,0.00241055,0.0157577,-16.5227,4178.47,124.882,675.954,0.00132153,-0.00670541,-15.0779
3.289,40.7419,-0.880332,4.94187,-0.380293,0.201766,-2.56381,-0.298337,-0.0136792,0.00238843,2586.38,1,0.0648446,0,0.32225,-0.193451,-0.153598,-0.0111944,0.0117648,-0.0510559,-0.0671381,-0.0566279,-0.0734387,5236.63,-423.525,-3761.76,0.00333756,0.0410282,-16.7311,3924.16,37.7794,1277.09,-0.00165777,-0.0133456,-15.1607,5399.62,173.499,-1803.19,0.00165716,0.0154544,-16.5206,4174.05,264.637,697.393,0.0026314,-0.00669097,-15.0796
3.299,40.789,-0.897414,4.94183,-0.382429,0.11833,-1.35553,-0.299717,-0.0137722,0.00239597,2586.49,1,0.0650212,0,0.32475,-0.1943,-0.154872,-0.0111918,0.0117655,-0.0510676,-0.0671553,-0.0565867,-0.0735146,5267.05,-1022.99,-3565.3,-0.00334808,0.0390532,-16.7,3908.36,316.375,1383.51,0.00107958,-0.0153317,-15.1757,5403.8,205.226,-1824.17,0.00193158,0.0156291,-16.5334,4169.81,228.966,674.78,0.00230068,-0.00652146,-15.0696
3.309,40.836,-0.91467,4.94185,-0.385254,0.273278,-1.77267,-0.302188,-0.013887,0.00240645,2586.52,1,0.0651373,0,0.32725,-0.196123,-0.156603,-0.0111871,0.0117647,-0.0509224,-0.0672503,-0.0565333,-0.0736032,5247.74,-512.782,-3671.54,0.0022547,0.0396009,-16.7678,3914.11,148.368,1240.45,-0.000488441,-0.0132191,-15.1538,5408.08,137.465,-1810.13,0.0013496,0.0155187,-16.5335,4164.15,230.397,658.856,0.00230604,-0.00635282,-15.0702
3.319,40.8829,-0.932164,4.94374,-0.386824,1.11896,1.38782,-0.303176,-0.0139724,0.00241399,2586.71,1,0.0650233,0,0.32975,-0.196683,-0.157693,-0.011188,0.0117638,-0.0509398,-0.0672693,-0.0564993,-0.0736718,5279.13,-809.899,-3779.82,-0.000616091,0.0421351,-16.6991,3899.27,220.341,1418.19,-5.25102e-05,-0.0156258,-15.1764,5411.82,162.609,-1859.46,0.00157304,0.0159821,-16.546,4159.8,247.628,673.541,0.00247272,-0.00648512,-15.0567
3.329,40.9298,-0.949824,4.94174,-0.391548,0.784319,-2.16485,-0.307239,-0.0140898,0.00242491,2586.51,1,0.0655482,0,0.33225,-0.198796,-0.159635,-0.0111802,0.011763,-0.0507594,-0.067375,-0.0564447,-0.0737629,5246.06,-429.1,-3661.13,0.00320221,0.0391514,-16.8004,3908.88,-94.6159,1132.17,-0.00278411,-0.0112563,-15.1349,5416.89,172.204,-1838.34,0.0016499,0.0157529,-16.5437,4154.4,280.541,682.363,0.0027731,-0.00652265,-15.0592
3.339,40.9766,-0.967732,4.94193,-0.395222,-0.331494,-3.00316,-0.310153,-0.0141727,0.00243252,2586.39,1,0.0650448,0,0.33475,-0.199426,-0.160704,-0.0111787,0.0117669,-0.0507699,-0.0673766,-0.0564099,-0.0738306,5273.36,-1005.49,-3064.33,-0.0037045,0.0312201,-16.7243,3892.85,405.835,917.816,0.00256362,-0.00982726,-15.1797,5420.27,196.901,-1862,0.0018641,0.015962,-16.5592,4150.4,203.673,636.823,0.00205989,-0.00618543,-15.0462
3.349,41.0233,-0.98582,4.94218,-0.397422,0.552904,-1.77737,-0.31156,-0.0142842,0.00244288,2586.65,1,0.065484,0,0.33725,-0.201216,-0.162511,-0.0111735,0.011763,-0.0506548,-0.0674672,-0.0563581,-0.0739216,5264.15,-662.21,-3634.34,0.000802977,0.0392618,-16.799,3896.45,84.6802,1254.24,-0.00125708,-0.0132738,-15.1393,5423.7,177.396,-1841.75,0.00169245,0.0157638,-16.5576,4146.37,249.67,666.028,0.00249379,-0.00641826,-15.0462
3.359,41.07,-1.00414,4.94179,-0.401406,0.332633,-1.78709,-0.315176,-0.0143747,0.00245159,2586.63,1,0.0656399,0,0.33975,-0.202147,-0.16373,-0.0111724,0.011762,-0.0506248,-0.0675044,-0.0563213,-0.0739949,5278.73,-938.959,-3691.24,-0.00193589,0.0409542,-16.7619,3890.24,69.0379,1252.21,-0.00144033,-0.0132238,-15.1618,5427.73,191.602,-1862.17,0.00181661,0.0159453,-16.5709,4141.85,251.736,646.975,0.00250301,-0.00621106,-15.0385
3.369,41.1165,-1.02265,4.94208,-0.403516,0.377632,-1.9037,-0.316254,-0.014483,0.00246203,2586.79,1,0.0656315,0,0.34225,-0.203864,-0.165462,-0.0111681,0.0117608,-0.0505304,-0.0675731,-0.0562717,-0.0740826,5275.71,-846.776,-3527.53,-0.00122983,0.0379123,-16.8091,3887.25,76.8163,1241.35,-0.00135688,-0.0131217,-15.132,5431.36,202.01,-1850.53,0.00190111,0.0158128,-16.5719,4137.37,243.549,655.394,0.00243747,-0.00632699,-15.0345
3.379,41.1631,-1.04138,4.94172,-0.407019,-0.354356,-2.33158,-0.319447,-0.0145802,0.00247139,2586.47,1,0.065534,0,0.34475,-0.205009,-0.166791,-0.0111651,0.0117599,-0.0504676,-0.0676343,-0.0562317,-0.0741595,5280.83,-889.576,-3561.91,-0.00155257,0.0385625,-16.7866,3886.86,238.315,1251.35,0.000297555,-0.0136369,-15.1573,5435.8,185.266,-1870.31,0.00176225,0.0160063,-16.5803,4132.17,204.066,622.924,0.0020648,-0.0060585,-15.026
3.389,41.2095,-1.06033,4.9423,-0.40985,-0.918081,-3.11247,-0.321299,-0.0146781,0.00248127,2586.65,1,0.0650943,0,0.34725,-0.206156,-0.16822,-0.011162,0.0117593,-0.0504255,-0.067676,-0.0561903,-0.074239,5292.54,-965.72,-3123.26,-0.00301593,0.0318869,-16.7964,3878.06,677.595,1105.9,0.00495417,-0.0123325,-15.1488,5439.87,191.661,-1877.42,0.00181715,0.0160608,-16.5864,4127.56,181.788,633.581,0.00186705,-0.00622494,-15.0191
3.399,41.2559,-1.07949,4.9423,-0.414477,0.934158,-2.45209,-0.325226,-0.0147786,0.00249194,2586.67,1,0.0659804,0,0.34975,-0.207424,-0.169742,-0.011159,0.0117577,-0.0503549,-0.0677327,-0.0561491,-0.0743198,5294.64,-635.456,-3759.09,0.0016261,0.0410215,-16.8235,3874.85,-41.6556,1167.23,-0.0024777,-0.0118983,-15.14,5443.47,160.882,-1832.46,0.00154249,0.0156254,-16.589,4122.26,252.825,605.624,0.00249533,-0.00578181,-15.0128
3.409,41.3022,-1.09886,4.94175,-0.416314,0.373368,-2.07173,-0.326461,-0.014885,0.00250289,2586.85,1,0.0661216,0,0.35225,-0.209048,-0.171375,-0.0111551,0.0117577,-0.0502715,-0.0677908,-0.0561025,-0.0744054,5297.73,-876.114,-3595.64,-0.00119442,0.0389398,-16.8406,3871.53,-124.639,1254.75,-0.00349534,-0.0126379,-15.1249,5448.03,218.813,-1880.04,0.00204499,0.0160448,-16.5979,4117.44,240.573,629.193,0.00240561,-0.00607316,-15.0107
3.419,41.3484,-1.11846,4.94337,-0.417839,0.305251,1.41825,-0.328323,-0.0149806,0.00251276,2586.73,1,0.0658118,0,0.35475,-0.209923,-0.172627,-0.0111523,0.0117601,-0.0502296,-0.0678368,-0.0560652,-0.0744817,5311.9,-924.159,-3910.53,-0.000997368,0.0446506,-16.8194,3867.37,309.322,1243.97,0.000984285,-0.0137583,-15.1523,5452.37,164.506,-1882.22,0.00158237,0.0160876,-16.6051,4112.29,283.646,628.389,0.00278662,-0.00598132,-15.0027
3.429,41.3945,-1.13826,4.94205,-0.422574,0.114799,-2.27659,-0.331861,-0.0150857,0.0025238,2586.76,1,0.0660496,0,0.35725,-0.211331,-0.174191,-0.0111496,0.0117548,-0.0501532,-0.0678944,-0.0560189,-0.0745689,5311.93,-684.667,-3465.71,0.000569487,0.0361235,-16.8613,3861.72,161.402,1078.01,-0.000290636,-0.0114826,-15.1313,5456.78,163.803,-1903.93,0.00158132,0.0162898,-16.61,4107.02,275.823,600.421,0.00269827,-0.00569651,-14.998
3.439,41.4406,-1.15829,4.94263,-0.425172,0.143661,-2.7669,-0.333935,-0.0151876,0.00253421,2586.62,1,0.0658673,0,0.35975,-0.212522,-0.175639,-0.0111434,0.0117593,-0.0500823,-0.0679543,-0.0559777,-0.0746503,5315.39,-739.61,-3269.53,-0.000353438,0.0332958,-16.8559,3860.15,270.859,1063.05,0.000857391,-0.0115325,-15.1388,5460.7,206.455,-1893.14,0.00193855,0.0161459,-16.6183,4102.36,171.302,594.389,0.00176252,-0.00585199,-14.9933
3.449,41.4865,-1.17854,4.94258,-0.42919,0.508261,-1.23141,-0.336729,-0.0152859,0.00254499,2586.67,1,0.0662564,0,0.36225,-0.213739,-0.177087,-0.0111427,0.0117533,-0.0500341,-0.0679925,-0.0559381,-0.0747316,5328.67,-940.787,-3909.09,-0.00101432,0.0444893,-16.8622,3851.95,207.244,1328.22,-0.000319191,-0.0146428,-15.1348,5464.56,207.134,-1877.96,0.00193794,0.0159841,-16.6236,4097.98,259.535,622.393,0.00258142,-0.00598557,-14.9851
3.459,41.5324,-1.199,4.94322,-0.431377,0.818184,-1.12784,-0.338668,-0.01539,0.0025558,2586.97,1,0.0662325,0,0.36475,-0.215101,-0.178643,-0.0111408,0.0117498,-0.0499487,-0.0680578,-0.0558945,-0.0748171,5326.64,-813.695,-3680.42,-0.000118404,0.0399105,-16.8873,3849.77,209.551,1096.45,0.000125453,-0.0118425,-15.1323,5468.98,180.993,-1904.14,0.00172269,0.0162462,-16.6283,4093.02,261.324,602.084,0.00258403,-0.00576401,-14.9809
3.469,41.5782,-1.21968,4.94282,-0.434979,-0.0835185,-1.88326,-0.341719,-0.015485,0.00256615,2587.15,1,0.0660497,0,0.36725,-0.2161,-0.17998,-0.0111379,0.0117493,-0.0499003,-0.0680996,-0.0558568,-0.0748968,5337.71,-604.037,-3658.02,0.00202418,0.038713,-16.8862,3843.2,412.416,1102.31,0.00220907,-0.0122693,-15.1446,5472.82,171.847,-1925.75,0.00164857,0.0164539,-16.6362,4088.61,240.055,600.031,0.00239871,-0.00579223,-14.9721
3.479,41.6239,-1.24057,4.94213,-0.438068,0.287395,-1.99434,-0.343958,-0.0155957,0.00257794,2586.99,1,0.0665663,0,0.36975,-0.217948,-0.181785,-0.0111317,0.0117508,-0.0497645,-0.0681966,-0.0558094,-0.0749878,5319.83,-628.82,-3774.23,0.0021451,0.0409697,-16.9294,3849.62,12.7238,1078.97,-0.00189637,-0.0110862,-15.1138,5476.94,172.141,-1912.59,0.00164697,0.0163112,-16.6393,4083.38,288.587,593.905,0.00281836,-0.00562897,-14.9727
3.489,41.6696,-1.26169,4.94182,-0.441445,-0.0402427,-3.15172,-0.346512,-0.0156876,0.00258789,2586.33,1,0.066549,0,0.37225,-0.218939,-0.183132,-0.0111283,0.0117505,-0.0497398,-0.0682294,-0.0557733,-0.0750651,5335.6,-1267.95,-3314.56,-0.00521799,0.0351952,-16.8683,3839.24,298.813,1074.96,0.00104272,-0.0117964,-15.1347,5480.66,233.702,-1926.23,0.00216998,0.016396,-16.647,4078.93,221.754,569.014,0.00222017,-0.00550163,-14.9656
3.499,41.7151,-1.28303,4.94204,-0.443921,-0.237139,-1.17644,-0.348116,-0.0157902,0.00259957,2586.85,1,0.0666428,0,0.37475,-0.220379,-0.184701,-0.0111265,0.011748,-0.0496538,-0.0682865,-0.055731,-0.0751515,5339.12,-929.109,-4078.6,-0.000194915,0.0477535,-16.9114,3838.08,345.447,1602.78,0.00053235,-0.0186495,-15.1254,5484.11,228.239,-1907.45,0.00211618,0.0162036,-16.6543,4075.17,210.894,615.421,0.00215439,-0.00604183,-14.9562
3.509,41.7606,-1.3046,4.942,-0.447167,-3.14123,-2.04497,-0.351268,-0.0158862,0.0026107,2586.96,1,0.0655001,0,0.37725,-0.221501,-0.186116,-0.0111236,0.0117469,-0.0495964,-0.068334,-0.0556941,-0.075232,5345.6,-432.815,-3846.19,0.0045201,0.0411975,-16.9136,3833.63,494.896,1154,0.00291821,-0.0130674,-15.1284,5488.39,160.551,-1944.64,0.00155173,0.0166004,-16.6598,4070.4,373.437,627.169,0.0035763,-0.00584358,-14.9501
3.519,41.8059,-1.32638,4.94326,-0.45099,0.103705,-2.18618,-0.354073,-0.0159906,0.00262252,2587.28,1,0.066365,0,0.37975,-0.223031,-0.187742,-0.0111201,0.0117443,-0.0495198,-0.0683977,-0.0556517,-0.0753192,5344.26,-823.252,-3741.56,0.000244436,0.0408305,-16.9547,3830.2,226.709,1031.52,0.000327071,-0.0111768,-15.1218,5492.29,182.7,-1930.56,0.00173526,0.0164373,-16.664,4065.31,263.738,580.799,0.00260553,-0.00556002,-14.9468
3.529,41.8512,-1.3484,4.94257,-0.453883,0.41412,-2.33804,-0.356344,-0.0160875,0.00263421,2586.16,1,0.0668537,0,0.38225,-0.224059,-0.189111,-0.0111174,0.0117435,-0.0494888,-0.0684276,-0.0556145,-0.0754016,5362.04,-1157.62,-3578.37,-0.00349406,0.0389536,-16.9252,3820.13,270.177,1197.55,0.000440887,-0.0132949,-15.125,5496.21,203.2,-1931.21,0.00190726,0.0164196,-16.6747,4060.35,246.999,516.144,0.0024107,-0.00488894,-14.9381
3.539,41.8963,-1.37064,4.94305,-0.457339,0.779905,-1.82686,-0.359224,-0.0161935,0.00264675,2587.04,1,0.0669489,0,0.38475,-0.225404,-0.190663,-0.0111138,0.011742,-0.0494076,-0.0684903,-0.0555728,-0.0754888,5363.61,-862.526,-3775.09,1.40237e-05,0.0413563,-16.9632,3817.91,64.2374,1056.06,-0.00144039,-0.011056,-15.1138,5500.73,189.525,-1937.08,0.00179214,0.0164725,-16.6779,4055.41,317.224,557.105,0.00304357,-0.00519928,-14.9346
3.549,41.9414,-1.39312,4.94269,-0.460177,0.236626,-2.11756,-0.361187,-0.0162957,0.00265859,2587.18,1,0.066946,0,0.38725,-0.226597,-0.192091,-0.0111115,0.0117341,-0.0493599,-0.0685376,-0.0555332,-0.0755733,5376.18,-1113.89,-3606.07,-0.00288988,0.0391647,-16.9556,3810.61,219.88,1090.36,8.68537e-05,-0.0119158,-15.1162,5504.8,219.462,-1942.92,0.00204456,0.0164992,-16.6879,4049.92,236.439,550.51,0.0023527,-0.0053026,-14.9255
3.559,41.9864,-1.4158,4.94295,-0.463472,0.0885624,-2.47532,-0.364202,-0.0164055,0.00267172,2587.01,1,0.0668198,0,0.38975,-0.228066,-0.193715,-0.0111076,0.0117395,-0.0492446,-0.0686176,-0.0554907,-0.0756621,5367.52,-657.02,-3780.85,0.00226381,0.0406529,-16.9909,3814.61,214.159,1058.76,7.41258e-05,-0.0115158,-15.1072,5509.82,207.398,-1965.32,0.0019468,0.016714,-16.6896,4043.66,201.671,539.973,0.00203906,-0.00526838,-14.9233
3.569,42.0312,-1.43873,4.94362,-0.465543,0.910206,-0.690056,-0.365008,-0.0165047,0.0026834,2587.11,1,0.0671699,0,0.39225,-0.229191,-0.19509,-0.0110945,0.0117252,-0.049208,-0.0686615,-0.0554542,-0.0757457,5384,-1075.68,-3677.16,-0.00225191,0.0401867,-16.9713,3804.15,259.607,1086.63,0.000476992,-0.0119836,-15.1193,5514.26,252.395,-1972.19,0.00232463,0.0167378,-16.6998,4038.66,247.153,526.949,0.00243478,-0.00503271,-14.9142
3.579,42.076,-1.46188,4.94264,-0.470711,0.482276,-2.95876,-0.369984,-0.0166117,0.00269719,2587.18,1,0.0672345,0,0.39475,-0.230604,-0.196745,-0.011102,0.0117388,-0.0490951,-0.0687267,-0.0554127,-0.0758335,5373.89,-666.88,-3768.62,0.00222842,0.0404046,-17.0096,3806.22,37.2843,898.916,-0.00144004,-0.00920036,-15.1064,5518.85,164.159,-1965.24,0.00157794,0.0167105,-16.7024,4032.57,288.592,510.052,0.00277132,-0.00476629,-14.9112
3.589,42.1206,-1.48527,4.9428,-0.472651,0.362294,-2.01076,-0.370974,-0.0167124,0.00270954,2586.97,1,0.0673286,0,0.39725,-0.231814,-0.198144,-0.0110989,0.0117337,-0.0490657,-0.0687507,-0.0553742,-0.0759215,5394.12,-1157.76,-3615.16,-0.00310603,0.0393176,-16.9976,3793.24,270.718,1084.79,0.000562581,-0.012023,-15.1138,5522.63,224.542,-1960.2,0.00208463,0.0166134,-16.7127,4028.53,252.424,523.415,0.00248269,-0.00499426,-14.9035
3.599,42.1652,-1.50888,4.94296,-0.476418,0.468337,-2.29245,-0.374311,-0.0168222,0.00272282,2587.07,1,0.0673526,0,0.39975,-0.233196,-0.1998,-0.0110946,0.0117325,-0.0489628,-0.0688318,-0.0553314,-0.0760132,5388.77,-830.956,-3820.62,0.000776283,0.0417794,-17.0253,3796.27,77.3325,1016.98,-0.00132547,-0.0106863,-15.0996,5526.94,188.513,-1977.65,0.0017837,0.0167956,-16.7152,4023.11,275.856,530.156,0.00269158,-0.00502554,-14.8996
3.609,42.2096,-1.53272,4.943,-0.479489,0.511962,-2.65727,-0.376444,-0.0169243,0.00273565,2587.18,1,0.0674038,0,0.40225,-0.234441,-0.20121,-0.0110918,0.011729,-0.0489067,-0.0688758,-0.0552945,-0.0760997,5398.53,-1007.41,-3718.36,-0.0012436,0.0405385,-17.0273,3789.47,288.857,1089.91,0.000708566,-0.0121394,-15.1119,5531.33,205.191,-1984.33,0.00192494,0.0168385,-16.7226,4018.6,258.329,548.391,0.00256177,-0.00527099,-14.8926
3.619,42.254,-1.55679,4.94264,-0.482269,0.0879279,-1.16955,-0.379059,-0.0170269,0.00274882,2587.12,1,0.0676464,0,0.40475,-0.235625,-0.202773,-0.0110884,0.0117293,-0.0488311,-0.0689303,-0.055256,-0.0761869,5404.5,-959.987,-3909.23,-0.000245659,0.0437206,-17.0335,3786.61,38.3651,1058.83,-0.00185244,-0.0110532,-15.0962,5535.68,202.261,-1992.7,0.00190056,0.01691,-16.7295,4013.07,299.88,526.888,0.00289746,-0.00495145,-14.8875
3.629,42.2982,-1.5811,4.94294,-0.485406,0.3924,-2.23584,-0.381,-0.0171343,0.00276217,2587.37,1,0.0676173,0,0.40725,-0.23706,-0.204322,-0.0110846,0.0117295,-0.0487584,-0.0689869,-0.0552132,-0.0762811,5408.43,-1118.64,-3701.11,-0.00232022,0.0405419,-17.054,3781.65,305.916,1035.43,0.000968235,-0.0115475,-15.1014,5539.23,248.945,-1982.69,0.0022886,0.0167689,-16.7347,4008.78,234.128,520.606,0.00233333,-0.00502593,-14.882
3.639,42.3423,-1.60565,4.94354,-0.487938,0.648274,-0.708334,-0.383602,-0.017232,0.00277498,2587.15,1,0.0677423,0,0.40975,-0.23792,-0.205623,-0.011079,0.0117319,-0.0487137,-0.0690227,-0.0551804,-0.0763651,5422.51,-957.2,-3857.04,-0.000244442,0.04255,-17.0411,3773.87,407.727,1113.66,0.00186749,-0.0127228,-15.1145,5542.52,358.848,-2050.05,0.00321941,0.0173394,-16.7435,4003.68,269.144,494.469,0.00261249,-0.00466693,-14.872
3.649,42.3863,-1.63041,4.94317,-0.49214,0.248447,-2.6289,-0.38684,-0.0173443,0.00278888,2587.2,1,0.0675851,0,0.41225,-0.239618,-0.207406,-0.0110786,0.0117241,-0.0485913,-0.0691181,-0.0551346,-0.0764613,5409.14,-593.485,-3888.28,0.00367774,0.041783,-17.1012,3779.44,302.77,984.008,0.00100533,-0.0109389,-15.098,5547.71,165.565,-1996.3,0.00158726,0.0169292,-16.7448,3998.54,294.155,509.26,0.00284057,-0.00478476,-14.8713
3.659,42.4302,-1.65542,4.94267,-0.495835,0.641523,-3.60974,-0.389404,-0.0174382,0.00280174,2587.72,1,0.0679332,0,0.41475,-0.240644,-0.20879,-0.0110753,0.0117228,-0.0485602,-0.0691425,-0.0551021,-0.0765458,5425.52,-1225.38,-3569.21,-0.00350501,0.0385384,-17.0585,3767.94,190.661,1020.43,-0.000264898,-0.0111385,-15.1066,5551.44,282.839,-2018.41,0.0025779,0.0170606,-16.7574,3994.68,243.427,510.95,0.00241602,-0.00491488,-14.8608
3.669,42.4739,-1.68065,4.94284,-0.498621,0.160793,-2.51117,-0.392071,-0.0175428,0.00281534,2587.22,1,0.0678923,0,0.41725,-0.241965,-0.210384,-0.0110724,0.0117184,-0.0484672,-0.0692119,-0.0550607,-0.0766357,5424.47,-781.408,-3857.99,0.00174659,0.0418483,-17.1029,3769.24,273.001,900.175,0.000840904,-0.00992738,-15.0993,5555.21,189.601,-2037.18,0.00179777,0.0172986,-16.759,3989.73,277.241,496.697,0.00269253,-0.00469023,-14.8577
3.679,42.5176,-1.70613,4.9426,-0.501105,0.935506,-1.58203,-0.393375,-0.0176464,0.00282915,2587.55,1,0.0685163,0,0.41975,-0.24348,-0.212022,-0.0110686,0.0117187,-0.0483972,-0.0692637,-0.0550226,-0.0767284,5429.08,-1483.97,-3647.3,-0.00589642,0.0406998,-17.0931,3762.72,76.7378,873.285,-0.00113457,-0.00911497,-15.0849,5559.06,177.605,-2043.63,0.00169919,0.0173571,-16.7676,3984.93,266.42,468.709,0.00257418,-0.00440825,-14.8526
3.689,42.5611,-1.73184,4.94308,-0.504981,0.475768,-1.43138,-0.39704,-0.0177428,0.0028425,2587.09,1,0.0682245,0,0.42225,-0.244403,-0.213354,-0.011067,0.0117156,-0.0483393,-0.0693086,-0.0549901,-0.0768131,5437.47,-1134,-3999.45,-0.0014789,0.0457919,-17.0905,3759.14,79.0048,1050.07,-0.00154583,-0.0111455,-15.0945,5562.56,198.521,-2020.04,0.00186571,0.0171007,-16.7736,3980.28,302.412,487.604,0.00289766,-0.00454915,-14.844
3.699,42.6045,-1.75779,4.94321,-0.507678,0.323585,-2.21532,-0.398653,-0.0178434,0.00285586,2587.45,1,0.0681176,0,0.42475,-0.245605,-0.214853,-0.0110644,0.0117136,-0.0482975,-0.0693435,-0.0549531,-0.0769034,5451.52,-1092.55,-3680.91,-0.00173367,0.0397182,-17.1157,3748.32,302.675,963.359,0.000974375,-0.0107944,-15.0973,5565.96,219.914,-2021.67,0.00204466,0.0170934,-16.7802,3976.06,252.663,473.021,0.00247019,-0.00449422,-14.8384
3.709,42.6478,-1.78396,4.94311,-0.511073,0.372576,-1.97401,-0.4018,-0.0179533,0.00287066,2587.22,1,0.0682948,0,0.42725,-0.247269,-0.216596,-0.0110608,0.0117116,-0.0481668,-0.0694332,-0.0549136,-0.0769972,5436.57,-815.966,-3994.22,0.00200725,0.0443305,-17.1567,3754.1,90.1964,891.357,-0.00108463,-0.00937414,-15.0841,5570.39,209.176,-2003.31,0.00194734,0.0169051,-16.7831,3970.57,338.492,490.587,0.00320305,-0.00452422,-14.8355
3.719,42.6909,-1.81038,4.94213,-0.513361,-0.440163,-2.90311,-0.403131,-0.0180565,0.00288421,2587.47,1,0.0683706,0,0.42975,-0.248677,-0.218179,-0.0110578,0.0117068,-0.0480986,-0.0694941,-0.054878,-0.0770868,5442.57,-1271.78,-3634.81,-0.00353766,0.039684,-17.1359,3750.57,331.614,1047.43,0.00105972,-0.011866,-15.0972,5575,228.601,-2029.73,0.00211619,0.0171397,-16.7926,3965,204.431,446.794,0.00203914,-0.00431951,-14.8259
3.729,42.7339,-1.83704,4.94297,-0.518981,0.49188,-3.52951,-0.408258,-0.0181473,0.00289808,2587.13,1,0.0683676,0,0.43225,-0.249435,-0.219456,-0.0110565,0.0117088,-0.0480573,-0.0695265,-0.054851,-0.0771675,5453.03,-883.151,-3760.28,0.000743008,0.0402611,-17.1301,3744,75.4848,661.901,-0.00072962,-0.00682794,-15.1007,5579.57,185.837,-2056.78,0.00176197,0.0174192,-16.7997,3959.47,291.984,444.208,0.0027744,-0.00411343,-14.8188
3.739,42.7768,-1.86394,4.9432,-0.519906,0.686561,-2.18633,-0.408102,-0.018254,0.00291328,2587.37,1,0.0686382,0,0.43475,-0.250987,-0.221114,-0.0110526,0.0117032,-0.0480006,-0.0695529,-0.054812,-0.0772627,5466.89,-1141.94,-3598.73,-0.00219852,0.0384232,-17.1717,3730.92,306.747,957.027,0.000969642,-0.0107873,-15.0802,5583,231.416,-2039.77,0.00213939,0.0172127,-16.8056,3955.07,268.036,443.005,0.00257949,-0.00415174,-14.8164
3.749,42.8195,-1.89108,4.94292,-0.524616,0.531228,-2.64103,-0.412659,-0.0183611,0.00292812,2587.39,1,0.0687009,0,0.43725,-0.252279,-0.222744,-0.0110517,0.0117065,-0.0479042,-0.0696353,-0.0547745,-0.0773554,5463.03,-911.191,-3959.97,0.00112502,0.0437896,-17.1774,3735.82,3.08982,870.137,-0.00196504,-0.00883814,-15.0817,5587.43,196.915,-2052.17,0.00185141,0.0173429,-16.8101,3949.52,305.648,448.454,0.00289751,-0.00414409,-14.8098
3.759,42.8621,-1.91845,4.94301,-0.526983,0.612031,-2.43742,-0.414013,-0.0184667,0.00294322,2587.6,1,0.0688286,0,0.43975,-0.253764,-0.224277,-0.0110465,0.0116999,-0.047834,-0.0696841,-0.0547379,-0.0774485,5469.18,-1155.39,-3778.12,-0.00181659,0.0414713,-17.1956,3728.89,273.897,898.278,0.000725883,-0.0100306,-15.0835,5591.59,233.576,-2048.51,0.00215642,0.0172713,-16.8171,3944.26,273.366,443.293,0.00263112,-0.00415496,-14.8035
3.769,42.9046,-1.94607,4.94407,-0.529709,0.873034,-0.957212,-0.416061,-0.0185699,0.00295739,2587.25,1,0.0687848,0,0.44225,-0.254724,-0.225726,-0.0110351,0.0116833,-0.0477814,-0.0697471,-0.0547043,-0.0775386,5480.43,-1058.07,-3908.11,-0.000439177,0.0432708,-17.1829,3725.32,128.924,900.675,-0.000806709,-0.00966513,-15.0878,5596.13,206.524,-2064.16,0.00193182,0.017429,-16.8241,3938.69,285.134,432.097,0.00271805,-0.00401387,-14.7954
3.779,42.9469,-1.97393,4.94328,-0.533794,0.67812,-1.96856,-0.419832,-0.0186756,0.00297354,2587.21,1,0.0689845,0,0.44475,-0.256099,-0.227277,-0.0110417,0.0116947,-0.0476964,-0.0697912,-0.0546691,-0.0776323,5482.3,-869.266,-3954.37,0.00170084,0.0432768,-17.2187,3721.74,114.754,873.363,-0.000898868,-0.0093143,-15.0832,5600.74,213.535,-2083.3,0.00199436,0.0176004,-16.8296,3933.14,295.067,412.652,0.00277678,-0.00378766,-14.7898
3.789,42.9891,-2.00203,4.94294,-0.536912,0.678175,-2.41758,-0.42177,-0.0187856,0.00298911,2587.18,1,0.0691565,0,0.44725,-0.257581,-0.229022,-0.0110376,0.0116932,-0.0476153,-0.0698504,-0.0546301,-0.0777292,5486.65,-1201.53,-3835.82,-0.00198936,0.0425027,-17.2231,3717.12,115,901.481,-0.000980769,-0.00964221,-15.0726,5604.79,237.452,-2062.63,0.00218732,0.0173677,-16.8354,3928.01,293.868,432.076,0.00279606,-0.00400738,-14.7872
3.799,43.0312,-2.03038,4.94363,-0.540011,0.735852,-0.667831,-0.424539,-0.0188867,0.00300416,2587.27,1,0.0692355,0,0.44975,-0.258515,-0.230337,-0.0110345,0.0116903,-0.0475636,-0.0698907,-0.0545992,-0.0778187,5499.67,-1205.56,-4076.33,-0.00138368,0.046905,-17.2126,3710.79,112.4,919.808,-0.0010723,-0.00985551,-15.0858,5609.52,225.641,-2081.38,0.00209151,0.0175464,-16.8439,3922.32,312.658,434.922,0.00295564,-0.00400968,-14.7777
3.809,43.0731,-2.05896,4.94275,-0.544041,0.858835,-4.17693,-0.427286,-0.0189979,0.00302036,2588.26,1,0.0692323,0,0.45225,-0.259993,-0.23204,-0.0110315,0.0116873,-0.0474692,-0.0699502,-0.0545602,-0.0779171,5496.34,-1075.63,-3582.45,-0.00123262,0.0377023,-17.2419,3705.11,179.82,775.423,-3.09252e-05,-0.00844866,-15.0739,5613.77,230.668,-2064.95,0.00212741,0.0173672,-16.8478,3916.86,248.721,396.307,0.00239104,-0.00371166,-14.7732
3.819,43.1148,-2.08779,4.94375,-0.546554,0.820645,-1.70429,-0.43004,-0.0190989,0.00303561,2587.28,1,0.0692477,0,0.45475,-0.261043,-0.233493,-0.0110294,0.0116842,-0.0473993,-0.0700079,-0.054529,-0.0780077,5503.8,-995.346,-3987.77,0.000709914,0.0441992,-17.2458,3704.96,169.699,839.154,-0.000308886,-0.00913836,-15.086,5618.33,202.685,-2090.14,0.00189793,0.0176191,-16.8549,3911.65,308.447,406.155,0.00289043,-0.0037129,-14.7662
3.829,43.1564,-2.11686,4.94253,-0.55068,0.989361,-4.44556,-0.432734,-0.0192033,0.0030518,2588.08,1,0.0694989,0,0.45725,-0.262436,-0.235098,-0.0110228,0.0116868,-0.0473256,-0.0700487,-0.0544942,-0.0781034,5507.77,-1135.95,-3568.39,-0.00175617,0.0376067,-17.2647,3696.46,109.282,772.494,-0.000778278,-0.00821357,-15.0739,5622.06,256.652,-2071.43,0.00234195,0.017388,-16.862,3907.02,307.785,395.317,0.00287297,-0.00360047,-14.7587
3.839,43.1979,-2.14616,4.94368,-0.553461,1.47348,-2.28179,-0.434977,-0.0193136,0.0030677,2587.36,1,0.0696245,0,0.45975,-0.263896,-0.236847,-0.0110243,0.0116767,-0.0472268,-0.0701315,-0.0544555,-0.0782022,5504.61,-1202.83,-3955.19,-0.00142624,0.0445169,-17.2826,3699.67,59.9401,823.062,-0.0014141,-0.00858152,-15.0666,5625.91,234.362,-2086.76,0.0021591,0.0175427,-16.8658,3902.1,309.237,404.461,0.0029013,-0.00370174,-14.7565
3.849,43.2392,-2.17572,4.94306,-0.555819,0.466708,-1.71663,-0.437019,-0.0194096,0.00308328,2587.36,1,0.0696788,0,0.46225,-0.26484,-0.238145,-0.0110205,0.0116763,-0.0471815,-0.0701596,-0.0544261,-0.0782921,5520.63,-1379.07,-3856.33,-0.00344054,0.0432706,-17.2575,3690.87,290.939,857.437,0.000869559,-0.00970748,-15.0886,5629.74,249.256,-2102.07,0.00228599,0.0176726,-16.8771,3897.49,278.404,386.297,0.0026325,-0.00356188,-14.7456
3.859,43.2803,-2.20551,4.94305,-0.559025,0.446469,-2.47734,-0.439369,-0.0195164,0.00309993,2587.31,1,0.0696455,0,0.46475,-0.266269,-0.239864,-0.0110164,0.0116746,-0.0470906,-0.0702189,-0.05439,-0.0783894,5519.97,-1158.97,-3754.26,-0.00137983,0.0406114,-17.2953,3687.68,167.936,808.283,-0.000301951,-0.00882037,-15.0634,5633.59,220.33,-2102.27,0.00204329,0.017681,-16.8804,3892.54,290.308,380.755,0.00272305,-0.00348462,-14.7425
3.869,43.3213,-2.23556,4.94318,-0.563546,0.631444,-2.87431,-0.443285,-0.0196155,0.0031157,2587.36,1,0.0696884,0,0.46725,-0.267353,-0.241331,-0.0110145,0.0116715,-0.04703,-0.0702723,-0.05436,-0.078481,5526.98,-1002.45,-3978.15,0.00087709,0.0437871,-17.3079,3685.27,216.92,717.212,0.000417298,-0.00793581,-15.0896,5637.54,213.467,-2115.3,0.00198719,0.0178017,-16.8873,3887.9,285.536,376.753,0.00268327,-0.00345326,-14.7341
3.879,43.3621,-2.26584,4.94315,-0.565453,0.501737,-2.32671,-0.444649,-0.0197214,0.00313265,2585.96,1,0.0698361,0,0.46975,-0.268807,-0.242993,-0.0110105,0.0116707,-0.0469427,-0.0703237,-0.0543251,-0.0785776,5529.66,-1040.49,-3912.22,0.000350406,0.0427442,-17.3302,3681.02,183.415,831.924,-0.000233308,-0.00915074,-15.0674,5641.16,201.215,-2087.22,0.00187594,0.0175196,-16.892,3883.01,284.737,390.448,0.0026985,-0.00360854,-14.7303
3.889,43.4028,-2.29637,4.94299,-0.569549,0.728546,-3.12393,-0.447951,-0.0198258,0.0031494,2587.32,1,0.0699516,0,0.47225,-0.27008,-0.24458,-0.011009,0.0116665,-0.0468667,-0.0703812,-0.0542923,-0.0786736,5532.25,-1066.84,-3807.87,-0.00015377,0.0410254,-17.3316,3678.08,83.6017,664.809,-0.000835241,-0.00696771,-15.0703,5645.65,227.686,-2124.15,0.00210595,0.0178553,-16.8998,3877.7,287.081,360.078,0.00267772,-0.00327812,-14.7232
3.899,43.4433,-2.32715,4.94311,-0.572877,1.00787,-2.49988,-0.450383,-0.0199273,0.00316649,2587.27,1,0.0702017,0,0.47475,-0.271248,-0.246071,-0.0110065,0.0116612,-0.046809,-0.0704131,-0.0542621,-0.0787672,5543.63,-1294.82,-3877.36,-0.00223246,0.0430863,-17.3301,3668.7,104.757,771.843,-0.00091575,-0.00823284,-15.0714,5649.7,243.163,-2126.24,0.00223371,0.0178534,-16.907,3872.57,300.199,360.524,0.00278606,-0.00326586,-14.7165
3.909,43.4836,-2.35816,4.94319,-0.574948,0.832174,-2.0243,-0.451798,-0.0200392,0.00318444,2587.79,1,0.0702743,0,0.47725,-0.272796,-0.2478,-0.0110032,0.0116575,-0.0467036,-0.070481,-0.0542255,-0.0788682,5541.62,-1331.6,-3867.94,-0.00257999,0.0431078,-17.3483,3667.51,273.209,884.237,0.00053137,-0.0100518,-15.0638,5653.9,249.942,-2106.88,0.00228257,0.0176438,-16.9119,3867.11,265.693,355.514,0.00250773,-0.00327373,-14.7101
3.919,43.5238,-2.38943,4.9429,-0.579359,0.594878,-2.47251,-0.455873,-0.0201416,0.0032022,2587.14,1,0.0703086,0,0.47975,-0.273865,-0.249236,-0.0110012,0.0116549,-0.0466211,-0.0705335,-0.0541974,-0.0789599,5544.2,-1149.07,-4064.6,-0.000103555,0.0458965,-17.3467,3666.36,125.866,900.649,-0.00107585,-0.00976454,-15.0721,5659.11,234.614,-2144.2,0.00216339,0.018007,-16.9209,3861,332.859,356.063,0.00304465,-0.0031797,-14.7055
3.929,43.5638,-2.42094,4.9433,-0.582501,0.797137,-2.38821,-0.458169,-0.0202501,0.00322084,2587.29,1,0.0703371,0,0.48225,-0.275244,-0.250913,-0.0109978,0.0116507,-0.0465331,-0.0705871,-0.0541635,-0.0790577,5546.55,-1089.39,-4045.52,0.00052503,0.0452173,-17.379,3662.24,173.893,806.527,-0.000337331,-0.00887174,-15.0663,5663.36,220.715,-2142.85,0.00204524,0.0179883,-16.9241,3855.17,324.461,351.681,0.00297591,-0.00314917,-14.6993
3.939,43.6036,-2.4527,4.94302,-0.585655,0.52798,-3.45874,-0.460383,-0.0203592,0.00324019,2587.18,1,0.0702729,0,0.48475,-0.27652,-0.252472,-0.0109958,0.0116491,-0.0464524,-0.0706269,-0.0541309,-0.0791558,5552.56,-1228.02,-3690.58,-0.00180278,0.03956,-17.3782,3653.99,293.882,642.097,0.00130966,-0.00732142,-15.0718,5669.26,198.821,-2112.74,0.00185591,0.0176846,-16.9321,3848.72,244.667,311.075,0.00228862,-0.00284133,-14.6919
3.949,43.6432,-2.48471,4.94313,-0.589371,0.865624,-2.5206,-0.463478,-0.0204685,0.00326015,2587.1,1,0.0706067,0,0.48725,-0.277695,-0.254032,-0.0109928,0.0116447,-0.0463676,-0.070671,-0.0540973,-0.0792542,5558.88,-1174.53,-3952.14,-0.000518597,0.0437557,-17.3874,3649.12,36.4749,693.76,-0.00145389,-0.00712735,-15.0656,5672.7,241.909,-2155.91,0.00222178,0.0180751,-16.9386,3843.14,294.727,328.796,0.00271452,-0.00295661,-14.6847
3.959,43.6827,-2.51695,4.94346,-0.591902,0.837129,-2.08134,-0.465582,-0.0205869,0.00328124,2587.27,1,0.0706261,0,0.48975,-0.279202,-0.255773,-0.0109878,0.0116437,-0.04625,-0.0707407,-0.0540585,-0.0793602,5555.73,-1205.76,-4053.62,-0.000486965,0.0458344,-17.4184,3650.2,287.411,800.382,0.000826288,-0.00915734,-15.059,5676.6,245.78,-2154.41,0.00224992,0.0180452,-16.9438,3837.08,312.441,362.774,0.00291262,-0.00329999,-14.6819
3.969,43.722,-2.54946,4.94334,-0.595522,0.730377,-2.03129,-0.468607,-0.0206913,0.00330227,2587.1,1,0.0707382,0,0.49225,-0.280072,-0.257098,-0.0109866,0.0116365,-0.0461898,-0.0707591,-0.0540303,-0.0794563,5570.48,-1256.57,-3994,-0.00113765,0.0447808,-17.3982,3640.08,220.076,771.624,0.000181636,-0.00866832,-15.0769,5682.17,211.679,-2144.97,0.00196317,0.0179545,-16.9536,3830.58,263.639,288.625,0.00241559,-0.00258318,-14.6709
3.979,43.761,-2.5822,4.94309,-0.599039,0.892907,-2.72475,-0.470963,-0.0208135,0.00332563,2587.28,1,0.0708767,0,0.49475,-0.281679,-0.258984,-0.0109852,0.0116346,-0.0460591,-0.0708275,-0.0539886,-0.0795637,5565.06,-1085,-4032.83,0.000812973,0.0447409,-17.4461,3639.63,95.6513,719.232,-0.000969436,-0.00765564,-15.0561,5687.24,233.724,-2160.35,0.00214878,0.0180776,-16.9561,3824.54,321.472,321.549,0.00292524,-0.00285729,-14.6684
3.989,43.7999,-2.6152,4.94414,-0.600847,0.487418,-1.10594,-0.473175,-0.0209137,0.00334824,2587,1,0.0706873,0,0.49725,-0.282194,-0.260031,-0.010981,0.0116315,-0.0460198,-0.0708172,-0.0539672,-0.0796551,5588.72,-1181.34,-3943.11,-0.000409014,0.0433025,-17.4141,3625.76,487.118,816.726,0.00280039,-0.00983295,-15.0976,5691.87,205.635,-2139.61,0.00190753,0.0178743,-16.968,3818.55,311.964,261.683,0.00275396,-0.00225509,-14.6549
3.999,43.8387,-2.64842,4.94306,-0.604638,0.846547,-2.85734,-0.475217,-0.0210479,0.00337425,2587.38,1,0.0710547,0,0.49975,-0.284316,-0.262271,-0.0109761,0.0116277,-0.0458316,-0.0709121,-0.0539159,-0.0797752,5568.64,-1075.2,-3942.84,0.00073673,0.0430251,-17.4923,3629.38,223.838,754.377,0.00023447,-0.00850813,-15.0444,5697.07,240.722,-2185.71,0.00221072,0.0182931,-16.9664,3812.72,325.275,337.698,0.00299093,-0.00303192,-14.6586
4.009,43.8772,-2.6819,4.94445,-0.605815,0.436449,1.36245,-0.478575,-0.0211397,0.00339775,2586.93,1,0.071167,0,0.5,-0.284167,-0.262489,-0.0109748,0.0116257,-0.0457885,-0.0709238,-0.0538975,-0.0798605,5585.93,-1088.8,-4390.29,0.00211287,0.0517397,-17.4167,3623.87,37.5652,942.519,-0.00224957,-0.00994164,-15.1142,5702.06,210.616,-2168.39,0.00195172,0.018123,-16.9804,3805.99,419.185,251.711,0.00358537,-0.00209438,-14.6415
4.019,43.9156,-2.71561,4.94326,-0.609117,0.795536,-1.97473,-0.479356,-0.0212274,0.00342316,2586.79,1,0.071298,0,0.5,-0.284476,-0.262616,-0.0109713,0.0116216,-0.0457264,-0.0709154,-0.0538762,-0.0799505,5599.31,-1479.85,-3635.29,-0.00406609,0.0392618,-17.4308,3608.72,390.078,827.273,0.00177813,-0.00983495,-15.1183,5706.48,175.148,-2257.59,0.00168091,0.0190134,-16.9847,3801.95,424.846,177.059,0.00350807,-0.00141488,-14.6382
4.029,43.9537,-2.74955,4.94395,-0.613499,0.746347,-1.77299,-0.483701,-0.0212945,0.00344444,2587.07,1,0.0710806,0,0.5,-0.283953,-0.262458,-0.0109706,0.0116141,-0.0456526,-0.0709968,-0.0538616,-0.0800255,5602.1,-1050.98,-4254.91,0.00201269,0.0484022,-17.4216,3629.32,-1.28215,936.888,-0.00260321,-0.00967801,-15.1227,5706.81,210.908,-2205.38,0.00196112,0.0184739,-16.9887,3801.16,334.088,264.412,0.00294541,-0.00227274,-14.639
4.039,43.9917,-2.78369,4.9441,-0.613375,0.674258,-2.13267,-0.483017,-0.0213499,0.00346674,2587.24,1,0.0710295,0,0.5,-0.284454,-0.262476,-0.0109706,0.0116132,-0.0455341,-0.0710672,-0.0538456,-0.0801064,5585.73,-851.679,-4001.66,0.00317558,0.0427881,-17.4929,3646.58,287.603,1013.7,0.00017866,-0.0117124,-15.1174,5705.26,226.67,-2216.39,0.00209591,0.0185798,-16.9888,3803.88,326.227,272.744,0.00289715,-0.00236189,-14.6398
4.049,44.0295,-2.81806,4.94546,-0.615521,0.554455,-2.38857,-0.484863,-0.0213626,0.00348318,2587.27,1,0.0704376,0,0.5,-0.283725,-0.262318,-0.0109712,0.0116109,-0.0455125,-0.0711211,-0.0538476,-0.0801616,5592.11,-1075.6,-3888.38,0.000561285,0.0418289,-17.427,3667.72,272.518,1018.98,1.85379e-07,-0.0116583,-15.1351,5700.42,221.605,-2231.57,0.00205798,0.0187502,-16.9981,3811.45,314.465,263.093,0.00278563,-0.00227095,-14.6352
4.059,44.0672,-2.85258,4.94524,-0.61481,0.906104,-2.49262,-0.483783,-0.0213728,0.00350162,2587.89,1,0.070727,0,0.5,-0.285046,-0.26286,-0.0109696,0.0116098,-0.045329,-0.0712047,-0.0538425,-0.0802241,5539.6,-769.117,-3960.61,0.00390046,0.0421606,-17.5387,3698.13,104.217,1002.62,-0.00170365,-0.0107249,-15.1,5692.57,224.639,-2209.94,0.00208009,0.0185585,-16.9921,3822.45,293.829,288.938,0.0026621,-0.00255154,-14.6436
4.069,44.1047,-2.88735,4.94787,-0.616151,0.677423,-0.692196,-0.485481,-0.0213086,0.00351094,2587.81,1,0.0699574,0,0.5,-0.283382,-0.262037,-0.0109746,0.0116068,-0.0454218,-0.0711498,-0.053877,-0.0802366,5565.2,-1204.92,-3878.07,-0.000771051,0.0425255,-17.3886,3700.51,287.738,1021.9,0.000148844,-0.0116396,-15.1592,5682.36,204.438,-2255.34,0.00192405,0.019059,-17.0089,3837.41,191.075,233.549,0.00177251,-0.00210731,-14.6348
4.079,44.142,-2.92228,4.94717,-0.615778,1.13265,-2.08361,-0.48433,-0.0212639,0.00352172,2588.52,1,0.0702306,0,0.5,-0.284287,-0.262523,-0.0109746,0.0116044,-0.0453421,-0.0711732,-0.0538924,-0.0802678,5528.77,-1035.02,-3793.27,0.000684743,0.0406913,-17.51,3719.61,298.887,1106.88,2.96674e-05,-0.0126368,-15.1141,5669.64,248.615,-2194.37,0.00228362,0.0184643,-17.0014,3854.51,295.637,300.906,0.00267656,-0.00265341,-14.6465
4.089,44.1792,-2.95741,4.94782,-0.617751,0.863131,-2.01262,-0.487003,-0.0211708,0.00352735,2588.39,1,0.069925,0,0.5,-0.283766,-0.262252,-0.0109808,0.0116102,-0.0453715,-0.0711233,-0.0539401,-0.0802579,5518.01,-1124.77,-4010.76,0.000448551,0.0450908,-17.4524,3729.25,155.715,1095.85,-0.00144582,-0.0119345,-15.1456,5657.41,223.229,-2236.61,0.00208712,0.0189452,-17.0081,3870.97,282.704,276.827,0.0025281,-0.00241027,-14.6419
4.099,44.2162,-2.99272,4.94912,-0.615464,0.134076,-1.6971,-0.483893,-0.0210755,0.00352994,2589.2,1,0.0692765,0,0.5,-0.283919,-0.262317,-0.0109833,0.0116062,-0.045422,-0.0710786,-0.0539874,-0.0802444,5513.04,-1402.9,-3624.68,-0.00343706,0.039613,-17.4669,3733.5,745.63,1169.78,0.00459607,-0.0145264,-15.1424,5644.44,343.473,-2203.11,0.00308988,0.0185667,-17.0102,3887.99,160.091,307.875,0.00158572,-0.00294782,-14.6475
4.109,44.253,-3.0282,4.94952,-0.617152,1.30885,-2.3337,-0.486731,-0.0209706,0.00353161,2589.36,1,0.069461,0,0.5,-0.284327,-0.262545,-0.0109883,0.0116083,-0.0453925,-0.0710838,-0.0540479,-0.0802127,5470.24,-907.617,-3917.39,0.00240348,0.0428571,-17.4974,3756.22,-3.28461,1025.77,-0.00280355,-0.0103362,-15.128,5634.54,211.833,-2229.9,0.00199884,0.0189617,-17.0087,3899.49,302.036,285.2,0.00266931,-0.00245619,-14.6516
4.119,44.2897,-3.06389,4.95021,-0.616941,0.920117,-2.32814,-0.48642,-0.0208412,0.00352899,2589.52,1,0.0691119,0,0.5,-0.284089,-0.262358,-0.010997,0.011611,-0.0455174,-0.0710005,-0.0541256,-0.0801581,5476.66,-1323.04,-3658.38,-0.00256488,0.0402105,-17.4641,3755.42,318.216,1061.65,0.000354734,-0.0120363,-15.149,5625.06,242.715,-2233.81,0.0022652,0.0190165,-17.016,3911.01,242.408,274.924,0.00219144,-0.00242148,-14.65
4.129,44.3262,-3.09975,4.95115,-0.616363,0.521744,-2.07156,-0.486626,-0.0207243,0.00352589,2590.17,1,0.0686989,0,0.5,-0.284268,-0.262517,-0.0110025,0.0116139,-0.0455808,-0.0709705,-0.0542004,-0.0801058,5461.94,-1064.84,-3731.15,0.000224211,0.0404651,-17.4933,3767.68,250.326,1133.15,-0.000554687,-0.0126175,-15.1362,5617.69,239.485,-2308.07,0.00226558,0.0198063,-17.015,3919.18,250.53,232.212,0.00217976,-0.00197122,-14.6539
4.139,44.3625,-3.1358,4.95159,-0.617533,1.31854,-3.38762,-0.487657,-0.0205993,0.00352102,2590.44,1,0.0685994,0,0.5,-0.284235,-0.262434,-0.0110099,0.0116163,-0.0456883,-0.0709115,-0.0542867,-0.0800388,5457.4,-1103.3,-3542.74,-0.000692502,0.0376205,-17.4846,3769.24,244.009,932.204,-6.23025e-05,-0.0102528,-15.1495,5611.69,199.356,-2235.64,0.00190486,0.0191054,-17.0188,3924.88,275.03,257.224,0.0024005,-0.0021906,-14.6543
4.149,44.3987,-3.17203,4.95314,-0.615759,1.0106,-0.936161,-0.486036,-0.0204847,0.00351481,2589.97,1,0.068425,0,0.5,-0.284238,-0.262477,-0.0110175,0.011616,-0.0457962,-0.0708668,-0.0543676,-0.0799747,5458.45,-1175.5,-3752.53,-0.000827638,0.0413607,-17.4889,3773.22,245.28,1133.69,-0.000613018,-0.0125867,-15.1442,5606.59,220.606,-2229.95,0.00208597,0.0190538,-17.0216,3929.44,256.508,280.177,0.00229454,-0.00244474,-14.6576
4.159,44.4347,-3.20844,4.95294,-0.617027,1.2465,-2.44863,-0.487699,-0.0203764,0.00350826,2591.57,1,0.0683457,0,0.5,-0.284438,-0.262569,-0.0110236,0.0116225,-0.045874,-0.0708418,-0.0544535,-0.0799073,5444.91,-918.604,-3835.41,0.00203688,0.0417454,-17.5043,3781.19,45.9494,1058.9,-0.00241549,-0.0108699,-15.145,5603.98,248.331,-2216.11,0.00231806,0.0189054,-17.0225,3930.48,214.168,260.433,0.00194267,-0.00230326,-14.6588
4.169,44.4705,-3.24505,4.95343,-0.6182,1.49207,-3.99323,-0.488358,-0.0202679,0.00349934,2591.59,1,0.067978,0,0.5,-0.284164,-0.2624,-0.0110305,0.0116176,-0.0460157,-0.0707835,-0.0545411,-0.079835,5455.61,-1179,-3410.44,-0.00177247,0.0359037,-17.4822,3776.35,270.038,805.388,0.000542654,-0.00887998,-15.1642,5603.56,219.756,-2265.44,0.0020912,0.0194283,-17.0263,3930.4,260.047,273.688,0.00231024,-0.00237263,-14.6572
4.179,44.5061,-3.28181,4.95432,-0.615977,0.51188,-1.23118,-0.486881,-0.0201863,0.00349125,2592,1,0.0678929,0,0.5,-0.284684,-0.262749,-0.0110357,0.0116244,-0.0460676,-0.0707812,-0.0546137,-0.0797836,5442.13,-1103.03,-3960.21,0.000556287,0.0449517,-17.5265,3785.98,259.006,1211.96,-0.00069229,-0.0135297,-15.1411,5603.22,209.718,-2229.67,0.0019961,0.0190684,-17.0252,3928.97,275.603,287.219,0.00244921,-0.00249143,-14.6639
4.189,44.5416,-3.31877,4.95521,-0.616465,0.753415,-1.78099,-0.487801,-0.0200974,0.00347986,2592.5,1,0.0675648,0,0.5,-0.284206,-0.262423,-0.0110427,0.0116272,-0.0462097,-0.0707428,-0.0546922,-0.0797224,5453.02,-1202.31,-3753.35,-0.00109358,0.0415528,-17.4776,3781.41,356.435,1113.3,0.000607215,-0.0126874,-15.1716,5604.56,207.521,-2243.48,0.0019813,0.019206,-17.0327,3926.79,223.715,255.465,0.00200919,-0.00223866,-14.6591
4.199,44.5769,-3.3559,4.95549,-0.61628,0.749285,-1.95274,-0.48751,-0.0200313,0.00346998,2592.66,1,0.0674814,0,0.5,-0.284504,-0.262572,-0.0110464,0.0116313,-0.0462706,-0.0707302,-0.0547581,-0.079678,5442.8,-1012.47,-3785.95,0.000933478,0.041357,-17.5195,3780.06,267.474,1112.5,-0.000323189,-0.0123922,-15.1535,5606,202.582,-2241.68,0.00193813,0.0191851,-17.0299,3923.92,262.908,264.32,0.00231985,-0.00227699,-14.6647
4.209,44.612,-3.39322,4.95769,-0.615725,0.80252,-4.3267,-0.487126,-0.0199645,0.00345681,2593.37,1,0.066165,0,0.5,-0.284122,-0.262323,-0.0110527,0.0116323,-0.0463944,-0.0707051,-0.0548237,-0.0796321,5451.56,-849.397,-2938.56,5.44785e-05,0.0283326,-17.4865,3772.16,583.405,919.85,0.00339694,-0.0108722,-15.1684,5606.93,214.586,-2259.95,0.00204243,0.0193626,-17.035,3921.18,186.897,285.954,0.00176543,-0.00262936,-14.6638
4.219,44.6469,-3.43069,4.95731,-0.616178,1.83059,-1.34084,-0.487342,-0.0199264,0.00344605,2593.64,1,0.0673736,0,0.5,-0.284898,-0.262778,-0.0110592,0.0116294,-0.0464014,-0.0707501,-0.0548713,-0.0796094,5425.97,-952.415,-3894.03,0.00191212,0.0431613,-17.5481,3780.47,103.092,1105.16,-0.00198901,-0.011655,-15.1497,5610.14,205.793,-2218.16,0.00195789,0.0189293,-17.0322,3918.06,313.345,258.9,0.00269442,-0.0021723,-14.6708
4.229,44.6816,-3.46835,4.95763,-0.618219,1.50481,-1.46549,-0.489487,-0.0198769,0.00343214,2593.68,1,0.0671478,0,0.5,-0.284528,-0.262617,-0.0110619,0.011641,-0.0465061,-0.0707462,-0.0549244,-0.0795766,5434.32,-1168.3,-4140.35,0.000449176,0.0490111,-17.5079,3777.23,192.953,1126.82,-0.00114143,-0.0122921,-15.1796,5612.76,196.603,-2212.33,0.00187659,0.0188657,-17.0375,3915.23,240.307,243.457,0.00212267,-0.00209838,-14.6679
4.239,44.7162,-3.50619,4.95749,-0.615962,-0.204949,-2.47241,-0.486483,-0.0198479,0.00341853,2594.32,1,0.0664754,0,0.5,-0.284687,-0.26258,-0.0110665,0.0116365,-0.0466176,-0.0707475,-0.0549675,-0.0795586,5449.2,-1346.38,-3568.69,-0.0030197,0.0390963,-17.5063,3768.13,547.637,1094.23,0.00266684,-0.0129909,-15.1751,5615.29,215.87,-2222.67,0.00204306,0.0189519,-17.0386,3912.84,201.859,261.883,0.00185625,-0.00234899,-14.6729
4.249,44.7506,-3.54419,4.95843,-0.61762,1.56218,-2.61009,-0.488602,-0.0198295,0.00340635,2594.3,1,0.0667265,0,0.5,-0.28483,-0.262641,-0.0110676,0.0116349,-0.04664,-0.0707965,-0.0550028,-0.0795477,5432.21,-968.227,-3857.66,0.00163705,0.0425159,-17.5237,3772.51,22.2993,1041.04,-0.0025999,-0.010583,-15.1661,5618.43,188.357,-2255.51,0.0018168,0.0192897,-17.0387,3909.13,262.228,260.659,0.00231754,-0.00224865,-14.6726
4.259,44.7848,-3.58237,4.95949,-0.616528,1.14223,-1.78897,-0.487133,-0.0198139,0.00339274,2594.23,1,0.0664006,0,0.5,-0.284962,-0.2626,-0.0110716,0.0116307,-0.0467345,-0.0708086,-0.0550349,-0.0795405,5443.55,-1281.88,-3661.04,-0.00212914,0.0404238,-17.5186,3763.97,336.772,1077.43,0.00050187,-0.0122546,-15.1735,5621.18,216.569,-2240.06,0.00205105,0.0191082,-17.0407,3906.06,235.669,250.616,0.0021018,-0.00218237,-14.6713
4.269,44.8188,-3.62072,4.95982,-0.61749,0.972905,-2.77097,-0.488383,-0.0198052,0.00337946,2594.71,1,0.0660375,0,0.5,-0.284709,-0.262487,-0.0110733,0.011634,-0.0468103,-0.0708374,-0.0550616,-0.0795385,5450.35,-1079.3,-3752.25,0.000171913,0.0410077,-17.5088,3760.18,224.315,1062.56,-0.000638788,-0.011714,-15.1794,5623.29,114.439,-2196.14,0.00117063,0.0186997,-17.0441,3903.3,536.854,322.223,0.00454326,-0.00265125,-14.6736
4.279,44.8527,-3.65924,4.96014,-0.617389,1.22917,-2.05168,-0.487902,-0.019809,0.0033676,2595.11,1,0.0662325,0,0.5,-0.284972,-0.262541,-0.0110747,0.0116343,-0.0468535,-0.070868,-0.0550793,-0.079546,5449.6,-1081.56,-3793.21,0.000274723,0.0417318,-17.5296,3754.72,260.266,1107.38,-0.000386935,-0.01239,-15.1734,5626.23,203.704,-2246,0.00194245,0.0191579,-17.0444,3899.87,247.929,263.825,0.00221846,-0.00230482,-14.6768
4.289,44.8863,-3.69794,4.96071,-0.617812,1.05816,-1.85857,-0.488362,-0.0198131,0.00335523,2595.41,1,0.066044,0,0.5,-0.284837,-0.262496,-0.011076,0.0116338,-0.0469118,-0.0709016,-0.0550965,-0.0795537,5455.47,-1162.7,-3813.91,-0.000491254,0.042408,-17.5124,3749.95,185.546,1084.51,-0.00110097,-0.0118553,-15.1789,5628.87,202.154,-2268.9,0.00193454,0.019383,-17.0478,3896.93,241.072,257.823,0.00215909,-0.00225397,-14.6763
4.299,44.9198,-3.7368,4.96119,-0.61762,1.08178,-1.90645,-0.487896,-0.0198254,0.00334436,2595.56,1,0.065911,0,0.5,-0.285001,-0.262495,-0.0110765,0.0116335,-0.0469368,-0.0709417,-0.0551078,-0.0795693,5451.53,-1178.49,-3796.65,-0.000703274,0.0422202,-17.5275,3745.35,304.704,1100.12,0.000103786,-0.012487,-15.1781,5630.84,201.21,-2240.68,0.00191797,0.019089,-17.0477,3894,243.285,260.531,0.00218169,-0.00228046,-14.6785
4.309,44.9531,-3.77583,4.9616,-0.617983,1.34959,-2.06793,-0.488218,-0.0198372,0.00333383,2595.84,1,0.0658636,0,0.5,-0.284984,-0.262486,-0.0110766,0.0116322,-0.0469634,-0.0709862,-0.055119,-0.0795847,5448.93,-1142.53,-3786.48,-0.000364904,0.041904,-17.5194,3742.82,128.698,1086.02,-0.00169162,-0.0116622,-15.1766,5632.83,202.578,-2247.92,0.00193071,0.019155,-17.0504,3891.48,226.866,250.927,0.00204309,-0.00220572,-14.6807
4.319,44.9861,-3.81502,4.96181,-0.617619,1.02109,-2.01023,-0.488043,-0.0198486,0.00332429,2596.11,1,0.0657478,0,0.5,-0.28495,-0.262408,-0.0110836,0.0116365,-0.0469955,-0.0710175,-0.0551289,-0.0796025,5450.3,-1199.52,-3667.97,-0.00127866,0.0401183,-17.5162,3738.45,179.004,1065.21,-0.00111451,-0.0116403,-15.1819,5634.11,208.222,-2245.02,0.0019771,0.0191181,-17.052,3889.66,233.37,251.108,0.00209411,-0.00219926,-14.6808
4.329,45.019,-3.85438,4.96264,-0.617864,1.15485,-1.99029,-0.487803,-0.0198635,0.00331574,2596.4,1,0.0655289,0,0.5,-0.28494,-0.262388,-0.011079,0.0116308,-0.0470187,-0.0710634,-0.0551348,-0.079625,5448.93,-1241.68,-3721.87,-0.00155766,0.0412306,-17.5179,3736.16,228.305,1080.03,-0.00064145,-0.0120104,-15.1804,5635.12,202.124,-2273.93,0.00193309,0.0194124,-17.0526,3888.47,237.291,292.414,0.00218625,-0.00262719,-14.6842
4.339,45.0517,-3.89391,4.96272,-0.617827,1.4471,-3.29991,-0.487838,-0.0198775,0.00330844,2596.65,1,0.0653462,0,0.5,-0.284939,-0.262363,-0.0110785,0.0116308,-0.0470384,-0.0711062,-0.0551403,-0.0796472,5444.58,-1081.66,-3332.48,-0.00103177,0.0344814,-17.5187,3734.02,223.334,930.611,-0.000273569,-0.0102611,-15.1846,5635.57,205.496,-2241.96,0.00195319,0.0190834,-17.0641,3886.68,177.16,202.673,0.00159545,-0.00178241,-14.6773
4.349,45.0843,-3.93359,4.96364,-0.618421,1.56318,-2.2225,-0.488038,-0.0198884,0.00330299,2596.5,1,0.0653205,0,0.5,-0.285022,-0.262393,-0.011082,0.0116285,-0.0470412,-0.0711517,-0.0551505,-0.0796681,5439.99,-1072.2,-3824.6,0.000469952,0.0423434,-17.5293,3737.24,192.872,1076.49,-0.00100182,-0.0118305,-15.1841,5635.55,196.364,-2247.85,0.00187604,0.0191479,-17.0539,3886.95,228.214,247.886,0.00205225,-0.00217467,-14.6839
4.359,45.1166,-3.97344,4.96379,-0.619174,1.89686,-2.89033,-0.488686,-0.0198914,0.00329747,2597.02,1,0.0652837,0,0.5,-0.284568,-0.26217,-0.0110824,0.011627,-0.0471188,-0.0711526,-0.0551583,-0.0796867,5457.48,-1228.21,-3603.81,-0.00174063,0.0391078,-17.5002,3727.21,-8.65157,1064.06,-0.00299834,-0.0108309,-15.1844,5635.6,212.244,-2301.57,0.00202666,0.0196888,-17.059,3887.09,226.841,262.026,0.00206242,-0.0023239,-14.6851
4.369,45.1487,-4.01343,4.96486,-0.616329,0.735305,-0.697744,-0.486479,-0.0199108,0.00329594,2596.91,1,0.0650463,0,0.5,-0.285177,-0.262442,-0.0110811,0.0116274,-0.047075,-0.0712114,-0.0551595,-0.0797162,5441.4,-1112.58,-3818.77,3.61817e-05,0.0424156,-17.5528,3736.58,416.104,1173.25,0.00109565,-0.013764,-15.1783,5634.6,182.188,-2230.01,0.00175233,0.0189769,-17.0533,3887.41,232.261,264.165,0.00210661,-0.00233789,-14.6913
4.379,45.1807,-4.05359,4.9643,-0.618601,1.36841,-2.93489,-0.489287,-0.0199059,0.00329522,2597.6,1,0.0650146,0,0.5,-0.284758,-0.262286,-0.0110761,0.0116348,-0.0470919,-0.0712135,-0.0551763,-0.0797283,5439.29,-907.195,-3605.05,0.00144207,0.0379361,-17.5226,3733.98,4.41666,813.654,-0.00212802,-0.00808602,-15.1931,5634.58,176.471,-2274.43,0.00171476,0.0194314,-17.0585,3887.43,265.827,258.444,0.00235485,-0.00223348,-14.6865
4.389,45.2124,-4.09392,4.96597,-0.617015,1.12345,-0.0783121,-0.486562,-0.0199138,0.00329422,2597.91,1,0.0650043,0,0.5,-0.284792,-0.262273,-0.0110839,0.0116247,-0.0471601,-0.071226,-0.0551791,-0.0797542,5459.69,-1567.72,-3836.95,-0.00466435,0.0446628,-17.5192,3728.19,407.017,1325.28,0.000577544,-0.0157105,-15.1893,5632.04,204.342,-2234.02,0.00194143,0.0190155,-17.0636,3888.5,152.481,229.454,0.00143858,-0.00210865,-14.6921
4.399,45.244,-4.13439,4.96577,-0.618234,2.12375,-1.65139,-0.488329,-0.0199237,0.00329812,2597.2,1,0.0650907,0,0.5,-0.285136,-0.262465,-0.011083,0.0116248,-0.0470952,-0.0712752,-0.0551885,-0.0797757,5435.05,-1041.44,-3913.66,0.00107282,0.0438576,-17.5479,3739.61,-30.8006,1122.99,-0.00338131,-0.0113646,-15.1798,5631.83,180.179,-2237.21,0.00173752,0.0190604,-17.058,3888.38,255.432,253.231,0.00226622,-0.0021926,-14.6919
4.409,45.2753,-4.17502,4.96525,-0.616855,0.792721,-1.60866,-0.486881,-0.0199224,0.00330173,2597.48,1,0.0649481,0,0.5,-0.285176,-0.26234,-0.0110849,0.0116247,-0.0471242,-0.0712657,-0.055202,-0.0797926,5445.85,-1637.15,-3600.72,-0.0058643,0.0408493,-17.512,3736.04,425.154,1208.85,0.00109505,-0.0142416,-15.1906,5630.9,221.504,-2230.02,0.00208605,0.0189696,-17.0623,3889.44,214.718,252.273,0.00195426,-0.0022393,-14.6925
4.419,45.3065,-4.2158,4.96647,-0.618731,1.40168,-2.24661,-0.489075,-0.0199168,0.00330721,2597.39,1,0.0645333,0,0.5,-0.284773,-0.262286,-0.0110847,0.0116258,-0.0471329,-0.0712655,-0.0552205,-0.0798039,5444.95,-964.624,-3909.19,0.00184426,0.0432787,-17.5215,3737.44,73.4575,1111.64,-0.00232901,-0.0117345,-15.1878,5630.61,161.484,-2253.01,0.00158255,0.0192332,-17.0618,3889.18,237.763,244.713,0.00211855,-0.00212775,-14.6915
4.429,45.3375,-4.25674,4.96692,-0.617498,1.25366,-1.78306,-0.487427,-0.0199208,0.00331428,2598.14,1,0.0644963,0,0.5,-0.285142,-0.262382,-0.0110873,0.0116259,-0.0471393,-0.0712665,-0.055231,-0.079825,5449.44,-1112.14,-3710.39,-0.000276311,0.0404563,-17.5545,3737.15,355.318,1054.46,0.000768649,-0.0121209,-15.1935,5629.59,183.731,-2233.47,0.00176787,0.0190285,-17.0623,3889.87,216.322,256.559,0.00197204,-0.00228149,-14.6949
4.439,45.3683,-4.29784,4.96686,-0.618319,1.28198,-2.14318,-0.488454,-0.0199205,0.00332305,2597.63,1,0.0644887,0,0.5,-0.284958,-0.262318,-0.011088,0.0116233,-0.0471394,-0.0712644,-0.0552473,-0.0798393,5451.74,-1146.52,-3788.02,-0.000398002,0.0419187,-17.523,3739.04,200.536,1107.72,-0.00101263,-0.0122229,-15.1931,5629.12,176.116,-2253.55,0.0017072,0.0192377,-17.0638,3889.31,209.167,249.953,0.00190716,-0.00222384,-14.696
4.449,45.3988,-4.33908,4.9665,-0.617873,1.78349,-2.29837,-0.487428,-0.0199289,0.00333369,2597.97,1,0.0648284,0,0.5,-0.285422,-0.262485,-0.0110882,0.0116227,-0.0471087,-0.0712763,-0.0552577,-0.0798611,5446.94,-1444.06,-3574.62,-0.00395918,0.0396154,-17.5369,3742.93,170.236,1119.68,-0.00135891,-0.01223,-15.1732,5629.22,225.883,-2232.07,0.00212519,0.0189938,-17.066,3889.08,257.549,265.73,0.0023015,-0.00231756,-14.6948
4.459,45.4292,-4.38049,4.96731,-0.618388,0.474328,-1.12745,-0.489345,-0.019917,0.00334429,2597.72,1,0.0644099,0,0.5,-0.284598,-0.262098,-0.011091,0.0116283,-0.0471372,-0.0712316,-0.0552821,-0.0798612,5462.05,-1096.94,-4018.99,0.000824056,0.0457981,-17.5079,3741.93,49.8768,1200.06,-0.00283244,-0.0126523,-15.2019,5629.5,153.313,-2235.41,0.00150926,0.0190616,-17.0676,3887.95,228.896,223.45,0.00201894,-0.00192317,-14.6902
4.469,45.4594,-4.42204,4.96772,-0.617419,1.01208,-1.39415,-0.486777,-0.0199312,0.00335696,2598.49,1,0.0644178,0,0.5,-0.285367,-0.262489,-0.0110914,0.0116212,-0.0471119,-0.0712447,-0.0552888,-0.0798927,5460.91,-1421.85,-3758.55,-0.00329822,0.0425449,-17.563,3743.26,353.756,1244.06,0.00022798,-0.0144281,-15.1782,5629.01,240.307,-2216.47,0.00224239,0.0188277,-17.0668,3887.96,244.05,303.835,0.00225506,-0.00273798,-14.7011
4.479,45.4893,-4.46373,4.969,-0.617501,0.811441,-1.21467,-0.488015,-0.0199281,0.00336947,2597.9,1,0.0639177,0,0.5,-0.284959,-0.262309,-0.0110915,0.0116154,-0.0470922,-0.0712444,-0.0553105,-0.0799027,5459.44,-979.194,-3812.1,0.0013756,0.0414738,-17.5234,3750.37,165.854,1063.75,-0.00124185,-0.011534,-15.2016,5629.92,101.603,-2256.92,0.00107328,0.0192953,-17.0708,3886.75,174.242,234.063,0.00161649,-0.00211709,-14.6978
4.489,45.5191,-4.50559,4.96878,-0.619023,2.25098,-2.64977,-0.489031,-0.0199266,0.00338288,2596.68,1,0.0641446,0,0.5,-0.284966,-0.262265,-0.0110933,0.0116171,-0.0470957,-0.0712157,-0.0553269,-0.0799189,5463.41,-988.145,-3695.02,0.00091301,0.0395086,-17.545,3747.56,284.231,1003.73,0.000155488,-0.0112688,-15.2048,5629.21,134.372,-2157.58,0.00133099,0.0182864,-17.069,3886.48,191.718,229.124,0.00174518,-0.00203497,-14.6966
4.499,45.5487,-4.54759,4.96902,-0.618174,1.26426,-2.28073,-0.487964,-0.0199281,0.00339583,2600.06,1,0.0638808,0,0.5,-0.28482,-0.262276,-0.011096,0.0116198,-0.0471052,-0.0711968,-0.0553403,-0.0799372,5477.65,-1176.94,-3642.42,-0.00111774,0.0393289,-17.5317,3747.78,388.756,1156.24,0.000843089,-0.0134282,-15.2013,5629.01,282.502,-2217.77,0.00259813,0.0188135,-17.0699,3886.9,163.569,215.967,0.00150982,-0.00194435,-14.6965
4.509,45.578,-4.58973,4.9694,-0.618122,0.997414,-1.19663,-0.48816,-0.0199324,0.00341022,2598.59,1,0.0639708,0,0.5,-0.285016,-0.262354,-0.0110973,0.0116182,-0.0470518,-0.0711957,-0.0553542,-0.0799572,5468.21,-1143,-3830.99,-0.000236489,0.0424777,-17.5538,3753.95,295.329,1078.47,6.94895e-05,-0.0121684,-15.1965,5629.47,174.147,-2255.14,0.00169245,0.0192535,-17.0695,3886.76,242.377,245.604,0.00215512,-0.0021321,-14.6998
4.519,45.6072,-4.63201,4.9695,-0.618666,1.60024,-2.32487,-0.488453,-0.0199351,0.00342431,2598.86,1,0.0638724,0,0.5,-0.285238,-0.262492,-0.0110974,0.011618,-0.0470007,-0.0711957,-0.0553696,-0.0799749,5457.55,-1171.84,-3747.85,-0.00076401,0.0412765,-17.554,3759.02,259.079,1036.87,-0.000194404,-0.0115399,-15.195,5629.32,173.296,-2237.29,0.00168058,0.0190729,-17.0698,3886.72,227.362,248.521,0.00204612,-0.00218259,-14.7015
4.529,45.6361,-4.67445,4.97024,-0.6174,0.197182,-1.08521,-0.488401,-0.0199211,0.00343626,2598.97,1,0.0634949,0,0.5,-0.284541,-0.262177,-0.0111154,0.0116153,-0.0470395,-0.0711423,-0.0553923,-0.0799812,5479.1,-1100.01,-3795.65,8.52091e-05,0.0415432,-17.5186,3755.62,326.468,1164.4,0.000154709,-0.0133025,-15.212,5627.65,308.45,-2234.89,0.0028203,0.0189736,-17.0747,3888.04,174.959,216.83,0.0016005,-0.00193303,-14.6984
4.539,45.6649,-4.71702,4.96958,-0.617941,1.25093,-2.29254,-0.487561,-0.0199316,0.00345071,2599.45,1,0.0638373,0,0.5,-0.285136,-0.262473,-0.0111018,0.0116173,-0.0469802,-0.0711452,-0.0553995,-0.0800078,5465.83,-1153.37,-3689.79,-0.000753735,0.0401264,-17.5743,3756.57,340.81,1104.41,0.00047687,-0.0126164,-15.1917,5627.45,195.131,-2238.69,0.00186618,0.0190834,-17.0711,3887.66,205.574,273.84,0.00191213,-0.00248422,-14.7036
4.549,45.6934,-4.75973,4.97015,-0.619301,0.963944,-3.60187,-0.488773,-0.0199255,0.00346267,2599.02,1,0.0631885,0,0.5,-0.284812,-0.26235,-0.0111057,0.0116129,-0.0469717,-0.0711361,-0.055421,-0.0800185,5466.02,-1014.64,-3743.35,0.000794424,0.0404018,-17.5311,3760.42,331.028,1098.5,0.000386406,-0.0125015,-15.2089,5627.8,411.968,-2265.85,0.00370188,0.019204,-17.0763,3887.78,17.2922,211.221,0.000206173,-0.00218399,-14.6989
4.559,45.7217,-4.80259,4.97058,-0.618871,1.70992,-1.77818,-0.488852,-0.019924,0.00347581,2599.37,1,0.0637796,0,0.5,-0.285002,-0.262447,-0.0111025,0.0116138,-0.0469388,-0.0711189,-0.0554385,-0.0800325,5461.35,-1016.19,-3895.96,0.00126571,0.0431063,-17.5587,3762.29,145.314,1108.75,-0.00157918,-0.0119356,-15.1987,5627.74,180.179,-2246.75,0.0017411,0.0191715,-17.0738,3887.39,234.016,258.458,0.00211145,-0.00227578,-14.7041
4.569,45.7499,-4.84558,4.97078,-0.618522,1.26769,-1.72807,-0.488296,-0.0199251,0.00348819,2599.57,1,0.0636201,0,0.5,-0.285267,-0.262603,-0.0111043,0.0116154,-0.0469216,-0.0711047,-0.0554538,-0.0800503,5461.83,-1268.29,-3866.48,-0.00142002,0.0437813,-17.5638,3763.12,365.804,1137.27,0.000647986,-0.0130703,-15.2032,5627.87,174.067,-2230.31,0.00168579,0.0190067,-17.0741,3887.61,208.246,260.675,0.00191625,-0.0023394,-14.7036
4.579,45.7778,-4.88873,4.97107,-0.619056,1.34899,-1.65823,-0.489082,-0.0199161,0.00349869,2599.67,1,0.0635917,0,0.5,-0.284611,-0.262333,-0.0111071,0.011614,-0.0469627,-0.0710699,-0.0554747,-0.080059,5480.01,-1330.15,-3790.2,-0.00226409,0.0424815,-17.5193,3759.65,277.362,1085.67,-0.00014282,-0.0121753,-15.2179,5627.85,191.27,-2306.5,0.00185246,0.0197776,-17.0786,3888.11,203.484,305.226,0.00193726,-0.0028267,-14.7018
4.589,45.8055,-4.932,4.97144,-0.617148,0.618654,-0.919323,-0.486806,-0.0199225,0.00351055,2599.59,1,0.0634552,0,0.5,-0.284973,-0.262453,-0.0111058,0.0116132,-0.0469381,-0.071057,-0.0554875,-0.0800789,5480.66,-1330.28,-3773.84,-0.00231822,0.0421871,-17.5555,3759.48,451.793,1293.38,0.00114629,-0.0153075,-15.1982,5627.38,180.652,-2225.63,0.00174071,0.0189579,-17.0767,3887.79,189.2,265.011,0.0017725,-0.00241964,-14.7062
4.599,45.833,-4.97541,4.9712,-0.618913,1.18407,-2.12103,-0.489304,-0.0199222,0.003522,2599.67,1,0.063431,0,0.5,-0.284816,-0.262421,-0.0111046,0.0116177,-0.0468958,-0.0710514,-0.0555051,-0.0800918,5468.38,-967.191,-3830.76,0.00154513,0.0416434,-17.5471,3762.8,98.8677,1054.98,-0.00189218,-0.0111152,-15.2039,5628.19,140.677,-2250.32,0.00140616,0.0192221,-17.0778,3886.3,215.008,237.659,0.00193571,-0.00208814,-14.7051
4.609,45.8602,-5.01897,4.97151,-0.618371,0.781543,-1.48794,-0.488497,-0.0199168,0.00353099,2600.12,1,0.063404,0,0.5,-0.284589,-0.262322,-0.0111064,0.0116178,-0.0469314,-0.0710163,-0.0555244,-0.0801026,5485.42,-1346.06,-3753.95,-0.00253002,0.0418548,-17.5366,3757.67,350.189,1175.38,0.000377304,-0.0135077,-15.2163,5628.06,201.72,-2244.08,0.00192382,0.0191328,-17.0806,3886.68,173.477,254.135,0.00163606,-0.00233349,-14.7047
4.619,45.8873,-5.06264,4.97199,-0.618754,1.8044,-1.87878,-0.488731,-0.0199272,0.00354167,2600.09,1,0.0634472,0,0.5,-0.28509,-0.262604,-0.0111107,0.0116115,-0.0468518,-0.0710454,-0.0555332,-0.0801254,5461.92,-951.348,-3789.45,0.00157503,0.0409289,-17.5786,3764.73,117.258,1023.18,-0.00161263,-0.0108251,-15.1961,5628.18,154.209,-2243.3,0.00151987,0.0191458,-17.076,3885.48,241.581,252.994,0.00216158,-0.00220966,-14.7094
4.629,45.9142,-5.10647,4.97201,-0.619282,1.45758,-2.13384,-0.489215,-0.0199192,0.00354943,2600.21,1,0.0632932,0,0.5,-0.28473,-0.262383,-0.0111126,0.0116124,-0.0468851,-0.0710174,-0.0555545,-0.0801348,5474.49,-1243.99,-3736.61,-0.0015353,0.0412239,-17.5374,3760.99,287.197,1066.84,1.18868e-05,-0.0119806,-15.2203,5628.27,171.183,-2250.06,0.00166568,0.0192072,-17.0819,3885.48,188.828,244.692,0.00174469,-0.00220456,-14.7061
4.639,45.9408,-5.15041,4.97237,-0.618476,1.08922,-1.74112,-0.488375,-0.0199258,0.00355836,2600.32,1,0.0631868,0,0.5,-0.285063,-0.262565,-0.0111129,0.0116113,-0.0468498,-0.0710221,-0.0555649,-0.0801553,5467.26,-1142.26,-3819.71,-0.000264053,0.0422857,-17.5707,3763.11,348.832,1146.83,0.000441781,-0.0131342,-15.2006,5628.29,163.667,-2232.53,0.00159833,0.0190322,-17.0809,3885.53,201.634,256.416,0.00186024,-0.0023067,-14.7102
4.649,45.9672,-5.1945,4.97244,-0.619257,1.66286,-1.76186,-0.489123,-0.0199237,0.00356583,2600.01,1,0.0633641,0,0.5,-0.284963,-0.262483,-0.0111148,0.0116101,-0.0468531,-0.0710141,-0.055583,-0.0801685,5469.02,-1247.12,-3773.34,-0.00146279,0.0419331,-17.546,3762.41,148.74,1062.1,-0.00140834,-0.0114085,-15.2133,5628.39,178.717,-2255.56,0.00173131,0.0192595,-17.0815,3885.29,213.717,251.705,0.00194746,-0.00223714,-14.7105
4.659,45.9934,-5.23871,4.97254,-0.619162,1.43592,-2.20269,-0.488966,-0.019925,0.00357297,2600.59,1,0.063169,0,0.5,-0.284967,-0.262511,-0.0111157,0.0116107,-0.0468567,-0.0710047,-0.0555968,-0.0801842,5472.73,-1218.57,-3717.02,-0.00132742,0.0407977,-17.5542,3760.59,282.966,1074.72,-5.2764e-05,-0.0120613,-15.2117,5628.54,170.924,-2250.5,0.0016644,0.0192108,-17.0824,3885.08,195.066,254.966,0.00180728,-0.00230299,-14.7092
4.669,46.0194,-5.28306,4.97277,-0.619417,1.42784,-2.26795,-0.488851,-0.0199254,0.00357931,2600.7,1,0.063091,0,0.5,-0.284744,-0.262351,-0.0111165,0.0116098,-0.0468734,-0.0709937,-0.0556125,-0.0802016,5482.26,-1214.53,-3717.77,-0.00129256,0.0406934,-17.5433,3756.55,265.45,1088.44,-0.000275837,-0.0121772,-15.2176,5628.36,158.658,-2241.95,0.00155715,0.0191296,-17.0766,3884.97,188.464,240.978,0.00173707,-0.00216607,-14.701
4.679,46.0452,-5.32752,4.97323,-0.620074,2.121,-2.07947,-0.490145,-0.0199329,0.00358697,2600.78,1,0.0631888,0,0.5,-0.285125,-0.262598,-0.0111163,0.0116067,-0.046815,-0.0710208,-0.055626,-0.0802188,5459.95,-763.738,-4021.08,0.00429877,0.0441213,-17.5872,3765.59,55.4275,1075.06,-0.00238292,-0.0111421,-15.2014,5629.16,139.013,-2251.37,0.00139232,0.0192301,-17.0805,3883.89,246.041,247.655,0.00218826,-0.00214985,-14.7112
4.689,46.0708,-5.37214,4.97304,-0.620006,2.17478,-3.27021,-0.490097,-0.019918,0.00359058,2600.84,1,0.0629816,0,0.5,-0.284428,-0.262194,-0.0111257,0.0116161,-0.0469157,-0.0709604,-0.0556502,-0.0802231,5492.85,-1244.2,-3242.8,-0.00276266,0.0333974,-17.5249,3750.83,228.577,876.262,-6.88764e-05,-0.00961681,-15.2326,5629.52,175.21,-2286.23,0.00170955,0.0195704,-17.088,3883.72,176.383,208.384,0.00159902,-0.00184426,-14.7067
4.699,46.0961,-5.41684,4.97281,-0.618842,1.86888,-2.2615,-0.488174,-0.0199469,0.00359862,2601.22,1,0.0633125,0,0.5,-0.285844,-0.263089,-0.0111181,0.0116069,-0.0467674,-0.0710466,-0.0556441,-0.0802597,5448.53,-1072.54,-3843.25,0.000534953,0.0425809,-17.6352,3769.33,150.736,964.11,-0.00109307,-0.0102797,-15.1766,5628.63,164.211,-2187.42,0.00159176,0.0185753,-17.0779,3883.89,240.379,261.895,0.00216663,-0.0023043,-14.7186
4.709,46.1212,-5.46171,4.97333,-0.620813,0.82556,-2.12937,-0.490871,-0.0199167,0.0035998,2601.05,1,0.0628568,0,0.5,-0.284248,-0.262065,-0.0111203,0.0116061,-0.0468852,-0.0709838,-0.0556794,-0.0802499,5487.4,-1534.54,-3783.86,-0.00439499,0.0431946,-17.477,3757.84,362.546,832.042,0.00141779,-0.00944666,-15.2651,5629.22,142.725,-2284.58,0.00143134,0.0195673,-17.0887,3883.82,228.129,203.593,0.00198255,-0.00172701,-14.7071
4.719,46.1462,-5.50667,4.97367,-0.618439,1.79906,-1.64712,-0.487491,-0.0199371,0.00360633,2601.32,1,0.0631987,0,0.5,-0.285276,-0.262693,-0.011122,0.0116049,-0.0468241,-0.0710193,-0.0556795,-0.0802851,5465.21,-1227.12,-3755.21,-0.00131825,0.0415697,-17.609,3760.56,339.452,1171.34,0.00027807,-0.0134126,-15.1929,5627.61,197.307,-2208.96,0.00187783,0.0187803,-17.0814,3885.04,205.915,284.332,0.00193057,-0.00259784,-14.7178
4.729,46.1708,-5.55177,4.97454,-0.619088,0.940132,-1.51404,-0.489868,-0.0199221,0.00360874,2601.04,1,0.0626489,0,0.5,-0.284499,-0.262334,-0.0111237,0.0116082,-0.0468615,-0.0710065,-0.0557073,-0.0802855,5473.91,-899.478,-3883.1,0.00239576,0.042169,-17.5409,3761.74,177.108,1066.07,-0.00113414,-0.0115706,-15.2314,5628.33,147.717,-2263.28,0.00146882,0.019351,-17.0875,3884.28,194.395,234.978,0.00177541,-0.00209312,-14.7105
4.739,46.1953,-5.59697,4.97324,-0.61748,1.39792,-2.75083,-0.48676,-0.0199515,0.00361577,2601.22,1,0.0630127,0,0.5,-0.28646,-0.263278,-0.011124,0.0116053,-0.0467327,-0.0710685,-0.0557014,-0.0803243,5431.78,-527.579,-3866.84,0.00609885,0.0404645,-17.7083,3768.15,283.402,1175.59,-0.000334657,-0.0132439,-15.1613,5627.65,187.796,-2184.56,0.00179097,0.0185389,-17.0756,3884.2,176.057,286.764,0.00169356,-0.0026838,-14.7238
4.749,46.2196,-5.64233,4.97563,-0.61982,0.324276,0.143543,-0.490419,-0.0199074,0.0036144,2600.94,1,0.0625764,0,0.5,-0.283926,-0.261995,-0.0111268,0.0116051,-0.0469198,-0.0709869,-0.0557493,-0.0802992,5486.36,-1312.39,-4112.23,-0.00120436,0.0484798,-17.4535,3755.85,449.475,1073.45,0.00169461,-0.012543,-15.2874,5628.17,126.727,-2252.83,0.00128587,0.0192524,-17.0969,3882.94,190.426,194.45,0.00168707,-0.0016806,-14.702
4.759,46.2436,-5.68778,4.97404,-0.618849,1.8702,-1.89875,-0.487909,-0.0199322,0.00362062,2601.77,1,0.0631366,0,0.5,-0.285336,-0.262719,-0.0111271,0.0116038,-0.0468448,-0.0710238,-0.0557436,-0.0803369,5462.72,-915.654,-3835.92,0.00208276,0.0415458,-17.6349,3756.74,241.607,1131.59,-0.000646528,-0.0126033,-15.1862,5627.86,174.499,-2220.56,0.00168738,0.0189077,-17.0826,3883.41,240.7,276.023,0.00219125,-0.00245172,-14.7202
4.769,46.2674,-5.73336,4.97434,-0.620852,2.63912,-3.19861,-0.490458,-0.0199221,0.0036218,2601.69,1,0.0628701,0,0.5,-0.284561,-0.262348,-0.01113,0.0116041,-0.0469086,-0.0710189,-0.0557636,-0.080343,5477.11,-1256.03,-3403.59,-0.00249759,0.0359077,-17.5289,3753.95,107.808,735.122,-0.000901203,-0.00764184,-15.2352,5628.28,166.113,-2279.93,0.00163056,0.0195141,-17.0914,3883.06,201.439,221.439,0.00180945,-0.00194168,-14.7113
4.779,46.291,-5.77905,4.97486,-0.619247,1.91879,-1.74703,-0.488688,-0.0199335,0.00362614,2601.88,1,0.0629269,0,0.5,-0.285217,-0.26266,-0.0111295,0.0116021,-0.0468658,-0.0710409,-0.0557707,-0.0803677,5465.57,-1040.59,-3821.09,0.000776817,0.0418527,-17.6008,3757.94,167.979,1114.93,-0.00136607,-0.0121151,-15.2042,5627.52,180.605,-2233.9,0.0017429,0.0190413,-17.0868,3883.82,196.935,257.582,0.00182545,-0.00232826,-14.7177
4.789,46.3143,-5.82487,4.97666,-0.617798,0.515332,0.29146,-0.487934,-0.0199244,0.00362729,2601.71,1,0.0624543,0,0.5,-0.284525,-0.262262,-0.0111367,0.0115927,-0.0469309,-0.0710201,-0.0557928,-0.080373,5487.26,-1084.62,-3735.38,5.65646e-05,0.0403667,-17.5317,3751,285.789,1056.26,2.48232e-05,-0.0118824,-15.2371,5628.38,135.528,-2265,0.00136579,0.0193727,-17.0927,3883.42,184.841,225.371,0.00168833,-0.00200837,-14.7122
4.799,46.3375,-5.87079,4.97533,-0.619638,1.78899,-1.9065,-0.489515,-0.0199371,0.00363255,2601.81,1,0.0627136,0,0.5,-0.285164,-0.262555,-0.011132,0.0116011,-0.0468508,-0.0710502,-0.0558008,-0.0803966,5456.9,-679.354,-4047.65,0.00526192,0.0442025,-17.6065,3757.02,205.939,1186.7,-0.0011866,-0.0131234,-15.2051,5628.37,140.574,-2231.04,0.00140107,0.0190258,-17.087,3883,235.285,265.122,0.00213395,-0.00234587,-14.7181
4.809,46.3604,-5.91684,4.97509,-0.619323,1.39102,-1.88387,-0.48896,-0.0199307,0.00363364,2601.9,1,0.0627549,0,0.5,-0.284754,-0.262374,-0.0111332,0.0116007,-0.0469186,-0.0710306,-0.0558195,-0.0804058,5478.48,-1606.86,-3648.03,-0.00542913,0.0411953,-17.5305,3750.45,373.827,1232.97,0.000468013,-0.0143276,-15.2315,5628.86,190.486,-2242.64,0.00182849,0.0191208,-17.0944,3883.13,182.201,266.44,0.00172164,-0.0024512,-14.7138
4.819,46.3831,-5.963,4.97545,-0.619791,1.77849,-2.08077,-0.489489,-0.0199372,0.0036376,2602.01,1,0.0626834,0,0.5,-0.284948,-0.262451,-0.0111339,0.0116014,-0.0468829,-0.0710474,-0.0558295,-0.0804247,5464.93,-1006.92,-3814.22,0.00109002,0.0415822,-17.5787,3751.81,169.031,1123.13,-0.00138298,-0.0122363,-15.2134,5628.84,151.126,-2235.58,0.00149225,0.0190662,-17.09,3882.62,198.118,251.834,0.00182775,-0.00226572,-14.7169
4.829,46.4055,-6.00927,4.97569,-0.619791,1.7016,-1.72836,-0.489418,-0.0199356,0.00363988,2602.2,1,0.062711,0,0.5,-0.284843,-0.262414,-0.0111356,0.0115999,-0.0469066,-0.0710498,-0.0558449,-0.0804371,5471.03,-1230.41,-3774.27,-0.00129557,0.0418516,-17.5592,3750.65,222.545,1123.42,-0.000826494,-0.0124553,-15.2253,5628.91,175.415,-2253.02,0.00170301,0.0192332,-17.0936,3882.52,190.269,251.12,0.00176608,-0.00227198,-14.7165
4.839,46.4278,-6.05564,4.97561,-0.619689,1.96156,-2.14432,-0.489314,-0.0199412,0.00364379,2602.2,1,0.0627243,0,0.5,-0.285156,-0.262566,-0.0111367,0.0116004,-0.0468755,-0.0710729,-0.0558561,-0.0804551,5459.37,-1082.02,-3721.2,5.71161e-05,0.040402,-17.5836,3754.57,138.489,1049.28,-0.00147736,-0.0112421,-15.212,5628.96,163.851,-2242.56,0.00160202,0.0191315,-17.092,3882.06,206.428,248.466,0.00188753,-0.0022165,-14.7184
4.849,46.4498,-6.10214,4.97594,-0.621022,2.53552,-2.72637,-0.4903,-0.0199345,0.00364619,2602.16,1,0.0625882,0,0.5,-0.284758,-0.262338,-0.0111397,0.0115931,-0.0469172,-0.0710604,-0.0558745,-0.0804638,5470.49,-1199.85,-3616.56,-0.00141293,0.0390729,-17.5481,3750.02,130.807,967.309,-0.00132027,-0.0102899,-15.2308,5629.04,169.09,-2269.75,0.00165339,0.019406,-17.0948,3881.76,204.936,238.799,0.00186255,-0.00211759,-14.7165
4.859,46.4716,-6.14873,4.97623,-0.618771,1.66256,-2.17581,-0.488791,-0.0199399,0.00365059,2602.44,1,0.0624516,0,0.5,-0.285045,-0.262488,-0.011143,0.0116035,-0.046892,-0.0710779,-0.0558839,-0.0804827,5462.16,-980.716,-3603.41,0.00070639,0.0380172,-17.5866,3753.93,245.605,1068.32,-0.000426824,-0.011878,-15.217,5628.56,133.528,-2226.56,0.00134224,0.0189823,-17.0919,3882.15,178.237,245.322,0.00166345,-0.00223227,-14.7204
4.869,46.4931,-6.19544,4.97763,-0.619121,0.544946,0.809023,-0.48897,-0.0199336,0.00365344,2602.4,1,0.0625492,0,0.5,-0.284718,-0.262286,-0.0111359,0.0116081,-0.0469346,-0.0710696,-0.0559018,-0.0804922,5474.01,-1182.16,-4128.44,0.000270626,0.0482802,-17.5604,3751.71,329.701,1163.43,0.000189562,-0.0133155,-15.2357,5627.77,176.922,-2252.67,0.00171509,0.0192329,-17.0948,3881.67,225.392,276.706,0.00207388,-0.00248422,-14.718
4.879,46.5144,-6.24225,4.9764,-0.618049,0.544457,-0.814377,-0.487916,-0.0199249,0.00365745,2603.08,1,0.0625918,0,0.5,-0.284708,-0.262352,-0.011148,0.0115979,-0.0469308,-0.0710582,-0.0559214,-0.0804983,5476.16,-1494.5,-3679.3,-0.00422215,0.0412943,-17.5559,3750.98,754.942,984.652,0.00498701,-0.0120472,-15.2513,5627.51,194.102,-2243.61,0.00185977,0.0191335,-17.096,3883.04,177.654,254.687,0.00167104,-0.00233337,-14.7164
4.889,46.5356,-6.28916,4.97637,-0.618139,2.16724,-2.89552,-0.487833,-0.0199324,0.00366222,2602.58,1,0.0624134,0,0.5,-0.285051,-0.262411,-0.0111429,0.0116023,-0.0469037,-0.0710825,-0.0559265,-0.0805238,5461.89,-1355.98,-3198.88,-0.00393155,0.0333808,-17.5675,3752.15,452.114,1051.4,0.00178842,-0.0122911,-15.2134,5626.9,250.383,-2258.37,0.00234312,0.0192552,-17.0941,3883.57,89.2668,208.901,0.000894761,-0.00202765,-14.7222
4.899,46.5564,-6.33618,4.97719,-0.621333,3.48958,-2.44972,-0.490936,-0.0199177,0.00366551,2602.52,1,0.0625682,0,0.5,-0.284761,-0.262365,-0.0111435,0.0115948,-0.0469052,-0.0710973,-0.0559502,-0.0805268,5454.63,-1065.67,-3782.04,0.000402116,0.0414108,-17.5582,3760.8,-34.8943,945.074,-0.00285995,-0.0092743,-15.2302,5626.68,152.847,-2264.11,0.00151384,0.0193633,-17.0953,3883.98,221.711,235.973,0.00198582,-0.00206233,-14.72
4.909,46.5771,-6.3833,4.97723,-0.617589,0.32994,-0.429065,-0.487208,-0.0199087,0.00366885,2602.81,1,0.0624282,0,0.5,-0.284739,-0.262291,-0.0111453,0.0115963,-0.0469645,-0.0710644,-0.0559653,-0.0805392,5478.34,-1568.74,-3675.18,-0.00499118,0.0415102,-17.5562,3752.08,566.965,1227.33,0.00256235,-0.0148044,-15.2314,5624.72,193.513,-2230.24,0.00185192,0.0190076,-17.0975,3886.47,171.479,258.268,0.00162464,-0.00238218,-14.7211
4.919,46.5975,-6.43051,4.97777,-0.619508,2.10149,-0.903791,-0.489655,-0.019911,0.00367457,2602.74,1,0.0625375,0,0.5,-0.28507,-0.262551,-0.0111464,0.0115935,-0.046895,-0.0711006,-0.0559764,-0.0805543,5449.8,-982.275,-3995.01,0.00195326,0.0448975,-17.5911,3762.59,68.7375,1091.12,-0.0022981,-0.0113961,-15.214,5624.64,150.516,-2243.14,0.0014899,0.0191577,-17.0941,3886.05,219.748,255.443,0.0019985,-0.0022665,-14.7223
4.929,46.6177,-6.47784,4.97752,-0.62031,2.77537,-2.29536,-0.489887,-0.0198938,0.00367796,2602.89,1,0.0624047,0,0.5,-0.284533,-0.262213,-0.0111454,0.0115947,-0.0469736,-0.0710492,-0.0560006,-0.0805557,5472.72,-1339.13,-3397.42,-0.00332042,0.0361538,-17.5468,3749.05,212.042,862.059,-0.000199835,-0.00940813,-15.2425,5624.81,171.699,-2271.02,0.00167789,0.0194328,-17.0975,3885.81,192.649,226.52,0.00174789,-0.0020066,-14.7209
4.939,46.6376,-6.52526,4.97717,-0.619126,1.8153,-1.91776,-0.488665,-0.0199005,0.00368416,2603,1,0.0624607,0,0.5,-0.284973,-0.262529,-0.0111467,0.0115957,-0.0469323,-0.071068,-0.056011,-0.080573,5461.68,-1155.46,-3713.69,-0.000711277,0.0405778,-17.5927,3754.16,205.343,1098.05,-0.000929588,-0.0120778,-15.2128,5624.26,172.25,-2235.12,0.00167368,0.0190686,-17.0946,3886.1,198.94,255.34,0.00183701,-0.00229963,-14.7255
4.949,46.6574,-6.57278,4.97764,-0.620007,2.17613,-2.66177,-0.48993,-0.0198929,0.00368865,2602.9,1,0.0621382,0,0.5,-0.284642,-0.262314,-0.0111491,0.0115944,-0.0469528,-0.0710595,-0.0560308,-0.0805778,5465.67,-1052.61,-3586.42,-5.38655e-05,0.0380219,-17.5583,3753.26,247.543,964.061,-0.000115396,-0.0106728,-15.2355,5624.72,131.945,-2237.77,0.0013304,0.0191097,-17.0983,3884.59,177.638,208.51,0.00160817,-0.00184321,-14.7217
4.959,46.6768,-6.6204,4.97788,-0.619136,2.04457,-1.26413,-0.48876,-0.0198949,0.00369497,2605.16,1,0.062518,0,0.5,-0.284931,-0.262422,-0.0111513,0.0115924,-0.0469348,-0.0710573,-0.0560452,-0.0805911,5462.32,-1230.09,-3723.8,-0.00143329,0.0410714,-17.5825,3752.89,231.353,1101.96,-0.000670674,-0.0122265,-15.2228,5625.44,235.784,-2316.52,0.00223685,0.0198668,-17.0969,3884.78,208.356,366.06,0.00204494,-0.00348868,-14.7242
4.969,46.6961,-6.66811,4.9779,-0.619458,1.35153,-1.94385,-0.489334,-0.0198942,0.00370049,2603.1,1,0.0621264,0,0.5,-0.28487,-0.262447,-0.0111514,0.0115934,-0.0469291,-0.0710675,-0.0560602,-0.080601,5460.5,-1076.29,-3825.75,0.000425942,0.042157,-17.5729,3757.47,252.045,1053.34,-0.000316239,-0.0117135,-15.2274,5624.86,163.551,-2224.26,0.0015954,0.0189601,-17.0978,3883.7,237.274,257.167,0.00213724,-0.00225975,-14.7243
4.979,46.7151,-6.71592,4.97869,-0.618459,1.55682,-0.358772,-0.487965,-0.0198926,0.00370638,2603.08,1,0.0624146,0,0.5,-0.284835,-0.262338,-0.0111547,0.0115892,-0.0469495,-0.0710529,-0.0560762,-0.0806117,5469.7,-1277.57,-3773.83,-0.00178229,0.04207,-17.5639,3753.94,304.98,1237.76,-0.00028311,-0.0141358,-15.2332,5625.7,192.5,-2249.32,0.00184743,0.0191987,-17.0996,3883.17,199.259,270.465,0.0018604,-0.00246222,-14.7229
4.989,46.7339,-6.76382,4.97883,-0.619244,1.81725,-0.999337,-0.489299,-0.0198991,0.00371319,2603.16,1,0.0622319,0,0.5,-0.285005,-0.262475,-0.011155,0.0115907,-0.0469178,-0.071073,-0.0560864,-0.0806278,5460.29,-944.571,-3955.22,0.0021987,0.0438385,-17.5843,3761.18,174.955,1241.98,-0.00166989,-0.0136468,-15.219,5626.64,141.578,-2250.37,0.00141503,0.0192276,-17.0977,3882.13,211.075,253.48,0.00193058,-0.00226178,-14.7252
4.999,46.7525,-6.81182,4.97797,-0.620692,2.86808,-2.64628,-0.490316,-0.0198958,0.0037192,2603.25,1,0.0623496,0,0.5,-0.284772,-0.26233,-0.0111554,0.0115912,-0.0469545,-0.0710484,-0.056103,-0.0806374,5471.47,-1117.19,-3385.76,-0.00121626,0.035175,-17.564,3753.12,101.284,769.81,-0.00106141,-0.00798989,-15.2362,5627.73,160.95,-2274.88,0.00158639,0.0194664,-17.1011,3880.61,195.685,203.601,0.00173884,-0.00176768,-14.7229
5.009,46.7708,-6.8599,4.97856,-0.619193,1.43915,-1.47969,-0.489001,-0.0199069,0.00372649,2603.5,1,0.0621668,0,0.5,-0.285115,-0.262555,-0.0111554,0.0115904,-0.0469209,-0.0710629,-0.0561101,-0.0806571,5466.26,-1117.95,-3769.18,-0.000161332,0.0413065,-17.5944,3758.4,365.746,1054.32,0.000873426,-0.0120802,-15.2226,5627.31,109.039,-2224,0.00113195,0.0189684,-17.1005,3880.4,170.885,204.789,0.00155296,-0.00181714,-14.729
5.019,46.7889,-6.90809,4.97858,-0.619445,1.61867,-1.46806,-0.489283,-0.0199082,0.00373267,2603.49,1,0.0622417,0,0.5,-0.284901,-0.262388,-0.0111572,0.0115891,-0.0469362,-0.0710506,-0.0561239,-0.0806689,5474.36,-1283,-3696.07,-0.00203027,0.0407044,-17.5623,3756.19,258.12,1095.92,-0.00037476,-0.0122413,-15.2364,5628.3,170.837,-2258.56,0.00166627,0.0192936,-17.1022,3880.16,193.755,238.296,0.00177596,-0.00213121,-14.723
5.029,46.8067,-6.95635,4.97861,-0.619945,2.22726,-2.07458,-0.489628,-0.0199156,0.00373964,2603.43,1,0.0622039,0,0.5,-0.284957,-0.262443,-0.0111573,0.01159,-0.0469219,-0.0710506,-0.0561342,-0.0806866,5472.06,-1041.81,-3605.51,0.000115041,0.0382191,-17.58,3755.47,180.511,973.413,-0.00083123,-0.0105379,-15.2273,5628.86,157.121,-2257.97,0.00154885,0.0192913,-17.1005,3879.62,179.242,232.944,0.00165637,-0.00209982,-14.7254
5.039,46.8243,-7.00471,4.97881,-0.619107,1.29687,-1.24301,-0.489155,-0.0199198,0.00374577,2603.53,1,0.0622057,0,0.5,-0.284859,-0.262393,-0.011161,0.0115944,-0.0469294,-0.0710438,-0.0561446,-0.0807019,5478.1,-1189.6,-3733.81,-0.000991958,0.0408993,-17.5718,3755.37,277.422,1166.68,-0.000372742,-0.013161,-15.232,5629.32,197.451,-2255.91,0.00189149,0.0192508,-17.103,3879.18,145.529,226.617,0.0013829,-0.00209693,-14.7245
5.049,46.8417,-7.05315,4.9794,-0.619485,1.583,-0.569843,-0.488999,-0.0199263,0.00375229,2603.6,1,0.0622837,0,0.5,-0.284896,-0.262412,-0.0111593,0.0115851,-0.0469065,-0.0710453,-0.0561535,-0.0807152,5475.17,-1111.1,-3838.21,0.000108832,0.0423787,-17.5817,3754.28,216.37,1089.02,-0.000791091,-0.0120133,-15.2311,5629.86,156.499,-2245.35,0.00154067,0.0191596,-17.1019,3878.96,209.011,243.957,0.00190281,-0.00216667,-14.7259
5.059,46.8588,-7.10168,4.9792,-0.618024,0.910007,-0.807327,-0.488296,-0.0199321,0.00375833,2603.83,1,0.0621682,0,0.5,-0.284857,-0.262338,-0.0111667,0.0116006,-0.0468952,-0.0710417,-0.0561637,-0.0807313,5474.57,-1162.83,-3720.05,-0.000766952,0.0405851,-17.5765,3754.56,243.949,1193.24,-0.000803754,-0.0133609,-15.2213,5629.56,162.523,-2222.52,0.00158542,0.0189268,-17.104,3878.64,151.081,238.018,0.00144068,-0.00220898,-14.7243
5.069,46.8757,-7.1503,4.97878,-0.620726,2.8172,-2.87818,-0.49038,-0.0199328,0.00376401,2603.6,1,0.0620998,0,0.5,-0.284793,-0.262411,-0.0111626,0.0115901,-0.0468803,-0.0710489,-0.0561734,-0.0807446,5469.13,-970.263,-3600.29,0.000795434,0.0378594,-17.5798,3756.76,196.111,985.05,-0.000705084,-0.0107249,-15.2357,5630.5,149.144,-2263.11,0.0014816,0.019341,-17.1022,3878.03,183.254,233.234,0.00168891,-0.00209666,-14.7252
5.079,46.8924,-7.199,4.97945,-0.619623,2.15727,-1.28476,-0.489011,-0.0199341,0.00376913,2603.84,1,0.0622438,0,0.5,-0.284772,-0.262372,-0.011162,0.0115839,-0.0469009,-0.0710371,-0.0561843,-0.080761,5476.88,-1244.49,-3706.61,-0.00162781,0.0406902,-17.5767,3752.82,283.537,1167.03,-0.000309695,-0.0131962,-15.2352,5628.98,127.563,-2235.54,0.00128992,0.0190737,-17.1039,3879.55,124.508,277.089,0.00125275,-0.00269504,-14.728
5.089,46.9088,-7.24777,4.97882,-0.621347,3.27741,-2.95559,-0.490701,-0.0199363,0.00377506,2603.8,1,0.0622203,0,0.5,-0.28478,-0.262484,-0.0111613,0.0115899,-0.0468757,-0.0710421,-0.0561937,-0.0807759,5469.53,-1014.78,-3630.32,0.000447909,0.0385214,-17.5873,3755.68,99.8251,975.622,-0.00165432,-0.0102392,-15.2263,5629.36,149.602,-2259.59,0.00148488,0.0193091,-17.1022,3879.4,202.455,235.98,0.00184025,-0.00209317,-14.7277
5.099,46.925,-7.29663,4.97947,-0.619708,1.87137,-1.5377,-0.489335,-0.0199349,0.00377951,2604.03,1,0.0621487,0,0.5,-0.284724,-0.262374,-0.0111618,0.0115868,-0.0468928,-0.0710328,-0.0562044,-0.0807881,5477.91,-1191.8,-3691.6,-0.00113749,0.0402001,-17.5788,3753.72,356.42,1060.26,0.000759424,-0.0121399,-15.2383,5628.25,177.216,-2268.8,0.00172165,0.0193956,-17.1045,3879.39,188.857,244.809,0.00174596,-0.002209,-14.7269
5.109,46.9409,-7.34557,4.9794,-0.620263,2.05315,-1.76668,-0.489831,-0.0199369,0.00378505,2603.95,1,0.0621611,0,0.5,-0.284845,-0.262518,-0.0111625,0.0115863,-0.0468614,-0.0710455,-0.0562139,-0.0808019,5468.02,-1037.41,-3832.4,0.000837196,0.0420081,-17.5932,3758.12,197.257,1059.33,-0.000902532,-0.0115814,-15.2288,5628.21,149.301,-2250.5,0.00148044,0.0192206,-17.1026,3880.51,204.516,252.101,0.00187882,-0.00225887,-14.7289
5.119,46.9566,-7.39459,4.97952,-0.619304,1.71892,-1.57632,-0.488669,-0.0199353,0.00378965,2604.08,1,0.0621371,0,0.5,-0.284926,-0.262447,-0.0111636,0.0115847,-0.0468689,-0.0710351,-0.056225,-0.0808136,5472,-1541.32,-3602.63,-0.00486306,0.0402196,-17.5651,3755.4,391.675,1149.66,0.000891807,-0.013328,-15.2351,5627.73,208.642,-2229.05,0.00198,0.0189773,-17.1056,3881.69,142.768,249.671,0.00138466,-0.00235168,-14.7289
5.129,46.9721,-7.44368,4.97986,-0.62066,2.32654,-1.36175,-0.490267,-0.019932,0.00379467,2603.95,1,0.0622252,0,0.5,-0.284743,-0.262399,-0.0111644,0.0115844,-0.0468564,-0.0710377,-0.0562385,-0.0808226,5465.95,-1172.41,-3874.31,-0.000416364,0.0434177,-17.576,3757.65,94.8669,1111.96,-0.00210209,-0.0117701,-15.2312,5627.51,153.624,-2252.64,0.00151792,0.0192432,-17.104,3881.1,214.305,250.044,0.00195137,-0.00222107,-14.7287
5.139,46.9873,-7.49285,4.97956,-0.61974,1.73099,-1.64279,-0.489165,-0.0199283,0.00379849,2604.27,1,0.0621565,0,0.5,-0.284741,-0.262356,-0.0111679,0.011582,-0.0468814,-0.0710288,-0.0562509,-0.0808325,5474.98,-1240.4,-3711.33,-0.00157123,0.0407718,-17.5778,3756.02,307.943,1111.86,0.000105249,-0.0126027,-15.2361,5627.02,171.292,-2248.74,0.00166783,0.0191978,-17.1104,3881.73,186.59,245.272,0.00172958,-0.00221671,-14.7231
5.149,47.0023,-7.54209,4.97983,-0.620378,2.53694,-2.28226,-0.490063,-0.0199301,0.00380369,2604.15,1,0.0620244,0,0.5,-0.284947,-0.262498,-0.0111668,0.0115832,-0.0468494,-0.0710437,-0.0562614,-0.0808446,5463.06,-961.077,-3697.82,0.00118641,0.0394366,-17.5955,3760.13,180.111,1018.5,-0.000962437,-0.0110382,-15.2288,5627.58,126.854,-2269.19,0.00129403,0.019421,-17.1035,3880.86,202.645,237.385,0.00184216,-0.00210686,-14.7305
5.159,47.017,-7.59142,4.98044,-0.61997,1.97612,-1.24211,-0.489511,-0.0199224,0.00380743,2604.23,1,0.0620356,0,0.5,-0.284729,-0.262352,-0.0111689,0.0115814,-0.0468848,-0.071022,-0.0562768,-0.0808502,5474.62,-1200.79,-3763.41,-0.00102587,0.0414914,-17.573,3755.46,285.384,1099.55,-0.000100282,-0.0123816,-15.2425,5626.58,153.502,-2240.26,0.001514,0.0191205,-17.1067,3881.91,193.94,249.437,0.0017926,-0.00224793,-14.7289
5.169,47.0316,-7.64081,4.98013,-0.619688,2.03064,-1.67716,-0.489159,-0.0199266,0.00381235,2604.41,1,0.0620563,0,0.5,-0.284985,-0.262486,-0.0111694,0.011581,-0.0468666,-0.0710318,-0.0562852,-0.080865,5470.09,-1172.94,-3716.16,-0.000874552,0.0406101,-17.5922,3758.05,283.557,1140.3,-0.000231018,-0.0128549,-15.229,5626.66,162.103,-2243.75,0.00158861,0.0191523,-17.1051,3881.83,204.999,254.957,0.00188558,-0.00228757,-14.7311
5.179,47.0458,-7.69027,4.98018,-0.619988,1.6794,-1.50935,-0.489929,-0.0199238,0.00381639,2604.6,1,0.0620447,0,0.5,-0.284849,-0.262393,-0.0111698,0.0115824,-0.0468707,-0.0710306,-0.0562988,-0.080873,5471.24,-1120.64,-3856.23,6.33122e-05,0.0427866,-17.5765,3759.21,228.345,1159.47,-0.000870342,-0.0128779,-15.2389,5627.09,153.97,-2254.86,0.001522,0.0192671,-17.1072,3881.57,177.404,260.89,0.00167706,-0.00240157,-14.7293
5.189,47.0598,-7.73981,4.98057,-0.620179,1.3771,-0.961933,-0.48974,-0.0199192,0.00382028,2604.41,1,0.0620369,0,0.5,-0.284668,-0.262294,-0.0111713,0.0115805,-0.0468996,-0.071009,-0.0563137,-0.080879,5481.5,-1115.7,-3968.79,0.00045554,0.0446988,-17.5794,3754.51,287.864,1213.68,-0.000398903,-0.0137746,-15.2424,5627.09,155.177,-2245.35,0.00152938,0.0191698,-17.1066,3881.61,186.306,257.164,0.00174376,-0.00234439,-14.7288
5.199,47.0736,-7.78941,4.98037,-0.619951,2.09465,-1.62307,-0.489418,-0.019929,0.00382512,2604.62,1,0.0620704,0,0.5,-0.285108,-0.262572,-0.0111714,0.0115799,-0.0468551,-0.0710395,-0.0563183,-0.0808967,5466.88,-976.594,-3808.98,0.00138102,0.0413283,-17.6056,3759.33,101.415,1120.36,-0.00206084,-0.011891,-15.2221,5627.69,162.053,-2231.29,0.0015878,0.0190222,-17.1056,3881.04,160.423,228.969,0.00150521,-0.00209156,-14.7329
5.209,47.0871,-7.83908,4.98112,-0.619698,1.50262,-0.634522,-0.489577,-0.0199225,0.00382848,2604.36,1,0.0620094,0,0.5,-0.284827,-0.262366,-0.0111741,0.0115795,-0.0468746,-0.0710233,-0.056335,-0.0808998,5473.12,-1193.91,-3801.43,-0.000842367,0.0421383,-17.572,3758.16,264.591,1060.72,-0.000207857,-0.0118414,-15.2469,5627.74,152.85,-2251.86,0.00151115,0.0192346,-17.1093,3880.33,201.479,237.311,0.00183467,-0.00210821,-14.7308
5.219,47.1004,-7.88882,4.98064,-0.62028,2.15271,-1.42327,-0.489777,-0.0199295,0.00383311,2604.55,1,0.0620965,0,0.5,-0.285167,-0.262612,-0.0111737,0.0115802,-0.0468481,-0.0710376,-0.0563421,-0.0809162,5465.08,-1087.22,-3829.84,0.000334782,0.0422303,-17.6038,3759.81,219.257,1077.47,-0.000726688,-0.0118706,-15.2295,5627.77,161.661,-2255.04,0.0015864,0.0192635,-17.1062,3879.66,212.487,259.765,0.00195121,-0.00232719,-14.7334
5.229,47.1135,-7.93863,4.98103,-0.620155,1.55463,-1.27947,-0.490016,-0.0199222,0.00383528,2604.39,1,0.0618783,0,0.5,-0.284561,-0.262267,-0.0111763,0.0115786,-0.0469125,-0.071011,-0.0563575,-0.0809213,5484.26,-1312.59,-3729.4,-0.00225218,0.0412958,-17.5568,3753.37,459.486,1103.64,0.0017284,-0.0129515,-15.2553,5628.1,-9.67565,-2229.4,0.000119412,0.0190362,-17.1114,3879.49,294.224,213.52,0.00249879,-0.00176755,-14.7306
5.239,47.1263,-7.98849,4.98118,-0.619531,2.00003,-0.817936,-0.488951,-0.0199326,0.00384032,2604.75,1,0.0621152,0,0.5,-0.285074,-0.262514,-0.0111735,0.0115773,-0.0468598,-0.071025,-0.0563619,-0.0809397,5469.69,-1150.65,-3739.72,-0.000584245,0.0409147,-17.6102,3754.96,289.397,1075.96,1.3425e-05,-0.0121155,-15.232,5628.05,162.138,-2238.16,0.00158768,0.0190906,-17.1064,3879.71,195.616,249.625,0.0018059,-0.00224821,-14.7347
5.249,47.1388,-8.03843,4.98123,-0.6191,0.858785,-0.805152,-0.48931,-0.0199269,0.003843,2604.83,1,0.0618844,0,0.5,-0.284743,-0.262438,-0.0111795,0.0115778,-0.0468654,-0.0710237,-0.0563773,-0.0809423,5474.29,-1210.87,-3770.99,-0.00110135,0.0416715,-17.5696,3757.67,238.227,1085.21,-0.000550626,-0.0120385,-15.2409,5628.21,121.611,-2261.48,0.00124617,0.0193418,-17.1102,3879.73,232.984,264.207,0.00211728,-0.00234162,-14.7327
5.259,47.1511,-8.08842,4.98072,-0.620857,3.0056,-1.78184,-0.489755,-0.0199282,0.00384652,2604.82,1,0.0622121,0,0.5,-0.284863,-0.262399,-0.0111768,0.0115804,-0.0468796,-0.0710139,-0.0563855,-0.0809573,5475.15,-1377.05,-3658.57,-0.00308289,0.0404595,-17.5811,3750.26,23.577,1151.26,-0.00293342,-0.0119236,-15.2352,5628.31,174.078,-2254.18,0.00169276,0.0192475,-17.1092,3879.7,210.803,251.22,0.00192641,-0.00223972,-14.7333
5.269,47.1632,-8.13847,4.98132,-0.620033,1.81766,-1.49913,-0.48962,-0.0199283,0.00384931,2604.79,1,0.0618442,0,0.5,-0.284822,-0.262448,-0.0111773,0.0115782,-0.0468587,-0.0710391,-0.0563952,-0.0809677,5467.77,-1155.6,-3800.39,-0.000462569,0.0420022,-17.5822,3758.55,269.694,1096.8,-0.000252111,-0.0122845,-15.2381,5628.14,142.955,-2246.7,0.00142569,0.0191845,-17.1088,3880,185.731,249.615,0.00172922,-0.00226553,-14.7343
5.279,47.175,-8.18858,4.98176,-0.619533,2.07573,-0.763801,-0.489366,-0.0199259,0.00385212,2604.95,1,0.0620146,0,0.5,-0.284961,-0.262476,-0.0111759,0.0115784,-0.0468542,-0.0710471,-0.0564058,-0.0809762,5463.51,-1108.71,-3723.24,-0.000206855,0.0405127,-17.5976,3760.93,190.967,1034.91,-0.000897627,-0.0112662,-15.2369,5627.92,160.265,-2254.9,0.00157528,0.019262,-17.1122,3880.22,208.963,246.875,0.00190586,-0.00219671,-14.7311
5.289,47.1866,-8.23876,4.98124,-0.622118,4.3688,-2.41335,-0.491059,-0.0199176,0.00385487,2604.43,1,0.0621013,0,0.5,-0.284601,-0.262343,-0.0111789,0.0115773,-0.0468885,-0.0710218,-0.0564199,-0.0809826,5471.12,-1332.05,-3471.47,-0.00308108,0.0372823,-17.5686,3753.2,49.5851,986.58,-0.0021845,-0.0101494,-15.2404,5627.61,168.304,-2270.3,0.00164779,0.0194169,-17.1117,3880.75,199.199,230.056,0.00180634,-0.00203569,-14.7326
5.299,47.198,-8.28898,4.98133,-0.619774,2.13441,-1.52443,-0.48913,-0.0199241,0.00385839,2605.11,1,0.0619783,0,0.5,-0.285085,-0.262593,-0.0111791,0.0115764,-0.0468562,-0.0710428,-0.0564231,-0.0809992,5463.5,-1185.85,-3700.83,-0.00104687,0.0404762,-17.6084,3758.6,248.882,1068.52,-0.000390444,-0.0118771,-15.2286,5626.29,159.387,-2242.18,0.00156555,0.0191386,-17.1095,3881.78,219.671,265.523,0.00201405,-0.00237512,-14.736
5.309,47.209,-8.33927,4.98188,-0.620859,2.16413,-1.55016,-0.490684,-0.019914,0.0038608,2604.97,1,0.0617617,0,0.5,-0.28461,-0.262348,-0.0111803,0.0115763,-0.0468877,-0.071025,-0.0564407,-0.0810004,5470.98,-1056.85,-3812.04,0.00057648,0.0417134,-17.5768,3756.25,215.536,1012.73,-0.000582627,-0.0111152,-15.2498,5626.64,128.967,-2261.65,0.00131032,0.0193468,-17.111,3881.5,192.738,238.821,0.00176894,-0.00213778,-14.733
5.319,47.2199,-8.3896,4.98059,-0.618432,2.0313,-2.03391,-0.487612,-0.0199242,0.00386464,2605.41,1,0.0621499,0,0.5,-0.285301,-0.262625,-0.0111802,0.0115768,-0.046861,-0.0710399,-0.0564427,-0.0810183,5465.13,-1669.44,-3472.28,-0.00640367,0.0386184,-17.5969,3756.11,340.653,1291.37,-5.37906e-05,-0.0149253,-15.2353,5626.26,250.795,-2238.28,0.00234038,0.019052,-17.1106,3881.85,118.832,261.9,0.00119041,-0.00253962,-14.7364
5.329,47.2305,-8.43999,4.98205,-0.621054,2.57609,-1.02368,-0.491176,-0.0199162,0.00386762,2604.89,1,0.0620136,0,0.5,-0.284831,-0.262367,-0.0111829,0.0115714,-0.0468531,-0.071047,-0.0564595,-0.0810166,5458.15,-1018.03,-3938.46,0.0013871,0.0439254,-17.566,3761.06,16.6798,1071.15,-0.00275272,-0.0109322,-15.2457,5627.34,129.056,-2262.22,0.00131077,0.0193501,-17.1113,3880.21,236.908,243.661,0.00211493,-0.00212273,-14.7335
5.339,47.2408,-8.49044,4.98193,-0.619937,2.08656,-1.14715,-0.48913,-0.0199134,0.00387028,2605.24,1,0.0619609,0,0.5,-0.284804,-0.262366,-0.0111822,0.0115733,-0.0469118,-0.0710145,-0.0564702,-0.081026,5477.98,-1382.39,-3648.68,-0.00315877,0.0402858,-17.5803,3750.89,390.169,1144.74,0.000888167,-0.013279,-15.2442,5625.82,155.679,-2163.48,0.00151452,0.0183479,-17.1129,3880.08,156.853,180.283,0.0014119,-0.00158501,-14.7351
5.349,47.2509,-8.54093,4.98193,-0.620455,2.26284,-1.22637,-0.490044,-0.0199211,0.00387419,2605.04,1,0.061989,0,0.5,-0.284972,-0.262509,-0.0111836,0.0115738,-0.0468794,-0.0710459,-0.0564773,-0.0810402,5468.17,-1054.02,-3847.5,0.000720462,0.04235,-17.599,3758.86,79.8186,1091,-0.00218994,-0.0114562,-15.2314,5627.5,150.745,-2250.77,0.00149372,0.0192251,-17.1105,3879.98,212.085,253.309,0.00193899,-0.00225953,-14.7363
5.359,47.2608,-8.59148,4.98236,-0.620235,1.79947,-0.808283,-0.489749,-0.0199165,0.00387708,2605.25,1,0.0619133,0,0.5,-0.284724,-0.262269,-0.0111851,0.0115723,-0.0469186,-0.0710187,-0.0564915,-0.0810453,5481.57,-1231.79,-3755.39,-0.00135861,0.0414178,-17.5769,3751.88,276.284,1056.09,-7.15265e-05,-0.0118461,-15.2531,5628.18,154.853,-2255.81,0.00152968,0.0192725,-17.1129,3879.82,183.037,240.105,0.00169605,-0.00216908,-14.7331
5.369,47.2704,-8.64208,4.98218,-0.61997,2.09892,-1.27235,-0.489371,-0.0199277,0.00388109,2605.11,1,0.0618966,0,0.5,-0.285079,-0.262549,-0.0111846,0.0115729,-0.0468779,-0.0710471,-0.0564945,-0.0810613,5470.17,-1126.46,-3760.7,-0.000276555,0.0411586,-17.6058,3757.45,198.885,1124.35,-0.00107196,-0.0123517,-15.2278,5628.52,154.047,-2249.19,0.00152133,0.0192043,-17.1112,3878.96,195.206,262.189,0.00181988,-0.00238338,-14.7382
5.379,47.2797,-8.69272,4.98241,-0.620297,1.63891,-0.933301,-0.489949,-0.0199242,0.00388357,2605.35,1,0.0618664,0,0.5,-0.28478,-0.262329,-0.0111851,0.0115707,-0.0469004,-0.0710411,-0.0565078,-0.0810664,5477.03,-1191.87,-3840.98,-0.000711336,0.0427846,-17.5754,3756.32,241.258,1086.01,-0.000522906,-0.0120633,-15.2506,5628.9,154.405,-2246.61,0.00152257,0.0191766,-17.114,3878.53,193.746,252.875,0.00179772,-0.00228672,-14.7344
5.389,47.2889,-8.74341,4.98225,-0.62035,2.38869,-1.65216,-0.48979,-0.0199296,0.00388738,2605.44,1,0.0618299,0,0.5,-0.284967,-0.262429,-0.0111863,0.0115727,-0.0468831,-0.0710417,-0.0565135,-0.0810803,5471.59,-1099.28,-3629.37,-0.000383648,0.0388478,-17.5998,3754.81,285.827,1019,0.00013272,-0.0114312,-15.2374,5629.08,155.605,-2264.22,0.00153772,0.0193548,-17.1126,3878.21,190.471,239.864,0.0017535,-0.00215436,-14.7365
5.399,47.2977,-8.79414,4.98284,-0.619731,1.0248,-0.294851,-0.489823,-0.0199296,0.00388976,2605.44,1,0.0618552,0,0.5,-0.284764,-0.262375,-0.0111858,0.0115712,-0.0468939,-0.0710446,-0.0565237,-0.0810884,5476.17,-1142.28,-4008.19,0.000300175,0.0456458,-17.5841,3757.74,288.529,1334.79,-0.000743814,-0.0152708,-15.2427,5629.17,86.0964,-2258.75,0.000942869,0.0193202,-17.116,3878.08,180.316,216.785,0.00164344,-0.00192831,-14.7379
5.409,47.3063,-8.84491,4.98242,-0.620642,2.30398,-1.30349,-0.490261,-0.0199361,0.00389405,2605.57,1,0.0619154,0,0.5,-0.285111,-0.262504,-0.0111877,0.0115715,-0.046851,-0.0710557,-0.0565277,-0.0811026,5461.94,-940.958,-3899.36,0.00204884,0.0427906,-17.6134,3758.25,227.93,1071.52,-0.000620945,-0.011838,-15.2415,5629.13,142.998,-2253.22,0.00142767,0.0192473,-17.1117,3878.06,213.013,253.538,0.00194747,-0.0022615,-14.7379
5.419,47.3147,-8.89574,4.98258,-0.620315,1.99663,-1.24311,-0.489615,-0.0199319,0.00389571,2605.71,1,0.0618498,0,0.5,-0.284754,-0.262361,-0.0111887,0.0115717,-0.0469026,-0.0710353,-0.0565378,-0.0811095,5480.69,-1523.54,-3645.83,-0.00457829,0.0407914,-17.56,3752.53,236.456,1156.36,-0.000774341,-0.0128951,-15.2464,5628.6,141.955,-2267.9,0.00142186,0.0193991,-17.1172,3879.04,212.286,288.372,0.00199009,-0.00263345,-14.7364
5.429,47.3228,-8.94659,4.98281,-0.620547,2.55692,-0.809272,-0.489638,-0.0199393,0.00389949,2605.68,1,0.0620414,0,0.5,-0.285026,-0.262504,-0.0111866,0.0115672,-0.046865,-0.071053,-0.0565424,-0.0811228,5468.04,-1326.02,-3768.86,-0.00228611,0.0422194,-17.5961,3754.89,235.665,1026.42,-0.000409394,-0.0113494,-15.2389,5628.87,164.657,-2243.67,0.00161011,0.0191427,-17.1126,3878.16,212.26,263.97,0.00195609,-0.002373,-14.7378
5.439,47.3307,-8.9975,4.98288,-0.620791,1.40498,-0.591758,-0.490148,-0.0199343,0.00390172,2605.54,1,0.0619015,0,0.5,-0.284691,-0.262346,-0.0111862,0.0115717,-0.0468955,-0.0710426,-0.0565533,-0.0811291,5477.83,-1267.93,-4001.5,-0.00104452,0.0461359,-17.5757,3753.75,250.304,1196.55,-0.000745197,-0.0134282,-15.2472,5628.53,173.657,-2259.26,0.00169049,0.0192987,-17.1155,3878.71,213.497,247.988,0.00194316,-0.00220208,-14.7371
5.449,47.3383,-9.04843,4.98273,-0.621388,3.69603,-2.24633,-0.490493,-0.0199364,0.00390535,2606.16,1,0.0617705,0,0.5,-0.284825,-0.262444,-0.0111908,0.0115669,-0.0468713,-0.0710468,-0.0565621,-0.0811387,5468.32,-988.667,-3546.02,0.000459127,0.0371019,-17.6066,3753.38,278.918,896.305,0.000394561,-0.00999072,-15.2417,5628.9,173.027,-2291.04,0.00169337,0.0196226,-17.1151,3878.66,167.428,288.666,0.00162723,-0.00272661,-14.7352
5.459,47.3457,-9.09941,4.9826,-0.619554,1.76907,-1.3964,-0.489723,-0.0199314,0.00390781,2605.89,1,0.0618468,0,0.5,-0.284626,-0.262346,-0.0111908,0.0115624,-0.0468953,-0.0710333,-0.0565742,-0.0811443,5476.89,-1159.07,-3452.41,-0.00145012,0.0362815,-17.5846,3750.95,80.6397,974.407,-0.00184431,-0.0101563,-15.2417,5629.5,183.96,-2297.36,0.00178877,0.0196806,-17.1165,3877.79,208.926,221.002,0.00186687,-0.00192908,-14.7384
5.469,47.3528,-9.15042,4.9831,-0.620185,1.97113,-1.0452,-0.489479,-0.0199368,0.00391154,2605.77,1,0.0618183,0,0.5,-0.285039,-0.262558,-0.0111906,0.011569,-0.046854,-0.0710576,-0.0565774,-0.0811583,5463.03,-1138.63,-3841.08,-0.000166111,0.0426938,-17.6111,3757.15,330.394,1068.77,0.000464878,-0.0121535,-15.2408,5628.13,146.474,-2232.31,0.00145259,0.0190371,-17.1132,3879.07,204.423,252.526,0.00187904,-0.00226433,-14.7401
5.479,47.3596,-9.20147,4.9839,-0.620753,1.61045,-0.604221,-0.490697,-0.0199236,0.00391325,2605.62,1,0.0616123,0,0.5,-0.284418,-0.262268,-0.0111885,0.0115753,-0.0469069,-0.0710329,-0.0565916,-0.0811592,5477.87,-1059.8,-3912.08,0.000846902,0.0434218,-17.5724,3752.32,298.173,1063.28,0.000137283,-0.0120019,-15.2554,5627.63,103.191,-2227.15,0.00108185,0.0190007,-17.1174,3878.78,211.874,206.735,0.00186662,-0.00177932,-14.7373
5.489,47.3663,-9.25255,4.98293,-0.619022,1.68453,-1.41287,-0.488315,-0.0199329,0.00391757,2605.31,1,0.0617652,0,0.5,-0.285162,-0.262544,-0.0111939,0.0115653,-0.0468618,-0.0710528,-0.0565929,-0.0811754,5465.59,-1303.63,-3542.69,-0.00263672,0.0383514,-17.6124,3755.06,469.544,1066.29,0.00193273,-0.0125075,-15.2312,5627.72,89.8603,-2214.96,0.000968911,0.0188807,-17.115,3879.69,242.63,195.599,0.0020779,-0.00163621,-14.7423
5.499,47.3726,-9.30366,4.9836,-0.621172,2.43313,-0.985229,-0.491049,-0.0199219,0.00392035,2605.66,1,0.0617744,0,0.5,-0.284694,-0.262384,-0.0111934,0.0115678,-0.0468658,-0.071054,-0.0566096,-0.0811737,5462.62,-1011.51,-3939.12,0.00145082,0.0438528,-17.5799,3760.01,123.359,1029.47,-0.00157514,-0.0109364,-15.2542,5627.35,132.535,-2268.46,0.00134184,0.0194125,-17.1162,3880.31,210.127,257.372,0.00193017,-0.00230543,-14.7376
5.509,47.3788,-9.35481,4.98314,-0.620285,2.15976,-1.22942,-0.489714,-0.0199249,0.0039243,2605.9,1,0.0618616,0,0.5,-0.285134,-0.262571,-0.0111934,0.0115681,-0.0468574,-0.0710545,-0.0566142,-0.0811865,5461.21,-996.028,-3901.07,0.00148926,0.0431006,-17.6248,3759.72,221.315,1138.69,-0.000882458,-0.0126012,-15.2357,5626.46,167.607,-2234.95,0.00163348,0.0190611,-17.1153,3880.85,185.117,252.148,0.00172742,-0.00229329,-14.7392
5.519,47.3846,-9.40599,4.98365,-0.620531,2.46145,-1.64301,-0.489893,-0.0199174,0.00392686,2605.95,1,0.0615658,0,0.5,-0.284684,-0.262313,-0.0111971,0.0115657,-0.0469094,-0.0710305,-0.0566265,-0.0811892,5478,-1180.21,-3602.31,-0.0012592,0.0386895,-17.5728,3753.34,333.942,1056.09,0.00053043,-0.0120246,-15.2569,5626.75,131.263,-2278.88,0.00133435,0.0195214,-17.1181,3880.96,147.724,228.473,0.00140096,-0.00211158,-14.7374
5.529,47.3902,-9.45719,4.98371,-0.620202,2.20152,-1.17098,-0.489701,-0.0199225,0.00393147,2606.03,1,0.0617025,0,0.5,-0.284955,-0.262436,-0.0111951,0.0115669,-0.0468869,-0.0710335,-0.0566329,-0.0811995,5472.31,-1038.97,-3783.72,0.000672026,0.0411299,-17.6089,3755.13,322.172,1111.44,0.000256861,-0.0126471,-15.2414,5626.5,150.41,-2222.28,0.00148447,0.0189396,-17.1152,3880.23,207.879,236.59,0.00188204,-0.00209079,-14.7404
5.539,47.3956,-9.50842,4.98347,-0.620537,2.46379,-0.92566,-0.489812,-0.0199275,0.00393544,2606.13,1,0.0619606,0,0.5,-0.285219,-0.262601,-0.0111952,0.0115671,-0.0468624,-0.0710523,-0.0566396,-0.0812086,5465.91,-1356.4,-3744.38,-0.00265258,0.0419481,-17.5963,3759.83,18.4707,1102.6,-0.00282551,-0.0113039,-15.234,5627.56,178.206,-2256.62,0.00172934,0.0192732,-17.1167,3879.35,215.216,260.799,0.00197388,-0.00233384,-14.7424
5.549,47.4007,-9.55968,4.98378,-0.620149,2.47497,-0.955409,-0.48924,-0.0199253,0.00393844,2606.07,1,0.0618571,0,0.5,-0.284974,-0.26242,-0.0111971,0.0115602,-0.0468873,-0.0710421,-0.0566516,-0.0812113,5474.36,-1403.86,-3513.91,-0.00367493,0.0381987,-17.5716,3756.05,240.684,1003.61,-0.00029619,-0.0110987,-15.2483,5628.45,176.745,-2272.79,0.00172079,0.0194357,-17.1198,3878.52,171.572,251.168,0.00161927,-0.00230985,-14.7371
5.559,47.4056,-9.61096,4.98378,-0.620654,2.08156,-1.19602,-0.490311,-0.019928,0.00394239,2606.08,1,0.0617132,0,0.5,-0.284903,-0.262409,-0.0111971,0.0115663,-0.0468831,-0.0710396,-0.056659,-0.0812205,5475.27,-1020.03,-3863.2,0.00111525,0.0423864,-17.5945,3758.03,223.423,1144.1,-0.000876453,-0.0126796,-15.2456,5629.2,157.301,-2277.44,0.00155639,0.0194886,-17.1175,3877.93,148.165,247.088,0.00142651,-0.00231399,-14.7398
5.569,47.4102,-9.66227,4.98366,-0.621084,2.27318,-1.08149,-0.490543,-0.0199285,0.00394592,2606.22,1,0.0618562,0,0.5,-0.284859,-0.26236,-0.0111984,0.011567,-0.0468969,-0.0710233,-0.0566672,-0.0812283,5480.82,-1128.06,-3819.28,-0.000118816,0.0420639,-17.5945,3753.83,253.793,1062.57,-0.00032641,-0.0118395,-15.2535,5629.11,161.302,-2258.39,0.00158465,0.019293,-17.1186,3877.56,208.438,252.368,0.00191043,-0.00225685,-14.7401
5.579,47.4146,-9.7136,4.98427,-0.619661,1.69496,-0.40745,-0.488816,-0.0199377,0.00394947,2606.36,1,0.0618154,0,0.5,-0.285032,-0.26249,-0.011194,0.011563,-0.0468788,-0.0710359,-0.0566706,-0.0812404,5477.63,-1287.1,-3713.42,-0.00202595,0.0409842,-17.6057,3754.72,298.386,1108.66,1.61939e-05,-0.012537,-15.2405,5629.53,168.132,-2250.9,0.00164148,0.0192124,-17.118,3877.27,192.166,258.409,0.00179176,-0.0023494,-14.7421
5.589,47.4187,-9.76496,4.98469,-0.619678,1.23858,-0.0398907,-0.489569,-0.0199372,0.0039525,2606.15,1,0.0617335,0,0.5,-0.284817,-0.262386,-0.0111977,0.0115628,-0.0468671,-0.0710393,-0.056681,-0.0812451,5474.94,-1013.56,-3854.23,0.00115141,0.0422015,-17.5953,3757.84,156.43,1080.53,-0.00138587,-0.0116673,-15.2477,5630.06,131.741,-2262.56,0.00133336,0.019343,-17.1192,3876.5,198.615,245.282,0.00182513,-0.00219881,-14.7406
5.599,47.4225,-9.81633,4.98357,-0.621187,3.39765,-1.8922,-0.490267,-0.0199422,0.00395567,2606.1,1,0.0618188,0,0.5,-0.28501,-0.26247,-0.0111992,0.0115652,-0.0468644,-0.0710389,-0.0566834,-0.0812598,5473.11,-1133.99,-3424.39,-0.00127653,0.0357979,-17.6038,3753.96,167.587,890.79,-0.000728523,-0.00956311,-15.2444,5630.77,191.467,-2326.45,0.0018598,0.0199722,-17.1186,3876.52,184.92,256.308,0.00173214,-0.00234068,-14.7416
5.609,47.4261,-9.86773,4.9843,-0.620545,1.92322,-1.31116,-0.49024,-0.0199413,0.00395787,2606.34,1,0.0615354,0,0.5,-0.284757,-0.262393,-0.0111995,0.0115632,-0.046867,-0.0710417,-0.0566909,-0.0812663,5475.61,-1075.46,-3766.5,0.000247532,0.0409693,-17.5893,3756.37,280.426,1078.26,-8.98658e-05,-0.0121082,-15.2526,5629.84,184.831,-2254.05,0.00178387,0.0192359,-17.1187,3876.24,172.301,198.93,0.00155759,-0.00175563,-14.7404
5.619,47.4295,-9.91914,4.98394,-0.620489,1.39939,-0.672252,-0.48998,-0.0199395,0.00396051,2606.58,1,0.0618886,0,0.5,-0.28465,-0.262296,-0.0111997,0.0115632,-0.0468787,-0.0710276,-0.0566994,-0.0812735,5479.15,-1124.27,-3994.09,0.000439095,0.0452476,-17.5966,3752.64,106.18,1286.84,-0.00252501,-0.0139197,-15.2404,5630.26,114.237,-2262.07,0.0011851,0.0193428,-17.1209,3877.37,166.772,258.347,0.00159024,-0.00239778,-14.7416
5.629,47.4326,-9.97056,4.98492,-0.61893,0.504712,-0.619818,-0.488573,-0.0199457,0.0039633,2606.46,1,0.0613991,0,0.5,-0.28501,-0.262501,-0.0112002,0.0115627,-0.0468429,-0.07105,-0.0567002,-0.0812877,5469.46,-1257,-3894.54,-0.00123977,0.0441537,-17.6077,3758.73,701.145,1242.85,0.00394766,-0.0153037,-15.24,5628.88,126.971,-2224.09,0.00128466,0.0189582,-17.1185,3877.56,152.051,239.012,0.00144904,-0.00221835,-14.7449
5.639,47.4354,-10.022,4.98423,-0.62057,2.30058,-1.56593,-0.490547,-0.0199359,0.00396537,2606.43,1,0.0615796,0,0.5,-0.284731,-0.262387,-0.0112016,0.0115642,-0.0468508,-0.0710415,-0.0567129,-0.0812882,5468.25,-1021.69,-3655.18,0.000455834,0.0389621,-17.584,3757.51,226.181,938.322,-0.000264275,-0.0102952,-15.2539,5629.25,127.567,-2286.23,0.00130361,0.0195889,-17.1204,3877.88,208.738,232.951,0.00188434,-0.00205279,-14.7418
5.649,47.438,-10.0735,4.98444,-0.621002,3.86704,-1.61702,-0.490025,-0.0199349,0.00396751,2608.41,1,0.0617126,0,0.5,-0.284838,-0.262399,-0.0112024,0.0115591,-0.0468588,-0.0710391,-0.0567162,-0.081297,5470.17,-1150.69,-3295.43,-0.0017712,0.0339975,-17.5995,3751.68,237.487,846.698,0.000101522,-0.0093092,-15.2486,5628.3,192.996,-2273.09,0.0018599,0.0194319,-17.121,3878.97,176.997,227.026,0.00163095,-0.00204139,-14.7416
5.659,47.4404,-10.1249,4.98459,-0.620116,1.21209,-0.747228,-0.489892,-0.0199323,0.00397032,2606.63,1,0.0616562,0,0.5,-0.284829,-0.262504,-0.0111999,0.0115626,-0.0468455,-0.0710402,-0.0567275,-0.0813018,5467.11,-1048.02,-4004.98,0.00128949,0.0452134,-17.6002,3759.34,193.832,1186.07,-0.00130716,-0.013059,-15.2414,5627.53,147.498,-2278.71,0.00147248,0.0195113,-17.1206,3879.95,203.577,280.135,0.00190989,-0.00256019,-14.7425
5.669,47.4425,-10.1764,4.98434,-0.620681,2.34457,-0.417403,-0.489906,-0.0199309,0.00397275,2606.27,1,0.0620596,0,0.5,-0.284968,-0.262515,-0.0112023,0.0115614,-0.0468608,-0.0710308,-0.0567336,-0.08131,5468.69,-1342.84,-3842.42,-0.00226935,0.0436102,-17.6022,3754.67,98.5526,1162.73,-0.00222055,-0.0123898,-15.2446,5626.52,171.737,-2201.96,0.00165959,0.0187252,-17.1214,3879.77,201.774,221.494,0.00181385,-0.00194336,-14.7449
5.679,47.4443,-10.2279,4.98544,-0.619496,0.446069,-0.58941,-0.489561,-0.0199318,0.00397511,2606.45,1,0.0613149,0,0.5,-0.28497,-0.262465,-0.0112036,0.0115612,-0.046856,-0.071043,-0.0567404,-0.0813166,5469.71,-1019.64,-4145.51,0.00207527,0.0477943,-17.6061,3759.48,406.539,1362.52,0.00045518,-0.0160528,-15.2445,5627.41,114.014,-2249.42,0.00117994,0.0192242,-17.1196,3880.21,166.4,272.401,0.00160166,-0.00254984,-14.7433
5.689,47.4459,-10.2794,4.98495,-0.620325,2.28509,-0.618247,-0.489593,-0.0199265,0.00397748,2606.65,1,0.0617695,0,0.5,-0.284788,-0.262362,-0.0112048,0.0115605,-0.0468872,-0.0710226,-0.0567505,-0.0813175,5478.07,-1336.53,-3655.97,-0.00267667,0.0402165,-17.5834,3752.53,306.355,1103.61,0.00011055,-0.01251,-15.2545,5627.48,172.495,-2249.06,0.00167848,0.0191989,-17.1225,3879.82,177.983,251.64,0.00167069,-0.00230181,-14.7425
5.699,47.4472,-10.3309,4.98464,-0.621054,2.48575,-1.09882,-0.490713,-0.0199315,0.0039812,2606.59,1,0.0617442,0,0.5,-0.284998,-0.262531,-0.0112033,0.0115623,-0.0468468,-0.0710428,-0.0567565,-0.0813274,5464.76,-905.555,-3930.78,0.00251219,0.0431459,-17.6166,3759.19,137.314,1075.73,-0.00156726,-0.011528,-15.2442,5628.17,131.725,-2259.75,0.00133349,0.0193211,-17.1188,3878.75,224.123,252.162,0.00203053,-0.00222952,-14.7443
5.709,47.4483,-10.3824,4.98529,-0.621311,1.49927,-0.326062,-0.490769,-0.0199216,0.00398269,2606.99,1,0.0616961,0,0.5,-0.284539,-0.262258,-0.0112056,0.0115606,-0.0469144,-0.0710038,-0.0567702,-0.0813264,5487.74,-1201.77,-3992.51,-0.00036971,0.0455028,-17.5874,3750.77,307.427,1126.96,5.67131e-05,-0.012801,-15.2683,5628.6,155.716,-2320.67,0.00155264,0.0199353,-17.1241,3878.94,186.995,282.774,0.00178118,-0.00262132,-14.7415
5.719,47.4491,-10.4339,4.9855,-0.618999,1.62211,-0.294443,-0.488698,-0.0199363,0.00398665,2606.79,1,0.0616668,0,0.5,-0.284984,-0.262436,-0.0112103,0.0115435,-0.0468705,-0.0710303,-0.0567666,-0.0813449,5473.83,-1128.11,-3578.89,-0.000810549,0.038142,-17.6229,3752.4,362.399,1019.42,0.000933616,-0.0116708,-15.2407,5628.1,135.835,-2240.01,0.00136491,0.0191192,-17.1201,3877.87,218.109,240.808,0.00196664,-0.00212063,-14.747
5.729,47.4497,-10.4855,4.98521,-0.621304,2.57116,-1.1982,-0.491303,-0.0199328,0.00398917,2606.2,1,0.0615382,0,0.5,-0.284873,-0.262399,-0.011206,0.0115599,-0.0468477,-0.0710486,-0.0567785,-0.0813443,5466.41,-737.541,-3966.92,0.00434512,0.0429236,-17.6093,3761.69,113.36,1063.17,-0.00177414,-0.0112746,-15.2546,5629.17,113.638,-2278.22,0.00118247,0.0195115,-17.1211,3877.26,198.563,233.805,0.00180825,-0.00207765,-14.7427
5.739,47.4501,-10.537,4.98492,-0.620336,2.22015,-0.816641,-0.489673,-0.0199388,0.00399241,2607.01,1,0.0617988,0,0.5,-0.285369,-0.262666,-0.0112058,0.0115603,-0.0468296,-0.0710567,-0.0567816,-0.0813555,5462.19,-1207.14,-3814.92,-0.000930038,0.0425593,-17.6277,3762.41,275.44,1112.58,-0.000237892,-0.0124795,-15.2413,5629.28,166.676,-2248.09,0.00162858,0.0191852,-17.1203,3877.24,202.749,260.616,0.00187782,-0.00235414,-14.748
5.749,47.4501,-10.5885,4.98634,-0.620109,1.56128,0.142248,-0.489442,-0.0199314,0.00399345,2607.93,1,0.0615512,0,0.5,-0.284691,-0.262281,-0.0112022,0.0115452,-0.0468959,-0.0710338,-0.0567938,-0.0813557,5484.16,-1241.67,-3701.29,-0.0015924,0.0405136,-17.571,3755.38,254.419,1026.14,-0.000218778,-0.0114097,-15.2669,5629.66,160.55,-2276.02,0.00158225,0.0194712,-17.1246,3877.2,191.649,242.7,0.00176763,-0.00218294,-14.7419
5.759,47.45,-10.64,4.98503,-0.621712,3.18759,-1.35602,-0.491079,-0.0199395,0.00399756,2606.86,1,0.0616774,0,0.5,-0.285049,-0.262501,-0.0112064,0.0115595,-0.0468457,-0.0710483,-0.0567956,-0.0813677,5467.04,-729.162,-3838.51,0.00395142,0.0406403,-17.635,3759.42,72.9835,976.403,-0.00192071,-0.0101219,-15.2361,5630,123.866,-2275.84,0.00126946,0.0194812,-17.1201,3875.99,246.797,240.134,0.00218507,-0.00207635,-14.7461
5.769,47.4495,-10.6916,4.9854,-0.619574,1.05364,-0.548311,-0.48943,-0.019932,0.0039991,2606.92,1,0.0616453,0,0.5,-0.284655,-0.262264,-0.0112145,0.0115628,-0.0469029,-0.0710004,-0.0568079,-0.0813664,5491.1,-1303.11,-3755.22,-0.00208289,0.0416279,-17.5786,3750.62,386.382,1238.85,0.000586599,-0.0144417,-15.2634,5629.23,197.012,-2265.78,0.0018911,0.0193518,-17.1264,3877.73,126.283,236.214,0.00123551,-0.00224355,-14.7411
5.779,47.4488,-10.7431,4.98538,-0.620334,2.36644,-0.782594,-0.489645,-0.0199496,0.00400287,2607.14,1,0.0617191,0,0.5,-0.28524,-0.262648,-0.0112037,0.0115598,-0.04683,-0.0710512,-0.0568012,-0.0813886,5466.06,-1059.37,-3818.48,0.000580951,0.04189,-17.6352,3758.57,199.738,1083.79,-0.000944467,-0.0118745,-15.2339,5629.59,149.802,-2249.31,0.00148518,0.0192034,-17.1201,3876.72,201.499,268.502,0.00187858,-0.00244094,-14.7482
5.789,47.4479,-10.7946,4.98587,-0.620826,1.02601,0.220762,-0.490416,-0.0199359,0.00400331,2606.91,1,0.0617912,0,0.5,-0.284526,-0.262221,-0.0112111,0.0115586,-0.0468976,-0.0710181,-0.056817,-0.0813831,5486.24,-1260.4,-4047.26,-0.000832205,0.0468888,-17.5689,3752.54,187.157,1203.22,-0.00143302,-0.0132624,-15.268,5629.69,175.281,-2251.09,0.00170124,0.0192106,-17.1276,3876.83,174.873,242.676,0.00163739,-0.0022131,-14.7426
5.799,47.4467,-10.8461,4.98531,-0.620343,2.51784,-1.12598,-0.489729,-0.0199478,0.00400676,2607.11,1,0.0616622,0,0.5,-0.285052,-0.262535,-0.0112106,0.0115587,-0.0468456,-0.0710387,-0.0568144,-0.0814001,5471.75,-976.759,-3668.03,0.000935519,0.0389387,-17.6311,3754.9,280.466,1034.02,3.6753e-05,-0.0115903,-15.2371,5629.73,95.1885,-2268.51,0.00102302,0.0194154,-17.1212,3876.76,219.846,274.055,0.0020298,-0.00246828,-14.7484
5.809,47.4453,-10.8977,4.9856,-0.621682,3.30603,-1.97314,-0.491072,-0.0199412,0.00400743,2607.33,1,0.061302,0,0.5,-0.284646,-0.262343,-0.0112099,0.0115587,-0.0468717,-0.0710367,-0.0568242,-0.0814009,5477.91,-1080.24,-3474.9,-0.00062324,0.036306,-17.5852,3754.77,301.695,847.636,0.000759136,-0.00949169,-15.2614,5630.16,128.054,-2325.46,0.00131664,0.0199885,-17.1263,3876.58,197.789,265.996,0.00184607,-0.00242088,-14.7438
5.819,47.4436,-10.9492,4.98521,-0.619975,2.80603,-1.06338,-0.489163,-0.0199619,0.00401229,2607.4,1,0.0618004,0,0.5,-0.285964,-0.263002,-0.0112067,0.0115557,-0.0467452,-0.0710947,-0.0568172,-0.0814222,5437.14,-1051.63,-3701.45,0.000325089,0.0401617,-17.6744,3767.22,156.946,915.124,-0.000898094,-0.00976069,-15.2231,5629.5,148.619,-2243.73,0.00147391,0.0191474,-17.1173,3876.5,237.876,273.16,0.00216754,-0.00243008,-14.7547
5.829,47.4416,-11.0007,4.98676,-0.621868,1.50651,-0.421334,-0.491784,-0.0199194,0.00400924,2606.75,1,0.0612926,0,0.5,-0.283693,-0.261887,-0.0112112,0.0115571,-0.0469564,-0.0709905,-0.0568503,-0.0813974,5504.28,-1183.92,-3881.09,-0.000527888,0.043156,-17.5262,3747.54,379.459,1058.83,0.000999367,-0.0122075,-15.3007,5629.43,128.302,-2288.54,0.00130924,0.0196116,-17.1328,3878.21,126.488,205.387,0.00120873,-0.00190809,-14.7352
5.839,47.4394,-11.0521,4.98542,-0.619387,2.54184,-0.719443,-0.488175,-0.0199557,0.0040145,2607.62,1,0.061864,0,0.5,-0.285568,-0.262896,-0.0112103,0.0115567,-0.0468161,-0.0710679,-0.0568285,-0.0814343,5461.24,-960.253,-3901.55,0.00184729,0.0429317,-17.6982,3759.69,368.439,1299.94,0.000222162,-0.0151169,-15.2118,5627.56,169.2,-2199.19,0.0016391,0.0186949,-17.1193,3878.93,218.233,284.145,0.00202964,-0.00257747,-14.754
5.849,47.437,-11.1036,4.98593,-0.621617,2.57478,-0.936939,-0.49154,-0.0199298,0.00401511,2606.87,1,0.0615768,0,0.5,-0.284476,-0.262117,-0.0112107,0.0115568,-0.0468719,-0.071015,-0.0568541,-0.0814192,5474.65,-1222.86,-3752.19,-0.00127645,0.0413956,-17.5531,3752.4,271.192,969.455,0.000111472,-0.0108135,-15.2899,5628.53,130.027,-2290.08,0.00132454,0.0196302,-17.1275,3878.01,146.927,228.323,0.00139658,-0.00211309,-14.7404
5.859,47.4343,-11.1551,4.98597,-0.620131,2.49849,-1.14661,-0.489176,-0.0199475,0.00401795,2607.68,1,0.0614909,0,0.5,-0.285466,-0.262967,-0.0112097,0.0115575,-0.0468053,-0.0710746,-0.0568474,-0.0814383,5454.74,-893.65,-3817.05,0.00225464,0.0412001,-17.6641,3762.9,287.767,1037.18,0.000104847,-0.0116264,-15.2307,5628.52,143.77,-2237.62,0.00143151,0.0190906,-17.1193,3878.14,206.141,273.601,0.00192073,-0.00248642,-14.7559
5.869,47.4313,-11.2065,4.9856,-0.620238,2.16805,-1.13618,-0.489991,-0.0199315,0.00401825,2607.35,1,0.0616461,0,0.5,-0.284787,-0.262295,-0.011212,0.0115569,-0.0468732,-0.0710362,-0.0568621,-0.0814316,5476.52,-1564.44,-3506.71,-0.00527633,0.0386713,-17.556,3757.27,403.63,1026.14,0.00134144,-0.0118453,-15.2841,5628.51,170.665,-2274.76,0.00166906,0.0194582,-17.1304,3878.04,201.364,248.84,0.00185099,-0.00223103,-14.7418
5.879,47.4281,-11.258,4.98626,-0.621237,2.98645,-1.48019,-0.490412,-0.0199366,0.00402169,2607.28,1,0.0613181,0,0.5,-0.284952,-0.26243,-0.0112128,0.0115537,-0.0468592,-0.0710259,-0.0568647,-0.0814409,5470.34,-924.882,-3716.69,0.00160364,0.0395099,-17.6156,3751.79,404.89,1036.32,0.00133007,-0.0119898,-15.2499,5627.89,142.955,-2252.7,0.00142762,0.0192463,-17.1229,3878.01,189.27,250.091,0.00175786,-0.00226531,-14.7466
5.889,47.4247,-11.3094,4.98573,-0.622268,4.38205,-1.34543,-0.49114,-0.0199371,0.0040226,2607.67,1,0.0617205,0,0.5,-0.28481,-0.262449,-0.011211,0.0115572,-0.0468915,-0.0710302,-0.0568707,-0.0814458,5479.2,-1148.1,-3289.56,-0.00175457,0.0338349,-17.5939,3750.25,33.1301,810.047,-0.00183611,-0.00814213,-15.2524,5628.19,130.096,-2218.78,0.00131112,0.0189059,-17.1284,3875.52,151.033,62.2118,0.00118769,-0.000474655,-14.7479
5.899,47.421,-11.3608,4.98576,-0.620517,2.80807,-0.526587,-0.489448,-0.0199516,0.00402661,2607.35,1,0.0619303,0,0.5,-0.285528,-0.262832,-0.0112128,0.011555,-0.0468175,-0.0710653,-0.0568674,-0.0814606,5460.15,-1175.96,-3749.08,-0.000801772,0.0412891,-17.6307,3759.46,-65.9399,1200.14,-0.00393992,-0.0120261,-15.2294,5628.67,175.304,-2239.15,0.00170031,0.0190928,-17.1227,3876.92,213.341,267.26,0.0019692,-0.00240687,-14.7519
5.909,47.417,-11.4122,4.98643,-0.621748,0.825503,0.241919,-0.491463,-0.0199353,0.00402695,2607.18,1,0.0618148,0,0.5,-0.284647,-0.262218,-0.0112139,0.0115551,-0.0468911,-0.0710263,-0.0568866,-0.0814516,5483.57,-1376.81,-4211.16,-0.00161308,0.051012,-17.5615,3754.99,176.953,1237.75,-0.00164084,-0.0136278,-15.2723,5629.65,157.652,-2260.54,0.00155358,0.0193143,-17.1299,3876.83,199.286,268.471,0.00186353,-0.00244456,-14.7438
5.919,47.4128,-11.4636,4.98604,-0.620557,2.86899,-0.920188,-0.489383,-0.0199436,0.00403034,2607.6,1,0.0617076,0,0.5,-0.284988,-0.262416,-0.0112135,0.0115557,-0.0468854,-0.0710066,-0.0568854,-0.0814662,5484.04,-1387.75,-3510.62,-0.00352585,0.0379945,-17.6104,3744.92,421.485,1130.46,0.00126323,-0.0132138,-15.2475,5629.41,182.588,-2242.16,0.00176288,0.0191175,-17.1258,3877.39,167.745,251.849,0.0015902,-0.00232542,-14.7487
5.929,47.4083,-11.5149,4.98652,-0.621073,2.58852,-0.696485,-0.490971,-0.0199502,0.00403219,2607.64,1,0.0615758,0,0.5,-0.285109,-0.262615,-0.0112138,0.0115547,-0.0468262,-0.0710694,-0.0568886,-0.0814731,5463.63,-989.048,-3903.24,0.00157449,0.0430777,-17.619,3763.41,160.323,986.835,-0.0010722,-0.0105906,-15.2546,5630.25,128.75,-2260.06,0.00130786,0.0193179,-17.1244,3876.33,219.437,263.908,0.00201287,-0.00236158,-14.7502
5.939,47.4036,-11.5662,4.98655,-0.620383,2.21584,-0.636911,-0.488927,-0.0199383,0.0040333,2607.33,1,0.0615915,0,0.5,-0.284676,-0.262168,-0.0112138,0.0115534,-0.0468948,-0.0710125,-0.0569005,-0.0814718,5488.57,-1419.31,-3780.84,-0.00321324,0.0426177,-17.5778,3749.11,576.128,1317.29,0.00243322,-0.0160278,-15.2761,5628.24,221.305,-2209.48,0.00207917,0.0187701,-17.1272,3879.44,66.0932,281.684,0.000716058,-0.00287291,-14.7479
5.949,47.3986,-11.6175,4.98651,-0.620336,1.90392,-0.700523,-0.49004,-0.0199501,0.0040363,2607.61,1,0.0615642,0,0.5,-0.285124,-0.262669,-0.0112152,0.0115574,-0.0468166,-0.071066,-0.0568964,-0.0814848,5462.96,-931.922,-3910.62,0.00217615,0.0429355,-17.6309,3762.31,123.242,1089.4,-0.00174522,-0.0116167,-15.2354,5629.58,114.892,-2230.08,0.00118322,0.0190202,-17.1236,3876.67,236.356,243.165,0.00211113,-0.00212022,-14.7526
5.959,47.3934,-11.6688,4.98641,-0.619901,2.189,-0.773212,-0.489749,-0.0199362,0.00403671,2607.55,1,0.0616316,0,0.5,-0.284681,-0.262227,-0.0112217,0.0115562,-0.0468871,-0.07102,-0.0569114,-0.0814805,5484,-1599.02,-3312.75,-0.00597818,0.0356753,-17.5633,3752.41,358.415,957.616,0.00105169,-0.0109239,-15.2717,5629.36,122.982,-2234.25,0.00125294,0.0190606,-17.1313,3877.08,235.587,204.331,0.00204283,-0.00172944,-14.7455
5.969,47.3879,-11.7201,4.98667,-0.620836,2.40972,-0.576191,-0.490112,-0.0199476,0.00404012,2607.63,1,0.0616236,0,0.5,-0.285124,-0.262591,-0.0112156,0.0115542,-0.046825,-0.0710533,-0.0569082,-0.0814953,5463.96,-993.303,-3898.13,0.00150661,0.0430033,-17.6301,3758.59,210.375,1115.78,-0.000927725,-0.0122914,-15.24,5629.22,137.153,-2251.15,0.00137778,0.019228,-17.1243,3877.54,210.478,265.602,0.00194481,-0.00239374,-14.7512
5.979,47.3822,-11.7713,4.98698,-0.620242,1.61344,-0.702157,-0.490239,-0.019933,0.00403968,2607.79,1,0.0614127,0,0.5,-0.284504,-0.262251,-0.0112203,0.0115565,-0.0468942,-0.0710212,-0.0569229,-0.0814883,5486.59,-1187.41,-3691.36,-0.0010893,0.0400896,-17.5823,3754.01,363.821,1055.13,0.000848373,-0.0120983,-15.2744,5629.12,167.661,-2257.33,0.00163926,0.0192794,-17.1309,3878,158.937,228.524,0.00149295,-0.00209124,-14.747
5.989,47.3762,-11.8225,4.98675,-0.620438,2.44145,-0.287874,-0.489628,-0.0199474,0.00404341,2607.72,1,0.0617548,0,0.5,-0.285267,-0.262619,-0.0112154,0.0115529,-0.0468219,-0.0710521,-0.0569169,-0.0815066,5462.06,-1018.27,-3886.98,0.00121542,0.0429468,-17.649,3757.66,240.082,1165.02,-0.000759912,-0.0129944,-15.2399,5628.57,157.585,-2244.77,0.00155071,0.0191576,-17.1238,3878.07,213.658,266.861,0.00197103,-0.00240143,-14.7532
5.999,47.37,-11.8737,4.98702,-0.620811,1.83639,-0.887688,-0.490722,-0.0199323,0.00404338,2607.9,1,0.0613822,0,0.5,-0.284527,-0.262288,-0.0112178,0.0115575,-0.0468763,-0.0710264,-0.0569323,-0.0814996,5478.41,-1187.88,-3772.19,-0.000865877,0.0415443,-17.5761,3755.38,275.691,1082.55,-0.000153041,-0.0121464,-15.2711,5628.65,165.828,-2330.52,0.00164202,0.0200329,-17.1312,3878.23,178.75,279.06,0.0017104,-0.00259803,-14.7472
6.009,47.3635,-11.9248,4.98636,-0.620442,2.51799,-0.773306,-0.489722,-0.0199418,0.00404635,2607.78,1,0.0617587,0,0.5,-0.285131,-0.262572,-0.0112159,0.0115534,-0.0468314,-0.0710426,-0.0569287,-0.081513,5464.81,-1066.72,-3773.59,0.000363932,0.0411631,-17.6374,3755.9,178.819,1127.86,-0.00129239,-0.012318,-15.2419,5628.07,150.99,-2246.79,0.00149532,0.0191825,-17.1245,3878.5,227.126,262.491,0.00206895,-0.00233328,-14.7543
6.019,47.3568,-11.9759,4.9877,-0.62223,1.89679,-0.423127,-0.491904,-0.0199271,0.00404597,2607.38,1,0.0612875,0,0.5,-0.284285,-0.262216,-0.0112162,0.0115511,-0.0468988,-0.0710182,-0.0569417,-0.0815045,5485.47,-1022.87,-4207.48,0.00223581,0.0488768,-17.5809,3753.11,338.486,1329.52,-0.00018744,-0.0154135,-15.2703,5628.35,130.415,-2231.42,0.00131488,0.019033,-17.1312,3878.14,207.679,259.118,0.00191629,-0.00232926,-14.7474
6.029,47.3498,-12.027,4.98655,-0.619545,2.45212,-0.583416,-0.488591,-0.0199398,0.00404961,2606.77,1,0.0617961,0,0.5,-0.285148,-0.262558,-0.0112172,0.0115523,-0.0468519,-0.0710275,-0.0569386,-0.0815223,5471.85,-1304.51,-3552.35,-0.00261817,0.0384508,-17.6366,3751.12,289.71,1172.72,-0.000256898,-0.0132934,-15.2406,5627.5,191.014,-2244.56,0.00183556,0.0191444,-17.1266,3878.84,184.894,262.965,0.00173909,-0.00241106,-14.7562
6.039,47.3426,-12.078,4.98731,-0.621274,2.38763,-0.459384,-0.49106,-0.0199337,0.00405097,2607.56,1,0.0615265,0,0.5,-0.284814,-0.26242,-0.0112226,0.011551,-0.046837,-0.0710505,-0.056952,-0.0815214,5463.58,-1017.62,-3960.75,0.00146087,0.0442709,-17.5937,3760.01,108.468,1121.8,-0.00199385,-0.0119369,-15.2578,5628.63,118.285,-2273.3,0.00122129,0.0194618,-17.129,3877.67,185.62,247.141,0.0017259,-0.00224059,-14.7499
6.049,47.3351,-12.129,4.98682,-0.620606,2.44927,-0.5429,-0.489872,-0.0199282,0.00405265,2607.94,1,0.06173,0,0.5,-0.284818,-0.262373,-0.0112188,0.0115521,-0.0468737,-0.0710188,-0.0569594,-0.0815215,5475.62,-1374.33,-3607.17,-0.00317572,0.0395847,-17.6004,3751.72,303.879,1101.72,9.08534e-05,-0.012482,-15.2569,5628.6,158.59,-2260.06,0.00156284,0.0193127,-17.1308,3878.23,215.929,243.675,0.00195555,-0.00215353,-14.7504
6.059,47.3274,-12.18,4.98744,-0.620824,2.45644,-0.229729,-0.490359,-0.0199348,0.00405521,2607.95,1,0.0616132,0,0.5,-0.285142,-0.262632,-0.0112198,0.0115506,-0.0468276,-0.0710559,-0.0569602,-0.08153,5460.42,-1022.57,-3882.91,0.00116249,0.0429136,-17.6295,3761.87,130.15,1060.57,-0.00159182,-0.0113149,-15.247,5628.74,137.878,-2257.13,0.00138542,0.0192902,-17.1266,3877.85,212.908,259.171,0.00195463,-0.00232127,-14.7531
6.069,47.3194,-12.2309,4.98715,-0.620864,2.53565,-0.69053,-0.490133,-0.0199255,0.00405645,2607.89,1,0.0615761,0,0.5,-0.284826,-0.262337,-0.0112206,0.0115514,-0.0468861,-0.071022,-0.0569719,-0.0815282,5479.12,-1361.2,-3561.64,-0.00314383,0.0387543,-17.5872,3753.59,290.501,1013.99,0.000192953,-0.0113908,-15.2679,5628.5,180.063,-2286.46,0.00174963,0.0195739,-17.1319,3877.93,178.699,238.913,0.00166049,-0.00216522,-14.749
6.079,47.3111,-12.2818,4.98788,-0.620606,2.16399,0.18284,-0.489887,-0.0199327,0.0040592,2607.96,1,0.0616283,0,0.5,-0.284994,-0.262494,-0.0112213,0.0115479,-0.0468612,-0.0710375,-0.056971,-0.0815378,5472.3,-1079.37,-3816.06,0.000365811,0.0418739,-17.6175,3756.69,136.031,1108.96,-0.00167666,-0.0119166,-15.2467,5628.72,149.575,-2255.67,0.00148512,0.0192711,-17.1281,3877.79,203.773,252.692,0.00187468,-0.0022679,-14.7524
6.089,47.3027,-12.3327,4.98724,-0.620755,2.38079,-0.916641,-0.490439,-0.0199317,0.00406125,2608.1,1,0.0614612,0,0.5,-0.284943,-0.262415,-0.01122,0.0115523,-0.0468637,-0.0710322,-0.0569773,-0.0815395,5474.47,-1106.11,-3763.24,-6.01485e-05,0.0410647,-17.6078,3757.71,325.555,1078.95,0.000381796,-0.0122585,-15.2638,5628.65,140.821,-2259.87,0.00141078,0.0193174,-17.1299,3877.4,254.091,283.679,0.00231,-0.0025158,-14.7511
6.099,47.2939,-12.3835,4.98779,-0.620614,2.61416,-0.816735,-0.48992,-0.019937,0.00406339,2608.55,1,0.0613002,0,0.5,-0.284936,-0.262426,-0.0112206,0.0115506,-0.0468617,-0.0710374,-0.0569784,-0.0815475,5475.43,-1243.88,-3671.12,-0.00169936,0.0401076,-17.6117,3757.02,548.692,1152.17,0.00254557,-0.0137698,-15.2553,5629.21,160.416,-2260.59,0.0015786,0.0193153,-17.1292,3876.93,154.26,281.51,0.00151096,-0.00267794,-14.7509
6.109,47.2849,-12.4342,4.98753,-0.620854,2.3705,-0.425656,-0.490362,-0.0199355,0.00406523,2608.09,1,0.0615738,0,0.5,-0.284812,-0.262363,-0.0112209,0.0115512,-0.0468735,-0.0710279,-0.0569859,-0.0815495,5480.61,-1188.2,-3732.39,-0.00097761,0.040843,-17.6005,3755.33,249.333,1110.55,-0.000509165,-0.0123863,-15.2621,5629.71,169.652,-2266.86,0.00165827,0.0193737,-17.1308,3876.38,198.635,240.372,0.00181886,-0.00214702,-14.7521
6.119,47.2757,-12.485,4.98768,-0.620444,1.23543,-0.2139,-0.489683,-0.019939,0.00406757,2608.03,1,0.0615729,0,0.5,-0.284888,-0.262368,-0.0112213,0.0115506,-0.0468727,-0.0710192,-0.0569895,-0.0815565,5481.32,-1193.28,-4080.65,-1.37125e-05,0.047268,-17.6102,3752.32,429.933,1360.22,0.000719613,-0.0161351,-15.2609,5628.91,139.45,-2145.33,0.00137279,0.0181628,-17.1306,3875.6,165.415,220.12,0.00153459,-0.00199045,-14.7507
6.129,47.2662,-12.5356,4.98775,-0.621212,2.41184,-0.346269,-0.490873,-0.0199419,0.0040695,2608.11,1,0.0615467,0,0.5,-0.284911,-0.262473,-0.0112226,0.0115481,-0.0468461,-0.0710409,-0.056992,-0.0815627,5471.81,-981.454,-3887.96,0.00158932,0.042676,-17.6151,3758.14,157.438,1063.09,-0.00132398,-0.0114681,-15.2553,5630.13,135.157,-2265.49,0.00136361,0.0193714,-17.1298,3875.72,213.866,250.832,0.00195138,-0.00223297,-14.7529
6.139,47.2565,-12.5863,4.98801,-0.619961,-0.0798039,0.78563,-0.488983,-0.0199391,0.0040704,2608.02,1,0.0618486,0,0.5,-0.284776,-0.262322,-0.011223,0.0115499,-0.0468847,-0.0710172,-0.0569967,-0.0815672,5487.26,-1533.7,-4104.26,-0.00364597,0.04951,-17.5918,3751.12,324.414,1375.4,-0.000476811,-0.0159565,-15.2621,5629.06,163.065,-2193.62,0.00158326,0.0186364,-17.1328,3877.24,183.381,280.569,0.00175207,-0.00260569,-14.7511
6.149,47.2465,-12.6368,4.98763,-0.621255,2.70352,-0.312728,-0.490642,-0.0199464,0.00407327,2608.24,1,0.061654,0,0.5,-0.285078,-0.26257,-0.0112216,0.0115506,-0.0468174,-0.0710502,-0.0569973,-0.0815764,5463.45,-1033.72,-3894.29,0.00108102,0.0431379,-17.6257,3759.79,78.0568,1083.12,-0.00218268,-0.0113545,-15.2486,5629.85,137.207,-2258.87,0.00137983,0.0193043,-17.1283,3876.18,216.372,259.51,0.00198282,-0.00232015,-14.7546
6.159,47.2363,-12.6874,4.98792,-0.6214,2.96727,-0.857545,-0.490833,-0.0199377,0.00407326,2608.31,1,0.0613336,0,0.5,-0.284697,-0.262295,-0.0112217,0.0115504,-0.0468684,-0.0710282,-0.0570066,-0.0815747,5479.64,-1127.32,-3645.9,-0.000612726,0.039156,-17.6044,3754.18,406.386,1052.31,0.0013028,-0.01218,-15.2732,5630.04,154.574,-2305.33,0.00153831,0.0197726,-17.1326,3876.89,174.967,261.369,0.00165968,-0.00241432,-14.7515
6.169,47.2259,-12.7379,4.98746,-0.621403,3.23627,-0.665193,-0.490683,-0.0199441,0.00407579,2608.27,1,0.0616234,0,0.5,-0.284975,-0.262518,-0.0112226,0.0115515,-0.0468265,-0.0710453,-0.0570068,-0.0815854,5466.29,-975.718,-3787.85,0.00132319,0.04097,-17.6293,3758.42,84.5575,1079.57,-0.00210929,-0.011347,-15.248,5629.5,113.649,-2255.63,0.001178,0.01928,-17.1267,3877.13,232.84,261.343,0.00211251,-0.00231337,-14.7569
6.179,47.2151,-12.7883,4.98798,-0.621014,2.26039,-0.386453,-0.490329,-0.0199365,0.00407586,2608.33,1,0.0615172,0,0.5,-0.284596,-0.262282,-0.011223,0.0115484,-0.0468863,-0.071018,-0.0570152,-0.0815854,5485.16,-1322.97,-3700.34,-0.00242752,0.0408345,-17.5884,3751.83,324.334,1114.74,0.000270178,-0.0127051,-15.2702,5629.26,165.457,-2261.13,0.00162097,0.0193186,-17.1337,3877.69,167.123,242.719,0.00157484,-0.00222799,-14.7511
6.189,47.2042,-12.8387,4.98789,-0.620529,1.87845,-0.63912,-0.489947,-0.0199449,0.00407827,2608.38,1,0.0614557,0,0.5,-0.284957,-0.26248,-0.0112224,0.0115493,-0.0468433,-0.0710378,-0.0570136,-0.0815955,5472.47,-1020.79,-3960.4,0.00141722,0.0441747,-17.6334,3755.91,321.032,1218.16,-5.46348e-05,-0.013943,-15.2544,5629.37,140.287,-2250.22,0.00140473,0.0192168,-17.1295,3877.32,194.858,263.737,0.00181954,-0.00240159,-14.7548
6.199,47.193,-12.889,4.98903,-0.619807,1.12161,0.609081,-0.489553,-0.019938,0.00407888,2608.31,1,0.0615055,0,0.5,-0.284694,-0.262345,-0.0112218,0.0115477,-0.04686,-0.0710242,-0.0570223,-0.0815918,5478.11,-1220.22,-3749.45,-0.0012622,0.0413005,-17.5929,3753.99,233.791,1084.85,-0.000597555,-0.01203,-15.2639,5629.05,136.701,-2268.44,0.00137728,0.0194048,-17.1312,3877.21,218.917,259.656,0.00200257,-0.00231704,-14.7505
6.209,47.1815,-12.9393,4.98778,-0.621147,2.59937,-0.558573,-0.490668,-0.0199438,0.00408117,2608.29,1,0.0615828,0,0.5,-0.284989,-0.262495,-0.0112232,0.0115492,-0.0468256,-0.0710478,-0.0570233,-0.0816015,5464.25,-939.781,-3899.12,0.00205237,0.0427548,-17.6301,3758.8,173.833,1084.95,-0.00121851,-0.0117858,-15.2539,5629.37,145.121,-2264.36,0.00144867,0.0193591,-17.1299,3876.72,202.914,250.367,0.00186526,-0.00224531,-14.7555
6.219,47.1698,-12.9895,4.98812,-0.619911,2.07865,-0.570364,-0.489126,-0.0199396,0.00408147,2608.45,1,0.061447,0,0.5,-0.284852,-0.2624,-0.0112248,0.0115474,-0.0468668,-0.0710305,-0.0570275,-0.0816039,5480.16,-1484.47,-3626.66,-0.00423126,0.0403114,-17.5876,3754.16,471.391,1316.1,0.00129505,-0.0156853,-15.2691,5629.03,156.528,-2264.03,0.00154606,0.0193525,-17.1351,3877.04,150.034,247.895,0.00144231,-0.00231931,-14.7521
6.229,47.1579,-13.0396,4.98794,-0.621757,2.76779,-0.371954,-0.491398,-0.0199437,0.0040845,2608.34,1,0.0616108,0,0.5,-0.285014,-0.262539,-0.0112218,0.0115493,-0.0468146,-0.0710497,-0.0570319,-0.0816093,5460.58,-910.854,-4058.75,0.00291836,0.0456046,-17.6279,3760.91,142.525,1160.56,-0.00176349,-0.0125356,-15.2559,5629.34,130.982,-2264.68,0.00132816,0.0193673,-17.1285,3876.71,259.414,281.434,0.00234765,-0.00248509,-14.7531
6.239,47.1457,-13.0897,4.9881,-0.620286,2.31341,-0.36224,-0.489394,-0.0199425,0.00408535,2608.79,1,0.0615985,0,0.5,-0.285081,-0.262469,-0.0112246,0.0115477,-0.0468637,-0.0710241,-0.0570358,-0.0816126,5477.5,-1493.8,-3528.76,-0.00453025,0.038755,-17.6048,3751.2,319.317,1137.09,0.00015345,-0.0129619,-15.2601,5629.27,212.074,-2278.91,0.00202356,0.0194784,-17.1336,3877.19,189.3,286.902,0.00180451,-0.00266276,-14.754
6.249,47.1332,-13.1398,4.98863,-0.621322,2.41115,-0.352087,-0.490968,-0.0199445,0.00408705,2608.46,1,0.0613718,0,0.5,-0.284866,-0.262452,-0.0112261,0.0115465,-0.0468525,-0.071041,-0.0570402,-0.0816159,5473.4,-929.143,-3859.28,0.00202372,0.0419016,-17.6096,3756.18,211.168,1015.15,-0.000634625,-0.0111273,-15.2627,5629.56,128.31,-2270.42,0.00130635,0.019426,-17.132,3875.77,180.839,245.824,0.00168711,-0.00223629,-14.7532
6.259,47.1205,-13.1897,4.98818,-0.620747,2.41706,-0.170181,-0.489879,-0.0199481,0.00408894,2608.84,1,0.0616663,0,0.5,-0.285048,-0.262464,-0.0112251,0.0115459,-0.0468602,-0.0710331,-0.0570428,-0.0816234,5477.71,-1231.38,-3691.6,-0.00152348,0.0403738,-17.6177,3753.03,272.046,1143.36,-0.000363511,-0.0128683,-15.2598,5629.76,162.362,-2267.34,0.00159682,0.0193814,-17.1336,3875.83,177.191,251.322,0.00166509,-0.00230212,-14.7541
6.269,47.1076,-13.2397,4.9887,-0.621254,2.19379,-0.0697185,-0.490684,-0.0199504,0.00409064,2608.48,1,0.0614973,0,0.5,-0.284932,-0.262461,-0.0112257,0.0115452,-0.0468533,-0.0710427,-0.0570471,-0.0816267,5476.07,-1130.99,-3851.47,-4.95156e-05,0.0426969,-17.6086,3756.32,198.165,1079.4,-0.000952527,-0.0118245,-15.2624,5630.35,141.277,-2261.15,0.00141501,0.0193243,-17.1331,3875.23,193.674,248.217,0.00179121,-0.00223908,-14.7539
6.279,47.0944,-13.2895,4.98834,-0.621098,2.45268,-0.0566913,-0.490374,-0.0199579,0.00409293,2608.66,1,0.0616719,0,0.5,-0.285258,-0.262578,-0.0112253,0.0115479,-0.0468265,-0.0710539,-0.0570466,-0.0816359,5468.54,-1165.63,-3828.05,-0.000468721,0.0425282,-17.6303,3758.15,161.958,1106.23,-0.00140241,-0.0119879,-15.257,5630.95,162.59,-2255.35,0.00159538,0.0192549,-17.1317,3874.8,205.616,257.565,0.00189728,-0.00231813,-14.7566
6.289,47.081,-13.3393,4.98904,-0.621039,2.25965,-0.262453,-0.490683,-0.019953,0.00409326,2608.46,1,0.0613056,0,0.5,-0.28472,-0.262317,-0.0112286,0.0115489,-0.0468767,-0.0710338,-0.0570515,-0.081637,5485.81,-1262.75,-3611.15,-0.00203915,0.0390967,-17.5893,3752.29,367.03,1024.01,0.000965952,-0.0117386,-15.2718,5631.14,143.956,-2274.07,0.00144073,0.0194523,-17.1352,3874.72,189.321,248.153,0.00175721,-0.00224635,-14.7516
6.299,47.0673,-13.389,4.98873,-0.621492,1.84941,0.0366891,-0.491255,-0.0199647,0.00409636,2608.59,1,0.0615686,0,0.5,-0.285141,-0.262557,-0.0112252,0.0115478,-0.0468117,-0.0710654,-0.0570521,-0.081647,5464.99,-696.109,-4164.71,0.00556699,0.0464394,-17.647,3760.92,113.607,1106.09,-0.00189553,-0.0117731,-15.252,5631.54,108.9,-2263.08,0.00113872,0.01935,-17.13,3874.15,238.578,259.958,0.00215586,-0.00229223,-14.757
6.309,47.0534,-13.4387,4.98863,-0.621324,4.21976,-0.840937,-0.49019,-0.0199533,0.0040957,2608.48,1,0.0612612,0,0.5,-0.284494,-0.262178,-0.0112272,0.0115456,-0.0469194,-0.0710066,-0.0570619,-0.0816445,5500.74,-1485.65,-3069.55,-0.00534467,0.0316772,-17.5731,3744.41,602.241,1077.45,0.00328383,-0.0129763,-15.2822,5631.37,177.733,-2276.1,0.00172876,0.0194586,-17.1389,3875.13,100.292,209.898,0.00099461,-0.002017,-14.7497
6.319,47.0393,-13.4883,4.98861,-0.621618,2.93882,-0.0636718,-0.490953,-0.0199727,0.0040994,2608.67,1,0.0616065,0,0.5,-0.285227,-0.26265,-0.0112242,0.0115444,-0.0468027,-0.0710699,-0.0570536,-0.0816616,5463.63,-708.592,-4017.64,0.00483469,0.0437224,-17.6591,3759.47,19.5191,1098.47,-0.00280397,-0.0112618,-15.2387,5631.22,122.047,-2256.96,0.00124958,0.019285,-17.1291,3874.42,228.299,264.101,0.0020827,-0.00235071,-14.7594
6.329,47.0248,-13.5378,4.98883,-0.620541,2.3513,-0.154914,-0.490226,-0.0199579,0.00409905,2608.43,1,0.0614936,0,0.5,-0.284673,-0.262269,-0.0112342,0.0115466,-0.046866,-0.0710244,-0.0570656,-0.0816547,5484.21,-1305.52,-3618.09,-0.00245928,0.0393997,-17.5851,3751.16,443.041,1200.1,0.00130085,-0.0141243,-15.2815,5630.3,149.361,-2247.91,0.00147925,0.0191867,-17.1386,3875.86,97.1158,258.761,0.000998327,-0.00255885,-14.7555
6.339,47.0102,-13.5872,4.98883,-0.62114,2.62502,-0.140341,-0.490172,-0.0199652,0.00410055,2608.88,1,0.0615211,0,0.5,-0.28484,-0.262452,-0.0112263,0.0115448,-0.0468478,-0.0710412,-0.0570626,-0.0816663,5479.46,-1133.13,-3759.94,-0.000352342,0.0410779,-17.623,3752.02,225.017,1137.65,-0.00083958,-0.0126293,-15.2536,5630.22,145.503,-2246,0.00144743,0.019169,-17.1334,3875.72,186.472,258.73,0.00174871,-0.00236427,-14.7561
6.349,46.9953,-13.6366,4.98935,-0.621425,2.05465,0.723829,-0.490635,-0.0199635,0.00410116,2608.73,1,0.0616837,0,0.5,-0.28484,-0.262392,-0.0112253,0.0115433,-0.0468388,-0.0710509,-0.0570668,-0.0816685,5475.11,-1196.36,-3853.89,-0.000719664,0.0430585,-17.6131,3755.8,151.867,1043.49,-0.00132139,-0.0112267,-15.2623,5629.81,194.737,-2285.14,0.00187639,0.0195489,-17.1351,3875.59,193.288,247.574,0.00178657,-0.00223271,-14.7548
6.359,46.9802,-13.6859,4.98919,-0.621874,2.95843,0.234976,-0.491086,-0.0199619,0.00410195,2608.7,1,0.0615432,0,0.5,-0.284879,-0.262432,-0.0112222,0.0115403,-0.0468255,-0.0710555,-0.057069,-0.0816706,5470.14,-1046.61,-3867.99,0.000857627,0.042655,-17.6227,3756.12,190.119,1096.84,-0.00108622,-0.011998,-15.2611,5629.89,135.468,-2262.12,0.0013655,0.0193378,-17.1345,3876.03,214.761,253.812,0.00196264,-0.00226274,-14.7558
6.369,46.9648,-13.7351,4.98883,-0.621363,2.89094,0.0420997,-0.490512,-0.0199568,0.00410272,2608.8,1,0.0616346,0,0.5,-0.284842,-0.262418,-0.0112277,0.0115451,-0.046842,-0.0710459,-0.0570766,-0.0816734,5473.14,-1252.92,-3677.17,-0.00178298,0.0402696,-17.6124,3754.19,189.099,1077.14,-0.00104046,-0.0117698,-15.2631,5629.33,169.758,-2265.58,0.0016586,0.0193619,-17.1349,3876.72,191.52,248.474,0.00177435,-0.00224478,-14.7567
6.379,46.9492,-13.7843,4.98966,-0.620839,2.85924,-0.738235,-0.490436,-0.0199552,0.0041035,2608.81,1,0.0609736,0,0.5,-0.284907,-0.262422,-0.0112278,0.0115463,-0.0468355,-0.0710504,-0.0570803,-0.081676,5470.2,-816.082,-3674.33,0.00252834,0.0383363,-17.6252,3756.29,472.377,1031.5,0.00204448,-0.0120804,-15.264,5629.21,110.277,-2258.4,0.00115014,0.0193102,-17.134,3877.22,167.543,245.495,0.00158142,-0.00225734,-14.7564
6.389,46.9334,-13.8333,4.98898,-0.6213,2.158,-0.125281,-0.490694,-0.0199511,0.00410445,2608.86,1,0.0615352,0,0.5,-0.284868,-0.262418,-0.0112287,0.0115433,-0.0468422,-0.0710492,-0.0570863,-0.0816771,5471.24,-1151.99,-3920.71,-6.26152e-05,0.0441069,-17.6115,3756.55,234.308,1159.97,-0.000808218,-0.0129159,-15.2668,5629,149.523,-2259.58,0.00148483,0.0193099,-17.1357,3877.4,198.325,253.87,0.00183485,-0.00228994,-14.7559
6.399,46.9173,-13.8823,4.98903,-0.620892,2.761,0.542208,-0.48996,-0.0199551,0.00410636,2609.08,1,0.0618051,0,0.5,-0.285289,-0.262625,-0.0112278,0.0115446,-0.0468184,-0.0710603,-0.0570864,-0.081684,5462.8,-1408.65,-3683.68,-0.0033355,0.0411532,-17.6246,3757.47,36.2298,1142.73,-0.00277924,-0.0118592,-15.2455,5628.64,186.848,-2248.26,0.00180065,0.0191801,-17.1346,3877.52,210.055,261.205,0.0019354,-0.00234776,-14.7595
6.409,46.901,-13.9312,4.98991,-0.621272,1.9246,0.298017,-0.490684,-0.0199452,0.0041061,2608.91,1,0.0613667,0,0.5,-0.284773,-0.262339,-0.0112339,0.0115399,-0.0468688,-0.0710466,-0.0570962,-0.0816799,5478.11,-1272.57,-3782.5,-0.00169464,0.0421083,-17.5905,3755.43,265.801,1052.58,-0.000171987,-0.0117582,-15.2754,5628.97,145.099,-2269.78,0.00144977,0.0194157,-17.1373,3877.52,181.7,244.609,0.00169226,-0.00222078,-14.754
6.419,46.8844,-13.9801,4.98891,-0.621171,2.63353,-0.409686,-0.490424,-0.0199491,0.00410813,2609.53,1,0.0614909,0,0.5,-0.284963,-0.262459,-0.0112283,0.0115447,-0.0468622,-0.071044,-0.0570964,-0.0816868,5477.05,-1084.39,-3739.14,8.10864e-05,0.0405328,-17.6271,3754.63,277.745,1079.32,-0.000121175,-0.0121174,-15.2588,5628.45,150.935,-2255.31,0.00149663,0.0192678,-17.1349,3877.68,184.12,249.895,0.00171766,-0.00227278,-14.7578
6.429,46.8676,-14.0288,4.98935,-0.621856,4.3145,-0.948241,-0.491287,-0.0199487,0.00410913,2608.96,1,0.0610407,0,0.5,-0.284849,-0.262384,-0.0112297,0.0115441,-0.0468686,-0.0710434,-0.0571019,-0.0816873,5478.56,-1066.05,-3409.3,-0.000664409,0.0352691,-17.6105,3755.05,534.557,1019.24,0.00271605,-0.0120668,-15.2703,5630.24,77.7719,-2301.89,0.000881446,0.0197585,-17.1362,3875.38,172.095,206.941,0.00156532,-0.00183991,-14.7557
6.439,46.8505,-14.0775,4.98995,-0.620898,1.82408,0.620693,-0.490651,-0.0199514,0.00411099,2609.04,1,0.0615297,0,0.5,-0.284997,-0.262484,-0.0112302,0.0115437,-0.0468417,-0.0710537,-0.0571046,-0.0816904,5470.23,-1015.14,-3907.78,0.00131566,0.0432128,-17.6259,3758.23,303.914,1044.69,0.000249278,-0.0117809,-15.2706,5629.6,132.423,-2263.56,0.0013401,0.0193545,-17.1344,3876.07,208.376,254.146,0.00191325,-0.00227658,-14.7579
6.449,46.8332,-14.1261,4.98948,-0.620774,1.91294,0.142788,-0.490002,-0.0199483,0.00411178,2609,1,0.0615469,0,0.5,-0.284889,-0.26239,-0.0112299,0.0115442,-0.0468701,-0.0710348,-0.0571112,-0.0816909,5481.35,-1207.12,-3730.17,-0.0011745,0.0408809,-17.6096,3752.61,229.784,1119.49,-0.000740616,-0.0124293,-15.2667,5629.89,166.538,-2258.22,0.00162995,0.0192862,-17.1378,3875.99,186.709,246.242,0.00173412,-0.00222995,-14.7562
6.459,46.8157,-14.1746,4.98971,-0.62114,2.21447,0.234569,-0.490644,-0.0199537,0.00411346,2609.06,1,0.0614878,0,0.5,-0.284992,-0.26248,-0.011231,0.0115418,-0.0468491,-0.07105,-0.057112,-0.0816977,5472.59,-1066.36,-3798.24,0.000442223,0.041502,-17.6237,3755.27,213.108,1058.11,-0.000735842,-0.0116358,-15.2605,5630.21,140.505,-2255.35,0.0014072,0.019266,-17.1357,3874.95,192.398,216.107,0.00173599,-0.00190372,-14.7577
6.469,46.7979,-14.223,4.98914,-0.621207,2.55413,-0.135207,-0.490236,-0.0199538,0.00411451,2609.08,1,0.061576,0,0.5,-0.284979,-0.262441,-0.0112311,0.0115439,-0.0468586,-0.0710433,-0.0571158,-0.0817012,5478.6,-1319.31,-3694.6,-0.0024014,0.0407913,-17.6057,3753.46,263.357,1148.7,-0.000469206,-0.0128997,-15.2654,5630.13,175.559,-2273.22,0.00171043,0.0194346,-17.1374,3875.61,168.57,240.063,0.00158385,-0.00219773,-14.7561
6.479,46.7799,-14.2713,4.98994,-0.620721,2.63776,-0.354738,-0.490247,-0.0199546,0.00411553,2609.08,1,0.0611581,0,0.5,-0.284849,-0.262407,-0.0112325,0.0115473,-0.0468536,-0.0710441,-0.0571182,-0.0817044,5477.15,-1063.6,-3644.49,1.23457e-05,0.0388856,-17.613,3754.54,388.585,1118.74,0.000940191,-0.0129414,-15.2654,5629.89,142.234,-2245.72,0.00141949,0.0191686,-17.137,3875.59,137.428,237.071,0.00132959,-0.00222939,-14.7559
6.489,46.7617,-14.3196,4.98973,-0.621256,1.84908,0.303414,-0.490591,-0.0199523,0.00411638,2609.09,1,0.0615598,0,0.5,-0.28473,-0.26234,-0.011231,0.0115439,-0.0468736,-0.0710326,-0.057122,-0.0817066,5482.46,-1110.64,-3849.35,0.000139256,0.0424923,-17.6141,3750.71,232.991,1116.25,-0.000697214,-0.0124092,-15.2679,5629.98,153.38,-2245.4,0.00151406,0.0191608,-17.1378,3875.17,188.39,217.942,0.00170811,-0.00192887,-14.7563
6.499,46.7432,-14.3677,4.9895,-0.620953,2.51739,0.324586,-0.490246,-0.0199641,0.00411863,2609.42,1,0.0616565,0,0.5,-0.285353,-0.262665,-0.0112302,0.0115432,-0.0468018,-0.0710728,-0.057119,-0.081718,5459.62,-1162.3,-3872.03,-0.000306965,0.0434019,-17.6484,3760.03,135.067,1137.64,-0.00176797,-0.0122366,-15.2524,5630.36,159.946,-2238.14,0.00156881,0.0190832,-17.1344,3875,198.37,256.101,0.00183865,-0.00231495,-14.7616
6.509,46.7245,-14.4158,4.98966,-0.623777,5.38095,-0.00863389,-0.491996,-0.0199497,0.00411745,2609.05,1,0.0613386,0,0.5,-0.284586,-0.262254,-0.0112254,0.011529,-0.0468848,-0.0710418,-0.057131,-0.081711,5481.76,-1259.89,-3445.29,-0.00243449,0.0365132,-17.5751,3751.35,200.439,946.473,-0.00055386,-0.0103157,-15.2787,5630.62,143.763,-2279.22,0.00143987,0.0195068,-17.141,3875.16,140.031,208.636,0.00132011,-0.0019165,-14.7535
6.519,46.7056,-14.4638,4.98944,-0.621751,3.50098,-0.232196,-0.4909,-0.0199573,0.00412011,2609.28,1,0.0614333,0,0.5,-0.285049,-0.262523,-0.011231,0.0115424,-0.0468249,-0.0710592,-0.0571286,-0.0817204,5466.43,-805.309,-3806.64,0.00308177,0.0404798,-17.6465,3756.9,205.95,1053.34,-0.000796165,-0.0115484,-15.2534,5630.17,133.118,-2266.25,0.00134668,0.0193797,-17.1346,3875.63,223.963,255.542,0.00203568,-0.00226684,-14.7609
6.529,46.6864,-14.5117,4.98955,-0.621234,3.66084,-0.625789,-0.490186,-0.0199513,0.00412013,2610.55,1,0.0612454,0,0.5,-0.284776,-0.262363,-0.0112284,0.0115422,-0.0468706,-0.0710398,-0.057135,-0.0817207,5482.9,-1405.55,-3401.09,-0.0039386,0.0363624,-17.5894,3751.81,500.209,1140.33,0.00206648,-0.0135201,-15.2781,5629.87,301.79,-2299.61,0.00279084,0.0196341,-17.1398,3876.59,54.6075,258.451,0.000593071,-0.00264364,-14.7555
6.539,46.667,-14.5594,4.98967,-0.620982,1.61582,-0.403163,-0.490912,-0.0199552,0.00412217,2609.26,1,0.0613835,0,0.5,-0.284948,-0.262467,-0.0112326,0.0115452,-0.0468289,-0.0710579,-0.0571348,-0.0817264,5467.36,-832.134,-3978.5,0.00342584,0.0436082,-17.6339,3757.26,175.512,1021.46,-0.00101923,-0.0110628,-15.2601,5630.35,113.112,-2279.1,0.00117886,0.0195164,-17.1356,3875.36,246.024,243.353,0.00218504,-0.00211043,-14.7598
6.549,46.6473,-14.6071,4.98993,-0.619674,0.170618,-0.168954,-0.489014,-0.019949,0.00412208,2609.22,1,0.0614606,0,0.5,-0.284708,-0.262326,-0.0112322,0.0115423,-0.0468874,-0.0710278,-0.0571406,-0.0817258,5489.95,-1478.58,-3894.46,-0.00355654,0.0449632,-17.593,3750.16,677.271,1357.61,0.00343684,-0.01684,-15.2769,5628.88,191.022,-2246.55,0.00183434,0.0191598,-17.1411,3876.98,202.777,277.902,0.00190222,-0.00253952,-14.7558
6.559,46.6274,-14.6547,4.99016,-0.621835,3.07164,0.074198,-0.491155,-0.0199548,0.00412443,2609.31,1,0.0613174,0,0.5,-0.284947,-0.262488,-0.0112317,0.0115424,-0.0468311,-0.0710562,-0.0571411,-0.0817318,5466.84,-832.779,-3908.35,0.00316279,0.0423596,-17.6355,3757.51,165.071,1085.2,-0.00130836,-0.0117575,-15.2567,5629.03,106.854,-2224.23,0.00111345,0.0189653,-17.1356,3876.22,226.728,249.536,0.00204824,-0.0021997,-14.7599
6.569,46.6073,-14.7022,4.9898,-0.621249,1.91537,-0.118449,-0.490738,-0.0199403,0.00412407,2609.28,1,0.0614745,0,0.5,-0.284324,-0.262136,-0.0112319,0.011544,-0.0469152,-0.0710027,-0.0571533,-0.0817229,5495.06,-1376.2,-3732.65,-0.00288783,0.0415111,-17.582,3745.66,378.16,1166.3,0.000700491,-0.0135281,-15.2798,5629.41,170.048,-2249.01,0.00165715,0.0191926,-17.142,3876.43,167.778,246.047,0.00158409,-0.00226325,-14.7556
6.579,46.587,-14.7496,4.98988,-0.621176,2.93746,0.355995,-0.490574,-0.0199593,0.00412724,2609.48,1,0.0615908,0,0.5,-0.285304,-0.262678,-0.0112321,0.0115416,-0.0467933,-0.0710788,-0.0571443,-0.0817402,5455.07,-759.741,-3889.25,0.00384354,0.0417868,-17.6683,3762.06,30.4909,1023.29,-0.00246824,-0.0104495,-15.2416,5629.87,127.813,-2268.94,0.00130247,0.0194099,-17.1337,3875.71,251.508,269.882,0.00226861,-0.00237638,-14.7646
6.589,46.5664,-14.7969,4.99049,-0.621417,1.57595,0.120247,-0.490974,-0.0199363,0.00412594,2609.25,1,0.0613359,0,0.5,-0.284349,-0.26209,-0.011234,0.0115413,-0.0469,-0.071019,-0.0571611,-0.0817268,5488.54,-1226.68,-3788.06,-0.00122171,0.0418844,-17.577,3750.74,342.383,1037.16,0.000672859,-0.011831,-15.2966,5629.31,117.221,-2281.62,0.00121262,0.0195447,-17.1427,3876.37,115.532,234.266,0.00114262,-0.00224743,-14.7556
6.599,46.5456,-14.8441,4.99018,-0.620478,2.7056,0.200099,-0.489455,-0.0199586,0.00412942,2609.62,1,0.061444,0,0.5,-0.28552,-0.26281,-0.0112326,0.0115416,-0.0467916,-0.0710834,-0.0571484,-0.0817477,5455.16,-994.671,-3812.64,0.00122475,0.0416008,-17.6789,3763.2,212.028,1126.94,-0.000937369,-0.012414,-15.2344,5629.2,145.744,-2253.8,0.00145245,0.0192518,-17.1332,3876.75,200.941,282.69,0.00189209,-0.00259471,-14.7652
6.609,46.5245,-14.8912,4.99036,-0.621154,2.94147,0.0082705,-0.490409,-0.0199377,0.0041285,2607.68,1,0.0612646,0,0.5,-0.284669,-0.26224,-0.0112337,0.011542,-0.0468715,-0.0710396,-0.0571653,-0.0817347,5478.13,-1227.14,-3689.19,-0.00149397,0.0403092,-17.5741,3757.69,453.992,1144.64,0.0015615,-0.0134328,-15.2984,5625.78,97.3838,-2019.36,0.000991686,0.0169463,-17.142,3874.82,203.999,43.0394,0.00157299,-0.000312585,-14.753
6.619,46.5032,-14.9382,4.99022,-0.621182,2.34376,0.229449,-0.490383,-0.0199461,0.00413065,2609.71,1,0.0614853,0,0.5,-0.285071,-0.262545,-0.0112335,0.0115415,-0.0468379,-0.0710565,-0.0571614,-0.081743,5468.51,-954.076,-3916.31,0.00196405,0.0430846,-17.642,3759.15,110.112,1147.63,-0.00205367,-0.0122485,-15.2486,5628.7,143.558,-2259.78,0.00143469,0.0193153,-17.137,3876.84,207.119,265.837,0.00191957,-0.00240245,-14.7624
6.629,46.4817,-14.985,4.99008,-0.621374,2.38502,0.258002,-0.490581,-0.0199419,0.00413138,2608.07,1,0.061569,0,0.5,-0.285,-0.262401,-0.0112343,0.0115414,-0.0468666,-0.0710373,-0.0571677,-0.0817421,5477.42,-1342.43,-3750.24,-0.00249099,0.0418631,-17.6077,3754.66,225.92,1066.7,-0.000628121,-0.0117856,-15.2718,5629.05,172.573,-2259.39,0.0016816,0.0192984,-17.1418,3876.48,189.425,256.175,0.00176809,-0.00233095,-14.76
6.639,46.46,-15.0318,4.99018,-0.621434,2.59258,0.098766,-0.490536,-0.0199447,0.00413288,2609.6,1,0.0614653,0,0.5,-0.28498,-0.26246,-0.0112343,0.011541,-0.046864,-0.0710342,-0.0571694,-0.081746,5478.35,-1148.8,-3776.44,-0.000455834,0.041443,-17.6179,3752.73,134.042,1121.03,-0.00173622,-0.0120621,-15.2596,5628.91,162.382,-2265.33,0.0015957,0.0193638,-17.141,3876.16,177.555,252.678,0.00166954,-0.00231585,-14.7612
6.649,46.438,-15.0785,4.99023,-0.621673,3.06287,0.0766756,-0.490893,-0.0199463,0.00413356,2609.53,1,0.0614031,0,0.5,-0.284877,-0.262407,-0.0112339,0.0115405,-0.0468705,-0.071036,-0.0571717,-0.0817479,5479.47,-1175.56,-3615.65,-0.00117539,0.0388716,-17.614,3753.02,272.076,970.359,0.000123062,-0.0108251,-15.2694,5630.08,126.787,-2262.1,0.00129193,0.0193399,-17.1415,3875.25,185.314,226.994,0.0016966,-0.00202868,-14.7606
6.659,46.4158,-15.1251,4.98997,-0.62167,2.997,0.232557,-0.49052,-0.0199524,0.00413571,2609.5,1,0.061595,0,0.5,-0.285084,-0.262506,-0.0112351,0.0115411,-0.0468399,-0.0710454,-0.0571732,-0.0817549,5472.5,-1183.19,-3782.91,-0.000785011,0.0417734,-17.6246,3754.46,164.101,1132.57,-0.0014597,-0.0123182,-15.259,5630.46,157.985,-2259.3,0.00155768,0.0192986,-17.1395,3875.31,198.156,258.086,0.00183915,-0.00233633,-14.7607
6.669,46.3934,-15.1715,4.99038,-0.620947,1.02756,-0.263687,-0.491129,-0.0199457,0.00413558,2609.67,1,0.0613819,0,0.5,-0.284655,-0.262351,-0.011237,0.0115429,-0.0468692,-0.0710305,-0.0571807,-0.08175,5483.5,-1221.29,-3829.11,-0.00104748,0.0426377,-17.6028,3755.78,274.659,1032.66,-1.85029e-05,-0.0115524,-15.2792,5631.75,157.228,-2353.16,0.00157359,0.020259,-17.1416,3874.79,169.975,222.246,0.00157206,-0.0020052,-14.7585
6.679,46.3707,-15.2179,4.99031,-0.62087,2.53285,0.338858,-0.490038,-0.0199581,0.00413781,2609.75,1,0.0615603,0,0.5,-0.285211,-0.262552,-0.0112344,0.0115409,-0.046828,-0.0710501,-0.057175,-0.0817635,5469.26,-1175.53,-3746.36,-0.0008102,0.0411437,-17.6495,3755.15,272.317,1103.56,-0.000245665,-0.0123853,-15.2579,5630.77,160.47,-2250.79,0.00157625,0.0192099,-17.138,3874.81,202.678,260.104,0.00187746,-0.00235021,-14.7627
6.689,46.3479,-15.2641,4.99105,-0.621272,2.39964,-0.132711,-0.49111,-0.0199469,0.00413743,2609.21,1,0.0610673,0,0.5,-0.28449,-0.262269,-0.0112379,0.0115437,-0.046865,-0.0710285,-0.0571845,-0.081756,5482.25,-995.782,-3786.74,0.00110675,0.0408789,-17.5978,3752.64,350.723,1088.89,0.00061696,-0.012472,-15.2789,5630.71,123.17,-2250.11,0.00125753,0.0192168,-17.1436,3874.88,159.421,243.597,0.00151542,-0.00225433,-14.7568
6.699,46.3248,-15.3102,4.99022,-0.62054,2.37399,0.45347,-0.48957,-0.0199609,0.00413949,2609.73,1,0.0616818,0,0.5,-0.285217,-0.262614,-0.0112352,0.0115398,-0.0468175,-0.071058,-0.0571782,-0.0817707,5466.56,-1165.5,-3737.11,-0.000739884,0.0409692,-17.6505,3755.96,153.56,1159.41,-0.00164598,-0.0125858,-15.2485,5630.84,175.187,-2253.1,0.00170197,0.019227,-17.1393,3874.8,200.425,262.358,0.00186296,-0.00237823,-14.7635
6.709,46.3014,-15.3562,4.99141,-0.622167,1.46438,0.532468,-0.491707,-0.0199482,0.00413925,2609.53,1,0.0612942,0,0.5,-0.284531,-0.262275,-0.0112341,0.011538,-0.046849,-0.0710362,-0.0571864,-0.0817621,5477.14,-1065.81,-3943.69,0.000898271,0.0440365,-17.5954,3754.19,176.559,961.853,-0.000837624,-0.0103953,-15.2798,5630.86,120.88,-2351.35,0.00126007,0.0202555,-17.1416,3874.92,252.088,251.947,0.00224643,-0.00219092,-14.7581
6.719,46.2779,-15.4021,4.99029,-0.620665,1.91194,0.121369,-0.489812,-0.0199559,0.00414095,2609.92,1,0.0615806,0,0.5,-0.28499,-0.262511,-0.0112352,0.0115404,-0.0468411,-0.0710415,-0.0571826,-0.0817747,5474.37,-1182.3,-3861.11,-0.000558718,0.0431305,-17.641,3752.74,309.471,1213.24,-0.000165084,-0.0138535,-15.2593,5629.5,172.806,-2246.36,0.00168032,0.0191641,-17.1401,3876.03,182.944,262.803,0.00172585,-0.0024147,-14.7628
6.729,46.2541,-15.4479,4.99171,-0.621405,1.93297,1.70523,-0.490915,-0.0199531,0.00414181,2609.63,1,0.0616353,0,0.5,-0.284876,-0.262436,-0.0112357,0.0115411,-0.0468355,-0.0710479,-0.057187,-0.0817751,5469.77,-1287.49,-3777.49,-0.00186538,0.0421787,-17.6101,3755.21,54.7341,1037.68,-0.00228182,-0.0107437,-15.2672,5629.72,155.243,-2268.14,0.00153586,0.0193925,-17.1405,3875.71,210.832,250.368,0.00192732,-0.00223292,-14.7614
6.739,46.2301,-15.4935,4.9917,-0.621707,0.802413,1.37204,-0.491046,-0.0199447,0.00414229,2609.52,1,0.0616178,0,0.5,-0.284446,-0.262232,-0.0112387,0.0115398,-0.0468924,-0.0710142,-0.0571972,-0.0817751,5488.21,-1141.01,-4097.57,0.000593051,0.047237,-17.6101,3748.6,253.927,1181.89,-0.000668309,-0.0132829,-15.2786,5629.1,164.283,-2258.72,0.00160951,0.019295,-17.1421,3876.72,206.799,258.438,0.00190812,-0.00232433,-14.7595
6.749,46.2058,-15.5391,4.99039,-0.620974,2.64494,0.24638,-0.490295,-0.0199646,0.00414541,2609.33,1,0.0615535,0,0.5,-0.285492,-0.262795,-0.0112348,0.0115396,-0.0467805,-0.0710808,-0.0571853,-0.081788,5453.73,-686.292,-4000.93,0.00501384,0.0434127,-17.6899,3763.32,46.7537,1094.82,-0.00252343,-0.0113349,-15.2419,5629.61,136.106,-2258.88,0.00137091,0.0193056,-17.1369,3875.82,235.741,276.609,0.00215719,-0.00247015,-14.769
6.759,46.1814,-15.5845,4.99098,-0.621661,2.58768,0.327927,-0.491038,-0.0199457,0.00414478,2610.63,1,0.0613608,0,0.5,-0.284676,-0.262283,-0.0112362,0.01154,-0.0468717,-0.0710279,-0.0572016,-0.081776,5482.57,-1651.27,-3569.92,-0.0060113,0.0399943,-17.5672,3753.21,398.707,1044.01,0.0012441,-0.012062,-15.2872,5630.04,173.477,-2272.13,0.00169208,0.0194246,-17.1397,3875.67,164.37,236.732,0.00154636,-0.00217004,-14.7637
6.769,46.1567,-15.6298,4.98996,-0.620736,2.66421,0.063141,-0.489952,-0.0199578,0.00414733,2609.97,1,0.0616891,0,0.5,-0.285156,-0.262556,-0.0112348,0.0115406,-0.0468282,-0.0710502,-0.0571945,-0.081787,5470.86,-1175.42,-3715.78,-0.000897926,0.0406072,-17.6374,3756.19,127.374,1171.24,-0.00195,-0.0126127,-15.2416,5629.77,176.799,-2251.15,0.00171583,0.0192101,-17.1379,3875.49,185.637,266.524,0.00175095,-0.00245001,-14.7681
6.779,46.1318,-15.675,4.99131,-0.62133,2.1776,-0.137139,-0.490922,-0.0199493,0.00414752,2609.74,1,0.0610918,0,0.5,-0.284691,-0.262293,-0.0112362,0.0115399,-0.0468674,-0.071034,-0.0572031,-0.08178,5483.18,-1101.4,-3778.9,2.79966e-05,0.0412189,-17.5986,3754.91,410.033,1068.65,0.00129949,-0.0123864,-15.2818,5630.26,102.786,-2273.05,0.00108875,0.0194578,-17.1427,3875.05,184.101,240.754,0.00170629,-0.00217664,-14.7588
6.789,46.1067,-15.72,4.99128,-0.620987,2.02,0.476288,-0.490302,-0.0199577,0.00414951,2609.93,1,0.0613784,0,0.5,-0.28505,-0.262508,-0.0112362,0.0115396,-0.0468391,-0.0710479,-0.0571993,-0.0817911,5475.19,-1109.14,-3861.66,0.000202357,0.0427846,-17.6406,3757.39,417.927,1152.22,0.00116337,-0.0134293,-15.2612,5628.33,169.934,-2269.98,0.00165876,0.0194102,-17.14,3874.98,193.821,275.245,0.00182667,-0.00252885,-14.7636
6.799,46.0813,-15.765,4.991,-0.621388,2.58586,0.087448,-0.490743,-0.0199554,0.0041502,2609.7,1,0.061294,0,0.5,-0.284878,-0.262382,-0.0112363,0.0115399,-0.0468537,-0.0710403,-0.0572041,-0.0817909,5479.86,-1236.83,-3724.62,-0.00149,0.0409321,-17.6096,3755.49,325.612,1106.61,0.000306433,-0.0125987,-15.2764,5630.24,142.267,-2255.35,0.0014221,0.0192652,-17.1428,3875.03,185.077,242.566,0.00171664,-0.0021942,-14.7609
6.809,46.0558,-15.8098,4.99085,-0.621392,2.55684,0.353878,-0.490564,-0.0199603,0.00415183,2610.13,1,0.0614861,0,0.5,-0.285046,-0.26249,-0.0112361,0.0115396,-0.0468382,-0.0710438,-0.0572041,-0.0817967,5476.36,-1158.02,-3773.68,-0.000556287,0.0414584,-17.6268,3755.39,194.872,1135.64,-0.00114949,-0.0124763,-15.2604,5630.55,159.828,-2259.53,0.00157299,0.0193,-17.1412,3875.01,187.16,255.621,0.00174994,-0.00233001,-14.7639
6.819,46.03,-15.8545,4.99071,-0.621482,2.45389,0.214061,-0.491005,-0.0199598,0.0041526,2609.94,1,0.061504,0,0.5,-0.284952,-0.262425,-0.0112356,0.0115407,-0.0468384,-0.0710409,-0.0572075,-0.0817973,5477.14,-1184.32,-3811.83,-0.000715225,0.0422329,-17.6164,3755.98,150.843,1154.55,-0.00166153,-0.0125172,-15.266,5631,157.786,-2261.88,0.0015562,0.0193232,-17.1429,3874.58,197.791,249.299,0.00182547,-0.00224382,-14.7626
6.829,46.004,-15.899,4.99153,-0.62079,2.03514,0.227578,-0.489587,-0.0199612,0.0041529,2611.46,1,0.0612339,0,0.5,-0.284783,-0.262364,-0.0112388,0.0115377,-0.0468627,-0.0710331,-0.0572074,-0.0818029,5486.85,-1209.7,-3621.4,-0.00149225,0.0390347,-17.6088,3750.49,334.138,1114.81,0.000374591,-0.012742,-15.2715,5630.36,170.642,-2243.33,0.00166065,0.0191313,-17.1439,3875.06,166.507,210.329,0.00152923,-0.00188509,-14.7607
6.839,45.9777,-15.9435,4.99091,-0.621663,2.65634,0.366249,-0.490994,-0.0199669,0.00415433,2610,1,0.0614814,0,0.5,-0.285,-0.262494,-0.0112365,0.011539,-0.0468196,-0.0710569,-0.0572077,-0.0818068,5471.38,-949.9,-3873.26,0.00185724,0.042268,-17.633,3757.77,68.2598,1091.04,-0.00230549,-0.011408,-15.2575,5631.2,145.871,-2263.25,0.00145458,0.019341,-17.1419,3874.34,210.979,256.479,0.00193765,-0.00229794,-14.7633
6.849,45.9513,-15.9878,4.99099,-0.620917,2.60904,0.473256,-0.489976,-0.0199651,0.00415465,2609.95,1,0.0615169,0,0.5,-0.284986,-0.26246,-0.0112376,0.0115381,-0.0468382,-0.0710421,-0.057211,-0.0818081,5478.19,-1455.51,-3518.65,-0.00417627,0.0384366,-17.6037,3752.86,319.531,1090.98,0.000285272,-0.0123998,-15.2705,5631.98,190.455,-2246.84,0.00183135,0.0191523,-17.1442,3874.52,180.032,238.953,0.00167309,-0.00216502,-14.7612
6.859,45.9246,-16.0319,4.99091,-0.621579,1.97553,0.124296,-0.491144,-0.019964,0.00415548,2610.28,1,0.0614821,0,0.5,-0.284863,-0.262459,-0.0112386,0.0115401,-0.0468256,-0.0710466,-0.0572148,-0.0818084,5474.54,-1125.07,-3932.56,0.000254542,0.0441545,-17.6153,3756.31,107.894,1132.31,-0.00203317,-0.0120689,-15.2631,5631.47,137.753,-2271.38,0.00138692,0.0194258,-17.143,3874.03,223.015,249.742,0.0020208,-0.00220848,-14.763
6.869,45.8978,-16.076,4.99063,-0.621833,1.54934,0.130045,-0.491436,-0.0199509,0.00415564,2610.03,1,0.0616529,0,0.5,-0.284276,-0.262216,-0.0112512,0.0115475,-0.046876,-0.0709894,-0.057223,-0.081803,5493.17,-1302.89,-3955.96,-0.00154843,0.0452407,-17.6008,3744.54,137.481,1216.37,-0.00199167,-0.0132375,-15.2819,5630.15,168.783,-2243.56,0.00164343,0.0191351,-17.1473,3875.5,179.281,281.59,0.00171999,-0.00262625,-14.76
6.879,45.8707,-16.1199,4.99175,-0.62092,3.80954,1.3382,-0.489557,-0.0199806,0.00415706,2610.52,1,0.0614373,0,0.5,-0.285577,-0.262912,-0.0112306,0.0115339,-0.046782,-0.0710863,-0.0572035,-0.0818292,5456.67,-1528.01,-3551.33,-0.00484691,0.0394686,-17.6776,3760.24,228.81,1095.77,-0.00067044,-0.0121192,-15.2162,5629.63,188.975,-2228.61,0.00181391,0.018976,-17.1382,3875.19,184.559,274.178,0.00175055,-0.00253516,-14.773
6.889,45.8434,-16.1637,4.99225,-0.621222,0.440402,0.839831,-0.491092,-0.0199476,0.00415628,2609.76,1,0.0614252,0,0.5,-0.284421,-0.262084,-0.0112426,0.0115365,-0.0468379,-0.0710234,-0.0572285,-0.0818054,5475.35,-1222.57,-4115.01,-0.000220005,0.0482043,-17.5717,3753.58,383.373,1188.17,0.000692842,-0.0137862,-15.3103,5629.23,174.063,-2305.09,0.00170341,0.0197651,-17.1477,3875.85,165.418,258.806,0.00158184,-0.00240646,-14.7557
6.899,45.8159,-16.2073,4.99166,-0.620708,3.0288,0.293655,-0.489623,-0.0199572,0.00415748,2610.47,1,0.0611601,0,0.5,-0.28514,-0.262724,-0.0112369,0.0115378,-0.046798,-0.0710606,-0.0572212,-0.0818184,5460.64,-1038.47,-3714.67,0.000468548,0.0400847,-17.6613,3758.67,356.158,1083.71,0.000695272,-0.012406,-15.2483,5628.92,157.762,-2246.93,0.00155275,0.0191782,-17.1397,3876.76,182.355,267.731,0.00172591,-0.00246869,-14.7692
6.909,45.7881,-16.2508,4.99122,-0.621158,3.19396,0.209489,-0.490563,-0.0199397,0.00415717,2610.17,1,0.0613228,0,0.5,-0.284686,-0.262259,-0.011236,0.0115375,-0.0468386,-0.0710307,-0.0572342,-0.0818065,5471.56,-1437.5,-3630.63,-0.00375689,0.0402737,-17.6045,3755.61,231.408,1064.26,-0.000568007,-0.0117741,-15.2925,5629.03,148.998,-2281.08,0.00148603,0.0195295,-17.1452,3877.35,111.022,216.504,0.00109033,-0.00206327,-14.7604
6.919,45.7602,-16.2942,4.9909,-0.620603,2.51316,0.2144,-0.489709,-0.0199445,0.00415915,2610.11,1,0.0615346,0,0.5,-0.285076,-0.262599,-0.0112388,0.0115398,-0.0468233,-0.0710378,-0.0572309,-0.0818169,5466.74,-1285.8,-3676.96,-0.00211458,0.0404723,-17.6262,3755.14,266.01,1147.7,-0.000436807,-0.0128913,-15.2514,5627.81,174.327,-2253.32,0.00169568,0.0192401,-17.1415,3878.28,178.445,255.327,0.0016792,-0.00234148,-14.766
6.929,45.732,-16.3374,4.99179,-0.62158,2.42615,0.142447,-0.491115,-0.0199339,0.00415851,2610.29,1,0.061149,0,0.5,-0.284613,-0.262328,-0.0112395,0.0115385,-0.0468734,-0.0710308,-0.0572399,-0.0818095,5480.86,-1099.86,-3796.22,9.0015e-05,0.0415333,-17.6,3756.35,144.757,1049.32,-0.00141651,-0.0112634,-15.2767,5628.28,135.65,-2265.64,0.00136914,0.0193792,-17.1452,3877.98,197.516,255.16,0.00182908,-0.00230476,-14.7624
6.939,45.7037,-16.3805,4.99172,-0.621108,2.37778,0.474262,-0.490282,-0.0199372,0.00416114,2610.14,1,0.0613385,0,0.5,-0.284866,-0.262362,-0.0112392,0.0115382,-0.0468647,-0.0710094,-0.0572395,-0.0818159,5479.54,-1075.78,-3755.26,0.000211425,0.0407397,-17.6368,3750.02,412.821,1108.61,0.00122452,-0.0129012,-15.2742,5627.75,144.343,-2263.42,0.00144289,0.0193554,-17.1427,3878.44,173.983,254.469,0.00164233,-0.00234081,-14.7636
6.949,45.6751,-16.4235,4.9922,-0.621079,1.97157,0.813157,-0.49043,-0.0199408,0.00416193,2610.32,1,0.0613281,0,0.5,-0.284857,-0.262492,-0.0112405,0.0115366,-0.046859,-0.0710295,-0.0572413,-0.0818168,5478.81,-1209.12,-3760.88,-0.00111238,0.0414411,-17.6202,3755.09,173.744,1090.43,-0.00123492,-0.0118611,-15.2634,5628.46,138.699,-2263.95,0.00139453,0.0193603,-17.1444,3877.2,205.294,255.85,0.00189085,-0.00229915,-14.7638
6.959,45.6463,-16.4663,4.99169,-0.621293,2.30114,0.742734,-0.490657,-0.0199411,0.00416362,2610.18,1,0.0614777,0,0.5,-0.284926,-0.262396,-0.0112396,0.0115381,-0.0468498,-0.071026,-0.0572459,-0.0818166,5475.97,-1163.34,-3778.96,-0.000598399,0.0415774,-17.6257,3755.1,233.28,1074.87,-0.000573731,-0.0119069,-15.2739,5628.81,148.387,-2200.4,0.00146164,0.0187115,-17.1441,3875.75,171.772,206.141,0.00156347,-0.00183191,-14.7647
6.969,45.6173,-16.509,4.99183,-0.621505,2.59476,0.571221,-0.490765,-0.0199487,0.00416535,2610.66,1,0.0613242,0,0.5,-0.285231,-0.262674,-0.0112393,0.0115382,-0.0468096,-0.0710558,-0.0572451,-0.0818213,5463.9,-1169.88,-3838.81,-0.000480874,0.0427912,-17.6387,3762.28,172.796,1067.42,-0.00117504,-0.0115668,-15.2607,5630.08,150.803,-2260.26,0.00149654,0.0193126,-17.1423,3874.96,202.446,269.316,0.00188799,-0.00244903,-14.767
6.979,45.5881,-16.5515,4.99158,-0.621595,2.33014,0.317954,-0.491089,-0.019939,0.00416552,2609.91,1,0.0613736,0,0.5,-0.284674,-0.262231,-0.0112408,0.0115382,-0.0468707,-0.0710137,-0.057255,-0.0818152,5484.29,-1258.31,-3746.01,-0.0016506,0.0413445,-17.5984,3753.03,395.966,1104.77,0.00105275,-0.0127961,-15.2902,5630.47,150.343,-2262.63,0.0014923,0.0193355,-17.1473,3874.57,164.905,215.218,0.00152382,-0.00193983,-14.7608
6.989,45.5587,-16.5939,4.99146,-0.621755,3.67172,0.679552,-0.490785,-0.0199489,0.00416752,2610.39,1,0.0613983,0,0.5,-0.284982,-0.262485,-0.0112366,0.011541,-0.046848,-0.0710229,-0.0572505,-0.0818249,5478.06,-1061.6,-3508.03,-0.000357942,0.0367331,-17.6383,3751.79,151.95,988.626,-0.00116602,-0.0106109,-15.257,5630.79,151.998,-2267.4,0.00150841,0.0193825,-17.143,3873.91,181.476,242.265,0.00168721,-0.00219807,-14.7657
6.999,45.529,-16.6361,4.99193,-0.621645,2.08706,0.607413,-0.490849,-0.0199494,0.00416784,2610.35,1,0.0613907,0,0.5,-0.284806,-0.262363,-0.0112405,0.0115371,-0.0468534,-0.0710306,-0.0572527,-0.0818264,5481.67,-1163.07,-3887.29,-0.000279513,0.0434282,-17.6169,3755.44,215.18,1139.74,-0.000950159,-0.0126047,-15.2739,5630.6,142.988,-2252.73,0.00142752,0.019237,-17.1455,3874.29,200.768,255.033,0.00185662,-0.00229981,-14.7635
7.009,45.4992,-16.6782,4.99287,-0.620043,2.22497,-0.0472779,-0.489666,-0.0199557,0.00416869,2610.44,1,0.06073,0,0.5,-0.284784,-0.262389,-0.0112407,0.0115368,-0.0468442,-0.0710385,-0.0572509,-0.0818328,5479.78,-1139.69,-3642.49,-0.000744425,0.0391519,-17.6304,3756.75,781.58,1218.19,0.00483841,-0.0151573,-15.2748,5630.94,132.091,-2252.65,0.00133535,0.0192389,-17.1442,3873.93,140.2,256.263,0.00136983,-0.0024339,-14.764
7.019,45.4691,-16.7202,4.99225,-0.621238,1.24981,0.199651,-0.491386,-0.0199527,0.00416953,2610.31,1,0.0612294,0,0.5,-0.284665,-0.262368,-0.0112387,0.0115408,-0.0468355,-0.0710375,-0.0572572,-0.0818293,5477.61,-694.726,-4227.81,0.00581866,0.0475342,-17.6412,3759.33,68.0875,1346.03,-0.00309873,-0.0144389,-15.2686,5631.31,105.342,-2276.99,0.00111091,0.0194935,-17.1441,3873.62,236.221,251.947,0.00212602,-0.00221264,-14.765
7.029,45.4389,-16.762,4.99178,-0.619812,1.91592,-0.482725,-0.488882,-0.019957,0.00416963,2610.34,1,0.0611008,0,0.5,-0.284789,-0.262375,-0.0112409,0.0115382,-0.046861,-0.0710241,-0.0572537,-0.0818393,5489.04,-1206.14,-3971.72,-0.000500664,0.0451128,-17.6266,3751.45,427.655,1656.91,-0.000176923,-0.0201601,-15.2751,5630.78,177.285,-2261.36,0.00172218,0.0193104,-17.1467,3874.5,77.5049,255.671,0.00081434,-0.00256944,-14.7635
7.039,45.4084,-16.8036,4.99184,-0.623238,3.92785,1.18509,-0.492486,-0.0199581,0.00417099,2610.24,1,0.0614093,0,0.5,-0.284748,-0.262446,-0.0112407,0.0115365,-0.0468038,-0.0710559,-0.0572562,-0.0818397,5463.63,-601.772,-3949.16,0.00562439,0.0419406,-17.6321,3759.97,-284.504,999.289,-0.00518831,-0.00866152,-15.258,5631.45,104.977,-2277.62,0.00110805,0.0194995,-17.1432,3873.61,229.421,234.074,0.00204612,-0.00203761,-14.7656
7.049,45.3778,-16.8451,4.99171,-0.620819,1.3576,0.376822,-0.490167,-0.0199469,0.00416987,2610.56,1,0.061553,0,0.5,-0.284404,-0.262225,-0.0112451,0.0115401,-0.0468951,-0.0709984,-0.0572645,-0.0818349,5497,-1435.86,-3776.56,-0.00339013,0.0425197,-17.5991,3748.14,337.388,1285.12,-7.26597e-05,-0.0148675,-15.2823,5630.41,182.386,-2273.39,0.00176736,0.0194322,-17.1495,3875.38,134.606,259.361,0.00132553,-0.00247955,-14.7634
7.059,45.3469,-16.8865,4.99219,-0.620633,2.62518,0.927512,-0.489544,-0.0199646,0.00417192,2610.49,1,0.0613938,0,0.5,-0.285202,-0.262649,-0.0112391,0.011536,-0.0468007,-0.0710543,-0.0572516,-0.081853,5465.95,-1115.65,-3708.1,-0.000324312,0.0402652,-17.6596,3757.32,143.296,1124.8,-0.00164512,-0.0121302,-15.2417,5629.85,145.409,-2242.15,0.00144634,0.0191312,-17.1422,3875.65,195.581,275.538,0.00184157,-0.00252826,-14.7689
7.069,45.3159,-16.9277,4.99254,-0.622224,1.6081,1.22601,-0.491834,-0.0199486,0.00417053,2610.44,1,0.0615062,0,0.5,-0.284495,-0.262277,-0.0112409,0.0115368,-0.0468467,-0.0710356,-0.0572641,-0.0818423,5477.87,-1266.34,-4043.14,-0.000906351,0.0469472,-17.5889,3756.83,104.752,1175.33,-0.00219468,-0.0125596,-15.2832,5630.19,147.233,-2273.58,0.00146824,0.0194494,-17.1478,3875.67,225.978,257.06,0.00205496,-0.00227967,-14.7638
7.079,45.2846,-16.9687,4.99222,-0.621317,2.43698,0.419321,-0.490293,-0.0199481,0.00417095,2611.12,1,0.0612444,0,0.5,-0.284563,-0.262339,-0.0112404,0.0115367,-0.0468637,-0.0710131,-0.0572642,-0.0818464,5485.29,-1154.02,-3713.29,-0.000697911,0.0403231,-17.6311,3748.93,436.248,1099.66,0.001498,-0.0128575,-15.2763,5629.61,182.628,-2326.76,0.00178482,0.0199835,-17.1454,3876.54,195.677,319.667,0.00189397,-0.00300891,-14.7655
7.089,45.2531,-17.0096,4.99207,-0.620909,2.00623,0.706467,-0.490186,-0.019955,0.00417205,2610.72,1,0.0614747,0,0.5,-0.284983,-0.262578,-0.0112408,0.0115369,-0.0468126,-0.0710415,-0.0572615,-0.0818524,5467.44,-1219.34,-3823.92,-0.00104645,0.0427158,-17.6409,3756.38,122.842,1139.32,-0.00189711,-0.0122159,-15.2584,5629.81,165.42,-2249.94,0.00161959,0.0192026,-17.1448,3876.21,226.586,252.354,0.00205138,-0.00222927,-14.7696
7.099,45.2215,-17.0504,4.99201,-0.621372,2.62457,0.587913,-0.490808,-0.0199495,0.004172,2610.5,1,0.0613683,0,0.5,-0.284892,-0.262472,-0.0112415,0.0115379,-0.0468177,-0.0710402,-0.0572676,-0.0818496,5466.76,-1327.84,-3697.46,-0.00248411,0.0409995,-17.6135,3756.38,160.38,1068.91,-0.00131022,-0.011553,-15.2714,5629.73,162.828,-2276.74,0.00160296,0.0194773,-17.1465,3876.06,175.597,248.461,0.00164936,-0.00227428,-14.7665
7.109,45.1896,-17.091,4.99168,-0.621108,2.58046,0.34409,-0.490438,-0.0199466,0.00417224,2610.65,1,0.06143,0,0.5,-0.284809,-0.262422,-0.0112411,0.0115382,-0.0468361,-0.0710304,-0.0572704,-0.0818498,5472.38,-1258.01,-3705.6,-0.00176159,0.0407781,-17.6146,3753.47,320.312,1130.24,0.000183865,-0.0128741,-15.2728,5629.34,197.532,-2269.83,0.00189726,0.0193925,-17.1467,3876.54,160.069,245.326,0.00152153,-0.00227083,-14.7662
7.119,45.1575,-17.1314,4.99203,-0.621482,2.54965,0.933411,-0.490701,-0.0199491,0.00417323,2610.61,1,0.0615258,0,0.5,-0.285012,-0.262547,-0.0112406,0.0115368,-0.0468254,-0.0710394,-0.0572714,-0.0818534,5468.29,-1243.71,-3738.96,-0.00152288,0.0413294,-17.6282,3755.53,99.8783,1067.89,-0.00192201,-0.011289,-15.2648,5629.5,166.321,-2261.17,0.00162904,0.0193176,-17.146,3876.27,197.835,252.964,0.00182959,-0.00228178,-14.7671
7.129,45.1253,-17.1717,4.99244,-0.621286,2.15574,0.672055,-0.490914,-0.0199449,0.00417336,2610.74,1,0.0613294,0,0.5,-0.284718,-0.262346,-0.0112396,0.011535,-0.0468611,-0.0710199,-0.0572733,-0.0818505,5480.8,-1228.79,-3713.02,-0.00144425,0.0406901,-17.609,3750.96,238.167,1061.57,-0.00048618,-0.0117815,-15.2784,5629.59,153.954,-2247.93,0.00152026,0.0191876,-17.1471,3876.32,173.886,256.208,0.00164529,-0.00236098,-14.765
7.139,45.0928,-17.2118,4.99231,-0.62159,2.50515,0.842032,-0.490734,-0.019956,0.0041755,2610.71,1,0.0613974,0,0.5,-0.285221,-0.262664,-0.0112411,0.0115364,-0.0468147,-0.0710527,-0.0572721,-0.0818595,5466.16,-1065.46,-3866.22,0.00067002,0.0427582,-17.6525,3758.47,202.78,1047.54,-0.000810171,-0.011464,-15.2624,5630.06,143.864,-2253.97,0.00143588,0.0192512,-17.1438,3875.12,209.05,265.946,0.00193505,-0.00240128,-14.7692
7.149,45.0601,-17.2517,4.9924,-0.622238,2.59108,0.881695,-0.491566,-0.0199511,0.00417613,2610.64,1,0.0613636,0,0.5,-0.284941,-0.262423,-0.011241,0.0115371,-0.0468457,-0.0710324,-0.0572789,-0.0818555,5475.18,-1217.35,-3829.15,-0.00100039,0.0427136,-17.6191,3755.05,244.447,1043.79,-0.000371176,-0.0115826,-15.2825,5629.18,123.934,-2201.09,0.00125234,0.018726,-17.1481,3873.21,196.709,177.198,0.00170831,-0.00150367,-14.765
7.159,45.0273,-17.2915,4.99258,-0.621075,2.44959,0.556235,-0.490271,-0.0199563,0.00417721,2610.32,1,0.0612104,0,0.5,-0.284892,-0.262443,-0.0112384,0.0115397,-0.0468599,-0.0710286,-0.0572779,-0.0818602,5484.29,-1231.47,-3667.39,-0.00158649,0.039904,-17.6273,3752.67,378.242,1159.13,0.000721322,-0.0134143,-15.27,5630.37,185.025,-2258.88,0.00178659,0.019283,-17.1473,3874.52,135.882,234.025,0.00131397,-0.00220016,-14.7666
7.169,44.9942,-17.3312,4.99205,-0.621622,2.14568,0.573304,-0.49085,-0.0199651,0.00417894,2610.63,1,0.0614941,0,0.5,-0.285099,-0.262508,-0.0112423,0.0115355,-0.046827,-0.0710481,-0.0572755,-0.081867,5474.73,-1268.09,-3809.29,-0.00157788,0.0425995,-17.6332,3756.73,229.847,1104.94,-0.000691933,-0.0122435,-15.2661,5631.73,147.945,-2268.85,0.00147385,0.0193954,-17.146,3873.13,208.534,262.928,0.00192812,-0.00237116,-14.7678
7.179,44.961,-17.3706,4.99288,-0.621631,0.423563,0.267502,-0.491025,-0.0199609,0.00417935,2610.56,1,0.0613333,0,0.5,-0.284675,-0.262292,-0.0112422,0.0115353,-0.0468646,-0.0710253,-0.0572812,-0.0818649,5488.66,-1261.69,-4155.77,-0.000513462,0.0490829,-17.6072,3751.76,340.615,1299.75,-7.89854e-05,-0.015049,-15.2792,5631.89,117.578,-2256.39,0.00121108,0.0192782,-17.1487,3872.93,221.925,264.928,0.00203613,-0.00237033,-14.7653
7.189,44.9275,-17.4099,4.99261,-0.621624,2.25638,0.841104,-0.49095,-0.0199696,0.00418095,2610.79,1,0.0613582,0,0.5,-0.284964,-0.262494,-0.0112416,0.0115348,-0.0468318,-0.0710428,-0.0572775,-0.0818728,5478.44,-1028.53,-3856.07,0.00100532,0.0422665,-17.6456,3754.6,287.829,1082.71,-2.46608e-05,-0.0121917,-15.2709,5632.03,136.433,-2262.32,0.00137371,0.0193319,-17.1453,3872.7,211.589,256.92,0.00194372,-0.00230251,-14.7683
7.199,44.8939,-17.4491,4.99313,-0.621461,1.60035,0.723478,-0.490978,-0.0199619,0.00418039,2610.71,1,0.0612242,0,0.5,-0.284403,-0.262159,-0.0112431,0.0115348,-0.0468905,-0.0710106,-0.0572834,-0.0818702,5498.6,-1136.22,-3755.12,-0.000399059,0.040811,-17.6085,3746.87,340.6,1085.09,0.000524075,-0.0124146,-15.2896,5631.76,144.637,-2273.37,0.0014457,0.0194427,-17.15,3873.19,162.252,238.816,0.00153297,-0.00219792,-14.7636
7.209,44.8601,-17.4881,4.99259,-0.62075,2.2507,0.60123,-0.489997,-0.0199796,0.00418255,2611.03,1,0.0612997,0,0.5,-0.285156,-0.262588,-0.0112414,0.0115354,-0.0468027,-0.0710586,-0.0572728,-0.0818856,5471.13,-993.604,-3749.15,0.00101754,0.0403504,-17.6718,3756.05,318.132,1091.69,0.000273028,-0.0123934,-15.2528,5631.48,138.8,-2263.06,0.00139461,0.0193406,-17.1444,3872.96,209.64,266.848,0.00194132,-0.00241114,-14.7704
7.219,44.8261,-17.5269,4.99258,-0.621898,3.88348,1.12648,-0.490953,-0.0199705,0.00418219,2611.07,1,0.0612056,0,0.5,-0.284818,-0.262386,-0.0112438,0.0115407,-0.0468079,-0.0710535,-0.0572814,-0.0818796,5470.75,-1252.63,-3475.23,-0.00229271,0.0370432,-17.6017,3757.5,284.543,1015.41,0.000127323,-0.0113768,-15.2842,5630.74,151.022,-2226.36,0.0014885,0.0189659,-17.1495,3874.81,137.215,265.742,0.00135698,-0.00254408,-14.7644
7.229,44.7919,-17.5655,4.99393,-0.622461,0.93261,2.38719,-0.491275,-0.0199646,0.00418209,2610.88,1,0.0616613,0,0.5,-0.284553,-0.2623,-0.0112393,0.0115321,-0.0468377,-0.0710328,-0.0572855,-0.08188,5478.53,-1209.07,-4138.1,-6.68922e-06,0.0485647,-17.6215,3751.76,132.869,1323.86,-0.00236405,-0.0144993,-15.2779,5630.3,175.796,-2259.86,0.00170724,0.0192974,-17.149,3875.02,184.934,285.172,0.00177084,-0.0026541,-14.7675
7.239,44.7575,-17.604,4.99291,-0.621214,2.41507,1.62563,-0.490304,-0.0199758,0.00418342,2610.88,1,0.0615451,0,0.5,-0.285293,-0.262656,-0.011243,0.011534,-0.0467757,-0.0710692,-0.0572761,-0.0818918,5458.88,-1075.09,-3750.24,0.000215884,0.0408656,-17.6684,3758.93,-7.77775,1118.59,-0.00313112,-0.011365,-15.2526,5630.47,159.503,-2261.76,0.00157121,0.0193231,-17.143,3874.65,217.95,258.397,0.00199359,-0.00230675,-14.7735
7.249,44.7229,-17.6423,4.99263,-0.621737,2.15412,0.874386,-0.491168,-0.019961,0.00418235,2610.68,1,0.0614321,0,0.5,-0.284653,-0.262341,-0.0112436,0.0115357,-0.0468371,-0.0710404,-0.0572872,-0.0818831,5477.7,-1375.47,-3757.75,-0.00281492,0.0421351,-17.5924,3754.89,275.269,1102.35,-0.000214623,-0.012382,-15.2873,5629.94,182.387,-2297.68,0.00177215,0.0196828,-17.1509,3875.17,193.643,263.807,0.00181026,-0.00240583,-14.7648
7.259,44.6881,-17.6804,4.99389,-0.620137,0.757558,0.923253,-0.489248,-0.0199606,0.0041829,2610.82,1,0.0612085,0,0.5,-0.284786,-0.262415,-0.0112378,0.0115328,-0.0468409,-0.0710298,-0.0572898,-0.0818826,5480.48,-1121.37,-3756.06,-0.000246642,0.0409484,-17.6356,3752.2,361.624,1087.81,0.000740039,-0.0124931,-15.2738,5629.59,157.913,-2259.58,0.00155681,0.0193045,-17.1475,3876.18,170.982,253.775,0.0016187,-0.00234051,-14.7681
7.269,44.6532,-17.7184,4.99387,-0.621384,1.42855,1.66457,-0.490876,-0.0199622,0.00418342,2610.81,1,0.0613622,0,0.5,-0.284819,-0.262434,-0.0112435,0.0115334,-0.0468324,-0.0710433,-0.0572872,-0.0818896,5474.87,-1061.74,-3909.31,0.000829362,0.0434154,-17.6328,3754.47,172.811,1159.53,-0.00145024,-0.0126731,-15.2716,5629.37,170.398,-2258.83,0.00166312,0.0192926,-17.1473,3875.96,194.012,237.784,0.00177895,-0.0021276,-14.7681
7.279,44.618,-17.7562,4.99278,-0.621402,1.88565,0.876256,-0.49073,-0.0199543,0.00418407,2610.84,1,0.0614482,0,0.5,-0.284582,-0.262371,-0.0112461,0.0115389,-0.0468541,-0.0710156,-0.0572975,-0.0818824,5481.78,-1175.89,-3822.13,-0.00061066,0.0423237,-17.6231,3750.63,251.694,1127.05,-0.000533493,-0.0126073,-15.28,5628.46,144.188,-2234.36,0.00143347,0.0190575,-17.1496,3875.73,184.832,238.357,0.00170883,-0.00214949,-14.7679
7.289,44.5827,-17.7938,4.99276,-0.621286,2.36328,0.979533,-0.490481,-0.0199626,0.00418518,2610.96,1,0.0614172,0,0.5,-0.285057,-0.262602,-0.0112426,0.0115351,-0.0468135,-0.0710436,-0.0572912,-0.0818916,5469.31,-1128.14,-3768.59,-0.000271421,0.0413101,-17.6504,3754.63,178.343,1073.55,-0.00113888,-0.011684,-15.2644,5629.57,148.871,-2254.36,0.00147885,0.019255,-17.1462,3875.75,206.064,259.497,0.0019028,-0.00233739,-14.7704
7.299,44.5472,-17.8313,4.99321,-0.621752,2.20998,1.01387,-0.491061,-0.0199575,0.0041853,2610.95,1,0.0612748,0,0.5,-0.284873,-0.262444,-0.0112432,0.0115339,-0.0468264,-0.07104,-0.0572969,-0.0818883,5472.36,-1283.2,-3757.16,-0.00187519,0.0417755,-17.616,3755.04,223.72,1043.6,-0.000583013,-0.0115063,-15.2776,5630.04,152.292,-2284.88,0.00151478,0.0195635,-17.1493,3875.72,190.301,265.454,0.0017872,-0.00242945,-14.768
7.309,44.5115,-17.8685,4.99327,-0.621473,2.03099,1.78376,-0.490477,-0.0199609,0.00418638,2610.81,1,0.0615749,0,0.5,-0.285121,-0.262602,-0.0112439,0.0115333,-0.0468109,-0.0710537,-0.057297,-0.0818925,5467.47,-1303.44,-3735.38,-0.00213618,0.0415402,-17.634,3757.51,-19.4538,1157.83,-0.00336557,-0.0117682,-15.2615,5629.97,181.294,-2257.55,0.00175567,0.0192725,-17.1474,3875.4,208.714,251.853,0.00191323,-0.00225218,-14.77
7.319,44.4756,-17.9056,4.99301,-0.621768,3.04217,0.746078,-0.491212,-0.0199541,0.00418653,2610.81,1,0.061115,0,0.5,-0.284741,-0.262343,-0.0112423,0.0115361,-0.0468457,-0.0710318,-0.0573021,-0.0818884,5478.51,-1200.91,-3612.97,-0.00143236,0.038942,-17.6087,3753.61,322.332,1046.39,0.000436691,-0.0118726,-15.2854,5629.64,155.421,-2276.24,0.00153853,0.0194754,-17.1497,3875.1,118.874,235.027,0.00117143,-0.00224879,-14.7653
7.329,44.4395,-17.9425,4.99313,-0.621554,2.24236,1.03497,-0.490719,-0.0199603,0.00418827,2611,1,0.0613385,0,0.5,-0.285037,-0.262533,-0.0112434,0.0115342,-0.0468259,-0.0710409,-0.0573004,-0.081893,5473.18,-1075.78,-3815.91,0.000402715,0.0418451,-17.6437,3755.19,251.136,1095.73,-0.00044638,-0.0122172,-15.2676,5629.98,150.166,-2259.12,0.00149067,0.0193015,-17.1477,3874.73,192.348,257.418,0.00179307,-0.00233993,-14.7691
7.339,44.4033,-17.9793,4.99299,-0.622344,2.43778,1.08371,-0.491474,-0.0199588,0.00418905,2611.12,1,0.0613797,0,0.5,-0.284968,-0.262494,-0.0112425,0.0115358,-0.046836,-0.071035,-0.0573046,-0.0818921,5476.87,-1234.43,-3817.8,-0.00120625,0.0425721,-17.6231,3754.97,211.152,1013.09,-0.00062766,-0.011107,-15.2839,5630.52,150.686,-2265.26,0.00149628,0.0193621,-17.1497,3874.24,201.627,252.189,0.00185913,-0.00226815,-14.7674
7.349,44.3669,-18.0159,4.99311,-0.621083,1.23448,0.507024,-0.490215,-0.0199621,0.00418985,2610.88,1,0.0613872,0,0.5,-0.284901,-0.262419,-0.0112464,0.011533,-0.0468519,-0.0710284,-0.0573039,-0.081896,5484.83,-1345.72,-3939.73,-0.00203789,0.0452468,-17.6145,3751.3,413.44,1247.4,0.000855574,-0.0146335,-15.2771,5630.71,189.952,-2254.49,0.00182796,0.0192347,-17.1504,3874.28,127.125,257.169,0.00126116,-0.00247314,-14.7686
7.359,44.3303,-18.0522,4.99334,-0.622117,2.24155,1.07441,-0.491546,-0.0199638,0.00419105,2610.95,1,0.0612823,0,0.5,-0.284854,-0.262442,-0.0112435,0.0115346,-0.0468341,-0.0710403,-0.0573064,-0.0818971,5478.48,-964.07,-3918.05,0.00186204,0.0430528,-17.6339,3755.62,180.386,1098.69,-0.00119358,-0.0119826,-15.2737,5631.22,128.231,-2270.32,0.00130542,0.0194191,-17.1484,3873.54,206.191,249.331,0.0018909,-0.00223067,-14.7677
7.369,44.2935,-18.0884,4.99327,-0.621655,1.12016,0.698317,-0.490642,-0.0199613,0.00419116,2610.99,1,0.0614156,0,0.5,-0.284698,-0.262286,-0.0112439,0.0115332,-0.0468681,-0.0710181,-0.0573093,-0.0818973,5491.98,-1430.3,-4048.96,-0.00265247,0.0477328,-17.6177,3749.93,420.6,1352.02,0.00064249,-0.0160072,-15.2829,5631.33,174.539,-2195.04,0.00168162,0.0186379,-17.1507,3874.31,167.073,264.544,0.00160214,-0.00246636,-14.7679
7.379,44.2565,-18.1245,4.99317,-0.621169,2.32857,0.724914,-0.490576,-0.0199695,0.00419279,2611.03,1,0.0612298,0,0.5,-0.284997,-0.262534,-0.0112431,0.0115361,-0.0468115,-0.0710474,-0.0573057,-0.0819051,5473.65,-1035.33,-3799.33,0.000755857,0.0413657,-17.6456,3756.37,176.658,1120.81,-0.00129379,-0.0122248,-15.2626,5631.36,130.95,-2259.31,0.00132637,0.0193055,-17.1478,3873.72,254.76,269.316,0.0022946,-0.00236719,-14.7705
7.389,44.2194,-18.1603,4.99381,-0.621236,3.08049,1.34731,-0.490301,-0.0199622,0.00419225,2611.13,1,0.0610334,0,0.5,-0.28468,-0.262306,-0.0112413,0.0115405,-0.0468389,-0.0710336,-0.0573123,-0.0819025,5480.77,-1139.72,-3423.14,-0.00133709,0.0357357,-17.6128,3753.71,389.522,1034.2,0.001175,-0.0119173,-15.2891,5630.38,198.566,-2255.25,0.00189938,0.0192394,-17.1527,3874.4,76.9312,228.053,0.000797704,-0.00226936,-14.7682
7.399,44.1821,-18.196,4.99306,-0.6223,3.17243,1.5296,-0.491274,-0.0199675,0.00419343,2611.17,1,0.0613932,0,0.5,-0.284999,-0.26254,-0.0112433,0.0115342,-0.0468005,-0.0710537,-0.057308,-0.0819081,5467.31,-997.378,-3813.73,0.00118643,0.0415032,-17.6492,3758.35,110.768,1084.8,-0.00186137,-0.0115226,-15.265,5630.54,150.562,-2255.42,0.00149271,0.0192618,-17.1476,3874.59,191.574,259.097,0.00179011,-0.0023594,-14.7716
7.409,44.1446,-18.2315,4.99277,-0.62108,2.63771,1.06739,-0.490025,-0.0199727,0.00419443,2610.98,1,0.061485,0,0.5,-0.285534,-0.26271,-0.0112423,0.0115335,-0.0467714,-0.0710653,-0.0573056,-0.0819135,5458.26,-1589.5,-3537.32,-0.00547812,0.0394594,-17.6372,3759.98,326.037,1066.68,0.00042191,-0.0121059,-15.2699,5630.61,189.65,-2251.28,0.00182495,0.0192026,-17.1489,3874.22,127.571,249.477,0.00125784,-0.00238774,-14.771
7.419,44.1069,-18.2667,4.99475,-0.621128,-1.14843,-0.829905,-0.491657,-0.0199532,0.00419306,2610.81,1,0.0607812,0,0.5,-0.284351,-0.26219,-0.0112472,0.0115338,-0.0468587,-0.0710183,-0.057319,-0.0819016,5488.42,-819.035,-4476.51,0.00557441,0.0536298,-17.5923,3753.49,313.306,1415.04,-0.000718515,-0.0164142,-15.2931,5630.85,78.1889,-2280.82,0.000879248,0.0195406,-17.1522,3874.32,248.734,244.459,0.00220958,-0.00211891,-14.7644
7.429,44.0691,-18.3019,4.99246,-0.620896,2.12626,0.865255,-0.489582,-0.0199663,0.00419461,2611.3,1,0.0616574,0,0.5,-0.285111,-0.262594,-0.0112442,0.0115334,-0.0468269,-0.0710354,-0.057311,-0.0819137,5477.53,-1313.1,-3755.15,-0.00218855,0.0418181,-17.6576,3752.2,153.118,1253.68,-0.0019342,-0.0137278,-15.2497,5630.56,213.791,-2250.34,0.00203095,0.0191809,-17.1492,3875.4,189.868,267.111,0.00178545,-0.00244832,-14.7735
7.439,44.0311,-18.3368,4.99392,-0.622355,2.00805,1.20463,-0.492003,-0.0199579,0.00419465,2610.17,1,0.0611974,0,0.5,-0.284557,-0.262313,-0.011245,0.0115339,-0.0468426,-0.0710272,-0.0573189,-0.0819072,5479.76,-989.949,-3941.63,0.00166884,0.043592,-17.6144,3753.58,197.459,1066.01,-0.000923044,-0.0116742,-15.2892,5630.48,124.13,-2278.23,0.00127227,0.0195037,-17.1513,3874.86,193.799,239.305,0.0017805,-0.00214458,-14.7677
7.449,43.9929,-18.3715,4.99316,-0.620997,1.88192,1.35264,-0.48977,-0.0199665,0.00419585,2611.42,1,0.0616193,0,0.5,-0.2851,-0.262583,-0.0112442,0.0115336,-0.0468223,-0.0710383,-0.0573136,-0.0819159,5475.24,-1320.82,-3744.41,-0.00229478,0.0416899,-17.6482,3752.41,209.886,1145.43,-0.0010222,-0.0126619,-15.2623,5629.44,193.927,-2212.48,0.00184987,0.0188108,-17.1502,3875.96,163.641,298.776,0.00160836,-0.00284797,-14.7721
7.459,43.9545,-18.4061,4.99422,-0.622291,1.95899,1.29467,-0.49172,-0.0199595,0.00419552,2611.02,1,0.0611184,0,0.5,-0.284578,-0.262346,-0.0112439,0.0115326,-0.0468427,-0.0710378,-0.0573201,-0.0819091,5480.52,-1001.61,-3985.36,0.0016942,0.0444455,-17.6138,3756.24,214.647,1168.91,-0.00103966,-0.012948,-15.2837,5630.05,106.453,-2198.39,0.00110518,0.0187014,-17.152,3874.7,169.262,181.794,0.00151186,-0.00158404,-14.7684
7.469,43.916,-18.4404,4.99326,-0.621545,2.34405,1.0232,-0.490712,-0.019964,0.00419681,2611,1,0.0613668,0,0.5,-0.284924,-0.262469,-0.0112449,0.0115338,-0.0468278,-0.0710342,-0.0573189,-0.0819153,5476.89,-1062.73,-3814,0.000521966,0.0417112,-17.6502,3754.04,317.669,1139.78,0.000130163,-0.012979,-15.2721,5630.43,156.502,-2259.4,0.00154467,0.0193003,-17.1496,3874.57,191.721,254.233,0.00178427,-0.00230707,-14.7707
7.479,43.8773,-18.4746,4.99348,-0.621156,3.23927,1.20641,-0.48998,-0.0199673,0.00419725,2611.74,1,0.0611315,0,0.5,-0.285036,-0.262499,-0.0112447,0.0115338,-0.0468172,-0.0710452,-0.0573185,-0.0819184,5474.6,-1390.34,-3613.71,-0.0033186,0.0397696,-17.6203,3756.67,405.16,1293.03,0.000638176,-0.0151657,-15.2754,5629.01,144.411,-2113.38,0.00140759,0.0178429,-17.1543,3873.4,71.6063,150.417,0.000704402,-0.0014386,-14.7725
7.489,43.8385,-18.5086,4.99388,-0.622488,2.11632,1.4176,-0.491925,-0.0199626,0.00419762,2611.17,1,0.0613046,0,0.5,-0.284729,-0.262382,-0.0112459,0.0115323,-0.046828,-0.0710374,-0.057324,-0.0819151,5475.57,-1014.65,-3907.38,0.00131031,0.0431427,-17.6234,3755.14,150.754,1044.39,-0.00134115,-0.0112345,-15.2832,5631.08,134.619,-2274.32,0.00136095,0.0194583,-17.1509,3873.8,200.735,246.502,0.00184458,-0.00220964,-14.768
7.499,43.7995,-18.5424,4.993,-0.620822,4.15591,1.4691,-0.490001,-0.0199706,0.00419849,2611.49,1,0.0612496,0,0.5,-0.285201,-0.262575,-0.0112436,0.0115328,-0.0468243,-0.071035,-0.0573192,-0.0819236,5477.15,-1582.54,-2942.07,-0.00647454,0.0303794,-17.6265,3751.65,396.9,1018.29,0.00129502,-0.0117512,-15.2753,5632.54,120.965,-2291.09,0.00125112,0.0196289,-17.1522,3872.32,152.375,175.74,0.00137246,-0.00154799,-14.7698
7.509,43.7603,-18.576,4.99418,-0.622727,2.52791,1.30787,-0.492577,-0.019968,0.00419914,2611.14,1,0.0610533,0,0.5,-0.284855,-0.262464,-0.0112449,0.0115335,-0.0468048,-0.0710498,-0.0573248,-0.08192,5468.45,-739.794,-3974.52,0.00435223,0.0430484,-17.6308,3758.4,70.2363,1021.32,-0.00208314,-0.0106183,-15.2788,5631.82,88.5392,-2285.2,0.000968999,0.0195797,-17.1495,3873.07,208.741,234.411,0.00188911,-0.0020704,-14.7687
7.519,43.7209,-18.6094,4.99363,-0.621019,1.76212,1.11219,-0.4899,-0.0199669,0.0041991,2611.43,1,0.0614167,0,0.5,-0.284916,-0.262409,-0.0112445,0.0115329,-0.0468533,-0.0710166,-0.0573268,-0.0819215,5486.27,-1392.35,-3572.21,-0.00342891,0.0389808,-17.6289,3747.77,388.403,1100.62,0.0009892,-0.0127421,-15.281,5630.59,136.497,-2196.31,0.00135944,0.0186688,-17.1554,3872.9,127.831,166.754,0.00117355,-0.00149542,-14.7721
7.529,43.6814,-18.6426,4.994,-0.622134,2.01363,1.36623,-0.491367,-0.0199745,0.00420015,2611.3,1,0.0612878,0,0.5,-0.284961,-0.262542,-0.0112447,0.0115314,-0.0468131,-0.0710493,-0.0573233,-0.0819275,5474.15,-985.949,-3915.64,0.00163524,0.0431662,-17.6392,3756.34,101.683,1075.8,-0.00192774,-0.0113851,-15.27,5631.42,124.799,-2264.99,0.00127523,0.0193652,-17.1496,3873.4,207.481,253.993,0.00190732,-0.00227792,-14.7708
7.539,43.6417,-18.6756,4.99391,-0.621712,0.991191,0.687498,-0.490849,-0.0199714,0.00420011,2611.35,1,0.0613406,0,0.5,-0.28482,-0.262333,-0.0112452,0.0115338,-0.0468438,-0.0710279,-0.0573261,-0.0819272,5484.46,-1444.05,-3925.81,-0.00310998,0.045465,-17.6264,3751.1,538.36,1183.38,0.00236467,-0.0141675,-15.2863,5631.34,139.517,-2238.72,0.0013944,0.0190934,-17.1527,3873.12,208.556,246.255,0.00190517,-0.00219468,-14.7696
7.549,43.6019,-18.7084,4.9936,-0.623443,2.98682,1.94686,-0.492029,-0.0199747,0.00420082,2611.28,1,0.0614273,0,0.5,-0.284894,-0.262546,-0.011245,0.0115325,-0.0468263,-0.0710405,-0.0573248,-0.081931,5478.2,-1081.87,-3917.85,0.000651702,0.0436303,-17.6375,3752.65,38.3921,1114.18,-0.00267427,-0.0115533,-15.2672,5631.6,148.135,-2265.99,0.00147445,0.0193666,-17.1504,3873.33,202.129,255.405,0.00186791,-0.00230195,-14.7711
7.559,43.5619,-18.741,4.99375,-0.621287,1.77884,1.25666,-0.49053,-0.019977,0.00420123,2611.63,1,0.0614412,0,0.5,-0.285082,-0.262513,-0.0112454,0.0115349,-0.0468109,-0.0710474,-0.0573237,-0.0819344,5474.84,-1290.37,-3717.97,-0.00204789,0.0411051,-17.6409,3754.83,211.247,1058.93,-0.000756597,-0.0116397,-15.2755,5631.41,171.903,-2264.31,0.00167674,0.0193406,-17.1516,3873.57,199.966,257.064,0.00185301,-0.00232324,-14.7715
7.569,43.5217,-18.7735,4.99409,-0.622549,2.77744,1.77559,-0.491835,-0.0199714,0.00420107,2611.3,1,0.0612276,0,0.5,-0.284715,-0.262396,-0.0112479,0.0115266,-0.0468279,-0.0710411,-0.0573295,-0.0819314,5477.91,-1071.39,-3736.14,0.000203263,0.0404154,-17.6238,3753.65,193.321,1021.2,-0.000838397,-0.0111385,-15.2811,5631.91,145.154,-2263.19,0.00144871,0.0193381,-17.152,3873.86,178.582,238.549,0.00166172,-0.00216368,-14.7692
7.579,43.4814,-18.8057,4.99375,-0.621275,2.70618,2.30152,-0.489585,-0.0199775,0.0042018,2611.31,1,0.0615894,0,0.5,-0.285206,-0.26258,-0.0112451,0.01153,-0.0468101,-0.0710473,-0.0573248,-0.0819396,5473.75,-1674.64,-3380.52,-0.00659846,0.0370799,-17.628,3752.06,262.896,1121.16,-0.000393424,-0.0125725,-15.2705,5630.71,219.693,-2259.76,0.00208172,0.0192733,-17.1532,3874.32,160.958,258.513,0.0015432,-0.00241339,-14.7698
7.589,43.4409,-18.8377,4.99508,-0.62213,1.1816,1.80576,-0.492046,-0.0199677,0.00420153,2611.28,1,0.0612273,0,0.5,-0.284657,-0.262341,-0.0112473,0.0115304,-0.046814,-0.0710468,-0.0573325,-0.0819322,5472.09,-967.113,-3970.15,0.00200887,0.0440888,-17.6185,3757.05,101.048,1051.52,-0.00186399,-0.011102,-15.2863,5630.76,119.186,-2277.74,0.00122935,0.0194992,-17.1517,3874.44,196.998,246.87,0.00181655,-0.00221948,-14.7692
7.599,43.4003,-18.8696,4.99352,-0.620255,1.89466,0.757287,-0.489517,-0.0199604,0.00420116,2611.32,1,0.061378,0,0.5,-0.284495,-0.262274,-0.0112534,0.0115363,-0.0468658,-0.0710041,-0.0573357,-0.0819307,5491.54,-1554.2,-3372.38,-0.00543459,0.0363678,-17.6124,3744.95,341.352,1108.98,0.000467947,-0.012713,-15.2822,5629.82,211.066,-2256.28,0.00200898,0.0192455,-17.1559,3875.7,105.518,243.848,0.00106246,-0.00237593,-14.7699
7.609,43.3595,-18.9012,4.99467,-0.621417,1.6449,1.57061,-0.490815,-0.0199676,0.00420208,2611.4,1,0.0612254,0,0.5,-0.284883,-0.262507,-0.0112478,0.0115302,-0.0468053,-0.0710488,-0.0573303,-0.0819384,5469.39,-973.474,-3894.58,0.00168313,0.0427819,-17.656,3756.14,148.254,1111.47,-0.00155715,-0.011999,-15.2656,5629.48,130.417,-2260.97,0.00132276,0.0193291,-17.1488,3875.56,199.383,257.556,0.00184834,-0.00232838,-14.7727
7.619,43.3186,-18.9327,4.99381,-0.621011,1.83425,0.908483,-0.490613,-0.0199564,0.00420165,2611.49,1,0.0613287,0,0.5,-0.284678,-0.262352,-0.0112483,0.0115387,-0.046825,-0.071029,-0.0573389,-0.0819318,5474.81,-1347.09,-3698.45,-0.00268109,0.0410136,-17.6149,3754.28,267.937,1085.08,-0.000240084,-0.0121533,-15.2852,5628.97,163.578,-2272.66,0.00160802,0.0194379,-17.1591,3876.43,179.778,240.735,0.00167315,-0.0021835,-14.7634
7.629,43.2775,-18.9639,4.9943,-0.621521,1.79135,0.965963,-0.490839,-0.019953,0.00420149,2611.86,1,0.0611653,0,0.5,-0.28466,-0.262407,-0.0112467,0.0115336,-0.0468321,-0.0710315,-0.0573406,-0.081932,5476.25,-1138.49,-3883.96,-4.13718e-05,0.0433119,-17.6353,3754.69,271.856,1155.56,-0.000397202,-0.0130088,-15.2768,5628.72,158.898,-2319.73,0.00158012,0.0199238,-17.1515,3877.16,187.65,307.524,0.001815,-0.00289174,-14.7719
7.639,43.2362,-18.9949,4.99415,-0.621222,2.10655,1.25047,-0.490757,-0.0199532,0.00420189,2611.6,1,0.0612422,0,0.5,-0.284993,-0.262505,-0.011253,0.0115243,-0.0468106,-0.071045,-0.0573423,-0.081932,5466.98,-1102.86,-3746.52,-8.16011e-05,0.0408437,-17.6488,3757.82,224.681,1027.38,-0.000526576,-0.0113128,-15.2736,5628.7,128.318,-2238.65,0.00129978,0.0191057,-17.1521,3876.17,179.955,231.116,0.00166079,-0.00208097,-14.7732
7.649,43.1948,-19.0258,4.99436,-0.622029,2.13866,1.35516,-0.491422,-0.0199438,0.00420161,2611.51,1,0.0611818,0,0.5,-0.284625,-0.262341,-0.0112472,0.0115329,-0.0468463,-0.0710278,-0.0573499,-0.0819269,5476.19,-1160.72,-3800.85,-0.000512185,0.0419421,-17.6187,3754.55,241.147,1071.84,-0.000483935,-0.0119015,-15.2853,5628.82,147.588,-2271.3,0.00147156,0.0194307,-17.1538,3876.69,176.766,244.587,0.00165367,-0.00223014,-14.7701
7.659,43.1533,-19.0564,4.99398,-0.621086,0.963912,0.538324,-0.490165,-0.0199453,0.00420202,2611.43,1,0.0613958,0,0.5,-0.284784,-0.262399,-0.0112475,0.0115329,-0.0468541,-0.0710253,-0.0573494,-0.0819303,5480.8,-1355.85,-3965.73,-0.00208369,0.0458459,-17.6313,3752.75,331.708,1150.97,0.000249177,-0.0131661,-15.2762,5627.87,159.464,-2190.26,0.00155133,0.018608,-17.1541,3877.84,182.894,325.58,0.00179717,-0.00310048,-14.7715
7.669,43.1116,-19.0868,4.99532,-0.620624,0.696947,1.59985,-0.490016,-0.0199472,0.0042029,2611.58,1,0.0612589,0,0.5,-0.284966,-0.262465,-0.0112477,0.0115269,-0.0468183,-0.0710475,-0.0573511,-0.081929,5467.23,-1025.77,-3835.62,0.000969635,0.0420177,-17.6397,3757.91,144.163,1069.77,-0.00147858,-0.0114917,-15.2721,5628.77,140.935,-2269.52,0.00141418,0.0194152,-17.1512,3876.14,206.619,257.776,0.00190463,-0.00231795,-14.7726
7.679,43.0697,-19.117,4.99433,-0.621918,2.28639,1.389,-0.49133,-0.0199436,0.00420341,2611.39,1,0.0611948,0,0.5,-0.284881,-0.26244,-0.011247,0.0115335,-0.0468329,-0.0710342,-0.0573545,-0.081927,5471.31,-1092.48,-3764.35,7.94373e-05,0.0410546,-17.6313,3756.6,237.035,975.481,-0.000256791,-0.0107597,-15.2856,5628.97,145.081,-2262.43,0.0014479,0.0193407,-17.1513,3875.7,170.832,236.475,0.00159694,-0.0021549,-14.7707
7.689,43.0277,-19.147,4.9943,-0.621606,2.14748,1.36435,-0.490723,-0.019949,0.00420464,2611.81,1,0.0612457,0,0.5,-0.285154,-0.26258,-0.0112478,0.0115324,-0.0468218,-0.0710382,-0.0573529,-0.0819311,5468.9,-1204.74,-3765.67,-0.00104773,0.0416106,-17.6477,3756.61,326.201,1043.63,0.000487228,-0.0118422,-15.2754,5629.54,149.171,-2270.11,0.00148519,0.0194156,-17.1513,3875.13,200.595,266.596,0.00186974,-0.00242312,-14.7732
7.699,42.9856,-19.1768,4.99413,-0.622153,2.14079,1.20979,-0.491592,-0.019946,0.00420487,2611.41,1,0.0612678,0,0.5,-0.284797,-0.262407,-0.0112466,0.0115341,-0.0468581,-0.0710221,-0.0573581,-0.0819281,5481.39,-1245.86,-3787.02,-0.00141078,0.0420316,-17.6171,3754.02,223.436,1070.84,-0.000664621,-0.011827,-15.2842,5630.32,150.72,-2272.33,0.00149861,0.0194348,-17.1535,3874.45,186.126,240.601,0.00172258,-0.00217173,-14.7707
7.709,42.9433,-19.2064,4.99485,-0.620322,0.685832,0.963987,-0.489226,-0.0199534,0.004206,2611.56,1,0.061292,0,0.5,-0.284866,-0.262395,-0.0112522,0.0115284,-0.0468579,-0.0710214,-0.0573555,-0.0819341,5485.34,-1232.46,-3706.91,-0.00149617,0.040557,-17.6325,3750.09,300.038,1120.04,3.03997e-07,-0.0126949,-15.2802,5629.85,157.508,-2268.86,0.0015551,0.0193984,-17.1552,3874.24,177.281,243.508,0.00165761,-0.00221893,-14.7731
7.719,42.9008,-19.2358,4.99434,-0.62218,2.20011,1.56375,-0.491659,-0.0199589,0.00420739,2611.53,1,0.0612877,0,0.5,-0.284933,-0.262491,-0.0112473,0.0115327,-0.0468241,-0.0710419,-0.057356,-0.0819358,5473.42,-898.963,-3906.2,0.00248621,0.0425771,-17.6417,3756.85,28.9482,1087.16,-0.00268294,-0.0111849,-15.272,5631.78,140.579,-2279.91,0.00141355,0.0195108,-17.1524,3872.66,205.154,243.957,0.00187538,-0.00217616,-14.7721
7.729,42.8582,-19.265,4.99426,-0.621655,0.873316,0.709715,-0.490459,-0.0199576,0.00420719,2611.52,1,0.0614078,0,0.5,-0.284679,-0.262293,-0.0112476,0.0115303,-0.0468702,-0.0710111,-0.0573584,-0.0819376,5492.87,-1442.3,-3907.89,-0.00314131,0.045009,-17.6091,3748.12,374.949,1214.07,0.00053525,-0.0141035,-15.2896,5631.77,149.324,-2243.97,0.00147899,0.0191416,-17.156,3872.64,170.774,197.875,0.00154478,-0.0017486,-14.7697
7.739,42.8155,-19.294,4.99447,-0.621731,1.62058,1.24771,-0.491072,-0.0199701,0.00420945,2611.74,1,0.0612983,0,0.5,-0.285168,-0.262717,-0.0112463,0.0115327,-0.0467888,-0.0710618,-0.0573527,-0.0819448,5465.34,-1043.15,-3976.76,0.00125643,0.044677,-17.6549,3761.4,263.741,997.394,-3.62908e-05,-0.0110879,-15.2779,5632.49,116.52,-2263.56,0.00120404,0.0193493,-17.1501,3871.95,222.813,264.604,0.00204179,-0.00236604,-14.7747
7.749,42.7726,-19.3227,4.99429,-0.621154,3.11804,1.06427,-0.490428,-0.0199574,0.00420777,2611.79,1,0.0609409,0,0.5,-0.284355,-0.262119,-0.0112471,0.0115308,-0.0468815,-0.0710105,-0.0573597,-0.0819361,5497.6,-1361.61,-3433.59,-0.00344501,0.0365705,-17.5916,3748.46,513.429,1090.69,0.00232761,-0.012937,-15.3163,5632.21,189.153,-2300.87,0.00183307,0.0197044,-17.1564,3872.85,74.394,195.672,0.000758602,-0.00192324,-14.7686
7.759,42.7296,-19.3513,4.99461,-0.620876,1.38565,1.09861,-0.490137,-0.0199719,0.00421035,2611.66,1,0.0612796,0,0.5,-0.285017,-0.262526,-0.011247,0.0115318,-0.0468051,-0.0710412,-0.0573513,-0.081951,5472.15,-922.665,-3884.17,0.00216164,0.0423185,-17.6682,3754.16,220.32,1168.09,-0.000977447,-0.0129675,-15.2584,5631.72,125.399,-2252.37,0.0012777,0.0192355,-17.1491,3872.65,210.14,247.871,0.0019191,-0.0022094,-14.7771
7.769,42.6865,-19.3796,4.99445,-0.621345,0.668961,0.423042,-0.491147,-0.0199618,0.00420934,2611.68,1,0.0613283,0,0.5,-0.28446,-0.262311,-0.0112491,0.011537,-0.0468359,-0.0710277,-0.0573596,-0.0819429,5483.1,-1221.95,-4025.39,-0.000490118,0.0462993,-17.6099,3754.38,140.906,1187.67,-0.00186466,-0.0128734,-15.2841,5631.81,146.607,-2268.41,0.00146224,0.0193911,-17.1562,3873.45,199.465,242.248,0.00182977,-0.00216698,-14.7713
7.779,42.6432,-19.4078,4.99477,-0.620241,2.12773,1.31203,-0.489661,-0.0199612,0.00420932,2611.42,1,0.0610845,0,0.5,-0.284541,-0.262258,-0.0112519,0.0115362,-0.0468538,-0.0710099,-0.0573578,-0.0819479,5488.75,-1266.19,-3532.48,-0.00229052,0.0378245,-17.6336,3747.23,452.416,1178.93,0.00145834,-0.0138987,-15.2859,5630.32,149.692,-2144.88,0.00145865,0.0181496,-17.1542,3874.86,131.124,290.427,0.00132175,-0.00283013,-14.7718
7.789,42.5998,-19.4357,4.99495,-0.621127,2.78977,1.11624,-0.490831,-0.0199674,0.00421001,2611.97,1,0.0607784,0,0.5,-0.284854,-0.262497,-0.0112489,0.0115324,-0.0467981,-0.0710455,-0.0573537,-0.0819538,5468.03,-778.206,-3588.23,0.00260812,0.0368476,-17.6541,3755.19,224.649,928.95,-0.000252105,-0.0101895,-15.2683,5631.71,101.503,-2295.41,0.00108351,0.0196814,-17.1512,3873.36,237.206,245.738,0.00212175,-0.0021473,-14.775
7.799,42.5562,-19.4634,4.99439,-0.621717,2.23374,1.38125,-0.491151,-0.019958,0.00420929,2611.79,1,0.0612422,0,0.5,-0.284605,-0.262332,-0.0112487,0.0115335,-0.0468274,-0.0710298,-0.0573599,-0.0819494,5475.85,-1215.34,-3739.79,-0.00124185,0.0411371,-17.6232,3753.61,272.559,1087.03,-0.000198074,-0.0121946,-15.2894,5630.46,155.303,-2277.62,0.00153859,0.0194866,-17.1553,3875.06,185.092,246.616,0.00172243,-0.00223737,-14.7722
7.809,42.5125,-19.4909,4.99469,-0.621125,1.55558,1.15243,-0.490545,-0.0199599,0.00420984,2611.71,1,0.0612444,0,0.5,-0.284879,-0.262461,-0.0112471,0.0115329,-0.0468059,-0.0710414,-0.0573577,-0.0819538,5469.15,-1095.43,-3926.27,0.000536454,0.043956,-17.6462,3756.56,263.455,1229.47,-0.000702421,-0.013869,-15.2741,5629.76,149.959,-2271.49,0.00149163,0.0194285,-17.1535,3875.77,171.923,256.317,0.00162996,-0.00236636,-14.7744
7.819,42.4687,-19.5182,4.99493,-0.621434,1.15816,1.52692,-0.490693,-0.0199535,0.00420955,2612.08,1,0.0613772,0,0.5,-0.284724,-0.262376,-0.0112462,0.0115309,-0.0468292,-0.0710315,-0.0573632,-0.0819495,5475.4,-1363.19,-3929.41,-0.00225428,0.0452508,-17.6175,3754.84,192.603,1299.09,-0.00166094,-0.0144448,-15.2799,5629.64,183.501,-2313.91,0.00178887,0.0198504,-17.1553,3876.5,187.123,341.9,0.00184679,-0.00327318,-14.7728
7.829,42.4247,-19.5452,4.99449,-0.621578,2.14497,1.59813,-0.490949,-0.019956,0.00421052,2611.81,1,0.0613081,0,0.5,-0.284946,-0.262479,-0.0112474,0.0115314,-0.0468107,-0.0710403,-0.0573615,-0.0819524,5468.12,-1024.44,-3820.15,0.00093315,0.0417326,-17.645,3756.52,202.565,1107.11,-0.000987276,-0.0121659,-15.2726,5629.3,132.955,-2256.84,0.00134347,0.0192868,-17.1525,3875.84,216.19,255.568,0.00197612,-0.00227908,-14.775
7.839,42.3806,-19.5721,4.99456,-0.62155,2.08696,1.68598,-0.490691,-0.0199533,0.00421064,2611.8,1,0.0613311,0,0.5,-0.284869,-0.262421,-0.011248,0.0115322,-0.0468387,-0.0710295,-0.0573647,-0.0819514,5477.26,-1390.03,-3659.36,-0.00320442,0.0405056,-17.6185,3753.66,257.918,1101.97,-0.000393807,-0.0123206,-15.282,5629.23,179.161,-2235.56,0.00173171,0.0190524,-17.1553,3875.73,158.065,240.098,0.00149963,-0.0022188,-14.7725
7.849,42.3364,-19.5987,4.99458,-0.621857,2.39773,1.59267,-0.49109,-0.019956,0.00421161,2611.78,1,0.0612119,0,0.5,-0.284892,-0.262435,-0.011248,0.0115321,-0.0468364,-0.071031,-0.057365,-0.0819528,5477.13,-1160.82,-3726.38,-0.000721841,0.0406565,-17.6309,3754.09,245.286,1105.55,-0.000536201,-0.0123163,-15.2773,5629.79,145.56,-2264.4,0.00145292,0.0193577,-17.1509,3875.17,197.558,248.098,0.00182134,-0.00223117,-14.7776
7.859,42.292,-19.6251,4.99472,-0.622036,2.0297,1.52448,-0.491351,-0.0199568,0.00421219,2611.72,1,0.0612435,0,0.5,-0.284823,-0.26242,-0.0112475,0.0115323,-0.0468452,-0.0710286,-0.0573668,-0.0819523,5480.84,-1135.78,-3807.58,-0.000234819,0.0418952,-17.632,3753.74,215.905,1089.5,-0.00079767,-0.0120189,-15.2814,5630.39,152.404,-2279.78,0.00151475,0.01951,-17.155,3874.43,193.133,256.425,0.00179829,-0.00232805,-14.7729
7.869,42.2475,-19.6513,4.99482,-0.62164,1.74091,1.38931,-0.490894,-0.0199617,0.00421313,2611.88,1,0.0612424,0,0.5,-0.284922,-0.262449,-0.0112482,0.0115314,-0.0468396,-0.0710318,-0.0573662,-0.0819555,5481.37,-1217.77,-3917.4,-0.000756038,0.0442465,-17.64,3754.87,344.28,1299.53,-3.84895e-05,-0.0150464,-15.2776,5630.7,146.436,-2255.24,0.00145788,0.0192609,-17.1547,3873.73,190.821,258.574,0.00178317,-0.00235568,-14.773
7.879,42.2029,-19.6773,4.99513,-0.621928,1.89803,2.01075,-0.491504,-0.0199665,0.00421413,2612.01,1,0.0612519,0,0.5,-0.284966,-0.262484,-0.0112485,0.0115309,-0.0468219,-0.0710402,-0.0573659,-0.0819577,5475.12,-1106.01,-3818.51,9.9711e-05,0.0420099,-17.6377,3756.06,286.083,1219.67,-0.000434587,-0.0138354,-15.279,5632.2,120.593,-2264.89,0.00124027,0.0193626,-17.1539,3870.55,95.7622,153.455,0.000904756,-0.00141806,-14.7739
7.889,42.1581,-19.703,4.99486,-0.622059,2.25381,1.78475,-0.491204,-0.0199668,0.0042143,2611.9,1,0.0612164,0,0.5,-0.284802,-0.262383,-0.0112504,0.0115298,-0.0468421,-0.0710322,-0.057368,-0.0819583,5482.7,-1151.19,-3613.24,-0.000938938,0.0387007,-17.6276,3752.06,216.333,949.038,-0.000396583,-0.0103986,-15.2853,5631.87,157.084,-2270.84,0.00155174,0.0194117,-17.1557,3872.45,174.705,242.522,0.00163641,-0.00221413,-14.7722
7.899,42.1133,-19.7285,4.99479,-0.622144,2.19632,1.993,-0.490994,-0.0199713,0.00421508,2611.96,1,0.0613232,0,0.5,-0.284814,-0.262411,-0.0112481,0.0115314,-0.0468385,-0.0710292,-0.0573669,-0.0819626,5483.21,-1153.47,-3711.35,-0.000696825,0.0403101,-17.6341,3750.32,139.182,1115.48,-0.00166776,-0.012027,-15.276,5631.67,163.342,-2238.95,0.0015973,0.0190853,-17.1551,3872.09,152.717,228.941,0.00144535,-0.00211101,-14.7735
7.909,42.0683,-19.7539,4.99524,-0.621509,1.35086,1.41984,-0.491551,-0.0199781,0.00421621,2611.86,1,0.0612161,0,0.5,-0.285022,-0.262547,-0.0112487,0.0115303,-0.0467888,-0.0710571,-0.0573646,-0.0819662,5467.55,-778.929,-3989.93,0.00401563,0.0435388,-17.661,3759.17,181.719,1091.41,-0.00115985,-0.0118911,-15.2776,5632.96,103.61,-2288.48,0.00109909,0.0196055,-17.1526,3871.21,203.217,235.966,0.00184911,-0.00209605,-14.7746
7.919,42.0231,-19.7789,4.99581,-0.621175,0.647903,1.27597,-0.490095,-0.0199695,0.00421474,2611.99,1,0.061157,0,0.5,-0.284468,-0.26219,-0.0112514,0.0115267,-0.0468714,-0.0710171,-0.0573702,-0.0819634,5494.66,-1291.26,-3714.46,-0.00207438,0.0408397,-17.6103,3746.57,309.872,1140.95,4.20534e-05,-0.0129933,-15.2954,5632.25,156.633,-2250.87,0.00154268,0.0192071,-17.1585,3872.19,142.411,209.86,0.00134157,-0.00192627,-14.7704
7.929,41.9779,-19.8038,4.99494,-0.621946,1.93282,1.94125,-0.4913,-0.0199835,0.00421717,2611.87,1,0.0613354,0,0.5,-0.285109,-0.262642,-0.0112473,0.0115313,-0.0467827,-0.0710568,-0.0573621,-0.0819754,5466.96,-780.422,-3949.43,0.00384461,0.0428222,-17.6776,3757.02,109.907,1104.33,-0.00193023,-0.0117487,-15.2576,5632.05,136.91,-2264.61,0.00137793,0.019355,-17.1518,3871.96,223.502,263.494,0.00204509,-0.00235323,-14.7756
7.939,41.9325,-19.8285,4.99537,-0.625168,3.10166,3.99067,-0.49343,-0.0199653,0.0042146,2611.96,1,0.0613802,0,0.5,-0.284087,-0.262148,-0.0112494,0.0115278,-0.0468926,-0.0710071,-0.0573736,-0.0819635,5498.68,-1280.26,-3628.35,-0.00218238,0.0393204,-17.5969,3744.1,-71.5967,964.717,-0.00327362,-0.0093565,-15.2969,5632.17,158.729,-2282.56,0.00156806,0.0195298,-17.1589,3872.74,204.129,215.5,0.00182608,-0.00188148,-14.7704
7.949,41.887,-19.8529,4.99472,-0.621755,2.59673,2.65252,-0.49041,-0.0199897,0.00421751,2612.15,1,0.0614396,0,0.5,-0.285453,-0.262771,-0.0112449,0.0115267,-0.0467687,-0.0710681,-0.0573569,-0.0819852,5460.85,-921.203,-3775.72,0.0018314,0.0405655,-17.7118,3757.23,192.435,1071.57,-0.000984183,-0.0117075,-15.2478,5631.19,154.826,-2244.18,0.00152689,0.0191436,-17.1489,3873.44,219.72,273.046,0.0020289,-0.00245977,-14.7809
7.959,41.8414,-19.8771,4.99544,-0.622034,1.31089,0.957316,-0.491928,-0.0199671,0.00421516,2611.77,1,0.0610384,0,0.5,-0.284304,-0.262209,-0.0112474,0.0115313,-0.0468453,-0.0710355,-0.0573729,-0.0819684,5485.19,-1143.25,-3951.3,0.000111285,0.0444646,-17.5895,3754.18,253.822,1122.22,-0.000498796,-0.0125454,-15.3047,5631.48,128.124,-2283.98,0.00130721,0.0195577,-17.1592,3873.73,181.698,230.944,0.00167643,-0.00207733,-14.7696
7.969,41.7957,-19.9011,4.99482,-0.62116,1.76643,1.6552,-0.490194,-0.0199789,0.00421729,2612.15,1,0.0613743,0,0.5,-0.285308,-0.262723,-0.0112474,0.011531,-0.0467706,-0.0710609,-0.0573634,-0.0819814,5460.88,-959.582,-3868.88,0.00175414,0.0423525,-17.6895,3757.87,219.719,1080.08,-0.000728802,-0.0119089,-15.2621,5630.31,149.436,-2236.66,0.00147894,0.0190724,-17.1507,3874.53,206.622,267.177,0.00191843,-0.00241898,-14.7797
7.979,41.7499,-19.9248,4.99519,-0.621871,1.80308,1.25141,-0.491418,-0.0199637,0.0042155,2611.87,1,0.061092,0,0.5,-0.28445,-0.26226,-0.0112446,0.0115338,-0.0468461,-0.0710288,-0.0573728,-0.0819716,5482.69,-1310.21,-3752.51,-0.00216811,0.0417008,-17.5924,3751.54,276.367,1110.36,-0.000225493,-0.0124927,-15.2981,5629.79,135.045,-2282.17,0.00136531,0.0195429,-17.1588,3874.63,127.753,218.007,0.00123103,-0.00204366,-14.7708
7.989,41.7039,-19.9484,4.99524,-0.621152,2.50988,1.229,-0.48979,-0.0199705,0.00421648,2612.11,1,0.0608619,0,0.5,-0.284993,-0.262468,-0.0112478,0.0115308,-0.0468211,-0.0710383,-0.0573682,-0.0819791,5475.84,-1104.58,-3669.77,-0.000329034,0.0394844,-17.6552,3752.33,561.348,1120.72,0.00275967,-0.0134146,-15.2707,5628.92,155.251,-2209.12,0.00152206,0.0187962,-17.153,3875.73,153.878,265.862,0.00149266,-0.0025079,-14.7769
7.999,41.6578,-19.9717,4.99545,-0.622176,1.47427,1.74952,-0.491822,-0.0199657,0.00421655,2612,1,0.0612334,0,0.5,-0.284743,-0.262455,-0.0112493,0.0115299,-0.0468172,-0.0710452,-0.0573727,-0.081975,5473.09,-1042.38,-3911.02,0.00103748,0.0433721,-17.6339,3756.54,177.119,1016.79,-0.000989877,-0.0110174,-15.2891,5630.11,132.004,-2271.41,0.00133843,0.0194328,-17.1569,3875.07,199.967,244.863,0.00183595,-0.00219292,-14.7745
8.009,41.6116,-19.9947,4.99536,-0.621523,1.98009,1.70422,-0.49045,-0.01997,0.00421771,2612.33,1,0.061116,0,0.5,-0.285331,-0.26267,-0.0112487,0.0115313,-0.0467965,-0.0710477,-0.0573718,-0.0819795,5467.16,-1290.99,-3718.28,-0.00205198,0.0411948,-17.6631,3755.63,336.381,1026.78,0.000643486,-0.011675,-15.277,5630.08,150.13,-2253.25,0.00148927,0.0192414,-17.154,3875.21,181.837,262.866,0.00171632,-0.00241801,-14.7773
8.019,41.5653,-20.0176,4.99603,-0.621416,0.895974,1.12591,-0.490935,-0.0199583,0.0042171,2612.04,1,0.0610112,0,0.5,-0.284602,-0.262324,-0.0112474,0.011529,-0.0468418,-0.0710258,-0.0573822,-0.0819685,5480.84,-1179.44,-3822.63,-0.000639513,0.0423591,-17.6075,3752.65,249.852,1007.94,-0.00021208,-0.0111902,-15.2943,5630.11,121.297,-2263.44,0.00124481,0.019355,-17.158,3874.86,186.767,249.652,0.00173958,-0.00226689,-14.7721
8.029,41.5189,-20.0402,4.99494,-0.621346,1.97876,1.66798,-0.490386,-0.0199663,0.00421853,2612.11,1,0.0612933,0,0.5,-0.28508,-0.262514,-0.011249,0.0115305,-0.0468241,-0.071036,-0.0573761,-0.0819774,5476.38,-1211.95,-3719.7,-0.0012549,0.0407765,-17.6545,3752.99,323.417,1150.05,0.000164486,-0.0131266,-15.2747,5630,161.658,-2257.08,0.00158848,0.0192761,-17.1536,3874.78,187.324,252.409,0.00174687,-0.00229542,-14.777
8.039,41.4724,-20.0626,4.99526,-0.621933,1.85297,1.54114,-0.491438,-0.0199635,0.00421864,2612,1,0.0611582,0,0.5,-0.28476,-0.262363,-0.0112472,0.0115297,-0.0468352,-0.0710349,-0.0573778,-0.0819727,5480.08,-1127.76,-3791.54,-0.000201489,0.0415886,-17.6208,3754.43,183.003,1101.52,-0.00117327,-0.0120303,-15.2843,5629.73,130.971,-2221.37,0.00131823,0.0189263,-17.157,3873.48,175.657,180.722,0.00155687,-0.00156466,-14.7741
8.049,41.4258,-20.0848,4.99527,-0.621717,1.74803,1.64092,-0.490863,-0.0199667,0.00421957,2612.23,1,0.0612294,0,0.5,-0.284913,-0.262432,-0.0112493,0.0115301,-0.0468324,-0.0710377,-0.0573789,-0.081977,5480.01,-1172.32,-3748.9,-0.000773108,0.0410596,-17.6419,3754.51,302.025,1072.72,0.000153409,-0.0121197,-15.2818,5630.33,158.256,-2267.8,0.00156141,0.0193856,-17.1556,3873.91,186.239,257.018,0.00174502,-0.00234736,-14.7754
8.059,41.379,-20.1067,4.99527,-0.62207,1.86049,1.7119,-0.491342,-0.0199653,0.00421986,2612.06,1,0.0612147,0,0.5,-0.28469,-0.262332,-0.0112491,0.0115295,-0.0468505,-0.0710268,-0.0573819,-0.0819753,5486.49,-1132.61,-3770.3,-0.000316582,0.0411784,-17.6277,3751.43,194.475,1116.35,-0.00109953,-0.0122601,-15.2815,5630.8,157.872,-2265.95,0.00155772,0.0193653,-17.1574,3873.36,172.943,242.344,0.0016218,-0.00221507,-14.7725
8.069,41.3322,-20.1284,4.99516,-0.621916,2.46326,1.90318,-0.491284,-0.0199708,0.0042209,2612.42,1,0.0611361,0,0.5,-0.284924,-0.26246,-0.0112467,0.0115318,-0.0468217,-0.0710376,-0.0573805,-0.08198,5478.38,-1087.05,-3590.17,-0.000371376,0.0381078,-17.6484,3754.16,269.194,992.407,3.40217e-05,-0.0110688,-15.2778,5632.03,130.93,-2329.24,0.00134311,0.0200196,-17.1553,3872.26,218.486,261.926,0.00200322,-0.00234451,-14.7751
8.079,41.2852,-20.1499,4.99548,-0.622255,1.65831,1.65858,-0.491585,-0.0199676,0.00422075,2611.79,1,0.0611803,0,0.5,-0.284703,-0.262366,-0.0112492,0.0115303,-0.046838,-0.0710322,-0.0573844,-0.0819783,5483.21,-1119.35,-3867.79,0.000111155,0.0428524,-17.6306,3753.19,280.216,1097.02,-0.000146021,-0.0123411,-15.2892,5631.5,134.948,-2272.54,0.00136338,0.0194384,-17.1566,3872.99,194.05,247.729,0.00179461,-0.00223446,-14.7751
8.089,41.2381,-20.1711,4.99512,-0.621894,1.92081,1.93799,-0.491138,-0.0199761,0.00422173,2612.21,1,0.0613308,0,0.5,-0.28512,-0.262573,-0.011249,0.011531,-0.0467929,-0.071057,-0.0573812,-0.081985,5468.6,-939.671,-3865.58,0.00194098,0.0421137,-17.6677,3758.02,110.829,1108.87,-0.00193328,-0.0118026,-15.27,5631.98,147.829,-2269.92,0.00147302,0.0194055,-17.154,3872.46,207.354,250.3,0.00190144,-0.00223959,-14.7776
8.099,41.191,-20.1921,4.99551,-0.622099,0.119919,0.228666,-0.491437,-0.0199653,0.00422018,2611.92,1,0.0612823,0,0.5,-0.284416,-0.262218,-0.0112507,0.0115289,-0.0468651,-0.0710213,-0.0573877,-0.0819791,5493.53,-1349.42,-4295.15,-0.00106982,0.0526015,-17.6039,3751.24,284.952,1516.07,-0.00133373,-0.0176337,-15.2875,5631.31,146.642,-2268.3,0.00146094,0.0193917,-17.1598,3873.56,193.262,283.023,0.00183513,-0.00261509,-14.7727
8.109,41.1437,-20.2129,4.99525,-0.621683,1.73623,2.07188,-0.490764,-0.0199759,0.00422212,2612.24,1,0.061381,0,0.5,-0.285108,-0.26261,-0.011249,0.0115296,-0.0467865,-0.0710483,-0.0573799,-0.0819893,5466.33,-980.699,-3853.91,0.0014834,0.0421321,-17.6691,3755.03,167.743,1078.32,-0.00126232,-0.0116958,-15.2695,5630.89,149.73,-2259.89,0.00148706,0.0193063,-17.1538,3873.55,209.235,261.696,0.0019315,-0.00235662,-14.778
8.119,41.0963,-20.2334,4.99589,-0.62209,1.76874,1.28545,-0.491784,-0.0199612,0.0042204,2612.39,1,0.0608944,0,0.5,-0.284456,-0.262328,-0.0112503,0.0115316,-0.0468401,-0.071024,-0.0573897,-0.0819792,5483.15,-1102.49,-3827.72,0.000157019,0.0420667,-17.6205,3752.49,444.646,1019.77,0.00178558,-0.011884,-15.3068,5630.93,130.564,-2273.93,0.00132651,0.0194561,-17.1591,3873.93,175.667,240.324,0.00164097,-0.002188,-14.7722
8.129,41.0489,-20.2538,4.9954,-0.620525,1.77919,1.26386,-0.489736,-0.0199636,0.00422119,2612.19,1,0.0611116,0,0.5,-0.284688,-0.262359,-0.0112512,0.0115322,-0.0468342,-0.0710134,-0.0573865,-0.0819841,5481.56,-1261.81,-3552.1,-0.00220248,0.0381841,-17.6442,3747.13,514.141,1077.95,0.00237097,-0.0127839,-15.2878,5630.11,162.234,-2259.37,0.00159356,0.0192988,-17.1573,3874.66,157.918,249.802,0.00150929,-0.00232482,-14.7757
8.139,41.0013,-20.2738,4.99562,-0.621882,2.20987,3.03786,-0.49071,-0.0199682,0.00422187,2612.2,1,0.0613353,0,0.5,-0.284975,-0.262516,-0.0112487,0.0115269,-0.0467918,-0.0710444,-0.0573851,-0.0819874,5464.81,-1312.34,-3626.31,-0.00251513,0.0397557,-17.6326,3753.51,47.2207,1131.65,-0.00264054,-0.0117949,-15.2673,5629.97,194.701,-2271.41,0.00187333,0.0194077,-17.1561,3874.71,168.094,297.685,0.00164322,-0.00282702,-14.7763
8.149,40.9536,-20.2937,4.99576,-0.622017,1.96848,1.84681,-0.491533,-0.0199553,0.00422143,2611.07,1,0.0610525,0,0.5,-0.284461,-0.262237,-0.0112502,0.0115309,-0.0468358,-0.0710169,-0.0573939,-0.0819794,5478.81,-1105.22,-3783,-5.67199e-06,0.0413519,-17.615,3750.41,212.116,1117.58,-0.000921181,-0.0123469,-15.2927,5630.08,125.377,-2287.52,0.00128503,0.0195997,-17.1586,3875.08,189.633,264.728,0.00178222,-0.00242327,-14.7734
8.159,40.9059,-20.3133,4.99562,-0.620796,1.57784,1.59301,-0.489965,-0.0199595,0.00422203,2612.41,1,0.0611813,0,0.5,-0.284849,-0.262462,-0.0112504,0.0115298,-0.0468257,-0.0710291,-0.0573899,-0.0819858,5475.22,-1249.82,-3643.32,-0.00185075,0.0396727,-17.6475,3751.86,343.235,1154.9,0.000360977,-0.0132548,-15.2751,5629.11,161.071,-2240.51,0.00157921,0.0191109,-17.1567,3875.08,161.225,215.428,0.00149496,-0.00194848,-14.7771
8.169,40.858,-20.3327,4.99515,-0.622701,2.33875,2.58937,-0.492013,-0.0199563,0.00422286,2612.14,1,0.0613678,0,0.5,-0.284728,-0.262425,-0.0112502,0.0115319,-0.0468126,-0.071039,-0.0573943,-0.0819832,5469.22,-1141.91,-3762.56,-0.000429369,0.0412694,-17.6326,3756.73,2.41278,1043.71,-0.00280777,-0.010565,-15.2781,5629.78,144.389,-2274.49,0.00144504,0.0194611,-17.1568,3875.14,206.701,242.805,0.00188473,-0.00216029,-14.7762
8.179,40.81,-20.3518,4.99526,-0.621535,1.89293,1.95166,-0.490462,-0.0199585,0.00422387,2612.06,1,0.0613197,0,0.5,-0.285183,-0.262594,-0.0112506,0.0115309,-0.046802,-0.0710427,-0.0573935,-0.0819861,5467.19,-1320.11,-3696.49,-0.00240813,0.0409466,-17.652,3756.97,284.931,1024.07,0.000112564,-0.0114813,-15.2774,5629.63,173.528,-2256.31,0.00168915,0.0192646,-17.156,3875.5,186.154,263.027,0.00175073,-0.00241128,-14.778
8.189,40.762,-20.3707,4.9955,-0.621783,1.07878,0.909972,-0.491533,-0.0199479,0.00422394,2612.19,1,0.0612265,0,0.5,-0.284554,-0.262309,-0.0112527,0.0115317,-0.0468414,-0.071018,-0.0574038,-0.0819755,5479.88,-1215.28,-3934.37,-0.000683222,0.0445667,-17.6136,3756.07,211.425,1147.21,-0.00101101,-0.0126769,-15.2909,5629.54,153.418,-2299.88,0.00152743,0.0197187,-17.1594,3874.81,205.207,261.077,0.00189823,-0.00235621,-14.7756
8.199,40.7138,-20.3894,4.99526,-0.621773,2.2813,2.33262,-0.490601,-0.0199534,0.00422496,2612.35,1,0.0613019,0,0.5,-0.284827,-0.262383,-0.0112509,0.0115323,-0.0468543,-0.071009,-0.0573973,-0.0819825,5485.09,-1308.85,-3473.39,-0.00284401,0.0371008,-17.6414,3748.42,245.963,1035.96,-0.000331394,-0.0115166,-15.2795,5629.56,142.924,-2262.58,0.00143029,0.019341,-17.1575,3874.94,195.085,248.588,0.00180222,-0.00224075,-14.7762
8.209,40.6656,-20.4079,4.99633,-0.620889,0.925769,1.43952,-0.490444,-0.0199597,0.00422615,2612.27,1,0.0610889,0,0.5,-0.284944,-0.262459,-0.0112525,0.0115218,-0.0468176,-0.0710378,-0.0573964,-0.0819849,5473.8,-1010.41,-3801.87,0.00101629,0.0412918,-17.6443,3756.94,207.165,1058.48,-0.000798608,-0.0116127,-15.2806,5630.28,114.312,-2267.36,0.00118676,0.0193964,-17.1558,3874.03,196.743,252.197,0.00182067,-0.00227676,-14.7766
8.219,40.6173,-20.4261,4.99585,-0.62197,1.48602,1.78936,-0.491265,-0.019958,0.00422678,2612.35,1,0.0611905,0,0.5,-0.284899,-0.262426,-0.011251,0.0115285,-0.0468177,-0.0710362,-0.0573998,-0.0819824,5474.84,-1081.17,-3837.53,0.00041423,0.0422296,-17.6364,3757.7,185.955,1075.86,-0.00106772,-0.0117315,-15.2835,5631.2,154.548,-2315.42,0.00154173,0.019872,-17.1578,3873.46,195.404,271.06,0.00183578,-0.00248161,-14.7756
8.229,40.5689,-20.444,4.99612,-0.62124,1.95663,1.33812,-0.490585,-0.0199604,0.00422736,2612.25,1,0.0608147,0,0.5,-0.284864,-0.262407,-0.011251,0.0115298,-0.046827,-0.0710317,-0.0574,-0.0819842,5479.5,-1109.8,-3688.75,-0.000312133,0.0397825,-17.6407,3755.95,519.952,1043.81,0.00250382,-0.0123397,-15.2872,5630.5,165.991,-2263.51,0.00162486,0.0193381,-17.1571,3873.9,117.454,255.204,0.0011768,-0.00247402,-14.7765
8.239,40.5204,-20.4617,4.99589,-0.621904,1.15529,1.57847,-0.491201,-0.0199613,0.00422814,2612.33,1,0.0612419,0,0.5,-0.284835,-0.262409,-0.0112509,0.0115297,-0.0468371,-0.0710215,-0.0574001,-0.0819864,5483.35,-1115.45,-3897.66,0.000244209,0.043368,-17.6416,3754.32,182.101,1168.06,-0.00137962,-0.0128135,-15.2817,5631.14,151.656,-2267.26,0.00150455,0.0193798,-17.1582,3873.65,193.94,242.749,0.00178806,-0.00218144,-14.7753
8.249,40.4718,-20.4792,4.99554,-0.621985,2.43763,2.43767,-0.491224,-0.0199703,0.0042292,2612.53,1,0.0611589,0,0.5,-0.285056,-0.262523,-0.0112502,0.0115296,-0.0468167,-0.0710339,-0.0573965,-0.0819924,5477.7,-1139.16,-3553.92,-0.000980104,0.0377585,-17.6516,3754.61,286.385,1018.37,0.000140337,-0.0114262,-15.275,5632.66,122.011,-2274.85,0.00125469,0.0194621,-17.1584,3871.76,248.253,234.225,0.00218852,-0.00201686,-14.7776
8.259,40.4231,-20.4965,4.99577,-0.622313,1.76813,1.8958,-0.49169,-0.0199688,0.00422935,2612.47,1,0.0611578,0,0.5,-0.284758,-0.262368,-0.0112495,0.011531,-0.0468302,-0.0710242,-0.0573997,-0.0819901,5483.42,-1127.11,-3800.2,-0.000168151,0.0416996,-17.6258,3753.52,224.189,1084.74,-0.000698687,-0.0119946,-15.29,5632.47,144.196,-2277.09,0.00144321,0.0194782,-17.1592,3871.99,199.818,248.081,0.00184026,-0.00222886,-14.7745
8.269,40.3744,-20.5135,4.99558,-0.62251,2.61218,2.94317,-0.491243,-0.0199769,0.00422993,2612.45,1,0.0612098,0,0.5,-0.284993,-0.262505,-0.011252,0.0115278,-0.0468148,-0.0710353,-0.0573955,-0.0819962,5477.68,-1082.35,-3419.72,-0.000794982,0.0354927,-17.6512,3752.34,148.651,828.066,-0.000747381,-0.00880345,-15.2773,5632.93,173.835,-2253.15,0.00169196,0.0192207,-17.1575,3871.63,264.647,219.319,0.00228986,-0.00185128,-14.7764
8.279,40.3255,-20.5302,4.99585,-0.62226,1.02927,1.21537,-0.491712,-0.0199738,0.00422969,2612.25,1,0.0612197,0,0.5,-0.284619,-0.262345,-0.0112503,0.0115305,-0.0468355,-0.0710213,-0.0573992,-0.0819949,5487.91,-1144.7,-4084.79,0.000519442,0.0470055,-17.6269,3752.55,269.106,1299.96,-0.000851602,-0.0147788,-15.2878,5632.74,135.651,-2267,0.00136763,0.0193773,-17.1597,3871.9,196.164,249.637,0.00181491,-0.00225168,-14.7746
8.289,40.2766,-20.5468,4.99542,-0.621776,2.8033,3.09871,-0.490133,-0.0199839,0.00422998,2611.88,1,0.0612562,0,0.5,-0.284932,-0.262459,-0.0112506,0.0115277,-0.0468204,-0.0710287,-0.0573906,-0.0820055,5482.67,-1443.41,-3086.62,-0.00495166,0.0319214,-17.6325,3747.32,237.068,911.215,-7.53095e-05,-0.0100493,-15.2774,5632.27,184.962,-2273.2,0.00179052,0.0194224,-17.1601,3871.97,138.639,232.959,0.00133443,-0.00218393,-14.7775
8.299,40.2276,-20.563,4.99616,-0.621901,1.36624,1.42645,-0.491866,-0.0199834,0.00423045,2612.28,1,0.061034,0,0.5,-0.284817,-0.262494,-0.0112504,0.01153,-0.046774,-0.071049,-0.0573936,-0.0820028,5466.5,-773.482,-4002.31,0.00410709,0.0437505,-17.6446,3758.19,143.761,1074.15,-0.00149751,-0.0115398,-15.2821,5632.81,88.4621,-2279.2,0.000967021,0.0195149,-17.1577,3871.4,198.21,240.422,0.00181723,-0.00215084,-14.7775
8.309,40.1785,-20.5791,4.99651,-0.621573,2.0121,1.35175,-0.490698,-0.0199693,0.00422789,2614.57,1,0.0606678,0,0.5,-0.284145,-0.262078,-0.0112512,0.0115307,-0.0468817,-0.0709944,-0.057401,-0.081996,5503.34,-1319.53,-3544.51,-0.00277611,0.0380855,-17.6088,3743.23,604.954,1155.85,0.00313695,-0.0139985,-15.3097,5632.54,200.219,-2273.67,0.00192099,0.019419,-17.1636,3872.76,62.7214,186.401,0.00064699,-0.00184921,-14.7709
8.319,40.1293,-20.5949,4.99593,-0.620918,1.57708,1.99591,-0.489991,-0.0199882,0.00423044,2612.52,1,0.0612101,0,0.5,-0.285208,-0.262692,-0.0112491,0.0115287,-0.0467564,-0.0710506,-0.0573869,-0.0820127,5462.26,-901.786,-3805.06,0.00211555,0.0409561,-17.6942,3754.92,280.438,1096.42,-0.000138177,-0.0123289,-15.2615,5631.03,135.73,-2248.22,0.00136512,0.0191923,-17.1531,3873.23,205.688,269.868,0.0019148,-0.00245019,-14.7811
8.329,40.0801,-20.6105,4.99529,-0.623016,1.46665,1.76208,-0.492663,-0.0199661,0.00422849,2612.44,1,0.061441,0,0.5,-0.284265,-0.262344,-0.0112528,0.0115348,-0.0468106,-0.0710201,-0.0574014,-0.0819952,5476.82,-1297.68,-4011.83,-0.00133659,0.0465018,-17.6077,3753.19,57.8578,1078.6,-0.0023768,-0.0112319,-15.3004,5630.93,146.588,-2263.49,0.00145959,0.019344,-17.1613,3873.9,218.148,270.897,0.0020166,-0.00243927,-14.7747
8.339,40.0308,-20.6258,4.99548,-0.620563,1.89101,2.3454,-0.488876,-0.0199837,0.00422983,2612.93,1,0.0613682,0,0.5,-0.285679,-0.263024,-0.0112499,0.0115299,-0.0467449,-0.0710683,-0.057388,-0.0820147,5455.53,-1275.98,-3534.32,-0.00238291,0.038205,-17.6994,3757.89,232.082,912.506,-0.000118773,-0.01002,-15.254,5630.05,189.972,-2234.59,0.0018243,0.0190347,-17.1567,3874.74,184.696,274.481,0.00175329,-0.00253847,-14.7811
8.349,39.9814,-20.6409,4.99682,-0.619947,-0.00257451,-0.3911,-0.490108,-0.019958,0.00422846,2612.98,1,0.0608675,0,0.5,-0.28453,-0.262198,-0.0112513,0.0115321,-0.0468057,-0.0710284,-0.0574075,-0.0819941,5474.57,-1048.15,-3935.62,0.00105592,0.043831,-17.5825,3755.79,225.035,1023.58,-0.000517443,-0.0112762,-15.3211,5630.53,132.317,-2307.93,0.00134851,0.0198052,-17.162,3874.96,199.309,253.927,0.00184386,-0.00229022,-14.7719
8.359,39.9319,-20.6557,4.99659,-0.622184,1.18406,2.71069,-0.491078,-0.0199622,0.00422942,2612.59,1,0.0612412,0,0.5,-0.284939,-0.262493,-0.0112442,0.0115252,-0.0468108,-0.0710295,-0.0574022,-0.0820026,5471.5,-971.802,-3842.84,0.00153578,0.0418405,-17.6609,3753,155.4,1117.97,-0.00150794,-0.0121151,-15.2686,5629.43,143.053,-2263.84,0.00143113,0.0193542,-17.1563,3876.05,208.111,254.92,0.00191253,-0.00228524,-14.7792
8.369,39.8824,-20.6703,4.99566,-0.621947,1.68553,1.95921,-0.491333,-0.0199597,0.00422995,2612.64,1,0.0612929,0,0.5,-0.284903,-0.262461,-0.0112509,0.0115312,-0.0468246,-0.0710232,-0.0574038,-0.0820011,5477.23,-1220.02,-3809.76,-0.00108609,0.0423592,-17.6368,3753.68,195.644,1094.58,-0.00102375,-0.012001,-15.286,5629.09,165.295,-2242.39,0.00161512,0.0191284,-17.1593,3876.06,192.189,252.847,0.00178609,-0.00229061,-14.7771
8.379,39.8328,-20.6847,4.99552,-0.622154,3.39654,2.51763,-0.491371,-0.0199611,0.00423131,2612.54,1,0.0608773,0,0.5,-0.284897,-0.262422,-0.0112503,0.0115383,-0.0468383,-0.0710169,-0.0574106,-0.0820107,5481.61,-1174.9,-3348.44,-0.00185846,0.03476,-17.6337,3749.72,403.694,906.137,0.00165171,-0.0104291,-15.2885,5630.37,114.993,-2257.2,0.00119082,0.0192925,-17.1587,3874.81,164.398,217.549,0.00152006,-0.00196537,-14.7757
8.389,39.7831,-20.6988,4.99642,-0.622054,1.11359,1.89771,-0.491395,-0.0199635,0.00423189,2612.58,1,0.0611659,0,0.5,-0.284869,-0.262471,-0.0112494,0.0115261,-0.0468292,-0.07103,-0.0574046,-0.0819981,5480.21,-1037.85,-3876.91,0.000975129,0.0426591,-17.6426,3755.79,200.794,1071.01,-0.000901788,-0.0117382,-15.2847,5629.62,94.1375,-2211.12,0.00100264,0.0188343,-17.1576,3873.35,182.836,166.479,0.00158758,-0.00141283,-14.7772
8.399,39.7334,-20.7126,4.99613,-0.621879,1.31112,1.72207,-0.491086,-0.0199641,0.00423296,2612.53,1,0.0611908,0,0.5,-0.284815,-0.262348,-0.011251,0.0115298,-0.0468437,-0.0710134,-0.0574069,-0.0819996,5487.39,-1217.49,-3879.77,-0.000863307,0.0434852,-17.6354,3751.67,330.206,1217.06,4.48869e-05,-0.0139773,-15.2911,5630.22,176.515,-2249.35,0.00171196,0.0191903,-17.1599,3873.64,157.102,257.736,0.00151256,-0.00241345,-14.776
8.409,39.6836,-20.7262,4.99589,-0.622287,2.03698,2.38027,-0.491476,-0.0199712,0.00423418,2612.53,1,0.0611724,0,0.5,-0.284961,-0.262506,-0.0112479,0.0115334,-0.0468154,-0.0710321,-0.0574051,-0.0820026,5479.13,-1060.19,-3748.89,0.000352507,0.0405666,-17.6465,3755.22,155.072,1086.64,-0.00141664,-0.0117407,-15.2761,5631.28,179.875,-2260.5,0.00174386,0.0192987,-17.1588,3872.07,174.091,245.206,0.00163486,-0.00224432,-14.7777
8.419,39.6337,-20.7396,4.9968,-0.623933,2.18584,4.65381,-0.491922,-0.0199677,0.00423385,2611.35,1,0.0612173,0,0.5,-0.284546,-0.262219,-0.0112638,0.0115172,-0.0468525,-0.0710159,-0.0574093,-0.0819991,5487.25,-1008.6,-3280.08,-0.000479791,0.0331382,-17.6193,3747.15,-35.2032,762.262,-0.0023394,-0.00732522,-15.2912,5632.27,112.759,-2275.39,0.00117497,0.0194717,-17.161,3870.19,191.702,178.084,0.00167277,-0.00151922,-14.7787
8.429,39.5837,-20.7527,4.99594,-0.621835,1.39292,2.14294,-0.49101,-0.0199786,0.00423591,2612.53,1,0.0613332,0,0.5,-0.285134,-0.26259,-0.0112506,0.0115293,-0.0467793,-0.0710438,-0.0574037,-0.0820069,5470.17,-856.842,-3972.8,0.00314848,0.0435976,-17.675,3757.8,1.04577,1232.56,-0.00340382,-0.0127466,-15.2614,5632.09,155.25,-2266.76,0.00153552,0.0193699,-17.1566,3871.27,182.85,251.446,0.0017123,-0.0022953,-14.7796
8.439,39.5337,-20.7656,4.99616,-0.621361,2.16536,2.17322,-0.490779,-0.019972,0.00423496,2612.8,1,0.0609817,0,0.5,-0.284781,-0.262349,-0.0112516,0.0115286,-0.0468132,-0.0710296,-0.0574091,-0.0820039,5480.58,-1236.69,-3466.27,-0.00215974,0.0367573,-17.6164,3754.89,330.37,1002.75,0.000638876,-0.0113743,-15.3007,5632.19,161.366,-2274.56,0.00158906,0.0194468,-17.1619,3871.82,147.456,232.318,0.00140733,-0.0021584,-14.7745
8.449,39.4836,-20.7783,4.9962,-0.622033,1.39232,1.59069,-0.491383,-0.0199741,0.00423567,2612.99,1,0.0611211,0,0.5,-0.284838,-0.262417,-0.0112501,0.0115301,-0.0467986,-0.07103,-0.0574061,-0.0820099,5477.04,-989.65,-4008.57,0.00190423,0.0448595,-17.6492,3755.49,208.671,1238.83,-0.00131069,-0.0137708,-15.2777,5631.63,133.795,-2293.23,0.00135872,0.0196499,-17.1595,3873.13,223.068,282.761,0.00206962,-0.00255792,-14.7777
8.459,39.4335,-20.7906,4.9963,-0.622693,1.67788,1.90359,-0.492346,-0.0199691,0.00423437,2612.67,1,0.0610369,0,0.5,-0.284493,-0.26229,-0.0112514,0.0115315,-0.0468413,-0.071012,-0.0574057,-0.0820099,5490.84,-1143.71,-3874.92,-0.000124491,0.0430088,-17.6299,3749.71,347.43,1166.1,0.000372357,-0.0134136,-15.2914,5631.88,111.076,-2293.78,0.00116418,0.0196615,-17.1605,3872.85,223.091,252.065,0.00202475,-0.00223328,-14.7758
8.469,39.3833,-20.8028,4.99623,-0.622762,1.38319,2.88382,-0.492923,-0.0199845,0.00423771,2612.51,1,0.061366,0,0.5,-0.285414,-0.262761,-0.0112489,0.0115317,-0.0467077,-0.0710712,-0.057402,-0.0820183,5442.61,-204.438,-4219.68,0.0108697,0.0450064,-17.7207,3766.21,-279.175,984.078,-0.00508407,-0.00850208,-15.2526,5632.26,83.8217,-2285.41,0.00092891,0.0195813,-17.1527,3872.24,307.366,244.751,0.00265495,-0.00206266,-14.783
8.479,39.333,-20.8147,4.99634,-0.621637,1.56433,1.94258,-0.490559,-0.0199589,0.00423356,2612.59,1,0.0610831,0,0.5,-0.284169,-0.262166,-0.0112516,0.01153,-0.0469117,-0.0709813,-0.0574168,-0.082003,5511.83,-2063.33,-3333.34,-0.0103644,0.0373148,-17.5577,3742.61,655.099,1139.23,0.00369726,-0.0138932,-15.3181,5631.35,206.827,-2252.52,0.00197046,0.019204,-17.1677,3874.65,111.333,236.789,0.00110953,-0.00228566,-14.7723
8.489,39.2828,-20.8264,4.99604,-0.621476,1.17333,2.23004,-0.490743,-0.0199865,0.00423746,2612.63,1,0.0614113,0,0.5,-0.285473,-0.262768,-0.0112501,0.0115292,-0.0467456,-0.0710606,-0.0573992,-0.0820236,5458.61,-763.032,-4014.78,0.00428017,0.0440141,-17.7116,3761.33,78.1286,1096.79,-0.00222058,-0.0115068,-15.258,5631.2,127.118,-2251.94,0.0012928,0.0192323,-17.1522,3873.87,225.642,279.537,0.00208409,-0.00251872,-14.7832
8.499,39.2324,-20.8377,4.99646,-0.622711,1.50515,2.09659,-0.492011,-0.0199658,0.00423485,2612.59,1,0.0610821,0,0.5,-0.284389,-0.262219,-0.0112515,0.0115291,-0.0468483,-0.0710065,-0.0574138,-0.0820065,5491.31,-1499.44,-3651.19,-0.00431445,0.0406712,-17.5853,3750.25,275.282,992.993,9.14024e-05,-0.0111066,-15.3084,5631.43,194.795,-2297.87,0.00187942,0.0196736,-17.1659,3873.72,97.6376,219.932,0.000978308,-0.00213343,-14.7701
8.509,39.182,-20.8489,4.99614,-0.621219,1.31587,2.12847,-0.489947,-0.0199809,0.00423654,2613.01,1,0.0613069,0,0.5,-0.285171,-0.262699,-0.0112514,0.0115294,-0.0467935,-0.0710306,-0.0574024,-0.0820198,5475.34,-1215.71,-3698.05,-0.00135402,0.0404385,-17.6752,3752.28,203.51,1116.28,-0.00100051,-0.0122914,-15.2656,5630.79,182.051,-2252.4,0.00176063,0.0192168,-17.1577,3873.84,177.262,270.705,0.0016893,-0.00251285,-14.7815
8.519,39.1315,-20.8598,4.99709,-0.622722,1.20467,1.42601,-0.492455,-0.0199711,0.0042351,2612.62,1,0.0607843,0,0.5,-0.284503,-0.262336,-0.0112501,0.0115259,-0.0468193,-0.0710245,-0.0574099,-0.0820103,5480.94,-960.238,-4154.34,0.00271501,0.0474947,-17.6175,3754.66,386.397,1240.55,0.000581757,-0.0144471,-15.3,5630.99,95.6297,-2232.07,0.00101925,0.0190408,-17.1613,3872.56,228.886,219.332,0.00201948,-0.00188875,-14.7755
8.529,39.0809,-20.8705,4.99597,-0.621314,1.48537,2.2357,-0.490159,-0.0199785,0.00423625,2612.81,1,0.0613423,0,0.5,-0.285103,-0.262581,-0.0112511,0.0115291,-0.0467958,-0.0710265,-0.0574058,-0.0820177,5474.79,-1242.48,-3626.57,-0.00181223,0.0393727,-17.6676,3751.16,272.432,1082.33,-0.000183815,-0.0121462,-15.278,5631.15,167.209,-2250.17,0.00163371,0.0191995,-17.1578,3873.31,190.74,253.772,0.00177604,-0.00230461,-14.7812
8.539,39.0304,-20.8809,4.99638,-0.62112,2.77779,0.831108,-0.490794,-0.0199759,0.00423562,2612.59,1,0.0604129,0,0.5,-0.284825,-0.262404,-0.0112516,0.0115295,-0.0467961,-0.0710392,-0.0574084,-0.0820151,5475.25,-892.412,-3793.25,0.00216488,0.0405793,-17.625,3757.13,530.362,1157.87,0.002338,-0.0137979,-15.2886,5631.36,55.8013,-2253.43,0.00068316,0.0192639,-17.1606,3873.12,164.433,233.83,0.00154422,-0.00214006,-14.7769
8.549,38.9797,-20.8911,4.99678,-0.622211,0.780125,2.10955,-0.49149,-0.0199734,0.00423598,2612.73,1,0.0612373,0,0.5,-0.284821,-0.262407,-0.0112508,0.0115279,-0.0468035,-0.071029,-0.0574111,-0.0820145,5475.1,-1068.08,-3889.69,0.000706428,0.0430899,-17.6408,3753.87,201.862,1082.88,-0.000925055,-0.0118873,-15.2881,5631.4,143.329,-2270.47,0.00143436,0.0194147,-17.16,3873.26,210.113,250.648,0.00192343,-0.00223836,-14.7783
8.559,38.929,-20.901,4.99646,-0.622037,1.42076,2.12474,-0.491273,-0.0199758,0.00423597,2612.76,1,0.0611402,0,0.5,-0.284925,-0.26252,-0.011251,0.0115285,-0.0468101,-0.0710308,-0.057409,-0.0820173,5477.74,-1104.91,-3754.3,-7.66776e-05,0.0408732,-17.6498,3753.66,280.154,1027.37,4.89202e-05,-0.0115148,-15.2845,5631.27,145.616,-2278.1,0.00145595,0.0194923,-17.1594,3873.08,197.999,246.84,0.0018235,-0.0022182,-14.7792
8.569,38.8783,-20.9106,4.9966,-0.621497,1.37439,1.64568,-0.491178,-0.0199777,0.00423648,2612.59,1,0.0610144,0,0.5,-0.284925,-0.262415,-0.0112497,0.0115256,-0.0468017,-0.0710367,-0.0574092,-0.0820176,5475.85,-982.084,-3869.82,0.00152243,0.0423139,-17.6509,3755.67,319.671,1179.93,3.56024e-05,-0.0134691,-15.2851,5631.4,123.953,-2274.57,0.00127005,0.0194631,-17.1597,3873.09,196.541,257.766,0.00182745,-0.00233705,-14.7781
8.579,38.8275,-20.92,4.99637,-0.622978,2.6317,3.6535,-0.491841,-0.0199731,0.00423603,2612.3,1,0.0610109,0,0.5,-0.2846,-0.262258,-0.0112498,0.0115278,-0.046852,-0.0710071,-0.0574118,-0.0820145,5490.01,-1002.22,-3292.63,-0.000383796,0.0332692,-17.6273,3745.24,229.96,874.05,-5.1787e-05,-0.00961008,-15.2954,5630.59,143.834,-2238.28,0.00143204,0.01909,-17.1626,3872.5,109.626,136.411,0.000994022,-0.00121036,-14.776
8.589,38.7767,-20.9292,4.99654,-0.621723,0.951524,2.25472,-0.490561,-0.0199862,0.00423764,2612.75,1,0.061317,0,0.5,-0.285201,-0.262629,-0.0112517,0.0115281,-0.0467947,-0.0710407,-0.0574059,-0.0820267,5474.64,-1109.2,-3804.17,2.80232e-05,0.0417807,-17.6704,3753.72,190.592,1078.38,-0.00102574,-0.0117912,-15.2731,5631.23,148.847,-2235.64,0.00147384,0.0190591,-17.158,3872.68,193.465,250.899,0.00179386,-0.00226941,-14.7808
8.599,38.7258,-20.9381,4.99734,-0.621813,2.32802,2.94438,-0.491663,-0.0199794,0.00423628,2612.79,1,0.0605912,0,0.5,-0.284529,-0.262183,-0.0112451,0.0115371,-0.0468339,-0.0710295,-0.0574117,-0.0820197,5485.08,-1077.87,-3342.93,-0.000956955,0.0342969,-17.6149,3751.73,585.253,983.556,0.0033071,-0.0117291,-15.3064,5632.29,122.551,-2283.63,0.00125992,0.019553,-17.1632,3871.9,124.207,222.849,0.00120644,-0.00210546,-14.7748
8.609,38.6749,-20.9468,4.99624,-0.621828,1.56679,2.35367,-0.491307,-0.019983,0.00423765,2612.65,1,0.0612293,0,0.5,-0.284932,-0.262471,-0.0112456,0.0115319,-0.046792,-0.0710406,-0.0574105,-0.0820225,5474.08,-841.213,-3772.98,0.00260369,0.0400121,-17.6568,3755.1,54.5608,1084.88,-0.00242572,-0.0112828,-15.2756,5631.95,159.008,-2252.94,0.00156442,0.0192283,-17.1594,3872.12,203.804,236.648,0.00185472,-0.00210181,-14.7797
8.619,38.6239,-20.9552,4.99629,-0.622496,0.809147,1.5376,-0.491379,-0.0199817,0.00423702,2613.04,1,0.0613472,0,0.5,-0.284985,-0.262465,-0.0112506,0.0115279,-0.0468036,-0.0710416,-0.0574108,-0.0820228,5479.21,-1248.82,-4066.14,-0.000640134,0.0472994,-17.6435,3755.57,211.433,1210.04,-0.0011948,-0.0134322,-15.2867,5631.79,160.085,-2256.53,0.00157358,0.0192649,-17.1613,3872.74,206.911,263.286,0.00191709,-0.00237799,-14.7785
8.629,38.5729,-20.9634,4.99694,-0.622058,0.639509,2.46,-0.490683,-0.0199832,0.00423722,2612.93,1,0.0613165,0,0.5,-0.284997,-0.262495,-0.01125,0.0115257,-0.0468037,-0.0710378,-0.0574093,-0.0820258,5477.54,-1412.47,-3739.64,-0.00323451,0.0419833,-17.6348,3752.63,156.928,1126.72,-0.00151608,-0.0122256,-15.2811,5632.19,175.626,-2265.32,0.00170954,0.0193465,-17.1611,3873.22,166.441,261.115,0.00159245,-0.00243097,-14.7794
8.639,38.5219,-20.9713,4.99657,-0.623152,1.62225,2.64324,-0.492267,-0.0199777,0.00423625,2612.63,1,0.0611178,0,0.5,-0.284583,-0.26232,-0.011251,0.0115276,-0.0468273,-0.0710339,-0.0574133,-0.0820227,5485.69,-1108.12,-3795.96,7.46995e-06,0.0415152,-17.6313,3751.67,252.46,986.692,-0.000127577,-0.010955,-15.2956,5631.61,138,-2274.35,0.0013898,0.0194555,-17.1612,3873.02,180.503,240.884,0.00167943,-0.00218556,-14.7756
8.649,38.4708,-20.9789,4.99634,-0.621778,1.39558,1.96712,-0.49112,-0.0199792,0.00423645,2612.82,1,0.061195,0,0.5,-0.284758,-0.262357,-0.0112506,0.011529,-0.0468209,-0.0710231,-0.0574116,-0.0820255,5483.39,-1150.63,-3696.25,-0.000709013,0.0400445,-17.6531,3749.65,336.661,1041.41,0.000603725,-0.0118688,-15.2855,5631.38,146.922,-2278.7,0.00146763,0.0194975,-17.1617,3873.13,188.993,243.676,0.00174877,-0.00220011,-14.7771
8.659,38.4197,-20.9864,4.99676,-0.62202,1.28487,2.59224,-0.491017,-0.019981,0.0042357,2613.55,1,0.0611713,0,0.5,-0.284762,-0.262432,-0.0112512,0.0115277,-0.0468142,-0.071042,-0.0574114,-0.0820282,5479.14,-1206.15,-3687.49,-0.00128807,0.0401809,-17.637,3752.63,187.982,1099.14,-0.00111491,-0.0120278,-15.2784,5630.92,152.427,-2264.19,0.00151064,0.019349,-17.1638,3873.56,163.337,257.709,0.00156267,-0.00240015,-14.7699
8.669,38.3686,-20.9935,4.99674,-0.62219,1.2704,2.45087,-0.491244,-0.019978,0.00423526,2612.77,1,0.0611563,0,0.5,-0.284815,-0.262409,-0.0112521,0.0115272,-0.0468035,-0.0710494,-0.0574154,-0.0820257,5473.78,-1115.56,-3785.49,-9.88399e-05,0.0414956,-17.6458,3755.36,250.807,1049.82,-0.00031964,-0.0116744,-15.2891,5631.31,146.295,-2271.02,0.0014599,0.0194196,-17.1611,3873.45,187.642,249.345,0.0017465,-0.00226279,-14.7786
8.679,38.3174,-21.0004,4.99719,-0.621334,0.710088,1.70697,-0.490764,-0.0199729,0.00423431,2612.9,1,0.0610716,0,0.5,-0.284701,-0.262365,-0.0112516,0.0115271,-0.0468163,-0.0710375,-0.0574158,-0.0820242,5477.43,-1156.65,-3705.52,-0.00074794,0.0402846,-17.6366,3753.73,275.659,1053.46,-6.87152e-05,-0.011807,-15.2893,5630.44,126.533,-2291.82,0.00129472,0.0196421,-17.1622,3874.22,137.72,248.081,0.0013424,-0.00234968,-14.7793
8.689,38.2662,-21.0071,4.99702,-0.621588,2.4728,2.50918,-0.490932,-0.0199733,0.0042339,2612.55,1,0.0605926,0,0.5,-0.284839,-0.262401,-0.011252,0.0115282,-0.0468101,-0.0710467,-0.0574156,-0.082026,5472.97,-925.759,-3558.39,0.00109308,0.0369863,-17.6458,3754.35,489.083,1079.58,0.00209997,-0.0127213,-15.2842,5630.4,122.876,-2255.51,0.00125796,0.0192728,-17.1613,3873.96,148.858,216.438,0.00139943,-0.00198328,-14.7798
8.699,38.2149,-21.0135,4.99708,-0.622282,0.673136,2.39104,-0.491603,-0.0199684,0.00423386,2612.75,1,0.0612388,0,0.5,-0.284789,-0.26244,-0.0112517,0.011528,-0.0468063,-0.0710441,-0.0574198,-0.0820229,5470.32,-1075.03,-3880.26,0.000605037,0.0430082,-17.645,3755.08,144.365,1071.95,-0.001485,-0.0115266,-15.2874,5630.13,143.124,-2271.88,0.00143338,0.0194337,-17.1609,3874.54,206.777,250.086,0.00189622,-0.00223716,-14.7784
8.709,38.1636,-21.0197,4.99668,-0.62197,2.01161,2.52279,-0.491202,-0.0199689,0.00423357,2612.98,1,0.0609148,0,0.5,-0.284971,-0.262498,-0.011252,0.0115283,-0.0468111,-0.0710457,-0.0574197,-0.082024,5470.62,-1049.41,-3685.34,0.000272581,0.0395502,-17.6563,3754.26,349.02,1058.04,0.000686404,-0.0120899,-15.284,5630.21,128.925,-2252.92,0.00130914,0.0192452,-17.1603,3874.11,176.74,228.962,0.00163362,-0.00206481,-14.7806
8.719,38.1123,-21.0256,4.99688,-0.622221,1.07489,2.30881,-0.491475,-0.019966,0.00423345,2612.83,1,0.0611631,0,0.5,-0.284867,-0.262464,-0.0112519,0.0115282,-0.0468259,-0.0710393,-0.0574227,-0.082022,5475.49,-1203.34,-3786.49,-0.000979983,0.0418943,-17.6378,3753.3,202.142,1060.16,-0.000856286,-0.0116245,-15.2876,5630.2,156.426,-2267.93,0.00154629,0.0193881,-17.1619,3874.43,188.745,249.171,0.00175435,-0.00225841,-14.7784
8.729,38.061,-21.0312,4.99685,-0.621333,0.917832,2.32687,-0.490304,-0.0199707,0.00423408,2613.35,1,0.0612527,0,0.5,-0.285064,-0.26251,-0.0112529,0.011529,-0.0468279,-0.071031,-0.0574193,-0.0820278,5478.48,-1547.91,-3531.33,-0.00506315,0.038995,-17.6354,3749.31,306.546,1117.82,7.56938e-05,-0.0126927,-15.2778,5630,179.142,-2250.55,0.00173563,0.0192021,-17.1634,3874.47,170.139,255.079,0.00161398,-0.00235726,-14.781
8.739,38.0096,-21.0366,4.99686,-0.622671,1.2337,2.32864,-0.492139,-0.0199688,0.00423418,2613.41,1,0.0611126,0,0.5,-0.284794,-0.262432,-0.0112516,0.0115289,-0.0468276,-0.071043,-0.0574247,-0.0820225,5476.34,-990.541,-3903.64,0.0015442,0.042949,-17.6349,3754.15,96.9035,1060.83,-0.00193344,-0.0111991,-15.2867,5630.98,104.683,-2276.37,0.00110582,0.0194886,-17.1616,3873.41,237.545,258.537,0.0021462,-0.00227935,-14.7788
8.749,37.9582,-21.0418,4.99682,-0.621745,0.814219,2.05352,-0.490867,-0.0199723,0.00423492,2612.99,1,0.0612641,0,0.5,-0.285036,-0.262476,-0.0112526,0.0115275,-0.0468304,-0.0710369,-0.057424,-0.082025,5478.88,-1170.18,-3766.06,-0.000699637,0.0413556,-17.6553,3751.56,270.31,1080.83,-0.000203644,-0.0121198,-15.2859,5631.25,157.987,-2263.23,0.00155824,0.0193359,-17.1606,3873.02,196.193,251.955,0.00181688,-0.0022757,-14.7803
8.759,37.9068,-21.0467,4.997,-0.621972,1.16461,1.88432,-0.491479,-0.0199754,0.00423521,2613.21,1,0.0610255,0,0.5,-0.284908,-0.262465,-0.0112522,0.0115285,-0.0468281,-0.0710496,-0.057424,-0.0820263,5479.37,-1102.89,-3831.2,0.000174234,0.042171,-17.6409,3755.03,266.566,1122.6,-0.000362758,-0.0125928,-15.2873,5632.06,116.88,-2286.7,0.00121272,0.0195868,-17.1616,3872.13,207.96,235.128,0.00188405,-0.00207953,-14.779
8.769,37.8554,-21.0513,4.99661,-0.62239,1.15969,2.37586,-0.491481,-0.0199792,0.00423628,2612.91,1,0.0612634,0,0.5,-0.285071,-0.2625,-0.0112519,0.0115286,-0.0468154,-0.0710497,-0.0574232,-0.0820286,5475.51,-1112.78,-3832.93,7.97453e-05,0.0422899,-17.6516,3754.64,205.994,1077.24,-0.000865353,-0.0118344,-15.2853,5631.88,165.193,-2244.45,0.00161469,0.0191396,-17.1613,3871.67,198.447,240.847,0.00181973,-0.00215481,-14.7797
8.779,37.8039,-21.0557,4.99721,-0.620985,0.771525,1.02658,-0.490598,-0.0199747,0.00423618,2612.69,1,0.0609788,0,0.5,-0.284646,-0.262309,-0.0112497,0.011529,-0.0468436,-0.0710281,-0.0574283,-0.0820224,5489.67,-1224.8,-3721.2,-0.00137589,0.0407198,-17.6283,3750.17,403.851,1123.78,0.00108883,-0.0130625,-15.2949,5632.04,160.265,-2274.93,0.00157871,0.0194516,-17.1633,3871.3,178.715,257.803,0.0016864,-0.00237164,-14.7777
8.789,37.7524,-21.0598,4.99691,-0.621682,1.29017,2.31092,-0.490774,-0.0199891,0.00423785,2613.18,1,0.0610863,0,0.5,-0.285209,-0.26262,-0.0112509,0.0115287,-0.0467897,-0.07106,-0.0574189,-0.0820363,5470.6,-1101.26,-3768.48,6.66918e-06,0.0411728,-17.6693,3755.4,302.305,1096.51,9.16845e-05,-0.0124019,-15.2743,5632.57,145.759,-2260.52,0.00145294,0.0193083,-17.1602,3871.2,190.966,266.866,0.00179579,-0.00244608,-14.7811
8.799,37.7009,-21.0637,4.99725,-0.621893,0.610915,1.75137,-0.491322,-0.0199786,0.00423702,2612.96,1,0.0611312,0,0.5,-0.284645,-0.262285,-0.011253,0.0115265,-0.0468381,-0.0710343,-0.0574268,-0.0820283,5485.91,-1233.59,-3781.92,-0.00130315,0.0418382,-17.6151,3750.97,213.461,1042.49,-0.000690797,-0.0114684,-15.2998,5632.43,142.044,-2243.83,0.00141667,0.0191406,-17.1641,3871.32,180.964,228.221,0.00166746,-0.00205096,-14.777
8.809,37.6494,-21.0673,4.99678,-0.622154,0.927732,2.55076,-0.491001,-0.0199871,0.00423842,2612.94,1,0.061318,0,0.5,-0.285065,-0.262534,-0.0112519,0.0115276,-0.0468078,-0.0710456,-0.0574208,-0.0820377,5476.69,-1126.54,-3803.16,-0.000152592,0.041821,-17.662,3751.91,170.519,1099.56,-0.00129639,-0.0119649,-15.2763,5632.42,154.679,-2261.89,0.00152907,0.0193194,-17.1602,3871.91,204.061,258.078,0.00188726,-0.00232788,-14.7813
8.819,37.5979,-21.0707,4.99706,-0.621939,1.32515,2.22892,-0.49124,-0.0199834,0.00423778,2612.93,1,0.0609995,0,0.5,-0.284748,-0.262368,-0.0112518,0.0115284,-0.0468294,-0.0710427,-0.0574232,-0.0820367,5484.15,-1268.61,-3684.16,-0.00191721,0.0403413,-17.6237,3752.19,326.663,1105.84,0.000320266,-0.0126039,-15.2938,5631.96,153.765,-2266.75,0.00152227,0.0193709,-17.1629,3872.5,171.218,245.149,0.00161223,-0.00224901,-14.7787
8.829,37.5463,-21.0738,4.99704,-0.621998,0.964121,1.88759,-0.491286,-0.0199838,0.00423841,2613.01,1,0.0611047,0,0.5,-0.284801,-0.262391,-0.0112511,0.0115288,-0.0468174,-0.071043,-0.0574219,-0.0820389,5479.94,-1100.97,-3915.58,0.00044235,0.0436621,-17.6507,3752.95,316.868,1159.44,6.7151e-05,-0.0132193,-15.2924,5631.59,150.249,-2255.84,0.00148977,0.0192624,-17.1611,3872.91,175.657,247.597,0.0016506,-0.0022666,-14.7805
8.839,37.4947,-21.0767,4.99645,-0.623305,2.3673,4.15885,-0.492139,-0.0199815,0.00423844,2613.08,1,0.0611032,0,0.5,-0.28472,-0.262396,-0.0112509,0.0115311,-0.0468228,-0.0710389,-0.0574228,-0.0820387,5478.97,-1140.65,-3413.92,-0.00137183,0.0356173,-17.6401,3750.15,152.318,892.385,-0.000890304,-0.00953355,-15.2874,5631.53,157.546,-2274.99,0.00155675,0.0194551,-17.1622,3872.71,178.769,239.656,0.00166427,-0.00217577,-14.7801
8.849,37.4431,-21.0793,4.99578,-0.621001,1.4976,1.96565,-0.490386,-0.0199852,0.00423883,2613.07,1,0.0614468,0,0.5,-0.285012,-0.262498,-0.0112518,0.0115277,-0.0467967,-0.0710551,-0.0574198,-0.0820426,5473.89,-1364.57,-3655.42,-0.00296141,0.0403681,-17.6398,3755.28,178.33,1154.19,-0.00137558,-0.0126298,-15.2717,5631.01,163.745,-2266.95,0.00160821,0.0193723,-17.163,3873.63,287.811,269.284,0.00254743,-0.00232587,-14.7812
8.859,37.3915,-21.0817,4.99685,-0.622482,1.08049,1.69821,-0.492022,-0.0199754,0.00423828,2612.93,1,0.0611191,0,0.5,-0.284665,-0.262353,-0.0112525,0.0115296,-0.0468118,-0.0710497,-0.0574265,-0.0820357,5476.64,-1160.82,-3996.94,7.6867e-05,0.0455184,-17.6299,3757.8,223.071,1159.03,-0.000920677,-0.0128572,-15.2959,5631.29,139.804,-2317.45,0.00141507,0.0198978,-17.1618,3873.95,176.447,263.819,0.00167608,-0.00243965,-14.7794
8.869,37.3399,-21.0838,4.99701,-0.62222,1.22848,2.38639,-0.490861,-0.0199722,0.00423795,2613.23,1,0.0610905,0,0.5,-0.284658,-0.262343,-0.0112519,0.0115258,-0.0468312,-0.0710315,-0.0574258,-0.0820339,5484.18,-1168.05,-3716.42,-0.000829574,0.0404481,-17.6475,3751.37,309.786,1045.05,0.000311343,-0.011825,-15.2912,5629.74,150.989,-2261.1,0.00149793,0.0193222,-17.163,3875.03,210.267,264.821,0.00194406,-0.00238727,-14.7797
8.879,37.2883,-21.0857,4.9973,-0.621829,1.63217,2.26793,-0.491151,-0.0199773,0.00423886,2613.04,1,0.0607982,0,0.5,-0.285,-0.262522,-0.0112522,0.0115274,-0.0467911,-0.0710572,-0.0574236,-0.0820399,5467.74,-798.942,-3765.72,0.0030041,0.0397564,-17.668,3756.81,316.193,912.048,0.000737548,-0.010267,-15.2812,5629.5,130.888,-2275.51,0.0013292,0.0194772,-17.1592,3874.84,170.739,254.42,0.00161864,-0.00234871,-14.7817
8.889,37.2367,-21.0873,4.99687,-0.622238,1.17329,2.32791,-0.49164,-0.01997,0.00423847,2613.04,1,0.0611606,0,0.5,-0.284811,-0.262391,-0.0112521,0.0115274,-0.046815,-0.0710443,-0.0574297,-0.0820344,5474.5,-1064.78,-3852.97,0.000625108,0.0424275,-17.6436,3755.8,268.248,1100.64,-0.000282704,-0.0123342,-15.2985,5630.25,142.349,-2273.89,0.00142718,0.0194541,-17.163,3874.39,206.409,247.86,0.00189025,-0.00221435,-14.7802
8.899,37.1851,-21.0886,4.99756,-0.621533,0.0778196,1.93798,-0.490488,-0.0199686,0.0042384,2613.03,1,0.0612636,0,0.5,-0.284783,-0.262401,-0.0112516,0.0115266,-0.0468407,-0.0710314,-0.057431,-0.0820347,5484.36,-1326.98,-3875.75,-0.00201331,0.0439637,-17.636,3751.52,229.553,1353.17,-0.00143414,-0.0152895,-15.2817,5630.01,181.829,-2263.61,0.00176164,0.019334,-17.1642,3874.81,170.411,255.341,0.00161692,-0.00235936,-14.7787
8.909,37.1334,-21.0897,4.99736,-0.622075,0.621922,2.22766,-0.491448,-0.019972,0.00423952,2613.04,1,0.0611698,0,0.5,-0.284954,-0.26248,-0.0112514,0.0115265,-0.0468094,-0.0710438,-0.0574306,-0.082036,5472.81,-1016.33,-3892.13,0.00124657,0.0429085,-17.6549,3754.85,213.246,1061.31,-0.00074397,-0.0116749,-15.2882,5630.51,131.477,-2267.26,0.00133295,0.0193892,-17.161,3873.97,205.015,254.484,0.00188868,-0.00228693,-14.7808
8.919,37.0818,-21.0905,4.99708,-0.622033,0.985435,2.22891,-0.491354,-0.0199708,0.00423952,2612.89,1,0.0611431,0,0.5,-0.284939,-0.262456,-0.0112549,0.0115249,-0.0468242,-0.0710383,-0.0574336,-0.0820332,5478.14,-1148.48,-3828.59,-0.000299173,0.042351,-17.6456,3753.75,259.962,1138.2,-0.000476421,-0.0127601,-15.2907,5631.38,158.183,-2265.01,0.00156063,0.0193535,-17.1629,3873.01,173.264,249.874,0.00163268,-0.00229568,-14.7813
8.929,37.0301,-21.0911,4.99695,-0.621847,0.889832,2.24765,-0.490968,-0.019976,0.00424046,2612.95,1,0.0612506,0,0.5,-0.285125,-0.262547,-0.0112528,0.0115282,-0.0468097,-0.0710435,-0.0574312,-0.0820375,5474.63,-1282.34,-3724.42,-0.00194946,0.0411828,-17.6452,3753.77,190.053,1071.03,-0.00101219,-0.0117033,-15.2814,5631.12,172.479,-2247.08,0.00167686,0.0191659,-17.162,3873.11,136.636,246.332,0.00133258,-0.00233356,-14.7804
8.939,36.9785,-21.0915,4.99692,-0.622999,1.41775,3.06874,-0.492145,-0.0199738,0.0042404,2613,1,0.0611364,0,0.5,-0.284814,-0.262387,-0.0112529,0.0115287,-0.0468314,-0.0710371,-0.0574342,-0.082035,5480.76,-1132.68,-3627.05,-0.000716309,0.0388636,-17.6276,3752.11,122.37,941.837,-0.0013341,-0.00996336,-15.2905,5631.85,129.955,-2282.58,0.001323,0.0195413,-17.1645,3872.24,192.68,232.015,0.00176234,-0.00207088,-14.7789
8.949,36.9268,-21.0915,4.99709,-0.621946,0.909949,2.48605,-0.490751,-0.0199818,0.00424129,2613.2,1,0.0612098,0,0.5,-0.285058,-0.26251,-0.011253,0.0115265,-0.0468202,-0.0710439,-0.0574291,-0.0820416,5479.78,-1239.96,-3682.7,-0.00163314,0.0402404,-17.6505,3752.49,279.92,1129.72,-0.000239549,-0.012734,-15.2805,5631.45,199.107,-2272.81,0.00191071,0.0194146,-17.1624,3872.1,126.085,241.881,0.00123901,-0.00230906,-14.7815
8.959,36.8752,-21.0914,4.99748,-0.622355,0.867365,2.47056,-0.491759,-0.0199811,0.00424159,2612.68,1,0.0610523,0,0.5,-0.284809,-0.262384,-0.0112523,0.0115277,-0.0468199,-0.071043,-0.0574318,-0.0820391,5478.38,-1028.19,-3826.59,0.000906601,0.0417517,-17.6363,3754.18,260.267,1088.54,-0.00033203,-0.0121678,-15.2925,5631.73,111.194,-2228.1,0.00115082,0.0189938,-17.1644,3871.22,153.055,214.507,0.00143115,-0.00195575,-14.7801
8.969,36.8235,-21.0909,4.99784,-0.622042,-0.724673,0.236001,-0.490956,-0.0199812,0.00424191,2613.36,1,0.0613169,0,0.5,-0.284709,-0.262302,-0.0112507,0.0115253,-0.0468422,-0.0710219,-0.057432,-0.0820438,5489.44,-1269.32,-4215.11,-0.000414992,0.0503881,-17.6413,3748.48,372.416,1308.15,0.000241472,-0.0152823,-15.2927,5632.1,115.933,-2298.07,0.00120551,0.0197034,-17.1658,3872.01,194.807,294.831,0.00186155,-0.00274158,-14.7812
8.979,36.7719,-21.0903,4.99769,-0.621551,0.0655289,1.67518,-0.490917,-0.0199902,0.00424267,2613.34,1,0.0612177,0,0.5,-0.284946,-0.262508,-0.0112567,0.0115225,-0.0468044,-0.0710483,-0.0574261,-0.0820477,5478.36,-1087.38,-3921.84,0.000609073,0.0437281,-17.6635,3753.21,102.535,1150.13,-0.00214103,-0.0122639,-15.2726,5632.13,142.128,-2267.44,0.00142398,0.0193817,-17.1612,3871.79,210.91,260.822,0.00194461,-0.00234552,-14.7823
8.989,36.7202,-21.0893,4.99756,-0.621858,1.83292,3.59349,-0.491815,-0.0199861,0.00424226,2613.16,1,0.0607574,0,0.5,-0.28477,-0.262338,-0.0112561,0.0115232,-0.0468178,-0.0710442,-0.0574289,-0.0820463,5479.31,-959.113,-2985.16,-0.000785828,0.0291117,-17.637,3749.56,328.93,726.536,0.00134158,-0.00818348,-15.2938,5634.87,20.5198,-2338.78,0.000396829,0.0201277,-17.1637,3868.57,206.412,150.182,0.00173587,-0.00123479,-14.7784
8.999,36.6686,-21.0881,4.99729,-0.622302,0.839095,2.5223,-0.491526,-0.0199863,0.004243,2613.14,1,0.0611557,0,0.5,-0.284893,-0.262471,-0.0112523,0.0115278,-0.0467959,-0.0710486,-0.0574315,-0.0820458,5474.04,-1044.81,-3829.74,0.000755659,0.0419311,-17.6511,3754.42,152.573,1077.4,-0.00141602,-0.0116256,-15.2816,5632.71,137.443,-2270.42,0.00138411,0.0194116,-17.1623,3871.53,203.221,248.733,0.00186797,-0.00223033,-14.7814
9.009,36.6169,-21.0867,4.99757,-0.622875,-0.0577755,1.30226,-0.49212,-0.0199775,0.00424214,2613.11,1,0.0612791,0,0.5,-0.284521,-0.26232,-0.0112528,0.011527,-0.0468403,-0.0710256,-0.0574356,-0.0820432,5488.36,-1157.28,-4164.84,0.000644615,0.0486978,-17.6387,3750.63,262.129,1175.87,-0.000563295,-0.0132332,-15.2991,5631.26,148.069,-2273.12,0.00147348,0.0194405,-17.1639,3873.18,204.248,267.562,0.0019028,-0.00242806,-14.7788
9.019,36.5653,-21.085,4.99726,-0.622457,0.673629,3.12329,-0.491614,-0.0199891,0.00424374,2613.23,1,0.0612977,0,0.5,-0.285201,-0.262616,-0.0112529,0.0115252,-0.0467652,-0.0710642,-0.0574272,-0.0820526,5461.8,-792.631,-3959.28,0.00376307,0.0431194,-17.692,3758.3,10.682,1091.94,-0.00287277,-0.0111486,-15.2675,5631.54,137.496,-2264.85,0.00138372,0.019359,-17.1596,3872.98,225.593,257.263,0.00205219,-0.00228387,-14.7849
9.029,36.5137,-21.083,4.99835,-0.622225,0.0307547,2.25038,-0.491558,-0.0199697,0.00424193,2613.23,1,0.0610223,0,0.5,-0.284399,-0.26221,-0.0112546,0.0115241,-0.0468515,-0.0710143,-0.0574392,-0.0820404,5488.9,-1264.35,-3661.53,-0.00193832,0.0398972,-17.6115,3747.46,188.663,960.863,-0.0007161,-0.0104475,-15.3063,5632.13,130.593,-2267.52,0.00132673,0.0193865,-17.1662,3874.57,178.231,215.059,0.00162859,-0.00191528,-14.778
9.039,36.4621,-21.0808,4.99757,-0.620908,1.10151,1.66058,-0.490088,-0.0199768,0.00424301,2613.39,1,0.060866,0,0.5,-0.284831,-0.262433,-0.0112521,0.0115261,-0.0468221,-0.0710263,-0.0574317,-0.0820481,5482.65,-1002.92,-3762.62,0.000954767,0.0405013,-17.6696,3749.82,457.313,1161.39,0.00156038,-0.0136817,-15.2818,5630.1,135.201,-2255.81,0.00136227,0.0192728,-17.1611,3874.89,167.262,256.152,0.00159184,-0.00237444,-14.7823
9.049,36.4105,-21.0784,4.99751,-0.622164,0.571707,2.26494,-0.491661,-0.0199733,0.00424336,2613.2,1,0.0611509,0,0.5,-0.284783,-0.262406,-0.0112528,0.0115276,-0.0468008,-0.0710401,-0.0574349,-0.0820456,5472.75,-1035.08,-3976.51,0.00132352,0.0445426,-17.6453,3755.35,134.809,1169.65,-0.00187158,-0.0126293,-15.2872,5629.97,142.376,-2261.24,0.00142431,0.019326,-17.1626,3874.94,193,272.988,0.00181925,-0.00250607,-14.7811
9.059,36.3589,-21.0757,4.99736,-0.621639,0.717253,2.41926,-0.490697,-0.0199689,0.00424334,2613.34,1,0.0611826,0,0.5,-0.284814,-0.262409,-0.0112532,0.0115274,-0.0468219,-0.0710257,-0.0574373,-0.0820434,5479.49,-1362.33,-3637.45,-0.00297965,0.0399999,-17.6369,3751.1,283.298,1113.51,-0.000158752,-0.0125559,-15.2875,5629.77,171.97,-2266.34,0.00167841,0.019367,-17.1636,3875.14,174.317,257.646,0.00165056,-0.00237635,-14.7814
9.069,36.3073,-21.0727,4.99754,-0.622252,0.930364,2.53992,-0.491607,-0.0199682,0.00424371,2613.21,1,0.0610232,0,0.5,-0.284839,-0.262447,-0.0112534,0.0115276,-0.046805,-0.071043,-0.0574384,-0.0820426,5472.62,-1030.1,-3818.58,0.000868853,0.0416838,-17.6497,3757.07,196.62,1044.43,-0.000866157,-0.0114093,-15.2861,5629.83,131.28,-2272.19,0.00133261,0.0194419,-17.1625,3874.68,201.093,249.449,0.00185077,-0.00223977,-14.7817
9.079,36.2558,-21.0695,4.9974,-0.621886,0.612392,2.5618,-0.491144,-0.0199721,0.00424488,2613.26,1,0.0612131,0,0.5,-0.285294,-0.262657,-0.0112529,0.0115276,-0.0467691,-0.0710609,-0.0574372,-0.0820449,5460.86,-1125.16,-3867.13,6.45472e-05,0.0431208,-17.668,3761.77,112.953,1136.18,-0.00198866,-0.0121179,-15.2751,5630.03,152.365,-2261.18,0.00151012,0.0193215,-17.1613,3874.3,215.548,263.673,0.00198316,-0.00236665,-14.7846
9.089,36.2042,-21.066,4.99762,-0.622414,0.779663,2.11002,-0.491733,-0.0199587,0.00424391,2612.35,1,0.0610175,0,0.5,-0.284663,-0.262292,-0.0112535,0.0115273,-0.0468451,-0.0710224,-0.0574471,-0.0820343,5484.6,-1325.94,-3783.55,-0.00223791,0.0422944,-17.6124,3753.89,288.535,1092.26,-4.59754e-05,-0.0123103,-15.3047,5630.27,161.121,-2267.64,0.00158593,0.019383,-17.1628,3874.24,197.589,227.424,0.00179395,-0.00201396,-14.7843
9.099,36.1527,-21.0623,4.99747,-0.621789,0.622064,2.25611,-0.490866,-0.0199671,0.0042454,2613.31,1,0.0611627,0,0.5,-0.284962,-0.26247,-0.0112533,0.0115273,-0.0468296,-0.0710251,-0.0574413,-0.0820421,5482.08,-1130.9,-3846.74,-6.98787e-05,0.0425458,-17.6598,3753.12,290.9,1220.47,-0.000383913,-0.0138741,-15.28,5629.76,157.853,-2256.13,0.00155569,0.0192688,-17.1624,3874.41,184.834,260.627,0.0017382,-0.00238855,-14.7824
9.109,36.1012,-21.0583,4.99759,-0.622049,0.546402,2.32731,-0.491387,-0.0199711,0.00424604,2613.32,1,0.0611538,0,0.5,-0.285054,-0.262491,-0.0112522,0.0115253,-0.0468115,-0.0710396,-0.057441,-0.082043,5475.54,-1164.17,-3791.35,-0.000563123,0.0418007,-17.6511,3755.73,198.276,1007.59,-0.000745486,-0.010994,-15.2886,5630.57,135.912,-2264.1,0.00137068,0.0193553,-17.163,3873.28,197.693,251.118,0.00182711,-0.00226403,-14.7816
9.119,36.0497,-21.0541,4.99756,-0.622416,0.867561,2.48669,-0.491726,-0.0199682,0.00424601,2613.08,1,0.0610432,0,0.5,-0.284784,-0.262351,-0.0112538,0.0115279,-0.0468405,-0.0710215,-0.0574456,-0.0820396,5486.13,-1123.04,-3768.81,-0.000218469,0.041114,-17.636,3751.99,276.617,1083.93,-0.000147963,-0.0121769,-15.2966,5631.3,147.103,-2272.97,0.0014677,0.0194392,-17.1646,3872.66,181.39,241.36,0.00168709,-0.00218923,-14.7796
9.129,35.9983,-21.0496,4.99753,-0.621748,0.55402,2.45571,-0.490682,-0.0199776,0.00424682,2613.35,1,0.0611842,0,0.5,-0.285069,-0.262525,-0.0112537,0.0115271,-0.0468175,-0.0710364,-0.0574416,-0.0820459,5481.12,-1270.11,-3728.64,-0.00181412,0.0411335,-17.6565,3754.03,288.543,1142.89,-0.000184837,-0.0129174,-15.2778,5633.17,160.882,-2227.55,0.00157715,0.0189656,-17.1635,3872.25,174.771,257.001,0.00165445,-0.00237014,-14.7824
9.139,35.9468,-21.0449,4.99794,-0.622151,0.471656,2.17756,-0.491369,-0.0199764,0.00424647,2613.14,1,0.0610257,0,0.5,-0.284759,-0.262352,-0.0112555,0.0115238,-0.0468298,-0.0710336,-0.0574442,-0.082044,5484.81,-1106.56,-3765.95,-6.23765e-05,0.0410046,-17.6306,3752.82,226.64,1049.59,-0.000572404,-0.0115938,-15.2939,5632.51,133.674,-2279.27,0.001354,0.019504,-17.165,3871.4,180.72,238.976,0.00167935,-0.00216566,-14.7788
9.149,35.8954,-21.0399,4.99732,-0.622248,0.318237,1.85782,-0.491207,-0.0199829,0.0042472,2613.4,1,0.0613201,0,0.5,-0.285003,-0.262497,-0.0112537,0.0115267,-0.0468037,-0.0710407,-0.0574407,-0.0820486,5478.07,-1132.97,-4000.04,0.000382267,0.0454185,-17.6571,3754.27,165.921,1214.16,-0.00168297,-0.0132978,-15.2803,5632.53,143.193,-2258.77,0.00143053,0.0192916,-17.1638,3871.14,214.071,261.085,0.00196984,-0.00234343,-14.7821
9.159,35.844,-21.0347,4.99689,-0.624572,1.58236,4.69425,-0.493164,-0.0199799,0.00424666,2613.24,1,0.0611761,0,0.5,-0.284756,-0.262394,-0.0112524,0.0115295,-0.0468222,-0.0710291,-0.0574435,-0.0820467,5481.13,-1160.06,-3628.2,-0.000986658,0.0389931,-17.6346,3750.56,38.3509,968.14,-0.00223924,-0.00989857,-15.2903,5633.41,180.071,-2312.11,0.00175803,0.0198196,-17.1655,3870.89,170.184,248.192,0.00160835,-0.00228468,-14.7794
9.169,35.7926,-21.0292,4.99774,-0.621128,0.0989256,1.86888,-0.490409,-0.0199805,0.00424652,2613.41,1,0.0612561,0,0.5,-0.2847,-0.262331,-0.0112554,0.0115217,-0.0468317,-0.0710128,-0.0574425,-0.0820494,5487.36,-1318.99,-3551.09,-0.00275947,0.0383398,-17.6345,3745.19,143.568,978.927,-0.00122484,-0.010486,-15.2887,5633,139.321,-2272.16,0.00140104,0.0194277,-17.1637,3870.92,228.649,234.171,0.00204079,-0.002041,-14.7832
9.179,35.7413,-21.0234,4.99731,-0.622299,1.14479,3.76011,-0.491353,-0.0199858,0.00424707,2613.37,1,0.0611182,0,0.5,-0.285017,-0.26256,-0.0112524,0.0115278,-0.0467764,-0.0710453,-0.057439,-0.0820543,5467.58,-1129.43,-3553.73,-0.000891891,0.0378083,-17.6544,3753.43,105.559,1000.84,-0.00166823,-0.0105541,-15.2776,5632.4,160.797,-2270.4,0.00158357,0.0194038,-17.1623,3871.62,168.578,240.783,0.00158562,-0.00220758,-14.7831
9.189,35.69,-21.0174,4.99791,-0.622272,0.907163,2.60409,-0.49179,-0.0199731,0.00424563,2613.31,1,0.0608911,0,0.5,-0.284572,-0.262277,-0.0112519,0.0115288,-0.0468179,-0.0710244,-0.057446,-0.0820479,5479.96,-1097.75,-3773.71,4.39711e-05,0.0411474,-17.6312,3751.22,355.532,1066.37,0.000731769,-0.0122189,-15.306,5631.57,148.578,-2274.49,0.00147954,0.0194533,-17.1657,3872.91,161.605,242.834,0.00153276,-0.00224274,-14.7787
9.199,35.6387,-21.0112,4.99755,-0.621367,0.324791,2.06019,-0.490262,-0.0199775,0.00424613,2613.41,1,0.0612528,0,0.5,-0.284988,-0.26256,-0.0112528,0.0115273,-0.0468009,-0.0710324,-0.05744,-0.0820552,5475.28,-1358.43,-3761.87,-0.00263601,0.0421605,-17.6607,3751.24,294.085,1154.93,-0.00016015,-0.0130922,-15.2779,5630.33,175.273,-2253.54,0.00170301,0.0192331,-17.1637,3874.5,193.107,261.086,0.00180443,-0.002378,-14.783
9.209,35.5875,-21.0047,4.99774,-0.622854,0.899583,3.20851,-0.492195,-0.0199699,0.00424542,2613.36,1,0.060992,0,0.5,-0.284682,-0.262388,-0.0112543,0.0115253,-0.0468053,-0.0710416,-0.0574445,-0.0820495,5472.31,-999.356,-3783.31,0.00106546,0.04094,-17.6402,3756.12,202.955,973.678,-0.000601608,-0.0106214,-15.2952,5630.22,128.924,-2274.22,0.00131237,0.0194621,-17.1641,3874.4,176.919,229.875,0.00163673,-0.00207404,-14.7805
9.219,35.5363,-20.9979,4.99766,-0.622494,1.85743,4.4009,-0.491021,-0.0199715,0.00424582,2613.46,1,0.060701,0,0.5,-0.285032,-0.262479,-0.0112537,0.0115291,-0.0467948,-0.0710472,-0.0574427,-0.0820523,5469.19,-967.807,-3674.66,0.00104732,0.0390306,-17.6664,3758.01,483.314,1273.98,0.00153685,-0.0151585,-15.2848,5628.4,223.911,-2223.5,0.00210665,0.0189099,-17.1632,3876.2,63.8256,263.035,0.000686729,-0.00267654,-14.7843
9.229,35.4851,-20.9909,4.99789,-0.622011,-0.0645685,0.895763,-0.49142,-0.0199619,0.00424526,2613.19,1,0.0612061,0,0.5,-0.284602,-0.262311,-0.0112543,0.0115268,-0.046836,-0.0710284,-0.0574489,-0.0820456,5483.27,-1196.06,-4121.73,8.68073e-05,0.0480898,-17.6265,3754.3,251.964,1249.46,-0.000885714,-0.0140788,-15.2957,5629.61,146.017,-2270.73,0.00145774,0.0194227,-17.1658,3875.38,193.576,260.017,0.00180719,-0.00236518,-14.7797
9.239,35.4339,-20.9837,4.9977,-0.621219,0.986537,2.40603,-0.490049,-0.019967,0.00424616,2613.48,1,0.0609453,0,0.5,-0.28493,-0.262445,-0.011254,0.011527,-0.0468268,-0.0710281,-0.0574433,-0.082051,5480.83,-1260.48,-3595.8,-0.00206858,0.0388869,-17.651,3752.56,413.89,1141.75,0.00115176,-0.0133051,-15.2839,5628.28,161.905,-2243.03,0.00158587,0.019139,-17.1644,3876.12,146.212,245.896,0.00141089,-0.00230623,-14.7827
9.249,35.3828,-20.9762,4.99858,-0.622673,-0.0824976,2.73119,-0.492083,-0.0199682,0.0042463,2613.37,1,0.0610253,0,0.5,-0.28488,-0.262427,-0.0112577,0.0115292,-0.0468125,-0.071049,-0.0574438,-0.082051,5473.31,-1061.65,-3881.54,0.000748446,0.0429331,-17.6429,3757.3,124.341,1045.33,-0.0016079,-0.0111297,-15.2895,5630.09,125.553,-2269.42,0.00128337,0.0194146,-17.1632,3874.46,201.769,249.317,0.00185613,-0.00223736,-14.7819
9.259,35.3318,-20.9684,4.99766,-0.622299,0.287123,2.62255,-0.491499,-0.0199658,0.00424719,2613.38,1,0.0612573,0,0.5,-0.284955,-0.262454,-0.0112538,0.0115271,-0.046811,-0.0710369,-0.0574501,-0.0820456,5473.97,-1131.6,-3813.33,-0.00017204,0.0420506,-17.649,3756,119.403,1066.39,-0.0017215,-0.0113546,-15.2847,5630.57,152.642,-2268.95,0.00151412,0.0193987,-17.1642,3873.63,207.161,251.031,0.00190054,-0.002247,-14.7829
9.269,35.2807,-20.9604,4.99783,-0.622416,0.772877,2.52411,-0.491854,-0.0199673,0.00424754,2613.43,1,0.0609771,0,0.5,-0.284971,-0.262481,-0.0112548,0.0115281,-0.0468111,-0.0710399,-0.0574515,-0.0820451,5474.35,-945.903,-3892.31,0.00196742,0.0425513,-17.6628,3757.25,267.551,1043.94,-0.000129799,-0.0116567,-15.2921,5631.27,113.831,-2267.58,0.0011825,0.0193953,-17.1641,3872.82,195.563,245.828,0.00180351,-0.00221175,-14.782
9.279,35.2297,-20.9522,4.9979,-0.621523,0.276058,2.04171,-0.490608,-0.019969,0.00424799,2612.5,1,0.0611459,0,0.5,-0.284962,-0.262429,-0.011252,0.0115256,-0.0468292,-0.0710229,-0.0574516,-0.0820462,5482.42,-1261.36,-3703.49,-0.00179009,0.0406542,-17.6462,3751.82,292.349,1102.28,-3.27981e-05,-0.0124498,-15.2891,5631.19,166.1,-2268.85,0.00162873,0.0193901,-17.1652,3873.04,181.341,260.42,0.00171052,-0.00239381,-14.7816
9.289,35.1788,-20.9436,4.9977,-0.622494,0.720119,2.89361,-0.491625,-0.0199735,0.0042485,2613.35,1,0.0610719,0,0.5,-0.284877,-0.262423,-0.0112544,0.0115274,-0.04683,-0.0710271,-0.0574498,-0.0820493,5483.1,-1128.96,-3729.35,-0.000392799,0.0405049,-17.6401,3751.68,194.51,1083.24,-0.00100237,-0.01187,-15.2865,5631.84,130.353,-2267.42,0.00132309,0.0193865,-17.1646,3872.04,184.114,241.049,0.00170798,-0.00218134,-14.7812
9.299,35.1279,-20.9349,4.99751,-0.622048,0.371301,2.10744,-0.491073,-0.019979,0.00424899,2613.41,1,0.061274,0,0.5,-0.284984,-0.262445,-0.0112542,0.0115272,-0.0468269,-0.0710301,-0.0574482,-0.0820524,5484.42,-1191.01,-3840.58,-0.000702735,0.0426915,-17.6451,3751.31,159.05,1168.09,-0.00161906,-0.0127283,-15.2862,5632.07,186.199,-2253.2,0.00179502,0.0192186,-17.1671,3871.77,154.963,253.378,0.00149108,-0.00237153,-14.7843
9.309,35.077,-20.9259,4.9978,-0.622607,0.608923,3.04224,-0.491879,-0.019983,0.00424939,2613.35,1,0.0610735,0,0.5,-0.284902,-0.262431,-0.0112537,0.0115272,-0.0468124,-0.0710398,-0.0574473,-0.0820537,5478.02,-1092.87,-3679.39,-0.000179302,0.0395698,-17.6434,3753.53,255.792,975.541,-6.08344e-05,-0.0108315,-15.2901,5632.43,109.179,-2224.72,0.00113338,0.0189578,-17.1654,3869.81,188.46,182.668,0.00165666,-0.00156919,-14.7824
9.319,35.0262,-20.9166,4.99762,-0.622322,0.319511,2.40984,-0.491376,-0.0199896,0.00424982,2613.75,1,0.0612512,0,0.5,-0.285099,-0.26251,-0.0112544,0.0115258,-0.0467938,-0.0710535,-0.0574441,-0.0820584,5475.09,-1120.73,-3932.19,0.000302742,0.0441202,-17.6593,3756.3,180.285,1204.95,-0.00150684,-0.0132403,-15.2839,5633.19,149.394,-2256.87,0.0014829,0.0192677,-17.1641,3870.41,208.633,261.287,0.0019279,-0.00235509,-14.783
9.329,34.9754,-20.9071,4.99783,-0.622543,0.35762,2.68329,-0.491515,-0.0199892,0.00424956,2613.46,1,0.0611553,0,0.5,-0.284919,-0.26242,-0.0112539,0.0115264,-0.0468099,-0.0710427,-0.0574456,-0.0820582,5480.21,-1227.26,-3797.85,-0.0011922,0.0421504,-17.6396,3753.58,254.359,1102.18,-0.000432977,-0.0123107,-15.292,5632.26,139.434,-2177.59,0.00137908,0.0184741,-17.1659,3869.74,182.03,197.963,0.00163275,-0.00173369,-14.7803
9.339,34.9247,-20.8973,4.99817,-0.622171,0.498696,2.29588,-0.491117,-0.0199887,0.00424889,2613.43,1,0.0609578,0,0.5,-0.2846,-0.262286,-0.0112556,0.0115242,-0.0468467,-0.0710231,-0.0574446,-0.0820601,5495.12,-1118.42,-3697.83,-0.000381861,0.0398143,-17.6337,3746.94,353.186,1106.31,0.000600966,-0.0127102,-15.2956,5632.98,159.18,-2275.16,0.00157085,0.019451,-17.1672,3871.24,177.696,242.002,0.00166018,-0.00220362,-14.7786
9.349,34.874,-20.8873,4.99838,-0.620735,0.587594,1.22132,-0.490199,-0.0199968,0.00424936,2613.55,1,0.0607963,0,0.5,-0.284836,-0.26241,-0.0112532,0.0115263,-0.0468152,-0.071036,-0.0574398,-0.0820671,5486.95,-957.335,-3864.28,0.00173757,0.0419775,-17.6625,3749.49,479.241,1215.07,0.00165277,-0.0144244,-15.2854,5632.79,116.313,-2259.51,0.00120148,0.0193071,-17.1643,3871.23,174.976,250.909,0.00164889,-0.00230452,-14.7827
9.359,34.8233,-20.8771,4.99851,-0.621723,0.805742,1.67708,-0.491429,-0.019997,0.00424879,2613.46,1,0.0606495,0,0.5,-0.284782,-0.262372,-0.0112528,0.0115273,-0.0467976,-0.0710544,-0.05744,-0.0820676,5478.53,-953.182,-3814.01,0.00162689,0.0411817,-17.6502,3754.09,589.165,1058.25,0.00318681,-0.0126721,-15.2902,5633.35,80.0598,-2280.46,0.000895706,0.0195277,-17.1645,3870.36,211.429,240.287,0.00191847,-0.00212907,-14.7822
9.369,34.7728,-20.8666,4.99726,-0.622184,0.6269,2.83875,-0.491414,-0.0199915,0.00424877,2613.39,1,0.0612884,0,0.5,-0.284799,-0.262456,-0.0112496,0.0115302,-0.0467974,-0.0710396,-0.0574429,-0.0820654,5476.53,-1190.57,-3649.61,-0.00123656,0.0395145,-17.6418,3750.99,110.096,1048.09,-0.00176447,-0.0111195,-15.2914,5632.5,184.176,-2266.07,0.00178118,0.0193492,-17.1665,3871.78,137.791,232.192,0.00132849,-0.00217751,-14.7816
9.379,34.7222,-20.8558,4.99745,-0.621375,0.440177,1.50112,-0.490707,-0.0199921,0.0042483,2613.41,1,0.0612567,0,0.5,-0.284906,-0.262504,-0.0112519,0.011527,-0.0467901,-0.0710489,-0.0574412,-0.0820675,5475.42,-1260.87,-3794.05,-0.00155004,0.0422882,-17.6482,3753.63,188.346,1115.68,-0.00115848,-0.0122203,-15.2842,5631.82,156.572,-2264.22,0.00154585,0.0193445,-17.165,3872.51,197.897,254.196,0.0018336,-0.00229688,-14.7834
9.389,34.6718,-20.8448,4.99854,-0.622417,-0.136731,2.30382,-0.491592,-0.0199865,0.00424726,2613.51,1,0.0610554,0,0.5,-0.284695,-0.262364,-0.011254,0.0115248,-0.0468134,-0.0710442,-0.0574429,-0.0820662,5479.24,-1174.13,-3830.38,-0.000562314,0.0424892,-17.6385,3752.45,240.031,1054.75,-0.00044628,-0.0117034,-15.2951,5631.09,146.769,-2270.86,0.00146324,0.0194185,-17.1654,3873.25,197.925,251.982,0.00183051,-0.00227285,-14.7814
9.399,34.6213,-20.8335,4.99718,-0.622491,1.00128,3.98785,-0.491549,-0.0199875,0.00424768,2613.61,1,0.0611891,0,0.5,-0.284953,-0.262539,-0.0112531,0.0115302,-0.0467927,-0.0710506,-0.0574415,-0.0820686,5471.17,-1122.65,-3459.06,-0.00107786,0.0362913,-17.6601,3753.37,73.9349,950.133,-0.00183596,-0.00984836,-15.2813,5630.91,160.084,-2276.03,0.00157942,0.0194669,-17.1637,3873.22,191.9,229.542,0.00175175,-0.00204565,-14.7846
9.409,34.571,-20.822,4.99823,-0.620961,0.342463,1.72813,-0.490553,-0.0199812,0.00424678,2613.89,1,0.0609863,0,0.5,-0.284755,-0.262343,-0.0112541,0.0115227,-0.0468178,-0.0710412,-0.0574455,-0.0820644,5480.46,-1161.32,-3751.65,-0.000660209,0.041052,-17.6353,3752.27,459.991,1187.48,0.00151571,-0.0140087,-15.2998,5631.06,138.759,-2256.41,0.00139364,0.0192743,-17.1655,3874.33,206.462,261.072,0.00190975,-0.00235429,-14.781
9.419,34.5207,-20.8103,4.9978,-0.621873,0.200801,1.78183,-0.491124,-0.0199835,0.0042472,2613.86,1,0.0612252,0,0.5,-0.285024,-0.262501,-0.0112532,0.0115276,-0.0467941,-0.0710566,-0.0574438,-0.0820667,5471.17,-1164.06,-3881.52,-0.000304574,0.0434489,-17.6531,3755.28,216.078,1093.4,-0.000804706,-0.0120603,-15.2805,5630.78,144.767,-2275.2,0.00144898,0.0194647,-17.1633,3873.63,233.05,252.323,0.00210145,-0.00222101,-14.7849
9.429,34.4704,-20.7983,4.99772,-0.62238,0.596641,2.62532,-0.491567,-0.0199751,0.00424666,2613.49,1,0.0611051,0,0.5,-0.284719,-0.262342,-0.0112547,0.0115271,-0.0468329,-0.0710341,-0.0574496,-0.0820615,5482.19,-1317.34,-3700.23,-0.00236788,0.0408401,-17.6232,3751.16,280.651,1089.75,-0.000119818,-0.0122626,-15.2942,5630.34,157.577,-2270.65,0.00155655,0.0194149,-17.1671,3874.28,175.697,245.507,0.00164726,-0.00224333,-14.7813
9.439,34.4202,-20.7861,4.99775,-0.621557,0.0341877,2.6348,-0.490432,-0.0199839,0.00424786,2613.63,1,0.0613295,0,0.5,-0.285312,-0.262684,-0.0112523,0.0115268,-0.0467917,-0.0710579,-0.0574445,-0.0820682,5469.7,-1377.64,-3673.58,-0.00304268,0.040776,-17.6611,3755.19,121.227,1125.5,-0.00187455,-0.0120507,-15.2695,5630.27,178.35,-2253.88,0.00172982,0.0192354,-17.1638,3874.03,196.573,266.394,0.00183797,-0.0024289,-14.7858
9.449,34.3701,-20.7736,4.99852,-0.622652,0.447752,1.69749,-0.492263,-0.0199692,0.00424658,2612.95,1,0.0607994,0,0.5,-0.284548,-0.262216,-0.0112554,0.0115263,-0.0468528,-0.0710273,-0.0574552,-0.0820565,5487.73,-1044.93,-3847.24,0.000804636,0.0420885,-17.6231,3750.89,392.843,1022.33,0.00123878,-0.0117915,-15.3158,5629.86,90.1232,-2177.51,0.000960567,0.0184969,-17.1674,3872.49,111.515,-125.368,0.000969736,0.00112577,-14.7781
9.459,34.32,-20.7609,4.99781,-0.621617,0.310571,2.46695,-0.490556,-0.0199818,0.00424818,2613.7,1,0.0611925,0,0.5,-0.285219,-0.262597,-0.0112535,0.0115263,-0.0468058,-0.0710502,-0.0574471,-0.0820656,5474.47,-1106.71,-3818.79,9.7168e-05,0.0420254,-17.6808,3753.76,307.929,1173.88,-6.72928e-05,-0.0133617,-15.2787,5630.38,157.906,-2249.14,0.00155434,0.0191955,-17.1624,3873.48,192.166,269.151,0.0018071,-0.0024671,-14.7865
9.469,34.27,-20.7479,4.99823,-0.622313,0.2136,2.11914,-0.491778,-0.0199748,0.00424742,2613.5,1,0.061049,0,0.5,-0.284801,-0.262334,-0.011256,0.0115253,-0.0468293,-0.0710462,-0.0574534,-0.0820579,5480.6,-1185.89,-3829.04,-0.000680159,0.0425052,-17.6277,3754.96,215.837,1062.38,-0.000721124,-0.0116969,-15.3023,5630.97,137.191,-2277.23,0.00138366,0.0194874,-17.1669,3872.54,192.165,241.975,0.00177232,-0.00217684,-14.7806
9.479,34.2201,-20.7347,4.99795,-0.62193,0.213983,2.3051,-0.490998,-0.0199796,0.00424833,2613.56,1,0.0611706,0,0.5,-0.285048,-0.262485,-0.0112539,0.0115264,-0.0468156,-0.0710487,-0.0574513,-0.0820618,5477.73,-1152.72,-3829.56,-0.000340165,0.0423926,-17.6581,3754.6,233.689,1176.48,-0.000862205,-0.0131187,-15.2807,5630.95,165.482,-2260.1,0.00162129,0.0193019,-17.1648,3872.41,186.008,257.318,0.00174416,-0.00235187,-14.7842
9.489,34.1702,-20.7212,4.99798,-0.622198,0.396099,2.06801,-0.4916,-0.0199754,0.00424815,2613.71,1,0.0610806,0,0.5,-0.284834,-0.26236,-0.0112534,0.0115293,-0.0468285,-0.0710375,-0.0574563,-0.082057,5482.93,-1211.21,-3795.85,-0.0010317,0.0420128,-17.6379,3754.37,248.748,1058.25,-0.000364974,-0.0117693,-15.2963,5631.48,143.828,-2283.2,0.00144207,0.0195443,-17.1675,3872,188.373,245.504,0.00174764,-0.00222126,-14.7821
9.499,34.1204,-20.7075,4.99825,-0.622004,-0.0113256,2.45381,-0.491084,-0.019981,0.00424858,2613.6,1,0.0611423,0,0.5,-0.28498,-0.262438,-0.0112546,0.0115249,-0.0468214,-0.0710418,-0.0574517,-0.0820635,5479.73,-1135.15,-3742.79,-0.000413213,0.0407935,-17.6587,3751.54,251.561,1085.66,-0.00041434,-0.0121114,-15.2876,5631.29,144.857,-2264.53,0.00144653,0.019354,-17.1646,3872.24,196.294,249.32,0.00181439,-0.0022479,-14.7835
9.509,34.0707,-20.6935,4.99815,-0.622671,0.522696,3.20978,-0.491802,-0.0199816,0.00424818,2613.58,1,0.0609563,0,0.5,-0.284861,-0.262409,-0.0112558,0.0115254,-0.0468239,-0.0710501,-0.0574531,-0.0820638,5479.48,-1164.81,-3623.23,-0.00104413,0.038949,-17.6423,3752.97,326.869,956.659,0.0007294,-0.010827,-15.2978,5632.18,110.091,-2304.78,0.001158,0.0197735,-17.1663,3871.53,175.85,257.916,0.00166325,-0.00237831,-14.7823
9.519,34.021,-20.6793,4.99815,-0.622305,0.308703,2.87267,-0.491346,-0.0199793,0.00424824,2613.47,1,0.061054,0,0.5,-0.284785,-0.262364,-0.011254,0.011524,-0.046826,-0.0710351,-0.0574566,-0.0820613,5481.16,-1003.62,-3579.73,0.000407631,0.0375703,-17.6489,3750.09,156.349,916.453,-0.000917463,-0.0098179,-15.2901,5632.39,149.029,-2313.6,0.00149365,0.019851,-17.1676,3871.93,181.401,237.5,0.00168232,-0.00214842,-14.7787
9.529,33.9714,-20.6648,4.99828,-0.621529,0.0568458,0.884521,-0.491024,-0.0199814,0.00424786,2613.57,1,0.0611145,0,0.5,-0.284767,-0.262392,-0.0112542,0.0115263,-0.0468307,-0.0710394,-0.0574535,-0.0820654,5484.98,-1215.56,-3963.35,-0.000603552,0.0450514,-17.6454,3753.35,282.376,1225.56,-0.000483779,-0.0139045,-15.2864,5632.38,157.092,-2311.29,0.00156228,0.0198243,-17.1667,3872.35,192.965,238.547,0.00177386,-0.00213927,-14.7824
9.539,33.9219,-20.6502,4.99873,-0.621392,0.292327,2.01448,-0.491089,-0.0199814,0.00424782,2613.77,1,0.0608077,0,0.5,-0.284727,-0.262375,-0.0112511,0.0115313,-0.0468187,-0.0710442,-0.057454,-0.0820656,5477.62,-982.915,-3731.83,0.00106024,0.0399492,-17.6509,3752.87,408.021,1047.24,0.00133588,-0.012127,-15.297,5630.29,127.95,-2152.74,0.00127691,0.0182364,-17.1645,3870.77,171.454,107.644,0.00141009,-0.000863248,-14.7797
9.549,33.8724,-20.6352,4.9981,-0.62219,-0.18511,2.67215,-0.491264,-0.0199831,0.00424796,2613.74,1,0.0612711,0,0.5,-0.28494,-0.262483,-0.0112537,0.0115269,-0.0468013,-0.071052,-0.0574523,-0.0820672,5473.15,-1185.53,-3760.88,-0.000873521,0.0413957,-17.6584,3753.83,162.446,1082.72,-0.00133027,-0.0117295,-15.2883,5631.91,157.943,-2274.53,0.00156038,0.0194489,-17.1652,3872.59,198.74,256.276,0.00184311,-0.00231753,-14.7843
9.559,33.823,-20.62,4.99781,-0.624472,0.143424,5.32673,-0.493355,-0.0199773,0.00424736,2613.53,1,0.0612098,0,0.5,-0.284721,-0.262451,-0.0112538,0.0115255,-0.0468116,-0.0710505,-0.0574558,-0.0820633,5470.33,-1004.33,-3470.82,9.14025e-05,0.0360076,-17.6554,3752.78,79.5322,707.622,-0.00110241,-0.00724137,-15.2988,5632.14,133.382,-2293.9,0.00135493,0.0196551,-17.1652,3871.94,211.591,216.716,0.00188344,-0.0018842,-14.783
9.569,33.7737,-20.6046,4.99752,-0.621022,0.652656,2.13917,-0.490462,-0.0199799,0.00424745,2613.54,1,0.0611841,0,0.5,-0.28501,-0.262487,-0.0112528,0.0115293,-0.0468101,-0.0710469,-0.0574531,-0.0820678,5475.05,-1257.01,-3609.97,-0.00199804,0.0391588,-17.6539,3752.55,314.125,1100.93,0.000202463,-0.0125031,-15.2835,5631.19,171.439,-2272.07,0.00167508,0.0194207,-17.1639,3873.65,167.351,246.216,0.00158175,-0.00226744,-14.7876
9.579,33.7245,-20.589,4.99797,-0.622665,0.420875,2.70842,-0.492053,-0.0199737,0.00424711,2613.63,1,0.061064,0,0.5,-0.284667,-0.262396,-0.011254,0.0115286,-0.0468223,-0.0710436,-0.0574569,-0.0820637,5477.07,-1137.18,-3806.91,-0.00025361,0.0419302,-17.6336,3753.42,124.958,1041.3,-0.00159289,-0.0110976,-15.2913,5630.89,129.498,-2262.6,0.00131457,0.0193411,-17.1662,3873.71,198.185,235.975,0.00180989,-0.00210287,-14.7823
9.589,33.6753,-20.5731,4.99833,-0.62147,-0.100438,2.35309,-0.490412,-0.0199773,0.00424725,2612.95,1,0.0611551,0,0.5,-0.284993,-0.262483,-0.0112528,0.0115238,-0.0468213,-0.0710432,-0.0574539,-0.0820664,5478.08,-1282.45,-3673.96,-0.00208581,0.0402917,-17.6571,3751.54,303.97,1128.64,1.71729e-05,-0.0128069,-15.2865,5630.29,164.471,-2262.92,0.00161315,0.0193335,-17.1664,3873.96,172.105,260.007,0.00163544,-0.00240701,-14.7854
9.599,33.6262,-20.5569,4.99815,-0.622611,-0.23304,2.5858,-0.491885,-0.0199749,0.0042476,2613.53,1,0.0612682,0,0.5,-0.284828,-0.262437,-0.0112545,0.0115261,-0.0468144,-0.0710483,-0.0574564,-0.0820642,5473.99,-1244.98,-3808.4,-0.00134496,0.042485,-17.6357,3754.3,26.8419,1052.79,-0.00259984,-0.0107899,-15.2868,5631.04,147.008,-2291.38,0.00147118,0.0196285,-17.1662,3873.52,209.374,245.123,0.00190931,-0.00218125,-14.7835
9.609,33.5772,-20.5405,4.998,-0.622731,0.514726,3.55224,-0.491746,-0.0199718,0.0042475,2613.79,1,0.0610022,0,0.5,-0.284743,-0.262351,-0.0112546,0.0115263,-0.0468437,-0.0710289,-0.0574582,-0.0820628,5483.2,-1173.15,-3499.81,-0.00145746,0.037004,-17.6428,3748.75,269.063,936.741,0.000184691,-0.0104387,-15.2972,5630.84,146.171,-2285.99,0.00146257,0.0195742,-17.1667,3873.25,174.51,225.971,0.00161247,-0.00203744,-14.7826
9.619,33.5283,-20.5239,4.999,-0.621993,-0.842196,1.53555,-0.491233,-0.0199731,0.00424802,2613.57,1,0.0611986,0,0.5,-0.284714,-0.262356,-0.0112517,0.0115242,-0.0468409,-0.0710301,-0.0574581,-0.0820633,5484.12,-1113.5,-3946.22,0.000407758,0.0442366,-17.6501,3749.69,179.61,1139.99,-0.00132303,-0.0124856,-15.2891,5630.55,142.797,-2263.56,0.00142892,0.0193474,-17.1657,3873.73,209.893,253.003,0.00192527,-0.00226331,-14.7834
9.629,33.4795,-20.5071,4.99815,-0.622333,0.185682,3.20754,-0.491586,-0.0199788,0.00424904,2613.79,1,0.0610827,0,0.5,-0.285023,-0.262482,-0.0112533,0.0115248,-0.0468037,-0.0710519,-0.0574555,-0.0820661,5471.58,-972.224,-3696.06,0.00107045,0.0393741,-17.6671,3754.46,192.736,982.061,-0.000729208,-0.0106845,-15.2879,5631.25,137.359,-2285.09,0.00138754,0.0195667,-17.1656,3872.49,195.832,247.726,0.00180794,-0.00223161,-14.7848
9.639,33.4307,-20.4899,4.99824,-0.621779,0.000355477,1.66114,-0.49094,-0.0199774,0.00424928,2613.58,1,0.0611641,0,0.5,-0.285012,-0.262475,-0.0112548,0.0115264,-0.0468102,-0.071051,-0.0574579,-0.0820647,5475.43,-1358.7,-3878.29,-0.00233337,0.0442675,-17.6396,3755.53,331.944,1212.87,7.69761e-05,-0.0139168,-15.2902,5631.13,141.114,-2250.2,0.00141099,0.0192101,-17.17,3872.42,161.379,240.95,0.00152873,-0.0022231,-14.7837
9.649,33.3821,-20.4726,4.99797,-0.621922,0.428108,3.02259,-0.491182,-0.0199798,0.00424987,2613.85,1,0.061062,0,0.5,-0.285079,-0.262506,-0.0112548,0.0115269,-0.0468,-0.071062,-0.0574578,-0.082066,5471.37,-1140.81,-3674.3,-0.000667119,0.0397595,-17.6432,3757.97,249.914,1114.61,-0.000513797,-0.0124278,-15.292,5631.87,141.28,-2272.35,0.0014178,0.019433,-17.1662,3871.96,162.58,241.105,0.00153821,-0.00222263,-14.7823
9.659,33.3335,-20.455,4.99871,-0.622567,-0.223571,2.50428,-0.491631,-0.0199735,0.00425003,2613.62,1,0.0610344,0,0.5,-0.284774,-0.262335,-0.0112581,0.011519,-0.0468351,-0.0710378,-0.0574647,-0.0820606,5483.13,-1111.45,-3771.08,-9.45459e-05,0.0411316,-17.6311,3753.11,260.524,1048.24,-0.000216942,-0.0116964,-15.2992,5631.79,132.931,-2291.19,0.00135019,0.0196287,-17.1679,3872.19,188.696,231.863,0.00173144,-0.0020759,-14.781
9.669,33.285,-20.4372,4.99812,-0.622442,-0.0355899,2.66179,-0.49132,-0.0199785,0.00425071,2613.73,1,0.0611992,0,0.5,-0.284892,-0.262403,-0.0112543,0.0115259,-0.0468445,-0.0710317,-0.0574593,-0.0820667,5488.2,-1126.55,-3771.22,-0.000247608,0.0411494,-17.6522,3749.68,160.831,1119.23,-0.0014567,-0.0121635,-15.2863,5631.84,177.916,-2253.73,0.00172617,0.0192286,-17.1672,3872.39,207.795,251.939,0.00190732,-0.00225623,-14.7841
9.679,33.2366,-20.4191,4.99847,-0.622252,-0.0580081,2.4949,-0.491549,-0.0199873,0.00425173,2613.63,1,0.0610665,0,0.5,-0.285049,-0.262501,-0.0112553,0.0115203,-0.0468011,-0.0710601,-0.0574562,-0.0820708,5473.65,-861.468,-3900.49,0.00284793,0.0422876,-17.674,3756.92,142.49,1046.07,-0.001427,-0.0112146,-15.2862,5632.39,129.266,-2275.93,0.00131605,0.0194717,-17.1646,3871.5,200.521,246.259,0.00184321,-0.00220865,-14.7844
9.689,33.1883,-20.4008,4.99832,-0.621747,0.635446,4.1514,-0.490891,-0.0199822,0.00425127,2614.89,1,0.060777,0,0.5,-0.284699,-0.262342,-0.0112584,0.011522,-0.046846,-0.0710311,-0.0574598,-0.0820673,5491.65,-1144.25,-3220.44,-0.0018799,0.0327565,-17.6294,3747.88,487.793,967.326,0.0023558,-0.0113511,-15.3073,5632.75,-195.311,-2179.09,-0.0014579,0.018467,-17.1685,3871.56,456.364,362.918,0.00401749,-0.00311405,-14.7795
9.699,33.1401,-20.3823,4.99822,-0.6232,-0.240757,3.55933,-0.492351,-0.0199913,0.00425285,2613.63,1,0.0611952,0,0.5,-0.285028,-0.262527,-0.0112538,0.0115259,-0.046789,-0.0710625,-0.0574557,-0.0820743,5470.47,-837.535,-3835.13,0.00286162,0.0410744,-17.6682,3756.58,38.5195,948.062,-0.00217597,-0.00965952,-15.2828,5633.11,134.737,-2277.13,0.00136244,0.0194796,-17.1644,3870.88,212.949,245.789,0.00193896,-0.00218405,-14.7851
9.709,33.0919,-20.3635,4.99867,-0.620395,-0.327179,0.539215,-0.489376,-0.0199879,0.00425178,2613.69,1,0.0611868,0,0.5,-0.284828,-0.262372,-0.0112501,0.0115346,-0.0468454,-0.0710321,-0.0574557,-0.0820746,5494.48,-1867.25,-3590.47,-0.00814839,0.0410824,-17.6088,3749.51,604.486,1218.72,0.0029846,-0.0147953,-15.2945,5632.1,184.372,-2258.49,0.0017807,0.0192732,-17.1721,3871.87,162.693,256.877,0.00155724,-0.00239342,-14.7806
9.719,33.0439,-20.3445,4.99861,-0.622833,-0.0687607,2.49347,-0.492215,-0.0199948,0.00425305,2613.86,1,0.0609967,0,0.5,-0.284939,-0.262506,-0.0112542,0.0115256,-0.0467891,-0.0710642,-0.0574532,-0.0820785,5472.43,-745.58,-4028.14,0.00448652,0.0440089,-17.6626,3756.8,79.5933,1076.2,-0.00214968,-0.0112909,-15.2768,5632.34,80.3829,-2248.35,0.000892481,0.0192045,-17.1639,3870.84,250.7,239.841,0.00221759,-0.00207133,-14.7851
9.729,32.9959,-20.3252,4.9987,-0.622383,-0.0559805,2.07235,-0.491525,-0.0199862,0.00425202,2613.89,1,0.0609838,0,0.5,-0.284562,-0.262237,-0.0112551,0.0115257,-0.046846,-0.0710255,-0.0574585,-0.0820737,5492.31,-1146.06,-3827.36,-0.00028825,0.0421628,-17.643,3748.34,454.383,1121.79,0.00162961,-0.0131824,-15.3119,5633.4,160.934,-2247.73,0.00158088,0.0191695,-17.1683,3872.91,177.914,228.141,0.00164533,-0.00205462,-14.7829
9.739,32.9481,-20.3058,4.99837,-0.622422,-0.534831,2.84059,-0.491321,-0.0199982,0.00425306,2613.78,1,0.0612805,0,0.5,-0.285005,-0.262604,-0.0112539,0.0115249,-0.0467905,-0.0710599,-0.05745,-0.0820832,5473.9,-1055.73,-3852.46,0.000714438,0.042382,-17.6727,3753.45,77.0168,1136.49,-0.00235737,-0.0119881,-15.2748,5632.15,149.296,-2262.67,0.0014836,0.0193304,-17.1644,3871.73,213.444,262.027,0.00196566,-0.00235412,-14.7869
9.749,32.9003,-20.286,4.99855,-0.622662,-0.515694,1.2506,-0.49188,-0.0199862,0.00425145,2613.46,1,0.0612743,0,0.5,-0.284452,-0.262242,-0.0112559,0.0115258,-0.0468427,-0.0710329,-0.0574576,-0.0820745,5491.13,-1327.41,-4092.01,-0.00142433,0.0480792,-17.6208,3749.87,207.415,1292.38,-0.00148696,-0.0144448,-15.3019,5632.04,155.294,-2261.21,0.00153367,0.0193136,-17.1695,3872.14,199.115,267.941,0.00186301,-0.00244198,-14.7801
9.759,32.8527,-20.2661,4.99812,-0.621824,-0.0947589,2.78429,-0.490882,-0.0199986,0.00425317,2613.87,1,0.0612103,0,0.5,-0.285197,-0.262661,-0.0112535,0.011526,-0.0467681,-0.0710634,-0.0574502,-0.0820846,5466.42,-982.978,-3824.26,0.00136668,0.041626,-17.6871,3754.59,140.886,1129.23,-0.00168677,-0.0121806,-15.2727,5632.02,149.475,-2257.84,0.00148399,0.0192816,-17.1631,3871.88,197.151,263.284,0.00184009,-0.00239571,-14.788
9.769,32.8051,-20.2459,4.99854,-0.622247,-0.243701,2.65966,-0.491411,-0.0199896,0.004252,2613.64,1,0.0611031,0,0.5,-0.28494,-0.262435,-0.0112538,0.0115254,-0.0467938,-0.0710537,-0.0574558,-0.0820785,5473.22,-1504.79,-3635.51,-0.00441155,0.0406177,-17.6232,3754.31,175.372,1069.17,-0.00115984,-0.0116224,-15.2975,5631.87,205.281,-2278.88,0.00196474,0.0194722,-17.1693,3872.43,75.9779,253.708,0.000799397,-0.00255254,-14.7814
9.779,32.7576,-20.2255,4.99833,-0.622461,0.305036,2.74334,-0.491557,-0.0199864,0.00425189,2613.7,1,0.0609596,0,0.5,-0.28477,-0.262397,-0.0112546,0.0115255,-0.0468167,-0.0710383,-0.0574563,-0.0820784,5479.95,-1181.94,-3732.06,-0.000920475,0.0408162,-17.6386,3749.49,357.42,1108.02,0.000640197,-0.0127353,-15.2936,5631.41,138.402,-2277.26,0.00139416,0.0194858,-17.1675,3872.37,178.15,231.556,0.00164865,-0.00209074,-14.7819
9.789,32.7103,-20.2049,4.99851,-0.62206,-0.132505,1.87645,-0.491102,-0.0199874,0.00425181,2613.71,1,0.0611108,0,0.5,-0.284841,-0.262429,-0.0112524,0.0115263,-0.0468139,-0.0710472,-0.0574547,-0.0820795,5481.05,-1100.35,-4047.67,0.000873013,0.0461306,-17.6521,3753.23,312.632,1292.3,-0.000360174,-0.0148464,-15.2894,5630.03,122.14,-2235.35,0.00124488,0.0190696,-17.1669,3874.74,241.076,328.609,0.00227651,-0.00301927,-14.7846
9.799,32.663,-20.184,4.99836,-0.62267,-0.110809,2.55664,-0.491932,-0.0199885,0.00425278,2613.78,1,0.0611263,0,0.5,-0.285006,-0.262484,-0.0112545,0.0115258,-0.0467961,-0.0710521,-0.0574553,-0.0820809,5472.66,-985.999,-3930.82,0.00168668,0.0434573,-17.6638,3754.32,235.75,1073.93,-0.000546909,-0.0119072,-15.2949,5631.09,152.676,-2272.76,0.00151547,0.0194357,-17.1657,3872.98,166.838,245.004,0.00157658,-0.00225573,-14.7842
9.809,32.6159,-20.1628,4.99851,-0.621826,-0.0760225,1.45663,-0.490904,-0.0199839,0.00425206,2613.73,1,0.0611216,0,0.5,-0.284747,-0.262343,-0.0112545,0.0115252,-0.0468443,-0.0710309,-0.0574581,-0.082078,5490.78,-1366.61,-3955.07,-0.00221527,0.0455683,-17.6296,3748.82,362.021,1324.09,8.19865e-05,-0.0154478,-15.2986,5630.65,129.617,-2220.35,0.00130563,0.0189133,-17.1698,3873.81,159.086,293.576,0.00156693,-0.00280217,-14.7827
9.819,32.5688,-20.1415,4.99844,-0.622311,-0.145353,2.33597,-0.491435,-0.0199897,0.00425328,2613.71,1,0.0611178,0,0.5,-0.284976,-0.262472,-0.0112547,0.0115259,-0.0468083,-0.0710502,-0.0574558,-0.0820819,5478.26,-1066.9,-3951.67,0.000913525,0.0441756,-17.6599,3753.5,207.675,1198.78,-0.00120095,-0.0132886,-15.2839,5631.06,140.835,-2243.77,0.00140705,0.0191451,-17.166,3873.06,187.348,264.181,0.00176413,-0.00242288,-14.7851
9.829,32.5219,-20.1199,4.9984,-0.62243,-0.213642,2.67307,-0.491272,-0.0199876,0.00425334,2613.74,1,0.0611407,0,0.5,-0.284933,-0.262424,-0.011253,0.0115238,-0.0468138,-0.0710491,-0.0574589,-0.0820793,5479.71,-1227.24,-3759.5,-0.00129766,0.0414888,-17.643,3754.95,216.201,1077.69,-0.000755357,-0.0118774,-15.2923,5631.21,134.745,-2238.84,0.00135399,0.0190968,-17.1679,3872.64,210.914,260.756,0.00194417,-0.00234434,-14.7843
9.839,32.475,-20.0981,4.99811,-0.622946,-0.0595568,3.04312,-0.492149,-0.0199877,0.004254,2613.85,1,0.0611696,0,0.5,-0.285019,-0.262474,-0.0112574,0.0115293,-0.0467992,-0.0710539,-0.0574596,-0.0820794,5475.27,-1121.5,-3849.86,4.18053e-05,0.0426323,-17.6534,3756.08,182.503,1080.54,-0.001117,-0.0117774,-15.2927,5631.9,149.137,-2265.72,0.00148263,0.0193624,-17.1665,3872.16,190.458,258.295,0.00178137,-0.00235424,-14.7846
9.849,32.4283,-20.0761,4.99829,-0.621877,0.043516,2.48568,-0.490841,-0.0199873,0.00425389,2613.28,1,0.0611001,0,0.5,-0.284953,-0.262422,-0.0112546,0.0115257,-0.0468208,-0.0710411,-0.057459,-0.0820799,5483.42,-1371.81,-3638.45,-0.00306468,0.0400171,-17.6395,3751.49,315.856,1136.13,0.000121089,-0.0129376,-15.2922,5631.51,171.072,-2269.51,0.00167084,0.0193936,-17.174,3872.37,171.661,248.793,0.00161956,-0.00228749,-14.7813
9.859,32.3817,-20.0538,4.99843,-0.622587,-0.0621482,3.95111,-0.491711,-0.0199901,0.00425419,2613.69,1,0.0609586,0,0.5,-0.284965,-0.262462,-0.0112547,0.0115245,-0.046802,-0.0710576,-0.0574586,-0.0820817,5476.25,-1051.66,-3759.46,0.000471643,0.0407354,-17.6505,3755.84,201.648,1258.56,-0.00144295,-0.013981,-15.2885,5631.33,125.663,-2218.29,0.00127041,0.0188916,-17.1664,3872.32,155.984,276.664,0.00152458,-0.00262384,-14.7837
9.869,32.3352,-20.0313,4.99821,-0.622307,-0.0100071,2.88542,-0.491096,-0.0199888,0.00425425,2613.37,1,0.0611227,0,0.5,-0.284938,-0.262446,-0.0112548,0.011525,-0.0468136,-0.0710474,-0.0574594,-0.0820821,5479.84,-1197.93,-3714.5,-0.00113061,0.0405914,-17.6354,3752.36,250.772,1147.58,-0.000600854,-0.0128438,-15.2916,5631.86,212.918,-2263.35,0.00202524,0.0193095,-17.17,3872.14,140.055,229.951,0.00134449,-0.00214812,-14.7832
9.879,32.2888,-20.0086,4.99915,-0.620636,0.925506,0.462541,-0.490398,-0.0199904,0.00425368,2613.76,1,0.0605237,0,0.5,-0.28485,-0.262431,-0.0112545,0.0115261,-0.0468164,-0.0710592,-0.0574585,-0.082083,5484.14,-1159.82,-3873.66,-0.000284384,0.0431387,-17.6427,3757.59,808.779,1188.02,0.00517655,-0.014804,-15.292,5631.55,103.603,-2246.68,0.00109049,0.0191847,-17.1678,3872.27,170.47,262.597,0.00162594,-0.00243944,-14.7836
9.889,32.2425,-19.9856,4.99876,-0.622659,-0.158894,2.68416,-0.492086,-0.0199868,0.00425411,2613.8,1,0.0609496,0,0.5,-0.28478,-0.262385,-0.0112541,0.0115264,-0.0468138,-0.07105,-0.0574623,-0.08208,5478.03,-889.479,-3866.05,0.00243425,0.0417774,-17.6519,3754.6,312.765,1049.49,0.000328301,-0.011877,-15.3005,5631.48,117.05,-2240.67,0.00120324,0.0191202,-17.1676,3871.49,153.742,199.878,0.0014173,-0.00179875,-14.7829
9.899,32.1963,-19.9624,4.99857,-0.621747,0.411279,2.81879,-0.491002,-0.0199851,0.00425363,2613.88,1,0.0608109,0,0.5,-0.284675,-0.262342,-0.011256,0.0115243,-0.0468443,-0.0710314,-0.0574629,-0.0820807,5490.78,-1049.93,-3535.32,-0.000173587,0.0369908,-17.6458,3748.72,404.247,1064.45,0.00125131,-0.0123404,-15.2968,5632.28,137.778,-2303.28,0.00139397,0.0197493,-17.1693,3872.62,108.742,234.246,0.00108534,-0.00226489,-14.7814
9.909,32.1503,-19.939,4.9985,-0.623906,-0.947678,4.96156,-0.492676,-0.0199863,0.0042541,2614.94,1,0.0612068,0,0.5,-0.284719,-0.262396,-0.0112547,0.0115253,-0.0468201,-0.0710382,-0.0574616,-0.0820809,5479.37,-941.295,-3354.36,0.000358898,0.0339894,-17.6619,3747.88,-108.123,749.72,-0.00294006,-0.00684146,-15.2869,5632.59,136.809,-2342.31,0.00139534,0.0201506,-17.1664,3871.94,192.833,302.35,0.00185207,-0.00282784,-14.7844
9.919,32.1043,-19.9154,4.99903,-0.621625,-0.267048,2.11788,-0.490787,-0.0199843,0.00425331,2613.98,1,0.0609419,0,0.5,-0.284727,-0.262365,-0.0112548,0.0115243,-0.0468298,-0.0710333,-0.0574613,-0.0820803,5486.12,-1286.07,-3702.66,-0.00205058,0.0407069,-17.6472,3749.26,355.854,1123.41,0.000583228,-0.0129189,-15.2943,5631.16,150.724,-2248.34,0.00149252,0.0191874,-17.1677,3873.03,172.105,256.261,0.00163214,-0.00236696,-14.7853
9.929,32.0585,-19.8915,4.99848,-0.622076,0.13991,3.25207,-0.4914,-0.0199853,0.00425365,2614.12,1,0.060917,0,0.5,-0.284858,-0.262451,-0.0112546,0.0115252,-0.046787,-0.0710541,-0.0574612,-0.0820815,5470.95,-987.828,-3695.66,0.000913418,0.0394432,-17.6579,3754.87,186.87,980.88,-0.000785281,-0.0106482,-15.2882,5630.71,204.462,-2264.58,0.00195281,0.0193305,-17.1661,3873.63,125.18,322.145,0.00129132,-0.0031961,-14.7852
9.939,32.0128,-19.8674,4.99864,-0.622054,0.339208,2.60898,-0.491148,-0.0199745,0.00425249,2613.89,1,0.0608183,0,0.5,-0.284551,-0.262283,-0.0112556,0.0115256,-0.0468305,-0.0710294,-0.0574669,-0.0820761,5482.82,-1228.06,-3625.69,-0.00167513,0.039218,-17.6293,3749.69,388.968,1078.55,0.00105541,-0.0124672,-15.3044,5630.51,158.627,-2312.82,0.00157556,0.0198462,-17.1694,3873.7,173.593,222.252,0.00160133,-0.0019994,-14.7819
9.949,31.9672,-19.8432,4.99849,-0.621916,-0.659832,2.62331,-0.49099,-0.0199805,0.00425368,2613.92,1,0.0612783,0,0.5,-0.28511,-0.262613,-0.0112545,0.0115255,-0.0467715,-0.0710589,-0.0574625,-0.082082,5462.56,-1118.87,-3791.94,-0.000107817,0.0417426,-17.6717,3756.51,51.6566,1095.58,-0.00248277,-0.0113879,-15.2761,5630.12,151.823,-2261.56,0.00150535,0.0193252,-17.1651,3874.06,229.862,263.094,0.00209325,-0.00233796,-14.7879
9.959,31.9217,-19.8186,4.99847,-0.622359,-0.793631,2.24185,-0.491624,-0.0199709,0.00425294,2613.68,1,0.0613692,0,0.5,-0.284898,-0.262453,-0.0112552,0.0115255,-0.0468026,-0.0710445,-0.0574692,-0.0820754,5470.64,-1506.23,-3848.45,-0.00395723,0.0444617,-17.6276,3755.44,-1.06116,1257.63,-0.00350775,-0.0130446,-15.2891,5630.06,192.124,-2270.31,0.0018505,0.0193973,-17.1691,3874.53,205.976,256.067,0.00189873,-0.00230179,-14.785
9.969,31.8763,-19.7939,4.99838,-0.621942,-0.127811,2.59241,-0.491136,-0.0199693,0.00425302,2613.79,1,0.0611154,0,0.5,-0.284864,-0.262454,-0.0112555,0.011527,-0.0468204,-0.0710367,-0.0574687,-0.082076,5477.12,-1252.95,-3707.28,-0.00170208,0.040736,-17.6426,3752.94,291.932,1123.82,-9.78254e-05,-0.0127031,-15.2933,5629.56,149.535,-2267.08,0.00148738,0.0193843,-17.1677,3875.02,177.329,246.966,0.00166146,-0.0022555,-14.7842
9.979,31.8311,-19.7689,4.99861,-0.622216,-0.124366,2.48741,-0.491478,-0.0199687,0.00425334,2613.81,1,0.0610229,0,0.5,-0.284841,-0.262405,-0.0112554,0.0115257,-0.0468275,-0.0710386,-0.0574706,-0.0820734,5479,-1096.23,-3871.45,0.000359019,0.0428547,-17.6481,3754.03,308.004,1143.86,1.57805e-05,-0.0129961,-15.2959,5629.58,155.615,-2254.91,0.00153551,0.0192579,-17.1667,3874.59,150.633,258.569,0.00146031,-0.00243585,-14.7857
9.989,31.786,-19.7437,4.99865,-0.622083,-0.590066,2.14228,-0.491143,-0.0199718,0.00425432,2613.8,1,0.0612292,0,0.5,-0.285005,-0.262503,-0.0112547,0.0115251,-0.046817,-0.0710409,-0.05747,-0.0820746,5476.25,-1186.4,-3894.35,-0.000498904,0.0437311,-17.6522,3754.11,144.425,1198.4,-0.00185896,-0.0130171,-15.2858,5630.04,161.827,-2236.97,0.00158461,0.0190715,-17.1675,3873.77,166.783,244.172,0.00157537,-0.00224644,-14.7852
9.999,31.741,-19.7183,4.99924,-0.621259,-0.267991,1.47523,-0.490415,-0.0199723,0.0042545,2613.86,1,0.0609248,0,0.5,-0.284894,-0.26241,-0.0112585,0.011521,-0.0468264,-0.0710413,-0.0574716,-0.082073,5482.72,-1173.47,-4013.95,-2.3759e-06,0.0458342,-17.6416,3756.66,409.743,1373.44,0.000459385,-0.0162186,-15.2958,5629.22,273.819,-2215.04,0.00252467,0.0187901,-17.1683,3875.42,-7.04021,281.733,-3.32113e-05,-0.00295144,-14.7841
10.009,31.6962,-19.6926,4.99855,-0.622086,-0.0570979,2.5526,-0.491467,-0.0199742,0.00425566,2614.08,1,0.0610216,0,0.5,-0.284942,-0.262445,-0.0112582,0.0115282,-0.0468182,-0.0710367,-0.0574727,-0.0820728,5479.22,-1092.31,-3717.94,-5.43453e-05,0.0401917,-17.6508,3754.17,230.278,1043.03,-0.000515106,-0.011526,-15.293,5631.9,157.27,-2314.45,0.00156488,0.0198584,-17.1681,3872.22,183.561,267.543,0.00173694,-0.002467,-14.7844
10.019,31.6514,-19.6668,4.99875,-0.621263,-0.226009,2.20151,-0.490403,-0.0199779,0.00425609,2613.86,1,0.0610406,0,0.5,-0.284924,-0.262442,-0.0112566,0.0115284,-0.0468321,-0.0710282,-0.0574713,-0.082075,5485.97,-1348.05,-3597.04,-0.00292833,0.0392117,-17.6385,3750.87,387.538,1155.15,0.000831894,-0.0133999,-15.2918,5631.25,175.947,-2232.43,0.0017028,0.0190151,-17.1694,3871.75,141.297,230.283,0.00135437,-0.00214928,-14.7829
10.029,31.6068,-19.6407,4.99951,-0.621465,-0.889027,0.625779,-0.491073,-0.0199829,0.0042567,2613.84,1,0.0611553,0,0.5,-0.284868,-0.262418,-0.0112579,0.0115223,-0.0468112,-0.0710463,-0.0574687,-0.0820781,5479.01,-1011.09,-3972.57,0.00156126,0.0442735,-17.6507,3754.33,96.2896,1088.14,-0.00201914,-0.0115105,-15.2888,5632.57,129.849,-2273.41,0.0013201,0.0194452,-17.1671,3871.03,217.55,250.486,0.00198122,-0.00222615,-14.7846
10.039,31.5624,-19.6144,4.99891,-0.622052,-0.70321,3.3602,-0.491199,-0.0199837,0.00425675,2613.87,1,0.0610297,0,0.5,-0.284834,-0.262387,-0.0112566,0.0115229,-0.0468294,-0.0710326,-0.0574692,-0.0820772,5486.64,-1271.38,-3354.2,-0.00275893,0.0351495,-17.6416,3749.28,432.612,1017.9,0.00166772,-0.0118426,-15.3031,5633.5,-44.3956,-2281.77,-0.000169828,0.0195464,-17.1695,3870.5,260.78,241.568,0.00229685,-0.00207736,-14.7828
10.049,31.518,-19.5879,4.99892,-0.622334,-0.168932,3.56324,-0.491234,-0.0199889,0.00425743,2613.83,1,0.0607736,0,0.5,-0.284869,-0.262439,-0.0112542,0.011528,-0.0468029,-0.0710486,-0.0574674,-0.0820812,5479.41,-964.46,-3844.91,0.00161242,0.0417565,-17.6564,3756.55,301.744,1322.17,-0.00056405,-0.0151676,-15.2851,5631.22,191.522,-2214.69,0.00182812,0.0188282,-17.1669,3872.69,120.425,297.711,0.00123429,-0.00293685,-14.7853
10.059,31.4738,-19.5611,4.99852,-0.622908,-0.44004,2.86047,-0.492085,-0.0199871,0.00425762,2613.98,1,0.0611354,0,0.5,-0.284805,-0.262373,-0.0112544,0.0115271,-0.0468142,-0.0710356,-0.0574698,-0.0820796,5481.88,-1097.61,-3810.36,0.000159834,0.0417563,-17.651,3752.02,234.706,1049.95,-0.00048999,-0.0116294,-15.298,5633.43,154.353,-2274.76,0.00152909,0.0194473,-17.1692,3870.47,182.774,242.609,0.00170088,-0.00220121,-14.7831
10.069,31.4297,-19.5342,4.99887,-0.621979,-0.832327,1.83686,-0.49062,-0.0199942,0.00425762,2613.91,1,0.0612664,0,0.5,-0.285012,-0.262525,-0.0112528,0.0115227,-0.0468071,-0.071046,-0.0574651,-0.0820883,5482.59,-1497.57,-3780.65,-0.00401396,0.0430332,-17.6465,3752.2,194.829,1204.01,-0.00134965,-0.0133042,-15.2779,5632.91,176.16,-2254.92,0.0017104,0.0192378,-17.1682,3871.07,205.644,270.929,0.00191759,-0.00246291,-14.7862
10.079,31.3858,-19.507,4.99921,-0.621909,-0.0771999,2.3385,-0.4916,-0.0199888,0.0042576,2613.81,1,0.06076,0,0.5,-0.284714,-0.262348,-0.0112518,0.0115273,-0.0468012,-0.0710384,-0.0574684,-0.0820819,5479.29,-979.931,-3700.55,0.00100204,0.0394066,-17.6429,3753.29,292.785,980.117,0.000311536,-0.0110018,-15.3003,5633.06,130.828,-2276.39,0.00132848,0.0194736,-17.1679,3870.77,160.416,236.971,0.00151667,-0.00218294,-14.7839
10.089,31.342,-19.4796,4.99848,-0.621535,0.722428,2.96258,-0.490632,-0.0199909,0.0042572,2613.02,1,0.0606702,0,0.5,-0.284773,-0.262385,-0.011254,0.0115269,-0.0468142,-0.0710339,-0.0574646,-0.0820858,5483.79,-1039.44,-3667.82,0.000303863,0.0390937,-17.6513,3749.36,548.869,1136.15,0.00258991,-0.0135938,-15.3047,5632.35,28.6686,-2206.28,0.000444432,0.0187874,-17.168,3871.54,435.614,241.48,0.00363907,-0.00195993,-14.7835
10.099,31.2983,-19.452,4.99844,-0.622899,-0.553914,2.70907,-0.49197,-0.0199908,0.00425735,2613.89,1,0.0612127,0,0.5,-0.284817,-0.262442,-0.0112542,0.0115257,-0.0467882,-0.0710546,-0.0574637,-0.0820883,5473.53,-1073.77,-3974.31,0.000915124,0.0446874,-17.6521,3755.68,131.581,1133.83,-0.00179736,-0.0121918,-15.2909,5631.8,133.786,-2246.44,0.00134727,0.0191721,-17.1671,3872.39,227.49,267.934,0.00208359,-0.00239355,-14.7861
10.109,31.2547,-19.4242,4.99889,-0.621954,-0.790377,2.43048,-0.49086,-0.0199895,0.00425706,2613.99,1,0.0611669,0,0.5,-0.284932,-0.262469,-0.0112551,0.0115242,-0.0468027,-0.0710442,-0.0574629,-0.0820894,5478.02,-1432.44,-3649.46,-0.00365298,0.0405068,-17.6455,3752.08,252.397,1144.6,-0.000573853,-0.012815,-15.29,5631.29,177.83,-2262.24,0.00172668,0.0193172,-17.1686,3873.08,174.966,255.508,0.00165388,-0.00235313,-14.7857
10.119,31.2113,-19.3962,4.99956,-0.622538,-1.4165,2.1,-0.491801,-0.0199878,0.00425676,2613.84,1,0.0611695,0,0.5,-0.284854,-0.262456,-0.0112551,0.0115245,-0.046795,-0.0710545,-0.0574633,-0.0820877,5473.92,-1188.52,-3886.88,-0.000540582,0.0436317,-17.6478,3756.09,79.7247,1130.49,-0.00231161,-0.0119224,-15.2886,5631.29,144.974,-2268.14,0.00144851,0.0193907,-17.1683,3873.13,199.099,250.705,0.00183827,-0.00225732,-14.7816
10.129,31.1681,-19.3679,4.99941,-0.622623,-1.04852,2.38506,-0.491704,-0.0199804,0.00425612,2613.94,1,0.0610436,0,0.5,-0.28456,-0.262294,-0.0112554,0.0115242,-0.0468378,-0.0710281,-0.0574671,-0.0820834,5486.26,-1111.34,-3836.64,8.95372e-05,0.0422303,-17.6444,3749.16,300.85,1099.75,6.13344e-05,-0.0124568,-15.3029,5630.33,127.036,-2217.26,0.00128338,0.018884,-17.1689,3873.52,202.443,261.545,0.00187921,-0.00236674,-14.7858
10.139,31.1249,-19.3395,4.99828,-0.623049,-0.58747,2.8533,-0.492689,-0.0199918,0.00425795,2613.95,1,0.0612689,0,0.5,-0.285198,-0.262653,-0.0112547,0.0115271,-0.0467438,-0.0710802,-0.0574627,-0.0820899,5455.71,-485.731,-4189.01,0.00785334,0.0458492,-17.7,3763.43,-175.601,1062.38,-0.00448541,-0.00988289,-15.275,5631.58,97.6466,-2280.98,0.00104665,0.0195353,-17.1632,3872.35,252.772,276.218,0.00229066,-0.00244265,-14.789
10.149,31.0819,-19.3108,4.99981,-0.620479,0.178545,0.637072,-0.489321,-0.0199694,0.0042551,2613.95,1,0.0606485,0,0.5,-0.284255,-0.262072,-0.0112545,0.0115246,-0.0468971,-0.0709872,-0.0574768,-0.0820722,5510,-1659.02,-3446.53,-0.00628483,0.0377283,-17.5944,3742.51,769.094,1077.11,0.00498407,-0.013304,-15.3226,5630.86,166.743,-2268.94,0.00163418,0.0193919,-17.1746,3873.84,88.3037,244.311,0.000908767,-0.0024217,-14.7808
10.159,31.0391,-19.2819,4.99895,-0.621921,-1.04762,2.55454,-0.491046,-0.0199949,0.0042581,2614.03,1,0.0612173,0,0.5,-0.285277,-0.262709,-0.0112531,0.0115236,-0.0467688,-0.0710617,-0.0574589,-0.0820934,5466.06,-806.672,-3909.7,0.00343398,0.0422596,-17.7026,3755.48,-10.3968,1114.5,-0.00314459,-0.0113153,-15.2588,5630.8,125.95,-2255.09,0.0012836,0.0192661,-17.1627,3872.55,226.611,270.108,0.00207851,-0.00241783,-14.7905
10.169,30.9964,-19.2528,4.9988,-0.622624,-0.475762,2.58882,-0.49197,-0.0199801,0.00425654,2613.89,1,0.0610518,0,0.5,-0.284717,-0.262284,-0.0112559,0.011526,-0.046828,-0.0710282,-0.0574704,-0.0820802,5484.28,-1363.51,-3714.01,-0.00279591,0.0412518,-17.6165,3750.73,308.521,1053.3,0.000272952,-0.0119212,-15.3119,5631.47,204.703,-2283.74,0.00196134,0.0195236,-17.1717,3871.93,110.973,220.168,0.0010937,-0.00210608,-14.7819
10.179,30.9538,-19.2235,4.99891,-0.622099,-0.588489,2.47382,-0.491065,-0.0199863,0.00425724,2614,1,0.0610663,0,0.5,-0.284935,-0.262503,-0.0112547,0.0115251,-0.0468146,-0.0710358,-0.0574663,-0.0820859,5480.99,-1132.09,-3751.66,-0.000361982,0.0409168,-17.6596,3750.2,239.236,1116.13,-0.000629387,-0.0124326,-15.2822,5631.22,144.004,-2262.06,0.00143873,0.0193294,-17.1675,3872.28,190.116,254.023,0.00177222,-0.002309,-14.7864
10.189,30.9114,-19.194,4.99878,-0.622027,-0.382084,2.34166,-0.4915,-0.0199848,0.00425694,2614.08,1,0.061056,0,0.5,-0.284845,-0.262412,-0.0112587,0.0115293,-0.0468158,-0.0710402,-0.0574686,-0.0820838,5481.57,-1151.22,-3742.4,-0.000579735,0.040839,-17.6447,3753.29,205.427,1064.19,-0.000833608,-0.0116841,-15.2956,5631.47,147.069,-2268.62,0.00146601,0.0193942,-17.1692,3872.1,178.263,248.746,0.00167252,-0.00227446,-14.7851
10.199,30.8691,-19.1643,4.99896,-0.621163,-0.310623,1.6696,-0.490336,-0.0199882,0.00425756,2613.97,1,0.0610529,0,0.5,-0.284988,-0.262474,-0.0112594,0.0115273,-0.0468012,-0.0710407,-0.0574667,-0.082087,5478.75,-1258.5,-3828.08,-0.00143168,0.0428447,-17.6513,3752.72,372.573,1278.89,0.000326228,-0.0148929,-15.2898,5631.01,245.925,-2248.71,0.00230011,0.0191444,-17.1689,3872.61,50.3753,246.574,0.000549765,-0.00252506,-14.7849
10.209,30.827,-19.1344,4.9986,-0.62302,-0.549181,2.76654,-0.492168,-0.0199857,0.00425705,2614.11,1,0.0611246,0,0.5,-0.284853,-0.262473,-0.0112566,0.0115269,-0.0468027,-0.0710494,-0.0574676,-0.0820843,5478.06,-1157.83,-3845.4,-0.00034553,0.0426928,-17.642,3755.35,118.916,1030.65,-0.0016223,-0.0109444,-15.2944,5631.99,146.938,-2278.08,0.00146706,0.019489,-17.1685,3871.94,200.812,256.719,0.00186024,-0.002319,-14.7847
10.219,30.785,-19.1043,4.99845,-0.622526,-0.748445,3.4258,-0.491298,-0.0199878,0.00425747,2613.97,1,0.0611833,0,0.5,-0.285077,-0.262492,-0.0112549,0.0115267,-0.0468053,-0.0710386,-0.057468,-0.0820876,5477.91,-1288.13,-3571.36,-0.00239973,0.0386333,-17.6541,3750.84,179.392,1063.74,-0.00110214,-0.0115859,-15.2901,5632.03,175.577,-2267.68,0.00170898,0.0193711,-17.169,3872.07,165.959,244.829,0.00156954,-0.00225608,-14.7862
10.229,30.7432,-19.0739,4.99903,-0.624264,-1.46626,4.88217,-0.492908,-0.019984,0.00425686,2613.9,1,0.0609863,0,0.5,-0.284677,-0.262369,-0.0112566,0.011523,-0.0468238,-0.071034,-0.0574707,-0.082085,5480.12,-1129.53,-3446.95,-0.00117744,0.0360585,-17.6319,3749.44,70.2379,880.408,-0.00167481,-0.00907089,-15.2936,5632.47,135.944,-2293.72,0.00137706,0.0196512,-17.169,3871.48,178.604,214.184,0.00162883,-0.00190691,-14.7843
10.239,30.7015,-19.0434,4.99882,-0.622752,-1.03722,2.95793,-0.491901,-0.0199911,0.00425769,2614.18,1,0.0611883,0,0.5,-0.285152,-0.26257,-0.0112543,0.0115233,-0.0467746,-0.0710586,-0.0574649,-0.0820898,5467.27,-970.646,-3891.25,0.00171554,0.0427319,-17.6855,3756.82,172.155,1037.21,-0.00109737,-0.0112319,-15.2851,5631.68,134.733,-2237.57,0.00135366,0.0190823,-17.1659,3871.88,219.57,245.519,0.00198901,-0.00217067,-14.7882
10.249,30.66,-19.0126,4.99857,-0.621018,-0.394524,4.5737,-0.490156,-0.0199887,0.00425714,2614.14,1,0.0608359,0,0.5,-0.285059,-0.26251,-0.0112527,0.0115279,-0.0467993,-0.0710501,-0.0574672,-0.0820893,5475.54,-1526.4,-3029.91,-0.00581551,0.031432,-17.6302,3753.09,336.441,1083.71,0.000483223,-0.0123646,-15.3011,5632.14,269.558,-2343.79,0.00253265,0.0201045,-17.171,3872.51,30.9518,237.304,0.000351088,-0.00245497,-14.7839
10.259,30.6186,-18.9817,4.99975,-0.62147,0.130386,1.35427,-0.491539,-0.0199839,0.00425715,2613.88,1,0.0606017,0,0.5,-0.284743,-0.262357,-0.0112536,0.0115274,-0.0468023,-0.0710475,-0.0574709,-0.0820849,5476.43,-822.558,-3997.84,0.00357976,0.0438076,-17.643,3755.18,278.694,1158.22,-0.000337458,-0.0130637,-15.2982,5631.98,100.058,-2280.9,0.00106625,0.0195324,-17.1683,3871.86,153.862,234.941,0.00146164,-0.00217361,-14.7838
10.269,30.5774,-18.9505,4.99936,-0.622101,-0.775095,2.56395,-0.491235,-0.0199822,0.0042571,2614.23,1,0.0609283,0,0.5,-0.284659,-0.262343,-0.0112557,0.0115248,-0.0468379,-0.0710253,-0.0574708,-0.0820857,5487.92,-1047.91,-3632.08,0.0001235,0.038518,-17.6546,3747.89,385.268,1036.58,0.00112359,-0.0119535,-15.2988,5631.49,146.293,-2289.52,0.00146403,0.019608,-17.1691,3872.41,194.924,268.56,0.00182814,-0.0024562,-14.7848
10.279,30.5363,-18.9192,4.99884,-0.621963,-0.273662,3.24124,-0.490888,-0.0199872,0.00425747,2614.04,1,0.0608421,0,0.5,-0.284771,-0.262414,-0.0112549,0.0115255,-0.0468276,-0.0710365,-0.0574675,-0.0820898,5485.95,-1084.75,-3602.66,-0.000323474,0.0382249,-17.6508,3750.31,331.43,1113.73,0.000349677,-0.0127209,-15.2885,5630.6,170.292,-2238.2,0.00165596,0.0190784,-17.1687,3873.27,166.945,256.672,0.00159129,-0.00238166,-14.7858
10.289,30.4954,-18.8876,4.99881,-0.622401,-0.491709,2.45665,-0.491822,-0.0199868,0.00425817,2614.02,1,0.0610572,0,0.5,-0.284768,-0.262377,-0.011254,0.0115262,-0.0468061,-0.0710401,-0.0574693,-0.0820884,5478.47,-990.263,-3869.47,0.00142891,0.0423185,-17.6554,3752.9,223.036,1084.26,-0.000708617,-0.0119866,-15.2952,5631.71,133.508,-2271.46,0.00135096,0.0194272,-17.1685,3872.42,192.657,242.793,0.00177754,-0.00218474,-14.7853
10.299,30.4546,-18.8559,4.99996,-0.622218,-1.42589,2.03044,-0.491306,-0.0199913,0.00425816,2614.22,1,0.0610089,0,0.5,-0.285085,-0.262586,-0.0112563,0.0115209,-0.0467819,-0.0710636,-0.0574662,-0.0820879,5470.03,-1057.71,-3835.06,0.000648511,0.0421283,-17.6786,3757.79,228.735,1021.29,-0.000466302,-0.0112566,-15.2889,5632.31,141.924,-2286.12,0.00142625,0.0195719,-17.1655,3871.72,196.812,256.545,0.00182835,-0.00232429,-14.7864
10.309,30.414,-18.8239,4.99975,-0.620644,-0.633906,0.58344,-0.490023,-0.0199801,0.00425775,2613.9,1,0.0610337,0,0.5,-0.284628,-0.2623,-0.011254,0.0115274,-0.0468254,-0.0710259,-0.0574749,-0.0820808,5486.53,-1275.04,-3721.72,-0.00188737,0.040978,-17.6262,3751.28,360.668,1110.98,0.000664012,-0.0127748,-15.3078,5631.41,164.859,-2270.21,0.00161765,0.0194037,-17.1714,3872.57,160.628,244.25,0.00152678,-0.00226021,-14.783
10.319,30.3736,-18.7918,4.99899,-0.622343,-0.600444,2.50896,-0.491639,-0.019991,0.0042592,2614.22,1,0.0610107,0,0.5,-0.285117,-0.262613,-0.011255,0.011525,-0.0467704,-0.0710614,-0.0574668,-0.0820918,5466.5,-869.628,-3948.8,0.00294211,0.0432694,-17.6829,3757.89,243.221,1067.1,-0.000446526,-0.0118424,-15.2856,5631.68,121.972,-2277.4,0.00125389,0.0194916,-17.1654,3872.17,210.779,256.25,0.0019367,-0.00229706,-14.7889
10.329,30.3333,-18.7594,4.99928,-0.621813,-0.681429,1.64993,-0.491149,-0.0199796,0.00425797,2614.22,1,0.061073,0,0.5,-0.284635,-0.262289,-0.0112551,0.0115241,-0.0468369,-0.0710215,-0.057474,-0.0820839,5488.58,-1355.44,-3594.51,-0.00300531,0.0391731,-17.6235,3749.35,263.368,965.444,4.44231e-05,-0.0107509,-15.3061,5631.41,162.598,-2284.84,0.00160247,0.0195542,-17.1724,3872.79,171.446,233.561,0.00159897,-0.00212407,-14.7836
10.339,30.2931,-18.7269,4.99948,-0.622067,-0.304735,2.55814,-0.491072,-0.0199885,0.00425904,2614.02,1,0.0606806,0,0.5,-0.284937,-0.262482,-0.0112551,0.0115251,-0.0468065,-0.071041,-0.0574676,-0.082092,5479.38,-1059.47,-3847.25,0.000659831,0.0422482,-17.6671,3752.78,551.368,1171.39,0.0025331,-0.0140393,-15.2863,5631.12,130.734,-2256.18,0.00132395,0.0192746,-17.1666,3872.99,163.405,264.515,0.00157083,-0.00247449,-14.7864
10.349,30.2532,-18.6941,4.99907,-0.621982,-0.791691,2.23354,-0.491264,-0.0199866,0.00425886,2614.05,1,0.0610958,0,0.5,-0.284837,-0.262403,-0.0112553,0.011525,-0.0468168,-0.0710396,-0.0574702,-0.0820898,5482.62,-1259.61,-3710.29,-0.0017596,0.040759,-17.64,3752.31,279.523,1073.37,-8.59077e-05,-0.0120602,-15.2976,5631.45,73.8655,-2248.05,0.000836287,0.0192058,-17.1699,3872.45,274.135,267.381,0.00244099,-0.00232309,-14.7851
10.359,30.2134,-18.6612,4.99929,-0.622477,-1.01768,2.09835,-0.491816,-0.0199878,0.00425964,2614.17,1,0.0611092,0,0.5,-0.28493,-0.262457,-0.0112537,0.0115232,-0.0467985,-0.0710431,-0.0574706,-0.082089,5476.78,-1040.02,-3881.89,0.000972001,0.0427962,-17.6579,3753.63,191.984,1061.07,-0.000963986,-0.0115952,-15.2938,5631.89,140.734,-2280.07,0.00141465,0.0195119,-17.1683,3872.03,200.465,267.361,0.00187162,-0.00243338,-14.7858
10.369,30.1737,-18.628,4.99911,-0.622355,-0.729566,2.26465,-0.491594,-0.0199888,0.0042597,2614.11,1,0.0610456,0,0.5,-0.284986,-0.262476,-0.0112553,0.0115253,-0.0468022,-0.0710442,-0.0574702,-0.0820901,5478.02,-1124.14,-3827.77,-5.10232e-05,0.0422249,-17.659,3753.78,275.017,1079.08,-0.000150046,-0.0121079,-15.2946,5632.01,145.144,-2269.6,0.00144959,0.0194031,-17.1689,3871.75,196.434,246.183,0.00181189,-0.0022146,-14.786
10.379,30.1342,-18.5947,4.99914,-0.622728,-0.718148,2.34278,-0.491938,-0.0199903,0.0042601,2614.4,1,0.0610045,0,0.5,-0.28497,-0.262456,-0.0112558,0.0115254,-0.0467956,-0.0710489,-0.0574705,-0.0820905,5475.43,-1047.02,-3992.24,0.00125743,0.0448654,-17.6597,3754.7,326.595,1174.34,0.000124961,-0.0134277,-15.2986,5631.82,121.002,-2239.9,0.00123733,0.0191099,-17.1683,3871.14,211.302,225.431,0.00189541,-0.00197452,-14.7859
10.389,30.0949,-18.5612,5.00011,-0.620658,-0.0921917,-1.67203,-0.490597,-0.019987,0.0042597,2614.09,1,0.0610908,0,0.5,-0.284689,-0.262323,-0.0112541,0.0115212,-0.0468293,-0.07103,-0.0574723,-0.0820882,5488.88,-1239.48,-4125.2,-0.000364988,0.0483204,-17.6433,3753,344.566,1217.98,0.000200116,-0.0140328,-15.3,5632.66,163.37,-2320.13,0.00161843,0.0199118,-17.1714,3871.53,210.498,227.589,0.00189284,-0.00199779,-14.7859
10.399,30.0558,-18.5274,4.99964,-0.621558,-1.35302,1.49661,-0.490965,-0.0199943,0.00426075,2614.31,1,0.0611997,0,0.5,-0.285007,-0.262511,-0.0112553,0.0115242,-0.0467995,-0.0710428,-0.057468,-0.0820937,5478.24,-1110.22,-3754.4,-0.000132693,0.0408938,-17.6728,3752.58,267.733,1103.3,-0.000294347,-0.0123747,-15.2858,5630.52,184.024,-2280,0.0017815,0.0194986,-17.1691,3870.99,197.711,251.34,0.00182738,-0.00226762,-14.7867
10.409,30.0168,-18.4935,4.99911,-0.622371,-0.898545,3.69607,-0.492105,-0.0199858,0.00426021,2614,1,0.06085,0,0.5,-0.284554,-0.262285,-0.0112538,0.0115308,-0.0468283,-0.0710196,-0.0574749,-0.082087,5486.75,-1004.32,-3297.3,-0.000390607,0.0333666,-17.6338,3747.19,164.286,890.04,-0.000765236,-0.00955956,-15.2983,5632.93,140.499,-2301.64,0.00141737,0.0197292,-17.1714,3870.54,163.824,203.89,0.00150055,-0.00182387,-14.7836
10.419,29.978,-18.4594,4.9991,-0.620871,-0.377205,1.32418,-0.490211,-0.0199898,0.00426063,2614.24,1,0.0610938,0,0.5,-0.284797,-0.262446,-0.0112531,0.0115281,-0.046812,-0.0710269,-0.0574708,-0.0820931,5485.1,-1221.91,-3719.35,-0.00136213,0.0407231,-17.6597,3749.29,300.591,1103.28,5.45411e-05,-0.0124978,-15.2902,5631.7,161.531,-2255.88,0.00158653,0.019258,-17.1685,3872.17,186.748,249.565,0.00174034,-0.00226747,-14.7868
10.429,29.9393,-18.4251,4.9992,-0.622325,-0.934582,2.79473,-0.491489,-0.019991,0.00426058,2614.18,1,0.0609756,0,0.5,-0.284907,-0.262495,-0.0112551,0.0115253,-0.0467797,-0.0710502,-0.0574694,-0.0820943,5471.88,-1122.25,-3806.63,-0.00010227,0.041913,-17.6558,3755.59,246.759,1069.52,-0.000416248,-0.0118909,-15.2924,5631.32,113.512,-2274.46,0.00117917,0.0194654,-17.168,3872.63,167.134,274.919,0.00161297,-0.00258049,-14.7875
10.439,29.9008,-18.3906,4.99889,-0.623242,-1.22086,3.39716,-0.49235,-0.0199804,0.00425989,2614.06,1,0.0610966,0,0.5,-0.284586,-0.26234,-0.0112539,0.0115265,-0.0468064,-0.0710294,-0.0574756,-0.0820879,5478.04,-1151.98,-3690.65,-0.000739317,0.0400106,-17.6415,3751.25,129.203,1016.59,-0.00148084,-0.0108391,-15.2982,5631.53,168.69,-2277.84,0.0016525,0.0194797,-17.1704,3872.8,168.528,235.451,0.00157886,-0.00214977,-14.7851
10.449,29.8625,-18.356,4.99879,-0.621063,-0.59418,3.1832,-0.489795,-0.0199847,0.00425991,2614.26,1,0.0609538,0,0.5,-0.284962,-0.262479,-0.0112544,0.0115261,-0.0467985,-0.0710362,-0.0574702,-0.0820941,5477.3,-1415.77,-3397.62,-0.00406074,0.0363954,-17.6455,3750.85,494.945,1158,0.00196942,-0.0137345,-15.2902,5630.4,186.109,-2238.76,0.00179179,0.0190776,-17.1705,3873.85,181.638,258.735,0.00171066,-0.00237458,-14.7858
10.459,29.8244,-18.3211,4.99973,-0.622707,-1.30181,2.39515,-0.49233,-0.0199782,0.00425999,2613.97,1,0.0609531,0,0.5,-0.284774,-0.262396,-0.0112574,0.0115227,-0.0467756,-0.0710491,-0.0574751,-0.0820877,5466.78,-874.228,-3926.68,0.00281047,0.0428933,-17.6496,3757.84,31.2999,1064.58,-0.00259191,-0.0109348,-15.2916,5630.69,127.231,-2277.45,0.00129839,0.0194939,-17.1675,3873.62,188.547,244.187,0.00174721,-0.00220607,-14.7853
10.469,29.7864,-18.2861,4.99957,-0.621655,-0.377274,1.27504,-0.491,-0.0199695,0.00425907,2614.22,1,0.0609044,0,0.5,-0.284555,-0.262303,-0.0112561,0.011525,-0.0468385,-0.0710165,-0.057479,-0.0820844,5487.74,-1201.76,-3888.17,-0.000685608,0.0435581,-17.6444,3750.29,466.695,1188.97,0.00158556,-0.0140537,-15.3024,5630.03,134.336,-2266.34,0.00135727,0.0193806,-17.1706,3874.73,183.436,252.722,0.00171731,-0.002306,-14.7858
10.479,29.7486,-18.2508,4.99907,-0.621704,-0.988402,2.05771,-0.490828,-0.0199731,0.00425976,2614.09,1,0.0611858,0,0.5,-0.28475,-0.262429,-0.0112554,0.0115253,-0.0468211,-0.0710279,-0.0574762,-0.0820882,5481.93,-1269.91,-3736.59,-0.00180215,0.0412585,-17.6507,3751.99,157.042,1175.9,-0.00166028,-0.0128105,-15.2801,5629.72,163.772,-2259.33,0.00160728,0.0192991,-17.1693,3875.1,192.933,255.457,0.00179539,-0.00231769,-14.7877
10.489,29.711,-18.2154,4.99945,-0.622168,-1.17145,2.12053,-0.491515,-0.0199713,0.00426016,2614.1,1,0.0610771,0,0.5,-0.284813,-0.2624,-0.011256,0.0115251,-0.0468042,-0.071035,-0.0574787,-0.0820856,5474.67,-1128.68,-3819.9,-0.00012974,0.0421441,-17.6518,3754.99,162.449,1079.64,-0.00132071,-0.0116903,-15.2927,5629.97,144.425,-2271.96,0.00144483,0.0194346,-17.1682,3874.4,189.775,255.014,0.00177002,-0.00231906,-14.7861
10.499,29.6735,-18.1798,4.99955,-0.62184,-0.435286,2.74943,-0.491304,-0.019968,0.00425983,2614.22,1,0.0606399,0,0.5,-0.284727,-0.262362,-0.0112566,0.0115249,-0.0468194,-0.0710323,-0.0574817,-0.0820823,5480.26,-1029.72,-3808.87,0.000836458,0.0414335,-17.6482,3755.69,487.623,1268.14,0.00159975,-0.0151051,-15.2965,5630.24,130.782,-2291.15,0.00133249,0.0196346,-17.17,3874.03,159.083,259.255,0.00152915,-0.00242562,-14.7857
10.509,29.6362,-18.144,4.99932,-0.622079,-1.11297,2.02729,-0.491298,-0.0199692,0.00426042,2613.8,1,0.061128,0,0.5,-0.284917,-0.262464,-0.0112561,0.0115254,-0.046805,-0.0710372,-0.0574813,-0.0820823,5474.59,-1150.23,-3805.37,-0.000388535,0.0419907,-17.6596,3755.92,174.5,1060.1,-0.00114075,-0.0115087,-15.2892,5630.08,136.801,-2251.01,0.00137436,0.0192235,-17.1682,3873.71,218.617,259.229,0.00200128,-0.00231501,-14.7866
10.519,29.5991,-18.1081,4.99957,-0.622117,-0.931811,2.22191,-0.491404,-0.0199691,0.00426059,2614.17,1,0.0609177,0,0.5,-0.284941,-0.262461,-0.0112557,0.0115241,-0.0468046,-0.071039,-0.0574828,-0.0820813,5474.01,-1142.38,-3787.85,-0.000355692,0.0416565,-17.6542,3756.67,296.184,1060.5,0.000125631,-0.0119485,-15.2944,5630.55,139.177,-2267.61,0.00139889,0.01939,-17.1691,3873.26,187.762,249.591,0.00174757,-0.00226531,-14.787
10.529,29.5622,-18.0719,4.99939,-0.622035,-0.887548,2.72865,-0.491215,-0.0199682,0.00426052,2616.36,1,0.0608864,0,0.5,-0.284807,-0.262394,-0.0112561,0.0115248,-0.0468242,-0.0710265,-0.057484,-0.08208,5482.18,-1201.28,-3721.42,-0.00113996,0.0406983,-17.6434,3753.42,324.091,1101.07,0.000306527,-0.0125339,-15.2972,5631.02,170.268,-2316.52,0.00167646,0.0198778,-17.1703,3873.87,214.923,445.8,0.00218314,-0.00438065,-14.7857
10.539,29.5255,-18.0356,4.9991,-0.622536,-1.37374,3.80702,-0.491362,-0.0199742,0.00426136,2616.4,1,0.0609594,0,0.5,-0.284968,-0.262476,-0.0112566,0.0115261,-0.0468079,-0.0710334,-0.057482,-0.0820825,5476.61,-992.587,-3620.32,0.000637966,0.0382008,-17.6566,3752.51,167.987,1027.44,-0.00111722,-0.0111162,-15.2898,5631,176.325,-2276.87,0.00171798,0.0194683,-17.1697,3872.63,188.063,391.028,0.0018998,-0.00382357,-14.7867
10.549,29.4889,-17.9991,4.99966,-0.622251,-0.591341,2.50046,-0.49171,-0.0199738,0.00426109,2614.09,1,0.060692,0,0.5,-0.284722,-0.262346,-0.0112559,0.0115279,-0.046828,-0.0710269,-0.0574827,-0.0820815,5484.72,-1112.37,-3800.38,-1.64707e-05,0.0416213,-17.6426,3754.05,460.44,1170.01,0.00156865,-0.0137827,-15.3004,5631.77,142.716,-2297.79,0.0014354,0.0196931,-17.1704,3871.78,153.761,260.837,0.00148876,-0.00245553,-14.7848
10.559,29.4525,-17.9624,4.99906,-0.622933,-1.45397,2.94829,-0.491887,-0.0199792,0.00426196,2614.18,1,0.0611615,0,0.5,-0.284927,-0.262471,-0.0112552,0.011526,-0.0468165,-0.0710274,-0.0574812,-0.0820852,5479.95,-987.487,-3703.02,0.000934332,0.0394738,-17.6626,3749.98,46.4448,1000.99,-0.00225972,-0.0103054,-15.2869,5631.94,134.17,-2266.84,0.00135546,0.019379,-17.17,3871.03,191.528,218.265,0.00173451,-0.00192929,-14.7864
10.569,29.4163,-17.9255,4.99915,-0.621727,-0.755893,2.26552,-0.491018,-0.0199845,0.00426193,2614.25,1,0.0610217,0,0.5,-0.284942,-0.262471,-0.0112574,0.0115277,-0.0468104,-0.0710344,-0.0574783,-0.0820879,5482.49,-1307.96,-3613.38,-0.0024899,0.0393506,-17.6465,3752.91,297.915,1065.76,0.000129893,-0.0120286,-15.2929,5632.49,162.713,-2268.33,0.0015995,0.0193815,-17.1706,3871.01,165.154,247.358,0.00156638,-0.00228559,-14.7857
10.579,29.3803,-17.8884,4.99932,-0.624468,-2.55685,4.31738,-0.492944,-0.0199855,0.00426188,2614.03,1,0.0611381,0,0.5,-0.284741,-0.262391,-0.0112578,0.0115229,-0.0468193,-0.0710328,-0.0574802,-0.0820877,5480.54,-1043.89,-3554.86,-5.58471e-05,0.0373576,-17.6442,3748.92,-9.79625,906.269,-0.00252035,-0.00899466,-15.2929,5633.65,134.074,-2277.93,0.00135698,0.0194861,-17.1699,3869.86,203.112,226.831,0.00183598,-0.00200148,-14.7853
10.589,29.3445,-17.8512,4.9992,-0.621518,-1.01943,2.10519,-0.490522,-0.0199918,0.00426211,2614.29,1,0.0611205,0,0.5,-0.284944,-0.262485,-0.0112548,0.0115225,-0.0468067,-0.071037,-0.0574758,-0.0820929,5482.51,-1327.11,-3656.23,-0.00257888,0.0401377,-17.6524,3750.93,340.162,1150.24,0.000340888,-0.0131912,-15.292,5632.91,194.566,-2236.05,0.0018611,0.0190373,-17.1684,3870.55,172.079,239.728,0.00161286,-0.00219012,-14.7879
10.599,29.3088,-17.8138,4.99994,-0.622349,-1.26755,0.616464,-0.491687,-0.0199915,0.00426185,2614.07,1,0.0612056,0,0.5,-0.284787,-0.262425,-0.0112563,0.0115232,-0.0467932,-0.0710464,-0.0574765,-0.082092,5477.53,-1143.62,-4085.9,0.000540816,0.047159,-17.643,3754.34,74.7867,1171.57,-0.00248606,-0.0123872,-15.2905,5633.44,142.715,-2266.7,0.00142766,0.0193693,-17.1699,3870.4,208.71,257.245,0.0019233,-0.00231201,-14.7859
10.609,29.2733,-17.7762,4.99962,-0.622454,-1.38778,4.60089,-0.490006,-0.0199872,0.00426107,2614.34,1,0.0605226,0,0.5,-0.28454,-0.262247,-0.0112555,0.0115259,-0.0468346,-0.071016,-0.0574777,-0.0820917,5493.3,-1387.95,-3595.18,-0.00333493,0.0392666,-17.6278,3748.82,838.347,1463.31,0.00497263,-0.0187614,-15.3131,5629.36,271.606,-2162.94,0.00248595,0.0182652,-17.1718,3876.62,-2.71335,364.427,2.90736e-05,-0.00384142,-14.7857
10.619,29.238,-17.7385,4.99937,-0.622568,-1.46859,2.36649,-0.491673,-0.0199964,0.00426212,2614.17,1,0.061132,0,0.5,-0.285011,-0.262605,-0.0112555,0.0115245,-0.0467627,-0.0710599,-0.0574713,-0.0820992,5466.28,-940.983,-3931.55,0.00214635,0.0433195,-17.676,3756.92,36.234,1090.35,-0.00261914,-0.0112548,-15.2788,5632.56,125.836,-2247.27,0.00127979,0.0191806,-17.1671,3871.24,227.846,251.936,0.00206238,-0.00222576,-14.7897
10.629,29.2029,-17.7005,4.99978,-0.623667,-2.34437,2.88486,-0.492656,-0.0199804,0.00426045,2614.19,1,0.0611527,0,0.5,-0.284349,-0.262209,-0.0112563,0.0115234,-0.0468368,-0.0710134,-0.0574803,-0.0820897,5487.29,-1335.02,-3519.88,-0.00298809,0.0379052,-17.6244,3746.08,125.077,872.635,-0.001112,-0.00921959,-15.3128,5632.7,151.703,-2300.3,0.00151278,0.0197122,-17.1725,3871.56,200.202,218.694,0.00180068,-0.00192055,-14.7836
10.639,29.168,-17.6625,4.99932,-0.621689,-0.960407,2.27984,-0.490544,-0.0199909,0.00426114,2614.34,1,0.0610047,0,0.5,-0.284875,-0.262559,-0.0112551,0.0115248,-0.0467987,-0.0710403,-0.0574705,-0.0820994,5478.6,-1106.18,-3729.41,-0.00017507,0.0404507,-17.6765,3751.46,346.059,1090.88,0.000569781,-0.0124861,-15.2826,5631.1,146.29,-2257.65,0.00145706,0.0192841,-17.1678,3873.16,182.575,260.508,0.00172048,-0.00239232,-14.7891
10.649,29.1333,-17.6242,4.99908,-0.622631,-0.97869,2.56472,-0.492047,-0.0199845,0.00426078,2614.2,1,0.0610337,0,0.5,-0.284637,-0.262368,-0.0112523,0.0115276,-0.0467988,-0.0710413,-0.0574749,-0.082094,5476.33,-1100.72,-3837.89,0.000206239,0.0423111,-17.6428,3754.2,153.954,1081.7,-0.00141641,-0.0116821,-15.2985,5631.05,142.425,-2273.53,0.00142722,0.0194476,-17.1706,3873.03,189.368,233.261,0.00173891,-0.00208911,-14.786
10.659,29.0987,-17.5858,4.99944,-0.621675,-1.09714,2.21008,-0.490633,-0.0199819,0.00426056,2614.25,1,0.0610135,0,0.5,-0.284722,-0.26235,-0.0112565,0.0115236,-0.0468138,-0.0710293,-0.0574758,-0.082093,5481.8,-1258.13,-3618.34,-0.00199216,0.0392328,-17.6468,3749.66,372.701,1108.16,0.000802337,-0.0127821,-15.2953,5630.86,163.071,-2261.25,0.00160087,0.019315,-17.1711,3873.24,174.031,245.794,0.00163451,-0.00225015,-14.7869
10.669,29.0644,-17.5472,4.99913,-0.622406,-1.34901,2.37257,-0.491609,-0.0199842,0.00426108,2614.04,1,0.0611786,0,0.5,-0.284949,-0.262522,-0.0112549,0.0115254,-0.0467756,-0.0710563,-0.0574745,-0.0820949,5467.53,-1113.17,-3844.87,0.000108039,0.0425905,-17.6597,3758,36.5753,1087.19,-0.00260517,-0.0112175,-15.2828,5630.63,138.367,-2270,0.00139201,0.0194144,-17.1686,3872.79,235.334,262.54,0.00213456,-0.00232467,-14.7894
10.679,29.0302,-17.5084,4.99937,-0.622546,-1.12778,2.39586,-0.49171,-0.0199725,0.00426018,2614.3,1,0.0609972,0,0.5,-0.284561,-0.262262,-0.0112559,0.011528,-0.0468324,-0.0710194,-0.0574815,-0.0820878,5484.12,-1366.51,-3712.94,-0.00284177,0.0412466,-17.6263,3750.24,372.638,1072.53,0.000898287,-0.0123461,-15.3081,5630.15,164.887,-2232.11,0.00160879,0.0190205,-17.1723,3873.91,200.739,230.995,0.0018232,-0.00204654,-14.7839
10.689,28.9963,-17.4694,4.999,-0.621555,-1.22776,2.85853,-0.490421,-0.0199826,0.00426133,2614.34,1,0.0610915,0,0.5,-0.285143,-0.262584,-0.0112557,0.0115259,-0.0467876,-0.0710467,-0.0574739,-0.0820963,5471.25,-1238.16,-3573.9,-0.00190784,0.0385359,-17.667,3754,251.14,1094.52,-0.000441592,-0.0122068,-15.2791,5629.97,174.208,-2244.4,0.00169223,0.0191419,-17.1684,3873.87,164.946,254.392,0.00157128,-0.00236064,-14.7893
10.699,28.9625,-17.4303,4.99973,-0.62258,-1.08233,1.78616,-0.492174,-0.0199719,0.00426072,2614.11,1,0.0609679,0,0.5,-0.284669,-0.262315,-0.0112584,0.0115217,-0.046812,-0.071038,-0.057484,-0.0820851,5476.96,-1097.17,-3904.54,0.000453266,0.0434772,-17.6318,3756.12,118.632,1047.71,-0.0016752,-0.0111366,-15.302,5630.48,114.032,-2270.22,0.00118401,0.0194249,-17.1711,3873.42,213.206,248.184,0.00194401,-0.00220745,-14.7857
10.709,28.9289,-17.3911,4.9995,-0.621589,-0.903757,1.79676,-0.490562,-0.0199757,0.00426107,2614.37,1,0.0610077,0,0.5,-0.284941,-0.262452,-0.0112562,0.0115251,-0.0468209,-0.0710326,-0.0574799,-0.0820904,5481.97,-1307.57,-3796.44,-0.00202036,0.04247,-17.6624,3753.32,426.627,1238.63,0.00102385,-0.0145552,-15.2896,5630.35,161.412,-2263.69,0.00158784,0.0193424,-17.17,3873.72,181.416,260.606,0.00171111,-0.00239529,-14.7882
10.719,28.8955,-17.3516,4.99972,-0.621728,-1.00919,1.5941,-0.49108,-0.0199774,0.00426141,2614.21,1,0.0609995,0,0.5,-0.284909,-0.262447,-0.0112567,0.011525,-0.0468068,-0.0710427,-0.0574804,-0.0820895,5477.46,-1133.62,-3800.64,-0.000231372,0.0418011,-17.6486,3756.11,186.934,1068.14,-0.00103477,-0.0116503,-15.292,5630.43,147.316,-2271.49,0.00146862,0.019427,-17.1697,3873.12,182,253.959,0.0017083,-0.00232288,-14.7872
10.729,28.8623,-17.312,4.99956,-0.622462,-1.25035,2.06356,-0.491604,-0.0199761,0.00426158,2614.26,1,0.061033,0,0.5,-0.284849,-0.262392,-0.0112565,0.0115249,-0.0468197,-0.0710331,-0.0574831,-0.0820881,5481.04,-1167.43,-3809.33,-0.00054978,0.042069,-17.6476,3753.32,259.049,1079.23,-0.0003171,-0.012056,-15.2988,5631.22,158.447,-2272.41,0.00156387,0.0194294,-17.1708,3872.43,186.471,250.199,0.00173858,-0.00227461,-14.786
10.739,28.8293,-17.2722,4.9997,-0.621914,-1.1828,2.01942,-0.490846,-0.019978,0.00426125,2614.3,1,0.0609629,0,0.5,-0.284747,-0.262381,-0.0112549,0.0115218,-0.0468362,-0.0710287,-0.0574822,-0.0820884,5488.19,-1223.43,-3615.53,-0.00164886,0.0389835,-17.6453,3750.55,284.978,1032.93,8.50192e-05,-0.0116054,-15.2945,5631.48,145.51,-2271.61,0.00145384,0.0194253,-17.1709,3872,173.777,233.359,0.00161671,-0.00211802,-14.7857
10.749,28.7965,-17.2323,4.9997,-0.622204,-1.3385,1.99556,-0.491467,-0.0199836,0.00426218,2614.3,1,0.0610111,0,0.5,-0.284911,-0.262449,-0.0112569,0.0115245,-0.046805,-0.0710412,-0.0574811,-0.0820919,5476.76,-1033.92,-3810.89,0.000803239,0.0415247,-17.6627,3753.62,264.418,1071.2,-0.000238092,-0.0119787,-15.2929,5631.68,130.168,-2249.17,0.00131754,0.0192015,-17.1693,3871.08,183.543,207.374,0.00165699,-0.00182823,-14.7874
10.759,28.7639,-17.1922,4.99915,-0.622525,-1.1211,2.69295,-0.491957,-0.0199838,0.0042623,2614.06,1,0.0610092,0,0.5,-0.284907,-0.262479,-0.0112574,0.0115289,-0.0467972,-0.0710373,-0.0574821,-0.0820911,5476.03,-1056.49,-3672.1,0.00016561,0.0393122,-17.656,3753.42,144.043,942.793,-0.00111615,-0.010057,-15.2949,5632.69,174.902,-2327.68,0.00171847,0.0199849,-17.1708,3871.08,160.729,263.795,0.00154922,-0.00247339,-14.7867
10.769,28.7315,-17.152,4.99925,-0.62214,-1.25915,2.22752,-0.491506,-0.0199946,0.0042634,2614.15,1,0.061118,0,0.5,-0.285441,-0.262725,-0.0112553,0.0115246,-0.0467548,-0.07106,-0.0574763,-0.082099,5462.02,-992.202,-3879.1,0.00146917,0.0426793,-17.6957,3757.41,279.867,1066.66,-6.45955e-05,-0.0119654,-15.2812,5632.87,140.117,-2261.3,0.00140531,0.0193173,-17.1662,3870.55,195.783,249.948,0.00181163,-0.00225639,-14.7904
10.779,28.6993,-17.1116,4.99978,-0.623092,-1.46788,2.49721,-0.492213,-0.0199819,0.00426075,2614.33,1,0.0608878,0,0.5,-0.284441,-0.26225,-0.0112562,0.0115236,-0.0468532,-0.0710305,-0.0574842,-0.082089,5493.51,-1314.74,-3672.78,-0.00240761,0.0402493,-17.6078,3749.18,334.026,1053.49,0.000538947,-0.0120069,-15.3161,5632.58,159.132,-2278.97,0.00156878,0.0194914,-17.1746,3871.05,168.639,237.243,0.00158316,-0.00216971,-14.7829
10.789,28.6673,-17.071,4.99929,-0.622857,-2.35233,2.83297,-0.490924,-0.0199885,0.00426189,2614.01,1,0.0613091,0,0.5,-0.284644,-0.262304,-0.0112562,0.0115216,-0.0468415,-0.0710124,-0.0574784,-0.0820965,5492.12,-1336.96,-3665.2,-0.00266364,0.0402296,-17.6522,3741.54,104.974,1286.92,-0.00254193,-0.013958,-15.2774,5631.76,194.357,-2233.87,0.00185873,0.0190193,-17.1706,3871.73,162.93,245.135,0.00154671,-0.00226559,-14.7867
10.799,28.6354,-17.0303,4.99968,-0.62199,-1.01888,2.64717,-0.491715,-0.0199966,0.00426271,2614.26,1,0.0607453,0,0.5,-0.284988,-0.26258,-0.0112549,0.0115242,-0.0467648,-0.0710641,-0.0574737,-0.0821015,5467.2,-713.899,-3842.99,0.00411521,0.0406394,-17.6769,3757.87,232.367,1009.3,-0.000398497,-0.0111302,-15.2918,5632.41,99.0317,-2275.75,0.00105723,0.0194786,-17.1667,3870.84,196.031,245.969,0.00180802,-0.00221351,-14.7892
10.809,28.6038,-16.9894,5.00019,-0.62134,-0.372879,1.16736,-0.491166,-0.0199752,0.00426065,2614.28,1,0.0606999,0,0.5,-0.284103,-0.262051,-0.0112499,0.0115259,-0.0468608,-0.0709972,-0.0574889,-0.0820839,5499.16,-1204.26,-3769.56,-0.00105449,0.0413513,-17.6183,3744.87,553.24,1144.85,0.00261535,-0.0137314,-15.3262,5632.52,120.085,-2277.66,0.00123821,0.0194918,-17.1739,3871.98,181.711,231.731,0.00167764,-0.00208653,-14.7825
10.819,28.5724,-16.9484,4.99891,-0.622004,-1.0296,2.00078,-0.491611,-0.0200043,0.0042642,2613.62,1,0.0612107,0,0.5,-0.285611,-0.262973,-0.0112554,0.0115244,-0.046688,-0.0711021,-0.0574688,-0.082109,5441.1,-309.374,-4352.32,0.0105289,0.0483541,-17.7464,3767.88,-143.699,1226.4,-0.00473917,-0.0119132,-15.2522,5631.9,109.776,-2211.93,0.00113534,0.0188304,-17.1622,3871.19,311.172,275.558,0.0027388,-0.00236572,-14.7951
10.829,28.5412,-16.9072,4.99868,-0.619847,-1.16129,1.94145,-0.488818,-0.0199932,0.00426349,2614.55,1,0.0614104,0,0.5,-0.285712,-0.262737,-0.0112549,0.011525,-0.0467527,-0.071056,-0.057475,-0.0821036,5463.41,-2585.2,-3047.37,-0.015643,0.0350798,-17.6119,3755.23,744.802,1113.96,0.00465298,-0.0136978,-15.31,5631.7,260.364,-2253.79,0.00242461,0.0191848,-17.1775,3872.27,92.4832,243.201,0.000946756,-0.0024009,-14.7811
10.839,28.5102,-16.8659,5.00099,-0.623098,-1.51151,1.26652,-0.492968,-0.0199756,0.0042626,2614.05,1,0.0606902,0,0.5,-0.284412,-0.262277,-0.0112563,0.0115369,-0.0468148,-0.0710307,-0.0574862,-0.0820897,5478.49,-779.038,-4052.65,0.0042344,0.0445718,-17.6159,3754.07,10.5792,1016.35,-0.00265252,-0.0103021,-15.3062,5631.81,80.957,-2297.14,0.00090581,0.0197035,-17.1713,3872.23,210.996,226.825,0.00189569,-0.00198882,-14.7833
10.849,28.4794,-16.8244,4.99857,-0.620829,-1.06231,1.63207,-0.489307,-0.0199918,0.00426445,2614.72,1,0.0614878,0,0.5,-0.285533,-0.262749,-0.0112557,0.0115241,-0.0468063,-0.0710345,-0.0574723,-0.0821065,5481.55,-1517.89,-3647.51,-0.00451249,0.0407948,-17.6922,3749.71,349.2,1223.66,0.000233984,-0.0141319,-15.2759,5630.36,216.596,-2238.93,0.00205055,0.0190639,-17.1695,3873.97,231.738,287.815,0.00214365,-0.00259674,-14.7969
10.859,28.4488,-16.7827,5.00044,-0.62357,-1.48106,1.73141,-0.493302,-0.0199846,0.00426486,2613.91,1,0.0607901,0,0.5,-0.284582,-0.262281,-0.0112571,0.0115228,-0.046826,-0.0710276,-0.0574803,-0.0820969,5485.34,-874.781,-4053.03,0.00324693,0.0449998,-17.6231,3752.12,32.4196,1055.41,-0.0025576,-0.0108525,-15.3049,5631.55,89.6523,-2288.52,0.000979078,0.0196143,-17.1706,3872.44,189.689,231.798,0.00173936,-0.00207343,-14.7841
10.869,28.4184,-16.7409,4.99919,-0.621837,-1.41812,2.50406,-0.490437,-0.0199943,0.00426605,2614.56,1,0.061119,0,0.5,-0.285105,-0.262548,-0.0112558,0.0115246,-0.0468283,-0.0710233,-0.0574733,-0.0821043,5490.95,-1308.66,-3513.15,-0.00273843,0.0376689,-17.6722,3747.57,322.294,1026.84,0.000495466,-0.0116589,-15.2895,5631.5,180.983,-2255.29,0.00175235,0.0192443,-17.1702,3872.33,176.981,249.811,0.00166248,-0.00228821,-14.7892
10.879,28.3882,-16.699,4.99968,-0.623188,-1.83883,2.78099,-0.492484,-0.0199961,0.00426691,2614.2,1,0.0609547,0,0.5,-0.284781,-0.262402,-0.0112561,0.0115229,-0.0468101,-0.0710359,-0.0574748,-0.0821021,5484.44,-1025.54,-3673.86,0.000473193,0.0391246,-17.6409,3751.91,131.641,895.974,-0.00110993,-0.00948935,-15.2975,5632.7,119.498,-2280.68,0.00123337,0.0195222,-17.1706,3870.5,191.47,224.882,0.00174284,-0.00199876,-14.7861
10.889,28.3582,-16.6569,4.99907,-0.621848,-1.50618,2.33975,-0.490537,-0.0200062,0.00426824,2614.43,1,0.061226,0,0.5,-0.285299,-0.262635,-0.0112553,0.0115243,-0.0467769,-0.0710503,-0.0574708,-0.0821084,5477.92,-1352.09,-3629.34,-0.00289155,0.0398414,-17.6653,3753.94,210.451,1140.8,-0.000999569,-0.0126037,-15.281,5633.22,177.077,-2257.78,0.00171917,0.0192654,-17.1703,3870.25,186.6,258.55,0.00175083,-0.00236524,-14.7893
10.899,28.3284,-16.6147,5.00015,-0.622668,-1.03192,1.13916,-0.4923,-0.0199975,0.00426756,2614.34,1,0.0609273,0,0.5,-0.284579,-0.262269,-0.0112555,0.0115233,-0.0468081,-0.0710371,-0.0574777,-0.0820996,5487.27,-1072.59,-3920.16,0.000750464,0.0435225,-17.6218,3754.33,135.819,1042.6,-0.00148647,-0.0111554,-15.3088,5634.35,125.51,-2307.07,0.00128997,0.0197846,-17.1712,3869.46,191.121,229.509,0.00174836,-0.00204844,-14.7828
10.909,28.2989,-16.5723,4.99942,-0.622412,-1.64016,2.16931,-0.49128,-0.0200088,0.0042689,2614.48,1,0.0611564,0,0.5,-0.28517,-0.262592,-0.0112542,0.011523,-0.0467676,-0.0710541,-0.0574709,-0.0821095,5475.37,-1001.12,-3837.27,0.00122509,0.0418414,-17.6858,3755.79,191.881,1096.14,-0.00106487,-0.0119974,-15.2805,5633.81,150.139,-2260.43,0.00149015,0.0193014,-17.1687,3869.72,203.176,259.124,0.00188242,-0.0023418,-14.7892
10.919,28.2695,-16.5298,4.99936,-0.622018,-0.726821,2.8363,-0.490828,-0.0200037,0.00426775,2614.23,1,0.0607184,0,0.5,-0.284702,-0.262331,-0.0112527,0.0115224,-0.0468095,-0.0710368,-0.0574734,-0.0821069,5487.82,-1106.84,-3479.46,-0.00087425,0.0363942,-17.6272,3751.51,277.644,846.658,0.000514049,-0.00942467,-15.3096,5631.74,402.884,-2245.21,0.00361418,0.0189852,-17.1732,3871.21,62.2978,212.31,0.000656019,-0.00213177,-14.7842
10.929,28.2403,-16.4871,4.99957,-0.622583,-1.6144,2.07472,-0.49149,-0.0200092,0.0042686,2614.49,1,0.0611016,0,0.5,-0.284972,-0.262485,-0.0112553,0.0115241,-0.0467774,-0.0710441,-0.0574698,-0.0821118,5479.49,-1071.99,-3825.48,0.00046723,0.0419256,-17.6659,3753.05,215.302,1066.87,-0.000738594,-0.0117532,-15.2935,5633.34,148.28,-2254.82,0.00147276,0.0192467,-17.1698,3870.39,200.944,252.625,0.00185632,-0.00227606,-14.7883
10.939,28.2114,-16.4443,4.99957,-0.62177,-1.16508,1.66201,-0.490873,-0.0200079,0.00426759,2614.12,1,0.0610713,0,0.5,-0.284795,-0.262406,-0.0112539,0.0115233,-0.0467966,-0.0710378,-0.0574688,-0.0821124,5486.56,-1315.14,-3674,-0.00241189,0.0403434,-17.6378,3751.36,284.464,1103.12,-0.000117956,-0.0124346,-15.2972,5632.26,145.898,-2249.18,0.00145078,0.019194,-17.1722,3871.41,177.987,250.327,0.00167306,-0.00229236,-14.7877
10.949,28.1827,-16.4013,4.99946,-0.622163,-0.657636,1.12591,-0.491602,-0.0200048,0.00426768,2614.29,1,0.0610961,0,0.5,-0.284643,-0.262349,-0.011255,0.0115255,-0.0467901,-0.0710251,-0.0574728,-0.0821095,5485.68,-1053.34,-4066.49,0.00142445,0.0461917,-17.6522,3750.47,221.832,1278.72,-0.00129334,-0.0143333,-15.2934,5632.48,133.037,-2256.41,0.00134296,0.0192713,-17.1703,3871.33,197.604,253.391,0.00183095,-0.00228946,-14.7871
10.959,28.1542,-16.3582,4.99979,-0.622451,-1.48407,1.41587,-0.491498,-0.0200094,0.00426675,2614.51,1,0.0611403,0,0.5,-0.284886,-0.262517,-0.0112551,0.0115223,-0.0467811,-0.071049,-0.0574672,-0.0821157,5478.28,-1086.72,-3961.63,0.000736461,0.0444588,-17.6701,3752.74,259.702,1161.27,-0.000544746,-0.0130401,-15.2907,5632.21,151.785,-2283.65,0.00150953,0.0195434,-17.1697,3871.55,193.247,251.118,0.00179382,-0.00227275,-14.79
10.969,28.1259,-16.315,5.00021,-0.622365,-1.51673,1.35577,-0.492135,-0.0199945,0.00426542,2614.32,1,0.0609941,0,0.5,-0.28425,-0.262253,-0.0112513,0.0115309,-0.0468216,-0.0710072,-0.0574766,-0.0821047,5492.28,-966.947,-3688.39,0.00107556,0.0390271,-17.6385,3746.01,371.841,894.154,0.00135485,-0.0102253,-15.3118,5630.54,171.788,-2310.42,0.0016838,0.019816,-17.1729,3871.4,203.379,250.383,0.00186958,-0.0022476,-14.7843
10.979,28.0978,-16.2716,5.0001,-0.622382,-0.852786,1.58353,-0.490725,-0.0200002,0.00426471,2614.51,1,0.0607586,0,0.5,-0.284605,-0.262351,-0.0112564,0.011523,-0.046805,-0.0710284,-0.0574687,-0.0821138,5485.82,-1216.12,-3949.64,-0.000665791,0.0447849,-17.668,3747.39,849.751,1136.54,0.00570168,-0.0142363,-15.3123,5630.71,176.725,-2239.4,0.00171142,0.0190873,-17.171,3873.57,134.687,254.606,0.0013241,-0.00242828,-14.7866
10.989,28.0699,-16.2281,4.99961,-0.622404,-1.94082,2.32582,-0.491758,-0.0200003,0.00426481,2614.27,1,0.0610892,0,0.5,-0.284991,-0.262617,-0.011255,0.011524,-0.0467323,-0.0710724,-0.0574691,-0.0821128,5457.92,-954.917,-3846.32,0.00172518,0.0419671,-17.6731,3760.07,-17.8197,1040.16,-0.00298561,-0.0104181,-15.2791,5630.93,137.809,-2270.49,0.00138762,0.0194186,-17.1686,3873.13,208.462,252.709,0.0019133,-0.00226287,-14.79
10.999,28.0422,-16.1844,5.00055,-0.621004,-0.542058,1.10534,-0.490812,-0.0199779,0.00426211,2613.92,1,0.0606266,0,0.5,-0.28438,-0.262166,-0.0112575,0.0115202,-0.0468219,-0.0710221,-0.057484,-0.0820967,5484.51,-1292.54,-3716.7,-0.00208859,0.0409878,-17.6169,3751.84,601.684,1199.12,0.00299644,-0.0145214,-15.3156,5629.91,129.861,-2276.55,0.00132043,0.0194867,-17.1746,3873.78,132.538,212.007,0.00126403,-0.00196888,-14.7853
11.009,28.0147,-16.1407,4.99974,-0.621714,-1.71197,1.54906,-0.490858,-0.019988,0.00426351,2614.92,1,0.0611826,0,0.5,-0.285286,-0.262779,-0.0112551,0.011524,-0.0467366,-0.0710724,-0.0574747,-0.0821079,5455.51,-985.739,-3921.46,0.00166563,0.0434833,-17.6956,3761.53,37.6417,1088.85,-0.00259334,-0.0112298,-15.2671,5629.7,138.354,-2264.68,0.00139112,0.0193634,-17.1659,3874.89,239.241,284.243,0.00219712,-0.00254598,-14.7938
11.019,27.9875,-16.0967,5.00032,-0.622718,-1.48363,3.14299,-0.492768,-0.0199589,0.00426083,2614.56,1,0.060449,0,0.5,-0.284176,-0.262094,-0.0112486,0.0115329,-0.0468484,-0.0710024,-0.0574929,-0.0820851,5487.07,-873.633,-3391.46,0.00109638,0.0341925,-17.6148,3748.13,375.881,747.183,0.00175226,-0.00851172,-15.3278,5630.12,113.7,-2449.19,0.00122041,0.021284,-17.1743,3875.2,133.849,355.321,0.00138665,-0.00354436,-14.783
11.029,27.9605,-16.0527,5.00008,-0.620798,-2.36721,1.46027,-0.488993,-0.0199746,0.00426241,2614.57,1,0.061277,0,0.5,-0.285231,-0.262657,-0.011258,0.0115214,-0.0468008,-0.0710307,-0.0574785,-0.0821029,5474.09,-1374.36,-3529.83,-0.003361,0.0383436,-17.6952,3749.2,313.127,1147.51,6.53392e-05,-0.0130747,-15.2707,5627.66,195.493,-2241.38,0.00187292,0.0191092,-17.1675,3876.76,174.872,265.496,0.00166314,-0.00245935,-14.7932
11.039,27.9337,-16.0085,4.99971,-0.623845,-2.63251,2.89864,-0.493501,-0.0199617,0.00426175,2614.19,1,0.061066,0,0.5,-0.284638,-0.262427,-0.011256,0.0115253,-0.0467997,-0.0710435,-0.05749,-0.0820894,5466.78,-1014.88,-3795.89,0.000956278,0.0412843,-17.635,3758.61,-48.1613,868.205,-0.0027573,-0.00837514,-15.3042,5628.61,116.07,-2267.1,0.00120152,0.0193992,-17.171,3874.83,224.317,209.342,0.00196695,-0.00179248,-14.7869
11.049,27.9071,-15.9642,4.99911,-0.61972,-1.36711,1.44226,-0.488424,-0.0199734,0.00426345,2614.83,1,0.0613931,0,0.5,-0.285849,-0.262991,-0.011256,0.0115237,-0.0467638,-0.0710527,-0.0574816,-0.0820996,5461.47,-1873.4,-3417.45,-0.00850281,0.0385158,-17.6754,3756.67,559.435,1256.11,0.00240449,-0.0151441,-15.2696,5628.35,230.715,-2238.21,0.00217194,0.0190557,-17.1707,3875.78,143.846,272.317,0.00141382,-0.00260085,-14.7892
11.059,27.8807,-15.9198,5.00024,-0.6243,-2.0466,2.28516,-0.494181,-0.019955,0.00426185,2613.96,1,0.0608357,0,0.5,-0.284562,-0.262279,-0.0112572,0.0115178,-0.0468216,-0.0710437,-0.0574992,-0.0820805,5472.87,-810.624,-4106.88,0.00413068,0.0458423,-17.6115,3760.62,-109.378,1012.35,-0.00375051,-0.00965888,-15.3186,5630.24,64.8297,-2292.09,0.000767069,0.0196603,-17.1731,3873.93,190.745,229.243,0.00174343,-0.00204404,-14.7825
11.069,27.8546,-15.8752,4.99997,-0.620339,-1.53537,2.08849,-0.488733,-0.0199579,0.00426351,2614.6,1,0.0608923,0,0.5,-0.284902,-0.26233,-0.0112571,0.0115253,-0.0468594,-0.0709885,-0.0574968,-0.0820845,5489.06,-1789.4,-3327.27,-0.00777811,0.0364976,-17.6577,3743.58,1088.52,1277.1,0.00796826,-0.0167273,-15.3012,5628.4,207.617,-2182.89,0.00195822,0.0185087,-17.1728,3875.3,65.7118,231.834,0.000693461,-0.00233432,-14.7868
11.079,27.8286,-15.8305,4.99988,-0.622292,-1.26247,1.78538,-0.492368,-0.0199684,0.00426436,2614.36,1,0.0609104,0,0.5,-0.285095,-0.262866,-0.0112566,0.0115292,-0.0467869,-0.0710608,-0.0574914,-0.0820862,5468.32,-747.886,-4061.15,0.00461002,0.0446838,-17.6736,3764.66,-74.9887,1090.9,-0.00367807,-0.0107005,-15.274,5630.71,99.6956,-2281.2,0.00106444,0.0195401,-17.1683,3872.31,228.813,251.694,0.00206873,-0.00222124,-14.7904
11.089,27.8029,-15.7856,4.99946,-0.622407,-1.2094,1.41261,-0.491644,-0.0199526,0.00426381,2613.66,1,0.0611944,0,0.5,-0.284389,-0.261939,-0.0112572,0.0115251,-0.0469064,-0.0709651,-0.0575051,-0.0820746,5507.65,-1438.96,-3665.5,-0.00366391,0.0404977,-17.6142,3740.75,409.308,1023.92,0.00141203,-0.0118846,-15.3348,5631.44,176.558,-2295.15,0.00172428,0.0196539,-17.1769,3872.63,165.861,260.013,0.00158653,-0.00242054,-14.7834
11.099,27.7774,-15.7407,4.99984,-0.621822,-1.776,2.09132,-0.490639,-0.0199817,0.00426656,2614.46,1,0.0609904,0,0.5,-0.285258,-0.262787,-0.0112564,0.0115253,-0.0467882,-0.0710452,-0.0574868,-0.0820951,5473.15,-939.947,-3865.47,0.00193189,0.0420631,-17.6972,3755.47,135.781,1182.14,-0.00189445,-0.0127802,-15.2546,5631.55,127.063,-2237.55,0.00128944,0.0190851,-17.1661,3871.37,202.239,270.364,0.00188888,-0.00246279,-14.7927
11.109,27.7522,-15.6956,4.9998,-0.62232,-1.69997,2.95935,-0.492355,-0.0199691,0.00426472,2614.53,1,0.0607271,0,0.5,-0.284434,-0.262171,-0.0112574,0.011526,-0.0468434,-0.0710232,-0.0574979,-0.0820817,5490.33,-951.537,-3494.05,0.000655762,0.0359723,-17.626,3754.28,249.776,885.479,0.000119293,-0.00977831,-15.3234,5632.94,143.079,-2287.06,0.00143582,0.0195789,-17.1744,3870.31,128.832,220.55,0.00124409,-0.00207107,-14.7847
11.119,27.7271,-15.6504,4.99948,-0.621815,-1.37445,2.37514,-0.490883,-0.0199786,0.00426659,2614.46,1,0.0609368,0,0.5,-0.284879,-0.262403,-0.0112575,0.0115271,-0.0468081,-0.0710198,-0.057491,-0.0820918,5480.58,-978.809,-3711.16,0.00103863,0.0395619,-17.6768,3750.67,360.598,1095.25,0.000709393,-0.0125855,-15.289,5632.61,210.804,-2260.9,0.002007,0.0192829,-17.1699,3870.69,162.472,244.911,0.00154252,-0.00226468,-14.7891
11.129,27.7023,-15.6051,5.00096,-0.622774,-2.39273,0.806646,-0.491742,-0.0199799,0.00426507,2614.5,1,0.0610627,0,0.5,-0.284606,-0.262423,-0.011261,0.0115173,-0.0468207,-0.0710403,-0.0574912,-0.0820915,5483.04,-1156.69,-3949.53,-3.2358e-05,0.0445239,-17.643,3753.91,108.946,1159.69,-0.00210619,-0.0124029,-15.2919,5633.01,148.662,-2259.74,0.00147678,0.0192977,-17.1719,3870.45,194.303,254.048,0.00180705,-0.00230275,-14.7879
11.139,27.6777,-15.5596,4.9995,-0.621979,-1.47448,1.37506,-0.491019,-0.0199822,0.00426604,2614.27,1,0.061244,0,0.5,-0.284849,-0.262395,-0.0112578,0.0115243,-0.0467951,-0.0710289,-0.0574898,-0.0820951,5477.97,-1223.68,-4047.45,-0.000440224,0.0468097,-17.6613,3752.37,364.425,1360.76,1.53377e-06,-0.0159121,-15.3015,5632.56,167.501,-2229.67,0.00162906,0.0189864,-17.1711,3871.41,160.564,273.513,0.00155984,-0.00257987,-14.7863
11.149,27.6533,-15.5141,5.00007,-0.622522,-1.65743,1.51624,-0.49169,-0.0199831,0.00426575,2614.4,1,0.0610067,0,0.5,-0.284833,-0.262527,-0.011256,0.0115238,-0.0467723,-0.0710477,-0.0574886,-0.082095,5469.92,-1053.2,-3991.94,0.00119092,0.0449583,-17.656,3757.26,145.511,1156.88,-0.00172204,-0.0125173,-15.2883,5632.75,125.099,-2268.45,0.00127805,0.0193955,-17.1704,3871.23,220.03,254.695,0.00200695,-0.00226641,-14.7889
11.159,27.6292,-15.4684,4.99927,-0.622011,-1.74579,2.07676,-0.491205,-0.0199839,0.004266,2614.51,1,0.0612103,0,0.5,-0.285071,-0.262544,-0.0112557,0.0115258,-0.0467767,-0.0710358,-0.0574871,-0.0820991,5470.03,-1306.19,-3687.57,-0.00228674,0.0407051,-17.6634,3753.59,144.541,1063.2,-0.00145824,-0.0114304,-15.2926,5632.48,195.75,-2279.44,0.00188366,0.0194804,-17.1696,3871.89,164.206,246.507,0.00155766,-0.0022778,-14.7903
11.169,27.6052,-15.4226,4.99941,-0.623428,-2.28505,2.58243,-0.492306,-0.0199776,0.00426501,2614.21,1,0.0611344,0,0.5,-0.284398,-0.262257,-0.0112533,0.011524,-0.0468278,-0.0710089,-0.0574878,-0.082093,5486.46,-1366.24,-3664.41,-0.00295153,0.0403949,-17.6187,3745.11,18.5439,1106.67,-0.00285312,-0.0113976,-15.294,5632.03,163.884,-2282.83,0.00161276,0.0195309,-17.1736,3872.37,179.463,230.963,0.00165891,-0.00208211,-14.7849
11.179,27.5815,-15.3767,4.99963,-0.621596,-1.43173,1.75606,-0.490552,-0.019988,0.00426547,2614.56,1,0.0610664,0,0.5,-0.284984,-0.262525,-0.011257,0.0115239,-0.0468048,-0.0710361,-0.0574825,-0.082104,5481.02,-1217.23,-3751,-0.0012261,0.0412841,-17.6731,3752.13,275.323,1158.41,-0.000368479,-0.0130646,-15.2845,5631.87,160.502,-2267.2,0.00158058,0.0193731,-17.1704,3872.61,188.717,269.758,0.00178118,-0.00248076,-14.79
11.189,27.558,-15.3306,5.00079,-0.621531,-1.08725,0.750985,-0.49107,-0.019983,0.00426563,2614.29,1,0.0607881,0,0.5,-0.284645,-0.262334,-0.0112565,0.0115218,-0.0468097,-0.0710254,-0.0574885,-0.0820976,5482.34,-989.973,-3886.86,0.00148539,0.0425812,-17.6406,3751.77,264.103,1116.9,-0.000372568,-0.0125269,-15.3023,5631.86,112.762,-2280.74,0.00117502,0.0195277,-17.1713,3872.18,178.779,243.971,0.00167003,-0.0022222,-14.7861
11.199,27.5348,-15.2845,4.99979,-0.621851,-1.74248,1.41095,-0.490917,-0.0199893,0.00426599,2614.67,1,0.0611823,0,0.5,-0.284915,-0.262506,-0.0112569,0.0115232,-0.046798,-0.0710382,-0.0574822,-0.0821037,5479.21,-1221.45,-3815.64,-0.0010883,0.0424478,-17.6613,3753.13,198.429,1205.03,-0.00131704,-0.0133277,-15.2868,5631.81,161.089,-2261.96,0.00158411,0.0193197,-17.1718,3872.13,170.062,257.618,0.00161744,-0.00238626,-14.7888
11.209,27.5118,-15.2382,4.99955,-0.622752,-1.62959,2.05917,-0.492155,-0.0199861,0.00426621,2614.36,1,0.0610422,0,0.5,-0.284669,-0.262395,-0.0112549,0.0115263,-0.0468056,-0.0710283,-0.0574857,-0.0821001,5480.62,-1118.25,-3826.71,-3.40187e-06,0.04215,-17.6443,3751.89,177.795,1068.37,-0.0011333,-0.0116303,-15.2998,5632.17,138.967,-2272.81,0.00139781,0.0194375,-17.1719,3871.72,188.496,238.222,0.00173932,-0.00214376,-14.7872
11.219,27.489,-15.1918,4.99966,-0.621936,-1.56978,1.98604,-0.491181,-0.0199908,0.00426677,2614.54,1,0.0610094,0,0.5,-0.284911,-0.262499,-0.0112547,0.0115306,-0.0467948,-0.0710303,-0.0574817,-0.0821043,5478.92,-1150.31,-3718.26,-0.00064138,0.0404556,-17.6628,3751.22,333.174,1082.27,0.000454972,-0.0123434,-15.293,5631.85,151.286,-2264.39,0.00150096,0.0193482,-17.1711,3871.56,176.589,251.917,0.00166278,-0.00231208,-14.7891
11.229,27.4664,-15.1453,5.00114,-0.622245,-2.42487,0.385764,-0.491293,-0.0199884,0.00426637,2614.59,1,0.0611196,0,0.5,-0.284649,-0.26236,-0.0112595,0.0115158,-0.0468097,-0.0710252,-0.0574826,-0.0820983,5484.06,-1114.48,-3725.23,-0.000261842,0.0403619,-17.6446,3749.1,44.7617,943.623,-0.00210729,-0.00965787,-15.2997,5632.32,148.172,-2294.43,0.00148153,0.0196547,-17.1724,3871.15,214.648,272.226,0.00198957,-0.00246098,-14.7874
11.239,27.4441,-15.0987,4.99934,-0.622164,-2.2301,2.55449,-0.490938,-0.0199941,0.00426743,2614.41,1,0.0611398,0,0.5,-0.284999,-0.262477,-0.0112561,0.0115256,-0.0467944,-0.0710314,-0.0574802,-0.0821073,5479.54,-1299.37,-3534.51,-0.0026043,0.0380734,-17.6569,3749.41,326.275,1081.82,0.000384561,-0.0123225,-15.297,5631.91,172.837,-2265.32,0.00168492,0.0193487,-17.1716,3871.38,157.638,244.132,0.00150216,-0.00226566,-14.7873
11.249,27.422,-15.052,4.99965,-0.623636,-2.5714,2.89845,-0.492853,-0.0199894,0.0042675,2614.14,1,0.0609746,0,0.5,-0.284709,-0.262442,-0.0112595,0.0115302,-0.0467924,-0.0710346,-0.0574849,-0.0821028,5477.12,-954.708,-3707.44,0.00127298,0.0394273,-17.6482,3753.01,72.7026,940.361,-0.0018243,-0.00973514,-15.2959,5632.14,119.211,-2268.67,0.00122797,0.0194017,-17.1713,3870.7,199.994,212.185,0.00178944,-0.00185409,-14.7867
11.259,27.4001,-15.0052,5.00045,-0.620378,-0.753516,1.33809,-0.489946,-0.0199817,0.00426697,2614.38,1,0.0606743,0,0.5,-0.28436,-0.26206,-0.0112616,0.0115351,-0.0468484,-0.070989,-0.0574872,-0.0821002,5498.87,-1440.41,-3543.44,-0.00396936,0.0385778,-17.627,3742.34,761.662,1177.6,0.0047222,-0.0146268,-15.3283,5630.23,186.966,-2275.17,0.00180309,0.0194489,-17.1754,3873.03,202.184,223.395,0.00182324,-0.00196565,-14.7859
11.269,27.3784,-14.9583,4.99977,-0.621464,-1.96289,2.19321,-0.49084,-0.0199953,0.00426842,2615.54,1,0.0609851,0,0.5,-0.285088,-0.262613,-0.011256,0.0115257,-0.0467612,-0.0710515,-0.0574774,-0.0821121,5469.71,-967.014,-3781.85,0.00138677,0.040792,-17.6896,3756.34,301.473,1112.29,3.67554e-05,-0.0125853,-15.2747,5630.81,141.43,-2211.6,0.0014053,0.0188202,-17.1675,3872.71,201.786,234.101,0.00183478,-0.002078,-14.7921
11.279,27.357,-14.9112,4.99923,-0.623089,-2.21763,2.72821,-0.492651,-0.01998,0.00426745,2614.45,1,0.0610969,0,0.5,-0.284802,-0.26235,-0.011259,0.0115239,-0.0467805,-0.0710395,-0.0574881,-0.0821,5471.56,-1236.41,-3629.45,-0.00174021,0.0394251,-17.6349,3757.88,107.026,841.01,-0.00119847,-0.00877303,-15.3097,5631.79,153.251,-2276.65,0.00152097,0.0194727,-17.1737,3872.48,227.262,229.423,0.00202305,-0.0019934,-14.788
11.289,27.3358,-14.8641,5.00008,-0.621609,-1.75339,2.11552,-0.490211,-0.0199772,0.00426696,2614.51,1,0.0608183,0,0.5,-0.284706,-0.262319,-0.0112537,0.0115231,-0.0468188,-0.0710221,-0.0574886,-0.0821014,5485.89,-1455.25,-3591.95,-0.00401495,0.0395551,-17.6363,3750.33,568.949,1161.82,0.00273836,-0.0139663,-15.3032,5630.31,171.929,-2238.08,0.00167067,0.0190775,-17.1723,3874.41,130.983,282.285,0.0013138,-0.00274083,-14.7882
11.299,27.3149,-14.8169,5.00028,-0.622107,-1.78769,1.71519,-0.491846,-0.0199796,0.00426722,2614.51,1,0.0608607,0,0.5,-0.284891,-0.262585,-0.0112571,0.0115241,-0.0467802,-0.0710586,-0.0574857,-0.0821036,5471.01,-827.042,-3919.89,0.00326249,0.0424884,-17.6737,3762.46,129.586,1083.79,-0.00166918,-0.0115783,-15.2834,5630.16,114.95,-2273.34,0.00119307,0.0194576,-17.1689,3874.05,205.318,249.672,0.00188432,-0.00223543,-14.79
11.309,27.2941,-14.7695,5.0011,-0.621351,-2.082,0.10314,-0.49036,-0.019969,0.00426632,2614.37,1,0.0611279,0,0.5,-0.284585,-0.262189,-0.0112593,0.0115183,-0.04684,-0.0710149,-0.0574922,-0.0820963,5487.51,-1213.29,-3606.83,-0.00157307,0.0388073,-17.6375,3749.8,239.236,975.648,-0.000234831,-0.0107885,-15.3123,5629.94,173.519,-2279.58,0.00169457,0.019501,-17.1725,3874.43,182.595,234.059,0.00168673,-0.00210845,-14.7846
11.319,27.2736,-14.7221,5.00031,-0.622112,-1.841,1.17698,-0.491645,-0.0199776,0.00426718,2614.47,1,0.0610356,0,0.5,-0.284993,-0.262635,-0.0112565,0.0115238,-0.0467788,-0.0710538,-0.0574873,-0.0821017,5468.92,-836.539,-4004.66,0.00347573,0.0440924,-17.6825,3760.93,14.1483,1148.29,-0.00301066,-0.0118077,-15.272,5630.12,121.615,-2281.29,0.00125202,0.0195369,-17.1688,3873.9,229.082,268.518,0.00209536,-0.00239634,-14.7914
11.329,27.2534,-14.6745,4.99963,-0.62152,-1.0789,1.36075,-0.490896,-0.0199739,0.0042669,2614.48,1,0.0610683,0,0.5,-0.285035,-0.262472,-0.0112566,0.0115248,-0.0467973,-0.0710347,-0.057491,-0.0820976,5475.92,-1420.82,-3788.51,-0.00320281,0.0429068,-17.6462,3756.71,429.746,1161.34,0.00126293,-0.0135787,-15.3023,5630.42,187.695,-2261.85,0.00181117,0.0193118,-17.1729,3873.43,173.5,251.838,0.00163732,-0.00231618,-14.7878
11.339,27.2334,-14.6269,5.00061,-0.621704,-0.545037,1.47719,-0.491219,-0.019969,0.00426618,2614.81,1,0.0604798,0,0.5,-0.284537,-0.262323,-0.0112553,0.0115261,-0.0468338,-0.0710148,-0.0574967,-0.082092,5488.12,-924.288,-3943.97,0.00233959,0.0432125,-17.6355,3751.81,359.821,1234.2,0.000312315,-0.0142909,-15.2992,5630.82,113.594,-2298.7,0.00118671,0.019715,-17.173,3873.09,173.581,276.097,0.00166659,-0.0025796,-14.7874
11.349,27.2136,-14.5791,4.99974,-0.621977,-1.82359,1.69142,-0.491116,-0.0199766,0.0042667,2614.57,1,0.0611024,0,0.5,-0.284819,-0.262445,-0.0112585,0.0115234,-0.0468188,-0.0710194,-0.057492,-0.0820978,5482.77,-1103.42,-3756.33,-6.60789e-05,0.0408488,-17.666,3750.05,244.563,1124.17,-0.000598393,-0.0125486,-15.2906,5631.17,150.509,-2265.01,0.0014948,0.0193572,-17.1711,3872.37,190.003,250.938,0.00176713,-0.00227616,-14.7891
11.359,27.194,-14.5313,5.00016,-0.62174,-2.52683,1.82494,-0.490658,-0.0199829,0.00426725,2608.25,1,0.0610534,0,0.5,-0.285054,-0.262518,-0.011258,0.0115229,-0.046791,-0.0710278,-0.057489,-0.0821014,5473.91,-1504.84,-3386.96,-0.00493895,0.0365795,-17.6333,3749.11,300.789,1014.33,0.000300162,-0.0114405,-15.2895,5631.38,102.324,-2171.46,0.00106472,0.018428,-17.1728,3870.71,76.1038,69.1662,0.000648711,-0.000579737,-14.7879
11.369,27.1747,-14.4834,5.0001,-0.623046,-1.77621,1.73425,-0.492642,-0.0199794,0.00426641,2614.52,1,0.0609036,0,0.5,-0.284618,-0.262426,-0.0112553,0.0115243,-0.046803,-0.0710316,-0.0574929,-0.0820952,5478.11,-1023.77,-3937.13,0.00130941,0.0436968,-17.642,3754.15,166.171,1059.36,-0.00122493,-0.0114725,-15.3036,5632.64,120.591,-2277.29,0.00124171,0.0194875,-17.1723,3870.98,201.255,242.31,0.00184416,-0.002166,-14.7873
11.379,27.1556,-14.4353,4.99921,-0.621216,-1.51033,2.19785,-0.490057,-0.0199902,0.00426733,2614.01,1,0.0610886,0,0.5,-0.285262,-0.262602,-0.0112571,0.011524,-0.0467857,-0.0710371,-0.0574868,-0.082105,5474.6,-1452.8,-3400.27,-0.00440507,0.0365956,-17.668,3751,363.677,936.376,0.00116507,-0.0106906,-15.2909,5632.43,191.423,-2262.87,0.00184279,0.0193133,-17.1709,3871.03,141.999,246.412,0.00137668,-0.00232381,-14.7907
11.389,27.1368,-14.3872,4.99999,-0.622799,-1.62219,2.12914,-0.49244,-0.0199868,0.00426699,2614.17,1,0.0607738,0,0.5,-0.284709,-0.262386,-0.0112581,0.011523,-0.0467955,-0.0710407,-0.0574903,-0.0821005,5476.97,-953.72,-3950.11,0.00207555,0.0435975,-17.6361,3755.08,100.061,1216.49,-0.00237001,-0.013033,-15.3006,5633.28,75.7777,-2284.96,0.000859544,0.0195746,-17.1718,3870.06,259.214,242.744,0.00228814,-0.00209124,-14.786
11.399,27.1182,-14.339,4.9996,-0.622247,-2.01921,2.11971,-0.491096,-0.0199918,0.00426771,2614.29,1,0.0610489,0,0.5,-0.28498,-0.262484,-0.0112558,0.0115255,-0.0468022,-0.0710305,-0.0574884,-0.082105,5480.35,-1195.64,-3753.75,-0.000995538,0.0412425,-17.6643,3750.8,392.083,1181.6,0.000807131,-0.0137422,-15.2936,5632.66,157.888,-2244.1,0.00155196,0.0191364,-17.1718,3870.64,157.805,252.4,0.00151331,-0.00235556,-14.7886
11.409,27.0998,-14.2907,5.00003,-0.622216,-2.14983,1.83582,-0.491146,-0.0199969,0.00426784,2614.47,1,0.0610047,0,0.5,-0.284919,-0.26245,-0.0112582,0.0115176,-0.0468028,-0.0710401,-0.0574853,-0.0821084,5481.94,-1203.47,-3536.26,-0.00165586,0.0377008,-17.6437,3750.82,155.86,942.553,-0.000997362,-0.0101073,-15.2942,5633.46,159.758,-2273.67,0.00157505,0.0194339,-17.172,3869.94,141.866,238.224,0.00136806,-0.00223537,-14.7876
11.419,27.0817,-14.2423,5.00006,-0.622848,-1.98965,1.43395,-0.492079,-0.0199997,0.00426863,2614.49,1,0.0610722,0,0.5,-0.284862,-0.262425,-0.0112567,0.0115222,-0.0467995,-0.0710383,-0.0574847,-0.08211,5481.5,-1012.49,-3890.14,0.00127556,0.0427571,-17.6538,3751.49,162.199,1093.98,-0.0013689,-0.0118673,-15.297,5633.72,132.745,-2280.08,0.0013459,0.0195083,-17.1717,3869.61,201.286,243.999,0.00184709,-0.00218449,-14.7872
11.429,27.0638,-14.1938,4.99994,-0.622377,-1.15054,0.880418,-0.491296,-0.0200038,0.00426873,2614.87,1,0.0611083,0,0.5,-0.28486,-0.262444,-0.0112562,0.0115231,-0.0468149,-0.0710352,-0.0574828,-0.0821135,5489.81,-1241.7,-3993.43,-0.000782735,0.0456965,-17.6547,3750.06,294.497,1236.54,-0.000392646,-0.0140972,-15.2944,5633.84,163.943,-2286.41,0.00161374,0.019561,-17.1728,3869.89,170.278,284.164,0.00165032,-0.00267685,-14.7868
11.439,27.0461,-14.1452,4.99975,-0.622049,-1.51094,1.63502,-0.491377,-0.0200113,0.00426952,2614.54,1,0.0610285,0,0.5,-0.284952,-0.262434,-0.0112576,0.0115276,-0.0467925,-0.0710447,-0.0574777,-0.0821184,5482.9,-1029.3,-3670.65,0.000422145,0.0391039,-17.6557,3750.33,152.982,1034.58,-0.00129111,-0.011145,-15.2954,5634.73,258.894,-2363.18,0.00244944,0.0203031,-17.1719,3868.66,13.3797,157.234,0.000153661,-0.00162575,-14.7879
11.449,27.0287,-14.0966,5.00008,-0.622292,-2.14325,2.23278,-0.491835,-0.0200081,0.00426939,2614.77,1,0.0608276,0,0.5,-0.284674,-0.262294,-0.0112622,0.0115298,-0.0468,-0.071037,-0.0574811,-0.0821153,5485.11,-986.579,-3521.5,0.000402156,0.0365719,-17.6456,3750.01,181.14,1041.51,-0.00102221,-0.0113376,-15.2983,5634.39,117.001,-2298.87,0.00121562,0.019703,-17.1735,3868.94,200.054,240.008,0.00183167,-0.00214474,-14.786
11.459,27.0115,-14.0478,4.99998,-0.622054,0.215914,-0.468634,-0.490888,-0.0200087,0.00426913,2614.52,1,0.0612228,0,0.5,-0.284707,-0.262328,-0.0112562,0.0115224,-0.0468173,-0.0710282,-0.0574787,-0.0821198,5495.24,-1385.26,-4300.08,-0.00145519,0.0529097,-17.6527,3747.14,311.479,1395.83,-0.00067932,-0.0161874,-15.2888,5633.24,162.052,-2209.58,0.00157796,0.0187834,-17.1731,3870.28,204.247,281.361,0.00192015,-0.00257822,-14.7878
11.469,26.9946,-13.999,4.99971,-0.622544,-1.85767,1.52417,-0.491422,-0.0200144,0.00426973,2614.51,1,0.0611403,0,0.5,-0.285077,-0.26261,-0.0112552,0.0115247,-0.0467567,-0.0710622,-0.0574733,-0.0821254,5473.35,-1186.59,-3919.4,-0.000426086,0.044227,-17.6667,3755.53,152.718,1097.88,-0.00147115,-0.0118607,-15.284,5632.98,144.498,-2267.43,0.00144356,0.0193777,-17.1688,3870.79,214.812,267.68,0.00198505,-0.00241246,-14.7921
11.479,26.9779,-13.9501,4.9997,-0.623468,-1.37479,1.08411,-0.492407,-0.0200022,0.00426817,2614.33,1,0.0611722,0,0.5,-0.284553,-0.262217,-0.0112561,0.0115255,-0.0468068,-0.0710362,-0.0574803,-0.0821178,5487.3,-1339.63,-4164.91,-0.00134702,0.0497312,-17.6251,3750.59,199.417,1327.87,-0.00167784,-0.0148487,-15.3044,5632.36,155.176,-2264.47,0.001533,0.0193457,-17.1743,3871.97,171.282,270.887,0.00164444,-0.00252818,-14.7866
11.489,26.9614,-13.9011,4.99992,-0.621959,-1.96954,1.57381,-0.4906,-0.0200055,0.00426854,2614.53,1,0.0610583,0,0.5,-0.285014,-0.262537,-0.011256,0.0115235,-0.0467694,-0.0710515,-0.057476,-0.0821239,5475.04,-1251.15,-3721.01,-0.00165074,0.0409834,-17.6692,3752.8,291.755,1117.37,-7.74986e-05,-0.0126254,-15.284,5631.47,160.899,-2261.71,0.00158246,0.0193185,-17.1702,3872.69,180.415,259.399,0.0017023,-0.00238479,-14.7905
11.499,26.9452,-13.852,5.00001,-0.622072,-1.19346,1.089,-0.491546,-0.0199934,0.00426749,2614.43,1,0.060999,0,0.5,-0.284635,-0.262322,-0.0112562,0.0115229,-0.0467818,-0.071043,-0.057483,-0.0821148,5475.07,-1223.56,-3867.43,-0.000970932,0.0434308,-17.6296,3754.88,142.165,1053.17,-0.00144984,-0.0113016,-15.3005,5630.43,129.795,-2219.82,0.00130754,0.0189086,-17.1753,3872.94,198.024,217.871,0.00178306,-0.00191459,-14.787
11.509,26.9292,-13.8029,4.99973,-0.622148,-1.98012,1.95547,-0.491125,-0.0199892,0.00426696,2614.41,1,0.0610046,0,0.5,-0.284729,-0.262353,-0.0112562,0.0115252,-0.0468038,-0.0710294,-0.0574821,-0.0821162,5480.95,-1280.91,-3687.37,-0.0020426,0.0404798,-17.6527,3749.75,383.973,1122.5,0.000883246,-0.0129907,-15.2987,5629.87,156.458,-2250.03,0.00154173,0.0192069,-17.1719,3874.51,153.05,245.932,0.00146671,-0.00229301,-14.7882
11.519,26.9135,-13.7537,5.00049,-0.62245,-2.31065,1.38742,-0.491433,-0.0199913,0.00426691,2614.72,1,0.0609455,0,0.5,-0.285085,-0.262608,-0.0112562,0.0115233,-0.0467642,-0.0710623,-0.05748,-0.0821178,5465.77,-1223.52,-3807.59,-0.00112733,0.042464,-17.6679,3758.18,199.57,1031.92,-0.000796848,-0.0112721,-15.2896,5629.6,145.912,-2257.75,0.00145426,0.0192904,-17.1693,3874.55,191.037,261.202,0.00178782,-0.00238303,-14.7921
11.529,26.898,-13.7043,4.99991,-0.62245,-1.34113,2.49166,-0.491872,-0.0199734,0.00426508,2614.52,1,0.0605966,0,0.5,-0.284357,-0.262171,-0.0112567,0.0115241,-0.0468403,-0.0710201,-0.0574912,-0.0821047,5489.02,-1015.85,-3697.55,0.000626385,0.0394218,-17.63,3750.16,450.495,1015.23,0.00185834,-0.0118491,-15.3204,5629.63,145.891,-2305.29,0.00146517,0.0197766,-17.1742,3875.16,117.273,237.056,0.00116061,-0.00227463,-14.7845
11.539,26.8827,-13.655,4.99927,-0.621765,-2.12499,2.01147,-0.490876,-0.0199904,0.00426753,2614.41,1,0.0612008,0,0.5,-0.285522,-0.262865,-0.0112557,0.0115248,-0.0467319,-0.0710772,-0.0574809,-0.0821179,5453.62,-737.653,-3882.59,0.00404489,0.0415748,-17.7254,3762.15,95.5918,1001.95,-0.00176721,-0.0104989,-15.2621,5629.39,135.704,-2247.23,0.00136528,0.0191879,-17.1617,3874.72,215.571,272.915,0.00199596,-0.00246464,-14.7981
11.549,26.8677,-13.6055,5.00026,-0.622737,-1.6515,1.24451,-0.492384,-0.019968,0.00426514,2614.62,1,0.0609497,0,0.5,-0.28454,-0.262233,-0.0112573,0.0115247,-0.0468311,-0.0710266,-0.0574966,-0.0820991,5483.23,-1395.01,-3709.97,-0.00312389,0.0413269,-17.6045,3753.78,308.346,907.082,0.000667644,-0.0101959,-15.3253,5630.11,172.927,-2325.88,0.00170131,0.0199765,-17.1766,3874.15,176.767,258.491,0.00167175,-0.00238123,-14.7846
11.559,26.853,-13.556,5,-0.621889,-1.85991,1.68786,-0.490646,-0.019977,0.00426639,2615.37,1,0.0609512,0,0.5,-0.285018,-0.262569,-0.0112565,0.0115245,-0.0468173,-0.0710313,-0.0574919,-0.0821067,5481.02,-1212.51,-3730.57,-0.00123033,0.040915,-17.6753,3752.22,367.135,1157.28,0.000612844,-0.0133588,-15.2817,5630.16,171.439,-2316.74,0.00168709,0.0198827,-17.1709,3874.59,191.999,320.372,0.0018651,-0.00302584,-14.7924
11.569,26.8384,-13.5064,4.99962,-0.622868,-2.23506,2.08829,-0.492256,-0.0199749,0.00426619,2614.51,1,0.061038,0,0.5,-0.284772,-0.262414,-0.0112544,0.0115277,-0.0468197,-0.0710371,-0.0574958,-0.0821019,5479.83,-1134.47,-3742.4,-0.000411411,0.0407824,-17.642,3755.39,135.1,993.047,-0.00135078,-0.0105834,-15.3014,5630.75,131.235,-2282.74,0.00133447,0.0195465,-17.1734,3873.24,136.547,245.227,0.00132987,-0.00232162,-14.7898
11.579,26.8242,-13.4567,5.00002,-0.621981,-2.58723,2.77742,-0.490899,-0.0199783,0.00426657,2614.63,1,0.0606994,0,0.5,-0.284951,-0.262424,-0.0112575,0.0115238,-0.0468232,-0.0710294,-0.0574948,-0.0821039,5482.8,-1296.16,-3515.68,-0.00261595,0.0377336,-17.6539,3751.91,645.343,1238.33,0.00336953,-0.0151423,-15.2982,5631.23,143.814,-2253.3,0.00143606,0.0192402,-17.1725,3872.37,156.764,248.754,0.00149881,-0.00231712,-14.7878
11.589,26.8101,-13.407,5.00057,-0.622165,-1.69113,0.99269,-0.491673,-0.0199802,0.00426642,2614.53,1,0.0609014,0,0.5,-0.284843,-0.26246,-0.0112575,0.0115234,-0.0468093,-0.0710486,-0.0574958,-0.0821019,5478.61,-1005.9,-3951.8,0.00154512,0.0438699,-17.6508,3757.04,130.679,1193.36,-0.00198504,-0.0128867,-15.2905,5631.87,118.706,-2272.32,0.00122503,0.0194401,-17.172,3871.61,199.001,251.314,0.00183854,-0.00226479,-14.7884
11.599,26.7963,-13.3572,4.99993,-0.62262,-2.06224,1.5342,-0.491897,-0.0199811,0.00426726,2614.39,1,0.0610577,0,0.5,-0.284905,-0.262394,-0.0112573,0.0115244,-0.046809,-0.0710313,-0.0574972,-0.082103,5478.24,-1033.23,-3842.07,0.000912884,0.0420459,-17.6582,3751.75,200.987,1096.29,-0.000974647,-0.0120481,-15.2985,5632.27,141.884,-2271.81,0.00142272,0.0194258,-17.1723,3871.26,211.792,247.904,0.00193387,-0.00220788,-14.7879
11.609,26.7828,-13.3073,5.00038,-0.622471,-1.73212,1.47772,-0.491581,-0.0199793,0.00426596,2615.04,1,0.0608112,0,0.5,-0.284478,-0.262293,-0.0112563,0.0115236,-0.0468609,-0.0710112,-0.0574971,-0.0821012,5498.42,-1207.99,-3732.44,-0.00118219,0.0407458,-17.635,3745.89,334.772,1138.21,0.000316354,-0.0130446,-15.3,5632.05,147.562,-2274.18,0.00147102,0.0194488,-17.1743,3871.43,162.757,246.582,0.00154648,-0.00228178,-14.7863
11.619,26.7695,-13.2573,4.99973,-0.622058,-1.91661,1.44137,-0.49108,-0.0199925,0.00426759,2614.51,1,0.0611481,0,0.5,-0.285031,-0.262498,-0.0112568,0.0115244,-0.0468036,-0.0710352,-0.0574904,-0.082111,5480.6,-1045.2,-3754.39,0.000516782,0.0405761,-17.6805,3750.04,124.925,1111.82,-0.00179926,-0.0119238,-15.2828,5632.71,188.989,-2311.97,0.00183543,0.0198167,-17.1709,3870.69,171.251,252.063,0.0016208,-0.00232455,-14.7896
11.629,26.7565,-13.2073,5.00041,-0.622433,-1.86273,1.51808,-0.492038,-0.0199918,0.00426713,2614.53,1,0.0608071,0,0.5,-0.28484,-0.26243,-0.0112568,0.0115245,-0.046798,-0.0710456,-0.0574926,-0.0821087,5476.9,-1126.1,-3811.49,-0.000122734,0.0419612,-17.648,3753.73,360.909,1083.35,0.000743193,-0.0124318,-15.303,5633.16,115.261,-2284.17,0.00119741,0.0195574,-17.1722,3869.9,197.283,231.001,0.00179765,-0.002054,-14.7879
11.639,26.7437,-13.1573,5.00023,-0.621727,-3.64421,3.07222,-0.491107,-0.0199939,0.00426684,2614.77,1,0.0606955,0,0.5,-0.284859,-0.262339,-0.0112596,0.0115279,-0.0467991,-0.0710486,-0.0574914,-0.0821111,5476.7,-945.02,-3125.31,-0.000299916,0.0308905,-17.6587,3752.13,274.15,1055.01,-9.29023e-05,-0.0118254,-15.2946,5632.52,165.446,-2263.89,0.00162021,0.0193351,-17.1724,3870.17,126.635,241.364,0.00124442,-0.00230321,-14.7892
11.649,26.7311,-13.1071,5.00047,-0.621915,-1.65025,1.02799,-0.491207,-0.0199907,0.00426658,2614.47,1,0.060917,0,0.5,-0.284733,-0.262349,-0.0112565,0.0115212,-0.0467991,-0.0710458,-0.0574948,-0.0821091,5479.32,-986.476,-3849.56,0.00140029,0.0419432,-17.6533,3753.35,179.698,1139.23,-0.00132016,-0.0124648,-15.2966,5633.1,133.76,-2273.34,0.00135316,0.0194413,-17.1726,3870.42,167.43,246.014,0.00158353,-0.00226687,-14.7874
11.659,26.7188,-13.0569,5.00003,-0.622488,-2.51454,1.30815,-0.491281,-0.019993,0.00426687,2614.59,1,0.0611708,0,0.5,-0.284894,-0.262447,-0.011257,0.0115233,-0.0467986,-0.0710449,-0.0574905,-0.0821129,5477.72,-1197.73,-3732.62,-0.00107782,0.0409187,-17.6514,3751.46,146.49,1123.79,-0.00161595,-0.0121514,-15.2899,5632.31,160.47,-2273.73,0.00158036,0.0194382,-17.1715,3871.36,188.121,250.814,0.00175331,-0.00227878,-14.7899
11.669,26.7067,-13.0067,5.00005,-0.621913,-1.41499,1.13103,-0.491439,-0.0199881,0.00426643,2614.51,1,0.0610018,0,0.5,-0.284607,-0.262348,-0.01126,0.0115279,-0.0468188,-0.0710309,-0.0574925,-0.0821119,5485.48,-1124.05,-3810.06,-0.000113665,0.041834,-17.6438,3750.05,221.23,1111.16,-0.00080671,-0.0123067,-15.3011,5632.04,149.184,-2263.1,0.00148218,0.0193352,-17.1732,3871.92,169.402,251.628,0.00160604,-0.00232282,-14.7879
11.679,26.6949,-12.9564,5.00001,-0.621824,-1.62839,1.1937,-0.491156,-0.0199994,0.00426748,2614.68,1,0.0610362,0,0.5,-0.285195,-0.26262,-0.0112562,0.0115246,-0.04677,-0.0710606,-0.0574855,-0.0821201,5468.7,-927.828,-3938.31,0.00230945,0.0433476,-17.6918,3755.48,171.516,1119.56,-0.00134379,-0.0121918,-15.2792,5632.1,120.862,-2265.15,0.00124163,0.0193655,-17.169,3871.54,233.051,257.388,0.00211022,-0.00227489,-14.7927
11.689,26.6833,-12.906,5.00101,-0.622439,-0.72545,0.864556,-0.49209,-0.0199845,0.00426563,2614.55,1,0.0605591,0,0.5,-0.28438,-0.26223,-0.0112575,0.011524,-0.0468485,-0.0710251,-0.0574947,-0.0821093,5494.32,-958.368,-4034.14,0.0022961,0.0449709,-17.6365,3749.67,415.862,1145.77,0.00115654,-0.0133709,-15.3173,5631.75,118.27,-2270.9,0.00121982,0.0194261,-17.1748,3872.42,157.089,243.782,0.00149816,-0.00226245,-14.7853
11.699,26.672,-12.8556,5.00043,-0.622312,-2.39796,0.783262,-0.491535,-0.0199997,0.00426774,2614.62,1,0.0611542,0,0.5,-0.285195,-0.262635,-0.0112567,0.0115218,-0.0467676,-0.0710648,-0.057486,-0.0821197,5466.46,-776.158,-3986.04,0.00402537,0.0434654,-17.7016,3756.94,50.7985,1114.65,-0.00255155,-0.0116023,-15.2729,5631.98,127.601,-2244.39,0.00129486,0.0191527,-17.1691,3871.48,247.23,255.437,0.00221596,-0.00223495,-14.7918
11.709,26.6609,-12.8051,5.00011,-0.621881,-1.92312,0.475562,-0.490629,-0.0199917,0.00426682,2614.37,1,0.0613176,0,0.5,-0.284818,-0.262381,-0.0112583,0.0115227,-0.0468246,-0.071035,-0.0574923,-0.0821132,5487.34,-1742.65,-3785.03,-0.00656713,0.0441557,-17.6022,3749.11,470.922,1359.94,0.00117009,-0.0162809,-15.3127,5632.71,220.346,-2259.34,0.00208728,0.0192616,-17.1771,3871.33,143.14,263.488,0.00140302,-0.00250813,-14.7849
11.719,26.6501,-12.7545,4.99991,-0.622857,-2.35096,1.46433,-0.492065,-0.0199953,0.00426785,2614.56,1,0.0611048,0,0.5,-0.284855,-0.262443,-0.011257,0.0115238,-0.046793,-0.0710507,-0.0574896,-0.0821158,5475.62,-1020.01,-3872.71,0.00114279,0.0425497,-17.6544,3753.72,82.6065,1086.24,-0.0021515,-0.0114298,-15.2863,5632.42,136.816,-2272.8,0.00137907,0.0194371,-17.1725,3871.19,205.481,250.467,0.00188828,-0.00224513,-14.7882
11.729,26.6395,-12.704,5.00024,-0.621289,-1.70587,0.666319,-0.490166,-0.0199918,0.00426747,2613.54,1,0.0611626,0,0.5,-0.284719,-0.262324,-0.0112559,0.0115232,-0.0468306,-0.0710254,-0.0574905,-0.0821135,5491.17,-1605.46,-3534.03,-0.00561944,0.0391322,-17.6227,3747.51,309.364,1155.25,-1.05885e-07,-0.0131622,-15.3026,5631.4,220.398,-2262.76,0.00208834,0.019301,-17.1763,3871.97,131.028,226.655,0.0012674,-0.00213185,-14.7867
11.739,26.6292,-12.6533,5.00025,-0.622664,-2.2747,1.1997,-0.491946,-0.0199979,0.00426861,2614.53,1,0.0610417,0,0.5,-0.284911,-0.262478,-0.0112564,0.0115234,-0.0467842,-0.0710522,-0.0574863,-0.0821194,5474.08,-966.188,-3907.68,0.00180544,0.0429269,-17.6673,3754.46,145.806,1090.89,-0.00152496,-0.0117542,-15.2888,5631.82,125.228,-2269.63,0.00127986,0.0194108,-17.1704,3871.63,205.095,251.766,0.0018866,-0.00225927,-14.7897
11.749,26.6191,-12.6026,5.00019,-0.621822,-1.3673,0.796547,-0.490797,-0.0199916,0.00426763,2614.7,1,0.0610548,0,0.5,-0.284674,-0.262326,-0.0112546,0.0115262,-0.0468284,-0.0710364,-0.0574915,-0.0821143,5489.84,-1304.2,-3791.55,-0.00200043,0.0422803,-17.6381,3749.96,308.648,1160.45,-2.44904e-05,-0.0132143,-15.3034,5632,163.77,-2269.31,0.00160873,0.0193928,-17.1756,3871.95,160.129,251.709,0.00153106,-0.00234247,-14.7869
11.759,26.6093,-12.5519,5.00015,-0.622328,-2.20138,1.38048,-0.491446,-0.0199963,0.00426849,2614.58,1,0.0609971,0,0.5,-0.28488,-0.262436,-0.0112565,0.0115233,-0.0467966,-0.0710471,-0.0574874,-0.0821189,5478.94,-1052.85,-3808.59,0.000604444,0.04155,-17.6626,3753.26,212.287,1145.18,-0.00099593,-0.0126655,-15.2881,5631.85,135.778,-2265.91,0.00136909,0.0193693,-17.1709,3871.94,192.719,250.883,0.00178882,-0.00227097,-14.7901
11.769,26.5997,-12.5011,5.00019,-0.622479,-1.92684,1.17527,-0.491957,-0.0199948,0.00426832,2614.55,1,0.0609997,0,0.5,-0.284865,-0.262429,-0.0112567,0.0115241,-0.0467953,-0.0710507,-0.0574893,-0.0821174,5477.23,-1087.64,-3882.13,0.00047962,0.0430244,-17.6556,3754.76,269.194,1138.2,-0.000379608,-0.0127899,-15.2993,5631.73,134.696,-2240.47,0.0013537,0.0191115,-17.1734,3870.84,156.545,176.174,0.00140712,-0.00154654,-14.7892
11.779,26.5904,-12.4503,4.99986,-0.622688,-2.12427,1.42466,-0.491902,-0.0199926,0.00426832,2614.57,1,0.0610838,0,0.5,-0.284857,-0.262412,-0.0112568,0.0115251,-0.0468033,-0.0710414,-0.0574903,-0.0821164,5480.17,-1111.39,-3799.82,-1.08911e-05,0.0416557,-17.6541,3752.45,174.744,1079.36,-0.00119649,-0.0117444,-15.2963,5631.95,146.844,-2270.51,0.00146452,0.0194118,-17.1736,3871.92,194.932,247.315,0.00180137,-0.00222911,-14.7898
11.789,26.5813,-12.3994,5.00019,-0.62217,-1.52926,0.874222,-0.491346,-0.0199945,0.00426825,2614.64,1,0.0610384,0,0.5,-0.28492,-0.262457,-0.0112567,0.0115238,-0.0468037,-0.0710435,-0.0574883,-0.082119,5480.99,-1267.25,-4002.12,-0.00103397,0.046105,-17.6548,3753.17,361.341,1341.27,2.52822e-05,-0.0156466,-15.2971,5631.44,164.464,-2246.96,0.00160906,0.019167,-17.1728,3872.21,154.769,238.108,0.00147287,-0.00220584,-14.7892
11.799,26.5725,-12.3485,4.99979,-0.621844,-1.57888,1.92241,-0.490781,-0.0199958,0.00426813,2614.66,1,0.0608301,0,0.5,-0.284916,-0.262431,-0.0112573,0.0115194,-0.0468047,-0.0710488,-0.0574837,-0.0821194,5481.04,-1202.36,-3689.35,-0.00124226,0.0401768,-17.6485,3751.96,331.625,1110.54,0.000360864,-0.0126773,-15.2962,5629.73,126.772,-2277.65,0.00129105,0.0194995,-17.174,3872.3,121.134,229.751,0.00118777,-0.00218747,-14.7891
11.809,26.5639,-12.2975,5.00058,-0.622076,-1.49566,0.542525,-0.491792,-0.0199942,0.00426836,2614.61,1,0.0609928,0,0.5,-0.284853,-0.262418,-0.0112567,0.0115239,-0.0467914,-0.0710478,-0.0574891,-0.0821175,5475.4,-965.348,-3971.45,0.0020259,0.0440645,-17.656,3754.35,180.798,1169.45,-0.00139722,-0.0128246,-15.2957,5631.43,139.83,-2271.61,0.0014041,0.0194274,-17.1726,3871.46,179.236,202.243,0.00161764,-0.00178138,-14.7879
11.819,26.5556,-12.2465,4.99962,-0.622719,-2.44816,1.14131,-0.491409,-0.0199969,0.00426853,2614.71,1,0.06133,0,0.5,-0.285142,-0.262604,-0.0112562,0.0115238,-0.0467824,-0.0710562,-0.057489,-0.0821192,5473.59,-1231.9,-3780.09,-0.00128834,0.041933,-17.6572,3754.51,-142.756,1102.09,-0.00433269,-0.010523,-15.2809,5632.24,178.863,-2271.42,0.00173798,0.0194071,-17.1727,3871.47,229.129,254.738,0.00207634,-0.00225299,-14.7911
11.829,26.5475,-12.1954,5.00013,-0.623319,-2.23589,1.36708,-0.492461,-0.0199883,0.00426758,2614.66,1,0.0609844,0,0.5,-0.284657,-0.262358,-0.0112556,0.0115208,-0.0468156,-0.071034,-0.0574932,-0.0821104,5486.5,-1196.53,-3861.14,-0.000699742,0.0430603,-17.6413,3751.93,246.158,1052.33,-0.000377764,-0.0116982,-15.3061,5631.89,134.24,-2251.52,0.00135209,0.0192232,-17.1738,3871.69,193.201,239.283,0.00177749,-0.002147,-14.787
11.839,26.5397,-12.1443,5.00064,-0.621265,-0.820418,-0.443071,-0.490172,-0.0199958,0.00426833,2614.56,1,0.0612203,0,0.5,-0.284966,-0.262469,-0.0112552,0.0115237,-0.0468041,-0.0710396,-0.0574895,-0.0821206,5481.67,-1338.87,-3988.96,-0.0018346,0.0462029,-17.6689,3751.31,238.885,1356.86,-0.00134256,-0.0153759,-15.2767,5630.46,228.362,-2212.36,0.00214104,0.0187874,-17.1739,3872.67,162.658,243.52,0.00154226,-0.00224819,-14.7902
11.849,26.5321,-12.0932,5.00059,-0.6221,-1.67125,1.39212,-0.491855,-0.019992,0.0042679,2614.49,1,0.0606886,0,0.5,-0.284757,-0.262421,-0.0112573,0.0115235,-0.0468033,-0.0710503,-0.057492,-0.0821162,5479.73,-952.458,-3838.42,0.00171121,0.0415841,-17.6484,3754.8,284.313,1048.55,3.31782e-05,-0.0117743,-15.2984,5632.37,43.2984,-2282.49,0.000581319,0.0195576,-17.1729,3871.61,281.063,250.01,0.00246474,-0.0021398,-14.7877
11.859,26.5248,-12.0421,5.00069,-0.622314,-1.68723,0.189503,-0.491319,-0.0199867,0.0042675,2614.64,1,0.0611123,0,0.5,-0.284648,-0.262292,-0.0112565,0.0115219,-0.0468262,-0.0710257,-0.0574945,-0.0821123,5488.33,-1154.21,-3897.71,-0.000164078,0.0434977,-17.6538,3748.26,274.747,1111.49,-0.000244978,-0.0125116,-15.3036,5631.87,148.475,-2265.2,0.00147695,0.0193574,-17.1726,3872.33,198.737,246.918,0.00183064,-0.00221818,-14.7875
11.869,26.5177,-11.9909,5.00091,-0.622926,-3.32893,1.05233,-0.492052,-0.0199939,0.00426788,2613.85,1,0.0609536,0,0.5,-0.284942,-0.262547,-0.0112573,0.0115162,-0.046789,-0.0710583,-0.05749,-0.0821181,5472.25,-937.908,-3751.59,0.00158239,0.040125,-17.6769,3756.18,133.698,1023.13,-0.0014494,-0.0109174,-15.2862,5631.84,128.085,-2304.7,0.00131221,0.0197686,-17.1702,3872.11,189.065,283.909,0.00180104,-0.00263391,-14.7917
11.879,26.5109,-11.9396,4.99996,-0.62291,-1.62471,0.627353,-0.492111,-0.0199848,0.00426741,2614.43,1,0.0612267,0,0.5,-0.284598,-0.262307,-0.0112572,0.0115243,-0.0468217,-0.0710309,-0.057496,-0.0821128,5484.19,-1269.99,-4004.98,-0.00105649,0.0461328,-17.6365,3750.85,213.002,1170.17,-0.00106447,-0.0129756,-15.3039,5631.52,163.717,-2273.59,0.00160888,0.0194383,-17.1753,3872.49,194.524,256.281,0.00181068,-0.0023251,-14.7872
11.889,26.5043,-11.8884,4.99978,-0.622066,-2.42974,1.26748,-0.490949,-0.0199927,0.00426813,2614.62,1,0.0611921,0,0.5,-0.285072,-0.26264,-0.0112556,0.0115253,-0.046786,-0.0710515,-0.0574897,-0.0821194,5473.4,-1288.03,-3698.57,-0.00207836,0.0407789,-17.6693,3753.64,173.065,1117.86,-0.00132235,-0.0121843,-15.2812,5631.29,166.639,-2270.8,0.00163392,0.0194094,-17.1708,3872.62,201.17,265.075,0.00187359,-0.00240725,-14.7931
11.899,26.498,-11.8371,4.99993,-0.622527,-1.57207,0.967048,-0.49188,-0.0199857,0.00426735,2614.67,1,0.0610965,0,0.5,-0.28474,-0.262355,-0.0112568,0.0115248,-0.0468065,-0.0710434,-0.0574947,-0.0821133,5479.15,-1297.63,-4002.16,-0.00135608,0.0462833,-17.6348,3754.25,306.88,1233.13,-0.000251564,-0.0140839,-15.3108,5631.24,168.613,-2257.96,0.00164675,0.0192778,-17.1735,3872.58,185.378,250.516,0.0017317,-0.00227993,-14.7868
11.909,26.4919,-11.7857,5.00016,-0.622062,-2.0872,1.45031,-0.491084,-0.0199847,0.00426761,2614.53,1,0.0609041,0,0.5,-0.284779,-0.262362,-0.0112568,0.011524,-0.0468196,-0.0710255,-0.0574948,-0.0821145,5482.85,-1240.4,-3666.97,-0.00168504,0.0399484,-17.6493,3748.25,366.697,1125.81,0.000690907,-0.0129849,-15.2953,5631.42,151.965,-2252.65,0.00150501,0.0192299,-17.1731,3872.8,160.944,246.643,0.00153125,-0.00228536,-14.7887
11.919,26.4861,-11.7344,4.99939,-0.622086,-2.23182,1.58358,-0.491318,-0.0199905,0.00426788,2614.71,1,0.0611912,0,0.5,-0.285043,-0.262481,-0.0112571,0.0115238,-0.0467857,-0.0710558,-0.0574913,-0.0821175,5471.92,-1203.12,-3749.8,-0.0010828,0.0412972,-17.6554,3755.29,110.579,1117.6,-0.00196164,-0.0119122,-15.2797,5631.17,164.032,-2266.85,0.00161066,0.0193706,-17.1719,3872.45,190.459,251.364,0.00177137,-0.00227984,-14.7937
11.929,26.4805,-11.683,5.00024,-0.62255,-2.25144,1.54014,-0.491846,-0.019981,0.00426734,2614.54,1,0.0608576,0,0.5,-0.284658,-0.262276,-0.0112574,0.0115246,-0.0468263,-0.0710305,-0.0574989,-0.0821101,5483.87,-1167.22,-3628.16,-0.00105849,0.0389958,-17.6351,3750.64,301.746,948.278,0.000489781,-0.0106645,-15.3102,5631.52,147.356,-2279.08,0.00147082,0.0195007,-17.1738,3872.3,154.602,230.201,0.0014619,-0.00212071,-14.7865
11.939,26.4752,-11.6316,5.00016,-0.622156,-2.13605,1.27934,-0.491214,-0.0199884,0.004268,2615.06,1,0.0609733,0,0.5,-0.285028,-0.262523,-0.011257,0.011524,-0.0467984,-0.0710514,-0.057494,-0.0821155,5476.23,-1116.44,-3741.61,-0.000229065,0.0407262,-17.6712,3754.82,231.881,1046.72,-0.00050572,-0.0115728,-15.2859,5631.54,159.201,-2277.7,0.00157236,0.0194821,-17.1709,3872.2,209.7,258.219,0.00193104,-0.00231969,-14.7905
11.949,26.4702,-11.5801,5.0002,-0.622542,-2.3464,1.21164,-0.491651,-0.0199861,0.00426773,2614.6,1,0.0610041,0,0.5,-0.284904,-0.262403,-0.0112586,0.0115211,-0.0468097,-0.0710491,-0.0574957,-0.082113,5478.82,-1211.6,-3688.74,-0.00133127,0.040229,-17.6451,3753.87,216.005,968.931,-0.00045445,-0.0106198,-15.3018,5631.63,155.458,-2273.87,0.00153889,0.019444,-17.1696,3871.82,183.476,241.087,0.00170348,-0.002183,-14.7845
11.959,26.4654,-11.5287,5.00048,-0.622617,-1.87324,0.874827,-0.491818,-0.019983,0.00426754,2614.73,1,0.0609431,0,0.5,-0.2846,-0.262249,-0.0112589,0.0115238,-0.0468466,-0.0710202,-0.0574964,-0.0821128,5493.65,-1173.98,-3980.04,-0.000119085,0.0450538,-17.6422,3748.13,280.061,1375.88,-0.000959521,-0.0158011,-15.2975,5631.62,152.719,-2297.08,0.00152103,0.0196826,-17.1745,3872.35,182.432,284.761,0.00174946,-0.00265644,-14.7882
11.969,26.4608,-11.4772,5.00045,-0.621895,-2.13841,0.887137,-0.491142,-0.0199933,0.00426857,2614.74,1,0.0609889,0,0.5,-0.285046,-0.262535,-0.0112574,0.0115239,-0.0467944,-0.0710512,-0.0574917,-0.0821185,5476.42,-1043.24,-3823.86,0.00075437,0.0417959,-17.6779,3754.4,268.175,1127.47,-0.000356402,-0.0126588,-15.2863,5631.73,147.226,-2261.74,0.00146611,0.0193231,-17.1712,3871.58,184.889,256.231,0.00173399,-0.00234275,-14.7908
11.979,26.4565,-11.4257,5.0001,-0.622795,-2.08291,1.02299,-0.492105,-0.0199876,0.00426806,2614.2,1,0.0610684,0,0.5,-0.284837,-0.262362,-0.0112572,0.0115238,-0.0468118,-0.0710421,-0.0574976,-0.0821129,5480.71,-1149.02,-3876.95,-0.000162597,0.0431854,-17.6452,3753.16,154.883,1105.08,-0.00147568,-0.0119618,-15.3029,5631.59,141.983,-2289.51,0.00142556,0.0196092,-17.1739,3870.85,197.023,251.363,0.00182325,-0.00226913,-14.7882
11.989,26.4525,-11.3742,5.00024,-0.622219,-2.47329,1.26532,-0.491139,-0.0199913,0.00426795,2614.75,1,0.0609725,0,0.5,-0.284899,-0.262442,-0.0112578,0.0115226,-0.0468108,-0.0710445,-0.0574945,-0.0821167,5483.04,-1231.94,-3586.86,-0.00180473,0.0386064,-17.6563,3751.62,317.151,999.144,0.000514093,-0.0113031,-15.2951,5632.13,144.476,-2261.58,0.00144257,0.0193211,-17.1727,3871.56,174.002,246.043,0.00163532,-0.00225379,-14.7889
11.999,26.4487,-11.3226,4.99999,-0.622611,-2.7847,1.34856,-0.491622,-0.0199944,0.00426812,2614.68,1,0.061081,0,0.5,-0.284994,-0.262482,-0.0112571,0.0115232,-0.0467934,-0.0710571,-0.0574933,-0.0821187,5475.25,-1135.66,-3661.29,-0.00065342,0.0394853,-17.6541,3754.42,79.2232,1033.72,-0.00202907,-0.0108107,-15.2918,5632.49,165.04,-2289.31,0.00162492,0.0195951,-17.1726,3871.12,169.752,240.942,0.00159517,-0.00220729,-14.7894
12.009,26.4452,-11.2711,5.00058,-0.621862,-1.51741,0.519297,-0.491236,-0.0199915,0.00426783,2614.86,1,0.0609838,0,0.5,-0.284814,-0.262389,-0.0112581,0.0115227,-0.0468063,-0.071043,-0.0574954,-0.0821166,5479.85,-1274.07,-3767.5,-0.00175711,0.0418338,-17.6403,3752.37,291.385,1087.41,4.11616e-07,-0.0122669,-15.3023,5632.29,129.593,-2275.38,0.00131794,0.0194663,-17.1747,3871.11,174.254,222.783,0.00160775,-0.00200511,-14.7879
12.019,26.4419,-11.2195,5.00001,-0.623622,-4.08949,2.054,-0.492356,-0.0199927,0.00426746,2613.99,1,0.0609535,0,0.5,-0.284779,-0.262414,-0.0112603,0.0115183,-0.0468069,-0.0710449,-0.0574936,-0.0821174,5479.04,-1065.92,-3454.42,-0.000547238,0.0359328,-17.654,3749.77,210.662,877.984,-0.000257016,-0.00958049,-15.2964,5632.46,138.593,-2281.09,0.00139665,0.0195211,-17.1721,3871.12,171.616,231.034,0.00159739,-0.0020976,-14.7903
12.029,26.4389,-11.1679,4.99928,-0.624951,-3.98235,2.04259,-0.493387,-0.0199858,0.0042675,2614.56,1,0.0612341,0,0.5,-0.284496,-0.262292,-0.0112581,0.0115256,-0.0468252,-0.0710165,-0.0574951,-0.0821134,5486.38,-1118.06,-3837.64,2.33855e-05,0.0422777,-17.6503,3745.01,22.9935,1070.09,-0.00269885,-0.0109973,-15.2998,5631.89,146.349,-2275.31,0.00146108,0.0194613,-17.1732,3871.87,185.272,235.362,0.00171054,-0.00211889,-14.7875
12.039,26.4361,-11.1163,4.99927,-0.620713,-2.04387,1.30838,-0.489746,-0.0199998,0.00426813,2614.87,1,0.0612878,0,0.5,-0.285276,-0.262644,-0.0112558,0.0115235,-0.0467789,-0.0710537,-0.0574866,-0.0821263,5473.09,-1528.43,-3500.18,-0.00494244,0.0384663,-17.6678,3751.01,252.519,1185.4,-0.000687285,-0.0133111,-15.2749,5631.27,246.861,-2250.87,0.00231021,0.0191649,-17.1706,3872.35,131.268,248.478,0.00128837,-0.00236948,-14.796
12.049,26.4336,-11.0646,5.00117,-0.62222,-1.99942,0.184586,-0.49225,-0.0199862,0.00426712,2614.48,1,0.0609155,0,0.5,-0.284697,-0.262338,-0.0112591,0.0115179,-0.0467821,-0.0710579,-0.0574965,-0.0821132,5470.86,-1007.97,-3884.13,0.00130454,0.0427474,-17.6301,3756.59,61.1984,1010.25,-0.0021389,-0.0104584,-15.3063,5632,136.412,-2285.5,0.00137839,0.0195686,-17.1735,3871.89,172.875,232.619,0.00161016,-0.00211183,-14.7872
12.059,26.4313,-11.013,5.00029,-0.622026,-2.20743,0.883088,-0.491166,-0.0199902,0.00426802,2614.81,1,0.0610403,0,0.5,-0.285173,-0.262674,-0.0112569,0.0115239,-0.0467729,-0.0710603,-0.0574944,-0.0821193,5466.63,-976.673,-3871.97,0.00159131,0.0424267,-17.6913,3756.76,284.793,1081.51,-5.3956e-05,-0.0121602,-15.2865,5631.47,144.803,-2262.36,0.00144546,0.0193312,-17.1708,3872.44,203.44,257.869,0.00188172,-0.00232643,-14.7923
12.069,26.4293,-10.9614,4.9999,-0.622437,-1.66154,0.910714,-0.491782,-0.0199795,0.004267,2614.53,1,0.0611206,0,0.5,-0.284585,-0.262324,-0.0112567,0.0115258,-0.0468377,-0.0710292,-0.0575007,-0.0821123,5487.75,-1380.76,-3865.43,-0.0025986,0.0439852,-17.6243,3750.83,335.432,1185.62,0.000188437,-0.01361,-15.3127,5631.1,270.288,-2266.11,0.00251175,0.0193065,-17.1748,3873.19,13.8516,219.68,0.000173035,-0.0022842,-14.7886
12.079,26.4275,-10.9097,5.0003,-0.621947,-2.04613,0.662561,-0.490882,-0.0199879,0.00426841,2614.82,1,0.0611016,0,0.5,-0.284985,-0.262521,-0.0112572,0.0115236,-0.0468118,-0.0710368,-0.0574943,-0.0821194,5480.67,-1215.54,-3781.68,-0.0011208,0.04181,-17.6688,3750.43,231.911,1138.99,-0.000771332,-0.0126768,-15.2854,5630.99,144.673,-2255.12,0.00144315,0.0192593,-17.1709,3873.31,197.326,261.872,0.00183886,-0.00237945,-14.7919
12.089,26.426,-10.858,5.00078,-0.622765,-1.96466,0.914392,-0.492292,-0.0199848,0.00426834,2615,1,0.0607896,0,0.5,-0.28472,-0.262408,-0.0112573,0.0115237,-0.0468177,-0.0710399,-0.0574977,-0.0821147,5482.17,-936.873,-3908.21,0.00210209,0.0427024,-17.6546,3753.51,242.68,1039.19,-0.000376326,-0.0115272,-15.3054,5631.88,134.368,-2363.73,0.00137974,0.020376,-17.1729,3872.66,205.666,294.085,0.00194731,-0.0027118,-14.7889
12.099,26.4248,-10.8064,5.00047,-0.621992,-2.30349,0.41112,-0.49087,-0.0199888,0.00426913,2614.73,1,0.0611521,0,0.5,-0.284958,-0.26248,-0.0112573,0.0115227,-0.0468136,-0.0710362,-0.0574958,-0.0821174,5481.79,-1226.82,-3730.36,-0.0013755,0.0409661,-17.6645,3750.82,205.34,1107.63,-0.000959151,-0.0122014,-15.2921,5630.89,151.097,-2212.91,0.00148728,0.0188295,-17.1734,3871.89,183.972,219.035,0.00167701,-0.00194886,-14.7908
12.109,26.4237,-10.7547,5.00027,-0.622793,-2.59685,0.824876,-0.491889,-0.0199945,0.00427009,2614.92,1,0.0610928,0,0.5,-0.285196,-0.262659,-0.0112566,0.0115241,-0.0467697,-0.0710669,-0.0574937,-0.0821195,5467.4,-1161.97,-3865.56,-0.000321817,0.0431939,-17.6681,3759.28,111.23,1017.01,-0.00165483,-0.0107448,-15.2905,5631.86,135.917,-2242.39,0.00136509,0.0191301,-17.1713,3871.01,216.63,245.981,0.00196727,-0.00218036,-14.7923
12.119,26.423,-10.703,5.00029,-0.623045,-2.85097,0.681107,-0.49215,-0.0199959,0.0042706,2614.52,1,0.0611698,0,0.5,-0.285386,-0.262686,-0.0112588,0.0115214,-0.0467629,-0.0710728,-0.0574942,-0.0821204,5464.27,-1393.28,-3816.67,-0.00284099,0.0434278,-17.6653,3760.79,145.173,981.669,-0.00121007,-0.0104796,-15.2933,5632.67,156.345,-2260.28,0.00154315,0.0193015,-17.1727,3870.73,197.89,250.531,0.00182923,-0.00225885,-14.7873
12.129,26.4225,-10.6513,5.00035,-0.622177,-2.40803,1.31245,-0.491202,-0.0199898,0.00427013,2614.68,1,0.0608518,0,0.5,-0.284823,-0.262389,-0.0112574,0.0115238,-0.0468274,-0.071035,-0.0574988,-0.0821165,5487.92,-1499.07,-3463.4,-0.00470641,0.0376266,-17.6213,3750.49,460.466,1014.58,0.00196482,-0.0118635,-15.3077,5632.48,179.285,-2259.07,0.00173771,0.0192801,-17.1745,3871.67,142.038,244.298,0.00137588,-0.00230029,-14.7898
12.139,26.4223,-10.5997,5.0002,-0.622916,-2.40027,1.1292,-0.492231,-0.0199971,0.00427164,2614.74,1,0.06097,0,0.5,-0.284961,-0.262462,-0.0112569,0.0115252,-0.0468006,-0.071044,-0.0574952,-0.0821214,5480.86,-936.376,-3926.33,0.00217266,0.0430369,-17.6678,3754.06,180.297,1110.79,-0.00122903,-0.0121292,-15.2924,5633.05,127.32,-2270.39,0.00129752,0.0194135,-17.1721,3870.75,207.86,251.391,0.0019079,-0.00225123,-14.7898
12.149,26.4223,-10.548,5.0006,-0.621602,-1.3352,0.472123,-0.490977,-0.0199968,0.00427164,2614.79,1,0.06095,0,0.5,-0.284791,-0.262344,-0.0112581,0.0115231,-0.046829,-0.0710238,-0.0574962,-0.0821181,5491.91,-1195.63,-3771.23,-0.000945778,0.0414202,-17.6497,3748.1,368.547,1132.17,0.000691591,-0.013069,-15.3064,5633.11,134.03,-2275.55,0.00135534,0.0194637,-17.1749,3870.33,155.3,245.595,0.00148531,-0.00228695,-14.7882
12.159,26.4226,-10.4963,5.00036,-0.62273,-2.52005,0.91764,-0.491772,-0.0200064,0.00427235,2614.7,1,0.0609959,0,0.5,-0.284966,-0.262482,-0.0112567,0.0115226,-0.0467997,-0.0710502,-0.0574913,-0.0821261,5482.66,-991.961,-3845.22,0.00133534,0.0418574,-17.668,3752.48,200.394,1105.5,-0.0010051,-0.0121516,-15.29,5633.55,134.977,-2266.76,0.00136173,0.0193723,-17.1721,3869.55,187.483,242.358,0.00173725,-0.00219063,-14.7894
12.169,26.4231,-10.4446,5.00038,-0.622481,-2.17488,0.626335,-0.491573,-0.0200068,0.00427229,2614.76,1,0.0610716,0,0.5,-0.284899,-0.262393,-0.0112569,0.0115215,-0.046804,-0.0710455,-0.0574906,-0.0821268,5485.36,-1209.28,-3773.97,-0.00107386,0.0415981,-17.6513,3751.49,241.944,1081.37,-0.000503166,-0.0120264,-15.3023,5633.58,160.101,-2276.05,0.00157838,0.0194576,-17.1744,3869.73,179.093,244.372,0.00167429,-0.00222723,-14.7881
12.179,26.4239,-10.3929,5.00056,-0.622269,-2.43726,0.927035,-0.491584,-0.0200072,0.0042722,2614.66,1,0.0608952,0,0.5,-0.284786,-0.262402,-0.0112606,0.0115251,-0.0468054,-0.07104,-0.0574901,-0.0821273,5487.35,-1100.44,-3640.6,-0.00036199,0.0388826,-17.653,3751.09,307.911,1027.28,0.000340534,-0.0116093,-15.2964,5633.07,115.239,-2273.89,0.00119472,0.0194528,-17.1736,3869.66,141.446,249.717,0.00137562,-0.00236192,-14.7886
12.189,26.4249,-10.3412,5.00015,-0.621579,-3.02101,1.6191,-0.490654,-0.0200113,0.00427197,2614.89,1,0.0608593,0,0.5,-0.284881,-0.262411,-0.0112572,0.0115256,-0.0468011,-0.0710438,-0.0574864,-0.0821323,5486.48,-1136.15,-3376.34,-0.00142825,0.0349853,-17.6518,3749.37,271.079,1074.44,-0.000178867,-0.0120537,-15.3008,5632.9,122.603,-2264.03,0.00125579,0.0193507,-17.174,3870.37,123.351,224.574,0.0012026,-0.00212693,-14.788
12.199,26.4262,-10.2896,5.00051,-0.622157,-2.0602,2.45273,-0.491661,-0.0200123,0.00427187,2614.59,1,0.0602447,0,0.5,-0.284876,-0.262429,-0.0112569,0.0115231,-0.0467698,-0.0710629,-0.0574858,-0.0821325,5473.9,-654.732,-3722.53,0.00424268,0.0383187,-17.6566,3755.13,528.527,1015.81,0.00266116,-0.0120116,-15.2943,5632.89,91.5521,-2261.78,0.000989816,0.0193365,-17.1726,3869.49,152.41,207.557,0.0014176,-0.00188359,-14.7894
12.209,26.4278,-10.2379,4.9997,-0.621964,-1.21575,0.697612,-0.491195,-0.0200075,0.00427115,2614.76,1,0.0612144,0,0.5,-0.284829,-0.262424,-0.011256,0.0115236,-0.0467931,-0.0710499,-0.0574877,-0.082132,5482.33,-1376.79,-3771.96,-0.00279508,0.0423417,-17.6406,3753.07,385.131,1113.28,0.000924629,-0.0128694,-15.2994,5633.26,177.299,-2306.83,0.00173416,0.019767,-17.1752,3870.87,200.923,242.331,0.00184172,-0.00216684,-14.7887
12.219,26.4296,-10.1863,5.00052,-0.621693,-1.73259,0.852771,-0.491364,-0.0200033,0.00427057,2614.48,1,0.0608557,0,0.5,-0.284608,-0.262305,-0.0112639,0.0115282,-0.0468086,-0.0710361,-0.0574896,-0.0821305,5486.15,-1087.77,-3949.01,0.000675418,0.044137,-17.6454,3749.52,342.115,1394.84,-0.00034436,-0.0162827,-15.2995,5631,223.831,-2189.01,0.00209388,0.0185525,-17.1746,3871.98,74.688,239.003,0.000783804,-0.00239506,-14.7874
12.229,26.4316,-10.1346,5.00138,-0.623775,-4.26002,-0.727245,-0.491646,-0.0200083,0.00427011,2614.71,1,0.0613597,0,0.5,-0.284956,-0.262492,-0.0112539,0.0115154,-0.0467952,-0.0710569,-0.0574848,-0.0821358,5477.95,-1341.68,-3763.72,-0.00245757,0.0420895,-17.6634,3749.21,23.4769,1178.36,-0.00302027,-0.0122433,-15.2871,5631.45,178.964,-2255.01,0.00173429,0.0192424,-17.1721,3872.11,196.142,258.644,0.00182618,-0.00234768,-14.7901
12.239,26.4339,-10.083,5.00052,-0.623643,-3.9353,0.572712,-0.492829,-0.0199986,0.00426951,2614.57,1,0.0611535,0,0.5,-0.28462,-0.262378,-0.0112521,0.0115213,-0.0468004,-0.07105,-0.0574913,-0.0821281,5477.08,-1130.31,-3569.51,-0.000858246,0.0379718,-17.647,3751.38,101.531,821.824,-0.00120289,-0.00855646,-15.3059,5631.54,116.393,-2282.66,0.00120649,0.0195475,-17.1744,3871.43,153.159,228.331,0.00144661,-0.00210387,-14.7892
12.249,26.4365,-10.0314,5.00029,-0.622581,-2.05368,0.797348,-0.491892,-0.0199923,0.00426913,2614.71,1,0.0610014,0,0.5,-0.284593,-0.262381,-0.0112561,0.0115232,-0.0468168,-0.0710253,-0.0574925,-0.0821265,5485.45,-1042.17,-3871.18,0.000896537,0.0425204,-17.6649,3747.53,303.862,1067.5,0.000185158,-0.012086,-15.3017,5630.76,133.921,-2264.23,0.00135275,0.0193566,-17.173,3873.36,214.835,261.943,0.00197628,-0.00235001,-14.7895
12.259,26.4393,-9.97975,5.00042,-0.621992,-2.88087,1.2767,-0.49128,-0.0200015,0.00426975,2614.91,1,0.0608204,0,0.5,-0.285251,-0.262722,-0.0112559,0.0115243,-0.0467476,-0.0710748,-0.0574873,-0.0821318,5460.77,-835.133,-3742.64,0.00257931,0.0396149,-17.6985,3758.31,151.648,1005.87,-0.00121581,-0.010787,-15.2784,5630.79,119.043,-2271.18,0.00122793,0.0194322,-17.1694,3872.67,206.384,255.179,0.00190014,-0.00229272,-14.7945
12.269,26.4424,-9.92815,5.00069,-0.624363,-4.76838,0.913243,-0.493333,-0.0199797,0.00426772,2614.67,1,0.0609945,0,0.5,-0.28444,-0.262185,-0.0112608,0.0115249,-0.0468339,-0.0710309,-0.0575021,-0.0821188,5482.96,-1247.29,-3225.89,-0.00283177,0.0332434,-17.6189,3747.71,46.1057,641.624,-0.0012454,-0.00642279,-15.3177,5631.26,134.357,-2280.84,0.00136129,0.0195242,-17.1767,3871.51,134.91,140.37,0.00119021,-0.00121191,-14.7858
12.279,26.4457,-9.87657,5.00031,-0.621783,-2.34472,0.785638,-0.490808,-0.0199922,0.00426926,2614.85,1,0.0610113,0,0.5,-0.285249,-0.262707,-0.0112565,0.0115237,-0.0467658,-0.071063,-0.0574907,-0.082127,5465.15,-984.179,-3841.17,0.00141217,0.0419387,-17.696,3756.61,196.495,1117.6,-0.00107722,-0.012265,-15.2717,5629.74,135.907,-2256.58,0.00136888,0.0192817,-17.1695,3873.65,205.45,264.686,0.00190579,-0.00239495,-14.7941
12.289,26.4493,-9.82501,5.00019,-0.622762,-2.06687,0.911762,-0.492242,-0.0199742,0.00426778,2614.76,1,0.060985,0,0.5,-0.284551,-0.262221,-0.0112607,0.0115143,-0.0468351,-0.0710255,-0.0575048,-0.0821124,5485.59,-1252.71,-3809.08,-0.00142351,0.0424033,-17.6201,3750.76,237.106,1069,-0.000522302,-0.0118656,-15.3154,5630.24,161.675,-2331.59,0.0016066,0.0200395,-17.1789,3874.3,177.641,287.252,0.00171257,-0.00269231,-14.7886
12.299,26.4531,-9.77346,5.00023,-0.621842,-2.41142,0.908646,-0.490795,-0.0199837,0.00426916,2614.75,1,0.0610027,0,0.5,-0.285106,-0.262553,-0.011256,0.0115245,-0.0468023,-0.0710379,-0.057497,-0.0821212,5476.44,-1130.49,-3728.83,-0.000409865,0.0405713,-17.6796,3751.51,320.485,1134.47,0.000177576,-0.0129327,-15.2831,5629.91,151.845,-2254.65,0.00150431,0.0192555,-17.1713,3874.09,174.232,257.15,0.00164926,-0.00237176,-14.7917
12.309,26.4572,-9.72194,5.0006,-0.622657,-2.54826,0.963902,-0.492088,-0.0199777,0.00426839,2614.91,1,0.0608226,0,0.5,-0.284757,-0.262351,-0.0112572,0.0115244,-0.0468232,-0.0710388,-0.0575019,-0.082114,5482.13,-1150.91,-3742.52,-0.000573836,0.0408337,-17.6388,3754.1,256.73,1026.58,-0.000192811,-0.0114264,-15.3053,5630.58,138.285,-2278,0.00139346,0.0194963,-17.1748,3873.41,170.171,246.972,0.00160532,-0.00227019,-14.7879
12.319,26.4615,-9.67043,5.00035,-0.621888,-2.05661,0.774305,-0.490959,-0.0199814,0.00426937,2614.94,1,0.0609752,0,0.5,-0.284971,-0.262423,-0.0112579,0.0115232,-0.0468156,-0.0710344,-0.0575003,-0.0821174,5481.15,-1191.62,-3769.08,-0.000912051,0.0414793,-17.6623,3751.85,332.766,1176.8,0.000188699,-0.013489,-15.2955,5630.64,164.286,-2279.92,0.00161637,0.0195059,-17.1732,3873.41,153.801,240.359,0.00146643,-0.00223157,-14.7895
12.329,26.4661,-9.61895,5.00059,-0.622475,-2.53402,0.820132,-0.491686,-0.0199812,0.00426911,2614.66,1,0.0608776,0,0.5,-0.284832,-0.262405,-0.0112579,0.0115225,-0.0468208,-0.0710452,-0.0575021,-0.082115,5482.09,-1087.98,-3754,8.89769e-05,0.040747,-17.648,3754.68,225.164,1077.4,-0.000665807,-0.0119082,-15.2971,5631.19,141.484,-2271.14,0.00141913,0.0194229,-17.174,3872.75,175.259,242.016,0.00163977,-0.00220751,-14.789
12.339,26.4709,-9.56749,5.00053,-0.621992,-1.96669,0.563833,-0.491304,-0.0199834,0.00426988,2614.76,1,0.0609659,0,0.5,-0.284932,-0.262411,-0.0112574,0.011523,-0.0468085,-0.071043,-0.0575025,-0.0821151,5479.87,-1098.06,-3818.62,0.000182829,0.0419235,-17.6608,3754.63,341.953,1123.64,0.000433117,-0.0128596,-15.2971,5631.8,147.063,-2267.92,0.00146588,0.0193859,-17.1732,3872.01,192.474,252.639,0.00178892,-0.00229011,-14.7899
12.349,26.476,-9.51606,5.00039,-0.622708,-2.43882,0.728611,-0.491948,-0.0199842,0.00426994,2614.79,1,0.060985,0,0.5,-0.284926,-0.262449,-0.0112577,0.0115244,-0.0468102,-0.0710464,-0.0575033,-0.0821143,5480.21,-1164.67,-3816.04,-0.000497674,0.0421829,-17.6542,3755.65,234.649,1056.63,-0.000506886,-0.0116961,-15.2979,5632.12,151.683,-2290.18,0.0015101,0.0196105,-17.1734,3871.72,202.85,266.54,0.00188974,-0.00242047,-14.7899
12.359,26.4814,-9.46464,5.00064,-0.621052,-1.7322,0.0588516,-0.490267,-0.0199889,0.00427013,2614.77,1,0.0611175,0,0.5,-0.28498,-0.262446,-0.0112654,0.0115201,-0.0468187,-0.0710367,-0.0574978,-0.0821209,5484.58,-1526.58,-3525.26,-0.0048587,0.0387548,-17.641,3750.02,292.217,1134.27,-0.000123917,-0.0128401,-15.2948,5631.96,183.143,-2258.55,0.00177053,0.0192749,-17.1754,3871.67,133.301,242.836,0.00130169,-0.00230354,-14.789
12.369,26.487,-9.41326,5.00069,-0.622656,-0.931483,0.252355,-0.492396,-0.0199888,0.00427034,2614.63,1,0.0609365,0,0.5,-0.284822,-0.262434,-0.0112575,0.0115227,-0.0467956,-0.0710535,-0.0575022,-0.0821154,5477.74,-954.95,-4249.9,0.00315519,0.0494928,-17.6545,3758.34,189.799,1273.52,-0.00161034,-0.0141045,-15.2945,5632.99,128.173,-2283.78,0.00130785,0.0195501,-17.1735,3870.38,250.728,260.195,0.00225103,-0.00228005,-14.7894
12.379,26.4928,-9.36191,5.00063,-0.622313,-0.893395,-0.392694,-0.491318,-0.0199804,0.00426929,2614.79,1,0.0612334,0,0.5,-0.2844,-0.262159,-0.0112584,0.0115236,-0.0468674,-0.0710026,-0.0575073,-0.0821104,5500.22,-1299.57,-4066.64,-0.00120372,0.0472948,-17.6352,3743.49,267.25,1363.07,-0.00106359,-0.0156062,-15.3059,5632.32,158.961,-2262.26,0.00156408,0.0193218,-17.1769,3870.77,186.61,241.86,0.0017295,-0.00218622,-14.7881
12.389,26.4989,-9.31058,5.00001,-0.621327,-2.15934,0.721615,-0.49041,-0.0199956,0.00427119,2614.8,1,0.061122,0,0.5,-0.285074,-0.262588,-0.01126,0.0115258,-0.0467796,-0.0710373,-0.0574959,-0.0821225,5475.73,-1170.18,-3732.08,-0.000805047,0.0408088,-17.6822,3750.38,166.857,1162.96,-0.0015195,-0.012703,-15.2786,5632.14,159.014,-2252.25,0.00156405,0.0192205,-17.1709,3871.16,188.2,262.844,0.00176895,-0.00240796,-14.7929
12.399,26.5053,-9.25929,4.99998,-0.622151,-2.06356,0.838838,-0.491715,-0.0199882,0.00426996,2614.86,1,0.0610728,0,0.5,-0.284739,-0.262379,-0.0112595,0.0115249,-0.0467852,-0.071044,-0.0575006,-0.0821169,5474.65,-1380.63,-3722.84,-0.0029574,0.0415804,-17.626,3754.97,94.8419,1073.52,-0.00198843,-0.0113338,-15.2992,5632.11,153.361,-2288.61,0.00152366,0.0195939,-17.1757,3871.13,188.346,245.616,0.00174865,-0.00222298,-14.7892
12.409,26.5119,-9.20803,5.00115,-0.62231,-2.22429,0.290001,-0.491355,-0.0199862,0.00426956,2614.82,1,0.0608125,0,0.5,-0.28479,-0.262407,-0.0112561,0.0115219,-0.0467926,-0.0710387,-0.057499,-0.0821171,5476.39,-1109.38,-3814.69,5.08198e-05,0.0419448,-17.6595,3751.83,442.325,1088.28,0.00159107,-0.0127228,-15.2983,5631.74,94.8488,-2265.21,0.00101935,0.0193745,-17.1729,3872.11,200.633,256.215,0.00185812,-0.00231385,-14.7899
12.419,26.5187,-9.1568,5.00063,-0.622535,-2.60877,0.231978,-0.491769,-0.0199845,0.00426917,2614.89,1,0.0610746,0,0.5,-0.284737,-0.262442,-0.0112563,0.0115231,-0.0467994,-0.0710467,-0.0574998,-0.0821182,5475.88,-1136.86,-3721.72,-0.000495703,0.040485,-17.6566,3754.71,91.4028,991.982,-0.00178367,-0.01039,-15.2961,5631.36,148.94,-2313.99,0.00149249,0.0198588,-17.1728,3872.91,188.134,259.518,0.00176468,-0.00237126,-14.7895
12.429,26.5258,-9.1056,5.00064,-0.622226,-2.60686,0.997377,-0.491491,-0.0199789,0.00426887,2614.77,1,0.0607434,0,0.5,-0.284611,-0.262289,-0.0112571,0.0115252,-0.0468268,-0.0710233,-0.0575025,-0.082116,5484.04,-1088.98,-3624.01,-0.000307479,0.0385994,-17.6515,3749.94,403.812,1017.55,0.00137075,-0.011765,-15.3066,5629.71,112.425,-2181.46,0.00115237,0.0185306,-17.1747,3872.3,145.545,110.431,0.00122435,-0.00090667,-14.7893
12.439,26.5332,-9.05444,5.00056,-0.622085,-2.46166,0.75613,-0.491583,-0.0199893,0.00426995,2614.88,1,0.0608726,0,0.5,-0.285154,-0.262653,-0.0112571,0.0115233,-0.0467598,-0.0710689,-0.0574945,-0.0821239,5462.35,-783.191,-3978.14,0.00393025,0.0434061,-17.6975,3760.39,338.336,1074.4,0.000527357,-0.0122346,-15.2962,5630.35,112.947,-2262.79,0.00117426,0.01935,-17.1692,3873.54,208.495,261.137,0.00192486,-0.00235196,-14.7936
12.449,26.5408,-9.00332,5.00005,-0.623414,-2.85272,0.972706,-0.492517,-0.0199723,0.00426837,2614.59,1,0.0610074,0,0.5,-0.284449,-0.262184,-0.0112591,0.0115232,-0.0468507,-0.0710164,-0.0575065,-0.0821117,5490.03,-1270.63,-3696.93,-0.00190545,0.0405032,-17.6222,3748.22,208.149,1003.9,-0.00063738,-0.01101,-15.3138,5631.01,151.114,-2286.99,0.00150513,0.0195821,-17.1774,3873.71,163.163,225.755,0.00152439,-0.00205563,-14.7868
12.459,26.5487,-8.95223,5.00024,-0.621737,-2.84913,0.964075,-0.490689,-0.019986,0.00427009,2614.81,1,0.0609438,0,0.5,-0.28508,-0.262547,-0.0112571,0.0115239,-0.0467949,-0.071042,-0.0574976,-0.0821214,5474.4,-1073.72,-3696.62,5.89825e-05,0.0398049,-17.6816,3752.24,274.222,1151.15,-0.00036139,-0.0129727,-15.2846,5630.77,166.5,-2261.49,0.0016307,0.0193163,-17.1716,3873.69,159.171,267.249,0.00153852,-0.00251289,-14.7916
12.469,26.5568,-8.90119,5.00085,-0.622813,-2.45326,-0.00477901,-0.491997,-0.0199783,0.00426954,2614.74,1,0.0610453,0,0.5,-0.28475,-0.262354,-0.0112588,0.0115223,-0.046814,-0.0710353,-0.057506,-0.0821118,5477.82,-1149.56,-3875.4,-0.000176242,0.0431928,-17.6416,3753.76,145.875,1020.16,-0.00132081,-0.0109408,-15.3087,5630.88,141.181,-2220.72,0.00140452,0.0189122,-17.1743,3872.59,211.016,247.72,0.00192652,-0.00220645,-14.7881
12.479,26.5652,-8.85018,5.00051,-0.622248,-2.50857,0.357701,-0.491239,-0.019983,0.00427032,2614.78,1,0.0610516,0,0.5,-0.284977,-0.262474,-0.0112575,0.0115239,-0.0468104,-0.0710323,-0.0575021,-0.0821159,5479.55,-1121.56,-3783.72,-0.000159987,0.0414315,-17.6679,3751.45,240.169,1112.26,-0.00060951,-0.0123859,-15.2917,5631.26,118.422,-2281.68,0.00122365,0.0195379,-17.1724,3871.99,133.947,277.759,0.00133467,-0.00268563,-14.7914
12.489,26.5738,-8.79922,5.00045,-0.6226,-2.44025,0.546197,-0.491844,-0.019985,0.00427036,2614.77,1,0.060986,0,0.5,-0.284919,-0.26244,-0.0112574,0.0115233,-0.0468115,-0.07104,-0.0575015,-0.082116,5480.68,-1183.07,-3828.58,-0.00065287,0.0424834,-17.6522,3753.47,221.381,1105.13,-0.000785236,-0.0122246,-15.2985,5631.96,145.885,-2271.09,0.00145614,0.0194181,-17.1738,3871.57,178.048,251.995,0.00167442,-0.00231011,-14.7901
12.499,26.5826,-8.7483,5.00064,-0.622739,-2.32909,0.38112,-0.491907,-0.0199842,0.00427094,2614.74,1,0.0609666,0,0.5,-0.284834,-0.262353,-0.0112574,0.0115233,-0.0468179,-0.0710253,-0.0575034,-0.0821137,5484.45,-1133.13,-3842.87,-9.92088e-05,0.0424617,-17.6558,3750.55,311.857,1055.12,0.000303445,-0.011954,-15.3054,5633.02,132.022,-2266.3,0.00133857,0.0193704,-17.1733,3871.7,189.363,239.722,0.00174841,-0.00215819,-14.7888
12.509,26.5918,-8.69742,4.99986,-0.621423,-2.78704,0.57052,-0.490288,-0.0199988,0.00427223,2614.9,1,0.061243,0,0.5,-0.285502,-0.262758,-0.0112567,0.011524,-0.0467686,-0.0710592,-0.0574949,-0.0821241,5469.95,-1328.89,-3619.72,-0.00268568,0.0396667,-17.676,3755.19,71.3251,1155.36,-0.00246903,-0.012177,-15.2724,5632.62,172.646,-2261.45,0.00168277,0.0193068,-17.171,3870.58,191.868,258.379,0.00179179,-0.00235347,-14.7936
12.519,26.6011,-8.64659,5.00074,-0.62363,-1.37898,0.410309,-0.49311,-0.0199822,0.00427091,2615.08,1,0.0608751,0,0.5,-0.284512,-0.262187,-0.0112594,0.011524,-0.0468299,-0.0710304,-0.0575081,-0.0821101,5488.4,-1204.54,-4067.2,-0.000163556,0.046965,-17.6148,3753.17,180.571,1006.82,-0.000928234,-0.0109264,-15.3202,5633.51,90.2612,-2352.49,0.000997102,0.0202651,-17.1757,3870.09,318.085,263.486,0.00277032,-0.00223908,-14.7867
12.529,26.6107,-8.5958,5.00015,-0.621719,-2.84631,0.750764,-0.490458,-0.0199982,0.0042723,2615.17,1,0.0610348,0,0.5,-0.285201,-0.262587,-0.0112561,0.011523,-0.0467904,-0.0710475,-0.0574968,-0.082124,5478.45,-905.977,-3678.15,0.00165844,0.038723,-17.6994,3752.21,82.3421,1197.04,-0.00248872,-0.0127301,-15.2717,5632.68,157.857,-2266.14,0.00155769,0.0193605,-17.1717,3870.47,182.946,245.209,0.00170485,-0.00222871,-14.7927
12.539,26.6206,-8.54507,5.00076,-0.622918,-2.06561,0.425177,-0.492392,-0.0199904,0.00427135,2614.64,1,0.060867,0,0.5,-0.28465,-0.262303,-0.0112577,0.0115233,-0.0468151,-0.0710416,-0.0575013,-0.0821175,5486.19,-1087.04,-3975.65,0.000780763,0.044627,-17.6354,3754.66,265.413,1113.67,-0.000349289,-0.0124833,-15.3145,5632.81,130.464,-2271.78,0.00132413,0.0194275,-17.1753,3870.65,158.363,245.603,0.00151143,-0.00228053,-14.7872
12.549,26.6307,-8.49438,5.00031,-0.622197,-2.65842,0.679061,-0.491161,-0.019997,0.00427202,2614.92,1,0.0609798,0,0.5,-0.28492,-0.262429,-0.0112574,0.0115242,-0.0468105,-0.0710366,-0.0574956,-0.0821245,5485.08,-1053.66,-3717.53,0.000320373,0.0399551,-17.6701,3750.43,329.125,1125.77,0.000291669,-0.0128591,-15.2944,5632.3,152.766,-2265.14,0.00151369,0.0193536,-17.1734,3871.11,166.193,239.899,0.001566,-0.00220296,-14.7902
12.559,26.6411,-8.44374,5.00061,-0.623068,-2.5042,0.171357,-0.492359,-0.0199955,0.00427147,2614.7,1,0.0610455,0,0.5,-0.284678,-0.262377,-0.0112569,0.0115229,-0.0468108,-0.0710437,-0.0574969,-0.0821227,5484.21,-1006.62,-3889.88,0.00132741,0.0426942,-17.6529,3753.11,112.032,1033.83,-0.0017029,-0.0109583,-15.2983,5632.42,131.326,-2284.71,0.00133509,0.0195606,-17.1738,3871.02,215.195,238.929,0.0019461,-0.00210889,-14.7894
12.569,26.6517,-8.39316,5.00021,-0.622382,-2.72982,0.831548,-0.491543,-0.019999,0.00427154,2614.92,1,0.0609485,0,0.5,-0.284864,-0.262385,-0.0112545,0.011526,-0.0468018,-0.0710414,-0.0574948,-0.0821262,5482.42,-939.328,-3765.37,0.00160321,0.0402582,-17.6747,3751.63,345.815,1066.21,0.000630889,-0.0121871,-15.3017,5632.36,127.677,-2258.07,0.00129796,0.0192904,-17.1726,3871.24,179.16,243.913,0.00167379,-0.00222137,-14.7898
12.579,26.6626,-8.34262,5.00127,-0.621877,-1.09996,0.384027,-0.491237,-0.019999,0.00427071,2614.77,1,0.0606391,0,0.5,-0.284743,-0.262415,-0.0112577,0.011523,-0.0468097,-0.0710443,-0.0574939,-0.082127,5486.1,-1160.44,-3937.5,-0.000103499,0.0442828,-17.6506,3752.19,498.336,1185.87,0.00193368,-0.0140927,-15.2957,5632.67,108.804,-2261.26,0.00113815,0.0193275,-17.1742,3871.03,202.384,262.946,0.00188039,-0.00238325,-14.7905
12.589,26.6737,-8.29215,5.00014,-0.622607,-2.54755,0.474161,-0.491833,-0.0199989,0.00427058,2614.73,1,0.0611049,0,0.5,-0.284787,-0.262405,-0.011257,0.0115236,-0.0467967,-0.0710491,-0.0574953,-0.0821261,5479.45,-1090.4,-3830.71,0.000290868,0.0421029,-17.6586,3752.94,159.618,1104.66,-0.00142459,-0.0119771,-15.2934,5632.68,149.002,-2272.54,0.00148318,0.0194292,-17.1736,3870.99,208.277,248.446,0.00190689,-0.00221933,-14.7904
12.599,26.6851,-8.24172,5.00052,-0.621639,-2.34728,-0.229958,-0.490637,-0.0200017,0.00427018,2615.69,1,0.0612427,0,0.5,-0.285054,-0.262536,-0.0112565,0.0115229,-0.0467862,-0.0710552,-0.0574922,-0.0821296,5475.91,-1527.19,-3709.62,-0.00448439,0.0419691,-17.6486,3752.72,193.062,1252.58,-0.00151724,-0.0138839,-15.2824,5631.9,203.427,-2230.95,0.00193488,0.0189846,-17.174,3871.9,170.439,274.114,0.0016404,-0.00256521,-14.7903
12.609,26.6967,-8.19135,4.99949,-0.622498,-2.77647,0.677527,-0.491652,-0.0199986,0.00426954,2613.21,1,0.061288,0,0.5,-0.284913,-0.262447,-0.0112569,0.0115233,-0.0467794,-0.0710626,-0.0574941,-0.0821267,5471.24,-1318.94,-3694.85,-0.00240001,0.0408701,-17.6296,3755.08,61.3311,1048.45,-0.00225037,-0.0108967,-15.29,5632.3,164.346,-2275.72,0.00161479,0.019457,-17.1773,3871.48,192.017,241.954,0.00177178,-0.00217742,-14.7914
12.619,26.7085,-8.14105,5.00055,-0.622539,-2.71502,-0.534049,-0.491551,-0.0199967,0.00426908,2614.75,1,0.061346,0,0.5,-0.284953,-0.262513,-0.0112579,0.0115213,-0.0467901,-0.0710573,-0.0574943,-0.0821271,5474.02,-1298.3,-3782.75,-0.00195965,0.0422738,-17.6538,3753.41,-10.7364,1176.89,-0.00334865,-0.0120471,-15.2893,5631.59,180.666,-2256.53,0.0017491,0.0192567,-17.1739,3871.94,196.68,236.513,0.00180019,-0.00211187,-14.7904
12.629,26.7206,-8.09079,5.00053,-0.622575,-2.30323,0.556999,-0.491766,-0.019992,0.00426831,2614.39,1,0.0608979,0,0.5,-0.284769,-0.262388,-0.0112593,0.0115216,-0.046818,-0.071039,-0.0574979,-0.0821248,5483.24,-1173.33,-3738.09,-0.000811258,0.0408465,-17.648,3750.48,258.921,1011.38,-0.000125844,-0.0112671,-15.3028,5631.63,135.997,-2283.69,0.0013748,0.0195515,-17.1737,3872.56,171.602,236.621,0.00160436,-0.00215665,-14.788
12.639,26.733,-8.0406,5.00032,-0.62244,-2.54935,0.39158,-0.491453,-0.0199967,0.00426847,2614.81,1,0.0610517,0,0.5,-0.284923,-0.262463,-0.0112567,0.0115233,-0.0468119,-0.0710405,-0.0574925,-0.0821288,5481.47,-1188.51,-3752.39,-0.000927104,0.0411757,-17.6623,3748.74,241.08,1100.11,-0.000565171,-0.0122539,-15.2941,5631.08,134.706,-2261.79,0.00135943,0.0193303,-17.1735,3872.71,188.501,253.716,0.00175885,-0.00230842,-14.7904
12.649,26.7456,-7.99047,5.0004,-0.622539,-2.70328,0.259876,-0.491677,-0.0200002,0.00426846,2614.82,1,0.0610667,0,0.5,-0.285034,-0.262502,-0.0112583,0.011522,-0.0467923,-0.0710591,-0.0574917,-0.0821291,5474.32,-1109.37,-3763.48,-9.40974e-05,0.0410851,-17.6635,3753.24,118.592,1031.82,-0.00162935,-0.0109624,-15.2932,5631.33,144.034,-2244.4,0.00143458,0.0191494,-17.1737,3871.5,192.561,227.065,0.00175442,-0.00201944,-14.7913
12.659,26.7584,-7.94041,5.00046,-0.622676,-2.47562,0.336042,-0.491827,-0.0199961,0.00426795,2613.63,1,0.0610081,0,0.5,-0.284837,-0.262383,-0.0112569,0.0115235,-0.0468201,-0.0710437,-0.0574964,-0.0821246,5484.06,-1228.33,-3747.54,-0.00134066,0.0412417,-17.6439,3749.51,274.16,1096.35,-0.000210088,-0.0123245,-15.3021,5632.3,147.103,-2263.36,0.00146544,0.0193376,-17.175,3871.01,175.3,221.194,0.00161303,-0.00198652,-14.7884
12.669,26.7715,-7.89041,5.00034,-0.622781,-2.66157,0.342106,-0.491825,-0.0199986,0.00426818,2614.82,1,0.0610515,0,0.5,-0.284898,-0.262444,-0.0112562,0.0115247,-0.0468184,-0.0710441,-0.0574953,-0.0821259,5484.19,-1159.29,-3764.29,-0.000597285,0.0412202,-17.6573,3749.43,194.035,1069.65,-0.000967734,-0.0117163,-15.2963,5632.44,148.426,-2267.93,0.00147734,0.0193832,-17.1735,3870.95,189.66,249.498,0.00176343,-0.00226216,-14.7903
12.679,26.7848,-7.84047,5.00059,-0.621989,-1.43441,0.137025,-0.49131,-0.0200018,0.00426821,2615.45,1,0.0610332,0,0.5,-0.284914,-0.262394,-0.0112569,0.0115233,-0.0468102,-0.0710506,-0.0574933,-0.0821279,5483.21,-1194.02,-3975.38,-0.000338381,0.0451939,-17.6563,3750.44,314.019,1265.11,-0.000267314,-0.0145223,-15.2974,5632.44,151.01,-2268.78,0.00149963,0.0193909,-17.1735,3870.87,187.177,262.198,0.0017612,-0.0024031,-14.7892
12.689,26.7984,-7.79059,5.00109,-0.62151,-2.13028,0.655328,-0.491022,-0.0200008,0.00426806,2614.83,1,0.0606112,0,0.5,-0.284776,-0.262364,-0.011259,0.0115202,-0.0468069,-0.0710526,-0.057494,-0.0821269,5482.24,-1132.45,-3624.94,-0.000718732,0.0388145,-17.6526,3751.48,469.218,1094.83,0.00185648,-0.0128732,-15.2985,5632.6,116.735,-2297.47,0.00121335,0.0196952,-17.1742,3870.77,234.15,304.079,0.00218716,-0.00276908,-14.7887
12.699,26.8122,-7.74079,5.00027,-0.622311,-3.22037,0.785813,-0.491329,-0.0200036,0.00426835,2614.84,1,0.0608962,0,0.5,-0.285069,-0.262512,-0.0112569,0.0115242,-0.0467866,-0.0710662,-0.0574924,-0.0821301,5474.26,-961.26,-3738.1,0.00130129,0.0399882,-17.6682,3753.62,179.497,1111.74,-0.00123978,-0.0121387,-15.2875,5632.55,146.737,-2271.84,0.001464,0.0194234,-17.1749,3870.96,171.992,260.687,0.00163723,-0.00241634,-14.7876
12.709,26.8263,-7.69105,5.00125,-0.62254,-1.66467,-0.239844,-0.491971,-0.0199911,0.00426757,2614.67,1,0.0608977,0,0.5,-0.284545,-0.262223,-0.0112578,0.0115226,-0.0468296,-0.0710391,-0.0574993,-0.0821228,5487.36,-1114.99,-3865.86,0.00014991,0.0427507,-17.6358,3750.23,279.634,1049.1,-1.74894e-05,-0.0117797,-15.3103,5631.99,129.481,-2281.75,0.00131802,0.0195325,-17.1752,3871.96,187.687,242.336,0.00173896,-0.00218876,-14.7887
12.719,26.8406,-7.64139,5.00022,-0.621783,-2.71305,0.466214,-0.490834,-0.019999,0.00426835,2614.79,1,0.0610391,0,0.5,-0.285072,-0.262521,-0.0112571,0.0115238,-0.0468023,-0.0710527,-0.0574929,-0.0821312,5479.02,-1081.04,-3693.76,-2.11343e-05,0.0397442,-17.6826,3750.74,263.463,1132.49,-0.000421416,-0.0127147,-15.2835,5631.52,157.043,-2264.28,0.00155037,0.0193459,-17.1728,3872.57,185.599,261.139,0.00174557,-0.00239368,-14.7928
12.729,26.8552,-7.59179,5.00062,-0.622488,-2.07879,0.35246,-0.492046,-0.0199909,0.00426777,2614.74,1,0.0609111,0,0.5,-0.284715,-0.262332,-0.011259,0.0115258,-0.0468132,-0.0710495,-0.0574984,-0.0821246,5480.63,-1127.39,-3816.05,-0.000127298,0.042006,-17.6405,3753.12,195.352,1028.19,-0.000835201,-0.0112285,-15.3043,5631.6,141.366,-2287.23,0.00142187,0.019586,-17.1748,3872.2,177.804,222.528,0.00163376,-0.00199575,-14.7898
12.739,26.87,-7.54227,5.00043,-0.622208,-2.3069,0.451545,-0.491797,-0.0199954,0.00426852,2614.96,1,0.0609444,0,0.5,-0.285102,-0.262533,-0.0112575,0.0115236,-0.0467755,-0.0710709,-0.0574958,-0.0821276,5467.51,-763.945,-3991.73,0.00416909,0.0434943,-17.6949,3757.94,212.079,1063.33,-0.000762207,-0.0116844,-15.2914,5631.71,123.814,-2273.08,0.00126883,0.0194468,-17.1716,3872.15,218.929,253.799,0.00199601,-0.00225822,-14.7921
12.749,26.885,-7.49282,5.00049,-0.623029,-2.72922,0.166116,-0.492143,-0.0199816,0.0042674,2615.03,1,0.0610279,0,0.5,-0.284563,-0.262269,-0.011258,0.0115243,-0.046843,-0.0710294,-0.0575035,-0.082119,5488.98,-1334.05,-3733.76,-0.00244934,0.0414143,-17.6317,3749.01,231.549,1081.78,-0.000614492,-0.0120015,-15.3093,5631.37,155.41,-2263.88,0.00153636,0.019343,-17.1759,3873.26,201.49,237.183,0.00183813,-0.0021105,-14.7896
12.759,26.9003,-7.44344,5,-0.622085,-3.46652,0.252037,-0.490985,-0.0199936,0.00426886,2614.98,1,0.0611904,0,0.5,-0.285182,-0.262595,-0.0112575,0.0115237,-0.0467882,-0.071056,-0.0574945,-0.0821288,5471.7,-1223.27,-3570.82,-0.00176543,0.0384224,-17.6792,3752.53,111.931,1088.51,-0.00186243,-0.0115883,-15.2773,5630.65,160.127,-2259.98,0.00157613,0.019304,-17.1574,3873.21,196.657,256.52,0.0018261,-0.00232345,-14.8076
12.769,26.9158,-7.39414,5.00094,-0.623208,-2.746,0.148723,-0.492488,-0.019981,0.00426775,2614.76,1,0.0608359,0,0.5,-0.284555,-0.262273,-0.0112567,0.0115219,-0.0468251,-0.0710414,-0.057504,-0.0821179,5482.62,-1100.78,-3770.56,7.70503e-06,0.0410796,-17.6319,3752.12,219.063,961.546,-0.000402892,-0.0105509,-15.3126,5631.16,128.655,-2288.75,0.00131312,0.0196074,-17.1753,3873.16,185.285,234.588,0.00170875,-0.00211002,-14.7877
12.779,26.9316,-7.34492,5.00042,-0.622031,-2.70148,0.148872,-0.491084,-0.0199905,0.00426926,2615.07,1,0.0610622,0,0.5,-0.285166,-0.262614,-0.0112571,0.0115237,-0.0467825,-0.071058,-0.0574985,-0.0821256,5469.67,-1034.75,-3764.57,0.00066135,0.0408124,-17.6898,3754.76,163.938,1088.21,-0.00132953,-0.0117964,-15.2843,5631.36,155.39,-2295.31,0.00154422,0.0196644,-17.1711,3872.88,203.405,276.464,0.00190587,-0.00252536,-14.7936
12.789,26.9476,-7.29577,5.00071,-0.623984,-3.73199,-0.588712,-0.493007,-0.0199762,0.00426818,2614.62,1,0.0611942,0,0.5,-0.284424,-0.262235,-0.0112577,0.0115245,-0.0468455,-0.0710238,-0.0575091,-0.0821137,5484.53,-1321.28,-3574.34,-0.00272405,0.0387476,-17.6222,3746.78,22.8911,850.901,-0.00205665,-0.00854612,-15.3092,5630.06,134.794,-2198.39,0.00134414,0.0186921,-17.1765,3872.28,204.775,174.697,0.00176657,-0.0014709,-14.7867
12.799,26.9639,-7.24671,5.00043,-0.622328,-2.71268,-0.0241368,-0.491435,-0.0199914,0.00427035,2614.95,1,0.061113,0,0.5,-0.285231,-0.262648,-0.011257,0.0115236,-0.0467702,-0.0710625,-0.0574992,-0.0821246,5465.37,-877.856,-3914.3,0.00273679,0.0427046,-17.6981,3756.5,68.8924,1093.9,-0.00230719,-0.011447,-15.2796,5631.46,142.303,-2267.04,0.0014254,0.0193799,-17.1705,3872.06,214.538,266.631,0.00198046,-0.00240102,-14.7939
12.809,26.9804,-7.19772,5.00021,-0.622353,-2.31909,0.44378,-0.491742,-0.0199823,0.00426933,2614.79,1,0.0610255,0,0.5,-0.284812,-0.262368,-0.0112546,0.0115263,-0.0468279,-0.0710369,-0.057505,-0.0821165,5484.92,-1530.08,-3806.9,-0.00429131,0.0436293,-17.6215,3753.23,339.973,1312.42,-0.00012445,-0.015201,-15.3121,5631.82,191.453,-2277.53,0.00184612,0.0194652,-17.177,3872.23,141.362,258.35,0.00138431,-0.00245518,-14.7875
12.819,26.9971,-7.14882,5.00056,-0.622572,-2.6608,0.31831,-0.491706,-0.0199875,0.00427068,2614.88,1,0.0609205,0,0.5,-0.284934,-0.262484,-0.011258,0.0115235,-0.0468091,-0.0710454,-0.0575045,-0.0821194,5479.15,-1064.9,-3817.8,0.000515993,0.0417628,-17.6641,3753.37,253.419,1080.55,-0.000379371,-0.0120516,-15.2944,5632.66,140.555,-2268.09,0.00141184,0.019387,-17.1735,3870.9,172.919,258.053,0.00164009,-0.00238596,-14.7905
12.829,27.0141,-7.1,5.00045,-0.622543,-2.68288,0.245501,-0.49161,-0.0199876,0.00427082,2614.81,1,0.0609888,0,0.5,-0.284869,-0.262403,-0.0112581,0.0115227,-0.0468261,-0.0710389,-0.0575045,-0.0821197,5485.54,-1245.29,-3695.99,-0.00164978,0.0404267,-17.6493,3751.45,284.484,1066.25,-1.44681e-05,-0.0119951,-15.2992,5632.78,177.397,-2317.06,0.001737,0.019874,-17.1737,3871.91,206.482,299.062,0.00196049,-0.00276481,-14.7881
12.839,27.0313,-7.05126,5.00077,-0.622422,-2.3362,-0.0424804,-0.491668,-0.0199937,0.00427187,2614.79,1,0.0609767,0,0.5,-0.284998,-0.262488,-0.0112587,0.0115225,-0.046799,-0.0710512,-0.057501,-0.0821237,5477.88,-1048.34,-3861.94,0.0008237,0.0424701,-17.6674,3754.67,254.944,1091.88,-0.00039626,-0.0121869,-15.295,5632.37,130.149,-2268.9,0.00132162,0.0193998,-17.1727,3870.76,194.946,250.505,0.00180613,-0.00226367,-14.7908
12.849,27.0487,-7.00261,5.00083,-0.622144,-2.57384,-0.121171,-0.491244,-0.0200006,0.00427287,2614.96,1,0.0609778,0,0.5,-0.285336,-0.262612,-0.0112571,0.0115223,-0.0467671,-0.0710647,-0.0574972,-0.0821276,5468.46,-1479.04,-3694.42,-0.00401671,0.0415804,-17.6677,3757.9,327.341,1061.56,0.000451232,-0.0120555,-15.2837,5632.71,167.611,-2260.3,0.00163931,0.0192969,-17.1721,3870.34,204.743,270.16,0.00190928,-0.00245671,-14.7922
12.859,27.0665,-6.95404,5.00115,-0.622208,-2.38893,-0.025961,-0.491658,-0.01999,0.00427198,2614.55,1,0.0608134,0,0.5,-0.284664,-0.262282,-0.0112541,0.0115249,-0.0468262,-0.0710287,-0.0575059,-0.0821184,5488.11,-1157.66,-3474.83,-0.00136782,0.0365193,-17.6251,3750.6,379.984,899.749,0.00142227,-0.0102976,-15.3172,5635.07,-40.0504,-2359.16,-0.000119093,0.0203358,-17.1773,3869.94,222.871,211.862,0.00196098,-0.00182166,-14.7877
12.869,27.0844,-6.90557,5.00072,-0.623273,-2.72691,-0.0927743,-0.492953,-0.0200042,0.00427432,2614.93,1,0.0609844,0,0.5,-0.285231,-0.262614,-0.0112567,0.0115237,-0.046751,-0.0710684,-0.0574976,-0.0821292,5463.86,-630.593,-4103.87,0.00599112,0.0449097,-17.6933,3759.32,99.2078,1019.86,-0.00178849,-0.0107256,-15.2898,5633.46,95.745,-2283.11,0.00103033,0.0195508,-17.1695,3869.66,243.912,257.016,0.00219453,-0.00225672,-14.7939
12.879,27.1026,-6.85718,5.00035,-0.621944,-1.96331,0.085651,-0.490765,-0.019997,0.00427286,2614.73,1,0.0611079,0,0.5,-0.284809,-0.26234,-0.0112581,0.011523,-0.0468472,-0.0710174,-0.0575016,-0.0821256,5497.86,-1620.16,-3456.79,-0.00589521,0.0378719,-17.6253,3744.51,408.51,1045.21,0.00134644,-0.0121305,-15.3121,5634.02,178.038,-2315.31,0.00174308,0.0198511,-17.1786,3870.04,156.111,201.865,0.00143872,-0.00181617,-14.788
12.889,27.121,-6.80888,5.00099,-0.622579,-1.96864,-0.420895,-0.491774,-0.020009,0.00427431,2614.79,1,0.0610331,0,0.5,-0.284971,-0.262515,-0.0112566,0.0115219,-0.0467988,-0.0710471,-0.0574939,-0.0821345,5483.19,-994.123,-3947.56,0.00165167,0.0436802,-17.67,3751.37,133.076,1095.12,-0.00166795,-0.0117595,-15.2858,5633.31,124.301,-2266.93,0.00127109,0.0193783,-17.1717,3870.02,214.593,257.554,0.00196908,-0.00230583,-14.791
12.899,27.1396,-6.76067,5.00019,-0.622616,-2.47557,0.0141488,-0.491638,-0.0200092,0.00427422,2614.93,1,0.0611691,0,0.5,-0.284937,-0.262415,-0.0112572,0.0115231,-0.0468082,-0.0710384,-0.0574943,-0.0821344,5486.79,-1234.2,-3788.07,-0.00129257,0.0419394,-17.6501,3748.98,186.374,1136.13,-0.0012418,-0.0124698,-15.3004,5633.43,184.802,-2259.71,0.00178469,0.0192808,-17.1757,3869.72,135.055,223.903,0.00129841,-0.00209434,-14.7899
12.909,27.1585,-6.71256,5.00062,-0.624047,-3.82432,-0.648615,-0.492762,-0.0200086,0.00427439,2614.87,1,0.0611844,0,0.5,-0.284729,-0.26241,-0.0112569,0.0115233,-0.046809,-0.0710347,-0.0574949,-0.0821343,5485.86,-1235.16,-3650.29,-0.00167177,0.0396216,-17.648,3747.83,64.1047,963.843,-0.00197653,-0.0099731,-15.3017,5633.7,140.83,-2275.21,0.00141384,0.0194559,-17.1744,3869.4,217.236,226.338,0.00194272,-0.0019765,-14.7902
12.919,27.1776,-6.66454,5.00046,-0.621939,-2.49704,0.10095,-0.4911,-0.0200159,0.0042743,2614.98,1,0.0610142,0,0.5,-0.285041,-0.262505,-0.0112574,0.0115238,-0.0467832,-0.071055,-0.0574892,-0.0821405,5481.07,-1205.94,-3696.47,-0.00125629,0.0403115,-17.6751,3752.22,267.972,1109.5,-0.00030796,-0.0124507,-15.2888,5633.15,163.603,-2269.92,0.00160657,0.0193952,-17.173,3870.09,194.476,264.153,0.00182041,-0.00241098,-14.7934
12.929,27.197,-6.61661,5.0003,-0.622732,-2.17472,0.0698232,-0.492049,-0.0200101,0.00427387,2614.65,1,0.0610983,0,0.5,-0.284764,-0.262388,-0.0112581,0.0115237,-0.0467811,-0.0710516,-0.0574928,-0.0821365,5479.33,-1245.81,-3874.9,-0.0011707,0.0436234,-17.6408,3753.13,142.712,1106.66,-0.0016042,-0.0119296,-15.2977,5633.35,148.676,-2271.16,0.00147974,0.0194129,-17.175,3870.37,185.133,245.428,0.00172322,-0.00222713,-14.7889
12.939,27.2166,-6.56878,5.00036,-0.621142,-2.3796,0.437843,-0.490245,-0.020011,0.00427324,2614.92,1,0.0609208,0,0.5,-0.284969,-0.262478,-0.0112585,0.0115234,-0.0467792,-0.0710549,-0.0574893,-0.0821401,5478.85,-1381.38,-3504.22,-0.00348279,0.0379162,-17.6516,3752.62,392.252,1101.94,0.00102605,-0.0127526,-15.291,5632.22,188.107,-2258.08,0.00181294,0.0192669,-17.1749,3871.49,138.576,245.646,0.00134774,-0.0023227,-14.7912
12.949,27.2364,-6.52104,5.0011,-0.623739,-2.71767,-0.926589,-0.492769,-0.020002,0.00427274,2614.84,1,0.0611295,0,0.5,-0.284623,-0.262331,-0.0112572,0.0115219,-0.0467856,-0.0710488,-0.0574951,-0.0821343,5476.29,-1124.99,-3964.97,0.00035016,0.044736,-17.6478,3752.79,93.4448,1076.61,-0.00201577,-0.0113699,-15.3035,5631.82,135.616,-2274.04,0.00136892,0.0194524,-17.1744,3871.89,216.755,249.792,0.00197445,-0.00221963,-14.789
12.959,27.2565,-6.47341,5.00056,-0.622357,-2.28871,-0.108609,-0.491387,-0.0199995,0.00427184,2614.97,1,0.0610503,0,0.5,-0.284732,-0.262394,-0.011257,0.0115234,-0.0468053,-0.0710373,-0.0574931,-0.0821357,5483.71,-1155.17,-3803.5,-0.000451,0.0418818,-17.6666,3749.41,265.427,1131.11,-0.000398284,-0.0127099,-15.2981,5630.75,150.776,-2258.26,0.00149516,0.0192897,-17.1732,3873.35,191.13,254.181,0.00178046,-0.00230827,-14.7923
12.969,27.2768,-6.42587,5.00036,-0.621996,-2.53673,0.0363768,-0.491146,-0.0200013,0.00427165,2614.84,1,0.0610579,0,0.5,-0.284955,-0.262477,-0.0112566,0.0115228,-0.0467806,-0.071056,-0.0574907,-0.0821379,5474.53,-1218.41,-3721.53,-0.00131686,0.0408544,-17.6603,3753.88,208.033,1119.8,-0.000966017,-0.0123456,-15.2895,5630.52,156.379,-2267.58,0.00154577,0.0193834,-17.1737,3873.48,182.749,253.76,0.00171318,-0.00231913,-14.7915
12.979,27.2973,-6.37843,5.00082,-0.62232,-2.57335,0.138661,-0.491425,-0.0200012,0.0042718,2614.99,1,0.0608175,0,0.5,-0.285255,-0.262613,-0.0112565,0.0115236,-0.0467484,-0.0710749,-0.057492,-0.0821363,5461.02,-1158.64,-3814.75,-0.000434679,0.0423433,-17.6672,3758.57,266.164,997.472,-1.27562e-05,-0.011105,-15.2867,5630.34,152.889,-2252.03,0.00151162,0.019227,-17.174,3873.94,151.494,275.519,0.00148425,-0.00262013,-14.7905
12.989,27.318,-6.33109,5.00044,-0.621892,-2.66186,-0.207859,-0.490969,-0.0199912,0.00427087,2614.83,1,0.0611261,0,0.5,-0.285001,-0.262481,-0.0112575,0.0115227,-0.0467955,-0.0710473,-0.0574991,-0.082129,5475.76,-1556.79,-3297.47,-0.0056024,0.035376,-17.6289,3752.36,334.415,794.049,0.00122601,-0.00896096,-15.3052,5631.05,182.842,-2272.97,0.0017725,0.0194254,-17.1772,3873.17,154.41,240.466,0.00147163,-0.0022316,-14.788
12.999,27.339,-6.28386,5.00076,-0.622907,-2.56975,0.113239,-0.492285,-0.0199883,0.0042706,2614.81,1,0.060839,0,0.5,-0.284812,-0.262406,-0.0112567,0.0115228,-0.046808,-0.071046,-0.0575004,-0.0821268,5478.74,-960.116,-3868.78,0.00173773,0.0421584,-17.6559,3753.83,259.052,1017.41,-0.00014395,-0.0113279,-15.3041,5630.7,105.374,-2283.91,0.00111229,0.0195663,-17.174,3873.26,175.3,244.872,0.00164374,-0.00223781,-14.7893
13.009,27.3603,-6.23673,5.00016,-0.621641,-3.17888,0.185627,-0.490627,-0.0199956,0.00427122,2615.77,1,0.0610505,0,0.5,-0.285247,-0.262593,-0.0112593,0.0115213,-0.0467998,-0.0710503,-0.0574961,-0.0821326,5477.08,-1337.62,-3205.33,-0.00372387,0.0332996,-17.6631,3750.94,161.728,799.776,-0.000539293,-0.00854337,-15.2914,5631.09,197.281,-2274.7,0.00189678,0.0194361,-17.1734,3872.66,147.054,226.523,0.00139559,-0.00209611,-14.7911
13.019,27.3817,-6.1897,5.00117,-0.622855,-1.77194,-0.502705,-0.492497,-0.0199876,0.00427082,2614.83,1,0.0609667,0,0.5,-0.284709,-0.262338,-0.0112565,0.0115234,-0.0468193,-0.0710394,-0.0575036,-0.0821228,5483.11,-1050.98,-3928.28,0.00100513,0.043612,-17.6355,3753.11,100.973,1013.27,-0.00175467,-0.0106768,-15.3072,5631.7,120.463,-2281.08,0.00124151,0.0195296,-17.1745,3872.11,196.379,237.209,0.00179884,-0.0021196,-14.7878
13.029,27.4034,-6.14279,5.00061,-0.622468,-2.66807,-0.179185,-0.491482,-0.0199979,0.00427207,2614.99,1,0.0610064,0,0.5,-0.285201,-0.262584,-0.0112569,0.0115235,-0.0467911,-0.0710524,-0.0574983,-0.0821299,5474.63,-1069.81,-3863.44,0.000613243,0.0426352,-17.6863,3753.31,372.483,1140.31,0.000709927,-0.0131627,-15.2915,5631.57,157.408,-2234.8,0.00154644,0.0190459,-17.1703,3871.09,218.497,251.679,0.00198964,-0.00223719,-14.7908
13.039,27.4253,-6.09598,5.00085,-0.622529,-2.2075,0.00216059,-0.491784,-0.0199918,0.00427092,2614.81,1,0.0608626,0,0.5,-0.284649,-0.262296,-0.0112584,0.0115233,-0.0468476,-0.0710291,-0.0575038,-0.0821244,5493.96,-1266.53,-3739.75,-0.00175041,0.0411716,-17.6269,3747.81,341.947,1190.5,0.000244295,-0.0137034,-15.3124,5632.49,120.092,-2280.48,0.00123897,0.0195207,-17.1777,3871.14,102.983,194.999,0.00100619,-0.00185044,-14.7868
13.049,27.4475,-6.04927,5.00028,-0.622709,-2.81677,-0.217395,-0.491708,-0.020004,0.00427273,2614.94,1,0.0611456,0,0.5,-0.28514,-0.262575,-0.0112565,0.0115241,-0.0467886,-0.071052,-0.0574977,-0.0821315,5476.9,-981.426,-3835.76,0.00141646,0.0417053,-17.6815,3752.14,110.306,1087.76,-0.00187719,-0.0115738,-15.2854,5633.03,146.779,-2265.03,0.00146267,0.0193522,-17.1723,3869.91,203.919,255.451,0.0018831,-0.0023013,-14.7918
13.059,27.4699,-6.00268,5.00067,-0.622445,-2.44775,0.116612,-0.491885,-0.0199983,0.00427169,2614.71,1,0.0608745,0,0.5,-0.284731,-0.262328,-0.0112562,0.0115273,-0.0468189,-0.0710352,-0.0575014,-0.0821251,5489.22,-1297.81,-3657.9,-0.0022713,0.0399754,-17.6371,3749.95,318.014,1049.69,0.000384132,-0.0119103,-15.3099,5633.32,144.188,-2287.09,0.00144518,0.0195774,-17.177,3869.87,174.317,264.612,0.00166121,-0.00245493,-14.7886
13.069,27.4925,-5.9562,5.00054,-0.622321,-2.59365,-0.76387,-0.491148,-0.0200105,0.004273,2615.02,1,0.0612649,0,0.5,-0.285254,-0.262665,-0.0112571,0.0115218,-0.0467658,-0.0710663,-0.0574949,-0.0821355,5471.08,-1228.79,-3764.96,-0.00129448,0.0416835,-17.6786,3754.57,95.9506,1088.14,-0.00202049,-0.0115074,-15.2859,5633.54,161.598,-2259.32,0.00158739,0.0192865,-17.1718,3869.41,219.632,264.018,0.00201772,-0.00236642,-14.7936
13.079,27.5153,-5.90983,5.00086,-0.622565,-2.76322,-0.0768318,-0.491918,-0.0199996,0.00427147,2614.83,1,0.0608334,0,0.5,-0.284647,-0.262288,-0.0112591,0.0115251,-0.0468177,-0.0710441,-0.0575018,-0.0821282,5486.44,-1310.64,-3599.52,-0.00255047,0.0390956,-17.6233,3751.55,347.077,1056.96,0.000669096,-0.0120797,-15.3133,5633.22,149.669,-2269.84,0.00148757,0.0193995,-17.1777,3870.01,144.658,229.071,0.00138212,-0.00212997,-14.787
13.089,27.5384,-5.86357,5.00029,-0.622003,-3.29981,-0.27768,-0.490819,-0.0200103,0.00427242,2615.04,1,0.0611095,0,0.5,-0.285163,-0.262611,-0.0112567,0.0115233,-0.0467805,-0.071062,-0.057493,-0.0821392,5475.45,-1221.28,-3558.35,-0.00177702,0.0381808,-17.675,3752.68,198.885,1118.74,-0.00105749,-0.0123011,-15.2833,5632.66,172.745,-2255.41,0.00168155,0.0192451,-17.1727,3870.67,161.608,246.705,0.00153734,-0.00228585,-14.7926
13.099,27.5617,-5.81743,5.00098,-0.623579,-2.7156,-0.271883,-0.492656,-0.0200003,0.00427095,2614.67,1,0.0608467,0,0.5,-0.284607,-0.262305,-0.0112561,0.0115206,-0.0468127,-0.0710519,-0.0574996,-0.0821317,5482.69,-1095.04,-3906.5,0.000472972,0.0434366,-17.632,3752.75,218.71,1087.86,-0.000764894,-0.0120134,-15.306,5632.53,153.295,-2277,0.00152031,0.0194736,-17.1781,3870.7,144.278,218.459,0.00136718,-0.00201572,-14.7865
13.109,27.5852,-5.7714,5.0005,-0.623553,-3.67366,-0.83512,-0.491684,-0.0200008,0.00427095,2614.91,1,0.0611967,0,0.5,-0.284687,-0.262323,-0.0112533,0.0115183,-0.0468247,-0.0710322,-0.0574968,-0.0821358,5487.4,-1247.43,-3646.34,-0.00181185,0.0395919,-17.6557,3744.73,144.126,1098.29,-0.00156779,-0.0118649,-15.2912,5631.86,155.777,-2277.6,0.0015425,0.0194812,-17.1757,3871.85,220.396,247.33,0.0019979,-0.00218835,-14.7907
13.119,27.6089,-5.72548,5.00129,-0.6214,-1.01728,0.378592,-0.491134,-0.020003,0.0042708,2614.9,1,0.0606052,0,0.5,-0.284897,-0.262474,-0.0112572,0.0115225,-0.0467822,-0.0710652,-0.057494,-0.082137,5474.86,-839.94,-4020.43,0.00348727,0.0443322,-17.6727,3755.4,357.539,1102.56,0.000656058,-0.0126491,-15.294,5631.46,105.222,-2258.68,0.00110665,0.0193064,-17.1725,3871.9,205.258,246.825,0.00188032,-0.00220664,-14.7919
13.129,27.6329,-5.67969,5.00058,-0.621709,-2.02383,0.0826803,-0.491327,-0.0199924,0.00427036,2614.88,1,0.0609354,0,0.5,-0.284702,-0.26232,-0.0112595,0.0115257,-0.046801,-0.0710397,-0.0575007,-0.0821296,5478.7,-1138.28,-3715.62,-0.000530975,0.0403602,-17.649,3751.13,341.066,1079.05,0.000545486,-0.012329,-15.3077,5631.08,147.79,-2265.7,0.00147151,0.0193655,-17.1772,3872.48,175.289,233.4,0.00162942,-0.00211546,-14.7882
13.139,27.6571,-5.63401,5.00081,-0.62226,-2.56744,0.109092,-0.491417,-0.0199922,0.00426986,2614.99,1,0.0607717,0,0.5,-0.284758,-0.262424,-0.0112579,0.0115242,-0.0468048,-0.0710483,-0.0574993,-0.0821313,5478.49,-1008.42,-3837.72,0.00113878,0.0418503,-17.6648,3752.11,358.003,1127.78,0.000591345,-0.0129689,-15.2991,5630.52,145.423,-2248.24,0.00144756,0.0191907,-17.1742,3873.14,145.537,250.881,0.00141017,-0.00236374,-14.7903
13.149,27.6815,-5.58845,5.00063,-0.62236,-3.04444,0.133092,-0.491619,-0.0199885,0.00426956,2614.89,1,0.0607872,0,0.5,-0.284793,-0.262371,-0.0112587,0.0115221,-0.0468092,-0.0710459,-0.0575008,-0.082129,5478.16,-1059.36,-3580.52,-0.00013384,0.0378426,-17.6569,3751.32,327.463,951.254,0.000750608,-0.0107699,-15.3015,5631.03,96.5103,-2288.72,0.00103886,0.0196166,-17.1731,3872.91,237.799,239.962,0.00211845,-0.00208743,-14.7902
13.159,27.7062,-5.54301,5.00088,-0.622633,-2.37379,-0.586465,-0.492005,-0.0199876,0.00426981,2614.89,1,0.0610274,0,0.5,-0.284895,-0.262463,-0.0112584,0.0115219,-0.0467906,-0.071058,-0.0575021,-0.0821278,5471.06,-984.741,-3914.16,0.00164005,0.0431686,-17.6661,3755.87,144.206,1073.17,-0.00148922,-0.0115374,-15.2941,5630.66,134.618,-2271.59,0.00136068,0.0194318,-17.1728,3873.28,218.001,246.195,0.0019777,-0.00217934,-14.7922
13.169,27.731,-5.49769,5.00075,-0.622142,-2.28829,-0.136229,-0.491382,-0.0199829,0.00426943,2614.89,1,0.0609101,0,0.5,-0.284832,-0.262382,-0.0112583,0.0115233,-0.046818,-0.0710427,-0.0575053,-0.0821249,5480.35,-1126.24,-3779.88,-0.000221003,0.0413783,-17.6566,3752.72,357.544,1116.4,0.000616687,-0.0128265,-15.3047,5630.53,143.107,-2264.55,0.00143155,0.0193574,-17.1755,3873.51,173.209,237.869,0.00161836,-0.00216652,-14.7897
13.179,27.7561,-5.4525,5.00079,-0.622787,-2.46841,-0.404058,-0.491869,-0.0199817,0.00426967,2614.87,1,0.0609803,0,0.5,-0.284768,-0.26238,-0.0112583,0.0115235,-0.0468281,-0.0710376,-0.0575067,-0.0821239,5482.89,-1086,-3807.65,0.000268007,0.041645,-17.6567,3750.79,200.429,1039.63,-0.000815989,-0.0113871,-15.2999,5630.7,143.274,-2277.97,0.00143614,0.0194938,-17.1742,3873.35,183.114,247.591,0.00170856,-0.00225234,-14.79
13.189,27.7814,-5.40743,5.00061,-0.622257,-2.0985,-0.380038,-0.491434,-0.0199834,0.00426999,2614.9,1,0.0610862,0,0.5,-0.284878,-0.262398,-0.0112573,0.0115238,-0.046825,-0.0710371,-0.0575061,-0.0821238,5483.79,-1153.01,-3861.81,-0.000253072,0.0428983,-17.6599,3751.77,251.539,1186.05,-0.000702521,-0.0133126,-15.2984,5630.92,174.041,-2279.79,0.00169926,0.0194994,-17.1744,3873.16,140.269,249.403,0.0013652,-0.0023591,-14.7911
13.199,27.8069,-5.36248,5.00063,-0.622502,-2.28213,-0.329958,-0.491932,-0.0199874,0.00427064,2614.86,1,0.0610245,0,0.5,-0.285038,-0.262496,-0.0112574,0.0115233,-0.0467909,-0.0710564,-0.0575045,-0.0821247,5472.57,-1020.34,-3998.26,0.00155724,0.044877,-17.6704,3756.77,176.806,1193.51,-0.00150769,-0.0130868,-15.2944,5631.34,147.517,-2263.73,0.00146877,0.0193447,-17.1735,3872.28,187.958,259.842,0.00176325,-0.00237543,-14.7928
13.209,27.8327,-5.31767,5.00071,-0.622813,-2.50808,-0.494152,-0.491989,-0.0199852,0.00427097,2615.04,1,0.0610335,0,0.5,-0.28511,-0.26248,-0.0112574,0.0115237,-0.0467935,-0.0710513,-0.0575075,-0.0821218,5472.9,-1215.13,-3862.88,-0.000875391,0.0433351,-17.6617,3755.87,252.709,1060.65,-0.000331136,-0.0118065,-15.3066,5631.9,149.551,-2270.38,0.00148764,0.0194098,-17.1742,3871.7,199.618,252.582,0.00184522,-0.00227716,-14.791
13.219,27.8587,-5.27297,5.0007,-0.622059,-2.32465,-0.215731,-0.491122,-0.0199857,0.00427061,2614.96,1,0.0609553,0,0.5,-0.284932,-0.262433,-0.011258,0.0115236,-0.0468251,-0.0710397,-0.057507,-0.0821223,5484.98,-1403.74,-3646.56,-0.00336159,0.0402685,-17.6419,3751.71,314.625,1139.02,0.000100184,-0.0129678,-15.2994,5632.02,164.524,-2294.1,0.00162181,0.0196461,-17.1761,3871.88,142.729,254.678,0.00139083,-0.00241212,-14.7899
13.229,27.8849,-5.22841,5.00067,-0.62277,-2.73224,-0.359141,-0.492006,-0.0199891,0.00427113,2614.91,1,0.0609607,0,0.5,-0.284921,-0.262445,-0.0112574,0.0115237,-0.046812,-0.0710498,-0.0575062,-0.0821236,5480.23,-1047.05,-3800.05,0.000642009,0.0413627,-17.6589,3754.22,192.952,1051.12,-0.000925298,-0.0114816,-15.2963,5632.27,132.046,-2272.41,0.00133869,0.0194353,-17.1744,3871.06,183.727,246.61,0.00171283,-0.00224195,-14.7901
13.239,27.9113,-5.18398,5.00046,-0.622953,-2.6158,-0.144472,-0.492168,-0.0199887,0.00427125,2615.28,1,0.0609766,0,0.5,-0.284796,-0.262359,-0.0112575,0.0115237,-0.0468225,-0.0710365,-0.0575067,-0.0821227,5486.22,-1062.3,-3851.66,0.000646483,0.042264,-17.6563,3751.03,268.781,1106.53,-0.000293961,-0.0124221,-15.3027,5632.35,146.878,-2278.33,0.00146659,0.0194903,-17.1752,3871.03,195.334,253.216,0.00181293,-0.00229173,-14.7892
13.249,27.9379,-5.13968,5.00078,-0.621756,-1.8916,-0.183331,-0.490704,-0.0199981,0.0042718,2615.1,1,0.0609382,0,0.5,-0.285107,-0.26256,-0.0112575,0.011523,-0.0468015,-0.0710527,-0.0575006,-0.0821304,5480.84,-1361.91,-3775.66,-0.00262562,0.0423594,-17.6709,3753.22,450.788,1154.5,0.00150854,-0.013565,-15.2868,5632.27,151.042,-2250.33,0.00149585,0.0192037,-17.174,3870.9,201.691,261.597,0.00187348,-0.00237013,-14.7931
13.259,27.9648,-5.09551,5.00053,-0.625713,-4.41488,-1.39849,-0.494384,-0.0199885,0.00427147,2614.72,1,0.0612066,0,0.5,-0.284546,-0.262332,-0.0112572,0.0115237,-0.0468268,-0.0710303,-0.0575094,-0.0821221,5483.22,-1124.83,-3895.07,0.000133832,0.0433675,-17.6416,3748.9,18.3334,987.495,-0.00249404,-0.0100275,-15.3086,5632.85,135.434,-2278.03,0.00136816,0.0194895,-17.1757,3870.18,197.423,228.853,0.00179601,-0.00203111,-14.7881
13.269,27.9918,-5.05146,5.00055,-0.621656,-3.1551,-0.928933,-0.49011,-0.0200099,0.00427276,2615.17,1,0.0611818,0,0.5,-0.285582,-0.262825,-0.0112551,0.0115202,-0.0467571,-0.071072,-0.0574936,-0.0821383,5466.14,-1238.54,-3595.12,-0.00184642,0.0389306,-17.7129,3754.45,200.235,1145.46,-0.00112019,-0.0126165,-15.2712,5632.68,173.055,-2248.01,0.00168291,0.0191697,-17.171,3870.54,184.707,266.912,0.00174581,-0.00245894,-14.7955
13.279,28.0191,-5.00756,5.00195,-0.620885,1.71991,0.591333,-0.491463,-0.0199896,0.00427065,2614.59,1,0.0605553,0,0.5,-0.284424,-0.26219,-0.0112593,0.0115245,-0.0468252,-0.0710428,-0.0575083,-0.0821215,5490.02,-903.697,-4330.8,0.00400825,0.0507687,-17.6148,3754.06,350.828,1263.66,0.000129462,-0.0146205,-15.3248,5633.05,92.6629,-2268.94,0.00100025,0.0194084,-17.1776,3870.21,193.794,220.202,0.0017558,-0.00194642,-14.7848
13.289,28.0466,-4.96379,5.00005,-0.622771,-3.54831,-0.867917,-0.490964,-0.0199978,0.0042718,2614.6,1,0.0613048,0,0.5,-0.285004,-0.262543,-0.011257,0.0115231,-0.0468056,-0.0710371,-0.0575003,-0.0821318,5480.56,-1326.89,-3582.39,-0.00276288,0.0389408,-17.6771,3746.34,152.757,1146.81,-0.00162149,-0.0124662,-15.2824,5632.41,162.048,-2272.28,0.00159547,0.0194224,-17.1729,3871.18,192.525,245.699,0.00177974,-0.00221648,-14.7934
13.299,28.0743,-4.92015,5.00142,-0.623051,-1.38482,-0.835897,-0.492428,-0.0199917,0.0042714,2614.76,1,0.0609624,0,0.5,-0.284638,-0.262399,-0.011254,0.011522,-0.0467943,-0.0710449,-0.0575055,-0.0821252,5476.88,-1014.85,-4134.64,0.0020757,0.047451,-17.6483,3753.56,129.815,1115.49,-0.00176196,-0.0119764,-15.3001,5632.11,120.164,-2275.24,0.00123689,0.0194686,-17.1739,3871.44,222.544,257.878,0.0020312,-0.00229586,-14.7904
13.309,28.1022,-4.87665,5.00046,-0.621946,-2.42415,-0.633418,-0.490934,-0.0199978,0.00427195,2615.06,1,0.0611667,0,0.5,-0.285181,-0.262614,-0.0112578,0.0115229,-0.046774,-0.071055,-0.0574991,-0.0821331,5469.78,-1187.27,-3722.42,-0.000995759,0.0407827,-17.6837,3753.56,148.015,1116.05,-0.001575,-0.0120598,-15.2858,5631.86,166.214,-2279.15,0.00163211,0.0194929,-17.1732,3872.1,193.437,248.666,0.00179146,-0.00224598,-14.794
13.319,28.1304,-4.83329,5.00076,-0.623702,-1.44514,-0.686383,-0.493004,-0.019984,0.00427078,2614.85,1,0.0611626,0,0.5,-0.284415,-0.26229,-0.0112583,0.0115237,-0.0468292,-0.0710287,-0.057508,-0.082123,5486.43,-1231.36,-4215.33,1.53917e-06,0.0502185,-17.6309,3750.72,173.764,1232.49,-0.00166054,-0.0135661,-15.3101,5631.65,82.5265,-2252.13,0.00091039,0.0192447,-17.175,3872.78,243.734,282.868,0.0022331,-0.00252569,-14.7898
13.329,28.1587,-4.79006,5.00014,-0.621454,-2.71894,-0.46974,-0.490289,-0.019998,0.00427247,2615.1,1,0.0611988,0,0.5,-0.285294,-0.262661,-0.0112572,0.0115235,-0.0467763,-0.0710526,-0.0574968,-0.0821353,5471.25,-1228.03,-3643.99,-0.00162051,0.0396337,-17.6905,3752.37,195.452,1157.28,-0.00120604,-0.0127456,-15.274,5631.14,177.539,-2254.15,0.00172278,0.0192354,-17.1727,3872.94,181.794,259.803,0.0017131,-0.00238634,-14.7941
13.339,28.1872,-4.74698,5.00014,-0.622089,-3.62745,-0.799388,-0.491501,-0.0199898,0.00427214,2614.99,1,0.0611959,0,0.5,-0.284889,-0.26242,-0.0112573,0.0115231,-0.0467894,-0.071051,-0.0575045,-0.0821268,5473.08,-1357.06,-3160.69,-0.0040018,0.0327592,-17.6276,3754.43,250.919,803.03,0.00035681,-0.00885156,-15.3207,5632.32,133.532,-2364.96,0.0013707,0.0203874,-17.1763,3871.41,331.296,156.138,0.00269171,-0.00123021,-14.7872
13.349,28.216,-4.70404,5.00167,-0.621311,-0.710289,-0.83044,-0.490162,-0.0199885,0.00427223,2614.85,1,0.0609541,0,0.5,-0.284899,-0.262429,-0.0112617,0.0115147,-0.0468075,-0.0710444,-0.0575039,-0.0821264,5481.74,-1091.63,-3917.33,0.000545889,0.0436276,-17.6512,3752.19,311.695,1178.71,-4.47287e-05,-0.0134395,-15.3033,5631.32,140.783,-2266.48,0.00141123,0.0193752,-17.1745,3872.48,162.721,252.303,0.0015527,-0.0023433,-14.7893
13.359,28.245,-4.66124,5.00081,-0.622929,-2.18817,-0.517214,-0.492393,-0.01999,0.0042731,2614.88,1,0.0609867,0,0.5,-0.284861,-0.262429,-0.0112582,0.011523,-0.0468023,-0.0710505,-0.0575037,-0.0821265,5478.53,-936.162,-3998.08,0.00242249,0.0443709,-17.6595,3756.21,127.45,1116.8,-0.00178885,-0.011973,-15.2961,5632.72,143.759,-2331.77,0.0014531,0.0200388,-17.1736,3872.82,221.403,305.164,0.00208739,-0.00280229,-14.7912
13.369,28.2742,-4.61858,5.00068,-0.621919,-1.9145,-0.509238,-0.491033,-0.0199922,0.00427382,2614.57,1,0.0610774,0,0.5,-0.284941,-0.262432,-0.0112567,0.0115245,-0.0468187,-0.071033,-0.0575027,-0.0821274,5486.33,-1211.62,-3744.19,-0.00118006,0.0410874,-17.6613,3750.91,300.323,1120.23,1.56969e-07,-0.0126954,-15.3001,5631.91,159.565,-2260.28,0.00157095,0.0193029,-17.1748,3871.73,202.758,253.623,0.00187093,-0.00228284,-14.7912
13.379,28.3036,-4.57607,5.00065,-0.622908,-2.61197,-0.342249,-0.492272,-0.0199965,0.00427458,2614.84,1,0.0609116,0,0.5,-0.284931,-0.262453,-0.0112554,0.0115214,-0.0468028,-0.0710458,-0.0575002,-0.0821278,5482.45,-1043.32,-3906.27,0.00101483,0.0431842,-17.6603,3754.71,251.882,1116.09,-0.000497264,-0.0124634,-15.2997,5632.19,133.651,-2269.21,0.0013516,0.0194024,-17.1731,3870.95,147.493,246.297,0.00142215,-0.00231072,-14.7899
13.389,28.3332,-4.5337,5.00061,-0.622618,-2.38506,-0.500829,-0.49177,-0.0199968,0.00427471,2614.9,1,0.0610246,0,0.5,-0.284814,-0.262346,-0.0112557,0.0115227,-0.0468245,-0.0710264,-0.0574999,-0.082128,5491.79,-1216.32,-3749.56,-0.00121408,0.0411423,-17.651,3749.14,278.106,1110.63,-0.000206135,-0.0125101,-15.3034,5632.19,162.129,-2266.28,0.00159381,0.019362,-17.1762,3870.8,177.44,242.036,0.00165791,-0.00220469,-14.7889
13.399,28.363,-4.49148,5.00135,-0.622334,-2.06345,-1.04477,-0.491479,-0.0200067,0.00427568,2614.68,1,0.0609645,0,0.5,-0.28501,-0.262509,-0.0112588,0.0115217,-0.0467874,-0.0710535,-0.0574958,-0.0821349,5479.31,-1066.8,-3842.01,0.000574835,0.0421918,-17.6722,3754.11,235.188,1070.93,-0.000542113,-0.0118705,-15.2922,5632.79,136.657,-2269.32,0.00137713,0.0194004,-17.1755,3869.88,158.16,254.552,0.00151812,-0.00237868,-14.7898
13.409,28.3931,-4.44941,5.00039,-0.622482,-2.51655,-0.4753,-0.491536,-0.0200048,0.00427532,2614.94,1,0.0610781,0,0.5,-0.284897,-0.26242,-0.0112555,0.011525,-0.0468068,-0.071039,-0.0574977,-0.0821328,5486.92,-1257.47,-3781.82,-0.0015469,0.0419332,-17.6414,3750.46,277.624,1246.78,-0.000605206,-0.0141592,-15.3038,5632.93,153.718,-2274.62,0.00152429,0.0194477,-17.1767,3869.7,175.816,232.362,0.00163252,-0.00210484,-14.7893
13.419,28.4233,-4.40748,5.00104,-0.622676,-2.32877,-0.787556,-0.491976,-0.0200084,0.00427557,2614.94,1,0.0609457,0,0.5,-0.284926,-0.262479,-0.0112585,0.0115232,-0.0467817,-0.071055,-0.057496,-0.0821368,5477.99,-1164.02,-3807.5,-0.00051846,0.0420546,-17.6572,3754.64,280.623,1027.2,5.62712e-05,-0.0115112,-15.2978,5633.81,133.265,-2262.48,0.00134709,0.0193283,-17.1738,3869.73,210.758,248.699,0.00192717,-0.0022187,-14.7913
13.429,28.4537,-4.36571,5.00074,-0.62214,-1.32258,-0.385343,-0.49143,-0.0200083,0.00427496,2615.15,1,0.0610665,0,0.5,-0.284904,-0.262425,-0.0112571,0.0115224,-0.0467921,-0.071052,-0.0574973,-0.0821364,5482.78,-1314.78,-3931.38,-0.00173125,0.0449624,-17.6537,3754.96,330.943,1252.69,-4.43055e-05,-0.0144101,-15.2984,5634.41,182.696,-2329.65,0.00178528,0.0199956,-17.1758,3870.44,157.858,274.268,0.00153714,-0.00259462,-14.7896
13.439,28.4844,-4.32408,5.00052,-0.62208,-2.11688,-0.302463,-0.491518,-0.0200081,0.00427515,2614.7,1,0.0610027,0,0.5,-0.284885,-0.262486,-0.0112588,0.0115283,-0.0467754,-0.071049,-0.057497,-0.0821363,5477.65,-1136.7,-3804.21,-0.000253998,0.0418752,-17.6547,3753.66,164.751,1125.74,-0.00143373,-0.012243,-15.2954,5633.43,148.599,-2271.86,0.00147934,0.0194197,-17.175,3870.45,172.648,252.635,0.0016333,-0.00232811,-14.7913
13.449,28.5152,-4.28261,5.00057,-0.62214,-2.33404,-0.217034,-0.491557,-0.0200067,0.00427433,2615.71,1,0.060917,0,0.5,-0.284814,-0.262424,-0.0112591,0.0115243,-0.0467916,-0.071042,-0.0574952,-0.0821376,5482.67,-1239.33,-3674.18,-0.00164816,0.0400657,-17.6516,3750.71,350.977,1033.31,0.000775282,-0.0118102,-15.3023,5633.07,148.247,-2273.94,0.00147694,0.0194424,-17.1753,3870.67,193.423,240.75,0.00178117,-0.00216269,-14.7904
13.459,28.5463,-4.24128,5.00126,-0.622118,-1.81078,-0.612004,-0.491242,-0.0200037,0.00427352,2615.95,1,0.0608491,0,0.5,-0.284588,-0.262334,-0.0112586,0.0115223,-0.0468108,-0.0710348,-0.0574971,-0.0821368,5489.01,-1232.37,-3797.13,-0.00125173,0.0420638,-17.6467,3748.28,341.903,1101.11,0.000494663,-0.0126078,-15.3088,5632.11,110.451,-2200.55,0.00113891,0.0187149,-17.1755,3871.48,206.557,222.603,0.00185539,-0.00195187,-14.7902
13.469,28.5776,-4.20011,5.00009,-0.622617,-3.38472,-0.731078,-0.491666,-0.0200061,0.0042738,2614.99,1,0.0611366,0,0.5,-0.28483,-0.262524,-0.01126,0.0115254,-0.0467817,-0.0710455,-0.0574937,-0.0821399,5477.06,-1155.71,-3592.08,-0.00104695,0.0384343,-17.6683,3750.46,78.4325,974.914,-0.00186605,-0.010153,-15.2914,5632.05,159.21,-2266.74,0.00156953,0.0193684,-17.1737,3871.77,200.059,244.762,0.00183727,-0.00219345,-14.7926
13.479,28.609,-4.15909,5.00159,-0.62259,-2.49808,-1.60107,-0.491919,-0.0200042,0.00427301,2615,1,0.0609798,0,0.5,-0.284903,-0.262416,-0.0112528,0.0115133,-0.0467756,-0.0710571,-0.0574949,-0.0821379,5470.64,-1083.04,-3710.71,1.34415e-05,0.0401167,-17.6657,3753.77,226.233,941.907,-0.000272241,-0.0103462,-15.2986,5631.95,132.188,-2274.22,0.00134019,0.0194548,-17.1736,3871.86,187.733,245.01,0.00174197,-0.00221721,-14.7914
13.489,28.6407,-4.11823,5.0008,-0.622273,-1.88437,-0.236189,-0.491194,-0.0199991,0.00427214,2614.96,1,0.0608754,0,0.5,-0.284848,-0.26246,-0.011258,0.0115215,-0.0467912,-0.0710573,-0.0574978,-0.0821343,5477.7,-1201.68,-3826.4,-0.0008526,0.0425635,-17.6517,3755.09,366.287,1095.97,0.000767973,-0.0125962,-15.297,5631.46,139.465,-2267.3,0.00140054,0.0193835,-17.1755,3872.38,199.405,258.188,0.00185071,-0.0023369,-14.791
13.499,28.6725,-4.07753,5.00059,-0.622606,-2.73142,-0.635241,-0.491626,-0.0199955,0.00427211,2614.83,1,0.0609864,0,0.5,-0.284821,-0.262421,-0.0112564,0.0115226,-0.0467985,-0.0710468,-0.0574991,-0.0821332,5478.37,-1203.75,-3710.07,-0.00119967,0.0405568,-17.6511,3751.94,240.843,1044.21,-0.000408797,-0.0115843,-15.2982,5631.89,177.274,-2316.82,0.00173648,0.0198748,-17.1766,3872.74,200.602,310.379,0.0019257,-0.00289949,-14.7921
13.509,28.7046,-4.03698,5.00072,-0.622426,-2.46772,-0.454668,-0.491797,-0.0199935,0.00427204,2615.03,1,0.0608967,0,0.5,-0.284842,-0.262468,-0.011258,0.0115244,-0.046801,-0.0710443,-0.0575007,-0.0821315,5478.55,-1098.49,-3779.84,6.00671e-05,0.0412704,-17.66,3752.74,241.808,1073.24,-0.000481077,-0.011926,-15.2966,5630.87,148.047,-2263.19,0.00147339,0.0193405,-17.1743,3872.7,172.157,231.728,0.00160222,-0.00210323,-14.7915
13.519,28.7368,-3.99659,5.00103,-0.622113,-2.7059,-0.287092,-0.49128,-0.019992,0.00427182,2614.97,1,0.0606664,0,0.5,-0.284837,-0.262386,-0.0112569,0.0115249,-0.0468096,-0.0710394,-0.0575011,-0.0821312,5481.37,-1071.64,-3775.19,0.000313352,0.0410395,-17.6603,3751.86,419.742,1168.36,0.00113944,-0.0136557,-15.3043,5630.85,192.226,-2254.35,0.00184718,0.0192317,-17.1746,3873.01,131.896,245.659,0.00129224,-0.00233683,-14.7905
13.529,28.7693,-3.95636,5.00057,-0.622714,-2.13963,-0.73154,-0.491865,-0.0199895,0.00427186,2614.88,1,0.0611089,0,0.5,-0.284751,-0.262384,-0.0112568,0.0115244,-0.0468165,-0.0710336,-0.057502,-0.0821294,5483.33,-1212.67,-3897.77,-0.000764954,0.0438368,-17.6512,3749.97,179.82,1190.98,-0.00147175,-0.0130936,-15.2965,5630.66,163.057,-2263.37,0.00160112,0.0193372,-17.1758,3873.01,178.21,252.102,0.00167621,-0.00231015,-14.79
13.539,28.8019,-3.91629,5.00103,-0.621139,-1.54208,-0.394531,-0.49041,-0.019989,0.00427191,2615.19,1,0.0609031,0,0.5,-0.284818,-0.262389,-0.0112562,0.0115213,-0.0468112,-0.0710302,-0.0575037,-0.0821268,5482.6,-1159.26,-3619.25,-0.00100659,0.0388315,-17.6558,3750.51,333.979,1013.88,0.000650588,-0.01153,-15.3021,5630.98,134.069,-2289.47,0.00136094,0.0196136,-17.1756,3872.76,194.18,254.197,0.00180351,-0.0023033,-14.7911
13.549,28.8348,-3.87637,5.00153,-0.620727,-1.06411,-0.448345,-0.490399,-0.0199904,0.00427223,2614.96,1,0.0607903,0,0.5,-0.284933,-0.262445,-0.0112612,0.0115174,-0.0467881,-0.0710486,-0.0575039,-0.0821265,5474.78,-1009.54,-3700.3,0.000712772,0.0395781,-17.6626,3754.69,286.143,1003.35,0.000179036,-0.0112489,-15.2981,5631.3,117.283,-2281.42,0.00121498,0.0195354,-17.1735,3872.02,196.744,248.186,0.00181609,-0.0022352,-14.7913
13.559,28.8678,-3.83663,5.00065,-0.622754,-2.39831,-0.571002,-0.492309,-0.0199849,0.00427195,2614.9,1,0.0609589,0,0.5,-0.284789,-0.262361,-0.0112534,0.0115253,-0.0468051,-0.0710389,-0.0575066,-0.0821227,5479.06,-1034.04,-3858.71,0.00095549,0.0423324,-17.6542,3753.73,182.208,1084.17,-0.00113278,-0.0118262,-15.301,5631.46,135.954,-2276.67,0.00137297,0.0194804,-17.1755,3872.09,195.806,243.319,0.00180278,-0.00218512,-14.7901
13.569,28.9011,-3.79704,5.00066,-0.622,-2.48995,-0.669607,-0.490968,-0.0199886,0.00427201,2615.08,1,0.0609855,0,0.5,-0.284948,-0.262451,-0.0112578,0.011522,-0.0468127,-0.0710423,-0.0575042,-0.0821279,5482.09,-1294.47,-3632.48,-0.00231003,0.0396126,-17.6619,3752.41,306.272,1075.21,0.000192177,-0.01217,-15.2946,5631.17,170.095,-2266.72,0.00166233,0.0193667,-17.1757,3872.48,147.84,259.066,0.0014368,-0.00244859,-14.7922
13.579,28.9345,-3.75762,5.00066,-0.62273,-2.35169,-0.842467,-0.492089,-0.0199897,0.00427258,2614.94,1,0.0610603,0,0.5,-0.285015,-0.262475,-0.0112579,0.0115219,-0.0467843,-0.071057,-0.057505,-0.0821271,5471.91,-1041.01,-3922.47,0.00109455,0.0435863,-17.663,3757.37,113.389,1083.57,-0.00183267,-0.0115228,-15.2957,5631.57,141.668,-2269.32,0.00142022,0.019403,-17.1734,3872.06,194.614,252.093,0.0018054,-0.00228045,-14.7922
13.589,28.9681,-3.71836,5.00057,-0.622243,-2.55838,-0.692467,-0.491181,-0.0199892,0.00427233,2615.26,1,0.0610035,0,0.5,-0.285025,-0.262491,-0.0112577,0.0115229,-0.0468047,-0.0710459,-0.0575052,-0.0821269,5479.36,-1349.32,-3679.01,-0.00274063,0.0406467,-17.6491,3753.22,269.843,1153.35,-0.00041481,-0.01298,-15.2981,5631.64,158.223,-2267.42,0.00156097,0.0193771,-17.1756,3871.99,245.144,257.791,0.00220357,-0.0022618,-14.7911
13.599,29.002,-3.67927,5.00111,-0.622913,-2.30629,-0.946699,-0.492204,-0.0199887,0.00427237,2614.9,1,0.0609135,0,0.5,-0.284869,-0.262419,-0.0112588,0.0115213,-0.0468038,-0.0710488,-0.0575069,-0.0821251,5477.98,-1072.31,-3881.76,0.000643072,0.0429357,-17.658,3754.91,153.498,1063.17,-0.00136624,-0.011463,-15.2997,5632.29,126.948,-2293.71,0.00130008,0.0196546,-17.1744,3871.55,261.75,288.408,0.00237958,-0.00255795,-14.7912
13.609,29.036,-3.64035,5.00049,-0.622027,-2.44047,-0.697051,-0.491061,-0.0199904,0.00427258,2614.92,1,0.0610558,0,0.5,-0.28495,-0.262459,-0.0112576,0.0115246,-0.0468193,-0.0710318,-0.0575056,-0.082127,5485.45,-1383.24,-3617.79,-0.00322772,0.0397002,-17.6512,3749.13,289.77,1130.52,-0.00013926,-0.0127895,-15.2963,5632.14,171.732,-2264.99,0.00167566,0.019345,-17.1762,3871.51,180.87,247.026,0.00169062,-0.00225142,-14.7901
13.619,29.0702,-3.6016,5.00105,-0.622254,-1.87402,-0.459141,-0.491605,-0.0199888,0.00427246,2614.89,1,0.0608288,0,0.5,-0.284635,-0.26238,-0.0112593,0.0115261,-0.0468167,-0.0710312,-0.0575067,-0.0821241,5486.93,-1062.66,-3838.9,0.00059714,0.0420351,-17.6494,3751.32,212.935,1081.01,-0.000804129,-0.0119156,-15.3002,5632.34,130.302,-2269.33,0.00132303,0.0194042,-17.1755,3871.44,188.473,258.982,0.00176626,-0.0023657,-14.7902
13.629,29.1046,-3.56301,5.00026,-0.621853,-1.43378,-0.289854,-0.49122,-0.0199907,0.00427228,2614.97,1,0.0611716,0,0.5,-0.284649,-0.262311,-0.0112582,0.0115229,-0.0468303,-0.0710229,-0.0575048,-0.0821271,5490.67,-1280.37,-3907.18,-0.00144955,0.0442475,-17.6515,3747.33,396.447,1289.28,0.000557719,-0.015128,-15.3023,5632.47,171.913,-2275.81,0.00167959,0.0194542,-17.1763,3871.63,182.32,252.384,0.00170945,-0.00230618,-14.7894
13.639,29.1392,-3.52459,5.00109,-0.623009,-2.93814,-1.68003,-0.492006,-0.0199956,0.00427285,2614.95,1,0.0610541,0,0.5,-0.284871,-0.262551,-0.0112563,0.0115222,-0.0467785,-0.0710568,-0.0575028,-0.0821297,5471.32,-992.572,-3799.18,0.00118526,0.0411887,-17.6719,3754.79,38.9625,1034.41,-0.00242682,-0.0106353,-15.2899,5632.35,139.341,-2268.53,0.00140009,0.0193929,-17.1731,3871.39,203.071,263.491,0.00188734,-0.00238765,-14.7928
13.649,29.1739,-3.48634,5.00076,-0.620884,-1.56547,-0.130069,-0.490401,-0.0199855,0.00427218,2615.85,1,0.0608896,0,0.5,-0.284569,-0.26227,-0.011262,0.0115277,-0.0468185,-0.0710216,-0.0575102,-0.0821226,5486.9,-1416.9,-3650.09,-0.00349612,0.0403594,-17.6302,3749.15,490.11,1250.93,0.00167355,-0.0149168,-15.3162,5632.29,235.433,-2267.7,0.00221811,0.01934,-17.178,3871.98,167.429,224.499,0.00155717,-0.00203515,-14.7878
13.659,29.2089,-3.44826,5.00125,-0.622196,-2.01071,-0.938406,-0.491346,-0.0199916,0.00427272,2615.17,1,0.0608778,0,0.5,-0.284961,-0.262578,-0.0112572,0.0115228,-0.0467678,-0.071056,-0.0575035,-0.0821287,5468.78,-1015.42,-3903.76,0.00129229,0.0431581,-17.6765,3756.3,211.542,1088.37,-0.000835398,-0.0119805,-15.2881,5631.78,136.757,-2275.37,0.00137985,0.0194657,-17.1716,3872.14,213.138,265.953,0.00196875,-0.00239613,-14.7927
13.669,29.244,-3.41036,5.0005,-0.624019,-4.0502,-1.76753,-0.492832,-0.0199769,0.00427124,2613.82,1,0.0611108,0,0.5,-0.284283,-0.262204,-0.011258,0.0115235,-0.0468431,-0.0710188,-0.0575116,-0.0821204,5487.73,-1531.61,-3312.02,-0.00532962,0.0354037,-17.6141,3745.71,-48.6671,851.034,-0.0027179,-0.00821618,-15.3061,5632.07,189.434,-2382.66,0.00185897,0.0205517,-17.1801,3872.37,181.929,233.833,0.00168117,-0.00210825,-14.7886
13.679,29.2794,-3.37262,5.00213,-0.621119,-0.317675,-1.23828,-0.490454,-0.0199826,0.00427248,2615,1,0.0609578,0,0.5,-0.284852,-0.262393,-0.011258,0.0115226,-0.0467987,-0.0710304,-0.0575051,-0.0821257,5476.81,-1018.47,-4039.5,0.00169939,0.045599,-17.6838,3750.94,413.193,1219.62,0.000929438,-0.014283,-15.2972,5630.11,138.29,-2251.33,0.00138735,0.0192261,-17.1724,3873.7,185.849,264.948,0.00175256,-0.00243365,-14.7921
13.689,29.3149,-3.33506,5.0007,-0.623366,-3.71239,-1.46219,-0.492649,-0.0199783,0.00427231,2615.22,1,0.0609496,0,0.5,-0.284755,-0.2625,-0.011258,0.0115239,-0.0467897,-0.0710453,-0.0575091,-0.0821222,5469.86,-993.73,-3642.51,0.000694072,0.0386214,-17.6585,3755.41,43.1482,898.467,-0.00198921,-0.00913583,-15.2967,5630.9,133.152,-2294.43,0.00135372,0.019665,-17.1746,3872.88,201.191,231.784,0.00182669,-0.00205458,-14.7918
13.699,29.3506,-3.29767,5.00005,-0.621165,-2.37157,-0.979339,-0.490034,-0.0199814,0.00427316,2615.04,1,0.0613236,0,0.5,-0.285249,-0.262615,-0.0112576,0.0115239,-0.0467817,-0.0710445,-0.0575065,-0.0821258,5470.36,-1649.52,-3485,-0.00617032,0.0387013,-17.6508,3754.28,376.173,1147.68,0.00073111,-0.0132609,-15.2892,5630.18,195.904,-2269.9,0.00188337,0.0193909,-17.176,3873.97,169.538,281.244,0.00163864,-0.0026438,-14.7918
13.709,29.3865,-3.26047,5.00232,-0.622751,-1.06282,-1.63225,-0.492532,-0.0199719,0.00427293,2614.79,1,0.0608515,0,0.5,-0.284663,-0.262337,-0.0112588,0.0115208,-0.0468057,-0.0710361,-0.0575139,-0.0821158,5474.98,-945.905,-4006.94,0.00235474,0.0446292,-17.6405,3755.99,86.6303,1034.52,-0.00195952,-0.0108481,-15.3066,5630.7,107.421,-2283.73,0.00113048,0.0195639,-17.1747,3873.23,201.683,239.536,0.00184258,-0.00213493,-14.7884
13.719,29.4225,-3.22344,5.00053,-0.621816,-2.41592,-1.02064,-0.490619,-0.0199807,0.0042745,2615.13,1,0.0611187,0,0.5,-0.285349,-0.26272,-0.0112575,0.0115233,-0.0467906,-0.0710377,-0.0575081,-0.0821235,5473.18,-1096.13,-3729.76,-5.48869e-05,0.0404678,-17.6988,3753.97,266.136,1074.79,-0.000229627,-0.012026,-15.2894,5630.52,165.814,-2257.45,0.00162392,0.0192763,-17.1725,3873.22,189.067,259.307,0.00177008,-0.00236708,-14.7942
13.729,29.4588,-3.18659,5.0008,-0.622868,-2.76658,-0.93348,-0.492234,-0.0199753,0.00427435,2615.08,1,0.0608928,0,0.5,-0.284702,-0.262339,-0.0112582,0.0115238,-0.0468298,-0.0710244,-0.0575141,-0.0821171,5485.73,-1209.4,-3674.4,-0.0013458,0.0399114,-17.6265,3752.53,244.03,1019.85,-0.000308273,-0.0113092,-15.3104,5631.46,146.118,-2312.84,0.00146873,0.0198476,-17.1766,3872.42,173.082,247.016,0.00162899,-0.00226555,-14.7878
13.739,29.4952,-3.14991,5.00085,-0.622745,-2.43761,-0.994724,-0.492047,-0.0199863,0.00427651,2615.02,1,0.0609503,0,0.5,-0.285178,-0.262603,-0.0112575,0.011524,-0.0467839,-0.0710446,-0.0575089,-0.0821234,5472.91,-905.23,-3946.74,0.00257424,0.043338,-17.6861,3757.23,265.498,1058.53,-0.000192193,-0.0118214,-15.2925,5631.96,116.436,-2264.76,0.00120394,0.0193634,-17.1719,3871.35,220.324,258.633,0.0020141,-0.00230733,-14.7934
13.749,29.5318,-3.11343,5.00093,-0.623091,-2.38234,-0.872816,-0.492281,-0.0199775,0.00427537,2614.88,1,0.0608842,0,0.5,-0.284442,-0.262176,-0.0112583,0.0115239,-0.046878,-0.070997,-0.057516,-0.0821151,5504.98,-1377.37,-3696.02,-0.00297305,0.0407861,-17.6215,3745.26,358.376,1088.03,0.000704236,-0.0125092,-15.317,5632.43,142.838,-2274.06,0.00143056,0.0194479,-17.1792,3870.78,177.559,232.195,0.00164593,-0.00209939,-14.7871
13.759,29.5686,-3.07711,5.00059,-0.622434,-2.61379,-1.15204,-0.491654,-0.0200041,0.00427882,2614.89,1,0.0610683,0,0.5,-0.285439,-0.262771,-0.0112565,0.0115239,-0.0467488,-0.071066,-0.0575008,-0.0821323,5466.18,-706.488,-3951.47,0.00460119,0.0424866,-17.7203,3759.98,48.8088,1053.49,-0.00238248,-0.0108815,-15.2679,5633.23,118.821,-2252.2,0.00122176,0.0192305,-17.17,3869.2,232.186,245.652,0.00208618,-0.00215539,-14.7956
13.769,29.6056,-3.04098,5.00144,-0.621902,-0.779582,-0.780967,-0.491361,-0.0199916,0.00427709,2614.95,1,0.0609715,0,0.5,-0.284623,-0.262234,-0.0112612,0.0115198,-0.0468325,-0.0710223,-0.0575097,-0.0821208,5494.66,-1432.09,-3757.13,-0.00338213,0.0421873,-17.6153,3750.29,335.342,1064.54,0.000523535,-0.0121397,-15.3251,5633.99,141.015,-2281.97,0.00141645,0.0195237,-17.1796,3869.01,196.527,234.975,0.00179845,-0.0020974,-14.7873
13.779,29.6427,-3.00504,5.00073,-0.622623,-1.99181,-1.20498,-0.491684,-0.0200043,0.00427873,2614.99,1,0.061153,0,0.5,-0.285044,-0.262584,-0.0112566,0.0115242,-0.0467829,-0.0710446,-0.0575023,-0.0821315,5479.23,-1033.29,-3899.17,0.00108868,0.0430443,-17.6804,3754.33,113.815,1123.85,-0.00194839,-0.012002,-15.2845,5633.9,134.384,-2249.82,0.00135349,0.0191989,-17.1733,3868.66,195.625,228.69,0.00178164,-0.00203299,-14.7929
13.789,29.68,-2.96927,5.00061,-0.62274,-2.63833,-0.912123,-0.492092,-0.0200042,0.0042782,2615.14,1,0.0609552,0,0.5,-0.284892,-0.262387,-0.0112576,0.0115248,-0.0467878,-0.0710403,-0.057503,-0.082131,5481.88,-1264.98,-3696.28,-0.00184487,0.0405536,-17.6537,3753.7,423.412,958.022,0.00172207,-0.0110824,-15.3159,5634.32,142.822,-2276.42,0.00143098,0.0194653,-17.1762,3868.31,213.787,241.503,0.00194006,-0.00213925,-14.7889
13.799,29.7175,-2.9337,5.00123,-0.622265,-2.04985,-0.86419,-0.491283,-0.0200011,0.0042772,2614.74,1,0.060812,0,0.5,-0.284417,-0.262236,-0.0112577,0.0115216,-0.0468325,-0.0710125,-0.0575034,-0.0821312,5498.84,-1153.89,-3725.91,-0.000666938,0.0403958,-17.6407,3745.06,238.422,1170.2,-0.000798041,-0.0130954,-15.2983,5632.96,163.13,-2301.03,0.00160488,0.0197143,-17.1768,3869.37,141.863,263.313,0.00138958,-0.00251025,-14.7892
13.809,29.7552,-2.89829,5.00057,-0.62228,-2.3584,-1.19694,-0.491413,-0.0200157,0.00427862,2615.08,1,0.0611211,0,0.5,-0.285215,-0.26268,-0.0112569,0.0115237,-0.046732,-0.0710653,-0.0574936,-0.082142,5465.24,-905.264,-3911.63,0.00244734,0.042795,-17.6996,3757.48,119.048,1059.39,-0.00170175,-0.0112674,-15.2834,5633.59,138.31,-2262.59,0.00138967,0.0193285,-17.1716,3869.47,217.324,262.33,0.00199729,-0.00235226,-14.7941
13.819,29.793,-2.86308,5.00136,-0.623002,-2.7102,-2.13748,-0.491472,-0.0200038,0.00427619,2614.9,1,0.0610444,0,0.5,-0.284681,-0.262324,-0.0112542,0.0115188,-0.0467996,-0.0710365,-0.0574992,-0.0821348,5484.26,-1546.59,-3370.88,-0.00536167,0.0363832,-17.6161,3747.66,231.955,929.746,-0.000182805,-0.0102431,-15.3163,5633.2,232.556,-2300.16,0.00220237,0.0196712,-17.1788,3870.14,37.0157,195.821,0.000402997,-0.00200325,-14.788
13.829,29.8311,-2.82805,5.00086,-0.622729,-2.42861,-1.20076,-0.491853,-0.0200077,0.00427678,2615.07,1,0.0609737,0,0.5,-0.284888,-0.26254,-0.0112573,0.0115233,-0.0467604,-0.0710541,-0.0574954,-0.0821396,5471.8,-969.97,-3880.39,0.0016769,0.0424862,-17.6717,3755.13,155.08,1062.56,-0.00134692,-0.0114615,-15.291,5632.37,126.155,-2260.14,0.00128551,0.0193119,-17.1735,3871.23,205.557,255.445,0.0018962,-0.00229774,-14.7919
13.839,29.8693,-2.79322,5.00097,-0.624056,-2.64362,-1.74978,-0.493207,-0.019992,0.00427469,2615.06,1,0.0610565,0,0.5,-0.284106,-0.26219,-0.0112581,0.0115218,-0.0468474,-0.0710042,-0.0575038,-0.0821305,5495.78,-1168.82,-3693.95,-0.00091009,0.0399596,-17.6374,3743.07,138.671,933.488,-0.00115104,-0.00995895,-15.3204,5632.23,159.707,-2273.51,0.00157526,0.0194366,-17.1781,3870.55,210.134,176.72,0.00180823,-0.00148606,-14.7894
13.849,29.9076,-2.75856,5.00054,-0.621651,-2.25817,-0.845265,-0.490615,-0.0200074,0.00427609,2615.06,1,0.0610248,0,0.5,-0.285057,-0.262619,-0.0112567,0.0115227,-0.0467656,-0.071044,-0.057492,-0.0821436,5473.27,-974.842,-3790.91,0.00133076,0.0409448,-17.7016,3751.14,421.812,1036.79,0.00151043,-0.0120412,-15.2876,5631,146.995,-2254.88,0.00146235,0.0192559,-17.1709,3872.73,189.107,265.267,0.00177798,-0.00243145,-14.7955
13.859,29.9461,-2.7241,5.00083,-0.622656,-2.50087,-1.08841,-0.492205,-0.0199971,0.00427451,2614.98,1,0.060918,0,0.5,-0.284706,-0.262403,-0.0112579,0.0115225,-0.046782,-0.0710479,-0.0574995,-0.0821346,5475.2,-1110.99,-3783.04,-5.71897e-05,0.0414173,-17.6442,3754.78,239.802,1014.91,-0.000337552,-0.0112304,-15.3105,5631.82,137.423,-2285.71,0.00138766,0.019571,-17.1759,3872.15,200.192,235.789,0.00182567,-0.0020985,-14.7906
13.869,29.9848,-2.68983,5.00061,-0.621623,-2.25995,-1.0723,-0.490553,-0.0199973,0.00427479,2615.79,1,0.061071,0,0.5,-0.285055,-0.262539,-0.0112575,0.0115229,-0.0467763,-0.0710436,-0.0574985,-0.0821365,5473.86,-1392.02,-3664.13,-0.00321741,0.0406305,-17.658,3752.05,363.836,1177.46,0.000517485,-0.0135979,-15.2932,5631.12,169.908,-2253.51,0.00165717,0.0192324,-17.1733,3873.11,162.47,261.854,0.00156062,-0.00244735,-14.7915
13.879,30.0237,-2.65574,5.00089,-0.622784,-2.24727,-1.16343,-0.492189,-0.0199904,0.00427415,2615,1,0.060967,0,0.5,-0.284797,-0.262439,-0.0112581,0.0115234,-0.0467808,-0.0710484,-0.0575026,-0.0821306,5472.71,-1124.97,-3866.29,5.24441e-05,0.0429701,-17.6439,3756.35,140.463,1054.72,-0.00147344,-0.0113076,-15.302,5631.13,116.106,-2279.4,0.00120385,0.0195157,-17.1754,3873.03,212.856,248.267,0.00194132,-0.00220908,-14.7906
13.889,30.0627,-2.62186,5.00098,-0.622312,-2.09904,-1.03342,-0.491253,-0.019984,0.00427378,2614.49,1,0.0609276,0,0.5,-0.28466,-0.262326,-0.0112572,0.0115234,-0.0468277,-0.0710137,-0.0575048,-0.0821279,5488.5,-1314.53,-3673.69,-0.0024087,0.0403151,-17.6464,3747.2,342.36,1067.95,0.000592948,-0.0122121,-15.3064,5630.34,163.286,-2264.93,0.00160366,0.0193542,-17.1759,3873.99,173.274,245.708,0.00162858,-0.00225026,-14.791
13.899,30.1019,-2.58816,5.00076,-0.623125,-3.37815,-1.73437,-0.49194,-0.0199895,0.00427456,2615.1,1,0.060943,0,0.5,-0.284929,-0.262554,-0.0112569,0.0115236,-0.0467908,-0.07104,-0.0575012,-0.0821314,5474.11,-1029.75,-3666.21,0.000405488,0.0391187,-17.6708,3752.96,226.308,933.027,-0.000244926,-0.0102474,-15.2928,5629.4,95.3172,-2183.9,0.00100766,0.018561,-17.1739,3872.69,167.556,175.156,0.00148761,-0.00151939,-14.7934
13.909,30.1413,-2.55465,5.00093,-0.622297,-2.01969,-1.21898,-0.491348,-0.0199853,0.00427428,2615.01,1,0.0610202,0,0.5,-0.284815,-0.26236,-0.0112612,0.0115199,-0.0468102,-0.0710306,-0.0575045,-0.0821272,5482.43,-1246.47,-3740.99,-0.00154548,0.0412263,-17.6469,3751.19,281.878,1094.96,-0.000122076,-0.0123288,-15.3057,5630.55,156.264,-2267.87,0.00154481,0.0193863,-17.1761,3873.1,180.839,246.968,0.00169,-0.00225,-14.7904
13.919,30.1808,-2.52134,5.00092,-0.623001,-2.40527,-1.45432,-0.492356,-0.0199857,0.004275,2615,1,0.0610061,0,0.5,-0.28494,-0.262539,-0.0112576,0.0115223,-0.0467883,-0.0710407,-0.0575055,-0.0821255,5474.61,-1039.74,-3859.56,0.000906318,0.0424233,-17.6662,3755.54,247.832,989.19,-0.000182209,-0.0109572,-15.3012,5631.03,135.684,-2271.8,0.00136989,0.0194322,-17.1739,3872.5,199.804,248.473,0.00184043,-0.00223277,-14.7916
13.929,30.2205,-2.48823,5.00063,-0.621958,-3.03322,-1.41463,-0.491363,-0.0199821,0.00427472,2615.69,1,0.0609737,0,0.5,-0.284867,-0.262406,-0.0112473,0.0115307,-0.0468197,-0.0710176,-0.0575084,-0.082122,5485.78,-1326.3,-3292.41,-0.00342347,0.0344427,-17.6452,3748.57,230.745,956.044,-0.000266072,-0.0105376,-15.3015,5631.49,175.714,-2283.51,0.00171455,0.0195347,-17.1764,3872.03,166.025,232.743,0.0015545,-0.00212589,-14.7896
13.939,30.2604,-2.45531,5.0011,-0.622528,-1.43782,-0.904783,-0.491625,-0.0199864,0.00427524,2614.55,1,0.0609585,0,0.5,-0.284852,-0.262436,-0.0112575,0.0115222,-0.0467974,-0.0710372,-0.0575068,-0.0821243,5479.7,-1075.87,-4071.9,0.00120919,0.046493,-17.6615,3754.35,290.079,1230.82,-0.000421762,-0.0139938,-15.2918,5631.27,135.654,-2233.4,0.00136061,0.0190411,-17.1741,3871.89,121.883,221.439,0.0011868,-0.00209528,-14.791
13.949,30.3004,-2.42259,5.00082,-0.622045,-2.38888,-1.1634,-0.491171,-0.0199847,0.00427499,2615.06,1,0.0609454,0,0.5,-0.28482,-0.262398,-0.0112575,0.0115241,-0.0468129,-0.0710316,-0.0575088,-0.082124,5484.18,-1323.19,-3669.77,-0.00250641,0.0403304,-17.6456,3752.43,327.673,1113.23,0.000311287,-0.0126956,-15.3031,5631.5,166.635,-2263.87,0.00163175,0.0193379,-17.1763,3872.03,165.184,249.55,0.00156924,-0.00230869,-14.7909
13.959,30.3405,-2.39006,5.00109,-0.623188,-2.37826,-1.7432,-0.492369,-0.0199856,0.00427554,2614.89,1,0.0610119,0,0.5,-0.284894,-0.262469,-0.0112588,0.011522,-0.0467894,-0.0710429,-0.0575094,-0.0821244,5474.07,-1054.66,-3881.56,0.000818465,0.0428912,-17.6655,3756.69,257.132,1025.02,-0.000184395,-0.0114017,-15.3026,5631.77,138.199,-2275.9,0.00139184,0.0194706,-17.1738,3871.81,171.451,236.772,0.00160381,-0.00215894,-14.7918
13.969,30.3809,-2.35774,5.00128,-0.623133,-1.62518,-0.979912,-0.492049,-0.0199758,0.00427398,2615.07,1,0.0608531,0,0.5,-0.284303,-0.262151,-0.0112576,0.0115229,-0.0468572,-0.0710041,-0.0575144,-0.0821193,5498.04,-1296.81,-3909.91,-0.00161368,0.0442881,-17.6334,3746.75,379.049,1204.83,0.000606464,-0.0140064,-15.3074,5631.02,128.105,-2266.58,0.00130291,0.0193815,-17.1779,3872.54,207.171,259.603,0.00191362,-0.00233846,-14.7903
13.979,30.4214,-2.3256,5.00083,-0.621809,-2.31306,-1.64545,-0.490638,-0.0199935,0.00427608,2615.18,1,0.0611028,0,0.5,-0.285275,-0.262728,-0.0112568,0.0115232,-0.0467513,-0.0710582,-0.0575018,-0.0821326,5464.58,-1045.28,-3761.91,0.000544473,0.0408684,-17.7035,3757.58,196.673,1064.89,-0.000922432,-0.0116451,-15.2767,5630.72,145.092,-2233.6,0.00144187,0.0190415,-17.1706,3872.29,213.098,258.891,0.00195767,-0.00232115,-14.796
13.989,30.462,-2.29367,5.00098,-0.624023,-2.58675,-1.84347,-0.493371,-0.0199746,0.00427406,2615.09,1,0.0610166,0,0.5,-0.284363,-0.2622,-0.0112582,0.0115246,-0.0468196,-0.0710234,-0.057516,-0.0821164,5482.11,-1254.88,-3840.34,-0.00136458,0.0430076,-17.619,3752.55,148.954,985.515,-0.0011906,-0.010562,-15.3192,5631.73,136.678,-2287.59,0.00138146,0.0195908,-17.178,3872,199.464,233.39,0.00181754,-0.00207454,-14.7868
13.999,30.5028,-2.26193,5.00076,-0.620855,-2.21461,-1.00066,-0.489468,-0.0199931,0.00427567,2615.39,1,0.0609419,0,0.5,-0.285579,-0.262857,-0.0112576,0.0115245,-0.0467503,-0.0710575,-0.0575019,-0.0821326,5463.79,-1349.39,-3625.72,-0.00287816,0.039913,-17.71,3756.51,416.101,1130.02,0.00120678,-0.0131525,-15.2674,5630.6,195.897,-2245.61,0.00187621,0.0191418,-17.1715,3872.2,136.697,271.865,0.00135358,-0.00261425,-14.7967
14.009,30.5438,-2.23041,5.00156,-0.623406,-1.62838,-1.52778,-0.493508,-0.0199717,0.00427339,2614.57,1,0.0608967,0,0.5,-0.284324,-0.26221,-0.0112588,0.0115234,-0.0468187,-0.0710331,-0.0575182,-0.0821136,5478.72,-1087.42,-3921.88,0.00060154,0.0437247,-17.6134,3756.26,101.958,941.404,-0.00153755,-0.00986382,-15.3261,5631.24,121.401,-2294.38,0.00125119,0.0196669,-17.1794,3871.69,176.285,201.429,0.00159415,-0.00177735,-14.7867
14.019,30.5849,-2.19907,5.00047,-0.620748,-2.13089,-1.24873,-0.489231,-0.019984,0.00427454,2615.25,1,0.061164,0,0.5,-0.285249,-0.262662,-0.0112584,0.0115238,-0.046803,-0.0710289,-0.0575074,-0.0821271,5479.86,-1552.11,-3475.26,-0.00522001,0.0380893,-17.6865,3749.46,441.2,1198.27,0.00129158,-0.0141032,-15.2803,5630.67,211.866,-2241.3,0.00201124,0.0190895,-17.1754,3873.12,159.9,268.446,0.00154566,-0.00252477,-14.7946
14.029,30.6262,-2.16794,5.00161,-0.623242,-2.09318,-1.66423,-0.49318,-0.0199796,0.0042739,2614.78,1,0.0608,0,0.5,-0.284739,-0.262519,-0.0112566,0.0115209,-0.0467858,-0.0710585,-0.0575124,-0.0821202,5468.98,-783.669,-3995.65,0.00398306,0.0436529,-17.6548,3760.54,50.58,950.203,-0.00206661,-0.00972724,-15.3027,5631.51,93.2607,-2286.85,0.00100985,0.0195965,-17.1742,3871.92,200.864,237.079,0.00183314,-0.00211108,-14.7896
14.039,30.6676,-2.13703,5.00064,-0.621603,-2.01156,-0.962455,-0.490564,-0.0199667,0.00427224,2615.2,1,0.0610199,0,0.5,-0.284176,-0.262043,-0.0112606,0.0115242,-0.0469015,-0.0709769,-0.0575173,-0.0821158,5510.6,-1714.44,-3412.22,-0.00689401,0.0373726,-17.6141,3739.83,659.7,1224.66,0.00356332,-0.0150432,-15.3235,5630.55,202.262,-2288.69,0.00194231,0.0195789,-17.1776,3873.28,147.966,216.16,0.0013914,-0.00198237,-14.7883
14.049,30.7092,-2.1063,5.00048,-0.622118,-2.50239,-1.59546,-0.491291,-0.01999,0.00427493,2615.1,1,0.0611385,0,0.5,-0.285243,-0.262715,-0.0112578,0.0115246,-0.0467451,-0.0710607,-0.0575035,-0.08213,5459.64,-783.239,-3939.86,0.00378332,0.0427476,-17.7096,3758.49,-125.514,1168.92,-0.00439165,-0.0113662,-15.2614,5630.89,103.901,-2264.81,0.00109789,0.0193712,-17.1695,3872.31,262.12,254.488,0.00232617,-0.00220594,-14.7976
14.059,30.7509,-2.07579,5.00136,-0.622028,-1.45039,-0.656321,-0.491339,-0.0199705,0.00427258,2614.97,1,0.0607442,0,0.5,-0.284468,-0.262187,-0.0112622,0.0115244,-0.0468286,-0.0710124,-0.0575211,-0.0821152,5485.51,-1302.97,-3833.22,-0.0018828,0.0430633,-17.6178,3749.85,442.35,1113.94,0.00152109,-0.0130472,-15.3296,5631.39,144.881,-2267.37,0.00144642,0.0193826,-17.1795,3872.46,142.88,245.64,0.00138442,-0.00231267,-14.7879
14.069,30.7928,-2.04547,5.00116,-0.621743,-1.84231,-1.40222,-0.491015,-0.0199826,0.00427379,2615.19,1,0.0609571,0,0.5,-0.285092,-0.262612,-0.0112579,0.0115234,-0.0467702,-0.0710464,-0.0575106,-0.0821225,5466.04,-965.458,-3925.01,0.00187548,0.0433258,-17.6896,3756.28,276.476,1190.55,-0.000451892,-0.0134435,-15.2834,5631.2,129.998,-2235.64,0.00131318,0.0190659,-17.1718,3872.09,205.144,253.608,0.00188911,-0.00227846,-14.7948
14.079,30.8348,-2.01538,5.00119,-0.622573,-1.82764,-1.42175,-0.492047,-0.0199716,0.00427222,2614.97,1,0.0609487,0,0.5,-0.284504,-0.262247,-0.0112589,0.0115237,-0.0468376,-0.0710184,-0.0575168,-0.0821147,5487.03,-1150.7,-3780.95,-0.000467641,0.0414361,-17.6326,3750.83,270.827,1092.14,-0.000232947,-0.0122585,-15.3148,5631.49,160.31,-2283.08,0.00158145,0.0195368,-17.1772,3872.15,206.57,252.531,0.00189756,-0.00226464,-14.7883
14.089,30.8769,-1.98548,5.00071,-0.621972,-2.49206,-1.53691,-0.490859,-0.0199842,0.00427379,2615.14,1,0.0610214,0,0.5,-0.285126,-0.262587,-0.0112569,0.0115245,-0.0467948,-0.0710353,-0.0575084,-0.0821248,5475.23,-1095.94,-3661.67,-0.000258564,0.0393212,-17.6852,3751.86,241.965,1060.54,-0.000441133,-0.0117799,-15.285,5631.28,158.913,-2258.21,0.00156519,0.0192842,-17.173,3872.32,185.2,259.105,0.00173931,-0.00237267,-14.7937
14.099,30.9193,-1.95579,5.00159,-0.622769,-0.819733,-0.981108,-0.49216,-0.0199797,0.00427298,2615.31,1,0.060905,0,0.5,-0.28466,-0.262368,-0.0112544,0.0115238,-0.0468212,-0.0710351,-0.0575139,-0.0821181,5484.44,-1164.58,-4060.13,0.000235827,0.0466669,-17.6372,3753.25,172.631,1148.45,-0.00141911,-0.0125452,-15.3056,5632.11,174.399,-2322.29,0.00171312,0.0199316,-17.1755,3871.8,208.114,280.458,0.00194967,-0.00256043,-14.7902
14.109,30.9617,-1.92631,5.0005,-0.622678,-2.56003,-1.7241,-0.4913,-0.0199855,0.004274,2615.13,1,0.061135,0,0.5,-0.284966,-0.262443,-0.0112591,0.0115222,-0.0468133,-0.0710227,-0.0575086,-0.0821237,5482.73,-1248.96,-3697.22,-0.00168864,0.0404919,-17.6653,3747.85,239.49,1091.85,-0.000557123,-0.0121532,-15.2955,5631.74,176.744,-2268.44,0.00171858,0.0193794,-17.1737,3871.56,194.583,256.608,0.00181061,-0.00232901,-14.7932
14.119,31.0043,-1.89704,5.00089,-0.623237,-3.68685,-2.12208,-0.492504,-0.0199881,0.00427413,2615.01,1,0.0607826,0,0.5,-0.28484,-0.262469,-0.0112567,0.0115248,-0.0467971,-0.0710434,-0.057509,-0.0821236,5476.13,-998.301,-3615.09,0.000566382,0.0381472,-17.6555,3753.96,150.959,1016.73,-0.00125716,-0.0109213,-15.2956,5632.56,150.43,-2274.91,0.00149578,0.0194533,-17.1748,3870.55,170.067,238.089,0.00159479,-0.00217633,-14.7919
14.129,31.0471,-1.86799,5.00035,-0.624541,-4.40923,-2.82781,-0.493158,-0.0199822,0.00427404,2614.97,1,0.0610263,0,0.5,-0.284639,-0.262288,-0.0112551,0.0115268,-0.0468321,-0.0710125,-0.0575133,-0.0821198,5487.02,-1088.06,-3503.18,-0.000628129,0.0366864,-17.6482,3746.29,96.0312,930.957,-0.00156814,-0.00974803,-15.3066,5632.87,161.91,-2290.14,0.00159753,0.0196035,-17.1763,3870.63,183.311,228.165,0.00168512,-0.00204667,-14.7899
14.139,31.09,-1.83913,5.00072,-0.62198,-2.71873,-1.65542,-0.490697,-0.0199951,0.00427506,2615.06,1,0.0609621,0,0.5,-0.285109,-0.262607,-0.0112572,0.0115237,-0.0467855,-0.0710429,-0.0575039,-0.08213,5476.12,-1301.48,-3528.63,-0.00263995,0.0380208,-17.6723,3751.8,265.498,1057.73,-0.000184203,-0.0118292,-15.2812,5632.28,155.37,-2248.12,0.00153222,0.0191795,-17.1735,3870.79,190.158,254.319,0.00177285,-0.00231293,-14.7944
14.149,31.133,-1.81049,5.00115,-0.623104,-1.99479,-1.44996,-0.49272,-0.0199865,0.00427447,2614.94,1,0.0608998,0,0.5,-0.284601,-0.26235,-0.0112576,0.0115241,-0.0468028,-0.0710379,-0.0575107,-0.0821224,5480.23,-1030.68,-3917.23,0.00117345,0.0433455,-17.6413,3754.58,137.819,1037.57,-0.00145317,-0.0111049,-15.3092,5632.47,123.438,-2287.75,0.00126737,0.0195941,-17.1761,3870.9,199.895,238.774,0.00182897,-0.00213098,-14.7895
14.159,31.1762,-1.78206,5.00099,-0.621492,-1.74063,-1.38814,-0.490526,-0.0199931,0.0042752,2615.2,1,0.061033,0,0.5,-0.285061,-0.262524,-0.0112582,0.0115188,-0.0467862,-0.0710408,-0.0575047,-0.0821286,5476.58,-1239.21,-3689.63,-0.00161121,0.0403855,-17.677,3752.6,342.525,1106.89,0.000486779,-0.0126652,-15.2917,5632.32,171.914,-2273.31,0.00167958,0.0194291,-17.1739,3871.3,125.468,238.269,0.00123101,-0.00227136,-14.7933
14.169,31.2195,-1.75385,5.00133,-0.622914,-1.33117,-1.70949,-0.492262,-0.0199883,0.0042748,2614.95,1,0.0610814,0,0.5,-0.284687,-0.262394,-0.0112579,0.0115238,-0.0467929,-0.071043,-0.0575081,-0.0821251,5477.45,-1181.86,-3989.47,-0.000168064,0.0454719,-17.6415,3755.56,88.5245,1126.61,-0.00221292,-0.0119188,-15.3022,5631.96,131.382,-2260.28,0.00132962,0.019313,-17.178,3871.56,220.126,253.144,0.0020057,-0.00224978,-14.787
14.179,31.263,-1.72585,5.00094,-0.622019,-2.08841,-1.25282,-0.49105,-0.0199875,0.00427486,2615.07,1,0.0609059,0,0.5,-0.284727,-0.262374,-0.0112585,0.0115229,-0.0468151,-0.071024,-0.057508,-0.0821259,5485.93,-1219.6,-3723.25,-0.00132844,0.0407702,-17.6624,3750.1,364.607,1100.43,0.000738573,-0.0126623,-15.304,5631.7,158.511,-2261.63,0.00156155,0.0193177,-17.1759,3872.17,152.887,251.594,0.00147242,-0.00235627,-14.7911
14.189,31.3065,-1.69806,5.0018,-0.621647,-1.20292,-1.31023,-0.491168,-0.0199909,0.00427522,2615.16,1,0.0608026,0,0.5,-0.284761,-0.262424,-0.0112627,0.0115173,-0.046799,-0.0710339,-0.0575049,-0.0821293,5481.21,-1061.45,-3762.8,0.000374371,0.0407848,-17.6591,3751.74,211.001,1061.9,-0.000768449,-0.0116832,-15.2951,5632,132.355,-2276.85,0.00134231,0.0194815,-17.1743,3871.85,189.79,248.648,0.00176284,-0.00225237,-14.7919
14.199,31.3503,-1.67049,5.00128,-0.621133,-2.19321,0.417366,-0.491126,-0.0199874,0.00427538,2615.55,1,0.0602205,0,0.5,-0.284644,-0.262329,-0.0112578,0.0115218,-0.0468032,-0.0710244,-0.0575088,-0.082125,5484.33,-613.22,-3945.17,0.00545969,0.0417059,-17.6607,3751.67,499.294,1197.8,0.00190779,-0.0142495,-15.3077,5632,-12.2509,-2269.34,0.000103188,0.0194273,-17.1774,3872.08,383.576,294.763,0.00332802,-0.00249242,-14.7915
14.209,31.3941,-1.64313,5.00069,-0.622007,-1.99759,-1.65599,-0.491158,-0.0199917,0.00427584,2614.48,1,0.0611378,0,0.5,-0.284818,-0.262445,-0.0112587,0.0115241,-0.0467919,-0.0710355,-0.0575043,-0.0821305,5478.5,-1249.64,-3698.29,-0.00169637,0.0405554,-17.6577,3752.12,194.105,1136.95,-0.00116316,-0.0124998,-15.2916,5631.14,162.241,-2243.26,0.00158823,0.0191313,-17.1756,3872.31,34.0425,228.761,0.000380926,-0.00235944,-14.792
14.219,31.4381,-1.61599,5.00177,-0.622673,-1.19847,-2.29159,-0.491573,-0.0199884,0.00427537,2614.95,1,0.0610967,0,0.5,-0.284611,-0.262331,-0.0112564,0.0115181,-0.0468098,-0.071031,-0.0575066,-0.0821268,5481.41,-1116.13,-3789.02,-0.000103266,0.0414775,-17.6457,3748.69,136.103,978.989,-0.00130719,-0.0104469,-15.301,5630.36,81.2533,-2170.2,0.000884258,0.0184241,-17.1761,3871.94,212.077,230.439,0.0019105,-0.00202481,-14.7911
14.229,31.4822,-1.58906,5.00094,-0.6221,-1.6739,-1.72463,-0.491202,-0.0199937,0.0042763,2615.09,1,0.0611413,0,0.5,-0.284943,-0.262498,-0.011256,0.0115216,-0.0467819,-0.0710404,-0.0575019,-0.0821295,5475.5,-1127.77,-3761.64,-0.00029035,0.0411242,-17.6701,3753.09,153.625,1087.19,-0.00143479,-0.0117478,-15.2907,5631.65,132.103,-2255.92,0.00133581,0.0192695,-17.1737,3871.72,233.1,250.389,0.00210004,-0.00220187,-14.7928
14.239,31.5265,-1.56236,5.00096,-0.622736,-2.67154,-1.61799,-0.49206,-0.0199894,0.00427585,2615.08,1,0.0608018,0,0.5,-0.284652,-0.262354,-0.0112581,0.0115232,-0.0468093,-0.0710313,-0.0575068,-0.0821267,5483.67,-1131.15,-3690.86,-0.000528996,0.039868,-17.6439,3752.4,305.096,1093.85,0.000124624,-0.0123892,-15.3068,5632.2,126.1,-2279.73,0.0012896,0.0195123,-17.1761,3871.22,198.661,236.437,0.00181497,-0.00210823,-14.7901
14.249,31.5709,-1.53587,5.00089,-0.622025,-1.96029,-1.63745,-0.490931,-0.0199961,0.00427678,2615.09,1,0.0610429,0,0.5,-0.285052,-0.262545,-0.011258,0.0115224,-0.0467851,-0.0710409,-0.0575029,-0.082132,5477.72,-1240.96,-3711.97,-0.0015676,0.0407579,-17.6696,3753.37,225.947,1118.56,-0.000774004,-0.0124011,-15.2899,5632.01,163.03,-2260.69,0.00160048,0.0193052,-17.1748,3871.47,176.214,252.832,0.00166101,-0.00232272,-14.7923
14.259,31.6154,-1.5096,5.00109,-0.622788,-2.07275,-1.51003,-0.492111,-0.0199928,0.00427644,2616.12,1,0.0608748,0,0.5,-0.284745,-0.262396,-0.0112579,0.0115232,-0.0467997,-0.0710382,-0.0575061,-0.0821281,5481.69,-1156.43,-3817.87,-0.000415369,0.0421605,-17.643,3753.77,231.648,1091.34,-0.000639392,-0.0120991,-15.3053,5632.5,143.513,-2277.8,0.00143765,0.0194856,-17.1769,3870.98,205.085,247.862,0.00188141,-0.00221835,-14.7907
14.269,31.6601,-1.48355,5.0006,-0.622213,-2.07435,-1.4192,-0.491345,-0.0199981,0.00427726,2615.13,1,0.0610573,0,0.5,-0.285061,-0.262548,-0.0112555,0.0115255,-0.046783,-0.0710381,-0.057503,-0.0821319,5477.62,-1182.68,-3738.99,-0.000905541,0.040962,-17.6693,3753.27,222.381,1099.49,-0.000757724,-0.0121624,-15.2921,5632.62,177.398,-2274.62,0.00172623,0.0194391,-17.1734,3870.87,228.187,263.112,0.00208171,-0.00234252,-14.79
14.279,31.7048,-1.45772,5.00158,-0.621965,-0.755697,-1.08486,-0.491427,-0.0199945,0.00427659,2614.99,1,0.0609215,0,0.5,-0.284672,-0.262361,-0.011259,0.0115205,-0.0468113,-0.0710272,-0.0575068,-0.0821284,5486.64,-1172.68,-3872.4,-0.000426161,0.0431485,-17.6405,3751.16,250.684,1095.75,-0.000453048,-0.0122291,-15.3072,5632.27,119.558,-2236.43,0.00122353,0.0190736,-17.1768,3870.46,179.251,222.783,0.00164686,-0.00199681,-14.7905
14.289,31.7497,-1.43211,5.00094,-0.621854,-1.68829,-1.24099,-0.491012,-0.0200034,0.00427742,2614.98,1,0.0609683,0,0.5,-0.285028,-0.262501,-0.0112576,0.0115226,-0.0467815,-0.0710429,-0.0575012,-0.0821348,5478.75,-1180.99,-3760.52,-0.000827108,0.0413102,-17.6754,3752.77,393.299,1119.02,0.000991533,-0.0129648,-15.2893,5633.33,108.857,-2269.4,0.00114006,0.019408,-17.1748,3868.92,223.075,283.793,0.0020698,-0.00257157,-14.7926
14.299,31.7948,-1.40672,5.00085,-0.622715,-3.13581,-2.15599,-0.492418,-0.0200003,0.00427697,2616,1,0.0608432,0,0.5,-0.284756,-0.262377,-0.0112521,0.0115275,-0.0467994,-0.0710334,-0.0575036,-0.0821327,5482.4,-1056.98,-3352.17,-0.000734161,0.0343735,-17.6408,3749.17,113.522,917.169,-0.00135385,-0.00965939,-15.3014,5634.29,127.32,-2312.52,0.00130752,0.0198403,-17.1768,3868.79,191.932,201.517,0.00171168,-0.00175658,-14.7922
14.309,31.8399,-1.38156,5.00096,-0.622197,-2.84333,-2.05277,-0.491732,-0.0199983,0.00427714,2615.07,1,0.0608473,0,0.5,-0.284657,-0.262328,-0.0112497,0.01153,-0.0468035,-0.0710181,-0.0575045,-0.0821314,5484.65,-1060.62,-3314.68,-0.000873004,0.0338342,-17.6551,3746.03,237.083,895.587,-3.49077e-05,-0.00987478,-15.3014,5633.39,132.3,-2283.98,0.00134358,0.0195494,-17.1758,3869.63,170.319,210.488,0.00155971,-0.00188268,-14.7904
14.319,31.8852,-1.35662,5.0012,-0.62188,-0.696806,-0.573257,-0.490926,-0.0199983,0.00427663,2615.13,1,0.0609428,0,0.5,-0.284624,-0.26236,-0.0112577,0.0115207,-0.0468144,-0.0710155,-0.0575032,-0.0821326,5492.12,-1313.75,-3888.84,-0.00184201,0.0440507,-17.6527,3746.51,331.802,1152.19,0.000250872,-0.0132035,-15.2963,5632.58,136.097,-2254.95,0.00136974,0.019255,-17.1762,3871.45,190.035,254.01,0.00177276,-0.00230948,-14.7912
14.329,31.9306,-1.33189,5.00111,-0.62232,-0.62638,-1.16783,-0.491323,-0.0200025,0.00427662,2615.14,1,0.0611706,0,0.5,-0.284864,-0.26248,-0.0112573,0.0115225,-0.0467788,-0.0710455,-0.0574989,-0.0821381,5477.47,-1207.66,-4019.51,-0.000356313,0.0461837,-17.6672,3753.22,193.706,1100.05,-0.00105483,-0.012059,-15.2948,5632.01,121.385,-2258.45,0.00124469,0.0192975,-17.1738,3871.41,236.171,256.217,0.00213275,-0.00225825,-14.7948
14.339,31.9761,-1.30739,5.00151,-0.621626,-1.79171,-1.0207,-0.491403,-0.0199927,0.00427566,2615.08,1,0.060621,0,0.5,-0.284589,-0.262304,-0.0112578,0.011524,-0.0467942,-0.0710332,-0.0575043,-0.0821317,5481.47,-1047.59,-3710.28,0.000355535,0.0398445,-17.6504,3752.14,430.418,1101.88,0.00142686,-0.0128584,-15.3114,5630.95,137.526,-2308.42,0.00139107,0.0198069,-17.1757,3871.82,149.027,243.894,0.0014314,-0.00228079,-14.7905
14.349,32.0218,-1.28312,5.00086,-0.622905,-3.87978,-2.54973,-0.492219,-0.0199893,0.00427466,2615.13,1,0.0606884,0,0.5,-0.28453,-0.262344,-0.0112584,0.0115296,-0.046808,-0.0710326,-0.0574991,-0.0821337,5481.23,-914.513,-3289.57,0.00041827,0.0329652,-17.6608,3749.59,320.24,845.829,0.000952671,-0.00953024,-15.3008,5631.56,135.996,-2303.57,0.00137996,0.0197554,-17.1758,3872.44,158.602,233.673,0.00149691,-0.0021501,-14.7896
14.359,32.0675,-1.25906,5.00131,-0.622137,-1.19993,-1.61957,-0.491116,-0.0199862,0.00427439,2615.08,1,0.0610385,0,0.5,-0.284672,-0.2624,-0.011257,0.0115216,-0.0468004,-0.0710361,-0.0575051,-0.0821307,5480.4,-1177.88,-3856.46,-0.000533544,0.0429572,-17.6623,3752.67,232.613,1146.7,-0.000787119,-0.0127641,-15.2944,5630.31,145.386,-2266.57,0.00145154,0.019378,-17.1744,3873.85,210.647,265.609,0.00194838,-0.00239569,-14.7934
14.369,32.1134,-1.23523,5.00066,-0.622136,-1.4609,-1.3307,-0.491498,-0.0199845,0.00427478,2615.03,1,0.061139,0,0.5,-0.284928,-0.262528,-0.0112582,0.011523,-0.0467621,-0.0710494,-0.0575059,-0.0821303,5466.09,-1206.74,-3900.19,-0.000694317,0.0440551,-17.6643,3757.68,92.4467,1116.16,-0.00213754,-0.0118076,-15.289,5630.43,159.597,-2278.1,0.00157593,0.0194898,-17.1742,3873.75,220.746,254.942,0.00201108,-0.00226652,-14.794
14.379,32.1594,-1.21164,5.00092,-0.622211,-2.50019,-1.15858,-0.491819,-0.0199686,0.0042731,2614.99,1,0.060673,0,0.5,-0.284288,-0.262157,-0.0112609,0.0115269,-0.0468338,-0.0710052,-0.0575149,-0.0821196,5486.56,-1263.3,-3552,-0.00221265,0.0381405,-17.6248,3747.94,351.677,1057.28,0.000717014,-0.0121086,-15.3132,5630.56,290.278,-2325.35,0.00270343,0.0199054,-17.1786,3873.93,103.673,199.226,0.00101341,-0.00189358,-14.7884
14.389,32.2054,-1.18823,5.0006,-0.623198,-4.64356,-2.4966,-0.492762,-0.0199944,0.00427653,2615.48,1,0.0605075,0,0.5,-0.2861,-0.263152,-0.0112596,0.011526,-0.046645,-0.0711104,-0.0575001,-0.0821356,5421.18,151.591,-3730.27,0.0118047,0.034888,-17.7972,3770.85,67.202,354.948,-0.000270485,-0.00358218,-15.274,5632.49,32.178,-2348.04,0.000499121,0.0202313,-17.1644,3870.55,346.64,202.312,0.002879,-0.00163743,-14.8012
14.399,32.2517,-1.1651,5.00103,-0.623604,-3.42946,-3.16528,-0.491773,-0.0199576,0.00427298,2615.1,1,0.060885,0,0.5,-0.284429,-0.26218,-0.0112637,0.0115217,-0.0468618,-0.0709898,-0.0575222,-0.0821087,5491.24,-2077.43,-2904.24,-0.0109005,0.0310734,-17.5553,3740.58,678.935,687.562,0.004691,-0.00826628,-15.3592,5630.42,201.261,-2274.15,0.00192909,0.0194308,-17.1831,3873.11,81.5966,177.718,0.000810585,-0.00171116,-14.7797
14.409,32.298,-1.14216,5.00105,-0.622526,-1.85417,-1.98635,-0.491853,-0.0199751,0.00427608,2615.08,1,0.0610264,0,0.5,-0.285207,-0.262716,-0.0112582,0.0115237,-0.0467677,-0.0710464,-0.0575107,-0.082123,5462.95,-703.765,-3976.84,0.00473052,0.0429636,-17.7055,3758.77,-1.69565,994.506,-0.00269596,-0.00998448,-15.2708,5629.4,100.889,-2271.01,0.00107271,0.0194404,-17.1687,3873.9,231.443,262.399,0.00210404,-0.00232836,-14.796
14.419,32.3445,-1.11948,5.00069,-0.622898,-2.73072,-1.85942,-0.492076,-0.0199646,0.00427494,2615.08,1,0.0608799,0,0.5,-0.284665,-0.262275,-0.0112594,0.0115231,-0.0468637,-0.0710035,-0.0575182,-0.0821146,5494.75,-1421.78,-3471.47,-0.0039296,0.0374055,-17.628,3748.75,378.867,967.701,0.00123941,-0.0111065,-15.3203,5630.85,149.228,-2350.84,0.00150577,0.0202411,-17.1789,3873.14,226.287,254.51,0.00205254,-0.00225392,-14.7885
14.429,32.391,-1.09701,5.0015,-0.620636,-3.5945,-0.674194,-0.489945,-0.0199775,0.00427645,2614.95,1,0.0599347,0,0.5,-0.284886,-0.262364,-0.0112588,0.0115238,-0.046843,-0.0710154,-0.0575117,-0.0821216,5495.01,-1064.95,-3633.82,-4.00661e-05,0.0385515,-17.6619,3753.33,903.045,1575.57,0.00545931,-0.0205735,-15.2917,5630.21,132.724,-2262.57,0.00134281,0.019342,-17.1744,3872.89,84.2586,236.974,0.000867439,-0.00235113,-14.7916
14.439,32.4377,-1.07478,5.00116,-0.623234,-2.36041,-2.16913,-0.492937,-0.0199821,0.00427761,2614.98,1,0.0608486,0,0.5,-0.284857,-0.262493,-0.0112576,0.0115247,-0.0467999,-0.0710468,-0.0575142,-0.082119,5477.18,-663.735,-3952.33,0.00501148,0.0421644,-17.6698,3759.38,-75.0414,1072.96,-0.00362879,-0.0105133,-15.2874,5631.85,99.4349,-2249.67,0.00105526,0.0192151,-17.1747,3870.2,212.697,220.51,0.00189893,-0.0019224,-14.7913
14.449,32.4845,-1.05278,5.00092,-0.622171,-2.48947,-1.95577,-0.491077,-0.019982,0.00427776,2615.09,1,0.0608622,0,0.5,-0.2848,-0.262303,-0.0112594,0.0115228,-0.0468423,-0.0710088,-0.0575151,-0.0821185,5494.63,-1421.41,-3409.31,-0.00406777,0.0364442,-17.6479,3747.44,574.038,1072.56,0.00300199,-0.0128453,-15.3128,5633.37,148.942,-2280.33,0.00148534,0.0195064,-17.177,3869.57,169.937,231.959,0.00158513,-0.00211139,-14.7898
14.459,32.5313,-1.031,5.0011,-0.622869,-2.17822,-2.04463,-0.492157,-0.0199948,0.0042788,2615.05,1,0.0608916,0,0.5,-0.284959,-0.262591,-0.0112576,0.0115241,-0.0467838,-0.071049,-0.0575096,-0.0821248,5476.54,-876.552,-3828.02,0.00244072,0.0410773,-17.6719,3757.13,45.5763,1003.7,-0.00227163,-0.0103118,-15.2841,5633.47,123.311,-2247.44,0.00125823,0.01918,-17.1736,3869,191.127,238.502,0.00176075,-0.00214364,-14.7933
14.469,32.5783,-1.00947,5.00117,-0.622168,-1.49214,-1.66076,-0.491609,-0.0199925,0.00427805,2615.11,1,0.060982,0,0.5,-0.284668,-0.262248,-0.0112599,0.011522,-0.0468295,-0.0710169,-0.057509,-0.0821261,5491.7,-1363.84,-3642.4,-0.00298175,0.0399651,-17.6368,3748.32,401.722,1094.86,0.00114388,-0.0127068,-15.3169,5633.52,142.973,-2235.86,0.00142253,0.0190556,-17.1793,3869.01,139.79,218.391,0.00133113,-0.002025,-14.7906
14.479,32.6254,-0.988156,5.00097,-0.622564,-1.91608,-1.73721,-0.49162,-0.0200047,0.00427913,2615.01,1,0.0609366,0,0.5,-0.28504,-0.262613,-0.0112565,0.0115238,-0.0467664,-0.0710443,-0.0575028,-0.0821327,5474.99,-987.298,-3869.64,0.00146667,0.042345,-17.6781,3755.02,181.197,1089.49,-0.00115449,-0.0118799,-15.2838,5633.68,134.141,-2250.16,0.00135139,0.0192032,-17.1735,3869.32,216.269,259.077,0.00198517,-0.00231962,-14.7928
14.489,32.6726,-0.967087,5.00126,-0.622681,-1.6214,-1.45068,-0.491959,-0.0199979,0.00427712,2615.71,1,0.0608385,0,0.5,-0.284507,-0.262278,-0.0112577,0.0115226,-0.0468198,-0.0710228,-0.0575077,-0.0821276,5493.26,-1352.58,-3747.87,-0.00260091,0.0416927,-17.6286,3749.2,367.306,1032.17,0.000949051,-0.011847,-15.3157,5634.45,141.645,-2286.24,0.00142304,0.0195655,-17.1786,3869.18,240.815,253.497,0.00216589,-0.00222477,-14.7888
14.499,32.7199,-0.94623,5.00077,-0.621964,-1.80013,-2.07067,-0.490754,-0.0200135,0.004279,2615.17,1,0.0611456,0,0.5,-0.285358,-0.262736,-0.0112568,0.0115227,-0.0467365,-0.0710499,-0.0574971,-0.0821401,5466.27,-1222.25,-3723.88,-0.0013448,0.0409988,-17.6973,3753.28,305.963,1018.88,0.000346232,-0.0114975,-15.2819,5633.92,157.928,-2255.01,0.00155504,0.0192428,-17.1716,3869.43,210.6,266.239,0.00195028,-0.00240505,-14.7952
14.509,32.7673,-0.925622,5.00114,-0.622275,-1.7554,-1.43075,-0.492372,-0.0199957,0.0042767,2614.97,1,0.0608262,0,0.5,-0.284361,-0.262307,-0.0112523,0.0115297,-0.0467977,-0.0710183,-0.0575081,-0.082126,5484.91,-1132.51,-3635.29,-0.000696933,0.038955,-17.6206,3749.32,96.5432,956.205,-0.00163627,-0.0100245,-15.3132,5633.92,139.692,-2294.21,0.00140774,0.0196497,-17.179,3869.64,175.551,224.103,0.00162058,-0.00201754,-14.7884
14.519,32.8149,-0.90525,5.00102,-0.621651,-1.38109,-1.37829,-0.490418,-0.019998,0.00427594,2615.29,1,0.0609934,0,0.5,-0.284482,-0.262229,-0.0112583,0.011523,-0.0468341,-0.0709991,-0.0575021,-0.0821326,5497.74,-1310.73,-3621.29,-0.00250803,0.0393398,-17.6589,3740.84,448.197,1095.94,0.00163832,-0.0128706,-15.3082,5632.41,169.53,-2263.59,0.00165585,0.0193307,-17.1761,3871.7,159.882,248.667,0.00152574,-0.00231008,-14.7907
14.529,32.8624,-0.885089,5.00094,-0.621687,-1.19437,-1.19795,-0.491015,-0.0200087,0.00427666,2615.12,1,0.0610259,0,0.5,-0.284986,-0.262594,-0.0112569,0.0115226,-0.04675,-0.0710545,-0.0574942,-0.0821429,5469.84,-1005.8,-3979.25,0.00163609,0.0444798,-17.6801,3754.35,162.819,1165.38,-0.0015683,-0.0127011,-15.2801,5632.02,128.903,-2263.46,0.00130996,0.019346,-17.172,3871.75,219.892,262.669,0.00201666,-0.0023504,-14.7952
14.539,32.9102,-0.865181,5.00156,-0.622344,-0.680486,-0.923245,-0.491704,-0.019992,0.00427451,2615,1,0.0608498,0,0.5,-0.284411,-0.26222,-0.0112575,0.0115235,-0.0468068,-0.0710288,-0.0575048,-0.0821304,5485.86,-1173.22,-4017.23,-4.70407e-06,0.0458557,-17.6296,3750.81,319.696,1190.51,7.09612e-06,-0.0136168,-15.3133,5631.69,137.832,-2237.08,0.0013797,0.0190762,-17.1779,3872.37,204.193,246.381,0.00187222,-0.00220344,-14.7902
14.549,32.9579,-0.845495,5.0004,-0.622302,-2.6125,-1.74765,-0.491363,-0.0199954,0.00427498,2615.11,1,0.060921,0,0.5,-0.284864,-0.262426,-0.0112523,0.0115115,-0.046777,-0.0710421,-0.0575002,-0.0821351,5473.06,-974.546,-3720.29,0.00110955,0.0397665,-17.6761,3752.5,379.31,1042.87,0.00104674,-0.0119987,-15.2884,5631.08,141.334,-2269.38,0.00141738,0.0194054,-17.1732,3872.86,176.272,243.287,0.00164921,-0.00221917,-14.794
14.559,33.0058,-0.826047,5.00135,-0.622023,-2.33165,-1.62014,-0.491548,-0.0199872,0.00427389,2615.15,1,0.0605823,0,0.5,-0.284642,-0.26235,-0.0112602,0.0115232,-0.0467921,-0.0710441,-0.0575039,-0.0821295,5476.34,-1004.35,-3671.2,0.000667868,0.0390669,-17.6499,3755.28,146.275,1118.4,-0.00160316,-0.0120749,-15.2905,5630.73,152.172,-2285.38,0.00151382,0.0195662,-17.1761,3873.17,175.267,240.247,0.0016372,-0.00218833,-14.7917
14.569,33.0538,-0.806838,5.00091,-0.622206,-2.07841,-1.94821,-0.491341,-0.0199833,0.00427397,2615.04,1,0.0609272,0,0.5,-0.284736,-0.262357,-0.0112581,0.0115233,-0.0468038,-0.0710327,-0.0575053,-0.0821293,5479.05,-1106.96,-3678.56,-0.000325753,0.0396068,-17.6587,3752.14,315.621,1083.63,0.000264274,-0.0123015,-15.3017,5630.07,134.84,-2276.69,0.00136402,0.0194859,-17.1755,3873.99,184.298,241.526,0.00170952,-0.00218507,-14.7911
14.579,33.1019,-0.787856,5.00087,-0.622119,-1.99283,-1.58061,-0.4914,-0.0199861,0.00427394,2615.05,1,0.060871,0,0.5,-0.285053,-0.262589,-0.0112555,0.0115234,-0.0467774,-0.07106,-0.0575037,-0.0821305,5469.39,-1030.49,-3814.69,0.000858906,0.0416529,-17.6788,3759.74,209.072,1001.89,-0.000615128,-0.0109565,-15.2936,5629.96,140.118,-2262.83,0.00140595,0.0193431,-17.1737,3873.96,178.93,252.672,0.00168159,-0.00231439,-14.7942
14.589,33.1501,-0.769129,5.00134,-0.622235,-1.98515,-1.62126,-0.491518,-0.0199734,0.004273,2614.95,1,0.0606858,0,0.5,-0.284488,-0.262209,-0.0112585,0.011523,-0.0468449,-0.0710169,-0.0575122,-0.0821211,5490.7,-1208,-3623.8,-0.00147671,0.0390284,-17.6288,3749.4,353.941,1057.66,0.000739295,-0.0121151,-15.3124,5629.95,138.883,-2275.57,0.0013979,0.0194735,-17.178,3873.99,158.411,234.112,0.00149635,-0.00215442,-14.7891
14.599,33.1984,-0.75062,5.00089,-0.622263,-1.94069,-1.94649,-0.491494,-0.0199846,0.00427455,2615.23,1,0.0609634,0,0.5,-0.285065,-0.262555,-0.011258,0.0115237,-0.0467834,-0.0710475,-0.0575059,-0.0821282,5471.08,-923.114,-3858.1,0.00207888,0.0418762,-17.6871,3756.12,154.172,1118.64,-0.00151981,-0.0121075,-15.2829,5630.28,136.109,-2269.12,0.00137367,0.0194074,-17.1724,3873.21,199.805,251.915,0.00184416,-0.00226892,-14.7942
14.609,33.2467,-0.732363,5.00117,-0.622516,-1.26355,-1.89513,-0.491789,-0.0199791,0.00427387,2615.05,1,0.0610578,0,0.5,-0.284863,-0.262401,-0.0112609,0.0115204,-0.0468123,-0.071035,-0.0575111,-0.0821218,5479.56,-1216.53,-3744.14,-0.00122967,0.0411789,-17.6462,3752.9,179.526,961.559,-0.000809674,-0.0104064,-15.307,5630.86,149.608,-2273.06,0.00148897,0.0194407,-17.1763,3872.52,184.88,232.288,0.00170239,-0.00208667,-14.7906
14.619,33.2952,-0.714343,5.00108,-0.622424,-1.74634,-1.8538,-0.491615,-0.0199817,0.00427419,2615.2,1,0.0609195,0,0.5,-0.284823,-0.262406,-0.0112601,0.0115209,-0.0468191,-0.071029,-0.0575108,-0.0821227,5483.2,-1115.61,-3725.49,-0.000271726,0.0403802,-17.6564,3751.18,281.244,1040.43,2.28697e-05,-0.0116798,-15.3002,5631.12,145.132,-2258.05,0.00144789,0.0192884,-17.1757,3872.14,179.725,239.003,0.00167138,-0.00216736,-14.7908
14.629,33.3437,-0.696558,5.00102,-0.622745,-2.5752,-2.32097,-0.492101,-0.019987,0.00427438,2615.08,1,0.0607632,0,0.5,-0.28488,-0.262432,-0.0112578,0.0115237,-0.0468101,-0.071039,-0.0575091,-0.0821251,5480.95,-1087.97,-3668.88,-0.000156533,0.0393484,-17.6636,3753.78,348.627,1089.06,0.000598517,-0.012464,-15.2971,5632.24,129.24,-2278.49,0.00131651,0.0194984,-17.1756,3870.81,186.763,241.704,0.00172972,-0.00218428,-14.7912
14.639,33.3923,-0.67902,5.00189,-0.621892,-0.343887,-1.55606,-0.490826,-0.0199863,0.00427405,2615.19,1,0.0609749,0,0.5,-0.284702,-0.262313,-0.0112621,0.0115198,-0.0468333,-0.0710285,-0.0575117,-0.0821228,5489.57,-1164.61,-3838.67,-0.000439623,0.0424775,-17.6501,3748.77,210.765,1156.44,-0.00104709,-0.0128095,-15.3007,5632.46,142.397,-2273.01,0.0014269,0.0194372,-17.1781,3870.7,191.197,248.543,0.00177452,-0.00224937,-14.792
14.649,33.441,-0.661707,5.00097,-0.622438,-2.11083,-1.98849,-0.491833,-0.0199971,0.00427524,2615.14,1,0.0608563,0,0.5,-0.285088,-0.262571,-0.011257,0.0115246,-0.0467777,-0.0710558,-0.0575065,-0.0821291,5472.28,-843.382,-3873.59,0.0029363,0.041744,-17.6862,3756.13,215.263,1087.23,-0.00079795,-0.0119818,-15.292,5633.03,134.054,-2256.62,0.00135302,0.0192711,-17.1731,3869.93,210.763,262.183,0.00194595,-0.00236129,-14.7937
14.659,33.4898,-0.644653,5.00126,-0.622206,-1.19241,-1.33351,-0.491362,-0.0199908,0.00427413,2615.22,1,0.0608885,0,0.5,-0.284623,-0.262275,-0.0112597,0.0115243,-0.0468269,-0.0710331,-0.057518,-0.0821247,5489.06,-1334.08,-3744.62,-0.00242847,0.0416012,-17.6337,3750.81,365.199,1109.95,0.000718042,-0.0127775,-15.3123,5632.99,140.862,-2261.18,0.00141093,0.0193153,-17.1791,3869.88,159.119,222.249,0.00148926,-0.00202767,-14.7888
14.669,33.5387,-0.627825,5.00126,-0.621674,-1.28977,-1.43102,-0.490976,-0.0199995,0.00427483,2615.63,1,0.0608828,0,0.5,-0.284892,-0.262447,-0.0112581,0.0115228,-0.0467985,-0.0710381,-0.0575043,-0.0821326,5482.46,-1081.47,-3830.74,0.000382313,0.0420292,-17.6715,3750.46,349.45,1198.55,0.000304317,-0.0138179,-15.2949,5633.1,124.526,-2276.37,0.00127474,0.0194753,-17.1737,3870.07,170.04,259.973,0.00162007,-0.00241306,-14.7925
14.679,33.5877,-0.611239,5.00195,-0.622308,-0.821968,-2.4009,-0.492345,-0.0200006,0.00427421,2615.07,1,0.0609735,0,0.5,-0.284794,-0.262441,-0.011264,0.0115148,-0.0467966,-0.0710531,-0.057502,-0.0821363,5476.87,-1011.16,-3691.92,0.000671594,0.0394279,-17.6617,3752.74,203.701,869.555,-0.000305242,-0.00945527,-15.3071,5633.47,144.422,-2277.73,0.00144515,0.0194811,-17.1751,3869.75,202.065,236.429,0.00184236,-0.00210345,-14.7909
14.689,33.6367,-0.594904,5.00093,-0.622064,-1.20336,-1.9656,-0.491137,-0.0199971,0.00427345,2615.04,1,0.0611503,0,0.5,-0.284612,-0.262297,-0.0112588,0.0115215,-0.0468231,-0.0710346,-0.0575033,-0.0821335,5488.61,-1387.03,-3638.99,-0.00322556,0.040034,-17.6416,3748.85,369.891,1112.44,0.000759169,-0.0128287,-15.3049,5631.26,168.14,-2163.76,0.00161773,0.018327,-17.1779,3870.87,165.453,167.978,0.00146256,-0.00144999,-14.7889
14.699,33.6858,-0.578788,5.00151,-0.622488,-1.24877,-2.09591,-0.492125,-0.0200054,0.00427454,2614.94,1,0.0609235,0,0.5,-0.285015,-0.262616,-0.0112581,0.0115222,-0.0467594,-0.0710682,-0.0574998,-0.0821381,5465.7,-797.577,-3923.22,0.00357576,0.0424577,-17.6884,3757.14,213.546,1000.45,-0.000570106,-0.0109633,-15.2896,5632.87,94.5262,-2267.09,0.00101735,0.0193899,-17.1724,3869.7,238.515,225.578,0.00210206,-0.0019418,-14.7939
14.709,33.7351,-0.562937,5.00205,-0.621524,-0.186323,-0.971219,-0.490957,-0.0199911,0.00427251,2615.1,1,0.0608166,0,0.5,-0.284404,-0.262196,-0.0112594,0.0115208,-0.0468386,-0.0710215,-0.0575082,-0.0821275,5493.21,-1192.43,-3794.43,-0.000859039,0.0417908,-17.6342,3746.76,377.657,1086.96,0.000910252,-0.0125475,-15.316,5632.41,123.555,-2276.88,0.00126646,0.0194832,-17.1789,3871.28,200.904,239.712,0.00183785,-0.00213904,-14.7893
14.719,33.7843,-0.547305,5.00085,-0.621492,-1.62581,-1.62,-0.490541,-0.0200039,0.00427396,2615.35,1,0.0609643,0,0.5,-0.285108,-0.262616,-0.0112574,0.0115242,-0.0467711,-0.071055,-0.0574984,-0.0821405,5471.93,-1068.36,-3837.91,0.00053882,0.0422076,-17.6943,3752.77,239.656,1183.34,-0.00081825,-0.0132307,-15.2835,5631.83,163.486,-2257.92,0.00160378,0.0192774,-17.1735,3871.81,171.981,260.167,0.0016359,-0.00241024,-14.794
14.729,33.8337,-0.531934,5.00137,-0.623138,-1.77815,-2.11912,-0.492672,-0.0199903,0.00427245,2614.77,1,0.060785,0,0.5,-0.284443,-0.262308,-0.0112573,0.0115233,-0.0468156,-0.0710373,-0.0575069,-0.0821297,5482.92,-1027.83,-3847.04,0.000972512,0.0420566,-17.6351,3751.22,171.461,1065.62,-0.00119277,-0.0115753,-15.3105,5631.95,120.634,-2278.7,0.0012424,0.0195043,-17.1773,3871.8,190.014,234.974,0.00174676,-0.00210674,-14.7899
14.739,33.8831,-0.516801,5.00088,-0.622405,-2.48072,-2.42502,-0.491131,-0.0199894,0.00427253,2615.18,1,0.0608212,0,0.5,-0.284629,-0.262322,-0.0112586,0.0115232,-0.0468301,-0.0710163,-0.0575051,-0.0821319,5488.04,-1236.68,-3424.49,-0.00226946,0.0360577,-17.6621,3743.77,413.478,997.798,0.00152602,-0.0115692,-15.3001,5631.21,156.242,-2279.59,0.00154734,0.0195037,-17.1761,3872.36,170.812,235.825,0.00159623,-0.00214971,-14.7922
14.749,33.9326,-0.501897,5.00109,-0.622462,-1.79769,-2.24127,-0.491759,-0.0199956,0.00427326,2615.06,1,0.0609133,0,0.5,-0.284973,-0.262607,-0.0112564,0.0115214,-0.0467619,-0.0710606,-0.0574999,-0.0821338,5466.25,-937.716,-3844.56,0.00188891,0.0417637,-17.6755,3756.35,68.8674,1060.34,-0.00220856,-0.0110619,-15.2838,5630.98,123.211,-2267.4,0.00126277,0.0193917,-17.1728,3872.42,209.731,247.083,0.00191527,-0.00220189,-14.794
14.759,33.9822,-0.487254,5.00087,-0.622765,-1.18984,-1.37048,-0.492078,-0.019984,0.00427253,2615.02,1,0.0610266,0,0.5,-0.284661,-0.26233,-0.0112591,0.0115238,-0.0468091,-0.0710334,-0.0575084,-0.0821268,5480,-1225.56,-4022.19,-0.00053341,0.0462954,-17.6468,3752.33,300.558,1196.12,-0.000212077,-0.0136131,-15.3106,5630.73,149.201,-2264.58,0.0014827,0.0193548,-17.1764,3872.88,200.35,260.972,0.00186292,-0.00236467,-14.7905
14.769,34.0318,-0.472848,5.00099,-0.621536,-1.93017,-1.74777,-0.49046,-0.0199876,0.00427316,2615.53,1,0.0608081,0,0.5,-0.284875,-0.262455,-0.0112582,0.0115238,-0.0468051,-0.0710336,-0.0575047,-0.0821319,5480.38,-1336.28,-3586.37,-0.00284479,0.039044,-17.6602,3749.87,365.6,1115.9,0.000708543,-0.0128547,-15.2951,5630.14,123.282,-2264.56,0.00126191,0.0193657,-17.1754,3873.45,128.922,239.611,0.00126105,-0.00227708,-14.7918
14.779,34.0815,-0.458682,5.00116,-0.622558,-1.44457,-2.09863,-0.491989,-0.0199867,0.00427342,2615.07,1,0.0609694,0,0.5,-0.28488,-0.262445,-0.011257,0.0115206,-0.0467864,-0.0710551,-0.0575069,-0.082129,5471.91,-1000.86,-3855.02,0.00128332,0.0421875,-17.6601,3757.23,97.5652,1031.98,-0.00183996,-0.0108629,-15.2985,5630.97,115.757,-2279.05,0.00120058,0.0195128,-17.1748,3872.72,206.539,243.753,0.00188619,-0.00217177,-14.7922
14.789,34.1313,-0.44477,5.001,-0.622148,-1.983,-2.15756,-0.491119,-0.0199819,0.00427366,2615.02,1,0.0608661,0,0.5,-0.284806,-0.262339,-0.0112582,0.0115233,-0.0468193,-0.0710298,-0.0575102,-0.0821261,5482.75,-1274.46,-3509.89,-0.00241801,0.0375584,-17.648,3749.8,405.01,985.645,0.00146341,-0.0113832,-15.3048,5631.14,168.551,-2268.4,0.00164959,0.0193846,-17.1763,3872.87,152.428,247.405,0.00146289,-0.00231123,-14.7901
14.799,34.1812,-0.431097,5.00092,-0.622626,-1.96258,-2.23085,-0.491932,-0.0199858,0.00427423,2615.04,1,0.060905,0,0.5,-0.284888,-0.262465,-0.0112573,0.0115234,-0.0468049,-0.0710457,-0.0575077,-0.0821272,5479.01,-1047.74,-3756.87,0.000500585,0.0406456,-17.6619,3755.17,166.103,1089.14,-0.00131174,-0.0118151,-15.2908,5631.33,128.891,-2279.63,0.00131359,0.0195134,-17.1745,3872.36,192.601,244.81,0.00177911,-0.00220629,-14.7931
14.809,34.2311,-0.417673,5.001,-0.622104,-1.3999,-1.88498,-0.491239,-0.0199863,0.00427489,2614.97,1,0.0609955,0,0.5,-0.284941,-0.262413,-0.0112583,0.0115229,-0.0468088,-0.0710374,-0.0575085,-0.082127,5481.8,-1226.27,-3827.5,-0.00110106,0.0426514,-17.6543,3753.78,309.135,1291.68,-0.000396027,-0.0148234,-15.303,5631.66,183.044,-2304.34,0.00178336,0.0197447,-17.1762,3871.93,124.595,230.36,0.00121565,-0.00218651,-14.7913
14.819,34.2811,-0.404499,5.00123,-0.623422,-1.68858,-2.95658,-0.492282,-0.0199857,0.00427523,2614.76,1,0.0610153,0,0.5,-0.28478,-0.262402,-0.0112547,0.0115267,-0.0468153,-0.0710333,-0.0575098,-0.0821247,5482.84,-1036.07,-3625.64,0.000227711,0.0384129,-17.6518,3750.56,37.3311,857.132,-0.00192914,-0.00866972,-15.2986,5632.26,139.818,-2286.82,0.00140855,0.0195799,-17.1744,3871.14,194.946,227.161,0.00177292,-0.00201683,-14.7899
14.829,34.3311,-0.391565,5.00101,-0.622369,-1.62434,-2.02891,-0.491501,-0.0199913,0.0042759,2615.99,1,0.0609324,0,0.5,-0.284948,-0.262453,-0.011258,0.0115229,-0.0468024,-0.0710394,-0.0575084,-0.0821275,5481.79,-1156.69,-3756.47,-0.000591074,0.0411002,-17.6691,3753.58,355.047,1065.27,0.000730953,-0.0121967,-15.3011,5632.55,156.251,-2265.52,0.00154433,0.0193553,-17.1749,3871.06,208.821,250.335,0.00191363,-0.00223834,-14.7921
14.839,34.3812,-0.37888,5.00103,-0.621928,-1.46634,-1.59809,-0.491203,-0.0199928,0.00427603,2614.56,1,0.0608911,0,0.5,-0.284854,-0.26242,-0.0112598,0.0115143,-0.0468066,-0.0710375,-0.0575087,-0.0821276,5484.28,-1181.25,-3714.09,-0.000960137,0.0404664,-17.6504,3752.95,272.991,1090.24,-0.000202386,-0.0122363,-15.2997,5632.77,155.913,-2257.53,0.00153908,0.0192733,-17.1774,3870.81,188.901,251.738,0.0017606,-0.00228756,-14.7908
14.849,34.4314,-0.366447,5.00131,-0.622901,-1.07966,-2.20898,-0.492113,-0.0199923,0.00427607,2615.02,1,0.061025,0,0.5,-0.284703,-0.262377,-0.0112579,0.0115189,-0.0468093,-0.0710315,-0.0575091,-0.0821261,5483.73,-1021.93,-3825.82,0.000964429,0.0416519,-17.6578,3751.5,144.111,1015.19,-0.00132545,-0.0108833,-15.3025,5632.78,139.616,-2244.4,0.00139603,0.019146,-17.1763,3870.28,147.25,216.097,0.00138785,-0.00198453,-14.7906
14.859,34.4817,-0.354255,5.00143,-0.620962,0.324266,0.170169,-0.490465,-0.0199983,0.00427599,2615.04,1,0.0610012,0,0.5,-0.284844,-0.262414,-0.0112551,0.0115295,-0.0468089,-0.0710347,-0.0575048,-0.0821322,5489.63,-1385.02,-4157.63,-0.00186079,0.0497965,-17.661,3753.42,540.454,1501.49,0.00155749,-0.0183981,-15.2946,5633.12,165.455,-2272.77,0.00162339,0.0194235,-17.1758,3870.77,194.876,278.056,0.00184272,-0.00255986,-14.7921
14.869,34.5319,-0.342307,5.0016,-0.622859,-0.779446,-2.31157,-0.492098,-0.0199981,0.00427656,2615.05,1,0.0610265,0,0.5,-0.28482,-0.262502,-0.0112573,0.0115221,-0.0467769,-0.0710423,-0.0575066,-0.0821304,5474.77,-1001.75,-3913.95,0.00146443,0.0432064,-17.6652,3753.77,150.649,1026.21,-0.00128894,-0.011029,-15.3013,5633.29,134.304,-2272.23,0.00135752,0.0194291,-17.1749,3870.17,215.181,244.164,0.00195454,-0.00216399,-14.7916
14.879,34.5823,-0.330616,5.001,-0.622801,-0.474763,-1.58277,-0.491633,-0.0199959,0.00427575,2615.31,1,0.0612364,0,0.5,-0.284723,-0.262411,-0.0112577,0.0115227,-0.0468049,-0.071026,-0.0575057,-0.0821318,5485.6,-1462.47,-4090.29,-0.00289785,0.0488476,-17.6492,3749.16,298.002,1332.97,-0.000636127,-0.0153211,-15.3032,5632.34,203.525,-2232.56,0.00193566,0.0189993,-17.1773,3871.73,226.244,297.693,0.00211945,-0.00271353,-14.7925
14.889,34.6327,-0.319158,5.00101,-0.622077,-1.81986,-1.8348,-0.491465,-0.0199988,0.00427627,2615.08,1,0.0607918,0,0.5,-0.284869,-0.262532,-0.0112584,0.0115233,-0.0467725,-0.071039,-0.0575035,-0.0821347,5474.07,-1076.32,-3682.48,-6.2732e-06,0.0395872,-17.6655,3751.52,282.688,1003.15,0.000144918,-0.0112452,-15.2923,5631.94,132.627,-2274.42,0.00134307,0.0194569,-17.1744,3870.72,188.68,246.165,0.00175051,-0.00222847,-14.7922
14.899,34.6832,-0.307959,5.00031,-0.624111,-2.28089,-3.0727,-0.492881,-0.0199916,0.00427554,2615.28,1,0.06114,0,0.5,-0.284599,-0.262419,-0.0112578,0.0115269,-0.0467952,-0.0710286,-0.0575082,-0.0821297,5478.93,-1236.7,-3813.87,-0.00125072,0.0424885,-17.6489,3750.09,133.316,1048.28,-0.00153014,-0.0112226,-15.3027,5633.12,158.901,-2258.38,0.00156548,0.0192795,-17.1767,3871.93,195.836,242.374,0.00180337,-0.00217513,-14.7904
14.909,34.7337,-0.297003,5.00151,-0.619831,-0.299117,-0.108228,-0.489381,-0.0199911,0.00427557,2616.74,1,0.0608187,0,0.5,-0.284708,-0.262354,-0.0112674,0.0115183,-0.0468066,-0.0710157,-0.0575042,-0.0821338,5487.08,-1393.31,-3648.24,-0.0032665,0.0402298,-17.6474,3746.39,467.219,1148.68,0.00170241,-0.0135607,-15.3054,5631.17,175.375,-2264.79,0.00170641,0.0193448,-17.1767,3872.72,180.406,257.665,0.00170021,-0.00236606,-14.7907
14.919,34.7843,-0.286286,5.00118,-0.622704,-1.15049,-2.20828,-0.492274,-0.019993,0.0042763,2614.97,1,0.0610172,0,0.5,-0.284904,-0.26256,-0.0112557,0.0115225,-0.0467495,-0.0710529,-0.0575026,-0.0821327,5464.55,-942.719,-3966.18,0.00225105,0.0439801,-17.6703,3757.89,-11.823,1079.73,-0.00305095,-0.0109029,-15.2859,5631.3,132.28,-2271.86,0.00134069,0.0194331,-17.1736,3872.34,209.724,250.351,0.00192028,-0.00223635,-14.7933
14.929,34.8349,-0.27582,5.00109,-0.622433,0.0693107,-4.98162,-0.490116,-0.0199955,0.0042764,2615.33,1,0.0620424,0,0.5,-0.285455,-0.262681,-0.0112518,0.0115158,-0.0467567,-0.0710601,-0.0574996,-0.0821376,5465.82,-2164.07,-3528.92,-0.0113319,0.0415345,-17.6406,3755.19,344.978,1405.87,-0.00034348,-0.0164106,-15.3154,5630.44,272.786,-2235.18,0.00252476,0.0189913,-17.178,3873.07,142.014,253.44,0.00138388,-0.00239946,-14.7893
14.939,34.8856,-0.265605,5.00211,-0.621949,-1.47469,-1.39309,-0.492496,-0.0199801,0.00427644,2614.89,1,0.0603605,0,0.5,-0.284732,-0.262331,-0.0112611,0.0115342,-0.046779,-0.0710435,-0.0575145,-0.0821211,5470.32,-649.501,-3906.01,0.00498318,0.0413619,-17.6359,3759.62,76.4599,1066.1,-0.00215503,-0.0111529,-15.307,5632.05,62.6363,-2320.91,0.000753848,0.0199496,-17.176,3871.64,169.727,199.332,0.00153947,-0.00176586,-14.7898
14.949,34.9363,-0.255649,5.00058,-0.620631,-2.0091,-0.210889,-0.489853,-0.0199825,0.00427735,2615.25,1,0.0605969,0,0.5,-0.284959,-0.262416,-0.0112601,0.0115267,-0.0468166,-0.0710162,-0.0575068,-0.0821297,5487.27,-1170.52,-3754.42,-0.000740554,0.0410695,-17.674,3749.94,676.771,1254.13,0.00366724,-0.0154359,-15.3074,5630.55,182.063,-2284.37,0.00176925,0.0195441,-17.1758,3873.6,145.66,239.671,0.00139905,-0.00224106,-14.7911
14.959,34.9871,-0.245938,5.0012,-0.622887,-1.35492,-1.85058,-0.492376,-0.0199837,0.00427788,2615.16,1,0.0608604,0,0.5,-0.284812,-0.262535,-0.01126,0.011526,-0.0468074,-0.0710369,-0.0575096,-0.0821265,5482.6,-986.716,-3921.06,0.00164119,0.0431714,-17.655,3757.24,-70.8469,1097.39,-0.00366484,-0.0108188,-15.2905,5630.99,120.986,-2305.86,0.00125183,0.0197857,-17.1753,3872.8,222.038,261.683,0.0020316,-0.00233597,-14.7928
14.969,35.0379,-0.236472,5.00093,-0.621277,-0.724849,-2.24549,-0.489894,-0.0199947,0.00427978,2615.15,1,0.0612879,0,0.5,-0.285437,-0.262669,-0.0112592,0.0115237,-0.0467872,-0.0710368,-0.0575042,-0.0821357,5479.38,-1588.14,-3550.03,-0.00541649,0.039455,-17.6731,3753.12,253.843,1184.42,-0.000670896,-0.0132965,-15.2879,5631.29,194.746,-2253.38,0.00186896,0.0192191,-17.1754,3872.47,171.641,264.059,0.00163694,-0.0024528,-14.7937
14.979,35.0887,-0.227267,5.00137,-0.622677,-1.00101,-1.64967,-0.492174,-0.0199886,0.0042798,2614.78,1,0.060874,0,0.5,-0.284737,-0.262349,-0.0112568,0.0115245,-0.0468033,-0.0710296,-0.0575109,-0.0821257,5484.61,-1094.73,-3930.37,0.000559713,0.0438472,-17.6243,3754.15,141.93,1096.81,-0.00158473,-0.0118082,-15.3109,5632.58,130.572,-2287.1,0.00132887,0.0195848,-17.1774,3870.96,177.141,249.613,0.00166536,-0.00228654,-14.7885
14.989,35.1397,-0.218308,5.00074,-0.622343,-1.5439,-2.24944,-0.491241,-0.0199963,0.00428088,2615.19,1,0.0610431,0,0.5,-0.285081,-0.262515,-0.011258,0.0115235,-0.0467951,-0.0710249,-0.0575086,-0.08213,5483.37,-1194.36,-3692.2,-0.00115115,0.0401672,-17.6694,3751.02,303.561,1104.12,8.11046e-05,-0.012512,-15.2927,5633.37,152.494,-2249.49,0.00150754,0.0191907,-17.1756,3869.54,174.468,225.169,0.00161242,-0.00203081,-14.7926
14.999,35.1906,-0.209606,5.00114,-0.622666,-1.42678,-2.08693,-0.491974,-0.0199981,0.0042807,2615.09,1,0.0608864,0,0.5,-0.284774,-0.262371,-0.0112619,0.0115198,-0.0468064,-0.0710251,-0.0575066,-0.0821298,5489.2,-1140.49,-3767.12,-0.000400444,0.0411315,-17.6419,3751.37,212.531,1096.33,-0.00085517,-0.0120941,-15.3033,5633.47,134.272,-2282.01,0.00135919,0.0195283,-17.1778,3869.5,181.616,246.344,0.00169685,-0.00224382,-14.7903
