t,x,y,speed,vy,ax,ay,yawRate,roll,pitch,rpm,gear,throttle,brake,steer,delta0,delta1,delta2,delta3,sz0,sz1,sz2,sz3,fz0,fx0,fy0,slip0,alpha0,omega0,fz1,fx1,fy1,slip1,alpha1,omega1,fz2,fx2,fy2,slip2,alpha2,omega2,fz3,fx3,fy3,slip3,alpha3,omega3
0.009,108.472,-1.60082,22.4411,-0.000119639,-0.300321,0.1641,-7.82146e-05,-0.000101256,0.00145933,3782.19,3,0,0.0443844,0,-0.0252254,0.0252839,-0.0115587,0.0115646,-0.0592397,-0.0593487,-0.0627437,-0.0628721,4565.42,-230.863,-2456.16,-0.00176391,0.0257204,-71.3942,4551.77,-231.293,2441.98,-0.00177405,-0.0256094,-71.3908,4811.51,-53.2271,-1252.65,-0.000356608,0.0115292,-71.5679,4803.8,-51.9332,1251.54,-0.000345195,-0.011536,-71.5662
0.019,108.697,-1.60483,22.4368,-8.55433e-05,-0.438782,-0.0295052,-7.2235e-05,-9.50208e-05,0.00149552,3776.2,3,0,0.0436478,0,-0.0251428,0.0252285,-0.0115614,0.0115668,-0.0592008,-0.0593034,-0.062795,-0.0629171,4564.37,-270.753,-2427.15,-0.00218031,0.0253058,-71.334,4551.73,-269.559,2428.04,-0.00217205,-0.0254002,-71.3306,4807.31,-213.814,-1258.24,-0.00181894,0.011498,-71.4598,4800.55,-213.665,1256.76,-0.00181946,-0.0114987,-71.4579
0.029,108.921,-1.60884,22.4302,0.000216818,-0.845323,0.454982,8.89236e-05,-8.35654e-05,0.00155573,3771.82,3,0,0.0425031,0,-0.0250317,0.025081,-0.0115634,0.0115679,-0.0591287,-0.059225,-0.0628669,-0.0629792,4562,-306.082,-2379.54,-0.00254617,0.0246438,-71.291,4552.04,-304.434,2366.05,-0.00253363,-0.0245203,-71.2868,4798.03,-290.115,-1260.65,-0.00250124,0.0114585,-71.3837,4793.79,-288.941,1258.73,-0.00249176,-0.0114501,-71.382
0.039,109.145,-1.61285,22.4225,-0.000103912,-0.875607,-0.0612542,-0.000199814,-6.6357e-05,0.0016407,3768.54,3,0,0.0410505,0,-0.0251139,0.02513,-0.0115688,0.011573,-0.0590292,-0.0591142,-0.0629612,-0.0630603,4563.33,-331.376,-2403.64,-0.00280602,0.0249563,-71.258,4558.72,-331.353,2400.12,-0.00280665,-0.0249366,-71.2537,4783.72,-336.556,-1263.04,-0.00291559,0.0114551,-71.3271,4783.78,-337.828,1261.07,-0.00292462,-0.0114328,-71.3257
0.049,109.369,-1.61686,22.4153,-7.62358e-05,-0.746345,-0.224258,-0.000198088,-4.36478e-05,0.00174867,3765.95,3,0,0.0396599,0,-0.025076,0.0250956,-0.0115738,0.0115772,-0.0589312,-0.0589967,-0.0630789,-0.0631607,4571.36,-299.07,-2411.77,-0.00246356,0.025035,-71.2345,4571.29,-299.662,2420.63,-0.00246735,-0.0251584,-71.2315,4765.24,-359.937,-1259.08,-0.00312913,0.011424,-71.2821,4771.07,-363.631,1257.89,-0.00315496,-0.0113926,-71.2813
0.059,109.593,-1.62087,22.4069,-0.00019047,-1.11812,-0.41705,-0.000379722,-1.65624e-05,0.00187717,3763.78,3,0,0.0381354,0,-0.0247478,0.0248151,-0.0115783,0.01158,-0.0588426,-0.0588868,-0.0632213,-0.0632815,4589.01,-323.672,-2315.24,-0.00270678,0.0235977,-71.2038,4595.55,-318.263,2330.61,-0.00264454,-0.0237693,-71.201,4744.53,-355.44,-1249.2,-0.00310127,0.0113758,-71.2424,4756.97,-359.453,1248.35,-0.00312575,-0.0113321,-71.2426
0.069,109.817,-1.62488,22.3991,-0.00013949,-1.13421,-0.614254,-0.000403409,1.40196e-05,0.00202629,3761.87,3,0,0.0366805,0,-0.0250901,0.0250922,-0.0115872,0.0115883,-0.0587063,-0.0587282,-0.0633913,-0.0634252,4606.73,-257.421,-2482.22,-0.00200746,0.0258094,-71.1987,4620.6,-254.4,2506.8,-0.00196592,-0.0260654,-71.1967,4723.44,-372.484,-1245.42,-0.00326103,0.0113606,-71.2105,4742.68,-379.974,1245.91,-0.00331058,-0.0113096,-71.212
0.079,110.041,-1.62888,22.3917,0.000223911,0.313842,-0.01512,-0.000214406,4.79938e-05,0.0021882,3760.22,3,0,0.0350006,0,-0.0244542,0.0244552,-0.0115949,0.0115948,-0.0586126,-0.0586007,-0.0635873,-0.0635888,4638.9,-311.464,-2362.22,-0.00255786,0.0239417,-71.1706,4656.67,-321.673,2370.36,-0.0026487,-0.0239417,-71.1702,4703.63,-364.512,-1233.03,-0.00320166,0.0112886,-71.1793,4729.3,-370.105,1233.3,-0.00323119,-0.0112233,-71.1821
0.089,110.265,-1.63288,22.3822,0.000160059,-0.769592,-0.139952,-0.000431716,8.32559e-05,0.002365,3758.64,3,0,0.0333903,0,-0.0249723,0.0249479,-0.0116057,0.0116049,-0.0584325,-0.0583865,-0.0638091,-0.0637742,4652.2,-310.231,-2423.04,-0.00253118,0.0246857,-71.1614,4676.91,-315.976,2426.99,-0.00257334,-0.0245876,-71.1614,4687.54,-368.664,-1234.28,-0.00324684,0.0113335,-71.1512,4718.89,-372.457,1234.65,-0.00325712,-0.0112583,-71.1555
0.099,110.489,-1.63689,22.3747,0.000369611,-1.14482,-0.376927,-0.000365983,0.000119646,0.002547,3757.24,3,0,0.0320865,0,-0.0246132,0.0246222,-0.0116111,0.0116078,-0.0582868,-0.0582034,-0.0640528,-0.0639772,4676.67,-253.402,-2408.3,-0.00195034,0.0243642,-71.1443,4706.67,-258.809,2437,-0.00198789,-0.0245691,-71.1462,4674.74,-366.32,-1229.26,-0.00323227,0.0113141,-71.1244,4710.83,-371.669,1229.93,-0.00325334,-0.0112286,-71.1299
0.109,110.712,-1.64088,22.3667,0.000599701,-0.584977,-0.00173344,-0.000311044,0.000154551,0.00273451,3755.86,3,0,0.0304691,0,-0.0247434,0.0247135,-0.0116236,0.0116188,-0.0580968,-0.0579801,-0.0643147,-0.0641972,4690.88,-282.633,-2441.5,-0.0022386,0.0247142,-71.1317,4726.67,-290.89,2453.98,-0.00230127,-0.0246648,-71.134,4665.7,-362.815,-1224.63,-0.00320533,0.0112918,-71.0993,4705.33,-366.417,1225.19,-0.00320954,-0.0111995,-71.106
0.119,110.936,-1.64488,22.3589,0.000639706,-1.08377,-0.0225174,-0.00037225,0.000188812,0.00292087,3754.65,3,0,0.0291078,0,-0.0244848,0.024415,-0.0116334,0.0116269,-0.0579271,-0.0577729,-0.064589,-0.0644273,4708.72,-255.418,-2460.57,-0.00196059,0.0248739,-71.1157,4749.02,-260.195,2466.77,-0.00198997,-0.0247151,-71.1197,4660.25,-360.086,-1222.8,-0.00318354,0.0112895,-71.0757,4702.25,-361.895,1222.98,-0.00317102,-0.0111902,-71.0833
0.129,111.159,-1.64888,22.3512,0.000776533,-1.00327,-0.043927,-0.000340278,0.000220331,0.00310547,3753.53,3,0,0.0276704,0,-0.0243708,0.024221,-0.0116392,0.0116314,-0.0577411,-0.05755,-0.0648708,-0.0646661,4721.78,-261.616,-2449.38,-0.00202213,0.0246429,-71.0993,4765.37,-260.492,2452.97,-0.00199255,-0.0244355,-71.1046,4657.8,-355.319,-1224.47,-0.00314261,0.0113202,-71.0536,4701.17,-357.731,1224.28,-0.00313503,-0.0112126,-71.062
0.139,111.383,-1.65287,22.3439,0.000883033,-0.675518,0.0147162,-0.000359408,0.000249371,0.00328578,3752.44,3,0,0.0262553,0,-0.0245279,0.024419,-0.0116535,0.011645,-0.0575479,-0.0573179,-0.0651563,-0.0649096,4725.93,-237.861,-2458.8,-0.00177763,0.0247537,-71.091,4770.98,-239.975,2461.75,-0.00178226,-0.0245273,-71.0975,4657.14,-351.688,-1224.03,-0.00311059,0.0113225,-71.0327,4700.9,-353.056,1222.89,-0.00309399,-0.0112056,-71.0415
0.149,111.606,-1.65687,22.3364,0.000964218,-0.806287,-0.0209408,-0.000328194,0.000274507,0.00345733,3751.46,3,0,0.0248942,0,-0.0241691,0.0240852,-0.0116575,0.0116475,-0.0573895,-0.0571287,-0.0654389,-0.0651539,4737.82,-236.888,-2409.12,-0.00177405,0.0240253,-71.0723,4784.96,-236.008,2414.93,-0.00174693,-0.0238358,-71.0795,4657.69,-353.422,-1226.01,-0.00312556,0.0113397,-71.0135,4701.07,-354.503,1224.17,-0.00310664,-0.0112165,-71.0226
0.159,111.829,-1.66086,22.3291,0.00107806,-0.89659,-0.00111138,-0.000306558,0.000295777,0.00362089,3750.53,3,0,0.0235543,0,-0.0242277,0.0240935,-0.0116729,0.0116627,-0.0572271,-0.0569397,-0.0657178,-0.0653979,4742.74,-237.547,-2426.9,-0.00177918,0.0242308,-71.0606,4791.69,-239.656,2430.26,-0.00178194,-0.0239957,-71.0683,4659,-340.52,-1225.13,-0.00301074,0.0113461,-70.9949,4701.14,-341.075,1222.71,-0.00298923,-0.0112206,-71.0041
0.169,112.053,-1.66485,22.3223,0.00123263,-0.811007,0.0660301,-0.000219512,0.000313428,0.00377424,3749.62,3,0,0.0222949,0,-0.0241158,0.0239363,-0.0116799,0.0116685,-0.0570847,-0.0567728,-0.0659897,-0.0656386,4747.03,-206.844,-2445.05,-0.00147132,0.0244548,-71.0485,4796.75,-207.516,2447.2,-0.00146446,-0.0241974,-71.0573,4660.59,-336.949,-1227.18,-0.00297863,0.0113693,-70.9769,4700.97,-337.182,1223.94,-0.00295561,-0.0112396,-70.9859
0.179,112.276,-1.66884,22.3157,0.000981517,0.0995767,-0.307826,-0.000405859,0.000327082,0.00391659,3748.78,3,0,0.0208863,0,-0.0240997,0.0239059,-0.0116908,0.0116795,-0.0569605,-0.0566267,-0.0662545,-0.0658773,4748.03,-230.464,-2386.94,-0.00171445,0.02368,-71.0335,4797.7,-238.449,2391.14,-0.00177674,-0.0234575,-71.0428,4661.99,-327.635,-1222.49,-0.00289473,0.0113296,-70.9596,4700.24,-327.911,1218.28,-0.00287404,-0.0111951,-70.9684
0.189,112.499,-1.67283,22.3085,0.00142126,-0.99263,0.236547,-0.000124047,0.00033697,0.00404695,3747.97,3,0,0.0197723,0,-0.0240487,0.02391,-0.011693,0.0116816,-0.0568554,-0.0565026,-0.0665104,-0.0661118,4752.55,-189.651,-2441.92,-0.00130047,0.0243857,-71.0224,4800.15,-194.616,2440.27,-0.00133982,-0.0240913,-71.0321,4663.97,-325.216,-1229.79,-0.00287315,0.0114057,-70.9435,4699.79,-324.29,1224.81,-0.00284343,-0.0112698,-70.952
0.199,112.722,-1.67682,22.3016,0.00125304,-1.04916,-0.0222255,-0.000195793,0.000342941,0.0041646,3747.21,3,0,0.0185107,0,-0.0239465,0.0237979,-0.0116972,0.0116859,-0.0567718,-0.056407,-0.0667575,-0.0663429,4752.81,-203.233,-2400.51,-0.0014451,0.0238378,-71.0071,4799.8,-202.865,2401.8,-0.00142955,-0.023594,-71.0173,4665.78,-318.983,-1229.03,-0.00281642,0.011402,-70.9279,4699.07,-318.211,1223.86,-0.00278999,-0.0112701,-70.9359
0.209,112.945,-1.68081,22.2953,0.00131327,-0.514589,-0.0445232,-0.000162795,0.000345483,0.00426989,3746.44,3,0,0.0172282,0,-0.0239348,0.0237691,-0.0117068,0.0116956,-0.0567008,-0.0563293,-0.0669963,-0.0665703,4748.5,-211.236,-2415.2,-0.00152463,0.0240516,-70.9951,4794.68,-213.887,2419.04,-0.00153905,-0.023841,-71.0053,4668.15,-309.678,-1231.35,-0.00273215,0.0114337,-70.9126,4698.7,-309.297,1225.54,-0.0027113,-0.0113008,-70.9202
0.219,113.168,-1.6848,22.2884,0.00112098,-2.78424,-0.34371,-0.000251776,0.00034513,0.00436132,3745.71,3,0,0.0164011,0,-0.0239934,0.0238329,-0.0117143,0.0117036,-0.0566562,-0.0562804,-0.0672266,-0.0667933,4744.26,-134.79,-2351.63,-0.000777182,0.0232662,-70.9823,4788.97,-138.592,2363.68,-0.000808913,-0.0231785,-70.9926,4670.49,-307.023,-1233.73,-0.00270752,0.011457,-70.8971,4698.2,-306.293,1227.28,-0.00268524,-0.0113244,-70.9043
0.229,113.39,-1.68879,22.2833,0.00119582,-0.618806,-0.00369413,-0.000128615,0.000342591,0.0044408,3745,3,0,0.015034,0,-0.02396,0.0238035,-0.0117184,0.0117082,-0.0566295,-0.0562485,-0.0674481,-0.0670114,4737.95,-158.952,-2426.3,-0.00100454,0.02427,-70.971,4779.7,-160.57,2424.17,-0.00101634,-0.024004,-70.9821,4673.15,-301.482,-1233.41,-0.00265682,0.0114546,-70.8832,4698.25,-299.94,1227.01,-0.002629,-0.0113299,-70.8897
0.239,113.613,-1.69277,22.2767,0.00134167,-0.74622,0.0834597,4.15811e-05,0.000337297,0.00450691,3744.35,3,0,0.0138275,0,-0.0238385,0.0236989,-0.0117191,0.0117094,-0.0566273,-0.0562504,-0.0676607,-0.0672251,4732.44,-183.99,-2390.35,-0.00126559,0.0238244,-70.9545,4772.81,-182.244,2393.19,-0.00123978,-0.0236363,-70.9652,4676.23,-291.939,-1234.86,-0.00256985,0.0114751,-70.8697,4698.96,-291.31,1228.9,-0.00255193,-0.0113593,-70.8758
0.249,113.836,-1.69676,22.2717,0.00103944,-0.567077,-0.187296,-8.31236e-05,0.000330586,0.0045603,3743.67,3,0,0.0128747,0,-0.0238438,0.0236777,-0.0117234,0.0117147,-0.0566472,-0.0562746,-0.0678628,-0.0674308,4723.44,-142.934,-2404.75,-0.000857436,0.0240717,-70.9451,4762.36,-144.277,2406.98,-0.000867264,-0.02388,-70.9555,4679,-284.156,-1227.07,-0.00249832,0.0113966,-70.8566,4699.43,-284.008,1220.93,-0.00248623,-0.0112843,-70.8622
0.259,114.059,-1.70074,22.2655,0.00101254,-0.901945,-0.152383,-6.10627e-05,0.000322846,0.0046029,3742.94,3,0,0.0117483,0,-0.0239827,0.02378,-0.01173,0.0117215,-0.0566761,-0.0563117,-0.0680604,-0.0676346,4711.28,-144.47,-2396.82,-0.000873067,0.024037,-70.931,4749.25,-138.061,2392.57,-0.00080688,-0.0237671,-70.9415,4682.96,-283.474,-1243,-0.00249126,0.0115557,-70.8429,4701.52,-283.041,1237.37,-0.00247754,-0.0114527,-70.8482
0.269,114.281,-1.70473,22.2602,0.00110752,-0.795031,0.0581881,5.79084e-05,0.000314317,0.00463388,3742.41,3,0,0.0107425,0,-0.0239807,0.0237849,-0.0117331,0.0117251,-0.056736,-0.0563769,-0.068247,-0.0678294,4701.78,-127.49,-2402.05,-0.000702162,0.0241627,-70.9181,4737.17,-125.136,2395.17,-0.000679852,-0.0238702,-70.9285,4686.32,-279.453,-1239.56,-0.00245313,0.0115165,-70.8304,4703.26,-278.517,1233.97,-0.00243585,-0.0114187,-70.8352
0.279,114.504,-1.70871,22.2543,0.000969671,-0.422598,-0.0329988,5.61426e-05,0.000304953,0.00465531,3741.78,3,0,0.00953189,0,-0.024132,0.0239726,-0.0117374,0.0117301,-0.0568045,-0.0564538,-0.0684251,-0.0680177,4688.65,-168.916,-2390.38,-0.00112371,0.0240783,-70.9043,4722.24,-160.393,2388.37,-0.00103408,-0.0238612,-70.9148,4689.48,-267.358,-1239.73,-0.00234304,0.0115257,-70.8186,4705.12,-267.159,1234.98,-0.00233346,-0.0114389,-70.8231
0.289,114.726,-1.71269,22.25,0.00101804,0.103809,0.13327,0.000117736,0.000296047,0.00466631,3741.22,3,0,0.00862779,0,-0.0239313,0.0238302,-0.0117415,0.0117344,-0.0569097,-0.0565679,-0.0685945,-0.0681975,4680.31,-132.67,-2369.96,-0.000765841,0.0238616,-70.8942,4712.22,-131.723,2368.05,-0.000753975,-0.0236559,-70.904,4692.58,-263.656,-1241.79,-0.00230855,0.0115443,-70.8079,4707.19,-262.85,1236.91,-0.00229408,-0.0114594,-70.8121
0.299,114.949,-1.71667,22.2445,0.000840136,-1.12538,-0.172762,0.000104251,0.000287307,0.00466929,3740.62,3,0,0.00782362,0,-0.0239715,0.0237952,-0.0117439,0.0117373,-0.0570163,-0.0566872,-0.0687556,-0.06837,4671.16,-100.982,-2386.79,-0.000445983,0.0241394,-70.876,4703.42,-91.5716,2389.91,-0.000349913,-0.0239946,-70.8857,4695.57,-265.208,-1246.71,-0.00232125,0.011587,-70.7951,4709.61,-266.132,1243.23,-0.00232254,-0.0115158,-70.7992
0.309,115.171,-1.72066,22.2395,0.000762726,-0.214398,-0.00639909,7.34072e-05,0.000279242,0.00466658,3740.08,3,0,0.00665819,0,-0.0243174,0.0241288,-0.011746,0.0117399,-0.0571129,-0.0567927,-0.0689095,-0.0685349,4651.38,-115.226,-2394.93,-0.00058158,0.0243641,-70.8691,4682.49,-116.279,2385.48,-0.000594651,-0.024056,-70.8784,4698.1,-253.292,-1243.75,-0.00221274,0.0115639,-70.7837,4711.8,-252.961,1240.25,-0.00220323,-0.011495,-70.7877
0.319,115.393,-1.72464,22.2346,0.00121853,-1.57131,1.1331,0.000388905,0.000272042,0.0046552,3739.54,3,0,0.00601637,0,-0.0242005,0.0240806,-0.0117454,0.0117411,-0.0572609,-0.0569451,-0.0690545,-0.0686907,4647.71,-43.2972,-2444.23,0.000168688,0.0250508,-70.8508,4675.3,-51.8971,2409.75,6.28744e-05,-0.0244199,-70.8602,4700.37,-269.319,-1246.2,-0.0023563,0.0115652,-70.7729,4713.96,-261.693,1241.22,-0.00228097,-0.0114898,-70.7767
0.329,115.616,-1.72862,22.2301,0.000663041,-0.0761189,-0.00916969,9.46445e-05,0.000265696,0.00464041,3738.97,3,0,0.00482324,0,-0.0242997,0.0241955,-0.0117504,0.0117452,-0.0573922,-0.0570863,-0.0691937,-0.0688399,4631.93,-98.0952,-2399.51,-0.000406439,0.0245424,-70.8413,4660.97,-100.698,2398.65,-0.000433069,-0.0243577,-70.8501,4702.6,-243.584,-1246.02,-0.00212318,0.0115879,-70.7619,4716.53,-243.6,1243.59,-0.00211697,-0.0115292,-70.7658
0.339,115.838,-1.73259,22.226,0.000545181,-0.420895,-0.120611,0.000103446,0.000260619,0.00462002,3738.45,3,0,0.00409014,0,-0.0241983,0.0240726,-0.0117512,0.0117468,-0.0575455,-0.0572485,-0.0693249,-0.0689802,4624.5,-66.9658,-2373.59,-9.9217e-05,0.0242366,-70.8268,4654.07,-68.1078,2373.53,-0.000111514,-0.0240622,-70.8356,4704.59,-241.581,-1247.5,-0.00210436,0.0116009,-70.7513,4719.05,-242.585,1246.01,-0.00210689,-0.0115496,-70.7551
0.349,116.06,-1.73657,22.2206,0.000564563,-0.404057,-0.0211402,0.000121442,0.00025635,0.00459768,3737.91,3,0,0.00300154,0,-0.0244603,0.0242604,-0.0117529,0.0117483,-0.0576791,-0.0573924,-0.069451,-0.0691143,4608.64,-102.037,-2375.92,-0.000453711,0.0243632,-70.8151,4639.41,-100.854,2368.66,-0.00044428,-0.0240835,-70.8236,4706.69,-232.954,-1247.12,-0.00202487,0.0116013,-70.7414,4721.75,-233.377,1246.24,-0.00202222,-0.0115557,-70.7453
0.359,116.282,-1.74055,22.2162,0.000569476,-0.586819,0.0517381,0.000141912,0.000254186,0.00457216,3737.39,3,0,0.00216665,0,-0.0245275,0.0243831,-0.0117536,0.0117495,-0.0578319,-0.0575456,-0.0695709,-0.0692397,4598.74,-81.2782,-2395.47,-0.000232137,0.0246887,-70.8033,4628.34,-82.6372,2391.15,-0.000249334,-0.024451,-70.8122,4708.32,-228.005,-1248.73,-0.00197976,0.0116195,-70.731,4724.2,-228.436,1248.22,-0.00197695,-0.0115758,-70.735
0.369,116.504,-1.74452,22.2117,0.000558455,-0.644285,0.197432,0.000196085,0.00025255,0.00454463,3736.87,3,0,0.00128058,0,-0.0245298,0.0244108,-0.0117559,0.0117507,-0.0579881,-0.0577059,-0.0696841,-0.0693579,4591.14,-86.9122,-2381,-0.000294746,0.0245378,-70.7874,4621.06,-89.9765,2374.87,-0.000327477,-0.0242751,-70.7963,4710.17,-224.153,-1248.56,-0.00194378,0.0116173,-70.7213,4726.96,-223.07,1248.76,-0.00192706,-0.0115804,-70.7255
0.379,116.726,-1.7485,22.208,0.000335813,-0.518422,-0.205893,3.11315e-05,0.000251961,0.0045166,3736.38,3,0,0.000513023,0,-0.0246406,0.0245189,-0.0117553,0.0117516,-0.058138,-0.0578585,-0.0697917,-0.0694692,4580.85,-43.0143,-2380.89,0.000160989,0.024596,-70.7798,4612.05,-49.7815,2383.18,8.87967e-05,-0.024439,-70.7882,4711.8,-236.744,-1250.16,-0.00205775,0.0116167,-70.7115,4729.63,-235.974,1250.91,-0.00204307,-0.0115828,-70.7158
0.389,116.948,-1.75247,22.2038,0.000288489,-0.870043,-0.312278,6.49065e-06,0.000252638,0.00448829,3735.86,3,0.000514331,0,0,-0.0246611,0.0245084,-0.0117571,0.0117542,-0.0582883,-0.0580096,-0.069893,-0.0695725,4572.98,-57.882,-2369.23,4.80342e-06,0.0244862,-70.7661,4605.12,-41.8536,2372.93,0.000167519,-0.0243409,-70.7745,4713.4,-216.563,-1251.14,-0.00187373,0.0116442,-70.7024,4732.33,-218.173,1252.72,-0.00188082,-0.0116137,-70.7069
0.399,117.17,-1.75645,22.1998,0.000379256,0.0401053,-0.0452934,7.04623e-05,0.00025435,0.00446115,3735.36,3,0.00256006,0,0,-0.0248669,0.0246935,-0.0117587,0.0117551,-0.058425,-0.0581461,-0.0699899,-0.0696697,4563.28,-94.9113,-2380.53,-0.000373913,0.0247021,-70.7533,4595.39,-101.637,2376.14,-0.000445052,-0.024446,-70.7615,4715.03,-204.928,-1250.17,-0.00176721,0.0116417,-70.6927,4734.91,-205.642,1251.47,-0.00176633,-0.0116069,-70.6974
0.409,117.392,-1.76042,22.1964,0.000147268,0.296346,-0.445441,-8.39382e-05,0.000256388,0.00443474,3734.87,3,0.00403616,0,0,-0.0248941,0.0247561,-0.011761,0.0117576,-0.0585697,-0.0582879,-0.0700817,-0.0697612,4557.47,-81.43,-2378.2,-0.000232533,0.0247058,-70.7404,4590.22,-76.5597,2388.36,-0.000180266,-0.0246437,-70.7489,4716.81,-201.955,-1253,-0.00173936,0.0116697,-70.6834,4737.7,-203.946,1254.96,-0.00174988,-0.0116381,-70.6883
0.419,117.614,-1.76439,22.1922,0.000457146,-0.62729,-0.0166085,9.79185e-05,0.000259038,0.00441019,3734.44,3,0.0054014,0,0,-0.0247916,0.0247269,-0.0117581,0.0117547,-0.0587053,-0.0584217,-0.0701678,-0.0698456,4555.74,-61.6663,-2391.17,-2.34583e-05,0.0248942,-70.7255,4588.55,-63.9218,2398.42,-4.62547e-05,-0.0247907,-70.7339,4718.53,-200.256,-1254.17,-0.00172326,0.0116793,-70.6749,4740.19,-201.122,1256.09,-0.00172345,-0.0116465,-70.6799
0.429,117.836,-1.76836,22.1877,0.000545813,-0.552921,0.112884,0.000165847,0.000261646,0.00438849,3733.93,3,0.00730506,0,0,-0.0250329,0.0248888,-0.0117609,0.0117573,-0.0588174,-0.0585356,-0.0702487,-0.0699245,4547.62,-101.936,-2384.82,-0.000443142,0.0248586,-70.7107,4582.23,-102.765,2386.57,-0.00045089,-0.0246684,-70.7191,4720.19,-190.708,-1254.16,-0.00163536,0.0116839,-70.6663,4742.49,-190.997,1256.18,-0.00163056,-0.0116512,-70.6715
0.439,118.058,-1.77233,22.1855,0.000436969,0.211071,-0.0616309,7.94217e-05,0.00026417,0.00436908,3733.46,3,0.00852185,0,0,-0.0250168,0.0248406,-0.011763,0.0117599,-0.0589353,-0.0586516,-0.0703247,-0.0699976,4545.07,-48.3973,-2435.69,0.000136285,0.0255819,-70.6984,4580.52,-48.2416,2438.47,0.000133009,-0.0253927,-70.7066,4721.73,-191.625,-1257.61,-0.00164327,0.0117153,-70.6576,4744.38,-192.473,1259.78,-0.00164347,-0.0116826,-70.6629
0.449,118.28,-1.7763,22.1805,0.000435298,-0.487293,0.281198,7.38243e-05,0.000266605,0.00435368,3733.01,3,0.0103269,0,0,-0.0251298,0.0249859,-0.0117634,0.0117604,-0.0590324,-0.0587432,-0.070396,-0.0700658,4542.4,-92.6706,-2441.8,-0.000327539,0.0256883,-70.6814,4576.72,-92.5116,2428.49,-0.000330512,-0.0252809,-70.6902,4723.4,-181.956,-1256.24,-0.00155408,0.0117054,-70.6495,4746.22,-180.596,1258.37,-0.00153449,-0.0116739,-70.6548
0.459,118.502,-1.78027,22.1777,0.000450419,-0.304285,0.032358,7.17829e-05,0.000268287,0.00434125,3732.57,3,0.0116022,0,0,-0.0251452,0.0250325,-0.0117644,0.0117616,-0.0591267,-0.0588335,-0.0704623,-0.0701294,4540.33,-56.3757,-2414.29,4.84006e-05,0.0253131,-70.6706,4574.4,-55.957,2416.78,4.99835e-05,-0.0251313,-70.6793,4724.89,-180.831,-1257.06,-0.00154342,0.0117113,-70.6412,4747.65,-180.929,1259.07,-0.00153731,-0.0116775,-70.6466
0.469,118.723,-1.78424,22.1735,0.000670124,-0.488065,0.393298,0.000205643,0.000269338,0.00433244,3732.12,3,0.0132994,0,0,-0.0250812,0.0249585,-0.0117646,0.0117619,-0.0592089,-0.0589164,-0.0705239,-0.0701886,4539.88,-93.1208,-2355.04,-0.000357235,0.0244962,-70.6538,4574.4,-88.3868,2346.23,-0.000311311,-0.0241668,-70.6626,4726.51,-171.676,-1257.11,-0.00145883,0.0117155,-70.6334,4748.95,-170.841,1259.1,-0.00144478,-0.0116829,-70.6388
0.479,118.945,-1.78821,22.1704,0.00031546,-0.751537,-0.179287,-4.60042e-05,0.000269367,0.0043283,3731.69,3,0.0145053,0,0,-0.0252342,0.0250582,-0.0117615,0.0117592,-0.0592642,-0.0589726,-0.0705813,-0.0702445,4538.48,-47.6349,-2410.22,0.000141115,0.025267,-70.6451,4574.01,-44.4761,2410.63,0.000168547,-0.0250474,-70.6537,4728.02,-172.994,-1259.66,-0.00147069,0.0117372,-70.6252,4749.96,-173.399,1261.52,-0.00146808,-0.0117034,-70.6305
0.489,119.167,-1.79218,22.1679,0.000375585,0.369153,0.0341713,-1.70476e-05,0.000269036,0.00432694,3731.24,3,0.0160491,0,0,-0.0252186,0.0250719,-0.0117668,0.0117645,-0.0593262,-0.0590315,-0.0706341,-0.0702959,4542.32,-56.1763,-2477.09,7.484e-05,0.026188,-70.6302,4576.44,-52.2153,2470.23,0.000107934,-0.0258642,-70.639,4729.9,-168.797,-1264.84,-0.00143081,0.0117897,-70.6172,4751.18,-168.152,1266.49,-0.00141895,-0.011756,-70.6224
0.499,119.388,-1.79614,22.1632,0.000545998,-0.633917,0.267713,9.00125e-05,0.000267635,0.0043301,3730.82,3,0.0176321,0,0,-0.0252849,0.025166,-0.0117653,0.0117628,-0.0593665,-0.059071,-0.0706837,-0.0703453,4543.09,-63.6098,-2433.73,-1.69005e-05,0.0255689,-70.6185,4576,-64.7238,2424.77,-3.50913e-05,-0.0252328,-70.6271,4731.45,-156.288,-1259.45,-0.00131586,0.0117396,-70.6098,4751.9,-154.576,1260.43,-0.00129499,-0.0117019,-70.6148
0.509,119.61,-1.80011,22.1595,0.000506278,-0.581292,0.00767547,6.57906e-05,0.00026496,0.00433625,3730.39,3,0.0192782,0,0,-0.0252331,0.0251339,-0.0117643,0.0117618,-0.0594016,-0.0591078,-0.0707284,-0.0703912,4545.97,-87.9454,-2410.96,-0.000280917,0.0252326,-70.6055,4578.49,-84.1777,2415.52,-0.000241801,-0.0250901,-70.614,4733.21,-152.46,-1260.59,-0.00127997,0.01175,-70.6022,4752.71,-152.324,1261.5,-0.00127401,-0.0117126,-70.6071
0.519,119.831,-1.80407,22.1571,0.000430663,0.384064,-0.204992,1.31509e-05,0.0002617,0.00434577,3729.98,3,0.02073,0,0,-0.0252733,0.0251397,-0.0117664,0.011764,-0.0594187,-0.0591294,-0.0707691,-0.0704338,4549.77,-84.0059,-2432.24,-0.000233273,0.0255058,-70.5938,4582.34,-88.2347,2444.48,-0.00027549,-0.0254678,-70.6021,4734.95,-149.824,-1262.57,-0.00125524,0.0117681,-70.5947,4753.39,-150.207,1263.04,-0.00125446,-0.0117284,-70.5994
0.529,120.053,-1.80804,22.1532,0.000474344,-0.57712,-0.0371611,5.28516e-05,0.000257405,0.00435822,3729.57,3,0.0220153,0,0,-0.0253037,0.0251205,-0.0117629,0.0117608,-0.0594275,-0.0591423,-0.0708056,-0.0704737,4552.2,-63.2244,-2440.22,-1.16776e-05,0.025601,-70.5843,4583.83,-64.4008,2440.74,-2.84957e-05,-0.025405,-70.5927,4736.46,-146.536,-1256.27,-0.00122511,0.0117016,-70.5871,4753.84,-146.279,1256.79,-0.00121881,-0.0116656,-70.5915
0.539,120.274,-1.812,22.1504,0.000420516,0.0967846,0.133505,2.34937e-05,0.000252428,0.00437307,3729.16,3,0.023493,0,0,-0.0252574,0.0251131,-0.011768,0.0117658,-0.0594314,-0.059148,-0.0708395,-0.0705118,4558.34,-74.5819,-2443.05,-0.000128719,0.0256018,-70.5705,4588.19,-71.4928,2434.58,-0.000103084,-0.0252922,-70.579,4738.7,-141.818,-1264.7,-0.00118014,0.0117865,-70.58,4754.99,-139.956,1264.99,-0.00115946,-0.0117515,-70.5842
0.549,120.496,-1.81596,22.1463,0.000617805,-0.525605,0.214687,0.000184621,0.00024662,0.00439083,3728.77,3,0.0250286,0,0,-0.0253252,0.0252237,-0.0117646,0.0117624,-0.0594124,-0.0591334,-0.0708681,-0.070546,4560.88,-86.1127,-2420.6,-0.000256402,0.025272,-70.5608,4589.07,-83.8593,2419.88,-0.0002346,-0.0250841,-70.5692,4740.52,-138.152,-1264.17,-0.00114597,0.011779,-70.573,4755.71,-137.437,1264.41,-0.00113624,-0.0117455,-70.577
0.559,120.717,-1.81993,22.1433,0.000488577,-0.629466,0.04146,9.68953e-05,0.000240119,0.00440934,3728.38,3,0.0263233,0,0,-0.0252331,0.0251088,-0.0117668,0.0117648,-0.0594031,-0.0591321,-0.0708938,-0.0705781,4566.62,-73.923,-2414.46,-0.000132218,0.0251498,-70.5499,4594.65,-73.0247,2414.52,-0.000125211,-0.0249749,-70.5578,4742.33,-131.407,-1265.97,-0.00108323,0.0117975,-70.5659,4756.35,-131.29,1266.1,-0.00107942,-0.0117651,-70.5697
0.569,120.939,-1.82389,22.1399,0.000406807,-0.19164,-0.0404815,4.26809e-05,0.000233254,0.00443035,3728.01,3,0.0279738,0,0,-0.0252865,0.0251285,-0.0117653,0.0117633,-0.0593711,-0.0591073,-0.0709162,-0.0706078,4569.37,-99.4386,-2429.71,-0.000393169,0.0253451,-70.5402,4596.48,-101.794,2428.13,-0.0004199,-0.0251516,-70.5479,4744.08,-124.551,-1264.95,-0.00101958,0.0117867,-70.5589,4757.11,-124.084,1264.66,-0.00101293,-0.0117527,-70.5625
0.579,121.16,-1.82785,22.1372,0.000321564,-0.0471239,-0.0809497,1.58375e-05,0.000225898,0.0044513,3727.6,3,0.0292126,0,0,-0.0252195,0.0250556,-0.0117667,0.011765,-0.0593473,-0.0590905,-0.0709342,-0.0706338,4576.44,-86.2015,-2449.81,-0.000248866,0.0255802,-70.5296,4601.93,-88.6274,2446.72,-0.000278735,-0.0253742,-70.5371,4745.84,-122.623,-1270.79,-0.00100082,0.0118438,-70.5521,4757.9,-122.424,1270.15,-0.000996908,-0.0118082,-70.5555
0.589,121.381,-1.83181,22.1339,0.000317742,-0.027578,-0.0309765,5.45715e-05,0.000218298,0.00447336,3727.28,3,0.0306946,0,0,-0.0252183,0.0251237,-0.0117676,0.011766,-0.0593117,-0.0590585,-0.0709499,-0.0706583,4580.9,-104.627,-2426.95,-0.000449795,0.0252335,-70.5183,4604.35,-103.301,2427.19,-0.000436032,-0.0250895,-70.526,4747.51,-117.518,-1266.14,-0.000953905,0.0117945,-70.5455,4758.63,-117.041,1266.18,-0.000947631,-0.0117685,-70.5486
0.599,121.603,-1.83577,22.1311,0.00040065,0.0106541,0.0483227,0.000124185,0.000210447,0.00449556,3726.91,3,0.0319737,0,0,-0.0252002,0.0251089,-0.0117675,0.0117659,-0.0592712,-0.0590281,-0.0709624,-0.0706802,4583.94,-85.152,-2426.88,-0.00024629,0.0252131,-70.512,4606.61,-82.3605,2428.34,-0.000217764,-0.025091,-70.5192,4749.19,-112.519,-1272.7,-0.000906382,0.0118608,-70.5387,4759.5,-112.129,1272.67,-0.000901138,-0.0118357,-70.5416
0.609,121.824,-1.83973,22.1282,0.00061466,0.078595,0.481036,0.000297392,0.000202525,0.00451733,3726.57,3,0.0332964,0,0,-0.0250372,0.0249094,-0.0117664,0.0117646,-0.0592319,-0.0589991,-0.0709718,-0.0706991,4588.55,-85.419,-2420.97,-0.00025489,0.0251023,-70.5021,4610.02,-85.3132,2407.16,-0.000260174,-0.0247798,-70.509,4750.58,-109.313,-1260.02,-0.000877874,0.0117284,-70.5322,4760.09,-107.272,1260.04,-0.000857621,-0.0117069,-70.535
0.619,122.045,-1.84369,22.1248,0.000316629,-0.49748,0.0327427,8.45069e-05,0.000194764,0.00453887,3726.21,3,0.034557,0,0,-0.0250948,0.0249238,-0.0117635,0.011762,-0.0591786,-0.058954,-0.0709779,-0.0707147,4591.49,-68.9419,-2431.27,-8.00755e-05,0.0252254,-70.4924,4612.37,-72.4828,2423.98,-0.000124144,-0.0249948,-70.4992,4752.17,-104.026,-1272.79,-0.000827017,0.0118586,-70.526,4760.99,-103.007,1272.37,-0.000816368,-0.0118334,-70.5286
0.629,122.266,-1.84765,22.1214,0.000356386,-0.825825,-0.194969,0.000164818,0.000186837,0.00455912,3725.9,3,0.035939,0,0,-0.0251599,0.0250697,-0.011768,0.011766,-0.0591316,-0.0589123,-0.0709817,-0.0707287,4594.75,-93.3451,-2388.09,-0.000341584,0.0246133,-70.4824,4613.37,-95.269,2405.45,-0.000359775,-0.0247363,-70.489,4753.91,-90.1223,-1278.13,-0.000697353,0.0119153,-70.5198,4762.19,-91.0983,1277.77,-0.000705511,-0.011891,-70.5223
0.639,122.487,-1.85161,22.1188,0.000305223,-0.57552,0.128995,0.000125308,0.000179051,0.00457816,3725.56,3,0.0371647,0,0,-0.0251027,0.0250425,-0.0117649,0.0117634,-0.0590855,-0.0588761,-0.0709825,-0.0707394,4598.07,-65.12,-2457.25,-2.86512e-05,0.025544,-70.4758,4616.45,-68.2396,2454.94,-6.37556e-05,-0.0253954,-70.4819,4755.35,-98.7772,-1270.62,-0.00077862,0.011831,-70.5135,4763.07,-97.9111,1270.86,-0.000769579,-0.0118152,-70.5159
0.649,122.708,-1.85557,22.1173,0.000309982,0.613661,0.194609,0.000231997,0.000171924,0.00459461,3725.28,3,0.03842,0,0,-0.0249642,0.0248729,-0.011771,0.0117708,-0.0590556,-0.0588571,-0.0709819,-0.070748,4603.73,-73.0176,-2418.92,-0.000130785,0.0249789,-70.4649,4621.47,-73.3399,2414.43,-0.000136448,-0.0248084,-70.4711,4756.47,-94.2246,-1265.66,-0.000737256,0.0117791,-70.5074,4763.67,-92.8089,1266.16,-0.000723187,-0.0117676,-70.5096
0.659,122.93,-1.85952,22.1132,0.000199872,-0.246864,-0.03781,0.000102519,0.000164836,0.00461157,3724.94,3,0.0398647,0,0,-0.0252238,0.0250921,-0.0117669,0.0117655,-0.0589919,-0.0588031,-0.0709791,-0.070755,4599.58,-73.9575,-2452.05,-0.000120531,0.0254628,-70.4611,4618.02,-70.0094,2449.41,-8.33475e-05,-0.0253093,-70.4668,4757.99,-88.9068,-1269.82,-0.000687008,0.0118204,-70.5014,4764.98,-89.0116,1270.5,-0.000687066,-0.0118105,-70.5035
0.669,123.151,-1.86348,22.1109,0.000258115,0.196692,0.0514763,0.000149277,0.000158551,0.00462398,3724.66,3,0.0411167,0,0,-0.0249624,0.024872,-0.0117706,0.0117674,-0.0589718,-0.0587886,-0.0709726,-0.0707574,4608.75,-93.3631,-2431.46,-0.000334677,0.0251206,-70.4461,4625.84,-94.3146,2429.59,-0.000347112,-0.024989,-70.4519,4759.13,-82.578,-1273.31,-0.000627904,0.0118558,-70.4958,4765.97,-82.9292,1273.89,-0.000630342,-0.0118451,-70.4979
0.679,123.372,-1.86744,22.1075,0.000160328,-0.292161,0.00152061,0.000104362,0.000152386,0.00463613,3724.35,3,0.0424199,0,0,-0.0251238,0.0250691,-0.0117671,0.0117661,-0.0589245,-0.0587456,-0.0709653,-0.070759,4606.56,-83.1625,-2438.59,-0.000222971,0.0252326,-70.4428,4622.16,-84.4706,2439.96,-0.000237198,-0.0251541,-70.4484,4760.27,-79.4433,-1271.2,-0.00059884,0.0118324,-70.4899,4767.03,-79.382,1272.15,-0.000597444,-0.0118259,-70.4919
0.689,123.593,-1.87139,22.1052,0.00016344,-0.251654,-0.0433118,0.000134771,0.000146624,0.00464424,3724.06,3,0.0434917,0,0,-0.0248821,0.0248352,-0.011767,0.0117659,-0.0589027,-0.0587321,-0.0709547,-0.0707568,4612.42,-65.7773,-2484.21,-3.24428e-05,0.0258276,-70.4317,4627.9,-68.1593,2489.96,-5.60493e-05,-0.0258081,-70.437,4761.49,-78.021,-1278.29,-0.000584351,0.0119029,-70.4842,4768.2,-78.5419,1279.54,-0.000588386,-0.0118993,-70.4862
0.699,123.814,-1.87535,22.1016,-7.73115e-05,-1.05391,0.122998,-7.82773e-06,0.000141037,0.00465101,3723.78,3,0.044827,0,0,-0.0249535,0.0247958,-0.0117582,0.0117576,-0.0588587,-0.0586963,-0.070943,-0.0707533,4607.83,-93.652,-2357.19,-0.000360551,0.0241163,-70.4221,4623.34,-92.1176,2328.85,-0.00035403,-0.0236476,-70.427,4762.29,-70.4766,-1270.08,-0.000515764,0.0118189,-70.4789,4769,-69.272,1271.99,-0.000503804,-0.0118227,-70.4809
0.709,124.035,-1.8793,22.0996,0.000106492,-0.279221,0.0105805,0.000112941,0.000136439,0.00465513,3723.51,3,0.0460428,0,0,-0.0250821,0.0249821,-0.0117671,0.0117661,-0.0588224,-0.0586652,-0.0709301,-0.0707471,4605.14,-76.1288,-2445.51,-0.000149511,0.0253369,-70.4181,4620.08,-70.3593,2442.02,-9.352e-05,-0.0251945,-70.4233,4763.44,-69.8067,-1272.17,-0.000509008,0.0118378,-70.4732,4770.09,-69.7196,1273.83,-0.000507437,-0.0118388,-70.4752
0.719,124.256,-1.88325,22.0964,0.000187867,-0.56385,0.466777,0.000183936,0.00013184,0.00465577,3723.24,3,0.0474062,0,0,-0.0248951,0.0248313,-0.0117658,0.0117645,-0.0588084,-0.0586563,-0.0709147,-0.0707384,4609.1,-95.7395,-2499.51,-0.000341053,0.0260648,-70.4061,4622.75,-99.4522,2477.5,-0.000386751,-0.0256688,-70.4109,4764.48,-63.758,-1275.64,-0.000452073,0.0118725,-70.4681,4771.12,-61.7902,1277.27,-0.000433172,-0.0118736,-70.4701
0.729,124.477,-1.88721,22.0946,7.54e-05,0.360494,0.044872,0.000130013,0.000127319,0.00465441,3722.97,3,0.0486604,0,0,-0.0250312,0.0249837,-0.0117676,0.0117666,-0.0587848,-0.0586378,-0.0708978,-0.0707281,4604.24,-104.851,-2427.69,-0.000454535,0.025097,-70.4001,4617.95,-102.634,2428.03,-0.000431014,-0.0250165,-70.4052,4765.5,-58.7583,-1272.38,-0.000406216,0.0118377,-70.4627,4772.08,-58.7038,1274.48,-0.000405069,-0.0118434,-70.4646
0.739,124.697,-1.89116,22.0918,7.70743e-05,-0.2262,-0.0105066,0.000125632,0.000123181,0.00465004,3722.71,3,0.0496998,0,0,-0.0248714,0.0248234,-0.0117658,0.0117647,-0.0587786,-0.0586382,-0.0708797,-0.0707157,4605.49,-81.5005,-2428.62,-0.000214156,0.0251017,-70.393,4619.43,-80.9767,2431.36,-0.000208615,-0.0250527,-70.3975,4766.69,-57.1723,-1272.89,-0.000391173,0.0118405,-70.4574,4773.14,-57.3191,1274.91,-0.000391953,-0.0118456,-70.4594
0.749,124.918,-1.89511,22.0894,4.31581e-05,-0.715316,-0.108165,0.000113877,0.000119254,0.00464311,3722.47,3,0.0506523,0,0,-0.0248262,0.0247199,-0.0117664,0.0117654,-0.0587749,-0.0586398,-0.0708596,-0.070701,4605.57,-79.8696,-2374.3,-0.000214357,0.02436,-70.3833,4619.67,-66.151,2375.62,-7.57815e-05,-0.024293,-70.3878,4767.9,-49.5495,-1278.94,-0.000319623,0.0119011,-70.4523,4774.22,-50.8662,1281.19,-0.000331263,-0.0119087,-70.4542
0.759,125.139,-1.89906,22.0867,2.64426e-06,-0.602177,-0.127336,7.27568e-05,0.000115702,0.00463491,3722.21,3,0.0519721,0,0,-0.0250518,0.0249941,-0.0117664,0.0117655,-0.058758,-0.0586236,-0.0708385,-0.0706848,4600.47,-70.0705,-2412.09,-9.79028e-05,0.0249053,-70.3798,4612.8,-71.4693,2417.7,-0.000112932,-0.0249062,-70.3842,4768.68,-49.2357,-1274.15,-0.000317465,0.0118502,-70.4474,4774.88,-49.8573,1276.13,-0.000322711,-0.0118554,-70.4493
0.769,125.36,-1.90301,22.0846,-0.000210299,0.285589,-0.222256,-4.36279e-05,0.000111992,0.00462327,3721.94,3,0.0533549,0,0,-0.0248863,0.0248583,-0.0117661,0.0117649,-0.0587684,-0.0586381,-0.0708151,-0.0706667,4601.65,-104.912,-2440.67,-0.000453586,0.0252921,-70.3677,4613.68,-98.7272,2443.2,-0.000388297,-0.0252515,-70.372,4769.7,-41.1325,-1279.57,-0.000241138,0.0119045,-70.4427,4775.82,-41.4327,1282.01,-0.000243449,-0.0119147,-70.4445
0.779,125.581,-1.90696,22.0819,9.07727e-05,0.17692,0.0619318,0.000163839,0.000108328,0.00461058,3721.71,3,0.0545941,0,0,-0.0249985,0.0249749,-0.0117657,0.0117648,-0.0587613,-0.0586381,-0.0707906,-0.0706472,4596.75,-115.932,-2407.64,-0.000576541,0.0248675,-70.362,4608.92,-113.482,2412.67,-0.000549294,-0.0248617,-70.366,4770.51,-37.279,-1274.1,-0.000206289,0.0118469,-70.4379,4776.48,-37.3524,1276.41,-0.00020661,-0.0118562,-70.4397
0.789,125.802,-1.91091,22.08,9.17316e-06,-0.256274,-0.0961066,0.000120663,0.00010496,0.00459467,3721.48,3,0.0553613,0,0,-0.0249182,0.0248442,-0.0117675,0.0117666,-0.0587766,-0.0586594,-0.0707643,-0.0706253,4597.36,-69.7359,-2437.18,-8.98623e-05,0.0252701,-70.3545,4610.08,-69.1524,2443.2,-8.33907e-05,-0.0252733,-70.3583,4771.44,-38.4648,-1275.09,-0.00021716,0.0118547,-70.4332,4777.22,-38.6301,1277.53,-0.000218291,-0.0118658,-70.4349
0.799,126.022,-1.91486,22.0777,1.20906e-05,-0.875686,-0.0332419,0.000107719,0.000101713,0.0045777,3721.24,3,0.0562475,0,0,-0.0249739,0.0249035,-0.0117661,0.0117653,-0.0587853,-0.058669,-0.0707371,-0.0706025,4595.25,-55.8462,-2409.71,4.702e-05,0.0249038,-70.3459,4606.71,-43.0967,2410.97,0.000175729,-0.0248489,-70.3499,4772.39,-39.496,-1275.54,-0.000226651,0.0118569,-70.4286,4777.99,-39.5341,1278.01,-0.000226595,-0.0118687,-70.4303
0.809,126.243,-1.91881,22.0753,-8.71489e-05,-0.117716,-0.0508328,4.12535e-05,9.84723e-05,0.00455935,3721.01,3,0.0577192,0,0,-0.0250148,0.0249727,-0.0117657,0.0117651,-0.0587966,-0.0586816,-0.0707089,-0.0705785,4591.55,-81.9498,-2427.37,-0.000217343,0.0251718,-70.3398,4601.86,-82.8614,2427.07,-0.000228239,-0.025103,-70.3435,4773.29,-30.1523,-1275.68,-0.000139853,0.0118571,-70.424,4778.7,-30.0688,1278.01,-0.000138769,-0.0118679,-70.4257
0.819,126.464,-1.92276,22.0736,-2.45354e-05,0.134277,0.0148716,9.70738e-05,9.51933e-05,0.00453866,3720.78,3,0.0587001,0,0,-0.0248458,0.0248439,-0.011766,0.0117651,-0.0588217,-0.0587111,-0.0706789,-0.0705528,4592.97,-71.4035,-2453.27,-0.000102788,0.0255214,-70.33,4602.87,-75.0208,2457.51,-0.000138948,-0.0255173,-70.3336,4774.27,-27.753,-1277.5,-0.000117164,0.0118735,-70.4197,4779.48,-27.6986,1279.89,-0.000116378,-0.0118854,-70.4212
0.829,126.684,-1.9267,22.0708,-4.77981e-07,-0.443322,0.0867722,0.00013268,9.15248e-05,0.0045177,3720.56,3,0.0598162,0,0,-0.025023,0.0249571,-0.0117652,0.0117641,-0.058828,-0.058726,-0.0706482,-0.0705267,4586.27,-74.3864,-2421.51,-0.000141174,0.0251236,-70.3262,4597.35,-71.6197,2417.54,-0.000114253,-0.0249995,-70.3296,4775.21,-24.5266,-1276.49,-8.74468e-05,0.0118611,-70.4152,4780.12,-23.9454,1279.06,-8.18417e-05,-0.0118755,-70.4168
0.839,126.905,-1.93065,22.0687,-0.000161461,-0.574219,-0.156247,-2.81572e-06,8.81536e-05,0.00449501,3720.34,3,0.0608275,0,0,-0.0249395,0.0248562,-0.011764,0.0117635,-0.058851,-0.0587516,-0.0706155,-0.0704981,4586.33,-73.1069,-2416.44,-0.000131545,0.0250531,-70.3152,4596.93,-68.8489,2415.88,-8.96666e-05,-0.0249791,-70.3186,4776.09,-22.2742,-1277.03,-6.66052e-05,0.0118646,-70.4112,4780.69,-22.3522,1279.44,-6.71207e-05,-0.0118781,-70.4127
0.849,127.126,-1.9346,22.0663,-6.23417e-05,-0.11127,0.0191024,8.07511e-05,8.49632e-05,0.00447225,3720.11,3,0.0622094,0,0,-0.0251155,0.0250485,-0.0117645,0.0117638,-0.0588657,-0.0587674,-0.0705832,-0.0704697,4580.73,-102.816,-2418.79,-0.000436552,0.0251213,-70.3095,4589.84,-101.827,2416.25,-0.000427871,-0.0250293,-70.313,4777.05,-14.0142,-1276.3,1.0122e-05,0.0118548,-70.407,4781.38,-13.6943,1278.64,1.32462e-05,-0.0118684,-70.4084
0.859,127.346,-1.93854,22.0642,-0.000206633,-0.299146,-0.354282,-1.17845e-05,8.12289e-05,0.00444763,3719.92,3,0.0631972,0,0,-0.0250083,0.0249854,-0.0117644,0.0117635,-0.0588985,-0.0588029,-0.0705484,-0.0704396,4580.23,-98.651,-2383.98,-0.00040494,0.0246456,-70.3007,4588.85,-94.1314,2396.78,-0.000354383,-0.024768,-70.304,4777.96,-9.239,-1276.71,5.45566e-05,0.0118566,-70.4028,4782.01,-10.3596,1279,4.42646e-05,-0.0118704,-70.4041
0.869,127.567,-1.94249,22.062,-0.000108883,-0.684693,0.0255054,4.13219e-05,7.75508e-05,0.00442298,3719.69,3,0.0641421,0,0,-0.0248928,0.0248836,-0.0117597,0.011759,-0.0589238,-0.058833,-0.0705129,-0.0704085,4580.24,-92.7683,-2382.26,-0.000345399,0.0246219,-70.2933,4588.39,-90.8369,2378.04,-0.000326572,-0.0245146,-70.2964,4778.91,-8.20577,-1277.84,6.43474e-05,0.0118659,-70.3989,4782.58,-7.53767,1280.09,7.06249e-05,-0.01188,-70.4002
0.879,127.788,-1.94643,22.0603,-5.10774e-05,-0.288717,0.059485,9.73168e-05,7.38476e-05,0.00439821,3719.48,3,0.0651941,0,0,-0.0250316,0.0249573,-0.0117632,0.0117622,-0.058942,-0.058859,-0.0704765,-0.0703765,4576.64,-86.7712,-2420.99,-0.000271079,0.0251774,-70.2884,4585.4,-83.9132,2415.55,-0.000243777,-0.025047,-70.2913,4779.61,-4.3548,-1278.29,9.98479e-05,0.0118686,-70.3949,4782.92,-3.54959,1280.53,0.000107361,-0.0118834,-70.3961
0.889,128.008,-1.95038,22.0583,-0.000162071,0.000127317,-0.0613423,1.02651e-05,7.01903e-05,0.00437318,3719.26,3,0.0663529,0,0,-0.0250722,0.0249947,-0.011763,0.0117622,-0.0589648,-0.0588849,-0.0704389,-0.0703433,4574.04,-94.1342,-2448.12,-0.000338499,0.0255719,-70.281,4581.89,-99.3995,2443.08,-0.000396051,-0.0254512,-70.2836,4780.66,-0.168349,-1279.67,0.000139242,0.0118798,-70.391,4783.58,0.197016,1281.73,0.000142685,-0.0118939,-70.3922
0.899,128.229,-1.95432,22.0558,7.73574e-05,-0.651392,-0.163159,0.000177668,6.6516e-05,0.004348,3719.07,3,0.0673602,0,0,-0.025019,0.0250061,-0.0117595,0.0117587,-0.0589884,-0.05891,-0.0704001,-0.070309,4572.55,-102.399,-2350.67,-0.000452927,0.0242383,-70.2719,4579.56,-103.667,2372.34,-0.000458942,-0.0244906,-70.2748,4781.32,2.54181,-1276.59,0.000163358,0.0118465,-70.3875,4783.9,0.962758,1278.27,0.000148711,-0.0118577,-70.3884
0.909,128.449,-1.95826,22.0546,-4.83165e-05,0.475026,-0.000637114,8.58941e-05,6.19301e-05,0.00432344,3718.86,3,0.0685187,0,0,-0.0252183,0.0252006,-0.0117629,0.0117623,-0.0590049,-0.0589309,-0.0703616,-0.0702761,4568.71,-116.656,-2423.29,-0.000578279,0.0252595,-70.2683,4574.64,-113.21,2427.49,-0.000541312,-0.0252804,-70.2708,4782.39,7.62382,-1279.08,0.000211206,0.0118688,-70.3835,4784.56,7.65966,1281.08,0.000211533,-0.011884,-70.3844
0.919,128.67,-1.96221,22.0529,-0.000350975,-0.553875,-0.275583,-0.000138688,5.78391e-05,0.00429768,3718.71,3,0.0690159,0,0,-0.0248635,0.0248615,-0.0117578,0.0117576,-0.0590449,-0.0589731,-0.0703205,-0.0702397,4574.47,-61.1241,-2419.6,-4.70045e-06,0.0251703,-70.2605,4580.07,-67.1184,2421.46,-6.55038e-05,-0.0251613,-70.2626,4783.5,6.61534,-1288.32,0.000203877,0.0119608,-70.3798,4785.21,6.68345,1289.95,0.000204505,-0.0119734,-70.3806
0.929,128.89,-1.96615,22.0501,-0.000134288,-0.0911561,-0.120578,2.93999e-05,5.38611e-05,0.00427389,3718.45,3,0.0706105,0,0,-0.0252319,0.0251643,-0.0117623,0.0117616,-0.0590499,-0.0589862,-0.0702805,-0.0702046,4568.58,-137.216,-2446.24,-0.000789611,0.0255792,-70.2529,4574.22,-132.087,2448.85,-0.000735572,-0.0255796,-70.2543,4784.3,14.2436,-1281.31,0.000273126,0.011886,-70.3763,4785.62,14.4336,1282.99,0.000274872,-0.0119,-70.3771
0.939,129.111,-1.97009,22.0492,-0.00032737,0.226598,-0.389786,-7.49658e-05,4.98064e-05,0.00424938,3718.28,3,0.071326,0,0,-0.0251025,0.0250429,-0.0117611,0.0117608,-0.0590783,-0.0590183,-0.0702384,-0.0701676,4567.18,-86.9304,-2413.86,-0.000271847,0.0251384,-70.2494,4572.25,-88.9591,2421.57,-0.000291082,-0.0252133,-70.2516,4784.56,14.6033,-1277.66,0.000274657,0.011848,-70.3726,4785.54,13.3138,1279.41,0.00026278,-0.0118637,-70.3732
0.949,129.331,-1.97404,22.0466,-0.000145548,-0.244749,0.188382,2.28314e-05,4.54772e-05,0.0042254,3718.09,3,0.0724367,0,0,-0.025117,0.0251269,-0.0117614,0.0117609,-0.0590999,-0.0590439,-0.0701956,-0.0701302,4570.1,-119.381,-2455.44,-0.000600358,0.0256996,-70.2394,4573.82,-118.648,2446.06,-0.000595277,-0.0255441,-70.2413,4785.86,19.8252,-1279.77,0.00032422,0.0118655,-70.3695,4786.53,21.5841,1281.71,0.000340618,-0.0118833,-70.3701
0.959,129.552,-1.97798,22.0452,-5.50327e-05,-0.320937,0.027605,9.65224e-05,4.13968e-05,0.00420211,3717.91,3,0.0732321,0,0,-0.0250985,0.0251096,-0.0117597,0.011759,-0.0591155,-0.0590649,-0.070152,-0.0700916,4568.24,-96.9262,-2416.84,-0.000375241,0.0251731,-70.236,4571.98,-93.8046,2419.57,-0.000341792,-0.0251874,-70.238,4786.73,21.9602,-1280.07,0.000344069,0.011866,-70.366,4787.03,22.0911,1281.71,0.000345369,-0.011882,-70.3665
0.969,129.772,-1.98192,22.0442,-6.15341e-05,0.429391,0.138318,0.00010554,3.70099e-05,0.00417879,3717.74,3,0.0742033,0,0,-0.0250141,0.0249578,-0.0117602,0.0117602,-0.0591381,-0.0590946,-0.070108,-0.0700531,4569.11,-102.138,-2390.41,-0.000439124,0.0248022,-70.2285,4572.83,-102.997,2381.29,-0.000451561,-0.024654,-70.2301,4787.49,27.7419,-1278.85,0.000397324,0.0118504,-70.3626,4787.44,28.1444,1280.48,0.000401165,-0.0118671,-70.363
0.979,129.992,-1.98586,22.0425,-0.000339931,0.724197,-0.265082,-8.77213e-05,3.27232e-05,0.0041569,3717.52,3,0.0752782,0,0,-0.0250027,0.0248787,-0.0117596,0.0117592,-0.0591461,-0.059106,-0.070063,-0.0700135,4565.07,-107.104,-2427.19,-0.000486064,0.0253369,-70.2225,4568.53,-111.632,2422.24,-0.000536408,-0.0252456,-70.2239,4787.6,28.1733,-1268.53,0.000398504,0.0117447,-70.3595,4787.23,27.5411,1270.15,0.000392837,-0.0117622,-70.3598
0.989,130.213,-1.9898,22.0399,-7.70951e-05,-0.31859,0.226952,0.000115315,2.8398e-05,0.00413504,3717.43,3,0.076164,0,0,-0.0251047,0.0250867,-0.0117584,0.0117581,-0.0591507,-0.0591138,-0.0700173,-0.0699731,4566.33,-115.134,-2381.09,-0.000574862,0.024691,-70.2159,4567.63,-116.886,2370.96,-0.000594807,-0.0245441,-70.2176,4789.28,30.0737,-1281.34,0.000419465,0.011871,-70.3564,4788.49,31.6217,1282.93,0.00043395,-0.0118888,-70.3568
0.999,130.433,-1.99374,22.0385,-8.43983e-05,-0.224857,0.00619538,0.000114097,2.38662e-05,0.00411432,3717.22,3,0.0770326,0,0,-0.0251918,0.0252075,-0.0117576,0.0117573,-0.0591555,-0.0591221,-0.0699719,-0.0699333,4563.9,-99.3177,-2421.24,-0.000397905,0.0252619,-70.2138,4564.65,-90.8171,2425.81,-0.000307423,-0.0253207,-70.2155,4789.94,34.6361,-1279.27,0.000460764,0.0118471,-70.3532,4788.76,34.3734,1281.03,0.0004586,-0.011868,-70.3533
1.009,130.654,-1.99768,22.0367,-0.000214146,-0.439623,-0.408805,-3.09917e-05,1.95419e-05,0.00409301,3717.05,3,0.0779149,0,0,-0.0250034,0.0249948,-0.0117542,0.0117539,-0.059175,-0.0591465,-0.0699244,-0.0698911,4569.19,-95.1765,-2466,-0.000344292,0.0258545,-70.205,4570.12,-97.0124,2484.92,-0.000358849,-0.026116,-70.2058,4790.6,33.8823,-1277.14,0.000453081,0.0118239,-70.3509,4789.01,32.9826,1278.28,0.000444947,-0.0118397,-70.351
1.019,130.874,-2.00162,22.0353,-0.000145212,-0.336255,0.0281852,3.63999e-05,1.54797e-05,0.0040729,3716.91,3,0.0788276,0,0,-0.0251906,0.0251474,-0.0117572,0.011757,-0.0591803,-0.0591578,-0.0698775,-0.0698494,4566.71,-103.567,-2414.36,-0.000445006,0.0251484,-70.2012,4566.93,-103.415,2410.1,-0.000446084,-0.0250878,-70.202,4791.36,37.9666,-1275.93,0.00049062,0.0118086,-70.3477,4789.5,38.5356,1277.17,0.00049616,-0.0118255,-70.3477
1.029,131.094,-2.00556,22.0346,-0.000175282,0.0695386,0.00684119,2.01813e-05,1.14285e-05,0.00405312,3716.74,3,0.0795549,0,0,-0.0252305,0.0252121,-0.011758,0.0117577,-0.0591889,-0.0591693,-0.0698297,-0.0698069,4567.12,-76.966,-2437.04,-0.000156893,0.0254612,-70.1985,4566.65,-73.3127,2433.28,-0.000121022,-0.0254114,-70.1995,4792.36,40.9789,-1282.25,0.000519832,0.0118698,-70.3442,4790.27,41.1918,1283.68,0.000522187,-0.0118894,-70.3441
1.039,131.314,-2.0095,22.0333,-0.000251945,0.549463,0.0116207,-3.44038e-05,7.5341e-06,0.00403311,3716.64,3,0.0805341,0,0,-0.025006,0.0250449,-0.0117572,0.011757,-0.0592057,-0.0591897,-0.0697806,-0.069763,4573.21,-99.5468,-2468.1,-0.000388238,0.0258578,-70.1889,4571.78,-96.3212,2465.33,-0.000355063,-0.0258282,-70.1898,4793.23,48.1553,-1291.48,0.000588517,0.0119598,-70.3415,4790.95,48.4792,1292.74,0.000591948,-0.0119781,-70.3414
1.049,131.535,-2.01344,22.0311,-0.000157933,-0.502619,-0.0509844,5.45461e-05,3.23314e-06,0.00401499,3716.43,3,0.0812576,0,0,-0.025273,0.0252603,-0.0117565,0.0117562,-0.0591919,-0.0591856,-0.0697322,-0.0697202,4567.06,-65.6669,-2433.09,-3.89171e-05,0.0254057,-70.1904,4566.74,-65.7014,2434.95,-3.85647e-05,-0.0254337,-70.1907,4793.81,48.4778,-1282.99,0.000589202,0.0118715,-70.3385,4791.28,49.0714,1284.5,0.000595171,-0.0118928,-70.3383
1.059,131.755,-2.01737,22.0298,-0.000165473,0.165155,-0.0597329,4.74626e-05,-1.98364e-07,0.00399572,3716.26,3,0.0823621,0,0,-0.0251038,0.0250956,-0.0117561,0.0117562,-0.0592042,-0.0591996,-0.0696822,-0.0696747,4571.41,-103.234,-2416.52,-0.000440054,0.0251485,-70.1787,4569.83,-104.882,2418.54,-0.000457924,-0.0251865,-70.1792,4794.4,50.4614,-1285.24,0.000607964,0.0118923,-70.3362,4791.64,50.2036,1286.42,0.000606087,-0.0119111,-70.336
1.069,131.975,-2.02131,22.028,-0.000122496,-0.416566,0.0469908,6.60027e-05,-3.96792e-06,0.00397766,3716.14,3,0.0831237,0,0,-0.0252436,0.0252271,-0.0117558,0.0117557,-0.0591978,-0.0591971,-0.0696329,-0.0696305,4569.45,-88.3328,-2437.26,-0.000276695,0.0254498,-70.1768,4567.28,-88.7538,2434.93,-0.000282914,-0.025431,-70.177,4795.2,53.3895,-1283.76,0.000634513,0.0118742,-70.3334,4792.27,53.6506,1284.88,0.000637413,-0.0118926,-70.3331
1.079,132.196,-2.02525,22.0271,-0.000484156,0.486821,-0.478995,-0.000178904,-7.39068e-06,0.00395932,3716.1,3,0.0841637,0,0,-0.0250737,0.0251022,-0.0117542,0.0117548,-0.0592042,-0.0592059,-0.0695827,-0.0695852,4570.46,-104.83,-2415.36,-0.000456639,0.0251385,-70.1712,4567.84,-108.092,2426.68,-0.000488729,-0.0253122,-70.1715,4796.07,55.1861,-1293.13,0.000653626,0.0119672,-70.3304,4793.05,53.9566,1294,0.000642766,-0.0119839,-70.3301
1.089,132.416,-2.02919,22.0246,-6.65823e-05,0.443275,0.0178907,0.000131038,-1.1347e-05,0.00394191,3715.87,3,0.0854309,0,0,-0.0253658,0.0253845,-0.0117543,0.0117544,-0.0591831,-0.0591905,-0.069532,-0.0695396,4565.84,-177.45,-2389.71,-0.00121818,0.0248057,-70.1645,4562.88,-165.793,2397.33,-0.00109631,-0.0249313,-70.165,4796.67,67.8285,-1283.4,0.000767478,0.0118611,-70.3285,4793.44,67.1138,1284.91,0.000761575,-0.0118846,-70.3281
1.099,132.636,-2.03312,22.0245,-0.000137789,0.335224,0.0632214,2.72948e-05,-1.47573e-05,0.00392254,3715.72,3,0.0856835,0,0,-0.0250736,0.0250893,-0.0117531,0.0117533,-0.0591999,-0.0592117,-0.06948,-0.0694917,4571.02,-75.6248,-2450.12,-0.000140577,0.0256189,-70.1632,4568.16,-83.3077,2448.97,-0.000221927,-0.0256217,-70.1626,4797.4,61.3948,-1284.05,0.000708171,0.0118687,-70.3256,4793.78,62.2267,1284.8,0.000716393,-0.0118848,-70.3253
1.109,132.856,-2.03706,22.0227,-0.000142358,-0.0190139,-0.0275856,9.40007e-05,-1.79495e-05,0.00390473,3715.61,3,0.0865921,0,0,-0.025248,0.0252291,-0.0117527,0.0117529,-0.059191,-0.0592067,-0.069429,-0.069445,4569.82,-102.066,-2406.05,-0.000430943,0.0250139,-70.1573,4566.25,-98.4502,2407.9,-0.000393595,-0.0250617,-70.1576,4797.77,62.0324,-1278.2,0.000712348,0.0118078,-70.3233,4794.01,61.7895,1279.52,0.000710834,-0.0118304,-70.3228
1.119,133.076,-2.041,22.0214,-0.000296822,0.110003,-0.0919074,-3.49274e-05,-2.13678e-05,0.00388644,3715.48,3,0.0874322,0,0,-0.0251889,0.0251742,-0.0117521,0.0117526,-0.0591934,-0.0592118,-0.0693772,-0.0693977,4571.29,-95.7333,-2437.56,-0.0003546,0.0254423,-70.1537,4567.14,-96.8563,2434.24,-0.000367931,-0.0254224,-70.1533,4798.69,68.5854,-1284.42,0.000774288,0.0118663,-70.3211,4794.73,68.7564,1285.64,0.000776654,-0.0118882,-70.3206
1.129,133.297,-2.04493,22.021,-0.000147877,-0.0489458,0.423023,6.64343e-05,-2.43618e-05,0.00386748,3715.39,3,0.0878394,0,0,-0.0250176,0.0250828,-0.0117523,0.0117526,-0.0592012,-0.0592216,-0.0693246,-0.0693491,4576.44,-58.665,-2475.31,4.48338e-05,0.0259365,-70.1477,4570.8,-67.3223,2458.44,-5.04358e-05,-0.0257366,-70.1475,4799.51,66.4762,-1291.81,0.000756715,0.0119408,-70.3189,4795.39,69.3437,1293.03,0.000783987,-0.011962,-70.3183
1.139,133.517,-2.04887,22.0183,-0.00012219,-0.264378,-0.027289,0.000102096,-2.77269e-05,0.00384953,3715.25,3,0.0891505,0,0,-0.0251622,0.0251769,-0.0117514,0.0117518,-0.0591839,-0.0592121,-0.069272,-0.0693011,4571.2,-113.4,-2414.89,-0.000547449,0.0251271,-70.1443,4567.11,-106.965,2419.8,-0.000479185,-0.0252212,-70.144,4800,72.6414,-1284.46,0.000811407,0.0118617,-70.3169,4795.75,71.7549,1285.82,0.000804094,-0.0118862,-70.3163
1.149,133.737,-2.0528,22.0172,-0.000277199,-0.722459,0.0797021,-2.93078e-05,-3.08089e-05,0.00383092,3715.1,3,0.0896873,0,0,-0.0251535,0.0251415,-0.0117486,0.0117489,-0.0591793,-0.0592113,-0.069219,-0.0692519,4569.97,-88.0855,-2424.54,-0.000279422,0.025269,-70.1422,4565.61,-84.4892,2411.52,-0.0002466,-0.0251157,-70.1414,4800.66,79.0063,-1283.67,0.00086988,0.0118489,-70.3145,4796.17,80.489,1284.85,0.000884478,-0.011871,-70.314
1.159,133.957,-2.05674,22.0167,-0.000146033,0.454071,0.106212,7.91272e-05,-3.34703e-05,0.00381229,3715.03,3,0.0906701,0,0,-0.0252212,0.0252107,-0.0117495,0.0117496,-0.0591746,-0.0592072,-0.0691664,-0.0692027,4569.48,-108.658,-2422.97,-0.000493719,0.0252503,-70.1369,4563.99,-108.709,2417.01,-0.000497156,-0.0252023,-70.1364,4801.45,79.4941,-1285.84,0.000874596,0.011869,-70.3124,4796.76,79.9178,1287.05,0.000879544,-0.0118924,-70.3118
1.169,134.177,-2.06067,22.0154,-0.000347918,0.232464,-0.269346,-7.09602e-05,-3.66473e-05,0.00379293,3714.92,3,0.0914214,0,0,-0.0251601,0.0251861,-0.0117488,0.0117493,-0.0591795,-0.059214,-0.0691125,-0.0691532,4570.67,-100.546,-2409.56,-0.000413315,0.0250571,-70.1331,4564.74,-95.007,2417.22,-0.000353591,-0.0252005,-70.1323,4802.04,83.1813,-1285.69,0.000908362,0.0118641,-70.3104,4797.26,82.4708,1286.87,0.000902889,-0.011888,-70.3098
1.179,134.397,-2.06461,22.0143,-0.000167623,0.586531,0.0265075,5.39553e-05,-3.98232e-05,0.00377393,3714.81,3,0.0922851,0,0,-0.0252161,0.025276,-0.011748,0.0117487,-0.0591743,-0.0592128,-0.0690585,-0.0691033,4570.37,-108.825,-2444.14,-0.000489551,0.0255401,-70.1307,4563.63,-108.493,2448.57,-0.000484504,-0.0256457,-70.1296,4802.69,85.6579,-1285.16,0.000930912,0.0118559,-70.3084,4797.68,85.8191,1286.2,0.000933456,-0.0118784,-70.3077
1.189,134.617,-2.06854,22.0122,-0.000209109,-0.145888,-0.0328412,1.71277e-05,-4.27122e-05,0.00375399,3714.73,3,0.0931567,0,0,-0.0251217,0.0251475,-0.0117466,0.0117471,-0.059178,-0.0592217,-0.0690041,-0.0690525,4572.73,-128.083,-2410.69,-0.000701314,0.0250584,-70.1231,4566.49,-130.884,2412,-0.000731087,-0.0251157,-70.122,4803.43,80.6325,-1284.96,0.000884665,0.0118547,-70.3075,4798.2,80.5744,1285.76,0.000885202,-0.0118754,-70.3069
1.199,134.837,-2.07248,22.0118,-0.000216675,-0.518989,-0.0589345,3.4846e-05,-4.57852e-05,0.00373414,3714.62,3,0.0934478,0,0,-0.0251999,0.0251955,-0.0117469,0.0117478,-0.059173,-0.059221,-0.0689492,-0.0690017,4571.81,-71.3194,-2420.3,-0.000104605,0.0251978,-70.1227,4565.41,-65.371,2421.06,-4.28408e-05,-0.0252486,-70.1215,4803.93,84.8423,-1285.87,0.000923255,0.0118606,-70.3048,4798.49,84.6913,1287.02,0.000923041,-0.0118854,-70.304
1.209,135.057,-2.07641,22.0107,1.31587e-05,-0.55958,0.143233,0.000200177,-4.85807e-05,0.00371367,3714.4,3,0.0942189,0,0,-0.0249995,0.0250003,-0.0117441,0.0117434,-0.0591744,-0.0592265,-0.0688928,-0.0689488,4573.58,-74.4015,-2356.87,-0.000159047,0.0243158,-70.1175,4566.21,-73.3191,2361.79,-0.000147811,-0.0244274,-70.1163,4804.62,88.6147,-1290.12,0.000958794,0.0119003,-70.3025,4798.9,89.7823,1290.48,0.000970536,-0.0119171,-70.3017
1.219,135.278,-2.08034,22.0088,-0.000198921,-0.0936389,0.357957,7.02093e-05,-5.18729e-05,0.00369367,3714.43,3,0.0954612,0,0,-0.0251128,0.0251824,-0.0117439,0.0117448,-0.0591669,-0.0592176,-0.0688392,-0.0688995,4572.27,-146.265,-2497.35,-0.000875961,0.0262757,-70.1111,4563.43,-139.639,2479.41,-0.000810572,-0.0260803,-70.1101,4805.05,95.3931,-1281.32,0.00101861,0.0118055,-70.3012,4799.21,96.5344,1282.87,0.00103051,-0.0118346,-70.3003
1.229,135.498,-2.08428,22.0094,-0.000142601,0.93019,0.0482875,7.92607e-05,-5.52123e-05,0.00367252,3714.34,3,0.0959452,0,0,-0.0252297,0.025248,-0.011746,0.0117473,-0.0591634,-0.0592213,-0.0687841,-0.0688483,4567.41,-89.7,-2433.51,-0.00029261,0.0254105,-70.1141,4559.4,-90.0023,2436.17,-0.00029499,-0.0254992,-70.1123,4805.99,96.262,-1286.38,0.00102789,0.0118545,-70.2995,4799.76,96.2747,1287.37,0.00102936,-0.0118795,-70.2986
1.239,135.718,-2.08821,22.0069,-5.79091e-06,-0.248669,0.419518,0.000185603,-5.81513e-05,0.00365084,3714.26,3,0.0967901,0,0,-0.0249832,0.0249643,-0.0117408,0.0117413,-0.0591736,-0.0592336,-0.0687278,-0.0687953,4570.57,-121.539,-2386.93,-0.000640881,0.0247447,-70.1053,4561.63,-128.853,2372.45,-0.00072181,-0.0246003,-70.1037,4806.7,100.759,-1286.25,0.00106889,0.0118487,-70.2983,4800.1,102.05,1287.24,0.00108227,-0.0118739,-70.2973
1.249,135.938,-2.09214,22.0064,-0.000295565,-0.0139267,-0.0640753,-2.30308e-05,-6.12687e-05,0.00362988,3714.18,3,0.0973992,0,0,-0.0252318,0.0252314,-0.0117416,0.0117428,-0.0591653,-0.059228,-0.0686733,-0.0687446,4568.07,-102.822,-2429.85,-0.000431404,0.0253553,-70.1059,4559,-104.193,2426.96,-0.000447932,-0.0253728,-70.1041,4807.44,101.054,-1287.33,0.00107177,0.0118578,-70.2965,4800.55,101.009,1288.28,0.00107293,-0.011884,-70.2955
1.259,136.158,-2.09608,22.0062,-0.000317675,0.568534,0.0470886,-5.11278e-05,-6.43011e-05,0.0036078,3714.11,3,0.098018,0,0,-0.0251662,0.0252157,-0.011741,0.0117424,-0.0591758,-0.05924,-0.0686168,-0.0686922,4569.56,-90.0871,-2441.32,-0.000294062,0.0255057,-70.1019,4559.57,-89.6522,2436.45,-0.000291098,-0.0255019,-70.1003,4807.93,101.704,-1287.6,0.00107752,0.011859,-70.295,4800.89,102.804,1288.59,0.00108932,-0.0118853,-70.2939
1.269,136.378,-2.10001,22.0041,-0.000170604,0.12367,0.0714946,6.6194e-05,-6.73418e-05,0.00358611,3714.04,3,0.099016,0,0,-0.0250742,0.0251753,-0.0117388,0.0117401,-0.0591771,-0.0592458,-0.0685605,-0.0686398,4569.35,-134.542,-2431.14,-0.000765336,0.0253632,-70.0966,4559.19,-126.915,2435.19,-0.000684923,-0.0254858,-70.0948,4808.51,109.581,-1288.02,0.00114976,0.0118568,-70.2938,4801.28,109.609,1288.79,0.00115181,-0.0118821,-70.2926
1.279,136.598,-2.10394,22.0041,-0.000169821,0.0948606,0.00277715,8.59273e-05,-7.02791e-05,0.00356363,3713.95,3,0.0993054,0,0,-0.0251297,0.0251531,-0.0117395,0.0117408,-0.0591794,-0.0592557,-0.068504,-0.0685871,4568.77,-77.6438,-2422.77,-0.000174562,0.0252516,-70.0957,4559.71,-79.6001,2426.36,-0.000192495,-0.0253595,-70.0935,4808.89,105.737,-1284.81,0.00111346,0.0118257,-70.2922,4801.47,105.478,1285.67,0.00111296,-0.0118523,-70.291
1.289,136.818,-2.10788,22.003,-0.000295578,0.307288,-0.0344832,-3.32899e-06,-7.30448e-05,0.00354138,3713.9,3,0.100201,0,0,-0.0251326,0.0251214,-0.0117378,0.0117393,-0.0591813,-0.0592593,-0.0684478,-0.0685345,4566.77,-100.133,-2370.01,-0.00042236,0.0245369,-70.0922,4556.95,-102.82,2365.38,-0.000452819,-0.0245336,-70.0903,4809.23,109.414,-1282.02,0.00114613,0.011794,-70.2908,4801.65,109.44,1282.82,0.00114829,-0.0118202,-70.2896
1.299,137.038,-2.11181,22.0013,-0.000390262,-0.111457,-0.263402,-7.51116e-05,-7.57929e-05,0.00351891,3713.94,3,0.10102,0,0,-0.0252295,0.025267,-0.0117371,0.0117386,-0.0591818,-0.0592592,-0.0683912,-0.0684817,4567.75,-119.841,-2398.44,-0.000618095,0.0249209,-70.0874,4556.38,-120.892,2407.43,-0.00062766,-0.0251169,-70.0853,4810.11,111.782,-1285.98,0.00116889,0.0118307,-70.2893,4802.36,110.845,1286.45,0.00116215,-0.0118547,-70.288
1.309,137.258,-2.11574,22.0011,-0.000343401,0.117063,-0.213633,-4.61069e-05,-7.86671e-05,0.00349596,3713.75,3,0.101529,0,0,-0.0251406,0.025223,-0.0117356,0.0117375,-0.0591904,-0.059271,-0.0683346,-0.0684288,4567.18,-100.27,-2418.63,-0.000408489,0.0252047,-70.0867,4555.71,-96.2315,2428.96,-0.000362807,-0.025422,-70.0845,4810.63,115.589,-1288.31,0.00120421,0.0118507,-70.2885,4802.76,114.91,1289.03,0.00120005,-0.0118774,-70.2872
1.319,137.478,-2.11967,21.9984,-0.000277079,-1.50422,-0.280619,1.72169e-05,-8.14185e-05,0.00347283,3713.73,3,0.102249,0,0,-0.025287,0.0252883,-0.0117352,0.0117368,-0.0591893,-0.0592776,-0.0682786,-0.068376,4567.87,-127.097,-2447.67,-0.000682399,0.0256048,-70.0817,4557.75,-122.988,2457.03,-0.000637969,-0.0258025,-70.0793,4811.36,129.432,-1288.51,0.0013308,0.0118411,-70.2876,4803.06,130.978,1290.52,0.00134705,-0.0118804,-70.2862
1.329,137.698,-2.1236,21.9992,-0.000295065,-0.184892,-0.00661674,-2.51942e-05,-8.43365e-05,0.00344973,3713.61,3,0.102798,0,0,-0.0251296,0.0251346,-0.0117329,0.0117347,-0.0591996,-0.0592902,-0.0682215,-0.0683228,4566.99,-83.9904,-2446.71,-0.000228411,0.0255976,-70.0813,4555.92,-85.589,2441.8,-0.000247118,-0.0256005,-70.0784,4811.82,118.11,-1288.53,0.00122704,0.0118484,-70.286,4803.47,118.747,1289.21,0.00123505,-0.0118749,-70.2847
1.339,137.918,-2.12754,21.9984,-0.000315541,0.172434,-0.0198835,-2.1642e-05,-8.65708e-05,0.0034271,3713.54,3,0.10359,0,0,-0.0253495,0.0253883,-0.0117327,0.0117347,-0.0591966,-0.0592871,-0.0681652,-0.0682695,4564.29,-110.689,-2424.11,-0.000512847,0.0252993,-70.0784,4551.99,-110.388,2420.82,-0.000511413,-0.025332,-70.0764,4812.3,121.941,-1288.51,0.00126188,0.0118443,-70.2849,4803.84,122.146,1289.18,0.00126609,-0.0118713,-70.2834
1.349,138.138,-2.13147,21.9975,0.000143943,-0.228591,0.596332,0.000319625,-8.94283e-05,0.00340316,3713.63,3,0.104154,0,0,-0.0251802,0.0252269,-0.011731,0.0117339,-0.0592122,-0.0593065,-0.0681076,-0.0682159,4569.11,-106.705,-2417.43,-0.000476212,0.0251757,-70.0718,4555.65,-100.82,2405.16,-0.000418732,-0.0250905,-70.0692,4812.89,119.389,-1288.15,0.00123847,0.0118411,-70.2842,4804.42,119.152,1288.99,0.00123872,-0.0118701,-70.2827
1.359,138.358,-2.1354,21.9971,-0.00027279,1.03059,-0.000529014,-2.27608e-05,-9.20171e-05,0.00338022,3713.45,3,0.105138,0,0,-0.0252684,0.025363,-0.0117303,0.0117326,-0.0592123,-0.0593079,-0.0680512,-0.0681629,4565.1,-143.633,-2424.94,-0.000859204,0.0253033,-70.071,4551.7,-143.492,2429.29,-0.00085796,-0.0254502,-70.0683,4813.34,130.102,-1288.92,0.00133631,0.01184,-70.2831,4804.62,130.426,1289.3,0.00134166,-0.0118646,-70.2816
1.369,138.577,-2.13933,21.9958,-0.000370981,-0.548471,0.0334248,-5.7742e-05,-9.50849e-05,0.00335607,3713.42,3,0.105357,0,0,-0.0249531,0.0249852,-0.0117263,0.0117293,-0.0592282,-0.0593292,-0.067993,-0.0681086,4567,-97.3868,-2350.03,-0.000400221,0.0242629,-70.0681,4554.04,-98.5442,2338.57,-0.000415704,-0.024185,-70.0652,4813.76,124.817,-1289.41,0.00128786,0.0118479,-70.2821,4804.85,124.586,1290.18,0.00128824,-0.0118774,-70.2805
1.379,138.797,-2.14326,21.9962,-0.000214002,1.62435,0.15114,5.85204e-05,-9.77643e-05,0.00333257,3713.59,3,0.10642,0,0,-0.0249526,0.0248568,-0.0117268,0.0117291,-0.0592265,-0.0593333,-0.0679364,-0.0680553,4561.84,-133.095,-2337.22,-0.000777533,0.024118,-70.0634,4549.51,-150.788,2321.32,-0.000967228,-0.0239734,-70.06,4812.37,132.597,-1285.97,0.00135582,0.0118103,-70.2831,4803.17,133.645,1286.71,0.00136805,-0.0118391,-70.2815
1.389,139.017,-2.14719,21.9946,-0.000396167,-0.386831,-0.0456743,-8.41223e-05,-0.000100037,0.00330923,3713.41,3,0.106582,0,0,-0.0251556,0.0251974,-0.0117277,0.0117304,-0.0592177,-0.0593251,-0.0678806,-0.0680021,4560.89,-94.4355,-2357.08,-0.000364397,0.0243961,-70.0654,4547.57,-93.1797,2352.29,-0.000352973,-0.0244117,-70.0627,4815.08,130.665,-1289.43,0.00134092,0.0118407,-70.2806,4805.64,131.87,1290.06,0.00135466,-0.0118689,-70.2789
1.399,139.237,-2.15113,21.9938,-0.000303893,-0.230338,-0.130425,1.56312e-05,-0.000102924,0.00328551,3713.28,3,0.107298,0,0,-0.0251974,0.0252673,-0.0117263,0.011729,-0.0592258,-0.0593339,-0.0678238,-0.0679493,4560.63,-103.574,-2418.26,-0.000443205,0.0252412,-70.0624,4546.25,-91.4356,2425.07,-0.000313425,-0.0254283,-70.0601,4815.59,134.61,-1289.36,0.00137666,0.0118357,-70.2798,4806.04,133.602,1290.16,0.0013703,-0.0118676,-70.278
1.409,139.457,-2.15506,21.9934,-0.000593533,-0.556381,-0.105449,-0.000218027,-0.00010596,0.00326165,3713.28,3,0.107654,0,0,-0.0251094,0.0251473,-0.0117216,0.011725,-0.0592365,-0.059349,-0.0677666,-0.0678956,4562.73,-83.6503,-2383,-0.000247346,0.0247397,-70.0597,4548.72,-83.4518,2368.61,-0.000248337,-0.0246283,-70.056,4816.26,132.088,-1290.89,0.00135402,0.0118517,-70.279,4806.39,132.917,1291.71,0.00136447,-0.0118831,-70.2773
1.419,139.677,-2.15899,21.9929,-0.000243057,0.155194,0.035001,3.26525e-05,-0.000108191,0.00323845,3713.16,3,0.108479,0,0,-0.0252228,0.0252608,-0.0117243,0.0117271,-0.0592415,-0.059358,-0.0677101,-0.0678419,4561.43,-103.861,-2411.43,-0.000447706,0.025141,-70.0574,4547.11,-101.531,2409.3,-0.000424329,-0.0252022,-70.0543,4816.72,136.703,-1290.76,0.00139585,0.0118458,-70.2776,4806.67,136.722,1291.33,0.00139901,-0.0118756,-70.2757
1.429,139.897,-2.16292,21.9917,-0.000237408,-0.241333,0.129411,2.50745e-05,-0.000110727,0.00321553,3713.15,3,0.109135,0,0,-0.0252384,0.0252652,-0.0117225,0.0117252,-0.0592465,-0.0593653,-0.067653,-0.0677881,4561.85,-108.28,-2434.12,-0.000488059,0.0254546,-70.0543,4546.74,-108.487,2427.83,-0.000492915,-0.0254638,-70.0508,4816.92,138.69,-1286.06,0.00141233,0.0117957,-70.278,4806.66,139.569,1286.29,0.0014233,-0.0118218,-70.2762
1.439,140.117,-2.16685,21.991,-0.000404302,-0.00835522,-0.274244,-6.63571e-05,-0.000113311,0.00319246,3713.11,3,0.109873,0,0,-0.025228,0.0253108,-0.0117209,0.0117243,-0.0592576,-0.0593769,-0.0675961,-0.0677347,4562.32,-133.966,-2393.17,-0.000766844,0.0248811,-70.0511,4546.67,-129.331,2404.23,-0.000716683,-0.0251333,-70.0481,4817.47,144.68,-1290.04,0.00146792,0.0118303,-70.2771,4807.11,143.522,1290.31,0.00146051,-0.0118588,-70.2752
1.449,140.337,-2.17078,21.9907,-0.00033003,-0.342044,-0.0738585,-5.18258e-05,-0.000115928,0.00316957,3713.09,3,0.110201,0,0,-0.025097,0.0252104,-0.011716,0.0117193,-0.0592615,-0.0593844,-0.0675385,-0.0676803,4564.58,-96.9354,-2429.12,-0.000371537,0.0253673,-70.0509,4548.89,-97.4536,2432.45,-0.000374987,-0.0255149,-70.0473,4817.84,142.105,-1290.4,0.00144449,0.0118352,-70.2763,4807.25,142.27,1290.7,0.00144908,-0.0118634,-70.2744
1.459,140.557,-2.17471,21.9901,-0.000291439,-0.287364,-0.168452,-2.34219e-06,-0.000118216,0.00314602,3713.09,3,0.110777,0,0,-0.0249187,0.0249551,-0.0117171,0.0117199,-0.0592777,-0.0594071,-0.067482,-0.0676268,4567.04,-109.408,-2458.72,-0.000498938,0.0257656,-70.0452,4552.27,-107.707,2466.35,-0.000478756,-0.0259706,-70.0416,4818.34,146.005,-1293.12,0.0014809,0.0118586,-70.2761,4807.63,146.229,1293.37,0.00148619,-0.0118866,-70.2742
1.469,140.776,-2.17864,21.9895,-0.000298597,-0.228994,-0.0107999,-2.93558e-05,-0.000120214,0.00312467,3713.03,3,0.111399,0,0,-0.0253632,0.0254035,-0.0117173,0.0117207,-0.0592539,-0.0593842,-0.0674267,-0.0675742,4557.07,-105.238,-2411.19,-0.000460279,0.0251654,-70.0493,4541.46,-104.734,2407.72,-0.000457111,-0.0252164,-70.0456,4818.75,147.41,-1290.42,0.00149244,0.0118288,-70.2753,4807.93,147.726,1290.53,0.00149864,-0.0118556,-70.2733
1.479,140.996,-2.18257,21.9894,-0.000307277,-0.090142,0.198232,-2.16234e-05,-0.000122463,0.0031012,3713,3,0.111832,0,0,-0.0251338,0.0251886,-0.0117157,0.0117192,-0.0592753,-0.0594054,-0.0673702,-0.0675209,4561.9,-90.8341,-2466.76,-0.000295705,0.0259133,-70.044,4545.18,-90.4167,2452.27,-0.000295341,-0.0258183,-70.0404,4819.39,146.268,-1289.33,0.00148205,0.0118171,-70.2749,4808.56,147.707,1289.72,0.00149852,-0.0118458,-70.2729
1.489,141.216,-2.1865,21.9885,-0.000359865,-0.178593,-0.231811,-6.77594e-05,-0.000124642,0.00307856,3712.99,3,0.112513,0,0,-0.02498,0.0251174,-0.0117129,0.0117163,-0.0592831,-0.0594168,-0.0673137,-0.0674673,4561.09,-109.965,-2378.64,-0.000526396,0.0246897,-70.0402,4544.71,-111.422,2391.89,-0.000537584,-0.0249748,-70.0365,4819.31,150.774,-1283.2,0.00152026,0.0117509,-70.2747,4808.35,150.104,1283.13,0.00151755,-0.0117768,-70.2727
1.499,141.436,-2.19043,21.9889,-0.000262216,0.469807,-0.221483,6.00792e-05,-0.000126817,0.00305636,3712.96,3,0.112951,0,0,-0.0251673,0.025233,-0.0117136,0.0117173,-0.0592755,-0.0594147,-0.0672568,-0.0674142,4560.87,-94.8059,-2423.24,-0.000351159,0.0253088,-70.0412,4544.99,-92.6065,2438.78,-0.0003218,-0.025629,-70.0377,4820,147.716,-1294.87,0.00149627,0.0118711,-70.2741,4809.22,145.691,1295.11,0.00148117,-0.0119011,-70.2721
1.509,141.656,-2.19436,21.988,-0.000321927,-0.324953,-0.0654102,-1.95097e-05,-0.000128993,0.00303457,3712.93,3,0.113339,0,0,-0.0252724,0.0253067,-0.0117118,0.0117156,-0.0592757,-0.0594172,-0.0672015,-0.0673613,4557.03,-69.2445,-2432.23,-7.77471e-05,0.0254583,-70.0427,4540.96,-63.1251,2429.24,-1.33269e-05,-0.0255196,-70.0388,4820.4,150.289,-1288.56,0.00151748,0.0118035,-70.2736,4809.3,150.22,1289.15,0.00152037,-0.011836,-70.2716
1.519,141.876,-2.19829,21.9867,-0.000357266,-0.271604,-0.100335,-5.66646e-05,-0.000130883,0.00301251,3712.92,3,0.114252,0,0,-0.0252763,0.0253254,-0.0117108,0.0117149,-0.0592852,-0.0594263,-0.0671459,-0.0673077,4559.47,-128.374,-2401.32,-0.00070563,0.0250121,-70.0355,4542.14,-130.553,2400.93,-0.000730283,-0.0251159,-70.0315,4820.94,156.97,-1290.4,0.00157843,0.0118153,-70.274,4809.6,157.172,1290.55,0.00158392,-0.0118438,-70.272
1.529,142.096,-2.20222,21.9872,-0.00019147,0.0160989,0.238708,5.86736e-05,-0.000132984,0.00299039,3712.91,3,0.114484,0,0,-0.0252101,0.0253044,-0.0117095,0.0117134,-0.0592981,-0.0594387,-0.0670901,-0.0672545,4561.96,-81.7608,-2447.29,-0.000205089,0.0256383,-70.0367,4543.45,-82.1653,2438.85,-0.000210599,-0.0256399,-70.033,4821.1,154.498,-1286.69,0.00155464,0.0117792,-70.2732,4809.56,155.591,1286.91,0.00156822,-0.0118079,-70.2711
1.539,142.315,-2.20615,21.9863,-0.000112906,0.208517,0.235502,0.000115644,-0.000135207,0.00296848,3712.89,3,0.115321,0,0,-0.0250306,0.0251593,-0.0117081,0.0117121,-0.0593081,-0.0594526,-0.0670342,-0.0672014,4562.46,-135.493,-2344.8,-0.000795798,0.0242171,-70.0317,4543.97,-126.462,2344.25,-0.000703337,-0.0243224,-70.0277,4822.04,160.032,-1293.46,0.00160697,0.0118413,-70.2731,4810.3,160.111,1293.57,0.00161152,-0.0118705,-70.271
1.549,142.535,-2.21008,21.9858,-0.000313981,-0.518258,-0.112934,-1.09403e-05,-0.000137377,0.00294752,3712.92,3,0.115545,0,0,-0.0252912,0.0253395,-0.0117069,0.0117108,-0.059295,-0.059445,-0.0669789,-0.0671488,4559.82,-92.6011,-2429.49,-0.000325044,0.025403,-70.0349,4542.46,-90.8153,2432.38,-0.000304556,-0.0255556,-70.0305,4822.23,159.169,-1289.87,0.00159759,0.0118049,-70.2732,4810.31,158.982,1290.21,0.00159985,-0.0118369,-70.2711
1.559,142.755,-2.21401,21.9857,-0.000269617,-0.504188,0.00337072,1.96972e-05,-0.000139522,0.00292593,3712.87,3,0.115936,0,0,-0.0251924,0.0252273,-0.0117054,0.0117097,-0.0592997,-0.0594517,-0.0669229,-0.0670955,4560.74,-78.2974,-2425.33,-0.000175551,0.0253385,-70.0321,4542.68,-72.7709,2422.04,-0.000118619,-0.0254081,-70.0279,4822.84,158.862,-1291.17,0.00159543,0.011817,-70.2726,4810.76,159.019,1291.42,0.00160084,-0.0118483,-70.2705
1.569,142.975,-2.21794,21.9851,-0.000572254,0.578681,-0.389513,-0.000183563,-0.000141738,0.00290502,3712.9,3,0.117024,0,0,-0.0252698,0.0253387,-0.0117027,0.0117074,-0.0592978,-0.0594496,-0.0668671,-0.0670425,4556.55,-144.052,-2360.56,-0.000880546,0.0244674,-70.0287,4538.13,-143.984,2366.64,-0.000880245,-0.0246644,-70.0245,4822.93,168.919,-1287.79,0.00168502,0.0117732,-70.2727,4810.67,168.781,1287.86,0.00168796,-0.0118031,-70.2705
1.579,143.195,-2.22187,21.9852,-0.000204383,-0.603477,0.148306,5.77026e-05,-0.000143985,0.00288338,3712.86,3,0.116795,0,0,-0.0252644,0.0253515,-0.0117028,0.0117072,-0.0593044,-0.0594579,-0.0668126,-0.066991,4560.18,-56.1357,-2432.01,6.24135e-05,0.0254338,-70.0307,4540.38,-62.6349,2428.43,-4.80873e-06,-0.025512,-70.0262,4823.52,160.848,-1295.85,0.00161454,0.0118615,-70.2724,4811.18,161.624,1295.88,0.00162568,-0.0118907,-70.2702
1.589,143.414,-2.2258,21.9838,0.000420408,-0.357282,0.822492,0.000477307,-0.000146054,0.0028616,3712.74,3,0.117826,0,0,-0.0250015,0.0250997,-0.0117007,0.0117043,-0.0593185,-0.059474,-0.0667559,-0.0669367,4563.08,-125.874,-2455.45,-0.000670138,0.0257448,-70.0242,4542.8,-123.528,2450.06,-0.000649093,-0.0258018,-70.0199,4823.44,171.525,-1287.63,0.00170698,0.0117679,-70.2721,4810.79,173.346,1287.86,0.00172781,-0.0117986,-70.2699
1.599,143.634,-2.22973,21.9839,-0.000472087,-0.426391,-0.181564,-0.000121937,-0.000148656,0.0028414,3712.85,3,0.118135,0,0,-0.0251708,0.0251987,-0.0116988,0.011704,-0.0593041,-0.0594655,-0.0667022,-0.0668863,4560.41,-113.46,-2423.68,-0.000546126,0.0253177,-70.0252,4541.38,-108.586,2419.52,-0.000497971,-0.0253816,-70.0204,4824.4,167.757,-1291.77,0.00167555,0.0118114,-70.2728,4811.62,168.445,1292.31,0.00168628,-0.0118468,-70.2706
1.609,143.854,-2.23366,21.9837,-0.000336999,-0.232146,-0.0588002,-3.68212e-05,-0.000150404,0.00282087,3712.85,3,0.118632,0,0,-0.0253114,0.0253898,-0.0116984,0.0117035,-0.0593009,-0.0594618,-0.0666483,-0.0668345,4556.53,-89.6558,-2423.12,-0.000293107,0.0253351,-70.0277,4536.24,-91.3753,2423.92,-0.000310711,-0.0254769,-70.0232,4824.78,170.283,-1290.92,0.00169763,0.0117995,-70.2725,4811.81,170.357,1290.85,0.00170277,-0.0118297,-70.2701
1.619,144.074,-2.23759,21.9837,-0.000259421,-0.29809,0.0421988,8.33845e-06,-0.000152636,0.0027994,3712.86,3,0.118964,0,0,-0.0251369,0.0252354,-0.0116971,0.0117015,-0.0593146,-0.059478,-0.0665934,-0.0667826,4561.9,-90.7726,-2411.75,-0.000311462,0.0251424,-70.0226,4541.2,-93.3108,2411.99,-0.000337694,-0.0252776,-70.0177,4825.38,169.501,-1289.81,0.00169045,0.0117875,-70.2727,4812.32,169.854,1289.78,0.00169809,-0.011818,-70.2703
1.629,144.294,-2.24152,21.9829,-0.000287632,0.0372854,-0.0299969,-1.51761e-05,-0.000154918,0.0027797,3712.85,3,0.119769,0,0,-0.0252841,0.0254236,-0.0116943,0.0116993,-0.0593055,-0.0594724,-0.0665396,-0.0667318,4557.32,-117.297,-2434.5,-0.000580807,0.0254888,-70.0247,4536.85,-118.695,2440.37,-0.000594033,-0.0257046,-70.0198,4825.54,176.117,-1291.01,0.00175004,0.0117932,-70.2727,4812.35,176.08,1290.9,0.00175437,-0.0118235,-70.2703
1.639,144.514,-2.24545,21.983,-0.000104118,-0.323412,0.240553,0.000127966,-0.000156772,0.00275833,3712.88,3,0.119932,0,0,-0.0252318,0.025313,-0.0116941,0.0116992,-0.0593177,-0.0594885,-0.0664847,-0.0666793,4560.05,-93.2317,-2410.57,-0.00033593,0.0251379,-70.0205,4539.7,-89.2282,2404.48,-0.000295059,-0.0251821,-70.0157,4825.96,173.237,-1292.24,0.00172431,0.0118074,-70.273,4812.6,173.029,1292.27,0.00172714,-0.0118398,-70.2705
1.649,144.733,-2.24938,21.9825,-0.000334505,-0.0908185,-0.0254632,-2.68425e-05,-0.000158921,0.00273808,3712.75,3,0.120587,0,0,-0.0252242,0.0252529,-0.0116924,0.0116979,-0.0593186,-0.059492,-0.0664305,-0.0666279,4559.83,-108.552,-2411.99,-0.000495856,0.0251589,-70.0213,4539.47,-110.175,2407.88,-0.000515589,-0.0252311,-70.0163,4826.26,174.392,-1292.48,0.00173447,0.0118081,-70.2732,4812.8,174.509,1292.45,0.00174027,-0.0118397,-70.2707
1.659,144.953,-2.25331,21.9823,-4.3239e-05,-0.478965,1.03436,0.000148503,-0.000160852,0.00271746,3712.9,3,0.120867,0,0,-0.0252314,0.0253289,-0.0116916,0.0116971,-0.0593226,-0.0594951,-0.0663762,-0.0665763,4563.5,-95.15,-2517.35,-0.000325055,0.0266238,-70.0188,4540.77,-97.4329,2472.79,-0.000363339,-0.0261393,-70.0138,4826.67,175.958,-1293.73,0.00174911,0.0118184,-70.2735,4813.09,181.654,1293.99,0.00180543,-0.0118481,-70.271
1.669,145.173,-2.25724,21.9826,-0.000443959,0.434977,-0.190521,-9.58777e-05,-0.000162879,0.00269717,3712.58,3,0.121465,0,0,-0.0252522,0.0253557,-0.0116909,0.0116964,-0.0593225,-0.0594966,-0.0663224,-0.0665251,4559.38,-107.554,-2414.34,-0.000484053,0.0251944,-70.0199,4537.63,-103.758,2420.06,-0.000442065,-0.0254137,-70.015,4826.82,178.215,-1285.67,0.00176649,0.0117336,-70.2735,4813.15,177.812,1285.65,0.00176777,-0.0117661,-70.2709
1.679,145.393,-2.26117,21.982,-7.21888e-05,-0.158774,0.436657,0.000157008,-0.000164976,0.00267665,3712.91,3,0.121846,0,0,-0.025076,0.0251732,-0.0116873,0.0116926,-0.0593281,-0.0595072,-0.066269,-0.0664744,4560.49,-104.057,-2389.17,-0.000458036,0.0248387,-70.0176,4538.51,-103.713,2377.82,-0.000457832,-0.0248189,-70.0123,4827.2,181.59,-1289.99,0.00179802,0.0117736,-70.274,4813.35,183.004,1290.2,0.00181589,-0.0118072,-70.2715
1.689,145.612,-2.2651,21.9817,-0.000266248,-0.444061,0.0763663,1.41789e-05,-0.000166907,0.00265678,3713,3,0.122181,0,0,-0.0252509,0.0253069,-0.0116858,0.0116924,-0.0593152,-0.0594966,-0.0662154,-0.0664231,4558.67,-96.7215,-2438.68,-0.000365219,0.025539,-70.0174,4537.21,-89.8838,2432.06,-0.000295069,-0.0255851,-70.0121,4827.94,182.713,-1296.24,0.00181056,0.0118346,-70.2744,4813.91,183.279,1296.25,0.00182083,-0.0118676,-70.2718
1.699,145.832,-2.26903,21.9817,-0.000458635,0.495523,-0.11506,-0.000102198,-0.000168666,0.00263658,3712.94,3,0.122942,0,0,-0.0252447,0.0252953,-0.0116845,0.0116901,-0.0593187,-0.0595016,-0.0661626,-0.0663727,4556.64,-119.78,-2430.26,-0.000609562,0.0254337,-70.0166,4534.71,-123.471,2425.47,-0.000651047,-0.0255078,-70.0113,4828.07,186.883,-1291.72,0.0018462,0.0117839,-70.2745,4813.96,186.883,1291.69,0.00185154,-0.0118172,-70.2719
1.709,146.052,-2.27296,21.9811,-0.000496227,-0.00524206,-0.371258,-0.000126955,-0.000170689,0.00261632,3712.95,3,0.123352,0,0,-0.0252326,0.0253515,-0.0116824,0.011689,-0.0593223,-0.0595057,-0.0661099,-0.0663226,4556.34,-129.043,-2368.24,-0.000722728,0.0245753,-70.0146,4533.94,-124.502,2381.26,-0.000673133,-0.0248947,-70.0095,4828.36,188.195,-1290.02,0.0018573,0.0117645,-70.2748,4814.15,187.229,1289.8,0.00185391,-0.011797,-70.2722
1.719,146.272,-2.27689,21.9806,-0.000434112,-0.296102,-0.104405,-7.28907e-05,-0.000172462,0.00259558,3712.97,3,0.123759,0,0,-0.0250252,0.0251573,-0.011681,0.0116878,-0.0593317,-0.0595185,-0.0660564,-0.0662716,4562.16,-121.887,-2502.11,-0.000618339,0.0264134,-70.0115,4539.78,-112.534,2500.28,-0.000519552,-0.0265398,-70.0069,4828.48,187.963,-1286.9,0.00185394,0.0117325,-70.2756,4814.18,187.822,1287.24,0.00185822,-0.01177,-70.2729
1.729,146.492,-2.28082,21.9808,-0.000302888,0.0376702,-0.00216242,-8.15324e-06,-0.000174211,0.00257643,3713.01,3,0.124167,0,0,-0.0253463,0.0254168,-0.0116802,0.0116864,-0.0593169,-0.0595088,-0.0660046,-0.0662219,4554.7,-120.074,-2411.95,-0.000615834,0.0251906,-70.0163,4532.96,-120.801,2410.52,-0.000625019,-0.0253095,-70.0106,4829.08,190.184,-1291.19,0.00187531,0.0117728,-70.2758,4814.65,190.372,1291.06,0.00188244,-0.0118055,-70.2731
1.739,146.711,-2.28475,21.981,-0.000252877,-0.439793,0.0114713,1.53081e-05,-0.000175729,0.002556,3713.06,3,0.124256,0,0,-0.025207,0.0252861,-0.0116797,0.011686,-0.0593263,-0.0595182,-0.0659518,-0.0661711,4557.83,-84.6044,-2382.7,-0.000254515,0.0247661,-70.0142,4535.25,-84.0566,2383.31,-0.00024886,-0.0249155,-70.0088,4829.47,184.355,-1291.09,0.00182273,0.0117767,-70.2774,4814.94,184.52,1290.55,0.0018295,-0.0118055,-70.2747
1.749,146.931,-2.28869,21.9807,-0.000703471,0.506384,-0.638477,-0.000270947,-0.000177404,0.00253616,3713.05,3,0.125126,0,0,-0.0252267,0.0253334,-0.011677,0.0116834,-0.0593346,-0.0595253,-0.0659002,-0.0661219,4557.09,-137.621,-2411.53,-0.000803136,0.025168,-70.0116,4534.1,-140.853,2426.04,-0.000835551,-0.0255184,-70.0062,4829.66,195.073,-1288.75,0.00191794,0.0117415,-70.2769,4815.09,192.936,1288.12,0.00190427,-0.0117717,-70.2741
1.759,147.151,-2.29262,21.9802,-0.000295154,0.234302,0.0135975,1.17524e-05,-0.000179253,0.00251664,3712.87,3,0.125595,0,0,-0.0252929,0.0254164,-0.0116753,0.011682,-0.0593319,-0.059525,-0.0658485,-0.0660727,4557.46,-150.318,-2418.92,-0.000931584,0.0252674,-70.0114,4533.68,-138.724,2420.23,-0.000812225,-0.0254399,-70.0065,4830.1,197.768,-1291.26,0.00194293,0.0117633,-70.2777,4815.45,197.46,1291.36,0.001946,-0.0117994,-70.275
1.769,147.371,-2.29655,21.9815,-0.000765701,-0.683818,-0.562029,-0.000311865,-0.00018118,0.0024961,3713.15,3,0.124999,0,0,-0.0251581,0.0252281,-0.0116735,0.0116808,-0.0593432,-0.0595414,-0.0657963,-0.0660229,4560.45,-35.7767,-2419.82,0.000265504,0.0252593,-70.0143,4538.3,-39.2678,2424.74,0.000237032,-0.0254708,-70.0081,4830.59,185.925,-1295.32,0.00183821,0.0118158,-70.2778,4815.77,184.802,1295.36,0.0018337,-0.0118526,-70.2751
1.779,147.59,-2.30048,21.98,-0.000480176,-0.325028,-0.154666,-0.000127807,-0.000182683,0.00247726,3713.12,3,0.126159,0,0,-0.0252243,0.0252697,-0.0116717,0.011679,-0.0593313,-0.0595295,-0.0657448,-0.0659732,4557.48,-125.962,-2402.35,-0.000681927,0.025039,-70.0111,4534.04,-121.707,2398.39,-0.000640486,-0.0251326,-70.0055,4830.78,197.486,-1292.08,0.00194033,0.0117704,-70.2784,4815.81,197.537,1292.1,0.00194676,-0.0118062,-70.2756
1.789,147.81,-2.30441,21.9811,-0.000287672,0.53143,0.10283,-2.78272e-05,-0.000184359,0.00245734,3713.06,3,0.126412,0,0,-0.0252813,0.0253737,-0.0116714,0.011678,-0.0593364,-0.0595355,-0.0656941,-0.0659246,4555.68,-95.9179,-2427.58,-0.000360222,0.0254029,-70.0128,4531.88,-95.4849,2422.07,-0.00035673,-0.0254791,-70.007,4830.74,195.075,-1284.88,0.00191596,0.0116994,-70.2797,4815.61,195.442,1284.57,0.00192506,-0.0117315,-70.2768
1.799,148.03,-2.30834,21.9806,-0.00045088,0.31351,-0.210991,-0.000127762,-0.000185924,0.00243758,3713.24,3,0.126878,0,0,-0.0251814,0.0253174,-0.0116689,0.0116759,-0.0593425,-0.0595427,-0.0656425,-0.065875,4556.67,-108.677,-2403.57,-0.000501714,0.0250618,-70.0113,4532.04,-113.428,2411.57,-0.000549692,-0.0253302,-70.0054,4831.18,198.778,-1288.48,0.00195037,0.0117313,-70.2795,4815.97,198.573,1287.8,0.00195437,-0.0117606,-70.2767
1.809,148.25,-2.31227,21.9795,-0.000406785,-0.769692,-0.193235,-7.8007e-05,-0.000187775,0.00241846,3713.25,3,0.127262,0,0,-0.0252969,0.0254075,-0.0116676,0.0116749,-0.0593371,-0.0595415,-0.0655923,-0.0658274,4554.51,-144.465,-2369.47,-0.000882964,0.0246021,-70.0086,4530.6,-136.55,2376.33,-0.000801193,-0.0248463,-70.003,4831.86,209.946,-1287.56,0.00205065,0.0117083,-70.2807,4816.63,209.406,1287.49,0.00205221,-0.0117442,-70.2778
1.819,148.47,-2.3162,21.9808,-0.000328904,0.445914,-0.074168,-4.29035e-05,-0.000189637,0.00239869,3713.26,3,0.127568,0,0,-0.0251846,0.0252624,-0.0116662,0.0116736,-0.0593464,-0.0595551,-0.0655417,-0.0657789,4556.9,-95.0043,-2437.62,-0.000347473,0.0255356,-70.0121,4533.3,-96.741,2439.53,-0.00036523,-0.0257161,-70.0056,4831.92,200.759,-1290.55,0.00196872,0.0117487,-70.2811,4816.43,200.648,1290.14,0.00197379,-0.0117813,-70.2783
1.829,148.689,-2.32013,21.9804,-0.000291915,-1.19282,-0.142305,-3.40103e-05,-0.000191067,0.00237898,3713.19,3,0.127408,0,0,-0.0251009,0.0251796,-0.0116657,0.0116729,-0.0593569,-0.0595634,-0.0654911,-0.0657301,4562.35,-65.2585,-2494.64,-2.09922e-05,0.0263049,-70.0081,4537.67,-51.2851,2501.01,0.000130868,-0.0265624,-70.0023,4832.33,204.54,-1294.89,0.00200408,0.0117881,-70.279,4816.74,203.824,1294.66,0.00200402,-0.0118236,-70.276
1.839,148.909,-2.32406,21.9801,-0.000310715,0.0418459,0.0802462,-3.92581e-05,-0.000192686,0.00236105,3713.34,3,0.128395,0,0,-0.0253952,0.0255116,-0.011663,0.0116708,-0.0593396,-0.0595456,-0.065442,-0.0656831,4553.93,-101.783,-2440.54,-0.000414213,0.0255961,-70.014,4527.75,-104.695,2436.64,-0.000446303,-0.0257121,-70.0077,4832.53,203.597,-1290.66,0.0019938,0.0117453,-70.2825,4816.78,204.089,1290.19,0.00200449,-0.0117773,-70.2795
1.849,149.129,-2.32799,21.9804,-0.000328935,-0.39924,-0.0195559,-4.26236e-05,-0.000194563,0.0023409,3713.54,3,0.128477,0,0,-0.0250939,0.0252335,-0.0116607,0.0116685,-0.0593612,-0.0595709,-0.0653916,-0.0656351,4560.14,-92.5721,-2407.98,-0.000330314,0.0251012,-70.0084,4534.36,-94.8934,2410.26,-0.000352952,-0.0252971,-70.002,4832.94,204.585,-1303.57,0.0020077,0.0118755,-70.2835,4817.07,204.759,1303.07,0.00201561,-0.0119083,-70.2804
1.859,149.349,-2.33193,21.9797,-0.000311592,-0.525259,-0.046167,-3.12298e-05,-0.000196351,0.00232243,3713.52,3,0.129076,0,0,-0.0252481,0.0253356,-0.0116581,0.0116656,-0.0593516,-0.0595653,-0.0653424,-0.0655881,4556.36,-109.581,-2419.4,-0.000505186,0.0252842,-70.011,4531.19,-109.997,2421.21,-0.000509844,-0.0254714,-70.0046,4833.21,206.989,-1290.89,0.00202394,0.0117425,-70.2851,4817.2,207.023,1290.53,0.00203077,-0.0117767,-70.2821
1.869,149.568,-2.33586,21.9804,-0.000343718,0.0330416,-0.0489516,-6.04837e-05,-0.000197981,0.00230332,3713.47,3,0.129348,0,0,-0.0252105,0.0252843,-0.0116579,0.011666,-0.0593566,-0.0595736,-0.0652932,-0.0655409,4556.95,-110.901,-2422.76,-0.000517989,0.0253271,-70.0101,4532.1,-105.757,2422.07,-0.000465249,-0.0254776,-70.0034,4833.54,215.9,-1294.65,0.00210477,0.0117704,-70.2833,4817.38,215.721,1294.07,0.00210994,-0.0118031,-70.2803
1.879,149.788,-2.33979,21.9793,-0.000274388,-0.423885,0.127817,-4.00903e-05,-0.000199583,0.00228453,3713.6,3,0.129996,0,0,-0.0251959,0.0253011,-0.0116567,0.0116649,-0.0593591,-0.0595752,-0.065244,-0.0654937,4558.45,-140.4,-2481.3,-0.000816408,0.0261403,-70.0077,4532.07,-151.338,2472.45,-0.00093734,-0.0261898,-70.001,4833.88,212.094,-1294.77,0.00207082,0.0117751,-70.2866,4817.59,211.418,1293.58,0.00207126,-0.0118023,-70.2834
1.889,150.008,-2.34372,21.9801,-0.000358681,-0.208456,-0.109864,-7.70608e-05,-0.000200935,0.00226619,3713.56,3,0.130088,0,0,-0.0252792,0.025427,-0.0116546,0.0116631,-0.059355,-0.0595708,-0.0651957,-0.0654471,4554.79,-99.9103,-2402.91,-0.000407092,0.0250649,-70.0122,4527.96,-106.082,2409.66,-0.000469623,-0.0253301,-70.0056,4834.09,207.657,-1291.58,0.00202967,0.0117467,-70.2867,4817.71,207.264,1290.51,0.00203264,-0.011775,-70.2836
1.899,150.228,-2.34765,21.9795,-0.000139352,-0.390589,0.238686,8.11113e-05,-0.000202658,0.00224705,3713.61,3,0.130662,0,0,-0.0252186,0.0253437,-0.0116529,0.0116613,-0.0593618,-0.0595813,-0.0651457,-0.0653997,4555.99,-144.307,-2392.21,-0.000875603,0.0249063,-70.007,4529.64,-133.662,2389,-0.000768136,-0.0250287,-70.001,4834.28,212.513,-1291.55,0.00207293,0.0117406,-70.2879,4817.86,212.964,1291.12,0.00208381,-0.0117747,-70.2847
1.909,150.448,-2.35159,21.9802,-0.000507474,-0.36257,0.0103792,-0.000198788,-0.000204348,0.00222881,3713.66,3,0.130733,0,0,-0.0252289,0.025316,-0.0116513,0.0116601,-0.0593614,-0.0595843,-0.0650987,-0.0653548,4555.46,-108.099,-2408.39,-0.000493618,0.0251364,-70.01,4529.19,-110.483,2393.07,-0.000524374,-0.0250898,-70.003,4835.81,206.201,-1282.38,0.00201556,0.0116502,-70.2887,4819.28,207.957,1281.94,0.00203795,-0.0116826,-70.2856
1.919,150.667,-2.35552,21.9808,-0.000326957,0.00559048,-0.00488049,-4.26085e-05,-0.000205429,0.0022104,3713.77,3,0.130969,0,0,-0.0252864,0.0253727,-0.0116501,0.0116587,-0.0593632,-0.0595871,-0.0650508,-0.0653084,4554.93,-91.3137,-2419.13,-0.000312488,0.0252896,-70.012,4528.51,-87.5558,2416.57,-0.000273815,-0.0254234,-70.0057,4834.8,210.951,-1293.22,0.00205928,0.0117582,-70.2895,4818.21,210.917,1292.61,0.0020658,-0.0117914,-70.2863
1.929,150.887,-2.35945,21.9804,-0.000475926,-0.302785,0.0825729,-0.00017467,-0.000207012,0.00219179,3713.83,3,0.131386,0,0,-0.0251943,0.0253139,-0.0116481,0.0116571,-0.0593707,-0.0595943,-0.0650025,-0.0652624,4558.92,-106.294,-2495.68,-0.000450611,0.0263441,-70.0093,4531.06,-111.755,2478.55,-0.000515454,-0.0262869,-70.0025,4835.2,213.55,-1294.59,0.00208302,0.0117685,-70.2906,4818.59,214.816,1293.72,0.00210117,-0.0117976,-70.2875
1.939,151.107,-2.36338,21.9811,-0.000369808,0.584927,-0.0485103,-8.0828e-05,-0.000208297,0.00217389,3713.82,3,0.131833,0,0,-0.0252958,0.0254347,-0.0116474,0.0116562,-0.0593684,-0.059593,-0.0649554,-0.0652169,4554.56,-113.007,-2431.48,-0.000537936,0.0254644,-70.0119,4526.99,-111.559,2433.73,-0.000522004,-0.0256756,-70.0053,4835.09,214.848,-1287.89,0.00209198,0.0116987,-70.2915,4818.39,214.832,1287.17,0.00209876,-0.0117308,-70.2883
1.949,151.327,-2.36732,21.9803,-0.000218322,0.355898,-0.098733,-1.46177e-05,-0.000209743,0.00215608,3713.86,3,0.132437,0,0,-0.0252938,0.0254221,-0.011645,0.0116538,-0.0593663,-0.059595,-0.0649083,-0.0651717,4553.99,-148.867,-2427.54,-0.00091391,0.0254102,-70.0096,4527.17,-150.342,2439.01,-0.000930858,-0.0257462,-70.0025,4835.36,221.156,-1291.51,0.00214935,0.0117281,-70.2929,4818.56,220.193,1290.32,0.00214771,-0.0117567,-70.2896
1.959,151.546,-2.37125,21.9809,-0.000115217,0.571901,0.389211,8.77797e-05,-0.000211291,0.00213765,3713.91,3,0.132613,0,0,-0.0251548,0.0252068,-0.0116432,0.0116522,-0.0593767,-0.0596086,-0.0648611,-0.0651265,4553.7,-127.94,-2380.58,-0.00070998,0.0247614,-70.0103,4526.42,-136.036,2365.98,-0.0008017,-0.0247287,-70.003,4835.19,217.224,-1278.96,0.00210954,0.0116046,-70.2939,4818.26,218.491,1278.39,0.00212794,-0.0116369,-70.2907
1.969,151.766,-2.37518,21.9804,-0.000288027,-0.283139,0.219634,-4.25687e-05,-0.000212527,0.00212044,3713.99,3,0.13285,0,0,-0.0252846,0.0253706,-0.0116426,0.0116515,-0.0593659,-0.0595979,-0.0648147,-0.0650815,4554.61,-142.764,-2449.08,-0.000847644,0.0257093,-70.0085,4527.02,-146.667,2434.3,-0.000895795,-0.0256807,-70.0015,4836.09,220.1,-1292.38,0.00214024,0.0117365,-70.2953,4819.02,221.173,1291.5,0.00215701,-0.0117666,-70.292
1.979,151.986,-2.37912,21.9811,-0.000304772,-0.142234,-0.00792198,-2.47321e-05,-0.000214074,0.00210243,3714.04,3,0.132967,0,0,-0.02531,0.0254393,-0.0116402,0.0116497,-0.0593723,-0.0596033,-0.0647688,-0.0650376,4553.54,-103.958,-2422.99,-0.000443917,0.0253524,-70.0126,4525.32,-99.694,2425.49,-0.000397544,-0.0255701,-70.0062,4836.36,218.251,-1290.18,0.00212274,0.0117154,-70.2959,4819.2,217.882,1289.35,0.00212663,-0.0117479,-70.2925
1.989,152.206,-2.38305,21.9822,-0.000791288,0.118799,-0.421414,-0.00034475,-0.000215852,0.00208402,3714.12,3,0.132962,0,0,-0.0250772,0.0251868,-0.0116331,0.0116437,-0.0593859,-0.0596208,-0.0647221,-0.0649929,4557.27,-70.6685,-2358.18,-0.000121057,0.0244322,-70.0125,4529.51,-77.6373,2356.41,-0.000191563,-0.0245787,-70.0047,4836.76,214.641,-1286.66,0.00208968,0.0116825,-70.297,4819.38,214.474,1285.9,0.00209523,-0.0117158,-70.2938
1.999,152.426,-2.38699,21.9817,-0.00056967,-0.373353,-0.26997,-0.000175543,-0.000216796,0.00206726,3714.14,3,0.133317,0,0,-0.0252784,0.0253762,-0.0116363,0.0116462,-0.0593744,-0.0596111,-0.064677,-0.0649492,4553.9,-84.3256,-2415.45,-0.000242222,0.0252446,-70.0145,4526.45,-69.2764,2414.21,-8.12899e-05,-0.0254026,-70.0084,4836.96,216.108,-1289.54,0.00210307,0.0117099,-70.2982,4819.55,215.621,1289.17,0.00210615,-0.0117477,-70.2947
2.009,152.645,-2.39092,21.9818,-0.000664747,0.00510923,0.13892,0.000547567,-0.000229516,0.00204975,3714.17,3,0.1338,0,0.00226165,-0.0261701,0.0244605,-0.0116353,0.0116457,-0.0593499,-0.0596465,-0.0646217,-0.0649132,4547.87,-144.411,-2467.91,-0.000843751,0.0260219,-70.02,4531.97,-47.4792,2354.8,0.000111396,-0.0245385,-69.999,4836.95,222.008,-1286.93,0.00215475,0.0116765,-70.2994,4819.67,218.454,1295.02,0.00213285,-0.0118044,-70.2961
2.019,152.865,-2.39486,21.9819,-0.00191638,0.291069,-0.0927619,-0.000197209,-0.000273594,0.00203268,3714.33,3,0.134265,0,0.00477239,-0.0277614,0.0229598,-0.0116321,0.0116447,-0.0593203,-0.0596767,-0.0645545,-0.0648928,4546.63,-154.759,-2601.21,-0.00088348,0.0279725,-70.0375,4532,-79.0535,2274.7,-0.000274628,-0.0234498,-69.9828,4840.27,222.261,-1284.94,0.00215675,0.0116481,-70.2994,4817.04,226.275,1298.94,0.00220433,-0.0118421,-70.2975
2.029,153.085,-2.39885,21.9826,-0.0035681,-0.0647754,-0.169035,-0.00137991,-0.000342421,0.00201528,3714.36,3,0.134152,0,0.00727842,-0.0287599,0.0217278,-0.0116273,0.0116433,-0.0593556,-0.059659,-0.0644823,-0.0648771,4572.62,-101.287,-2662.7,-0.000258492,0.0287017,-70.0443,4509.57,-39.3241,2186.42,7.83577e-05,-0.0224004,-69.9777,4847.2,204.816,-1259.63,0.00198974,0.0113938,-70.3025,4808.15,218.232,1273.67,0.00212432,-0.0116125,-70.2978
2.039,153.305,-2.40287,21.9818,-0.00567256,-0.0514455,-0.401042,-0.00280061,-0.000465249,0.00199923,3714.59,3,0.134862,0,0.00977726,-0.0304592,0.0202669,-0.011626,0.0116449,-0.0593462,-0.0596559,-0.0643864,-0.0648858,4596.94,-182.299,-2728.51,-0.00106694,0.0295185,-70.0546,4480.39,-66.7099,2066.24,-0.000259644,-0.0209934,-69.9666,4861.85,214.525,-1281.72,0.00208097,0.0115739,-70.3055,4795.92,236.171,1296.45,0.00229813,-0.0118557,-70.2956
2.049,153.524,-2.40697,21.9823,-0.00881636,-0.20681,-0.236268,-0.00547751,-0.000635824,0.00198326,3714.69,3,0.134967,0,0.0122665,-0.031689,0.0189913,-0.0116212,0.0116467,-0.0593434,-0.059658,-0.0642756,-0.0649103,4635.83,-150.561,-2851.22,-0.000643953,0.0311147,-70.063,4441.58,-57.0191,1995.68,-0.000203652,-0.020286,-69.9592,4882.6,202.454,-1287.37,0.00196931,0.0115964,-70.3116,4775.35,243.126,1293.3,0.00236747,-0.0118644,-70.2914
2.059,153.744,-2.41116,21.9823,-0.0123592,0.100766,-1.00768,-0.00846386,-0.000866365,0.00196838,3714.82,3,0.135468,0,0.0147436,-0.033107,0.017637,-0.0116164,0.0116474,-0.0592964,-0.0596972,-0.0641382,-0.0649632,4673.59,-193.896,-2879.99,-0.00106192,0.0312587,-70.0706,4399.61,-57.7419,1865.91,-0.000263066,-0.0188534,-69.9484,4909.01,202.354,-1290.44,0.00196041,0.011567,-70.3204,4748.42,249.725,1284.93,0.0024351,-0.0118345,-70.285
2.069,153.964,-2.41547,21.9831,-0.0154377,-1.3942,-0.153463,-0.0114976,-0.00115131,0.00195348,3714.92,3,0.13484,0,0.0172061,-0.0341277,0.0164088,-0.0116102,0.0116515,-0.0592357,-0.0597702,-0.0639758,-0.0650419,4724.62,-87.856,-2986.92,0.000174537,0.0325148,-70.0801,4357.19,24.8141,1820.78,0.000550931,-0.0184782,-69.9395,4941.17,178.367,-1308.19,0.00174396,0.0116954,-70.3316,4716.32,253.746,1282.04,0.00248606,-0.0118779,-70.2762
2.079,154.184,-2.41989,21.9825,-0.0195415,-0.25542,-0.938187,-0.0155029,-0.00150089,0.00194096,3715.1,3,0.135953,0,0.0196517,-0.0356338,0.015044,-0.0116012,0.0116554,-0.059087,-0.0598889,-0.063778,-0.0651584,4758.52,-211.294,-3043.39,-0.00110998,0.0331481,-70.0942,4313.74,-33.7242,1708.55,-9.27818e-05,-0.017291,-69.9252,4976.84,190.92,-1313.13,0.00184358,0.0116515,-70.3446,4679.76,265.62,1263.65,0.0026043,-0.0117582,-70.2659
2.089,154.404,-2.42445,21.9826,-0.0232504,0.0876494,-0.832848,-0.019407,-0.0019014,0.00192897,3715.59,3,0.136414,0,0.0220778,-0.036858,0.013798,-0.0115937,0.0116602,-0.0589229,-0.0600388,-0.0635514,-0.0653058,4802.76,-253.914,-3113.68,-0.00150538,0.0339038,-70.1047,4268.27,-39.1539,1632.77,-0.000180634,-0.0165554,-69.9127,5015.41,192.476,-1329.3,0.00184793,0.0117231,-70.3598,4640.25,272.859,1248.58,0.00268536,-0.0116855,-70.2531
2.099,154.623,-2.42916,21.9825,-0.0277366,0.0364974,-1.15963,-0.0245617,-0.00235423,0.0019182,3715.39,3,0.136799,0,0.0244822,-0.0381283,0.0125622,-0.0115806,0.0116666,-0.0587236,-0.0602184,-0.0632906,-0.0654887,4847.99,-247.243,-3196.37,-0.00135343,0.034859,-70.1188,4221.64,-47.6013,1539.93,-0.000300639,-0.0156172,-69.8955,5055.46,184.158,-1346.2,0.00176668,0.0118073,-70.3768,4599.4,282.004,1230.11,0.00278477,-0.0115756,-70.2396
2.109,154.843,-2.43405,21.9831,-0.0309738,-0.29002,-0.82506,-0.0289828,-0.00284655,0.0019086,3715.67,3,0.136782,0,0.0268624,-0.0390229,0.0115117,-0.0115642,0.0116781,-0.058517,-0.0604089,-0.0630011,-0.0657031,4903.78,-228.18,-3258.24,-0.00108073,0.035369,-70.1321,4169.62,6.8981,1493.39,0.00023224,-0.0152556,-69.8838,5095.06,174.974,-1364.7,0.00167822,0.0119075,-70.3967,4558.54,279.746,1206.65,0.00277853,-0.0114265,-70.2253
2.119,155.063,-2.4391,21.9835,-0.0348935,-0.194466,-1.62292,-0.0341359,-0.00338577,0.00190023,3715.62,3,0.137009,0,0.0292161,-0.0402175,0.010285,-0.0115507,0.0116831,-0.0582617,-0.0606446,-0.0626761,-0.0659558,4951.97,-238.255,-3297.6,-0.00112475,0.0355772,-70.1523,4120.04,17.0035,1407.91,0.000308681,-0.0144119,-69.8647,5134.25,168.16,-1389.84,0.00161357,0.0120696,-70.4137,4518.79,276.723,1186.94,0.0027666,-0.0113149,-70.208
2.129,155.283,-2.44434,21.9835,-0.0384117,0.0908794,-1.29151,-0.0395864,-0.00395975,0.00189334,3715.75,3,0.137518,0,0.031541,-0.041373,0.00910111,-0.0115356,0.0116903,-0.0579755,-0.0609006,-0.0623266,-0.0662362,5001.07,-261.208,-3395.17,-0.0012891,0.0367566,-70.1726,4070.48,-14.4146,1336.75,-3.87358e-05,-0.0137388,-69.8443,5173.04,176.961,-1414.31,0.00168235,0.0122115,-70.4333,4479.02,291.114,1162.37,0.00291322,-0.0111222,-70.1912
2.139,155.502,-2.44978,21.9836,-0.0425285,-0.143769,-1.51383,-0.0462488,-0.00456669,0.0018876,3715.85,3,0.137703,0,0.0338348,-0.0425976,0.00794524,-0.0115157,0.011702,-0.0576666,-0.0611786,-0.061953,-0.0665432,5050.95,-206.905,-3507.72,-0.00059915,0.038192,-70.1982,4021.71,-34.1086,1262.94,-0.000267005,-0.0130235,-69.8228,5211.62,169.248,-1444.08,0.00161165,0.0124173,-70.4533,4439.65,297.601,1135,0.00298582,-0.0109066,-70.1745
2.149,155.722,-2.45544,21.9839,-0.0452428,-0.825829,-5.35534,-0.0509235,-0.00519252,0.00188297,3715.96,3,0.137683,0,0.0360951,-0.0435964,0.00691157,-0.0114993,0.0117079,-0.0573591,-0.0614581,-0.06156,-0.0668722,5104.39,-270.517,-3304.7,-0.00131055,0.0343397,-70.209,3965.25,70.4528,1157.82,0.000794444,-0.0119494,-69.807,5248.29,180.656,-1478.02,0.00170511,0.0126503,-70.4745,4402.79,279.879,1109.9,0.00283446,-0.0107462,-70.1548
2.159,155.942,-2.46133,21.9849,-0.0476272,0.84516,-0.949225,-0.0575524,-0.00583849,0.00188015,3716.02,3,0.138322,0,0.0383199,-0.0444593,0.00595208,-0.0114781,0.0117149,-0.0570329,-0.0617471,-0.0611536,-0.0672182,5163.43,-221.471,-3636.95,-0.000618078,0.0393087,-70.2372,3912.67,-21.9635,1151.67,-0.000178431,-0.0120506,-69.7825,5283.75,164.469,-1500.05,0.00156072,0.0127918,-70.4958,4365.62,304.638,1072.5,0.00306971,-0.0103786,-70.1376
2.169,156.162,-2.46744,21.984,-0.0483395,0.112168,-0.744734,-0.0617334,-0.00650298,0.00187834,3716.13,3,0.138778,0,0.0405068,-0.0456103,0.00474924,-0.011459,0.0117241,-0.056672,-0.0620634,-0.0607292,-0.0675849,5216.71,-331.36,-3672.97,-0.00174062,0.0394192,-70.2538,3864.17,31.6995,1135.06,0.000381207,-0.0120016,-69.7614,5318.15,176.701,-1535.8,0.00166153,0.0130442,-70.5179,4331.22,298.104,1047.69,0.00302088,-0.0101931,-70.1183
2.179,156.382,-2.4738,21.9847,-0.0507519,0.285862,-1.04361,-0.0689243,-0.00717466,0.0018779,3715.99,3,0.138924,0,0.0426537,-0.0465202,0.00381845,-0.0114345,0.011729,-0.0563114,-0.0623778,-0.0603007,-0.06796,5267.68,-265.784,-3717.53,-0.000969519,0.0396625,-70.2825,3813.1,9.27749,1028.19,0.000122371,-0.010881,-69.7371,5352.25,167.762,-1574.82,0.00158515,0.0133426,-70.5388,4297.04,304.517,1011.42,0.00308476,-0.00985405,-70.0995
2.189,156.601,-2.48042,21.9844,-0.0513226,-0.439727,-1.71633,-0.0742328,-0.00785265,0.0018786,3716.26,3,0.139099,0,0.0447586,-0.047541,0.0028174,-0.0114056,0.0117447,-0.0559374,-0.0626987,-0.0598636,-0.0683467,5321.06,-301.048,-3731.6,-0.00128508,0.0393751,-70.3026,3763.14,59.8049,1010.34,0.0006575,-0.0108002,-69.7147,5385.01,173.327,-1641.72,0.00163915,0.0138994,-70.5611,4265.69,303.589,1003.76,0.00309728,-0.0098403,-70.0799
2.199,156.821,-2.48731,21.9843,-0.0531197,-0.206937,-2.39019,-0.0811363,-0.00853457,0.00188015,3716.34,3,0.139597,0,0.0468193,-0.0485137,0.00182148,-0.0113929,0.0117287,-0.0555677,-0.0630305,-0.059424,-0.06874,5370.96,-308.567,-3782.1,-0.00130024,0.0397492,-70.3291,3714.7,29.8048,917.891,0.000321652,-0.00983769,-69.6901,5415.78,179.413,-1659.98,0.00168099,0.0139931,-70.5828,4232.91,297.796,940.578,0.0030273,-0.00921094,-70.0606
2.209,157.041,-2.49447,21.985,-0.0540126,0.611384,-1.65496,-0.0884318,-0.00921735,0.00188305,3716.37,3,0.140005,0,0.0488337,-0.049431,0.000842525,-0.0113547,0.0117507,-0.0551801,-0.0633614,-0.0589834,-0.0691358,5418.86,-306.779,-3894.89,-0.00118928,0.0412372,-70.3553,3669.16,9.94782,863.207,9.91196e-05,-0.00930616,-69.6639,5446.97,174.241,-1701.95,0.00163849,0.0143195,-70.6046,4201.81,319.656,903.177,0.00322841,-0.00881287,-70.0411
2.219,157.26,-2.50193,21.9849,-0.0539154,-0.121382,-2.06577,-0.0946277,-0.00988959,0.00188676,3716.42,3,0.140092,0,0.0508,-0.0499549,9.03884e-05,-0.0113254,0.0117571,-0.0548207,-0.0636729,-0.0585479,-0.0695312,5475.04,-294.951,-3924,-0.00102114,0.0411587,-70.3759,3618.5,44.3998,846.505,0.000470894,-0.00922777,-69.6436,5476.43,165.505,-1743.37,0.00156549,0.0146458,-70.6275,4172.33,310.466,860.49,0.00313916,-0.00840781,-70.021
2.229,157.48,-2.50968,21.9846,-0.0537128,-0.0263227,-2.27598,-0.101543,-0.0105696,0.00189199,3716.36,3,0.140642,0,0.0527162,-0.0512389,-0.00100532,-0.0112946,0.0117622,-0.0544074,-0.0640091,-0.0581058,-0.0699355,5515.08,-319.328,-3999.19,-0.00118559,0.0420873,-70.4079,3576.15,30.745,773.825,0.00031345,-0.00846286,-69.615,5505.19,173.045,-1793.36,0.00163093,0.0150449,-70.6487,4143.73,318.034,819.054,0.00319989,-0.00797943,-70.0013
2.239,157.7,-2.51773,21.9848,-0.0526682,-0.161833,-2.57887,-0.107941,-0.0112459,0.0018978,3716.74,3,0.14087,0,0.0545803,-0.0524018,-0.00209788,-0.0112662,0.0117659,-0.0540032,-0.0643526,-0.0576694,-0.07034,5556.76,-334.491,-4043.59,-0.00126863,0.0424477,-70.4339,3535.52,55.663,713.107,0.000581031,-0.00782118,-69.5879,5533.55,168.26,-1841.73,0.00159279,0.0154362,-70.6707,4115.15,321.219,777.883,0.00321909,-0.00755971,-69.9815
2.249,157.92,-2.52614,21.9845,-0.0506706,-0.346948,-0.800869,-0.114019,-0.0118873,0.00190445,3716.49,3,0.141315,0,0.0563905,-0.0520551,-0.0022455,-0.0112234,0.0117802,-0.053687,-0.064613,-0.0572595,-0.0707233,5623.57,-329.567,-4082.55,-0.00119505,0.0424264,-70.4446,3475.32,24.2285,691.205,0.000233335,-0.00769704,-69.5732,5561.43,164.077,-1906.2,0.0015619,0.0159834,-70.6945,4087,311.219,732.349,0.00311553,-0.00711421,-69.9598
2.259,158.139,-2.53483,21.9848,-0.0498698,0.176181,-2.91125,-0.121288,-0.0125616,0.00191176,3716.53,3,0.141752,0,0.0581452,-0.0538274,-0.00370944,-0.0112064,0.0117701,-0.053257,-0.0649784,-0.0568233,-0.0711318,5652.89,-339.907,-4143.03,-0.00120471,0.0432111,-70.4887,3444.28,23.2553,617.907,0.000220663,-0.00688089,-69.5366,5589.31,179.665,-1950.41,0.00169469,0.0163234,-70.714,4059.86,324.442,684.161,0.00321194,-0.00658674,-69.9405
2.269,158.359,-2.54389,21.9846,-0.0478874,0.0271012,-3.25078,-0.12742,-0.0132027,0.00191949,3716.54,3,0.142136,0,0.0598424,-0.0540939,-0.00412975,-0.0111746,0.011775,-0.0529126,-0.0652719,-0.0564142,-0.0715213,5707.85,-383.866,-4157.42,-0.00162984,0.0428949,-70.4988,3394.77,43.7173,613.392,0.000452782,-0.00691697,-69.5214,5616.89,182.699,-2006.94,0.001724,0.0167906,-70.7371,4032.54,324.305,632.961,0.00318389,-0.00605146,-69.9183
2.279,158.579,-2.55329,21.9848,-0.0460439,-0.16255,-3.00085,-0.135127,-0.013844,0.00192843,3716.51,3,0.142324,0,0.0614806,-0.0548141,-0.00488227,-0.011145,0.0117732,-0.0525403,-0.0655788,-0.0560071,-0.0719089,5751.72,-297.785,-4248.43,-0.000651559,0.0440323,-70.5313,3352.3,8.36169,535.649,4.74175e-05,-0.00606294,-69.4927,5643.8,173.958,-2066.91,0.00165571,0.0172999,-70.7582,4005.04,332.307,585.63,0.00322427,-0.00554212,-69.8982
2.289,158.798,-2.56305,21.9847,-0.0416443,0.410239,-2.56498,-0.139794,-0.0144832,0.00193799,3716.53,3,0.142972,0,0.063058,-0.0557987,-0.00582554,-0.0111137,0.0117764,-0.0521523,-0.065899,-0.0555989,-0.0723019,5791.24,-442.015,-4284.37,-0.0020882,0.0443212,-70.5507,3313.36,65.3328,531.076,0.000701587,-0.0060546,-69.4704,5670.01,188.556,-2117.2,0.0017806,0.0177047,-70.7804,3978.88,328.711,538.924,0.0031627,-0.00506103,-69.8774
2.299,159.018,-2.57319,21.9845,-0.0402993,-0.00970162,-3.13094,-0.148078,-0.0151017,0.0019477,3716.45,3,0.143258,0,0.0645733,-0.0558263,-0.00616125,-0.0110813,0.0117737,-0.0518232,-0.0661787,-0.0552146,-0.0726767,5843.86,-351.003,-4348.4,-0.00109487,0.0448771,-70.5742,3265.85,7.74462,454.634,3.96353e-05,-0.00522493,-69.4468,5697.82,180.205,-2181.72,0.0017171,0.0182566,-70.8018,3951.28,340.431,483.791,0.00321132,-0.00446047,-69.8551
2.309,159.237,-2.58368,21.9848,-0.0356886,0.591021,-2.99344,-0.153369,-0.0157304,0.00195818,3716.85,3,0.143724,0,0.0660249,-0.0568995,-0.00709946,-0.0110552,0.0117667,-0.0514337,-0.0665016,-0.0548226,-0.0730634,5878.77,-389.67,-4386.31,-0.00142887,0.0452112,-70.6039,3230.03,24.7654,416.246,0.000238447,-0.00480987,-69.4201,5724.78,184.361,-2239.7,0.00175631,0.018741,-70.8216,3924.24,342.326,433.896,0.00317765,-0.00394025,-69.8336
2.319,159.457,-2.59457,21.9844,-0.0318809,-0.0404351,-4.09171,-0.159313,-0.0163413,0.00196892,3716.38,3,0.143987,0,0.0674112,-0.0573392,-0.00758718,-0.0110201,0.0117682,-0.0510878,-0.066788,-0.0544464,-0.0734381,5924.59,-415.322,-4396.73,-0.00165632,0.0449071,-70.6205,3186.51,50.718,426.893,0.000546372,-0.00499035,-69.4002,5752.28,185.639,-2304.55,0.00177341,0.0192944,-70.8434,3896.41,345.163,380.811,0.00313981,-0.00339193,-69.8111
2.329,159.677,-2.60585,21.9844,-0.0264428,-0.194493,-3.30406,-0.164677,-0.0169492,0.00198063,3716.27,3,0.14431,0,0.0687311,-0.0579253,-0.00819374,-0.0109785,0.0117788,-0.0507167,-0.0670766,-0.0540765,-0.0738098,5962.98,-379.491,-4396.56,-0.00125139,0.0444733,-70.6484,3144.73,26.3641,330.591,0.000262188,-0.0038754,-69.375,5780,182.661,-2368.2,0.00175511,0.0198381,-70.864,3868.31,345.083,319.166,0.00305917,-0.0027709,-69.7895
2.339,159.896,-2.61754,21.9849,-0.0231013,0.593902,-3.05022,-0.171443,-0.0175611,0.00199248,3716.27,3,0.144765,0,0.0699831,-0.0585951,-0.00888891,-0.0109547,0.0117622,-0.050348,-0.067383,-0.0537029,-0.0741887,5997.25,-389.904,-4529.84,-0.0012673,0.0465635,-70.6725,3106.41,39.6252,312.806,0.000420983,-0.00369255,-69.3511,5806.77,179.866,-2409.96,0.00173106,0.0201651,-70.8847,3840.01,349.588,252.199,0.00299933,-0.00211674,-69.7673
2.349,160.116,-2.62965,21.9848,-0.0203609,1.18925,-4.00392,-0.178528,-0.0181552,0.00200544,3716.29,3,0.145431,0,0.0711661,-0.058483,-0.00912274,-0.0109252,0.0117569,-0.0499967,-0.0676474,-0.0533466,-0.0745537,6035.69,-458.038,-4563.87,-0.00194124,0.046799,-70.6863,3057.98,15.1343,241.459,0.000137274,-0.00287626,-69.332,5835.41,215.244,-2484.99,0.00203434,0.020806,-70.9049,3812,354.49,214.45,0.00299761,-0.00176826,-69.7424
2.359,160.335,-2.64214,21.9842,-0.0125789,0.475836,-4.28618,-0.181047,-0.0187652,0.00202011,3716.1,3,0.145774,0,0.0722788,-0.0597036,-0.0100185,-0.0108896,0.0117521,-0.0495492,-0.067961,-0.0529778,-0.0749294,6052.34,-510.251,-4516.34,-0.00244049,0.0457511,-70.7081,3025.71,66.0408,242.98,0.00074207,-0.00287024,-69.3078,5862.55,208.011,-2541.17,0.00197986,0.021281,-70.9235,3783.04,344.308,139.126,0.00281841,-0.00110331,-69.72
2.369,160.555,-2.6551,21.9844,-0.0107384,0.453938,-4.5629,-0.190258,-0.0193508,0.00203593,3715.9,3,0.146048,0,0.0733202,-0.0593174,-0.00990883,-0.0108565,0.0117434,-0.0491815,-0.0682034,-0.052634,-0.0752818,6088.29,-358.705,-4623.06,-0.000845803,0.0472684,-70.726,2976.71,-19.0249,176.235,-0.000269979,-0.00212302,-69.2868,5892.89,193.797,-2617.92,0.00187054,0.0219587,-70.9437,3751.25,355.024,59.4408,0.00284221,-0.000442242,-69.697
2.379,160.774,-2.66845,21.9843,-0.00208329,0.639547,-3.78242,-0.191147,-0.0199631,0.00205463,3715.88,3,0.146553,0,0.0742892,-0.0606285,-0.0110306,-0.0108303,0.0117333,-0.0487119,-0.0685309,-0.052268,-0.0756629,6096.59,-525.983,-4643.71,-0.0025105,0.047665,-70.7446,2948.63,79.5085,213.957,0.000909058,-0.00254109,-69.2633,5918.64,215.83,-2656.72,0.00205362,0.0222498,-70.9626,3721.97,326.847,5.96051,0.00260892,-1.62981e-05,-69.6759
2.389,160.994,-2.68227,21.9843,0.00155879,-0.447327,-3.24241,-0.197786,-0.0205458,0.00207495,3715.75,3,0.146477,0,0.075185,-0.0599972,-0.0107871,-0.0107922,0.0117355,-0.0483497,-0.0687606,-0.0519312,-0.0760111,6135.93,-351.657,-4717.41,-0.000694137,0.0485303,-70.7552,2896.62,26.4194,178.653,0.00028834,-0.00221144,-69.2471,5947.22,204.398,-2701.95,0.00195549,0.0226091,-70.9829,3688.41,329.804,-86.774,0.00269627,0.000746115,-69.6598
2.399,161.213,-2.69652,21.9843,0.00615353,0.175115,-4.34641,-0.203748,-0.0211513,0.00209927,3715.82,3,0.147095,0,0.0760065,-0.0605271,-0.0113055,-0.0107571,0.0117303,-0.0479066,-0.0690418,-0.0515768,-0.0763751,6155.46,-315.167,-4719.48,-0.000282017,0.0483147,-70.7817,2862.9,-37.9144,91.4217,-0.000480652,-0.00107317,-69.2195,5978.34,191.999,-2785.8,0.00186729,0.0233604,-70.997,3654.15,338.892,-134.672,0.00284584,0.00117488,-69.6431
2.409,161.432,-2.71122,21.9843,0.0152967,-0.0129012,-4.12455,-0.204238,-0.021744,0.00212704,3715.88,3,0.147393,0,0.076753,-0.0608152,-0.0116,-0.0107204,0.0117256,-0.0474852,-0.0692958,-0.0512304,-0.0767337,6186.55,-382.655,-4647.12,-0.0010041,0.0466218,-70.789,2822.6,42.4361,163.764,0.000495899,-0.00204839,-69.2068,6006.48,204.39,-2835.72,0.00197247,0.0237626,-71.0145,3621.78,319.687,-190.209,0.00279205,0.00171359,-69.6296
2.419,161.652,-2.72636,21.9836,0.0205121,0.923115,-5.54172,-0.208468,-0.0223495,0.00215909,3715.82,3,0.148446,0,0.0774238,-0.0615329,-0.0121868,-0.0106867,0.0117196,-0.0470264,-0.0695844,-0.0508742,-0.0771081,6206.54,-566.673,-4643.88,-0.00281652,0.0464378,-70.7998,2796.32,88.9339,116.74,0.000998064,-0.00134498,-69.1867,6035.45,252.066,-2897.43,0.00237661,0.0242731,-71.0293,3590.62,225.098,-232.232,0.00210967,0.00223825,-69.6196
2.429,161.871,-2.742,21.986,0.0256796,2.62225,-2.2177,-0.213627,-0.0229142,0.00219459,3716.03,3,0.148624,0,0.0780181,-0.0603497,-0.0115818,-0.010647,0.0117056,-0.0466635,-0.0697686,-0.0505536,-0.077448,6255.04,-338.815,-4691.93,-0.000545583,0.046665,-70.8112,2744.5,-49.7596,22.049,-0.00053189,-0.000217752,-69.1717,6065.88,207.338,-2963.35,0.00200809,0.0248575,-71.0457,3558,320.796,-285.648,0.0030061,0.00275142,-69.6092
2.439,162.09,-2.75806,21.9821,0.0325142,-0.112581,-4.67525,-0.214573,-0.0235172,0.00223571,3716.18,3,0.149451,0,0.0785355,-0.0614736,-0.0124711,-0.0106178,0.0116945,-0.0461673,-0.0700687,-0.0501916,-0.0778376,6275.65,-596.972,-4750.04,-0.00306665,0.0476588,-70.8298,2731.38,57.5033,141.617,0.000699568,-0.0017808,-69.151,6091.24,227.84,-2996.46,0.00217886,0.025092,-71.0599,3533.27,310.88,-320.295,0.00299954,0.00317334,-69.6011
2.449,162.309,-2.77462,21.9832,0.0355712,0.0201976,-3.39884,-0.221594,-0.0240825,0.00228079,3716.28,3,0.149458,0,0.0789754,-0.0609181,-0.0121163,-0.0105866,0.0116822,-0.0457466,-0.0702719,-0.0498653,-0.0781933,6310.63,-338.929,-4887,-0.000400741,0.049758,-70.845,2697.9,-5.25974,66.1709,-9.05328e-05,-0.000862974,-69.1353,6119.77,206.099,-3059.18,0.00200233,0.025643,-71.0739,3506.48,325.396,-364.865,0.00321627,0.00370165,-69.5941
2.459,162.529,-2.79166,21.9835,0.0415204,-0.416782,-1.27821,-0.224616,-0.0246123,0.00233052,3716.74,3,0.149599,0,0.0793373,-0.0595371,-0.0115088,-0.0105584,0.0116645,-0.0453689,-0.0704103,-0.0495518,-0.0785412,6362.64,-336.275,-4970.69,-0.000379191,0.0507931,-70.837,2652.77,15.0512,116.179,0.000169515,-0.00155052,-69.1265,6143.41,192.681,-3115.11,0.00189366,0.0261417,-71.089,3486.86,354.115,-374.944,0.00350924,0.0038046,-69.5848
2.469,162.748,-2.8091,21.9824,0.0509394,-0.114848,-3.84815,-0.224248,-0.02517,0.00238479,3716.58,3,0.150476,0,0.0796209,-0.0607153,-0.0127444,-0.0105114,0.0116613,-0.0448061,-0.0706873,-0.0492076,-0.0789167,6360.45,-475.556,-4792.79,-0.00183677,0.0474433,-70.8648,2655.03,59.9551,76.8632,0.00070391,-0.000922306,-69.0986,6164.09,231.215,-3144.51,0.00221585,0.0263535,-71.1,3468.87,314.352,-435.389,0.00324947,0.00462184,-69.5808
2.479,162.967,-2.82704,21.9819,0.0537418,0.208273,-4.78898,-0.230512,-0.0256965,0.00244585,3716.64,3,0.15121,0,0.079826,-0.0610402,-0.0122579,-0.0104782,0.0116504,-0.0442765,-0.0708448,-0.0488992,-0.0792644,6361.65,-354.593,-4871.87,-0.000565642,0.0488617,-70.8901,2629.7,-34.1918,-10.593,-0.000366075,0.000114452,-69.0866,6187.82,219.343,-3204.86,0.00212478,0.0269026,-71.1109,3448.45,335.921,-480.698,0.0035242,0.00518276,-69.5764
2.489,163.186,-2.84547,21.9839,0.0603465,0.752682,-2.50007,-0.232196,-0.0261999,0.00250766,3717.07,3,0.151075,0,0.0799522,-0.0605217,-0.0127015,-0.0104475,0.0116595,-0.0438317,-0.0710283,-0.0485948,-0.0796015,6391.45,-475.373,-4949.39,-0.00176414,0.0500981,-70.8834,2619.18,38.934,-92.1203,0.000508501,0.00117406,-69.0737,6205.35,294.079,-3198.99,0.00272503,0.0267309,-71.1228,3432.6,397.245,-487.741,0.00413678,0.00519584,-69.5695
2.499,163.405,-2.86437,21.9816,0.0666254,0.720407,-4.29581,-0.234587,-0.0266943,0.00257716,3716.88,3,0.152307,0,0.0799996,-0.0610807,-0.0125367,-0.0104153,0.0116203,-0.043323,-0.0711569,-0.0482949,-0.079934,6404.06,-459.971,-4909.23,-0.00159789,0.049152,-70.899,2599.52,6.6688,-19.1075,8.28536e-05,0.000246283,-69.0605,6226.43,233.953,-3289.51,0.00225365,0.0276428,-71.1332,3415.06,332.106,-542.332,0.00359488,0.00603894,-69.5651
2.509,163.624,-2.88377,21.9825,0.0756873,-0.366814,-2.53257,-0.234207,-0.0271465,0.00264828,3718.72,3,0.151953,0,0.079968,-0.0598731,-0.0121291,-0.0103935,0.0116037,-0.0429275,-0.0712385,-0.0480206,-0.0802377,6449.7,-412.207,-4851.98,-0.00117897,0.0475199,-70.8937,2574.17,38.0281,32.2447,0.000432843,-0.000376493,-69.0559,6242.91,200.584,-3325.91,0.00197598,0.0279729,-71.1454,3400.63,379.413,-566.564,0.00410902,0.00629473,-69.5594
2.519,163.843,-2.90364,21.9809,0.0795355,0.474248,-4.89408,-0.237932,-0.0276068,0.0027256,3717.05,3,0.153274,0,0.0798575,-0.0602648,-0.0123793,-0.0103509,0.0115965,-0.0424171,-0.0713639,-0.0477339,-0.0805575,6457.06,-497.134,-4871.4,-0.00200082,0.0478441,-70.9105,2568.55,16.6249,-10.3775,0.000183654,0.00011249,-69.0375,6257.47,246.969,-3374.51,0.0023737,0.0284303,-71.1535,3386.32,334.537,-601.852,0.00371194,0.00687774,-69.5553
2.529,164.062,-2.924,21.9817,0.0846922,0.898489,-3.18846,-0.241115,-0.0280261,0.00280528,3717.05,3,0.153539,0,0.0796682,-0.0593487,-0.0119269,-0.0103199,0.0115912,-0.0419809,-0.0714243,-0.0474778,-0.080844,6485.24,-370.128,-4994.46,-0.000717005,0.0497938,-70.919,2553.09,-7.67014,18.1518,-0.00010548,-0.000234393,-69.0307,6270.94,234.758,-3414.31,0.00227334,0.0288119,-71.1616,3372.76,343.951,-626.76,0.0038504,0.00722315,-69.5507
2.539,164.28,-2.94484,21.9809,0.0927793,0.356224,-4.75138,-0.240859,-0.0284342,0.00288905,3717.04,3,0.153975,0,0.0794003,-0.0595058,-0.0120251,-0.0102945,0.0115653,-0.0414916,-0.0715105,-0.0472264,-0.0811308,6494.94,-445.84,-4844.33,-0.00153299,0.0469092,-70.9261,2550.11,20.3195,-11.1803,0.000224663,0.000120544,-69.0189,6283.66,244.714,-3447.2,0.00236355,0.0291152,-71.1718,3361.11,321.965,-661.628,0.00366219,0.0077697,-69.5494
2.549,164.499,-2.96617,21.9808,0.0977649,0.291296,-3.96271,-0.243573,-0.0288121,0.00297559,3717.13,3,0.154391,0,0.079054,-0.0589794,-0.0116201,-0.0102629,0.0115546,-0.0410273,-0.0715484,-0.046996,-0.0813924,6509.48,-339.132,-4925.78,-0.000468392,0.0481858,-70.9374,2543.17,-27.6916,-14.092,-0.000306617,0.000158913,-69.0113,6295.64,242.682,-3496.49,0.00235674,0.0296136,-71.1765,3349.96,337.663,-687.697,0.00386585,0.00812359,-69.5444
2.559,164.718,-2.98798,21.9822,0.110337,-0.078417,-3.07248,-0.239224,-0.0291587,0.00306348,3717.28,3,0.154089,0,0.0786297,-0.0582449,-0.0113492,-0.0101772,0.0116153,-0.0405954,-0.0715645,-0.0467815,-0.0816445,6531.64,-332.288,-4740.21,-0.000551268,0.0446622,-70.9312,2534.95,60.8813,136.221,0.000804374,-0.00182307,-69.0115,6303.6,269.687,-3521.07,0.00258579,0.0298461,-71.1837,3342.64,298.217,-707.213,0.00346101,0.00849403,-69.5413
2.569,164.937,-3.01028,21.9817,0.108775,2.3661,-4.39183,-0.247599,-0.0295041,0.00315527,3717.2,3,0.155631,0,0.0781278,-0.0583018,-0.0111795,-0.0102173,0.0115312,-0.0400954,-0.0715961,-0.0465699,-0.0818968,6522.7,-362.369,-4939.56,-0.000723072,0.0483072,-70.9541,2540,-57.6639,-59.3853,-0.000691349,0.000720108,-68.9954,6313.11,248.969,-3551.27,0.00241694,0.0301473,-71.1877,3333.52,347.736,-738.255,0.00403872,0.00885186,-69.5401
2.579,165.155,-3.03307,21.9804,0.121065,-0.685727,0.462485,-0.241735,-0.0298045,0.00324655,3716.99,3,0.155462,0,0.0775488,-0.0574064,-0.0108228,-0.0102069,0.0114933,-0.0396808,-0.0715856,-0.0463848,-0.0821179,6547.4,-363.787,-4855.93,-0.000823717,0.046518,-70.943,2535,-6.13743,23.2166,-8.41552e-05,-0.000311611,-68.9964,6320.53,245.504,-3605.06,0.00240242,0.0307319,-71.1942,3328.09,373.475,-764.929,0.00435252,0.00919256,-69.5369
2.589,165.374,-3.05633,21.9807,0.123386,0.539628,-2.20324,-0.246389,-0.0300939,0.00334021,3717.26,3,0.156112,0,0.0768932,-0.0571769,-0.0105316,-0.010164,0.0115053,-0.0392274,-0.0715656,-0.046212,-0.0823284,6542.6,-252.88,-4920.64,0.000285614,0.0476734,-70.9616,2538.57,-57.4954,-35.3115,-0.000650444,0.000404817,-68.9879,6327.4,249.458,-3612.09,0.00243243,0.0307748,-71.1974,3320.59,340.417,-781.726,0.00400917,0.00951969,-69.5369
2.599,165.592,-3.0801,21.9801,0.128892,0.787537,-4.07923,-0.247142,-0.0303506,0.00343332,3717.34,3,0.156759,0,0.0761618,-0.0563677,-0.0101412,-0.0101514,0.0115043,-0.0388403,-0.0715176,-0.0460497,-0.0825308,6556.64,-410.552,-4854.29,-0.00130969,0.0464125,-70.9512,2537.76,-4.90638,17.3916,-6.81083e-05,-0.00023235,-68.99,6331.87,265.461,-3634.59,0.00257265,0.0310097,-71.2027,3317.14,336.498,-799.536,0.00398359,0.00979282,-69.5354
2.609,165.811,-3.10433,21.9796,0.133635,0.346135,-5.19993,-0.248424,-0.0305933,0.00352664,3717.37,3,0.157079,0,0.0753552,-0.0560234,-0.00980124,-0.0101346,0.0114921,-0.0384226,-0.0714824,-0.0458993,-0.0827206,6557.63,-314.881,-4857.76,-0.000407212,0.0464175,-70.9665,2544.21,-44.4494,16.6767,-0.000482511,-0.000175695,-68.9835,6335.27,273.68,-3659.96,0.00264915,0.0312872,-71.2048,3314.1,338.544,-819.828,0.00402665,0.0100901,-69.5362
2.619,166.029,-3.12906,21.9795,0.141067,0.302196,-2.79257,-0.246841,-0.0307961,0.00361857,3717.39,3,0.157536,0,0.0744743,-0.054967,-0.00920942,-0.0100971,0.0115154,-0.038068,-0.0714105,-0.0457729,-0.0828845,6573.78,-348.05,-4933.5,-0.000743238,0.0476181,-70.955,2547.38,-2.67429,137.889,-4.44229e-05,-0.00192209,-68.9878,6337.89,255.318,-3679.12,0.0024967,0.031503,-71.2074,3313.16,347.629,-831.475,0.00414467,0.0102434,-69.5369
2.629,166.247,-3.15425,21.9794,0.145093,0.844406,-4.46551,-0.248593,-0.0309868,0.00371035,3717.47,3,0.15809,0,0.0735198,-0.0546255,-0.00878178,-0.0101038,0.0114778,-0.0376689,-0.0713538,-0.0456551,-0.08304,6562.81,-315.43,-4864.23,-0.000473063,0.0464747,-70.9701,2558.15,-57.8861,45.7494,-0.000668722,-0.000518443,-68.9829,6339.53,271.992,-3701.65,0.00264598,0.031758,-71.2086,3311.39,336.727,-856.538,0.00403596,0.0106345,-69.5378
2.639,166.466,-3.17992,21.9792,0.152126,0.448076,-4.30233,-0.245866,-0.0311426,0.00379946,3717.5,3,0.158365,0,0.0724928,-0.0537747,-0.00826589,-0.0100959,0.0114716,-0.0373245,-0.0712755,-0.0455564,-0.08317,6565.76,-324.236,-4823.38,-0.00061876,0.0457314,-70.9638,2566.18,-35.8716,139.269,-0.000494363,-0.00188217,-68.9859,6340.42,274.728,-3740.09,0.00268622,0.032213,-71.2081,3311.5,327.734,-874.256,0.00394124,0.0109098,-69.5366
2.649,166.684,-3.20606,21.9789,0.15673,0.320473,-5.04416,-0.247098,-0.0312781,0.00388677,3717.53,3,0.15877,0,0.0713943,-0.0530773,-0.00766877,-0.0100719,0.011471,-0.0369834,-0.0711839,-0.0454706,-0.0832951,6560.55,-314.432,-4777.81,-0.00057423,0.0449957,-70.9688,2576.94,-44.8096,96.6051,-0.00058604,-0.00124363,-68.9867,6339.21,276.095,-3746.59,0.0026977,0.0322986,-71.2103,3313.13,337.536,-890.171,0.00406536,0.0111185,-69.5418
2.659,166.902,-3.23266,21.9795,0.164768,-0.742583,-4.65788,-0.243924,-0.0313892,0.00397014,3717.62,3,0.158402,0,0.0702253,-0.0525634,-0.00721979,-0.0100739,0.011456,-0.0366747,-0.0710997,-0.045397,-0.0834011,6561.51,-160.917,-4704.44,0.000792989,0.0436897,-70.9649,2591.21,-17.5142,182.529,-0.000249213,-0.00250953,-68.9894,6336.73,274.988,-3762.47,0.00269532,0.0325058,-71.2097,3316.14,312.027,-901.932,0.00376912,0.0113275,-69.5443
2.669,167.12,-3.25973,21.9792,0.166985,0.847803,-5.0226,-0.245561,-0.0314661,0.00405154,3717.63,3,0.159548,0,0.068987,-0.0512878,-0.00632243,-0.0100667,0.011454,-0.0363951,-0.0709719,-0.0453487,-0.0834821,6553.77,-279.795,-4728.01,-0.00034526,0.0442047,-70.9664,2597.48,-67.5794,125.519,-0.00086823,-0.00158808,-68.9935,6334.1,281.8,-3770.82,0.00275647,0.0326221,-71.2087,3319.53,342.211,-915.67,0.00413021,0.0114618,-69.5483
2.679,167.338,-3.28725,21.9788,0.174243,0.472623,-5.06967,-0.241869,-0.0315237,0.00412826,3717.61,3,0.159893,0,0.0676806,-0.0507769,-0.00591374,-0.0100613,0.0114518,-0.0361195,-0.0708719,-0.0453016,-0.0835559,6545.62,-379.751,-4639.06,-0.00134636,0.0428574,-70.9578,2613.8,-16.1119,187.025,-0.000224187,-0.00255437,-68.9985,6328.19,297.02,-3777.67,0.00289329,0.0327384,-71.2093,3325.97,330.244,-922.485,0.00398636,0.011561,-69.552
2.689,167.556,-3.31522,21.9793,0.179819,0.28353,-3.32843,-0.240493,-0.0315506,0.00420154,3717.74,3,0.160005,0,0.0663074,-0.0499296,-0.00508395,-0.0100506,0.0114511,-0.0358646,-0.0707417,-0.0452802,-0.0836017,6532.76,-257.998,-4647.44,-0.00024172,0.0430659,-70.9659,2626.28,-51.2391,170.275,-0.000686141,-0.002248,-69.0025,6322.53,276.545,-3787.04,0.0027215,0.0328923,-71.2041,3332.09,343.253,-935.406,0.0041404,0.011705,-69.5579
2.699,167.774,-3.34365,21.9801,0.184295,-0.241287,-2.89284,-0.239693,-0.0315558,0.00426869,3717.8,3,0.15981,0,0.0648688,-0.0489097,-0.00443989,-0.0100536,0.0114458,-0.0356709,-0.0706273,-0.0452626,-0.0836412,6529.78,-109.604,-4701.73,0.00113568,0.0439131,-70.9613,2643.97,-57.5754,252.188,-0.000782881,-0.00338622,-69.0078,6315.03,271.431,-3797.06,0.00268507,0.0330629,-71.2014,3340.34,336.4,-941.996,0.0040558,0.0117842,-69.5637
2.709,167.992,-3.37251,21.9798,0.188744,1.43943,-4.41974,-0.237149,-0.0315321,0.0043323,3717.84,3,0.160876,0,0.0633661,-0.0481568,-0.00364825,-0.0100589,0.0114386,-0.0354727,-0.0704931,-0.0452645,-0.0836573,6511.03,-316.176,-4546.03,-0.000901513,0.0416597,-70.9551,2656.89,-51.0818,232.859,-0.000690502,-0.00310871,-69.0166,6306.35,301.872,-3796.23,0.00295377,0.0331006,-71.1966,3348.9,335.649,-952.82,0.00404059,0.0119133,-69.5694
2.719,168.21,-3.40181,21.9799,0.193397,0.881306,-4.40286,-0.234818,-0.0314827,0.00439002,3717.9,3,0.160923,0,0.061801,-0.0473097,-0.00292428,-0.010058,0.0114415,-0.0353098,-0.0703664,-0.045281,-0.0836545,6496.51,-247.751,-4529.37,-0.000312976,0.041502,-70.9524,2677.62,-49.6865,276.932,-0.000669433,-0.00371232,-69.024,6296.52,305.821,-3797.61,0.00299406,0.0331784,-71.1915,3359,336.644,-958.231,0.00404396,0.0119536,-69.576
2.729,168.428,-3.43153,21.979,0.19773,0.340733,-4.46722,-0.23191,-0.0314073,0.00444247,3717.91,3,0.161403,0,0.0601748,-0.046439,-0.00209847,-0.0100626,0.011456,-0.035165,-0.0702306,-0.0453126,-0.0836313,6478.94,-258.878,-4466.16,-0.000478794,0.0406769,-70.9456,2695.91,-74.4637,281.883,-0.000984139,-0.00371433,-69.0333,6286.14,303.813,-3795.67,0.0029814,0.0332202,-71.1868,3369.33,331.863,-963.077,0.00397734,0.0119949,-69.5846
2.739,168.645,-3.46168,21.9792,0.201761,0.340162,-3.56713,-0.229113,-0.0312986,0.00448867,3718.01,3,0.161685,0,0.0584892,-0.0451605,-0.00120563,-0.0100564,0.0114507,-0.0350763,-0.0700815,-0.0453572,-0.0835908,6467,-315.059,-4474.34,-0.00103824,0.0409107,-70.9351,2712.31,-49.1605,336.469,-0.000655546,-0.00451065,-69.0463,6273.2,313.09,-3789.81,0.00306653,0.0332269,-71.181,3383.06,330.88,-962.53,0.00395151,0.0119383,-69.5919
2.749,168.863,-3.49224,21.9797,0.206343,0.326033,-4.10102,-0.225025,-0.0311638,0.00452872,3717.98,3,0.161753,0,0.056746,-0.0440754,-0.000265047,-0.0100579,0.0114625,-0.035008,-0.069934,-0.045417,-0.0835313,6448.27,-270.743,-4369.65,-0.000714919,0.0394693,-70.9314,2731.81,-53.9609,371.317,-0.000714383,-0.00496919,-69.0569,6258.45,317.589,-3780.04,0.00311104,0.0331975,-71.1735,3398.92,331.627,-956.85,0.00393936,0.0117973,-69.6006
2.759,169.081,-3.52319,21.9802,0.209164,0.736901,-4.55352,-0.223495,-0.0310149,0.00456267,3718.13,3,0.162008,0,0.0549467,-0.0436885,0.000492895,-0.0100833,0.0114525,-0.0349303,-0.0698136,-0.045481,-0.0834626,6417.17,-186.823,-4373.76,3.19701e-05,0.0397575,-70.9356,2760.07,-88.8658,411.684,-0.00116408,-0.00544321,-69.0647,6243.95,312.609,-3778.95,0.00307602,0.0332772,-71.1656,3413.43,331.074,-966.856,0.00391959,0.0118904,-69.612
2.769,169.298,-3.55456,21.9807,0.213083,0.407872,-4.04788,-0.219401,-0.0308218,0.00458932,3718.15,3,0.162027,0,0.0530932,-0.0423704,0.00152873,-0.0100982,0.0114597,-0.0349441,-0.0696583,-0.0455673,-0.0833598,6401.61,-206.754,-4293.9,-0.000230309,0.0387008,-70.9164,2779.78,-67.0412,444.922,-0.000872506,-0.00591485,-69.0818,6227.29,315.542,-3765.71,0.00310494,0.0332169,-71.1577,3430.22,325.051,-962.61,0.00382893,0.0117801,-69.6214
2.779,169.516,-3.5863,21.9811,0.215843,1.37403,-4.80016,-0.215738,-0.0306071,0.00460976,3718.26,3,0.162536,0,0.0511873,-0.0415328,0.00245339,-0.0101087,0.0114628,-0.0349599,-0.0695077,-0.0456701,-0.0832439,6375.56,-264.166,-4225.2,-0.000808697,0.0379129,-70.9089,2802.38,-74.8148,477.344,-0.000966427,-0.00632254,-69.0952,6209.39,321.885,-3745.98,0.00316321,0.0330823,-71.1486,3448.6,327.792,-960.752,0.0038381,0.0116843,-69.6327
2.789,169.733,-3.61843,21.9815,0.21898,0.672992,-4.71395,-0.212088,-0.0303607,0.00462301,3718.3,3,0.162396,0,0.0492309,-0.0403064,0.00347896,-0.0101218,0.0114711,-0.0350191,-0.0693546,-0.0457856,-0.0831039,6351.72,-187.937,-4137.96,-0.000198859,0.0368338,-70.9025,2827.61,-75.6217,515.324,-0.000966019,-0.00681035,-69.1105,6190.64,324.197,-3738.56,0.00319292,0.0331084,-71.1392,3468.1,321.63,-960.031,0.00374446,0.0116172,-69.6451
2.799,169.95,-3.65093,21.9811,0.221115,0.510924,-6.59567,-0.208014,-0.0300851,0.00462923,3718.38,3,0.162687,0,0.0472259,-0.0393682,0.00448003,-0.0101392,0.0114795,-0.0351036,-0.0692028,-0.0459115,-0.0829458,6324.21,-217.24,-4027.61,-0.000538325,0.0355071,-70.8822,2853.99,-71.9215,600.293,-0.000905072,-0.0079758,-69.1279,6170.93,316.89,-3727.43,0.00313761,0.0330964,-71.1295,3488.13,308.887,-957.464,0.00357394,0.0115345,-69.6576
2.809,170.168,-3.68378,21.9821,0.224116,0.491412,-4.47419,-0.203353,-0.0297858,0.00462909,3718.53,3,0.162671,0,0.0451743,-0.0385238,0.00549134,-0.0101559,0.0114895,-0.0351953,-0.0690554,-0.0460513,-0.0827673,6288.93,-146.461,-4072.37,8.32727e-05,0.0363577,-70.8858,2884.29,-96.1905,614.217,-0.00120874,-0.0080689,-69.1422,6146.81,309.385,-3690.54,0.00306682,0.0327886,-71.1169,3512.83,345.703,-947.167,0.00396063,0.0112446,-69.6715
2.819,170.385,-3.71699,21.9825,0.227503,0.723129,-4.00585,-0.197035,-0.0294492,0.00462105,3718.46,3,0.162955,0,0.0430781,-0.0373257,0.00655745,-0.0101747,0.011498,-0.0353565,-0.0688952,-0.0462075,-0.0825635,6259.07,-222.438,-3955.19,-0.000688229,0.0349658,-70.8609,2911.96,-73.3762,688.517,-0.000893259,-0.00909234,-69.163,6121.99,348.712,-3659.83,0.00341751,0.0325505,-71.1065,3536.93,295.451,-938.616,0.00336667,0.0111353,-69.6855
2.829,170.602,-3.75053,21.9837,0.228522,1.30223,-3.88332,-0.193528,-0.0290857,0.004606,3718.59,3,0.163025,0,0.0409394,-0.0362137,0.00768497,-0.0101979,0.0115093,-0.0355454,-0.0687312,-0.0463771,-0.0823387,6228.1,-157.412,-3923.28,-0.000152316,0.0347348,-70.8547,2941.36,-104.693,714.719,-0.00128664,-0.00935379,-69.1797,6097.04,332.079,-3638.59,0.00327742,0.0324469,-71.094,3562.73,311.453,-927.031,0.00351554,0.0108689,-69.7017
2.839,170.819,-3.7844,21.9836,0.231117,0.713316,-3.30718,-0.187162,-0.0286903,0.00458377,3718.64,3,0.163145,0,0.0387603,-0.0351387,0.00876511,-0.010218,0.0115213,-0.0357642,-0.0685682,-0.0465604,-0.0820927,6197.35,-211.18,-3863.35,-0.000684646,0.0341401,-70.8357,2972.94,-80.5988,802.322,-0.00094961,-0.010556,-69.2015,6069.96,345.58,-3614.83,0.00340553,0.0323161,-71.0795,3591.17,302.473,-904.612,0.00338071,0.010496,-69.716
2.849,171.037,-3.81859,21.9847,0.230959,0.298487,-4.92475,-0.183688,-0.0282682,0.00455449,3718.7,3,0.162711,0,0.036543,-0.0342321,0.00987612,-0.0102404,0.0115355,-0.0360038,-0.0684075,-0.046757,-0.0818249,6157.72,-31.171,-3816.47,0.000871458,0.0337452,-70.8325,3009.29,-110.707,859.441,-0.00132094,-0.0112441,-69.2193,6041.86,337.344,-3586.63,0.00333863,0.0321422,-71.0643,3619.72,312.266,-893.868,0.00345399,0.0102528,-69.7324
2.859,171.254,-3.85309,21.985,0.233531,0.212926,-3.02888,-0.176328,-0.0278032,0.00451799,3719.06,3,0.163014,0,0.0342896,-0.0328068,0.0110904,-0.0102666,0.0115511,-0.0363056,-0.0682202,-0.0469767,-0.0815247,6126.56,-139.324,-3693.64,-0.000168157,0.0323585,-70.8074,3039.53,-101.719,892.046,-0.00117811,-0.0116206,-69.2437,6011.59,347.593,-3563.69,0.00344198,0.032042,-71.0508,3650.75,312.897,-870.369,0.00342059,0.00985587,-69.7497
2.869,171.471,-3.88787,21.9858,0.233551,1.0398,-3.43046,-0.171112,-0.0273124,0.00447401,3718.8,3,0.163288,0,0.0320023,-0.0316036,0.0122221,-0.0102911,0.0115639,-0.0366307,-0.0680472,-0.0472025,-0.0812113,6085.67,-186.397,-3650.07,-0.000640586,0.0320522,-70.7897,3074.3,-111.331,952.623,-0.0012767,-0.0123751,-69.2649,5978.55,353.343,-3508.39,0.00348791,0.0315536,-71.0356,3683.89,306.484,-851.29,0.00331472,0.00953167,-69.768
2.879,171.688,-3.92293,21.9865,0.23398,0.595318,-4.01438,-0.165875,-0.0268035,0.00442391,3718.94,3,0.163071,0,0.0296835,-0.0311781,0.0132935,-0.0103202,0.0115789,-0.0369384,-0.0678901,-0.0474357,-0.0808832,6033.35,-63.2883,-3574.12,0.000408956,0.0313875,-70.7926,3117.04,-125.588,989.207,-0.00143109,-0.0127307,-69.2854,5945.35,350.591,-3469.86,0.00346941,0.0312791,-71.0176,3717.83,302.929,-832.284,0.00323733,0.0092088,-69.7876
2.889,171.905,-3.95827,21.9873,0.234072,0.604638,-3.6879,-0.159593,-0.0262448,0.00436527,3719.05,3,0.163056,0,0.0273354,-0.0295387,0.0145538,-0.0103521,0.0115926,-0.0373603,-0.0677046,-0.0476976,-0.0805158,6000.88,-105.597,-3513.14,-2.82695e-05,0.0308148,-70.759,3155.28,-114.432,1086.98,-0.00125351,-0.0140334,-69.3125,5910.59,349.613,-3424.54,0.00346312,0.0309283,-71.0015,3753.55,301.965,-804.703,0.00318596,0.00877678,-69.8062
2.899,172.122,-3.99385,21.9882,0.234184,0.693223,-3.29537,-0.153288,-0.0256667,0.00430077,3719.08,3,0.163066,0,0.0249603,-0.028887,0.0156735,-0.0103816,0.0116091,-0.0377605,-0.0675261,-0.0479643,-0.0801345,5951.76,-76.133,-3440.29,0.000189004,0.0301853,-70.7513,3197.18,-130.59,1120.44,-0.00142753,-0.0143313,-69.336,5874.27,351.139,-3382.43,0.00348349,0.0306257,-70.9836,3790.73,298.686,-778.196,0.00310931,0.00836949,-69.8269
2.909,172.339,-4.02969,21.9892,0.2344,-0.396989,-2.95599,-0.146324,-0.0250504,0.00422843,3719.15,3,0.162501,0,0.0225605,-0.0276209,0.0169853,-0.0104147,0.0116251,-0.0382353,-0.0673324,-0.0482507,-0.0797242,5914.29,10.609,-3366.32,0.000898131,0.0294648,-70.7259,3238.1,-107.472,1225.69,-0.00109219,-0.0157361,-69.3635,5836.49,347.666,-3335.51,0.00345671,0.0302734,-70.9663,3829.44,288.092,-747.853,0.00296031,0.00793585,-69.848
2.919,172.556,-4.06575,21.9896,0.232838,0.594714,-3.04172,-0.140195,-0.0244048,0.00415011,3719.19,3,0.163046,0,0.0201385,-0.0263981,0.0181386,-0.0104481,0.0116403,-0.038722,-0.0671361,-0.0485505,-0.0792926,5866.57,-88.6198,-3302.83,-2.5933e-05,0.0289683,-70.7075,3280.79,-139.163,1272.76,-0.00145825,-0.0162163,-69.3888,5797.05,362.555,-3289.84,0.00359911,0.0299383,-70.9469,3870.1,288.316,-713.117,0.00291709,0.00743776,-69.8692
2.929,172.773,-4.10202,21.9907,0.232344,0.583118,-3.0001,-0.133151,-0.0237299,0.00406518,3719.32,3,0.162919,0,0.0176966,-0.0254677,0.0193817,-0.0104832,0.0116559,-0.0392295,-0.0669354,-0.0488634,-0.0788398,5814.91,-77.6206,-3171.19,7.18042e-06,0.0276504,-70.6905,3324.26,-140.267,1316.95,-0.00143183,-0.0166591,-69.4168,5756.14,361.967,-3229.45,0.00359396,0.0294351,-70.9276,3911.62,290.684,-681.178,0.00289264,0.0069801,-69.8918
2.939,172.99,-4.1385,21.9917,0.230947,0.784249,-2.82137,-0.126411,-0.0230243,0.00397351,3719.4,3,0.162879,0,0.0152373,-0.0244674,0.0205731,-0.0105185,0.0116706,-0.0397713,-0.0667361,-0.0491915,-0.0783623,5762.81,-70.7978,-3135.12,3.45558e-05,0.0274937,-70.6699,3372.13,-145.235,1400.91,-0.0014467,-0.017677,-69.4445,5714.32,362.004,-3176.56,0.00360018,0.029029,-70.9073,3954.83,289.401,-640.868,0.00282967,0.00644147,-69.9143
2.949,173.206,-4.17516,21.9926,0.229606,0.271145,-2.6601,-0.119086,-0.0222855,0.00387536,3719.43,3,0.162605,0,0.0127629,-0.0233154,0.0217558,-0.0105605,0.0116834,-0.0403549,-0.0665245,-0.0495362,-0.0778598,5713.29,-44.0906,-3047.43,0.000220677,0.0267018,-70.6474,3420.04,-138.841,1471.37,-0.00131993,-0.0184882,-69.4739,5671.04,363.016,-3119.81,0.00361422,0.0285823,-70.8866,3999.52,283.158,-601.202,0.00272133,0.00593233,-69.9378
2.959,173.423,-4.212,21.9925,0.227887,0.372873,-2.64196,-0.111674,-0.0215192,0.00377109,3719.52,3,0.163005,0,0.010276,-0.0223345,0.023059,-0.0105942,0.0116994,-0.0409698,-0.0663073,-0.0498936,-0.0773386,5661.01,-125.966,-2944.87,-0.000550664,0.0257556,-70.6212,3466.78,-176.201,1537.1,-0.00173693,-0.0192102,-69.5017,5626.65,369.621,-3059.93,0.0036793,0.0280999,-70.8662,4045.51,286.28,-559.003,0.00269345,0.00539045,-69.9625
2.969,173.64,-4.24899,21.9946,0.225619,0.284285,-2.61913,-0.10482,-0.020723,0.00366074,3719.64,3,0.16241,0,0.00777884,-0.0212757,0.0243264,-0.010633,0.0117127,-0.0416126,-0.0660909,-0.0502659,-0.0767938,5605.84,-17.4123,-2884.77,0.000369395,0.0253233,-70.605,3517.58,-154.195,1616.38,-0.00140708,-0.0201375,-69.5338,5580.65,365.292,-2999.17,0.00364477,0.0276198,-70.8449,4092.96,273.4,-511.951,0.00252422,0.00483899,-69.9877
2.979,173.857,-4.28613,21.9958,0.223179,0.112046,-2.80975,-0.0973833,-0.019897,0.00354423,3719.75,3,0.1621,0,0.00527405,-0.0201258,0.025474,-0.0106774,0.0117256,-0.0422928,-0.0658729,-0.0506517,-0.0762269,5551.73,10.211,-2765.59,0.000554032,0.0241983,-70.5794,3571.35,-159.82,1663.45,-0.00142749,-0.020526,-69.563,5533.21,363.555,-2927.61,0.00362954,0.0270139,-70.8226,4141.69,280.792,-464.614,0.00252213,0.0042642,-70.0115
2.989,174.074,-4.32339,21.9962,0.220921,0.279714,-2.5443,-0.0897798,-0.0190448,0.0034232,3719.81,3,0.162325,0,0.00276405,-0.0193265,0.026759,-0.0107194,0.0117337,-0.0429794,-0.065641,-0.051052,-0.0756417,5492.49,-38.1964,-2742.49,0.000111524,0.0242179,-70.5607,3624.55,-175.05,1784.55,-0.00154817,-0.0220705,-69.5958,5485.5,372.184,-2872.58,0.00371977,0.026603,-70.7998,4192.15,277.758,-408.958,0.00242352,0.00363897,-70.037
2.999,174.291,-4.36077,21.9976,0.217975,-0.0211722,-2.43538,-0.0823843,-0.0181628,0.00329562,3719.97,3,0.161955,0,0.000251327,-0.0181545,0.0279928,-0.0107515,0.0117479,-0.0437247,-0.0654096,-0.0514681,-0.0750321,5438.93,13.1811,-2657.51,0.000528077,0.023484,-70.534,3679.33,-175.931,1846.57,-0.00150268,-0.0226739,-69.6269,5436.07,372.774,-2802.89,0.00372846,0.026026,-70.777,4243.82,271.156,-349.024,0.00229021,0.00299973,-70.0625
3.009,174.507,-4.39824,21.9991,0.215401,0.93752,-2.00163,-0.0745498,-0.0172551,0.00316358,3719.87,3,0.162066,0,-0.00226165,-0.0171616,0.0292627,-0.0107958,0.0117541,-0.0444824,-0.0651673,-0.0518964,-0.0744057,5379.1,-34.389,-2561.95,6.48652e-05,0.0226675,-70.5105,3733.05,-177.977,1933.58,-0.00146017,-0.0236776,-69.6606,5386.22,376.107,-2735.73,0.00376598,0.0254783,-70.7539,4295.66,273.901,-293.882,0.00222216,0.00242476,-70.0876
3.019,174.724,-4.4358,21.9997,0.212279,0.403357,-1.66947,-0.0667742,-0.0163222,0.00302641,3719.94,3,0.161924,0,-0.00477239,-0.0161583,0.030476,-0.0108351,0.0117601,-0.0452643,-0.0649251,-0.0523391,-0.0737586,5319.69,-22.2752,-2488.1,0.000139252,0.0220918,-70.4847,3791.53,-203.537,1998.98,-0.00170853,-0.0242903,-69.6909,5335.28,376.6,-2667.29,0.00377715,0.0249202,-70.7305,4349.05,276.476,-229.1,0.00213398,0.00179798,-70.1131
3.029,174.941,-4.47343,22.0015,0.209209,1.26231,-1.64076,-0.0589899,-0.0153642,0.00288471,3720.04,3,0.161819,0,-0.00727842,-0.0152329,0.0317003,-0.0108776,0.0117648,-0.0460722,-0.064678,-0.0527951,-0.0730964,5257.28,-37.3265,-2418.82,-2.47649e-05,0.0215793,-70.4599,3848.91,-194.353,2107.42,-0.00152174,-0.0256094,-69.7261,5283.44,383.475,-2597.27,0.00384769,0.0243408,-70.7072,4403.74,272.437,-157.345,0.00198991,0.00117133,-70.1369
3.039,175.158,-4.5111,22.002,0.205623,-0.00904382,-1.54772,-0.051324,-0.0143819,0.00273851,3720.03,3,0.161404,0,-0.00977726,-0.0142568,0.0328568,-0.0109229,0.0117657,-0.0469088,-0.0644254,-0.0532658,-0.072417,5197.22,11.5229,-2347.89,0.000386218,0.0210335,-70.4344,3909.12,-193.301,2174.27,-0.00144277,-0.026225,-69.7586,5231.23,382.279,-2528.35,0.00384469,0.0237792,-70.6829,4459.67,267.978,-76.3271,0.00185165,0.000546244,-70.1619
3.049,175.374,-4.54882,22.0028,0.202115,0.0110727,-1.38146,-0.0436967,-0.0133744,0.00258877,3720.05,3,0.161401,0,-0.0122665,-0.0132761,0.0341824,-0.0109681,0.0117632,-0.0477701,-0.0641554,-0.0537526,-0.0717228,5133.93,-1.02584,-2235.01,0.000236245,0.0200304,-70.4083,3964.52,-222.002,2233.46,-0.00172006,-0.0267461,-69.7933,5178.04,380.507,-2454.07,0.00383393,0.0231558,-70.6592,4517.4,263.631,10.0211,0.00177234,-4.58323e-05,-70.1874
3.059,175.591,-4.58655,22.0046,0.198731,0.599048,-1.17319,-0.0360192,-0.012345,0.00243513,3720.13,3,0.161243,0,-0.0147436,-0.0123525,0.0353646,-0.011007,0.0117661,-0.0486561,-0.0638953,-0.0542532,-0.071018,5070.94,2.59534,-2200.05,0.000249483,0.0198961,-70.3828,4026.77,-210.382,2348.72,-0.00149714,-0.0281328,-69.8275,5124.1,381.497,-2383.6,0.00385171,0.0225761,-70.6344,4577.42,238.789,106.172,0.00165664,-0.000705287,-70.2163
3.069,175.808,-4.62428,22.0051,0.195623,0.417449,-0.791386,-0.0281988,-0.0112926,0.00227928,3720.33,3,0.161311,0,-0.0172061,-0.0114288,0.0365749,-0.0110537,0.0117559,-0.0495555,-0.0636264,-0.0547701,-0.0703017,5004.65,-23.075,-2098.35,-1.30904e-05,0.0190234,-70.3565,4088.4,-226.196,2422.61,-0.00160906,-0.0288375,-69.8614,5069.94,384.139,-2312.79,0.00388601,0.0219882,-70.609,4638.91,236.361,181.765,0.00172137,-0.00127748,-70.2496
3.079,176.025,-4.66202,22.0054,0.191446,0.481244,-0.527608,-0.0212659,-0.0102147,0.00212124,3720.57,3,0.161531,0,-0.0196517,-0.0104522,0.0379784,-0.0110999,0.0117478,-0.0504883,-0.0633358,-0.0553062,-0.0695688,4939.93,-24.808,-2037.76,-5.27359e-05,0.0186001,-70.3268,4146.77,-293.75,2483.72,-0.00233286,-0.0293494,-69.8944,5014.92,379.09,-2242.34,0.00384773,0.0214112,-70.5838,4700.57,237.295,257.593,0.00180699,-0.00189593,-70.2865
3.089,176.242,-4.69971,22.0075,0.188836,0.171812,-0.67012,-0.0125766,-0.00912954,0.00195987,3720.84,3,0.160837,0,-0.0220778,-0.0097962,0.0385049,-0.0111404,0.0117384,-0.0514243,-0.0631006,-0.0558454,-0.0688307,4871.38,15.8994,-1963.7,0.000300942,0.0180369,-70.3051,4221.86,-193.85,2592.68,-0.00107656,-0.0305133,-69.9271,4958.58,383.996,-2162.34,0.00390014,0.0207136,-70.558,4762.16,221.407,322.442,0.00175534,-0.0024674,-70.3232
3.099,176.459,-4.73738,22.0074,0.184583,-0.123897,0.0163812,-0.00576874,-0.00800775,0.00179944,3721.01,3,0.161122,0,-0.0244822,-0.00858896,0.0406858,-0.011187,0.0117202,-0.0524105,-0.062749,-0.0564151,-0.0680634,4811.15,15.9384,-1873.89,0.000275354,0.0172627,-70.2722,4267.1,-273.556,2675.67,-0.00191574,-0.0315211,-69.9692,4902.22,383.498,-2099.11,0.00391021,0.0202149,-70.5336,4821.7,239.734,394.606,0.00192496,-0.00305707,-70.3585
3.109,176.676,-4.77496,22.0091,0.181902,0.124627,-0.878484,0.00323857,-0.00690501,0.00163502,3721.72,3,0.160773,0,-0.0268624,-0.00816678,0.0405179,-0.0112261,0.0117076,-0.0533393,-0.0625573,-0.0569695,-0.0673061,4732.84,-8.13174,-1903.63,4.60177e-05,0.0178941,-70.2502,4358.73,-208.381,2854.45,-0.00105183,-0.0337408,-69.99,4844.71,397.843,-2031.86,0.00406184,0.019653,-70.5076,4879.53,216.982,489.434,0.0018149,-0.00392643,-70.3958
3.119,176.892,-4.81252,22.0096,0.175926,0.392943,-0.296395,0.00858198,-0.00576419,0.00147532,3721.66,3,0.161075,0,-0.0292161,-0.00688679,0.04297,-0.0112661,0.0116903,-0.0542881,-0.0621757,-0.0575622,-0.0665155,4653.9,45.5937,-1754.28,0.000516149,0.0164985,-70.2134,4396.07,-315.392,2847.26,-0.00223299,-0.033264,-70.0369,4789.36,381.031,-1955.8,0.00390901,0.0190044,-70.4841,4933.03,228.876,543.353,0.00191205,-0.00435614,-70.4285
3.129,177.109,-4.84995,22.0111,0.174356,-0.750697,0.620047,0.0181455,-0.00465506,0.00131442,3721.95,3,0.160411,0,-0.031541,-0.00654857,0.042752,-0.0113049,0.0116674,-0.0551286,-0.0619531,-0.0581332,-0.0657462,4548.41,14.7882,-1633.02,0.000208921,0.0155135,-70.1851,4479.08,-188.308,2913.96,-0.000696634,-0.0335927,-70.0597,4735.16,407.15,-1908.44,0.00418573,0.018639,-70.454,4984.86,238.372,626.963,0.00200439,-0.00505723,-70.4586
3.139,177.326,-4.88733,22.0115,0.167664,0.0867511,0.329672,0.0233388,-0.00352319,0.00115987,3722.2,3,0.160881,0,-0.0338348,-0.00529561,0.0448221,-0.0113449,0.0116416,-0.0559865,-0.0615721,-0.058737,-0.0649548,4444.7,63.5391,-1592.63,0.000664551,0.0154132,-70.1444,4518.88,-337.835,2958.55,-0.00234319,-0.0340064,-70.0973,4681.34,380.999,-1816.05,0.0039293,0.0177916,-70.4351,5034.08,241.355,690.57,0.00203993,-0.00558429,-70.4954
3.149,177.543,-4.92456,22.0135,0.164287,-0.272827,-0.127391,0.0324253,-0.00241592,0.00100804,3722.36,3,0.160239,0,-0.0360951,-0.00469149,0.0453513,-0.0113781,0.0116075,-0.0567859,-0.0612764,-0.0593269,-0.064182,4333.16,75.7238,-1486.2,0.000775002,0.0145788,-70.108,4583.97,-224.735,3065.54,-0.000956428,-0.0352114,-70.129,4629.88,382.631,-1743.26,0.00395109,0.0171302,-70.4101,5082.73,221.17,762.445,0.00189738,-0.00621982,-70.5267
3.159,177.76,-4.96168,22.0134,0.158263,-0.108163,1.38924,0.0371173,-0.00130778,0.000863979,3722.27,3,0.16086,0,-0.0383199,-0.00357855,0.0470006,-0.0114193,0.0115827,-0.0576133,-0.0609185,-0.0599342,-0.0634066,4230.1,122.44,-1442.05,0.00125119,0.0144044,-70.0722,4631.52,-438.431,3035.78,-0.00333213,-0.0342569,-70.1543,4582.37,360.207,-1674.06,0.00373993,0.0165215,-70.3874,5127.42,247.848,832.342,0.00211092,-0.00675953,-70.5608
3.169,177.977,-4.99864,22.0155,0.157492,0.0780272,0.853888,0.0493424,-0.00022632,0.000726522,3722.7,3,0.160385,0,-0.0405068,-0.00315463,0.0472802,-0.0114554,0.0115467,-0.0584029,-0.0606358,-0.0605245,-0.0626555,4130.38,-6.62852,-1326.46,-6.19672e-05,0.0134169,-70.0303,4700.11,-217.228,3275.44,-0.000678447,-0.0377656,-70.1968,4535.53,391.688,-1600.45,0.00404278,0.0157837,-70.3626,5173.45,221.826,916.969,0.00192159,-0.00750899,-70.5878
3.179,178.194,-5.03545,22.0163,0.15007,-0.199171,1.0693,0.0537874,0.000846912,0.000599994,3722.83,3,0.160327,0,-0.0426537,-0.0020477,0.048823,-0.0114851,0.011514,-0.0592195,-0.0602812,-0.0611275,-0.0619034,4047.7,91.343,-1299.87,0.000943975,0.0133642,-69.9949,4756.44,-345.005,3257.11,-0.00208697,-0.0368721,-70.2248,4493.54,380.526,-1535.18,0.00393673,0.0151793,-70.3402,5215.41,237.108,987.596,0.0020485,-0.00807047,-70.6202
3.189,178.412,-5.07208,22.0176,0.146664,0.528883,0.725137,0.0629738,0.00188945,0.000484174,3723.01,3,0.160467,0,-0.0447586,-0.00144494,0.0494878,-0.0115099,0.0114812,-0.0599939,-0.0599723,-0.0617141,-0.0611779,3966.78,11.0202,-1195.34,0.000104823,0.0124024,-69.9583,4825.24,-301.302,3394.16,-0.00148485,-0.0386062,-70.2581,4452.11,389.523,-1463.67,0.00401825,0.0144667,-70.317,5257.21,235.153,1069.52,0.00204246,-0.00875603,-70.6494
3.199,178.629,-5.10853,22.0185,0.140221,-0.275279,-0.189097,0.0692264,0.00291506,0.000381414,3723.09,3,0.160079,0,-0.0468193,-0.000572662,0.0507162,-0.0115423,0.0114393,-0.0607547,-0.0596193,-0.0623,-0.0604597,3897.64,95.1204,-1203.86,0.000993295,0.0127099,-69.9246,4890.1,-326.415,3498.15,-0.00166695,-0.0398223,-70.2912,4414.01,391.925,-1398.31,0.00403634,0.0138209,-70.2936,5296.29,228.873,1146.02,0.00200016,-0.00939841,-70.6783
3.209,178.846,-5.14476,22.02,0.134392,-2.55367,0.070922,0.0760173,0.00390524,0.000291174,3723.26,3,0.158967,0,-0.0488337,-2.7904e-05,0.0512693,-0.0115682,0.0114038,-0.0614573,-0.0592984,-0.0628679,-0.0597674,3825.93,152.28,-1140.01,0.00160554,0.0121319,-69.8951,4965.44,-177.574,3489.03,3.68625e-05,-0.0387633,-70.322,4377.05,364.491,-1321.62,0.00376242,0.0130838,-70.2713,5333.7,221.201,1218.57,0.00194489,-0.0100058,-70.707
3.219,179.063,-5.18079,22.0208,0.131075,-0.119051,1.22799,0.0855843,0.00487782,0.000216384,3723.34,3,0.160106,0,-0.0508,0.000821637,0.0522221,-0.0115911,0.0113598,-0.062133,-0.0589148,-0.0634318,-0.0590887,3763.36,35.3815,-1024.61,0.000347717,0.01098,-69.857,5022.71,-278.842,3616.32,-0.000978539,-0.0405118,-70.3593,4341.8,387.025,-1257.47,0.00396672,0.0124046,-70.2484,5369.07,230.57,1300.8,0.00202895,-0.0106843,-70.7346
3.229,179.281,-5.21658,22.0212,0.125176,-0.429312,1.7296,0.0923631,0.005824,0.000155024,3723.6,3,0.160246,0,-0.0527162,0.00163696,0.0532403,-0.0116153,0.0113161,-0.0627673,-0.0585175,-0.0639844,-0.0584289,3704.34,61.3595,-981.97,0.000630548,0.0106296,-69.8249,5084.39,-340.287,3665.81,-0.00159166,-0.0407633,-70.3876,4308.17,392.645,-1191.03,0.00400654,0.0117176,-70.2259,5403.18,242.275,1377.81,0.00213157,-0.0113149,-70.7621
3.239,179.498,-5.25213,22.0222,0.11854,-0.558502,0.623328,0.0993203,0.00673383,0.000107548,3723.38,3,0.160095,0,-0.0545803,0.00219728,0.0537276,-0.0116442,0.0112617,-0.0633295,-0.0581328,-0.0645151,-0.0577977,3642.42,62.9815,-929.184,0.000648303,0.0101615,-69.7955,5154.68,-348.249,3738.31,-0.00160259,-0.0413221,-70.4158,4274.49,407.407,-1125.64,0.00412699,0.0110228,-70.2029,5435.49,243.242,1456.42,0.00214704,-0.0119754,-70.7894
3.249,179.715,-5.28743,22.0232,0.113354,-0.303634,2.08283,0.106936,0.00763718,7.40635e-05,3723.54,3,0.160302,0,-0.0563905,0.0032474,0.0550952,-0.0116551,0.0112295,-0.0639014,-0.0576793,-0.0650508,-0.0571704,3593.51,64.695,-857.298,0.000665127,0.00941765,-69.7602,5205.83,-369.794,3811.19,-0.00174497,-0.042118,-70.4545,4242.28,385.698,-1054.77,0.00390415,0.0103256,-70.1817,5466.56,241.353,1533.18,0.00214127,-0.0126243,-70.8152
3.259,179.933,-5.32244,22.0234,0.107043,-0.317286,2.15758,0.113648,0.00849967,5.30597e-05,3723.61,3,0.160611,0,-0.0581452,0.00372564,0.0553338,-0.011671,0.0111869,-0.0643862,-0.0572781,-0.0655587,-0.0565793,3536.85,67.1349,-825.909,0.000698852,0.00917898,-69.7338,5279.1,-426.499,3846.15,-0.00231023,-0.0419565,-70.4734,4209.66,392.735,-986.447,0.00394563,0.0096031,-70.1589,5498,244.328,1611.29,0.00217371,-0.0132807,-70.8421
3.269,180.15,-5.35717,22.0252,0.101524,-0.46808,1.89191,0.121952,0.00934083,4.49332e-05,3723.67,3,0.160157,0,-0.0598424,0.00425236,0.0557133,-0.0116869,0.0111439,-0.0648359,-0.0568552,-0.0660565,-0.0560073,3484.74,42.4705,-769.368,0.000422753,0.00862364,-69.7047,5348.35,-307.651,3958.66,-0.000924632,-0.0432246,-70.5115,4177.61,389.784,-914.58,0.00388902,0.00885548,-70.1368,5529.01,232.918,1691.34,0.00209014,-0.0139698,-70.8669
3.279,180.368,-5.39162,22.0256,0.0944562,0.133094,2.22616,0.128164,0.0101739,5.01214e-05,3723.65,3,0.160682,0,-0.0614806,0.00525315,0.056983,-0.0116983,0.0111015,-0.0652857,-0.056356,-0.0665555,-0.0554448,3444.13,40.2778,-691.933,0.00039766,0.00777163,-69.6724,5399.76,-409.06,4015.79,-0.00194254,-0.0437634,-70.5449,4146.14,391.879,-846.97,0.00387568,0.00814358,-70.115,5559.03,244.829,1763.46,0.00219477,-0.0145673,-70.8917
3.289,180.585,-5.42574,22.0261,0.09129,-0.34939,3.94645,0.137885,0.0109725,6.56359e-05,3723.77,3,0.160775,0,-0.063058,0.00565594,0.0571356,-0.0117235,0.0110508,-0.0656586,-0.0559176,-0.0670286,-0.0549115,3395.37,5.62363,-631.373,5.21297e-06,0.00714003,-69.6471,5470.88,-381.362,4135.93,-0.00155041,-0.0452246,-70.5715,4113.69,402.53,-783.143,0.00393719,0.00745765,-70.0928,5590.84,252.405,1841.86,0.00226534,-0.0152248,-70.9172
3.299,180.803,-5.45956,22.0269,0.0806164,-0.732071,5.20549,0.140956,0.0117663,9.1647e-05,3723.74,3,0.160766,0,-0.0645733,0.00653029,0.0580415,-0.011719,0.0110171,-0.0660431,-0.0554115,-0.067511,-0.0543878,3358.74,105.195,-649.008,0.00114414,0.00738889,-69.6224,5528.85,-487.541,3992.56,-0.0026785,-0.0419183,-70.5975,4081.94,387.098,-706.11,0.00374976,0.00667252,-70.0704,5620.63,233.141,1927.4,0.00212051,-0.0159781,-70.9424
3.309,181.021,-5.49304,22.0283,0.0764768,0.324612,3.78009,0.150791,0.0125398,0.000126984,3723.71,3,0.160843,0,-0.0660249,0.00692838,0.0582688,-0.0117225,0.0109766,-0.0663745,-0.0549375,-0.0679723,-0.0538859,3317.65,-15.9332,-509.021,-0.000241732,0.00579428,-69.5913,5596.99,-335.16,4214.11,-0.000930859,-0.0451979,-70.6385,4049.86,400.561,-643.634,0.00382172,0.00599572,-70.0482,5651.86,235.188,2005.46,0.00214405,-0.0166414,-70.9642
3.319,181.239,-5.52618,22.0279,0.0665087,-0.751753,3.36965,0.153856,0.0133067,0.000171402,3723.68,3,0.160913,0,-0.0674112,0.00782176,0.0591908,-0.0117418,0.0109272,-0.0666987,-0.0544085,-0.0684376,-0.0533884,3282.95,76.3531,-543.067,0.000822189,0.00625044,-69.5703,5658.68,-487.319,4191.71,-0.00250025,-0.0441343,-70.6587,4017.52,399.681,-555.316,0.00372532,0.00506508,-70.0252,5682.39,251.64,2091.17,0.00229209,-0.0173735,-70.9896
3.329,181.456,-5.55894,22.0289,0.0616317,0.0787198,2.67304,0.162704,0.0140535,0.000222251,3723.75,3,0.161136,0,-0.0687311,0.00812907,0.0592978,-0.0117478,0.0108846,-0.0669683,-0.0539227,-0.0688863,-0.0529179,3240.33,-3.0882,-459.658,-9.48181e-05,0.00532341,-69.5443,5728.49,-392.633,4378,-0.00139161,-0.0468404,-70.6901,3984.01,419.417,-508.106,0.0038465,0.00456019,-70.0029,5714.89,230.327,2154.05,0.00211855,-0.0179028,-71.0127
3.339,181.674,-5.59135,22.0293,0.0524627,0.135823,0.371214,0.166473,0.0147897,0.00027926,3723.62,3,0.161166,0,-0.0699831,0.00872472,0.059629,-0.0117544,0.0108419,-0.0672302,-0.0534132,-0.069336,-0.0524507,3200.02,64.8441,-480.057,0.000703431,0.00562151,-69.5259,5797.78,-471.928,4486.36,-0.00216695,-0.0481902,-70.7123,3952.8,405.546,-448.743,0.0036759,0.00397838,-69.9775,5745.2,251.601,2219.77,0.00229718,-0.0184402,-71.0377
3.349,181.892,-5.62339,22.0298,0.0479471,-0.720482,5.13022,0.175488,0.0155316,0.000341978,3723.61,3,0.161271,0,-0.0711661,0.00939489,0.0603914,-0.011761,0.0107981,-0.0675031,-0.0528512,-0.069788,-0.0519912,3168.06,-7.7409,-329.996,-0.000143368,0.00384198,-69.4941,5843.96,-388.63,4419.8,-0.0012478,-0.0462627,-70.7591,3918.17,411.492,-368.78,0.00361514,0.00317186,-69.9552,5778.18,248.003,2310.77,0.00228188,-0.0192366,-71.0572
3.359,182.11,-5.655,22.0323,0.0377593,1.88067,-0.544161,0.178118,0.016234,0.000406362,3723.55,3,0.161234,0,-0.0722788,0.00930054,0.0596172,-0.0117945,0.0107546,-0.0677049,-0.0523953,-0.070224,-0.0515553,3115.95,11.3105,-418.117,8.05924e-05,0.00500243,-69.4855,5933.86,-357.331,4579.11,-0.000873282,-0.0482708,-70.7663,3886.67,427.915,-289.097,0.00363481,0.00239671,-69.9279,5808.2,237.525,2382.39,0.00219809,-0.019856,-71.0816
3.369,182.328,-5.68629,22.0305,0.0325264,-0.493005,4.0689,0.186661,0.0169839,0.000476092,3723.51,3,0.161651,0,-0.0733202,0.0109001,0.0617275,-0.0117709,0.010711,-0.0680177,-0.0517395,-0.0706791,-0.0510986,3106.63,-47.4053,-252.232,-0.000599427,0.00291794,-69.4391,5952.62,-380.782,4600.43,-0.000992825,-0.0484903,-70.8251,3850.7,419.77,-220.295,0.00348151,0.00177994,-69.9088,5841.5,243.019,2453.56,0.00225425,-0.020452,-71.1004
3.379,182.547,-5.7171,22.0312,0.0220712,-0.889839,3.72155,0.187361,0.0176758,0.000544379,3723.42,3,0.161505,0,-0.0742892,0.0106418,0.0611796,-0.0117701,0.0106709,-0.0681865,-0.0512807,-0.0711008,-0.0506825,3048.15,138.085,-373.985,0.001573,0.00439924,-69.4472,6034.6,-556.298,4497.79,-0.00284405,-0.0456363,-70.8192,3815.72,398.559,-147.197,0.00323612,0.00115476,-69.8775,5873.57,281.509,2525.17,0.00257567,-0.0210405,-71.1239
3.389,182.765,-5.74752,22.0313,0.0179507,-0.444255,2.29695,0.196871,0.0183838,0.000614096,3723.39,3,0.161855,0,-0.075185,0.0111481,0.0612313,-0.0117909,0.0106098,-0.0684127,-0.0507485,-0.0715323,-0.0502588,3015.61,-38.3802,-185.395,-0.000498313,0.00218119,-69.4099,6091.68,-380.915,4702.68,-0.00092873,-0.0488043,-70.8633,3779.58,420.413,-60.7311,0.00335671,0.00044527,-69.8589,5906.56,241.107,2596.26,0.0022496,-0.0216639,-71.1452
3.399,182.983,-5.7775,22.0317,0.00846546,-0.996769,3.25049,0.198316,0.0190771,0.000682617,3723.35,3,0.161816,0,-0.0760065,0.0113242,0.0614093,-0.0117738,0.0105827,-0.0686163,-0.0502331,-0.0719628,-0.0498387,2968.19,88.3813,-279.243,0.00101601,0.00335506,-69.4044,6150.86,-503.718,4631.91,-0.00221027,-0.0468065,-70.8776,3745.93,384.298,12.8681,0.00306564,-0.000139919,-69.8359,5936.17,262.231,2656.43,0.00242835,-0.0221579,-71.1673
3.409,183.201,-5.80705,22.0322,0.00493435,-0.609459,5.10883,0.207125,0.0197778,0.000751294,3723.33,3,0.162166,0,-0.076753,0.0118275,0.0617748,-0.0117723,0.0105382,-0.0688612,-0.0496424,-0.0723932,-0.0494187,2939.38,-10.3592,-145.859,-0.000162412,0.00177608,-69.3724,6183.32,-392.357,4722.82,-0.00100804,-0.0481031,-70.9148,3708.79,411.996,93.4059,0.00336216,-0.000807694,-69.8194,5967.01,246.878,2733.42,0.00230969,-0.0228398,-71.1837
3.419,183.42,-5.83615,22.033,-0.00110242,-0.133465,9.79741,0.211178,0.0204554,0.000818878,3723.31,3,0.162638,0,-0.0774238,0.0119225,0.061753,-0.0117676,0.0104957,-0.0690588,-0.0490744,-0.0728117,-0.0490145,2892.83,40.654,-140.441,0.000456554,0.00170437,-69.3631,6212.53,-496.841,4569.19,-0.00212866,-0.0449941,-70.9241,3672.05,344.107,189.933,0.00294823,-0.00168241,-69.8071,5997.05,252.761,2763.18,0.00235329,-0.0230253,-71.2066
3.429,183.638,-5.86482,22.0338,-0.00890729,0.405197,5.69781,0.216093,0.0211363,0.000885725,3723.61,3,0.162561,0,-0.0780181,0.0122539,0.0618571,-0.0117598,0.0104607,-0.0692847,-0.0484627,-0.0732322,-0.0486114,2860.58,-16.1683,-70.5771,-0.000227194,0.00085656,-69.3366,6236.31,-372.94,4754.68,-0.000788219,-0.0480839,-70.9585,3639,372.819,226.631,0.00327066,-0.00204947,-69.7943,6027.15,251.699,2847.3,0.00235628,-0.0237806,-71.2202
3.439,183.857,-5.89302,22.0327,-0.0205088,-0.68944,3.71167,0.215141,0.0217895,0.000951805,3723.81,3,0.162743,0,-0.0785355,0.0123445,0.0614972,-0.0117819,0.0103975,-0.0694754,-0.0478643,-0.0736409,-0.0482235,2817.88,75.5012,-178.484,0.000888676,0.00218432,-69.3287,6265.45,-503.101,4668.32,-0.00214695,-0.0462133,-70.9563,3606.29,353.149,283.318,0.00322904,-0.00266497,-69.7866,6056.12,253.392,2913.23,0.00237776,-0.024352,-71.2406
3.449,184.075,-5.92078,22.0332,-0.0242851,-0.693893,4.11571,0.222214,0.0224512,0.00101756,3724.13,3,0.162846,0,-0.0789754,0.0126052,0.0618424,-0.011764,0.010361,-0.0697037,-0.047248,-0.0740669,-0.0478287,2787.62,7.44044,-91.9634,6.869e-05,0.00117148,-69.3031,6277.09,-383.977,4844.09,-0.000853253,-0.0493478,-70.9868,3577.91,392.34,318.645,0.003647,-0.00304118,-69.7778,6083.72,240.661,2966.19,0.0022733,-0.024799,-71.2529
3.459,184.294,-5.94807,22.0341,-0.0348864,-1.04952,3.04745,0.222613,0.0230769,0.00108292,3724.17,3,0.16256,0,-0.0793373,0.0124772,0.0615525,-0.0118042,0.0102853,-0.0698846,-0.0466887,-0.0744676,-0.0474611,2748.38,48.6618,-137.921,0.000583839,0.00173883,-69.2923,6304.25,-360.708,4752,-0.000679849,-0.0472496,-70.9933,3549.2,386.027,364.416,0.00369643,-0.00358359,-69.7707,6111.38,245.894,3039.99,0.00232777,-0.0254629,-71.2678
3.469,184.513,-5.97489,22.0332,-0.0364896,-1.00683,8.1922,0.230608,0.023704,0.00114983,3724.6,3,0.163547,0,-0.0796209,0.0127852,0.0617317,-0.0117584,0.0102706,-0.0701008,-0.0461064,-0.0748874,-0.047086,2720.78,-11.1259,-6.62143,-0.00013165,6.73855e-05,-69.2712,6315.27,-397.902,4749.14,-0.00103541,-0.0470982,-71.015,3524.73,365.825,422.262,0.00363634,-0.00431193,-69.7654,6137.9,261.924,3090.93,0.00246463,-0.0258853,-71.2823
3.479,184.731,-6.00125,22.0334,-0.0485305,0.469366,1.52229,0.228279,0.0243026,0.00121717,3724.74,3,0.164002,0,-0.079826,0.0128146,0.0614884,-0.0117432,0.0102366,-0.0702961,-0.0455672,-0.0752891,-0.0467268,2691.86,87.6394,-119.207,0.00102814,0.00143196,-69.2656,6346.23,-546.399,4917.76,-0.00248599,-0.0500654,-71.0121,3505.36,351.636,441.231,0.00356314,-0.00458639,-69.7632,6160.52,260.987,3121.09,0.00245177,-0.0261074,-71.3017
3.489,184.95,-6.02714,22.0334,-0.0529796,-0.711757,3.58682,0.23484,0.024882,0.00128711,3725.05,3,0.16395,0,-0.0799522,0.0126102,0.0610956,-0.0117491,0.0101892,-0.0704678,-0.0450297,-0.075678,-0.0463857,2667.37,-50.4234,2.6864,-0.000522639,-3.34041e-05,-69.2433,6368.09,-322.682,4900.49,-0.00021454,-0.0493212,-71.0407,3483.81,373.93,499.532,0.00386597,-0.00530392,-69.7564,6184.56,253.218,3188.78,0.00239749,-0.0267332,-71.3096
3.499,185.169,-6.05254,22.0339,-0.0628351,-0.0710206,3.6023,0.233955,0.0254323,0.00135794,3725.31,3,0.164295,0,-0.0799996,0.0125438,0.0606392,-0.0117297,0.0101517,-0.0706325,-0.0445376,-0.0760635,-0.0460491,2640.48,68.4521,-98.4761,0.000820961,0.00120811,-69.2424,6400.95,-485.364,4826.84,-0.00190682,-0.0476322,-71.0339,3467.91,343.007,527.459,0.00362873,-0.00573693,-69.752,6203.72,285.218,3232.63,0.00266799,-0.0271111,-71.3253
3.509,185.388,-6.07749,22.0336,-0.0662715,-0.82702,5.38962,0.240618,0.025982,0.00143339,3725.28,3,0.16451,0,-0.079968,0.0126449,0.0612091,-0.0117288,0.0101087,-0.0708128,-0.0439531,-0.0764415,-0.0457214,2629.86,-60.6983,51.6414,-0.000693506,-0.000593127,-69.2147,6401.4,-305.299,4911.46,-3.35628e-05,-0.0491296,-71.0738,3449.58,376.424,571.42,0.00402073,-0.00627498,-69.7493,6223.42,261.659,3287.72,0.00247925,-0.0276308,-71.3322
3.519,185.607,-6.10193,22.0331,-0.0770772,0.438777,-1.31348,0.237972,0.0264761,0.00150875,3725.61,3,0.165205,0,-0.0798575,0.0122327,0.0600285,-0.011718,0.0100723,-0.0709242,-0.0435003,-0.0767896,-0.045423,2602.86,73.6333,-104.707,0.000896535,0.00130166,-69.221,6443.97,-549.464,5107.17,-0.00248948,-0.0527271,-71.0524,3437.25,365.052,577.439,0.00394296,-0.00639679,-69.7438,6238.19,302.041,3303.92,0.00280756,-0.027724,-71.3463
3.529,185.826,-6.12593,22.0341,-0.0815624,-0.173653,4.80664,0.243675,0.0269723,0.0015886,3725.89,3,0.16516,0,-0.0796682,0.0123967,0.0602547,-0.0117084,0.0100363,-0.0710736,-0.0429496,-0.0771402,-0.0451235,2597.73,-36.8242,45.6171,-0.00044575,-0.000553013,-69.1955,6441.17,-366.756,4902.34,-0.000700812,-0.0485325,-71.0877,3419.91,370.309,636.375,0.00407064,-0.00720134,-69.7438,6254.63,271.75,3372.38,0.00257431,-0.028415,-71.3544
3.539,186.045,-6.14943,22.0346,-0.0890467,-1.00319,5.02364,0.244917,0.027435,0.00166993,3726.09,3,0.16491,0,-0.0794003,0.0122931,0.0601018,-0.0117144,0.00999813,-0.0711822,-0.0424461,-0.077469,-0.0448459,2585.3,-19.7293,18.9524,-0.000233538,-0.000222839,-69.1884,6456.06,-281.849,4898.46,0.000129035,-0.0482367,-71.0957,3405.64,368.037,665.864,0.00409564,-0.00763372,-69.7405,6268.21,271.885,3413.32,0.00258137,-0.0288061,-71.3629
3.549,186.264,-6.17241,22.0346,-0.0966457,0.561552,3.95235,0.246141,0.0278509,0.00175283,3726.28,3,0.165841,0,-0.079054,0.0114693,0.0588732,-0.0116958,0.00996583,-0.0712191,-0.0420234,-0.0777769,-0.0445963,2558.11,-26.9971,-17.4296,-0.000313784,0.000190913,-69.1894,6489.07,-415.816,4887.85,-0.00124058,-0.0477483,-71.0851,3393.77,344.258,684.349,0.00387989,-0.00795982,-69.7392,6279.26,263.76,3461.1,0.00252,-0.0292923,-71.3753
3.559,186.483,-6.19497,22.0342,-0.103256,-0.679156,5.88501,0.247002,0.0282724,0.0018397,3726.51,3,0.165863,0,-0.0786297,0.0119096,0.0594436,-0.0116888,0.00993065,-0.0713408,-0.0414813,-0.0780887,-0.0443402,2565.3,2.56723,29.1337,3.79398e-05,-0.000395909,-69.1727,6479.84,-399.627,4853.53,-0.00108381,-0.0472134,-71.113,3384.36,366.841,720.216,0.0041635,-0.00843016,-69.737,6288.17,295,3488.03,0.0027901,-0.0295438,-71.3786
3.569,186.703,-6.217,22.0345,-0.110732,0.289971,5.70172,0.247037,0.0286479,0.00192729,3726,3,0.166446,0,-0.0781278,0.0114836,0.0586949,-0.0116747,0.0099066,-0.0713904,-0.0410262,-0.0783726,-0.0441169,2556.53,45.0734,-12.6636,0.000484827,0.000140578,-69.1747,6491.05,-509.064,4819.22,-0.00220041,-0.046522,-71.1023,3374.97,364.594,746.69,0.00417644,-0.00882624,-69.7354,6296.54,301.474,3515.3,0.00284805,-0.0298101,-71.3876
3.579,186.922,-6.23855,22.0348,-0.116734,-0.465123,4.26036,0.249387,0.0289881,0.00201587,3726.79,3,0.166217,0,-0.0775488,0.0107983,0.0576756,-0.0116678,0.0098806,-0.0714006,-0.0406167,-0.0786342,-0.0439193,2545.94,-35.6439,-5.09558,-0.000380853,4.98394e-05,-69.1689,6513.55,-325.897,4889,-0.000423646,-0.0474512,-71.1133,3366.8,374.372,775.98,0.00431981,-0.00923928,-69.7359,6304.52,289.599,3555.84,0.00275761,-0.0302382,-71.3939
3.589,187.141,-6.25963,22.0346,-0.126067,-0.655515,3.96613,0.247063,0.0293074,0.00210673,3726.93,3,0.166492,0,-0.0768932,0.0106593,0.0575245,-0.0116527,0.0098497,-0.0714323,-0.0401623,-0.0788874,-0.0437318,2549,23.7097,-63.6985,0.000313012,0.000849073,-69.165,6517.25,-420.082,4835.44,-0.00137336,-0.0464935,-71.1175,3362.21,367.505,795.055,0.00426853,-0.00953497,-69.7334,6308.92,300.443,3582.35,0.00285579,-0.0305192,-71.397
3.599,187.361,-6.28023,22.0349,-0.131589,-0.762854,3.68315,0.249216,0.0296005,0.00219814,3727.1,3,0.166594,0,-0.0761618,0.010218,0.0569728,-0.0116469,0.00983143,-0.0714432,-0.039741,-0.0791239,-0.0435648,2551.95,-61.3948,-61.4488,-0.00073484,0.000720351,-69.1573,6521.84,-242.759,4902.66,0.000363355,-0.0475616,-71.1341,3356.56,365.801,822.223,0.00427948,-0.00994109,-69.7341,6313.92,290.572,3616.25,0.0027811,-0.0308908,-71.3999
3.609,187.58,-6.30033,22.0348,-0.135457,-0.454009,8.27648,0.251836,0.029858,0.0022901,3727.23,3,0.167269,0,-0.0753552,0.00969222,0.0560921,-0.0116436,0.00981398,-0.0714194,-0.0393517,-0.0793448,-0.0434138,2551.61,-5.22001,-82.2844,-7.71465e-05,0.00113413,-69.161,6526.72,-416.568,4749.36,-0.00143038,-0.0448939,-71.1225,3349.26,363.324,856.704,0.00428128,-0.0104629,-69.7348,6319.95,270.67,3659.5,0.002627,-0.0313717,-71.4053
3.619,187.799,-6.31997,22.0349,-0.143884,-0.6177,5.06699,0.249729,0.0300955,0.0023826,3728.87,3,0.167323,0,-0.0744743,0.00942014,0.0557843,-0.0116361,0.00979462,-0.071406,-0.0389488,-0.0795531,-0.0432797,2559.16,-14.5121,-41.5598,-0.000192449,0.000546096,-69.156,6526.92,-398.153,4819.26,-0.00124061,-0.0460908,-71.1359,3351.97,374.813,861.728,0.00441942,-0.0105044,-69.7361,6318,316.574,3664.75,0.00301747,-0.0314339,-71.4068
3.629,188.019,-6.33911,22.0355,-0.151021,-0.52756,4.19488,0.248715,0.0302894,0.00247381,3727.64,3,0.167352,0,-0.0735198,0.00859968,0.0546006,-0.0116288,0.00977622,-0.071341,-0.0386101,-0.0797333,-0.0431712,2556.16,-22.9147,-78.7548,-0.000315813,0.00105313,-69.1617,6535.76,-317.063,4798.5,-0.000537801,-0.045599,-71.1318,3351.52,368.208,881.189,0.00436201,-0.0107997,-69.7372,6317.39,299.219,3667.56,0.0028664,-0.0314756,-71.4094
3.639,188.238,-6.3578,22.035,-0.155701,-0.491344,5.23655,0.249947,0.0304759,0.00256606,3727.64,3,0.167895,0,-0.0724928,0.00844173,0.0546341,-0.0116317,0.00976141,-0.0713131,-0.0382159,-0.0799083,-0.0430712,2575.66,-48.2235,-48.7162,-0.000568463,0.000566736,-69.1547,6523.18,-362.099,4816.49,-0.00095171,-0.0460594,-71.145,3351.5,366.396,898.299,0.00435375,-0.0110514,-69.7402,6317.59,312.786,3706.22,0.00300001,-0.0319334,-71.4094
3.649,188.458,-6.376,22.0352,-0.161335,-1.07246,7.93406,0.249398,0.0306134,0.00265579,3727.08,3,0.167956,0,-0.0713943,0.0076961,0.053453,-0.0116335,0.00973446,-0.0712242,-0.0379125,-0.0800495,-0.0430038,2578.77,-11.8137,-64.6554,-0.000161301,0.000870614,-69.1642,6525.13,-394.68,4632.97,-0.00137975,-0.0429608,-71.1335,3350.55,358.304,917.009,0.0042749,-0.0113424,-69.7432,6317.04,327.698,3725.73,0.00313527,-0.0321683,-71.4117
3.659,188.678,-6.39373,22.036,-0.16846,-0.0288187,5.09609,0.247766,0.0307313,0.00274381,3727.81,3,0.168187,0,-0.0702253,0.00699382,0.0525073,-0.0116094,0.00975032,-0.0711378,-0.0376225,-0.0801839,-0.0429441,2588.06,-34.5885,-103.681,-0.000463055,0.00136567,-69.1643,6528.67,-321.856,4722.64,-0.00069853,-0.0443722,-71.1392,3355.23,370.9,927.573,0.00442088,-0.0114565,-69.7466,6311.83,327.587,3747.25,0.00314087,-0.0324608,-71.4108
3.669,188.897,-6.41101,22.036,-0.173007,-0.828691,5.14373,0.248348,0.0308366,0.00283088,3728.09,3,0.168114,0,-0.068987,0.00654971,0.0522871,-0.011605,0.00974316,-0.0710676,-0.0372971,-0.0803057,-0.0428951,2605.62,-118.294,-83.5335,-0.00133801,0.000928219,-69.1603,6514,-173.785,4765.87,0.000723717,-0.0451776,-71.1581,3357.78,366.512,948.368,0.00438382,-0.0117599,-69.7516,6309.29,304.974,3757.91,0.00295615,-0.0326121,-71.4083
3.679,189.117,-6.42781,22.0364,-0.180575,-0.381265,5.20034,0.244501,0.0308946,0.002914,3728.21,3,0.168395,0,-0.0676806,0.00585937,0.0511175,-0.0115957,0.00974251,-0.0709545,-0.0370687,-0.0803996,-0.0428719,2613.52,-17.6865,-143.073,-0.000243906,0.00193661,-69.1754,6518.14,-365.535,4625.13,-0.00120823,-0.0428773,-71.134,3362.37,367.656,959.864,0.00439896,-0.0119096,-69.7553,6303.77,315.583,3768.26,0.00305524,-0.0327702,-71.4092
3.689,189.337,-6.44417,22.0365,-0.184457,-0.201101,4.96019,0.244492,0.0309358,0.00299559,3728.51,3,0.168695,0,-0.0663074,0.00510122,0.050473,-0.0115966,0.00974077,-0.0708425,-0.0368111,-0.0804814,-0.0428618,2628.71,-45.5322,-173.325,-0.000610213,0.00230182,-69.1784,6506.95,-334.689,4694.53,-0.00092421,-0.0441054,-71.1385,3366.94,370.284,969.837,0.00443169,-0.0120343,-69.7608,6298.41,320.106,3783.86,0.00310473,-0.0329945,-71.4065
3.699,189.557,-6.46006,22.0377,-0.190557,-0.0360956,4.74297,0.242256,0.0309484,0.00307247,3728.66,3,0.168484,0,-0.0648688,0.00438082,0.0494112,-0.0115942,0.00974064,-0.0707308,-0.0366104,-0.080546,-0.0428667,2645,-49.8603,-209.465,-0.000671164,0.00279086,-69.1848,6501.98,-232.926,4645.43,-3.16181e-05,-0.0433018,-71.1382,3375.35,363.765,979.396,0.00435173,-0.0121551,-69.7668,6289.76,315.888,3786.79,0.00307304,-0.0330858,-71.4033
3.709,189.776,-6.47552,22.0369,-0.197107,-0.573647,3.6783,0.238381,0.0309294,0.00314661,3728.64,3,0.168818,0,-0.0633661,0.0035512,0.0483849,-0.0115984,0.00974526,-0.0705959,-0.0364087,-0.0805873,-0.0428914,2659.78,-48.4803,-234.895,-0.000651112,0.00313915,-69.1938,6491.89,-304.22,4563.83,-0.000776804,-0.0421028,-71.1313,3383.67,354.004,985.832,0.00423245,-0.0122356,-69.7724,6281.11,340.011,3793.72,0.00329138,-0.0332204,-71.3995
3.719,189.996,-6.49053,22.0378,-0.200373,-0.325434,4.98008,0.237999,0.0308954,0.00321646,3728.79,3,0.168839,0,-0.061801,0.00288499,0.0477899,-0.0115921,0.00974809,-0.0704843,-0.0362174,-0.0806235,-0.0429222,2682.13,-73.4517,-243.166,-0.000966968,0.00318164,-69.1988,6470.31,-219.405,4559.18,-1.85354e-05,-0.0421894,-71.1391,3392.59,360.134,995.135,0.00429741,-0.0123273,-69.7808,6271.22,325.321,3793.02,0.00316886,-0.033278,-71.3948
3.729,190.216,-6.5051,22.0378,-0.205126,-0.269687,5.93757,0.234623,0.0308201,0.00328126,3729.02,3,0.169154,0,-0.0601748,0.00197759,0.0466763,-0.0115969,0.00975472,-0.0703343,-0.0360958,-0.0806288,-0.0429806,2694.34,-40.2648,-261.767,-0.00054053,0.00349188,-69.2136,6460.55,-320.297,4451.14,-0.00104084,-0.0406156,-71.1204,3401.28,312.384,968.982,0.00370783,-0.011998,-69.7893,6259.99,331.056,3790.65,0.00321976,-0.0333183,-71.3906
3.739,190.436,-6.51927,22.0388,-0.209074,0.516879,5.54333,0.233582,0.0307429,0.00334257,3729.54,3,0.169259,0,-0.0584892,0.00151709,0.0465714,-0.011592,0.00976747,-0.0702276,-0.0359161,-0.0806344,-0.0430342,2727.13,-69.2771,-281.762,-0.000906243,0.00368281,-69.2164,6426.85,-261.513,4504.53,-0.000485928,-0.0417163,-71.1376,3413.51,353.067,1009.92,0.00419649,-0.0124762,-69.7977,6248.81,338.598,3781.2,0.00329292,-0.0332695,-71.3832
3.749,190.656,-6.53298,22.0386,-0.217161,-1.16807,0.829626,0.225917,0.0306046,0.00339618,3729.24,3,0.168754,0,-0.056746,0.000172049,0.0445139,-0.011603,0.009786,-0.0700423,-0.0359006,-0.0805953,-0.0431236,2734.39,-28.0471,-449.293,-0.000365145,0.00611001,-69.2396,6438.95,-192.695,4483.96,5.65493e-05,-0.0412633,-71.1015,3427.17,356.52,1003.23,0.00421989,-0.0123214,-69.8043,6235.73,332.874,3784.48,0.00325229,-0.0333956,-71.3805
3.759,190.876,-6.54631,22.0391,-0.217141,-0.217626,5.09647,0.226667,0.030465,0.00344692,3729.37,3,0.169331,0,-0.0549467,-0.000601835,0.0439947,-0.0115943,0.00978853,-0.0699032,-0.0358069,-0.0805563,-0.0432182,2760.57,-111.461,-372.561,-0.00144211,0.00483875,-69.2432,6403.58,-196.975,4389.94,-4.03217e-05,-0.0401158,-71.1159,3440.51,357.216,1009.36,0.00421227,-0.0123591,-69.8161,6221.06,335.236,3777.38,0.00327977,-0.0334001,-71.3707
3.769,191.096,-6.55922,22.04,-0.222247,-0.0103416,4.71688,0.221729,0.0302912,0.00349064,3729.47,3,0.16923,0,-0.0530932,-0.0013071,0.0431685,-0.0115951,0.00980395,-0.0697662,-0.0357725,-0.0804958,-0.0433254,2787.81,-39.2758,-430.573,-0.00050051,0.00572326,-69.2603,6382.83,-291.322,4305.7,-0.000970426,-0.0390402,-71.1013,3456.33,349.793,1006.67,0.00410574,-0.0122746,-69.8261,6204.92,345.536,3767.45,0.00337689,-0.0333763,-71.3636
3.779,191.316,-6.57172,22.0401,-0.223309,-0.12122,4.86659,0.220095,0.0300783,0.00352876,3729.64,3,0.169382,0,-0.0511873,-0.00270761,0.0416315,-0.0116004,0.00981984,-0.0695784,-0.0358028,-0.0804067,-0.0434568,2801.81,-97.1972,-442.315,-0.0012519,0.00578985,-69.2766,6366.94,-228.349,4311.87,-0.000449514,-0.0392421,-71.0915,3472.61,349.005,1001.03,0.00407668,-0.012136,-69.8369,6188.01,355.943,3752.38,0.00347132,-0.0332925,-71.3553
3.789,191.536,-6.58386,22.0405,-0.229777,-0.580171,4.85891,0.212855,0.0298506,0.00356082,3729.87,3,0.169282,0,-0.0492309,-0.00327274,0.0409792,-0.0116057,0.00983885,-0.069446,-0.0358049,-0.0803121,-0.0435887,2836.44,-41.2298,-512.013,-0.00050514,0.00677467,-69.2909,6340.11,-308.715,4119.43,-0.00126243,-0.0366765,-71.084,3492.83,339.482,991.697,0.00393861,-0.0119477,-69.849,6167.62,367.376,3740.35,0.00358247,-0.0332689,-71.3463
3.799,191.756,-6.5956,22.0419,-0.230734,-0.335082,4.63005,0.210902,0.029582,0.00358647,3729.99,3,0.169009,0,-0.0472259,-0.00465021,0.0395166,-0.0116081,0.00986026,-0.069265,-0.03588,-0.0801853,-0.0437471,2858.37,-101.071,-543.305,-0.00128094,0.00710654,-69.3073,6314.49,-114.752,4139.44,0.000426802,-0.0371079,-71.079,3512.17,349.512,999.742,0.00403245,-0.0119758,-69.8615,6147.35,334.877,3718.23,0.00329663,-0.033129,-71.3351
3.809,191.976,-6.607,22.0419,-0.235735,-0.245932,3.46454,0.203815,0.0292893,0.00360592,3730.12,3,0.169216,0,-0.0451743,-0.00550003,0.038771,-0.0116136,0.00988133,-0.0691127,-0.0359557,-0.080047,-0.0439114,2890.99,-53.8471,-631.88,-0.000645939,0.00834564,-69.3264,6284.7,-260.999,4062.53,-0.000943969,-0.0362684,-71.0625,3535.96,341.648,985.357,0.00391033,-0.0117058,-69.8749,6123.96,355.59,3703.31,0.00349119,-0.0330856,-71.3249
3.819,192.196,-6.61802,22.0427,-0.235812,-0.383258,4.4899,0.201801,0.0289664,0.00361903,3730.28,3,0.169075,0,-0.0430781,-0.0066116,0.037714,-0.0116213,0.00990472,-0.0689444,-0.0360674,-0.0798816,-0.0440955,2922.96,-109.841,-647.692,-0.00136236,0.0084287,-69.3412,6249.78,-116.416,4050.91,0.000319331,-0.0363322,-71.0601,3557.98,342.471,983.191,0.00389223,-0.0116001,-69.8895,6100.98,347.796,3682.2,0.00342813,-0.0329688,-71.3121
3.829,192.416,-6.62869,22.0439,-0.240161,-0.866114,2.80544,0.194697,0.0285986,0.00362413,3730.49,3,0.168564,0,-0.0409394,-0.00790977,0.0361124,-0.0116227,0.00993631,-0.0687512,-0.0362691,-0.0796871,-0.0442996,2948.78,-54.4311,-770.449,-0.000619521,0.0101866,-69.3663,6231.9,-111.947,3958.84,0.000267655,-0.0351828,-71.0342,3584.61,344.582,965.75,0.00387968,-0.0112699,-69.9037,6074.65,347.16,3653.09,0.00342598,-0.0327698,-71.3009
3.839,192.637,-6.63906,22.0437,-0.240619,-0.0465975,4.44133,0.19053,0.0282244,0.00362497,3730.43,3,0.169243,0,-0.0387603,-0.0086043,0.0357571,-0.0116346,0.00995934,-0.0686028,-0.0363968,-0.079492,-0.0445035,2990.11,-96.2614,-750.548,-0.00114758,0.00972671,-69.3805,6179.94,-224.849,3881.29,-0.000785496,-0.0345007,-71.0364,3611.05,334.237,955.596,0.00373027,-0.0110664,-69.9213,6046.81,364.758,3623.81,0.00359049,-0.0325727,-71.286
3.849,192.857,-6.64907,22.0451,-0.241416,-0.305435,4.24938,0.186034,0.0277979,0.00361734,3730.88,3,0.168772,0,-0.036543,-0.0100283,0.0341305,-0.0116438,0.00999279,-0.0683989,-0.0366484,-0.0792526,-0.0447402,3018.47,-105.847,-824.088,-0.00125093,0.0106934,-69.4058,6151.98,-104.974,3832.34,0.00022123,-0.0340131,-71.0183,3638.65,332.391,936.89,0.0036736,-0.0107346,-69.9362,6019,358.802,3601.23,0.00354698,-0.032467,-71.2725
3.859,193.077,-6.65879,22.0455,-0.244065,-0.194434,3.59192,0.178858,0.027355,0.00360366,3730.82,3,0.168842,0,-0.0342896,-0.0108802,0.0336236,-0.011651,0.010021,-0.0682334,-0.036876,-0.0790058,-0.0449779,3059.66,-90.4277,-875.12,-0.00102572,0.0113017,-69.4255,6108.5,-204.809,3746.19,-0.000718574,-0.0331649,-71.0035,3668.92,326.965,923.977,0.00357858,-0.0104841,-69.9536,5987.47,368.039,3557.63,0.00363047,-0.0321134,-71.258
3.869,193.297,-6.66819,22.0469,-0.243736,-0.19626,3.683,0.174509,0.0268702,0.00358242,3731.05,3,0.168467,0,-0.0320023,-0.0122476,0.0321404,-0.011661,0.010055,-0.0680282,-0.0371924,-0.0787242,-0.0452426,3092.23,-117.456,-925.808,-0.00134894,0.0119005,-69.4502,6077.16,-63.0414,3697.62,0.00048594,-0.0327096,-70.9897,3698.91,326.751,906.851,0.00353816,-0.0101757,-69.9714,5957.11,357.44,3525.29,0.0035424,-0.0319011,-71.2421
3.879,193.518,-6.67732,22.0468,-0.244804,-0.103432,3.9725,0.167557,0.0263637,0.0035551,3730.78,3,0.168801,0,-0.0296835,-0.0132268,0.0312444,-0.0116695,0.0100894,-0.0678427,-0.0375041,-0.078431,-0.0455127,3132.28,-115.759,-986.42,-0.00129608,0.0126328,-69.4732,6035.71,-202.886,3588.91,-0.000819855,-0.0315742,-70.9694,3732.33,320.345,876.425,0.00342786,-0.0097048,-69.9903,5923.52,376.453,3479.55,0.00371561,-0.0315292,-71.2268
3.889,193.738,-6.68616,22.0483,-0.244427,-0.153474,3.63195,0.162417,0.0258217,0.00352038,3731.44,3,0.168356,0,-0.0273354,-0.0145263,0.0300206,-0.0116787,0.0101256,-0.0676406,-0.0378699,-0.0781089,-0.0458034,3170.66,-123.443,-1065.11,-0.00136291,0.0136289,-69.4989,5996.75,-104.654,3566.91,9.42028e-06,-0.0315251,-70.9573,3765.47,320.102,861.541,0.00338601,-0.00943148,-70.0095,5890.28,371.098,3448.84,0.0036796,-0.0313529,-71.2093
3.899,193.958,-6.69475,22.0491,-0.244774,0.0259817,3.33351,0.155533,0.0252498,0.00347902,3731.47,3,0.168281,0,-0.0249603,-0.0156741,0.0289527,-0.0116891,0.0101626,-0.0674426,-0.0382587,-0.0777666,-0.0461066,3212.28,-120.866,-1106.33,-0.00129652,0.0140566,-69.5244,5954.22,-143.367,3458.56,-0.000398109,-0.0304056,-70.9385,3801.46,316.806,833.094,0.00330755,-0.00899342,-70.0296,5854.04,371.771,3396.9,0.00368595,-0.0309247,-71.192
3.909,194.179,-6.70308,22.0499,-0.244228,-0.0178688,3.36181,0.149138,0.0246484,0.00343104,3731.69,3,0.168156,0,-0.0225605,-0.0168715,0.0279886,-0.0116989,0.0102017,-0.067239,-0.038672,-0.0774024,-0.0464243,3255.38,-134.239,-1188.79,-0.00142755,0.0150759,-69.5507,5907.84,-126.563,3415.88,-0.000291109,-0.0301404,-70.923,3838.76,319.254,801.657,0.0032847,-0.00851621,-70.0504,5816.86,373.433,3350.41,0.00370572,-0.0305703,-71.174
3.919,194.399,-6.71117,22.0516,-0.243564,-0.497753,3.27428,0.142819,0.0240108,0.00337562,3731.81,3,0.167452,0,-0.0201385,-0.0181001,0.0265394,-0.0117084,0.0102425,-0.0670252,-0.0391458,-0.0770126,-0.046759,3298.36,-129.714,-1251.16,-0.0013324,0.0158023,-69.5787,5866.93,-4.53168,3300.64,0.000716686,-0.0289274,-70.9054,3877.66,307.318,775.044,0.00312356,-0.00813172,-70.0718,5778.2,365.341,3303.94,0.00363872,-0.0302284,-71.1554
3.929,194.619,-6.71905,22.0526,-0.242945,-0.261034,2.9074,0.135517,0.0233456,0.00331417,3732.12,3,0.167363,0,-0.0176966,-0.0192787,0.025517,-0.0117174,0.0102834,-0.0668116,-0.0396253,-0.0766031,-0.0471059,3344.14,-137.822,-1318.42,-0.00139293,0.0165753,-69.6059,5817.42,-30.2393,3221.38,0.000438802,-0.0282381,-70.8869,3918.97,302.7,735.257,0.00302834,-0.0075831,-70.0939,5737.31,373.383,3248.9,0.00371613,-0.0297855,-71.1359
3.939,194.84,-6.72672,22.0529,-0.241322,0.00263456,3.07499,0.128572,0.0226505,0.00324668,3732.17,3,0.167546,0,-0.0152373,-0.0205348,0.0246543,-0.0117261,0.0103273,-0.0665921,-0.0401208,-0.0761705,-0.0474683,3390.88,-148.935,-1390.85,-0.00148487,0.0174153,-69.6349,5761.32,-106.239,3170.91,-0.000265806,-0.0279365,-70.8665,3961.14,303.546,696.896,0.00298595,-0.00705478,-70.1169,5695.85,381.918,3193.4,0.00379912,-0.0293389,-71.1155
3.949,195.06,-6.7342,22.0548,-0.240006,0.533789,2.66519,0.121501,0.0219205,0.00317131,3732.39,3,0.167155,0,-0.0127629,-0.0217509,0.023483,-0.0117346,0.0103701,-0.066375,-0.0406859,-0.075712,-0.0478476,3440.93,-149.991,-1485.28,-0.00144725,0.0185736,-69.6645,5713.02,-66.3959,3118.24,4.42146e-05,-0.0275567,-70.8432,4004.64,297.488,656.021,0.00287817,-0.00652256,-70.1402,5652.72,380.777,3134.84,0.00379271,-0.0288677,-71.095
3.959,195.281,-6.7415,22.0553,-0.238086,-0.629741,2.5912,0.114146,0.0211619,0.00309047,3732.54,3,0.166682,0,-0.010276,-0.0229319,0.0224348,-0.0117415,0.0104155,-0.0661454,-0.041266,-0.0752323,-0.0482407,3491.92,-145.02,-1550.07,-0.00133595,0.0192688,-69.6945,5661.61,-24.7537,3025.4,0.00036783,-0.0267064,-70.8238,4049.56,315.498,617.532,0.00298188,-0.00598594,-70.1645,5608.18,377.356,3078.54,0.00376837,-0.0284329,-71.0739
3.969,195.501,-6.74863,22.0556,-0.235537,0.111765,2.84796,0.106861,0.0203732,0.00300354,3732.59,3,0.16708,0,-0.00777884,-0.0241206,0.0212728,-0.0117479,0.0104624,-0.0659111,-0.0418826,-0.0747327,-0.0486482,3541.68,-179.794,-1586.84,-0.00171686,0.019519,-69.725,5607.42,-140.948,2895.8,-0.000719862,-0.0254437,-70.7972,4096.22,299.98,571.714,0.00278668,-0.00544183,-70.189,5562.45,386.38,3015.86,0.00385661,-0.0279184,-71.0525
3.979,195.722,-6.75562,22.0573,-0.233502,-0.189868,2.35379,0.0992967,0.019555,0.00291035,3732.85,3,0.166471,0,-0.00527405,-0.0254522,0.0203213,-0.0117541,0.0105078,-0.065669,-0.0425271,-0.0742096,-0.0490702,3593.31,-171.392,-1681.71,-0.00155649,0.0206637,-69.7577,5552.29,-59.3914,2844.01,-3.43298e-05,-0.025113,-70.7791,4144.19,294.041,523.17,0.00267341,-0.00486627,-70.2131,5515.29,386.944,2951.75,0.00386716,-0.0273974,-71.0292
3.989,195.942,-6.76248,22.0587,-0.230799,0.303858,2.32356,0.0917752,0.0187087,0.00281144,3733.02,3,0.166263,0,-0.00276405,-0.0266543,0.019313,-0.0117602,0.0105537,-0.065431,-0.043202,-0.0736663,-0.049508,3648.55,-174.485,-1767.82,-0.00153331,0.0216421,-69.7896,5495.04,-54.3623,2779.55,-2.43166e-05,-0.0246382,-70.7573,4193.4,288.713,468.598,0.00255981,-0.00424303,-70.2397,5467.16,386.99,2888.14,0.00387443,-0.0268867,-71.0076
3.999,196.163,-6.76921,22.0597,-0.227935,0.311577,1.94558,0.0841656,0.0178329,0.00270646,3733.18,3,0.166067,0,-0.000251327,-0.0278903,0.0182686,-0.011765,0.0106015,-0.0651844,-0.0439147,-0.0731012,-0.0499602,3702.77,-199.66,-1800.16,-0.00178654,0.0217774,-69.8214,5438.47,-63.2142,2651.29,-0.000152893,-0.0234188,-70.7313,4243.62,292.706,417.028,0.00251689,-0.00365667,-70.2653,5418.03,387.029,2821.31,0.00388101,-0.0263403,-70.9846
4.009,196.383,-6.77585,22.0612,-0.22464,0.528437,2.08093,0.0764392,0.0169306,0.00259626,3733.32,3,0.165743,0,0.00226165,-0.0291365,0.017261,-0.0117677,0.0106472,-0.0649293,-0.0446507,-0.0725163,-0.0504267,3759.4,-189.459,-1913.28,-0.00159361,0.0231608,-69.8558,5381.02,-48.9544,2607.93,-5.49472e-05,-0.0231857,-70.7078,4295.4,286.627,356.152,0.00238347,-0.00301521,-70.2912,5367.7,389.138,2752.92,0.0039069,-0.0257782,-70.9615
4.019,196.604,-6.7824,22.062,-0.221435,0.0987142,1.88289,0.0685023,0.0160021,0.00248083,3733.4,3,0.16544,0,0.00477239,-0.0303143,0.0161747,-0.0117653,0.0106999,-0.0646735,-0.045413,-0.0719134,-0.0509068,3817.03,-199.833,-1991.58,-0.0016535,0.0239837,-69.8889,5321.49,-47.8838,2515.87,-8.43322e-05,-0.0224001,-70.6838,4348.28,283.144,294.592,0.00226331,-0.00239409,-70.3169,5316.71,387.383,2682.48,0.0038978,-0.0251949,-70.9379
4.029,196.824,-6.78888,22.0633,-0.217732,-0.0809879,1.8305,0.0605607,0.0150478,0.00236037,3733.57,3,0.165051,0,0.00727842,-0.0315648,0.0152677,-0.0117607,0.0107552,-0.0644086,-0.046197,-0.0712904,-0.0514027,3875.58,-205.279,-2067.45,-0.0016518,0.0247575,-69.9228,5259.65,-4.4635,2440.17,0.000273162,-0.0218108,-70.6599,4402.04,270.011,226.212,0.00206385,-0.001757,-70.3424,5264.79,395.358,2613.22,0.00397947,-0.0246215,-70.9138
4.039,197.045,-6.7953,22.0644,-0.214197,0.0359514,1.62199,0.0528384,0.0140698,0.0022349,3733.65,3,0.16483,0,0.00977726,-0.0327245,0.0143331,-0.0117604,0.0107978,-0.0641484,-0.0470118,-0.0706528,-0.0519104,3935.76,-213.08,-2161.41,-0.00167254,0.0258031,-69.9569,5196.75,-20.8229,2376.95,9.91799e-05,-0.0213669,-70.6345,4456.9,283.072,148.99,0.00202856,-0.00108979,-70.3674,5212.05,391.728,2541.86,0.00395248,-0.0240324,-70.8898
4.049,197.265,-6.80169,22.066,-0.21031,0.386983,1.36197,0.0449306,0.0130655,0.00210478,3733.77,3,0.16451,0,0.0122665,-0.0339458,0.0133192,-0.0117577,0.0108449,-0.0638725,-0.0478584,-0.0699956,-0.0524358,3995.09,-221.377,-2228.97,-0.00170267,0.0264276,-69.9923,5135.31,-10.0111,2286.77,0.000164464,-0.0206066,-70.6083,4513.57,279.216,64.373,0.00189833,-0.000457299,-70.3922,5158.99,391.055,2470.09,0.00395436,-0.0234347,-70.8657
4.059,197.486,-6.80805,22.0676,-0.206327,0.751373,1.52609,0.0374726,0.0120371,0.00197048,3733.87,3,0.16423,0,0.0147436,-0.0353083,0.0123934,-0.0117568,0.0108834,-0.0635917,-0.0487336,-0.0693288,-0.052974,4052.61,-220.729,-2319.68,-0.00161681,0.0274382,-70.0295,5071.98,-15.1425,2197.36,8.7751e-05,-0.0198618,-70.5824,4572.1,268.794,-31.9814,0.00179416,0.000190058,-70.418,5104.9,387.954,2398.43,0.00393393,-0.0228422,-70.8413
4.069,197.707,-6.81441,22.0677,-0.202916,-0.245062,0.803197,0.0294014,0.0109881,0.00183291,3734.07,3,0.163971,0,0.0172061,-0.0363688,0.0114619,-0.0117364,0.0109476,-0.0633229,-0.0496183,-0.0686513,-0.0535267,4117.48,-235.26,-2373.54,-0.00171886,0.0277846,-70.0614,5005.85,1.20647,2094.33,0.000205677,-0.0189739,-70.5573,4632.46,254.351,-118.832,0.00175281,0.000785847,-70.4488,5050.61,386.884,2325.71,0.00393301,-0.0222327,-70.816
4.079,197.927,-6.82077,22.0692,-0.199116,0.0888817,0.841556,0.0215832,0.00991528,0.0016924,3734.29,3,0.163715,0,0.0196517,-0.0375681,0.0106168,-0.0117231,0.0109975,-0.0630412,-0.0505265,-0.0679606,-0.0540967,4181.44,-227.159,-2477.35,-0.00153923,0.0289477,-70.0979,4938.36,7.42828,2028.08,0.000241044,-0.0184983,-70.5313,4694.65,232.719,-201.576,0.00170652,0.00142793,-70.4832,4995.26,388.886,2254.76,0.00396205,-0.0216428,-70.7901
4.089,198.148,-6.82716,22.0704,-0.194708,-0.134008,1.01277,0.0143069,0.00881798,0.00154886,3734.63,3,0.163303,0,0.0220778,-0.0388794,0.00965169,-0.0117089,0.0110464,-0.0627458,-0.051472,-0.067254,-0.0546839,4245.18,-227.757,-2605.97,-0.00145127,0.0305302,-70.1343,4875.2,42.8503,2013.79,0.000557473,-0.0185824,-70.502,4757.28,219.715,-277.125,0.00169885,0.00206873,-70.5202,4939.05,387.862,2181.4,0.00396173,-0.0210262,-70.7643
4.099,198.368,-6.8336,22.0709,-0.191295,-0.109677,0.421013,0.00610372,0.0077118,0.00140292,3734.96,3,0.163323,0,0.0244822,-0.039592,0.00889309,-0.0116899,0.0110969,-0.0624829,-0.0524203,-0.0665402,-0.0552782,4316.49,-235.724,-2643.49,-0.00148461,0.0305237,-70.1646,4805.49,8.21055,1898.08,0.000209338,-0.0175534,-70.477,4818.82,229.326,-352.439,0.00181757,0.00269625,-70.558,4882.32,389.44,2108.15,0.00398775,-0.0204059,-70.7386
4.109,198.589,-6.84008,22.072,-0.186223,0.462532,0.409898,-0.000502221,0.0065834,0.00125655,3735.33,3,0.163368,0,0.0268624,-0.0411576,0.00793324,-0.011672,0.0111399,-0.0621583,-0.0533775,-0.0658042,-0.0558919,4373.19,-292.598,-2718.03,-0.00205684,0.0312649,-70.2018,4734.52,19.7912,1839.87,0.000298894,-0.017166,-70.4474,4877.17,240.962,-432.287,0.00194329,0.00336312,-70.5949,4825.47,390.246,2042.47,0.00401037,-0.0198721,-70.7135
4.119,198.81,-6.84664,22.0735,-0.18273,0.303377,0.911655,-0.00896645,0.00545539,0.00110987,3735.61,3,0.162898,0,0.0292161,-0.0420508,0.00720384,-0.0116463,0.0111899,-0.0618749,-0.0542846,-0.0650671,-0.0565061,4441.83,-226.961,-2871.31,-0.00119753,0.0332229,-70.2368,4646.23,30.7559,1780.58,0.000381943,-0.0168247,-70.4169,4934.3,220.551,-503.148,0.00182705,0.00400476,-70.6305,4768.01,402.271,1965.31,0.00413331,-0.0191855,-70.6886
4.129,199.03,-6.85327,22.0736,-0.178192,-0.243039,-0.70254,-0.016087,0.00432043,0.000965622,3735.92,3,0.162858,0,0.031541,-0.0433294,0.00626803,-0.0116151,0.0112387,-0.0615514,-0.0551543,-0.0643178,-0.0571344,4498.34,-304.409,-2860.75,-0.00203338,0.0325234,-70.269,4544.94,45.8936,1673.1,0.000504136,-0.015975,-70.3839,4987.57,253.799,-577.424,0.00209052,0.00457591,-70.6655,4712.52,387.059,1889.01,0.00399709,-0.0185253,-70.6634
4.139,199.251,-6.86001,22.0748,-0.173838,-0.936255,-0.0679908,-0.0238649,0.00318959,0.000823198,3736.12,3,0.162316,0,0.0338348,-0.0442335,0.00546029,-0.011592,0.0112785,-0.0612452,-0.0559932,-0.063568,-0.0577654,4563.08,-262.694,-2989.74,-0.00146367,0.0341027,-70.3044,4437.05,76.2442,1604.34,0.000790474,-0.0155714,-70.3489,5038.45,231.908,-649.909,0.00194879,0.00522745,-70.6991,4658.19,382.248,1818.45,0.00396206,-0.0179121,-70.6394
4.149,199.472,-6.86686,22.0765,-0.169573,0.0736148,-0.524702,-0.0318415,0.00205844,0.000686231,3736.3,3,0.162295,0,0.0360951,-0.0454922,0.00453188,-0.0115571,0.0113235,-0.0608983,-0.0568161,-0.0628164,-0.0584067,4615.48,-274.497,-3059.19,-0.00151563,0.0347962,-70.3398,4326.44,55.8217,1498.13,0.000579825,-0.0147439,-70.3073,5087.15,235.322,-725.095,0.00198913,0.00585342,-70.7313,4605.57,390.84,1746.61,0.00405237,-0.0172547,-70.6149
4.159,199.692,-6.87386,22.0775,-0.164478,0.080378,-0.171965,-0.0389054,0.000943773,0.000554626,3736.56,3,0.162154,0,0.0383199,-0.0463654,0.00381079,-0.011523,0.0113643,-0.0605808,-0.0576227,-0.0620756,-0.0590465,4679.84,-306.187,-3150.05,-0.00179607,0.0357467,-70.3669,4217.36,68.4659,1470.48,0.000713792,-0.0148028,-70.272,5134.2,231.184,-799.577,0.00196906,0.00648149,-70.764,4555.35,386.044,1673.33,0.00401101,-0.016582,-70.5901
4.169,199.913,-6.88099,22.0788,-0.16026,0.0744901,-0.544187,-0.0471916,-0.000159635,0.000430824,3736.68,3,0.161896,0,0.0405068,-0.0473564,0.00305137,-0.0114851,0.0114037,-0.0602501,-0.0584335,-0.0613416,-0.0596885,4741.36,-289.557,-3223.77,-0.00152072,0.0364178,-70.4026,4118.72,55.9135,1364.33,0.000580979,-0.0138974,-70.2328,5179.32,235.437,-878.442,0.00201276,0.00713265,-70.7952,4507.89,392.517,1604.2,0.00407756,-0.0159278,-70.5663
4.179,200.134,-6.88826,22.077,-0.153808,-0.549972,-1.49992,-0.0525641,-0.00126606,0.000317256,3736.67,3,0.162666,0,0.0426537,-0.0494789,0.00163475,-0.0114451,0.0114438,-0.0598347,-0.0592897,-0.060607,-0.0603444,4782.97,-523.43,-3252.84,-0.00406093,0.0365434,-70.4338,4041.28,74.9665,1303.66,0.000772874,-0.0134368,-70.189,5223.07,261.275,-953.1,0.00222172,0.00771161,-70.827,4462.77,389.384,1540.85,0.00405176,-0.0153421,-70.5433
4.189,200.355,-6.89578,22.0812,-0.150848,-0.42409,-0.0915591,-0.0629921,-0.0023038,0.000212385,3736.75,3,0.161242,0,0.0447586,-0.0484651,0.0018193,-0.0114099,0.0114725,-0.059622,-0.0600159,-0.0599221,-0.0609573,4885.12,-229.182,-3386.06,-0.000695426,0.0377878,-70.4599,3944.82,27.0694,1235.32,0.000279082,-0.0129492,-70.1647,5266.91,241.764,-1042.34,0.00208264,0.0084857,-70.8542,4419.85,406.617,1464.35,0.00421301,-0.0145573,-70.5146
4.199,200.575,-6.90342,22.0816,-0.144626,0.22818,-1.46835,-0.0697186,-0.00336681,0.000123171,3736.79,3,0.161649,0,0.0468193,-0.0509023,0.000371279,-0.0113647,0.0115105,-0.0591691,-0.0608235,-0.0592155,-0.0616057,4919.99,-367.33,-3443.36,-0.00212784,0.038497,-70.5099,3881.7,57.5073,1149.37,0.000590196,-0.0121169,-70.1206,5305.83,246.605,-1112.85,0.00212756,0.00905898,-70.8856,4380.76,390.059,1396.57,0.00404781,-0.0139106,-70.4962
4.209,200.796,-6.91132,22.0824,-0.139967,-0.108606,-1.32208,-0.0780329,-0.00437139,4.45306e-05,3736.86,3,0.16149,0,0.0488337,-0.0510349,5.40213e-05,-0.0113219,0.0115408,-0.0588638,-0.0615242,-0.0585521,-0.0622152,5002.6,-350.302,-3533.82,-0.00185842,0.0392384,-70.5298,3805.18,47.1572,1111.03,0.000483379,-0.0118959,-70.0923,5344.6,242.462,-1193,0.00210251,0.00972908,-70.9165,4342,395.105,1323.93,0.0040864,-0.0131685,-70.4719
4.219,201.017,-6.9194,22.084,-0.131437,0.153932,0.797162,-0.0828884,-0.00536224,-1.98272e-05,3736.9,3,0.161242,0,0.0508,-0.052046,-0.000816249,-0.0112852,0.0115626,-0.0584755,-0.062216,-0.0578938,-0.0628281,5070.1,-383.951,-3605.21,-0.00214634,0.039815,-70.5639,3740.69,86.4787,1095.45,0.000914423,-0.0118981,-70.0579,5379.9,234.285,-1267.97,0.00204435,0.0103599,-70.9444,4306.75,395.721,1257.74,0.00408146,-0.0124951,-70.449
4.229,201.237,-6.92774,22.0853,-0.128866,0.210375,-1.46724,-0.0937528,-0.00632594,-7.05011e-05,3736.9,3,0.161013,0,0.0527162,-0.0528179,-0.00147931,-0.0112356,0.0115917,-0.0580865,-0.062861,-0.0572592,-0.0634235,5131.43,-289.922,-3706.36,-0.0010096,0.0409635,-70.6058,3679.87,29.2432,972.999,0.000281188,-0.0105965,-70.0225,5415.39,235.729,-1354.72,0.00206694,0.0110857,-70.9713,4271.42,396.707,1184.6,0.00407345,-0.0117368,-70.4269
4.239,201.458,-6.93631,22.0853,-0.12055,-1.15952,-2.13138,-0.0983488,-0.00726207,-0.000107406,3737.3,3,0.160735,0,0.0545803,-0.0537594,-0.0022991,-0.0111911,0.0116241,-0.0576771,-0.0634679,-0.0566435,-0.064011,5197.64,-373.517,-3685.79,-0.00188814,0.0398998,-70.6307,3621.86,106.858,984.303,0.00114405,-0.010879,-69.9935,5448.08,244.54,-1429.5,0.00214488,0.0116992,-70.9996,4238.4,392.359,1116.8,0.00401507,-0.0110417,-70.4037
4.249,201.679,-6.94516,22.0869,-0.116642,-0.108491,-1.34789,-0.10893,-0.00817213,-0.000130351,3737.03,3,0.160812,0,0.0563905,-0.0543821,-0.0028828,-0.0111377,0.0116483,-0.0572556,-0.06401,-0.0560522,-0.0645791,5260.84,-283.287,-3869.04,-0.000765645,0.0425307,-70.6708,3564.14,15.6586,853.417,0.000123186,-0.00945541,-69.9584,5481.13,232.412,-1511.57,0.0020566,0.0124003,-71.0255,4203.96,399.243,1043.34,0.00405498,-0.0102609,-70.3821
4.259,201.9,-6.95427,22.0876,-0.107214,-0.708162,-0.117312,-0.112811,-0.00906369,-0.000140756,3736.93,3,0.16057,0,0.0581452,-0.0554179,-0.00381729,-0.0110983,0.011661,-0.0568061,-0.0645423,-0.0554721,-0.0651441,5326.92,-386.669,-3891.2,-0.00183375,0.0422372,-70.6947,3513.92,124.208,879.357,0.00134732,-0.00986787,-69.9295,5512.21,223.819,-1586.3,0.00199438,0.013033,-71.0522,4172.39,396.46,981.951,0.00401062,-0.00962899,-70.3584
4.269,202.12,-6.96368,22.0888,-0.103627,0.156014,-1.43378,-0.122783,-0.00992329,-0.000138593,3736.8,3,0.160739,0,0.0598424,-0.0557089,-0.00425571,-0.0110605,0.0116722,-0.0563848,-0.0650039,-0.0549234,-0.065686,5395.24,-324.08,-4002.9,-0.00106829,0.0435245,-70.7289,3458.83,17.2313,753.494,0.000138801,-0.00849399,-69.8996,5544.37,240.473,-1675.66,0.0021403,0.0137787,-71.0773,4138.64,395.37,904.373,0.00396553,-0.00880899,-70.3362
4.279,202.341,-6.97338,22.0887,-0.0972419,-0.352,-6.64622,-0.129147,-0.0107727,-0.00012401,3736.9,3,0.160797,0,0.0614806,-0.0567445,-0.0052025,-0.011013,0.0116909,-0.0558949,-0.0654628,-0.0543822,-0.0662292,5449.85,-480.765,-3882.69,-0.00272863,0.0407898,-70.7557,3415.55,82.7002,747.9,0.000888574,-0.00850911,-69.8716,5575.37,256.841,-1756.49,0.00228447,0.0144499,-71.103,4106.46,387.954,832.95,0.00386258,-0.00806795,-70.3131
4.289,202.562,-6.98342,22.0904,-0.0906128,0.458474,-2.02712,-0.137459,-0.0115922,-9.8648e-05,3736.8,3,0.16075,0,0.063058,-0.0569196,-0.005561,-0.0109698,0.0117045,-0.0554456,-0.0658513,-0.0538715,-0.0667486,5524.23,-337.731,-4137.62,-0.0010675,0.0445884,-70.7923,3365.43,1.54427,638.672,-4.28305e-05,-0.00729023,-69.8422,5607.38,237.645,-1835.3,0.00213573,0.0151301,-71.1275,4073.68,404.297,769.809,0.00397515,-0.00737371,-70.2909
4.299,202.782,-6.99376,22.0907,-0.0815503,0.234381,-2.79468,-0.14168,-0.0124051,-6.26261e-05,3736.82,3,0.160805,0,0.0645733,-0.0580588,-0.00655525,-0.0109241,0.0117186,-0.0549262,-0.0662487,-0.0533652,-0.0672727,5581.88,-476.709,-4132.63,-0.00249823,0.0438927,-70.8192,3327.2,81.5257,639.098,0.000882059,-0.00735318,-69.816,5637.96,251.747,-1908.1,0.00225849,0.0157313,-71.1524,4042.13,393.723,703.77,0.00384213,-0.00669683,-70.2676
4.309,203.003,-7.00445,22.0925,-0.0725741,0.617475,2.48122,-0.147881,-0.0131943,-1.78825e-05,3736.48,3,0.160553,0,0.0660249,-0.0581985,-0.00693272,-0.0108707,0.0117334,-0.0544428,-0.0665847,-0.0528819,-0.0677803,5656.19,-340.695,-4330.05,-0.000926461,0.0467513,-70.8519,3281.48,21.4015,590.934,0.000187857,-0.00687273,-69.7896,5669.82,231.306,-1989.52,0.00209947,0.0164381,-71.1747,4008.9,408.96,635.874,0.00391992,-0.00595243,-70.243
4.319,203.224,-7.0155,22.0928,-0.0688168,0.349379,-2.70561,-0.157104,-0.0139709,3.51447e-05,3736.66,3,0.16049,0,0.0674112,-0.0584999,-0.00748569,-0.0108399,0.0117413,-0.0539544,-0.0669067,-0.0524184,-0.0682788,5720.34,-331.719,-4299.56,-0.000815069,0.0453755,-70.8844,3242,18.8128,509.429,0.000159149,-0.00593465,-69.7637,5702.17,235.609,-2073.02,0.00214484,0.0171477,-71.2002,3975.55,405.606,562.613,0.00382453,-0.00518721,-70.2213
4.329,203.444,-7.02689,22.0932,-0.0607557,-0.312041,-3.66395,-0.162483,-0.0147461,9.57937e-05,3736.59,3,0.160298,0,0.0687311,-0.059553,-0.00827694,-0.0107934,0.01175,-0.0534048,-0.0672263,-0.0519549,-0.0687806,5774.51,-354.688,-4338.74,-0.000991789,0.0455053,-70.9167,3206.16,61.3358,490.518,0.000657494,-0.00574438,-69.737,5733.89,235.21,-2139.31,0.00214575,0.0176965,-71.2234,3942.13,402.319,492.579,0.00372528,-0.00446418,-70.1981
4.339,203.665,-7.03868,22.0934,-0.0518583,0.189114,-1.67042,-0.166963,-0.0154916,0.000161708,3736.42,3,0.160694,0,0.0699831,-0.059473,-0.00856235,-0.0107517,0.0117523,-0.0529178,-0.0674869,-0.0515191,-0.0692632,5851.66,-421.681,-4393.81,-0.0016471,0.0456898,-70.9352,3160.61,38.5905,473.034,0.000398646,-0.00561603,-69.719,5767.5,237.239,-2225.44,0.00217423,0.018433,-71.2478,3909.33,410.466,421.833,0.00370738,-0.00372901,-70.1729
4.349,203.885,-7.05084,22.094,-0.0466295,0.0883321,-3.27483,-0.175442,-0.0162429,0.000232824,3736.45,3,0.160609,0,0.0711661,-0.0600642,-0.00920664,-0.0107076,0.011763,-0.0523742,-0.0677619,-0.0510791,-0.0697542,5908.05,-378.204,-4482.78,-0.00110947,0.0467081,-70.9739,3125.84,19.2947,384.648,0.00017203,-0.00456867,-69.6912,5798.55,240.549,-2299.75,0.00220659,0.0190631,-71.2694,3874.96,412.291,349.723,0.00362661,-0.00301108,-70.1489
4.359,204.106,-7.06339,22.0945,-0.0382753,0.0690811,-3.21822,-0.180109,-0.0169766,0.000307013,3736.35,3,0.160647,0,0.0722788,-0.0602627,-0.00967447,-0.0106688,0.011762,-0.0518491,-0.068014,-0.0506558,-0.0702331,5972.11,-412.227,-4490.63,-0.00143478,0.0461318,-70.9975,3086.46,36.0838,357.835,0.0003776,-0.00428054,-69.6712,5830.65,246.004,-2378.27,0.0022602,0.0197323,-71.2926,3841.51,415.957,279.051,0.0035602,-0.00233385,-70.124
4.369,204.327,-7.07635,22.0945,-0.0300833,0.490138,-3.30752,-0.184485,-0.0177083,0.00038367,3736.3,3,0.16103,0,0.0733202,-0.0608168,-0.0102487,-0.0106217,0.0117681,-0.0512959,-0.0682698,-0.0502329,-0.0707144,6029.95,-476.947,-4528.83,-0.00204333,0.0462268,-71.0236,3051.87,65.8427,331.089,0.000739025,-0.00395967,-69.649,5861.58,275.616,-2448.01,0.00251004,0.0203061,-71.315,3809.11,348.416,216.399,0.00295434,-0.00179109,-70.099
4.379,204.547,-7.08973,22.0958,-0.0231018,-0.132444,-1.89245,-0.191273,-0.0184234,0.000461086,3736.11,3,0.160447,0,0.0742892,-0.0609165,-0.0104721,-0.0105898,0.0117517,-0.0507822,-0.0684967,-0.0498306,-0.0711811,6092.99,-352.699,-4693.17,-0.000664309,0.0485787,-71.0556,3012.79,34.4179,337.803,0.000366255,-0.0041242,-69.6278,5893.95,233.006,-2522.9,0.00216559,0.0209678,-71.3355,3773.77,420.23,130.387,0.0034257,-0.00102087,-70.0747
4.389,204.768,-7.10352,22.0959,-0.0170208,0.806683,-3.80751,-0.197456,-0.0191454,0.000539901,3736.05,3,0.160963,0,0.075185,-0.0616654,-0.0112861,-0.010537,0.0117737,-0.0501988,-0.0687514,-0.0494203,-0.071656,6133.19,-471.493,-4688.99,-0.00184826,0.0480878,-71.0867,2980.52,37.5175,211.827,0.000411008,-0.00255779,-69.6044,5925.78,247.133,-2593.73,0.00228982,0.0215623,-71.3559,3738.41,407.274,48.9941,0.0032758,-0.000355448,-70.0521
4.399,204.988,-7.11778,22.0961,-0.00950594,-0.0439881,-3.71379,-0.201975,-0.0198308,0.000617362,3736.01,3,0.160751,0,0.0760065,-0.060726,-0.0109202,-0.0104904,0.0117796,-0.0497083,-0.0689182,-0.0490375,-0.072103,6201.53,-402.115,-4684.99,-0.00116461,0.047172,-71.0969,2925.15,38.2658,240.493,0.000427087,-0.00297064,-69.5949,5956.86,247.449,-2674.81,0.00230132,0.0222736,-71.3775,3703.27,399.683,-23.9092,0.00323008,0.000232841,-70.0294
4.409,205.209,-7.13243,22.0963,-0.00113954,-0.140479,-3.74038,-0.205712,-0.0205445,0.000695533,3736.08,3,0.160837,0,0.076753,-0.0616704,-0.0117725,-0.0104597,0.0117619,-0.0490606,-0.0691826,-0.0486328,-0.072572,6221.04,-380.159,-4713.54,-0.000897912,0.0474791,-71.1353,2896.97,18.8478,188.49,0.000193537,-0.00234341,-69.5646,5987.44,244.904,-2729.97,0.00228359,0.0227231,-71.3946,3668.27,380.924,-108.2,0.00315191,0.000939535,-70.0135
4.419,205.429,-7.14756,22.0963,0.00470724,-0.209303,-4.12856,-0.211492,-0.0212292,0.000773216,3735.95,3,0.161014,0,0.0774238,-0.0614026,-0.0117858,-0.0104018,0.0117864,-0.0484566,-0.0693766,-0.0482535,-0.0730152,6249.24,-382.879,-4741.08,-0.000911267,0.0476791,-71.1487,2853.32,20.3723,142.768,0.000218947,-0.0017851,-69.5502,6019,253.218,-2806.64,0.00236065,0.0233882,-71.4118,3631.33,365.165,-175.809,0.00313597,0.00156199,-69.9991
4.429,205.65,-7.16314,22.097,0.00934624,1.35445,-8.5416,-0.217244,-0.0219094,0.000850467,3736.19,3,0.16145,0,0.0780181,-0.0613988,-0.011993,-0.0103668,0.0117676,-0.047848,-0.069585,-0.0478729,-0.0734664,6265.38,-401.808,-4684.68,-0.00113943,0.0464598,-71.1651,2811.51,5.75189,111.35,3.72302e-05,-0.0014117,-69.5315,6047.87,241.826,-2828.06,0.00225694,0.0234974,-71.432,3595.64,347.724,-258.238,0.00314941,0.00240927,-69.9902
4.439,205.87,-7.17915,22.0979,0.0200931,1.4416,-3.28512,-0.219255,-0.0225899,0.000927334,3736.35,3,0.161435,0,0.0785355,-0.0618729,-0.0124508,-0.0103387,0.0117489,-0.04721,-0.0698181,-0.0474943,-0.0739168,6284.59,-391.855,-4828.13,-0.000929024,0.0489496,-71.1909,2781.27,7.89206,91.0625,7.2007e-05,-0.00116206,-69.5091,6078.59,247.242,-2919.14,0.00231696,0.0243206,-71.4456,3565.22,367.431,-285.829,0.00339137,0.00271199,-69.98
4.449,206.09,-7.19565,22.0965,0.0270069,0.104806,-2.57012,-0.221878,-0.023241,0.00100453,3736.3,3,0.161671,0,0.0789754,-0.0612973,-0.0123759,-0.01028,0.0117625,-0.0466394,-0.0700047,-0.047134,-0.0743565,6320.03,-466.29,-4903.85,-0.00168043,0.0500624,-71.1885,2739.51,38.8844,155.573,0.000468336,-0.00200208,-69.4998,6107.74,250.416,-2975.47,0.00234473,0.024789,-71.4633,3535.13,362.083,-331.32,0.00345277,0.00324332,-69.9719
4.459,206.311,-7.2126,22.0967,0.035926,-0.905815,-0.054362,-0.224053,-0.0238835,0.00108258,3736.92,3,0.161436,0,0.0793373,-0.0612784,-0.012425,-0.010235,0.0117645,-0.0460529,-0.0702046,-0.0467727,-0.0747992,6347.96,-388.88,-5024.15,-0.000829383,0.0521382,-71.2043,2708.59,58.7741,217.53,0.000735097,-0.00284694,-69.4824,6134.49,243.588,-3031.14,0.00229146,0.0252656,-71.4786,3510.2,377.245,-362.495,0.00366596,0.00360865,-69.9653
4.469,206.531,-7.23002,22.0974,0.0419197,0.733665,-3.6817,-0.228892,-0.0245171,0.00116217,3736.92,3,0.161957,0,0.0796209,-0.0615072,-0.0126406,-0.0102013,0.0117421,-0.0454559,-0.0704185,-0.0464206,-0.0752376,6359.3,-380.836,-4861.32,-0.000813497,0.0487037,-71.2288,2681.32,-1.89961,45.0091,-4.31176e-05,-0.0005901,-69.4623,6162.38,250.491,-3093.36,0.00235657,0.0258038,-71.4918,3483.56,365.843,-425.566,0.00368546,0.00440166,-69.9607
4.479,206.751,-7.24792,22.0975,0.0482952,0.600564,-3.48584,-0.232836,-0.0251204,0.00124317,3737.07,3,0.162065,0,0.079826,-0.0610089,-0.0124695,-0.0101553,0.0117416,-0.0449185,-0.0705878,-0.0460856,-0.0756612,6391.58,-361.233,-4920.15,-0.000598154,0.0494513,-71.2363,2650.53,-10.0061,51.1308,-0.000151013,-0.000667679,-69.4507,6188.29,240.824,-3145.67,0.00227891,0.0262517,-71.5063,3460.89,381.018,-467.287,0.00391106,0.004923,-69.9551
4.489,206.971,-7.26628,22.097,0.0559733,0.365749,-5.37611,-0.234768,-0.0257185,0.0013263,3737.2,3,0.162318,0,0.0799522,-0.0611544,-0.0127058,-0.0101201,0.0117264,-0.0443388,-0.0707852,-0.0457478,-0.0760879,6410.26,-399.558,-4860.68,-0.00100902,0.048118,-71.2543,2631.58,7.92584,12.848,8.54516e-05,-0.000158037,-69.4349,6211.26,278.02,-3199.67,0.00259406,0.0267174,-71.5189,3441.18,329.684,-500.066,0.00349643,0.00545256,-69.9509
4.499,207.192,-7.28513,22.0966,0.06314,0.277968,-6.19528,-0.238001,-0.0262783,0.00141166,3737.44,3,0.162628,0,0.0799996,-0.0604474,-0.0124463,-0.0100564,0.0117595,-0.0438095,-0.070921,-0.0454355,-0.0764887,6437.62,-428.219,-4800.69,-0.0013411,0.0467261,-71.2574,2604.03,4.2276,2.95115,3.6216e-05,-3.32326e-05,-69.4266,6233.93,276.414,-3234.26,0.00257655,0.0269877,-71.5324,3420.44,339.003,-541.206,0.00365407,0.00600204,-69.9461
4.509,207.412,-7.30445,22.0976,0.071679,0.882379,-4.2231,-0.238787,-0.0268306,0.00149886,3737.62,3,0.162765,0,0.079968,-0.0606376,-0.0125138,-0.0100372,0.011718,-0.0432497,-0.0710857,-0.0451187,-0.0768949,6457.35,-454.604,-4886.23,-0.00155986,0.0480978,-71.2729,2588.39,28.3334,29.3407,0.000325292,-0.000348575,-69.4125,6252.41,271.162,-3296.9,0.0025465,0.0275871,-71.5435,3406.14,360.028,-572.713,0.00391332,0.00640171,-69.9423
4.519,207.632,-7.32427,22.0974,0.0771018,0.114835,-4.88079,-0.242675,-0.0273469,0.00158838,3737.7,3,0.162683,0,0.0798575,-0.0600595,-0.0121644,-0.0099971,0.0117089,-0.0427258,-0.0712018,-0.0448302,-0.0772714,6479.67,-316.044,-4926.58,-0.000188298,0.0485228,-71.2866,2568.04,-27.8029,6.35748,-0.000302716,-6.33961e-05,-69.4006,6270.61,258.872,-3350.82,0.00245021,0.0280977,-71.5533,3389.13,365.817,-610.87,0.00403319,0.0069319,-69.9389
4.529,207.852,-7.34455,22.0975,0.0860969,1.51169,-5.83179,-0.243027,-0.0278418,0.00168005,3737.85,3,0.163416,0,0.0796682,-0.0597685,-0.0121663,-0.00993158,0.0117152,-0.0421864,-0.0713173,-0.0445496,-0.0776392,6495.63,-390.89,-4828.17,-0.000991605,0.0465857,-71.2921,2554.49,5.31857,85.4462,6.0365e-05,-0.00117983,-69.3915,6290.73,211.817,-3442.96,0.00208587,0.0290389,-71.5626,3374.93,334.199,-637.978,0.00375192,0.00739087,-69.9342
4.539,208.072,-7.36535,22.0983,0.0919763,0.642259,-4.50249,-0.245683,-0.0282969,0.00177339,3737.82,3,0.162964,0,0.0794003,-0.0586629,-0.0115163,-0.00992851,0.0116884,-0.0417105,-0.0713791,-0.0442915,-0.0779848,6522.07,-248.086,-4907.64,0.000396279,0.047656,-71.3014,2531.28,-36.9009,30.2454,-0.000439891,-0.000345353,-69.3852,6299.35,247.474,-3438.35,0.00236755,0.0289342,-71.5724,3361.99,348.603,-657.592,0.00393819,0.00765834,-69.9321
4.549,208.292,-7.38657,22.0975,0.100141,1.44187,-5.75159,-0.245977,-0.0287588,0.00186952,3738.05,3,0.163778,0,0.079054,-0.0597113,-0.0121447,-0.00989563,0.0116577,-0.0411054,-0.0715352,-0.0440213,-0.0783428,6506.63,-529.116,-4879.47,-0.00232081,0.0474625,-71.3149,2543.64,41.7629,-8.62606,0.000450133,8.64006e-05,-69.3696,6309.27,292.617,-3461.96,0.00274875,0.0291367,-71.5781,3352.24,361.972,-695.582,0.00412854,0.00817856,-69.9298
4.559,208.512,-7.40833,22.0958,0.106974,-0.669764,-2.08116,-0.24694,-0.0291566,0.00196613,3738.03,3,0.16393,0,0.0786297,-0.0585253,-0.0114157,-0.00986355,0.011671,-0.0406556,-0.0715616,-0.043804,-0.0786479,6537.7,-445.537,-5081.75,-0.00146375,0.0509333,-71.311,2527.2,-1.83735,75.0259,-3.43905e-05,-0.00104415,-69.3697,6321.46,252.417,-3501.08,0.00241542,0.0295276,-71.5855,3341.93,403.834,-713.104,0.00461022,0.00836588,-69.929
4.569,208.731,-7.43056,22.0982,0.11559,0.295549,-2.53137,-0.247545,-0.0295348,0.00206497,3738.23,3,0.163537,0,0.0781278,-0.0580367,-0.0111142,-0.00982595,0.0116618,-0.0401724,-0.0715935,-0.0435948,-0.0789472,6542.4,-289.545,-4905.27,-4.74862e-05,0.0474188,-71.3261,2519.67,-31.4929,4.03704,-0.000340071,-3.93533e-05,-69.3605,6328.57,255.723,-3534.68,0.00244965,0.0298725,-71.5973,3331.54,353.633,-766.118,0.00412809,0.00923996,-69.9312
4.579,208.951,-7.45327,22.097,0.121351,0.544374,-2.92138,-0.248385,-0.0298927,0.00216452,3738.17,3,0.164319,0,0.0775488,-0.0576815,-0.0110254,-0.00981038,0.011648,-0.0396993,-0.071631,-0.0433917,-0.0792423,6553.14,-490.38,-4976.41,-0.00198607,0.0487199,-71.3248,2517.94,26.4404,32.218,0.000326362,-0.000400297,-69.3577,6335.33,294.066,-3563.18,0.00277853,0.0301537,-71.5991,3326.17,368.286,-769.751,0.00430406,0.00927742,-69.9258
4.589,209.171,-7.47648,22.0971,0.127286,0.140454,-4.90183,-0.250192,-0.0302092,0.00226489,3738.79,3,0.164229,0,0.0768932,-0.0566922,-0.0103487,-0.00978669,0.0116452,-0.0392686,-0.0716166,-0.04322,-0.0795056,6564.64,-377.355,-4875.29,-0.000964796,0.0466888,-71.3316,2510.63,-23.4327,13.8242,-0.000266698,-0.00015291,-69.3543,6341.83,288.94,-3605.65,0.00274767,0.0306112,-71.6031,3319.73,366.607,-801.83,0.00431965,0.00975851,-69.9248
4.599,209.391,-7.50015,22.097,0.135834,0.61905,-5.72314,-0.248315,-0.0305125,0.00236596,3738.3,3,0.164629,0,0.0761618,-0.0568339,-0.0103557,-0.00976471,0.0116383,-0.0387884,-0.0716409,-0.0430529,-0.079768,6559.82,-494.147,-4763.53,-0.00212295,0.0448452,-71.3367,2518.65,45.9453,31.9085,0.000534463,-0.000372151,-69.3513,6344.7,318.398,-3639.88,0.00300468,0.030987,-71.6071,3315.64,355.952,-825.4,0.00422109,0.010132,-69.9252
4.609,209.61,-7.52433,22.0981,0.139287,0.456323,-3.79335,-0.252439,-0.0307694,0.00246636,3738.46,3,0.164399,0,0.0753552,-0.0555862,-0.0094114,-0.00975031,0.0116151,-0.0384124,-0.0715887,-0.0429243,-0.0799923,6573.7,-293.201,-4945.64,-0.000163491,0.0478156,-71.3454,2513.94,-69.0337,-28.1655,-0.00076819,0.000318233,-69.3485,6350.39,287.826,-3664.78,0.00275291,0.0312557,-71.6097,3312.44,377.555,-840.04,0.00448976,0.0103119,-69.926
4.619,209.83,-7.54894,22.0969,0.150252,0.743211,-6.07753,-0.246485,-0.031025,0.00256701,3738.48,3,0.165065,0,0.0744743,-0.0562111,-0.00997942,-0.0097268,0.0116099,-0.0379367,-0.0716208,-0.0427843,-0.080226,6558.69,-658.733,-4744.85,-0.00370846,0.0445753,-71.3404,2535.91,109.625,96.9665,0.00131753,-0.00116658,-69.3495,6350.9,322.321,-3673.84,0.00304926,0.0313508,-71.6152,3311.17,343.482,-853.259,0.00410936,0.0105749,-69.9233
4.629,210.049,-7.57411,22.0986,0.152275,0.402329,-4.14025,-0.252193,-0.0312127,0.00266592,3738.41,3,0.164494,0,0.0735198,-0.0539441,-0.0082806,-0.00971821,0.0115992,-0.0376492,-0.0714884,-0.0427038,-0.0804013,6583.6,-159.808,-4882.05,0.00100225,0.0464917,-71.3502,2519.48,-100.465,30.1105,-0.00110542,-0.000319196,-69.3528,6355.29,279.434,-3715.03,0.00269579,0.0318252,-71.6145,3307.32,369.038,-887.695,0.00443634,0.0110425,-69.9289
4.639,210.269,-7.59969,22.0978,0.161131,0.903031,-4.55342,-0.248576,-0.031409,0.00276423,3739.13,3,0.165174,0,0.0724928,-0.0540747,-0.00842249,-0.00970375,0.0115927,-0.037241,-0.071467,-0.0426001,-0.0805948,6573.53,-450.762,-4746.33,-0.00182573,0.044395,-71.3484,2538.33,-5.28024,46.6395,-7.27149e-05,-0.00064054,-69.3493,6354.14,316.088,-3744.96,0.00302283,0.032182,-71.615,3308.03,357.352,-912.62,0.00431635,0.01143,-69.9301
4.649,210.488,-7.62577,22.0983,0.166701,0.205159,-4.68927,-0.248166,-0.0315551,0.00286065,3739.54,3,0.16486,0,0.0713943,-0.0529368,-0.0074333,-0.00968557,0.0115937,-0.0369173,-0.0713604,-0.0425377,-0.0807494,6575.89,-274.532,-4790.46,-0.000197218,0.0450439,-71.3523,2537.46,-25.1991,96.0837,-0.000350522,-0.00130388,-69.3546,6352.23,310.422,-3754.31,0.00297663,0.0323075,-71.6146,3310.83,376.718,-888.447,0.00452668,0.0110267,-69.9316
4.659,210.708,-7.65231,22.0981,0.171906,0.530093,-8.47826,-0.248337,-0.0316889,0.00295421,3738.66,3,0.165082,0,0.0702253,-0.0524376,-0.00716932,-0.00967026,0.0115999,-0.0365832,-0.0713046,-0.042474,-0.0809035,6568.48,-353.411,-4583.35,-0.00105033,0.0417779,-71.3522,2555.67,-13.7854,89.3654,-0.000190482,-0.00122196,-69.3528,6351.11,312.627,-3771.13,0.00300368,0.0325173,-71.6152,3310.57,351.247,-936.768,0.00425794,0.0117899,-69.9357
4.669,210.927,-7.67933,22.099,0.177309,0.26833,-4.72036,-0.247756,-0.0317874,0.00304545,3738.65,3,0.164912,0,0.068987,-0.051586,-0.00637371,-0.00968094,0.0115745,-0.0362827,-0.0712074,-0.0424388,-0.0810292,6565.22,-224.141,-4772.93,0.000211883,0.0448243,-71.3578,2566.83,-39.1532,108.573,-0.000524987,-0.00143543,-69.3567,6346.69,294.577,-3782.06,0.00285163,0.032681,-71.6134,3314.91,362.865,-944.57,0.00439771,0.0118681,-69.9399
4.679,211.146,-7.7068,22.0985,0.184095,0.0972553,-5.33412,-0.24539,-0.0318587,0.00313281,3738.58,3,0.165187,0,0.0676806,-0.0506449,-0.00578826,-0.00967632,0.011571,-0.0360205,-0.0711126,-0.0424147,-0.0811394,6561.81,-298.82,-4657.24,-0.000590189,0.0429794,-71.3524,2581.17,-39.472,134.156,-0.000534111,-0.00179281,-69.3605,6342.16,268.159,-3783.32,0.00262591,0.0327294,-71.6124,3320.81,392.709,-960.494,0.00475279,0.0120277,-69.9446
4.689,211.365,-7.73473,22.0986,0.189535,0.538107,-4.86861,-0.243365,-0.0319032,0.00321717,3738.77,3,0.165522,0,0.0663074,-0.0499625,-0.00502673,-0.00967667,0.0115666,-0.0357618,-0.0709987,-0.0424065,-0.0812318,6552.04,-326.758,-4655.49,-0.000879561,0.0430457,-71.3505,2593.76,-37.1888,167.897,-0.000508674,-0.00227069,-69.3677,6336.15,315.566,-3800.89,0.00304637,0.0329712,-71.6086,3326.82,353.997,-968.112,0.00429461,0.0121894,-69.9481
4.699,211.585,-7.76311,22.0995,0.195037,0.598796,-4.93751,-0.241172,-0.0319139,0.00329658,3738.72,3,0.16533,0,0.0648688,-0.0487496,-0.00414099,-0.00967612,0.0115646,-0.0355627,-0.0708664,-0.0424176,-0.0813001,6546.95,-222.509,-4603.57,5.15489e-06,0.0422237,-71.3463,2603.61,-51.886,209.385,-0.000709005,-0.00282812,-69.3749,6328.39,304.598,-3787.44,0.00294944,0.0328566,-71.6063,3333.65,350.795,-981.799,0.0042573,0.0123724,-69.954
4.709,211.804,-7.79193,22.0989,0.199688,0.62156,-4.16327,-0.239455,-0.0319077,0.00337233,3738.88,3,0.165776,0,0.0633661,-0.048214,-0.00365382,-0.00967979,0.0115609,-0.0353316,-0.0707608,-0.0424371,-0.081358,6528.97,-349.636,-4619.85,-0.00117992,0.0426788,-71.3451,2626.65,-32.0409,209.381,-0.00043627,-0.00283974,-69.3803,6320.26,314.637,-3811.23,0.00305152,0.0331977,-71.6016,3342.8,360.668,-986.182,0.0043654,0.0123845,-69.9613
4.719,212.023,-7.82119,22.0993,0.204509,0.539205,-4.79077,-0.237315,-0.031865,0.00344244,3738.89,3,0.165675,0,0.061801,-0.0470385,-0.0027117,-0.00968665,0.0115597,-0.0351743,-0.0706208,-0.0424789,-0.081389,6518.7,-280.178,-4544.23,-0.000614066,0.0415529,-71.3416,2640.51,-53.7213,246.064,-0.000725524,-0.0033121,-69.3898,6311.18,319.063,-3815.91,0.00309746,0.0333118,-71.5974,3352.2,350.492,-993.036,0.00423702,0.0124679,-69.9675
4.729,212.242,-7.85088,22.0991,0.210496,-3.24635,-6.55964,-0.233187,-0.0318028,0.00350712,3738.94,3,0.164288,0,0.0601748,-0.0465933,-0.0019821,-0.00969923,0.0115589,-0.0350205,-0.0704999,-0.0425289,-0.0814082,6502.92,-38.2973,-4438.57,0.0015053,0.0399766,-71.3391,2662.16,-52.2017,329.015,-0.000709236,-0.00447932,-69.3982,6305.21,297.271,-3798.73,0.00291375,0.0331411,-71.592,3364.98,334.408,-1002.99,0.00403878,0.0125934,-69.9756
4.739,212.461,-7.88101,22.0997,0.214909,-0.0778803,-2.33743,-0.231175,-0.0316985,0.00356732,3738.96,3,0.1657,0,0.0584892,-0.0450544,-0.00086912,-0.00968748,0.0115603,-0.0349075,-0.0703283,-0.0426072,-0.0813875,6487.8,-195.192,-4495.3,7.11836e-05,0.0410273,-71.3331,2675.37,-87.0393,299.688,-0.00115519,-0.00397368,-69.4103,6288.64,318.82,-3816.19,0.00310823,0.0334581,-71.585,3374.49,351.689,-1004.2,0.00422954,0.0125444,-69.983
4.749,212.679,-7.91155,22.1,0.21784,0.593799,-7.55133,-0.228139,-0.0315868,0.00362071,3739.3,3,0.165713,0,0.056746,-0.0446223,-0.00045037,-0.00970647,0.0115658,-0.0348087,-0.0702222,-0.0426755,-0.0813813,6462.44,-353.521,-4268.22,-0.00147461,0.0379009,-71.3238,2702.54,-26.0167,342.778,-0.000339718,-0.00464089,-69.4214,6274.03,332.475,-3799.16,0.00322894,0.0333352,-71.5784,3388.04,345.652,-1003.68,0.00413882,0.0124951,-69.9917
4.759,212.898,-7.94251,22.1011,0.222081,0.166945,-3.48119,-0.225802,-0.0314296,0.00366847,3739.04,3,0.165421,0,0.0549467,-0.0431621,0.000870748,-0.00973592,0.0115358,-0.0347732,-0.0700473,-0.0427791,-0.0813287,6450.24,-112.968,-4373.94,0.000680734,0.0394703,-71.3244,2716.87,-98.858,371.934,-0.00130239,-0.00493186,-69.434,6259.66,318.712,-3807.39,0.00312073,0.0335334,-71.5701,3402.8,346.524,-1007.6,0.00413439,0.0124944,-70.0012
4.769,213.117,-7.97386,22.1014,0.225535,1.00141,-4.56198,-0.221887,-0.0312596,0.00370975,3739.14,3,0.165725,0,0.0530932,-0.0425559,0.00148077,-0.00974168,0.0115617,-0.0347266,-0.0699267,-0.0428822,-0.0812743,6421.76,-243.989,-4313.33,-0.000556616,0.0388372,-71.3152,2747.77,-68.1582,407.971,-0.000892371,-0.00544756,-69.4452,6243.04,332.896,-3788.47,0.00324817,0.033399,-71.5621,3419.44,340.803,-1004.44,0.00404577,0.0123951,-70.0118
4.779,213.336,-8.00561,22.1017,0.229063,0.920882,-4.28141,-0.217743,-0.0310482,0.00374442,3739.24,3,0.165701,0,0.0511873,-0.0413485,0.00266193,-0.00976018,0.0115668,-0.034749,-0.0697616,-0.0430108,-0.0811872,6404.14,-246.107,-4274.54,-0.000633186,0.0384047,-71.2988,2767.85,-72.0422,485.314,-0.000938569,-0.00651946,-69.4629,6225.84,337.007,-3776.99,0.00329034,0.0333641,-71.5536,3437.37,339.307,-1002.56,0.00400679,0.0123033,-70.0224
4.789,213.554,-8.03775,22.1021,0.232493,0.198061,-2.69461,-0.213597,-0.0308072,0.00377243,3739.29,3,0.165474,0,0.0492309,-0.0401351,0.00365459,-0.00977529,0.0115704,-0.0347925,-0.0696003,-0.0431519,-0.0810794,6382.44,-186.869,-4281.57,-0.000136892,0.0386605,-71.2926,2792.32,-75.7908,524.044,-0.000977937,-0.00702199,-69.478,6206.34,338.388,-3767.2,0.00331048,0.033366,-71.5437,3457.05,337.983,-992.782,0.00396505,0.0120933,-70.0341
4.799,213.773,-8.07026,22.1018,0.238,0.394142,-1.96855,-0.206062,-0.0305443,0.00379369,3739.29,3,0.165862,0,0.0472259,-0.0394257,0.00448869,-0.00979996,0.0115763,-0.0348457,-0.0694576,-0.0432979,-0.0809621,6353.41,-398.385,-4177.81,-0.00211737,0.0373952,-71.2739,2821.41,-21.6828,621.605,-0.000229925,-0.00841401,-69.4969,6184.49,354.496,-3735.38,0.00345224,0.0331011,-71.5335,3479.73,324.642,-979.814,0.00378156,0.0118511,-70.0458
4.809,213.992,-8.10313,22.1034,0.235909,1.02645,-4.33286,-0.206998,-0.0302502,0.00380858,3739.28,3,0.16544,0,0.0451743,-0.0382783,0.00571254,-0.00982323,0.0115828,-0.0349324,-0.0692922,-0.0434692,-0.0808115,6314.6,-100.513,-4152.03,0.000524056,0.0372817,-71.2838,2849.22,-121.186,570.44,-0.00154171,-0.0074942,-69.5084,6164.4,333.49,-3726.66,0.00327713,0.0331259,-71.5206,3499.22,338.222,-987.222,0.00391333,0.0118643,-70.0608
4.819,214.21,-8.13637,22.1054,0.242431,2.09302,-1.22603,-0.198818,-0.0299222,0.00381445,3739.37,3,0.165369,0,0.0430781,-0.0373078,0.00668098,-0.0098289,0.0115906,-0.0350893,-0.0691373,-0.0436486,-0.080643,6290.46,-248.55,-4050.54,-0.000884525,0.036055,-71.2575,2881.19,-66.4699,660.824,-0.000808594,-0.00878797,-69.5293,6139.61,347.342,-3696.68,0.00340143,0.0329033,-71.5089,3524.74,323.863,-966.607,0.00371539,0.0115136,-70.0729
4.829,214.429,-8.16995,22.1047,0.240571,1.03435,-3.95517,-0.196847,-0.0295655,0.00381559,3739.38,3,0.165186,0,0.0409394,-0.0361717,0.00788856,-0.00987335,0.0115973,-0.0352478,-0.068959,-0.0438464,-0.0804502,6256.29,-87.2101,-4026.84,0.000521135,0.0359416,-71.2559,2907.07,-118.911,690.562,-0.00148327,-0.00909264,-69.5478,6115.59,338.146,-3676.76,0.00332807,0.0328085,-71.4959,3548.45,330.484,-966.275,0.00376129,0.011419,-70.0884
4.839,214.647,-8.20388,22.1057,0.242633,1.62427,-3.94595,-0.190942,-0.0291702,0.00380751,3739.58,3,0.165141,0,0.0387603,-0.0345561,0.00888322,-0.00990221,0.0116041,-0.0354881,-0.0687902,-0.0440578,-0.0802342,6232.25,-228.556,-3894.14,-0.00083721,0.0343184,-71.228,2939.61,-85.4877,737.887,-0.00102435,-0.00971944,-69.5694,6087.61,364.165,-3645.42,0.00356354,0.0325847,-71.4834,3576.85,324.347,-945.481,0.00365571,0.0110535,-70.103
4.849,214.865,-8.2381,22.1056,0.244919,0.518566,-4.58242,-0.184966,-0.0287659,0.0037945,3739.73,3,0.164794,0,0.036543,-0.03464,0.00986816,-0.0099298,0.0116159,-0.0356507,-0.0686357,-0.0442706,-0.0800095,6179.07,-115.651,-3801.35,0.000124416,0.0334259,-71.2362,2977.26,-97.1508,785.301,-0.00115536,-0.0102786,-69.5869,6059.14,352.99,-3613.97,0.00347081,0.0323731,-71.4669,3605.24,315.56,-933.451,0.0035213,0.0108183,-70.1198
4.859,215.084,-8.27266,22.1062,0.243844,0.250713,-7.12434,-0.181272,-0.0283071,0.00377174,3739.46,3,0.164401,0,0.0342896,-0.0327082,0.0111249,-0.00996661,0.0116235,-0.0359691,-0.0684543,-0.0445168,-0.0797409,6154.3,-75.2712,-3677.83,0.000380324,0.0319746,-71.2026,3012.13,-91.7651,904.209,-0.00105546,-0.0119192,-69.6117,6032.03,355.728,-3598.96,0.00350998,0.0323558,-71.4523,3632.16,319.933,-928.572,0.00353655,0.0106646,-70.1355
4.869,215.302,-8.30751,22.107,0.246155,0.554792,-4.5943,-0.173841,-0.0278278,0.00374323,3739.59,3,0.164464,0,0.0320023,-0.0319548,0.0122943,-0.00999308,0.0116354,-0.0362579,-0.0682721,-0.0447675,-0.0794599,6112.88,-108.019,-3665.63,6.37117e-05,0.0320781,-71.1942,3046.72,-108.382,928.576,-0.00125069,-0.0121328,-69.6333,5998.24,350.446,-3539.07,0.0034547,0.0318171,-71.4368,3666.57,311.379,-900.055,0.00340286,0.0102037,-70.1537
4.879,215.52,-8.34265,22.1083,0.247414,0.890711,-3.16108,-0.167141,-0.0273109,0.0037071,3739.6,3,0.164287,0,0.0296835,-0.0306692,0.0134646,-0.0100164,0.0116519,-0.0366031,-0.068082,-0.0450392,-0.0791487,6074.8,-73.6542,-3606.48,0.000311793,0.0315493,-71.1784,3082.01,-102.594,992.273,-0.00114731,-0.0129446,-69.6579,5966.7,332.871,-3507.91,0.00330672,0.0316295,-71.4203,3699.37,304.306,-877.129,0.00328718,0.0098285,-70.1721
4.889,215.738,-8.37806,22.1084,0.247724,0.252413,-3.22206,-0.160279,-0.026764,0.00366357,3739.62,3,0.164135,0,0.0273354,-0.0294685,0.0146428,-0.0100593,0.0116557,-0.0369794,-0.0678951,-0.0453207,-0.0788187,6034.58,-124.775,-3495.29,-0.000208369,0.0303941,-71.1572,3121.28,-119.867,1042.36,-0.00133794,-0.0135146,-69.6814,5930.35,351.923,-3461.59,0.00348072,0.0312695,-71.4028,3735.55,314.576,-851.087,0.0033518,0.00938343,-70.1905
4.899,215.957,-8.41373,22.1096,0.246671,0.995821,-3.38059,-0.155489,-0.0261917,0.00361363,3739.76,3,0.164028,0,0.0249603,-0.0287049,0.0158316,-0.0100974,0.0116675,-0.0373559,-0.06771,-0.0456108,-0.0784715,5981.6,-90.1839,-3477.53,6.82741e-05,0.0304784,-71.1488,3163.1,-126.976,1099.8,-0.00139409,-0.0141848,-69.7063,5893.98,358.954,-3413.75,0.00354711,0.0308938,-71.3838,3772.37,305.629,-825.103,0.00321614,0.00898199,-70.2107
4.909,216.175,-8.44966,22.1097,0.246373,0.408927,-3.60342,-0.148297,-0.0255806,0.00355595,3739.81,3,0.163853,0,0.0225605,-0.0275523,0.0169979,-0.0101409,0.0116791,-0.0378002,-0.0675177,-0.0459234,-0.0780924,5938.48,-137.157,-3362.22,-0.000409077,0.0292967,-71.1217,3206.41,-129.727,1168.93,-0.00139192,-0.0150222,-69.7327,5856.29,353.649,-3364.15,0.00350307,0.0305081,-71.3661,3810.61,311.439,-798.974,0.00322987,0.0085593,-70.2318
4.919,216.393,-8.48582,22.1109,0.244989,0.595786,-3.33191,-0.142297,-0.0249381,0.00349163,3739.84,3,0.163573,0,0.0201385,-0.0263737,0.0182016,-0.0101789,0.0116899,-0.0382772,-0.0673146,-0.0462505,-0.0776897,5892.32,-90.3018,-3317.96,-3.91336e-05,0.0290096,-71.1064,3249.78,-139.891,1221.14,-0.00148252,-0.0155925,-69.7596,5817.2,363.767,-3317.36,0.0036009,0.0301595,-71.3467,3850.54,299.803,-762.075,0.00306609,0.00804415,-70.2527
4.929,216.611,-8.5222,22.1118,0.244099,1.12513,-2.96733,-0.135044,-0.0242637,0.00342038,3739.9,3,0.163531,0,0.0176966,-0.0252292,0.0193942,-0.0102203,0.0117014,-0.0387888,-0.0671086,-0.0465919,-0.077265,5845.76,-171.547,-3245.97,-0.000803633,0.0283852,-71.0811,3294.96,-135.108,1300.37,-0.00137762,-0.0165675,-69.7876,5776.15,369.46,-3260.23,0.00365497,0.0296949,-71.3268,3892.49,294.678,-725.522,0.00296786,0.00753205,-70.2746
4.939,216.829,-8.55879,22.1131,0.242953,0.780468,-2.58506,-0.128371,-0.0235593,0.00334259,3739.96,3,0.163009,0,0.0152373,-0.0241606,0.0206722,-0.0102652,0.0117126,-0.0393221,-0.0668984,-0.046947,-0.0768156,5793.25,-67.185,-3163.54,6.18417e-05,0.0276725,-71.0691,3341.58,-143.233,1371.9,-0.00143678,-0.0174063,-69.8156,5734.24,365.401,-3204.16,0.00362296,0.029252,-71.306,3935.48,299.866,-703.475,0.0029741,0.00718333,-70.2975
4.949,217.047,-8.59557,22.114,0.241207,1.01118,-2.9155,-0.120806,-0.0228212,0.00325799,3740.01,3,0.162829,0,0.0127629,-0.0230766,0.0218979,-0.0103059,0.0117264,-0.0398968,-0.0666835,-0.0473184,-0.0763421,5743.15,-90.7032,-3067.08,-0.000195046,0.0267827,-71.0432,3390.41,-148.944,1443.69,-0.00145998,-0.0182323,-69.8448,5690.22,367.063,-3141.42,0.0036398,0.028736,-71.2848,3979.91,286.904,-651.454,0.00279579,0.00652869,-70.3206
4.959,217.265,-8.63253,22.1146,0.239246,0.627414,-2.70363,-0.113741,-0.0220544,0.00316738,3740.34,3,0.162577,0,0.010276,-0.0221932,0.0231012,-0.0103524,0.0117313,-0.0404909,-0.066463,-0.0477031,-0.0758461,5688.52,-89.8816,-2998.53,-0.000223891,0.0262503,-71.023,3440.94,-159.127,1508.8,-0.00153629,-0.018937,-69.8744,5645.89,372.732,-3093.03,0.0037032,0.0283952,-71.2629,4026.01,287.845,-604.151,0.00274805,0.00591952,-70.3446
4.969,217.483,-8.66965,22.1161,0.236975,0.946611,-2.13697,-0.106368,-0.0212553,0.00307005,3740.14,3,0.162246,0,0.00777884,-0.0210232,0.024335,-0.0103985,0.0117425,-0.0411346,-0.0662363,-0.0481045,-0.0753265,5636.79,-68.7565,-2949.15,-7.63012e-05,0.0259287,-70.9998,3492.1,-161.869,1592.54,-0.00151642,-0.0199253,-69.9052,5599.47,369.482,-3028.16,0.00367653,0.0278669,-71.2406,4073.35,282.754,-560.499,0.00264735,0.00537842,-70.3689
4.979,217.701,-8.70692,22.1168,0.234777,0.0995669,-2.34503,-0.0986515,-0.0204272,0.00296677,3740.2,3,0.161705,0,0.00527405,-0.0198868,0.0255645,-0.0104502,0.0117486,-0.0418034,-0.066004,-0.0485193,-0.0747847,5582.85,-3.15427,-2815.54,0.000444296,0.0246282,-70.9785,3544.64,-166.061,1660.1,-0.00151429,-0.0206458,-69.9359,5552.39,368.406,-2964.62,0.00367246,0.0273564,-71.2172,4122.08,275.367,-512.8,0.00252493,0.00481227,-70.3931
4.989,217.919,-8.74433,22.118,0.231724,0.909528,-2.35184,-0.0913204,-0.0195715,0.00285813,3740.25,3,0.161643,0,0.00276405,-0.0190173,0.0268799,-0.0104931,0.0117551,-0.0424882,-0.0657639,-0.0489483,-0.0742228,5522.34,-44.0643,-2757.11,5.36904e-05,0.0242448,-70.9563,3597.43,-175.151,1747.96,-0.0015644,-0.021678,-69.9685,5503.89,374.136,-2898.81,0.00373061,0.0268209,-71.1945,4172.26,274.788,-459.764,0.00245403,0.00419387,-70.4189
4.999,218.137,-8.78185,22.1185,0.228944,0.256887,-1.87364,-0.0834086,-0.018686,0.00274307,3740.32,3,0.161318,0,0.000251327,-0.0179355,0.0280169,-0.0105407,0.011761,-0.0432195,-0.0655287,-0.0493927,-0.0736376,5466.57,-36.765,-2688.11,8.23587e-05,0.0237113,-70.9289,3654.66,-183.852,1821.01,-0.00161129,-0.0224402,-69.9995,5454.52,371.047,-2832.02,0.00370815,0.0262814,-71.1712,4223.44,275.803,-403.994,0.00238807,0.00356575,-70.4449
5.009,218.355,-8.81948,22.1196,0.225728,0.163384,-1.91119,-0.075637,-0.0177742,0.0026231,3740.36,3,0.160951,0,-0.00226165,-0.0169603,0.0292193,-0.0105907,0.0117612,-0.0439698,-0.0652786,-0.0498504,-0.0730331,5407.35,-22.2565,-2580.63,0.000170758,0.0227524,-70.9059,3710.71,-188.791,1885.25,-0.00161198,-0.0230656,-70.0325,5404.12,374.155,-2763.55,0.0037429,0.0257215,-71.1472,4275.73,267.777,-345.276,0.00224491,0.00294637,-70.4703
5.019,218.573,-8.8572,22.1208,0.222186,0.492213,-1.63422,-0.0679575,-0.0168343,0.00249794,3740.39,3,0.160715,0,-0.00477239,-0.0159382,0.0306026,-0.0106399,0.0117656,-0.0447536,-0.0650175,-0.0503234,-0.0724086,5347.3,-27.3838,-2516.24,9.39267e-05,0.0222891,-70.8811,3764.69,-192.636,1978.66,-0.00158731,-0.0241679,-70.068,5352.73,375.266,-2692.68,0.00375894,0.025137,-71.1229,4329.21,270.822,-283.613,0.00217296,0.00231334,-70.4956
5.029,218.791,-8.89498,22.1223,0.218449,0.809586,-1.75778,-0.0604287,-0.0158713,0.00236698,3740.41,3,0.160335,0,-0.00727842,-0.0149458,0.0317174,-0.0106751,0.0117709,-0.0455662,-0.064775,-0.050808,-0.0717666,5286.46,-17.306,-2428.54,0.00014777,0.0215626,-70.8559,3827.35,-197.111,2059.35,-0.00157295,-0.0249961,-70.099,5300.48,375.636,-2620.9,0.0037687,0.0245438,-71.0983,4383.69,268.135,-212.961,0.00204135,0.00164819,-70.5208
5.039,219.009,-8.93283,22.1232,0.214515,0.037283,-1.44414,-0.0524619,-0.0148828,0.00223232,3740.4,3,0.159801,0,-0.00977726,-0.0140531,0.0329466,-0.0107463,0.011761,-0.0463897,-0.0645069,-0.0513074,-0.0711069,5221.83,36.1893,-2333.57,0.000593119,0.0207655,-70.8315,3884.72,-196.233,2100.76,-0.00150195,-0.0252268,-70.1342,5247.5,371.785,-2547.1,0.00373861,0.0239307,-71.0737,4439.17,264.175,-143.536,0.00190335,0.00105453,-70.5454
5.049,219.227,-8.97071,22.1241,0.210955,0.682823,-1.51833,-0.0443035,-0.0138689,0.00209302,3740.27,3,0.159809,0,-0.0122665,-0.0130658,0.0341199,-0.0107893,0.0117588,-0.0472501,-0.0642415,-0.0518224,-0.0704302,5159.21,-20.6849,-2292.23,6.26824e-05,0.0205678,-70.8021,3946.24,-214.055,2247.96,-0.00162888,-0.0271351,-70.1685,5193.93,382.47,-2475.67,0.00384621,0.0233351,-71.0488,4496.53,251.218,-55.6928,0.00171024,0.000396549,-70.5698
5.059,219.445,-9.00862,22.1252,0.207125,0.534931,-0.256619,-0.0367222,-0.0128328,0.00194954,3740.4,3,0.159524,0,-0.0147436,-0.0121288,0.0353385,-0.0108399,0.0117526,-0.0481361,-0.0639679,-0.0523514,-0.0697411,5096.68,-7.03765,-2230.76,0.00016202,0.0201359,-70.7762,4007.03,-237.426,2290.54,-0.00184296,-0.0273352,-70.2013,5140.37,370.785,-2406.63,0.00374713,0.0227817,-71.0235,4555.22,246.09,41.929,0.00165258,-0.00025873,-70.5961
5.069,219.663,-9.04654,22.1262,0.203256,0.149709,-0.991994,-0.0286863,-0.0117721,0.00180303,3740.48,3,0.159018,0,-0.0172061,-0.0111736,0.0366118,-0.0108921,0.0117422,-0.0490437,-0.0636869,-0.0528965,-0.0690406,5030.98,7.27185,-2104.01,0.000256164,0.0189829,-70.7505,4067,-211.852,2392.52,-0.00145333,-0.0285213,-70.2395,5084.97,375.52,-2330.84,0.00379788,0.0221403,-70.9976,4616.64,228.102,132.93,0.00160944,-0.000902178,-70.6258
5.079,219.881,-9.08444,22.1267,0.199637,0.331168,-0.835927,-0.0209115,-0.0106929,0.00165366,3740.66,3,0.159017,0,-0.0196517,-0.0102889,0.0376764,-0.0109452,0.0117268,-0.0499624,-0.0634152,-0.0534544,-0.0683299,4963.32,-27.1346,-2091.64,-7.11978e-05,0.0191116,-70.7229,4134.69,-238.166,2528.83,-0.0016752,-0.0302219,-70.2707,5029.48,380.316,-2259.4,0.00385244,0.0215464,-70.971,4679.32,213.124,217.886,0.00161171,-0.00158927,-70.6613
5.089,220.099,-9.12234,22.1282,0.19523,0.663574,-0.853655,-0.0133509,-0.00958512,0.00150219,3740.91,3,0.158687,0,-0.0220778,-0.00939116,0.0391219,-0.0109912,0.0117167,-0.0509248,-0.0631134,-0.0540342,-0.0676016,4898.68,-4.96345,-1974.38,0.000102226,0.0180526,-70.6938,4192.97,-228.705,2596.04,-0.00147875,-0.0308398,-70.3107,4973.34,378.977,-2186.42,0.00384958,0.0209381,-70.9446,4741.81,209.597,284.869,0.00164668,-0.00215879,-70.697
5.099,220.317,-9.16019,22.128,0.190422,0.00711729,-0.677127,-0.00671973,-0.00846778,0.00134826,3741.18,3,0.158631,0,-0.0244822,-0.00856835,0.0400946,-0.0110422,0.0116979,-0.0518915,-0.0628396,-0.0546207,-0.0668628,4831.03,15.7546,-1916.34,0.000276981,0.0176613,-70.668,4263.79,-304.693,2626.38,-0.00230734,-0.03071,-70.3359,4916.47,371.988,-2113.56,0.00379385,0.0203353,-70.9182,4803.03,229.246,362.537,0.00183228,-0.00279545,-70.7355
5.109,220.536,-9.19799,22.1295,0.187118,-0.0545851,-0.210347,0.00202368,-0.00733446,0.0011929,3741.51,3,0.158168,0,-0.0268624,-0.00776673,0.0411371,-0.0110913,0.0116782,-0.0528733,-0.0625567,-0.0552191,-0.0661106,4762.63,12.2337,-1821.41,0.000220091,0.0168573,-70.6396,4330.32,-237.619,2733.13,-0.00143222,-0.0319112,-70.3753,4858.84,373.303,-2039.99,0.00381742,0.0197145,-70.8923,4862.51,212.321,427.938,0.00174648,-0.00338536,-70.7705
5.119,220.754,-9.23572,22.1302,0.18217,0.209565,-0.173106,0.00890155,-0.0061899,0.00103828,3741.46,3,0.158145,0,-0.0292161,-0.00683807,0.0425512,-0.0111381,0.0116549,-0.0538329,-0.0622427,-0.0558308,-0.0653452,4684.83,18.8273,-1748,0.000260488,0.0163199,-70.6087,4390.58,-292.463,2805.87,-0.00198717,-0.0325974,-70.4093,4801.06,370.787,-1968.28,0.00380447,0.0191147,-70.8669,4918.86,225.414,508.748,0.00187112,-0.00405812,-70.8056
5.129,220.972,-9.27337,22.1312,0.177797,0.0264091,-1.16051,0.0171218,-0.0050532,0.000884574,3741.9,3,0.157729,0,-0.031541,-0.00625534,0.0430955,-0.0111915,0.011622,-0.0547175,-0.0619646,-0.0564423,-0.06458,4586.65,32.9338,-1699.17,0.000380013,0.0161219,-70.5783,4464.02,-247.315,2935.03,-0.00137159,-0.0341211,-70.4397,4744.54,382.825,-1894.26,0.00393006,0.0184605,-70.8408,4973.28,206.487,580.323,0.00174996,-0.00470038,-70.8398
5.139,221.19,-9.31093,22.1323,0.172025,0.297701,-0.131471,0.0226586,-0.00390924,0.000733684,3742.06,3,0.157627,0,-0.0338348,-0.00527316,0.0444548,-0.0112313,0.011597,-0.0555923,-0.0616299,-0.0570687,-0.063805,4482.14,92.0847,-1617.84,0.000936806,0.015561,-70.5418,4518.02,-336.146,2923.47,-0.0023407,-0.0334081,-70.4718,4690.84,369.156,-1823.77,0.00380918,0.0178595,-70.8159,5023.55,221.328,655.3,0.00187698,-0.00530907,-70.8728
5.149,221.408,-9.34838,22.1336,0.169545,-0.0533387,0.290995,0.0328761,-0.0027699,0.000586776,3742.29,3,0.157142,0,-0.0360951,-0.00442715,0.0455496,-0.0112755,0.0115666,-0.0564401,-0.0612991,-0.0576997,-0.0630372,4373.74,34.6242,-1488.22,0.000361808,0.0144732,-70.5,4571.25,-222.913,3078.84,-0.000925137,-0.0355774,-70.5152,4637.15,376.188,-1747.14,0.00388208,0.0171565,-70.7909,5073.52,214.247,733.156,0.00183618,-0.00597584,-70.9031
5.159,221.626,-9.3857,22.1342,0.163264,-0.337979,0.376946,0.0385753,-0.00164673,0.000445015,3742.24,3,0.156983,0,-0.0383199,-0.00364506,0.0465397,-0.0113198,0.0115313,-0.0572579,-0.0609793,-0.0583305,-0.0622734,4262.67,102.412,-1452.97,0.00103866,0.0144284,-70.4653,4634.04,-326.676,3087.42,-0.00206413,-0.0351157,-70.5367,4587.38,372.713,-1680.83,0.00385687,0.0165675,-70.7657,5120.63,225.688,810.265,0.00193527,-0.00660272,-70.9359
5.169,221.844,-9.42288,22.1353,0.160484,-0.236896,1.96404,0.0481686,-0.00053075,0.000310891,3742.55,3,0.156842,0,-0.0405068,-0.00279717,0.0476667,-0.0113597,0.011495,-0.0580802,-0.0606394,-0.0589658,-0.0615182,4159.72,38.2118,-1307.64,0.00038365,0.0131047,-70.423,4687.13,-272.792,3172.17,-0.00135932,-0.0360606,-70.5768,4539.42,370.035,-1605.21,0.00383261,0.015856,-70.7414,5166.39,226.629,884.899,0.00195098,-0.0072208,-70.9655
5.179,222.063,-9.45989,22.1363,0.153886,0.588132,-0.169796,0.053858,0.000559559,0.000185184,3742.65,3,0.156809,0,-0.0426537,-0.00208207,0.048437,-0.0114012,0.0114513,-0.058888,-0.0603255,-0.0595953,-0.0607775,4064.18,60.3684,-1342.8,0.000625342,0.0138289,-70.3882,4756.84,-372.328,3329.77,-0.00239389,-0.0381873,-70.5993,4494.75,375.9,-1533.95,0.00388813,0.0151677,-70.7163,5210.19,251.502,963.554,0.00215533,-0.00783885,-70.998
5.189,222.281,-9.49675,22.1376,0.149399,0.173147,0.919425,0.0626998,0.00163793,7.05342e-05,3742.82,3,0.156394,0,-0.0447586,-0.00125534,0.0495975,-0.0114318,0.0114162,-0.0597034,-0.0599745,-0.0602247,-0.0600492,3983.4,41.1935,-1182.81,0.000411445,0.0122018,-70.3466,4814.21,-281.137,3352.97,-0.00127584,-0.0379688,-70.6427,4451.92,374.062,-1463.29,0.00386874,0.0144866,-70.6934,5252.98,220.803,1038.53,0.00192093,-0.00849989,-71.0252
5.199,222.499,-9.53341,22.1385,0.14361,-1.69807,1.87837,0.0693842,0.00268565,-3.2578e-05,3742.85,3,0.155541,0,-0.0468193,-0.000588536,0.0504955,-0.0114681,0.0113747,-0.0604842,-0.0596436,-0.060843,-0.0593392,3908.12,146.694,-1201.31,0.00153172,0.0126154,-70.3149,4884.39,-278.215,3396.11,-0.00117476,-0.0379985,-70.6688,4412.34,364.837,-1401.81,0.00378152,0.0139097,-70.6687,5293.99,204.983,1113.92,0.00180171,-0.00913884,-71.0546
5.209,222.718,-9.56987,22.1392,0.139012,0.162785,1.26189,0.0781608,0.0037113,-0.000121517,3742.99,3,0.156169,0,-0.0488337,0.000219137,0.0514638,-0.0114998,0.0113274,-0.0612261,-0.0592832,-0.0614535,-0.0586457,3835.97,41.0633,-1075.13,0.000405528,0.0113717,-70.2772,4945.64,-300.715,3535,-0.00131334,-0.0398752,-70.7056,4373.16,375.987,-1317.61,0.00387032,0.0130309,-70.645,5331.87,214.832,1185.15,0.00188411,-0.00971173,-71.082
5.219,222.936,-9.60611,22.14,0.131896,-0.231104,0.865929,0.0843007,0.00470287,-0.000197123,3743.05,3,0.155888,0,-0.0508,0.000825534,0.0520972,-0.0115403,0.0112788,-0.0619207,-0.0589345,-0.0620516,-0.0579751,3767.21,86.5979,-1056.59,0.000901555,0.0113402,-70.2468,5019.07,-338.005,3566.46,-0.00166768,-0.039654,-70.7314,4337.72,370.822,-1256.84,0.003816,0.0124368,-70.6216,5368.36,230.51,1275.63,0.0020201,-0.0104552,-71.1102
5.229,223.155,-9.64212,22.1413,0.126164,0.854729,-1.05845,0.091719,0.00567234,-0.000258766,3743.11,3,0.155848,0,-0.0527162,0.00160045,0.0529755,-0.0115569,0.0112416,-0.0625888,-0.0585548,-0.062641,-0.057319,3707.51,91.4961,-1100.11,0.000974087,0.0120627,-70.2103,5087.23,-320.41,3809.1,-0.00131831,-0.0434773,-70.7656,4303.25,361.71,-1186.04,0.00371587,0.0117278,-70.5983,5402.82,201.815,1351.19,0.00179675,-0.0111119,-71.1369
5.239,223.373,-9.67791,22.1407,0.120605,-0.357141,2.29735,0.0992061,0.00662053,-0.000305171,3742.69,3,0.156104,0,-0.0545803,0.00254969,0.0542215,-0.0115846,0.0111947,-0.0632217,-0.0581209,-0.0632206,-0.0566811,3652.58,70.8785,-1013.69,0.000743538,0.0111692,-70.1759,5139.1,-417.217,3764.85,-0.00235686,-0.0420303,-70.7985,4269.58,378.983,-1120.91,0.00386433,0.0110332,-70.575,5435.51,232.094,1431.85,0.00204902,-0.0117594,-71.1639
5.249,223.592,-9.71342,22.1433,0.112669,1.29642,-0.826752,0.105802,0.00753138,-0.000338589,3743.16,3,0.155694,0,-0.0563905,0.00304371,0.0546806,-0.0116129,0.0111344,-0.0637754,-0.0577243,-0.0637761,-0.0560737,3590.64,27.0439,-847.578,0.000248038,0.00931593,-70.1451,5209.87,-334.464,3832.47,-0.00135801,-0.0424567,-70.8292,4235.73,383.759,-1049.92,0.00388871,0.0102895,-70.5523,5468.51,226.027,1513.55,0.00200984,-0.012452,-71.1899
5.259,223.81,-9.74866,22.1435,0.10766,0.438426,-0.530141,0.114087,0.00842423,-0.000358384,3743.17,3,0.155482,0,-0.0581452,0.00375541,0.0554464,-0.0116262,0.0111073,-0.0643076,-0.0573121,-0.0643279,-0.0554794,3536.4,65.8378,-857.976,0.00068386,0.00957572,-70.1144,5278.76,-350.023,3985.73,-0.00140895,-0.0446159,-70.8598,4203.01,393.175,-983.742,0.00395295,0.00958655,-70.5288,5499.86,205.584,1589.57,0.00185143,-0.0131069,-71.2151
5.269,224.029,-9.78363,22.1443,0.102822,0.409407,2.47165,0.12286,0.00930109,-0.000363912,3743.21,3,0.155591,0,-0.0598424,0.00467274,0.0564666,-0.0116453,0.0110577,-0.0648113,-0.0568425,-0.0648696,-0.0549048,3489.03,35.7388,-717.817,0.000341654,0.00798764,-70.0793,5331.32,-357.723,3985.84,-0.00143187,-0.0439787,-70.8987,4169.83,381.431,-912.488,0.00381878,0.00886455,-70.5061,5531.42,221.671,1672.96,0.00199226,-0.0138003,-71.2389
5.279,224.248,-9.8183,22.143,0.0934509,-2.47019,4.51475,0.126242,0.0101525,-0.000357634,3743.06,3,0.15533,0,-0.0614806,0.00539458,0.0572861,-0.0116665,0.0110113,-0.065266,-0.0563849,-0.065399,-0.0543501,3438.44,107.558,-745.363,0.00115955,0.00840391,-70.0558,5399.3,-436.244,3844.72,-0.00228509,-0.040637,-70.9159,4136.97,333.419,-840.467,0.00335681,0.00820477,-70.4826,5562.75,228.123,1759.7,0.00205642,-0.0145358,-71.2657
5.289,224.467,-9.85264,22.1463,0.0873982,1.60829,-0.203453,0.135243,0.0109756,-0.000339754,3743.22,3,0.155486,0,-0.063058,0.00567286,0.0572872,-0.0116754,0.0109595,-0.065653,-0.0559463,-0.0659057,-0.0538213,3385.66,1.27633,-627.333,-4.69434e-05,0.00710983,-70.0253,5476.67,-318.058,4127.97,-0.00086218,-0.0449636,-70.9502,4102.88,391.078,-771,0.00383389,0.00736227,-70.4585,5594.19,220.561,1835.52,0.00199936,-0.0151799,-71.2882
5.299,224.685,-9.88667,22.146,0.082835,-0.598924,3.36818,0.144476,0.0118032,-0.000309182,3743.16,3,0.155148,0,-0.0645733,0.00667387,0.0584118,-0.0116961,0.0109197,-0.0660668,-0.0554268,-0.0664259,-0.0533007,3349.4,17.0226,-557.392,0.000130441,0.00633083,-69.9916,5528.43,-285.94,4175.38,-0.000418647,-0.045245,-70.9923,4069.66,386.233,-700.188,0.00374777,0.00662724,-70.4362,5626.93,209.656,1913.94,0.00191971,-0.0158476,-71.3117
5.309,224.904,-9.92033,22.1465,0.0747096,-0.203381,2.18973,0.149448,0.0125795,-0.000270423,3743.13,3,0.155191,0,-0.0660249,0.00653702,0.0576927,-0.0117072,0.0108774,-0.066365,-0.0550133,-0.0669146,-0.0528121,3290.43,33.4746,-587.482,0.000327386,0.00680973,-69.9776,5620.64,-360.717,4205.11,-0.00122909,-0.0447566,-70.9988,4038.17,379.15,-630.638,0.00363924,0.00590822,-70.4121,5657.91,223.952,1990.57,0.00204411,-0.0164875,-71.3433
5.319,225.123,-9.95372,22.1463,0.06604,0.00866071,3.54647,0.154707,0.0133851,-0.00022011,3743.1,3,0.155667,0,-0.0674112,0.00808232,0.0596182,-0.0117223,0.0108289,-0.0667662,-0.0543942,-0.0674328,-0.0523053,3272.05,91.6454,-524.571,0.00100007,0.00602636,-69.9393,5653.34,-534.39,4236.66,-0.00298319,-0.0450685,-71.0438,4007.11,378.264,-568.922,0.00358164,0.00526548,-70.3894,5687.13,240.951,2061.36,0.00219112,-0.017076,-71.3596
5.329,225.342,-9.98668,22.1472,0.0615742,-0.387999,2.64883,0.164196,0.0141333,-0.000164469,3743.08,3,0.155209,0,-0.0687311,0.00779707,0.0588102,-0.0117321,0.0107846,-0.0670249,-0.0539518,-0.0679006,-0.0518543,3221.3,-11.4938,-460.33,-0.000194365,0.00535861,-69.92,5737.94,-292.492,4380.7,-0.000332921,-0.046715,-71.0702,3972.35,397.528,-494.483,0.00366348,0.00445939,-70.3642,5720.43,210.459,2148.24,0.00194894,-0.0178404,-71.3822
5.339,225.561,-10.0193,22.1469,0.0516794,-0.28314,2.81639,0.16726,0.0149014,-0.000100137,3742.83,3,0.155572,0,-0.0699831,0.00905128,0.0602805,-0.0117402,0.0107401,-0.0673542,-0.0533679,-0.0683943,-0.0513864,3196.6,61.044,-467.282,0.000661316,0.00547086,-69.8916,5787.44,-484.828,4414.86,-0.00230299,-0.046898,-71.0989,3940.68,395.393,-436.057,0.00358411,0.00386942,-70.3413,5750.92,226.016,2223.23,0.0020857,-0.0184715,-71.4051
5.349,225.78,-10.0516,22.1476,0.0446306,-0.931455,2.80736,0.173946,0.0156352,-3.16187e-05,3742.9,3,0.155168,0,-0.0711661,0.00910117,0.0600883,-0.0117479,0.0106969,-0.0675875,-0.0528812,-0.0688609,-0.0509505,3149.89,39.7211,-405.985,0.000413498,0.00479268,-69.8727,5862.8,-367.037,4440.05,-0.00102347,-0.0464145,-71.1251,3906.74,394.929,-353.181,0.00347081,0.00303883,-70.3152,5782.96,219.66,2303,0.00204092,-0.0191591,-71.4276
5.359,226,-10.0834,22.1487,0.0382468,0.907319,4.32167,0.180895,0.0163609,4.14842e-05,3742.77,3,0.155744,0,-0.0722788,0.0095838,0.0600636,-0.0117499,0.0106551,-0.067824,-0.0523675,-0.0693294,-0.0505189,3109.96,18.9947,-329.455,0.000171602,0.00390513,-69.8492,5924.37,-460.01,4457.94,-0.00196948,-0.0460873,-71.1502,3873.26,389.889,-265.416,0.00330491,0.00220062,-70.2931,5813.97,228.372,2372.52,0.00211942,-0.0197421,-71.4517
5.369,226.219,-10.1149,22.1479,0.0294149,-0.457735,3.73087,0.185098,0.0170968,0.000118724,3742.64,3,0.155621,0,-0.0733202,0.0104505,0.0612882,-0.0117598,0.0106092,-0.0680949,-0.051772,-0.0698071,-0.0500842,3083.18,42.4758,-295.93,0.000457395,0.00350763,-69.8217,5972.92,-476.451,4535.7,-0.00204219,-0.0470215,-71.1884,3841.77,404.223,-210.759,0.003353,0.00170259,-70.2663,5843.77,232.495,2442.14,0.00215957,-0.0203342,-71.4697
5.379,226.438,-10.1459,22.1497,0.0214871,0.903805,1.36323,0.190625,0.0177942,0.00019577,3742.4,3,0.155386,0,-0.0742892,0.0103238,0.0606757,-0.0117629,0.0105671,-0.0682841,-0.051294,-0.0702533,-0.0496824,3036.09,0.66702,-265.437,-4.20803e-05,0.00319321,-69.806,6049.71,-355.96,4628.32,-0.000752032,-0.0478293,-71.2079,3807.21,409.394,-124.842,0.00330207,0.000966828,-70.2405,5875.46,215.268,2518.06,0.00202382,-0.0209952,-71.4907
5.389,226.658,-10.1765,22.1495,0.0155896,0.259009,6.19976,0.196755,0.0185082,0.000274323,3742.44,3,0.155664,0,-0.075185,0.0110679,0.0614778,-0.0117187,0.0105706,-0.0685359,-0.0507372,-0.07072,-0.0492632,3006.65,38.8893,-203.078,0.000425514,0.00242598,-69.7817,6091.96,-465.024,4557.25,-0.00185363,-0.0460588,-71.2391,3773.51,379.96,-43.704,0.00301777,0.000311767,-70.2166,5904.73,241.886,2590.8,0.0022535,-0.0216149,-71.5105
5.399,226.877,-10.2067,22.1485,0.00734388,-1.01287,3.39218,0.201196,0.0192014,0.000353263,3742.32,3,0.155483,0,-0.0760065,0.0113218,0.0614749,-0.0117782,0.0104764,-0.06874,-0.0501914,-0.0711653,-0.0488675,2968.25,19.0061,-197.45,0.000189908,0.00240284,-69.7619,6153.01,-378.981,4690.79,-0.000903066,-0.0478317,-71.2653,3739.24,369.635,32.9818,0.00295333,-0.000300194,-70.1947,5935.45,235.501,2648.49,0.00220363,-0.0220917,-71.5292
5.409,227.096,-10.2365,22.1492,-0.000297374,-0.251028,2.83464,0.205352,0.0198869,0.000431205,3742.34,3,0.155616,0,-0.076753,0.0115563,0.0613408,-0.0117702,0.0104335,-0.0689416,-0.0496424,-0.0716066,-0.0484771,2927.2,20.7597,-181.988,0.000215297,0.00223726,-69.7448,6201.11,-402.759,4723.37,-0.00113292,-0.0479088,-71.2834,3703.82,371.507,108.216,0.00304566,-0.000930125,-70.1761,5965.31,228.309,2723.4,0.00215112,-0.0227507,-71.5478
5.419,227.316,-10.2658,22.1486,-0.00655015,-0.982618,4.42713,0.210776,0.020584,0.000509608,3742.35,3,0.15579,0,-0.0774238,0.0121397,0.0621303,-0.0117749,0.01039,-0.0691748,-0.0490065,-0.0720573,-0.0480797,2895.8,7.3655,-157.145,5.51175e-05,0.00194985,-69.72,6221.59,-383.671,4775.99,-0.000877201,-0.0486779,-71.3161,3667.81,352.001,175.351,0.00299786,-0.00154427,-70.1627,5995.57,232.299,2786.47,0.00218998,-0.0232827,-71.564
5.429,227.536,-10.2947,22.1484,-0.0141382,-0.805334,4.51178,0.21407,0.0212601,0.00058654,3742.45,3,0.156063,0,-0.0780181,0.0123846,0.0620975,-0.0117738,0.010347,-0.0693754,-0.0484047,-0.0724935,-0.0476992,2854.55,50.3208,-124.953,0.000575449,0.00150457,-69.7057,6248.71,-499.943,4755.22,-0.00206703,-0.0480255,-71.3203,3632.17,367.732,229.398,0.00324034,-0.00208232,-70.1492,6025.66,241.505,2842.73,0.0022676,-0.0237432,-71.583
5.439,227.755,-10.3231,22.1485,-0.0203882,-0.0724516,2.86536,0.219739,0.0219221,0.000662551,3742.68,3,0.156304,0,-0.0785355,0.0122143,0.0616239,-0.0117681,0.0103088,-0.0695515,-0.0478202,-0.0729233,-0.04733,2810.02,-16.0192,-141.875,-0.000238697,0.00179371,-69.6871,6280.54,-395.185,4878.97,-0.00095465,-0.0500082,-71.3372,3596.77,385.162,295.767,0.00352515,-0.002784,-70.14,6058.07,202.548,2923.52,0.00195485,-0.0244707,-71.597
5.449,227.975,-10.351,22.1484,-0.0297524,-0.727896,2.66544,0.22097,0.0225864,0.000739051,3742.87,3,0.15621,0,-0.0789754,0.0126527,0.0618985,-0.0117684,0.0102595,-0.0697698,-0.0471952,-0.0733705,-0.0469538,2776.83,53.9162,-160.93,0.000645096,0.00202177,-69.6699,6296.79,-434.008,4873.53,-0.00134673,-0.0497244,-71.3542,3568.42,349.939,334.918,0.00332402,-0.00326629,-70.1318,6084.72,237.666,2967.85,0.00224671,-0.0248135,-71.6137
5.459,228.195,-10.3785,22.1484,-0.0353116,-0.583596,4.52361,0.226351,0.0232322,0.000815712,3743.04,3,0.156507,0,-0.0793373,0.0127622,0.0618304,-0.0117687,0.0102159,-0.0699699,-0.0465977,-0.0738068,-0.0465934,2743.08,20.0511,-48.5356,0.000227804,0.00059919,-69.6508,6312.78,-434.732,4836.65,-0.00136092,-0.0488071,-71.3704,3539.92,345.624,386.683,0.00339253,-0.00389818,-70.1254,6113.45,237.242,3030.64,0.00224871,-0.0253565,-71.6272
5.469,228.415,-10.4055,22.1479,-0.04647,-0.890913,1.86129,0.226158,0.0238512,0.000892817,3743.4,3,0.156573,0,-0.0796209,0.0126771,0.0615485,-0.0117559,0.0101675,-0.0701445,-0.0460279,-0.0742295,-0.0462465,2707.87,56.4962,-94.3374,0.000665199,0.00114783,-69.6392,6342.33,-470.002,4814.7,-0.00173383,-0.0480613,-71.3749,3515.75,347.915,420.607,0.0034874,-0.00432801,-70.1141,6139.94,243.819,3093.91,0.00231072,-0.0259145,-71.6413
5.479,228.634,-10.432,22.148,-0.0507185,-0.769965,3.75318,0.232294,0.0244653,0.000971706,3743.47,3,0.156791,0,-0.079826,0.012726,0.061482,-0.0117665,0.010124,-0.070344,-0.0454571,-0.0746636,-0.0459014,2682.3,2.24461,-15.0411,1.63026e-05,0.000195787,-69.6187,6361.14,-394.586,4875.93,-0.000943332,-0.0489732,-71.3965,3492.94,352.495,471.339,0.00362053,-0.00497332,-70.1111,6165.39,239.382,3141.42,0.00227508,-0.0263126,-71.6549
5.489,228.854,-10.4581,22.1482,-0.0589033,-0.968729,3.88121,0.234303,0.0250493,0.00105181,3743.83,3,0.156779,0,-0.0799522,0.0126035,0.060974,-0.0117597,0.0100897,-0.0705164,-0.0449201,-0.0750791,-0.0455726,2655.25,18.05,-33.3513,0.000209686,0.000413713,-69.6071,6389.71,-383.786,4849.83,-0.000864744,-0.0481354,-71.4047,3472.86,346.689,507.27,0.00363353,-0.0054647,-70.1047,6188.42,243.031,3194.45,0.00230962,-0.0267803,-71.6677
5.499,229.074,-10.4837,22.1487,-0.0660282,-0.150509,4.13474,0.237635,0.025628,0.00113512,3743.8,3,0.157068,0,-0.0799996,0.0128638,0.0613744,-0.01174,0.0100511,-0.0707123,-0.0443441,-0.0754974,-0.0452462,2641.54,3.06486,16.5712,3.52223e-05,-0.000216412,-69.5862,6399.67,-372.493,4896.04,-0.000713924,-0.0488967,-71.4292,3454.04,345.369,545.338,0.00368502,-0.00598593,-70.1001,6209.98,243.019,3243.82,0.00231442,-0.0272179,-71.6782
5.509,229.294,-10.5088,22.1477,-0.0734073,-0.870878,4.51651,0.239228,0.0261651,0.00121968,3743.96,3,0.157309,0,-0.079968,0.0125475,0.0606964,-0.011733,0.010012,-0.0708501,-0.0438338,-0.0758879,-0.044943,2617.14,43.0864,-44.0633,0.000493266,0.000518686,-69.5821,6431.05,-440.989,4887.11,-0.00142745,-0.0484033,-71.4229,3436.67,350.408,579.818,0.00379255,-0.00645669,-70.0947,6229.45,244.939,3290.35,0.00233439,-0.0276353,-71.691
5.519,229.515,-10.5334,22.1486,-0.0787806,0.260958,8.16983,0.243312,0.0266811,0.00130751,3744.16,3,0.157753,0,-0.0798575,0.0122811,0.0603016,-0.0117254,0.00997921,-0.0709745,-0.0433086,-0.0762646,-0.0446542,2595.38,-26.4364,47.5801,-0.000339409,-0.00060229,-69.5669,6442.15,-358.086,4762.75,-0.000694844,-0.0459628,-71.4401,3416.82,323.347,632.908,0.00358538,-0.0072547,-70.0916,6247.82,235.323,3335.65,0.0022592,-0.0280495,-71.7023
5.529,229.735,-10.5576,22.148,-0.0880219,-0.720961,4.05324,0.243879,0.0271842,0.00139774,3744.29,3,0.157492,0,-0.0796682,0.0123894,0.0602748,-0.0117222,0.00993668,-0.0711115,-0.042774,-0.0766424,-0.044369,2586.26,-13.7501,8.64282,-0.00015719,-9.72249e-05,-69.5529,6465.06,-318.369,4934.74,-0.000195225,-0.0488456,-71.455,3405.1,349.14,648.64,0.00388505,-0.00743941,-70.0865,6261.82,243.415,3384.59,0.00233409,-0.0285234,-71.7092
5.539,229.955,-10.5812,22.1467,-0.0947814,-1.16528,6.54585,0.244856,0.0276533,0.00149049,3744.52,3,0.158105,0,-0.0794003,0.012309,0.0599112,-0.0117327,0.00990241,-0.0712127,-0.0422572,-0.0769988,-0.0441041,2571.78,42.6348,15.7552,0.000459536,-0.000163013,-69.5494,6478.9,-499.743,4825.5,-0.00204987,-0.0467668,-71.4503,3390.94,339.702,676.069,0.003828,-0.00786269,-70.0821,6275.14,268.476,3423.04,0.00254981,-0.0288812,-71.7189
5.549,230.175,-10.6044,22.148,-0.103926,0.0634652,2.88863,0.245165,0.0280892,0.00158493,3744.56,3,0.158019,0,-0.079054,0.0117972,0.0592563,-0.011707,0.0098675,-0.0712775,-0.0417711,-0.0773298,-0.0438656,2557.22,-6.70685,13.0541,-8.66188e-05,-0.000167934,-69.5386,6497.79,-350.754,4921.17,-0.000582397,-0.0482367,-71.463,3379.52,353.096,692.453,0.00400082,-0.00808689,-70.0777,6287,256.878,3465.63,0.00245926,-0.0293051,-71.7246
5.559,230.395,-10.6271,22.1473,-0.108967,-0.682775,6.12218,0.248667,0.028511,0.00168193,3744.66,3,0.158304,0,-0.0786297,0.0116951,0.0590923,-0.0116955,0.00984253,-0.0713609,-0.0412664,-0.0776659,-0.0436291,2552.09,12.6759,-3.77587,0.000135403,4.18274e-05,-69.5297,6506.41,-415.756,4880,-0.00124178,-0.047417,-71.471,3366.75,348.909,738.314,0.0040081,-0.00876253,-70.076,6297.4,254.323,3505.76,0.00244552,-0.0297088,-71.7321
5.569,230.616,-10.6492,22.1473,-0.116608,-0.781023,4.35543,0.2498,0.0288904,0.00178016,3744.88,3,0.158284,0,-0.0781278,0.0110917,0.0581774,-0.0116978,0.00980843,-0.0713929,-0.0408037,-0.0779687,-0.0434248,2541.54,-44.773,3.77275,-0.000478855,-4.50269e-05,-69.523,6523.37,-292.608,4921.57,-5.01718e-05,-0.0479251,-71.4799,3357.52,348.751,765.683,0.00404235,-0.0091712,-70.0726,6305.63,255.974,3527.76,0.00245931,-0.0299168,-71.7371
5.579,230.836,-10.6709,22.1474,-0.122976,-0.424507,5.29003,0.251098,0.0292543,0.00188062,3744.92,3,0.158587,0,-0.0775488,0.011071,0.0579123,-0.0116785,0.0097872,-0.0714445,-0.0403235,-0.0782715,-0.0432282,2542.19,-18.2249,31.9332,-0.00023137,-0.000409722,-69.5151,6526.67,-349.527,4900.61,-0.000630298,-0.0475359,-71.4895,3350.04,353.776,788.803,0.00412671,-0.00950893,-70.0711,6312.72,266.77,3573.32,0.00256308,-0.0304021,-71.7421
5.589,231.057,-10.6921,22.1468,-0.129407,-0.0299783,4.479,0.251955,0.0295733,0.00198171,3745.06,3,0.159064,0,-0.0768932,0.0104127,0.0568563,-0.0116733,0.00976489,-0.0714364,-0.0399008,-0.078545,-0.0430615,2532.99,-17.6783,39.1321,-0.000230317,-0.000515188,-69.5151,6541.02,-406.445,4916.55,-0.00122332,-0.0476973,-71.4849,3343.98,344.184,808.048,0.00404477,-0.00981954,-70.0692,6318.09,278.736,3596.57,0.00266717,-0.0306402,-71.747
5.599,231.277,-10.7129,22.1465,-0.137559,-0.119432,5.31345,0.251096,0.029886,0.00208465,3745.04,3,0.159289,0,-0.0761618,0.0105056,0.0572777,-0.0116613,0.00974315,-0.0714769,-0.0394098,-0.0788175,-0.0428985,2545.81,-2.89561,8.3186,-3.23646e-05,-0.000110533,-69.5051,6532.85,-448.185,4886.07,-0.00163315,-0.0472502,-71.4962,3338.93,347.135,832.543,0.00410016,-0.0101796,-70.0691,6322.6,275.933,3630.08,0.0026541,-0.0310081,-71.7495
5.609,231.498,-10.7331,22.1467,-0.141976,-1.37549,7.21827,0.253447,0.0301343,0.00218609,3745.13,3,0.158887,0,-0.0753552,0.00930005,0.05558,-0.0116556,0.00972687,-0.0714069,-0.0390724,-0.0790466,-0.0427799,2531.44,-36.0557,-3.65554,-0.000386307,3.52899e-05,-69.5132,6555.73,-273.108,4801.39,-6.06574e-05,-0.0454326,-71.4889,3333.73,342.302,862.054,0.00407198,-0.0106312,-70.067,6326.96,269.896,3665.77,0.00261169,-0.031406,-71.753
5.619,231.718,-10.7529,22.1464,-0.152371,-0.817166,5.30617,0.250122,0.0303884,0.00228961,3745.25,3,0.159293,0,-0.0744743,0.00964107,0.0557059,-0.0116529,0.00970968,-0.0714301,-0.0386083,-0.0792881,-0.0426502,2553.05,14.9202,-12.3991,0.00017593,0.000144492,-69.5023,6545.09,-405.085,4784.61,-0.00132197,-0.0453099,-71.5024,3334.26,334.076,876.238,0.00398812,-0.0108506,-70.0692,6326.57,288.981,3681.84,0.00278034,-0.031595,-71.7544
5.629,231.939,-10.7722,22.1503,-0.160674,4.20247,1.0164,0.248864,0.0305916,0.00239156,3745.5,3,0.159675,0,-0.0735198,0.00871713,0.0549029,-0.0116338,0.00971058,-0.0713503,-0.0382529,-0.0794828,-0.042559,2545.97,-61.5178,-23.096,-0.0006717,0.000244569,-69.5081,6553.79,-337.67,4838.67,-0.000706327,-0.0461263,-71.4997,3332.11,351.308,899.739,0.00420666,-0.0111675,-70.0634,6328.3,280.848,3714.22,0.00272101,-0.031974,-71.7496
5.639,232.159,-10.791,22.1461,-0.162089,-0.633871,5.59806,0.252905,0.0307809,0.00249404,3745.47,3,0.159708,0,-0.0724928,0.00821516,0.0540773,-0.0116312,0.00968624,-0.0712982,-0.0378793,-0.079683,-0.0424822,2559.9,-107.021,0.92812,-0.00113554,-1.88888e-05,-69.5025,6549.09,-260.071,4842.24,2.38351e-05,-0.0461987,-71.5087,3329.91,356.267,919.862,0.00428091,-0.0114608,-70.0705,6329.39,269.998,3734.94,0.00263423,-0.0322193,-71.7549
5.649,232.38,-10.8093,22.1464,-0.17089,-0.318743,4.85543,0.249388,0.0309351,0.00259433,3745.41,3,0.159771,0,-0.0713943,0.00775997,0.0534447,-0.0116237,0.00967739,-0.0712258,-0.0375464,-0.07986,-0.0424187,2567.1,2.78407,-82.5691,3.63332e-05,0.00113462,-69.5112,6551.87,-372.37,4778.22,-0.00111143,-0.0451108,-71.4995,3332.28,343.179,931.433,0.00413389,-0.0116467,-70.0717,6326.45,288.755,3745.59,0.00279972,-0.0323618,-71.7557
5.659,232.601,-10.8271,22.1463,-0.175958,0.361201,4.37523,0.24956,0.0310631,0.00269313,3745.66,3,0.160187,0,-0.0702253,0.00704813,0.0525837,-0.0116174,0.00967233,-0.0711368,-0.0372301,-0.0800169,-0.0423753,2576.01,-51.4894,-77.1445,-0.000642632,0.000951744,-69.5091,6550,-372.938,4810.86,-0.00114052,-0.0456865,-71.501,3333.76,348.858,946.079,0.00420885,-0.0118466,-70.0738,6324.23,288.409,3764.26,0.0028047,-0.0326022,-71.7542
5.669,232.822,-10.8445,22.1468,-0.184043,-0.306799,3.01933,0.247398,0.0311539,0.0027891,3745.73,3,0.159753,0,-0.068987,0.00619427,0.0512932,-0.0116115,0.00966334,-0.0710245,-0.0369507,-0.0801486,-0.0423526,2583.2,-45.6058,-120.654,-0.000606439,0.00158327,-69.5144,6554.47,-241.071,4716.78,6.76991e-06,-0.0439953,-71.5005,3337.22,339.254,964.596,0.00410305,-0.0121244,-70.0765,6320.69,285.677,3789.94,0.0027933,-0.0329388,-71.7529
5.679,233.042,-10.8614,22.1459,-0.189771,-1.22316,5.21842,0.244508,0.031231,0.00288326,3745.63,3,0.159927,0,-0.0676806,0.00581456,0.0508935,-0.0116078,0.0096676,-0.0709501,-0.0366518,-0.0802804,-0.0423359,2605.51,-15.5554,-150.937,-0.00021096,0.00205484,-69.5155,6541.32,-327.355,4634.1,-0.000860607,-0.0428009,-71.4973,3346.42,378.014,935.449,0.00453075,-0.01159,-70.0684,6315.61,346.298,3826.29,0.00334181,-0.0334062,-71.7376
5.689,233.263,-10.8778,22.1466,-0.193196,0.0601891,4.92539,0.245898,0.0312779,0.00297485,3745.85,3,0.160237,0,-0.0663074,0.00507689,0.0502319,-0.0116004,0.00966916,-0.0708436,-0.0363717,-0.0803835,-0.0423434,2621.93,-68.4889,-134.847,-0.000874588,0.00170518,-69.5178,6522.76,-252.245,4710.73,-0.000146915,-0.044195,-71.5063,3347.1,341.749,987.435,0.00413408,-0.0124203,-70.0851,6308.46,288.628,3803.49,0.00282942,-0.0331815,-71.7454
5.699,233.484,-10.8938,22.1473,-0.203629,0.493391,-3.10045,0.24042,0.0312806,0.00306081,3745.91,3,0.159956,0,-0.0648688,0.00412865,0.0487987,-0.0115966,0.00970856,-0.0706937,-0.0361872,-0.0804569,-0.0423646,2628.76,-22.3648,-272.932,-0.000316163,0.00375422,-69.5299,6535.1,-279.065,4877,-0.000379022,-0.0469546,-71.4866,3355.94,337.596,971.943,0.00407311,-0.0121652,-70.0935,6300.79,258.059,3819.44,0.00256776,-0.0334333,-71.7473
5.709,233.705,-10.9094,22.1464,-0.204688,-0.576939,5.03317,0.241112,0.0312764,0.00314558,3745.98,3,0.160226,0,-0.0633661,0.00362021,0.0483332,-0.0115977,0.00967727,-0.0705819,-0.0359545,-0.0805337,-0.0424084,2651.78,-75.64,-199.824,-0.000988766,0.0025903,-69.53,6507.31,-202.73,4601.53,0.000178746,-0.0425312,-71.5009,3362.28,330.278,1002.55,0.00398769,-0.0126047,-70.0957,6292.04,291.767,3814.08,0.00286892,-0.033416,-71.7375
5.719,233.926,-10.9245,22.1461,-0.21077,-0.384286,5.9291,0.236724,0.0312387,0.00322482,3746.13,3,0.16055,0,-0.061801,0.00289954,0.0475058,-0.0115981,0.00968387,-0.070453,-0.035772,-0.0805854,-0.04246,2669.96,-26.8321,-250.173,-0.000360506,0.00337447,-69.5422,6493.4,-351.078,4465.23,-0.00128422,-0.0405685,-71.4876,3372.02,316.82,1010.05,0.00381865,-0.0127,-70.1022,6281.24,308.355,3808.99,0.00301736,-0.0334178,-71.7332
5.729,234.147,-10.9391,22.1474,-0.213841,0.908813,4.88693,0.236773,0.0311739,0.00329925,3746.1,3,0.160586,0,-0.0601748,0.00199796,0.0465418,-0.0115953,0.00968728,-0.0703057,-0.0356253,-0.0806145,-0.0425291,2688.48,-69.675,-235.537,-0.00091268,0.00307619,-69.5499,6479.65,-284.368,4524.59,-0.000686126,-0.04158,-71.4832,3381.06,340.234,1020.19,0.00409342,-0.0127745,-70.1086,6271.42,300.416,3819.87,0.00295892,-0.0336186,-71.7261
5.739,234.368,-10.9534,22.1449,-0.22014,0.430575,4.01927,0.230634,0.0310958,0.00337015,3746.22,3,0.161465,0,-0.0584892,0.00174025,0.0464011,-0.0115956,0.00969919,-0.0702004,-0.0354422,-0.080638,-0.0426047,2719.29,5.01347,-291.373,7.94221e-05,0.00390258,-69.5601,6453.14,-609.539,4507.16,-0.00370829,-0.041566,-71.4661,3392.99,325.208,1015.03,0.00389924,-0.0126771,-70.1167,6259.22,336.699,3811.2,0.00328198,-0.0335799,-71.7201
5.749,234.589,-10.9672,22.147,-0.221826,-0.388836,4.31914,0.23155,0.0309596,0.00343282,3746.37,3,0.160326,0,-0.056746,-8.62443e-05,0.044095,-0.0115929,0.00972113,-0.0699857,-0.0354412,-0.080615,-0.0427193,2721.4,-90.1497,-312.847,-0.0011787,0.0040914,-69.5752,6458.77,-158.644,4464.04,0.000354134,-0.0407766,-71.4664,3403.93,330.592,1026.26,0.00395682,-0.0127899,-70.1232,6247.42,300.019,3815.86,0.00296722,-0.0337232,-71.7122
5.759,234.81,-10.9806,22.1465,-0.226547,-0.418211,5.09033,0.227379,0.0308341,0.00349205,3746.43,3,0.160622,0,-0.0549467,-0.000373597,0.0439128,-0.0115949,0.0097345,-0.0698751,-0.0353222,-0.080605,-0.0428182,2753.92,-88.7773,-341.23,-0.00115,0.00444911,-69.5794,6428.3,-218.673,4399.79,-0.000239625,-0.0400684,-71.471,3416.96,328.199,1027.15,0.00391173,-0.0127561,-70.133,6233.16,310.313,3807.66,0.003064,-0.0337101,-71.7035
5.769,235.031,-10.9935,22.1467,-0.231376,-0.407024,4.7798,0.222435,0.030653,0.00354401,3746.06,3,0.160596,0,-0.0530932,-0.00166552,0.0423623,-0.0115954,0.00975089,-0.0696928,-0.0353183,-0.0805577,-0.0429499,2767.14,-37.834,-436.038,-0.00048337,0.00584431,-69.6017,6419.99,-286.83,4296.65,-0.000956956,-0.0386139,-71.4453,3433.55,340.546,1010.15,0.00403142,-0.0124253,-70.1375,6218.19,318.057,3802.72,0.00313892,-0.0337434,-71.6961
5.779,235.252,-11.0061,22.1471,-0.233581,-0.194731,4.76062,0.220328,0.0304653,0.00359141,3746.66,3,0.160576,0,-0.0511873,-0.00237388,0.0418993,-0.0115977,0.00976917,-0.0695581,-0.0352718,-0.080503,-0.0430841,2799.16,-96.1517,-424.856,-0.00123447,0.00554741,-69.6062,6385.89,-192.498,4315.86,-0.000114004,-0.039143,-71.4551,3448.37,325.255,1024.85,0.00384028,-0.012607,-70.1524,6200.83,313.944,3786.65,0.0031068,-0.0336538,-71.6849
5.789,235.473,-11.0183,22.1483,-0.239648,-1.06378,6.45391,0.212724,0.0302291,0.00363039,3746.8,3,0.15981,0,-0.0492309,-0.00356982,0.040482,-0.0115987,0.00979149,-0.0693857,-0.0353306,-0.0804178,-0.0432437,2819.42,-26.8733,-623.042,-0.0003071,0.0084389,-69.6303,6374.72,-140.478,4078.73,0.00018976,-0.0358406,-71.4299,3465.13,280.769,1016.73,0.00329294,-0.0124978,-70.1634,6180.68,334.861,3771.45,0.00329595,-0.0335873,-71.6778
5.799,235.694,-11.0301,22.1484,-0.239333,0.519753,4.30012,0.212769,0.0299828,0.0036651,3746.87,3,0.160449,0,-0.0472259,-0.004392,0.0397223,-0.0116047,0.00981378,-0.0692422,-0.0353386,-0.0803215,-0.0434066,2853.75,-124.485,-492.102,-0.00157261,0.00634702,-69.6355,6333.52,-135.101,4222.53,0.000291278,-0.0381638,-71.4375,3485.98,321.265,1018.1,0.00374941,-0.0123766,-70.1749,6163.22,310.999,3755.41,0.00309175,-0.0335032,-71.6634
5.809,235.915,-11.0415,22.148,-0.241662,-0.115841,7.4216,0.207788,0.0296851,0.00369125,3746.02,3,0.160466,0,-0.0451743,-0.00563707,0.0380831,-0.0116017,0.00984414,-0.0690561,-0.0354635,-0.0801966,-0.0435941,2872.69,-54.0253,-565.521,-0.00065574,0.007442,-69.6621,6313.89,-290.617,3913.84,-0.00125487,-0.0340562,-71.4035,3504.71,303.732,1033.6,0.00352523,-0.0125552,-70.1862,6141.56,313.839,3731.76,0.00311954,-0.0333434,-71.6539
5.819,236.137,-11.0526,22.1482,-0.245549,-0.127272,4.61528,0.201762,0.0293742,0.00371223,3747.04,3,0.160388,0,-0.0430781,-0.00649911,0.0375992,-0.0116138,0.00986498,-0.0689045,-0.0355378,-0.0800605,-0.0437848,2909.98,-86.77,-631.088,-0.00106664,0.00825298,-69.6729,6276.99,-232.374,4025.88,-0.000739589,-0.0358091,-71.4051,3531.75,311.622,999.691,0.00358131,-0.0119699,-70.1998,6115.78,328.296,3711.43,0.00325615,-0.0332494,-71.6394
5.829,236.358,-11.0633,22.1485,-0.245465,-0.352034,5.54561,0.198789,0.0290203,0.00372549,3747.16,3,0.160237,0,-0.0409394,-0.00772505,0.0362681,-0.0116189,0.00989372,-0.0687237,-0.0356926,-0.0798924,-0.044,2937.27,-92.8504,-625.271,-0.00112855,0.00808982,-69.6938,6243.65,-201.306,3955.37,-0.000528581,-0.0350692,-71.3894,3555.38,310.753,987.9,0.00354347,-0.011727,-70.213,6090.43,336.205,3682.02,0.0033291,-0.0330382,-71.6258
5.839,236.579,-11.0736,22.1494,-0.250212,-0.457692,3.4178,0.191178,0.0286333,0.00373155,3747.28,3,0.15982,0,-0.0387603,-0.00883833,0.0349179,-0.011628,0.00992908,-0.068542,-0.0358912,-0.079701,-0.0442308,2971.11,-93.3474,-749.508,-0.00111715,0.00977747,-69.7131,6217.27,-119.63,3880.05,0.000128424,-0.034219,-71.3752,3583.56,305.212,976.425,0.0034471,-0.0114852,-70.2281,6062.53,331.407,3658.79,0.00329406,-0.0329253,-71.6119
5.849,236.8,-11.0837,22.1498,-0.251248,0.475127,4.22947,0.186035,0.0282319,0.00373226,3747.34,3,0.160123,0,-0.036543,-0.00965865,0.0347393,-0.0116345,0.00995549,-0.0683861,-0.0360518,-0.0795025,-0.0444638,3011.81,-86.1276,-782.472,-0.000998198,0.0101268,-69.7307,6165.4,-245.101,3836.83,-0.00101266,-0.0339982,-71.3702,3612.05,302.257,958.009,0.00338006,-0.0111496,-70.2444,6033.49,338.557,3621.87,0.00336265,-0.0326418,-71.5957
5.859,237.022,-11.0934,22.1504,-0.250641,-0.166723,4.00094,0.182081,0.0277741,0.00372389,3747.49,3,0.159633,0,-0.0342896,-0.011171,0.0326256,-0.0116458,0.00998648,-0.068176,-0.0363627,-0.0792572,-0.0447328,3040.4,-114.214,-850.901,-0.00133941,0.0110009,-69.7556,6144.12,-91.062,3815.27,0.00029457,-0.0338337,-71.3458,3640.7,299.139,945.13,0.00331437,-0.0108943,-70.2599,6004.2,329.571,3592.68,0.003288,-0.0324625,-71.5803
5.869,237.243,-11.1028,22.1506,-0.253396,0.272173,3.69718,0.174213,0.027304,0.0037099,3748.01,3,0.159782,0,-0.0320023,-0.012014,0.0322706,-0.0116511,0.0100233,-0.0680117,-0.0366172,-0.07901,-0.0449971,3083.9,-92.7853,-933.275,-0.00103305,0.0120614,-69.7756,6098.54,-245.563,3714.06,-0.00113271,-0.0328022,-71.3304,3673.38,291.325,918.916,0.00319094,-0.0104652,-70.2787,5970.8,347.744,3550.55,0.00345561,-0.0321369,-71.5631
5.879,237.464,-11.1119,22.152,-0.252661,0.245113,3.1465,0.169846,0.026791,0.00368835,3747.72,3,0.159232,0,-0.0296835,-0.0133861,0.0308337,-0.011658,0.0100637,-0.0678026,-0.0369582,-0.0787241,-0.045291,3118.04,-123.361,-970.617,-0.00139992,0.0124535,-69.7998,6064.2,-52.8192,3695.32,0.000536395,-0.0327604,-71.319,3704.77,295.819,903.837,0.0032047,-0.0101734,-70.2953,5938.41,332.199,3515.57,0.00332152,-0.0319051,-71.5463
5.889,237.686,-11.1208,22.1514,-0.254464,-0.834545,3.83282,0.161503,0.0262488,0.00365962,3747.79,3,0.159117,0,-0.0273354,-0.0145013,0.0297636,-0.0116709,0.0101067,-0.0676081,-0.037322,-0.078422,-0.0455933,3158.05,-104.272,-1050.14,-0.00112074,0.0134751,-69.8252,6026.88,-171.488,3476.12,-0.000618808,-0.0302023,-71.2925,3739.89,284.71,877.401,0.00304824,-0.00975888,-70.3135,5903.33,342.014,3468.61,0.00341333,-0.0315304,-71.5291
5.899,237.907,-11.1294,22.1526,-0.252336,-0.105607,3.69837,0.157451,0.0256803,0.00362519,3747.92,3,0.158942,0,-0.0249603,-0.015694,0.0288345,-0.0116796,0.0101387,-0.0674082,-0.0376843,-0.0780968,-0.0459129,3200.16,-145.819,-1082.49,-0.00161878,0.0137405,-69.8468,5974.8,-38.8819,3524.39,0.000543043,-0.0311045,-71.2898,3775.08,290.088,853.911,0.00306699,-0.00936385,-70.3332,5867.75,336.051,3427.78,0.00336574,-0.0312409,-71.5088
5.909,238.128,-11.1377,22.1527,-0.252838,-0.209178,3.20422,0.149183,0.02507,0.00358261,3747.96,3,0.158924,0,-0.0225605,-0.0168501,0.0275438,-0.0116885,0.0101773,-0.0671975,-0.0381204,-0.0777416,-0.0462515,3243.02,-113.506,-1197.92,-0.00116691,0.0152863,-69.8756,5935.83,-178.659,3441.42,-0.000756294,-0.030295,-71.2544,3813.21,282.133,819.39,0.00294438,-0.00885735,-70.3529,5829.73,351.856,3374.88,0.00351078,-0.0308064,-71.4907
5.919,238.35,-11.1458,22.1541,-0.251581,0.46867,3.23854,0.143544,0.0244368,0.0035334,3748.23,3,0.158647,0,-0.0201385,-0.0180165,0.0266139,-0.0116991,0.0102221,-0.0669935,-0.0385664,-0.0773729,-0.0465973,3288.29,-138.103,-1232.03,-0.00144172,0.0155611,-69.8998,5885.4,-114.262,3362.29,-0.000233348,-0.0295982,-71.2442,3852.28,278.792,790.416,0.00286912,-0.00842188,-70.3739,5790.79,346.24,3333.4,0.00346995,-0.0305281,-71.47
5.929,238.571,-11.1536,22.1548,-0.250536,0.311198,3.10032,0.136502,0.0237666,0.0034772,3748.43,3,0.158371,0,-0.0176966,-0.0192876,0.0253783,-0.0117089,0.0102653,-0.0667731,-0.0390594,-0.0769746,-0.0469631,3331.7,-134.342,-1290.34,-0.00135552,0.0162196,-69.9288,5838.71,-114.542,3256.86,-0.000297011,-0.0285598,-71.2209,3892.98,282.078,758.982,0.00285989,-0.00795314,-70.3953,5749.93,345.62,3272.41,0.00346374,-0.0300141,-71.4497
5.939,238.793,-11.1613,22.1548,-0.249267,-0.204635,2.78335,0.129205,0.0230674,0.00341447,3748.28,3,0.158171,0,-0.0152373,-0.0204749,0.0242991,-0.0117183,0.0103137,-0.066557,-0.0395734,-0.0765553,-0.047342,3380.62,-145.731,-1366.39,-0.00145108,0.0171025,-69.9557,5787.93,-113.327,3191.26,-0.000332244,-0.0280381,-71.2001,3935.75,272.497,717.758,0.00272228,-0.0074004,-70.4179,5707.79,352.069,3218.37,0.00352788,-0.0295915,-71.4286
5.949,239.014,-11.1687,22.1564,-0.247285,-0.153174,2.99935,0.122509,0.022334,0.00334473,3748.51,3,0.157608,0,-0.0127629,-0.0217438,0.0231676,-0.0117276,0.0103565,-0.066332,-0.0401346,-0.0761108,-0.0477375,3429.5,-149.211,-1438.73,-0.0014464,0.0179283,-69.9849,5737.77,-26.4628,3095.3,0.000380411,-0.0271436,-71.1804,3979.65,267.676,680,0.00263196,-0.00689323,-70.4405,5664.48,346.496,3166.26,0.00348485,-0.0292039,-71.4065
5.959,239.235,-11.176,22.1571,-0.245601,0.0881739,2.58545,0.114877,0.0215714,0.00326889,3748.63,3,0.157462,0,-0.010276,-0.0229347,0.0222272,-0.0117362,0.0104033,-0.0661039,-0.0407156,-0.0756445,-0.0481467,3479.95,-153.428,-1505.52,-0.00144974,0.0186545,-70.0143,5683.32,-56.2959,3016.45,7.66223e-05,-0.0264888,-71.1586,4025.18,264.878,636.649,0.00255933,-0.00633064,-70.4643,5619.35,351.865,3108.5,0.00354038,-0.0287509,-71.3842
5.969,239.457,-11.1831,22.1575,-0.243075,-0.180136,2.62727,0.107711,0.0207783,0.00318662,3748.77,3,0.157225,0,-0.00777884,-0.0241785,0.0211618,-0.0117436,0.0104524,-0.0658688,-0.0413344,-0.0751554,-0.0485704,3531.51,-163.079,-1575.9,-0.00151717,0.0194206,-70.0448,5629.72,-51.3386,2943.53,7.86483e-05,-0.0258977,-71.1356,4072.1,260.236,588.939,0.00246832,-0.00573719,-70.4886,5573.07,352.663,3041.5,0.00354953,-0.0281906,-71.3614
5.979,239.678,-11.1901,22.1587,-0.240695,-0.322579,2.5085,0.100114,0.0199544,0.00309795,3748.88,3,0.156721,0,-0.00527405,-0.0254106,0.0200319,-0.0117504,0.0105009,-0.0656293,-0.0419899,-0.0746436,-0.0490104,3584.34,-158.197,-1655.02,-0.00140184,0.0203127,-70.0761,5575.84,4.33524,2839.16,0.000521045,-0.0249353,-71.1133,4120.12,257.211,543.947,0.00239112,-0.00518667,-70.513,5525.79,349.219,2980.21,0.00352457,-0.0277077,-71.3379
5.989,239.9,-11.1969,22.1593,-0.23785,0.0480693,2.34472,0.0924462,0.0191022,0.00300352,3749,3,0.156672,0,-0.00276405,-0.0266288,0.0190058,-0.0117565,0.010549,-0.0653861,-0.0426682,-0.0741103,-0.049464,3639.5,-175.719,-1731.56,-0.00155799,0.0211376,-70.1063,5518.69,-45.7265,2765.03,3.99492e-05,-0.0243539,-71.0877,4169.75,257.513,491.185,0.00233725,-0.00456147,-70.5384,5477.11,354.417,2913.23,0.00357727,-0.0271569,-71.314
5.999,240.121,-11.2036,22.1603,-0.234656,0.0874361,2.53,0.0848217,0.0182221,0.00290346,3749.11,3,0.156309,0,-0.000251327,-0.0278468,0.0180651,-0.0117647,0.0105998,-0.0651354,-0.0433714,-0.0735567,-0.0499319,3695.73,-173.929,-1850.88,-0.00146625,0.0226263,-70.1389,5459.65,-13.6089,2731.1,0.000301891,-0.0242415,-71.064,4220.51,240.664,430.881,0.00213739,-0.00390707,-70.564,5427.65,359,2852.38,0.00362904,-0.0266839,-71.2898
6.009,240.343,-11.2102,22.1615,-0.231156,0.285233,1.57443,0.0764837,0.0173228,0.00279709,3749.21,3,0.155951,0,0,-0.0282301,0.0178794,-0.0117634,0.0106496,-0.0649061,-0.044092,-0.0729874,-0.0504082,3756.11,-138.676,-1839.63,-0.00101266,0.0220451,-70.1663,5395.62,-67.2309,2694.16,-0.000194139,-0.0241199,-71.0459,4272.23,256.213,378.478,0.0021925,-0.00329995,-70.5895,5377.07,360.429,2771.53,0.00364212,-0.0259719,-71.2652
6.019,240.564,-11.2167,22.1615,-0.226691,-0.452599,2.0095,0.0688294,0.0164305,0.00268581,3749.24,3,0.155705,0,0,-0.0279031,0.0183552,-0.0117667,0.010696,-0.0646734,-0.0448285,-0.0724153,-0.0508821,3814.77,-157.071,-1839.61,-0.0012211,0.0216574,-70.1832,5336.87,-48.1094,2701.37,-7.63331e-06,-0.0244971,-71.0376,4322.23,262.103,312.182,0.00214556,-0.00260112,-70.6162,5328.14,349.597,2701.87,0.00354671,-0.0253936,-71.2402
6.029,240.786,-11.223,22.1627,-0.220677,-0.105705,1.974,0.0626656,0.0155423,0.00256962,3749.3,3,0.155403,0,0,-0.0278981,0.0186546,-0.0117657,0.0107447,-0.0643897,-0.045627,-0.0718326,-0.0513624,3850.54,-162.673,-1834.56,-0.00127952,0.021355,-70.2099,5292.12,-28.7036,2745.75,0.000194378,-0.025266,-71.0207,4368.22,260.73,241.937,0.00203227,-0.00191872,-70.6398,5283.58,352.937,2629.22,0.00357841,-0.0247462,-71.2159
6.039,241.008,-11.2293,22.1636,-0.214529,0.246524,1.9717,0.0563803,0.0146791,0.00244795,3749.26,3,0.155208,0,0,-0.0276876,0.0192331,-0.0117646,0.0107902,-0.0641167,-0.0464481,-0.0712523,-0.0518362,3881.02,-156.475,-1828.88,-0.00120414,0.0210848,-70.2344,5257.45,-60.983,2758.64,-8.63595e-05,-0.0256123,-71.0034,4409.51,250.704,166.48,0.00184926,-0.00125217,-70.6611,5244.26,349.13,2560.81,0.00354257,-0.0241268,-71.1935
6.049,241.229,-11.2355,22.1646,-0.207404,0.266484,1.46278,0.0511825,0.0138417,0.0023202,3749.21,3,0.154856,0,0,-0.0275368,0.0193635,-0.0117649,0.0108309,-0.0638604,-0.0473135,-0.0706731,-0.0523068,3903.78,-170.294,-1775.46,-0.00136982,0.020177,-70.2593,5237.51,-52.147,2739.59,-2.12633e-06,-0.0254841,-70.9817,4445.17,272.722,82.8116,0.00188758,-0.000594598,-70.6792,5211.67,340.392,2494.69,0.00345673,-0.0235047,-71.1733
6.059,241.451,-11.2415,22.1649,-0.200212,-0.306937,1.66904,0.0457389,0.0130422,0.00218887,3749.19,3,0.154547,0,0,-0.0274252,0.019805,-0.0117543,0.0108837,-0.0636236,-0.0481392,-0.0701097,-0.0527643,3925.29,-162.969,-1824.21,-0.00127203,0.0207508,-70.2853,5215.75,-70.6754,2765.66,-0.000160715,-0.0259307,-70.9657,4476.98,267.726,-12.7664,0.00180609,6.43584e-05,-70.6959,5184.74,337.827,2431.73,0.00342571,-0.0228899,-71.1556
6.069,241.672,-11.2474,22.1663,-0.191952,0.26414,1.86822,0.0418745,0.0122803,0.0020528,3749.09,3,0.154274,0,0,-0.0273223,0.0201699,-0.0117527,0.010914,-0.0634344,-0.0489551,-0.0695636,-0.0532099,3946.43,-162.276,-1828.54,-0.0012588,0.0206889,-70.3087,5191.38,-70.3334,2791.38,-0.000142755,-0.0263964,-70.9511,4505.64,261.105,-101.131,0.00181164,0.000674057,-70.7131,5163.82,329.314,2372.5,0.00333707,-0.0222972,-71.1385
6.079,241.894,-11.2532,22.1668,-0.184206,0.335702,1.4909,0.0378285,0.0115537,0.00191338,3749.1,3,0.154165,0,0,-0.0272903,0.0205466,-0.0117444,0.0109556,-0.0632769,-0.0497471,-0.0690394,-0.053639,3965.91,-163.246,-1852.5,-0.00126073,0.0209167,-70.3318,5166.47,-112.333,2815.95,-0.000531767,-0.0268571,-70.9333,4532.21,252.708,-178.026,0.00184712,0.00126331,-70.7325,5146.55,326.998,2313.65,0.0033025,-0.0216908,-71.1236
6.089,242.116,-11.2589,22.1681,-0.175964,0.0909513,1.62505,0.0346762,0.0108638,0.00177066,3749.31,3,0.153586,0,0,-0.0272068,0.0209993,-0.0117362,0.0109912,-0.0631592,-0.0505172,-0.0685378,-0.0540481,3987.23,-141.577,-1869.35,-0.00100868,0.0210356,-70.3536,5140.08,-35.4433,2828.6,0.000223344,-0.027183,-70.9242,4557.09,245.946,-242.518,0.00188336,0.00180685,-70.7529,5131.67,313.034,2262.42,0.00316244,-0.0211743,-71.1099
6.099,242.337,-11.2644,22.1688,-0.167763,0.752494,1.4719,0.0316496,0.0102057,0.0016253,3749.5,3,0.15363,0,0,-0.0270914,0.0212226,-0.0117275,0.0110235,-0.0630672,-0.0512796,-0.0680564,-0.0544359,4004.8,-155.567,-1867.75,-0.00116539,0.0209076,-70.3726,5115.08,-91.2261,2817.29,-0.000313348,-0.0271869,-70.9058,4580.23,252.668,-304.738,0.00199834,0.00234483,-70.7728,5117.19,311.03,2210.26,0.0031323,-0.0206392,-71.0985
6.109,242.559,-11.2699,22.169,-0.159908,-0.417667,1.34033,0.0285431,0.00958124,0.00147808,3749.7,3,0.153132,0,0,-0.0270548,0.0215196,-0.0117177,0.0110555,-0.0629963,-0.0520173,-0.0675965,-0.0547995,4021.38,-135.6,-1892.98,-0.00093436,0.0211713,-70.3899,5091.58,-62.4966,2799.81,-2.96983e-05,-0.0271002,-70.8912,4601.57,259.299,-364.957,0.00210311,0.00287819,-70.7915,5102.31,313.38,2163.88,0.00314518,-0.020171,-71.0886
6.119,242.781,-11.2752,22.1698,-0.151995,0.0283861,1.24853,0.0258621,0.00898843,0.00133051,3749.86,3,0.153049,0,0,-0.0271043,0.0219477,-0.0117088,0.0110818,-0.0629429,-0.0527168,-0.0671564,-0.0551406,4033.23,-141.968,-1925.23,-0.000997626,0.0215588,-70.4067,5060.2,-80.2113,2814.99,-0.000193116,-0.0274979,-70.8788,4620.35,253.256,-419.65,0.00210682,0.00339072,-70.8084,5086.07,308.09,2109.27,0.00308304,-0.0196231,-71.08
6.129,243.002,-11.2804,22.1708,-0.143983,0.0793396,1.25642,0.0237614,0.00842743,0.00118369,3750.02,3,0.152754,0,0,-0.0271025,0.0223376,-0.0116988,0.0111075,-0.0629139,-0.0533663,-0.0667364,-0.0554598,4044.29,-130.203,-1936.34,-0.000862042,0.0216524,-70.4223,5019.52,-63.6333,2802.49,-2.47598e-05,-0.0275874,-70.8675,4636.65,260.833,-471.233,0.00219826,0.00385556,-70.8241,5069.74,301.743,2063.32,0.00301717,-0.0191764,-71.0718
6.139,243.224,-11.2856,22.1718,-0.136518,-0.34612,1.15704,0.0213915,0.0078945,0.00103887,3750.23,3,0.152274,0,0,-0.0270038,0.0225043,-0.0116875,0.011131,-0.0628964,-0.0539701,-0.0663339,-0.0557611,4056.33,-111.689,-1999.34,-0.000637875,0.0224846,-70.4345,4975.67,-41.2382,2816.83,0.000208944,-0.0280675,-70.8497,4651.28,256.921,-520.918,0.00220229,0.00432718,-70.838,5053.17,299.37,2017.74,0.00298806,-0.0187329,-71.0649
6.149,243.446,-11.2906,22.1726,-0.128904,0.580009,0.931525,0.0197574,0.00739202,0.000897905,3750.28,3,0.152434,0,0,-0.0269826,0.0227817,-0.0116774,0.0111537,-0.062889,-0.0545233,-0.0659559,-0.0560434,4061.54,-143.495,-1983.11,-0.00100168,0.0222151,-70.4458,4920.16,-99.0347,2782.87,-0.000376269,-0.0279668,-70.8327,4664.15,266.791,-571.152,0.00230591,0.00478091,-70.8508,5036.58,307.036,1976.51,0.00305257,-0.01833,-71.0584
6.159,243.667,-11.2955,22.1739,-0.121807,0.757756,0.591278,0.0180246,0.00691506,0.000761684,3750.26,3,0.152061,0,0,-0.0270228,0.0229999,-0.0116664,0.011173,-0.0628849,-0.0550468,-0.065596,-0.0563131,4067.07,-128.884,-2027.97,-0.000827208,0.0228313,-70.4573,4866.47,-75.1434,2799.31,-0.000124808,-0.0285644,-70.8173,4675.97,266.639,-609.459,0.00232474,0.0051404,-70.8621,5020.57,300.932,1924.82,0.00298534,-0.017822,-71.0525
6.169,243.889,-11.3004,22.1748,-0.114976,0.6443,1.03799,0.0164351,0.00646468,0.000632389,3750.4,3,0.151761,0,0,-0.0270809,0.0233873,-0.0116553,0.0111919,-0.0628905,-0.0555396,-0.0652584,-0.0565701,4073.5,-123.77,-2023.25,-0.000768383,0.0227225,-70.4678,4812.69,-69.2015,2727.03,-7.12086e-05,-0.0279095,-70.8037,4687.19,269.201,-653.857,0.00236678,0.00555495,-70.8727,5005.94,297.831,1889.09,0.00295321,-0.017484,-71.0469
6.179,244.111,-11.3051,22.1765,-0.10875,1.52067,0.796131,0.0147473,0.00603669,0.000509886,3750.27,3,0.15152,0,0,-0.0270282,0.0235138,-0.0116473,0.0112092,-0.0629142,-0.0560431,-0.0649413,-0.0568187,4084.1,-123.258,-2081.49,-0.000750453,0.0235054,-70.4757,4772.72,-72.4115,2737.73,-9.63708e-05,-0.0283397,-70.7848,4697.74,262.131,-682.366,0.00232257,0.00583401,-70.8831,4991.9,291.569,1840.79,0.00288553,-0.0170095,-71.0428
6.189,244.332,-11.3098,22.176,-0.102137,-0.753667,1.19449,0.0135523,0.00563501,0.000398019,3750.5,3,0.150963,0,0,-0.0270352,0.0238041,-0.0116337,0.011228,-0.0629283,-0.0565057,-0.0646423,-0.0570485,4095.48,-110.395,-1992.84,-0.000625167,0.0221499,-70.4856,4735.06,-46.3614,2605.12,0.000145322,-0.026715,-70.7736,4708.63,275.561,-727.528,0.00244828,0.00623695,-70.8914,4979.73,289.505,1813.47,0.00286497,-0.0167551,-71.0374
6.199,244.554,-11.3144,22.1774,-0.0962167,0.112358,0.748889,0.0121748,0.00525512,0.000296552,3750.54,3,0.150863,0,0,-0.0269909,0.0238942,-0.0116238,0.011243,-0.0629451,-0.0569576,-0.0643619,-0.0572721,4112,-112.762,-2065.78,-0.000630251,0.0230953,-70.4937,4709.15,-63.7148,2661.03,-9.55499e-06,-0.0276819,-70.7592,4718.72,270.749,-763.977,0.00242502,0.00659002,-70.8999,4968.31,291.711,1776.84,0.00287761,-0.0163928,-71.0335
6.209,244.776,-11.3189,22.1777,-0.090337,-0.0611781,1.1912,0.011071,0.00489913,0.000207143,3750.54,3,0.150836,0,0,-0.0270581,0.0241519,-0.0116121,0.0112577,-0.0629509,-0.057367,-0.0641006,-0.0574833,4125.62,-128.672,-2050.22,-0.000809882,0.022784,-70.5016,4681.34,-100.301,2593.46,-0.000404141,-0.0269099,-70.7476,4727.77,273.227,-791.493,0.00245389,0.00684358,-70.9081,4957.96,289.493,1737.75,0.00284876,-0.0160056,-71.0299
6.219,244.998,-11.3234,22.1787,-0.085049,-0.228206,1.12573,0.00980589,0.00456485,0.000129598,3750.53,3,0.150501,0,0,-0.0270738,0.0244404,-0.011601,0.0112705,-0.0629476,-0.0577438,-0.063855,-0.0576841,4145.62,-123.846,-2127.09,-0.00073164,0.0237704,-70.5096,4662.9,-84.5398,2632.73,-0.000219862,-0.0275978,-70.7376,4736.55,273.425,-829.039,0.00247009,0.00720034,-70.9151,4948.87,290.518,1713.79,0.00285516,-0.0157753,-71.0262
6.229,245.219,-11.3278,22.1795,-0.0797867,-0.0223699,0.628985,0.00892173,0.00425187,6.46955e-05,3750.52,3,0.150389,0,0,-0.0270559,0.0246428,-0.0115947,0.0112854,-0.062935,-0.0580858,-0.0636257,-0.0578738,4162.8,-132.517,-2122.6,-0.00082753,0.0235924,-70.5179,4644.22,-96.4443,2633.21,-0.000339071,-0.0277364,-70.7291,4744.13,276.565,-859.259,0.00250652,0.00748186,-70.9216,4940.45,290.153,1682.75,0.00284489,-0.0154683,-71.0228
6.239,245.441,-11.3322,22.1814,-0.0751945,-0.725615,0.45646,0.00793039,0.0039576,1.12234e-05,3750.51,3,0.149425,0,0,-0.0269715,0.0245968,-0.0115847,0.0112974,-0.0629103,-0.0584035,-0.0634086,-0.0580523,4184.46,-66.4699,-2116.78,-9.68494e-05,0.0233687,-70.5251,4634.79,-11.5178,2572.84,0.000539396,-0.0269245,-70.72,4750.74,269.042,-885.779,0.0024532,0.0077469,-70.9277,4932.93,275.738,1657.54,0.00271015,-0.0152362,-71.0202
6.249,245.663,-11.3364,22.1814,-0.0701723,0.184241,0.724348,0.00713672,0.00368433,-2.79761e-05,3750.49,3,0.149947,0,0,-0.0270915,0.0249554,-0.0115783,0.0113075,-0.0628521,-0.0586519,-0.0632102,-0.0582209,4199.96,-129.44,-2161.15,-0.000778101,0.0239109,-70.5331,4617.45,-101.044,2597.86,-0.000389028,-0.0274121,-70.7135,4757.11,274.754,-914.426,0.0025104,0.00801094,-70.9334,4925.39,287.712,1630.12,0.00281214,-0.0149536,-71.0176
6.259,245.885,-11.3407,22.1825,-0.0656966,-0.0885724,0.384525,0.00646912,0.00342688,-5.66935e-05,3750.53,3,0.149537,0,0,-0.0269255,0.0248304,-0.0115693,0.011318,-0.0627974,-0.0588923,-0.0630221,-0.0583799,4221.54,-112.799,-2167.27,-0.000591717,0.0238599,-70.5399,4610.59,-78.7042,2590.25,-0.000153767,-0.0273494,-70.7065,4762.94,273.432,-936.49,0.00250689,0.00822274,-70.9387,4919.07,281.191,1603.54,0.00274805,-0.0146963,-71.0155
6.269,246.107,-11.3449,22.1831,-0.0613993,-0.0889968,0.779294,0.00572813,0.00318597,-7.36129e-05,3750.38,3,0.149392,0,0,-0.026796,0.0248968,-0.0115607,0.0113274,-0.0627165,-0.0590869,-0.0628474,-0.0585279,4244.26,-126.557,-2242.67,-0.000723898,0.024806,-70.5446,4606.04,-103.404,2618.87,-0.000406753,-0.027799,-70.6971,4768.04,273.372,-961.598,0.00251408,0.008464,-70.9461,4911.77,285.017,1580.97,0.00277718,-0.0144738,-71.016
6.279,246.328,-11.349,22.1836,-0.0573766,-0.029581,0.57122,0.0051448,0.00296198,-7.89632e-05,3750.49,3,0.149334,0,0,-0.0269873,0.0253162,-0.0115555,0.0113369,-0.0626074,-0.0592247,-0.0626864,-0.0586683,4258.82,-126.486,-2214.64,-0.00072526,0.0243012,-70.5549,4592.53,-100.767,2584.78,-0.000377889,-0.0273976,-70.6977,4772.61,274.91,-982.642,0.00253328,0.00866339,-70.948,4905.56,284.244,1559.35,0.00276582,-0.0142634,-71.0115
6.289,246.55,-11.3531,22.1854,-0.0536836,-0.771348,0.195108,0.00452754,0.00275001,-7.57317e-05,3750.48,3,0.148394,0,0,-0.026789,0.025107,-0.0115495,0.0113423,-0.0625064,-0.0593721,-0.0625332,-0.0588011,4284.77,-58.1593,-2255.15,3.32903e-05,0.0247142,-70.561,4596.65,-9.76901,2604.67,0.000593166,-0.0276499,-70.691,4777.17,263.93,-1001.8,0.00244659,0.00886403,-70.9523,4899.7,271.637,1538.3,0.00264825,-0.0140716,-71.0102
6.299,246.772,-11.3571,22.1856,-0.0499131,0.20867,0.497117,0.00417268,0.00255356,-6.18553e-05,3750.48,3,0.148845,0,0,-0.0268642,0.0253862,-0.0115421,0.011353,-0.0623779,-0.0594585,-0.0623938,-0.0589251,4301.79,-115.818,-2278.08,-0.000587112,0.024937,-70.569,4588.37,-82.7836,2607.58,-0.000172806,-0.0277604,-70.6907,4781.37,272.574,-1022.05,0.00252579,0.00904531,-70.9559,4894.25,279.536,1518.88,0.00271494,-0.0138732,-71.0082
6.309,246.994,-11.3611,22.1864,-0.046781,-0.264326,-0.172098,0.00349447,0.00236534,-4.15714e-05,3750.82,3,0.148444,0,0,-0.0264676,0.0249244,-0.0115334,0.0113597,-0.0622596,-0.0595669,-0.06226,-0.059043,4326.34,-120.967,-2260.43,-0.000656113,0.0245191,-70.5708,4596.87,-98.1782,2581.94,-0.000355856,-0.0273254,-70.6792,4785.32,285.244,-1041.85,0.0026398,0.00921662,-70.9608,4888.49,285.527,1499.81,0.00276455,-0.0136816,-71.0088
6.319,247.216,-11.3651,22.1856,-0.0435523,-0.151724,0.546849,0.00296191,0.00219254,-1.08233e-05,3750.49,3,0.148906,0,0,-0.026797,0.0256316,-0.0115301,0.0113674,-0.0620814,-0.0595696,-0.0621408,-0.0591526,4342.66,-174.803,-2262.13,-0.00123045,0.0244323,-70.5797,4587.33,-174.515,2535.99,-0.00116283,-0.0267234,-70.6823,4790.37,276.755,-1057.82,0.00257199,0.00938083,-70.9636,4883.73,286.002,1483.22,0.00276567,-0.0135196,-71.0067
6.329,247.437,-11.3691,22.1881,-0.0401657,0.491545,0.504992,0.00303722,0.00202771,2.28531e-05,3750.52,3,0.148217,0,0,-0.0264927,0.0252878,-0.0115242,0.0113721,-0.0619433,-0.0596252,-0.0620257,-0.0592578,4367.16,-101.98,-2326.36,-0.000423794,0.0251992,-70.5895,4594.58,-71.3028,2600.84,-5.09921e-05,-0.0276166,-70.6835,4794.4,270.151,-1072.7,0.00251927,0.00953263,-70.9661,4879.26,275.029,1467.9,0.00266431,-0.0133838,-71.0048
6.339,247.659,-11.373,22.1883,-0.0378406,-0.520527,0.010178,0.00220485,0.00187244,6.29311e-05,3750.25,3,0.147843,0,0,-0.0264632,0.0253021,-0.0115208,0.0113805,-0.0617742,-0.0596316,-0.0619182,-0.0593568,4389.63,-120.102,-2271.86,-0.000638204,0.024276,-70.593,4600.13,-94.9703,2519.27,-0.00033071,-0.0264037,-70.6785,4798.66,275.2,-1088.93,0.00256672,0.00968007,-70.97,4874.9,272.13,1454.88,0.00263662,-0.0132625,-71.0052
6.349,247.881,-11.3769,22.1883,-0.0349782,-0.007907,0.314557,0.00215091,0.00172772,0.00010785,3750.57,3,0.148099,0,0,-0.02648,0.0254654,-0.0115142,0.0113851,-0.0615968,-0.0596116,-0.0618195,-0.0594492,4405.56,-131.899,-2340.81,-0.000743345,0.0251516,-70.603,4596.56,-117.115,2572,-0.000544209,-0.0271841,-70.6823,4802.65,272.407,-1102.85,0.0025462,0.00981668,-70.9728,4870.7,277.786,1440.02,0.00268324,-0.0131115,-71.0041
6.359,248.103,-11.3807,22.1897,-0.0324694,0.259377,0.283714,0.00191763,0.00159011,0.000154522,3750.61,3,0.14773,0,0,-0.0262418,0.0253117,-0.0115076,0.0113886,-0.06143,-0.0596012,-0.0617248,-0.0595373,4427.26,-120.645,-2340.28,-0.000622311,0.0250022,-70.608,4602.62,-102.616,2558.13,-0.000393966,-0.0269421,-70.68,4806.66,268.406,-1121.06,0.00251767,0.00999817,-70.9756,4867.16,273.84,1433.31,0.00264846,-0.0130555,-71.0036
6.369,248.325,-11.3845,22.1897,-0.0299559,0.278704,0.508867,0.00179765,0.00146094,0.000203667,3750.67,3,0.147794,0,0,-0.0261681,0.0253335,-0.0115047,0.0113935,-0.0612487,-0.0595659,-0.0616361,-0.0596199,4443.55,-150.404,-2324.21,-0.000945703,0.0246679,-70.6138,4603.92,-132.562,2526.16,-0.000719629,-0.0264753,-70.6799,4810.16,273.136,-1126.05,0.00255783,0.0100345,-70.9781,4863.48,277.434,1413.87,0.00267473,-0.0128579,-71.003
6.379,248.547,-11.3883,22.1905,-0.0277533,0.262969,0.686712,0.00165239,0.00133874,0.000253838,3750.73,3,0.147511,0,0,-0.0260867,0.0252571,-0.0114996,0.0113984,-0.0610653,-0.0595207,-0.0615507,-0.0596968,4459.22,-128.331,-2337.81,-0.000707175,0.0247613,-70.6219,4605.8,-117.236,2511.01,-0.000562685,-0.0262487,-70.6818,4813.44,268.371,-1137.94,0.00251964,0.0101548,-70.9813,4860.05,273.345,1403.7,0.00263642,-0.0127656,-71.0035
6.389,248.769,-11.3921,22.1903,-0.0259804,-0.0400086,0.390351,0.00119052,0.00122411,0.000304601,3750.78,3,0.147532,0,0,-0.0260404,0.0253076,-0.0115076,0.0114088,-0.060881,-0.0594643,-0.0614732,-0.0597715,4474.99,-142.417,-2341,-0.000855636,0.0247047,-70.6268,4607.35,-138.672,2502.14,-0.000789201,-0.026112,-70.6817,4816.43,258.078,-1144.4,0.00243132,0.0102285,-70.9836,4856.77,266.546,1391.71,0.00257369,-0.0126575,-71.0034
6.399,248.99,-11.3959,22.1916,-0.0241218,0.160727,-0.112337,0.00111473,0.00111604,0.000353981,3750.84,3,0.147105,0,0,-0.0259416,0.0252946,-0.0114943,0.0114086,-0.0607108,-0.0594133,-0.0613974,-0.0598396,4488.53,-117.964,-2329.92,-0.000599362,0.0244672,-70.6347,4607.59,-108.071,2510.37,-0.000464303,-0.0262282,-70.6848,4819.35,268.602,-1157.42,0.00252588,0.0103393,-70.986,4853.82,269.938,1382.68,0.00260186,-0.012567,-71.0032
6.409,249.212,-11.3996,22.1914,-0.0224357,-0.719018,0.0633763,0.00095803,0.00101372,0.000401585,3750.94,3,0.146871,0,0,-0.0258272,0.0252094,-0.0114884,0.0114086,-0.0605447,-0.0593652,-0.0613271,-0.0599054,4505.76,-124.068,-2335.8,-0.000665107,0.0244413,-70.6381,4613.24,-116.392,2487.08,-0.000560873,-0.0258634,-70.6827,4822.14,264.259,-1165.66,0.00249004,0.0104229,-70.9885,4851.14,267.301,1373.12,0.00257637,-0.0124777,-71.0037
6.419,249.434,-11.4033,22.1924,-0.0205859,-0.223327,0.255837,0.000927031,0.000917899,0.000447978,3750.97,3,0.146694,0,0,-0.0257538,0.0252065,-0.0114866,0.0114164,-0.0603777,-0.0593049,-0.0612599,-0.0599663,4514.66,-100.395,-2403.54,-0.0003945,0.0253302,-70.6481,4610.79,-83.6767,2542.74,-0.000198323,-0.0266659,-70.6894,4824.66,264.97,-1174.66,0.00249829,0.0105077,-70.9905,4848.58,267.075,1366.21,0.00257335,-0.0124127,-71.0037
6.429,249.656,-11.4071,22.1941,-0.0188654,1.77425,0.743288,0.00097658,0.000827239,0.000490504,3750.89,3,0.146851,0,0,-0.0254622,0.0248705,-0.0114828,0.0114187,-0.0602328,-0.0592637,-0.0611958,-0.0600229,4527.59,-146.107,-2308.5,-0.000906561,0.0239319,-70.6489,4612.68,-152.516,2413.84,-0.000959414,-0.0248505,-70.6853,4826.47,260.83,-1167.01,0.00245727,0.0104324,-70.9943,4845.58,264.436,1343.79,0.00254215,-0.0121912,-71.0058
6.439,249.878,-11.4107,22.1934,-0.0178453,0.153789,0.164757,0.000558586,0.00074309,0.000531822,3751.14,3,0.146505,0,0,-0.0257549,0.0253126,-0.0114798,0.011422,-0.0600598,-0.0591808,-0.0611371,-0.0600766,4531.55,-129.755,-2373.03,-0.00071428,0.0247957,-70.6592,4606.19,-126.064,2486.05,-0.000659736,-0.0258945,-70.6925,4829.46,264.596,-1189.94,0.00249828,0.0106528,-70.9952,4844.08,268.149,1351.86,0.00258024,-0.0122738,-71.005
6.449,250.1,-11.4144,22.1937,-0.0164771,-0.253658,-0.133891,0.000567957,0.000663541,0.000567494,3751.23,3,0.146205,0,0,-0.0254742,0.025099,-0.0114764,0.0114254,-0.0599323,-0.0591445,-0.06108,-0.0601267,4541.89,-119.557,-2371.55,-0.000611482,0.024711,-70.6626,4607.79,-108.493,2498.72,-0.000474555,-0.0260624,-70.6926,4831.51,270.949,-1198.11,0.00255555,0.0107226,-70.9971,4842.29,270.183,1346.84,0.00259755,-0.0122237,-71.0054
6.459,250.322,-11.4181,22.1937,-0.0152009,0.306869,0.175073,0.000474422,0.000589346,0.000600206,3751.36,3,0.146479,0,0,-0.02549,0.0251824,-0.0114744,0.0114279,-0.059797,-0.0590932,-0.0610269,-0.0601736,4547.18,-175.502,-2375.54,-0.00119586,0.0247266,-70.6654,4604.26,-174.362,2479.39,-0.00116813,-0.0258077,-70.6917,4833.32,269.721,-1200.68,0.00254449,0.0107465,-70.9996,4840.55,271.959,1337.71,0.00261053,-0.0121312,-71.0065
6.469,250.544,-11.4217,22.1955,-0.0143295,-1.12567,-0.444422,0.000289523,0.000519952,0.00062731,3751.4,3,0.145142,0,0,-0.0254476,0.0250971,-0.0114721,0.0114307,-0.0596896,-0.0590706,-0.060976,-0.0602169,4555.31,-43.7604,-2409.05,0.000190668,0.0251432,-70.6734,4606.96,-21.1672,2517.12,0.000446902,-0.0263207,-70.6968,4835.07,254.881,-1208.34,0.00241763,0.0108404,-71.0013,4839.25,254.067,1335.08,0.0024522,-0.0121293,-71.0071
6.479,250.766,-11.4254,22.1962,-0.0130693,1.08189,0.154939,0.000375661,0.000456056,0.000651268,3751.49,3,0.145798,0,0,-0.025422,0.0251317,-0.0114708,0.0114335,-0.0595842,-0.0590345,-0.0609289,-0.0602569,4557.91,-129.42,-2392.62,-0.000711206,0.0249015,-70.6767,4600.66,-123.974,2474.4,-0.000644277,-0.025767,-70.6979,4836.44,263.445,-1211.9,0.0024925,0.0108621,-71.0033,4837.88,265.123,1328.02,0.00254812,-0.0120461,-71.008
6.489,250.988,-11.429,22.1959,-0.0121005,0.123228,0.117459,0.000299897,0.000396354,0.000670657,3751.58,3,0.145526,0,0,-0.0253473,0.025101,-0.0114662,0.0114344,-0.059495,-0.0590132,-0.0608843,-0.0602943,4562.48,-118.261,-2398.37,-0.000594339,0.0249532,-70.6812,4598.27,-111.938,2476.42,-0.000518118,-0.0258112,-70.6995,4837.67,261.426,-1216.95,0.00247619,0.0109135,-71.0055,4836.79,262.863,1323.78,0.00252727,-0.0120077,-71.0093
6.499,251.209,-11.4326,22.1967,-0.0111648,0.23876,0.0954183,0.000278214,0.000341198,0.000685479,3751.67,3,0.145296,0,0,-0.0253081,0.0251278,-0.0114646,0.0114366,-0.059416,-0.0589967,-0.0608424,-0.0603284,4564.94,-110.062,-2401.99,-0.000509348,0.024988,-70.6861,4594.25,-109.086,2480.32,-0.00048688,-0.0258923,-70.7019,4838.69,260.494,-1219.93,0.00246846,0.0109428,-71.0068,4835.73,261.525,1317.55,0.00251361,-0.0119476,-71.0097
6.509,251.431,-11.4362,22.1967,-0.0107095,-0.494691,-0.249692,-2.50443e-05,0.000289858,0.000695849,3752,3,0.145004,0,0,-0.0251215,0.0249127,-0.0114638,0.0114408,-0.0593501,-0.0589911,-0.0608017,-0.0603591,4568.1,-106.904,-2388.14,-0.00048372,0.0247772,-70.6877,4593.13,-101.471,2453.04,-0.000416839,-0.0255178,-70.7014,4839.77,260.003,-1233.1,0.00246952,0.0110749,-71.0089,4835.09,260.817,1323.65,0.00251114,-0.0120131,-71.0111
6.519,251.653,-11.4398,22.1975,-0.00948975,-0.730374,0.214728,0.000272293,0.000242871,0.000701897,3752.79,3,0.144597,0,0,-0.0251212,0.0248799,-0.011461,0.0114405,-0.0592941,-0.0589924,-0.0607657,-0.0603884,4564.75,-74.2387,-2299.53,-0.000174564,0.0235945,-70.6918,4584.5,-61.9212,2353.67,-4.17681e-05,-0.0242059,-70.7039,4839.95,254.268,-1238.52,0.00242127,0.0111372,-71.012,4833.83,254.174,1322.1,0.00245257,-0.0120083,-71.0136
6.529,251.875,-11.4434,22.1979,-0.00893863,0.0959061,0.0741104,9.52141e-05,0.000200485,0.00070531,3751.96,3,0.144791,0,0,-0.0253263,0.0252174,-0.0114584,0.0114413,-0.059234,-0.0589754,-0.0607334,-0.0604154,4561.3,-107.59,-2393.32,-0.000486711,0.024891,-70.6977,4574.72,-103.502,2449.34,-0.000436748,-0.0255846,-70.7083,4841.06,258.872,-1231.93,0.00245752,0.0110616,-71.0121,4833.62,259.948,1308.15,0.00249775,-0.0118578,-71.013
6.539,252.097,-11.447,22.1991,-0.00842155,1.12906,-0.145035,-2.62341e-05,0.000160329,0.000702899,3752.05,3,0.144735,0,0,-0.025042,0.0249501,-0.0114566,0.0114423,-0.0592194,-0.0590106,-0.060701,-0.0604399,4564,-122.081,-2410.52,-0.00064287,0.0251111,-70.6963,4574.87,-107.608,2466.5,-0.000482521,-0.0258242,-70.7044,4841.43,250.87,-1227.66,0.00238528,0.0110279,-71.0151,4833.03,251.051,1298.32,0.00241532,-0.0117689,-71.0155
6.549,252.319,-11.4506,22.1971,-0.0075839,-1.23098,0.122722,6.08334e-05,0.000124369,0.000697944,3752.19,3,0.144619,0,0,-0.0250898,0.0249769,-0.011455,0.0114434,-0.0591923,-0.0590298,-0.0606728,-0.060462,4564.41,-149.432,-2370.49,-0.000934004,0.0245541,-70.6948,4572.68,-144.291,2411.33,-0.000878891,-0.0250654,-70.7015,4842.02,262.11,-1238.2,0.00248743,0.0111191,-71.0161,4832.59,263.166,1303,0.00252475,-0.011803,-71.0161
6.559,252.541,-11.4542,22.1992,-0.00701862,-0.0563591,0.0224286,7.37071e-05,9.16104e-05,0.000691191,3752.23,3,0.144254,0,0,-0.0252497,0.0251561,-0.0114536,0.0114448,-0.0591649,-0.0590407,-0.0606463,-0.060482,4556.31,-102.885,-2403.62,-0.000437621,0.0250649,-70.706,4560.84,-96.5387,2450.41,-0.000363883,-0.0256895,-70.7116,4842.38,258.25,-1241.12,0.00245464,0.011153,-71.017,4832.2,258.157,1300.43,0.00247993,-0.0117838,-71.0166
6.569,252.763,-11.4577,22.1992,-0.00660337,-0.0693669,0.0184879,-7.80387e-05,6.17516e-05,0.000680514,3752.32,3,0.144272,0,0,-0.0252146,0.0251513,-0.0114525,0.011446,-0.0591683,-0.0590771,-0.0606216,-0.0604996,4556.93,-151.819,-2371.07,-0.000959027,0.0246078,-70.7023,4557.68,-158.59,2407.46,-0.00102813,-0.0251048,-70.706,4842.47,271.326,-1241.9,0.00256867,0.0111434,-71.0188,4831.56,271.535,1295.58,0.00259615,-0.0117183,-71.0181
6.579,252.985,-11.4613,22.2009,-0.0062397,0.472705,-0.235848,-0.00011586,3.46509e-05,0.00066723,3752.39,3,0.143776,0,0,-0.0251979,0.0251837,-0.0114517,0.0114468,-0.0591834,-0.059119,-0.0605983,-0.0605153,4556.2,-93.3835,-2397.73,-0.000340807,0.0249838,-70.7084,4553.01,-87.41,2442.23,-0.000269605,-0.0256253,-70.712,4842.51,255.628,-1244.83,0.00243278,0.0111939,-71.02,4831.21,255.277,1294.83,0.00245291,-0.0117321,-71.0189
6.589,253.207,-11.4649,22.2003,-0.00557154,-0.201376,-0.0105428,-4.64349e-05,9.43941e-06,0.000652863,3752.34,3,0.143797,0,0,-0.0249507,0.0249882,-0.0114514,0.0114496,-0.0591957,-0.0591666,-0.0605783,-0.0605311,4554.86,-121.403,-2385.63,-0.000644153,0.0248238,-70.7069,4550.43,-122.552,2425.87,-0.000650813,-0.0254113,-70.7086,4842.33,260.11,-1241.19,0.00247029,0.0111515,-71.0217,4830.45,259.953,1286.62,0.00249106,-0.0116436,-71.0204
6.599,253.429,-11.4684,22.2006,-0.00527313,-0.22447,-0.526809,-0.000163352,-1.22089e-05,0.000636968,3752.55,3,0.14368,0,0,-0.0251994,0.0252137,-0.0114492,0.0114483,-0.0592028,-0.0591989,-0.0605612,-0.0605447,4549.86,-131.075,-2368.43,-0.000745923,0.0246174,-70.7103,4543.4,-136.241,2428.53,-0.00079154,-0.0254931,-70.7114,4842.46,257.458,-1243.69,0.00244793,0.01118,-71.0232,4830.12,256.228,1285.08,0.002458,-0.0116333,-71.0216
6.609,253.651,-11.472,22.2019,-0.00475466,-0.0820784,-0.0134303,-5.53371e-05,-3.27361e-05,0.000619389,3752.59,3,0.143251,0,0,-0.0252143,0.0251811,-0.011448,0.0114489,-0.0592253,-0.0592487,-0.0605444,-0.0605576,4545.77,-87.8175,-2403.95,-0.000282961,0.0251359,-70.7136,4537.89,-82.709,2433.24,-0.00022487,-0.0255968,-70.7136,4842.91,250.587,-1258.46,0.00239406,0.0113383,-71.0241,4830.3,250.876,1296.7,0.00241601,-0.0117589,-71.0224
6.619,253.873,-11.4755,22.2019,-0.00416491,-0.426346,-0.029345,6.98012e-05,-5.07318e-05,0.00060108,3752.67,3,0.14312,0,0,-0.0251667,0.0252107,-0.0114446,0.011447,-0.0592518,-0.0592951,-0.06053,-0.0605689,4543.51,-110.4,-2308.83,-0.000545313,0.0238442,-70.7118,4533.14,-110.906,2355.46,-0.000542767,-0.0245431,-70.7113,4842.65,256.589,-1254.78,0.00244486,0.0112938,-71.0259,4829.72,255.525,1289.41,0.00245422,-0.0116796,-71.0239
6.629,254.095,-11.4791,22.2026,-0.00398711,0.223994,-0.0311156,1.6739e-06,-6.74876e-05,0.000582372,3752.75,3,0.143131,0,0,-0.0252393,0.0252888,-0.0114465,0.0114504,-0.0592824,-0.0593434,-0.0605169,-0.06058,4540.87,-114.239,-2376.18,-0.000568353,0.0247811,-70.7164,4528.42,-108.035,2408.58,-0.000497069,-0.0253115,-70.7152,4842.28,242.257,-1247.89,0.00231597,0.0112425,-71.027,4829.19,241.933,1280.74,0.00233052,-0.0116086,-71.0249
6.639,254.317,-11.4826,22.2033,-0.00368276,-1.09593,0.0794533,-6.44e-05,-8.28655e-05,0.000563187,3752.76,3,0.142315,0,0,-0.025231,0.0252462,-0.0114462,0.011451,-0.0593187,-0.0594004,-0.060505,-0.0605896,4540.15,-41.4397,-2426,0.000210937,0.0254767,-70.7159,4526.84,-50.1731,2441.91,0.000124478,-0.0257894,-70.7136,4842.21,250.257,-1250.75,0.00238738,0.0112618,-71.0275,4828.64,250.254,1280.21,0.00240409,-0.0115942,-71.0253
6.649,254.539,-11.4861,22.2043,-0.00337965,0.911797,0.114401,-1.8158e-05,-9.65263e-05,0.000545224,3752.84,3,0.142787,0,0,-0.0252928,0.0253154,-0.0114452,0.0114511,-0.0593461,-0.059443,-0.0604955,-0.0605996,4534.65,-113.429,-2394.01,-0.00055402,0.0250679,-70.7191,4519.51,-112.832,2413.21,-0.00054576,-0.025434,-70.7169,4842.61,253.927,-1255.92,0.00242181,0.0113089,-71.0293,4828.68,254.123,1282.42,0.00243974,-0.0116119,-71.0269
6.659,254.761,-11.4897,22.2039,-0.00334336,0.140202,-0.205103,-0.000219612,-0.00010935,0.000527048,3752.9,3,0.142654,0,0,-0.0252254,0.0252093,-0.0114433,0.0114507,-0.0593863,-0.0594988,-0.0604865,-0.0606087,4534.18,-120.344,-2374.71,-0.00063224,0.0248023,-70.7174,4518.3,-123.739,2394,-0.000667191,-0.0251711,-70.7141,4842.48,256.344,-1256.92,0.00244331,0.0113164,-71.0318,4828.26,255.979,1281,0.00245571,-0.0115961,-71.0293
6.669,254.983,-11.4932,22.2038,-0.00277306,-0.267129,0.337114,-9.57992e-06,-0.000120744,0.000510032,3752.99,3,0.142571,0,0,-0.0252966,0.0253885,-0.0114443,0.0114523,-0.0594165,-0.0595393,-0.0604792,-0.0606173,4533.08,-137.207,-2405.65,-0.000802018,0.0252387,-70.7174,4514.41,-133.539,2414.38,-0.000764852,-0.0254826,-70.7143,4842.44,256.213,-1257.86,0.00244255,0.0113262,-71.0324,4827.84,256.879,1279.7,0.00246342,-0.0115825,-71.0295
6.679,255.205,-11.4967,22.2049,-0.00273954,-0.262231,-0.0653532,-0.000162656,-0.000131742,0.000493933,3752.99,3,0.142148,0,0,-0.0252686,0.0253639,-0.0114446,0.0114535,-0.0594486,-0.0595852,-0.0604727,-0.060626,4531.52,-94.8189,-2433.86,-0.000346351,0.0256475,-70.7213,4512.69,-95.8923,2453.52,-0.000352554,-0.026052,-70.7172,4842.45,252.022,-1258.8,0.00240606,0.0113411,-71.0328,4827.49,251.944,1278.53,0.00241956,-0.0115775,-71.0299
6.689,255.427,-11.5003,22.2052,-0.0026947,-0.42013,-0.232827,-0.00028266,-0.000141704,0.000478319,3753.15,3,0.141973,0,0,-0.0249439,0.0249773,-0.0114408,0.0114502,-0.0594881,-0.0596363,-0.0604637,-0.0606304,4533.98,-100.135,-2477.5,-0.000399159,0.0262516,-70.7185,4515.36,-97.2862,2492.59,-0.000364887,-0.0265961,-70.7139,4842.31,251.404,-1258.75,0.00240051,0.0113417,-71.0335,4826.86,253.357,1276.63,0.00243144,-0.0115577,-71.0306
6.699,255.649,-11.5038,22.205,-0.00222582,-0.240443,0.325148,-0.00012974,-0.000150372,0.000465935,3753.09,3,0.142217,0,0,-0.0253372,0.0253698,-0.0114433,0.0114534,-0.0594994,-0.0596592,-0.0604626,-0.060641,4523.92,-156.105,-2310.9,-0.00102129,0.0239847,-70.719,4503.02,-166.151,2307,-0.00113243,-0.0240556,-70.7137,4842.5,254.701,-1258.95,0.00242975,0.0113391,-71.0358,4826.66,256.681,1274.8,0.00246065,-0.0115351,-71.0328
6.709,255.871,-11.5073,22.2067,-0.00207616,-0.0931851,0.0455347,-0.000105526,-0.000158632,0.000453999,3753.14,3,0.141587,0,0,-0.0253898,0.0254742,-0.0114434,0.011454,-0.0595279,-0.059696,-0.0604592,-0.0606494,4524.15,-79.6426,-2421.25,-0.000186343,0.0255172,-70.7264,4502.01,-74.7945,2434.56,-0.000130572,-0.0258518,-70.7218,4842.36,248.81,-1261.02,0.00237869,0.011368,-71.0365,4826.35,248.764,1275.42,0.00239106,-0.0115522,-71.0331
6.719,256.093,-11.5109,22.2077,-0.00199437,0.10443,0.169416,-0.000217172,-0.000166619,0.000442966,3753.13,3,0.14129,0,0,-0.025126,0.0252546,-0.0114432,0.0114545,-0.0595741,-0.0597522,-0.060456,-0.0606573,4531.02,-75.362,-2431.63,-0.000143619,0.0256184,-70.723,4508.48,-84.9838,2434.02,-0.000243577,-0.0258012,-70.7169,4842.43,245.956,-1260.31,0.00235335,0.0113642,-71.0374,4826.17,247.399,1273.09,0.00237823,-0.0115304,-71.034
6.729,256.315,-11.5144,22.207,-0.00178191,0.646384,-0.0398784,-0.000149692,-0.000173602,0.000436185,3753.23,3,0.141821,0,0,-0.025603,0.0257059,-0.011443,0.0114548,-0.059569,-0.0597561,-0.0604552,-0.060666,4522.65,-150.603,-2394.33,-0.000941762,0.0251461,-70.7276,4499.5,-152.609,2409.37,-0.000963919,-0.0255077,-70.7219,4842.36,253.94,-1257.23,0.00242195,0.0113229,-71.0388,4825.77,254.069,1268.28,0.00243514,-0.0114737,-71.0353
6.739,256.537,-11.5179,22.2077,-0.00158375,0.178478,0.261995,-0.000130201,-0.000180312,0.000428487,3753.31,3,0.141418,0,0,-0.0252414,0.0252993,-0.0114428,0.0114548,-0.0596145,-0.0598091,-0.0604531,-0.0606729,4529.67,-113.745,-2369.99,-0.000560425,0.0247654,-70.7254,4505.52,-126.172,2365.36,-0.000695566,-0.0248521,-70.7191,4842.48,249.458,-1261.32,0.00238454,0.01137,-71.0395,4825.58,250.762,1271.3,0.00240772,-0.0115093,-71.036
6.749,256.759,-11.5214,22.2059,-0.00175724,1.21659,-0.178078,-0.000284469,-0.000186807,0.000425678,3753.3,3,0.142619,0,0,-0.0257325,0.0257998,-0.0114435,0.0114561,-0.0595987,-0.0598028,-0.0604524,-0.0606811,4523.4,-284.781,-2381.34,-0.00234446,0.024923,-70.7199,4499.55,-299.158,2386.75,-0.00250419,-0.0251456,-70.7125,4842.12,270.692,-1265.37,0.00257173,0.0113847,-71.0413,4824.94,271.979,1274.23,0.00259531,-0.0115135,-71.0378
6.759,256.981,-11.5249,22.2092,-0.00114596,-0.138656,0.268142,2.8019e-05,-0.000191723,0.000420929,3753.36,3,0.140712,0,0,-0.0252515,0.0253893,-0.0114439,0.0114565,-0.0596455,-0.0598511,-0.0604517,-0.0606871,4535.45,-68.8499,-2443.36,-6.65201e-05,0.0257552,-70.7293,4509.37,-64.1375,2451.04,-1.1754e-05,-0.0260375,-70.7236,4842.12,244.569,-1262.6,0.00234189,0.0113899,-71.0419,4824.71,244.56,1270.47,0.00235286,-0.0115105,-71.0382
6.769,257.204,-11.5285,22.2095,-0.0013793,-0.442349,-0.412393,-0.000175385,-0.000197104,0.000418715,3753.63,3,0.140496,0,0,-0.0249254,0.0250927,-0.0114424,0.0114556,-0.0596672,-0.0598804,-0.0604508,-0.0606936,4540.13,-79.3591,-2346.29,-0.000214907,0.0243741,-70.7241,4514.17,-90.9754,2376.34,-0.000324054,-0.0249511,-70.7175,4842.17,252.204,-1275.54,0.00241451,0.0115125,-71.0429,4824.63,248.978,1282.19,0.00239707,-0.0116255,-71.0392
6.779,257.426,-11.532,22.2089,-0.00116367,0.286513,0.021989,-0.000150834,-0.000202256,0.000421613,3753.43,3,0.141056,0,0,-0.0256503,0.0257209,-0.0114431,0.0114569,-0.0596184,-0.0598405,-0.0604538,-0.0607038,4525.74,-136.767,-2401.97,-0.000792795,0.0252351,-70.7359,4500.33,-137.703,2403.64,-0.000805877,-0.0254228,-70.7286,4842.06,252.021,-1263.64,0.00240787,0.0113913,-71.0434,4824.31,252.377,1269.55,0.00242177,-0.0114922,-71.0398
6.789,257.648,-11.5355,22.2101,-0.00119339,0.509939,-0.144188,-0.000221965,-0.000206531,0.000421972,3753.52,3,0.140711,0,0,-0.0251597,0.0252067,-0.0114399,0.0114543,-0.0596462,-0.0598711,-0.060455,-0.0607106,4531.96,-89.6687,-2353.31,-0.000317764,0.0245211,-70.7316,4505.65,-98.3698,2358.29,-0.000407642,-0.0247537,-70.725,4841.11,233.14,-1247.08,0.00223528,0.0112482,-71.0457,4823.1,233.3,1252.31,0.00224664,-0.011342,-71.0419
6.799,257.87,-11.539,22.2123,-0.00094375,4.25933,0.36873,-9.56597e-05,-0.000211337,0.000423618,3753.54,3,0.141381,0,0,-0.0251195,0.0252359,-0.0114406,0.0114562,-0.0596574,-0.0598851,-0.0604553,-0.0607173,4537.83,-216.946,-2331.05,-0.0016495,0.0241613,-70.7217,4509.71,-230.383,2320.84,-0.00179766,-0.024188,-70.7134,4841.71,247.09,-1257.84,0.00236161,0.0113391,-71.0465,4823.4,251.996,1262.28,0.00241513,-0.0114202,-71.0429
6.809,258.092,-11.5425,22.2109,-0.000917392,0.239363,0.0037022,-0.000131869,-0.000215623,0.00043072,3753.54,3,0.140292,0,0,-0.0256613,0.0257926,-0.0114436,0.0114584,-0.059611,-0.0598425,-0.0604589,-0.0607265,4528.66,-72.7829,-2453.7,-9.69329e-05,0.0259474,-70.7446,4499.81,-70.0391,2458.8,-6.32663e-05,-0.0262143,-70.7374,4842.09,245.49,-1263.38,0.00235064,0.0113968,-71.0459,4823.58,245.374,1267.28,0.0023598,-0.0114794,-71.042
6.819,258.314,-11.5461,22.2142,-0.00047734,3.43415,0.415289,0.000135876,-0.000219298,0.000433284,3753.43,3,0.140299,0,0,-0.024579,0.0247673,-0.0114395,0.0114551,-0.0596626,-0.0598966,-0.0604597,-0.0607314,4547.04,-115.445,-2379.09,-0.000592987,0.0247816,-70.7318,4515.89,-117.007,2392.59,-0.000608499,-0.0251663,-70.724,4840.32,243.106,-1250.89,0.00232281,0.0112764,-71.0479,4821.27,243.606,1253.13,0.00233694,-0.011342,-71.044
6.829,258.536,-11.5496,22.211,-0.000883718,0.179201,-0.00350366,-0.000184479,-0.000222766,0.000443253,3753.63,3,0.14031,0,0,-0.0257296,0.0258244,-0.0114437,0.0114592,-0.0595896,-0.0598321,-0.0604642,-0.0607409,4532.34,-146.29,-2384.52,-0.000895306,0.0249485,-70.7417,4503.74,-141.487,2380.89,-0.000848595,-0.0250801,-70.7341,4842.26,249.519,-1266.11,0.00238671,0.0114193,-71.0481,4823.18,249.879,1268.7,0.00240017,-0.0114893,-71.0441
6.839,258.758,-11.5531,22.2133,-0.000551804,1.24524,0.442504,-1.31437e-05,-0.000225724,0.000448948,3753.66,3,0.139768,0,0,-0.0251912,0.0252889,-0.0114493,0.0114634,-0.0596146,-0.0598602,-0.0604661,-0.0607472,4545.68,-79.7053,-2498.76,-0.000167968,0.0264774,-70.7387,4515.93,-76.3422,2483.34,-0.000136586,-0.0264582,-70.7313,4841.87,241.161,-1260.99,0.00231111,0.0113783,-71.0491,4822.82,242.063,1263.1,0.00232884,-0.0114424,-71.045
6.849,258.98,-11.5566,22.2117,-0.000665522,-0.164939,0.0617826,-0.000145374,-0.00022897,0.000458129,3753.7,3,0.139904,0,0,-0.0253899,0.0255428,-0.0114441,0.01146,-0.0595923,-0.0598401,-0.0604694,-0.0607554,4545.5,-134.801,-2400.45,-0.000771926,0.0250876,-70.7395,4515.49,-138.364,2400.52,-0.000811801,-0.0252802,-70.7314,4842.1,249.793,-1273.56,0.00239245,0.0114954,-71.0499,4823.08,250.194,1274.91,0.00240578,-0.0115528,-71.0459
6.859,259.202,-11.5601,22.213,-0.000465067,0.76452,0.207787,-2.19343e-05,-0.000231585,0.000467008,3753.74,3,0.139762,0,0,-0.0253333,0.0254925,-0.0114436,0.0114595,-0.0595815,-0.0598337,-0.060473,-0.0607627,4546.48,-114.734,-2411.15,-0.000559448,0.0252317,-70.7439,4516.26,-112.684,2414.42,-0.000537449,-0.0254726,-70.7359,4841.9,245.075,-1265.62,0.00234753,0.0114206,-71.0503,4822.79,245.368,1266.73,0.0023597,-0.0114756,-71.0463
6.869,259.424,-11.5636,22.2121,-0.000353018,-0.0447929,0.396672,2.60036e-05,-0.000233882,0.000476431,3753.8,3,0.13983,0,0,-0.0254039,0.0255141,-0.0114447,0.0114607,-0.0595639,-0.0598195,-0.0604767,-0.0607696,4548.86,-146.922,-2399.25,-0.000898896,0.0250485,-70.7415,4518.34,-156.633,2391.89,-0.0010071,-0.0251386,-70.7333,4841.86,246.634,-1264.6,0.00236097,0.0114084,-71.0514,4822.66,248.462,1265.25,0.00238663,-0.0114568,-71.0475
6.879,259.646,-11.5672,22.2132,-0.000607804,0.175397,-0.00207265,-0.000170497,-0.000235872,0.000486084,3753.82,3,0.139466,0,0,-0.0253855,0.0254802,-0.0114445,0.0114609,-0.0595481,-0.0598048,-0.060481,-0.0607762,4551.05,-112.972,-2428.93,-0.0005353,0.0254513,-70.7452,4520.6,-114.742,2424.56,-0.000556633,-0.0255875,-70.7371,4841.87,244.099,-1266.57,0.0023393,0.0114315,-71.052,4822.46,244.527,1266.97,0.00235264,-0.0114798,-71.0479
6.889,259.869,-11.5707,22.2141,-0.000690731,0.818349,0.182007,-0.000268033,-0.000238054,0.000495365,3753.82,3,0.139354,0,0,-0.0253109,0.025438,-0.0114448,0.0114616,-0.0595373,-0.0597953,-0.0604844,-0.0607833,4555.1,-123.259,-2502.59,-0.000626713,0.0264683,-70.7448,4524.05,-120.333,2481.69,-0.000602968,-0.0263792,-70.7367,4841.71,242.547,-1266.21,0.00232568,0.0114302,-71.0529,4822.47,244.094,1266.9,0.00234886,-0.0114796,-71.0489
6.899,260.091,-11.5742,22.2142,-0.000473743,0.15852,0.0272708,-0.00013405,-0.000239719,0.000505473,3753.9,3,0.139071,0,0,-0.0253614,0.0255282,-0.0114451,0.0114617,-0.0595099,-0.0597702,-0.0604888,-0.0607903,4553.62,-92.4237,-2450.27,-0.000312703,0.0257348,-70.7501,4522.38,-95.9145,2452.27,-0.000347506,-0.0259695,-70.7416,4841.6,240.129,-1265.27,0.00230425,0.0114238,-71.0535,4822.43,240.329,1265.14,0.00231509,-0.0114663,-71.0495
6.909,260.313,-11.5777,22.2135,-0.000366833,-0.124483,-0.469701,-8.25746e-05,-0.000241105,0.000514364,3753.98,3,0.13925,0,0,-0.0252592,0.0253761,-0.0114457,0.0114622,-0.0594973,-0.0597609,-0.0604931,-0.0607968,4557.36,-142.148,-2452.24,-0.000839618,0.0257358,-70.7452,4527.03,-140.193,2485.43,-0.000815468,-0.0264114,-70.7369,4841.43,247.8,-1264.6,0.00237115,0.0114079,-71.0548,4822.31,244.587,1264.05,0.00235196,-0.0114502,-71.0507
6.919,260.535,-11.5812,22.2145,-0.000543586,-0.280127,-0.182224,-0.00021909,-0.00024265,0.000523901,3754,3,0.138783,0,0,-0.0253662,0.0254554,-0.0114454,0.0114623,-0.0594709,-0.0597374,-0.0604977,-0.0608038,4554.69,-91.6061,-2434.04,-0.000309676,0.0254996,-70.7519,4524.35,-89.5583,2434.9,-0.000287874,-0.0257093,-70.7432,4841.39,239.174,-1266.28,0.00229585,0.0114357,-71.0551,4822.29,238.853,1265.75,0.00230185,-0.0114746,-71.0512
6.929,260.757,-11.5847,22.2145,-0.0004856,-0.254992,-0.123001,-0.000198488,-0.000243534,0.000532404,3754.11,3,0.138827,0,0,-0.0252737,0.0254056,-0.0114457,0.0114628,-0.05946,-0.059725,-0.0605023,-0.0608098,4556.33,-120.028,-2370.42,-0.000627251,0.0246059,-70.7491,4524.79,-122.306,2373.6,-0.000652781,-0.0248458,-70.7408,4841.26,242.632,-1266.26,0.00232636,0.0114316,-71.0566,4822.18,243.347,1264.9,0.00234133,-0.0114607,-71.0525
6.939,260.979,-11.5883,22.2149,-0.000501187,0.0104915,-0.36832,-0.000196863,-0.000244413,0.000540892,3754.09,3,0.138786,0,0,-0.0253006,0.025468,-0.0114462,0.0114633,-0.0594421,-0.059707,-0.0605075,-0.0608161,4556.29,-126.758,-2383.83,-0.000693024,0.0247903,-70.7524,4524.66,-123.464,2401.71,-0.000655558,-0.025239,-70.7443,4841.44,243.826,-1266.18,0.00233721,0.0114289,-71.0568,4822.25,242.315,1265.47,0.00233254,-0.0114677,-71.0527
6.949,261.201,-11.5918,22.2159,-0.000379474,0.333904,-0.0815213,-0.000134332,-0.00024532,0.000548576,3754.13,3,0.138492,0,0,-0.0252294,0.0253801,-0.0114463,0.0114633,-0.0594295,-0.0596979,-0.0605123,-0.0608225,4557.98,-104.362,-2422.57,-0.000449744,0.025318,-70.7549,4526.17,-104.194,2428.25,-0.000447313,-0.0256034,-70.7462,4841.18,232.751,-1262.98,0.00223799,0.0114103,-71.0597,4822.12,232.252,1261.41,0.00224185,-0.0114386,-71.0557
6.959,261.423,-11.5953,22.2158,-0.000348254,0.138685,0.0164951,-0.000109316,-0.000245761,0.000556046,3754.24,3,0.138471,0,0,-0.0252828,0.0253892,-0.0114464,0.0114634,-0.0594123,-0.0596822,-0.0605173,-0.0608285,4557.51,-114.437,-2422.6,-0.000554555,0.0253211,-70.756,4526.61,-112.532,2419.92,-0.000535933,-0.0254827,-70.7478,4841.22,241.845,-1268.98,0.00232071,0.0114605,-71.0584,4822.32,241.937,1268.03,0.00233037,-0.0114941,-71.0544
6.969,261.646,-11.5988,22.2156,-0.000406629,0.205779,-0.0171436,-0.000182222,-0.000245797,0.000563622,3754.22,3,0.138583,0,0,-0.0254791,0.0256014,-0.0114466,0.0114638,-0.059389,-0.0596574,-0.0605232,-0.0608347,4554.74,-140.898,-2415.27,-0.000831319,0.0252351,-70.7572,4523.2,-143.136,2410.32,-0.000859182,-0.0253678,-70.7489,4841.24,243.52,-1265.97,0.00233458,0.0114275,-71.0592,4822.42,243.768,1264.77,0.00234547,-0.0114583,-71.0552
6.979,261.868,-11.6023,22.2166,-0.000717664,0.34529,-0.66216,-0.000372502,-0.000246242,0.000568909,3754.23,3,0.138261,0,0,-0.0251069,0.0252253,-0.0114455,0.0114635,-0.0593958,-0.0596684,-0.0605273,-0.06084,4558.93,-116.48,-2397.5,-0.000584879,0.024963,-70.7573,4529.25,-107.397,2411.34,-0.000485815,-0.0253449,-70.7488,4840.98,241.265,-1266.81,0.00231488,0.0114396,-71.0595,4822.36,239.223,1265.7,0.00230538,-0.0114735,-71.0555
6.989,262.09,-11.6058,22.2164,-0.000265732,0.0262656,0.0108939,-0.000107309,-0.000246412,0.000575094,3754.39,3,0.138227,0,0,-0.0253387,0.0255084,-0.0114477,0.0114648,-0.0593753,-0.0596458,-0.0605337,-0.0608465,4557.43,-138.275,-2395.73,-0.000810466,0.0249466,-70.759,4526.27,-136.619,2398.99,-0.000794826,-0.0251896,-70.7505,4841.09,241.203,-1275.1,0.00231766,0.011524,-71.0606,4822.43,241.226,1273.52,0.00232626,-0.0115511,-71.0566
6.999,262.312,-11.6094,22.2176,-0.000448017,0.31598,-0.481798,-0.00022891,-0.000246445,0.000579508,3754.33,3,0.13781,0,0,-0.0252053,0.025332,-0.0114473,0.0114646,-0.0593754,-0.0596484,-0.060539,-0.0608522,4559.86,-83.4564,-2456.31,-0.000220643,0.0257788,-70.761,4530.07,-83.2972,2472.27,-0.000211805,-0.0262034,-70.7524,4841.05,237.319,-1267.25,0.00228033,0.0114486,-71.0612,4822.45,235.349,1265.44,0.00227103,-0.0114753,-71.0573
7.009,262.534,-11.6129,22.2182,-0.000358416,0.108232,-0.26184,-0.000157449,-0.000246313,0.000583622,3754.34,3,0.137516,0,0,-0.0250917,0.0251624,-0.0114463,0.0114633,-0.0593709,-0.059643,-0.0605452,-0.0608584,4559.1,-67.217,-2347.52,-8.97238e-05,0.0242753,-70.7612,4528.68,-61.7647,2353.16,-2.9395e-05,-0.0245378,-70.7533,4839.98,220.211,-1245.65,0.00212053,0.0112515,-71.063,4821.49,218.708,1244.29,0.00211487,-0.0112811,-71.0591
7.019,262.756,-11.6164,22.2175,-0.000398834,0.263635,-0.0388606,-0.0002345,-0.000245984,0.000588776,3754.41,3,0.137871,0,0,-0.025422,0.0255621,-0.0114488,0.0114663,-0.0593468,-0.059614,-0.0605508,-0.0608637,4554.16,-116.274,-2420.78,-0.000571854,0.0253173,-70.7649,4522.3,-119.921,2414.4,-0.000613379,-0.025433,-70.7564,4840.74,235.835,-1266.04,0.00226662,0.0114388,-71.0627,4822.29,236.816,1264.35,0.00228342,-0.0114627,-71.0588
7.029,262.978,-11.6199,22.218,-0.000321478,-0.163057,-0.0722791,-0.000155638,-0.000245919,0.000590874,3754.44,3,0.13749,0,0,-0.0251764,0.0253257,-0.0114485,0.0114659,-0.0593631,-0.0596305,-0.0605555,-0.0608685,4560.99,-97.6731,-2406.76,-0.000383533,0.0250788,-70.7614,4529.13,-98.4342,2408.24,-0.00038997,-0.0253023,-70.7531,4840.59,232.023,-1270.74,0.00223474,0.0114916,-71.0635,4822.25,232.428,1269.21,0.00224634,-0.0115179,-71.0596
7.039,263.201,-11.6234,22.2178,-0.000158311,-0.380404,0.255528,-6.78491e-05,-0.000245856,0.000594056,3754.51,3,0.137475,0,0,-0.0252844,0.025415,-0.0114487,0.0114654,-0.0593521,-0.0596224,-0.0605608,-0.0608737,4557.44,-109.174,-2412.53,-0.000501988,0.0251814,-70.7658,4526.7,-108.07,2400.58,-0.000493757,-0.0252106,-70.7571,4840.45,235.575,-1266.39,0.00226466,0.0114434,-71.0638,4822.09,236.869,1264.92,0.0022842,-0.011469,-71.06
7.049,263.423,-11.6269,22.2184,-0.000130777,0.46183,-0.12344,-5.81358e-05,-0.000245435,0.000596284,3754.54,3,0.137581,0,0,-0.0252332,0.0253407,-0.0114513,0.0114679,-0.0593531,-0.0596254,-0.0605671,-0.0608795,4558.67,-135.165,-2440.05,-0.00076959,0.0255564,-70.7635,4528.71,-138.489,2451.08,-0.000805026,-0.0259084,-70.7548,4840.31,239.728,-1266.43,0.00230141,0.0114391,-71.0649,4821.98,239.146,1264.39,0.00230423,-0.0114611,-71.0611
7.059,263.645,-11.6305,22.219,-0.000214187,-0.420843,-0.0801434,-0.000114596,-0.000245108,0.000598234,3754.58,3,0.136983,0,0,-0.0253007,0.0254295,-0.0114489,0.0114657,-0.0593512,-0.0596213,-0.0605731,-0.0608851,4556.98,-83.8344,-2393.08,-0.00024072,0.0249145,-70.767,4526.27,-79.2691,2398.47,-0.000190705,-0.0251835,-70.7586,4840.28,232.42,-1267.85,0.00223747,0.0114624,-71.0654,4822,232.371,1265.93,0.00224486,-0.011485,-71.0615
7.069,263.867,-11.634,22.218,-0.000209284,-0.211414,0.20165,-6.83581e-05,-0.00024492,0.000600131,3754.6,3,0.137494,0,0,-0.0253553,0.0255085,-0.0114503,0.0114674,-0.0593471,-0.0596154,-0.0605794,-0.0608912,4556.31,-152.734,-2432.12,-0.000955275,0.0254588,-70.7653,4524.88,-146.241,2422.73,-0.000891991,-0.0255313,-70.7576,4840.19,239.576,-1267.32,0.00230054,0.0114485,-71.0664,4821.95,240.423,1265.74,0.00231619,-0.0114733,-71.0625
7.079,264.089,-11.6375,22.2198,-0.000164428,0.773059,0.0824313,-9.01912e-05,-0.000244473,0.000600614,3754.68,3,0.137141,0,0,-0.0251298,0.0253086,-0.0114498,0.0114671,-0.0593607,-0.0596288,-0.0605851,-0.0608964,4557.07,-121.912,-2391.77,-0.000642018,0.024895,-70.7675,4525.85,-117.701,2393.03,-0.000598258,-0.0251099,-70.7593,4840.14,237.588,-1269.6,0.00228402,0.0114744,-71.0675,4821.92,237.879,1267.5,0.0022945,-0.0114946,-71.0637
7.089,264.311,-11.641,22.2194,-0.000295352,-0.253186,-0.243199,-0.000150297,-0.000244375,0.000601644,3754.69,3,0.136865,0,0,-0.0252575,0.0253577,-0.0114509,0.0114677,-0.0593568,-0.0596275,-0.0605914,-0.0609027,4555.48,-104.952,-2402.57,-0.0004621,0.0250555,-70.7698,4525.67,-99.1773,2409.06,-0.000399206,-0.0253361,-70.7616,4840.01,234.871,-1266.49,0.00225878,0.0114462,-71.0672,4821.86,233.686,1264.69,0.00225616,-0.011471,-71.0634
7.099,264.533,-11.6445,22.2194,-0.000238127,-0.228043,0.0646906,-0.000162665,-0.000243983,0.000602367,3754.45,3,0.136895,0,0,-0.0252512,0.025341,-0.0114484,0.0114654,-0.0593574,-0.0596264,-0.0605978,-0.0609083,4555.55,-118.815,-2439.38,-0.00059844,0.0255684,-70.7692,4525.08,-122.011,2428.72,-0.000636678,-0.0256164,-70.7605,4840,236.594,-1266.86,0.00227406,0.011448,-71.0681,4821.76,237.39,1264.78,0.00228897,-0.0114677,-71.0643
7.109,264.756,-11.6481,22.2205,-7.82885e-05,-0.329969,0.056621,-5.08684e-05,-0.000243351,0.00060219,3754.77,3,0.136394,0,0,-0.0251825,0.0253422,-0.0114512,0.011468,-0.0593697,-0.0596337,-0.0606042,-0.060914,4556.94,-77.338,-2399.37,-0.000173659,0.0250015,-70.7709,4524.98,-78.8311,2403.69,-0.000186953,-0.0252647,-70.7629,4839.92,229.644,-1266.06,0.00221236,0.0114483,-71.0686,4821.78,229.801,1263.67,0.00222129,-0.0114654,-71.0647
7.119,264.978,-11.6516,22.2201,-0.000174249,-0.283987,-0.0120919,-0.000111368,-0.000243739,0.000602731,3754.79,3,0.136589,0,0,-0.0253074,0.025452,-0.0114521,0.0114691,-0.0593647,-0.0596311,-0.0606103,-0.0609206,4553.39,-105.432,-2407.67,-0.000463204,0.0251396,-70.7729,4522.29,-107.285,2408.59,-0.000482446,-0.0253514,-70.7642,4839.96,234.356,-1270.79,0.00225602,0.0114908,-71.0693,4821.75,234.497,1268.7,0.00226502,-0.0115114,-71.0655
7.129,265.2,-11.6551,22.2211,-0.000138549,0.262266,-0.0897016,-7.2453e-05,-0.000243297,0.00060215,3754.81,3,0.136407,0,0,-0.0251119,0.0252626,-0.0114509,0.0114681,-0.0593787,-0.0596467,-0.0606168,-0.0609264,4556.09,-100.147,-2429.41,-0.000407051,0.0254254,-70.7712,4525.43,-99.6293,2438.07,-0.00039795,-0.025747,-70.763,4839.53,232.62,-1266.44,0.00223837,0.0114495,-71.0701,4821.32,231.889,1264.06,0.00223952,-0.0114679,-71.0663
7.139,265.422,-11.6586,22.2211,-0.000187522,0.0299099,0.0197042,-0.000103374,-0.000243197,0.000602976,3754.85,3,0.136323,0,0,-0.0253945,0.0254842,-0.0114525,0.0114693,-0.0593677,-0.0596371,-0.0606233,-0.0609326,4549.58,-95.4492,-2418.56,-0.000355751,0.0253159,-70.777,4519.63,-94.0775,2412.77,-0.000342618,-0.0254275,-70.7687,4839.72,231.922,-1266.15,0.00223264,0.0114469,-71.0703,4821.49,232.089,1264.08,0.00224183,-0.0114675,-71.0665
7.149,265.644,-11.6621,22.2222,-0.000331894,1.11823,0.0127347,-0.000219376,-0.000242808,0.000602046,3754.89,3,0.136315,0,0,-0.025191,0.0253001,-0.0114544,0.011471,-0.0593919,-0.059658,-0.0606292,-0.0609378,4554.5,-112.574,-2448.4,-0.00053062,0.0257022,-70.7724,4524.03,-112.149,2434.03,-0.000531447,-0.0256988,-70.7643,4839.64,232.322,-1266.39,0.00223634,0.0114491,-71.0711,4821.4,233.085,1264.45,0.00225093,-0.0114704,-71.0672
7.159,265.867,-11.6657,22.2213,-0.00014108,0.0331478,0.292029,-7.30218e-05,-0.000242277,0.000602573,3754.92,3,0.136244,0,0,-0.0252017,0.0253795,-0.0114534,0.0114701,-0.0593911,-0.0596555,-0.0606357,-0.0609439,4554,-123.246,-2444.62,-0.000644623,0.0256518,-70.7732,4522.56,-119.048,2430.35,-0.000604745,-0.0256562,-70.7655,4839.46,232.381,-1266.15,0.00223685,0.011447,-71.0718,4821.31,234.17,1264.37,0.00226056,-0.0114685,-71.068
7.169,266.089,-11.6692,22.2213,-2.15135e-05,0.0882308,0.0956264,-7.87304e-06,-0.000242192,0.000602714,3754.89,3,0.136249,0,0,-0.0252647,0.0254154,-0.0114536,0.0114702,-0.0593918,-0.0596589,-0.0606424,-0.0609506,4550.85,-131.393,-2424.33,-0.000733182,0.0253869,-70.7757,4520.53,-123.278,2427.11,-0.000648913,-0.0256234,-70.7675,4839.42,235.772,-1269.38,0.00226817,0.011476,-71.0722,4821.32,235.292,1267.09,0.00227161,-0.0114949,-71.0684
7.179,266.311,-11.6727,22.2219,-0.000373516,0.0471398,-0.181796,-0.000268457,-0.000241846,0.00060267,3755.06,3,0.135981,0,0,-0.0251907,0.0252985,-0.0114536,0.0114709,-0.059401,-0.0596673,-0.060649,-0.0609566,4552.02,-111.442,-2417.95,-0.000527307,0.0252912,-70.7752,4522.2,-112.668,2412.07,-0.000542196,-0.0254005,-70.7666,4839.47,233.339,-1272.59,0.00224813,0.0115115,-71.0733,4821.37,233.992,1270.33,0.00226157,-0.0115295,-71.0695
7.189,266.533,-11.6762,22.2225,-0.000119127,0.790098,0.101205,-7.82774e-05,-0.000241175,0.000603539,3755,3,0.136035,0,0,-0.0253388,0.025446,-0.0114547,0.011471,-0.0593978,-0.059663,-0.0606565,-0.0609633,4549.1,-123.193,-2420.35,-0.000647265,0.0253431,-70.7775,4518.8,-126.777,2413.25,-0.000689118,-0.0254387,-70.7692,4839.27,233.628,-1266,0.00224788,0.0114444,-71.0734,4821.25,233.945,1263.65,0.0022583,-0.0114614,-71.0696
7.199,266.755,-11.6797,22.2225,0.000423735,0.159564,1.19467,0.000270321,-0.000240888,0.000603633,3755.03,3,0.13582,0,0,-0.0252144,0.0253583,-0.0114546,0.0114712,-0.0594146,-0.0596772,-0.0606629,-0.0609696,4552.04,-97.6291,-2405.99,-0.000385666,0.0251247,-70.7767,4520.16,-97.9134,2366.43,-0.000399135,-0.0247759,-70.7685,4838.59,217.329,-1259.01,0.00210043,0.0113938,-71.0737,4820.63,222.941,1257.47,0.00215767,-0.0114127,-71.0699
7.209,266.978,-11.6833,22.2219,-9.16543e-05,-0.171512,-0.208021,-5.34925e-05,-0.000240607,0.000604872,3755.07,3,0.135878,0,0,-0.0252842,0.0254474,-0.0114558,0.0114722,-0.0594112,-0.0596744,-0.0606699,-0.0609763,4551.71,-132.963,-2432.69,-0.000748928,0.0254984,-70.777,4521.23,-123.745,2449.23,-0.000648998,-0.025933,-70.7691,4838.85,230.632,-1263.35,0.00222066,0.0114219,-71.0747,4820.96,229.102,1261.12,0.00221458,-0.011442,-71.0708
7.219,267.2,-11.6868,22.223,-5.03038e-06,0.0740978,0.0412518,-1.15309e-05,-0.000240459,0.000605606,3755.1,3,0.135544,0,0,-0.0252486,0.0253671,-0.0114555,0.0114718,-0.0594191,-0.0596862,-0.0606766,-0.0609826,4551.53,-99.5636,-2435.89,-0.000396243,0.0255458,-70.7793,4522.23,-97.762,2440.5,-0.000375166,-0.0258028,-70.7709,4838.89,229.112,-1267,0.00220846,0.0114608,-71.0755,4820.94,228.584,1264.69,0.00221118,-0.0114792,-71.0717
7.229,267.422,-11.6903,22.2234,-0.000141047,0.621833,0.0537649,-9.26421e-05,-0.000240028,0.000607167,3754.97,3,0.135605,0,0,-0.0253095,0.0254124,-0.0114564,0.0114729,-0.0594204,-0.0596854,-0.0606836,-0.060989,4550.4,-121.119,-2417.25,-0.000626297,0.0252915,-70.7795,4520.62,-121.582,2411.5,-0.000634627,-0.0254024,-70.7714,4838.77,230.367,-1262.61,0.00221783,0.0114148,-71.0756,4820.81,230.428,1260.2,0.00222583,-0.0114314,-71.0718
7.239,267.644,-11.6938,22.2234,0.000119139,-0.309691,0.388169,6.60164e-05,-0.000239707,0.000608604,3755.15,3,0.135208,0,0,-0.0252736,0.0254201,-0.0114575,0.0114729,-0.0594249,-0.0596868,-0.0606905,-0.0609953,4553,-91.0641,-2413.56,-0.000312015,0.025224,-70.7802,4521.77,-94.1154,2404.21,-0.000347582,-0.0252932,-70.7719,4838.81,225.308,-1266.9,0.00217494,0.0114644,-71.0761,4820.83,227.451,1263.97,0.00220102,-0.0114734,-71.0724
7.249,267.866,-11.6974,22.2235,3.37016e-05,-0.167777,0.195325,1.1453e-05,-0.0002393,0.000610794,3755.16,3,0.135249,0,0,-0.0252977,0.0254751,-0.0114572,0.0114734,-0.0594247,-0.0596851,-0.0606982,-0.0610025,4551.43,-98.4881,-2425.66,-0.000385816,0.0254031,-70.7825,4520.16,-100.157,2425.69,-0.000402518,-0.0256065,-70.7743,4838.65,228.646,-1265.76,0.00220405,0.0114493,-71.0766,4820.7,228.843,1263.26,0.00221315,-0.0114648,-71.0728
7.259,268.089,-11.7009,22.2245,-0.000363234,0.071967,-0.0766305,-0.000268528,-0.00023945,0.000612233,3755.21,3,0.134917,0,0,-0.0250713,0.0252272,-0.0114571,0.0114755,-0.0594346,-0.0596959,-0.060704,-0.0610087,4553.58,-61.9503,-2422.96,-1.32267e-05,0.0253498,-70.7801,4523.62,-73.13,2413.12,-0.000127748,-0.0254056,-70.7717,4837.72,216.874,-1251.9,0.00209443,0.011324,-71.0772,4819.83,219.5,1250.6,0.0021252,-0.0113484,-71.0734
7.269,268.311,-11.7044,22.2236,-0.000117588,0.30323,0.0180692,-9.04981e-05,-0.000238818,0.000615476,3755.24,3,0.135395,0,0,-0.0254103,0.0255103,-0.0114576,0.0114738,-0.0594168,-0.0596817,-0.0607123,-0.0610161,4547.15,-140.188,-2404.95,-0.000828704,0.0251393,-70.7833,4517.92,-143.791,2402.19,-0.000870149,-0.0252874,-70.7748,4838.57,233.958,-1270.82,0.00225323,0.0114948,-71.0776,4820.68,233.923,1268.31,0.00226043,-0.0115105,-71.0739
7.279,268.533,-11.7079,22.2243,-0.000321686,0.0580047,-0.253953,-0.000216405,-0.000238399,0.000617161,3755.24,3,0.134998,0,0,-0.0252348,0.0253241,-0.0114576,0.0114741,-0.0594323,-0.0596954,-0.0607195,-0.0610228,4549.86,-98.6723,-2386.62,-0.000400037,0.0248699,-70.7832,4520.45,-102.315,2387.57,-0.000438061,-0.0250685,-70.7752,4838.44,229.449,-1267.6,0.00221198,0.0114676,-71.0778,4820.6,229.02,1265.02,0.00221548,-0.0114829,-71.0741
7.289,268.755,-11.7115,22.2239,-0.000100931,-0.317664,0.0369056,-9.01945e-05,-0.000237848,0.000620111,3755.28,3,0.134991,0,0,-0.0253384,0.025496,-0.0114582,0.0114748,-0.0594294,-0.0596894,-0.0607267,-0.0610294,4550.77,-105.127,-2423.69,-0.000456388,0.0253799,-70.7844,4520.29,-109.496,2423.43,-0.000502448,-0.0255736,-70.7763,4838.29,228.923,-1266.07,0.00220677,0.0114529,-71.0784,4820.52,229.023,1263.51,0.00221493,-0.0114676,-71.0747
7.299,268.977,-11.715,22.2242,-0.0001305,-0.255708,0.00567538,-9.31952e-05,-0.000237392,0.000622782,3755.3,3,0.134916,0,0,-0.0251182,0.0253064,-0.01146,0.0114762,-0.0594384,-0.0596978,-0.0607339,-0.0610362,4553.11,-119.548,-2374.19,-0.000623935,0.0246774,-70.7823,4522.81,-118.805,2376.14,-0.000615953,-0.0248936,-70.7743,4838.12,228.488,-1264.42,0.00220229,0.011437,-71.079,4820.46,228.558,1262.06,0.0022102,-0.0114534,-71.0753
7.309,269.2,-11.7185,22.2249,-0.000139913,0.41145,0.0735674,-8.55101e-05,-0.000237168,0.000626276,3755.32,3,0.134882,0,0,-0.0253508,0.0254725,-0.0114588,0.0114751,-0.0594275,-0.0596898,-0.0607415,-0.0610434,4550.33,-125.452,-2403.81,-0.000675693,0.0251044,-70.7863,4520.83,-128.379,2398.62,-0.000709078,-0.0252199,-70.7779,4838.1,229.131,-1265.12,0.00220833,0.0114435,-71.0793,4820.43,229.873,1262.8,0.0022222,-0.0114595,-71.0756
7.319,269.422,-11.722,22.2249,-0.000174546,-0.088964,0.0643917,-0.000126676,-0.000236855,0.000629223,3755.27,3,0.1347,0,0,-0.0252389,0.0253141,-0.0114591,0.0114753,-0.0594317,-0.0596932,-0.0607487,-0.0610501,4552.08,-109.483,-2404.04,-0.00050782,0.0250973,-70.7854,4522.72,-117.187,2393.06,-0.000592827,-0.0251304,-70.777,4838.1,228.314,-1263.02,0.00220025,0.011423,-71.0798,4820.42,229.089,1260.67,0.00221439,-0.0114386,-71.0761
7.329,269.644,-11.7256,22.2246,-0.000347308,-0.65603,0.292369,-0.000226436,-0.000236436,0.000632794,3755.35,3,0.13457,0,0,-0.0250974,0.0251608,-0.0114572,0.0114734,-0.0594256,-0.0596887,-0.0607544,-0.0610552,4556.25,-108.345,-2503.32,-0.000470846,0.0264712,-70.7843,4526.2,-105.733,2469.78,-0.000454554,-0.0261938,-70.7764,4838.28,221.786,-1268.8,0.00214545,0.0114891,-71.0795,4820.63,225.212,1267.35,0.00218335,-0.0115111,-71.076
7.339,269.866,-11.7291,22.2255,-0.000226419,0.0658314,-0.118393,-0.000159358,-0.000236559,0.000636665,3755.37,3,0.134475,0,0,-0.0253545,0.0254969,-0.0114597,0.011476,-0.0594172,-0.0596758,-0.0607629,-0.0610639,4549.95,-119.577,-2388.51,-0.00061609,0.0248949,-70.7877,4519.88,-109.202,2391.37,-0.000508033,-0.0251253,-70.78,4837.97,226.237,-1259.89,0.00218073,0.0113938,-71.0805,4820.27,226.266,1257.89,0.00218828,-0.0114139,-71.0768
7.349,270.088,-11.7326,22.2259,-0.000336048,-0.369632,-0.200681,-0.000248043,-0.000236488,0.00064007,3755.4,3,0.13414,0,0,-0.0252027,0.0253519,-0.0114609,0.0114774,-0.059422,-0.0596804,-0.0607705,-0.0610711,4552.15,-68.9283,-2428.85,-7.57186e-05,0.0254421,-70.7903,4522.34,-73.3036,2428.12,-0.000118426,-0.0256258,-70.7819,4837.98,222.724,-1264.87,0.00215165,0.0114487,-71.081,4820.26,222.816,1262.37,0.00215961,-0.0114638,-71.0773
7.359,270.311,-11.7361,22.2255,-0.000270125,-0.579729,-0.186457,-0.000184689,-0.000236137,0.000643141,3755.79,3,0.134211,0,0,-0.0249547,0.025027,-0.0114548,0.0114702,-0.0594292,-0.0596856,-0.0607742,-0.0610743,4558.15,-116.622,-2498.87,-0.000562854,0.026394,-70.7852,4528.1,-111.203,2496.63,-0.000506557,-0.0265668,-70.777,4837.12,229.743,-1270.8,0.00221646,0.0115029,-71.0818,4819.31,231.822,1268.51,0.0022423,-0.0115182,-71.0782
7.369,270.533,-11.7397,22.2258,-0.00021867,0.197659,-0.0431365,-0.000169742,-0.000235799,0.000648371,3755.34,3,0.134388,0,0,-0.0254318,0.0255424,-0.0114617,0.0114777,-0.0594042,-0.0596614,-0.0607854,-0.061085,4548.58,-116.468,-2404.62,-0.000579443,0.0251275,-70.791,4518.38,-121.675,2400.42,-0.000637065,-0.0252614,-70.7826,4837.9,221.317,-1265.33,0.00213921,0.0114551,-71.082,4820.17,221.501,1262.79,0.00214803,-0.0114698,-71.0784
7.379,270.755,-11.7432,22.2264,-0.000384028,0.0568443,-0.46188,-0.000254106,-0.00023558,0.000651559,3755.47,3,0.134101,0,0,-0.0252193,0.0253664,-0.0114613,0.0114776,-0.05942,-0.059676,-0.0607919,-0.0610916,4552.06,-98.2269,-2384.87,-0.000395629,0.0248319,-70.7905,4522.18,-93.6083,2399.3,-0.000341795,-0.0252216,-70.7827,4837.73,226.457,-1265.71,0.00218506,0.0114534,-71.0822,4820.07,225.015,1263.27,0.00217944,-0.0114708,-71.0785
7.389,270.977,-11.7467,22.2255,-0.000147695,-0.300126,0.0454504,-0.000108139,-0.000235483,0.000655826,3755.5,3,0.134327,0,0,-0.0251397,0.0253366,-0.011464,0.0114799,-0.0594165,-0.0596742,-0.0607995,-0.061099,4553.07,-149.304,-2319.24,-0.000944991,0.023925,-70.7879,4523.08,-143.255,2319.4,-0.000885222,-0.0241076,-70.7798,4837.73,229.134,-1262.81,0.00220787,0.0114208,-71.0831,4820.07,229.237,1260.49,0.00221613,-0.0114374,-71.0794
7.399,271.2,-11.7503,22.2271,-0.00018832,0.238235,-0.0425848,-0.000110383,-0.000235228,0.000659866,3755.51,3,0.133875,0,0,-0.0253132,0.0254275,-0.0114626,0.0114787,-0.0594093,-0.0596705,-0.0608067,-0.0611058,4552.92,-91.4497,-2420.48,-0.000314533,0.0253212,-70.7942,4524.17,-93.6831,2419.23,-0.000336577,-0.0254891,-70.786,4837.72,223.822,-1267.31,0.00216239,0.0114729,-71.0829,4820.06,223.812,1265.07,0.00216948,-0.0114907,-71.0792
7.409,271.422,-11.7538,22.2272,-0.000174336,0.542854,-0.0121458,-0.000108554,-0.000234863,0.000663473,3755.5,3,0.133926,0,0,-0.0251922,0.0252644,-0.0114635,0.0114794,-0.0594158,-0.0596759,-0.0608137,-0.0611123,4556.48,-104.519,-2437.13,-0.000448541,0.0255312,-70.791,4527.65,-106.468,2430.96,-0.000471955,-0.0256317,-70.783,4837.6,221.513,-1267.08,0.0021419,0.0114735,-71.0835,4819.96,221.59,1264.79,0.00214967,-0.0114906,-71.0799
7.419,271.644,-11.7573,22.2263,-0.000232109,0.253849,0.0972328,-0.000119971,-0.000234597,0.000668378,3755.55,3,0.13421,0,0,-0.0253786,0.0255124,-0.0114635,0.0114787,-0.0593973,-0.0596535,-0.0608216,-0.0611195,4552.31,-171.524,-2363.18,-0.00116564,0.024525,-70.7892,4521.97,-175.593,2353.18,-0.00121489,-0.0245739,-70.7815,4837.62,240.863,-1266.51,0.00231303,0.0114447,-71.0842,4819.85,241.766,1263.77,0.00232853,-0.0114563,-71.0804
7.429,271.866,-11.7608,22.2275,-0.000142386,-0.213106,0.0675301,-0.000107446,-0.000234528,0.000671982,3755.56,3,0.133466,0,0,-0.0252766,0.0254418,-0.0114644,0.0114803,-0.059403,-0.0596581,-0.0608285,-0.0611264,4554.91,-59.5329,-2450.32,3.30681e-05,0.0257252,-70.7963,4524.48,-65.761,2448.01,-2.91774e-05,-0.0258935,-70.7881,4837.47,219.814,-1265.46,0.00212641,0.0114591,-71.084,4819.76,220.419,1263.04,0.00213882,-0.0114745,-71.0803
7.439,272.089,-11.7644,22.2272,0.000157384,1.00165,0.49883,0.000116396,-0.000234302,0.000675181,3755.68,3,0.134114,0,0,-0.0251276,0.0252841,-0.0114627,0.0114788,-0.0594116,-0.0596668,-0.0608354,-0.0611333,4557.15,-173.584,-2339.89,-0.00119124,0.0241765,-70.7879,4526.36,-164.563,2330.73,-0.00110524,-0.0242395,-70.7804,4837.39,228.065,-1266.39,0.00219974,0.0114592,-71.0847,4819.84,229.906,1264.4,0.00222345,-0.0114772,-71.0809
7.449,272.311,-11.7679,22.2277,-0.000172824,0.0388137,0.00990403,-0.000123136,-0.000234413,0.000679716,3755.61,3,0.1335,0,0,-0.0253672,0.0254487,-0.0114647,0.0114806,-0.0593931,-0.0596523,-0.0608427,-0.0611407,4553.35,-91.8473,-2422.67,-0.000316702,0.025349,-70.7974,4524.4,-92.6229,2415.74,-0.000326607,-0.0254384,-70.7889,4837.35,222.41,-1266.51,0.00214974,0.0114672,-71.0848,4819.74,222.665,1264.25,0.00215909,-0.0114843,-71.0812
7.459,272.533,-11.7714,22.2276,-0.000296604,0.133191,-0.218711,-0.000202964,-0.000233809,0.000682955,3755.64,3,0.133564,0,0,-0.0251744,0.0252587,-0.0114646,0.0114808,-0.0594023,-0.0596583,-0.0608497,-0.0611468,4556.61,-118.001,-2414.09,-0.000597254,0.0252079,-70.7931,4527.15,-122.036,2414.53,-0.000641211,-0.0254026,-70.7854,4837.09,227.487,-1262.79,0.00219322,0.0114239,-71.0855,4819.5,226.526,1260.35,0.00219191,-0.0114405,-71.0817
7.469,272.755,-11.775,22.2277,-0.000232984,0.240649,-0.0430076,-0.000130178,-0.00023349,0.000686178,3755.58,3,0.133561,0,0,-0.025136,0.0253,-0.011466,0.011481,-0.0594006,-0.0596536,-0.060857,-0.061154,4558.34,-130.651,-2457.77,-0.000723831,0.025808,-70.7915,4527,-129.976,2453.78,-0.000719993,-0.0259589,-70.784,4836.56,224.371,-1249.72,0.00216071,0.0112957,-71.0861,4819.04,223.143,1246.91,0.00215672,-0.0113081,-71.0822
7.479,272.978,-11.7785,22.228,-0.00017262,0.0245011,-0.0267345,-0.000117707,-0.00023377,0.000690501,3755.64,3,0.133328,0,0,-0.0253698,0.025503,-0.011466,0.0114817,-0.05938,-0.059637,-0.0608644,-0.0611616,4551.59,-91.0983,-2433.3,-0.000305234,0.0255092,-70.7997,4522.23,-92.5478,2432.35,-0.000319288,-0.0256872,-70.7913,4837.22,219.166,-1267.27,0.00212097,0.0114789,-71.0859,4819.68,219.328,1265.02,0.00212937,-0.0114963,-71.0822
7.489,273.2,-11.782,22.228,-0.000481452,-0.580709,-0.196294,-0.000339842,-0.000233263,0.000692756,3755.75,3,0.133077,0,0,-0.0251192,0.025236,-0.0114652,0.0114807,-0.0593951,-0.0596509,-0.060871,-0.0611675,4557.41,-105.864,-2407.09,-0.000474759,0.0251057,-70.7943,4528.4,-105.845,2397.67,-0.000476777,-0.0251588,-70.7865,4837.39,216.526,-1264.13,0.00209798,0.0114496,-71.0866,4819.84,219.01,1262.43,0.0021272,-0.0114698,-71.0828
7.499,273.422,-11.7855,22.2282,-0.000161088,-0.274988,-0.00521073,-0.000122337,-0.000232754,0.000696813,3755.71,3,0.133086,0,0,-0.0254373,0.0255433,-0.0114665,0.0114823,-0.0593771,-0.0596337,-0.0608789,-0.0611748,4551.72,-91.4703,-2410.47,-0.000313943,0.0251893,-70.8007,4522.63,-89.1685,2406.64,-0.000290828,-0.0253218,-70.7928,4837.09,221.107,-1266.57,0.00213832,0.0114699,-71.0866,4819.62,221.23,1264.17,0.00214639,-0.0114855,-71.0829
7.509,273.644,-11.7891,22.2288,-0.00059971,0.949119,-0.339072,-0.000401458,-0.000232285,0.000699094,3755.72,3,0.133327,0,0,-0.025183,0.0253105,-0.0114678,0.0114831,-0.0593935,-0.0596492,-0.0608856,-0.0611812,4555.57,-127.359,-2454.03,-0.000687066,0.0257738,-70.7953,4526.79,-126.786,2445.35,-0.000683727,-0.0258406,-70.7875,4836.79,225.07,-1260.19,0.00217121,0.0114009,-71.0871,4819.45,224.784,1258.01,0.00217579,-0.0114187,-71.0834
7.519,273.867,-11.7926,22.2288,-0.00015809,0.202698,-0.00795738,-9.98363e-05,-0.000231621,0.000702375,3755.59,3,0.133038,0,0,-0.0252554,0.0254139,-0.0114674,0.011483,-0.0593883,-0.0596423,-0.0608932,-0.061188,4555.98,-111.712,-2406.57,-0.000530656,0.0251076,-70.7984,4526.5,-110.412,2408.49,-0.000515967,-0.0253228,-70.7906,4837,221.999,-1267.37,0.00214676,0.0114772,-71.0875,4819.74,221.892,1265.06,0.00215278,-0.0114935,-71.0838
7.529,274.089,-11.7961,22.2286,-9.30959e-05,0.16172,-0.0492882,-7.28972e-05,-0.000231343,0.000705516,3755.76,3,0.133102,0,0,-0.0251927,0.0253352,-0.0114678,0.0114831,-0.0593859,-0.0596416,-0.0609004,-0.0611951,4555.28,-117.958,-2425.07,-0.000592613,0.0253696,-70.7992,4526.57,-116.832,2429.74,-0.000580485,-0.0256213,-70.7911,4836.86,221.89,-1263.11,0.00214436,0.0114343,-71.0878,4819.68,221.56,1260.67,0.00214822,-0.0114491,-71.0842
7.539,274.311,-11.7997,22.2287,-0.000189834,-0.0396007,-0.0304282,-0.000129679,-0.000230586,0.000708238,3755.77,3,0.132962,0,0,-0.0252711,0.0253684,-0.0114679,0.0114835,-0.0593846,-0.059639,-0.0609077,-0.0612014,4555.24,-112.886,-2417.93,-0.000540976,0.0252704,-70.7987,4526.52,-115.724,2413.66,-0.000572948,-0.0253949,-70.7909,4836.76,220.44,-1266.4,0.00213251,0.0114697,-71.0882,4819.64,220.76,1264.11,0.0021422,-0.0114854,-71.0846
7.549,274.533,-11.8032,22.2289,6.37577e-05,-0.0971805,0.226192,4.67037e-05,-0.000229958,0.000711232,3755.78,3,0.132835,0,0,-0.0252646,0.0253463,-0.0114666,0.0114821,-0.0593799,-0.0596338,-0.0609154,-0.0612084,4555.3,-104.493,-2422.6,-0.000450582,0.0253355,-70.8001,4526.23,-103.265,2417.36,-0.00044018,-0.0254492,-70.7923,4836.62,221.679,-1266.3,0.00214342,0.0114676,-71.0884,4819.62,221.573,1264.16,0.00214936,-0.011485,-71.0848
7.559,274.756,-11.8067,22.2295,-0.000171968,-0.256563,0.00415462,-0.000129007,-0.00022964,0.000713293,3755.82,3,0.132503,0,0,-0.0251988,0.025354,-0.011469,0.0114846,-0.0593899,-0.0596405,-0.0609219,-0.0612143,4557.01,-81.282,-2405.83,-0.000213233,0.0250907,-70.8,4527.68,-78.7263,2405.44,-0.000184026,-0.0252719,-70.7921,4836.61,211.567,-1264.9,0.0020532,0.0114648,-71.0901,4819.51,212.033,1262.76,0.00206386,-0.0114817,-71.0866
7.569,274.978,-11.8103,22.2291,-0.000222917,-0.25052,-0.113806,-0.000150912,-0.000229412,0.00071628,3755.83,3,0.132677,0,0,-0.0252496,0.0253996,-0.0114697,0.0114852,-0.0593814,-0.0596337,-0.0609293,-0.0612215,4554.36,-103.17,-2412.98,-0.000439834,0.0252073,-70.8015,4525.75,-101.523,2414.58,-0.000420883,-0.0254133,-70.7937,4836.51,220.901,-1265.79,0.00213645,0.0114635,-71.0888,4819.49,220.654,1263.64,0.0021411,-0.011481,-71.0852
7.579,275.2,-11.8138,22.2296,-0.000184889,-0.0946969,0.0322836,-0.000122706,-0.000228945,0.000718055,3755.85,3,0.132509,0,0,-0.0251614,0.0252535,-0.011469,0.0114847,-0.0593893,-0.0596424,-0.0609341,-0.0612256,4556.59,-102.115,-2411.92,-0.000432102,0.0251782,-70.8,4528.39,-100.07,2403.85,-0.000412677,-0.0252454,-70.792,4836.49,220.228,-1265.83,0.00213051,0.0114648,-71.0884,4819.43,221.16,1263.87,0.00214568,-0.0114829,-71.0849
7.589,275.422,-11.8173,22.2288,-0.000488898,-0.413507,-0.445973,-0.000329398,-0.000228693,0.000720735,3755.86,3,0.132681,0,0,-0.0251675,0.0251957,-0.011467,0.011483,-0.0593876,-0.0596405,-0.0609433,-0.0612344,4553.31,-125.822,-2390.73,-0.00068497,0.024904,-70.7982,4525.46,-134.295,2390.34,-0.000776057,-0.0250735,-70.7897,4836.5,224.473,-1265.22,0.00216791,0.0114535,-71.0897,4819.47,223.845,1263.03,0.00216926,-0.0114711,-71.0861
7.599,275.645,-11.8209,22.2298,-0.000106211,-0.089305,0.276361,-7.35311e-05,-0.000228367,0.000723887,3755.88,3,0.132394,0,0,-0.0254166,0.0255501,-0.0114705,0.0114859,-0.0593719,-0.0596207,-0.0609509,-0.0612415,4551.21,-100.654,-2427.34,-0.000405296,0.0254283,-70.804,4521.55,-94.0235,2413.52,-0.000339008,-0.0254257,-70.7967,4836.47,217.533,-1265.49,0.00210647,0.0114644,-71.0898,4819.38,219.146,1263.71,0.00212773,-0.0114837,-71.0862
7.609,275.867,-11.8244,22.2302,-0.000171943,-0.304478,-0.0115385,-0.000122983,-0.000228028,0.000725534,3755.88,3,0.132114,0,0,-0.0250957,0.0252644,-0.0114721,0.0114875,-0.0593862,-0.0596348,-0.0609576,-0.0612477,4557.14,-66.7784,-2448.47,-4.87501e-05,0.0256851,-70.8022,4527.77,-71.8707,2448.75,-9.80093e-05,-0.0258825,-70.7946,4836.39,216.991,-1265.39,0.00210167,0.0114641,-71.0899,4819.34,217,1263.18,0.00210849,-0.0114809,-71.0863
7.619,276.089,-11.8279,22.2302,-0.000133188,0.446287,0.0617746,-6.40176e-05,-0.000228065,0.000728742,3755.9,3,0.132421,0,0,-0.0254395,0.0255418,-0.0114711,0.0114865,-0.0593727,-0.0596254,-0.060965,-0.0612551,4550.16,-113.801,-2410.74,-0.00055068,0.0252027,-70.8062,4521.89,-118.534,2407.31,-0.00060104,-0.0253358,-70.798,4836.39,220.25,-1265.76,0.00213077,0.0114642,-71.0901,4819.31,220.776,1263.52,0.00214224,-0.0114801,-71.0866
7.629,276.312,-11.8315,22.2305,-8.66039e-05,-1.48937,0.0386149,-5.83043e-05,-0.000227634,0.000729915,3755.93,3,0.131503,0,0,-0.0252634,0.0253902,-0.011471,0.0114863,-0.0593943,-0.0596464,-0.0609713,-0.0612606,4557.18,-40.2311,-2419.89,0.000220291,0.0252817,-70.8028,4529.05,-22.0213,2416.79,0.000415545,-0.0254159,-70.7954,4834.93,210.376,-1258.51,0.00203862,0.0114048,-71.0904,4817.78,210.289,1256.66,0.00204452,-0.0114254,-71.0868
7.639,276.534,-11.835,22.2307,0.000109852,-0.340002,0.306792,5.76239e-05,-0.00022707,0.000732683,3755.94,3,0.131889,0,0,-0.0252594,0.0253941,-0.0114723,0.0114868,-0.0593933,-0.0596415,-0.0609787,-0.0612674,4557.82,-75.2999,-2420.1,-0.000143778,0.0252839,-70.8041,4528.18,-71.0309,2416.08,-0.000100367,-0.0254177,-70.7967,4836.25,214.409,-1266.03,0.00207902,0.0114739,-71.0904,4819.18,215.35,1263.48,0.00209393,-0.0114861,-71.0868
7.649,276.756,-11.8385,22.2303,-7.23352e-05,-0.266397,0.325062,-8.05422e-05,-0.000227003,0.00073519,3755.89,3,0.13206,0,0,-0.025222,0.0253831,-0.0114727,0.0114874,-0.0593935,-0.0596402,-0.0609857,-0.0612744,4558.38,-89.9254,-2478.7,-0.000281389,0.0261056,-70.8041,4528.55,-99.3109,2463.5,-0.000384038,-0.0260884,-70.796,4836.2,216.496,-1266.5,0.00209776,0.0114765,-71.0911,4819.18,218.294,1264.17,0.00212043,-0.0114898,-71.0875
7.659,276.978,-11.8421,22.2305,-0.000199727,-0.107738,-0.116402,-0.000141796,-0.000226875,0.000737819,3755.96,3,0.132042,0,0,-0.0252778,0.025427,-0.0114727,0.0114878,-0.0593873,-0.0596356,-0.0609929,-0.0612813,4554.8,-98.1512,-2420.14,-0.000384681,0.0253044,-70.8058,4526.02,-102.62,2423.93,-0.000429104,-0.0255434,-70.7978,4836.22,219.703,-1267.36,0.00212702,0.0114815,-71.0913,4819.2,219.376,1264.87,0.0021308,-0.0114957,-71.0877
7.669,277.201,-11.8456,22.2308,-0.000179609,0.107538,-0.0522005,-0.000102477,-0.00022646,0.000739883,3755.97,3,0.131964,0,0,-0.0252344,0.0253394,-0.0114733,0.0114884,-0.0593866,-0.0596372,-0.0610002,-0.0612875,4554.04,-97.2005,-2418.12,-0.000378297,0.025281,-70.8053,4525.61,-99.757,2415.79,-0.000405666,-0.0254311,-70.7974,4836.93,223.673,-1280.34,0.0021669,0.0116078,-71.0903,4819.74,223.918,1278.2,0.00217619,-0.0116258,-71.0867
7.679,277.423,-11.8492,22.2308,-0.0001718,0.239373,0.102592,-0.000122124,-0.00022635,0.000742161,3755.9,3,0.132033,0,0,-0.0252626,0.0253344,-0.0114734,0.0114886,-0.0593871,-0.0596368,-0.0610068,-0.0612943,4554.2,-120.988,-2433.31,-0.00062118,0.0254918,-70.8041,4526.03,-120.974,2420.2,-0.000627045,-0.0254899,-70.7963,4836.23,219.244,-1271.9,0.00212434,0.0115283,-71.0921,4819.15,220.197,1269.56,0.00213963,-0.0115429,-71.0885
7.689,277.645,-11.8527,22.2312,6.66627e-05,-0.183228,0.685978,2.17536e-05,-0.000225881,0.00074427,3756.04,3,0.131645,0,0,-0.0252746,0.0254231,-0.0114748,0.0114897,-0.0593898,-0.0596355,-0.0610136,-0.0613007,4555.76,-75.2125,-2481.71,-0.000122543,0.0261654,-70.8063,4525.61,-78.5956,2452.88,-0.000166493,-0.0259561,-70.7988,4835.86,211.573,-1264.29,0.00205327,0.0114602,-71.092,4818.87,215.079,1262.2,0.00209112,-0.0114741,-71.0884
7.699,277.867,-11.8562,22.2298,-0.000124247,-0.759371,-0.121715,-7.05147e-05,-0.000225846,0.00074686,3755.93,3,0.131995,0,0,-0.0253928,0.0254987,-0.0114747,0.0114897,-0.0593824,-0.0596315,-0.0610203,-0.0613078,4553.26,-140.079,-2424.24,-0.000822855,0.0253696,-70.8044,4525.34,-130.255,2429.36,-0.00072122,-0.0256234,-70.7968,4836.02,223.714,-1272.74,0.00216486,0.0115323,-71.0926,4819.2,222.533,1270.82,0.0021613,-0.011553,-71.089
7.709,278.09,-11.8598,22.2312,-0.000365532,-0.484712,-0.235288,-0.000266443,-0.000225903,0.000748712,3756.02,3,0.131483,0,0,-0.0251966,0.025302,-0.011474,0.0114895,-0.0593966,-0.0596458,-0.061027,-0.0613143,4555.64,-67.707,-2435.72,-6.07111e-05,0.0255159,-70.8068,4527.95,-68.0019,2432,-6.22831e-05,-0.0256435,-70.7988,4835.9,213.143,-1265.32,0.00206787,0.0114689,-71.0924,4819.02,212.93,1263.12,0.00207251,-0.0114855,-71.0889
7.719,278.312,-11.8633,22.2302,-0.000159136,-0.314637,0.0580471,-0.000120878,-0.000225392,0.000751305,3755.97,3,0.131987,0,0,-0.0252033,0.0252689,-0.0114742,0.0114893,-0.0593963,-0.059644,-0.0610341,-0.0613207,4555.46,-159.32,-2377.35,-0.00103898,0.0247021,-70.8005,4527.1,-161.845,2367.95,-0.00107192,-0.0247481,-70.7924,4835.74,223.309,-1263.09,0.00215703,0.0114349,-71.0933,4818.82,224.331,1260.88,0.00217291,-0.01145,-71.0898
7.729,278.534,-11.8668,22.2315,-0.00010863,0.211481,0.195438,-7.51626e-05,-0.000224948,0.000754573,3756.03,3,0.131651,0,0,-0.025418,0.0255453,-0.0114753,0.0114905,-0.0593834,-0.0596277,-0.0610417,-0.0613277,4551.75,-86.5843,-2465.89,-0.000245712,0.0259679,-70.8114,4522.29,-86.5891,2455.94,-0.000247149,-0.0260223,-70.8039,4835.93,215.931,-1265.29,0.00209282,0.0114654,-71.0926,4819.06,216.682,1263.25,0.00210621,-0.0114825,-71.0891
7.739,278.757,-11.8704,22.2318,-0.000232896,0.320847,-0.0828394,-0.000168707,-0.000224875,0.000755856,3756.1,3,0.131542,0,0,-0.0251114,0.0252556,-0.0114749,0.0114899,-0.0594047,-0.0596505,-0.0610476,-0.0613337,4558.4,-107.051,-2413.58,-0.000484599,0.0251896,-70.8041,4529.7,-109.854,2414.53,-0.000513105,-0.0253867,-70.7961,4835.41,216.194,-1259.59,0.00209268,0.0114081,-71.0929,4818.59,216.273,1257.37,0.00209997,-0.011424,-71.0894
7.749,278.979,-11.8739,22.2312,-6.4656e-05,0.0676502,0.0428904,-4.0349e-05,-0.000224596,0.00075933,3756.06,3,0.131662,0,0,-0.0253425,0.0254729,-0.0114759,0.0114907,-0.0593874,-0.0596357,-0.0610551,-0.0613407,4552.97,-115.669,-2424.31,-0.000566605,0.0253741,-70.8093,4525.15,-111.889,2426.05,-0.000526673,-0.0255789,-70.8018,4835.66,218.839,-1265.93,0.00211859,0.0114692,-71.0933,4818.83,218.732,1263.75,0.00212431,-0.0114859,-71.0898
7.759,279.201,-11.8774,22.2316,0.000107803,0.566032,0.500643,6.51158e-05,-0.000224304,0.000761379,3756.07,3,0.131704,0,0,-0.0252136,0.0253073,-0.0114769,0.0114921,-0.0593948,-0.0596424,-0.061061,-0.0613461,4554.4,-134.04,-2403.49,-0.000766865,0.0250735,-70.8061,4526.06,-139.647,2385.57,-0.000833016,-0.0250028,-70.7981,4835.52,220.706,-1263.26,0.00213418,0.0114402,-71.0948,4818.66,222.945,1261.12,0.0021608,-0.0114544,-71.0913
7.769,279.423,-11.881,22.2314,-0.000212285,0.0873002,0.0794029,-0.000144099,-0.000223859,0.000764299,3756.11,3,0.13156,0,0,-0.0253236,0.0254247,-0.011477,0.0114917,-0.0593901,-0.059636,-0.0610687,-0.0613532,4554.58,-118.964,-2463.43,-0.000592222,0.0259139,-70.8082,4526.3,-120.178,2450.91,-0.000609339,-0.0259234,-70.8005,4835.56,217.43,-1266.31,0.00210629,0.0114749,-71.0937,4818.7,218.184,1264.16,0.00211972,-0.011491,-71.0902
7.779,279.646,-11.8845,22.2311,-0.000322155,-0.305993,-0.364906,-0.000203435,-0.000223625,0.000766757,3756.23,3,0.13154,0,0,-0.0253045,0.0254487,-0.0114771,0.011492,-0.0593927,-0.059636,-0.0610755,-0.0613598,4554.31,-135.614,-2391.34,-0.000785088,0.0249056,-70.8065,4525.65,-136.523,2401.21,-0.000794234,-0.0252246,-70.7993,4835.46,224.131,-1266.72,0.00216596,0.0114716,-71.0941,4818.68,222.512,1264.13,0.00215826,-0.0114857,-71.0904
7.789,279.868,-11.8881,22.2324,-0.000190573,0.278998,-0.0742267,-0.000123105,-0.000223332,0.000768914,3756.1,3,0.131213,0,0,-0.0251661,0.025324,-0.0114769,0.0114919,-0.0593988,-0.0596438,-0.0610823,-0.0613663,4556.73,-91.3502,-2422.04,-0.000315424,0.0253184,-70.8089,4528.35,-93.491,2425.13,-0.000334785,-0.025545,-70.8013,4835.34,214.399,-1264.62,0.00207878,0.0114616,-71.0941,4818.61,214.394,1262.3,0.00208521,-0.0114764,-71.0906
7.799,280.09,-11.8916,22.2313,-0.000355666,-0.429095,-0.155762,-0.000253121,-0.000223199,0.000771886,3756.06,3,0.131361,0,0,-0.0252643,0.025368,-0.0114763,0.0114921,-0.0593873,-0.0596337,-0.0610889,-0.0613729,4554.77,-130.471,-2393.27,-0.000732358,0.0249297,-70.8069,4527.48,-127.56,2386.22,-0.000705473,-0.025004,-70.7992,4835.36,217.913,-1264.77,0.00211,0.0114591,-71.0943,4818.7,218.107,1262.75,0.00211841,-0.0114766,-71.0908
7.809,280.313,-11.8951,22.2324,-0.000153447,0.432505,0.0303211,-0.000107623,-0.000222665,0.000774498,3756.09,3,0.131246,0,0,-0.0253067,0.0253869,-0.0114784,0.0114931,-0.059386,-0.0596322,-0.0610957,-0.061379,4552.56,-102.231,-2431.84,-0.000423389,0.0254824,-70.811,4525.05,-104.444,2424.42,-0.000449588,-0.0255566,-70.8033,4835.32,216.62,-1267.44,0.00209967,0.0114879,-71.0943,4818.67,216.922,1265.23,0.00210891,-0.0115034,-71.0908
7.819,280.535,-11.8987,22.2323,-6.59202e-05,-0.387536,0.334074,-6.10629e-05,-0.000222158,0.00077634,3756.19,3,0.130896,0,0,-0.0250702,0.0251965,-0.01148,0.0114926,-0.0593949,-0.0596401,-0.0611015,-0.0613842,4557.83,-86.4695,-2416.63,-0.000265693,0.0252358,-70.8066,4529.59,-92.2877,2402.05,-0.000331378,-0.0252125,-70.7989,4835.22,211.656,-1266.54,0.00205521,0.0114845,-71.0946,4818.63,214.739,1264.34,0.00208904,-0.0114969,-71.0912
7.829,280.757,-11.9022,22.2313,-0.000137762,-0.00492794,-0.038921,-8.09978e-05,-0.000222345,0.000780285,3756.19,3,0.13146,0,0,-0.0254677,0.0256094,-0.0114789,0.0114937,-0.0593727,-0.0596162,-0.0611094,-0.0613925,4549.69,-154.963,-2387.09,-0.000985373,0.0248737,-70.8097,4521.45,-154.645,2390.88,-0.000984803,-0.025105,-70.8026,4835.21,220.352,-1265.76,0.00213222,0.0114668,-71.0952,4818.67,220.177,1263.7,0.00213726,-0.011484,-71.0918
7.839,280.98,-11.9058,22.2327,-7.13405e-05,0.374412,0.345625,-7.85392e-05,-0.000222172,0.000781673,3756.14,3,0.131053,0,0,-0.025156,0.0252915,-0.0114783,0.0114937,-0.0593944,-0.0596375,-0.0611154,-0.0613979,4555.33,-100.085,-2447.95,-0.000398256,0.0256907,-70.8104,4526.98,-101.418,2431.12,-0.000417035,-0.0256386,-70.8027,4835.15,214.829,-1264.85,0.00208277,0.0114639,-71.0948,4818.46,217.211,1262.8,0.00211047,-0.0114787,-71.0914
7.849,281.202,-11.9093,22.2319,-0.000170039,0.490765,-0.0592895,-0.000109142,-0.000221934,0.000785418,3756.16,3,0.131387,0,0,-0.0254205,0.0254857,-0.0114785,0.0114931,-0.0593794,-0.0596234,-0.061123,-0.0614054,4551.35,-154.84,-2400.7,-0.000983125,0.025052,-70.8102,4523.39,-156.592,2397.39,-0.00100728,-0.0251832,-70.8026,4834.64,217.556,-1255.12,0.00210325,0.0113628,-71.0956,4818.07,217.532,1252.99,0.00210952,-0.0113789,-71.0922
7.859,281.424,-11.9128,22.2326,-0.000210496,-0.0552514,0.106979,-0.000135192,-0.000221868,0.000787295,3756.18,3,0.130874,0,0,-0.0252373,0.0253063,-0.0114785,0.0114936,-0.0593955,-0.059639,-0.061129,-0.0614109,4556.57,-87.7538,-2468.35,-0.000260598,0.0259709,-70.8119,4528.42,-87.719,2452.33,-0.000264873,-0.0259298,-70.8043,4835.19,210.482,-1268.41,0.0020455,0.0115049,-71.0951,4818.51,211.599,1266.53,0.00206195,-0.0115231,-71.0916
7.869,281.646,-11.9164,22.2323,-0.000303816,-0.147836,-0.333687,-0.000203786,-0.000221608,0.000789547,3756.21,3,0.130966,0,0,-0.0250979,0.0252719,-0.0114801,0.011495,-0.0594039,-0.0596437,-0.0611353,-0.0614168,4557.06,-131.107,-2308.39,-0.000761018,0.0237569,-70.8073,4528.47,-127.251,2321.82,-0.000718967,-0.0241096,-70.8001,4835.04,216.661,-1265.07,0.00209914,0.0114643,-71.0956,4818.3,216.333,1262.81,0.00210275,-0.0114801,-71.0921
7.879,281.869,-11.9199,22.2326,-1.70666e-05,0.629523,0.106512,-7.22331e-06,-0.000221735,0.00079321,3756.2,3,0.131107,0,0,-0.0253895,0.0255174,-0.01148,0.0114946,-0.0593797,-0.0596237,-0.0611422,-0.0614239,4551.78,-134.397,-2411.27,-0.000767187,0.0251986,-70.8135,4523.81,-131.718,2412.97,-0.000740382,-0.0254022,-70.8058,4835.01,217.113,-1264.4,0.00210288,0.0114571,-71.0956,4818.27,217.107,1262.26,0.00210938,-0.0114737,-71.0921
7.889,282.091,-11.9235,22.2331,-0.000113213,0.465009,0.164077,-8.19006e-05,-0.00022168,0.000795061,3756.19,3,0.13081,0,0,-0.0251248,0.0252265,-0.0114806,0.0114955,-0.0593921,-0.059637,-0.0611484,-0.0614297,4555.79,-105.523,-2420.65,-0.000465353,0.0253048,-70.8113,4528.48,-110.331,2410.6,-0.000518433,-0.0253393,-70.8036,4835.16,215.018,-1267.87,0.00208571,0.0114945,-71.0957,4818.32,216.094,1265.64,0.00210182,-0.0115094,-71.0922
7.899,282.313,-11.927,22.2327,-0.000167729,-0.0200204,-0.0126981,-9.94376e-05,-0.000221241,0.000798072,3756.2,3,0.130754,0,0,-0.025312,0.0253984,-0.0114812,0.0114958,-0.0593837,-0.0596266,-0.0611551,-0.0614359,4553.87,-112.254,-2404.85,-0.000537072,0.0250971,-70.8123,4525.94,-109.897,2400.6,-0.000514802,-0.0252157,-70.805,4835.06,214.755,-1265.96,0.00208261,0.0114755,-71.0959,4818.28,214.861,1263.83,0.00209014,-0.0114924,-71.0924
7.909,282.536,-11.9305,22.2329,-0.000524167,-0.0555073,-0.463033,-0.00036315,-0.000221183,0.000800211,3756.2,3,0.130647,0,0,-0.0252137,0.0253525,-0.0114821,0.0114962,-0.059392,-0.0596316,-0.061161,-0.0614419,4554.94,-97.1441,-2419.82,-0.00037717,0.025299,-70.812,4526.65,-98.4496,2424.2,-0.000388632,-0.025543,-70.8044,4834.8,213.157,-1262.63,0.00206721,0.0114439,-71.096,4818.12,212.314,1260.17,0.0020661,-0.0114581,-71.0925
7.919,282.758,-11.9341,22.2329,-0.000178782,-0.278598,0.0710582,-0.000131097,-0.000220967,0.000803119,3756.23,3,0.130529,0,0,-0.0251571,0.0253369,-0.0114822,0.0114966,-0.0593858,-0.0596261,-0.0611675,-0.0614482,4557.23,-89.2935,-2447.21,-0.000285087,0.0256679,-70.8123,4528.58,-99.4727,2443.75,-0.000390881,-0.025807,-70.8046,4834.94,213.244,-1267.63,0.00206986,0.0114945,-71.0965,4818.26,214.168,1265.46,0.00208457,-0.0115098,-71.093
7.929,282.98,-11.9376,22.2328,-0.000165188,-0.117953,-0.014785,-0.000106841,-0.000220746,0.00080594,3756.2,3,0.130637,0,0,-0.0253163,0.0254387,-0.0114821,0.0114965,-0.0593798,-0.059623,-0.0611743,-0.0614548,4553.32,-112.408,-2405.36,-0.000538218,0.0251078,-70.8138,4525.64,-115.059,2403.77,-0.000567123,-0.0252619,-70.8061,4834.73,212.872,-1262.19,0.0020645,0.01144,-71.0966,4818.11,212.878,1259.86,0.00207093,-0.0114543,-71.0931
7.939,283.202,-11.9412,22.2339,-0.000121012,0.878108,-0.0480207,-6.22459e-05,-0.000220663,0.000807821,3756.22,3,0.130543,0,0,-0.0251479,0.0252038,-0.0114828,0.0114972,-0.0593913,-0.0596357,-0.0611802,-0.0614607,4556.86,-102.815,-2447.83,-0.000428487,0.025679,-70.8125,4529.9,-102.483,2446.66,-0.000426649,-0.0258393,-70.8048,4834.88,213.035,-1265.66,0.00206733,0.0114748,-71.0963,4818.31,212.418,1263.51,0.00206825,-0.0114918,-71.0928
7.949,283.425,-11.9447,22.2341,-3.18284e-05,-0.400965,0.231298,-3.98967e-05,-0.000220264,0.000810175,3756.39,3,0.129938,0,0,-0.0250865,0.0251926,-0.0114859,0.0114993,-0.0593932,-0.0596347,-0.0611862,-0.0614663,4559.57,-64.8546,-2418.74,-3.54936e-05,0.0252531,-70.8119,4531.17,-63.3065,2408.88,-2.41653e-05,-0.0252966,-70.8045,4835.11,206.244,-1281.45,0.00201302,0.0116428,-71.0966,4818.58,208.143,1279.1,0.00203618,-0.0116554,-71.0931
7.959,283.647,-11.9483,22.2329,-0.000128984,-0.191923,-0.0620844,-8.30005e-05,-0.000220281,0.000813682,3756.24,3,0.130493,0,0,-0.0253519,0.0255085,-0.0114831,0.0114977,-0.0593748,-0.0596132,-0.0611931,-0.0614732,4552.89,-111.379,-2404.14,-0.000527252,0.0250935,-70.8158,4524,-110.17,2409.93,-0.000513218,-0.0253592,-70.8085,4834.92,214.593,-1268.03,0.00208206,0.0114971,-71.0967,4818.4,214.158,1265.86,0.00208462,-0.0115136,-71.0931
7.969,283.869,-11.9518,22.2334,8.99097e-05,0.478369,0.243767,6.12109e-05,-0.00022031,0.000815697,3756.23,3,0.130538,0,0,-0.0251424,0.0252968,-0.0114815,0.0114957,-0.0593824,-0.0596216,-0.061198,-0.0614779,4554.96,-114.283,-2441.94,-0.00054965,0.0256083,-70.8144,4526.5,-113.115,2443.98,-0.000537198,-0.0258237,-70.8067,4834.51,217.587,-1269.13,0.0021085,0.0115059,-71.096,4817.92,218.023,1266.85,0.00211887,-0.0115205,-71.0926
7.979,284.092,-11.9553,22.2336,-0.000137794,-0.175148,0.0934339,-4.38184e-05,-0.000220037,0.000818349,3756.25,3,0.130185,0,0,-0.0253101,0.0254153,-0.0114841,0.0114989,-0.0593788,-0.0596205,-0.0612054,-0.0614849,4553.88,-92.3219,-2405.97,-0.000328627,0.0251128,-70.8154,4525.98,-88.9712,2399.74,-0.00029366,-0.0252035,-70.808,4834.77,210.419,-1265.09,0.00204387,0.0114722,-71.0966,4818.15,210.673,1263.26,0.00205263,-0.0114915,-71.0931
7.989,284.314,-11.9589,22.2337,-0.000224685,-0.0830684,-0.0506977,-0.000177434,-0.000219995,0.000820682,3756.31,3,0.130134,0,0,-0.0252666,0.025372,-0.0114861,0.0115004,-0.0593838,-0.0596247,-0.0612113,-0.0614907,4556.49,-82.0799,-2426.81,-0.000213937,0.0253864,-70.8143,4528.78,-79.2292,2422.12,-0.000185104,-0.0254994,-70.8067,4834.72,207.989,-1265.39,0.00202234,0.011478,-71.0968,4818.12,208.378,1263.39,0.00203216,-0.0114955,-71.0933
7.999,284.536,-11.9624,22.2333,8.43281e-05,-0.288497,0.311718,4.16277e-05,-0.000219288,0.000823402,3756.27,3,0.130219,0,0,-0.0252382,0.0253914,-0.0114851,0.0114991,-0.0593844,-0.0596237,-0.0612178,-0.0614964,4557.76,-101.863,-2425.43,-0.000421799,0.0253593,-70.8141,4529,-107.967,2421.63,-0.000487394,-0.0254914,-70.8066,4834.64,212.886,-1266.81,0.00206651,0.0114872,-71.0972,4818.1,213.606,1264.56,0.00207931,-0.0115016,-71.0936
