t,x,y,speed,vy,ax,ay,yawRate,roll,pitch,rpm,gear,throttle,brake,steer,delta0,delta1,delta2,delta3,sz0,sz1,sz2,sz3,fz0,fx0,fy0,slip0,alpha0,omega0,fz1,fx1,fy1,slip1,alpha1,omega1,fz2,fx2,fy2,slip2,alpha2,omega2,fz3,fx3,fy3,slip3,alpha3,omega3
0.009,108.472,-1.60082,22.4411,-0.000119639,-0.300321,0.1641,-7.82146e-05,-0.000101256,0.00145933,3782.19,3,0,0.0443844,0,-0.0252254,0.0252839,-0.0115587,0.0115646,-0.0592397,-0.0593487,-0.0627437,-0.0628721,4565.42,-230.863,-2456.16,-0.00176391,0.0257204,-71.3942,4551.77,-231.293,2441.98,-0.00177405,-0.0256094,-71.3908,4811.51,-53.2271,-1252.65,-0.000356608,0.0115292,-71.5679,4803.8,-51.9332,1251.54,-0.000345195,-0.011536,-71.5662
0.019,108.697,-1.60483,22.4368,-8.55433e-05,-0.438782,-0.0295052,-7.2235e-05,-9.50208e-05,0.00149552,3776.2,3,0,0.0436478,0,-0.0251428,0.0252285,-0.0115614,0.0115668,-0.0592008,-0.0593034,-0.062795,-0.0629171,4564.37,-270.753,-2427.15,-0.00218031,0.0253058,-71.334,4551.73,-269.559,2428.04,-0.00217205,-0.0254002,-71.3306,4807.31,-213.814,-1258.24,-0.00181894,0.011498,-71.4598,4800.55,-213.665,1256.76,-0.00181946,-0.0114987,-71.4579
0.029,108.921,-1.60884,22.4302,0.000216818,-0.845323,0.454982,8.89236e-05,-8.35654e-05,0.00155573,3771.82,3,0,0.0425031,0,-0.0250317,0.025081,-0.0115634,0.0115679,-0.0591287,-0.059225,-0.0628669,-0.0629792,4562,-306.082,-2379.54,-0.00254617,0.0246438,-71.291,4552.04,-304.434,2366.05,-0.00253363,-0.0245203,-71.2868,4798.03,-290.115,-1260.65,-0.00250124,0.0114585,-71.3837,4793.79,-288.941,1258.73,-0.00249176,-0.0114501,-71.382
0.039,109.145,-1.61285,22.4225,-0.000103912,-0.875607,-0.0612542,-0.000199814,-6.6357e-05,0.0016407,3768.54,3,0,0.0410505,0,-0.0251139,0.02513,-0.0115688,0.011573,-0.0590292,-0.0591142,-0.0629612,-0.0630603,4563.33,-331.376,-2403.64,-0.00280602,0.0249563,-71.258,4558.72,-331.353,2400.12,-0.00280665,-0.0249366,-71.2537,4783.72,-336.556,-1263.04,-0.00291559,0.0114551,-71.3271,4783.78,-337.828,1261.07,-0.00292462,-0.0114328,-71.3257
0.049,109.369,-1.61686,22.4153,-7.62358e-05,-0.746345,-0.224258,-0.000198088,-4.36478e-05,0.00174867,3765.95,3,0,0.0396599,0,-0.025076,0.0250956,-0.0115738,0.0115772,-0.0589312,-0.0589967,-0.0630789,-0.0631607,4571.36,-299.07,-2411.77,-0.00246356,0.025035,-71.2345,4571.29,-299.662,2420.63,-0.00246735,-0.0251584,-71.2315,4765.24,-359.937,-1259.08,-0.00312913,0.011424,-71.2821,4771.07,-363.631,1257.89,-0.00315496,-0.0113926,-71.2813
0.059,109.593,-1.62087,22.4069,-0.00019047,-1.11812,-0.41705,-0.000379722,-1.65624e-05,0.00187717,3763.78,3,0,0.0381354,0,-0.0247478,0.0248151,-0.0115783,0.01158,-0.0588426,-0.0588868,-0.0632213,-0.0632815,4589.01,-323.672,-2315.24,-0.00270678,0.0235977,-71.2038,4595.55,-318.263,2330.61,-0.00264454,-0.0237693,-71.201,4744.53,-355.44,-1249.2,-0.00310127,0.0113758,-71.2424,4756.97,-359.453,1248.35,-0.00312575,-0.0113321,-71.2426
0.069,109.817,-1.62488,22.3991,-0.00013949,-1.13421,-0.614254,-0.000403409,1.40196e-05,0.00202629,3761.87,3,0,0.0366805,0,-0.0250901,0.0250922,-0.0115872,0.0115883,-0.0587063,-0.0587282,-0.0633913,-0.0634252,4606.73,-257.421,-2482.22,-0.00200746,0.0258094,-71.1987,4620.6,-254.4,2506.8,-0.00196592,-0.0260654,-71.1967,4723.44,-372.484,-1245.42,-0.00326103,0.0113606,-71.2105,4742.68,-379.974,1245.91,-0.00331058,-0.0113096,-71.212
0.079,110.041,-1.62888,22.3917,0.000223911,0.313842,-0.01512,-0.000214406,4.79938e-05,0.0021882,3760.22,3,0,0.0350006,0,-0.0244542,0.0244552,-0.0115949,0.0115948,-0.0586126,-0.0586007,-0.0635873,-0.0635888,4638.9,-311.464,-2362.22,-0.00255786,0.0239417,-71.1706,4656.67,-321.673,2370.36,-0.0026487,-0.0239417,-71.1702,4703.63,-364.512,-1233.03,-0.00320166,0.0112886,-71.1793,4729.3,-370.105,1233.3,-0.00323119,-0.0112233,-71.1821
0.089,110.265,-1.63288,22.3822,0.000160059,-0.769592,-0.139952,-0.000431716,8.32559e-05,0.002365,3758.64,3,0,0.0333903,0,-0.0249723,0.0249479,-0.0116057,0.0116049,-0.0584325,-0.0583865,-0.0638091,-0.0637742,4652.2,-310.231,-2423.04,-0.00253118,0.0246857,-71.1614,4676.91,-315.976,2426.99,-0.00257334,-0.0245876,-71.1614,4687.54,-368.664,-1234.28,-0.00324684,0.0113335,-71.1512,4718.89,-372.457,1234.65,-0.00325712,-0.0112583,-71.1555
0.099,110.489,-1.63689,22.3747,0.000369611,-1.14482,-0.376927,-0.000365983,0.000119646,0.002547,3757.24,3,0,0.0320865,0,-0.0246132,0.0246222,-0.0116111,0.0116078,-0.0582868,-0.0582034,-0.0640528,-0.0639772,4676.67,-253.402,-2408.3,-0.00195034,0.0243642,-71.1443,4706.67,-258.809,2437,-0.00198789,-0.0245691,-71.1462,4674.74,-366.32,-1229.26,-0.00323227,0.0113141,-71.1244,4710.83,-371.669,1229.93,-0.00325334,-0.0112286,-71.1299
0.109,110.712,-1.64088,22.3667,0.000599701,-0.584977,-0.00173344,-0.000311044,0.000154551,0.00273451,3755.86,3,0,0.0304691,0,-0.0247434,0.0247135,-0.0116236,0.0116188,-0.0580968,-0.0579801,-0.0643147,-0.0641972,4690.88,-282.633,-2441.5,-0.0022386,0.0247142,-71.1317,4726.67,-290.89,2453.98,-0.00230127,-0.0246648,-71.134,4665.7,-362.815,-1224.63,-0.00320533,0.0112918,-71.0993,4705.33,-366.417,1225.19,-0.00320954,-0.0111995,-71.106
0.119,110.936,-1.64488,22.3589,0.000639706,-1.08377,-0.0225174,-0.00037225,0.000188812,0.00292087,3754.65,3,0,0.0291078,0,-0.0244848,0.024415,-0.0116334,0.0116269,-0.0579271,-0.0577729,-0.064589,-0.0644273,4708.72,-255.418,-2460.57,-0.00196059,0.0248739,-71.1157,4749.02,-260.195,2466.77,-0.00198997,-0.0247151,-71.1197,4660.25,-360.086,-1222.8,-0.00318354,0.0112895,-71.0757,4702.25,-361.895,1222.98,-0.00317102,-0.0111902,-71.0833
0.129,111.159,-1.64888,22.3512,0.000776533,-1.00327,-0.043927,-0.000340278,0.000220331,0.00310547,3753.53,3,0,0.0276704,0,-0.0243708,0.024221,-0.0116392,0.0116314,-0.0577411,-0.05755,-0.0648708,-0.0646661,4721.78,-261.616,-2449.38,-0.00202213,0.0246429,-71.0993,4765.37,-260.492,2452.97,-0.00199255,-0.0244355,-71.1046,4657.8,-355.319,-1224.47,-0.00314261,0.0113202,-71.0536,4701.17,-357.731,1224.28,-0.00313503,-0.0112126,-71.062
0.139,111.383,-1.65287,22.3439,0.000883033,-0.675518,0.0147162,-0.000359408,0.000249371,0.00328578,3752.44,3,0,0.0262553,0,-0.0245279,0.024419,-0.0116535,0.011645,-0.0575479,-0.0573179,-0.0651563,-0.0649096,4725.93,-237.861,-2458.8,-0.00177763,0.0247537,-71.091,4770.98,-239.975,2461.75,-0.00178226,-0.0245273,-71.0975,4657.14,-351.688,-1224.03,-0.00311059,0.0113225,-71.0327,4700.9,-353.056,1222.89,-0.00309399,-0.0112056,-71.0415
0.149,111.606,-1.65687,22.3364,0.000964218,-0.806287,-0.0209408,-0.000328194,0.000274507,0.00345733,3751.46,3,0,0.0248942,0,-0.0241691,0.0240852,-0.0116575,0.0116475,-0.0573895,-0.0571287,-0.0654389,-0.0651539,4737.82,-236.888,-2409.12,-0.00177405,0.0240253,-71.0723,4784.96,-236.008,2414.93,-0.00174693,-0.0238358,-71.0795,4657.69,-353.422,-1226.01,-0.00312556,0.0113397,-71.0135,4701.07,-354.503,1224.17,-0.00310664,-0.0112165,-71.0226
0.159,111.829,-1.66086,22.3291,0.00107806,-0.89659,-0.00111138,-0.000306558,0.000295777,0.00362089,3750.53,3,0,0.0235543,0,-0.0242277,0.0240935,-0.0116729,0.0116627,-0.0572271,-0.0569397,-0.0657178,-0.0653979,4742.74,-237.547,-2426.9,-0.00177918,0.0242308,-71.0606,4791.69,-239.656,2430.26,-0.00178194,-0.0239957,-71.0683,4659,-340.52,-1225.13,-0.00301074,0.0113461,-70.9949,4701.14,-341.075,1222.71,-0.00298923,-0.0112206,-71.0041
0.169,112.053,-1.66485,22.3223,0.00123263,-0.811007,0.0660301,-0.000219512,0.000313428,0.00377424,3749.62,3,0,0.0222949,0,-0.0241158,0.0239363,-0.0116799,0.0116685,-0.0570847,-0.0567728,-0.0659897,-0.0656386,4747.03,-206.844,-2445.05,-0.00147132,0.0244548,-71.0485,4796.75,-207.516,2447.2,-0.00146446,-0.0241974,-71.0573,4660.59,-336.949,-1227.18,-0.00297863,0.0113693,-70.9769,4700.97,-337.182,1223.94,-0.00295561,-0.0112396,-70.9859
0.179,112.276,-1.66884,22.3157,0.000981517,0.0995767,-0.307826,-0.000405859,0.000327082,0.00391659,3748.78,3,0,0.0208863,0,-0.0240997,0.0239059,-0.0116908,0.0116795,-0.0569605,-0.0566267,-0.0662545,-0.0658773,4748.03,-230.464,-2386.94,-0.00171445,0.02368,-71.0335,4797.7,-238.449,2391.14,-0.00177674,-0.0234575,-71.0428,4661.99,-327.635,-1222.49,-0.00289473,0.0113296,-70.9596,4700.24,-327.911,1218.28,-0.00287404,-0.0111951,-70.9684
0.189,112.499,-1.67283,22.3085,0.00142126,-0.99263,0.236547,-0.000124047,0.00033697,0.00404695,3747.97,3,0,0.0197723,0,-0.0240487,0.02391,-0.011693,0.0116816,-0.0568554,-0.0565026,-0.0665104,-0.0661118,4752.55,-189.651,-2441.92,-0.00130047,0.0243857,-71.0224,4800.15,-194.616,2440.27,-0.00133982,-0.0240913,-71.0321,4663.97,-325.216,-1229.79,-0.00287315,0.0114057,-70.9435,4699.79,-324.29,1224.81,-0.00284343,-0.0112698,-70.952
0.199,112.722,-1.67682,22.3016,0.00125304,-1.04916,-0.0222255,-0.000195793,0.000342941,0.0041646,3747.21,3,0,0.0185107,0,-0.0239465,0.0237979,-0.0116972,0.0116859,-0.0567718,-0.056407,-0.0667575,-0.0663429,4752.81,-203.233,-2400.51,-0.0014451,0.0238378,-71.0071,4799.8,-202.865,2401.8,-0.00142955,-0.023594,-71.0173,4665.78,-318.983,-1229.03,-0.00281642,0.011402,-70.9279,4699.07,-318.211,1223.86,-0.00278999,-0.0112701,-70.9359
0.209,112.945,-1.68081,22.2953,0.00131327,-0.514589,-0.0445232,-0.000162795,0.000345483,0.00426989,3746.44,3,0,0.0172282,0,-0.0239348,0.0237691,-0.0117068,0.0116956,-0.0567008,-0.0563293,-0.0669963,-0.0665703,4748.5,-211.236,-2415.2,-0.00152463,0.0240516,-70.9951,4794.68,-213.887,2419.04,-0.00153905,-0.023841,-71.0053,4668.15,-309.678,-1231.35,-0.00273215,0.0114337,-70.9126,4698.7,-309.297,1225.54,-0.0027113,-0.0113008,-70.9202
0.219,113.168,-1.6848,22.2884,0.00112098,-2.78424,-0.34371,-0.000251776,0.00034513,0.00436132,3745.71,3,0,0.0164011,0,-0.0239934,0.0238329,-0.0117143,0.0117036,-0.0566562,-0.0562804,-0.0672266,-0.0667933,4744.26,-134.79,-2351.63,-0.000777182,0.0232662,-70.9823,4788.97,-138.592,2363.68,-0.000808913,-0.0231785,-70.9926,4670.49,-307.023,-1233.73,-0.00270752,0.011457,-70.8971,4698.2,-306.293,1227.28,-0.00268524,-0.0113244,-70.9043
0.229,113.39,-1.68879,22.2833,0.00119582,-0.618806,-0.00369413,-0.000128615,0.000342591,0.0044408,3745,3,0,0.015034,0,-0.02396,0.0238035,-0.0117184,0.0117082,-0.0566295,-0.0562485,-0.0674481,-0.0670114,4737.95,-158.952,-2426.3,-0.00100454,0.02427,-70.971,4779.7,-160.57,2424.17,-0.00101634,-0.024004,-70.9821,4673.15,-301.482,-1233.41,-0.00265682,0.0114546,-70.8832,4698.25,-299.94,1227.01,-0.002629,-0.0113299,-70.8897
0.239,113.613,-1.69277,22.2767,0.00134167,-0.74622,0.0834597,4.15811e-05,0.000337297,0.00450691,3744.35,3,0,0.0138275,0,-0.0238385,0.0236989,-0.0117191,0.0117094,-0.0566273,-0.0562504,-0.0676607,-0.0672251,4732.44,-183.99,-2390.35,-0.00126559,0.0238244,-70.9545,4772.81,-182.244,2393.19,-0.00123978,-0.0236363,-70.9652,4676.23,-291.939,-1234.86,-0.00256985,0.0114751,-70.8697,4698.96,-291.31,1228.9,-0.00255193,-0.0113593,-70.8758
0.249,113.836,-1.69676,22.2717,0.00103944,-0.567077,-0.187296,-8.31236e-05,0.000330586,0.0045603,3743.67,3,0,0.0128747,0,-0.0238438,0.0236777,-0.0117234,0.0117147,-0.0566472,-0.0562746,-0.0678628,-0.0674308,4723.44,-142.934,-2404.75,-0.000857436,0.0240717,-70.9451,4762.36,-144.277,2406.98,-0.000867264,-0.02388,-70.9555,4679,-284.156,-1227.07,-0.00249832,0.0113966,-70.8566,4699.43,-284.008,1220.93,-0.00248623,-0.0112843,-70.8622
0.259,114.059,-1.70074,22.2655,0.00101254,-0.901945,-0.152383,-6.10627e-05,0.000322846,0.0046029,3742.94,3,0,0.0117483,0,-0.0239827,0.02378,-0.01173,0.0117215,-0.0566761,-0.0563117,-0.0680604,-0.0676346,4711.28,-144.47,-2396.82,-0.000873067,0.024037,-70.931,4749.25,-138.061,2392.57,-0.00080688,-0.0237671,-70.9415,4682.96,-283.474,-1243,-0.00249126,0.0115557,-70.8429,4701.52,-283.041,1237.37,-0.00247754,-0.0114527,-70.8482
0.269,114.281,-1.70473,22.2602,0.00110752,-0.795031,0.0581881,5.79084e-05,0.000314317,0.00463388,3742.41,3,0,0.0107425,0,-0.0239807,0.0237849,-0.0117331,0.0117251,-0.056736,-0.0563769,-0.068247,-0.0678294,4701.78,-127.49,-2402.05,-0.000702162,0.0241627,-70.9181,4737.17,-125.136,2395.17,-0.000679852,-0.0238702,-70.9285,4686.32,-279.453,-1239.56,-0.00245313,0.0115165,-70.8304,4703.26,-278.517,1233.97,-0.00243585,-0.0114187,-70.8352
0.279,114.504,-1.70871,22.2543,0.000969671,-0.422598,-0.0329988,5.61426e-05,0.000304953,0.00465531,3741.78,3,0,0.00953189,0,-0.024132,0.0239726,-0.0117374,0.0117301,-0.0568045,-0.0564538,-0.0684251,-0.0680177,4688.65,-168.916,-2390.38,-0.00112371,0.0240783,-70.9043,4722.24,-160.393,2388.37,-0.00103408,-0.0238612,-70.9148,4689.48,-267.358,-1239.73,-0.00234304,0.0115257,-70.8186,4705.12,-267.159,1234.98,-0.00233346,-0.0114389,-70.8231
0.289,114.726,-1.71269,22.25,0.00101804,0.103809,0.13327,0.000117736,0.000296047,0.00466631,3741.22,3,0,0.00862779,0,-0.0239313,0.0238302,-0.0117415,0.0117344,-0.0569097,-0.0565679,-0.0685945,-0.0681975,4680.31,-132.67,-2369.96,-0.000765841,0.0238616,-70.8942,4712.22,-131.723,2368.05,-0.000753975,-0.0236559,-70.904,4692.58,-263.656,-1241.79,-0.00230855,0.0115443,-70.8079,4707.19,-262.85,1236.91,-0.00229408,-0.0114594,-70.8121
0.299,114.949,-1.71667,22.2445,0.000840136,-1.12538,-0.172762,0.000104251,0.000287307,0.00466929,3740.62,3,0,0.00782362,0,-0.0239715,0.0237952,-0.0117439,0.0117373,-0.0570163,-0.0566872,-0.0687556,-0.06837,4671.16,-100.982,-2386.79,-0.000445983,0.0241394,-70.876,4703.42,-91.5716,2389.91,-0.000349913,-0.0239946,-70.8857,4695.57,-265.208,-1246.71,-0.00232125,0.011587,-70.7951,4709.61,-266.132,1243.23,-0.00232254,-0.0115158,-70.7992
0.309,115.171,-1.72066,22.2395,0.000762726,-0.214398,-0.00639909,7.34072e-05,0.000279242,0.00466658,3740.08,3,0,0.00665819,0,-0.0243174,0.0241288,-0.011746,0.0117399,-0.0571129,-0.0567927,-0.0689095,-0.0685349,4651.38,-115.226,-2394.93,-0.00058158,0.0243641,-70.8691,4682.49,-116.279,2385.48,-0.000594651,-0.024056,-70.8784,4698.1,-253.292,-1243.75,-0.00221274,0.0115639,-70.7837,4711.8,-252.961,1240.25,-0.00220323,-0.011495,-70.7877
0.319,115.393,-1.72464,22.2346,0.00121853,-1.57131,1.1331,0.000388905,0.000272042,0.0046552,3739.54,3,0,0.00601637,0,-0.0242005,0.0240806,-0.0117454,0.0117411,-0.0572609,-0.0569451,-0.0690545,-0.0686907,4647.71,-43.2972,-2444.23,0.000168688,0.0250508,-70.8508,4675.3,-51.8971,2409.75,6.28744e-05,-0.0244199,-70.8602,4700.37,-269.319,-1246.2,-0.0023563,0.0115652,-70.7729,4713.96,-261.693,1241.22,-0.00228097,-0.0114898,-70.7767
0.329,115.616,-1.72862,22.2301,0.000663041,-0.0761189,-0.00916969,9.46445e-05,0.000265696,0.00464041,3738.97,3,0,0.00482324,0,-0.0242997,0.0241955,-0.0117504,0.0117452,-0.0573922,-0.0570863,-0.0691937,-0.0688399,4631.93,-98.0952,-2399.51,-0.000406439,0.0245424,-70.8413,4660.97,-100.698,2398.65,-0.000433069,-0.0243577,-70.8501,4702.6,-243.584,-1246.02,-0.00212318,0.0115879,-70.7619,4716.53,-243.6,1243.59,-0.00211697,-0.0115292,-70.7658
0.339,115.838,-1.73259,22.226,0.000545181,-0.420895,-0.120611,0.000103446,0.000260619,0.00462002,3738.45,3,0,0.00409014,0,-0.0241983,0.0240726,-0.0117512,0.0117468,-0.0575455,-0.0572485,-0.0693249,-0.0689802,4624.5,-66.9658,-2373.59,-9.9217e-05,0.0242366,-70.8268,4654.07,-68.1078,2373.53,-0.000111514,-0.0240622,-70.8356,4704.59,-241.581,-1247.5,-0.00210436,0.0116009,-70.7513,4719.05,-242.585,1246.01,-0.00210689,-0.0115496,-70.7551
0.349,116.06,-1.73657,22.2206,0.000564563,-0.404057,-0.0211402,0.000121442,0.00025635,0.00459768,3737.91,3,0,0.00300154,0,-0.0244603,0.0242604,-0.0117529,0.0117483,-0.0576791,-0.0573924,-0.069451,-0.0691143,4608.64,-102.037,-2375.92,-0.000453711,0.0243632,-70.8151,4639.41,-100.854,2368.66,-0.00044428,-0.0240835,-70.8236,4706.69,-232.954,-1247.12,-0.00202487,0.0116013,-70.7414,4721.75,-233.377,1246.24,-0.00202222,-0.0115557,-70.7453
0.359,116.282,-1.74055,22.2162,0.000569476,-0.586819,0.0517381,0.000141912,0.000254186,0.00457216,3737.39,3,0,0.00216665,0,-0.0245275,0.0243831,-0.0117536,0.0117495,-0.0578319,-0.0575456,-0.0695709,-0.0692397,4598.74,-81.2782,-2395.47,-0.000232137,0.0246887,-70.8033,4628.34,-82.6372,2391.15,-0.000249334,-0.024451,-70.8122,4708.32,-228.005,-1248.73,-0.00197976,0.0116195,-70.731,4724.2,-228.436,1248.22,-0.00197695,-0.0115758,-70.735
0.369,116.504,-1.74452,22.2117,0.000558455,-0.644285,0.197432,0.000196085,0.00025255,0.00454463,3736.87,3,0,0.00128058,0,-0.0245298,0.0244108,-0.0117559,0.0117507,-0.0579881,-0.0577059,-0.0696841,-0.0693579,4591.14,-86.9122,-2381,-0.000294746,0.0245378,-70.7874,4621.06,-89.9765,2374.87,-0.000327477,-0.0242751,-70.7963,4710.17,-224.153,-1248.56,-0.00194378,0.0116173,-70.7213,4726.96,-223.07,1248.76,-0.00192706,-0.0115804,-70.7255
0.379,116.726,-1.7485,22.208,0.000335813,-0.518422,-0.205893,3.11315e-05,0.000251961,0.0045166,3736.38,3,0,0.000513023,0,-0.0246406,0.0245189,-0.0117553,0.0117516,-0.058138,-0.0578585,-0.0697917,-0.0694692,4580.85,-43.0143,-2380.89,0.000160989,0.024596,-70.7798,4612.05,-49.7815,2383.18,8.87967e-05,-0.024439,-70.7882,4711.8,-236.744,-1250.16,-0.00205775,0.0116167,-70.7115,4729.63,-235.974,1250.91,-0.00204307,-0.0115828,-70.7158
0.389,116.948,-1.75247,22.2038,0.000288489,-0.870043,-0.312278,6.49065e-06,0.000252638,0.00448829,3735.86,3,0.000514331,0,0,-0.0246611,0.0245084,-0.0117571,0.0117542,-0.0582883,-0.0580096,-0.069893,-0.0695725,4572.98,-57.882,-2369.23,4.80342e-06,0.0244862,-70.7661,4605.12,-41.8536,2372.93,0.000167519,-0.0243409,-70.7745,4713.4,-216.563,-1251.14,-0.00187373,0.0116442,-70.7024,4732.33,-218.173,1252.72,-0.00188082,-0.0116137,-70.7069
0.399,117.17,-1.75645,22.1998,0.000379256,0.0401053,-0.0452934,7.04623e-05,0.00025435,0.00446115,3735.36,3,0.00256006,0,0,-0.0248669,0.0246935,-0.0117587,0.0117551,-0.058425,-0.0581461,-0.0699899,-0.0696697,4563.28,-94.9113,-2380.53,-0.000373913,0.0247021,-70.7533,4595.39,-101.637,2376.14,-0.000445052,-0.024446,-70.7615,4715.03,-204.928,-1250.17,-0.00176721,0.0116417,-70.6927,4734.91,-205.642,1251.47,-0.00176633,-0.0116069,-70.6974
0.409,117.392,-1.76042,22.1964,0.000147268,0.296346,-0.445441,-8.39382e-05,0.000256388,0.00443474,3734.87,3,0.00403616,0,0,-0.0248941,0.0247561,-0.011761,0.0117576,-0.0585697,-0.0582879,-0.0700817,-0.0697612,4557.47,-81.43,-2378.2,-0.000232533,0.0247058,-70.7404,4590.22,-76.5597,2388.36,-0.000180266,-0.0246437,-70.7489,4716.81,-201.955,-1253,-0.00173936,0.0116697,-70.6834,4737.7,-203.946,1254.96,-0.00174988,-0.0116381,-70.6883
0.419,117.614,-1.76439,22.1922,0.000457146,-0.62729,-0.0166085,9.79185e-05,0.000259038,0.00441019,3734.44,3,0.0054014,0,0,-0.0247916,0.0247269,-0.0117581,0.0117547,-0.0587053,-0.0584217,-0.0701678,-0.0698456,4555.74,-61.6663,-2391.17,-2.34583e-05,0.0248942,-70.7255,4588.55,-63.9218,2398.42,-4.62547e-05,-0.0247907,-70.7339,4718.53,-200.256,-1254.17,-0.00172326,0.0116793,-70.6749,4740.19,-201.122,1256.09,-0.00172345,-0.0116465,-70.6799
0.429,117.836,-1.76836,22.1877,0.000545813,-0.552921,0.112884,0.000165847,0.000261646,0.00438849,3733.93,3,0.00730506,0,0,-0.0250329,0.0248888,-0.0117609,0.0117573,-0.0588174,-0.0585356,-0.0702487,-0.0699245,4547.62,-101.936,-2384.82,-0.000443142,0.0248586,-70.7107,4582.23,-102.765,2386.57,-0.00045089,-0.0246684,-70.7191,4720.19,-190.708,-1254.16,-0.00163536,0.0116839,-70.6663,4742.49,-190.997,1256.18,-0.00163056,-0.0116512,-70.6715
0.439,118.058,-1.77233,22.1855,0.000436969,0.211071,-0.0616309,7.94217e-05,0.00026417,0.00436908,3733.46,3,0.00852185,0,0,-0.0250168,0.0248406,-0.011763,0.0117599,-0.0589353,-0.0586516,-0.0703247,-0.0699976,4545.07,-48.3973,-2435.69,0.000136285,0.0255819,-70.6984,4580.52,-48.2416,2438.47,0.000133009,-0.0253927,-70.7066,4721.73,-191.625,-1257.61,-0.00164327,0.0117153,-70.6576,4744.38,-192.473,1259.78,-0.00164347,-0.0116826,-70.6629
0.449,118.28,-1.7763,22.1805,0.000435298,-0.487293,0.281198,7.38243e-05,0.000266605,0.00435368,3733.01,3,0.0103269,0,0,-0.0251298,0.0249859,-0.0117634,0.0117604,-0.0590324,-0.0587432,-0.070396,-0.0700658,4542.4,-92.6706,-2441.8,-0.000327539,0.0256883,-70.6814,4576.72,-92.5116,2428.49,-0.000330512,-0.0252809,-70.6902,4723.4,-181.956,-1256.24,-0.00155408,0.0117054,-70.6495,4746.22,-180.596,1258.37,-0.00153449,-0.0116739,-70.6548
0.459,118.502,-1.78027,22.1777,0.000450419,-0.304285,0.032358,7.17829e-05,0.000268287,0.00434125,3732.57,3,0.0116022,0,0,-0.0251452,0.0250325,-0.0117644,0.0117616,-0.0591267,-0.0588335,-0.0704623,-0.0701294,4540.33,-56.3757,-2414.29,4.84006e-05,0.0253131,-70.6706,4574.4,-55.957,2416.78,4.99835e-05,-0.0251313,-70.6793,4724.89,-180.831,-1257.06,-0.00154342,0.0117113,-70.6412,4747.65,-180.929,1259.07,-0.00153731,-0.0116775,-70.6466
0.469,118.723,-1.78424,22.1735,0.000670124,-0.488065,0.393298,0.000205643,0.000269338,0.00433244,3732.12,3,0.0132994,0,0,-0.0250812,0.0249585,-0.0117646,0.0117619,-0.0592089,-0.0589164,-0.0705239,-0.0701886,4539.88,-93.1208,-2355.04,-0.000357235,0.0244962,-70.6538,4574.4,-88.3868,2346.23,-0.000311311,-0.0241668,-70.6626,4726.51,-171.676,-1257.11,-0.00145883,0.0117155,-70.6334,4748.95,-170.841,1259.1,-0.00144478,-0.0116829,-70.6388
0.479,118.945,-1.78821,22.1704,0.00031546,-0.751537,-0.179287,-4.60042e-05,0.000269367,0.0043283,3731.69,3,0.0145053,0,0,-0.0252342,0.0250582,-0.0117615,0.0117592,-0.0592642,-0.0589726,-0.0705813,-0.0702445,4538.48,-47.6349,-2410.22,0.000141115,0.025267,-70.6451,4574.01,-44.4761,2410.63,0.000168547,-0.0250474,-70.6537,4728.02,-172.994,-1259.66,-0.00147069,0.0117372,-70.6252,4749.96,-173.399,1261.52,-0.00146808,-0.0117034,-70.6305
0.489,119.167,-1.79218,22.1679,0.000375585,0.369153,0.0341713,-1.70476e-05,0.000269036,0.00432694,3731.24,3,0.0160491,0,0,-0.0252186,0.0250719,-0.0117668,0.0117645,-0.0593262,-0.0590315,-0.0706341,-0.0702959,4542.32,-56.1763,-2477.09,7.484e-05,0.026188,-70.6302,4576.44,-52.2153,2470.23,0.000107934,-0.0258642,-70.639,4729.9,-168.797,-1264.84,-0.00143081,0.0117897,-70.6172,4751.18,-168.152,1266.49,-0.00141895,-0.011756,-70.6224
0.499,119.388,-1.79614,22.1632,0.000545998,-0.633917,0.267713,9.00125e-05,0.000267635,0.0043301,3730.82,3,0.0176321,0,0,-0.0252849,0.025166,-0.0117653,0.0117628,-0.0593665,-0.059071,-0.0706837,-0.0703453,4543.09,-63.6098,-2433.73,-1.69005e-05,0.0255689,-70.6185,4576,-64.7238,2424.77,-3.50913e-05,-0.0252328,-70.6271,4731.45,-156.288,-1259.45,-0.00131586,0.0117396,-70.6098,4751.9,-154.576,1260.43,-0.00129499,-0.0117019,-70.6148
0.509,119.61,-1.80011,22.1595,0.000506278,-0.581292,0.00767547,6.57906e-05,0.00026496,0.00433625,3730.39,3,0.0192782,0,0,-0.0252331,0.0251339,-0.0117643,0.0117618,-0.0594016,-0.0591078,-0.0707284,-0.0703912,4545.97,-87.9454,-2410.96,-0.000280917,0.0252326,-70.6055,4578.49,-84.1777,2415.52,-0.000241801,-0.0250901,-70.614,4733.21,-152.46,-1260.59,-0.00127997,0.01175,-70.6022,4752.71,-152.324,1261.5,-0.00127401,-0.0117126,-70.6071
0.519,119.831,-1.80407,22.1571,0.000430663,0.384064,-0.204992,1.31509e-05,0.0002617,0.00434577,3729.98,3,0.02073,0,0,-0.0252733,0.0251397,-0.0117664,0.011764,-0.0594187,-0.0591294,-0.0707691,-0.0704338,4549.77,-84.0059,-2432.24,-0.000233273,0.0255058,-70.5938,4582.34,-88.2347,2444.48,-0.00027549,-0.0254678,-70.6021,4734.95,-149.824,-1262.57,-0.00125524,0.0117681,-70.5947,4753.39,-150.207,1263.04,-0.00125446,-0.0117284,-70.5994
0.529,120.053,-1.80804,22.1532,0.000474344,-0.57712,-0.0371611,5.28516e-05,0.000257405,0.00435822,3729.57,3,0.0220153,0,0,-0.0253037,0.0251205,-0.0117629,0.0117608,-0.0594275,-0.0591423,-0.0708056,-0.0704737,4552.2,-63.2244,-2440.22,-1.16776e-05,0.025601,-70.5843,4583.83,-64.4008,2440.74,-2.84957e-05,-0.025405,-70.5927,4736.46,-146.536,-1256.27,-0.00122511,0.0117016,-70.5871,4753.84,-146.279,1256.79,-0.00121881,-0.0116656,-70.5915
0.539,120.274,-1.812,22.1504,0.000420516,0.0967846,0.133505,2.34937e-05,0.000252428,0.00437307,3729.16,3,0.023493,0,0,-0.0252574,0.0251131,-0.011768,0.0117658,-0.0594314,-0.059148,-0.0708395,-0.0705118,4558.34,-74.5819,-2443.05,-0.000128719,0.0256018,-70.5705,4588.19,-71.4928,2434.58,-0.000103084,-0.0252922,-70.579,4738.7,-141.818,-1264.7,-0.00118014,0.0117865,-70.58,4754.99,-139.956,1264.99,-0.00115946,-0.0117515,-70.5842
0.549,120.496,-1.81596,22.1463,0.000617805,-0.525605,0.214687,0.000184621,0.00024662,0.00439083,3728.77,3,0.0250286,0,0,-0.0253252,0.0252237,-0.0117646,0.0117624,-0.0594124,-0.0591334,-0.0708681,-0.070546,4560.88,-86.1127,-2420.6,-0.000256402,0.025272,-70.5608,4589.07,-83.8593,2419.88,-0.0002346,-0.0250841,-70.5692,4740.52,-138.152,-1264.17,-0.00114597,0.011779,-70.573,4755.71,-137.437,1264.41,-0.00113624,-0.0117455,-70.577
0.559,120.717,-1.81993,22.1433,0.000488577,-0.629466,0.04146,9.68953e-05,0.000240119,0.00440934,3728.38,3,0.0263233,0,0,-0.0252331,0.0251088,-0.0117668,0.0117648,-0.0594031,-0.0591321,-0.0708938,-0.0705781,4566.62,-73.923,-2414.46,-0.000132218,0.0251498,-70.5499,4594.65,-73.0247,2414.52,-0.000125211,-0.0249749,-70.5578,4742.33,-131.407,-1265.97,-0.00108323,0.0117975,-70.5659,4756.35,-131.29,1266.1,-0.00107942,-0.0117651,-70.5697
0.569,120.939,-1.82389,22.1399,0.000406807,-0.19164,-0.0404815,4.26809e-05,0.000233254,0.00443035,3728.01,3,0.0279738,0,0,-0.0252865,0.0251285,-0.0117653,0.0117633,-0.0593711,-0.0591073,-0.0709162,-0.0706078,4569.37,-99.4386,-2429.71,-0.000393169,0.0253451,-70.5402,4596.48,-101.794,2428.13,-0.0004199,-0.0251516,-70.5479,4744.08,-124.551,-1264.95,-0.00101958,0.0117867,-70.5589,4757.11,-124.084,1264.66,-0.00101293,-0.0117527,-70.5625
0.579,121.16,-1.82785,22.1372,0.000321564,-0.0471239,-0.0809497,1.58375e-05,0.000225898,0.0044513,3727.6,3,0.0292126,0,0,-0.0252195,0.0250556,-0.0117667,0.011765,-0.0593473,-0.0590905,-0.0709342,-0.0706338,4576.44,-86.2015,-2449.81,-0.000248866,0.0255802,-70.5296,4601.93,-88.6274,2446.72,-0.000278735,-0.0253742,-70.5371,4745.84,-122.623,-1270.79,-0.00100082,0.0118438,-70.5521,4757.9,-122.424,1270.15,-0.000996908,-0.0118082,-70.5555
0.589,121.381,-1.83181,22.1339,0.000317742,-0.027578,-0.0309765,5.45715e-05,0.000218298,0.00447336,3727.28,3,0.0306946,0,0,-0.0252183,0.0251237,-0.0117676,0.011766,-0.0593117,-0.0590585,-0.0709499,-0.0706583,4580.9,-104.627,-2426.95,-0.000449795,0.0252335,-70.5183,4604.35,-103.301,2427.19,-0.000436032,-0.0250895,-70.526,4747.51,-117.518,-1266.14,-0.000953905,0.0117945,-70.5455,4758.63,-117.041,1266.18,-0.000947631,-0.0117685,-70.5486
0.599,121.603,-1.83577,22.1311,0.00040065,0.0106541,0.0483227,0.000124185,0.000210447,0.00449556,3726.91,3,0.0319737,0,0,-0.0252002,0.0251089,-0.0117675,0.0117659,-0.0592712,-0.0590281,-0.0709624,-0.0706802,4583.94,-85.152,-2426.88,-0.00024629,0.0252131,-70.512,4606.61,-82.3605,2428.34,-0.000217764,-0.025091,-70.5192,4749.19,-112.519,-1272.7,-0.000906382,0.0118608,-70.5387,4759.5,-112.129,1272.67,-0.000901138,-0.0118357,-70.5416
0.609,121.824,-1.83973,22.1282,0.00061466,0.078595,0.481036,0.000297392,0.000202525,0.00451733,3726.57,3,0.0332964,0,0,-0.0250372,0.0249094,-0.0117664,0.0117646,-0.0592319,-0.0589991,-0.0709718,-0.0706991,4588.55,-85.419,-2420.97,-0.00025489,0.0251023,-70.5021,4610.02,-85.3132,2407.16,-0.000260174,-0.0247798,-70.509,4750.58,-109.313,-1260.02,-0.000877874,0.0117284,-70.5322,4760.09,-107.272,1260.04,-0.000857621,-0.0117069,-70.535
0.619,122.045,-1.84369,22.1248,0.000316629,-0.49748,0.0327427,8.45069e-05,0.000194764,0.00453887,3726.21,3,0.034557,0,0,-0.0250948,0.0249238,-0.0117635,0.011762,-0.0591786,-0.058954,-0.0709779,-0.0707147,4591.49,-68.9419,-2431.27,-8.00755e-05,0.0252254,-70.4924,4612.37,-72.4828,2423.98,-0.000124144,-0.0249948,-70.4992,4752.17,-104.026,-1272.79,-0.000827017,0.0118586,-70.526,4760.99,-103.007,1272.37,-0.000816368,-0.0118334,-70.5286
0.629,122.266,-1.84765,22.1214,0.000356386,-0.825825,-0.194969,0.000164818,0.000186837,0.00455912,3725.9,3,0.035939,0,0,-0.0251599,0.0250697,-0.011768,0.011766,-0.0591316,-0.0589123,-0.0709817,-0.0707287,4594.75,-93.3451,-2388.09,-0.000341584,0.0246133,-70.4824,4613.37,-95.269,2405.45,-0.000359775,-0.0247363,-70.489,4753.91,-90.1223,-1278.13,-0.000697353,0.0119153,-70.5198,4762.19,-91.0983,1277.77,-0.000705511,-0.011891,-70.5223
0.639,122.487,-1.85161,22.1188,0.000305223,-0.57552,0.128995,0.000125308,0.000179051,0.00457816,3725.56,3,0.0371647,0,0,-0.0251027,0.0250425,-0.0117649,0.0117634,-0.0590855,-0.0588761,-0.0709825,-0.0707394,4598.07,-65.12,-2457.25,-2.86512e-05,0.025544,-70.4758,4616.45,-68.2396,2454.94,-6.37556e-05,-0.0253954,-70.4819,4755.35,-98.7772,-1270.62,-0.00077862,0.011831,-70.5135,4763.07,-97.9111,1270.86,-0.000769579,-0.0118152,-70.5159
0.649,122.708,-1.85557,22.1173,0.000309982,0.613661,0.194609,0.000231997,0.000171924,0.00459461,3725.28,3,0.03842,0,0,-0.0249642,0.0248729,-0.011771,0.0117708,-0.0590556,-0.0588571,-0.0709819,-0.070748,4603.73,-73.0176,-2418.92,-0.000130785,0.0249789,-70.4649,4621.47,-73.3399,2414.43,-0.000136448,-0.0248084,-70.4711,4756.47,-94.2246,-1265.66,-0.000737256,0.0117791,-70.5074,4763.67,-92.8089,1266.16,-0.000723187,-0.0117676,-70.5096
0.659,122.93,-1.85952,22.1132,0.000199872,-0.246864,-0.03781,0.000102519,0.000164836,0.00461157,3724.94,3,0.0398647,0,0,-0.0252238,0.0250921,-0.0117669,0.0117655,-0.0589919,-0.0588031,-0.0709791,-0.070755,4599.58,-73.9575,-2452.05,-0.000120531,0.0254628,-70.4611,4618.02,-70.0094,2449.41,-8.33475e-05,-0.0253093,-70.4668,4757.99,-88.9068,-1269.82,-0.000687008,0.0118204,-70.5014,4764.98,-89.0116,1270.5,-0.000687066,-0.0118105,-70.5035
0.669,123.151,-1.86348,22.1109,0.000258115,0.196692,0.0514763,0.000149277,0.000158551,0.00462398,3724.66,3,0.0411167,0,0,-0.0249624,0.024872,-0.0117706,0.0117674,-0.0589718,-0.0587886,-0.0709726,-0.0707574,4608.75,-93.3631,-2431.46,-0.000334677,0.0251206,-70.4461,4625.84,-94.3146,2429.59,-0.000347112,-0.024989,-70.4519,4759.13,-82.578,-1273.31,-0.000627904,0.0118558,-70.4958,4765.97,-82.9292,1273.89,-0.000630342,-0.0118451,-70.4979
0.679,123.372,-1.86744,22.1075,0.000160328,-0.292161,0.00152061,0.000104362,0.000152386,0.00463613,3724.35,3,0.0424199,0,0,-0.0251238,0.0250691,-0.0117671,0.0117661,-0.0589245,-0.0587456,-0.0709653,-0.070759,4606.56,-83.1625,-2438.59,-0.000222971,0.0252326,-70.4428,4622.16,-84.4706,2439.96,-0.000237198,-0.0251541,-70.4484,4760.27,-79.4433,-1271.2,-0.00059884,0.0118324,-70.4899,4767.03,-79.382,1272.15,-0.000597444,-0.0118259,-70.4919
0.689,123.593,-1.87139,22.1052,0.00016344,-0.251654,-0.0433118,0.000134771,0.000146624,0.00464424,3724.06,3,0.0434917,0,0,-0.0248821,0.0248352,-0.011767,0.0117659,-0.0589027,-0.0587321,-0.0709547,-0.0707568,4612.42,-65.7773,-2484.21,-3.24428e-05,0.0258276,-70.4317,4627.9,-68.1593,2489.96,-5.60493e-05,-0.0258081,-70.437,4761.49,-78.021,-1278.29,-0.000584351,0.0119029,-70.4842,4768.2,-78.5419,1279.54,-0.000588386,-0.0118993,-70.4862
0.699,123.814,-1.87535,22.1016,-7.73115e-05,-1.05391,0.122998,-7.82773e-06,0.000141037,0.00465101,3723.78,3,0.044827,0,0,-0.0249535,0.0247958,-0.0117582,0.0117576,-0.0588587,-0.0586963,-0.070943,-0.0707533,4607.83,-93.652,-2357.19,-0.000360551,0.0241163,-70.4221,4623.34,-92.1176,2328.85,-0.00035403,-0.0236476,-70.427,4762.29,-70.4766,-1270.08,-0.000515764,0.0118189,-70.4789,4769,-69.272,1271.99,-0.000503804,-0.0118227,-70.4809
0.709,124.035,-1.8793,22.0996,0.000106492,-0.279221,0.0105805,0.000112941,0.000136439,0.00465513,3723.51,3,0.0460428,0,0,-0.0250821,0.0249821,-0.0117671,0.0117661,-0.0588224,-0.0586652,-0.0709301,-0.0707471,4605.14,-76.1288,-2445.51,-0.000149511,0.0253369,-70.4181,4620.08,-70.3593,2442.02,-9.352e-05,-0.0251945,-70.4233,4763.44,-69.8067,-1272.17,-0.000509008,0.0118378,-70.4732,4770.09,-69.7196,1273.83,-0.000507437,-0.0118388,-70.4752
0.719,124.256,-1.88325,22.0964,0.000187867,-0.56385,0.466777,0.000183936,0.00013184,0.00465577,3723.24,3,0.0474062,0,0,-0.0248951,0.0248313,-0.0117658,0.0117645,-0.0588084,-0.0586563,-0.0709147,-0.0707384,4609.1,-95.7395,-2499.51,-0.000341053,0.0260648,-70.4061,4622.75,-99.4522,2477.5,-0.000386751,-0.0256688,-70.4109,4764.48,-63.758,-1275.64,-0.000452073,0.0118725,-70.4681,4771.12,-61.7902,1277.27,-0.000433172,-0.0118736,-70.4701
0.729,124.477,-1.88721,22.0946,7.54e-05,0.360494,0.044872,0.000130013,0.000127319,0.00465441,3722.97,3,0.0486604,0,0,-0.0250312,0.0249837,-0.0117676,0.0117666,-0.0587848,-0.0586378,-0.0708978,-0.0707281,4604.24,-104.851,-2427.69,-0.000454535,0.025097,-70.4001,4617.95,-102.634,2428.03,-0.000431014,-0.0250165,-70.4052,4765.5,-58.7583,-1272.38,-0.000406216,0.0118377,-70.4627,4772.08,-58.7038,1274.48,-0.000405069,-0.0118434,-70.4646
0.739,124.697,-1.89116,22.0918,7.70743e-05,-0.2262,-0.0105066,0.000125632,0.000123181,0.00465004,3722.71,3,0.0496998,0,0,-0.0248714,0.0248234,-0.0117658,0.0117647,-0.0587786,-0.0586382,-0.0708797,-0.0707157,4605.49,-81.5005,-2428.62,-0.000214156,0.0251017,-70.393,4619.43,-80.9767,2431.36,-0.000208615,-0.0250527,-70.3975,4766.69,-57.1723,-1272.89,-0.000391173,0.0118405,-70.4574,4773.14,-57.3191,1274.91,-0.000391953,-0.0118456,-70.4594
0.749,124.918,-1.89511,22.0894,4.31581e-05,-0.715316,-0.108165,0.000113877,0.000119254,0.00464311,3722.47,3,0.0506523,0,0,-0.0248262,0.0247199,-0.0117664,0.0117654,-0.0587749,-0.0586398,-0.0708596,-0.070701,4605.57,-79.8696,-2374.3,-0.000214357,0.02436,-70.3833,4619.67,-66.151,2375.62,-7.57815e-05,-0.024293,-70.3878,4767.9,-49.5495,-1278.94,-0.000319623,0.0119011,-70.4523,4774.22,-50.8662,1281.19,-0.000331263,-0.0119087,-70.4542
0.759,125.139,-1.89906,22.0867,2.64426e-06,-0.602177,-0.127336,7.27568e-05,0.000115702,0.00463491,3722.21,3,0.0519721,0,0,-0.0250518,0.0249941,-0.0117664,0.0117655,-0.058758,-0.0586236,-0.0708385,-0.0706848,4600.47,-70.0705,-2412.09,-9.79028e-05,0.0249053,-70.3798,4612.8,-71.4693,2417.7,-0.000112932,-0.0249062,-70.3842,4768.68,-49.2357,-1274.15,-0.000317465,0.0118502,-70.4474,4774.88,-49.8573,1276.13,-0.000322711,-0.0118554,-70.4493
0.769,125.36,-1.90301,22.0846,-0.000210299,0.285589,-0.222256,-4.36279e-05,0.000111992,0.00462327,3721.94,3,0.0533549,0,0,-0.0248863,0.0248583,-0.0117661,0.0117649,-0.0587684,-0.0586381,-0.0708151,-0.0706667,4601.65,-104.912,-2440.67,-0.000453586,0.0252921,-70.3677,4613.68,-98.7272,2443.2,-0.000388297,-0.0252515,-70.372,4769.7,-41.1325,-1279.57,-0.000241138,0.0119045,-70.4427,4775.82,-41.4327,1282.01,-0.000243449,-0.0119147,-70.4445
0.779,125.581,-1.90696,22.0819,9.07727e-05,0.17692,0.0619318,0.000163839,0.000108328,0.00461058,3721.71,3,0.0545941,0,0,-0.0249985,0.0249749,-0.0117657,0.0117648,-0.0587613,-0.0586381,-0.0707906,-0.0706472,4596.75,-115.932,-2407.64,-0.000576541,0.0248675,-70.362,4608.92,-113.482,2412.67,-0.000549294,-0.0248617,-70.366,4770.51,-37.279,-1274.1,-0.000206289,0.0118469,-70.4379,4776.48,-37.3524,1276.41,-0.00020661,-0.0118562,-70.4397
0.789,125.802,-1.91091,22.08,9.17316e-06,-0.256274,-0.0961066,0.000120663,0.00010496,0.00459467,3721.48,3,0.0553613,0,0,-0.0249182,0.0248442,-0.0117675,0.0117666,-0.0587766,-0.0586594,-0.0707643,-0.0706253,4597.36,-69.7359,-2437.18,-8.98623e-05,0.0252701,-70.3545,4610.08,-69.1524,2443.2,-8.33907e-05,-0.0252733,-70.3583,4771.44,-38.4648,-1275.09,-0.00021716,0.0118547,-70.4332,4777.22,-38.6301,1277.53,-0.000218291,-0.0118658,-70.4349
0.799,126.022,-1.91486,22.0777,1.20906e-05,-0.875686,-0.0332419,0.000107719,0.000101713,0.0045777,3721.24,3,0.0562475,0,0,-0.0249739,0.0249035,-0.0117661,0.0117653,-0.0587853,-0.058669,-0.0707371,-0.0706025,4595.25,-55.8462,-2409.71,4.702e-05,0.0249038,-70.3459,4606.71,-43.0967,2410.97,0.000175729,-0.0248489,-70.3499,4772.39,-39.496,-1275.54,-0.000226651,0.0118569,-70.4286,4777.99,-39.5341,1278.01,-0.000226595,-0.0118687,-70.4303
0.809,126.243,-1.91881,22.0753,-8.71489e-05,-0.117716,-0.0508328,4.12535e-05,9.84723e-05,0.00455935,3721.01,3,0.0577192,0,0,-0.0250148,0.0249727,-0.0117657,0.0117651,-0.0587966,-0.0586816,-0.0707089,-0.0705785,4591.55,-81.9498,-2427.37,-0.000217343,0.0251718,-70.3398,4601.86,-82.8614,2427.07,-0.000228239,-0.025103,-70.3435,4773.29,-30.1523,-1275.68,-0.000139853,0.0118571,-70.424,4778.7,-30.0688,1278.01,-0.000138769,-0.0118679,-70.4257
0.819,126.464,-1.92276,22.0736,-2.45354e-05,0.134277,0.0148716,9.70738e-05,9.51933e-05,0.00453866,3720.78,3,0.0587001,0,0,-0.0248458,0.0248439,-0.011766,0.0117651,-0.0588217,-0.0587111,-0.0706789,-0.0705528,4592.97,-71.4035,-2453.27,-0.000102788,0.0255214,-70.33,4602.87,-75.0208,2457.51,-0.000138948,-0.0255173,-70.3336,4774.27,-27.753,-1277.5,-0.000117164,0.0118735,-70.4197,4779.48,-27.6986,1279.89,-0.000116378,-0.0118854,-70.4212
0.829,126.684,-1.9267,22.0708,-4.77981e-07,-0.443322,0.0867722,0.00013268,9.15248e-05,0.0045177,3720.56,3,0.0598162,0,0,-0.025023,0.0249571,-0.0117652,0.0117641,-0.058828,-0.058726,-0.0706482,-0.0705267,4586.27,-74.3864,-2421.51,-0.000141174,0.0251236,-70.3262,4597.35,-71.6197,2417.54,-0.000114253,-0.0249995,-70.3296,4775.21,-24.5266,-1276.49,-8.74468e-05,0.0118611,-70.4152,4780.12,-23.9454,1279.06,-8.18417e-05,-0.0118755,-70.4168
0.839,126.905,-1.93065,22.0687,-0.000161461,-0.574219,-0.156247,-2.81572e-06,8.81536e-05,0.00449501,3720.34,3,0.0608275,0,0,-0.0249395,0.0248562,-0.011764,0.0117635,-0.058851,-0.0587516,-0.0706155,-0.0704981,4586.33,-73.1069,-2416.44,-0.000131545,0.0250531,-70.3152,4596.93,-68.8489,2415.88,-8.96666e-05,-0.0249791,-70.3186,4776.09,-22.2742,-1277.03,-6.66052e-05,0.0118646,-70.4112,4780.69,-22.3522,1279.44,-6.71207e-05,-0.0118781,-70.4127
0.849,127.126,-1.9346,22.0663,-6.23417e-05,-0.11127,0.0191024,8.07511e-05,8.49632e-05,0.00447225,3720.11,3,0.0622094,0,0,-0.0251155,0.0250485,-0.0117645,0.0117638,-0.0588657,-0.0587674,-0.0705832,-0.0704697,4580.73,-102.816,-2418.79,-0.000436552,0.0251213,-70.3095,4589.84,-101.827,2416.25,-0.000427871,-0.0250293,-70.313,4777.05,-14.0142,-1276.3,1.0122e-05,0.0118548,-70.407,4781.38,-13.6943,1278.64,1.32462e-05,-0.0118684,-70.4084
0.859,127.346,-1.93854,22.0642,-0.000206633,-0.299146,-0.354282,-1.17845e-05,8.12289e-05,0.00444763,3719.92,3,0.0631972,0,0,-0.0250083,0.0249854,-0.0117644,0.0117635,-0.0588985,-0.0588029,-0.0705484,-0.0704396,4580.23,-98.651,-2383.98,-0.00040494,0.0246456,-70.3007,4588.85,-94.1314,2396.78,-0.000354383,-0.024768,-70.304,4777.96,-9.239,-1276.71,5.45566e-05,0.0118566,-70.4028,4782.01,-10.3596,1279,4.42646e-05,-0.0118704,-70.4041
0.869,127.567,-1.94249,22.062,-0.000108883,-0.684693,0.0255054,4.13219e-05,7.75508e-05,0.00442298,3719.69,3,0.0641421,0,0,-0.0248928,0.0248836,-0.0117597,0.011759,-0.0589238,-0.058833,-0.0705129,-0.0704085,4580.24,-92.7683,-2382.26,-0.000345399,0.0246219,-70.2933,4588.39,-90.8369,2378.04,-0.000326572,-0.0245146,-70.2964,4778.91,-8.20577,-1277.84,6.43474e-05,0.0118659,-70.3989,4782.58,-7.53767,1280.09,7.06249e-05,-0.01188,-70.4002
0.879,127.788,-1.94643,22.0603,-5.10774e-05,-0.288717,0.059485,9.73168e-05,7.38476e-05,0.00439821,3719.48,3,0.0651941,0,0,-0.0250316,0.0249573,-0.0117632,0.0117622,-0.058942,-0.058859,-0.0704765,-0.0703765,4576.64,-86.7712,-2420.99,-0.000271079,0.0251774,-70.2884,4585.4,-83.9132,2415.55,-0.000243777,-0.025047,-70.2913,4779.61,-4.3548,-1278.29,9.98479e-05,0.0118686,-70.3949,4782.92,-3.54959,1280.53,0.000107361,-0.0118834,-70.3961
0.889,128.008,-1.95038,22.0583,-0.000162071,0.000127317,-0.0613423,1.02651e-05,7.01903e-05,0.00437318,3719.26,3,0.0663529,0,0,-0.0250722,0.0249947,-0.011763,0.0117622,-0.0589648,-0.0588849,-0.0704389,-0.0703433,4574.04,-94.1342,-2448.12,-0.000338499,0.0255719,-70.281,4581.89,-99.3995,2443.08,-0.000396051,-0.0254512,-70.2836,4780.66,-0.168349,-1279.67,0.000139242,0.0118798,-70.391,4783.58,0.197016,1281.73,0.000142685,-0.0118939,-70.3922
0.899,128.229,-1.95432,22.0558,7.73574e-05,-0.651392,-0.163159,0.000177668,6.6516e-05,0.004348,3719.07,3,0.0673602,0,0,-0.025019,0.0250061,-0.0117595,0.0117587,-0.0589884,-0.05891,-0.0704001,-0.070309,4572.55,-102.399,-2350.67,-0.000452927,0.0242383,-70.2719,4579.56,-103.667,2372.34,-0.000458942,-0.0244906,-70.2748,4781.32,2.54181,-1276.59,0.000163358,0.0118465,-70.3875,4783.9,0.962758,1278.27,0.000148711,-0.0118577,-70.3884
0.909,128.449,-1.95826,22.0546,-4.83165e-05,0.475026,-0.000637114,8.58941e-05,6.19301e-05,0.00432344,3718.86,3,0.0685187,0,0,-0.0252183,0.0252006,-0.0117629,0.0117623,-0.0590049,-0.0589309,-0.0703616,-0.0702761,4568.71,-116.656,-2423.29,-0.000578279,0.0252595,-70.2683,4574.64,-113.21,2427.49,-0.000541312,-0.0252804,-70.2708,4782.39,7.62382,-1279.08,0.000211206,0.0118688,-70.3835,4784.56,7.65966,1281.08,0.000211533,-0.011884,-70.3844
0.919,128.67,-1.96221,22.0529,-0.000350975,-0.553875,-0.275583,-0.000138688,5.78391e-05,0.00429768,3718.71,3,0.0690159,0,0,-0.0248635,0.0248615,-0.0117578,0.0117576,-0.0590449,-0.0589731,-0.0703205,-0.0702397,4574.47,-61.1241,-2419.6,-4.70045e-06,0.0251703,-70.2605,4580.07,-67.1184,2421.46,-6.55038e-05,-0.0251613,-70.2626,4783.5,6.61534,-1288.32,0.000203877,0.0119608,-70.3798,4785.21,6.68345,1289.95,0.000204505,-0.0119734,-70.3806
0.929,128.89,-1.96615,22.0501,-0.000134288,-0.0911561,-0.120578,2.93999e-05,5.38611e-05,0.00427389,3718.45,3,0.0706105,0,0,-0.0252319,0.0251643,-0.0117623,0.0117616,-0.0590499,-0.0589862,-0.0702805,-0.0702046,4568.58,-137.216,-2446.24,-0.000789611,0.0255792,-70.2529,4574.22,-132.087,2448.85,-0.000735572,-0.0255796,-70.2543,4784.3,14.2436,-1281.31,0.000273126,0.011886,-70.3763,4785.62,14.4336,1282.99,0.000274872,-0.0119,-70.3771
0.939,129.111,-1.97009,22.0492,-0.00032737,0.226598,-0.389786,-7.49658e-05,4.98064e-05,0.00424938,3718.28,3,0.071326,0,0,-0.0251025,0.0250429,-0.0117611,0.0117608,-0.0590783,-0.0590183,-0.0702384,-0.0701676,4567.18,-86.9304,-2413.86,-0.000271847,0.0251384,-70.2494,4572.25,-88.9591,2421.57,-0.000291082,-0.0252133,-70.2516,4784.56,14.6033,-1277.66,0.000274657,0.011848,-70.3726,4785.54,13.3138,1279.41,0.00026278,-0.0118637,-70.3732
0.949,129.331,-1.97404,22.0466,-0.000145548,-0.244749,0.188382,2.28314e-05,4.54772e-05,0.0042254,3718.09,3,0.0724367,0,0,-0.025117,0.0251269,-0.0117614,0.0117609,-0.0590999,-0.0590439,-0.0701956,-0.0701302,4570.1,-119.381,-2455.44,-0.000600358,0.0256996,-70.2394,4573.82,-118.648,2446.06,-0.000595277,-0.0255441,-70.2413,4785.86,19.8252,-1279.77,0.00032422,0.0118655,-70.3695,4786.53,21.5841,1281.71,0.000340618,-0.0118833,-70.3701
0.959,129.552,-1.97798,22.0452,-5.50327e-05,-0.320937,0.027605,9.65224e-05,4.13968e-05,0.00420211,3717.91,3,0.0732321,0,0,-0.0250985,0.0251096,-0.0117597,0.011759,-0.0591155,-0.0590649,-0.070152,-0.0700916,4568.24,-96.9262,-2416.84,-0.000375241,0.0251731,-70.236,4571.98,-93.8046,2419.57,-0.000341792,-0.0251874,-70.238,4786.73,21.9602,-1280.07,0.000344069,0.011866,-70.366,4787.03,22.0911,1281.71,0.000345369,-0.011882,-70.3665
0.969,129.772,-1.98192,22.0442,-6.15341e-05,0.429391,0.138318,0.00010554,3.70099e-05,0.00417879,3717.74,3,0.0742033,0,0,-0.0250141,0.0249578,-0.0117602,0.0117602,-0.0591381,-0.0590946,-0.070108,-0.0700531,4569.11,-102.138,-2390.41,-0.000439124,0.0248022,-70.2285,4572.83,-102.997,2381.29,-0.000451561,-0.024654,-70.2301,4787.49,27.7419,-1278.85,0.000397324,0.0118504,-70.3626,4787.44,28.1444,1280.48,0.000401165,-0.0118671,-70.363
0.979,129.992,-1.98586,22.0425,-0.000339931,0.724197,-0.265082,-8.77213e-05,3.27232e-05,0.0041569,3717.52,3,0.0752782,0,0,-0.0250027,0.0248787,-0.0117596,0.0117592,-0.0591461,-0.059106,-0.070063,-0.0700135,4565.07,-107.104,-2427.19,-0.000486064,0.0253369,-70.2225,4568.53,-111.632,2422.24,-0.000536408,-0.0252456,-70.2239,4787.6,28.1733,-1268.53,0.000398504,0.0117447,-70.3595,4787.23,27.5411,1270.15,0.000392837,-0.0117622,-70.3598
0.989,130.213,-1.9898,22.0399,-7.70951e-05,-0.31859,0.226952,0.000115315,2.8398e-05,0.00413504,3717.43,3,0.076164,0,0,-0.0251047,0.0250867,-0.0117584,0.0117581,-0.0591507,-0.0591138,-0.0700173,-0.0699731,4566.33,-115.134,-2381.09,-0.000574862,0.024691,-70.2159,4567.63,-116.886,2370.96,-0.000594807,-0.0245441,-70.2176,4789.28,30.0737,-1281.34,0.000419465,0.011871,-70.3564,4788.49,31.6217,1282.93,0.00043395,-0.0118888,-70.3568
0.999,130.433,-1.99374,22.0385,-8.43983e-05,-0.224857,0.00619538,0.000114097,2.38662e-05,0.00411432,3717.22,3,0.0770326,0,0,-0.0251918,0.0252075,-0.0117576,0.0117573,-0.0591555,-0.0591221,-0.0699719,-0.0699333,4563.9,-99.3177,-2421.24,-0.000397905,0.0252619,-70.2138,4564.65,-90.8171,2425.81,-0.000307423,-0.0253207,-70.2155,4789.94,34.6361,-1279.27,0.000460764,0.0118471,-70.3532,4788.76,34.3734,1281.03,0.0004586,-0.011868,-70.3533
1.009,130.654,-1.99768,22.0367,-0.000214146,-0.439623,-0.408805,-3.09917e-05,1.95419e-05,0.00409301,3717.05,3,0.0779149,0,0,-0.0250034,0.0249948,-0.0117542,0.0117539,-0.059175,-0.0591465,-0.0699244,-0.0698911,4569.19,-95.1765,-2466,-0.000344292,0.0258545,-70.205,4570.12,-97.0124,2484.92,-0.000358849,-0.026116,-70.2058,4790.6,33.8823,-1277.14,0.000453081,0.0118239,-70.3509,4789.01,32.9826,1278.28,0.000444947,-0.0118397,-70.351
1.019,130.874,-2.00162,22.0353,-0.000145212,-0.336255,0.0281852,3.63999e-05,1.54797e-05,0.0040729,3716.91,3,0.0788276,0,0,-0.0251906,0.0251474,-0.0117572,0.011757,-0.0591803,-0.0591578,-0.0698775,-0.0698494,4566.71,-103.567,-2414.36,-0.000445006,0.0251484,-70.2012,4566.93,-103.415,2410.1,-0.000446084,-0.0250878,-70.202,4791.36,37.9666,-1275.93,0.00049062,0.0118086,-70.3477,4789.5,38.5356,1277.17,0.00049616,-0.0118255,-70.3477
1.029,131.094,-2.00556,22.0346,-0.000175282,0.0695386,0.00684119,2.01813e-05,1.14285e-05,0.00405312,3716.74,3,0.0795549,0,0,-0.0252305,0.0252121,-0.011758,0.0117577,-0.0591889,-0.0591693,-0.0698297,-0.0698069,4567.12,-76.966,-2437.04,-0.000156893,0.0254612,-70.1985,4566.65,-73.3127,2433.28,-0.000121022,-0.0254114,-70.1995,4792.36,40.9789,-1282.25,0.000519832,0.0118698,-70.3442,4790.27,41.1918,1283.68,0.000522187,-0.0118894,-70.3441
1.039,131.314,-2.0095,22.0333,-0.000251945,0.549463,0.0116207,-3.44038e-05,7.5341e-06,0.00403311,3716.64,3,0.0805341,0,0,-0.025006,0.0250449,-0.0117572,0.011757,-0.0592057,-0.0591897,-0.0697806,-0.069763,4573.21,-99.5468,-2468.1,-0.000388238,0.0258578,-70.1889,4571.78,-96.3212,2465.33,-0.000355063,-0.0258282,-70.1898,4793.23,48.1553,-1291.48,0.000588517,0.0119598,-70.3415,4790.95,48.4792,1292.74,0.000591948,-0.0119781,-70.3414
1.049,131.535,-2.01344,22.0311,-0.000157933,-0.502619,-0.0509844,5.45461e-05,3.23314e-06,0.00401499,3716.43,3,0.0812576,0,0,-0.025273,0.0252603,-0.0117565,0.0117562,-0.0591919,-0.0591856,-0.0697322,-0.0697202,4567.06,-65.6669,-2433.09,-3.89171e-05,0.0254057,-70.1904,4566.74,-65.7014,2434.95,-3.85647e-05,-0.0254337,-70.1907,4793.81,48.4778,-1282.99,0.000589202,0.0118715,-70.3385,4791.28,49.0714,1284.5,0.000595171,-0.0118928,-70.3383
1.059,131.755,-2.01737,22.0298,-0.000165473,0.165155,-0.0597329,4.74626e-05,-1.98364e-07,0.00399572,3716.26,3,0.0823621,0,0,-0.0251038,0.0250956,-0.0117561,0.0117562,-0.0592042,-0.0591996,-0.0696822,-0.0696747,4571.41,-103.234,-2416.52,-0.000440054,0.0251485,-70.1787,4569.83,-104.882,2418.54,-0.000457924,-0.0251865,-70.1792,4794.4,50.4614,-1285.24,0.000607964,0.0118923,-70.3362,4791.64,50.2036,1286.42,0.000606087,-0.0119111,-70.336
1.069,131.975,-2.02131,22.028,-0.000122496,-0.416566,0.0469908,6.60027e-05,-3.96792e-06,0.00397766,3716.14,3,0.0831237,0,0,-0.0252436,0.0252271,-0.0117558,0.0117557,-0.0591978,-0.0591971,-0.0696329,-0.0696305,4569.45,-88.3328,-2437.26,-0.000276695,0.0254498,-70.1768,4567.28,-88.7538,2434.93,-0.000282914,-0.025431,-70.177,4795.2,53.3895,-1283.76,0.000634513,0.0118742,-70.3334,4792.27,53.6506,1284.88,0.000637413,-0.0118926,-70.3331
1.079,132.196,-2.02525,22.0271,-0.000484156,0.486821,-0.478995,-0.000178904,-7.39068e-06,0.00395932,3716.1,3,0.0841637,0,0,-0.0250737,0.0251022,-0.0117542,0.0117548,-0.0592042,-0.0592059,-0.0695827,-0.0695852,4570.46,-104.83,-2415.36,-0.000456639,0.0251385,-70.1712,4567.84,-108.092,2426.68,-0.000488729,-0.0253122,-70.1715,4796.07,55.1861,-1293.13,0.000653626,0.0119672,-70.3304,4793.05,53.9566,1294,0.000642766,-0.0119839,-70.3301
1.089,132.416,-2.02919,22.0246,-6.65823e-05,0.443275,0.0178907,0.000131038,-1.1347e-05,0.00394191,3715.87,3,0.0854309,0,0,-0.0253658,0.0253845,-0.0117543,0.0117544,-0.0591831,-0.0591905,-0.069532,-0.0695396,4565.84,-177.45,-2389.71,-0.00121818,0.0248057,-70.1645,4562.88,-165.793,2397.33,-0.00109631,-0.0249313,-70.165,4796.67,67.8285,-1283.4,0.000767478,0.0118611,-70.3285,4793.44,67.1138,1284.91,0.000761575,-0.0118846,-70.3281
1.099,132.636,-2.03312,22.0245,-0.000137789,0.335224,0.0632214,2.72948e-05,-1.47573e-05,0.00392254,3715.72,3,0.0856835,0,0,-0.0250736,0.0250893,-0.0117531,0.0117533,-0.0591999,-0.0592117,-0.06948,-0.0694917,4571.02,-75.6248,-2450.12,-0.000140577,0.0256189,-70.1632,4568.16,-83.3077,2448.97,-0.000221927,-0.0256217,-70.1626,4797.4,61.3948,-1284.05,0.000708171,0.0118687,-70.3256,4793.78,62.2267,1284.8,0.000716393,-0.0118848,-70.3253
1.109,132.856,-2.03706,22.0227,-0.000142358,-0.0190139,-0.0275856,9.40007e-05,-1.79495e-05,0.00390473,3715.61,3,0.0865921,0,0,-0.025248,0.0252291,-0.0117527,0.0117529,-0.059191,-0.0592067,-0.069429,-0.069445,4569.82,-102.066,-2406.05,-0.000430943,0.0250139,-70.1573,4566.25,-98.4502,2407.9,-0.000393595,-0.0250617,-70.1576,4797.77,62.0324,-1278.2,0.000712348,0.0118078,-70.3233,4794.01,61.7895,1279.52,0.000710834,-0.0118304,-70.3228
1.119,133.076,-2.041,22.0214,-0.000296822,0.110003,-0.0919074,-3.49274e-05,-2.13678e-05,0.00388644,3715.48,3,0.0874322,0,0,-0.0251889,0.0251742,-0.0117521,0.0117526,-0.0591934,-0.0592118,-0.0693772,-0.0693977,4571.29,-95.7333,-2437.56,-0.0003546,0.0254423,-70.1537,4567.14,-96.8563,2434.24,-0.000367931,-0.0254224,-70.1533,4798.69,68.5854,-1284.42,0.000774288,0.0118663,-70.3211,4794.73,68.7564,1285.64,0.000776654,-0.0118882,-70.3206
1.129,133.297,-2.04493,22.021,-0.000147877,-0.0489458,0.423023,6.64343e-05,-2.43618e-05,0.00386748,3715.39,3,0.0878394,0,0,-0.0250176,0.0250828,-0.0117523,0.0117526,-0.0592012,-0.0592216,-0.0693246,-0.0693491,4576.44,-58.665,-2475.31,4.48338e-05,0.0259365,-70.1477,4570.8,-67.3223,2458.44,-5.04358e-05,-0.0257366,-70.1475,4799.51,66.4762,-1291.81,0.000756715,0.0119408,-70.3189,4795.39,69.3437,1293.03,0.000783987,-0.011962,-70.3183
1.139,133.517,-2.04887,22.0183,-0.00012219,-0.264378,-0.027289,0.000102096,-2.77269e-05,0.00384953,3715.25,3,0.0891505,0,0,-0.0251622,0.0251769,-0.0117514,0.0117518,-0.0591839,-0.0592121,-0.069272,-0.0693011,4571.2,-113.4,-2414.89,-0.000547449,0.0251271,-70.1443,4567.11,-106.965,2419.8,-0.000479185,-0.0252212,-70.144,4800,72.6414,-1284.46,0.000811407,0.0118617,-70.3169,4795.75,71.7549,1285.82,0.000804094,-0.0118862,-70.3163
1.149,133.737,-2.0528,22.0172,-0.000277199,-0.722459,0.0797021,-2.93078e-05,-3.08089e-05,0.00383092,3715.1,3,0.0896873,0,0,-0.0251535,0.0251415,-0.0117486,0.0117489,-0.0591793,-0.0592113,-0.069219,-0.0692519,4569.97,-88.0855,-2424.54,-0.000279422,0.025269,-70.1422,4565.61,-84.4892,2411.52,-0.0002466,-0.0251157,-70.1414,4800.66,79.0063,-1283.67,0.00086988,0.0118489,-70.3145,4796.17,80.489,1284.85,0.000884478,-0.011871,-70.314
1.159,133.957,-2.05674,22.0167,-0.000146033,0.454071,0.106212,7.91272e-05,-3.34703e-05,0.00381229,3715.03,3,0.0906701,0,0,-0.0252212,0.0252107,-0.0117495,0.0117496,-0.0591746,-0.0592072,-0.0691664,-0.0692027,4569.48,-108.658,-2422.97,-0.000493719,0.0252503,-70.1369,4563.99,-108.709,2417.01,-0.000497156,-0.0252023,-70.1364,4801.45,79.4941,-1285.84,0.000874596,0.011869,-70.3124,4796.76,79.9178,1287.05,0.000879544,-0.0118924,-70.3118
1.169,134.177,-2.06067,22.0154,-0.000347918,0.232464,-0.269346,-7.09602e-05,-3.66473e-05,0.00379293,3714.92,3,0.0914214,0,0,-0.0251601,0.0251861,-0.0117488,0.0117493,-0.0591795,-0.059214,-0.0691125,-0.0691532,4570.67,-100.546,-2409.56,-0.000413315,0.0250571,-70.1331,4564.74,-95.007,2417.22,-0.000353591,-0.0252005,-70.1323,4802.04,83.1813,-1285.69,0.000908362,0.0118641,-70.3104,4797.26,82.4708,1286.87,0.000902889,-0.011888,-70.3098
1.179,134.397,-2.06461,22.0143,-0.000167623,0.586531,0.0265075,5.39553e-05,-3.98232e-05,0.00377393,3714.81,3,0.0922851,0,0,-0.0252161,0.025276,-0.011748,0.0117487,-0.0591743,-0.0592128,-0.0690585,-0.0691033,4570.37,-108.825,-2444.14,-0.000489551,0.0255401,-70.1307,4563.63,-108.493,2448.57,-0.000484504,-0.0256457,-70.1296,4802.69,85.6579,-1285.16,0.000930912,0.0118559,-70.3084,4797.68,85.8191,1286.2,0.000933456,-0.0118784,-70.3077
1.189,134.617,-2.06854,22.0122,-0.000209109,-0.145888,-0.0328412,1.71277e-05,-4.27122e-05,0.00375399,3714.73,3,0.0931567,0,0,-0.0251217,0.0251475,-0.0117466,0.0117471,-0.059178,-0.0592217,-0.0690041,-0.0690525,4572.73,-128.083,-2410.69,-0.000701314,0.0250584,-70.1231,4566.49,-130.884,2412,-0.000731087,-0.0251157,-70.122,4803.43,80.6325,-1284.96,0.000884665,0.0118547,-70.3075,4798.2,80.5744,1285.76,0.000885202,-0.0118754,-70.3069
1.199,134.837,-2.07248,22.0118,-0.000216675,-0.518989,-0.0589345,3.4846e-05,-4.57852e-05,0.00373414,3714.62,3,0.0934478,0,0,-0.0251999,0.0251955,-0.0117469,0.0117478,-0.059173,-0.059221,-0.0689492,-0.0690017,4571.81,-71.3194,-2420.3,-0.000104605,0.0251978,-70.1227,4565.41,-65.371,2421.06,-4.28408e-05,-0.0252486,-70.1215,4803.93,84.8423,-1285.87,0.000923255,0.0118606,-70.3048,4798.49,84.6913,1287.02,0.000923041,-0.0118854,-70.304
1.209,135.057,-2.07641,22.0107,1.31587e-05,-0.55958,0.143233,0.000200177,-4.85807e-05,0.00371367,3714.4,3,0.0942189,0,0,-0.0249995,0.0250003,-0.0117441,0.0117434,-0.0591744,-0.0592265,-0.0688928,-0.0689488,4573.58,-74.4015,-2356.87,-0.000159047,0.0243158,-70.1175,4566.21,-73.3191,2361.79,-0.000147811,-0.0244274,-70.1163,4804.62,88.6147,-1290.12,0.000958794,0.0119003,-70.3025,4798.9,89.7823,1290.48,0.000970536,-0.0119171,-70.3017
1.219,135.278,-2.08034,22.0088,-0.000198921,-0.0936389,0.357957,7.02093e-05,-5.18729e-05,0.00369367,3714.43,3,0.0954612,0,0,-0.0251128,0.0251824,-0.0117439,0.0117448,-0.0591669,-0.0592176,-0.0688392,-0.0688995,4572.27,-146.265,-2497.35,-0.000875961,0.0262757,-70.1111,4563.43,-139.639,2479.41,-0.000810572,-0.0260803,-70.1101,4805.05,95.3931,-1281.32,0.00101861,0.0118055,-70.3012,4799.21,96.5344,1282.87,0.00103051,-0.0118346,-70.3003
1.229,135.498,-2.08428,22.0094,-0.000142601,0.93019,0.0482875,7.92607e-05,-5.52123e-05,0.00367252,3714.34,3,0.0959452,0,0,-0.0252297,0.025248,-0.011746,0.0117473,-0.0591634,-0.0592213,-0.0687841,-0.0688483,4567.41,-89.7,-2433.51,-0.00029261,0.0254105,-70.1141,4559.4,-90.0023,2436.17,-0.00029499,-0.0254992,-70.1123,4805.99,96.262,-1286.38,0.00102789,0.0118545,-70.2995,4799.76,96.2747,1287.37,0.00102936,-0.0118795,-70.2986
1.239,135.718,-2.08821,22.0069,-5.79091e-06,-0.248669,0.419518,0.000185603,-5.81513e-05,0.00365084,3714.26,3,0.0967901,0,0,-0.0249832,0.0249643,-0.0117408,0.0117413,-0.0591736,-0.0592336,-0.0687278,-0.0687953,4570.57,-121.539,-2386.93,-0.000640881,0.0247447,-70.1053,4561.63,-128.853,2372.45,-0.00072181,-0.0246003,-70.1037,4806.7,100.759,-1286.25,0.00106889,0.0118487,-70.2983,4800.1,102.05,1287.24,0.00108227,-0.0118739,-70.2973
1.249,135.938,-2.09214,22.0064,-0.000295565,-0.0139267,-0.0640753,-2.30308e-05,-6.12687e-05,0.00362988,3714.18,3,0.0973992,0,0,-0.0252318,0.0252314,-0.0117416,0.0117428,-0.0591653,-0.059228,-0.0686733,-0.0687446,4568.07,-102.822,-2429.85,-0.000431404,0.0253553,-70.1059,4559,-104.193,2426.96,-0.000447932,-0.0253728,-70.1041,4807.44,101.054,-1287.33,0.00107177,0.0118578,-70.2965,4800.55,101.009,1288.28,0.00107293,-0.011884,-70.2955
1.259,136.158,-2.09608,22.0062,-0.000317675,0.568534,0.0470886,-5.11278e-05,-6.43011e-05,0.0036078,3714.11,3,0.098018,0,0,-0.0251662,0.0252157,-0.011741,0.0117424,-0.0591758,-0.05924,-0.0686168,-0.0686922,4569.56,-90.0871,-2441.32,-0.000294062,0.0255057,-70.1019,4559.57,-89.6522,2436.45,-0.000291098,-0.0255019,-70.1003,4807.93,101.704,-1287.6,0.00107752,0.011859,-70.295,4800.89,102.804,1288.59,0.00108932,-0.0118853,-70.2939
1.269,136.378,-2.10001,22.0041,-0.000170604,0.12367,0.0714946,6.6194e-05,-6.73418e-05,0.00358611,3714.04,3,0.099016,0,0,-0.0250742,0.0251753,-0.0117388,0.0117401,-0.0591771,-0.0592458,-0.0685605,-0.0686398,4569.35,-134.542,-2431.14,-0.000765336,0.0253632,-70.0966,4559.19,-126.915,2435.19,-0.000684923,-0.0254858,-70.0948,4808.51,109.581,-1288.02,0.00114976,0.0118568,-70.2938,4801.28,109.609,1288.79,0.00115181,-0.0118821,-70.2926
1.279,136.598,-2.10394,22.0041,-0.000169821,0.0948606,0.00277715,8.59273e-05,-7.02791e-05,0.00356363,3713.95,3,0.0993054,0,0,-0.0251297,0.0251531,-0.0117395,0.0117408,-0.0591794,-0.0592557,-0.068504,-0.0685871,4568.77,-77.6438,-2422.77,-0.000174562,0.0252516,-70.0957,4559.71,-79.6001,2426.36,-0.000192495,-0.0253595,-70.0935,4808.89,105.737,-1284.81,0.00111346,0.0118257,-70.2922,4801.47,105.478,1285.67,0.00111296,-0.0118523,-70.291
1.289,136.818,-2.10788,22.003,-0.000295578,0.307288,-0.0344832,-3.32899e-06,-7.30448e-05,0.00354138,3713.9,3,0.100201,0,0,-0.0251326,0.0251214,-0.0117378,0.0117393,-0.0591813,-0.0592593,-0.0684478,-0.0685345,4566.77,-100.133,-2370.01,-0.00042236,0.0245369,-70.0922,4556.95,-102.82,2365.38,-0.000452819,-0.0245336,-70.0903,4809.23,109.414,-1282.02,0.00114613,0.011794,-70.2908,4801.65,109.44,1282.82,0.00114829,-0.0118202,-70.2896
1.299,137.038,-2.11181,22.0013,-0.000390262,-0.111457,-0.263402,-7.51116e-05,-7.57929e-05,0.00351891,3713.94,3,0.10102,0,0,-0.0252295,0.025267,-0.0117371,0.0117386,-0.0591818,-0.0592592,-0.0683912,-0.0684817,4567.75,-119.841,-2398.44,-0.000618095,0.0249209,-70.0874,4556.38,-120.892,2407.43,-0.00062766,-0.0251169,-70.0853,4810.11,111.782,-1285.98,0.00116889,0.0118307,-70.2893,4802.36,110.845,1286.45,0.00116215,-0.0118547,-70.288
1.309,137.258,-2.11574,22.0011,-0.000343401,0.117063,-0.213633,-4.61069e-05,-7.86671e-05,0.00349596,3713.75,3,0.101529,0,0,-0.0251406,0.025223,-0.0117356,0.0117375,-0.0591904,-0.059271,-0.0683346,-0.0684288,4567.18,-100.27,-2418.63,-0.000408489,0.0252047,-70.0867,4555.71,-96.2315,2428.96,-0.000362807,-0.025422,-70.0845,4810.63,115.589,-1288.31,0.00120421,0.0118507,-70.2885,4802.76,114.91,1289.03,0.00120005,-0.0118774,-70.2872
1.319,137.478,-2.11967,21.9984,-0.000277079,-1.50422,-0.280619,1.72169e-05,-8.14185e-05,0.00347283,3713.73,3,0.102249,0,0,-0.025287,0.0252883,-0.0117352,0.0117368,-0.0591893,-0.0592776,-0.0682786,-0.068376,4567.87,-127.097,-2447.67,-0.000682399,0.0256048,-70.0817,4557.75,-122.988,2457.03,-0.000637969,-0.0258025,-70.0793,4811.36,129.432,-1288.51,0.0013308,0.0118411,-70.2876,4803.06,130.978,1290.52,0.00134705,-0.0118804,-70.2862
1.329,137.698,-2.1236,21.9992,-0.000295065,-0.184892,-0.00661674,-2.51942e-05,-8.43365e-05,0.00344973,3713.61,3,0.102798,0,0,-0.0251296,0.0251346,-0.0117329,0.0117347,-0.0591996,-0.0592902,-0.0682215,-0.0683228,4566.99,-83.9904,-2446.71,-0.000228411,0.0255976,-70.0813,4555.92,-85.589,2441.8,-0.000247118,-0.0256005,-70.0784,4811.82,118.11,-1288.53,0.00122704,0.0118484,-70.286,4803.47,118.747,1289.21,0.00123505,-0.0118749,-70.2847
1.339,137.918,-2.12754,21.9984,-0.000315541,0.172434,-0.0198835,-2.1642e-05,-8.65708e-05,0.0034271,3713.54,3,0.10359,0,0,-0.0253495,0.0253883,-0.0117327,0.0117347,-0.0591966,-0.0592871,-0.0681652,-0.0682695,4564.29,-110.689,-2424.11,-0.000512847,0.0252993,-70.0784,4551.99,-110.388,2420.82,-0.000511413,-0.025332,-70.0764,4812.3,121.941,-1288.51,0.00126188,0.0118443,-70.2849,4803.84,122.146,1289.18,0.00126609,-0.0118713,-70.2834
1.349,138.138,-2.13147,21.9975,0.000143943,-0.228591,0.596332,0.000319625,-8.94283e-05,0.00340316,3713.63,3,0.104154,0,0,-0.0251802,0.0252269,-0.011731,0.0117339,-0.0592122,-0.0593065,-0.0681076,-0.0682159,4569.11,-106.705,-2417.43,-0.000476212,0.0251757,-70.0718,4555.65,-100.82,2405.16,-0.000418732,-0.0250905,-70.0692,4812.89,119.389,-1288.15,0.00123847,0.0118411,-70.2842,4804.42,119.152,1288.99,0.00123872,-0.0118701,-70.2827
1.359,138.358,-2.1354,21.9971,-0.00027279,1.03059,-0.000529014,-2.27608e-05,-9.20171e-05,0.00338022,3713.45,3,0.105138,0,0,-0.0252684,0.025363,-0.0117303,0.0117326,-0.0592123,-0.0593079,-0.0680512,-0.0681629,4565.1,-143.633,-2424.94,-0.000859204,0.0253033,-70.071,4551.7,-143.492,2429.29,-0.00085796,-0.0254502,-70.0683,4813.34,130.102,-1288.92,0.00133631,0.01184,-70.2831,4804.62,130.426,1289.3,0.00134166,-0.0118646,-70.2816
1.369,138.577,-2.13933,21.9958,-0.000370981,-0.548471,0.0334248,-5.7742e-05,-9.50849e-05,0.00335607,3713.42,3,0.105357,0,0,-0.0249531,0.0249852,-0.0117263,0.0117293,-0.0592282,-0.0593292,-0.067993,-0.0681086,4567,-97.3868,-2350.03,-0.000400221,0.0242629,-70.0681,4554.04,-98.5442,2338.57,-0.000415704,-0.024185,-70.0652,4813.76,124.817,-1289.41,0.00128786,0.0118479,-70.2821,4804.85,124.586,1290.18,0.00128824,-0.0118774,-70.2805
1.379,138.797,-2.14326,21.9962,-0.000214002,1.62435,0.15114,5.85204e-05,-9.77643e-05,0.00333257,3713.59,3,0.10642,0,0,-0.0249526,0.0248568,-0.0117268,0.0117291,-0.0592265,-0.0593333,-0.0679364,-0.0680553,4561.84,-133.095,-2337.22,-0.000777533,0.024118,-70.0634,4549.51,-150.788,2321.32,-0.000967228,-0.0239734,-70.06,4812.37,132.597,-1285.97,0.00135582,0.0118103,-70.2831,4803.17,133.645,1286.71,0.00136805,-0.0118391,-70.2815
1.389,139.017,-2.14719,21.9946,-0.000396167,-0.386831,-0.0456743,-8.41223e-05,-0.000100037,0.00330923,3713.41,3,0.106582,0,0,-0.0251556,0.0251974,-0.0117277,0.0117304,-0.0592177,-0.0593251,-0.0678806,-0.0680021,4560.89,-94.4355,-2357.08,-0.000364397,0.0243961,-70.0654,4547.57,-93.1797,2352.29,-0.000352973,-0.0244117,-70.0627,4815.08,130.665,-1289.43,0.00134092,0.0118407,-70.2806,4805.64,131.87,1290.06,0.00135466,-0.0118689,-70.2789
1.399,139.237,-2.15113,21.9938,-0.000303893,-0.230338,-0.130425,1.56312e-05,-0.000102924,0.00328551,3713.28,3,0.107298,0,0,-0.0251974,0.0252673,-0.0117263,0.011729,-0.0592258,-0.0593339,-0.0678238,-0.0679493,4560.63,-103.574,-2418.26,-0.000443205,0.0252412,-70.0624,4546.25,-91.4356,2425.07,-0.000313425,-0.0254283,-70.0601,4815.59,134.61,-1289.36,0.00137666,0.0118357,-70.2798,4806.04,133.602,1290.16,0.0013703,-0.0118676,-70.278
1.409,139.457,-2.15506,21.9934,-0.000593533,-0.556381,-0.105449,-0.000218027,-0.00010596,0.00326165,3713.28,3,0.107654,0,0,-0.0251094,0.0251473,-0.0117216,0.011725,-0.0592365,-0.059349,-0.0677666,-0.0678956,4562.73,-83.6503,-2383,-0.000247346,0.0247397,-70.0597,4548.72,-83.4518,2368.61,-0.000248337,-0.0246283,-70.056,4816.26,132.088,-1290.89,0.00135402,0.0118517,-70.279,4806.39,132.917,1291.71,0.00136447,-0.0118831,-70.2773
1.419,139.677,-2.15899,21.9929,-0.000243057,0.155194,0.035001,3.26525e-05,-0.000108191,0.00323845,3713.16,3,0.108479,0,0,-0.0252228,0.0252608,-0.0117243,0.0117271,-0.0592415,-0.059358,-0.0677101,-0.0678419,4561.43,-103.861,-2411.43,-0.000447706,0.025141,-70.0574,4547.11,-101.531,2409.3,-0.000424329,-0.0252022,-70.0543,4816.72,136.703,-1290.76,0.00139585,0.0118458,-70.2776,4806.67,136.722,1291.33,0.00139901,-0.0118756,-70.2757
1.429,139.897,-2.16292,21.9917,-0.000237408,-0.241333,0.129411,2.50745e-05,-0.000110727,0.00321553,3713.15,3,0.109135,0,0,-0.0252384,0.0252652,-0.0117225,0.0117252,-0.0592465,-0.0593653,-0.067653,-0.0677881,4561.85,-108.28,-2434.12,-0.000488059,0.0254546,-70.0543,4546.74,-108.487,2427.83,-0.000492915,-0.0254638,-70.0508,4816.92,138.69,-1286.06,0.00141233,0.0117957,-70.278,4806.66,139.569,1286.29,0.0014233,-0.0118218,-70.2762
1.439,140.117,-2.16685,21.991,-0.000404302,-0.00835522,-0.274244,-6.63571e-05,-0.000113311,0.00319246,3713.11,3,0.109873,0,0,-0.025228,0.0253108,-0.0117209,0.0117243,-0.0592576,-0.0593769,-0.0675961,-0.0677347,4562.32,-133.966,-2393.17,-0.000766844,0.0248811,-70.0511,4546.67,-129.331,2404.23,-0.000716683,-0.0251333,-70.0481,4817.47,144.68,-1290.04,0.00146792,0.0118303,-70.2771,4807.11,143.522,1290.31,0.00146051,-0.0118588,-70.2752
1.449,140.337,-2.17078,21.9907,-0.00033003,-0.342044,-0.0738585,-5.18258e-05,-0.000115928,0.00316957,3713.09,3,0.110201,0,0,-0.025097,0.0252104,-0.011716,0.0117193,-0.0592615,-0.0593844,-0.0675385,-0.0676803,4564.58,-96.9354,-2429.12,-0.000371537,0.0253673,-70.0509,4548.89,-97.4536,2432.45,-0.000374987,-0.0255149,-70.0473,4817.84,142.105,-1290.4,0.00144449,0.0118352,-70.2763,4807.25,142.27,1290.7,0.00144908,-0.0118634,-70.2744
1.459,140.557,-2.17471,21.9901,-0.000291439,-0.287364,-0.168452,-2.34219e-06,-0.000118216,0.00314602,3713.09,3,0.110777,0,0,-0.0249187,0.0249551,-0.0117171,0.0117199,-0.0592777,-0.0594071,-0.067482,-0.0676268,4567.04,-109.408,-2458.72,-0.000498938,0.0257656,-70.0452,4552.27,-107.707,2466.35,-0.000478756,-0.0259706,-70.0416,4818.34,146.005,-1293.12,0.0014809,0.0118586,-70.2761,4807.63,146.229,1293.37,0.00148619,-0.0118866,-70.2742
1.469,140.776,-2.17864,21.9895,-0.000298597,-0.228994,-0.0107999,-2.93558e-05,-0.000120214,0.00312467,3713.03,3,0.111399,0,0,-0.0253632,0.0254035,-0.0117173,0.0117207,-0.0592539,-0.0593842,-0.0674267,-0.0675742,4557.07,-105.238,-2411.19,-0.000460279,0.0251654,-70.0493,4541.46,-104.734,2407.72,-0.000457111,-0.0252164,-70.0456,4818.75,147.41,-1290.42,0.00149244,0.0118288,-70.2753,4807.93,147.726,1290.53,0.00149864,-0.0118556,-70.2733
1.479,140.996,-2.18257,21.9894,-0.000307277,-0.090142,0.198232,-2.16234e-05,-0.000122463,0.0031012,3713,3,0.111832,0,0,-0.0251338,0.0251886,-0.0117157,0.0117192,-0.0592753,-0.0594054,-0.0673702,-0.0675209,4561.9,-90.8341,-2466.76,-0.000295705,0.0259133,-70.044,4545.18,-90.4167,2452.27,-0.000295341,-0.0258183,-70.0404,4819.39,146.268,-1289.33,0.00148205,0.0118171,-70.2749,4808.56,147.707,1289.72,0.00149852,-0.0118458,-70.2729
1.489,141.216,-2.1865,21.9885,-0.000359865,-0.178593,-0.231811,-6.77594e-05,-0.000124642,0.00307856,3712.99,3,0.112513,0,0,-0.02498,0.0251174,-0.0117129,0.0117163,-0.0592831,-0.0594168,-0.0673137,-0.0674673,4561.09,-109.965,-2378.64,-0.000526396,0.0246897,-70.0402,4544.71,-111.422,2391.89,-0.000537584,-0.0249748,-70.0365,4819.31,150.774,-1283.2,0.00152026,0.0117509,-70.2747,4808.35,150.104,1283.13,0.00151755,-0.0117768,-70.2727
1.499,141.436,-2.19043,21.9889,-0.000262216,0.469807,-0.221483,6.00792e-05,-0.000126817,0.00305636,3712.96,3,0.112951,0,0,-0.0251673,0.025233,-0.0117136,0.0117173,-0.0592755,-0.0594147,-0.0672568,-0.0674142,4560.87,-94.8059,-2423.24,-0.000351159,0.0253088,-70.0412,4544.99,-92.6065,2438.78,-0.0003218,-0.025629,-70.0377,4820,147.716,-1294.87,0.00149627,0.0118711,-70.2741,4809.22,145.691,1295.11,0.00148117,-0.0119011,-70.2721
1.509,141.656,-2.19436,21.988,-0.000321927,-0.324953,-0.0654102,-1.95097e-05,-0.000128993,0.00303457,3712.93,3,0.113339,0,0,-0.0252724,0.0253067,-0.0117118,0.0117156,-0.0592757,-0.0594172,-0.0672015,-0.0673613,4557.03,-69.2445,-2432.23,-7.77471e-05,0.0254583,-70.0427,4540.96,-63.1251,2429.24,-1.33269e-05,-0.0255196,-70.0388,4820.4,150.289,-1288.56,0.00151748,0.0118035,-70.2736,4809.3,150.22,1289.15,0.00152037,-0.011836,-70.2716
1.519,141.876,-2.19829,21.9867,-0.000357266,-0.271604,-0.100335,-5.66646e-05,-0.000130883,0.00301251,3712.92,3,0.114252,0,0,-0.0252763,0.0253254,-0.0117108,0.0117149,-0.0592852,-0.0594263,-0.0671459,-0.0673077,4559.47,-128.374,-2401.32,-0.00070563,0.0250121,-70.0355,4542.14,-130.553,2400.93,-0.000730283,-0.0251159,-70.0315,4820.94,156.97,-1290.4,0.00157843,0.0118153,-70.274,4809.6,157.172,1290.55,0.00158392,-0.0118438,-70.272
1.529,142.096,-2.20222,21.9872,-0.00019147,0.0160989,0.238708,5.86736e-05,-0.000132984,0.00299039,3712.91,3,0.114484,0,0,-0.0252101,0.0253044,-0.0117095,0.0117134,-0.0592981,-0.0594387,-0.0670901,-0.0672545,4561.96,-81.7608,-2447.29,-0.000205089,0.0256383,-70.0367,4543.45,-82.1653,2438.85,-0.000210599,-0.0256399,-70.033,4821.1,154.498,-1286.69,0.00155464,0.0117792,-70.2732,4809.56,155.591,1286.91,0.00156822,-0.0118079,-70.2711
1.539,142.315,-2.20615,21.9863,-0.000112906,0.208517,0.235502,0.000115644,-0.000135207,0.00296848,3712.89,3,0.115321,0,0,-0.0250306,0.0251593,-0.0117081,0.0117121,-0.0593081,-0.0594526,-0.0670342,-0.0672014,4562.46,-135.493,-2344.8,-0.000795798,0.0242171,-70.0317,4543.97,-126.462,2344.25,-0.000703337,-0.0243224,-70.0277,4822.04,160.032,-1293.46,0.00160697,0.0118413,-70.2731,4810.3,160.111,1293.57,0.00161152,-0.0118705,-70.271
1.549,142.535,-2.21008,21.9858,-0.000313981,-0.518258,-0.112934,-1.09403e-05,-0.000137377,0.00294752,3712.92,3,0.115545,0,0,-0.0252912,0.0253395,-0.0117069,0.0117108,-0.059295,-0.059445,-0.0669789,-0.0671488,4559.82,-92.6011,-2429.49,-0.000325044,0.025403,-70.0349,4542.46,-90.8153,2432.38,-0.000304556,-0.0255556,-70.0305,4822.23,159.169,-1289.87,0.00159759,0.0118049,-70.2732,4810.31,158.982,1290.21,0.00159985,-0.0118369,-70.2711
1.559,142.755,-2.21401,21.9857,-0.000269617,-0.504188,0.00337072,1.96972e-05,-0.000139522,0.00292593,3712.87,3,0.115936,0,0,-0.0251924,0.0252273,-0.0117054,0.0117097,-0.0592997,-0.0594517,-0.0669229,-0.0670955,4560.74,-78.2974,-2425.33,-0.000175551,0.0253385,-70.0321,4542.68,-72.7709,2422.04,-0.000118619,-0.0254081,-70.0279,4822.84,158.862,-1291.17,0.00159543,0.011817,-70.2726,4810.76,159.019,1291.42,0.00160084,-0.0118483,-70.2705
1.569,142.975,-2.21794,21.9851,-0.000572254,0.578681,-0.389513,-0.000183563,-0.000141738,0.00290502,3712.9,3,0.117024,0,0,-0.0252698,0.0253387,-0.0117027,0.0117074,-0.0592978,-0.0594496,-0.0668671,-0.0670425,4556.55,-144.052,-2360.56,-0.000880546,0.0244674,-70.0287,4538.13,-143.984,2366.64,-0.000880245,-0.0246644,-70.0245,4822.93,168.919,-1287.79,0.00168502,0.0117732,-70.2727,4810.67,168.781,1287.86,0.00168796,-0.0118031,-70.2705
1.579,143.195,-2.22187,21.9852,-0.000204383,-0.603477,0.148306,5.77026e-05,-0.000143985,0.00288338,3712.86,3,0.116795,0,0,-0.0252644,0.0253515,-0.0117028,0.0117072,-0.0593044,-0.0594579,-0.0668126,-0.066991,4560.18,-56.1357,-2432.01,6.24135e-05,0.0254338,-70.0307,4540.38,-62.6349,2428.43,-4.80873e-06,-0.025512,-70.0262,4823.52,160.848,-1295.85,0.00161454,0.0118615,-70.2724,4811.18,161.624,1295.88,0.00162568,-0.0118907,-70.2702
1.589,143.414,-2.2258,21.9838,0.000420408,-0.357282,0.822492,0.000477307,-0.000146054,0.0028616,3712.74,3,0.117826,0,0,-0.0250015,0.0250997,-0.0117007,0.0117043,-0.0593185,-0.059474,-0.0667559,-0.0669367,4563.08,-125.874,-2455.45,-0.000670138,0.0257448,-70.0242,4542.8,-123.528,2450.06,-0.000649093,-0.0258018,-70.0199,4823.44,171.525,-1287.63,0.00170698,0.0117679,-70.2721,4810.79,173.346,1287.86,0.00172781,-0.0117986,-70.2699
1.599,143.634,-2.22973,21.9839,-0.000472087,-0.426391,-0.181564,-0.000121937,-0.000148656,0.0028414,3712.85,3,0.118135,0,0,-0.0251708,0.0251987,-0.0116988,0.011704,-0.0593041,-0.0594655,-0.0667022,-0.0668863,4560.41,-113.46,-2423.68,-0.000546126,0.0253177,-70.0252,4541.38,-108.586,2419.52,-0.000497971,-0.0253816,-70.0204,4824.4,167.757,-1291.77,0.00167555,0.0118114,-70.2728,4811.62,168.445,1292.31,0.00168628,-0.0118468,-70.2706
1.609,143.854,-2.23366,21.9837,-0.000336999,-0.232146,-0.0588002,-3.68212e-05,-0.000150404,0.00282087,3712.85,3,0.118632,0,0,-0.0253114,0.0253898,-0.0116984,0.0117035,-0.0593009,-0.0594618,-0.0666483,-0.0668345,4556.53,-89.6558,-2423.12,-0.000293107,0.0253351,-70.0277,4536.24,-91.3753,2423.92,-0.000310711,-0.0254769,-70.0232,4824.78,170.283,-1290.92,0.00169763,0.0117995,-70.2725,4811.81,170.357,1290.85,0.00170277,-0.0118297,-70.2701
1.619,144.074,-2.23759,21.9837,-0.000259421,-0.29809,0.0421988,8.33845e-06,-0.000152636,0.0027994,3712.86,3,0.118964,0,0,-0.0251369,0.0252354,-0.0116971,0.0117015,-0.0593146,-0.059478,-0.0665934,-0.0667826,4561.9,-90.7726,-2411.75,-0.000311462,0.0251424,-70.0226,4541.2,-93.3108,2411.99,-0.000337694,-0.0252776,-70.0177,4825.38,169.501,-1289.81,0.00169045,0.0117875,-70.2727,4812.32,169.854,1289.78,0.00169809,-0.011818,-70.2703
1.629,144.294,-2.24152,21.9829,-0.000287632,0.0372854,-0.0299969,-1.51761e-05,-0.000154918,0.0027797,3712.85,3,0.119769,0,0,-0.0252841,0.0254236,-0.0116943,0.0116993,-0.0593055,-0.0594724,-0.0665396,-0.0667318,4557.32,-117.297,-2434.5,-0.000580807,0.0254888,-70.0247,4536.85,-118.695,2440.37,-0.000594033,-0.0257046,-70.0198,4825.54,176.117,-1291.01,0.00175004,0.0117932,-70.2727,4812.35,176.08,1290.9,0.00175437,-0.0118235,-70.2703
1.639,144.514,-2.24545,21.983,-0.000104118,-0.323412,0.240553,0.000127966,-0.000156772,0.00275833,3712.88,3,0.119932,0,0,-0.0252318,0.025313,-0.0116941,0.0116992,-0.0593177,-0.0594885,-0.0664847,-0.0666793,4560.05,-93.2317,-2410.57,-0.00033593,0.0251379,-70.0205,4539.7,-89.2282,2404.48,-0.000295059,-0.0251821,-70.0157,4825.96,173.237,-1292.24,0.00172431,0.0118074,-70.273,4812.6,173.029,1292.27,0.00172714,-0.0118398,-70.2705
1.649,144.733,-2.24938,21.9825,-0.000334505,-0.0908185,-0.0254632,-2.68425e-05,-0.000158921,0.00273808,3712.75,3,0.120587,0,0,-0.0252242,0.0252529,-0.0116924,0.0116979,-0.0593186,-0.059492,-0.0664305,-0.0666279,4559.83,-108.552,-2411.99,-0.000495856,0.0251589,-70.0213,4539.47,-110.175,2407.88,-0.000515589,-0.0252311,-70.0163,4826.26,174.392,-1292.48,0.00173447,0.0118081,-70.2732,4812.8,174.509,1292.45,0.00174027,-0.0118397,-70.2707
1.659,144.953,-2.25331,21.9823,-4.3239e-05,-0.478965,1.03436,0.000148503,-0.000160852,0.00271746,3712.9,3,0.120867,0,0,-0.0252314,0.0253289,-0.0116916,0.0116971,-0.0593226,-0.0594951,-0.0663762,-0.0665763,4563.5,-95.15,-2517.35,-0.000325055,0.0266238,-70.0188,4540.77,-97.4329,2472.79,-0.000363339,-0.0261393,-70.0138,4826.67,175.958,-1293.73,0.00174911,0.0118184,-70.2735,4813.09,181.654,1293.99,0.00180543,-0.0118481,-70.271
1.669,145.173,-2.25724,21.9826,-0.000443959,0.434977,-0.190521,-9.58777e-05,-0.000162879,0.00269717,3712.58,3,0.121465,0,0,-0.0252522,0.0253557,-0.0116909,0.0116964,-0.0593225,-0.0594966,-0.0663224,-0.0665251,4559.38,-107.554,-2414.34,-0.000484053,0.0251944,-70.0199,4537.63,-103.758,2420.06,-0.000442065,-0.0254137,-70.015,4826.82,178.215,-1285.67,0.00176649,0.0117336,-70.2735,4813.15,177.812,1285.65,0.00176777,-0.0117661,-70.2709
1.679,145.393,-2.26117,21.982,-7.21888e-05,-0.158774,0.436657,0.000157008,-0.000164976,0.00267665,3712.91,3,0.121846,0,0,-0.025076,0.0251732,-0.0116873,0.0116926,-0.0593281,-0.0595072,-0.066269,-0.0664744,4560.49,-104.057,-2389.17,-0.000458036,0.0248387,-70.0176,4538.51,-103.713,2377.82,-0.000457832,-0.0248189,-70.0123,4827.2,181.59,-1289.99,0.00179802,0.0117736,-70.274,4813.35,183.004,1290.2,0.00181589,-0.0118072,-70.2715
1.689,145.612,-2.2651,21.9817,-0.000266248,-0.444061,0.0763663,1.41789e-05,-0.000166907,0.00265678,3713,3,0.122181,0,0,-0.0252509,0.0253069,-0.0116858,0.0116924,-0.0593152,-0.0594966,-0.0662154,-0.0664231,4558.67,-96.7215,-2438.68,-0.000365219,0.025539,-70.0174,4537.21,-89.8838,2432.06,-0.000295069,-0.0255851,-70.0121,4827.94,182.713,-1296.24,0.00181056,0.0118346,-70.2744,4813.91,183.279,1296.25,0.00182083,-0.0118676,-70.2718
1.699,145.832,-2.26903,21.9817,-0.000458635,0.495523,-0.11506,-0.000102198,-0.000168666,0.00263658,3712.94,3,0.122942,0,0,-0.0252447,0.0252953,-0.0116845,0.0116901,-0.0593187,-0.0595016,-0.0661626,-0.0663727,4556.64,-119.78,-2430.26,-0.000609562,0.0254337,-70.0166,4534.71,-123.471,2425.47,-0.000651047,-0.0255078,-70.0113,4828.07,186.883,-1291.72,0.0018462,0.0117839,-70.2745,4813.96,186.883,1291.69,0.00185154,-0.0118172,-70.2719
1.709,146.052,-2.27296,21.9811,-0.000496227,-0.00524206,-0.371258,-0.000126955,-0.000170689,0.00261632,3712.95,3,0.123352,0,0,-0.0252326,0.0253515,-0.0116824,0.011689,-0.0593223,-0.0595057,-0.0661099,-0.0663226,4556.34,-129.043,-2368.24,-0.000722728,0.0245753,-70.0146,4533.94,-124.502,2381.26,-0.000673133,-0.0248947,-70.0095,4828.36,188.195,-1290.02,0.0018573,0.0117645,-70.2748,4814.15,187.229,1289.8,0.00185391,-0.011797,-70.2722
1.719,146.272,-2.27689,21.9806,-0.000434112,-0.296102,-0.104405,-7.28907e-05,-0.000172462,0.00259558,3712.97,3,0.123759,0,0,-0.0250252,0.0251573,-0.011681,0.0116878,-0.0593317,-0.0595185,-0.0660564,-0.0662716,4562.16,-121.887,-2502.11,-0.000618339,0.0264134,-70.0115,4539.78,-112.534,2500.28,-0.000519552,-0.0265398,-70.0069,4828.48,187.963,-1286.9,0.00185394,0.0117325,-70.2756,4814.18,187.822,1287.24,0.00185822,-0.01177,-70.2729
1.729,146.492,-2.28082,21.9808,-0.000302888,0.0376702,-0.00216242,-8.15324e-06,-0.000174211,0.00257643,3713.01,3,0.124167,0,0,-0.0253463,0.0254168,-0.0116802,0.0116864,-0.0593169,-0.0595088,-0.0660046,-0.0662219,4554.7,-120.074,-2411.95,-0.000615834,0.0251906,-70.0163,4532.96,-120.801,2410.52,-0.000625019,-0.0253095,-70.0106,4829.08,190.184,-1291.19,0.00187531,0.0117728,-70.2758,4814.65,190.372,1291.06,0.00188244,-0.0118055,-70.2731
1.739,146.711,-2.28475,21.981,-0.000252877,-0.439793,0.0114713,1.53081e-05,-0.000175729,0.002556,3713.06,3,0.124256,0,0,-0.025207,0.0252861,-0.0116797,0.011686,-0.0593263,-0.0595182,-0.0659518,-0.0661711,4557.83,-84.6044,-2382.7,-0.000254515,0.0247661,-70.0142,4535.25,-84.0566,2383.31,-0.00024886,-0.0249155,-70.0088,4829.47,184.355,-1291.09,0.00182273,0.0117767,-70.2774,4814.94,184.52,1290.55,0.0018295,-0.0118055,-70.2747
1.749,146.931,-2.28869,21.9807,-0.000703471,0.506384,-0.638477,-0.000270947,-0.000177404,0.00253616,3713.05,3,0.125126,0,0,-0.0252267,0.0253334,-0.011677,0.0116834,-0.0593346,-0.0595253,-0.0659002,-0.0661219,4557.09,-137.621,-2411.53,-0.000803136,0.025168,-70.0116,4534.1,-140.853,2426.04,-0.000835551,-0.0255184,-70.0062,4829.66,195.073,-1288.75,0.00191794,0.0117415,-70.2769,4815.09,192.936,1288.12,0.00190427,-0.0117717,-70.2741
1.759,147.151,-2.29262,21.9802,-0.000295154,0.234302,0.0135975,1.17524e-05,-0.000179253,0.00251664,3712.87,3,0.125595,0,0,-0.0252929,0.0254164,-0.0116753,0.011682,-0.0593319,-0.059525,-0.0658485,-0.0660727,4557.46,-150.318,-2418.92,-0.000931584,0.0252674,-70.0114,4533.68,-138.724,2420.23,-0.000812225,-0.0254399,-70.0065,4830.1,197.768,-1291.26,0.00194293,0.0117633,-70.2777,4815.45,197.46,1291.36,0.001946,-0.0117994,-70.275
1.769,147.371,-2.29655,21.9815,-0.000765701,-0.683818,-0.562029,-0.000311865,-0.00018118,0.0024961,3713.15,3,0.124999,0,0,-0.0251581,0.0252281,-0.0116735,0.0116808,-0.0593432,-0.0595414,-0.0657963,-0.0660229,4560.45,-35.7767,-2419.82,0.000265504,0.0252593,-70.0143,4538.3,-39.2678,2424.74,0.000237032,-0.0254708,-70.0081,4830.59,185.925,-1295.32,0.00183821,0.0118158,-70.2778,4815.77,184.802,1295.36,0.0018337,-0.0118526,-70.2751
1.779,147.59,-2.30048,21.98,-0.000480176,-0.325028,-0.154666,-0.000127807,-0.000182683,0.00247726,3713.12,3,0.126159,0,0,-0.0252243,0.0252697,-0.0116717,0.011679,-0.0593313,-0.0595295,-0.0657448,-0.0659732,4557.48,-125.962,-2402.35,-0.000681927,0.025039,-70.0111,4534.04,-121.707,2398.39,-0.000640486,-0.0251326,-70.0055,4830.78,197.486,-1292.08,0.00194033,0.0117704,-70.2784,4815.81,197.537,1292.1,0.00194676,-0.0118062,-70.2756
1.789,147.81,-2.30441,21.9811,-0.000287672,0.53143,0.10283,-2.78272e-05,-0.000184359,0.00245734,3713.06,3,0.126412,0,0,-0.0252813,0.0253737,-0.0116714,0.011678,-0.0593364,-0.0595355,-0.0656941,-0.0659246,4555.68,-95.9179,-2427.58,-0.000360222,0.0254029,-70.0128,4531.88,-95.4849,2422.07,-0.00035673,-0.0254791,-70.007,4830.74,195.075,-1284.88,0.00191596,0.0116994,-70.2797,4815.61,195.442,1284.57,0.00192506,-0.0117315,-70.2768
1.799,148.03,-2.30834,21.9806,-0.00045088,0.31351,-0.210991,-0.000127762,-0.000185924,0.00243758,3713.24,3,0.126878,0,0,-0.0251814,0.0253174,-0.0116689,0.0116759,-0.0593425,-0.0595427,-0.0656425,-0.065875,4556.67,-108.677,-2403.57,-0.000501714,0.0250618,-70.0113,4532.04,-113.428,2411.57,-0.000549692,-0.0253302,-70.0054,4831.18,198.778,-1288.48,0.00195037,0.0117313,-70.2795,4815.97,198.573,1287.8,0.00195437,-0.0117606,-70.2767
1.809,148.25,-2.31227,21.9795,-0.000406785,-0.769692,-0.193235,-7.8007e-05,-0.000187775,0.00241846,3713.25,3,0.127262,0,0,-0.0252969,0.0254075,-0.0116676,0.0116749,-0.0593371,-0.0595415,-0.0655923,-0.0658274,4554.51,-144.465,-2369.47,-0.000882964,0.0246021,-70.0086,4530.6,-136.55,2376.33,-0.000801193,-0.0248463,-70.003,4831.86,209.946,-1287.56,0.00205065,0.0117083,-70.2807,4816.63,209.406,1287.49,0.00205221,-0.0117442,-70.2778
1.819,148.47,-2.3162,21.9808,-0.000328904,0.445914,-0.074168,-4.29035e-05,-0.000189637,0.00239869,3713.26,3,0.127568,0,0,-0.0251846,0.0252624,-0.0116662,0.0116736,-0.0593464,-0.0595551,-0.0655417,-0.0657789,4556.9,-95.0043,-2437.62,-0.000347473,0.0255356,-70.0121,4533.3,-96.741,2439.53,-0.00036523,-0.0257161,-70.0056,4831.92,200.759,-1290.55,0.00196872,0.0117487,-70.2811,4816.43,200.648,1290.14,0.00197379,-0.0117813,-70.2783
1.829,148.689,-2.32013,21.9804,-0.000291915,-1.19282,-0.142305,-3.40103e-05,-0.000191067,0.00237898,3713.19,3,0.127408,0,0,-0.0251009,0.0251796,-0.0116657,0.0116729,-0.0593569,-0.0595634,-0.0654911,-0.0657301,4562.35,-65.2585,-2494.64,-2.09922e-05,0.0263049,-70.0081,4537.67,-51.2851,2501.01,0.000130868,-0.0265624,-70.0023,4832.33,204.54,-1294.89,0.00200408,0.0117881,-70.279,4816.74,203.824,1294.66,0.00200402,-0.0118236,-70.276
1.839,148.909,-2.32406,21.9801,-0.000310715,0.0418459,0.0802462,-3.92581e-05,-0.000192686,0.00236105,3713.34,3,0.128395,0,0,-0.0253952,0.0255116,-0.011663,0.0116708,-0.0593396,-0.0595456,-0.065442,-0.0656831,4553.93,-101.783,-2440.54,-0.000414213,0.0255961,-70.014,4527.75,-104.695,2436.64,-0.000446303,-0.0257121,-70.0077,4832.53,203.597,-1290.66,0.0019938,0.0117453,-70.2825,4816.78,204.089,1290.19,0.00200449,-0.0117773,-70.2795
1.849,149.129,-2.32799,21.9804,-0.000328935,-0.39924,-0.0195559,-4.26236e-05,-0.000194563,0.0023409,3713.54,3,0.128477,0,0,-0.0250939,0.0252335,-0.0116607,0.0116685,-0.0593612,-0.0595709,-0.0653916,-0.0656351,4560.14,-92.5721,-2407.98,-0.000330314,0.0251012,-70.0084,4534.36,-94.8934,2410.26,-0.000352952,-0.0252971,-70.002,4832.94,204.585,-1303.57,0.0020077,0.0118755,-70.2835,4817.07,204.759,1303.07,0.00201561,-0.0119083,-70.2804
1.859,149.349,-2.33193,21.9797,-0.000311592,-0.525259,-0.046167,-3.12298e-05,-0.000196351,0.00232243,3713.52,3,0.129076,0,0,-0.0252481,0.0253356,-0.0116581,0.0116656,-0.0593516,-0.0595653,-0.0653424,-0.0655881,4556.36,-109.581,-2419.4,-0.000505186,0.0252842,-70.011,4531.19,-109.997,2421.21,-0.000509844,-0.0254714,-70.0046,4833.21,206.989,-1290.89,0.00202394,0.0117425,-70.2851,4817.2,207.023,1290.53,0.00203077,-0.0117767,-70.2821
1.869,149.568,-2.33586,21.9804,-0.000343718,0.0330416,-0.0489516,-6.04837e-05,-0.000197981,0.00230332,3713.47,3,0.129348,0,0,-0.0252105,0.0252843,-0.0116579,0.011666,-0.0593566,-0.0595736,-0.0652932,-0.0655409,4556.95,-110.901,-2422.76,-0.000517989,0.0253271,-70.0101,4532.1,-105.757,2422.07,-0.000465249,-0.0254776,-70.0034,4833.54,215.9,-1294.65,0.00210477,0.0117704,-70.2833,4817.38,215.721,1294.07,0.00210994,-0.0118031,-70.2803
1.879,149.788,-2.33979,21.9793,-0.000274388,-0.423885,0.127817,-4.00903e-05,-0.000199583,0.00228453,3713.6,3,0.129996,0,0,-0.0251959,0.0253011,-0.0116567,0.0116649,-0.0593591,-0.0595752,-0.065244,-0.0654937,4558.45,-140.4,-2481.3,-0.000816408,0.0261403,-70.0077,4532.07,-151.338,2472.45,-0.00093734,-0.0261898,-70.001,4833.88,212.094,-1294.77,0.00207082,0.0117751,-70.2866,4817.59,211.418,1293.58,0.00207126,-0.0118023,-70.2834
1.889,150.008,-2.34372,21.9801,-0.000358681,-0.208456,-0.109864,-7.70608e-05,-0.000200935,0.00226619,3713.56,3,0.130088,0,0,-0.0252792,0.025427,-0.0116546,0.0116631,-0.059355,-0.0595708,-0.0651957,-0.0654471,4554.79,-99.9103,-2402.91,-0.000407092,0.0250649,-70.0122,4527.96,-106.082,2409.66,-0.000469623,-0.0253301,-70.0056,4834.09,207.657,-1291.58,0.00202967,0.0117467,-70.2867,4817.71,207.264,1290.51,0.00203264,-0.011775,-70.2836
1.899,150.228,-2.34765,21.9795,-0.000139352,-0.390589,0.238686,8.11113e-05,-0.000202658,0.00224705,3713.61,3,0.130662,0,0,-0.0252186,0.0253437,-0.0116529,0.0116613,-0.0593618,-0.0595813,-0.0651457,-0.0653997,4555.99,-144.307,-2392.21,-0.000875603,0.0249063,-70.007,4529.64,-133.662,2389,-0.000768136,-0.0250287,-70.001,4834.28,212.513,-1291.55,0.00207293,0.0117406,-70.2879,4817.86,212.964,1291.12,0.00208381,-0.0117747,-70.2847
1.909,150.448,-2.35159,21.9802,-0.000507474,-0.36257,0.0103792,-0.000198788,-0.000204348,0.00222881,3713.66,3,0.130733,0,0,-0.0252289,0.025316,-0.0116513,0.0116601,-0.0593614,-0.0595843,-0.0650987,-0.0653548,4555.46,-108.099,-2408.39,-0.000493618,0.0251364,-70.01,4529.19,-110.483,2393.07,-0.000524374,-0.0250898,-70.003,4835.81,206.201,-1282.38,0.00201556,0.0116502,-70.2887,4819.28,207.957,1281.94,0.00203795,-0.0116826,-70.2856
1.919,150.667,-2.35552,21.9808,-0.000326957,0.00559048,-0.00488049,-4.26085e-05,-0.000205429,0.0022104,3713.77,3,0.130969,0,0,-0.0252864,0.0253727,-0.0116501,0.0116587,-0.0593632,-0.0595871,-0.0650508,-0.0653084,4554.93,-91.3137,-2419.13,-0.000312488,0.0252896,-70.012,4528.51,-87.5558,2416.57,-0.000273815,-0.0254234,-70.0057,4834.8,210.951,-1293.22,0.00205928,0.0117582,-70.2895,4818.21,210.917,1292.61,0.0020658,-0.0117914,-70.2863
1.929,150.887,-2.35945,21.9804,-0.000475926,-0.302785,0.0825729,-0.00017467,-0.000207012,0.00219179,3713.83,3,0.131386,0,0,-0.0251943,0.0253139,-0.0116481,0.0116571,-0.0593707,-0.0595943,-0.0650025,-0.0652624,4558.92,-106.294,-2495.68,-0.000450611,0.0263441,-70.0093,4531.06,-111.755,2478.55,-0.000515454,-0.0262869,-70.0025,4835.2,213.55,-1294.59,0.00208302,0.0117685,-70.2906,4818.59,214.816,1293.72,0.00210117,-0.0117976,-70.2875
1.939,151.107,-2.36338,21.9811,-0.000369808,0.584927,-0.0485103,-8.0828e-05,-0.000208297,0.00217389,3713.82,3,0.131833,0,0,-0.0252958,0.0254347,-0.0116474,0.0116562,-0.0593684,-0.059593,-0.0649554,-0.0652169,4554.56,-113.007,-2431.48,-0.000537936,0.0254644,-70.0119,4526.99,-111.559,2433.73,-0.000522004,-0.0256756,-70.0053,4835.09,214.848,-1287.89,0.00209198,0.0116987,-70.2915,4818.39,214.832,1287.17,0.00209876,-0.0117308,-70.2883
1.949,151.327,-2.36732,21.9803,-0.000218322,0.355898,-0.098733,-1.46177e-05,-0.000209743,0.00215608,3713.86,3,0.132437,0,0,-0.0252938,0.0254221,-0.011645,0.0116538,-0.0593663,-0.059595,-0.0649083,-0.0651717,4553.99,-148.867,-2427.54,-0.00091391,0.0254102,-70.0096,4527.17,-150.342,2439.01,-0.000930858,-0.0257462,-70.0025,4835.36,221.156,-1291.51,0.00214935,0.0117281,-70.2929,4818.56,220.193,1290.32,0.00214771,-0.0117567,-70.2896
1.959,151.546,-2.37125,21.9809,-0.000115217,0.571901,0.389211,8.77797e-05,-0.000211291,0.00213765,3713.91,3,0.132613,0,0,-0.0251548,0.0252068,-0.0116432,0.0116522,-0.0593767,-0.0596086,-0.0648611,-0.0651265,4553.7,-127.94,-2380.58,-0.00070998,0.0247614,-70.0103,4526.42,-136.036,2365.98,-0.0008017,-0.0247287,-70.003,4835.19,217.224,-1278.96,0.00210954,0.0116046,-70.2939,4818.26,218.491,1278.39,0.00212794,-0.0116369,-70.2907
1.969,151.766,-2.37518,21.9804,-0.000288027,-0.283139,0.219634,-4.25687e-05,-0.000212527,0.00212044,3713.99,3,0.13285,0,0,-0.0252846,0.0253706,-0.0116426,0.0116515,-0.0593659,-0.0595979,-0.0648147,-0.0650815,4554.61,-142.764,-2449.08,-0.000847644,0.0257093,-70.0085,4527.02,-146.667,2434.3,-0.000895795,-0.0256807,-70.0015,4836.09,220.1,-1292.38,0.00214024,0.0117365,-70.2953,4819.02,221.173,1291.5,0.00215701,-0.0117666,-70.292
1.979,151.986,-2.37912,21.9811,-0.000304772,-0.142234,-0.00792198,-2.47321e-05,-0.000214074,0.00210243,3714.04,3,0.132967,0,0,-0.02531,0.0254393,-0.0116402,0.0116497,-0.0593723,-0.0596033,-0.0647688,-0.0650376,4553.54,-103.958,-2422.99,-0.000443917,0.0253524,-70.0126,4525.32,-99.694,2425.49,-0.000397544,-0.0255701,-70.0062,4836.36,218.251,-1290.18,0.00212274,0.0117154,-70.2959,4819.2,217.882,1289.35,0.00212663,-0.0117479,-70.2925
1.989,152.206,-2.38305,21.9822,-0.000791288,0.118799,-0.421414,-0.00034475,-0.000215852,0.00208402,3714.12,3,0.132962,0,0,-0.0250772,0.0251868,-0.0116331,0.0116437,-0.0593859,-0.0596208,-0.0647221,-0.0649929,4557.27,-70.6685,-2358.18,-0.000121057,0.0244322,-70.0125,4529.51,-77.6373,2356.41,-0.000191563,-0.0245787,-70.0047,4836.76,214.641,-1286.66,0.00208968,0.0116825,-70.297,4819.38,214.474,1285.9,0.00209523,-0.0117158,-70.2938
1.999,152.426,-2.38699,21.9817,-0.00056967,-0.373353,-0.26997,-0.000175543,-0.000216796,0.00206726,3714.14,3,0.133317,0,0,-0.0252784,0.0253762,-0.0116363,0.0116462,-0.0593744,-0.0596111,-0.064677,-0.0649492,4553.9,-84.3256,-2415.45,-0.000242222,0.0252446,-70.0145,4526.45,-69.2764,2414.21,-8.12899e-05,-0.0254026,-70.0084,4836.96,216.108,-1289.54,0.00210307,0.0117099,-70.2982,4819.55,215.621,1289.17,0.00210615,-0.0117477,-70.2947
2.009,152.645,-2.39093,21.9819,-0.000471901,0.575852,0.686284,0.00135715,-0.000237571,0.00204962,3714.24,3,0.134036,0,0.0036,-0.0267811,0.0239056,-0.0116351,0.0116431,-0.0593268,-0.0596692,-0.0646164,-0.0649195,4541.69,-211.591,-2485.64,-0.0015438,0.0263072,-70.0229,4535.96,-30.1253,2296.41,0.000263826,-0.0237161,-69.9947,4836.86,214.777,-1286.23,0.00208995,0.0116778,-70.2991,4819.76,206.884,1301.69,0.00203085,-0.0118854,-70.2956
2.019,152.865,-2.39487,21.9817,-0.00309885,-0.145469,-0.232628,-0.000672417,-0.000306004,0.00203268,3714.35,3,0.134174,0,0.0076,-0.0291375,0.0215625,-0.0116314,0.0116464,-0.0592878,-0.059709,-0.0645374,-0.0649103,4543.56,-137.731,-2680.8,-0.000642661,0.0292018,-70.0522,4535.3,-68.2149,2158.56,-0.000222007,-0.0218987,-69.9681,4842.42,216.737,-1278.73,0.00210538,0.011586,-70.2988,4814.7,226.523,1298.53,0.0022062,-0.0118433,-70.298
2.029,153.085,-2.39888,21.9819,-0.00570597,0.411015,-0.647317,-0.00215446,-0.000420281,0.00201602,3714.49,3,0.134676,0,0.0116,-0.0311795,0.0195288,-0.0116278,0.0116457,-0.0593174,-0.0596818,-0.0644444,-0.0649152,4576.28,-206.957,-2751.07,-0.00131645,0.030031,-70.061,4498.97,-62.9658,1973.91,-0.000256536,-0.0197366,-69.9574,4855.04,216.734,-1277.12,0.00210202,0.0115403,-70.3022,4802.6,234.401,1301.91,0.00228135,-0.0118981,-70.2968
2.039,153.305,-2.40296,21.9822,-0.0092849,-0.565838,-0.675772,-0.00487712,-0.000610403,0.00199973,3714.94,3,0.13452,0,0.0156,-0.0332869,0.0172621,-0.0116232,0.0116474,-0.0593392,-0.0596667,-0.0643226,-0.06495,4628.14,-173.767,-2914.08,-0.000834046,0.0321912,-70.0751,4451.71,-18.6024,1853.4,0.000120697,-0.0184663,-69.9424,4876.74,225.653,-1282.11,0.00217591,0.0115309,-70.3075,4780.72,263.003,1303.64,0.00254537,-0.0119342,-70.2931
2.049,153.524,-2.40716,21.9818,-0.0144164,-0.128284,-0.865144,-0.00914826,-0.00088686,0.0019853,3714.82,3,0.13522,0,0.0196,-0.0355795,0.0151236,-0.0116172,0.0116507,-0.0593085,-0.0596714,-0.0641685,-0.0650197,4682.44,-202.706,-3062.48,-0.00102835,0.0341592,-70.0893,4389.79,-54.8802,1683.11,-0.000309851,-0.0166754,-69.9256,4909.26,194.522,-1283.86,0.00189173,0.0115084,-70.3168,4747.97,257.908,1294.44,0.00251005,-0.0119249,-70.2863
2.059,153.744,-2.41151,21.9825,-0.0195835,-0.183619,-0.961335,-0.0137199,-0.00125247,0.00197181,3714.86,3,0.135263,0,0.0236,-0.0376023,0.0130265,-0.0116091,0.0116541,-0.0592415,-0.0597225,-0.0639769,-0.0651274,4748.57,-200.479,-3180.45,-0.000882453,0.0355374,-70.1026,4321.88,-17.8792,1540.03,1.58997e-06,-0.0152497,-69.9115,4951.97,180.861,-1303.04,0.00176507,0.011617,-70.3298,4705.09,267.644,1291.57,0.00261816,-0.0119885,-70.275
2.069,153.964,-2.41603,21.9826,-0.0251538,0.352247,-0.88691,-0.0188663,-0.00171611,0.00196034,3715.19,3,0.135824,0,0.0276,-0.0398322,0.0108429,-0.0116007,0.0116582,-0.059088,-0.0598412,-0.0637377,-0.0652852,4810.14,-260.475,-3308.98,-0.0014283,0.0371776,-70.1186,4253.39,-8.74294,1396.78,4.40168e-05,-0.013829,-69.8916,5002.38,173.465,-1303.41,0.00168435,0.0115147,-70.347,4652.85,277.033,1265.79,0.00271844,-0.0118323,-70.2609
2.079,154.184,-2.42075,21.9826,-0.0305385,-0.492516,-0.884269,-0.0240869,-0.00227042,0.0019503,3715.38,3,0.135808,0,0.0316,-0.041812,0.00875823,-0.0115852,0.0116669,-0.0588857,-0.0600161,-0.0634503,-0.0654919,4881.34,-251.574,-3398.37,-0.00120993,0.0380308,-70.1344,4181.78,38.4969,1277.28,0.000476056,-0.0126853,-69.8722,5059.97,161.596,-1326.46,0.00157054,0.0116238,-70.3673,4594.22,284.277,1247.81,0.00281038,-0.0117763,-70.2427
2.089,154.404,-2.42569,21.9829,-0.0382292,-0.188002,-1.39122,-0.0325602,-0.00291318,0.00194304,3715.83,3,0.136217,0,0.0356,-0.0437256,0.00676455,-0.0115715,0.0116751,-0.0586161,-0.0602403,-0.063114,-0.0657539,4950.82,-237.357,-3539.55,-0.000903224,0.0398511,-70.1573,4107.3,4.58372,1101.25,9.45631e-05,-0.0109231,-69.8477,5122.15,142.762,-1357.34,0.00139833,0.0118014,-70.3901,4530.41,293.326,1225.35,0.00292242,-0.0116806,-70.2218
2.099,154.623,-2.43087,21.9832,-0.04362,0.648284,-0.664744,-0.0390098,-0.00364145,0.0019385,3715.75,3,0.136803,0,0.0396,-0.0458506,0.00466934,-0.0115555,0.0116851,-0.0582858,-0.0605202,-0.0627212,-0.0660763,5024.15,-290.125,-3650.11,-0.00135569,0.0411081,-70.1782,4030.73,4.88542,965.066,6.77934e-05,-0.0096063,-69.8224,5185.98,149.392,-1382.31,0.00144444,0.0118961,-70.4167,4464.79,309.241,1196.04,0.00309922,-0.0115008,-70.1988
2.109,154.843,-2.43633,21.983,-0.0497875,0.150572,-1.46052,-0.0463721,-0.00444379,0.00193625,3715.91,3,0.137039,0,0.0436,-0.0477634,0.00268698,-0.0115361,0.011694,-0.0579231,-0.0608395,-0.0622762,-0.0664538,5105.77,-323.716,-3739.99,-0.00160059,0.0418803,-70.2001,3949.73,44.4622,870.904,0.000446172,-0.00874417,-69.7969,5249.96,147.779,-1414.43,0.00142007,0.0120632,-70.4452,4398.14,310.221,1162.19,0.0031374,-0.0112916,-70.173
2.119,155.063,-2.44207,21.9832,-0.0562923,0.309135,-1.80934,-0.0552062,-0.00531236,0.00193701,3716.06,3,0.137385,0,0.0476,-0.0494766,0.000785951,-0.011511,0.0117076,-0.0575152,-0.0611926,-0.0617842,-0.0668837,5190.48,-313.784,-3836.72,-0.00135311,0.042735,-70.2279,3866.29,28.6631,717.51,0.000265581,-0.00723546,-69.766,5314.06,143.185,-1450.33,0.00137224,0.012265,-70.475,4332.08,319.595,1123.64,0.00325301,-0.0110089,-70.1464
2.129,155.283,-2.4481,21.9825,-0.0611108,0.209061,-1.92046,-0.062684,-0.00624972,0.00194135,3716.18,3,0.138021,0,0.0516,-0.0517998,-0.00150377,-0.01148,0.0117215,-0.0570193,-0.0616061,-0.0612405,-0.0673708,5267.13,-429.57,-3954.51,-0.00248486,0.0441522,-70.2573,3788.97,73.774,642.642,0.000718232,-0.00653066,-69.7318,5376.63,147.666,-1486.64,0.00140147,0.0124649,-70.506,4267.13,322.736,1089.41,0.00331254,-0.0107765,-70.1186
2.139,155.502,-2.45448,21.9837,-0.0666971,0.993091,-1.13151,-0.0723707,-0.00722519,0.00194821,3716.23,3,0.138235,0,0.0556,-0.0532879,-0.00310051,-0.0114437,0.0117392,-0.0565442,-0.0620039,-0.0606712,-0.0678889,5359.11,-346.357,-4047.83,-0.00142071,0.0448319,-70.288,3697.02,25.9431,453.918,0.00021513,-0.00464126,-69.6993,5438.37,137.17,-1525.31,0.00130476,0.0126954,-70.5382,4201.77,327.455,1036.59,0.00337606,-0.0103218,-70.0891
2.149,155.722,-2.46119,21.9832,-0.0724649,0.400973,-2.33711,-0.0826697,-0.00826228,0.00195844,3716.45,3,0.138556,0,0.0596,-0.055561,-0.00535123,-0.0114279,0.011727,-0.0559869,-0.0624776,-0.0600546,-0.06846,5442.14,-337.577,-4190.16,-0.00113135,0.046649,-70.328,3619.33,28.0203,352.087,0.000236518,-0.00362992,-69.6573,5500.22,132.444,-1586.17,0.00126417,0.013124,-70.5707,4138.94,336.971,1000.41,0.00349483,-0.0100359,-70.0594
2.159,155.942,-2.46828,21.9827,-0.0746956,0.172189,-2.19574,-0.0895295,-0.00931877,0.00197193,3716.61,3,0.139057,0,0.0636,-0.0570695,-0.00709658,-0.0113895,0.0117431,-0.0554459,-0.0629251,-0.0594197,-0.0690569,5541.11,-465.96,-4208.92,-0.00243663,0.0458362,-70.3477,3526.64,129.609,335.167,0.00126324,-0.00339718,-69.6305,5559.01,142.428,-1637.04,0.00134123,0.0134542,-70.6059,4078.64,335.654,956.336,0.00350457,-0.00966493,-70.0267
2.169,156.162,-2.47574,21.9823,-0.081288,0.155937,-2.97807,-0.103145,-0.0104205,0.00198915,3716.64,3,0.139581,0,0.0676,-0.059127,-0.00923091,-0.0113312,0.0117652,-0.0548227,-0.0634281,-0.0587563,-0.0696889,5620.78,-376.915,-4406.81,-0.00125189,0.048823,-70.399,3448.92,32.7973,131.361,0.000291851,-0.00136057,-69.5781,5617.18,114.827,-1687.48,0.00111112,0.0137979,-70.6398,4017.15,341.709,896.486,0.00356882,-0.00908696,-69.9978
2.179,156.381,-2.4836,21.9831,-0.0850379,0.629505,-4.61306,-0.114518,-0.0115578,0.00200942,3716.73,3,0.139823,0,0.0716,-0.0616973,-0.0117047,-0.0112928,0.0117666,-0.0541563,-0.0639685,-0.0580694,-0.0703513,5695.96,-341.394,-4484.37,-0.000677194,0.0494314,-70.4479,3375.72,7.81773,-45.6106,5.32443e-05,0.000479036,-69.525,5676.71,116.472,-1759.26,0.0011268,0.0143157,-70.6728,3957.24,355.664,850.019,0.00371609,-0.00863716,-69.9652
2.189,156.601,-2.49192,21.9819,-0.0847479,0.0319839,-3.33934,-0.121006,-0.0126929,0.00203303,3716.03,3,0.140464,0,0.0756,-0.063315,-0.013527,-0.0112419,0.0117747,-0.0535346,-0.0644548,-0.0573789,-0.0710259,5795.92,-557.942,-4554.72,-0.00291856,0.0497199,-70.4621,3281.79,231.827,6.37812,0.00192411,-7.8894e-05,-69.5015,5732.56,146.1,-1810.34,0.00136114,0.0146349,-70.711,3900.26,346.767,794.301,0.0036381,-0.00810842,-69.9283
2.199,156.821,-2.50069,21.9812,-0.0890735,-0.0638127,-2.64686,-0.133927,-0.0138444,0.0020595,3716.83,3,0.141101,0,0.0796,-0.064699,-0.0150591,-0.0111974,0.0117685,-0.0529061,-0.0649419,-0.0566815,-0.0717129,5895.55,-506.187,-4752.34,-0.00216772,0.0526284,-70.503,3189.32,83.3223,-137.443,0.000852464,0.00140541,-69.454,5789.26,131.926,-1887.99,0.00124756,0.015214,-70.7466,3842.66,361.5,736.643,0.00377443,-0.00749793,-69.8941
2.209,157.04,-2.50992,21.9811,-0.0904409,-0.213697,-5.78689,-0.146552,-0.0149852,0.00208935,3716.78,3,0.141456,0,0.08,-0.0647529,-0.0153637,-0.011142,0.0117748,-0.0523073,-0.065395,-0.0559903,-0.072405,5998.36,-434.422,-4693.26,-0.00135118,0.0498542,-70.5321,3089.5,28.9975,-104.002,0.000314554,0.00116922,-69.4263,5844.12,129.755,-1979.94,0.00123432,0.0159205,-70.7838,3786.81,371.444,672.693,0.00384993,-0.0068089,-69.8588
2.219,157.26,-2.51961,21.9797,-0.085886,-0.845832,-2.258,-0.153471,-0.0160864,0.00212168,3716.68,3,0.142226,0,0.08,-0.0643801,-0.0149758,-0.0110702,0.0117385,-0.051656,-0.065899,-0.0553226,-0.0730793,6083.01,-473.699,-4651.99,-0.00177292,0.0479857,-70.5574,3011.24,15.7467,-82.6045,0.000172637,0.000962873,-69.4065,5893.79,146.874,-2063.39,0.00137494,0.0165525,-70.8213,3737.73,365.884,601.544,0.00376257,-0.00604639,-69.8225
2.229,157.479,-2.52978,21.9801,-0.0876486,-0.246576,-6.88982,-0.167097,-0.0171477,0.00215404,3716.51,3,0.14261,0,0.08,-0.0640082,-0.0146923,-0.0110395,0.0117613,-0.0509782,-0.0664739,-0.054652,-0.073767,6145.18,-448.501,-4664.36,-0.00150462,0.0474731,-70.5898,2970.01,38.4065,6.17967,0.000336601,-6.143e-05,-69.3784,5935.08,155.978,-2154.1,0.00145197,0.0172784,-70.8561,3697.4,361.667,538.613,0.00368362,-0.00536254,-69.7866
2.239,157.699,-2.54038,21.9794,-0.0821707,-0.133892,-4.75855,-0.175237,-0.0181357,0.0021881,3716.4,3,0.143331,0,0.08,-0.0638182,-0.0144741,-0.010967,0.0117829,-0.0502749,-0.0670624,-0.0540196,-0.0744244,6187.5,-473.274,-4703.57,-0.00173697,0.0477455,-70.6264,2950.49,15.4886,38.4738,0.000162101,-0.000444608,-69.3488,5967.21,160.106,-2229.72,0.00148895,0.0178931,-70.8881,3667.56,370.046,464.423,0.00367689,-0.00451236,-69.7531
2.249,157.918,-2.55142,21.9795,-0.0754516,-0.071839,-4.35113,-0.182223,-0.019048,0.00222176,3716.24,3,0.143717,0,0.08,-0.0635176,-0.0142754,-0.0109219,0.0117605,-0.0495988,-0.0676263,-0.0534148,-0.0750581,6218.22,-486.089,-4689.89,-0.0018809,0.0471392,-70.6583,2938.43,55.508,127.151,0.000619803,-0.00148344,-69.3238,5989.1,172.53,-2313.9,0.00159603,0.0186191,-70.9171,3648.36,362.722,394.757,0.00351986,-0.00374515,-69.721
2.259,158.138,-2.5629,21.9798,-0.0684989,0.59534,-0.570362,-0.189916,-0.0198744,0.00225633,3715.98,3,0.14427,0,0.08,-0.0630128,-0.0139287,-0.0108774,0.0117425,-0.0489321,-0.0681104,-0.0528516,-0.0756522,6234.48,-451.006,-4850.98,-0.00148099,0.050063,-70.6883,2923.1,36.4698,178.283,0.000410562,-0.00217855,-69.2978,6001.96,178.392,-2385.59,0.00164896,0.0192626,-70.9437,3638.05,372.75,332.463,0.00350638,-0.00305254,-69.6909
2.269,158.357,-2.57481,21.9799,-0.0607787,0.836846,-3.04853,-0.196358,-0.0206225,0.00229209,3715.65,3,0.144712,0,0.08,-0.0628556,-0.0137807,-0.0108321,0.0117334,-0.0482774,-0.0685263,-0.0523305,-0.07621,6231.17,-449.479,-4703.53,-0.00153951,0.0472233,-70.7147,2903.59,57.3551,202.268,0.000661057,-0.00247054,-69.2725,6010.49,183.195,-2503.65,0.00171436,0.0203806,-70.9661,3632.54,320.75,233.508,0.00290271,-0.00206205,-69.6633
2.279,158.577,-2.58714,21.9791,-0.0536734,0.0227607,-3.92239,-0.20408,-0.0212944,0.00232811,3715.5,3,0.14504,0,0.08,-0.0626022,-0.0135776,-0.0107833,0.0117232,-0.0476623,-0.0688609,-0.0518565,-0.0767144,6222.62,-380.68,-4732.25,-0.000845637,0.0478217,-70.7432,2878.94,8.08935,176.806,5.90359e-05,-0.00221137,-69.2433,6011.96,195.139,-2550.8,0.00181666,0.0208363,-70.9845,3631.54,361.29,162.15,0.00311391,-0.00135318,-69.637
2.289,158.796,-2.5999,21.979,-0.042094,0.19554,-3.50713,-0.206919,-0.0219043,0.00236486,3715.19,3,0.145536,0,0.08,-0.0628375,-0.0138435,-0.0107429,0.011711,-0.0470738,-0.0691702,-0.0514211,-0.0771812,6209.5,-535.624,-4675.35,-0.0024362,0.0469859,-70.7582,2858.94,93.2458,215.702,0.00108728,-0.00261623,-69.22,6011.71,209.343,-2609.43,0.00194478,0.0214163,-71.0038,3631.5,353.371,84.7645,0.00294824,-0.000669977,-69.614
2.299,159.016,-2.61311,21.9791,-0.0342754,-0.191947,-5.23299,-0.213893,-0.0224416,0.00240202,3715.02,3,0.145716,0,0.08,-0.0620301,-0.0133221,-0.0107089,0.0116973,-0.046602,-0.0693879,-0.051043,-0.0775845,6215.55,-415.489,-4604.68,-0.00128556,0.0455564,-70.7746,2827.67,39.9089,178.372,0.000464076,-0.00224312,-69.1972,6013.71,215.822,-2699.9,0.0020208,0.022322,-71.0203,3628.02,337.069,-5.61481,0.00276666,7.93501e-05,-69.5897
2.309,159.235,-2.62674,21.9794,-0.0246069,-1.20215,-6.55246,-0.218937,-0.0229388,0.00244123,3714.75,3,0.145508,0,0.08,-0.0618977,-0.0132255,-0.0106719,0.0116888,-0.0461442,-0.0696054,-0.0506976,-0.0779495,6218.68,-271.247,-4611.13,0.00013478,0.0455505,-70.7952,2809.03,50.6782,245.145,0.000604661,-0.00313591,-69.174,6015.91,181.525,-2760.39,0.00175222,0.0229466,-71.0326,3620.54,345.234,-103.369,0.00289317,0.000905444,-69.576
2.319,159.455,-2.64081,21.9793,-0.0165163,0.141877,-8.21907,-0.22508,-0.0233922,0.00248377,3714.68,3,0.146459,0,0.08,-0.0614645,-0.0129451,-0.0106374,0.0116849,-0.0457274,-0.069781,-0.0503919,-0.0782683,6222.4,-323.819,-4557.76,-0.000428552,0.0445999,-70.8135,2788.71,-2.51693,154.633,-6.90729e-05,-0.00198485,-69.1537,6020.87,207.149,-2824.47,0.00197973,0.0235839,-71.0466,3607.73,299.937,-196.444,0.00265253,0.00178939,-69.5668
2.329,159.674,-2.65532,21.979,-0.0027778,0.346215,-3.94308,-0.224854,-0.0238212,0.00252895,3714.74,3,0.147129,0,0.08,-0.0615307,-0.0130926,-0.0106122,0.0116677,-0.0453256,-0.0699697,-0.0501091,-0.0785653,6236.53,-488.109,-4641.78,-0.00201183,0.046036,-70.8215,2779.46,59.1313,191.423,0.000716818,-0.00242315,-69.1375,6026.55,222.397,-2881.75,0.00211865,0.0241571,-71.0571,3597.07,308.952,-233.86,0.00279914,0.00217559,-69.5572
2.339,159.893,-2.67027,21.9789,0.00692687,-0.254078,-2.46227,-0.229734,-0.0242263,0.00257769,3714.79,3,0.147366,0,0.08,-0.0612174,-0.0129095,-0.0105698,0.0116776,-0.0449454,-0.0701191,-0.0498601,-0.0788287,6252.46,-327.71,-4730.09,-0.000370103,0.0474,-70.8461,2770.76,-1.83275,122.152,-5.08547e-05,-0.0015709,-69.1161,6038.63,237.763,-2941.72,0.00225912,0.0247368,-71.0666,3579.55,283.193,-291.939,0.00269225,0.00284524,-69.553
2.349,160.112,-2.68568,21.9789,0.0182771,0.417876,-2.86492,-0.230379,-0.0246108,0.00262982,3714.88,3,0.148002,0,0.08,-0.0608837,-0.0128204,-0.0105614,0.0116624,-0.0446028,-0.0702431,-0.0496302,-0.0790817,6275.79,-447.581,-4665.03,-0.00161596,0.0460112,-70.8462,2757.27,53.0271,184.48,0.000648386,-0.00235766,-69.106,6053.69,227.037,-3007.54,0.00218574,0.0253804,-71.0761,3562.37,303.004,-352.675,0.00295958,0.00353378,-69.5455
2.359,160.332,-2.70153,21.9782,0.0252739,0.120248,-4.91689,-0.2364,-0.0249956,0.00268589,3715.01,3,0.148506,0,0.08,-0.0609792,-0.0128317,-0.0105378,0.0116438,-0.0442174,-0.0703591,-0.0494109,-0.0793263,6286.5,-365.666,-4718.22,-0.000769959,0.046822,-70.8702,2748.17,-4.32822,103.232,-7.99571e-05,-0.00133293,-69.0855,6070.63,216.467,-3067.67,0.00210528,0.0259584,-71.0872,3541.93,314.748,-410.882,0.00315456,0.00423072,-69.5446
2.369,160.551,-2.71783,21.9783,0.0352578,0.7178,-4.63761,-0.238571,-0.0253794,0.00274461,3715.15,3,0.149115,0,0.08,-0.0612275,-0.0131618,-0.0105145,0.0116364,-0.043822,-0.0704747,-0.0491981,-0.0795705,6299.69,-474.499,-4753.22,-0.00182226,0.0473872,-70.881,2742.78,41.4074,77.7015,0.000484704,-0.000943052,-69.0715,6091.34,223.008,-3133.57,0.00217288,0.0265809,-71.0986,3523.57,314.505,-449.154,0.00321627,0.00472147,-69.5419
2.379,160.77,-2.73462,21.9781,0.0487515,-0.147478,-0.899249,-0.236856,-0.0257387,0.00280507,3715.34,3,0.149318,0,0.08,-0.060254,-0.0125127,-0.0104959,0.0116203,-0.043509,-0.0704978,-0.0490092,-0.0797933,6342.17,-378.848,-4724.25,-0.000924064,0.0463332,-70.8781,2709.46,12.7674,120.302,0.000141487,-0.00157748,-69.0668,6114.24,223.174,-3189.21,0.00218051,0.0270851,-71.1099,3505.27,319.383,-502.795,0.00334078,0.00540835,-69.5363
2.389,160.989,-2.75185,21.9771,0.0545075,-0.0941707,-3.41461,-0.242833,-0.026125,0.002869,3715.22,3,0.150056,0,0.08,-0.0603031,-0.0127236,-0.0104539,0.0116298,-0.0430978,-0.0705752,-0.0488016,-0.0800359,6353.74,-347.28,-4800.84,-0.000559483,0.0475961,-70.9021,2700.23,-25.8635,52.8265,-0.000333267,-0.000640813,-69.0454,6138.58,217.788,-3249.72,0.00214324,0.0276405,-71.1179,3485.65,322.704,-542.427,0.00343106,0.00593805,-69.5328
2.399,161.208,-2.76958,21.9772,0.0635578,-0.0445821,-1.29473,-0.243822,-0.0264994,0.00293355,3715.83,3,0.150466,0,0.08,-0.059839,-0.012472,-0.0104499,0.0116073,-0.0427459,-0.0706201,-0.0486025,-0.0802732,6387.03,-425.271,-4960.98,-0.00128918,0.0503501,-70.8971,2677.13,30.1746,138.573,0.000375858,-0.00182509,-69.0411,6162.39,234.075,-3294.95,0.00228174,0.0280236,-71.1288,3468.56,334.507,-559.754,0.00358981,0.00616783,-69.5276
2.409,161.427,-2.78775,21.9769,0.0718546,-0.165244,-4.85229,-0.246203,-0.026894,0.00300098,3715.71,3,0.150847,0,0.08,-0.0601748,-0.0126769,-0.0104265,0.0115981,-0.0423145,-0.0706972,-0.0483915,-0.0805171,6397.15,-328.827,-4817.03,-0.000380353,0.0474039,-70.9194,2664.45,-7.16474,51.78,-0.000107796,-0.000677962,-69.0228,6189.04,219.892,-3356.7,0.00217227,0.0285878,-71.1372,3446.8,327.031,-616.569,0.00358321,0.00696756,-69.5248
2.419,161.646,-2.80642,21.977,0.0817866,-0.141219,-1.94395,-0.246196,-0.0272768,0.00306958,3715.85,3,0.151255,0,0.08,-0.0596366,-0.0124346,-0.0104004,0.0115881,-0.041932,-0.0707331,-0.0481908,-0.0807484,6427.57,-340.087,-4882.14,-0.000468652,0.0482856,-70.9191,2642.63,4.30384,61.0363,4.33699e-05,-0.000813818,-69.0171,6214.58,225.163,-3426.29,0.00222893,0.0292458,-71.1472,3426.76,326.435,-646.381,0.0036254,0.00740753,-69.5215
2.429,161.865,-2.82556,21.9765,0.0896546,-0.0696541,-3.85014,-0.247338,-0.0276676,0.00313962,3716.01,3,0.151825,0,0.08,-0.059261,-0.0124016,-0.0103781,0.0115754,-0.0415324,-0.0707769,-0.0479743,-0.0809895,6453.42,-376.219,-4802.09,-0.00088877,0.0465509,-70.9241,2620.39,20.9648,29.4762,0.000244219,-0.000358996,-69.0083,6238.18,235.676,-3455.19,0.00231353,0.029449,-71.1559,3405.94,317.975,-678.7,0.00358431,0.00790749,-69.5171
2.439,162.084,-2.84518,21.9764,0.0966478,1.13829,-4.3485,-0.249506,-0.0280756,0.00321228,3716.14,3,0.152736,0,0.08,-0.0595824,-0.0126185,-0.0103517,0.0115668,-0.0410687,-0.0708541,-0.0477496,-0.0812411,6462.4,-374.865,-4851.89,-0.000839845,0.0473581,-70.9416,2610.54,-7.7301,-11.2683,-9.65074e-05,0.000137898,-68.9927,6261.74,240.236,-3505.28,0.00235726,0.0298977,-71.1638,3382.75,329.946,-705.107,0.00375425,0.00829969,-69.5155
2.449,162.303,-2.8653,21.9756,0.102161,0.181758,-5.05816,-0.251712,-0.0284722,0.00328594,3716.24,3,0.153036,0,0.08,-0.0590513,-0.012385,-0.010327,0.0115609,-0.0406685,-0.0708936,-0.0475364,-0.0814829,6488.68,-365.813,-4878.79,-0.000752012,0.0475598,-70.9408,2588.93,-13.3605,-55.653,-0.000178188,0.000745273,-68.9868,6286.76,236.536,-3544.04,0.00232749,0.0302105,-71.1722,3361.35,328.769,-736.279,0.00379225,0.00878868,-69.5117
2.459,162.522,-2.88591,21.9751,0.110859,-0.452099,-3.70476,-0.250484,-0.0288737,0.00336124,3716.4,3,0.153365,0,0.08,-0.0590499,-0.0124891,-0.0103022,0.0115455,-0.0402305,-0.070944,-0.0473089,-0.0817363,6510.7,-487.637,-4927.08,-0.00192934,0.0482746,-70.9397,2570.89,39.2588,-29.1791,0.000447889,0.000324026,-68.9805,6308.48,219.125,-3567.54,0.00218118,0.030367,-71.1803,3341.98,315.802,-750.444,0.00368616,0.00906532,-69.508
2.469,162.74,-2.90701,21.9752,0.114785,0.954781,-4.60406,-0.254216,-0.0292791,0.00343819,3716.47,3,0.154248,0,0.08,-0.058825,-0.0123832,-0.0102755,0.0115329,-0.0397869,-0.0709926,-0.0470855,-0.0819897,6524.71,-339.475,-5007.89,-0.000434268,0.0495715,-70.9601,2554.61,-44.082,-99.8896,-0.000576354,0.00132032,-68.9656,6328.68,231.514,-3599.8,0.00227981,0.0306277,-71.1868,3320.32,341.563,-782.676,0.00401987,0.00953196,-69.5072
2.479,162.959,-2.9286,21.9746,0.122651,0.429177,-5.71304,-0.253673,-0.0296876,0.00351553,3716.58,3,0.154619,0,0.08,-0.058889,-0.0126772,-0.0102476,0.0115203,-0.0393432,-0.0710587,-0.0468551,-0.0822522,6546.64,-387.953,-4919.78,-0.000951929,0.047696,-70.9635,2542.5,-10.3748,-83.9048,-0.000133279,0.00116021,-68.9569,6350.51,233.877,-3662.77,0.0023143,0.0312413,-71.1929,3300.49,339.493,-805.179,0.00403595,0.00991883,-69.5043
2.489,163.178,-2.95073,21.9741,0.12726,-0.561501,-5.92446,-0.255348,-0.0300697,0.00359364,3716.63,3,0.154802,0,0.08,-0.0577382,-0.011933,-0.0102162,0.0115198,-0.0389603,-0.0710541,-0.0466412,-0.0825005,6581.58,-324.901,-4945.65,-0.00037004,0.0477548,-70.9594,2515.34,-25.172,-109.06,-0.000332071,0.00151303,-68.9571,6370.46,304.333,-3700.63,0.00291669,0.031558,-71.1837,3284.69,402.734,-801.334,0.00477233,0.0097857,-69.4842
2.499,163.396,-2.97331,21.9743,0.135506,0.0609481,-3.32714,-0.254148,-0.0304797,0.00367361,3717.12,3,0.155451,0,0.08,-0.0586016,-0.0126652,-0.0101957,0.0114989,-0.0384583,-0.0711506,-0.0464101,-0.0827693,6585.34,-310.259,-5019.27,-0.000148693,0.0490764,-70.9809,2511.69,-35.7388,-140.586,-0.000479752,0.00195667,-68.939,6387.46,246.393,-3720.66,0.00241948,0.0317102,-71.2041,3265.57,342.375,-833.763,0.00413974,0.0104409,-69.4998
2.509,163.615,-2.99644,21.9742,0.140966,0.366369,-3.61478,-0.254542,-0.0308659,0.00375357,3716.91,3,0.155987,0,0.08,-0.0582461,-0.0124228,-0.0101694,0.0114773,-0.0380354,-0.0711795,-0.0461919,-0.0830295,6606.72,-342.527,-4997.94,-0.000493494,0.0484567,-70.9772,2491.2,-16.7208,-123.701,-0.000221003,0.00175175,-68.9384,6405.43,247.376,-3754.92,0.00243093,0.0320121,-71.2102,3248.35,341.041,-857.357,0.00416267,0.0108507,-69.4975
2.519,163.833,-3.02008,21.9735,0.147245,-0.0603511,-1.94366,-0.254308,-0.0312282,0.00383403,3716.76,3,0.156513,0,0.08,-0.0572897,-0.0120856,-0.0101166,0.0114772,-0.0376302,-0.071184,-0.0459917,-0.083273,6631.64,-332.912,-4987.44,-0.000447226,0.0479849,-70.9741,2470.41,-27.466,-144.142,-0.000374379,0.00205353,-68.9347,6421.41,248.387,-3783.38,0.00244002,0.0322573,-71.217,3232.93,337.403,-880.879,0.00415678,0.011264,-69.4961
2.529,164.051,-3.0442,21.973,0.151185,0.667528,-6.32984,-0.254347,-0.0316134,0.00391533,3717.03,3,0.15722,0,0.08,-0.058177,-0.0126478,-0.0101205,0.0114447,-0.0371446,-0.0712703,-0.0457627,-0.0835509,6629.2,-471.686,-4878.05,-0.0017966,0.0461298,-70.9844,2469.56,22.0861,-183.155,0.000350475,0.0026289,-68.925,6433.79,274.589,-3797.34,0.00266069,0.032346,-71.2206,3220.88,334.364,-887.386,0.00414012,0.0114118,-69.4947
2.539,164.27,-3.06886,21.9728,0.156004,-0.324559,-2.89095,-0.255557,-0.0319451,0.00399639,3716.93,3,0.157419,0,0.08,-0.0569979,-0.0119949,-0.0100773,0.0114454,-0.0367628,-0.071246,-0.0455844,-0.0837744,6654.96,-309.395,-4996.07,-0.000220057,0.0478799,-70.9853,2448.09,-36.2493,-174.848,-0.000497878,0.00251939,-68.9226,6449.17,256.424,-3857.98,0.00252225,0.0329862,-71.2241,3207.26,356.387,-908.29,0.00444165,0.0117385,-69.4934
2.549,164.488,-3.094,21.9723,0.160672,1.11238,-4.82733,-0.254635,-0.0323144,0.00407873,3717.12,3,0.15852,0,0.08,-0.0585352,-0.0132008,-0.0100639,0.0114217,-0.0362424,-0.071361,-0.0453592,-0.084056,6638.91,-616.516,-5016.59,-0.00313824,0.0485792,-70.9938,2461.17,52.691,-200.164,0.000794389,0.0028355,-68.9095,6457.28,277.351,-3843.77,0.00268776,0.0327624,-71.2276,3198.76,344.174,-909.288,0.00430716,0.0118097,-69.4935
2.559,164.706,-3.11973,21.9728,0.163815,0.145214,-2.86207,-0.257022,-0.0326026,0.00415944,3716.99,3,0.15838,0,0.08,-0.0562977,-0.0116332,-0.0100271,0.0114195,-0.0359542,-0.0712663,-0.0452076,-0.0842617,6681.77,-247.25,-5052.67,0.000378341,0.0485918,-70.9885,2421.94,-55.7362,-194.244,-0.000783408,0.00280752,-68.9143,6468.9,248.818,-3873.93,0.00244717,0.0330611,-71.2334,3187.78,353.501,-930.565,0.00445459,0.0121629,-69.4927
2.569,164.924,-3.14591,21.9728,0.168521,0.732308,-4.41466,-0.256383,-0.0329352,0.00424026,3717.19,3,0.158923,0,0.08,-0.0572852,-0.0128306,-0.0100221,0.0113942,-0.0354977,-0.0713623,-0.0450027,-0.0845197,6675.08,-397.792,-5043.95,-0.00105433,0.0485886,-71.0026,2437.7,10.511,-215.21,0.000195033,0.00315897,-68.8991,6474.63,278.84,-3881.11,0.00270185,0.033108,-71.2348,3181.12,343.217,-934.102,0.00434094,0.0122638,-69.4929
2.579,165.142,-3.17265,21.9721,0.170953,0.903161,-4.74068,-0.257531,-0.0332149,0.00432164,3717.21,3,0.159612,0,0.08,-0.0565584,-0.0120263,-0.0100017,0.0113782,-0.0351418,-0.0713092,-0.0448492,-0.0847321,6692.57,-360.704,-5033.74,-0.000726223,0.048191,-70.9969,2413.69,-46.6352,-222.361,-0.000652664,0.00327006,-68.902,6483.38,275.534,-3912.04,0.00268115,0.0334303,-71.2367,3172.5,357.4,-948.453,0.0045391,0.012496,-69.4914
2.589,165.361,-3.19989,21.9719,0.172321,1.26357,-8.00042,-0.25979,-0.0335023,0.00440226,3717.22,3,0.160078,0,0.08,-0.0568615,-0.0125451,-0.00998007,0.0113667,-0.0347379,-0.0713459,-0.0446871,-0.0849536,6689.13,-332.596,-5000.77,-0.00046398,0.0476169,-71.01,2419.2,-47.6555,-284.041,-0.000664278,0.0042256,-68.8914,6490.24,268.149,-3921.05,0.00261717,0.0334993,-71.2395,3162.73,352.747,-966.869,0.00450551,0.012835,-69.4935
2.599,165.578,-3.22769,21.9722,0.178688,0.630945,-4.31999,-0.257253,-0.0337441,0.00448158,3717.27,3,0.160233,0,0.08,-0.0559429,-0.0118219,-0.00996965,0.0113409,-0.0344449,-0.0712814,-0.044553,-0.085149,6718.41,-294.864,-5032.75,-0.000127598,0.0478633,-70.9991,2395.18,-34.0763,-208.448,-0.000475363,0.0030952,-68.8988,6495.37,271.529,-3942.42,0.00264975,0.0337278,-71.2427,3158.77,350.781,-971.749,0.00449495,0.0129326,-69.4916
2.609,165.796,-3.25597,21.9709,0.179969,0.90904,-6.47307,-0.25857,-0.034,0.00456102,3717.34,3,0.161163,0,0.08,-0.0563746,-0.0125561,-0.00993963,0.0113434,-0.0340405,-0.0713213,-0.0444085,-0.0853563,6708.91,-433.124,-5056.77,-0.00142426,0.0484718,-71.0104,2410.36,-23.418,-277.169,-0.000300572,0.00415503,-68.8868,6499.13,292.901,-3947.29,0.0028304,0.0337603,-71.2437,3153.5,353.505,-975.14,0.00453998,0.0130043,-69.4938
2.619,166.014,-3.28481,21.9721,0.183923,1.12135,-5.86872,-0.258587,-0.0342165,0.00463894,3717.41,3,0.161121,0,0.08,-0.0558124,-0.0120509,-0.00993144,0.0113269,-0.0337275,-0.0712703,-0.0442931,-0.0855354,6719.9,-248.9,-5031.93,0.000301278,0.0478072,-71.0128,2398.18,-50.2516,-254.637,-0.000708687,0.00379179,-68.8882,6503.54,263.345,-3961.55,0.00258083,0.0339126,-71.2457,3148.65,367.085,-989.555,0.00472909,0.0132297,-69.494
2.629,166.232,-3.31416,21.9711,0.189081,0.609626,-5.05708,-0.256081,-0.0344276,0.00471537,3717.54,3,0.161744,0,0.08,-0.0559644,-0.0123749,-0.00991554,0.0113098,-0.033395,-0.0712692,-0.0441771,-0.0857189,6723.83,-428.628,-5003.92,-0.00142096,0.0473541,-71.0068,2403.46,15.0076,-233.235,0.000270636,0.00347716,-68.8866,6505.67,294.805,-3977.04,0.0028544,0.0340844,-71.2456,3146.52,351.867,-995.437,0.00454494,0.0133609,-69.4924
2.639,166.449,-3.34404,21.9706,0.191287,0.299671,-3.35364,-0.257114,-0.0346187,0.00479162,3717.58,3,0.162277,0,0.08,-0.0558253,-0.0121984,-0.00989719,0.0113155,-0.033065,-0.071222,-0.0440837,-0.0858766,6721.44,-285.073,-5089.59,-4.40536e-06,0.0488654,-71.0204,2401.2,-62.5122,-296.625,-0.000887028,0.00443485,-68.8805,6509.36,279.34,-3991.09,0.00272529,0.0342372,-71.2485,3141.88,361.551,-1005.43,0.0046826,0.0135244,-69.4966
2.649,166.667,-3.37447,21.9704,0.192518,0.8437,-7.2695,-0.257465,-0.0347935,0.0048646,3717.38,3,0.16272,0,0.08,-0.0553847,-0.0123163,-0.00988687,0.0112961,-0.0327972,-0.0711832,-0.0439873,-0.0860402,6729.17,-446.996,-4975.47,-0.0016255,0.0468023,-71.0052,2397.53,10.2054,-260.933,0.000204336,0.00392113,-68.8844,6510.52,305.259,-3998.69,0.00294914,0.0343194,-71.2506,3140.04,345.862,-1009.58,0.00448824,0.0136277,-69.496
2.659,166.885,-3.4054,21.9706,0.195941,0.627289,-4.65164,-0.257568,-0.0349725,0.00493738,3717.55,3,0.163074,0,0.08,-0.056049,-0.0125889,-0.0098778,0.0112842,-0.0324614,-0.0711644,-0.0438969,-0.0861979,6720.14,-350.535,-5090.57,-0.000631228,0.0489333,-71.0235,2404.93,-20.938,-308.539,-0.000259177,0.00466066,-68.8759,6512.55,277.824,-4006.57,0.00271606,0.0344088,-71.25,3137.97,364.453,-1016.49,0.00473569,0.0137151,-69.4985
2.669,167.102,-3.4369,21.9707,0.198293,0.732913,-4.811,-0.257102,-0.0351143,0.00500664,3717.57,3,0.163418,0,0.08,-0.0551376,-0.0122881,-0.00987089,0.0112704,-0.0322478,-0.0710943,-0.0438332,-0.0863294,6736.23,-361.358,-5043.85,-0.000797735,0.0479076,-71.0107,2395.07,-13.4928,-285.968,-0.000152279,0.00432341,-68.8803,6515.31,292.652,-4014.22,0.00284393,0.0344837,-71.2522,3134.65,367.249,-1029.27,0.00478637,0.0139323,-69.4985
2.679,167.319,-3.46891,21.9706,0.200219,1.61266,-4.46315,-0.257686,-0.0352627,0.00507532,3717.61,3,0.164212,0,0.08,-0.0554095,-0.0123726,-0.00985984,0.0112596,-0.0319717,-0.0710502,-0.0437656,-0.0864656,6731.06,-352.062,-5071.2,-0.000687988,0.0484562,-71.0204,2395.81,-51.706,-339.08,-0.000727752,0.00514271,-68.8748,6516.84,292.591,-4019.96,0.00284244,0.0345453,-71.2547,3132.05,354.489,-1032.37,0.00462823,0.0140175,-69.5018
2.689,167.537,-3.50148,21.9707,0.20262,0.8571,-2.40873,-0.257617,-0.0353811,0.00514086,3717.58,3,0.164326,0,0.08,-0.0546066,-0.0119391,-0.00985339,0.0112714,-0.0317748,-0.0709663,-0.0437123,-0.0865861,6752.08,-345.229,-5184.68,-0.000601594,0.0503488,-71.0069,2384.96,-17.3652,-179.331,-0.000221219,0.00267375,-68.8821,6522.07,262.638,-4057.8,0.00260175,0.0349886,-71.2536,3128.14,383.97,-1034.71,0.00501533,0.0140214,-69.4988
2.699,167.754,-3.53455,21.9693,0.203547,0.618758,-6.42107,-0.258095,-0.035523,0.00520553,3717.7,3,0.164944,0,0.08,-0.055398,-0.0126829,-0.00984077,0.0112491,-0.0314721,-0.0709742,-0.0436495,-0.0867172,6729.15,-351.207,-5040.66,-0.000694749,0.0479206,-71.0298,2403.78,-56.7894,-366.263,-0.00079588,0.00556037,-68.8681,6520.45,300.307,-4038.22,0.00291553,0.0347484,-71.2542,3128.96,364.843,-1041.83,0.00477342,0.014168,-69.5032
2.709,167.971,-3.56819,21.9699,0.207136,0.149924,-5.66833,-0.256715,-0.0356293,0.00526671,3717.81,3,0.164898,0,0.08,-0.054844,-0.0123893,-0.00984109,0.0112299,-0.0312804,-0.0708996,-0.04361,-0.086823,6739.48,-324.322,-4974.19,-0.00049648,0.0466225,-71.0178,2393.37,-9.18057,-306.174,-8.08771e-05,0.00464757,-68.8769,6523.88,299.919,-4062.4,0.00292133,0.035029,-71.2549,3125.46,362.647,-1050.71,0.00475588,0.0143337,-69.5022
2.719,168.188,-3.60235,21.9698,0.208383,0.742375,-4.89336,-0.256774,-0.0357399,0.00532599,3717.84,3,0.165608,0,0.08,-0.0548895,-0.0124843,-0.00983732,0.011227,-0.0310702,-0.0708561,-0.0435701,-0.0869303,6739.81,-350.984,-5043.94,-0.000713576,0.0478658,-71.0197,2397.46,-37.013,-345.312,-0.000499523,0.00525423,-68.8727,6525.47,310.698,-4054.35,0.00300802,0.0349158,-71.2542,3124.54,372.064,-1048.53,0.00488028,0.0142859,-69.5024
2.729,168.405,-3.63706,21.9695,0.209185,0.578977,-5.87626,-0.257611,-0.0358464,0.00538292,3717.91,3,0.165934,0,0.08,-0.0549564,-0.0125416,-0.00982957,0.0112236,-0.0308645,-0.0708108,-0.0435323,-0.0870348,6739.01,-330.749,-5046.45,-0.000512994,0.0479102,-71.0251,2396.82,-27.8863,-341.312,-0.000360918,0.00519724,-68.8728,6529.06,296.072,-4070.68,0.00288844,0.0350999,-71.2571,3121.73,367.504,-1053.05,0.00482919,0.0143819,-69.5059
2.739,168.622,-3.67232,21.9699,0.211495,0.936616,-4.84632,-0.256747,-0.0359375,0.00543659,3718.04,3,0.166347,0,0.08,-0.0544185,-0.0124062,-0.00982969,0.0112127,-0.0307077,-0.0707498,-0.0435037,-0.087128,6745.96,-322.91,-5025.52,-0.000481403,0.0474578,-71.0185,2390.55,-32.9483,-342.35,-0.000441594,0.00522408,-68.8743,6530.49,291.329,-4064.25,0.00284162,0.0350106,-71.2599,3118.61,362.941,-1062.29,0.00478088,0.014557,-69.5078
2.749,168.838,-3.7081,21.9697,0.212355,1.34713,-4.63595,-0.257231,-0.0360403,0.00548881,3718.05,3,0.166986,0,0.08,-0.0549013,-0.0127016,-0.00982856,0.0111921,-0.0304882,-0.0707304,-0.0434704,-0.0872274,6736.82,-364.863,-5081.54,-0.000829155,0.0485882,-71.031,2396.91,-38.9794,-384.424,-0.000527102,0.00588946,-68.8699,6533.24,304.415,-4068.63,0.00295483,0.0350456,-71.2596,3116.36,372.671,-1060.99,0.00491187,0.0145299,-69.5093
2.759,169.055,-3.74443,21.9673,0.21595,0.710558,-6.38053,-0.253064,-0.0361333,0.00553786,3718.19,3,0.167958,0,0.08,-0.055121,-0.0129484,-0.00982692,0.0112055,-0.0303125,-0.070698,-0.0434383,-0.0873206,6741.01,-630.232,-4990.16,-0.00336597,0.0469929,-71.0223,2395.64,41.1199,-315.985,0.0006953,0.00476356,-68.875,6534.81,310.31,-4044.43,0.00298931,0.0347318,-71.2612,3114.17,360.716,-1048.02,0.00475091,0.0143486,-69.5092
2.769,169.272,-3.78132,21.9692,0.211145,1.54043,-7.56168,-0.260757,-0.0362133,0.0055846,3718.11,3,0.167792,0,0.08,-0.0543027,-0.0123071,-0.00981736,0.0111931,-0.0301879,-0.070616,-0.0434238,-0.0873995,6745.68,-240.396,-5052.92,0.000327941,0.0479091,-71.0279,2383.14,-114.975,-428.712,-0.00169085,0.0065546,-68.87,6541.17,301.991,-4091.82,0.00294026,0.0352859,-71.2622,3108.22,375.609,-1072.51,0.00497106,0.0147564,-69.5115
2.779,169.488,-3.81878,21.9694,0.21451,1.0293,-4.88407,-0.257199,-0.0362673,0.0056274,3718.44,3,0.168034,0,0.08,-0.0531484,-0.0121605,-0.00979974,0.0111958,-0.0300973,-0.0705481,-0.0434037,-0.0874781,6761.9,-480.775,-5094.62,-0.0020092,0.0485968,-71.0029,2370.95,31.1358,-341.205,0.000546529,0.00523518,-68.8836,6536.41,318.222,-4060.72,0.00306142,0.0349235,-71.2663,3112.8,372.531,-1058.62,0.00492133,0.014509,-69.511
2.789,169.704,-3.85666,21.9692,0.217547,1.94158,-6.61342,-0.257648,-0.0363884,0.0056711,3718.4,3,0.168743,0,0.08,-0.0558345,-0.0133088,-0.00982314,0.0111643,-0.0297735,-0.0706319,-0.0433579,-0.0875883,6710.19,-422.917,-5003.48,-0.00138186,0.0474851,-71.0571,2409.07,-56.3256,-470.294,-0.000773749,0.00726454,-68.8584,6540.5,329.038,-4088.93,0.00317252,0.0352491,-71.2619,3109.6,374.51,-1071.76,0.00495368,0.0147386,-69.5165
2.799,169.921,-3.89524,21.9699,0.216871,0.48598,-4.82982,-0.257427,-0.0364066,0.00570838,3718.36,3,0.168314,0,0.08,-0.0527464,-0.0117408,-0.00981073,0.0111777,-0.0298225,-0.0704793,-0.0433842,-0.0876264,6760.45,-240.289,-5058.45,0.000256101,0.0478517,-71.0117,2367.15,-24.8543,-336.431,-0.000327525,0.00518255,-68.8828,6545.19,295.225,-4099.86,0.0028805,0.035362,-71.2663,3107.21,378.193,-1074.75,0.00501229,0.0147941,-69.5139
2.809,170.137,-3.93426,21.9706,0.219959,1.15895,-4.49955,-0.255817,-0.0364684,0.00574269,3718.97,3,0.168691,0,0.08,-0.0527919,-0.013058,-0.00980577,0.0111755,-0.0297171,-0.0705255,-0.0433594,-0.0877088,6763.95,-381.974,-4990.79,-0.00111133,0.0466841,-71.0157,2396.59,5.1696,-396.96,0.000165334,0.00610346,-68.8671,6543.87,329.576,-4127.65,0.00319298,0.0357174,-71.2672,3109.88,365.715,-1071.49,0.00484191,0.014748,-69.5164
2.819,170.353,-3.97382,21.9682,0.220646,1.18348,-7.95602,-0.255163,-0.0365258,0.00578066,3718.58,3,0.16983,0,0.08,-0.0543242,-0.0122936,-0.00979129,0.0111871,-0.0294758,-0.0704456,-0.043345,-0.0877798,6723.95,-407.908,-4854.06,-0.00136956,0.0447647,-71.039,2378.72,-62.582,-427.861,-0.000899175,0.00663339,-68.8718,6541.46,313.742,-4091.43,0.00303876,0.0352773,-71.2659,3109.82,380.773,-1082.54,0.00504292,0.0149055,-69.5206
2.829,170.569,-4.01392,21.9696,0.219953,0.990468,-6.29862,-0.25711,-0.0365958,0.00581169,3718.44,3,0.169619,0,0.08,-0.0544079,-0.0132539,-0.00979742,0.0111633,-0.0293256,-0.0705006,-0.0433276,-0.0878517,6710.06,-244.339,-5084.86,0.000312921,0.0488755,-71.0474,2400.18,-35.0873,-416.379,-0.000456574,0.00640863,-68.866,6544.1,302.876,-4103.57,0.0029498,0.035415,-71.2661,3107.68,384.035,-1078.55,0.00508809,0.0148444,-69.5229
2.839,170.785,-4.05462,21.9691,0.222096,0.140047,-1.16795,-0.255131,-0.0366185,0.00584105,3718.87,3,0.170231,0,0.08,-0.0533434,-0.0122253,-0.00981134,0.0111412,-0.0293213,-0.0703915,-0.043343,-0.0878912,6735.06,-370.126,-5158.88,-0.000920933,0.0500539,-71.0154,2371.64,-47.4535,-418.125,-0.000668861,0.00650451,-68.8785,6544.68,330.825,-4085.27,0.00317618,0.0351754,-71.2682,3107.98,388.688,-1068.31,0.00515028,0.0146648,-69.5223
2.849,171.001,-4.0958,21.9697,0.22311,1.08839,-5.78209,-0.254461,-0.0366762,0.00586884,3718.8,3,0.170407,0,0.08,-0.0542934,-0.0128148,-0.0098023,0.0111551,-0.0292034,-0.0704185,-0.0433263,-0.0879608,6724.77,-388.508,-5022.54,-0.00111167,0.0476518,-71.0336,2384.19,2.89694,-373.733,0.000122264,0.00575469,-68.875,6545.56,314.688,-4103.27,0.00305085,0.0353996,-71.2686,3106.51,379.812,-1079.2,0.00503733,0.0148686,-69.5252
2.859,171.216,-4.13755,21.9694,0.223863,0.522011,-4.30755,-0.254354,-0.0367157,0.00589435,3718.82,3,0.170748,0,0.08,-0.0540229,-0.012683,-0.00979993,0.011164,-0.0291539,-0.0704005,-0.0433307,-0.088006,6734.36,-336.356,-5042.22,-0.000614547,0.047882,-71.0299,2384.72,-36.9148,-419.072,-0.00049316,0.006493,-68.8736,6547.5,301.944,-4108.79,0.00294121,0.0354587,-71.2699,3104.24,390.023,-1082.14,0.0051775,0.0149115,-69.5275
2.869,171.432,-4.17983,21.9697,0.22703,-1.53623,-6.38572,-0.251532,-0.0367724,0.00591792,3718.68,3,0.169962,0,0.08,-0.0544341,-0.0129511,-0.00980329,0.0111432,-0.0290777,-0.0704265,-0.0433165,-0.0880718,6741.95,-149.664,-5025.61,0.0011483,0.0474061,-71.0258,2390.31,41.4586,-160.404,0.00065623,0.00232446,-68.8778,6550.15,244.638,-4106.37,0.00244701,0.0354178,-71.2704,3098.42,400.848,-1085.38,0.0053284,0.0149762,-69.5281
2.879,171.647,-4.2227,21.9697,0.218975,1.59496,-7.3616,-0.260322,-0.0368111,0.00594164,3718.97,3,0.171573,0,0.08,-0.0536184,-0.0123122,-0.00980302,0.0111389,-0.0290364,-0.0703645,-0.0433291,-0.0881136,6739.87,-170.839,-5100.45,0.00100257,0.0487969,-71.0386,2377.24,-131.315,-472.078,-0.00195193,0.00728043,-68.8728,6555.08,283.336,-4127,0.00278553,0.0356419,-71.2719,3096.71,407.743,-1090.34,0.00542772,0.0150569,-69.5316
2.889,171.863,-4.26607,21.9696,0.226252,0.620185,-4.33354,-0.25274,-0.0368637,0.00596127,3719.06,3,0.171795,0,0.08,-0.054233,-0.0131583,-0.00979191,0.0111513,-0.0289579,-0.0703954,-0.0433148,-0.0881734,6743.25,-429.116,-5023.06,-0.00150041,0.0474856,-71.0287,2383.07,3.24099,-387.667,0.000130498,0.00598551,-68.8757,6554.59,326.46,-4110.13,0.00314939,0.0354245,-71.2738,3098.35,381.361,-1079.39,0.00507277,0.0149113,-69.531
2.899,172.078,-4.31002,21.9706,0.223291,1.71313,-4.46029,-0.255963,-0.0369028,0.00598034,3719.11,3,0.172207,0,0.08,-0.0538487,-0.0124321,-0.00980343,0.0111235,-0.0289219,-0.0703472,-0.0433134,-0.0882229,6746.58,-298.061,-5085.76,-0.00023184,0.0485249,-71.034,2364.79,-61.5675,-438.893,-0.000888826,0.00686003,-68.8781,6556.89,324.832,-4120.44,0.0031381,0.0355401,-71.2748,3095.77,403.067,-1085.14,0.00536571,0.014983,-69.5331
2.909,172.293,-4.3545,21.9703,0.221128,2.48523,-11.3379,-0.257588,-0.0369471,0.00599603,3719.29,3,0.17242,0,0.08,-0.0537663,-0.012799,-0.00979978,0.0111236,-0.0288647,-0.0703695,-0.0433118,-0.0882753,6739.84,-321.38,-4887.1,-0.000566071,0.0451313,-71.0325,2369.23,-31.6578,-408.707,-0.000415897,0.00636517,-68.876,6559.07,315.275,-4116.55,0.00305341,0.0354782,-71.2773,3090.59,377.543,-1098.01,0.00504227,0.0152705,-69.5356
2.919,172.508,-4.39951,21.9693,0.225685,1.17912,-5.81872,-0.252898,-0.0369977,0.00601157,3718.98,3,0.173129,0,0.08,-0.0544445,-0.0131086,-0.00979212,0.0111261,-0.0287567,-0.0704011,-0.043299,-0.0883365,6732.23,-529.758,-5007.54,-0.0024575,0.0473576,-71.0295,2373.82,15.4944,-399.817,0.000327633,0.00620371,-68.8778,6558.73,334.579,-4112.12,0.00321737,0.0354209,-71.2786,3094.77,387.777,-1079.47,0.00516285,0.01492,-69.5359
2.929,172.723,-4.4451,21.9706,0.223463,1.28973,-5.39414,-0.256078,-0.0370265,0.00602399,3719.36,3,0.173012,0,0.08,-0.0536203,-0.0126472,-0.00980023,0.0111181,-0.0287511,-0.0703805,-0.0433088,-0.0883739,6739.11,-291.347,-5083.34,-0.000177586,0.0485568,-71.033,2364.13,-39.5796,-422.479,-0.000540707,0.00660461,-68.8785,6561.9,314.135,-4123.45,0.00304409,0.0355469,-71.2788,3092.57,394.927,-1084.3,0.00526507,0.015,-69.5381
2.939,172.938,-4.49118,21.9698,0.223905,1.11419,-6.53054,-0.255505,-0.0370857,0.00603652,3719.47,3,0.173588,0,0.08,-0.0551219,-0.0134274,-0.00980059,0.0111335,-0.0286207,-0.0704484,-0.0432904,-0.0884359,6715.78,-383.75,-5069.94,-0.00101541,0.0486107,-71.0502,2379.2,-35.2447,-476.729,-0.000456766,0.00747928,-68.8699,6563.06,326.48,-4121.27,0.00314929,0.0355096,-71.2786,3090.99,394.459,-1081.84,0.0052581,0.0149678,-69.5406
2.949,173.153,-4.53789,21.9708,0.225539,-0.219148,-2.02662,-0.254885,-0.0370865,0.00604502,3719.83,3,0.173368,0,0.08,-0.0531204,-0.01229,-0.00980947,0.0111047,-0.0287071,-0.0703687,-0.0433119,-0.0884529,6751.19,-279.66,-5144.89,-4.39703e-05,0.0495625,-71.0199,2351.41,-37.3644,-398.252,-0.000512114,0.00623382,-68.884,6563.43,321.761,-4130.67,0.00310963,0.0356269,-71.2824,3092.28,401.771,-1074.93,0.00535282,0.0148324,-69.5402
2.959,173.367,-4.58509,21.9718,0.231567,-0.211557,1.7132,-0.248843,-0.0371091,0.00605315,3719.74,3,0.173634,0,0.08,-0.0530012,-0.0125366,-0.00978951,0.0111191,-0.0287095,-0.0703965,-0.0433076,-0.0885044,6760.67,-371.898,-5067.4,-0.00099267,0.0480706,-71.0157,2351.22,12.9494,-330.338,0.000269683,0.00511549,-68.8841,6561.65,319.891,-4131.04,0.00309732,0.0356438,-71.2843,3095.31,394.429,-1080.85,0.00525347,0.0149284,-69.5414
2.969,173.582,-4.63281,21.9704,0.223376,1.46077,-7.13619,-0.256969,-0.0371576,0.0060637,3719.75,3,0.174497,0,0.08,-0.0545366,-0.0128116,-0.0097962,0.0111066,-0.028555,-0.0704424,-0.0432971,-0.0885568,6715.2,-221.721,-5042.26,0.000504758,0.0480261,-71.0619,2364.16,-114.817,-491.55,-0.0017095,0.00769053,-68.8702,6562.46,320.975,-4130.59,0.00310704,0.0356326,-71.2822,3093.37,405.216,-1090.81,0.00540101,0.0150868,-69.5469
2.979,173.796,-4.68112,21.9715,0.222583,2.66318,-9.8113,-0.256649,-0.0371616,0.00606816,3719.79,3,0.174636,0,0.08,-0.0533138,-0.0129502,-0.00980148,0.0111041,-0.0286149,-0.0704545,-0.0433103,-0.0885807,6731.91,-434.14,-4905.09,-0.0016121,0.0455482,-71.0261,2362.13,7.68086,-425.807,0.000208269,0.00667277,-68.8814,6563.61,334.103,-4135.64,0.00322251,0.0356867,-71.2858,3091.34,386.457,-1093.43,0.00515729,0.0151744,-69.5468
2.989,174.01,-4.72994,21.9719,0.228315,1.34019,-2.20936,-0.251582,-0.0371689,0.00607494,3719.91,3,0.175003,0,0.08,-0.0537762,-0.0125,-0.00978417,0.0110589,-0.0285903,-0.0704344,-0.0433268,-0.0886014,6729.09,-364.327,-5027.42,-0.000904555,0.0476821,-71.0359,2351.03,-47.0685,-430.575,-0.000664277,0.00677258,-68.8814,6560.01,328.863,-4117.33,0.00316815,0.0354794,-71.2868,3096.06,398.414,-1087.56,0.00530751,0.0150298,-69.5495
2.999,174.224,-4.77932,21.9724,0.223337,2.68499,-8.71324,-0.256249,-0.0371895,0.00607972,3719.99,3,0.175107,0,0.08,-0.0538146,-0.0127103,-0.00981395,0.0110823,-0.0285728,-0.0704685,-0.0433191,-0.0886447,6721.44,-293.477,-4958.53,-0.000263897,0.0465126,-71.0432,2358.07,-41.958,-433.193,-0.000575195,0.00680073,-68.8797,6559.31,326.036,-4126.15,0.00314781,0.0355962,-71.2865,3095.65,396.915,-1093.57,0.00529148,0.0151355,-69.5509
3.009,174.438,-4.82924,21.9713,0.227479,0.699453,-4.23924,-0.251891,-0.0371849,0.00608386,3720.07,3,0.17556,0,0.08,-0.0534183,-0.0125354,-0.00978129,0.0111101,-0.0285958,-0.0704581,-0.0433375,-0.0886603,6733.67,-417.233,-4997.91,-0.00142983,0.047129,-71.0243,2353.78,-25.8853,-396.165,-0.000327784,0.00619908,-68.8848,6557.42,343.214,-4119.35,0.0032941,0.0355194,-71.2897,3098.79,396.23,-1084.29,0.00527207,0.0149646,-69.5528
3.019,174.652,-4.87968,21.9729,0.228124,0.247121,-6.88503,-0.251072,-0.0372013,0.00608753,3720.17,3,0.174799,0,0.08,-0.0542266,-0.0128359,-0.00980429,0.0110953,-0.0285507,-0.0705019,-0.0433349,-0.0886946,6719.82,-219.637,-4956.85,0.000427743,0.0464624,-71.0394,2360.39,31.0516,-331.171,0.000551326,0.00509357,-68.8833,6555.52,308.622,-4109.09,0.00299312,0.0354084,-71.2929,3099.98,377.519,-1082.39,0.00502179,0.0149593,-69.5591
3.029,174.866,-4.93069,21.9725,0.224136,1.26896,-5.07361,-0.255607,-0.037196,0.00609134,3720.15,3,0.175941,0,0.08,-0.053596,-0.0124631,-0.0098064,0.0110915,-0.0285726,-0.0704779,-0.0433576,-0.0887049,6722.64,-247.426,-5083.65,0.000245056,0.0487167,-71.0409,2354.47,-85.8735,-447.478,-0.00126712,0.0070056,-68.882,6556.52,328.448,-4133.22,0.00317725,0.0357041,-71.2897,3098.89,403.828,-1089.7,0.00537466,0.0150412,-69.5575
3.039,175.079,-4.98221,21.9723,0.227057,1.58739,-6.06389,-0.251288,-0.0372105,0.00609336,3720.4,3,0.176425,0,0.08,-0.0545223,-0.0134972,-0.00980562,0.0110907,-0.0285388,-0.0705495,-0.0433563,-0.0887353,6713.58,-604.816,-5001.74,-0.00317487,0.0474678,-71.0312,2371.85,69.3758,-411.783,0.00117038,0.00634394,-68.8845,6554.08,328.041,-4107.1,0.0031607,0.0353894,-71.2908,3100.9,419.952,-1080.91,0.00557306,0.014855,-69.5584
3.049,175.293,-5.03433,21.9731,0.223728,1.46134,-4.79818,-0.255822,-0.0371929,0.0060961,3720.32,3,0.176549,0,0.08,-0.0534499,-0.0121681,-0.00981536,0.0110838,-0.0286058,-0.0704664,-0.0433872,-0.0887358,6726.17,-256.169,-5098.22,0.000162992,0.0489527,-71.0401,2344.74,-85.3492,-447.175,-0.00126976,0.00702969,-68.887,6555.25,331.224,-4120.13,0.00319275,0.0355459,-71.2925,3100.41,410.896,-1086.09,0.00546256,0.0149605,-69.5608
3.059,175.506,-5.08693,21.9732,0.225135,2.35946,-8.24913,-0.253387,-0.0372071,0.00609696,3720.56,3,0.176886,0,0.08,-0.0542265,-0.0132426,-0.00981375,0.0110859,-0.0285704,-0.070544,-0.0433842,-0.0887656,6714.12,-511.859,-4949.53,-0.00231171,0.0465132,-71.0368,2365.13,21.5057,-419.037,0.00043108,0.006543,-68.885,6553.38,352.045,-4110.81,0.00337003,0.0354361,-71.2932,3100.99,398.01,-1084.11,0.00528751,0.0149469,-69.5625
3.069,175.719,-5.14011,21.9743,0.225595,1.08814,-3.39755,-0.253983,-0.0371889,0.00609878,3720.5,3,0.176782,0,0.08,-0.0535232,-0.0122979,-0.00981129,0.0110806,-0.0286162,-0.0704855,-0.0434179,-0.0887623,6723.67,-236.063,-5079.69,0.000344966,0.0486262,-71.043,2345.74,-71.015,-444.52,-0.00104298,0.00700075,-68.8886,6554.82,323.485,-4117.47,0.0031271,0.0355165,-71.2945,3101.89,411.282,-1087.94,0.00546564,0.0149829,-69.5647
3.079,175.932,-5.19381,21.9734,0.224257,1.14576,-5.75082,-0.254644,-0.0371934,0.00609946,3720.7,3,0.177317,0,0.08,-0.0538985,-0.0128988,-0.00981622,0.0111242,-0.0286007,-0.0705293,-0.0434226,-0.0887822,6716.32,-368.423,-5073.91,-0.000919063,0.0486656,-71.0401,2357.74,-33.8439,-451.425,-0.000445795,0.00711577,-68.8855,6553.97,331.993,-4108.03,0.0031944,0.0354011,-71.2962,3102.33,405.886,-1079.06,0.00538804,0.014842,-69.5669
3.089,176.145,-5.24806,21.9745,0.226758,0.773621,-3.83269,-0.252926,-0.0371918,0.0061001,3720.66,3,0.177233,0,0.08,-0.0540411,-0.0126448,-0.0098193,0.0110787,-0.0286122,-0.0705298,-0.043438,-0.0887934,6718.22,-239.145,-5085.92,0.000346395,0.0488027,-71.0481,2354.56,-56.9732,-395.71,-0.000813126,0.00616588,-68.8875,6553.99,324.701,-4118.45,0.00313821,0.035534,-71.297,3103.44,410.245,-1086.33,0.00544682,0.0149495,-69.5681
3.099,176.358,-5.30286,21.976,0.225168,3.04827,-3.20281,-0.253968,-0.0371791,0.00609941,3720.79,3,0.177956,0,0.08,-0.0533966,-0.0125906,-0.00982242,0.0110818,-0.0286684,-0.07053,-0.0434545,-0.0888019,6725.38,-420.922,-5094.06,-0.00143508,0.0489602,-71.0351,2352.37,-20.6029,-430.453,-0.000241658,0.00678089,-68.8922,6553.16,343.664,-4111.1,0.00329698,0.035443,-71.2994,3105.08,411.039,-1080.48,0.00545096,0.0148421,-69.5704
3.109,176.571,-5.35817,21.9742,0.225774,1.51366,-5.94251,-0.252379,-0.0371824,0.00610035,3720.93,3,0.178177,0,0.08,-0.0542046,-0.0128512,-0.00981941,0.0110834,-0.0286264,-0.0705596,-0.0434609,-0.0888171,6712.67,-445.673,-5002.15,-0.00167623,0.047434,-71.044,2359.07,-18.7199,-423.042,-0.000208224,0.00663744,-68.8903,6552.55,362.759,-4113.82,0.00346509,0.0354775,-71.2997,3105.96,395.106,-1084.36,0.00524199,0.0149304,-69.5723
3.119,176.783,-5.41405,21.9757,0.225405,1.66881,-4.47269,-0.253251,-0.0371679,0.00609976,3720.93,3,0.178147,0,0.08,-0.0537089,-0.0125388,-0.00982106,0.0110853,-0.0286728,-0.070543,-0.0434813,-0.0888164,6719.05,-308.444,-5061.79,-0.000356654,0.0483847,-71.0425,2351.47,-37.8488,-410.429,-0.00051733,0.00643787,-68.8941,6552.73,337.163,-4112.58,0.003243,0.0354657,-71.301,3105.91,411.766,-1084.08,0.00546023,0.0148964,-69.574
3.129,176.996,-5.47045,21.9754,0.224203,1.79961,-5.92525,-0.254253,-0.037166,0.00609946,3721.06,3,0.178534,0,0.08,-0.0540228,-0.0127512,-0.00982427,0.0110821,-0.0286648,-0.0705609,-0.0434919,-0.0888243,6712.46,-351.755,-5035.7,-0.000766896,0.0480011,-71.048,2357.64,-47.6291,-454.273,-0.000666053,0.00715575,-68.8908,6552.27,342.585,-4114.74,0.00329166,0.0354951,-71.3026,3106.16,412.456,-1084.13,0.00546781,0.0148947,-69.5768
3.139,177.208,-5.5274,21.9758,0.224677,1.56249,-5.70882,-0.254075,-0.0371612,0.00609867,3721.17,3,0.178679,0,0.08,-0.0540058,-0.0127877,-0.00982311,0.0110821,-0.0286765,-0.0705649,-0.0435025,-0.0888307,6712.95,-340.373,-5043.07,-0.000655595,0.0481245,-71.0475,2356.9,-36.2509,-421.698,-0.000487054,0.00661385,-68.8932,6552.55,337.819,-4114.98,0.00325094,0.0354972,-71.3037,3106.24,413.105,-1083.95,0.00547567,0.0148902,-69.5783
3.149,177.42,-5.58489,21.9767,0.223699,2.43648,-6.42304,-0.2542,-0.0371559,0.00609755,3721.29,3,0.178965,0,0.08,-0.053943,-0.0126717,-0.00986001,0.0110386,-0.0287038,-0.0705674,-0.0435168,-0.0888374,6714.47,-355.328,-5010.82,-0.000816285,0.0475328,-71.045,2353.43,-50.7518,-437.342,-0.000716915,0.00687753,-68.8949,6552.86,342.697,-4118.73,0.00329483,0.0355418,-71.3052,3105.82,415.678,-1085.23,0.00551005,0.0149092,-69.5796
3.159,177.632,-5.64291,21.9768,0.22452,1.88456,-4.3339,-0.253182,-0.0371506,0.00609668,3721.31,3,0.179253,0,0.08,-0.0539716,-0.0127149,-0.00983233,0.011079,-0.0287131,-0.0705705,-0.0435274,-0.0888389,6715.45,-381.545,-5099.09,-0.00103182,0.0491493,-71.0448,2353.41,-31.3216,-413.577,-0.000411208,0.0064895,-68.8973,6552.42,343.818,-4109.33,0.00329937,0.0354253,-71.3068,3107.53,413.864,-1077.38,0.00548062,0.0147726,-69.5814
3.169,177.844,-5.70149,21.977,0.220659,3.04126,-11.4896,-0.256354,-0.0371297,0.00609513,3721.38,3,0.179259,0,0.08,-0.0533529,-0.0122655,-0.00983263,0.0110832,-0.0287752,-0.0705375,-0.0435489,-0.0888347,6721,-326.602,-4851.8,-0.000639758,0.044721,-71.0396,2341.39,-43.2979,-416.482,-0.00060887,0.00656371,-68.9022,6553.47,349.503,-4136.35,0.0033629,0.0357603,-71.3102,3104.45,401.395,-1093.79,0.00532943,0.0150847,-69.5839
3.179,178.055,-5.76057,21.9773,0.226426,1.19147,-6.43613,-0.25155,-0.0371272,0.00609337,3721.66,3,0.17929,0,0.08,-0.0537258,-0.0125893,-0.0098376,0.0110813,-0.0287615,-0.0705748,-0.0435537,-0.0888417,6719.55,-305.168,-4924.9,-0.000398794,0.0459561,-71.0481,2353.49,-45.3663,-381.951,-0.000630648,0.00595006,-68.8982,6550.93,342.574,-4117.29,0.00329565,0.0355362,-71.3113,3109.71,404.643,-1086.28,0.00536171,0.0149259,-69.5862
3.189,178.267,-5.8202,21.9777,0.224666,2.70514,-4.30316,-0.252241,-0.0371205,0.00609284,3721.6,3,0.180326,0,0.08,-0.053922,-0.0126993,-0.00983589,0.0110777,-0.0287428,-0.0705907,-0.0435632,-0.0888459,6707.68,-506.967,-5061.83,-0.00226151,0.0485906,-71.0449,2356.84,-5.77242,-418.335,-5.94235e-06,0.00656534,-68.9023,6550.16,357.881,-4099.08,0.00341683,0.0353078,-71.3115,3111.02,414.179,-1079.97,0.00547876,0.0147972,-69.588
3.199,178.478,-5.88038,21.9784,0.224475,1.37597,-5.33007,-0.252914,-0.0371037,0.0060908,3722.21,3,0.179763,0,0.08,-0.0535818,-0.0124743,-0.00983495,0.0110813,-0.0287823,-0.0705761,-0.0435788,-0.0888402,6714.08,-283.661,-5033.1,-0.000142911,0.0479029,-71.0496,2352.3,-48.8361,-404.588,-0.000691386,0.00632876,-68.9024,6549.62,342.307,-4104.33,0.00328553,0.035381,-71.3129,3111.41,418.255,-1081.54,0.00553147,0.014814,-69.59
3.209,178.69,-5.94108,21.9785,0.223934,1.65523,-5.55053,-0.253406,-0.0371026,0.0060895,3722,3,0.18018,0,0.08,-0.0541521,-0.0127362,-0.00983705,0.0110721,-0.0287648,-0.0706011,-0.0435832,-0.0888445,6704.67,-302.524,-5054.25,-0.000280391,0.0483991,-71.0588,2359.96,-54.7405,-432.087,-0.000776448,0.0067661,-68.9003,6549.95,356.517,-4112.73,0.00341363,0.0354821,-71.3136,3111.63,406.011,-1079.99,0.00537029,0.0148089,-69.5924
3.219,178.901,-6.00231,21.9786,0.223759,1.27726,-5.07544,-0.253376,-0.0370985,0.00608797,3721.9,3,0.180379,0,0.08,-0.0542725,-0.0129382,-0.00983225,0.011088,-0.0287658,-0.0706101,-0.0435928,-0.0888425,6702.5,-305.269,-5079.92,-0.000284744,0.0488987,-71.0597,2363.04,-55.3593,-448.973,-0.000783444,0.00704301,-68.8999,6549.94,344.554,-4110.24,0.00330862,0.035453,-71.3149,3111.07,421.193,-1080.63,0.00556841,0.0147954,-69.5947
3.229,179.112,-6.0641,21.9795,0.224753,1.80447,-4.9452,-0.251635,-0.0370862,0.00608546,3723.07,3,0.180593,0,0.08,-0.0538684,-0.0126018,-0.00985128,0.0110724,-0.0288241,-0.0705899,-0.0436031,-0.08884,6713.88,-411.009,-5017.41,-0.00135175,0.0476797,-71.045,2352.31,-13.8946,-397.785,-0.00013922,0.0062332,-68.9092,6549.78,352.688,-4104.66,0.00337657,0.0353819,-71.317,3112.1,414.977,-1078.49,0.00548484,0.0147655,-69.5949
3.239,179.322,-6.12641,21.9787,0.222912,1.79765,-6.49097,-0.25333,-0.0370822,0.006084,3722.07,3,0.1811,0,0.08,-0.053865,-0.0126666,-0.00983784,0.0110862,-0.0288268,-0.0705922,-0.0436115,-0.0888372,6711.79,-409.97,-5009.44,-0.00133331,0.0475592,-71.0511,2354.7,-44.8954,-430.184,-0.000623066,0.00675728,-68.9067,6550.47,346.343,-4111.28,0.00332549,0.0354623,-71.3197,3111.07,420.73,-1078.34,0.0055583,0.0147581,-69.5985
3.249,179.533,-6.18926,21.9799,0.223845,1.70914,-6.37395,-0.252291,-0.0370805,0.00608193,3722.21,3,0.18095,0,0.08,-0.0541617,-0.0128206,-0.00984162,0.0110803,-0.0288392,-0.0706038,-0.0436148,-0.0888414,6712.52,-391.233,-4998.43,-0.00115809,0.0473481,-71.0552,2355.14,-14.7547,-409.082,-0.000148048,0.00641464,-68.9089,6550.55,353.788,-4106.63,0.00338685,0.0354014,-71.3206,3111.85,414.856,-1081.14,0.00548412,0.0148111,-69.5996
3.259,179.743,-6.25266,21.9806,0.219912,3.334,-9.29151,-0.255535,-0.0370669,0.00607976,3722.21,3,0.181331,0,0.08,-0.0536647,-0.0123918,-0.00984692,0.0110511,-0.0288767,-0.0705843,-0.0436304,-0.0888311,6713.24,-329.513,-4927.66,-0.000621734,0.0460759,-71.0525,2346.2,-61.6754,-467.127,-0.000895447,0.00739849,-68.9114,6552.85,357.719,-4121.79,0.00342787,0.0355776,-71.3232,3108.82,403.453,-1084.7,0.00534174,0.0149066,-69.6014
3.269,179.954,-6.31656,21.984,0.233244,2.14245,3.79979,-0.244308,-0.0370507,0.00607659,3722.4,3,0.18134,0,0.08,-0.0536445,-0.0123628,-0.00989583,0.0110373,-0.0289033,-0.0705848,-0.043635,-0.0888149,6722.2,-346.06,-4926.92,-0.000793664,0.0459809,-71.0525,2343.19,-42.3298,-409.046,-0.000594729,0.00643369,-68.914,6550.27,349.865,-4105.3,0.00335209,0.0353873,-71.325,3112.55,416.966,-1084.53,0.00551223,0.0148604,-69.6029
3.279,180.164,-6.38101,21.9813,0.2207,1.88645,-5.83811,-0.255774,-0.0370702,0.00607651,3722.46,3,0.18159,0,0.08,-0.0541516,-0.0126126,-0.00984246,0.0110793,-0.0288487,-0.0706153,-0.0436337,-0.088837,6705.48,-160.644,-5120.95,0.00114353,0.0495529,-71.0788,2356.88,-129.595,-478.505,-0.00193865,0.00745985,-68.905,6552.39,340.487,-4112.84,0.00327452,0.0354705,-71.3243,3111.6,429.558,-1082.81,0.00567694,0.014814,-69.6076
3.289,180.374,-6.44602,21.9819,0.224016,0.906178,-2.31747,-0.251148,-0.0370475,0.00607281,3722.86,3,0.181739,0,0.08,-0.0533361,-0.0124374,-0.00984505,0.0110819,-0.0289276,-0.070593,-0.0436464,-0.0888268,6726.47,-410.937,-5136.15,-0.00133779,0.0497347,-71.0439,2347.31,2.49035,-383.42,0.000114985,0.00600512,-68.9202,6551.64,402.923,-4107.36,0.00380758,0.035392,-71.3249,3115.6,407.359,-1053.89,0.00536565,0.0143541,-69.6018
3.299,180.584,-6.51151,21.9821,0.221727,1.83286,-5.69221,-0.25472,-0.0370671,0.00607261,3722.65,3,0.181983,0,0.08,-0.0546845,-0.0128066,-0.00984419,0.011085,-0.028841,-0.070629,-0.0436353,-0.088839,6698.4,-239.02,-5104.25,0.000395489,0.0493644,-71.0847,2359.05,-92.4508,-464.076,-0.00136499,0.00726777,-68.9079,6552.11,345.859,-4109.54,0.0033194,0.0354296,-71.3281,3112.97,426.378,-1078.78,0.00562905,0.0147456,-69.6109
3.309,180.793,-6.57758,21.9833,0.226376,1.05685,-3.36197,-0.248733,-0.0370475,0.00606855,3722.77,3,0.1818,0,0.08,-0.0536541,-0.0126051,-0.00983922,0.011084,-0.0289288,-0.0706158,-0.0436474,-0.0888276,6723.61,-430.802,-5011.46,-0.00155025,0.0474779,-71.0448,2349.44,38.5682,-313.636,0.0006651,0.00482072,-68.9242,6551.38,357.337,-4101.95,0.00341364,0.035336,-71.3328,3114.37,418.504,-1074.94,0.00552289,0.0146886,-69.6101
3.319,181.003,-6.64415,21.9835,0.220378,3.22097,-6.64835,-0.255513,-0.0370539,0.0060674,3722.92,3,0.182539,0,0.08,-0.0540061,-0.0127015,-0.00984921,0.0110783,-0.0288964,-0.0706232,-0.0436426,-0.0888307,6707.23,-348.818,-5028.71,-0.000739935,0.0479283,-71.0722,2355.81,-90.1326,-486.937,-0.00133506,0.00767613,-68.9125,6552.18,352.789,-4104.65,0.00337573,0.0353659,-71.3328,3112.98,431.717,-1076.2,0.005695,0.0146931,-69.6145
3.329,181.212,-6.71128,21.9844,0.224431,1.17708,-1.36219,-0.251417,-0.0370361,0.00606432,3722.85,3,0.182368,0,0.08,-0.0535244,-0.0123417,-0.00984622,0.0110829,-0.0289492,-0.0705932,-0.043652,-0.0888205,6722.76,-370.699,-5125.63,-0.000938466,0.0495602,-71.0581,2343.4,-12.242,-385.326,-0.000118544,0.00604822,-68.9257,6550.58,352.648,-4091.92,0.00336722,0.0352158,-71.3371,3115.58,422.58,-1071.39,0.00557394,0.0146162,-69.6158
3.339,181.421,-6.77892,21.9838,0.220812,1.73223,-4.77959,-0.25386,-0.0370328,0.00606235,3723.36,3,0.18277,0,0.08,-0.0538602,-0.0126608,-0.00984832,0.0110872,-0.0289328,-0.0706178,-0.0436488,-0.0888219,6713.16,-426.264,-5126.26,-0.00146415,0.0497065,-71.0655,2352.29,-39.6993,-449.511,-0.000539799,0.00709618,-68.9201,6548.5,348.506,-4086.59,0.00332823,0.0351633,-71.3342,3115.97,440.441,-1068.75,0.00579808,0.0145386,-69.6154
3.349,181.63,-6.84709,21.9845,0.222885,1.16182,-6.58984,-0.252503,-0.0370179,0.00605982,3723.21,3,0.182361,0,0.08,-0.0537234,-0.0123428,-0.00984724,0.0110811,-0.0289494,-0.0706049,-0.043655,-0.0888127,6713.71,-348.203,-4990.25,-0.000768526,0.0471707,-71.0675,2349.01,-24.2152,-358.489,-0.000306932,0.00558557,-68.9261,6548.78,310.667,-4103.33,0.00301465,0.0353797,-71.3381,3118.09,483.84,-1081.81,0.00635503,0.014667,-69.6187
3.359,181.839,-6.91578,21.9851,0.221991,1.45497,-3.95984,-0.253294,-0.0370181,0.0060574,3723.28,3,0.182921,0,0.08,-0.0539604,-0.0127146,-0.00984617,0.0110822,-0.028922,-0.0706404,-0.0436522,-0.0888106,6704.58,-302.128,-5124.07,-0.000251856,0.0497036,-71.0755,2362.21,-56.3426,-415.631,-0.000797329,0.00648068,-68.9206,6548.31,338.803,-4106.98,0.00325942,0.0354237,-71.3395,3118.37,438.186,-1076.94,0.00576962,0.0146661,-69.623
3.369,182.048,-6.98501,21.9857,0.222629,2.04126,-5.57135,-0.252146,-0.0370127,0.00605544,3723.67,3,0.183052,0,0.08,-0.054231,-0.0128647,-0.00984577,0.0110835,-0.028911,-0.070647,-0.0436537,-0.0888058,6696.86,-404.933,-5024.05,-0.00127736,0.0479781,-71.0726,2363.47,-9.91472,-417.946,-7.12376e-05,0.0065407,-68.9257,6547.66,359.474,-4096.04,0.00343233,0.0352854,-71.3417,3118.62,426.164,-1074.31,0.00561146,0.0146429,-69.6245
3.379,182.256,-7.05477,21.9866,0.221925,2.36505,-4.58821,-0.25305,-0.0370019,0.00605266,3723.51,3,0.183291,0,0.08,-0.0539804,-0.0126953,-0.00984645,0.0110835,-0.0289485,-0.0706309,-0.0436621,-0.0887935,6703.9,-349.176,-5064.39,-0.00072712,0.0486162,-71.0717,2359.59,-38.1042,-435.685,-0.000516752,0.00684102,-68.9271,6548.6,361.922,-4099.81,0.00345448,0.0353263,-71.3437,3117.92,426.1,-1073.69,0.00561216,0.0146362,-69.6269
3.389,182.465,-7.12508,21.987,0.222054,1.78867,-6.42126,-0.252449,-0.0369811,0.00604949,3723.59,3,0.183015,0,0.08,-0.0534377,-0.0122129,-0.00985053,0.0110751,-0.0290186,-0.0705896,-0.0436707,-0.0887806,6720.26,-271.009,-4979.66,-5.67868e-05,0.0468811,-71.0679,2344.95,-46.3578,-373.851,-0.000656535,0.00583479,-68.9341,6548.08,355.096,-4102.77,0.00339701,0.0353685,-71.3464,3118.9,426.565,-1078.77,0.00562014,0.0147147,-69.6274
3.399,182.673,-7.19585,21.988,0.221696,3.43072,-5.12916,-0.254182,-0.0370076,0.00604803,3723.71,3,0.183803,0,0.08,-0.0551623,-0.0133955,-0.00985392,0.0110734,-0.028904,-0.0706826,-0.0436483,-0.0887939,6685.88,-500.056,-5078.02,-0.00212803,0.0491397,-71.0941,2379,1.83024,-487.701,0.000137,0.00767041,-68.923,6548.61,371.027,-4113.76,0.00354311,0.0355009,-71.344,3119.58,430.439,-1068.11,0.00565768,0.0145276,-69.6302
3.409,182.881,-7.26723,21.9881,0.223151,1.00327,-2.88655,-0.251389,-0.0369628,0.00604431,3723.79,3,0.183464,0,0.08,-0.0530068,-0.0119818,-0.00984152,0.0110922,-0.0290375,-0.0705701,-0.043682,-0.0887525,6719.82,-312.877,-4992.59,-0.000454913,0.0471321,-71.0631,2341.71,-48.789,-449.427,-0.000699605,0.00711946,-68.9399,6548.76,371.009,-4099.5,0.00353068,0.0353194,-71.3524,3117.84,417.541,-1071.3,0.00550212,0.0146126,-69.6313
3.419,183.089,-7.33908,21.9879,0.22181,1.99785,-4.95096,-0.253023,-0.0369942,0.00604261,3723.91,3,0.183986,0,0.08,-0.0546379,-0.0131247,-0.00984592,0.0110861,-0.0289512,-0.0706545,-0.043654,-0.0887767,6698.66,-354.19,-5082.15,-0.000745491,0.0490077,-71.0921,2367.15,-63.4859,-461.44,-0.000906683,0.00723512,-68.9263,6548.53,360.239,-4096.09,0.00343892,0.0352802,-71.3498,3119.35,430.862,-1072.83,0.00566895,0.0146061,-69.6352
3.429,183.296,-7.4115,21.9886,0.222517,1.36188,-4.35568,-0.2516,-0.0369731,0.00603928,3724.06,3,0.183866,0,0.08,-0.0537324,-0.0124442,-0.00984641,0.0110648,-0.0290283,-0.0705997,-0.0436713,-0.0887538,6718.4,-367.045,-5044.93,-0.00091958,0.0481112,-71.0722,2347.48,-14.9011,-389.562,-0.00015971,0.00610822,-68.941,6550.16,362.242,-4101.05,0.00345713,0.0353317,-71.3535,3118.66,423.866,-1073.87,0.00558255,0.0146394,-69.6363
3.439,183.504,-7.4844,21.9892,0.220258,2.60266,-7.08667,-0.254565,-0.0369999,0.00603739,3724.15,3,0.184112,0,0.08,-0.0548619,-0.0131092,-0.00984484,0.0110871,-0.0289574,-0.070653,-0.0436493,-0.0887665,6698.02,-268.988,-5045.83,7.9197e-05,0.0483008,-71.103,2363.5,-81.1249,-480.284,-0.00118618,0.00754908,-68.928,6550.48,340.244,-4095.88,0.00326458,0.0352689,-71.354,3116.86,448.741,-1074.03,0.00590209,0.0146066,-69.6398
3.449,183.711,-7.55792,21.9909,0.221564,1.11785,-2.10594,-0.252816,-0.0369438,0.00603346,3724.1,3,0.183846,0,0.08,-0.0520893,-0.01129,-0.00983351,0.011097,-0.0291237,-0.0705171,-0.0436876,-0.0887209,6734.55,-217.843,-5086.56,0.000442383,0.0486238,-71.0631,2322.34,-38.1689,-356.374,-0.000545013,0.00560377,-68.9528,6551.01,322.105,-4097.09,0.00310616,0.0352842,-71.3679,3117.39,416.028,-1083,0.00549201,0.0148114,-69.6463
3.459,183.918,-7.63188,21.9917,0.219169,5.43415,-13.7376,-0.25308,-0.0369313,0.00602677,3724.41,3,0.183909,0,0.08,-0.0516802,-0.0131035,-0.00984286,0.0110969,-0.0291717,-0.0706337,-0.0436667,-0.0887329,6740.39,-452.6,-4706.44,-0.00190709,0.0422564,-71.0657,2360.85,60.1582,-306.435,0.00099776,0.00464423,-68.9427,6545.79,362.392,-4091.22,0.00345659,0.0352363,-71.3655,3120.89,391.915,-1085.7,0.00516743,0.0148809,-69.645
3.469,184.125,-7.70633,21.99,0.222156,3.26771,-5.9028,-0.253261,-0.0369298,0.00602694,3724.27,3,0.185273,0,0.08,-0.0537319,-0.0125093,-0.00983395,0.0111011,-0.029009,-0.0706025,-0.0436586,-0.0887361,6688.15,-487.76,-4855.93,-0.00214242,0.0451545,-71.099,2356.28,-111.906,-532.651,-0.00168528,0.00844133,-68.9347,6542.66,381.354,-4097.88,0.00362565,0.0353367,-71.36,3124.1,426.09,-1080.78,0.00560117,0.0147226,-69.6474
3.479,184.332,-7.78133,21.9926,0.220819,1.91372,-5.5581,-0.25359,-0.0369227,0.0060252,3724.5,3,0.183998,0,0.08,-0.0542322,-0.0125327,-0.00984785,0.0110956,-0.0289247,-0.0706096,-0.0436606,-0.088718,6666.43,-64.9245,-5139.99,0.00212069,0.0502993,-71.1253,2358.58,-17.5797,-372.866,-0.000197686,0.00580264,-68.9478,6542.96,343.085,-4096.4,0.00329486,0.0353243,-71.3597,3126.86,431.752,-1074.48,0.00566645,0.0145938,-69.6506
3.489,184.538,-7.8569,21.996,0.223235,3.83267,2.48739,-0.251347,-0.036867,0.00601819,3724.88,3,0.184828,0,0.08,-0.0518834,-0.012329,-0.00985447,0.0110912,-0.0291101,-0.0705662,-0.0436898,-0.0886742,6717.02,-186.487,-5161.93,0.000816267,0.0502202,-71.0642,2353.78,-87.719,-365.974,-0.00128507,0.00562474,-68.9469,6547.91,508.05,-4175.92,0.00477042,0.0362652,-71.3658,3120.35,161.169,-1064.39,0.0020628,0.0148558,-69.6514
3.499,184.745,-7.93291,21.9921,0.226777,1.7791,-3.1514,-0.246755,-0.0368452,0.00601614,3724.79,3,0.185176,0,0.08,-0.0528768,-0.0126355,-0.00984159,0.0110949,-0.0290818,-0.0705595,-0.0436907,-0.0886584,6701.83,-438.784,-4889.96,-0.00170435,0.0455777,-71.0855,2358.59,-36.2697,-364.562,-0.000487083,0.00565659,-68.9474,6540.59,374.768,-4086.4,0.00357107,0.0352068,-71.3667,3132.94,435.602,-1077.82,0.00570635,0.0146114,-69.6529
3.509,184.951,-8.00945,21.9919,0.223217,2.13548,-4.67533,-0.249616,-0.0368517,0.00601562,3724.89,3,0.185542,0,0.08,-0.0548265,-0.0128027,-0.00984942,0.0110947,-0.0289722,-0.070582,-0.0436725,-0.088665,6665.55,-505.073,-5028.61,-0.00224129,0.048438,-71.105,2366.07,-30.001,-433.714,-0.000381472,0.00679342,-68.9506,6535.09,377.289,-4076.42,0.00358354,0.0351165,-71.3654,3134.62,427.188,-1068.21,0.00558956,0.0144597,-69.657
3.519,185.157,-8.08655,21.9939,0.219536,2.76094,-8.48989,-0.254465,-0.0368206,0.00601156,3724.96,3,0.184761,0,0.08,-0.0534051,-0.012398,-0.00984866,0.0111364,-0.0290684,-0.0705526,-0.0436929,-0.0886248,6683.87,-226.348,-4946.95,0.000369002,0.0466525,-71.0973,2364.19,-45.5233,-418.464,-0.00063245,0.00653241,-68.9562,6539.61,364.227,-4115.83,0.0034929,0.0355884,-71.3672,3128.99,429.044,-1082.8,0.00563039,0.0147258,-69.6588
3.529,185.362,-8.16415,21.9942,0.223113,1.58537,-4.34859,-0.250661,-0.0368275,0.00600942,3725.08,3,0.185117,0,0.08,-0.0545668,-0.0130309,-0.00984987,0.0110973,-0.0290536,-0.0706033,-0.0436796,-0.0886252,6684.11,-387.077,-5060.94,-0.00107322,0.0487869,-71.1004,2379.95,-35.3483,-418.913,-0.000465183,0.00650455,-68.9521,6536.54,359.677,-4085.14,0.00343714,0.0352209,-71.3691,3131.6,439.042,-1071.59,0.00574702,0.0145091,-69.6617
3.539,185.568,-8.24228,21.9943,0.22179,1.99253,-5.80581,-0.250574,-0.0368225,0.00600692,3725.26,3,0.185353,0,0.08,-0.0541966,-0.012996,-0.00984666,0.0111014,-0.029104,-0.0705935,-0.0436825,-0.0886066,6698.6,-463.87,-5039.23,-0.00183263,0.0482597,-71.09,2375.91,27.7858,-393.201,0.000516585,0.0060797,-68.9616,6539.09,370.621,-4083.71,0.00352872,0.0351836,-71.372,3128.65,431.134,-1069.84,0.00565007,0.0145093,-69.6645
3.549,185.773,-8.32096,21.996,0.221879,0.724532,-3.95593,-0.251618,-0.0368095,0.00600493,3725.33,3,0.184802,0,0.08,-0.0534692,-0.0123026,-0.00985458,0.011093,-0.029178,-0.0705306,-0.0436938,-0.0885841,6721.7,-177.942,-5027.53,0.000859569,0.0476663,-71.0994,2358.27,-79.5796,-420.199,-0.00116777,0.0065389,-68.9621,6542.77,358.843,-4120.39,0.00344414,0.0356265,-71.3741,3125.96,434.439,-1075.4,0.0057021,0.0146089,-69.6649
3.559,185.979,-8.40012,21.996,0.221707,1.42525,-3.82339,-0.251148,-0.0368227,0.00600332,3724.76,3,0.185448,0,0.08,-0.0541265,-0.0125778,-0.00984942,0.0110997,-0.0291403,-0.0705471,-0.0436795,-0.0885837,6712.79,-341.73,-5087.9,-0.000644095,0.0489519,-71.1041,2361.65,-42.8712,-421.484,-0.000592321,0.00659237,-68.9634,6542.92,353.292,-4080.15,0.00337357,0.0351176,-71.3768,3126.16,435.243,-1075.51,0.00571361,0.0146083,-69.6663
3.569,186.184,-8.47982,21.9971,0.221418,1.93156,-5.47255,-0.25168,-0.0368331,0.0060003,3725.75,3,0.185255,0,0.08,-0.0541139,-0.0127314,-0.00984848,0.0111026,-0.0291338,-0.0705639,-0.0436728,-0.0885776,6712.66,-262.896,-5033.66,8.83588e-05,0.0479188,-71.1058,2366.73,-45.4009,-403.632,-0.000630066,0.00627785,-68.9627,6546.43,355.226,-4093.51,0.00339694,0.0352624,-71.3791,3123.9,433.26,-1067.48,0.00568391,0.0144903,-69.6692
3.579,186.388,-8.56005,21.997,0.219579,2.60249,-7.23186,-0.253477,-0.036824,0.00599738,3725.67,3,0.185652,0,0.08,-0.0531691,-0.0121152,-0.00982033,0.0111273,-0.0291669,-0.0705158,-0.0436786,-0.0885601,6718.1,-304.631,-4919.66,-0.000402531,0.0458795,-71.1032,2351.39,-68.0877,-435.832,-0.0009957,0.00683903,-68.9687,6549.62,358.608,-4102.43,0.00342793,0.0353535,-71.3828,3121.44,435.784,-1075.86,0.00572679,0.0146371,-69.6705
3.589,186.593,-8.64077,21.9979,0.223963,1.77701,-5.58957,-0.248461,-0.0368428,0.0059921,3725.88,3,0.185507,0,0.08,-0.053838,-0.0131401,-0.00983482,0.0111138,-0.0291294,-0.070594,-0.0436533,-0.0885661,6713.54,-419.254,-4891.32,-0.001474,0.0454878,-71.1041,2371.63,10.7818,-385.876,0.000253327,0.00598135,-68.9659,6548.53,368.597,-4097.38,0.00351276,0.0352946,-71.3845,3123.59,425.052,-1067.98,0.0055784,0.0145149,-69.6725
3.599,186.798,-8.72202,21.9981,0.22027,1.93749,-5.25764,-0.252301,-0.036854,0.0059903,3725.94,3,0.185894,0,0.08,-0.0542574,-0.0124021,-0.0098427,0.0110956,-0.0290798,-0.0705563,-0.0436456,-0.0885668,6698.01,-285.947,-5054.13,-0.000118496,0.0484602,-71.1215,2356.88,-66.0099,-428.124,-0.000957276,0.00669517,-68.9695,6550.84,360.654,-4091.99,0.00343919,0.0352132,-71.386,3122.76,435.36,-1070.44,0.00571615,0.0145412,-69.6756
3.609,187.002,-8.80381,21.9994,0.22125,1.80896,-5.05206,-0.250973,-0.0368479,0.00598415,3725.76,3,0.185648,0,0.08,-0.0533771,-0.0123769,-0.00984456,0.0111049,-0.0291365,-0.0705503,-0.0436388,-0.0885554,6713.27,-317.688,-5015.94,-0.000482217,0.0476183,-71.1003,2352.1,-18.1487,-360.989,-0.000213374,0.00562176,-68.9753,6550.56,365.148,-4088.44,0.0034749,0.0351694,-71.3893,3123.72,432.637,-1068.01,0.00567844,0.0145012,-69.6764
3.619,187.206,-8.88607,21.9993,0.220312,3.11754,-5.41518,-0.251659,-0.0368773,0.00598126,3726.14,3,0.186499,0,0.08,-0.0549929,-0.0130914,-0.00983836,0.011105,-0.0290283,-0.0706121,-0.0436089,-0.0885692,6683.45,-482.218,-5045.02,-0.00199047,0.0485409,-71.1242,2368.91,-24.7807,-460.555,-0.00029646,0.00724057,-68.9681,6549.78,378.206,-4085.94,0.00358668,0.0351401,-71.3908,3123.58,434.653,-1065.27,0.00570002,0.0144529,-69.6797
3.629,187.41,-8.9689,22.0004,0.217616,3.45805,-8.29615,-0.254162,-0.0368656,0.00597475,3726.41,3,0.186063,0,0.08,-0.0533541,-0.0124538,-0.00983649,0.0111072,-0.0291271,-0.0705765,-0.0436096,-0.08855,6707.42,-352.197,-4959.84,-0.000822738,0.0467002,-71.1069,2354.51,-24.1617,-419.009,-0.000300048,0.00658069,-68.978,6551.46,364.091,-4093.38,0.00346734,0.0352261,-71.3939,3121.47,433.991,-1071.67,0.00570057,0.0145708,-69.6808
3.639,187.613,-9.05222,22.0009,0.222751,-1.13152,-4.82945,-0.250428,-0.0368699,0.00596997,3726.07,3,0.184971,0,0.08,-0.0536186,-0.0125224,-0.00983607,0.0111014,-0.0291351,-0.0705781,-0.0435942,-0.0885476,6717.9,-79.1716,-4989.15,0.00177141,0.0469624,-71.1163,2352.86,-50.3097,-362.407,-0.000716463,0.00562191,-68.9757,6550.44,359.544,-4122.34,0.00344715,0.0356001,-71.3963,3124.01,426.986,-1068.85,0.00560524,0.0145237,-69.6843
3.649,187.817,-9.13604,22.0014,0.220107,2.47834,-5.62026,-0.251959,-0.0368841,0.0059664,3726.38,3,0.18634,0,0.08,-0.0543219,-0.0126089,-0.00983557,0.0111001,-0.0290885,-0.0706009,-0.0435753,-0.0885517,6700.06,-332.772,-5041.47,-0.000571616,0.0482297,-71.1264,2356.19,-42.6663,-400.893,-0.000589313,0.00626185,-68.9776,6549.4,363.618,-4090.54,0.00346448,0.0352038,-71.3975,3124.28,441.737,-1070.4,0.00579423,0.0145216,-69.6861
3.659,188.02,-9.22039,22.0015,0.221032,2.99112,-6.78594,-0.250426,-0.0368894,0.00596107,3726.68,3,0.186663,0,0.08,-0.0541526,-0.0127916,-0.0098348,0.0111045,-0.0291028,-0.0706235,-0.043563,-0.0885459,6704.42,-476.103,-4928.12,-0.00198318,0.0462264,-71.1183,2360.42,-20.4927,-406.436,-0.000238187,0.00635506,-68.9793,6550.86,389.77,-4105.37,0.0036994,0.0353754,-71.4001,3123.63,407.748,-1069.4,0.00535852,0.0145696,-69.6879
3.669,188.223,-9.30526,22.0024,0.220676,1.4758,-3.97839,-0.251576,-0.0368839,0.00595657,3726.74,3,0.186451,0,0.08,-0.0536274,-0.0123146,-0.00982177,0.0111116,-0.0291304,-0.0705943,-0.0435619,-0.0885291,6712.15,-307.538,-5049.44,-0.000348308,0.0482323,-71.1206,2351.32,-55.7706,-406.404,-0.000799798,0.00635499,-68.9836,6549.96,358.766,-4090.87,0.00342221,0.0352054,-71.4027,3123.23,445.008,-1069.45,0.00583727,0.0145052,-69.6904
3.679,188.426,-9.39062,22.0026,0.219904,-0.97661,-7.50462,-0.253627,-0.0369122,0.00595165,3726.91,3,0.185232,0,0.08,-0.0547107,-0.0130047,-0.00983148,0.011107,-0.0290879,-0.070658,-0.0435311,-0.0885427,6704.94,128.604,-5065.48,0.00389808,0.0483069,-71.1426,2366.22,-164.323,-421.167,-0.00241192,0.00637003,-68.9736,6551.01,338.491,-4114.55,0.00326179,0.0355016,-71.4038,3122.12,423.902,-1075.82,0.00557438,0.0146541,-69.6938
3.689,188.628,-9.47654,22.0042,0.221305,2.46821,-3.66969,-0.251123,-0.0368994,0.00594644,3726.98,3,0.186781,0,0.08,-0.0536829,-0.0124305,-0.0098274,0.0111065,-0.0291407,-0.0706155,-0.0435314,-0.0885247,6715.44,-467.574,-5016.63,-0.00188709,0.0476699,-71.1117,2349.68,3.91027,-387.477,0.000136256,0.00606627,-68.9913,6550.18,374.731,-4086.26,0.00355644,0.0351424,-71.4079,3122.63,437.84,-1067.24,0.00574526,0.0144846,-69.6934
3.699,188.831,-9.56294,22.0045,0.219735,2.66344,-4.90794,-0.252273,-0.0369199,0.00594256,3727.11,3,0.186908,0,0.08,-0.054579,-0.0128929,-0.00982463,0.0111112,-0.0290889,-0.0706564,-0.0435112,-0.0885326,6700.13,-393.877,-5061.14,-0.00114091,0.0486196,-71.1351,2359.88,-40.1372,-440.113,-0.000545462,0.00691398,-68.9836,6550.21,371.914,-4086.31,0.00353291,0.0351434,-71.4093,3122.65,440.698,-1066.2,0.00578033,0.0144622,-69.6972
3.709,189.033,-9.64988,22.0058,0.219577,2.30628,-4.44244,-0.252545,-0.0369058,0.00593677,3727.27,3,0.186622,0,0.08,-0.0534155,-0.0122171,-0.00983294,0.0111007,-0.0291651,-0.070613,-0.0435136,-0.0885143,6718.37,-289.237,-5053.35,-0.000188898,0.0482274,-71.1227,2342.31,-40.162,-374.813,-0.000561004,0.00586281,-68.9934,6551.25,348.734,-4094.49,0.0033368,0.0352447,-71.4157,3121.7,432.696,-1069.24,0.00568339,0.0145316,-69.7007
3.719,189.235,-9.73729,22.0056,0.224191,1.34648,-2.20127,-0.247519,-0.0369149,0.00593185,3727.29,3,0.187017,0,0.08,-0.0540756,-0.01279,-0.0098263,0.0111021,-0.0291144,-0.0706624,-0.0434933,-0.0885157,6707.6,-493.309,-4997.53,-0.00214331,0.0474185,-71.1256,2355.75,9.59985,-389.021,0.000232431,0.00607417,-68.9914,6547.84,402.212,-4075.23,0.00378721,0.0350122,-71.4114,3125.61,436.404,-1063.27,0.00571891,0.0144066,-69.6972
3.729,189.436,-9.82524,22.006,0.219053,3.08686,-6.65677,-0.252574,-0.0369231,0.00592786,3727.44,3,0.187141,0,0.08,-0.0542432,-0.0127285,-0.00982319,0.0111072,-0.0290925,-0.0706716,-0.0434816,-0.0885148,6696.66,-400.457,-5010.29,-0.00123395,0.0477302,-71.1427,2357.09,-29.8761,-419.309,-0.000386163,0.0065764,-68.9912,6549.58,380.512,-4085.77,0.0036063,0.0351387,-71.4146,3123.5,430.282,-1071.6,0.00564866,0.014566,-69.7026
3.739,189.638,-9.9137,22.0069,0.220323,1.83328,-4.23334,-0.251725,-0.0369069,0.00592221,3727.53,3,0.186984,0,0.08,-0.0535157,-0.0123543,-0.00982205,0.0111252,-0.0291454,-0.0706415,-0.0434848,-0.0884928,6710.04,-352.772,-5020.5,-0.000800975,0.0477504,-71.129,2349.42,-42.7093,-423.386,-0.000596224,0.00665866,-68.996,6549.32,369.129,-4090.32,0.00351091,0.0352004,-71.4186,3124.78,439.243,-1068.54,0.00575995,0.0144927,-69.7046
3.749,189.839,-10.0026,22.0071,0.22156,1.76915,-3.70563,-0.249628,-0.0369225,0.00591771,3727.73,3,0.187302,0,0.08,-0.0547982,-0.0132458,-0.00982058,0.011105,-0.0290869,-0.0707058,-0.0434574,-0.0885053,6695.06,-555.643,-5107.36,-0.00269988,0.0496065,-71.1379,2365,44.9987,-373.551,0.000784998,0.00576202,-68.9962,6546.93,374.412,-4074.95,0.0035497,0.0350215,-71.4194,3127.3,445.379,-1061.06,0.005827,0.0143455,-69.707
3.759,190.04,-10.0921,22.0081,0.219378,1.80934,-4.24777,-0.252861,-0.0369142,0.00591321,3727.77,3,0.187146,0,0.08,-0.0539822,-0.012564,-0.0098198,0.0111095,-0.0291295,-0.0706663,-0.0434595,-0.0884867,6703.06,-347.814,-5094.09,-0.000702949,0.0491773,-71.1407,2352.76,-46.1046,-449.617,-0.00064518,0.00709206,-68.9976,6547.85,400.531,-4079.87,0.00377413,0.0350708,-71.4219,3126.74,426.968,-1061.07,0.0055983,0.0143818,-69.7094
3.769,190.241,-10.1821,22.0087,0.219762,1.51674,-3.99581,-0.252758,-0.0369122,0.00590837,3727.82,3,0.187153,0,0.08,-0.0538264,-0.0124896,-0.0098199,0.01111,-0.0291541,-0.0706619,-0.0434528,-0.0884765,6709.57,-274.884,-5109.3,9.39374e-07,0.0493534,-71.1438,2350.17,-73.4666,-409.902,-0.0010732,0.00639576,-68.9982,6548.42,373.687,-4083.49,0.00354579,0.0351193,-71.4246,3126.03,440.306,-1064.49,0.00577101,0.0144176,-69.7112
3.779,190.442,-10.2726,22.0094,0.219822,2.31603,-4.60022,-0.252444,-0.0369241,0.00590443,3728,3,0.187387,0,0.08,-0.0545588,-0.0129087,-0.00981709,0.0111102,-0.0291149,-0.0706972,-0.0434354,-0.0884766,6697.79,-382.45,-5094.37,-0.00101926,0.0492594,-71.1508,2359.22,-32.138,-433.293,-0.000419582,0.00680511,-68.999,6548.15,371.585,-4078.15,0.00352571,0.0350544,-71.4263,3125.63,437.438,-1064.57,0.00573275,0.0144262,-69.7139
3.789,190.642,-10.3636,22.0108,0.216461,4.95136,-9.51408,-0.255536,-0.0369125,0.00589946,3728.22,3,0.187301,0,0.08,-0.0538089,-0.012438,-0.00983197,0.011079,-0.0291796,-0.0706674,-0.0434384,-0.088459,6708.26,-346.484,-4923.45,-0.000772462,0.04606,-71.1426,2348.38,-40.3955,-434.943,-0.000558951,0.00685927,-69.0054,6550.8,374.719,-4092.96,0.0035598,0.0352228,-71.4282,3122.86,443.219,-1068.27,0.00581145,0.0144908,-69.7139
3.799,190.842,-10.4551,22.0102,0.221711,1.50917,-3.4745,-0.250408,-0.0369099,0.00589598,3728.25,3,0.187594,0,0.08,-0.0538842,-0.0126438,-0.00979117,0.0111343,-0.0291603,-0.0706746,-0.0434309,-0.0884494,6708.58,-417.994,-5022.17,-0.00141014,0.0478246,-71.1472,2351.41,-33.2963,-427.688,-0.000442847,0.00673196,-69.0057,6547.86,380.485,-4083.87,0.00360533,0.0351262,-71.4323,3126.59,441.986,-1067.53,0.00579098,0.0144621,-69.7183
3.809,191.042,-10.5471,22.0116,0.222505,2.23262,-5.69471,-0.249902,-0.0369052,0.00589132,3728.37,3,0.187195,0,0.08,-0.0538289,-0.0125009,-0.00980757,0.0111276,-0.0291714,-0.0706704,-0.043421,-0.08844,6709.5,-363.817,-4904.83,-0.00095221,0.045736,-71.1474,2349.01,-9.51394,-384.03,-7.3084e-05,0.00601254,-69.0101,6546.74,416.448,-4080.81,0.00391359,0.0350857,-71.4312,3127,420.364,-1069.44,0.0055154,0.0145304,-69.7167
3.819,191.242,-10.6397,22.012,0.219924,3.0124,-7.03192,-0.25279,-0.036908,0.00588773,3728.37,3,0.187442,0,0.08,-0.0540292,-0.012522,-0.00981835,0.011103,-0.0291582,-0.0706856,-0.04341,-0.0884382,6703.58,-289.427,-4966.86,-0.000212549,0.0468353,-71.1572,2352.8,-62.8177,-390.054,-0.000904521,0.00606846,-69.0072,6548.23,361.832,-4097.49,0.00345356,0.0352997,-71.4348,3126.09,446.72,-1075.86,0.00585734,0.0145939,-69.7222
3.829,191.441,-10.7327,22.0137,0.220669,2.72425,-3.54331,-0.252495,-0.0369115,0.00588412,3728.6,3,0.187558,0,0.08,-0.0544153,-0.0128348,-0.0098083,0.0111071,-0.0291283,-0.0707103,-0.0434007,-0.0884301,6693.28,-355.09,-5077.12,-0.000766359,0.0489725,-71.1619,2361.97,-29.2916,-449.933,-0.000374016,0.00707981,-69.009,6547.12,369.5,-4086.42,0.00351372,0.0351657,-71.4373,3127.47,444.563,-1069.07,0.00582294,0.0144785,-69.7252
3.839,191.641,-10.8262,22.0133,0.222959,1.57661,-3.44845,-0.250101,-0.0368951,0.00587982,3728.71,3,0.187585,0,0.08,-0.0537126,-0.0124207,-0.00979772,0.0111266,-0.0291819,-0.0706736,-0.0434051,-0.0884077,6708.88,-357.672,-5012.04,-0.000845569,0.0476132,-71.1497,2350.91,-33.1745,-387.624,-0.000446342,0.00606017,-69.016,6547.08,374.396,-4089.46,0.00355689,0.035203,-71.442,3127.49,439.834,-1071.79,0.00576547,0.0145318,-69.7264
3.849,191.84,-10.9202,22.0142,0.222326,0.860795,-4.71412,-0.251579,-0.0369076,0.00587568,3728.83,3,0.187031,0,0.08,-0.0543621,-0.0127056,-0.00982018,0.0111058,-0.0291655,-0.0707029,-0.0433821,-0.0884132,6706.42,-157.891,-5070.36,0.0011271,0.0485951,-71.1626,2358.86,-54.6534,-341.365,-0.000774812,0.005256,-69.013,6546.24,343.188,-4091.76,0.00329164,0.0352441,-71.4419,3128.32,454.39,-1073.19,0.00595109,0.0145241,-69.7291
3.859,192.038,-11.0148,22.015,0.219995,2.66876,-4.33397,-0.253246,-0.0368991,0.00587236,3728.99,3,0.187793,0,0.08,-0.0537435,-0.0124456,-0.00981033,0.0111158,-0.0291809,-0.0706853,-0.0433827,-0.0883975,6705.96,-346.307,-5059.75,-0.000713301,0.048506,-71.1609,2353.22,-44.248,-426.136,-0.000616096,0.00669332,-69.0182,6547.68,374.619,-4091.64,0.00356068,0.0352265,-71.4447,3127.68,455.502,-1076.23,0.00597039,0.0145762,-69.7313
3.869,192.237,-11.1098,22.015,0.222779,2.19167,-5.06373,-0.250134,-0.0369062,0.00586884,3729.09,3,0.187799,0,0.08,-0.0544957,-0.0128797,-0.009807,0.0111165,-0.0291513,-0.0707149,-0.0433673,-0.0883963,6700.04,-474.485,-4991.58,-0.00194145,0.0473876,-71.1594,2360.53,18.9604,-387.29,0.000377567,0.00602778,-69.0199,6546.28,400.235,-4083.51,0.00377568,0.0351269,-71.4475,3128.28,429.677,-1064.76,0.00562769,0.0144299,-69.7339
3.879,192.435,-11.2054,22.0162,0.219575,2.4462,-4.8544,-0.253947,-0.0368957,0.00586541,3729.03,3,0.187721,0,0.08,-0.0537404,-0.0122565,-0.00980759,0.0111197,-0.0291994,-0.0706665,-0.0433706,-0.0883767,6710.11,-258.797,-5081.54,0.000142845,0.0488201,-71.1662,2347.2,-67.6352,-413.946,-0.000987246,0.00647972,-69.0221,6548.04,363.368,-4092.27,0.00346248,0.0352346,-71.4489,3126.95,444.649,-1073.03,0.00582969,0.0145465,-69.7358
3.889,192.633,-11.3014,22.0167,0.22152,2.68689,-4.55063,-0.251883,-0.0369019,0.0058615,3729.31,3,0.187994,0,0.08,-0.05406,-0.0127812,-0.00980615,0.0111188,-0.0291859,-0.0706985,-0.0433575,-0.0883728,6707.32,-377.675,-5036.17,-0.00101648,0.0480753,-71.1666,2355.84,-30.2258,-408.791,-0.00039309,0.00640316,-69.0215,6547.5,390.371,-4090.31,0.00369101,0.0352073,-71.4513,3126.98,443.449,-1070.65,0.00581087,0.014509,-69.7379
3.899,192.831,-11.398,22.018,0.22224,2.80659,-3.8245,-0.251621,-0.0369035,0.00585822,3729.1,3,0.187957,0,0.08,-0.0541743,-0.0125829,-0.00982102,0.0110994,-0.0291826,-0.0706943,-0.0433493,-0.0883645,6705.66,-366.242,-5028.09,-0.000908895,0.0479415,-71.1716,2352.02,-33.1976,-401.482,-0.000442989,0.00628914,-69.0256,6549.44,371.428,-4096.44,0.0035353,0.0352764,-71.4533,3126.3,435.248,-1074.9,0.00571177,0.0145975,-69.7397
3.909,193.029,-11.4951,22.0184,0.221316,2.86614,-4.3238,-0.252524,-0.0369068,0.00585473,3728.46,3,0.188015,0,0.08,-0.0540455,-0.0125655,-0.00981957,0.0111316,-0.0291866,-0.0706929,-0.0433362,-0.0883568,6707.99,-334.567,-5053.5,-0.000596003,0.0483648,-71.1721,2352.03,-53.3266,-399.205,-0.00075792,0.00623483,-69.0261,6549.84,361.399,-4094.99,0.00344692,0.0352576,-71.4556,3126.36,441.226,-1070.73,0.00578491,0.0145175,-69.742
3.919,193.226,-11.5926,22.0186,0.220517,2.20795,-4.71734,-0.252649,-0.0369042,0.00585152,3730,3,0.187927,0,0.08,-0.0539482,-0.0124768,-0.00980317,0.0111199,-0.0291946,-0.0706851,-0.0433338,-0.088349,6711.21,-373.482,-5082.43,-0.000951941,0.0488814,-71.17,2348.79,-27.6675,-387.31,-0.000360117,0.00606333,-69.0308,6549.45,384.794,-4110.58,0.00365727,0.035452,-71.4584,3126.86,451.983,-1063.78,0.00591529,0.0143807,-69.7441
3.929,193.424,-11.6907,22.0195,0.221449,2.564,-5.06837,-0.252313,-0.0369005,0.00584778,3729.78,3,0.187908,0,0.08,-0.0536795,-0.0123848,-0.00980183,0.011122,-0.0292119,-0.0706815,-0.0433252,-0.0883413,6713.77,-313.096,-5021.43,-0.000421346,0.0477106,-71.1737,2347.28,-36.7034,-387.681,-0.000502317,0.00606811,-69.0327,6548.03,378.755,-4091.54,0.00359317,0.035222,-71.4603,3127.62,441.681,-1072.02,0.00578901,0.0145317,-69.7464
3.939,193.62,-11.7892,22.021,0.220802,3.49412,-4.50005,-0.254411,-0.0369092,0.00584486,3729.87,3,0.188082,0,0.08,-0.0539747,-0.0125802,-0.0098107,0.011122,-0.029185,-0.0706985,-0.0433076,-0.0883416,6704.31,-287.782,-5052.52,-0.000147995,0.0483632,-71.1881,2353.21,-65.8442,-435.215,-0.000954047,0.00682667,-69.0292,6548.56,370.483,-4091.67,0.00352326,0.0352222,-71.4619,3127.31,445.483,-1073.15,0.00583898,0.0145451,-69.7491
3.949,193.817,-11.8883,22.0206,0.223969,3.14725,-7.98758,-0.250144,-0.0368988,0.0058413,3729.86,3,0.187739,0,0.08,-0.0538433,-0.0124377,-0.0097913,0.0111194,-0.0291935,-0.0706932,-0.0433067,-0.0883237,6708.45,-345.739,-4857.09,-0.000811609,0.0449341,-71.1723,2349.04,-15.7919,-267.402,-0.000182556,0.00410646,-69.0391,6548.41,357.01,-4094.31,0.00341063,0.0352592,-71.4653,3123.9,434.721,-1084.97,0.00571178,0.0147777,-69.7504
3.959,194.013,-11.9878,22.0221,0.221456,2.81095,-3.45254,-0.253403,-0.0369111,0.00583905,3730.09,3,0.188159,0,0.08,-0.0543324,-0.0126333,-0.00979791,0.0111147,-0.0291539,-0.0707101,-0.0432949,-0.0883219,6696.63,-260.889,-5089.17,0.00015056,0.0491123,-71.1932,2356.58,-87.4228,-454.115,-0.0012888,0.00711118,-69.0316,6548.86,367.228,-4093.66,0.00349648,0.0352461,-71.4658,3127.06,452.085,-1073.99,0.00592441,0.0145484,-69.7542
3.969,194.21,-12.0879,22.0218,0.223386,1.31297,-2.81223,-0.250171,-0.0368996,0.00583528,3730.33,3,0.188124,0,0.08,-0.0537666,-0.0124889,-0.00980676,0.0110948,-0.0291952,-0.0706937,-0.0432945,-0.0883063,6710.04,-426.38,-5092.23,-0.00147492,0.0490986,-71.1734,2351.05,10.3028,-341.968,0.000232051,0.00530778,-69.0439,6548.42,363.973,-4087.93,0.00346516,0.0351774,-71.4699,3128.12,455.673,-1070.77,0.00596616,0.0144831,-69.7552
3.979,194.406,-12.1884,22.0216,0.217509,4.66427,-9.67901,-0.255638,-0.0369013,0.00583281,3730.31,3,0.188487,0,0.08,-0.0536211,-0.0124666,-0.00977909,0.0111393,-0.0291861,-0.0706896,-0.0432807,-0.0883046,6702.53,-436.843,-4948.65,-0.00162378,0.046587,-71.1833,2350.51,-45.8072,-444.953,-0.000642762,0.00701944,-69.041,6547.94,397.452,-4086.68,0.00375076,0.0351571,-71.47,3127.39,438.832,-1071.74,0.00575172,0.0145338,-69.7563
3.989,194.601,-12.2894,22.0231,0.221861,2.5792,-6.79299,-0.252241,-0.0369189,0.00583033,3730.53,3,0.187932,0,0.08,-0.0547323,-0.0130156,-0.00979264,0.0111251,-0.0291357,-0.0707361,-0.0432626,-0.0883072,6692.44,-329.518,-5004.92,-0.000542203,0.0476477,-71.2005,2363.13,-24.7235,-433.375,-0.000302138,0.00679834,-69.0392,6547.04,386.098,-4082.7,0.00365318,0.0351155,-71.4724,3128.18,437.628,-1073.32,0.00573636,0.0145576,-69.7613
3.999,194.797,-12.391,22.0245,0.221784,3.28741,-4.48374,-0.252569,-0.0369219,0.00582751,3730.62,3,0.188331,0,0.08,-0.0544921,-0.013025,-0.00979291,0.011125,-0.0291493,-0.0707323,-0.0432581,-0.0882955,6696.81,-428.454,-5061.1,-0.00147553,0.0486692,-71.1915,2361.83,3.26866,-430.84,0.000141036,0.00675975,-69.0444,6550.02,377.356,-4088.56,0.00357986,0.0351719,-71.476,3126.01,443.737,-1069.82,0.00581574,0.0144996,-69.7634
4.009,194.992,-12.493,22.0251,0.219598,5.42699,-9.58009,-0.253881,-0.0368973,0.00582461,3730.71,3,0.188226,0,0.08,-0.0533395,-0.0120083,-0.00976466,0.011173,-0.0292307,-0.0706411,-0.043274,-0.0882606,6711.19,-279.195,-4838.32,-0.000220409,0.0445692,-71.181,2335.99,-49.2116,-396.261,-0.000707201,0.00623101,-69.0532,6552,365.538,-4073.25,0.00347009,0.0349696,-71.4831,3120.28,418.661,-1090.88,0.00551933,0.0149233,-69.7672
4.019,195.187,-12.5956,22.0254,0.223908,2.43881,-4.84002,-0.250262,-0.0369186,0.00582194,3730.88,3,0.188205,0,0.08,-0.0542867,-0.012901,-0.00978939,0.0111272,-0.0291821,-0.0707116,-0.0432406,-0.0882818,6709.48,-431.856,-5009.67,-0.00153664,0.0475969,-71.197,2353.35,21.2214,-378.518,0.000414776,0.00589838,-69.0501,6548.82,381.626,-4086.64,0.00361618,0.0351545,-71.4804,3127.73,436.513,-1070.53,0.00572188,0.0145158,-69.7664
4.029,195.381,-12.6986,22.0257,0.220816,3.40596,-6.6214,-0.253915,-0.036918,0.00582003,3730.95,3,0.188374,0,0.08,-0.053926,-0.0125151,-0.00978294,0.0111335,-0.0291752,-0.0706991,-0.0432386,-0.0882675,6705.62,-320.535,-4988,-0.000494828,0.0472026,-71.2007,2352.08,-52.8569,-416.141,-0.00074938,0.00652028,-69.0502,6552.27,352.324,-4107.02,0.00337471,0.0353956,-71.4826,3123.51,450.977,-1081.58,0.00592111,0.0146943,-69.7692
4.039,195.576,-12.8021,22.0268,0.222784,2.57182,-5.00034,-0.25163,-0.0369225,0.00581708,3731.09,3,0.188251,0,0.08,-0.0540412,-0.0126899,-0.00978917,0.0111272,-0.0291733,-0.0707188,-0.043226,-0.0882671,6707.42,-383.879,-5015.36,-0.00108919,0.0477002,-71.1981,2355.87,-11.0806,-399.317,-9.24382e-05,0.0062497,-69.0543,6549.97,381.985,-4089.43,0.00361927,0.0351821,-71.4844,3127.01,441.969,-1072.69,0.00579527,0.0145453,-69.7703
4.049,195.77,-12.9061,22.0275,0.221144,3.18329,-4.93181,-0.253066,-0.0369237,0.00581508,3731.11,3,0.188492,0,0.08,-0.0540316,-0.0124708,-0.00979124,0.0111275,-0.0291685,-0.0707047,-0.0432207,-0.0882588,6706.42,-332.175,-5064.57,-0.000567321,0.0485842,-71.2044,2351.65,-52.4502,-426.304,-0.000746808,0.00669371,-69.055,6550.69,372.132,-4086.92,0.00353239,0.0351481,-71.4874,3126.01,449.009,-1073.2,0.00588693,0.0145461,-69.7743
4.059,195.964,-13.0106,22.0279,0.216614,5.1286,-9.15178,-0.256789,-0.0369029,0.00581214,3731.14,3,0.188514,0,0.08,-0.0529175,-0.011907,-0.00978609,0.0111302,-0.0292366,-0.0706551,-0.0432225,-0.0882424,6716.75,-385.778,-4990.35,-0.00115426,0.0471537,-71.1909,2336.91,-42.7829,-423.071,-0.00060435,0.00668823,-69.0642,6549.49,386.086,-4088.02,0.00365037,0.0351667,-71.4905,3125.85,445.229,-1071.39,0.00583781,0.0145243,-69.7745
4.069,196.158,-13.1156,22.0295,0.22507,2.4458,-3.0864,-0.250473,-0.0368925,0.00580932,3731.62,3,0.188324,0,0.08,-0.0531185,-0.012167,-0.00978206,0.0111277,-0.0292247,-0.0706626,-0.0432122,-0.0882385,6719.43,-353.312,-4979.04,-0.000854198,0.0469142,-71.2039,2342.51,-28.1488,-371.863,-0.00036996,0.00582106,-69.0626,6546.12,372.85,-4088.06,0.00354317,0.0351922,-71.4918,3132.24,444.679,-1073.88,0.0058213,0.0145337,-69.7777
4.079,196.351,-13.2211,22.0288,0.222694,2.84639,-5.68565,-0.252467,-0.0369099,0.00580853,3731.51,3,0.188566,0,0.08,-0.0545201,-0.0128313,-0.00978317,0.0111298,-0.0291099,-0.0707296,-0.0431903,-0.0882418,6686.26,-326.179,-5020.21,-0.000515294,0.0479867,-71.2273,2365.31,-60.9752,-450.85,-0.000868347,0.0070625,-69.0544,6544.93,385.446,-4088.96,0.00365254,0.0352083,-71.4915,3131.38,445.064,-1076.94,0.00582872,0.014588,-69.783
4.089,196.544,-13.3271,22.0303,0.22275,0.960727,-1.41638,-0.252405,-0.0368866,0.00580531,3731.86,3,0.188379,0,0.08,-0.0535449,-0.0122604,-0.0097804,0.0111348,-0.0291776,-0.070683,-0.0432076,-0.0882172,6703.5,-333.639,-5209.39,-0.000532705,0.051394,-71.2056,2353.85,-37.6068,-393.036,-0.000514728,0.00613999,-69.0665,6544.98,361.09,-4079.57,0.00343522,0.0350955,-71.4927,3132.08,465.733,-1061.95,0.00608252,0.0142997,-69.7811
4.099,196.737,-13.4335,22.0309,0.223355,1.12256,-1.84224,-0.251115,-0.0368691,0.00580291,3731.89,3,0.18842,0,0.08,-0.0533342,-0.0121979,-0.00978271,0.0111295,-0.0292115,-0.0706558,-0.0431994,-0.088201,6712.15,-393.955,-5153.66,-0.00115794,0.0502259,-71.2015,2347.77,-23.9919,-389.728,-0.000303323,0.00610769,-69.0701,6542.69,381.209,-4082.7,0.00361133,0.0351451,-71.498,3134.38,450.904,-1062.15,0.00589033,0.0143185,-69.7853
4.109,196.93,-13.5404,22.0308,0.223718,3.0927,-5.25903,-0.250774,-0.036874,0.00580162,3731.91,3,0.188759,0,0.08,-0.0542465,-0.0127616,-0.00977905,0.011137,-0.029151,-0.0706946,-0.0431851,-0.0882001,6692.72,-458.405,-5010.08,-0.00179883,0.0477892,-71.2174,2362.7,-17.1431,-415.919,-0.000185347,0.00650821,-69.0674,6541.56,385.092,-4071.59,0.00364145,0.0350119,-71.4985,3134.62,443.444,-1070.53,0.00579626,0.0144689,-69.7889
4.119,197.122,-13.6479,22.0324,0.222523,2.98337,-4.50823,-0.252599,-0.0368605,0.00579923,3730.72,3,0.188482,0,0.08,-0.0536111,-0.0123284,-0.00978446,0.0111331,-0.029193,-0.0706611,-0.0431909,-0.088179,6701.85,-293.468,-5050.29,-0.000219349,0.0483506,-71.2193,2354.9,-48.3467,-410.961,-0.000682649,0.0064292,-69.0722,6543.16,363.574,-4089.69,0.00346594,0.0352343,-71.5005,3133.05,432.087,-1076.27,0.00565986,0.0145918,-69.7912
4.129,197.314,-13.7558,22.0325,0.220127,6.04094,-10.2521,-0.25387,-0.0368598,0.00579696,3732.08,3,0.188699,0,0.08,-0.0539181,-0.012633,-0.00978513,0.0111377,-0.029189,-0.0706765,-0.043182,-0.088171,6695.36,-399.964,-4853.21,-0.00131097,0.0450137,-71.2147,2359.63,-36.1057,-420.127,-0.000485539,0.00657975,-69.0734,6543.88,381.726,-4087.82,0.00362097,0.0352019,-71.5043,3128.94,422.621,-1088.95,0.00555149,0.0148394,-69.7945
4.139,197.506,-13.8642,22.0327,0.223187,1.73185,-6.19843,-0.251333,-0.0368654,0.00579478,3732.02,3,0.18815,0,0.08,-0.0542855,-0.0125979,-0.00978234,0.0111366,-0.0291789,-0.0706812,-0.0431739,-0.0881632,6701.44,-268.059,-5055.54,4.90293e-05,0.0484395,-71.2246,2361.72,-29.8537,-357.649,-0.000389734,0.00553951,-69.0766,6544.14,368.597,-4093.5,0.00351098,0.0352747,-71.5043,3131.68,432.346,-1071.78,0.00566321,0.0145241,-69.7952
4.149,197.697,-13.9731,22.0343,0.223286,0.928027,-2.43535,-0.251665,-0.0368555,0.00579258,3732.25,3,0.188261,0,0.08,-0.053525,-0.0122478,-0.00976719,0.0111527,-0.0292265,-0.0706401,-0.0431799,-0.0881448,6716.1,-157.566,-5143.09,0.00114742,0.0498525,-71.2188,2348.45,-107.452,-387.519,-0.00158656,0.00596296,-69.0788,6545.4,351.254,-4077.06,0.00334969,0.0350634,-71.5081,3130.55,456.528,-1070.74,0.00597388,0.0144691,-69.7983
4.159,197.889,-14.0824,22.0349,0.223388,2.37165,-3.85686,-0.2519,-0.0368755,0.00579105,3732.47,3,0.188536,0,0.08,-0.0543653,-0.0128083,-0.00978096,0.0111328,-0.0291723,-0.0706741,-0.043162,-0.0881475,6699.85,-326.824,-5072.5,-0.000501229,0.0488007,-71.2318,2359.89,-43.2089,-443.563,-0.000594919,0.00697026,-69.0776,6546.79,357.786,-4086.73,0.00341196,0.0351744,-71.5176,3129.28,420.753,-1073.21,0.00552044,0.0145806,-69.8082
4.169,198.08,-14.1923,22.0355,0.221915,3.20655,-5.67456,-0.253111,-0.0368823,0.00578841,3732.61,3,0.188475,0,0.08,-0.0540342,-0.0127519,-0.00977963,0.0111384,-0.0291892,-0.0706683,-0.043156,-0.0881395,6707.44,-336.859,-5040.06,-0.000619714,0.0481266,-71.2285,2356.62,-36.6865,-431.919,-0.000494488,0.00678681,-69.0814,6549.95,371.743,-4092.42,0.00353359,0.0352223,-71.5126,3126.34,447.367,-1074.65,0.0058652,0.0145715,-69.8016
4.179,198.27,-14.3027,22.0356,0.221431,2.79034,-5.38407,-0.252997,-0.0368816,0.00578618,3733.02,3,0.18862,0,0.08,-0.0537644,-0.0124528,-0.00978581,0.0111513,-0.0292042,-0.0706414,-0.0431533,-0.0881274,6713.69,-401.257,-5032.72,-0.00124841,0.0479543,-71.2243,2347.48,-19.7623,-450.015,-0.000228963,0.00712762,-69.0872,6551.57,364.935,-4097.69,0.00347658,0.0352796,-71.5158,3124.98,459.023,-1072.55,0.00601529,0.0145226,-69.8033
4.189,198.461,-14.4135,22.0379,0.226918,2.01011,-3.28969,-0.247593,-0.0368899,0.0057832,3732.63,3,0.188085,0,0.08,-0.0538774,-0.0125185,-0.00975602,0.0111512,-0.0291999,-0.0706597,-0.043143,-0.0881262,6713.74,-363.272,-4979.1,-0.000922003,0.04698,-71.2251,2348.76,30.5396,-349.869,0.00054797,0.00542678,-69.0919,6550.56,385.251,-4066.15,0.00363547,0.0348854,-71.5188,3126.6,438.445,-1077.35,0.00575558,0.0146309,-69.8062
4.199,198.651,-14.5248,22.0369,0.223559,1.99041,-3.86726,-0.251771,-0.0369038,0.00578162,3732.9,3,0.188666,0,0.08,-0.0539086,-0.0125357,-0.00975597,0.0111584,-0.0291631,-0.0706661,-0.0431258,-0.0881285,6708.48,-327.164,-5049.71,-0.000525751,0.0482867,-71.2409,2351.42,-55.5343,-439.723,-0.000793332,0.00691943,-69.0866,6552.19,379.175,-4095.15,0.00359651,0.0352404,-71.5196,3125.55,445.647,-1072.46,0.00584398,0.0145423,-69.8085
4.209,198.841,-14.6366,22.0387,0.224171,2.69935,-4.42886,-0.250837,-0.036919,0.00577851,3733.13,3,0.188357,0,0.08,-0.0541873,-0.0127934,-0.00978154,0.0111219,-0.0291544,-0.0706964,-0.0431076,-0.0881345,6706.15,-319.578,-5006.34,-0.000472556,0.0475235,-71.2411,2357.02,-22.3499,-424.13,-0.000267964,0.00666064,-69.0889,6552.69,385.97,-4095.07,0.00365504,0.0352343,-71.5216,3125.15,422.527,-1072.16,0.00554878,0.0145809,-69.8099
4.219,199.031,-14.7489,22.0388,0.221252,3.39206,-5.34714,-0.253975,-0.0369184,0.00577616,3733.16,3,0.18864,0,0.08,-0.0536613,-0.0122439,-0.00977431,0.0111368,-0.0291783,-0.070663,-0.0431027,-0.0881281,6712.51,-290.009,-5060.23,-0.000177341,0.048417,-71.2379,2344.23,-70.4094,-414.182,-0.00103314,0.00648831,-69.0934,6553.08,369.819,-4090.32,0.00351207,0.0351759,-71.5249,3124.4,446.862,-1078.57,0.00586798,0.0146472,-69.8119
4.229,199.22,-14.8616,22.0398,0.224085,2.42377,-2.86866,-0.250767,-0.0369341,0.00577314,3733.2,3,0.188677,0,0.08,-0.0543313,-0.0128724,-0.00976925,0.0111287,-0.0291446,-0.0707125,-0.0430814,-0.0881348,6706.47,-469.313,-5106.7,-0.00186968,0.049431,-71.2381,2356.99,12.851,-416.88,0.000290469,0.00653478,-69.0951,6551.39,396.626,-4074.58,0.00373359,0.0349827,-71.5269,3126.76,434.23,-1063.04,0.00569109,0.0144012,-69.8136
4.239,199.409,-14.9749,22.0396,0.224001,2.84608,-5.23107,-0.25109,-0.0369415,0.0057714,3733.42,3,0.188708,0,0.08,-0.0542308,-0.0126665,-0.00975018,0.0111619,-0.0291299,-0.0706984,-0.0430736,-0.0881287,6705.24,-390.253,-4973.48,-0.00115439,0.0469806,-71.2432,2351.89,-32.4674,-428.438,-0.000428873,0.00674369,-69.0963,6553.15,386.722,-4090.8,0.00365803,0.0351774,-71.5289,3124.67,438.68,-1072.33,0.00575755,0.0145573,-69.8167
4.249,199.598,-15.0886,22.0415,0.223291,2.65401,-4.18006,-0.251838,-0.0369371,0.00576797,3733.53,3,0.188352,0,0.08,-0.053425,-0.0122705,-0.00977115,0.0111359,-0.0291852,-0.070671,-0.0430649,-0.088119,6720.66,-294.652,-5029.07,-0.000254713,0.0477662,-71.2373,2340.42,-39.3901,-383.148,-0.0005476,0.00600762,-69.1024,6553.16,372.738,-4093.45,0.0035389,0.0352141,-71.532,3124.83,448.921,-1075.43,0.00589103,0.0145893,-69.8175
4.259,199.786,-15.2028,22.0415,0.22209,3.21663,-4.6059,-0.253622,-0.0369648,0.00576644,3733.64,3,0.188739,0,0.08,-0.054479,-0.0127724,-0.00976117,0.0111322,-0.0291122,-0.0707164,-0.0430452,-0.0881314,6701.8,-275.522,-5090.31,1.80299e-05,0.049085,-71.262,2352.85,-87.8012,-456.245,-0.00129551,0.00715893,-69.0936,6553.59,372.038,-4094.65,0.0035341,0.0352266,-71.5327,3123.24,449.109,-1074.35,0.0058942,0.0145792,-69.8212
4.269,199.975,-15.3175,22.0421,0.222397,2.6556,-4.66647,-0.252606,-0.0369594,0.0057631,3733.75,3,0.188525,0,0.08,-0.0536792,-0.0124408,-0.00976561,0.0111402,-0.0291663,-0.0706914,-0.0430479,-0.088123,6718.43,-362.806,-5048.27,-0.000878264,0.0481695,-71.2413,2342.7,-27.8191,-406.626,-0.000361271,0.0064032,-69.1054,6553.93,379.237,-4103.52,0.00360042,0.0353345,-71.537,3123.27,443.902,-1073.59,0.00582785,0.0145757,-69.822
4.279,200.162,-15.4327,22.0426,0.220952,5.18872,-7.50113,-0.253841,-0.0369677,0.00576113,3733.92,3,0.188898,0,0.08,-0.0539358,-0.0125176,-0.00976636,0.0111317,-0.0291462,-0.0707011,-0.04303,-0.0881232,6711.36,-435.059,-4940.45,-0.00160063,0.0463568,-71.247,2344.6,-34.1012,-413.06,-0.000455993,0.00650336,-69.1054,6554.99,380.823,-4112.63,0.00361927,0.0354425,-71.5372,3121.62,441.607,-1079.57,0.00580358,0.0146874,-69.8227
4.289,200.35,-15.5483,22.0437,0.221683,4.19041,-7.28585,-0.252871,-0.036978,0.00575906,3734.05,3,0.188388,0,0.08,-0.0540249,-0.0125815,-0.00976216,0.0111363,-0.0291254,-0.0707179,-0.0430164,-0.088126,6708.2,-260.667,-5003.87,8.74044e-05,0.047429,-71.2601,2346.54,-55.9683,-408.538,-0.000803078,0.006404,-69.1047,6551.7,365.597,-4072.95,0.00346663,0.0349679,-71.5416,3123.72,446.701,-1068.77,0.00585655,0.0144885,-69.8279
4.299,200.537,-15.6644,22.0442,0.223956,2.25529,-2.74177,-0.251051,-0.0369756,0.00575639,3734.16,3,0.188765,0,0.08,-0.0537707,-0.0125351,-0.00976035,0.011138,-0.0291378,-0.07072,-0.0430106,-0.0881208,6714.7,-429.768,-5102.22,-0.00151097,0.0492354,-71.2481,2346.53,-11.1579,-388.891,-9.70557e-05,0.00609987,-69.1114,6552.36,383.142,-4086.86,0.00362427,0.035134,-71.5438,3125.32,437.381,-1065.05,0.00573633,0.0144359,-69.8285
4.309,200.725,-15.781,22.0449,0.221595,3.34902,-5.54529,-0.254322,-0.0369892,0.00575514,3734.2,3,0.188509,0,0.08,-0.0543617,-0.0126711,-0.00975753,0.0111392,-0.0290934,-0.0707375,-0.0429973,-0.0881231,6700.14,-240.107,-5086.94,0.000353867,0.0490204,-71.2737,2352.83,-79.5733,-450.976,-0.00116867,0.00707989,-69.1051,6552.78,363.801,-4088.44,0.00345942,0.0351556,-71.5438,3123.84,449.887,-1074.56,0.00590319,0.0145782,-69.8314
4.319,200.911,-15.8981,22.046,0.218345,5.66118,-9.20778,-0.25648,-0.036966,0.00575186,3734.67,3,0.188365,0,0.08,-0.0530841,-0.0119896,-0.00977103,0.0111326,-0.0291793,-0.0706884,-0.0430003,-0.0881052,6717.74,-382.45,-4931.62,-0.00113686,0.0461185,-71.2429,2337.46,-17.2328,-423.749,-0.000196056,0.0067105,-69.1202,6554.32,380.048,-4096.65,0.00359946,0.0352457,-71.5474,3121.42,461.971,-1075.69,0.00606223,0.0145878,-69.8305
4.329,201.098,-16.0156,22.0457,0.223883,3.49433,-4.66006,-0.251385,-0.0369911,0.00575101,3734.5,3,0.188964,0,0.08,-0.0546902,-0.0131951,-0.0097523,0.0111405,-0.0290752,-0.0707696,-0.0429756,-0.088124,6696.83,-508.028,-5031.1,-0.00224692,0.0481484,-71.2697,2362.41,-11.6189,-451.801,-8.86715e-05,0.00711402,-69.1093,6549.72,389.821,-4086.04,0.00368442,0.0351393,-71.5484,3127.53,445.546,-1071.98,0.00583792,0.0145247,-69.8359
4.339,201.284,-16.1336,22.0474,0.224223,2.51127,-3.50179,-0.251786,-0.0369749,0.00574898,3734.91,3,0.188448,0,0.08,-0.053669,-0.01228,-0.00975955,0.0111315,-0.0291334,-0.0707068,-0.0429842,-0.0881038,6712.61,-311.646,-5047.09,-0.00039368,0.0481861,-71.2628,2342.02,-30.1708,-394.153,-0.000400783,0.00619397,-69.1212,6551.01,375.732,-4095.29,0.00356687,0.0352506,-71.5514,3126.59,447.609,-1073.4,0.0058686,0.0145491,-69.837
4.349,201.47,-16.2521,22.0465,0.222839,3.30207,-6.29317,-0.252503,-0.0369839,0.00574772,3734.47,3,0.188776,0,0.08,-0.0542145,-0.0125548,-0.00975567,0.0111399,-0.0291099,-0.0707262,-0.0429722,-0.0881057,6707.34,-405.709,-5003.54,-0.00129029,0.0474989,-71.2624,2348.64,-73.1982,-415.06,-0.00106619,0.00648767,-69.1172,6550.81,367.229,-4095.51,0.00349353,0.0352568,-71.5533,3125.75,473.912,-1077.52,0.00620755,0.0145746,-69.8396
4.359,201.656,-16.371,22.0486,0.223046,3.25619,-4.44002,-0.252837,-0.036978,0.00574569,3734.76,3,0.188519,0,0.08,-0.0539337,-0.0123511,-0.00975385,0.011139,-0.0291312,-0.0707086,-0.0429716,-0.0880957,6711.73,-334.217,-5057.44,-0.000589236,0.0483965,-71.2692,2342.98,-37.0145,-401.803,-0.000507299,0.00631604,-69.1233,6550.7,373.541,-4106.35,0.00355438,0.035393,-71.5555,3126.01,444.369,-1075.21,0.00582944,0.0145879,-69.8413
4.369,201.841,-16.4905,22.0491,0.223493,3.03836,-3.59495,-0.252691,-0.0369727,0.00574319,3734.82,3,0.188683,0,0.08,-0.0534974,-0.0123607,-0.00975487,0.0111415,-0.0291624,-0.0707077,-0.0429703,-0.0880873,6721.08,-315.909,-5111.28,-0.000409113,0.049283,-71.2667,2343.78,-56.062,-390.674,-0.000807985,0.00610983,-69.1227,6551.07,377.925,-4072.31,0.0035748,0.034961,-71.5601,3127.34,446.344,-1074.71,0.00585419,0.0145694,-69.8452
4.379,202.026,-16.6103,22.049,0.224993,2.95126,-4.63703,-0.250389,-0.0369777,0.00574236,3735.11,3,0.188738,0,0.08,-0.054189,-0.0127311,-0.0097474,0.0111492,-0.0291109,-0.0707321,-0.0429576,-0.0880902,6707.43,-495.961,-5022.34,-0.00215609,0.0478685,-71.2708,2350.98,8.20537,-395.684,0.000211957,0.00619822,-69.1271,6548.71,395.092,-4073.78,0.003722,0.0349905,-71.5597,3128.28,434.817,-1068.5,0.00569882,0.0144827,-69.8453
4.389,202.211,-16.7307,22.0504,0.222783,3.23425,-4.73843,-0.253392,-0.0369787,0.00574092,3735.1,3,0.188471,0,0.08,-0.0539998,-0.0126244,-0.00975154,0.011142,-0.029109,-0.0707311,-0.0429555,-0.0880825,6704.12,-305.685,-5076.81,-0.000305021,0.0488226,-71.2819,2352.53,-41.5581,-430.89,-0.000571989,0.00677787,-69.1258,6550.04,371.74,-4093.94,0.00353228,0.035241,-71.5619,3126.34,449.033,-1075.86,0.00588871,0.0145885,-69.8494
4.399,202.395,-16.8515,22.0504,0.226348,1.03806,-2.27201,-0.250691,-0.0369591,0.00573921,3735.74,3,0.188551,0,0.08,-0.0534246,-0.012292,-0.00973804,0.0111366,-0.0291348,-0.0706898,-0.0429638,-0.0880575,6714.6,-387.557,-5049.67,-0.00112623,0.0482455,-71.2694,2343.9,-38.5561,-405.034,-0.000531708,0.00636692,-69.132,6549.68,380.23,-4093.55,0.00360522,0.0352364,-71.5637,3127.44,452.596,-1075.61,0.00593221,0.0145726,-69.8484
4.409,202.579,-16.9728,22.0507,0.224463,2.73666,-4.84226,-0.251637,-0.0369813,0.00573805,3735.59,3,0.188692,0,0.08,-0.0546417,-0.0131853,-0.00974663,0.0111417,-0.0290767,-0.0707601,-0.0429398,-0.0880786,6697.68,-450.135,-5062.82,-0.00168623,0.0487007,-71.286,2363.21,-8.01766,-429.999,-3.4208e-05,0.00674361,-69.1266,6548.59,375.559,-4087.02,0.00356293,0.0351625,-71.5659,3128.25,451.04,-1073.63,0.00590883,0.0145384,-69.8533
4.419,202.763,-17.0946,22.0521,0.223277,3.46759,-4.61228,-0.252953,-0.0369665,0.00573719,3735.34,3,0.188677,0,0.08,-0.0536725,-0.0122652,-0.00974685,0.0111486,-0.029134,-0.0706912,-0.0429502,-0.0880599,6710.82,-356.478,-5059.18,-0.000816817,0.0484477,-71.2783,2342.14,-46.7892,-397.806,-0.000661176,0.00624326,-69.1371,6550.02,389.311,-4093.33,0.00368269,0.0352293,-71.5684,3126.52,411.749,-1073.91,0.00540998,0.0146223,-69.8542
4.429,202.947,-17.2168,22.0525,0.224143,4.64277,-7.93186,-0.251783,-0.0369699,0.00573542,3735.61,3,0.188394,0,0.08,-0.0540501,-0.0128447,-0.00974587,0.0111566,-0.0291158,-0.0707261,-0.0429405,-0.0880563,6705.93,-458.774,-4882.86,-0.00183714,0.0454318,-71.2786,2353.48,3.59964,-386.16,0.000139041,0.0060347,-69.1364,6550.53,372.297,-4098.21,0.00354107,0.0352916,-71.5709,3124.89,450.56,-1082.86,0.00591369,0.0147094,-69.8565
4.439,203.13,-17.3395,22.0531,0.222901,3.88286,-6.21061,-0.253686,-0.0369686,0.00573514,3735.68,3,0.188552,0,0.08,-0.0539386,-0.0124455,-0.00975188,0.0111625,-0.0291185,-0.0707,-0.04294,-0.0880498,6706.96,-351.079,-4995.45,-0.000780204,0.0473349,-71.2886,2347.03,-45.7537,-434.584,-0.000641078,0.00685321,-69.1385,6550.93,376.032,-4100.83,0.00357346,0.0353212,-71.5723,3124.95,445.802,-1082.28,0.00585423,0.014708,-69.8588
4.449,203.313,-17.4627,22.054,0.223197,5.48519,-8.91227,-0.252454,-0.0369689,0.00573343,3735.76,3,0.188368,0,0.08,-0.054117,-0.0127606,-0.00973972,0.0111558,-0.0291178,-0.0707208,-0.0429332,-0.0880475,6706.64,-453.823,-4856.11,-0.00179669,0.0449742,-71.2812,2352.48,18.4641,-392.684,0.000376487,0.00613855,-69.1434,6551,406.82,-4112.89,0.00384623,0.0354659,-71.575,3124.41,419.222,-1076.4,0.00550786,0.0146607,-69.8603
4.459,203.496,-17.5863,22.0556,0.224752,1.57782,-1.05573,-0.253539,-0.0369669,0.00573247,3735.83,3,0.188409,0,0.08,-0.0537016,-0.0123637,-0.00974493,0.011146,-0.0291316,-0.0706967,-0.0429306,-0.0880415,6713.86,-294.409,-5167.95,-0.000159278,0.050436,-71.294,2347.21,-66.8197,-458.78,-0.000976016,0.00724623,-69.1409,6550.05,383.656,-4089.19,0.00363049,0.0351783,-71.5768,3126.98,445.539,-1072.79,0.00584478,0.0145408,-69.863
4.469,203.678,-17.7104,22.0552,0.225161,1.97793,-3.00162,-0.251282,-0.036981,0.00573196,3736.01,3,0.188551,0,0.08,-0.0543406,-0.0128045,-0.00974842,0.0111417,-0.0290918,-0.0707319,-0.0429193,-0.0880463,6705.83,-427.8,-5118.93,-0.00146311,0.0496526,-71.2954,2354.44,-18.4509,-450.459,-0.000202382,0.00711443,-69.1432,6549.6,426.314,-4072.09,0.00398513,0.0349551,-71.5788,3127.13,416.015,-1064.48,0.00546275,0.014456,-69.8649
4.479,203.86,-17.835,22.0565,0.222227,4.41621,-6.04198,-0.254776,-0.0369704,0.00573069,3736.14,3,0.188378,0,0.08,-0.0534009,-0.0121838,-0.00974911,0.0111403,-0.0291447,-0.0706846,-0.0429263,-0.088032,6716.24,-306.221,-4988.77,-0.000377143,0.0470994,-71.2916,2341.45,-67.7788,-433.281,-0.000993673,0.00682483,-69.1485,6553.03,374.873,-4115.06,0.00356975,0.0354875,-71.5815,3123.1,446.433,-1087.16,0.0058706,0.0147976,-69.8665
4.489,204.042,-17.96,22.0569,0.226127,2.928,-4.21947,-0.250578,-0.0369776,0.00572941,3736.31,3,0.188377,0,0.08,-0.0540134,-0.0127012,-0.00974721,0.0111451,-0.0291189,-0.0707193,-0.0429112,-0.0880383,6713.59,-446.667,-5012.3,-0.0016893,0.047605,-71.2915,2351.17,3.55757,-397.467,0.000138285,0.00622922,-69.1502,6550.35,387.173,-4091.94,0.00366358,0.0352102,-71.5837,3127.05,437.618,-1074.94,0.00574209,0.0145902,-69.8683
4.499,204.223,-18.0855,22.0578,0.223672,4.20165,-5.68868,-0.254029,-0.0369803,0.00572911,3736.34,3,0.188347,0,0.08,-0.0539362,-0.0123799,-0.00974726,0.0111446,-0.0291111,-0.0706992,-0.0429086,-0.0880331,6710.38,-266.969,-5016.16,3.0545e-05,0.0476294,-71.3065,2346.53,-70.4381,-412.032,-0.00102795,0.00644566,-69.1492,6552.98,362.438,-4109.76,0.0034606,0.0354235,-71.5848,3124.29,442.859,-1082.74,0.00581865,0.0147242,-69.8707
4.509,204.404,-18.2114,22.0585,0.224265,5.49211,-6.15631,-0.25203,-0.0369915,0.00572773,3736.52,3,0.188625,0,0.08,-0.0543315,-0.013029,-0.00974444,0.0111418,-0.0290812,-0.0707437,-0.0428951,-0.088038,6701.18,-558.071,-4958.06,-0.00274691,0.0468062,-71.2978,2358.11,27.0779,-421.714,0.000519027,0.00660319,-69.1534,6551,392.175,-4087.22,0.00370368,0.0351453,-71.5876,3124.97,437.079,-1076.35,0.00573759,0.0146251,-69.8733
4.519,204.585,-18.3378,22.0582,0.220754,6.2898,-9.00028,-0.25642,-0.0369835,0.0057278,3736.53,3,0.18861,0,0.08,-0.0534076,-0.0121479,-0.0097406,0.0111776,-0.0291115,-0.0706786,-0.0429035,-0.0880214,6708.5,-363.396,-4902.68,-0.000948554,0.0457085,-71.3028,2341.15,-73.4135,-439.793,-0.00108306,0.00693019,-69.1553,6554.65,372.342,-4112.83,0.00354634,0.0354493,-71.5907,3119.91,438.499,-1091.64,0.00577568,0.0149027,-69.8762
4.529,204.765,-18.4647,22.0597,0.225963,3.44628,-4.70261,-0.250827,-0.0369982,0.00572588,3736.66,3,0.188286,0,0.08,-0.0544084,-0.0130169,-0.00974255,0.0111433,-0.0290773,-0.0707398,-0.0428855,-0.0880323,6706.25,-471.016,-5018.54,-0.00190505,0.0478054,-71.3058,2355.87,22.019,-404.742,0.000435041,0.00632846,-69.157,6551.97,388.32,-4098.58,0.00367654,0.0352829,-71.5946,3124.87,436.233,-1072.05,0.00572518,0.0145559,-69.8728
4.539,204.945,-18.592,22.0603,0.220439,6.68378,-8.53254,-0.256274,-0.0369904,0.00572571,3736.79,3,0.188443,0,0.08,-0.0536043,-0.0121655,-0.00973665,0.0111485,-0.0291077,-0.0706844,-0.0428951,-0.088017,6707.42,-283.001,-4943.46,-0.000179806,0.046385,-71.3095,2338.79,-77.1504,-460.62,-0.00114641,0.00729134,-69.1591,6554.23,366.833,-4096.64,0.00348875,0.0352489,-71.5958,3119.91,429.21,-1088.55,0.00565513,0.0148678,-69.8805
4.549,205.125,-18.7198,22.0609,0.226227,3.8412,-5.67108,-0.249636,-0.0370085,0.00572365,3737.06,3,0.188177,0,0.08,-0.0544136,-0.0134964,-0.00973232,0.0111533,-0.0290642,-0.0707707,-0.0428682,-0.0880341,6705.64,-554.328,-4976.41,-0.00271068,0.0470832,-71.3038,2362.99,72.9812,-409.117,0.00123236,0.00631672,-69.1609,6550.9,389.795,-4086.78,0.003682,0.0351411,-71.5975,3125.57,428.424,-1068.94,0.00562247,0.014515,-69.8788
4.559,205.305,-18.848,22.0619,0.223201,3.34484,-4.31092,-0.254588,-0.0370053,0.00572482,3736.97,3,0.188133,0,0.08,-0.0539063,-0.0122082,-0.00974075,0.0111471,-0.0290788,-0.0706863,-0.0428767,-0.0880218,6709.56,-212.352,-5090.68,0.000600881,0.0489703,-71.3189,2339.67,-86.554,-456.341,-0.00128888,0.00720161,-69.1625,6552.46,374.44,-4102.2,0.00355464,0.0353287,-71.5973,3122.41,453.738,-1080.39,0.00596172,0.0146753,-69.8827
4.569,205.484,-18.9767,22.0623,0.22857,1.44545,-2.56943,-0.249438,-0.0370038,0.00572273,3738.66,3,0.188002,0,0.08,-0.0536167,-0.0126879,-0.00973414,0.0111556,-0.0290932,-0.0707082,-0.0428739,-0.0880109,6717.73,-387.331,-5017.77,-0.00113252,0.0476357,-71.3081,2346.1,-6.04493,-393.387,-1.472e-05,0.00617609,-69.1661,6553.55,387.799,-4097.36,0.00366943,0.0352574,-71.5994,3123.48,446.879,-1076.56,0.00586889,0.0146185,-69.8824
4.579,205.663,-19.1059,22.0634,0.226282,3.03335,-2.813,-0.251865,-0.037013,0.00572323,3737.24,3,0.188294,0,0.08,-0.0539623,-0.0123976,-0.00974253,0.0111397,-0.0290811,-0.0707007,-0.0428632,-0.0880236,6712.84,-340.482,-5045.31,-0.000659753,0.048166,-71.3198,2341.43,-61.9873,-432.157,-0.000898779,0.00681272,-69.1662,6553.37,376.529,-4099.13,0.00357341,0.0352835,-71.6032,3123.85,445.974,-1080.09,0.00585994,0.014677,-69.8872
4.589,205.841,-19.2355,22.0636,0.226816,2.18896,-3.08588,-0.251666,-0.0370165,0.00572268,3737.35,3,0.188089,0,0.08,-0.0538485,-0.0125347,-0.00971783,0.0111559,-0.0290727,-0.0707094,-0.0428607,-0.0880185,6715.26,-302.659,-5065.01,-0.000285667,0.0484822,-71.3231,2345.58,-50.3004,-409.915,-0.000712317,0.00643542,-69.1673,6554.66,372.178,-4100.72,0.00353632,0.0352961,-71.605,3122.61,444.281,-1079.03,0.00583953,0.0146687,-69.8894
4.599,206.02,-19.3655,22.0641,0.227153,3.33528,-4.11962,-0.249965,-0.0370208,0.00572239,3737.42,3,0.188269,0,0.08,-0.0538725,-0.0125747,-0.00974083,0.0111414,-0.0290717,-0.07072,-0.0428505,-0.0880249,6715.34,-508.413,-4970.09,-0.00229212,0.0468562,-71.3096,2345.61,10.6271,-390.053,0.000249068,0.006117,-69.1744,6553.24,393.222,-4093.37,0.00371329,0.0352077,-71.6081,3124.17,436.388,-1075.81,0.00573314,0.0146215,-69.8904
4.609,206.198,-19.4961,22.065,0.224082,3.65439,-4.4977,-0.254314,-0.0370318,0.00572302,3737.54,3,0.188128,0,0.08,-0.0540733,-0.0125116,-0.00973815,0.0111443,-0.0290472,-0.0707207,-0.0428447,-0.0880255,6707.77,-250.376,-5094.13,0.000246579,0.0490761,-71.3358,2347.68,-83.1881,-444.213,-0.00122745,0.00697394,-69.169,6554.87,367.743,-4101.8,0.00349866,0.0353094,-71.6084,3122.05,449.056,-1080.13,0.00590233,0.0146813,-69.8941
4.619,206.375,-19.627,22.0643,0.225814,2.0012,-1.64055,-0.251203,-0.0370341,0.00572213,3737.55,3,0.188815,0,0.08,-0.0539883,-0.0126641,-0.00973242,0.0111509,-0.0290663,-0.0707276,-0.04284,-0.0880249,6718.57,-543.103,-5208.05,-0.00258417,0.0512842,-71.3168,2347.96,-16.9208,-400.478,-0.000185973,0.0062893,-69.1755,6553.76,373.775,-4073.75,0.00353279,0.0349626,-71.6116,3123.36,437.215,-1063.32,0.00574087,0.0144175,-69.8943
4.629,206.552,-19.7584,22.0666,0.227258,1.60311,-2.0423,-0.251266,-0.03704,0.00572239,3737.72,3,0.187851,0,0.08,-0.0540764,-0.0124786,-0.00973732,0.0111423,-0.0290523,-0.0707143,-0.0428356,-0.0880204,6716.25,-247.547,-5084.25,0.000263503,0.0487978,-71.3353,2343.23,-65.6707,-416.443,-0.000954435,0.00653575,-69.1762,6556.38,373.151,-4118.85,0.00355665,0.0355139,-71.6132,3121.04,442.356,-1087.7,0.00582799,0.0148243,-69.8973
4.639,206.729,-19.8903,22.067,0.22619,2.70489,-4.25979,-0.251907,-0.0370472,0.00572211,3738.76,3,0.187773,0,0.08,-0.0538385,-0.0126146,-0.00972579,0.0111548,-0.0290544,-0.070725,-0.0428279,-0.0880247,6717.93,-335.21,-5032.23,-0.000614009,0.0478725,-71.3272,2345.76,-30.8655,-422.3,-0.000406169,0.00665807,-69.1786,6555.09,384.667,-4099.04,0.00364211,0.0352693,-71.6163,3121.04,447.778,-1071.67,0.00588137,0.0145483,-69.8995
4.649,206.906,-20.0226,22.0671,0.224707,3.81968,-5.31539,-0.253285,-0.0370592,0.00572226,3738.02,3,0.18806,0,0.08,-0.054158,-0.0127144,-0.00973282,0.0111489,-0.0290357,-0.070734,-0.042818,-0.0880322,6713.43,-378.407,-5040.29,-0.00101503,0.0480864,-71.3351,2347.32,-30.5942,-429.215,-0.000399367,0.00677091,-69.1801,6555.86,375.846,-4102.38,0.00356813,0.0353084,-71.6179,3119.96,444.464,-1079.32,0.00584677,0.0146867,-69.9011
4.659,207.082,-20.1554,22.0692,0.225486,2.56023,-1.95422,-0.253263,-0.0370539,0.00572137,3738.12,3,0.187836,0,0.08,-0.0535103,-0.0122734,-0.00974168,0.0111449,-0.0290787,-0.0706994,-0.0428159,-0.0880281,6729.12,-314.256,-5141.08,-0.000389938,0.0497545,-71.3278,2334.8,-44.3244,-403.108,-0.000625881,0.00635444,-69.1864,6555.79,362.634,-4089.03,0.00344449,0.0351437,-71.6205,3120.45,457.377,-1072.37,0.00600918,0.0145456,-69.902
4.669,207.258,-20.2886,22.0686,0.224956,3.81535,-4.97675,-0.253572,-0.0370691,0.00572209,3738.21,3,0.188004,0,0.08,-0.0542559,-0.0126926,-0.0097316,0.0111455,-0.0290214,-0.0707357,-0.0428072,-0.0880366,6712.52,-322.492,-5059.42,-0.00046676,0.0484199,-71.3447,2346.8,-63.6056,-436.253,-0.000919353,0.00686569,-69.1802,6555.85,373.252,-4102.27,0.00354543,0.0353076,-71.6218,3120.36,446.416,-1080.75,0.00587254,0.0147049,-69.9054
4.679,207.434,-20.4223,22.0687,0.228123,1.22507,-1.96531,-0.249708,-0.0370681,0.00572174,3738.31,3,0.188065,0,0.08,-0.053994,-0.0126544,-0.00973434,0.0111373,-0.0290213,-0.0707357,-0.0428081,-0.0880311,6717.83,-464.656,-5119.51,-0.001832,0.0495423,-71.3311,2344.8,5.97102,-377.388,0.000173633,0.00590975,-69.1895,6554.98,395.614,-4086.71,0.00372711,0.035112,-71.6245,3121.34,436.537,-1071.9,0.00574003,0.0145707,-69.9061
4.689,207.609,-20.5564,22.07,0.226311,2.35805,-3.7104,-0.252251,-0.0370717,0.00572145,3736.8,3,0.187708,0,0.08,-0.0537961,-0.0124654,-0.00973063,0.0111481,-0.0290331,-0.0707266,-0.0428024,-0.0880356,6720.44,-304.397,-5080.9,-0.00030666,0.0487192,-71.3376,2342.59,-40.0747,-391.05,-0.000554347,0.00613427,-69.1885,6556.19,360.35,-4101.57,0.00343372,0.0352995,-71.6281,3120.84,453.687,-1079.85,0.00596517,0.0146743,-69.9092
4.699,207.784,-20.6909,22.0704,0.227083,2.59199,-3.5055,-0.251367,-0.0370782,0.00572165,3738.92,3,0.187887,0,0.08,-0.0541274,-0.012703,-0.00972804,0.0111552,-0.0290008,-0.0707421,-0.0427982,-0.0880349,6711.05,-363.186,-5061.61,-0.000863105,0.0484946,-71.346,2347.26,-30.848,-418.217,-0.000403397,0.0065849,-69.1898,6555.9,375.749,-4100.47,0.00356539,0.0352841,-71.6286,3120.73,441.434,-1078.76,0.00580697,0.0146788,-69.9108
4.709,207.958,-20.8259,22.0717,0.22617,3.54917,-4.16662,-0.252742,-0.0370759,0.00572093,3738.75,3,0.18774,0,0.08,-0.0537738,-0.012483,-0.00973131,0.0111413,-0.0290322,-0.0707275,-0.0427965,-0.0880373,6718.63,-347.674,-5015.77,-0.000747615,0.0475746,-71.3421,2342,-32.6076,-429.409,-0.000435254,0.00678838,-69.1937,6555.97,372.347,-4105.16,0.0035389,0.0353435,-71.6307,3120.54,444.228,-1083.44,0.00584623,0.0147527,-69.9126
4.719,208.133,-20.9614,22.0726,0.228026,0.665854,-0.993157,-0.251672,-0.0370769,0.00572083,3738.84,3,0.187444,0,0.08,-0.0538555,-0.0124898,-0.00973049,0.0111437,-0.0290292,-0.0707281,-0.0427901,-0.0880386,6720.59,-317.027,-5137.75,-0.000392204,0.0497905,-71.3469,2341.63,-21.3481,-418.85,-0.000255691,0.00661488,-69.1958,6555.4,397.53,-4123.56,0.00376665,0.0355744,-71.6329,3122.91,427.374,-1078.56,0.00562729,0.0146895,-69.9148
4.729,208.307,-21.0973,22.0724,0.226751,2.01933,-2.98302,-0.25358,-0.0370728,0.00572093,3738.83,3,0.187707,0,0.08,-0.0535485,-0.0123636,-0.00972614,0.0111492,-0.0290292,-0.0707221,-0.0427889,-0.0880361,6716.26,-327.762,-5058.56,-0.000554187,0.0483644,-71.349,2342.91,-37.3215,-415.333,-0.00050738,0.00654437,-69.1971,6555.4,362.113,-4129.7,0.00346539,0.0356606,-71.638,3120.95,446.316,-1095.3,0.00588366,0.0149445,-69.9201
4.739,208.48,-21.2336,22.0729,0.225502,3.83706,-7.49656,-0.253418,-0.0370713,0.00572067,3738.68,3,0.18718,0,0.08,-0.0537436,-0.0124603,-0.00973125,0.0111449,-0.0290215,-0.0707311,-0.0427864,-0.0880342,6716.01,-299.549,-4962.16,-0.000324221,0.0466321,-71.3521,2345.09,-34.4722,-406.668,-0.000463426,0.00639394,-69.1988,6553.65,358.5,-4089.4,0.00341017,0.0351634,-71.6356,3121.52,480.179,-1089.04,0.00630792,0.0147768,-69.9178
4.749,208.653,-21.3704,22.0741,0.227821,2.64482,-3.42823,-0.25163,-0.0370712,0.00572132,3739,3,0.187561,0,0.08,-0.0540271,-0.0125087,-0.00972344,0.0111385,-0.0289981,-0.0707326,-0.0427891,-0.0880287,6709.95,-260.32,-5059.71,0.000120748,0.0484203,-71.3603,2346.62,-62.0842,-413.41,-0.000897814,0.00647933,-69.1981,6552.96,361.546,-4101.76,0.00344574,0.0353229,-71.6406,3122.58,434.143,-1080.77,0.00571218,0.0147158,-69.9243
4.759,208.826,-21.5076,22.075,0.22698,4.5664,-4.5083,-0.251952,-0.0370663,0.00572105,3739.39,3,0.187771,0,0.08,-0.0538311,-0.0125208,-0.00973383,0.0111366,-0.0290097,-0.0707283,-0.0427887,-0.088026,6710.21,-399.337,-4954.94,-0.00126137,0.0466067,-71.3506,2345.52,-29.725,-438.944,-0.000387207,0.00694163,-69.2036,6553.23,382.086,-4110.91,0.00362852,0.0354322,-71.6403,3121.99,434.994,-1083.23,0.00572371,0.0147583,-69.9224
4.769,208.999,-21.6452,22.0745,0.223237,4.87234,-5.80888,-0.255315,-0.0370599,0.00572203,3739.49,3,0.187954,0,0.08,-0.0534967,-0.0124304,-0.00970618,0.0111646,-0.029004,-0.0707063,-0.0427905,-0.0880218,6708.49,-424.356,-5060.31,-0.00147054,0.0485216,-71.3582,2342.67,-42.7226,-461.746,-0.000594199,0.00733312,-69.2051,6552.76,382.304,-4097.76,0.00362232,0.0352692,-71.6413,3121.77,450.027,-1076.31,0.00591148,0.0146178,-69.9244
4.779,209.171,-21.7833,22.0763,0.22902,2.73349,-3.3016,-0.251108,-0.0370711,0.00572133,3739.41,3,0.187351,0,0.08,-0.0543409,-0.013002,-0.00973572,0.0111329,-0.0289866,-0.0707546,-0.0427758,-0.0880332,6706.19,-436.167,-5023.68,-0.00157276,0.0478857,-71.3621,2358.54,29.3548,-428.604,0.000555882,0.00671601,-69.2055,6551.04,380.432,-4106.23,0.00361323,0.0353878,-71.6431,3124.49,434.303,-1079.36,0.00570841,0.0146823,-69.9271
4.789,209.343,-21.9218,22.0768,0.225797,3.48071,-3.92678,-0.253874,-0.0370575,0.00572244,3739.4,3,0.187469,0,0.08,-0.0535866,-0.0121114,-0.00973143,0.0111461,-0.0290286,-0.07069,-0.0427934,-0.0880184,6716.57,-240.529,-5085.4,0.000313322,0.0488111,-71.3651,2337.94,-84.5698,-423.229,-0.00125584,0.00663967,-69.2094,6553.03,363.535,-4104.23,0.00346419,0.0353531,-71.6453,3122.77,449.059,-1084.54,0.00590656,0.0147509,-69.9291
4.799,209.515,-22.0608,22.0773,0.225397,4.95872,-5.96686,-0.254034,-0.0370642,0.00572186,3739.55,3,0.187421,0,0.08,-0.054059,-0.0129065,-0.00973019,0.0111451,-0.0290122,-0.0707372,-0.0427838,-0.0880242,6712.1,-399.718,-5032.65,-0.00122951,0.04797,-71.3617,2353.73,-14.3937,-410.706,-0.000140466,0.00644575,-69.2086,6553.36,371.091,-4105.45,0.00353005,0.0353648,-71.6469,3121.3,446.617,-1086.11,0.00587727,0.0147889,-69.9299
4.809,209.686,-22.2002,22.0772,0.228178,4.19694,-4.55721,-0.25081,-0.0370685,0.00572317,3738.99,3,0.187806,0,0.08,-0.0543284,-0.0127626,-0.00970787,0.0111591,-0.0289885,-0.0707246,-0.0427801,-0.0880245,6711.46,-485.032,-4997.5,-0.00204632,0.0473776,-71.3617,2349.1,4.39857,-353.229,0.000147713,0.00549987,-69.2149,6554.84,317.829,-4132.19,0.00309023,0.0357044,-71.6504,3121.84,445.021,-1090.75,0.00585484,0.0148662,-69.9325
4.819,209.857,-22.34,22.0795,0.226121,3.78134,-3.08151,-0.253797,-0.0370566,0.00572316,3739.74,3,0.187298,0,0.08,-0.0531437,-0.0120627,-0.00972925,0.0111461,-0.0290508,-0.0706745,-0.0427953,-0.0880099,6722.65,-208.701,-5083.19,0.000586537,0.048686,-71.3676,2333.4,-77.7617,-415.5,-0.001155,0.00653032,-69.2161,6553.89,353.629,-4091.25,0.00337047,0.0351861,-71.6526,3120.82,446.004,-1087.28,0.00587383,0.014812,-69.9355
4.829,210.027,-22.4803,22.0782,0.229025,3.68329,-6.86165,-0.250226,-0.037071,0.00572363,3739.86,3,0.18708,0,0.08,-0.054154,-0.0127234,-0.00972821,0.0111402,-0.0289982,-0.070725,-0.042781,-0.0880215,6715.34,-357.848,-4904.74,-0.000889827,0.0456763,-71.3678,2347.62,-26.3007,-365.624,-0.000336901,0.00570621,-69.2158,6553.81,383.879,-4100.43,0.0036371,0.0352954,-71.6536,3120.59,438.049,-1085.98,0.0057682,0.0148057,-69.9358
4.839,210.197,-22.621,22.0806,0.226691,3.82771,-2.76196,-0.253715,-0.0370722,0.0057246,3739.94,3,0.187404,0,0.08,-0.0539368,-0.0123442,-0.00972756,0.011133,-0.0290001,-0.0706989,-0.0427856,-0.0880162,6714.96,-253.258,-5097.81,0.000208814,0.049067,-71.3782,2340.4,-87.0198,-436.372,-0.00129279,0.00685464,-69.2176,6555.99,364.766,-4105.15,0.00347334,0.0353451,-71.6539,3119.46,447.891,-1083.61,0.00589656,0.0147546,-69.9372
4.849,210.367,-22.7622,22.0806,0.225349,4.21849,-3.69222,-0.252764,-0.0370685,0.00572431,3739.81,3,0.187482,0,0.08,-0.0534638,-0.0124896,-0.00973445,0.0111463,-0.0290287,-0.0707053,-0.0427898,-0.0880137,6721.16,-421.809,-5100.8,-0.00144594,0.0491331,-71.3618,2341.47,-31.3657,-480.882,-0.000415302,0.00767325,-69.222,6552.51,398.7,-4052.35,0.00373004,0.0346976,-71.6587,3121.25,446.077,-1069.89,0.00586427,0.0145209,-69.9398
4.859,210.536,-22.9037,22.0821,0.226934,-0.120867,-2.18688,-0.252994,-0.0370539,0.00572472,3739.88,3,0.186104,0,0.08,-0.0529188,-0.0118351,-0.00973602,0.0111439,-0.0290657,-0.0706562,-0.0427911,-0.0880079,6736.88,-21.4886,-5294.55,0.00258979,0.0525165,-71.3724,2328.87,-87.8876,-336.543,-0.00129658,0.00518702,-69.2267,6553.13,367.351,-4090.36,0.0034844,0.0351767,-71.6622,3123.21,436.108,-1067.14,0.00573585,0.0144832,-69.9399
4.869,210.706,-23.0457,22.081,0.231909,1.01403,-1.86348,-0.247651,-0.0370522,0.00572542,3740.27,3,0.187215,0,0.08,-0.0531801,-0.0123075,-0.00972713,0.0111646,-0.0290211,-0.0706902,-0.0427815,-0.0880169,6725.26,-326.745,-4997.14,-0.000608017,0.0471622,-71.3742,2339.85,-57.6002,-361.165,-0.000828765,0.00562301,-69.2253,6551.32,391.064,-4103.6,0.00370122,0.0353501,-71.6634,3125.32,409.422,-1083.74,0.00539253,0.0147949,-69.9441
4.879,210.874,-23.1881,22.0804,0.226451,3.7641,-4.62387,-0.25359,-0.0370655,0.00572765,3740.35,3,0.187868,0,0.08,-0.0543268,-0.0126331,-0.00972631,0.0111462,-0.0289304,-0.0707182,-0.042775,-0.0880249,6696.3,-403.6,-5068.15,-0.00125035,0.0487937,-71.3893,2355.4,-104.729,-469.775,-0.00155437,0.00735751,-69.2188,6551.39,382.318,-4100.07,0.00362512,0.0353072,-71.6625,3124.99,453.503,-1084.03,0.0059581,0.0147231,-69.9482
4.889,211.043,-23.331,22.0834,0.225087,6.90832,-8.07971,-0.25444,-0.0370528,0.00572705,3740.44,3,0.186872,0,0.08,-0.0537667,-0.0126495,-0.00973598,0.0111404,-0.0289861,-0.0707087,-0.0427851,-0.0880132,6705.4,-387.208,-4921.4,-0.00116304,0.0460685,-71.3768,2351.02,-5.369,-412.685,1.14039e-06,0.00648642,-69.232,6554.39,320.891,-4102.44,0.00309556,0.0353302,-71.6643,3120.77,490.789,-1091.84,0.00644655,0.0148088,-69.9475
4.899,211.211,-23.4743,22.0854,0.221533,10.7066,-8.2056,-0.257333,-0.0370352,0.00572744,3740.83,3,0.187475,0,0.08,-0.0529356,-0.0122157,-0.00975324,0.0111242,-0.0290134,-0.0706576,-0.0427986,-0.0879918,6707.62,-395.416,-4845.73,-0.00129604,0.0447684,-71.3786,2339.27,-72.1208,-467.294,-0.0010642,0.00741173,-69.2306,6554.49,359.92,-4135.78,0.0034514,0.0357448,-71.6662,3119.29,436.524,-1091.47,0.00575087,0.0149068,-69.9502
4.909,211.378,-23.618,22.0833,0.227875,4.2957,-4.92241,-0.252256,-0.0370719,0.00573044,3740.74,3,0.187344,0,0.08,-0.0550564,-0.0133073,-0.00972459,0.0111506,-0.0289018,-0.0707364,-0.0427705,-0.0880238,6689.22,-406.538,-5036.58,-0.00125347,0.0482933,-71.4052,2362.85,-44.7836,-480.319,-0.000610841,0.0075873,-69.2238,6551.46,383.827,-4097.78,0.00363786,0.0352775,-71.667,3123.8,439.099,-1082.64,0.00577299,0.0147319,-69.9536
4.919,211.546,-23.7622,22.0865,0.225166,4.27413,-0.786032,-0.254828,-0.0370354,0.0057301,3740.73,3,0.187337,0,0.08,-0.0523734,-0.0115433,-0.00972877,0.0111482,-0.0290638,-0.0706119,-0.0428006,-0.0879937,6729.39,-274.061,-5178.01,-2.8119e-05,0.0504371,-71.373,2322.87,-79.6029,-429.516,-0.00120079,0.00679738,-69.2431,6550.75,343.021,-4047.97,0.00325568,0.0346675,-71.6741,3121.47,437.091,-1081.77,0.00575949,0.0147327,-69.9545
4.929,211.713,-23.9067,22.0848,0.228692,3.14721,-4.01591,-0.251452,-0.0370662,0.00573062,3740.74,3,0.187047,0,0.08,-0.0542044,-0.0132864,-0.0097272,0.0111456,-0.0289794,-0.0707251,-0.0427762,-0.0880159,6715.53,-420.543,-5040.78,-0.00142292,0.0480902,-71.3913,2360.78,-28.4761,-463.701,-0.000353572,0.00731803,-69.2292,6552.2,378.69,-4096.24,0.00359106,0.0352544,-71.6724,3122.52,435.371,-1078.34,0.0057258,0.0146736,-69.9566
4.939,211.879,-24.0517,22.086,0.226934,2.85309,-2.59944,-0.252896,-0.0370599,0.00573342,3740.96,3,0.187013,0,0.08,-0.0537912,-0.0121796,-0.00973001,0.0111467,-0.0289961,-0.0706528,-0.0427902,-0.0880034,6719.29,-307.796,-5134.98,-0.000302671,0.0497479,-71.3948,2336.29,-52.5812,-441.514,-0.000756565,0.00699718,-69.2433,6554.6,376.279,-4099.15,0.00356881,0.0352759,-71.6745,3120.23,442.072,-1078.62,0.00581829,0.0146781,-69.9577
4.949,212.046,-24.1971,22.087,0.226417,5.26558,-7.57682,-0.254085,-0.0370765,0.00573291,3741.15,3,0.186233,0,0.08,-0.053792,-0.0129173,-0.00972192,0.0111476,-0.0289916,-0.0707109,-0.0427796,-0.0880137,6720.26,-221.835,-4955.71,0.000411905,0.0464391,-71.3967,2355.38,-46.2415,-417.911,-0.000643614,0.00654745,-69.2364,6556.66,353.397,-4115.24,0.00338161,0.0354706,-71.6759,3117.47,436.081,-1087,0.00574943,0.0148423,-69.9592
4.959,212.211,-24.343,22.0857,0.230935,-2.41226,4.9162,-0.249149,-0.0370681,0.00573563,3741.22,3,0.187947,0,0.08,-0.0534261,-0.012049,-0.00972947,0.0111392,-0.0289867,-0.0706478,-0.0427882,-0.0880032,6728.99,-473.288,-5407.69,-0.00187345,0.0553257,-71.3861,2335.12,-61.4164,-369.012,-0.000891543,0.00576071,-69.2473,6554.6,370.024,-4066.91,0.00349331,0.0348725,-71.6798,3121.92,478.958,-1056.5,0.00627605,0.0142356,-69.9606
4.969,212.377,-24.4892,22.088,0.228846,3.56434,-3.94339,-0.251448,-0.0370901,0.0057359,3741.3,3,0.186658,0,0.08,-0.0542492,-0.0128776,-0.00972734,0.0111406,-0.0289424,-0.0707136,-0.0427705,-0.088024,6712.09,-374.115,-5042.84,-0.000975209,0.0481451,-71.4019,2353.6,-4.93965,-416.78,9.89154e-06,0.00654811,-69.2432,6556.33,372.258,-4100.76,0.00353526,0.0352857,-71.6798,3118.56,437.266,-1080.47,0.00575922,0.0147258,-69.9629
4.979,212.542,-24.6359,22.089,0.228231,4.1472,-4.50126,-0.25328,-0.0370764,0.00573662,3741.42,3,0.186491,0,0.08,-0.0534013,-0.0121079,-0.00971044,0.0111488,-0.0289916,-0.0706532,-0.0427884,-0.0880057,6725.39,-175.192,-4992.69,0.000863182,0.0470077,-71.3998,2337.83,-99.4704,-368.251,-0.00146878,0.00567878,-69.2471,6560.54,344.074,-4130.27,0.00330811,0.0356373,-71.6825,3113.41,437.838,-1097.23,0.00578617,0.0150311,-69.9644
4.989,212.707,-24.783,22.0888,0.22855,4.05398,-4.54599,-0.251736,-0.0371071,0.00573753,3741.49,3,0.18672,0,0.08,-0.0545329,-0.0132055,-0.00972421,0.0111457,-0.0289124,-0.0707353,-0.04276,-0.0880365,6708.2,-387.695,-5045.19,-0.00108997,0.0482368,-71.4115,2358.77,-18.1925,-429.409,-0.0001971,0.00674568,-69.2426,6556.56,372.012,-4099.51,0.00353241,0.0352685,-71.6837,3118.3,436.947,-1081.95,0.00575651,0.0147524,-69.9665
4.999,212.871,-24.9305,22.0901,0.228113,2.13515,-2.10675,-0.252832,-0.0370812,0.00573831,3741.52,3,0.186483,0,0.08,-0.0528088,-0.011761,-0.00972758,0.011153,-0.029011,-0.0706227,-0.0427865,-0.0880119,6733.98,-195.859,-5093.77,0.000718043,0.0487514,-71.4011,2327.27,-85.8291,-415.718,-0.00128782,0.00653843,-69.254,6557.48,362.528,-4105.14,0.00345048,0.0353356,-71.6871,3116.72,451.519,-1081.89,0.00594703,0.0147334,-69.968
5.009,213.035,-25.0785,22.0895,0.223215,4.16697,-4.09822,-0.2579,-0.03713,0.00574011,3741.59,3,0.187029,0,0.08,-0.054396,-0.0126954,-0.00972403,0.0111432,-0.0289091,-0.0706898,-0.0427506,-0.0880449,6711.78,-162.405,-5180.14,0.00118521,0.0506203,-71.4257,2344.91,-185.289,-563.292,-0.00283144,0.00889721,-69.2361,6558.72,353.799,-4112.75,0.00338241,0.0354254,-71.6862,3114.67,448.965,-1087,0.00592292,0.014834,-69.9724
5.019,213.199,-25.2268,22.0905,0.228293,5.53553,-6.72391,-0.251316,-0.0371416,0.0057393,3741.69,3,0.186458,0,0.08,-0.0543549,-0.0132766,-0.00971662,0.0111605,-0.0289261,-0.0707227,-0.0427471,-0.0880538,6720.16,-470.877,-4965.5,-0.0019186,0.0467193,-71.4011,2345.83,40.8936,-372.774,0.000724787,0.00580098,-69.2541,6561.64,374.331,-4073.79,0.00353657,0.0349122,-71.6892,3113.55,413.799,-1090.1,0.00547317,0.0149539,-69.9688
5.029,213.362,-25.3756,22.0904,0.230518,-1.29805,-2.90578,-0.249304,-0.0371495,0.00574084,3741.85,3,0.185641,0,0.08,-0.0540706,-0.0125571,-0.00967788,0.0111918,-0.0289271,-0.0706908,-0.0427547,-0.0880506,6734.3,-101.387,-5148.62,0.00171414,0.0497157,-71.4088,2332.94,-63.8117,-342.453,-0.000916693,0.00531881,-69.2563,6563.79,319.419,-4106.69,0.00308092,0.0353219,-71.6936,3112.18,455.729,-1082.99,0.00601277,0.0147671,-69.9723
5.039,213.525,-25.5248,22.0916,0.228502,2.58008,-3.36755,-0.251433,-0.0371633,0.00574121,3742.03,3,0.186433,0,0.08,-0.05377,-0.0125353,-0.00972764,0.0111255,-0.028936,-0.0707006,-0.0427474,-0.0880629,6732.8,-305.587,-5058.02,-0.000330315,0.0481683,-71.4089,2331.77,-67.7694,-414.55,-0.000992164,0.00653288,-69.2562,6565.03,370.218,-4107.04,0.00351556,0.0353083,-71.696,3112.36,438.428,-1083.18,0.00579106,0.0148008,-69.9737
5.049,213.688,-25.6744,22.0926,0.227035,4.65393,-4.76679,-0.253305,-0.037186,0.00574254,3742.09,3,0.186472,0,0.08,-0.0543211,-0.0128483,-0.00972149,0.0111385,-0.0288886,-0.0707377,-0.0427294,-0.0880845,6720.12,-413.527,-5027.87,-0.00134975,0.0478064,-71.4154,2342.13,-6.53294,-437.307,-1.36539e-05,0.00692818,-69.2587,6564.67,372.375,-4107.55,0.00353459,0.0353166,-71.6977,3111.75,438.473,-1082.33,0.00578951,0.0147897,-69.9755
5.059,213.85,-25.8245,22.0935,0.226638,1.0055,-0.74606,-0.254337,-0.037182,0.00574313,3742.49,3,0.186299,0,0.08,-0.0533761,-0.0122434,-0.00972209,0.0111409,-0.0289314,-0.0707051,-0.0427347,-0.0880821,6735.95,-305.123,-5243.45,-0.000233713,0.0516694,-71.4128,2331.44,-58.7348,-436.617,-0.000853235,0.00692176,-69.2623,6564.29,358.412,-4118.08,0.00341761,0.0354551,-71.701,3113.14,459.57,-1068.33,0.00605194,0.0145114,-69.9769
5.069,214.012,-25.9749,22.0936,0.227755,3.74074,-3.79511,-0.253085,-0.0372076,0.0057446,3742.35,3,0.186462,0,0.08,-0.0546038,-0.0131218,-0.00971915,0.01114,-0.0288504,-0.0707751,-0.0427134,-0.0881048,6714.24,-393.332,-5092.11,-0.00111818,0.0490408,-71.429,2350.91,-20.5034,-452.004,-0.000230466,0.00715124,-69.2571,6563,374.975,-4115.45,0.00356188,0.0354268,-71.7016,3112.72,438.148,-1079.55,0.00578163,0.0147389,-69.9789
5.079,214.173,-26.1258,22.0939,0.229089,1.75057,-2.32686,-0.251608,-0.0371907,0.00574511,3742.34,3,0.18632,0,0.08,-0.0533262,-0.012152,-0.00972628,0.0111348,-0.0289143,-0.0707117,-0.0427269,-0.0880928,6735.12,-349.236,-5086.02,-0.000749958,0.048675,-71.4098,2329.29,-26.8955,-400.966,-0.000353341,0.00634415,-69.2699,6563.02,364.777,-4111.32,0.00347022,0.0353766,-71.7044,3112.42,441.334,-1082.87,0.00582794,0.0147901,-69.9797
5.089,214.334,-26.2771,22.0947,0.22925,3.4012,-3.9322,-0.251378,-0.0372081,0.00574686,3742.25,3,0.186233,0,0.08,-0.0542548,-0.012941,-0.00971551,0.0111548,-0.028841,-0.070767,-0.0427112,-0.0881098,6714.06,-364.429,-5037.24,-0.000883872,0.0480184,-71.4295,2347.5,-26.6291,-437.899,-0.000333922,0.00691953,-69.2616,6559.68,373.334,-4093.41,0.00353657,0.0351711,-71.705,3113.79,435.136,-1081.49,0.00574294,0.0147711,-69.9832
5.099,214.495,-26.4287,22.0954,0.230182,2.14406,-3.29321,-0.250669,-0.037197,0.00574789,3742.51,3,0.185916,0,0.08,-0.0536764,-0.0122983,-0.00971652,0.0111422,-0.0288806,-0.0707278,-0.0427194,-0.0881085,6726.04,-316.583,-5058.33,-0.000443385,0.0482503,-71.4188,2334.66,-21.7096,-346.893,-0.000270178,0.00542787,-69.2712,6559.92,362.187,-4108.42,0.00344929,0.035361,-71.7075,3115.34,455.346,-1083.56,0.00600382,0.0147612,-69.9841
5.109,214.655,-26.5808,22.0959,0.227371,4.00843,-4.36329,-0.254262,-0.0372056,0.00574927,3742.62,3,0.186191,0,0.08,-0.0540085,-0.0126536,-0.00971629,0.0111429,-0.0288581,-0.0707464,-0.0427129,-0.0881187,6717.65,-289.836,-5076.14,-0.00014966,0.0486553,-71.4332,2342.54,-75.184,-445.769,-0.00110385,0.00702724,-69.2645,6558.87,365.755,-4109.54,0.00348202,0.0353813,-71.7076,3114.6,447.043,-1086.04,0.00589913,0.0148216,-69.9863
5.119,214.815,-26.7333,22.0964,0.230564,5.56975,-5.80392,-0.249524,-0.037208,0.00575057,3742.8,3,0.186256,0,0.08,-0.054324,-0.0129349,-0.0097134,0.0111424,-0.0288373,-0.070767,-0.0427073,-0.0881281,6713.21,-618.152,-4849.65,-0.00331546,0.044843,-71.4148,2344.82,71.9126,-407.194,0.00121651,0.00633585,-69.2768,6556.15,424.476,-4101.46,0.00398151,0.0352826,-71.7106,3116.53,411.779,-1076.46,0.00543359,0.0147151,-69.9868
5.129,214.974,-26.8862,22.0971,0.225682,4.72329,-4.55153,-0.256137,-0.0371989,0.00575194,3742.55,3,0.186237,0,0.08,-0.0535614,-0.0122439,-0.00972793,0.0111394,-0.0288771,-0.0707137,-0.0427201,-0.0881146,6721.53,-260.484,-5066.54,0.000114455,0.048421,-71.4324,2332.98,-104.946,-486.132,-0.00158825,0.00771418,-69.2703,6558.54,371.106,-4110.08,0.00352618,0.0353891,-71.7092,3112.5,443.766,-1089.22,0.00586366,0.0148914,-69.9878
5.139,215.133,-27.0396,22.0994,0.228394,7.27638,-4.38267,-0.252302,-0.0371579,0.00575192,3743.24,3,0.186267,0,0.08,-0.052073,-0.0116186,-0.00972517,0.0111286,-0.0289801,-0.0706587,-0.0427455,-0.0880961,6741.2,-464.602,-4823.89,-0.00197284,0.0441157,-71.405,2316.79,-11.6792,-378.76,-0.000120082,0.00600595,-69.2862,6556.47,378.417,-4100.95,0.00358714,0.0352859,-71.7186,3113.42,425.554,-1099.78,0.00563148,0.0150954,-69.9923
5.149,215.292,-27.1932,22.0966,0.228956,4.09801,-3.91664,-0.252638,-0.0371934,0.00575584,3742.92,3,0.186839,0,0.08,-0.0549425,-0.0129697,-0.00971845,0.0111395,-0.0287943,-0.0707621,-0.0427175,-0.0881353,6699.54,-477.078,-5055.14,-0.00194644,0.0485503,-71.4506,2355.94,-108.389,-495.998,-0.00161225,0.00780644,-69.2627,6554.09,380.461,-4105.57,0.00360991,0.0353593,-71.7141,3119.96,444.346,-1088.79,0.00585542,0.0148444,-69.9957
5.159,215.451,-27.3474,22.1002,0.230301,2.87631,-2.62849,-0.25128,-0.0371628,0.00575619,3743.74,3,0.185514,0,0.08,-0.0534796,-0.0122768,-0.00972469,0.0111388,-0.0288717,-0.0707081,-0.042744,-0.0881122,6717.2,-295.621,-5078.42,-0.000224545,0.0487034,-71.4336,2337.13,9.74697,-358.46,0.000228292,0.00561221,-69.2863,6554.78,374.939,-4113.01,0.00356545,0.0354501,-71.7168,3119.67,446.722,-1086.66,0.00588672,0.0148062,-69.9952
5.169,215.609,-27.5019,22.099,0.228344,3.75096,-3.50308,-0.253314,-0.037169,0.0057582,3743.17,3,0.186207,0,0.08,-0.0541727,-0.0129639,-0.00971818,0.0111431,-0.0288262,-0.0707456,-0.0427393,-0.0881203,6703.31,-432.911,-5087.87,-0.00152675,0.0490963,-71.4421,2354.87,-45.5963,-477.784,-0.000629297,0.00756864,-69.2737,6553.51,372.811,-4106.51,0.00354421,0.0353768,-71.7175,3119.85,441.322,-1083.92,0.00581332,0.0147694,-69.9983
5.179,215.766,-27.6568,22.1001,0.23009,4.27174,-4.60037,-0.25026,-0.0371509,0.00575955,3743.26,3,0.185744,0,0.08,-0.0537176,-0.0123366,-0.00972389,0.0111332,-0.0288752,-0.0707005,-0.0427526,-0.0881118,6714.01,-448.65,-4997.1,-0.00173228,0.0473278,-71.4293,2338.37,39.9053,-361.379,0.000702707,0.00563132,-69.292,6551.93,381.771,-4090.08,0.00361178,0.0351778,-71.7196,3120.35,433.518,-1085.04,0.00571295,0.0147993,-69.9981
5.189,215.923,-27.8121,22.1009,0.228143,4.55018,-3.43799,-0.25394,-0.0371576,0.00576175,3743.33,3,0.186033,0,0.08,-0.0542017,-0.0127377,-0.00972314,0.0111348,-0.0288484,-0.0707196,-0.0427527,-0.088113,6706.89,-362.25,-5076.81,-0.000845617,0.0488203,-71.4461,2350.78,-61.699,-483.941,-0.000889119,0.00767463,-69.2794,6552.34,365.928,-4099.81,0.00348067,0.0353014,-71.7208,3118.11,440.258,-1091.06,0.00580825,0.0148993,-70.0023
5.199,216.08,-27.9679,22.1018,0.228668,2.50323,-2.10064,-0.253349,-0.0371323,0.00576306,3743.4,3,0.185614,0,0.08,-0.0531538,-0.0119721,-0.00972671,0.0111384,-0.028933,-0.0706528,-0.042772,-0.0880987,6731.56,-333.998,-5169.16,-0.000570077,0.0502739,-71.432,2331.78,-27.168,-368.162,-0.000358721,0.00578595,-69.2934,6553.51,352.382,-4104.03,0.00336655,0.0353498,-71.7248,3119.31,444.314,-1084.1,0.00585435,0.0147698,-70.004
5.209,216.237,-28.124,22.1011,0.229438,4.62928,-4.3395,-0.252173,-0.0371556,0.00576573,3743.52,3,0.186073,0,0.08,-0.0547198,-0.0131039,-0.00972414,0.0111401,-0.0288394,-0.0707353,-0.0427585,-0.0881165,6707.61,-482.989,-5055.9,-0.00200074,0.0484786,-71.452,2358.15,-25.0169,-445.517,-0.000300221,0.00701795,-69.2821,6553.38,378.906,-4103.83,0.00359602,0.0353424,-71.7214,3118.75,435.567,-1084.31,0.00574057,0.0147918,-70.0056
5.219,216.393,-28.2805,22.1021,0.225478,6.67471,-7.38214,-0.256714,-0.0371284,0.00576732,3743.57,3,0.185546,0,0.08,-0.0529146,-0.0118652,-0.00973908,0.0111379,-0.0289338,-0.0706437,-0.04278,-0.0880936,6728.3,-255.062,-4942.63,6.33988e-05,0.04615,-71.4428,2332.36,-73.228,-432.4,-0.00108494,0.00682878,-69.2948,6557.3,357.622,-4125.79,0.00342239,0.0355993,-71.7262,3114.21,435.231,-1096.73,0.00575334,0.0150233,-70.0054
5.229,216.548,-28.4374,22.1037,0.227375,8.62991,-7.83187,-0.253819,-0.0371275,0.00576801,3743.71,3,0.185511,0,0.08,-0.0531415,-0.0125329,-0.00972422,0.0111483,-0.0289283,-0.0706847,-0.0427835,-0.0881012,6724.14,-345.776,-4835.31,-0.000845457,0.0444269,-71.4412,2345.02,-36.156,-407.392,-0.000491865,0.00640539,-69.2914,6554.47,366.888,-4096.1,0.00348804,0.0352404,-71.7313,3114.78,416.429,-1102.6,0.00551132,0.0151514,-70.0097
5.239,216.704,-28.5947,22.1029,0.229356,4.25041,-3.90383,-0.25242,-0.037143,0.00577208,3743.81,3,0.185897,0,0.08,-0.0545392,-0.0127482,-0.00972604,0.0111461,-0.0288298,-0.0706999,-0.0427787,-0.0881141,6705.52,-417.792,-5071.54,-0.00137826,0.0487631,-71.4604,2351.9,-34.3262,-453.892,-0.000453561,0.00717515,-69.2919,6554.57,380.28,-4101.14,0.00360466,0.0353002,-71.7287,3119.02,429.609,-1082.15,0.00566323,0.0147651,-70.01
5.249,216.858,-28.7525,22.105,0.229451,3.18383,-3.97768,-0.253667,-0.0371284,0.0057721,3743.88,3,0.184824,0,0.08,-0.0534407,-0.0123537,-0.00973566,0.0111341,-0.0289014,-0.070667,-0.0427958,-0.088101,6725.66,-150.529,-5094.99,0.00117013,0.0488376,-71.4487,2343.81,-53.5407,-357.85,-0.000764049,0.00556357,-69.2976,6558.06,311.499,-4120.58,0.00302239,0.0355366,-71.7311,3115.53,449.679,-1094.79,0.00593686,0.0149581,-70.0112
5.259,217.013,-28.9106,22.1046,0.229472,4.70461,-5.01187,-0.253424,-0.037134,0.00577414,3745.28,3,0.185379,0,0.08,-0.0537206,-0.01253,-0.00973342,0.0111389,-0.0288796,-0.0706698,-0.0427935,-0.0881076,6720.55,-319.628,-4996.06,-0.000483782,0.047191,-71.4575,2345.17,-68.9368,-416.984,-0.00100186,0.00653565,-69.2953,6558.07,370.428,-4129.29,0.00353465,0.0356359,-71.733,3116.59,431.655,-1081.81,0.00569215,0.0147683,-70.013
5.269,217.167,-29.0691,22.1057,0.230324,4.12548,-5.44933,-0.252119,-0.0371187,0.00577525,3744.66,3,0.184787,0,0.08,-0.0533754,-0.0121934,-0.00974532,0.0111485,-0.0288947,-0.0706371,-0.0428073,-0.0880844,6721.11,-275.4,-4919.37,-0.000123677,0.0458321,-71.4516,2337.42,-28.6314,-403.53,-0.00037305,0.00636474,-69.3029,6557.05,369.139,-4131.74,0.00352315,0.035674,-71.7354,3112.15,460.542,-1090.91,0.00607758,0.0148915,-70.0144
5.279,217.321,-29.228,22.1041,0.232615,1.47353,-1.80807,-0.249646,-0.0371304,0.00577719,3743.99,3,0.185892,0,0.08,-0.0539106,-0.0126882,-0.00970947,0.0111808,-0.0288511,-0.0706817,-0.0427979,-0.0881066,6716.03,-519.913,-5095.39,-0.00237697,0.0491276,-71.4497,2349.92,-8.94433,-398.098,-5.65113e-05,0.006245,-69.3014,6554.96,388.683,-4099.22,0.00367471,0.0352714,-71.7356,3118.75,422.988,-1077.85,0.00557699,0.014707,-70.0164
5.289,217.474,-29.3872,22.1065,0.229233,4.18585,-3.93452,-0.253474,-0.0371386,0.00577892,3744.26,3,0.185256,0,0.08,-0.0541507,-0.0126714,-0.00973186,0.0111368,-0.0288454,-0.0706857,-0.0427985,-0.0881154,6710.16,-297.268,-5073.52,-0.000217393,0.0486919,-71.4675,2351.33,-57.846,-450.678,-0.00082768,0.00710451,-69.3004,6556.92,360.539,-4119.6,0.00344473,0.0355225,-71.7377,3116.28,439.698,-1087.57,0.00580158,0.0148515,-70.0189
5.299,217.627,-29.5469,22.1071,0.232241,1.02529,-0.307876,-0.249502,-0.0371313,0.00577934,3744.37,3,0.185362,0,0.08,-0.0535673,-0.0124934,-0.00973986,0.0111356,-0.028895,-0.0706684,-0.042804,-0.0881156,6729.5,-462.755,-5158.24,-0.00182599,0.050145,-71.4461,2342.87,16.5418,-387.855,0.000340595,0.00608405,-69.3114,6556.16,369.032,-4105.76,0.00350948,0.0353507,-71.7407,3118.49,428.386,-1074.05,0.00564596,0.0146353,-70.0188
5.309,217.779,-29.707,22.1079,0.228707,4.35594,-3.42231,-0.254278,-0.0371495,0.00578192,3744.43,3,0.185238,0,0.08,-0.0543118,-0.0127667,-0.0097308,0.0111372,-0.0288378,-0.0706891,-0.0427996,-0.0881247,6709.66,-293.098,-5105.42,-0.000152158,0.0492904,-71.4781,2351.97,-62.0054,-481.703,-0.000894022,0.00763184,-69.3017,6557.79,359.477,-4109.98,0.00342915,0.0353953,-71.7405,3115.07,440.479,-1086.6,0.00581339,0.0148401,-70.0224
5.319,217.931,-29.8674,22.1081,0.224504,9.87121,-8.12943,-0.257161,-0.0371556,0.00578298,3744.54,3,0.185491,0,0.08,-0.0536871,-0.0126297,-0.00973253,0.0111435,-0.028872,-0.0706728,-0.0428028,-0.0881263,6717.13,-357,-4921.62,-0.000874785,0.0459462,-71.4618,2343.78,-78.3726,-468.145,-0.00115903,0.00740507,-69.3059,6560.49,366.835,-4106.3,0.0034895,0.0353295,-71.7455,3108.3,420.671,-1100.64,0.00557621,0.0151456,-70.0253
5.329,218.083,-30.0283,22.1081,0.231657,5.99994,-5.83873,-0.248451,-0.0371621,0.00578388,3744.7,3,0.185235,0,0.08,-0.0540909,-0.0127892,-0.00972691,0.0111446,-0.028863,-0.0706804,-0.0427973,-0.0881352,6725.05,-683.094,-4809.8,-0.00390518,0.0440809,-71.4464,2338.47,117.134,-409.283,0.00190754,0.00629505,-69.3202,6559.09,442.128,-4117.89,0.0041419,0.0354664,-71.7452,3114.59,387.735,-1069.23,0.00511996,0.0146485,-70.0197
5.339,218.234,-30.1895,22.1107,0.226724,6.21506,-2.93523,-0.25562,-0.0371764,0.00578553,3744.66,3,0.185288,0,0.08,-0.0539997,-0.0124909,-0.00975702,0.0111108,-0.0288641,-0.0706665,-0.0428017,-0.0881374,6724.25,-251.376,-5102.88,0.000228821,0.0490585,-71.4771,2335.56,-116.05,-481.088,-0.00175309,0.00759846,-69.3072,6562.4,359.401,-4118.59,0.00342966,0.0354738,-71.7468,3109.78,444.157,-1088.52,0.00587347,0.0148933,-70.0265
5.349,218.385,-30.3512,22.1107,0.230506,3.1649,-2.70184,-0.251901,-0.0371753,0.00578575,3744.07,3,0.184602,0,0.08,-0.0532053,-0.0123539,-0.0097323,0.0111343,-0.0288973,-0.0706593,-0.042802,-0.088145,6737.76,-306.273,-5030.38,-0.000379777,0.0476167,-71.4628,2331.39,-12.3126,-403.899,-0.000117447,0.00639198,-69.3184,6561.77,358.7,-4127.95,0.00342951,0.0355967,-71.7498,3111.1,428.023,-1087.65,0.00566264,0.0149004,-70.0267
5.359,218.536,-30.5132,22.1095,0.230287,4.15145,-3.53021,-0.251383,-0.0371956,0.00578796,3744.9,3,0.185337,0,0.08,-0.0541932,-0.0127808,-0.00972927,0.0111373,-0.0288227,-0.0707017,-0.0427892,-0.0881658,6720.08,-506.013,-5041.86,-0.0022411,0.0480927,-71.4702,2342.9,-12.0107,-434.117,-0.000100492,0.00687171,-69.3146,6560.41,386.027,-4102.88,0.00365062,0.0352824,-71.7513,3111.91,423.724,-1082.1,0.00560067,0.0148113,-70.0287
5.369,218.686,-30.6755,22.1116,0.225392,9.39199,-7.13844,-0.257203,-0.0371941,0.00578902,3744.94,3,0.18499,0,0.08,-0.0535985,-0.0122635,-0.00974027,0.0111264,-0.0288446,-0.0706744,-0.0427965,-0.0881646,6717.82,-263.156,-4922.88,-8.12137e-06,0.0459188,-71.4782,2334.6,-64.3191,-445.641,-0.00094203,0.00706139,-69.3171,6563.53,356.927,-4110.5,0.00340366,0.0353647,-71.7544,3106.03,421.215,-1100.74,0.00558878,0.0151584,-70.0319
5.379,218.835,-30.8383,22.111,0.233435,1.4915,-1.68189,-0.248655,-0.0371726,0.00578933,3744.94,3,0.184874,0,0.08,-0.0529091,-0.0121499,-0.00970548,0.0111471,-0.028877,-0.0706609,-0.0428121,-0.0881533,6737.01,-451.529,-5043.73,-0.00176867,0.0479213,-71.4576,2332.23,15.7968,-354.058,0.000322265,0.00554721,-69.3261,6559.79,391.156,-4099.76,0.00369089,0.0352459,-71.757,3113.63,428.323,-1075.01,0.00565356,0.0146763,-70.0297
5.389,218.984,-31.0015,22.1108,0.230425,3.40318,-3.00886,-0.2512,-0.0371848,0.00579077,3745.16,3,0.185222,0,0.08,-0.0536465,-0.0126316,-0.00972867,0.0111352,-0.0288333,-0.0707029,-0.042797,-0.0881806,6721.84,-486.829,-5074.05,-0.00208096,0.0486529,-71.4731,2345.9,-23.5829,-403.996,-0.000286699,0.00635203,-69.3182,6557.81,365.162,-4105.42,0.00347484,0.0353364,-71.7558,3116.7,443.688,-1084.82,0.00585231,0.0147962,-70.0345
5.399,219.133,-31.165,22.1129,0.230521,3.26837,-4.19281,-0.252265,-0.0371867,0.00579268,3745.2,3,0.184115,0,0.08,-0.0541307,-0.0125204,-0.00973209,0.0111333,-0.0287972,-0.0707077,-0.0427992,-0.0881839,6709.03,-148.487,-5085.68,0.00121594,0.0488443,-71.4939,2345.54,-53.0022,-401.562,-0.000753321,0.00629188,-69.321,6557.88,397.431,-4121.75,0.00376186,0.0355349,-71.7555,3115.6,397.385,-1084.1,0.00525406,0.014872,-70.0359
5.409,219.282,-31.3289,22.1131,0.231588,2.69596,-1.11568,-0.251165,-0.0371797,0.00579346,3745.5,3,0.184974,0,0.08,-0.0538778,-0.0126196,-0.00972933,0.0110859,-0.028811,-0.0707073,-0.0428082,-0.0881773,6714.21,-388.947,-5127.68,-0.00109794,0.0497052,-71.4774,2349.8,-41.3393,-411.47,-0.000568264,0.00645762,-69.3222,6556.26,382.92,-4112.1,0.00363062,0.0354269,-71.7575,3117.58,442.367,-1084.82,0.00583922,0.0147939,-70.0369
5.419,219.43,-31.4932,22.1133,0.232587,1.44974,-1.77132,-0.250549,-0.037163,0.00579497,3745.29,3,0.184521,0,0.08,-0.0534313,-0.01209,-0.00971434,0.0111337,-0.0288459,-0.0706568,-0.0428221,-0.0881663,6723.44,-325.671,-5069.18,-0.000524249,0.0484807,-71.4787,2335.2,-35.8186,-406.536,-0.000491851,0.00641751,-69.3304,6556.24,361.071,-4111.61,0.00344374,0.0354258,-71.7597,3116.12,434.611,-1087.5,0.00573857,0.0148602,-70.0386
5.429,219.577,-31.6578,22.1138,0.229675,5.46457,-4.33051,-0.251724,-0.0371807,0.00579615,3745.38,3,0.184814,0,0.08,-0.0543626,-0.0132342,-0.00972781,0.0111371,-0.0288097,-0.0707316,-0.0428046,-0.0881929,6709.84,-537.502,-5041.27,-0.00254059,0.0482023,-71.484,2356.15,27.5296,-444.355,0.000535328,0.00699101,-69.3258,6554.07,383.388,-4103.18,0.0036328,0.0353285,-71.7609,3117.09,424.632,-1081.41,0.00560124,0.0147717,-70.0408
5.439,219.725,-31.8229,22.1178,0.238674,-1.59829,6.12714,-0.244542,-0.0371603,0.00579748,3745.5,3,0.184579,0,0.08,-0.0537909,-0.0123882,-0.00973121,0.0111261,-0.0288461,-0.0706732,-0.0428326,-0.0881592,6725.38,-306.74,-5109.78,-0.000324362,0.0492025,-71.4829,2336.75,-65.7174,-432.089,-0.00096153,0.00682053,-69.3311,6555.94,357.378,-4112.4,0.00341318,0.0354385,-71.7628,3115.25,443.115,-1084.74,0.00584753,0.0148033,-70.0427
5.449,219.871,-31.9883,22.1153,0.230028,3.87757,-3.26585,-0.252693,-0.0371757,0.00579948,3745.62,3,0.184408,0,0.08,-0.0538107,-0.0125531,-0.00973327,0.0111268,-0.0288476,-0.0706857,-0.0428213,-0.0881895,6722.53,-303.185,-5078.26,-0.000294093,0.0486475,-71.4897,2343.11,-52.8052,-431.123,-0.000752316,0.00679979,-69.3299,6555.89,359.876,-4110.02,0.00343288,0.0354083,-71.7643,3115,435.667,-1086.22,0.00575317,0.0148426,-70.0441
5.459,220.018,-32.1541,22.1189,0.228319,8.53858,-2.00868,-0.254004,-0.0371654,0.0058006,3745.48,3,0.184743,0,0.08,-0.0534002,-0.0121278,-0.00977069,0.011034,-0.0288888,-0.070654,-0.0428321,-0.088186,6721.35,-367.438,-4992.54,-0.000978342,0.0471398,-71.4834,2331.56,-48.4425,-450.941,-0.000693846,0.00717715,-69.3358,6554.83,350.648,-4074.48,0.00333378,0.0349704,-71.7686,3112.69,421.649,-1093.42,0.00557922,0.0150003,-70.0477
5.469,220.164,-32.3202,22.1164,0.231895,2.61687,-1.8807,-0.251999,-0.0371782,0.00580299,3745.79,3,0.184365,0,0.08,-0.0540981,-0.0127673,-0.00973917,0.0111233,-0.0288251,-0.0706974,-0.0428272,-0.0881983,6715.62,-305.72,-5104.92,-0.000292191,0.0492208,-71.5003,2348.49,-55.257,-434.756,-0.000786033,0.00684406,-69.3301,6556.21,350.097,-4110.29,0.0033495,0.0354115,-71.7695,3114.93,431.169,-1086.04,0.0056944,0.0148481,-70.0493
5.479,220.309,-32.4868,22.1169,0.229884,4.12419,-3.44559,-0.252951,-0.0371642,0.00580417,3746.13,3,0.184249,0,0.08,-0.0531753,-0.0122072,-0.00973596,0.0111333,-0.0288755,-0.0706596,-0.0428453,-0.0881917,6729.64,-320.384,-5046.18,-0.000496982,0.0479923,-71.4879,2336.68,-48.0478,-412.372,-0.000683048,0.00650308,-69.3389,6557.61,364.878,-4113.44,0.00347703,0.035439,-71.77,3114.38,432.259,-1086.85,0.0057106,0.0148624,-70.0481
5.489,220.454,-32.6537,22.1179,0.231889,3.45492,-2.1824,-0.251145,-0.0371707,0.00580582,3745.97,3,0.184211,0,0.08,-0.0538897,-0.0127705,-0.00972773,0.0111236,-0.0288343,-0.0706985,-0.0428425,-0.088202,6718.5,-400.458,-5038.39,-0.00124088,0.0480059,-71.4977,2349.01,-11.2863,-439.158,-8.90444e-05,0.00693944,-69.3361,6556.73,368.604,-4122.11,0.00351537,0.0355539,-71.7707,3115.4,430.696,-1085.95,0.00568703,0.0148449,-70.05
5.499,220.599,-32.8209,22.1176,0.228889,5.45609,-5.07616,-0.253851,-0.0371709,0.00580789,3745.98,3,0.184115,0,0.08,-0.0538975,-0.0124675,-0.00973915,0.0111287,-0.0288303,-0.0706817,-0.042847,-0.088203,6716.45,-311.088,-5037.13,-0.000385643,0.0479653,-71.5004,2344.42,-47.1592,-412.38,-0.000663308,0.00648293,-69.3387,6557.87,359.76,-4120.72,0.00343659,0.0355306,-71.7716,3113.09,432.704,-1089.93,0.00571992,0.0149198,-70.0504
5.509,220.743,-32.9886,22.1183,0.229619,8.84028,-6.50529,-0.252461,-0.0371728,0.00580919,3746.16,3,0.184402,0,0.08,-0.0539795,-0.0129394,-0.00973858,0.0110865,-0.0288108,-0.0707097,-0.042843,-0.0882108,6713.39,-671.766,-4884.36,-0.00382118,0.0454305,-71.4823,2355.55,134.778,-274.212,0.00203353,0.00394005,-69.3471,6562.6,314.995,-4151.42,0.00307113,0.0358978,-71.7733,3107.31,446.956,-1111.59,0.00592488,0.015288,-70.0499
5.519,220.887,-33.1566,22.1184,0.22866,4.36245,-4.17387,-0.254386,-0.0371737,0.0058119,3746.32,3,0.184103,0,0.08,-0.0538007,-0.012366,-0.00973503,0.0111299,-0.0288304,-0.0706612,-0.0428576,-0.0882072,6718.75,-225.859,-5085.39,0.000466132,0.0487794,-71.5079,2339.76,-108.439,-457.142,-0.00162612,0.00718043,-69.3384,6559.05,349.85,-4124.23,0.00335374,0.0355692,-71.775,3112.78,435.273,-1089.48,0.00575407,0.0149093,-70.0555
5.529,221.03,-33.325,22.1196,0.233662,2.29139,-2.23307,-0.249083,-0.0371617,0.00581225,3745.56,3,0.183769,0,0.08,-0.0533611,-0.012521,-0.00973055,0.0111409,-0.0288607,-0.0706591,-0.0428669,-0.0881994,6729.02,-384.536,-5010.83,-0.00112084,0.0473926,-71.4917,2338.35,10.7471,-376.713,0.000245594,0.0059125,-69.3491,6557.42,361.821,-4107.83,0.00344764,0.03537,-71.7776,3114.04,419.496,-1088.13,0.00554736,0.0149082,-70.0552
5.539,221.173,-33.4937,22.1191,0.229803,4.73866,-3.91945,-0.252797,-0.037183,0.00581533,3746.38,3,0.184276,0,0.08,-0.0544074,-0.012845,-0.00973848,0.0111334,-0.0287977,-0.070697,-0.042853,-0.088225,6711.64,-402.846,-5055.08,-0.0012381,0.0483869,-71.5099,2349.93,-41.6315,-460.978,-0.000568744,0.00729831,-69.3419,6557.74,367.273,-4110.26,0.00349649,0.0353974,-71.7779,3113.53,433.579,-1086.1,0.00572722,0.014852,-70.0574
5.549,221.316,-33.6629,22.1216,0.225131,10.6972,-6.89028,-0.256907,-0.0371595,0.00581675,3746.41,3,0.184052,0,0.08,-0.0528813,-0.0117643,-0.00974869,0.0111234,-0.0288866,-0.070623,-0.0428762,-0.0882104,6723.26,-258.784,-4896.49,-1.64883e-05,0.0454152,-71.4983,2327.15,-68.9714,-423.687,-0.00102445,0.00669966,-69.3531,6558.38,342.342,-4091.91,0.00327072,0.0351674,-71.7834,3108.72,420.787,-1106.62,0.00558379,0.0152435,-70.0607
5.559,221.458,-33.8323,22.1206,0.234648,3.31663,-2.82368,-0.247517,-0.037165,0.00581787,3746.65,3,0.183918,0,0.08,-0.0537376,-0.0129469,-0.00972822,0.0111397,-0.0288397,-0.070695,-0.0428671,-0.0882227,6725.91,-536.843,-4936.3,-0.00257174,0.0461685,-71.4943,2350.55,38.1753,-383.227,0.000686348,0.00596739,-69.3508,6555.07,380.735,-4104.53,0.00361009,0.0353395,-71.7829,3116.03,419.083,-1082.09,0.0055326,0.0147981,-70.0593
5.569,221.6,-34.0021,22.121,0.227683,6.08706,-5.83045,-0.254835,-0.0371727,0.00582188,3746.58,3,0.183707,0,0.08,-0.0540514,-0.0124712,-0.00974137,0.0111281,-0.0288035,-0.0706696,-0.0428703,-0.0882301,6711.83,-243.623,-5032.74,0.00025728,0.0479004,-71.5179,2345.1,-72.5261,-439.338,-0.00105778,0.00691224,-69.348,6557.16,352.053,-4116.05,0.00336938,0.0354777,-71.7822,3112.52,441.269,-1092.24,0.00583199,0.014946,-70.063
5.579,221.741,-34.1723,22.1215,0.234376,2.32574,-2.67728,-0.247006,-0.0371626,0.00582345,3746.57,3,0.183622,0,0.08,-0.0538228,-0.0126848,-0.00970398,0.0111662,-0.0288136,-0.0706734,-0.0428845,-0.0882218,6718.42,-527.162,-4981.42,-0.00246699,0.0470301,-71.497,2346.04,55.5314,-359.483,0.000940986,0.00555864,-69.3585,6556.86,221.7,-4108.88,0.0022456,0.0354078,-71.7831,3114.41,551.01,-1114.24,0.00725336,0.0151143,-70.0642
5.589,221.882,-34.3429,22.1225,0.228574,6.19677,-4.15155,-0.254002,-0.0371664,0.00582554,3746.76,3,0.183977,0,0.08,-0.0537046,-0.012445,-0.00974235,0.0111201,-0.0288311,-0.0706566,-0.0428857,-0.0882306,6718.97,-362.219,-5013.26,-0.000897244,0.0475319,-71.5091,2341.62,-78.0448,-469.214,-0.00115499,0.00743043,-69.3523,6556.98,360.79,-4103.54,0.00343641,0.035319,-71.786,3112.78,441.21,-1088.05,0.0058286,0.014875,-70.0649
5.599,222.023,-34.5138,22.1223,0.22972,4.7618,-4.08793,-0.251702,-0.0371724,0.00582747,3746.7,3,0.183804,0,0.08,-0.0541108,-0.0128998,-0.00973406,0.0111421,-0.0288088,-0.0706803,-0.0428814,-0.0882412,6716.72,-487.489,-5070.05,-0.00206358,0.0486384,-71.5049,2347.14,20.7762,-442.654,0.000423843,0.00699416,-69.3602,6555.88,386.862,-4092.14,0.00365343,0.0351767,-71.7878,3114.28,416.462,-1075.68,0.0054994,0.0147055,-70.0664
5.609,222.163,-34.6851,22.1247,0.226278,8.97323,-4.91051,-0.256778,-0.0371603,0.00582931,3746.92,3,0.183823,0,0.08,-0.0529798,-0.012187,-0.00974601,0.0111256,-0.0288497,-0.0706334,-0.0428971,-0.0882327,6722.35,-294.164,-4950.79,-0.000314745,0.0463672,-71.5128,2336.95,-75.9374,-439.542,-0.00112456,0.00693499,-69.3579,6559.1,329.577,-4119.04,0.00317719,0.0355071,-71.7898,3108.8,428.927,-1102.39,0.00568591,0.0151575,-70.0688
5.619,222.302,-34.8567,22.1235,0.232012,2.27607,-1.43494,-0.249961,-0.0371746,0.00583207,3747.35,3,0.183822,0,0.08,-0.0543275,-0.0129296,-0.00974469,0.0111367,-0.0287928,-0.0706858,-0.0428888,-0.088251,6715.94,-524.09,-5123.23,-0.00240383,0.0496578,-71.514,2349.7,35.1923,-457.371,0.000656082,0.00722602,-69.3612,6556.13,367.406,-4092.05,0.00348658,0.0351783,-71.7908,3115.45,420.201,-1071,0.00554532,0.014615,-70.0687
5.629,222.441,-35.0287,22.1247,0.228045,5.1763,-3.97806,-0.255157,-0.0371705,0.00583415,3747.06,3,0.183419,0,0.08,-0.0536017,-0.0123359,-0.00974554,0.0111285,-0.0288253,-0.070653,-0.0429012,-0.0882475,6721.34,-251.531,-5099.79,0.000215383,0.0490325,-71.522,2343.12,-73.5443,-447.614,-0.00108055,0.00705867,-69.3601,6558.73,355.813,-4117.61,0.00340083,0.0354863,-71.792,3112.04,433.096,-1085.72,0.00572481,0.0148543,-70.0709
5.639,222.58,-35.201,22.1252,0.231978,4.40999,-3.18611,-0.250623,-0.0371691,0.00583556,3747.19,3,0.183419,0,0.08,-0.0537674,-0.0125813,-0.00974486,0.0111291,-0.0288327,-0.0706657,-0.0429017,-0.0882536,6725.14,-438.695,-4997.08,-0.0016272,0.0472102,-71.511,2344.9,6.60817,-405.962,0.00018756,0.00638729,-69.3664,6556.86,371.247,-4106.61,0.00352848,0.0353561,-71.7968,3113.09,406.14,-1085,0.00537333,0.0148846,-70.0735
5.649,222.718,-35.3737,22.125,0.231336,3.14019,-2.53755,-0.251739,-0.0371706,0.00583844,3747.24,3,0.183497,0,0.08,-0.053658,-0.012443,-0.00973524,0.0111371,-0.0288182,-0.0706518,-0.0429084,-0.0882536,6723.27,-326.118,-5073.2,-0.000517916,0.0485573,-71.524,2343.76,-61.524,-441.09,-0.000890772,0.00695914,-69.3627,6557.26,357.235,-4107,0.0034082,0.0353615,-71.7956,3112.67,434.022,-1084.03,0.00573379,0.0148213,-70.0745
5.659,222.856,-35.5468,22.1259,0.229474,5.38133,-4.8264,-0.254176,-0.0372032,0.00584063,3747.47,3,0.183118,0,0.08,-0.0549177,-0.0134187,-0.00974263,0.0111284,-0.0287407,-0.0707256,-0.0428922,-0.0882791,6702.9,-258.779,-5076.43,0.000190325,0.048806,-71.5424,2364,-61.0507,-488.799,-0.000868,0.00771668,-69.3554,6559.04,347.606,-4118.6,0.00333242,0.0354985,-71.7957,3109.96,431.711,-1089.7,0.00571066,0.0149341,-70.0763
5.669,222.994,-35.7202,22.1274,0.228919,3.91367,-4.00057,-0.253966,-0.0371636,0.00584175,3747.05,3,0.182514,0,0.08,-0.0522518,-0.0114403,-0.0097488,0.0111269,-0.0288985,-0.0705839,-0.0429262,-0.0882548,6747.47,-147.356,-5037.56,0.00109114,0.0475613,-71.5064,2317.32,-67.6429,-376.906,-0.00100289,0.00592872,-69.3787,6559.21,333.651,-4114.61,0.00320501,0.0354495,-71.8006,3109.97,438.476,-1089.36,0.0058028,0.0149163,-70.0755
5.679,223.131,-35.8939,22.1247,0.229728,6.1595,-4.64714,-0.252432,-0.0372088,0.0058452,3747.54,3,0.184167,0,0.08,-0.0548746,-0.0132013,-0.00974022,0.0111339,-0.0287434,-0.0707052,-0.0428976,-0.0882953,6708.05,-537.554,-4976.09,-0.00254091,0.0470517,-71.5328,2355.87,-85.9597,-514.202,-0.00126059,0.00815709,-69.3575,6558.64,381.499,-4107.45,0.0036164,0.0353526,-71.8011,3110.55,436.283,-1085.91,0.00576703,0.0148594,-70.0785
5.689,223.267,-36.068,22.1285,0.22809,5.95167,-3.81521,-0.254594,-0.0371937,0.0058459,3747.53,3,0.182934,0,0.08,-0.0531934,-0.0122234,-0.00974841,0.0111271,-0.0288309,-0.0706433,-0.0429168,-0.0882821,6729.61,-275.898,-5059.37,-5.78056e-05,0.0482111,-71.5233,2333.7,-13.2458,-416.994,-0.000130075,0.00660718,-69.377,6560.91,357.519,-4116.94,0.00341229,0.035463,-71.8022,3108.89,427.981,-1087.45,0.00566704,0.0149088,-70.0784
5.699,223.403,-36.2425,22.1281,0.231064,2.30416,-1.4371,-0.252443,-0.037207,0.00584726,3747.57,3,0.183111,0,0.08,-0.0536752,-0.0129647,-0.00974392,0.0111253,-0.0288035,-0.0706894,-0.042911,-0.0882956,6728,-374.08,-5150.74,-0.00095159,0.0499815,-71.5271,2349.7,-36.9802,-466.213,-0.000495437,0.00739166,-69.3666,6560.16,358.841,-4107.14,0.00341959,0.0353439,-71.8038,3110.21,430.555,-1078.32,0.00569224,0.0147449,-70.0804
5.709,223.539,-36.4173,22.1285,0.231206,4.78605,-3.68012,-0.251528,-0.0372104,0.00585046,3748.01,3,0.182943,0,0.08,-0.053881,-0.0124399,-0.00974666,0.0111243,-0.0287845,-0.0706615,-0.0429129,-0.0883043,6722.96,-356.824,-5033.07,-0.000832253,0.0478443,-71.5313,2335.76,1.15916,-371.782,9.45173e-05,0.00584029,-69.378,6560.49,326.548,-4113.88,0.00314499,0.0354331,-71.804,3108.78,430.117,-1083.3,0.00568901,0.0148359,-70.082
5.719,223.674,-36.5924,22.1285,0.228488,6.68118,-5.42806,-0.254898,-0.0372145,0.00585206,3747.78,3,0.183053,0,0.08,-0.0535941,-0.0125875,-0.00973107,0.0111664,-0.0287889,-0.0706692,-0.0429192,-0.0883045,6722.31,-281.108,-4958.57,-0.000148052,0.0464983,-71.5336,2342.1,-79.8723,-474.47,-0.00118085,0.00751806,-69.37,6563.07,357.714,-4130.08,0.00342255,0.0356152,-71.8073,3105.31,419.963,-1094.08,0.00556992,0.0150528,-70.0835
5.729,223.809,-36.7679,22.1295,0.234164,1.2147,-0.708257,-0.248555,-0.037214,0.00585412,3746.83,3,0.182922,0,0.08,-0.0537677,-0.0124958,-0.00974662,0.0111251,-0.0287822,-0.0706673,-0.0429174,-0.0883193,6726.48,-494.607,-5062.12,-0.00214893,0.0483864,-71.521,2336.46,31.2556,-406.624,0.00058188,0.00640518,-69.383,6559.18,398.774,-4115.76,0.0037669,0.0354501,-71.8096,3111.65,391.704,-1072.37,0.00518657,0.0147076,-70.0829
5.739,223.943,-36.9437,22.1299,0.229,4.77899,-3.65535,-0.255036,-0.0372285,0.00585681,3747.89,3,0.182825,0,0.08,-0.0539802,-0.012669,-0.00974549,0.0111247,-0.0287552,-0.0706831,-0.042917,-0.0883291,6716.96,-207.461,-5109.36,0.000669161,0.0492352,-71.552,2344.72,-92.6051,-470.885,-0.0013773,0.00742997,-69.3708,6561.57,347.33,-4119.63,0.00332738,0.0354948,-71.8085,3108.53,434.527,-1088.74,0.00575255,0.0149205,-70.0866
5.749,224.077,-37.1199,22.1306,0.232567,4.0741,-3.78806,-0.250409,-0.0372148,0.0058575,3747.06,3,0.18244,0,0.08,-0.053257,-0.0123383,-0.00974729,0.0111236,-0.0288078,-0.0706587,-0.0429273,-0.0883305,6735.81,-352.434,-4984.67,-0.000843808,0.0468476,-71.5221,2333.89,5.71642,-352.769,0.000161951,0.00552709,-69.3857,6560.25,358.997,-4106.37,0.00342027,0.0353336,-71.8132,3110.71,419.829,-1082.76,0.00555459,0.0148354,-70.0869
5.759,224.211,-37.2964,22.1303,0.230059,5.09275,-3.73589,-0.25345,-0.0372323,0.00586115,3748.06,3,0.18298,0,0.08,-0.0541723,-0.0126705,-0.00974583,0.0111217,-0.0287488,-0.07069,-0.0429199,-0.0883452,6717.45,-329.926,-5047.97,-0.000546136,0.0481615,-71.5487,2345.6,-72.344,-463.841,-0.0010576,0.00733243,-69.3757,6560.07,358.882,-4121.5,0.00342886,0.0355261,-71.8109,3109.86,433.118,-1088.81,0.00573023,0.0149171,-70.0882
5.769,224.344,-37.4733,22.1323,0.231754,3.82804,-1.83812,-0.252008,-0.0372276,0.00586238,3748.14,3,0.182609,0,0.08,-0.053709,-0.0125476,-0.00975382,0.0111074,-0.0287823,-0.070681,-0.0429304,-0.0883419,6724.84,-307.421,-5080.04,-0.000339285,0.0486572,-71.5406,2341.79,-38.1247,-438.397,-0.000525147,0.006939,-69.3815,6559.37,349.821,-4095.17,0.00333546,0.0352002,-71.813,3109.22,430.436,-1084.86,0.00569551,0.0148592,-70.089
5.779,224.476,-37.6505,22.1321,0.230214,6.04877,-5.75686,-0.253755,-0.0371968,0.00586406,3748.2,3,0.182088,0,0.08,-0.0525095,-0.0116394,-0.00972927,0.011154,-0.0288602,-0.0706063,-0.0429525,-0.0883287,6747.32,-272.863,-4869.29,-0.000163404,0.0447416,-71.5265,2323.76,-27.7307,-378.172,-0.000370698,0.00597337,-69.3918,6561.57,353.07,-4148.37,0.00339261,0.0358589,-71.8158,3109.02,423.09,-1090.4,0.00560344,0.014966,-70.088
5.789,224.609,-37.828,22.1311,0.23399,5.0486,-3.59981,-0.247997,-0.037226,0.00586769,3749.73,3,0.183103,0,0.08,-0.0548191,-0.0131612,-0.00974692,0.0111225,-0.0287086,-0.0707218,-0.0429246,-0.0883672,6708.28,-646.235,-4977.42,-0.00357654,0.0470986,-71.5464,2355.63,59.0355,-373.255,0.00100863,0.00575898,-69.3854,6555.01,385.97,-4102.79,0.00365489,0.0353167,-71.816,3114.38,412.652,-1079.46,0.00545073,0.0147743,-70.09
5.799,224.74,-38.0059,22.133,0.228489,4.56552,-3.4397,-0.255562,-0.0372124,0.00587007,3748.19,3,0.18236,0,0.08,-0.0535609,-0.0122924,-0.00975012,0.0111177,-0.0287546,-0.0706675,-0.0429501,-0.0883519,6715.47,-154.808,-5140.11,0.00118444,0.0498009,-71.5576,2344.76,-99.714,-462.022,-0.00148725,0.00726402,-69.3833,6558.86,340.289,-4123.98,0.0032706,0.0355692,-71.8144,3111.03,443.633,-1085.59,0.00586289,0.0148386,-70.0931
5.809,224.871,-38.1841,22.1337,0.227911,8.49661,-6.07545,-0.255748,-0.0371962,0.00587098,3748.23,3,0.182329,0,0.08,-0.0531107,-0.0123958,-0.00975321,0.0111218,-0.0288083,-0.0706513,-0.0429593,-0.0883502,6725.14,-310.507,-4900.79,-0.000478178,0.0454932,-71.5404,2340.7,-38.0312,-451.19,-0.000522636,0.00716092,-69.3887,6558.26,352.325,-4125.59,0.00337628,0.0355913,-71.8195,3109.24,419.006,-1097.93,0.00555372,0.015098,-70.0949
5.819,225.002,-38.3626,22.1336,0.235452,2.73693,-2.47344,-0.247605,-0.0371964,0.00587368,3748.91,3,0.182272,0,0.08,-0.0538186,-0.0127121,-0.00974784,0.011115,-0.0287762,-0.0706657,-0.0429622,-0.0883588,6726.81,-430.14,-4993.06,-0.00153422,0.0471187,-71.5475,2345.14,6.69018,-384.808,0.00019034,0.00603229,-69.393,6555.9,382.911,-4151.16,0.00365749,0.0359266,-71.8197,3115.51,384.993,-1070,0.00508221,0.014661,-70.0963
5.829,225.133,-38.5415,22.1339,0.228739,6.16832,-4.89252,-0.25536,-0.0371968,0.00587726,3748.52,3,0.182294,0,0.08,-0.0537291,-0.0123624,-0.00975076,0.0111254,-0.0287593,-0.070645,-0.0429696,-0.0883607,6714.01,-197.315,-5051.13,0.000714172,0.0481849,-71.5644,2342.34,-88.7636,-454.517,-0.00131809,0.00715896,-69.3882,6556.35,348.957,-4119.57,0.00334494,0.0355282,-71.8198,3112.04,428.335,-1092.46,0.00566853,0.0149753,-70.0986
5.839,225.263,-38.7207,22.1339,0.23248,5.28231,-4.25838,-0.250508,-0.0372012,0.00587884,3748.71,3,0.182418,0,0.08,-0.0542587,-0.0130625,-0.00975367,0.0111226,-0.0287411,-0.0706921,-0.042968,-0.0883685,6713.12,-513.602,-4969.51,-0.00232715,0.0468729,-71.5462,2355.97,18.9197,-428.309,0.000391637,0.00672642,-69.3926,6555.42,369.269,-4108,0.00351394,0.0353836,-71.8219,3112.96,411.168,-1085.42,0.00543814,0.0148834,-70.0987
5.849,225.392,-38.9003,22.1355,0.230261,3.72049,-2.44733,-0.25439,-0.0371895,0.00588188,3748.66,3,0.182111,0,0.08,-0.0535399,-0.012123,-0.00975652,0.011119,-0.0287905,-0.0706262,-0.0429883,-0.0883599,6725.73,-192.123,-5131.55,0.000809398,0.049546,-71.5576,2338.1,-96.5107,-434.708,-0.00144108,0.00681718,-69.3948,6557.56,343.005,-4119.44,0.00329206,0.0355197,-71.8239,3111.43,434.164,-1088.28,0.00574379,0.0148983,-70.1011
5.859,225.521,-39.0801,22.1352,0.230223,5.64919,-4.62174,-0.254014,-0.0372028,0.0058837,3748.85,3,0.1821,0,0.08,-0.0539573,-0.0129283,-0.00975799,0.0111187,-0.0287803,-0.0706751,-0.0429839,-0.0883748,6722.88,-336.377,-5042.27,-0.000619688,0.0480029,-71.5551,2352.78,-41.4359,-439.718,-0.000567807,0.00692726,-69.3911,6557.74,332.52,-4111.52,0.00319797,0.0354204,-71.8268,3110,444.499,-1092.29,0.00588093,0.0149545,-70.1036
5.869,225.65,-39.2603,22.1353,0.229509,8.44759,-8.06599,-0.253144,-0.0371968,0.0058867,3748.85,3,0.181713,0,0.08,-0.0536556,-0.0123155,-0.00975134,0.0111265,-0.0288019,-0.0706256,-0.0429965,-0.0883724,6727.58,-321.06,-4828.62,-0.000592932,0.0442781,-71.5505,2335.56,-24.1826,-414.475,-0.000304124,0.0065568,-69.4012,6556.77,388.23,-4102.14,0.00367036,0.0352963,-71.8276,3109.42,421.48,-1087.5,0.00558141,0.0149182,-70.1027
5.879,225.778,-39.4408,22.1363,0.230412,3.40494,-2.75669,-0.253949,-0.0372068,0.005889,3748.84,3,0.18202,0,0.08,-0.0535977,-0.01259,-0.00976316,0.0111233,-0.0287897,-0.0706426,-0.0429976,-0.0883802,6731.05,-258.967,-5145.18,0.000168983,0.0497832,-71.563,2341.58,-69.3713,-461.239,-0.00101595,0.00730356,-69.3955,6559.14,353.742,-4102.59,0.00337284,0.0352943,-71.8287,3108.81,431.202,-1080.62,0.0057063,0.0147893,-70.1049
5.889,225.905,-39.6217,22.1362,0.232508,5.30221,-4.19516,-0.250822,-0.0372118,0.00589142,3749.1,3,0.182154,0,0.08,-0.0538834,-0.0126117,-0.00975629,0.0111202,-0.02877,-0.0706497,-0.042999,-0.0883886,6727.5,-445.893,-4964.65,-0.00169829,0.0466196,-71.5553,2341.2,-9.5101,-398.92,-6.87796e-05,0.00628184,-69.4023,6559.93,373.525,-4115.27,0.00355204,0.0354449,-71.829,3107.85,417.631,-1087.59,0.00553222,0.0149347,-70.1036
5.899,226.032,-39.8029,22.1375,0.230883,4.18909,-2.56475,-0.253615,-0.037218,0.00589383,3748.98,3,0.181999,0,0.08,-0.0538122,-0.0124659,-0.00975825,0.0111145,-0.0287631,-0.0706484,-0.0430041,-0.0883951,6724.34,-278.098,-5093.91,-4.29351e-05,0.0489049,-71.5644,2340.41,-64.8324,-439.648,-0.000944957,0.00694075,-69.4002,6560.59,347.941,-4110.76,0.00332747,0.0353889,-71.8327,3106.25,423.446,-1095.22,0.00561973,0.0150605,-70.1084
5.909,226.159,-39.9844,22.1372,0.229391,4.95711,-3.37157,-0.254496,-0.0371974,0.00589589,3748.82,3,0.182158,0,0.08,-0.0525173,-0.011937,-0.00972335,0.0111659,-0.028805,-0.0705996,-0.0430217,-0.0883879,6732.43,-361.507,-5029.92,-0.00092186,0.0476866,-71.5512,2328.8,-54.3514,-453.149,-0.000790832,0.00721842,-69.407,6560.16,358.34,-4109.11,0.00341494,0.0353689,-71.8362,3107.31,422.235,-1088.37,0.00559645,0.0149427,-70.1082
5.919,226.285,-40.1662,22.1386,0.235698,4.02199,-2.92885,-0.248025,-0.0372098,0.005897,3749.42,3,0.181645,0,0.08,-0.0537967,-0.0128935,-0.00975971,0.0111133,-0.0287558,-0.0706744,-0.0430086,-0.0884124,6724.78,-468.933,-4918.2,-0.00193427,0.0458509,-71.5596,2349.13,41.5012,-384.254,0.000737641,0.00598412,-69.4058,6556.87,373.589,-4116.12,0.00355345,0.0354757,-71.8355,3112.09,414.232,-1079.82,0.00547605,0.0147892,-70.1085
5.929,226.411,-40.3484,22.1387,0.229753,5.37435,-3.93096,-0.255044,-0.0372176,0.00590108,3749.25,3,0.181702,0,0.08,-0.0540739,-0.0124931,-0.00976078,0.011115,-0.0287087,-0.0706577,-0.0430156,-0.0884179,6708.26,-155.649,-5096.99,0.00116414,0.0490679,-71.5853,2346.8,-104.838,-455.836,-0.00156187,0.0071426,-69.4,6559.94,337.758,-4125.6,0.00324968,0.0355831,-71.8344,3108.96,435.221,-1093.51,0.00576413,0.0149968,-70.1129
5.939,226.537,-40.5308,22.1404,0.231272,4.75568,-2.49008,-0.253172,-0.0372251,0.00590222,3749.39,3,0.181486,0,0.08,-0.0542914,-0.013181,-0.00975933,0.0111147,-0.0287016,-0.0706988,-0.0430162,-0.0884265,6707.26,-306.613,-5093.28,-0.000305236,0.0490956,-71.5754,2358.54,-21.4788,-468.805,-0.000244605,0.00741406,-69.4016,6559.22,345.392,-4105.72,0.00330427,0.0353348,-71.8373,3108.72,415.61,-1088.91,0.00550818,0.0149557,-70.1142
5.949,226.662,-40.7136,22.1392,0.232197,5.04205,-3.29356,-0.251126,-0.0372195,0.00590455,3749.38,3,0.181905,0,0.08,-0.0539498,-0.0125949,-0.00975933,0.0111241,-0.0287449,-0.0706552,-0.0430259,-0.0884266,6721.98,-490.358,-5017.94,-0.00210624,0.0476336,-71.5558,2342.14,16.8615,-422.187,0.000351172,0.00666374,-69.4142,6559.81,397.747,-4111.68,0.00375696,0.0353944,-71.8389,3108.82,379.045,-1086.15,0.00503073,0.0149733,-70.1134
5.959,226.786,-40.8967,22.1393,0.229836,5.48006,-2.93798,-0.253525,-0.0372303,0.00590697,3749.63,3,0.182193,0,0.08,-0.053961,-0.012727,-0.00976109,0.0111144,-0.0287426,-0.0706636,-0.0430256,-0.0884365,6723.49,-490.338,-5081.69,-0.00208248,0.0487815,-71.5609,2345.82,-26.7795,-459.075,-0.00033435,0.00728569,-69.4101,6561.1,361.895,-4116.39,0.00345134,0.0354538,-71.84,3106.88,430.773,-1086.64,0.00570572,0.0149006,-70.1149
5.969,226.91,-41.0802,22.1405,0.233067,2.4885,-1.93708,-0.251391,-0.037215,0.00590874,3749.52,3,0.181445,0,0.08,-0.0530082,-0.012122,-0.00976339,0.0111178,-0.0287991,-0.0706124,-0.0430452,-0.088424,6739.86,-310.166,-5053.73,-0.000402344,0.0480164,-71.5626,2331.32,-35.9148,-413.543,-0.000493278,0.00654698,-69.4163,6560.74,350.524,-4119.2,0.00335383,0.0354941,-71.8421,3107.43,424.679,-1087.8,0.0056286,0.014928,-70.1151
5.979,227.033,-41.2639,22.1402,0.232416,4.78797,-3.55831,-0.251744,-0.0372427,0.00591168,3749.65,3,0.181692,0,0.08,-0.0543014,-0.0129716,-0.00976159,0.0111117,-0.0287218,-0.0706815,-0.0430235,-0.0884585,6722.03,-402.737,-5039.91,-0.00124754,0.047999,-71.5777,2349.63,-34.8272,-434.201,-0.000460471,0.00684682,-69.408,6559.36,352.527,-4116.33,0.00337207,0.0354665,-71.8424,3108.47,434.585,-1083.13,0.00574938,0.0148268,-70.1173
5.989,227.157,-41.448,22.1425,0.230171,6.10403,-2.09268,-0.254097,-0.0372322,0.00591392,3749.67,3,0.181681,0,0.08,-0.0534667,-0.012175,-0.00977712,0.0110946,-0.0287665,-0.0706343,-0.0430428,-0.0884509,6728.73,-306.727,-5028.51,-0.000364637,0.0476784,-71.5725,2332.82,-63.6243,-455.926,-0.00093396,0.00724487,-69.4162,6562.03,346.57,-4121.46,0.00332137,0.035515,-71.8433,3104.96,429.897,-1093.48,0.0057029,0.0150268,-70.1175
5.999,227.279,-41.6323,22.1413,0.231314,3.44733,-2.20362,-0.252583,-0.0372508,0.0059162,3749.87,3,0.181618,0,0.08,-0.0540651,-0.0129698,-0.00975898,0.0111186,-0.0287207,-0.0706896,-0.0430349,-0.0884711,6724.66,-372.858,-5180.26,-0.000908718,0.0505913,-71.5782,2350.13,-37.7933,-446.245,-0.000508565,0.00704844,-69.4108,6560.75,359.823,-4102.92,0.00342535,0.0352865,-71.8456,3107.06,415.017,-1076.5,0.00549665,0.0147584,-70.1193
6.009,227.401,-41.817,22.1427,0.23222,3.66521,-2.4894,-0.252181,-0.0372446,0.00591857,3749.79,3,0.181149,0,0.08,-0.0535245,-0.0122996,-0.00976683,0.0111132,-0.0287549,-0.0706444,-0.0430463,-0.0884729,6733.66,-295.448,-5047.66,-0.000253148,0.0479657,-71.5712,2334.75,-35.8889,-415.312,-0.000490802,0.00656753,-69.4202,6562.63,352.107,-4120.08,0.00336767,0.0354924,-71.8473,3106.05,430.079,-1091.16,0.00570431,0.0149817,-70.1206
6.019,227.523,-42.002,22.1424,0.231705,4.14079,-3.15016,-0.252962,-0.0372604,0.00592096,3749.9,3,0.181257,0,0.08,-0.0541197,-0.012779,-0.00976305,0.0111089,-0.028712,-0.0706818,-0.0430429,-0.0884861,6723.02,-289.226,-5090.95,-0.000137367,0.0488707,-71.585,2345.89,-57.7139,-444.451,-0.000826997,0.00701468,-69.414,6562.88,351.222,-4119.87,0.00336063,0.0354882,-71.8477,3105.38,421.581,-1086.65,0.005591,0.0149248,-70.1223
6.029,227.644,-42.1873,22.1429,0.230148,7.34247,-5.14304,-0.255002,-0.0372618,0.00592291,3750.03,3,0.181219,0,0.08,-0.0539392,-0.0126618,-0.00976625,0.0111046,-0.0287191,-0.0706748,-0.043046,-0.0884941,6723.95,-424.977,-4956.56,-0.00149461,0.0465078,-71.5744,2342.66,-7.11852,-426.535,-2.55842e-05,0.00674372,-69.421,6564.44,303.751,-4124.57,0.00295352,0.0355461,-71.85,3102.95,461.112,-1094.05,0.0061092,0.0149916,-70.1224
6.039,227.765,-42.3729,22.1438,0.232928,2.86622,-2.26635,-0.25229,-0.0372709,0.00592522,3750.05,3,0.180913,0,0.08,-0.0540964,-0.0126708,-0.00977685,0.0110882,-0.0287079,-0.0706833,-0.0430521,-0.0884989,6725.62,-249.502,-5108.11,0.000258876,0.0491403,-71.5845,2344.62,-43.884,-415.034,-0.000610869,0.00653021,-69.4183,6564,336.834,-4126.76,0.00323709,0.0355708,-71.8511,3103.16,438.329,-1088.51,0.00581158,0.0149376,-70.1247
6.049,227.885,-42.5589,22.1435,0.230958,5.57532,-4.42488,-0.253254,-0.0372681,0.00592717,3750.1,3,0.18103,0,0.08,-0.0534892,-0.0124193,-0.00976728,0.0111072,-0.0287445,-0.0706612,-0.0430578,-0.0885061,6734.8,-354.929,-5010.08,-0.000833259,0.0473084,-71.5735,2335.36,-21.4073,-398.008,-0.000260466,0.00628012,-69.4245,6564.51,338.304,-4121.53,0.00324816,0.0355011,-71.8535,3103.1,446.029,-1091.07,0.00591445,0.0149674,-70.1233
6.059,228.005,-42.7451,22.1442,0.231345,3.95822,-3.10037,-0.253165,-0.0372753,0.00592959,3750.34,3,0.180953,0,0.08,-0.0537586,-0.0125845,-0.0097604,0.0111054,-0.0287198,-0.0706774,-0.0430556,-0.0885217,6727.56,-336.165,-5060.39,-0.000627219,0.0482813,-71.5812,2337.39,-17.2392,-457.452,-0.000186883,0.0072865,-69.4238,6561.01,337.262,-4101.12,0.00322874,0.0352668,-71.858,3102.75,418.111,-1098.82,0.00556193,0.0151487,-70.1299
6.069,228.124,-42.9317,22.1439,0.231191,4.71284,-3.08799,-0.252831,-0.0372841,0.00593234,3750.24,3,0.181352,0,0.08,-0.0541013,-0.012728,-0.00976567,0.011108,-0.0286896,-0.0706949,-0.0430549,-0.0885331,6722.56,-417.439,-5096.81,-0.00137457,0.0490448,-71.5848,2344.15,-21.2954,-433.288,-0.000249802,0.00685251,-69.4239,6562.55,355.23,-4114.12,0.00339088,0.035417,-71.8553,3104.84,426.852,-1085.2,0.00565936,0.014894,-70.1278
6.079,228.243,-43.1185,22.1452,0.231833,5.60111,-4.04813,-0.252459,-0.0372764,0.00593404,3750.19,3,0.180824,0,0.08,-0.0536208,-0.0123948,-0.00976635,0.011109,-0.0287263,-0.0706713,-0.0430657,-0.0885337,6732.2,-337.528,-4999.48,-0.000670606,0.0471402,-71.58,2336.46,-21.7711,-393.983,-0.000266678,0.00620932,-69.4285,6562.72,355.478,-4122.39,0.00339775,0.0355203,-71.8565,3104.52,413.915,-1087.99,0.00549328,0.0149653,-70.1284
6.089,228.361,-43.3057,22.1458,0.232165,4.15302,-3.02746,-0.252786,-0.037271,0.00593629,3750.45,3,0.180713,0,0.08,-0.0533989,-0.0123281,-0.00976809,0.0111074,-0.0287402,-0.0706584,-0.0430736,-0.0885385,6735.46,-279.961,-5048.86,-0.000106785,0.047961,-71.5867,2334.24,-39.2592,-408.305,-0.000541081,0.006448,-69.4279,6562.09,345.555,-4124.38,0.00331311,0.0355518,-71.8571,3105.98,421.682,-1087.11,0.00559224,0.0149292,-70.1298
6.099,228.479,-43.4931,22.147,0.236323,1.53842,0.26198,-0.24976,-0.037275,0.00593894,3750.41,3,0.180876,0,0.08,-0.0538985,-0.0125939,-0.00977679,0.0111021,-0.0286992,-0.0706794,-0.0430733,-0.0885442,6725.71,-308.32,-5056.15,-0.000357429,0.0482108,-71.5943,2341.43,-47.0391,-432.914,-0.000660984,0.00684023,-69.4259,6560.67,350.109,-4121.97,0.00335283,0.0355298,-71.8583,3106.44,422.53,-1088.35,0.00560215,0.014946,-70.1315
6.109,228.597,-43.6809,22.1469,0.23408,3.15822,-1.41175,-0.251187,-0.0372734,0.0059413,3750.48,3,0.180842,0,0.08,-0.0537681,-0.0124633,-0.00977007,0.0110716,-0.0287081,-0.0706798,-0.0430828,-0.0885538,6726.87,-275.007,-5043.74,-4.9271e-05,0.0479566,-71.592,2339.27,-72.1347,-437.304,-0.00105924,0.00689507,-69.428,6560.88,351.328,-4125.34,0.00336526,0.0355708,-71.8583,3106.45,422.47,-1091.74,0.0056044,0.0150028,-70.1313
6.119,228.714,-43.8689,22.1461,0.230902,5.42902,-3.33769,-0.253425,-0.0372758,0.00594422,3750.53,3,0.181104,0,0.08,-0.0540702,-0.0127762,-0.00975645,0.0111222,-0.0286816,-0.0706938,-0.0430855,-0.0885612,6717.52,-416.281,-5054.99,-0.00138017,0.0483263,-71.593,2346.57,-33.413,-476.473,-0.000440856,0.0075797,-69.4287,6559.9,354.201,-4115.34,0.00338458,0.0354501,-71.8633,3106.1,423.987,-1087.93,0.00562038,0.0149384,-70.1366
6.129,228.83,-44.0573,22.1474,0.226229,8.00816,-4.23775,-0.258034,-0.0372496,0.00594681,3750.59,3,0.180951,0,0.08,-0.0525408,-0.0118236,-0.00976564,0.0111155,-0.0287589,-0.0706209,-0.0431096,-0.0885516,6731.68,-383.319,-5022.75,-0.00111784,0.0475744,-71.5864,2327.4,-50.1266,-487.404,-0.000723455,0.00782186,-69.4377,6560.69,374.032,-4142.26,0.00356947,0.0357825,-71.8632,3106.03,421.142,-1081.55,0.00558126,0.0148373,-70.1342
6.139,228.946,-44.2459,22.1488,0.239301,1.51986,-0.108424,-0.24544,-0.0372417,0.00594666,3750.64,3,0.180511,0,0.08,-0.0528402,-0.0125131,-0.00977359,0.0110482,-0.0287778,-0.0706838,-0.0431024,-0.0885656,6743.19,-506.702,-4924.75,-0.002328,0.0457866,-71.5744,2345.15,50.7993,-347.11,0.00087394,0.00536276,-69.4386,6553.71,368.88,-4109.86,0.00351159,0.0354184,-71.864,3113.84,398.5,-1085.48,0.00527692,0.0149021,-70.1341
6.149,229.062,-44.4348,22.1481,0.229672,5.07036,-2.29187,-0.256273,-0.0372535,0.00595401,3750.02,3,0.180926,0,0.08,-0.0543675,-0.0121938,-0.00977107,0.0111008,-0.0286351,-0.0706557,-0.043113,-0.0885707,6698.06,-126.772,-5174.96,0.00153387,0.0506553,-71.6298,2343.48,-154.996,-502.033,-0.00234741,0.00786545,-69.4271,6557.1,350.417,-4127.3,0.00336156,0.035621,-71.8597,3109.01,426.362,-1093.55,0.00565073,0.0150127,-70.1408
6.159,229.177,-44.6241,22.1485,0.23448,5.07638,-3.26151,-0.249535,-0.0372542,0.00595408,3750.86,3,0.180486,0,0.08,-0.0544277,-0.0135887,-0.00977252,0.0111047,-0.0286506,-0.0707325,-0.0431123,-0.0885784,6705.93,-546.718,-5003.06,-0.00263701,0.0475535,-71.5877,2365.38,79.06,-419.811,0.00132686,0.00647944,-69.4349,6555.39,361.41,-4098.93,0.00344093,0.035271,-71.8662,3109.39,398.454,-1090.02,0.00528428,0.0150009,-70.1408
6.169,229.291,-44.8136,22.1485,0.22914,5.77911,-3.5921,-0.256059,-0.0372404,0.00595882,3750.79,3,0.180628,0,0.08,-0.0536812,-0.01216,-0.00977899,0.0111028,-0.0287047,-0.0706154,-0.0431393,-0.0885647,6718.51,-248.589,-5093.87,0.000242549,0.0489516,-71.5993,2333.77,-100.443,-471.948,-0.0015123,0.00747013,-69.4371,6559.49,327.671,-4124.84,0.00316158,0.0355781,-71.8666,3105.21,434.778,-1095.4,0.00576875,0.0150489,-70.1418
6.179,229.406,-45.0034,22.1498,0.232836,1.28369,-1.43765,-0.25305,-0.0372403,0.00596037,3751.15,3,0.180026,0,0.08,-0.0533485,-0.0125542,-0.00978246,0.0110989,-0.0287387,-0.0706248,-0.0431435,-0.0885689,6737.94,-236.127,-5243.73,0.000448377,0.0516121,-71.5951,2336.57,-40.6377,-395.338,-0.000564575,0.00622182,-69.4386,6559.03,352.756,-4112.18,0.00337011,0.0354161,-71.8661,3107.12,425.971,-1074.98,0.00564036,0.014713,-70.1391
6.189,229.519,-45.1935,22.149,0.23336,5.47787,-3.69292,-0.251196,-0.0372479,0.00596466,3751.06,3,0.180564,0,0.08,-0.0539618,-0.0126525,-0.00977785,0.0111014,-0.0287101,-0.0706398,-0.0431441,-0.088582,6726.37,-457.645,-4976.02,-0.00180603,0.0468337,-71.5945,2339.41,-9.56258,-405.892,-6.67493e-05,0.00640398,-69.4412,6559.39,360.503,-4117.49,0.0034421,0.0354792,-71.8687,3105.75,416.902,-1089.64,0.00553078,0.014981,-70.1414
6.199,229.632,-45.384,22.1508,0.231598,4.65504,-1.76418,-0.254047,-0.0372513,0.00596818,3751.03,3,0.180419,0,0.08,-0.0537909,-0.012509,-0.00978031,0.0110984,-0.0287136,-0.0706395,-0.0431546,-0.0885842,6727.2,-279.361,-5110.17,-4.16888e-05,0.049177,-71.6088,2340.71,-57.5713,-456.942,-0.000828733,0.00724452,-69.4403,6561.51,339.564,-4126.77,0.00326439,0.0355869,-71.869,3104.07,422.793,-1088.42,0.00560952,0.0149592,-70.1433
6.209,229.745,-45.5746,22.15,0.234896,3.32447,-1.81169,-0.24949,-0.0372354,0.0059715,3751.44,3,0.180552,0,0.08,-0.0533213,-0.0124829,-0.00976906,0.0111032,-0.0287234,-0.0706226,-0.0431748,-0.0885721,6729.92,-400.774,-5010.78,-0.00128355,0.0473889,-71.5941,2338.35,-18.8989,-439.357,-0.000219311,0.00697341,-69.4454,6559.74,336.636,-4086.41,0.003219,0.0350903,-71.8747,3103.85,410.247,-1089.84,0.00544826,0.0150061,-70.1469
6.219,229.857,-45.7656,22.1504,0.232857,5.0649,-2.19558,-0.252373,-0.0372715,0.00597635,3751.2,3,0.18076,0,0.08,-0.0549272,-0.0132035,-0.00977974,0.0110995,-0.0286314,-0.0706933,-0.0431512,-0.0886141,6709.57,-480.295,-5088.95,-0.00194963,0.0490713,-71.6179,2358.99,-27.6337,-466.738,-0.000338053,0.00737566,-69.4373,6561.27,363.74,-4122.96,0.0034717,0.0355353,-71.871,3105.28,419.653,-1084,0.00556294,0.0148844,-70.1464
6.229,229.969,-45.9569,22.1512,0.237331,-1.07546,-0.00300532,-0.249226,-0.0372535,0.00597925,3751.32,3,0.179972,0,0.08,-0.0533408,-0.0122245,-0.00983541,0.0111419,-0.0287121,-0.0706134,-0.043153,-0.0886012,6741.29,-229.794,-5084.9,0.000378584,0.0485283,-71.5979,2333.91,-56.783,-407.499,-0.000823849,0.00641909,-69.45,6564.34,339.705,-4129.27,0.00326673,0.0355997,-71.875,3103.9,419.833,-1091.42,0.0055773,0.0150155,-70.1467
6.239,230.08,-46.1484,22.1514,0.230747,5.17706,-2.81636,-0.25515,-0.0372788,0.0059827,3751.26,3,0.180334,0,0.08,-0.054238,-0.0128552,-0.00978105,0.0110989,-0.0286678,-0.0706609,-0.0431681,-0.0886205,6723.7,-263.974,-5124.54,0.000139074,0.0494786,-71.6198,2349.51,-95.8106,-485.708,-0.00142488,0.00766772,-69.4385,6565,342.799,-4127.43,0.00329083,0.0355716,-71.8743,3101.19,425.447,-1089.26,0.00565101,0.0149837,-70.1482
6.249,230.191,-46.3403,22.1525,0.229165,10.3058,-4.96989,-0.254791,-0.0372656,0.00598487,3751.35,3,0.180281,0,0.08,-0.0533528,-0.0123208,-0.00978945,0.011095,-0.0287343,-0.0706087,-0.0431778,-0.0886167,6739.9,-403.567,-4888.28,-0.0013414,0.0451792,-71.5929,2329.55,-0.91511,-412.069,6.35284e-05,0.00653475,-69.4556,6566.25,353.134,-4124.97,0.00337937,0.0355302,-71.8737,3098.62,403.887,-1094.83,0.0053735,0.0151287,-70.1428
6.259,230.301,-46.5324,22.1514,0.231998,4.31033,-2.26133,-0.252199,-0.0372861,0.00598863,3751.48,3,0.180557,0,0.08,-0.05418,-0.0128585,-0.00977692,0.0111008,-0.0286648,-0.0706612,-0.0431691,-0.0886444,6729.88,-594.366,-5131.88,-0.00308399,0.049688,-71.6034,2347.65,41.5949,-383.805,0.000740039,0.00598023,-69.4497,6563.51,347.29,-4113.72,0.00332278,0.035407,-71.878,3102.65,443.087,-1087.19,0.00587517,0.0149095,-70.15
6.269,230.411,-46.7248,22.1534,0.230302,4.05696,-2.10263,-0.254712,-0.0372789,0.00599151,3751.39,3,0.17983,0,0.08,-0.0533407,-0.0121591,-0.00978144,0.0110992,-0.028698,-0.0706205,-0.0431855,-0.0886435,6737.93,-251.351,-5161.87,0.000232216,0.0500187,-71.6095,2333.81,-39.2833,-422.066,-0.000545153,0.00668271,-69.4535,6564.67,336.539,-4124.24,0.00323394,0.0355345,-71.8791,3102.89,426.248,-1086.32,0.00565817,0.014924,-70.1502
6.279,230.52,-46.9175,22.1537,0.23172,5.7625,-5.201,-0.254552,-0.0373102,0.00599424,3751.62,3,0.179038,0,0.08,-0.0548239,-0.0133199,-0.00978167,0.0110941,-0.0286041,-0.0707095,-0.0431679,-0.08867,6713.71,-158.347,-5066.83,0.00114118,0.0484517,-71.6307,2361.2,-35.0748,-461.468,-0.000462221,0.00727596,-69.4432,6564.95,333.783,-4131.97,0.00321658,0.0356312,-71.8785,3101.48,417.696,-1091.55,0.00554921,0.0150339,-70.1522
6.289,230.629,-47.1105,22.1534,0.232476,4.81901,-3.57433,-0.251938,-0.0372843,0.00599676,3750.66,3,0.179715,0,0.08,-0.0531741,-0.0120706,-0.00978055,0.0110846,-0.0286949,-0.0706211,-0.0432004,-0.0886537,6738.33,-273.471,-5014.9,-7.8359e-05,0.0473197,-71.6014,2330.83,-32.2994,-363.094,-0.000433016,0.00570066,-69.4599,6567.07,385.578,-4136.2,0.00366521,0.0356598,-71.8827,3099.39,408.348,-1091.23,0.00543403,0.0150562,-70.1519
6.299,230.737,-47.3037,22.1534,0.231577,5.43677,-3.09482,-0.253753,-0.0373133,0.00600006,3751.44,3,0.180086,0,0.08,-0.0544054,-0.0129854,-0.00978036,0.011097,-0.0286182,-0.0706785,-0.0431799,-0.0886817,6721.25,-368.259,-5081.15,-0.000891054,0.0487481,-71.6236,2349.44,-50.7013,-469.07,-0.000712405,0.00743243,-69.4474,6564.97,353.434,-4124.78,0.00338085,0.0355361,-71.882,3100.65,416.484,-1088.75,0.00553454,0.0149938,-70.1538
6.309,230.845,-47.4973,22.1544,0.231842,3.84009,-2.37034,-0.253703,-0.0372877,0.00600216,3751.71,3,0.179669,0,0.08,-0.052753,-0.0118268,-0.00978602,0.0111005,-0.0287118,-0.0705924,-0.043208,-0.0886687,6745.84,-273.081,-5074.36,-4.45218e-05,0.0483093,-71.6082,2323.55,-50.1232,-410.396,-0.000724691,0.00650363,-69.4609,6565.05,339.053,-4133.91,0.00325763,0.035654,-71.8845,3100.76,421.812,-1089.1,0.00560487,0.0149896,-70.1536
6.319,230.952,-47.691,22.1557,0.23455,2.23905,-1.43143,-0.251529,-0.0372943,0.00600264,3751.74,3,0.179253,0,0.08,-0.0529922,-0.0130253,-0.00978218,0.0110851,-0.028706,-0.0706713,-0.0431992,-0.088689,6742.35,-294.091,-5123.62,-0.000236722,0.0492668,-71.6118,2348.42,16.681,-381.546,0.000342921,0.00596417,-69.4528,6562.2,308.396,-4114.69,0.00298957,0.0354351,-71.8923,3103.06,402.695,-1094.1,0.00535669,0.0150946,-70.1618
6.329,231.059,-47.8851,22.1544,0.231741,6.19471,-3.19185,-0.25396,-0.0373064,0.00600908,3751.56,3,0.180066,0,0.08,-0.0545626,-0.012433,-0.00978702,0.0110913,-0.0285828,-0.0706409,-0.0431945,-0.0887062,6709.26,-334.785,-5029.24,-0.000591537,0.0479117,-71.6393,2338.13,-63.3102,-472.645,-0.00092195,0.00751816,-69.4557,6562.03,349.48,-4126.96,0.00334999,0.035584,-71.8845,3103.74,413.411,-1092.46,0.00549092,0.0150451,-70.1574
6.339,231.166,-48.0795,22.1564,0.228996,11.1879,-5.22995,-0.25587,-0.0372949,0.00600907,3751.86,3,0.179605,0,0.08,-0.0534257,-0.0127558,-0.00978406,0.0110945,-0.0286369,-0.0706637,-0.0432079,-0.0887024,6717.49,-326.872,-4906.5,-0.000623411,0.045671,-71.6143,2346.19,5.6258,-414.038,0.000175993,0.00652001,-69.4599,6562.87,337.425,-4124.22,0.00324431,0.0355461,-71.889,3099.41,398.723,-1099.03,0.00530741,0.015204,-70.16
6.349,231.272,-48.2741,22.1546,0.230882,7.3327,-4.54266,-0.254899,-0.0372733,0.00601288,3751.83,3,0.17993,0,0.08,-0.0530521,-0.01221,-0.00974976,0.0111469,-0.0286489,-0.0706067,-0.0432301,-0.0886892,6723.81,-414.975,-4896.38,-0.00144572,0.0454708,-71.6121,2336.22,-69.8723,-472.73,-0.00102659,0.00751838,-69.4592,6563.67,355.44,-4150.88,0.00341434,0.0358763,-71.8869,3100.8,420.514,-1092.89,0.00558651,0.0150555,-70.1581
6.359,231.377,-48.4689,22.1556,0.232933,4.87984,-2.95794,-0.252803,-0.0372933,0.00601566,3751.94,3,0.179673,0,0.08,-0.054271,-0.0128598,-0.00978871,0.0111051,-0.028601,-0.070663,-0.0432192,-0.0887168,6713.22,-309.596,-5081.12,-0.00033143,0.0488061,-71.6388,2349.1,-40.3528,-444.895,-0.000548687,0.00702683,-69.4572,6560.16,350.065,-4123.12,0.00335459,0.0355476,-71.8875,3105.2,418.204,-1090.5,0.00555066,0.0149961,-70.1609
6.369,231.482,-48.6641,22.1571,0.232884,0.693108,-0.803684,-0.252785,-0.0372729,0.00601739,3751.93,3,0.179098,0,0.08,-0.0531034,-0.0122685,-0.00979381,0.011092,-0.0286834,-0.0706233,-0.0432401,-0.0887083,6737,-244.994,-5228.11,0.00032764,0.0513162,-71.6163,2337.89,-35.9797,-420.863,-0.000490646,0.00665288,-69.4651,6559.69,337.182,-4129.8,0.00324492,0.0356379,-71.8888,3106.1,426.497,-1074.64,0.0056505,0.0147116,-70.1608
6.379,231.586,-48.8595,22.1564,0.232334,5.65607,-2.77624,-0.25298,-0.0372865,0.00602131,3752.05,3,0.179792,0,0.08,-0.0543511,-0.012854,-0.00979126,0.0110902,-0.0286181,-0.0706632,-0.043235,-0.0887259,6717.2,-416.901,-5068.97,-0.00137058,0.0485878,-71.6312,2351.67,-34.6589,-457.401,-0.000457296,0.00723567,-69.4606,6559.16,352.38,-4121.3,0.00337385,0.0355306,-71.8897,3105.26,418.24,-1088.46,0.00554893,0.0149615,-70.1627
6.389,231.69,-49.0552,22.1585,0.231736,4.72293,-0.461959,-0.25405,-0.0372601,0.0060235,3752.12,3,0.179667,0,0.08,-0.0529239,-0.011996,-0.00979384,0.0110822,-0.0287059,-0.0705966,-0.0432659,-0.0887083,6734.92,-295.427,-5101.49,-0.000243064,0.0489368,-71.6225,2332.57,-67.7052,-448.644,-0.00100174,0.00711501,-69.4678,6559.73,321.413,-4118.65,0.00310418,0.0354992,-71.8927,3104.15,424.023,-1094.01,0.00563087,0.0150503,-70.164
6.399,231.794,-49.2512,22.1581,0.236601,3.61039,-1.41407,-0.248453,-0.0372545,0.00602493,3752.21,3,0.17936,0,0.08,-0.0530311,-0.0126925,-0.00979772,0.0110816,-0.0287151,-0.0706374,-0.0432645,-0.0887186,6743.06,-522.968,-4978.35,-0.00245413,0.0467198,-71.6101,2346.4,51.95,-370.105,0.000893839,0.00574052,-69.4709,6557.56,346.57,-4114.82,0.00332151,0.0354603,-71.8971,3107.77,403.242,-1086.09,0.00534918,0.0149353,-70.1669
6.409,231.897,-49.4474,22.1576,0.232329,5.34391,-1.56236,-0.253376,-0.0372658,0.00603045,3752.24,3,0.179934,0,0.08,-0.0542841,-0.0125781,-0.00978953,0.011084,-0.0286095,-0.0706299,-0.0432672,-0.0887311,6711.4,-418.275,-5061.36,-0.00139313,0.0485106,-71.6406,2348.6,-74.051,-504.064,-0.00108729,0.00801853,-69.463,6558.25,351.399,-4122.09,0.0033669,0.0355468,-71.8917,3106.45,426.589,-1090.5,0.00565658,0.0149747,-70.1672
6.419,231.999,-49.6438,22.1585,0.234856,2.72659,-1.51463,-0.251194,-0.0372377,0.00603168,3752.11,3,0.179167,0,0.08,-0.0529694,-0.012147,-0.00977546,0.0111016,-0.028671,-0.0705841,-0.0432946,-0.0887079,6726.32,-291.9,-5069.75,-0.00022176,0.0484428,-71.6253,2336.56,-23.0517,-412.096,-0.000289116,0.00651405,-69.4742,6557.38,325.315,-4099.78,0.00312906,0.0352759,-71.8944,3105.84,415.602,-1094.96,0.00551928,0.0150719,-70.1661
6.429,232.101,-49.8406,22.1583,0.233267,4.56615,-2.54656,-0.253314,-0.0372629,0.00603473,3752.4,3,0.17934,0,0.08,-0.0543045,-0.0129882,-0.0097948,0.0110917,-0.0286122,-0.0706481,-0.0432829,-0.0887387,6712.76,-294.836,-5099,-0.00017443,0.0491363,-71.6416,2357.46,-88.3307,-461.423,-0.00129836,0.00723352,-69.4604,6559.14,332.757,-4125.27,0.00320855,0.0355848,-71.8945,3105.7,426.557,-1091.26,0.00565847,0.0149913,-70.169
6.439,232.202,-50.0376,22.1598,0.230846,8.91894,-3.72677,-0.254227,-0.0372469,0.00603659,3752.37,3,0.179188,0,0.08,-0.0534737,-0.0123176,-0.00981179,0.011065,-0.0286735,-0.0705969,-0.0433021,-0.088731,6724.98,-352.563,-4925.27,-0.000848088,0.0459288,-71.6244,2338.14,-28.7342,-426.476,-0.000376664,0.00675133,-69.4761,6561.21,341.265,-4133.9,0.00328418,0.0356791,-71.8956,3102.5,413.535,-1096.26,0.0054955,0.0151151,-70.1682
6.449,232.303,-50.2348,22.1581,0.234352,2.11122,-1.42565,-0.251245,-0.0372509,0.00603948,3752.63,3,0.179522,0,0.08,-0.0537178,-0.012642,-0.00979419,0.011102,-0.0286576,-0.0706087,-0.0433091,-0.0887329,6729.61,-412.032,-5155.3,-0.00131629,0.0500683,-71.6273,2346.32,-52.6052,-421.998,-0.000745044,0.00663575,-69.4704,6560.33,347.807,-4121.87,0.00333394,0.035531,-71.896,3104.97,413.469,-1082.44,0.00548521,0.014871,-70.1686
6.459,232.404,-50.4323,22.1606,0.23385,3.62443,-1.01237,-0.253085,-0.0372606,0.00604264,3752.49,3,0.179045,0,0.08,-0.054028,-0.012526,-0.00980836,0.011086,-0.0286497,-0.0706038,-0.0433086,-0.0887458,6723.9,-251.608,-5104.78,0.000232051,0.0490981,-71.644,2342.32,-68.6712,-454.776,-0.00100457,0.00719054,-69.4713,6561.69,338.255,-4128.04,0.00325436,0.035602,-71.8974,3103.04,421.164,-1089.9,0.00559228,0.0149921,-70.171
6.469,232.504,-50.6301,22.1603,0.231772,8.32447,-3.08652,-0.25275,-0.0372605,0.00604456,3752.68,3,0.179383,0,0.08,-0.0536387,-0.012538,-0.00980148,0.0110939,-0.0286788,-0.0706078,-0.0433166,-0.0887531,6730.4,-375.627,-4985.41,-0.00104562,0.0469266,-71.6241,2341.35,-50.995,-393.528,-0.000725273,0.00616959,-69.4759,6562.14,333.863,-4101.04,0.00320295,0.0352588,-71.9022,3100.48,404.354,-1099.5,0.00538467,0.0151958,-70.1729
6.479,232.603,-50.8281,22.1607,0.231353,5.33925,-2.62656,-0.254911,-0.0372772,0.00604778,3752.59,3,0.178916,0,0.08,-0.0540261,-0.0125697,-0.00980044,0.0110872,-0.0286478,-0.0706172,-0.0433178,-0.0887644,6727.43,-196.924,-5121.98,0.000780819,0.04935,-71.6506,2343.75,-86.7389,-460.098,-0.00128623,0.00725442,-69.4717,6564.12,337.511,-4130.23,0.00324723,0.0356138,-71.9,3100.14,422.132,-1091,0.0056113,0.0150241,-70.1729
6.489,232.702,-51.0265,22.1633,0.229126,3.40897,1.87968,-0.254811,-0.0372547,0.00604862,3752.9,3,0.179265,0,0.08,-0.052225,-0.0119544,-0.00981192,0.0110774,-0.0287482,-0.0705685,-0.0433435,-0.0887542,6753.04,-379.889,-5288.28,-0.00101084,0.0524016,-71.6239,2328.02,-45.3391,-452.607,-0.000646297,0.0072191,-69.4817,6562.02,347.311,-4106.59,0.00331443,0.0353269,-71.9026,3101.99,432.679,-1069.52,0.00573378,0.0146371,-70.1717
6.499,232.801,-51.225,22.1584,0.233997,5.81673,-2.91839,-0.249494,-0.0372871,0.00605199,3752.71,3,0.180007,0,0.08,-0.0543839,-0.013251,-0.00979991,0.0110908,-0.0286182,-0.0706636,-0.0433145,-0.0887908,6725.68,-722.369,-4945.47,-0.00428859,0.0463698,-71.6316,2356.47,18.8159,-473.189,0.000406475,0.00748798,-69.4744,6561.82,369.382,-4115.19,0.00351511,0.035432,-71.9037,3103.11,419.307,-1080.92,0.00556008,0.0148448,-70.1756
6.509,232.898,-51.4238,22.1617,0.231996,4.23329,-2.05135,-0.254292,-0.0372793,0.00605566,3752.74,3,0.178791,0,0.08,-0.0535293,-0.0120039,-0.00979002,0.0110988,-0.0286316,-0.0705886,-0.0433365,-0.0887813,6723.59,-158.999,-5131.33,0.00113677,0.0495455,-71.652,2334.2,-70.7127,-425.252,-0.00103772,0.00670441,-69.4828,6564.31,322.814,-4136.73,0.00312239,0.0356977,-71.9035,3100.04,409.041,-1083.04,0.00543357,0.0149145,-70.1757
6.519,232.996,-51.6228,22.1618,0.233912,5.95223,-2.81673,-0.250948,-0.0372814,0.00605566,3752.89,3,0.178848,0,0.08,-0.0536176,-0.0130692,-0.00977289,0.0111095,-0.0286435,-0.0706457,-0.0433344,-0.0887906,6728.31,-448.971,-4959.03,-0.00174081,0.0465135,-71.6292,2349.89,0.476446,-445.785,9.96188e-05,0.00704823,-69.4781,6563.08,354.472,-4116.13,0.00338631,0.0354388,-71.906,3100.09,398.859,-1087.69,0.00530381,0.0150099,-70.1762
6.529,233.093,-51.8221,22.1618,0.231591,5.86935,-2.74827,-0.253955,-0.0372963,0.00606042,3752.89,3,0.178933,0,0.08,-0.0544503,-0.012511,-0.00980237,0.011087,-0.0285882,-0.070619,-0.0433339,-0.0888103,6715.07,-369.093,-5076.32,-0.000895428,0.0487266,-71.6541,2339.98,-36.1999,-473.937,-0.000491068,0.00755575,-69.4813,6564.04,340.406,-4118.27,0.00326572,0.0354624,-71.9054,3100.48,416.672,-1085.14,0.00553429,0.0149337,-70.1777
6.539,233.189,-52.0216,22.1631,0.233664,5.45344,-3.52101,-0.251821,-0.0373065,0.00606035,3752.66,3,0.178133,0,0.08,-0.0541913,-0.0132731,-0.00980434,0.0110813,-0.0286111,-0.0706789,-0.0433316,-0.0888213,6724.5,-381.051,-5028.53,-0.00104872,0.047758,-71.6386,2356.62,51.3284,-397.969,0.000894221,0.00618095,-69.4818,6565.57,337.986,-4137.44,0.00325615,0.0356956,-71.9065,3098.9,411.757,-1088.71,0.00547452,0.0150104,-70.1774
6.549,233.285,-52.2214,22.1627,0.228072,9.60215,-3.63294,-0.256308,-0.0372947,0.00606397,3753.01,3,0.179094,0,0.08,-0.0532263,-0.011981,-0.00980684,0.0110771,-0.0286602,-0.0705858,-0.0433525,-0.0888167,6731.01,-313.693,-5037.02,-0.000443575,0.0478102,-71.6373,2328.96,-102.012,-447.262,-0.00154032,0.0070521,-69.4841,6563.77,327.031,-4082.02,0.00313078,0.0350112,-71.9123,3096.4,409.308,-1102.68,0.00545974,0.0152625,-70.1821
6.559,233.381,-52.4214,22.1634,0.233718,5.46508,-2.93269,-0.252072,-0.0373138,0.00606543,3753.19,3,0.178401,0,0.08,-0.0541214,-0.0129272,-0.00981279,0.0110747,-0.0286227,-0.0706537,-0.043341,-0.0888383,6729.14,-353.332,-5034.51,-0.000775742,0.0478053,-71.6489,2346.09,-8.93679,-410.311,-5.43812e-05,0.00646022,-69.4825,6565.39,341.864,-4140.41,0.00329071,0.0357338,-71.9087,3099.2,413.07,-1084.57,0.00548952,0.0149372,-70.179
6.569,233.476,-52.6217,22.164,0.236128,2.92303,-1.58311,-0.249633,-0.0373133,0.00606786,3753.05,3,0.178279,0,0.08,-0.0539852,-0.0126514,-0.0098249,0.0110595,-0.0286259,-0.0706397,-0.0433498,-0.0888374,6733.1,-324.007,-5043.65,-0.000511985,0.0479141,-71.6418,2340.56,-22.4666,-398.247,-0.000272177,0.00627005,-69.4852,6563.48,357.501,-4118.26,0.00341093,0.0354623,-71.9126,3098.53,410.438,-1087.72,0.00546076,0.014998,-70.1818
6.579,233.57,-52.8222,22.1637,0.232636,5.26801,-2.58531,-0.252547,-0.0373171,0.00607044,3753.28,3,0.178552,0,0.08,-0.053612,-0.012498,-0.00979791,0.011075,-0.0286354,-0.0706339,-0.0433575,-0.0888484,6735.57,-357.523,-5060.35,-0.000829286,0.048205,-71.6438,2337.43,-28.5128,-405.654,-0.000369721,0.00640078,-69.488,6566.32,335.906,-4130.77,0.0032328,0.0356063,-71.9122,3097.68,420.105,-1085.23,0.00558493,0.0149437,-70.1804
6.589,233.664,-53.023,22.1643,0.232478,1.12,-0.120665,-0.253276,-0.0373159,0.00607271,3753.8,3,0.178582,0,0.08,-0.053255,-0.0123516,-0.00980854,0.011076,-0.0286477,-0.0706242,-0.0433589,-0.0888587,6741.44,-360.148,-5245.4,-0.000787291,0.0516702,-71.6429,2335.79,-46.3206,-432.53,-0.000650968,0.00685045,-69.488,6564.11,344.893,-4145.41,0.0033159,0.0358054,-71.9135,3101.27,427.388,-1066.72,0.00566528,0.0146027,-70.1818
6.599,233.757,-53.224,22.1644,0.232057,8.10654,-3.79497,-0.252822,-0.0373285,0.0060754,3753.09,3,0.178463,0,0.08,-0.0541543,-0.0127881,-0.00981096,0.0110731,-0.0285933,-0.070666,-0.0433544,-0.0888727,6722.76,-377.274,-4969.01,-0.00103797,0.0467192,-71.6543,2345.75,-17.8182,-422.607,-0.000194775,0.00666773,-69.4869,6564.68,336.421,-4130.07,0.00323861,0.0356082,-71.9136,3098.02,412.985,-1093.98,0.00549682,0.0151014,-70.1824
6.609,233.85,-53.4252,22.1651,0.233424,1.62439,-0.642358,-0.252766,-0.0373238,0.00607763,3753.3,3,0.178288,0,0.08,-0.0537181,-0.0125241,-0.00981044,0.0110732,-0.0286147,-0.0706477,-0.0433667,-0.088876,6733.59,-277.823,-5237.04,4.25406e-05,0.0515552,-71.6512,2342.36,-51.1957,-406.04,-0.000727608,0.00637779,-69.4885,6564.49,318.483,-4122.79,0.00307921,0.0355204,-71.9156,3099.66,425.883,-1083.92,0.00565898,0.014901,-70.1841
6.619,233.943,-53.6267,22.1663,0.233349,5.16882,-0.756797,-0.253229,-0.0373303,0.00607991,3753.35,3,0.178476,0,0.08,-0.0539321,-0.012749,-0.00981935,0.0110852,-0.0285977,-0.0706606,-0.04336,-0.0888925,6724.73,-419.431,-5086.79,-0.00140719,0.0488344,-71.6503,2345.94,-7.52646,-434.686,-3.21658e-05,0.0068725,-69.49,6562.86,342.803,-4108.53,0.00328163,0.0353467,-71.9141,3099.76,416.465,-1084.35,0.00553371,0.0149246,-70.1834
6.629,234.034,-53.8284,22.1659,0.229776,10.2338,-3.60984,-0.255195,-0.037315,0.00608234,3753.43,3,0.178535,0,0.08,-0.0532564,-0.0122369,-0.00980847,0.0110712,-0.0286319,-0.0706227,-0.0433836,-0.088881,6726.26,-352.027,-4903.93,-0.000860278,0.0455532,-71.6486,2332.71,-58.3155,-445.971,-0.00085072,0.00707909,-69.493,6564.34,342.438,-4117.84,0.00328389,0.0354546,-71.9193,3094.53,401.158,-1105.43,0.00535343,0.0153335,-70.1881
6.639,234.126,-54.0303,22.1656,0.233988,4.43338,-2.13525,-0.252211,-0.0373225,0.00608476,3753.46,3,0.178305,0,0.08,-0.053966,-0.0127329,-0.00980898,0.011072,-0.0286028,-0.0706526,-0.0433826,-0.0888943,6727.28,-346.463,-5065.21,-0.000709536,0.048378,-71.6579,2343.8,-38.9159,-433.914,-0.000530171,0.0068563,-69.4894,6562.99,347.172,-4128.23,0.00332918,0.035594,-71.9175,3099.47,412.438,-1088.21,0.00548495,0.0149979,-70.1871
6.649,234.217,-54.2325,22.166,0.230709,6.14006,-2.80159,-0.25521,-0.0373206,0.00608751,3753.65,3,0.178261,0,0.08,-0.0537259,-0.012447,-0.00981248,0.0110748,-0.0286068,-0.0706348,-0.0433905,-0.0888977,6728.14,-284.417,-5091.41,-9.97405e-05,0.0488202,-71.6595,2339.15,-64.7084,-463.946,-0.000944663,0.00736291,-69.4914,6564.23,350.023,-4137.38,0.00335913,0.0357014,-71.9168,3098.65,410.468,-1086.6,0.00545952,0.0149787,-70.1865
6.659,234.307,-54.4349,22.1664,0.235716,4.57595,-1.83707,-0.249613,-0.0373091,0.00608891,3753.56,3,0.178265,0,0.08,-0.053391,-0.0124793,-0.00981529,0.0110742,-0.0286465,-0.070633,-0.0433996,-0.0889001,6739.42,-513.75,-4982.43,-0.00235099,0.046828,-71.6384,2337.06,32.7668,-359.864,0.000591507,0.00561736,-69.5005,6562.43,354.288,-4126.04,0.00338967,0.0355685,-71.9205,3100,409.812,-1086.76,0.00544844,0.0149753,-70.1873
6.669,234.397,-54.6375,22.1664,0.232207,5.13419,-2.26777,-0.254053,-0.0373196,0.00609256,3753.58,3,0.178271,0,0.08,-0.0540156,-0.0126691,-0.0098122,0.0110782,-0.0285898,-0.0706514,-0.0434,-0.0889112,6722.75,-308.858,-5103.27,-0.000323894,0.0491128,-71.6681,2346.86,-69.6651,-460.121,-0.00101442,0.00726757,-69.4902,6562.95,340.02,-4135.78,0.00327377,0.0356915,-71.9195,3099.55,414.07,-1089.57,0.00550665,0.0150173,-70.1906
6.679,234.486,-54.8404,22.1671,0.230318,8.3649,-3.97143,-0.255746,-0.0373173,0.0060945,3753.37,3,0.177967,0,0.08,-0.0537873,-0.0126452,-0.00982134,0.0110515,-0.0286072,-0.0706489,-0.0434098,-0.0889127,6724.61,-267.033,-4996.07,1.05399e-05,0.047125,-71.6615,2345.18,-69.6903,-455.373,-0.00101666,0.00719097,-69.4928,6564.91,327.266,-4146.65,0.00316846,0.0358191,-71.9203,3095.68,421.451,-1096.99,0.00561302,0.0151496,-70.1903
6.689,234.575,-55.0435,22.1668,0.234012,1.47733,-1.23227,-0.252604,-0.0373034,0.00609691,3753.65,3,0.178057,0,0.08,-0.0534349,-0.0122298,-0.00981671,0.0110683,-0.028632,-0.0706053,-0.0434236,-0.088906,6737.61,-366.743,-5177.69,-0.000875328,0.050386,-71.6514,2334.06,-37.5436,-424.949,-0.000516973,0.00673232,-69.5007,6562.13,345.286,-4115.08,0.0033049,0.0354335,-71.9222,3100.08,419.372,-1080.24,0.00557292,0.0148489,-70.1901
6.699,234.663,-55.2468,22.1676,0.232866,5.2598,-2.2391,-0.253196,-0.0373198,0.00609923,3753.76,3,0.178029,0,0.08,-0.0542236,-0.0130526,-0.00981301,0.0110753,-0.0285888,-0.0706633,-0.0434157,-0.0889272,6723.47,-393.494,-5091.25,-0.00113741,0.0489219,-71.6672,2351.19,-14.4451,-466.062,-0.000133966,0.00739132,-69.4941,6562.34,347.001,-4124.76,0.00332765,0.0355544,-71.9219,3099.54,410.718,-1085.69,0.0054605,0.0149585,-70.1921
6.709,234.751,-55.4504,22.1681,0.231874,6.82261,-3.31049,-0.254076,-0.0373034,0.00610142,3753.76,3,0.177744,0,0.08,-0.0532896,-0.01228,-0.00981792,0.0110747,-0.028645,-0.07061,-0.0434347,-0.0889203,6736.2,-313.533,-5002.07,-0.000450346,0.0471339,-71.6547,2334.92,-34.9363,-415.44,-0.000476139,0.00656981,-69.5027,6563.41,341.517,-4132,0.00328376,0.0356401,-71.9248,3098.03,415.077,-1091.75,0.00552336,0.0150601,-70.1927
6.719,234.838,-55.6541,22.169,0.234978,3.8067,-1.40928,-0.2513,-0.0373077,0.0061037,3754.57,3,0.177725,0,0.08,-0.0538436,-0.0127597,-0.00981443,0.0110701,-0.02861,-0.0706428,-0.0434348,-0.0889292,6728.41,-398.553,-5042.61,-0.00121998,0.047977,-71.6629,2346.79,-3.56804,-450.355,3.76551e-05,0.0071362,-69.5,6562.96,347.449,-4140.13,0.00334179,0.0357453,-71.9249,3100.54,417.501,-1079.66,0.00554185,0.0148402,-70.1942
6.729,234.925,-55.8581,22.1686,0.233362,5.16794,-2.03152,-0.252689,-0.0373059,0.0061064,3754.17,3,0.177898,0,0.08,-0.0538148,-0.0125063,-0.00981977,0.011069,-0.0286024,-0.0706339,-0.0434415,-0.0889341,6725.68,-363.216,-5074.1,-0.000877064,0.0485651,-71.6633,2343.42,-34.9862,-421.703,-0.000469767,0.00665225,-69.5019,6562.47,346.49,-4130.6,0.00332598,0.0356277,-71.9255,3099.62,404.746,-1088.36,0.00538489,0.0150131,-70.1953
6.739,235.011,-56.0624,22.1692,0.234032,3.83157,-1.98229,-0.252882,-0.0373011,0.00610837,3753.87,3,0.177546,0,0.08,-0.0536739,-0.0125753,-0.00980574,0.011082,-0.0286085,-0.0706301,-0.0434526,-0.088931,6727.93,-263.622,-5083.31,9.25165e-05,0.048662,-71.6689,2345.67,-55.4985,-448.804,-0.000795341,0.00709171,-69.5004,6563.25,334.793,-4134.98,0.00322827,0.0356803,-71.9264,3099.43,411.389,-1089.38,0.00547318,0.0150196,-70.1964
6.749,235.097,-56.2668,22.1689,0.233688,4.80401,-2.25441,-0.2529,-0.0373035,0.00611063,3754.06,3,0.177825,0,0.08,-0.0537747,-0.01264,-0.00981776,0.0110853,-0.0286078,-0.0706286,-0.0434554,-0.0889382,6727.86,-348.412,-5054.06,-0.000736382,0.048169,-71.6668,2345.08,-50.6737,-449.402,-0.000716932,0.00710804,-69.5018,6563.04,345.241,-4130.71,0.00331489,0.0356254,-71.9272,3098.96,413.276,-1089.56,0.00549794,0.0150217,-70.1964
6.759,235.182,-56.4715,22.1693,0.234473,1.87999,-1.07339,-0.251862,-0.03729,0.00611186,3754.19,3,0.177691,0,0.08,-0.0532722,-0.0124485,-0.00982348,0.0110232,-0.0286391,-0.0706056,-0.0434671,-0.0889319,6738.73,-412.099,-5178.21,-0.00132686,0.050403,-71.6543,2338.4,20.8429,-383.606,0.000405351,0.00602136,-69.5094,6562.08,320.857,-4114.24,0.00309481,0.0354279,-71.933,3099.76,405.196,-1086.65,0.00539456,0.0149829,-70.2005
6.769,235.267,-56.6763,22.1699,0.233875,4.95361,-2.34501,-0.253492,-0.0373106,0.00611531,3753.51,3,0.177556,0,0.08,-0.0544066,-0.0128144,-0.00981989,0.0110725,-0.0285724,-0.0706445,-0.0434598,-0.0889533,6718.61,-174.775,-5111.83,0.00099855,0.0492434,-71.6866,2350.81,-116.888,-440.919,-0.00173625,0.00685236,-69.4975,6562.95,348.951,-4139.69,0.00335251,0.0357395,-71.9301,3099.36,386.947,-1085.82,0.00514993,0.0150032,-70.2008
6.779,235.351,-56.8814,22.1699,0.229121,6.40426,-4.25358,-0.256091,-0.0372766,0.00611651,3754.67,3,0.177164,0,0.08,-0.0527894,-0.0117445,-0.00982648,0.0110715,-0.0286749,-0.0705572,-0.0434891,-0.0889326,6741.52,-196.799,-5084.69,0.000693607,0.0485038,-71.6537,2324.77,-83.6315,-435.974,-0.00125204,0.0068977,-69.5135,6564.28,348.692,-4151.75,0.00335249,0.0358847,-71.9327,3096.91,418.347,-1086.75,0.00556749,0.0149769,-70.1995
6.789,235.435,-57.0867,22.1702,0.236176,5.06897,-1.42184,-0.249053,-0.0373025,0.00611876,3754.24,3,0.177923,0,0.08,-0.0545794,-0.0135021,-0.00982074,0.0110683,-0.0285554,-0.0706787,-0.0434628,-0.0889652,6715.08,-648.516,-5043.03,-0.00360328,0.048209,-71.6656,2363.48,63.9259,-412.097,0.00109776,0.00638074,-69.5048,6559.33,362.361,-4114.88,0.00345672,0.035446,-71.9315,3103.03,401.207,-1080.31,0.00532632,0.0148671,-70.2005
6.799,235.518,-57.2922,22.1716,0.231421,4.88608,-1.84365,-0.255614,-0.0372906,0.0061221,3754.14,3,0.177253,0,0.08,-0.053761,-0.0122749,-0.009826,0.0110703,-0.0285946,-0.0705972,-0.0434887,-0.0889503,6721.45,-122.301,-5151.83,0.00151554,0.049936,-71.684,2340.07,-91.0561,-458.193,-0.00135623,0.00722574,-69.5073,6565.06,343.615,-4150.59,0.00331219,0.0358652,-71.9311,3098.13,394.066,-1091.43,0.00524956,0.0150911,-70.2022
6.809,235.601,-57.498,22.171,0.23374,4.35354,-2.2547,-0.252588,-0.0372935,0.00612278,3754.35,3,0.177347,0,0.08,-0.0538972,-0.0127823,-0.00982549,0.0110912,-0.0286081,-0.0706257,-0.0434891,-0.088953,6728.69,-377.074,-5090.35,-0.00100167,0.0488386,-71.663,2349.62,-25.0943,-446.201,-0.000309979,0.00705483,-69.5075,6563.02,348.692,-4118.27,0.00333665,0.0354674,-71.9332,3097.97,396.624,-1082.33,0.00527936,0.0149352,-70.2014
6.819,235.683,-57.7039,22.172,0.233182,6.61254,-1.89865,-0.252095,-0.0372988,0.00612592,3754.34,3,0.177452,0,0.08,-0.0541648,-0.0126775,-0.0098252,0.0110694,-0.0285902,-0.0706149,-0.0434916,-0.0889621,6719.88,-381.942,-5083.71,-0.00104272,0.0488155,-71.6729,2343.73,-4.76697,-431.257,7.29808e-06,0.0068205,-69.5121,6560.97,333.7,-4080.57,0.00318803,0.0350097,-71.9328,3097.61,413.119,-1086.61,0.00549601,0.0149795,-70.202
6.829,235.764,-57.9101,22.1714,0.232669,4.21188,-1.81343,-0.253808,-0.0372874,0.00612741,3754.32,3,0.177454,0,0.08,-0.0532039,-0.0123147,-0.00980863,0.0110896,-0.0286472,-0.0705777,-0.0435049,-0.0889556,6740.92,-341.536,-5116.95,-0.000661277,0.0491821,-71.6668,2335.91,-48.1089,-442.474,-0.000683588,0.00701881,-69.5136,6564.59,341.092,-4130.46,0.0032773,0.0356128,-71.936,3097.63,411.304,-1087,0.00547429,0.0149893,-70.2032
6.839,235.845,-58.1164,22.1719,0.233916,5.06955,-1.78836,-0.252741,-0.0373126,0.00612985,3754.41,3,0.177465,0,0.08,-0.0544578,-0.0130408,-0.00982623,0.011067,-0.0285725,-0.0706398,-0.0434887,-0.0889798,6722.62,-398.444,-5094.53,-0.00117757,0.0489952,-71.6833,2352.76,-23.712,-457.673,-0.000281163,0.00724139,-69.508,6563.64,346.663,-4126.44,0.00332531,0.0355671,-71.9345,3098.14,406.75,-1084.32,0.00541086,0.0149498,-70.204
6.849,235.926,-58.323,22.1738,0.235465,4.20625,-1.98511,-0.251645,-0.0372829,0.00613079,3754.34,3,0.176535,0,0.08,-0.0530977,-0.0119908,-0.00977845,0.0109868,-0.0286565,-0.0705667,-0.0435279,-0.0889447,6742.79,-92.9222,-5001.39,0.00162036,0.0469354,-71.672,2332.56,-79.5829,-373.542,-0.00117148,0.00581644,-69.5171,6567.83,378.46,-4157.03,0.00361432,0.0359218,-71.9372,3093.56,389.108,-1099.5,0.0051959,0.0152591,-70.2049
6.859,236.006,-58.5298,22.1726,0.235252,6.01064,-2.17855,-0.250417,-0.0373066,0.0061326,3754.43,3,0.177312,0,0.08,-0.0540006,-0.0130015,-0.00983143,0.0110606,-0.0286011,-0.0706417,-0.0435001,-0.0889857,6731.2,-489.201,-4993.29,-0.00210047,0.0470993,-71.671,2351.87,21.8699,-411.587,0.000434607,0.00645424,-69.514,6563.97,362.435,-4121.82,0.00345822,0.035503,-71.9356,3098.8,406.152,-1085.4,0.00540196,0.0149653,-70.2027
6.869,236.085,-58.7368,22.1729,0.230967,7.9274,-3.32224,-0.255653,-0.0373061,0.00613558,3754.43,3,0.177076,0,0.08,-0.0538517,-0.0123741,-0.00982593,0.0110698,-0.0285878,-0.0706014,-0.0435106,-0.0889833,6725.43,-206.433,-5044.45,0.000620615,0.0479483,-71.6878,2341.48,-72.0825,-439.125,-0.00105731,0.00691974,-69.5141,6566.43,323.09,-4142.33,0.00312928,0.0357545,-71.9443,3095.13,411.728,-1094.71,0.00548673,0.0151311,-70.2135
6.879,236.164,-58.944,22.1729,0.234008,7.34102,-3.12221,-0.252124,-0.0373054,0.00613621,3754.34,3,0.177182,0,0.08,-0.0534959,-0.0125945,-0.00983093,0.0110641,-0.0286102,-0.0706093,-0.043511,-0.088988,6734.8,-391.516,-4962.55,-0.00120316,0.0464889,-71.6731,2342.65,-39.3543,-393.356,-0.000541545,0.0061734,-69.5159,6565.79,346.969,-4136.69,0.00333124,0.0356827,-71.9404,3095.86,398.718,-1090.57,0.00531294,0.0150807,-70.2075
6.889,236.243,-59.1513,22.1738,0.233553,5.09131,-1.11908,-0.253119,-0.0373121,0.00613852,3754.97,3,0.177294,0,0.08,-0.0539007,-0.012539,-0.00982489,0.0110589,-0.0285798,-0.0706072,-0.0435131,-0.0889928,6726.41,-336.104,-5078.35,-0.000605653,0.0486236,-71.6833,2341.59,-54.6911,-445.962,-0.000782292,0.00705596,-69.5164,6565.58,338.642,-4135.39,0.0032586,0.0356692,-71.9401,3096.17,414.559,-1090.43,0.00552134,0.0150487,-70.2085
6.899,236.321,-59.3589,22.1741,0.232232,4.9229,-1.46948,-0.25528,-0.0373193,0.00613955,3754.66,3,0.177088,0,0.08,-0.0538159,-0.0127359,-0.00982524,0.01107,-0.0285763,-0.0706198,-0.0435128,-0.0889997,6727.33,-285.119,-5111.83,-9.61145e-05,0.0492099,-71.6858,2346.5,-61.4863,-495.087,-0.000887629,0.00788254,-69.5144,6566.81,331.921,-4134.8,0.00320009,0.0356548,-71.941,3094.48,415.122,-1089.07,0.00552988,0.015034,-70.2094
6.909,236.398,-59.5667,22.1739,0.233572,1.01456,-0.310452,-0.252992,-0.0373118,0.00614093,3755.13,3,0.177103,0,0.08,-0.0534589,-0.0122782,-0.0098294,0.0110667,-0.0286179,-0.0705823,-0.0435218,-0.0889977,6741.96,-377.809,-5255.59,-0.000944253,0.0518788,-71.6725,2332.93,-41.2804,-415.283,-0.000575521,0.0065685,-69.5221,6566.13,351.15,-4145.97,0.00337091,0.0357976,-71.9433,3096.17,420.093,-1073.31,0.0055847,0.0147519,-70.209
6.919,236.475,-59.7747,22.1744,0.234879,2.31626,0.00382677,-0.250884,-0.0373251,0.00614232,3754.72,3,0.177267,0,0.08,-0.0541012,-0.0130297,-0.00982679,0.0110659,-0.0285693,-0.0706391,-0.0435112,-0.0890149,6727.15,-498.672,-5206.07,-0.00214948,0.0511248,-71.6775,2348.67,29.1311,-418.687,0.000551594,0.00657673,-69.52,6563.68,339.614,-4104.48,0.00325142,0.0352907,-71.9441,3097.11,412.968,-1079.06,0.00549278,0.0148559,-70.2101
6.929,236.551,-59.9829,22.1747,0.230972,6.2752,-2.00418,-0.255679,-0.0373162,0.00614411,3754.79,3,0.177047,0,0.08,-0.0533005,-0.012218,-0.00982648,0.0110605,-0.0286069,-0.0705893,-0.0435248,-0.0890103,6735.11,-286.153,-5090.39,-0.000140078,0.0487257,-71.6848,2334.88,-75.0773,-464.251,-0.00111172,0.00736919,-69.5208,6566,332.704,-4134.5,0.00320602,0.0356562,-71.9436,3095.08,414.131,-1090.03,0.00551742,0.0150487,-70.2112
6.939,236.627,-60.1913,22.1747,0.234493,5.02191,-1.64455,-0.252256,-0.0373301,0.00614521,3754.85,3,0.177047,0,0.08,-0.0541533,-0.0129309,-0.00982661,0.0110542,-0.0285598,-0.0706409,-0.0435183,-0.0890196,6725.37,-348.084,-5070.4,-0.000716366,0.0484951,-71.6899,2350.62,-51.209,-449.351,-0.000719396,0.00709029,-69.5157,6565.71,339.867,-4129.93,0.00326713,0.0355988,-71.9441,3095.34,408.738,-1087.29,0.00544313,0.0150107,-70.212
6.949,236.702,-60.3998,22.1754,0.232485,5.3453,-1.41393,-0.253654,-0.0373157,0.00614667,3754.84,3,0.176957,0,0.08,-0.0533423,-0.0120953,-0.00983005,0.011066,-0.0286113,-0.0705831,-0.0435333,-0.0890135,6735.78,-291.406,-5101.79,-0.00019148,0.0489319,-71.6806,2331.21,-63.3116,-437.418,-0.000931127,0.00693093,-69.5253,6564.67,330.221,-4106.29,0.00316928,0.0353089,-71.9465,3094.59,406.535,-1090.43,0.00541924,0.0150712,-70.2126
6.959,236.777,-60.6086,22.1753,0.236479,5.15547,-2.41877,-0.249135,-0.0373224,0.00614743,3755.05,3,0.176633,0,0.08,-0.0538486,-0.0128137,-0.00983132,0.0110623,-0.0285848,-0.0706324,-0.0435244,-0.0890279,6735.11,-496.39,-4987.29,-0.00216594,0.0469544,-71.6768,2345.59,38.5767,-368.276,0.000687948,0.00573004,-69.5262,6564.04,353.96,-4132.61,0.0033908,0.0356412,-71.9462,3097.94,400.715,-1075.51,0.00532666,0.0148141,-70.2112
6.969,236.851,-60.8175,22.1754,0.2313,5.65408,-1.98338,-0.256069,-0.0373258,0.00615012,3754.75,3,0.176932,0,0.08,-0.0537833,-0.0124139,-0.00983064,0.0110691,-0.0285663,-0.0706097,-0.0435323,-0.0890275,6725.5,-228.244,-5139.07,0.000473689,0.0497125,-71.6987,2343.24,-103.859,-472.387,-0.00155456,0.00744243,-69.5195,6567.23,314.291,-4140.82,0.00305189,0.0357315,-71.9464,3094.49,426.275,-1094.49,0.00568007,0.0151052,-70.2155
6.979,236.925,-61.0267,22.1758,0.230092,13.8332,-4.00139,-0.254438,-0.0373185,0.00615047,3754.97,3,0.177187,0,0.08,-0.0536232,-0.0127671,-0.00982092,0.0111282,-0.0285897,-0.0706222,-0.0435355,-0.0890282,6728.21,-597.35,-4829.72,-0.00313437,0.0443658,-71.6704,2345.71,23.6895,-366.138,0.000454227,0.00570961,-69.53,6568.74,391.165,-4157.89,0.00372358,0.0359243,-71.9498,3091.4,358.122,-1078.48,0.00476685,0.0149737,-70.2116
6.989,236.998,-61.236,22.1762,0.231739,6.14836,-2.31905,-0.255756,-0.0373285,0.0061525,3754.96,3,0.176666,0,0.08,-0.0539549,-0.0125083,-0.00982642,0.0110782,-0.0285645,-0.0706135,-0.043537,-0.0890337,6725.83,-146.323,-5102.85,0.00125326,0.0489787,-71.7069,2343.73,-112.415,-487.691,-0.00168924,0.00769388,-69.5198,6566.69,336.76,-4140.67,0.00324546,0.0357292,-71.9476,3094.02,401.395,-1095.18,0.0053551,0.0151631,-70.2163
6.999,237.071,-61.4455,22.1776,0.233925,1.33861,0.00172914,-0.252662,-0.0372941,0.00615214,3755.51,3,0.176393,0,0.08,-0.0522921,-0.0117897,-0.00983194,0.011063,-0.0286865,-0.0705465,-0.0435602,-0.0890191,6762.69,-328.097,-5208.21,-0.000526622,0.0506652,-71.6686,2323.15,-39.4206,-363.218,-0.000554115,0.00571582,-69.5344,6565.33,346.37,-4150.39,0.00333198,0.0358602,-71.952,3098.47,424.98,-1074.25,0.00564653,0.0147471,-70.2148
7.009,237.143,-61.6552,22.1756,0.231598,6.69013,-2.25476,-0.255325,-0.0373418,0.00615571,3754.97,3,0.177144,0,0.08,-0.0549041,-0.0132393,-0.00982822,0.0110614,-0.0285024,-0.0706536,-0.0435313,-0.0890539,6710.44,-357.606,-5105.5,-0.00076097,0.0493179,-71.7132,2358.05,-96.3846,-537.682,-0.00143149,0.00854875,-69.5126,6565.83,342.172,-4134.52,0.00329031,0.0356559,-71.9482,3095.75,409.419,-1088.55,0.00545155,0.0150284,-70.2195
7.019,237.215,-61.8651,22.1775,0.233276,5.57033,-2.29759,-0.25302,-0.0373096,0.00615543,3755.17,3,0.176214,0,0.08,-0.0529037,-0.0121375,-0.00983619,0.011073,-0.0286227,-0.0705649,-0.0435582,-0.0890318,6741.17,-303.606,-5060.06,-0.000346581,0.0481136,-71.6795,2326.89,4.27917,-371.917,0.000139643,0.00586368,-69.5373,6565.39,330.33,-4122.64,0.00317516,0.0355104,-71.9516,3096.33,423.057,-1092.51,0.00563655,0.0150678,-70.2163
7.029,237.286,-62.0752,22.1768,0.231845,6.39106,-2.27594,-0.255732,-0.0373453,0.00615826,3755.25,3,0.176725,0,0.08,-0.0545986,-0.013021,-0.00983082,0.0110686,-0.0285094,-0.0706364,-0.043538,-0.089054,6713.44,-251.224,-5108.45,0.000269497,0.0492832,-71.713,2351.17,-110.112,-510.521,-0.0016481,0.00807446,-69.5162,6567.31,332.214,-4141.56,0.00320696,0.0357373,-71.9507,3093.01,413.38,-1091.96,0.00551102,0.0150933,-70.2199
7.039,237.356,-62.2855,22.1775,0.234877,4.52345,-1.75473,-0.251434,-0.0373291,0.00615835,3755.21,3,0.176444,0,0.08,-0.053596,-0.0126017,-0.0098121,0.0110785,-0.028587,-0.0705986,-0.0435524,-0.0890431,6738.31,-459.033,-5045.31,-0.00180264,0.0479434,-71.677,2336.06,25.5464,-396.417,0.000486673,0.00623887,-69.5361,6567.26,350.466,-4139.96,0.00336187,0.0357137,-71.9541,3093.39,395.057,-1085.45,0.00526862,0.015014,-70.2182
7.049,237.426,-62.4959,22.1776,0.231737,8.16908,-2.59946,-0.254602,-0.0373308,0.00615986,3755.3,3,0.176613,0,0.08,-0.0534133,-0.0124818,-0.00983094,0.0110646,-0.0286011,-0.0705915,-0.0435518,-0.0890507,6739.18,-398.096,-4972.64,-0.00125761,0.0466234,-71.6859,2335.08,-44.2093,-458.819,-0.00061927,0.00730549,-69.5306,6567.18,344.35,-4136.09,0.00330795,0.0356663,-71.9548,3092.44,407.483,-1090.98,0.0054339,0.0150903,-70.2196
7.059,237.496,-62.7065,22.1782,0.235598,3.55522,-1.2765,-0.25167,-0.0373311,0.0061619,3755.33,3,0.176321,0,0.08,-0.0536331,-0.0124642,-0.00983644,0.0110722,-0.0285705,-0.0705978,-0.043553,-0.0890534,6733.01,-330.513,-5063.07,-0.000577433,0.0482694,-71.6975,2336.48,-19.5219,-422.715,-0.0002269,0.00669542,-69.5333,6565.45,322.479,-4125.4,0.00311436,0.0355464,-71.9592,3093.69,392.662,-1093.86,0.00524125,0.0151578,-70.2247
7.069,237.565,-62.9173,22.1784,0.233541,5.71636,-1.86184,-0.253474,-0.0373411,0.00616303,3755.36,3,0.176383,0,0.08,-0.0539697,-0.0129298,-0.00983289,0.0110643,-0.0285445,-0.070647,-0.043548,-0.0890657,6726.26,-362.279,-5076.9,-0.000855487,0.048611,-71.7007,2352.75,-25.8185,-458.314,-0.000315907,0.00725167,-69.5284,6565.82,333.177,-4130.43,0.0032095,0.0356056,-71.9548,3094.31,404.858,-1087.26,0.00539488,0.0150225,-70.2216
7.079,237.633,-63.1283,22.1784,0.232172,6.88599,-2.06147,-0.254617,-0.0373273,0.00616473,3755.19,3,0.176535,0,0.08,-0.053511,-0.0122886,-0.0098326,0.0110596,-0.0285675,-0.0705968,-0.0435583,-0.0890563,6730.91,-367.781,-5037.01,-0.000942937,0.0478357,-71.6917,2339.23,-46.6946,-442.586,-0.000660193,0.00701183,-69.5353,6566.04,335.872,-4137.02,0.00323525,0.0356874,-71.958,3093.53,414.126,-1093.1,0.00552256,0.0151081,-70.2222
7.089,237.701,-63.3394,22.1788,0.231819,10.0224,-3.28649,-0.254448,-0.0373314,0.00616601,3755.62,3,0.176323,0,0.08,-0.053867,-0.0127337,-0.00983388,0.0110625,-0.028554,-0.0706287,-0.0435584,-0.0890671,6724.84,-378.716,-4934.1,-0.00107707,0.0460933,-71.6973,2348.63,-19.9561,-437.088,-0.000227066,0.00690424,-69.5335,6565.89,340.495,-4134.29,0.00327451,0.0356529,-71.9563,3093.4,401.839,-1093.25,0.00535894,0.0151333,-70.2223
7.099,237.768,-63.5507,22.1797,0.2302,9.67087,-3.35594,-0.256392,-0.037323,0.00616698,3755.44,3,0.175961,0,0.08,-0.0535057,-0.0124022,-0.00984023,0.0110406,-0.0285841,-0.0706034,-0.0435664,-0.0890639,6731.52,-339.919,-4971.53,-0.000705445,0.0466576,-71.6973,2341.46,-51.8047,-451.544,-0.000739026,0.00715447,-69.5357,6567.21,314.128,-4144.99,0.0030579,0.0357847,-71.9561,3093.88,400.905,-1096.61,0.00535253,0.0151887,-70.2224
7.109,237.835,-63.7622,22.1791,0.235164,5.40785,-1.31453,-0.251426,-0.0373295,0.00616862,3755.6,3,0.176541,0,0.08,-0.0540942,-0.0128442,-0.00983147,0.0110516,-0.0285383,-0.0706317,-0.0435623,-0.089072,6725.01,-462.88,-5061.17,-0.00182817,0.0483768,-71.6978,2351.38,-3.92696,-407.125,2.74181e-05,0.00639196,-69.5359,6564.6,342.432,-4133.26,0.00329215,0.0356479,-71.9576,3096.44,386.938,-1083.77,0.00515477,0.0149841,-70.2238
7.119,237.901,-63.9739,22.1798,0.232463,5.77422,-1.129,-0.254337,-0.0373222,0.00616976,3755.51,3,0.176385,0,0.08,-0.0536669,-0.0124699,-0.00983766,0.0110563,-0.0285613,-0.0706017,-0.0435737,-0.0890658,6727.1,-317.225,-5124.06,-0.000410872,0.049458,-71.7007,2343.22,-65.1309,-460.524,-0.000950612,0.00729055,-69.5356,6564.45,328.929,-4113.59,0.00316326,0.0354026,-71.9585,3095.38,412.335,-1087.04,0.00549189,0.015,-70.2252
7.129,237.967,-64.1857,22.1802,0.233966,5.74202,-1.11592,-0.253363,-0.0373325,0.00617078,3755.62,3,0.176283,0,0.08,-0.05428,-0.0130645,-0.00983521,0.011061,-0.0285322,-0.0706325,-0.0435684,-0.0890732,6721.19,-440.841,-5081.12,-0.00159148,0.048779,-71.703,2353.85,-1.93644,-468.092,6.47825e-05,0.00741705,-69.5349,6565.71,338.41,-4129.44,0.00325488,0.0355929,-71.9588,3094.42,407.642,-1087.94,0.00543107,0.0150283,-70.226
7.139,238.032,-64.3977,22.1801,0.229824,10.9985,-3.30443,-0.256713,-0.0373176,0.00617178,3755.61,3,0.176205,0,0.08,-0.0533309,-0.0122413,-0.00983563,0.0110645,-0.0285906,-0.0705692,-0.0435835,-0.0890642,6733.92,-361.941,-4929.71,-0.000929918,0.0459216,-71.6961,2334.22,-45.7031,-454.477,-0.000647349,0.00723203,-69.5415,6567.18,335.147,-4139.32,0.00322981,0.0357092,-71.9602,3091.94,408.971,-1091.78,0.0054541,0.0151037,-70.2251
7.149,238.097,-64.6099,22.1803,0.233035,6.00072,-2.14693,-0.254648,-0.0373385,0.00617281,3755.68,3,0.17601,0,0.08,-0.0541171,-0.0128937,-0.00983782,0.0110674,-0.0285405,-0.0706178,-0.0435725,-0.0890771,6726.23,-245.998,-5085.13,0.000279364,0.0487051,-71.7155,2348.24,-77.1971,-481.395,-0.00113371,0.00762219,-69.532,6566.92,340.89,-4137.97,0.00327946,0.0356926,-71.9603,3092.41,400.773,-1089.89,0.00534621,0.0150838,-70.2276
7.159,238.161,-64.8222,22.1814,0.240254,-2.57257,0.00588494,-0.2457,-0.03733,0.00617275,3755.81,3,0.175353,0,0.08,-0.0537302,-0.0124885,-0.00984268,0.0110299,-0.0285927,-0.0705973,-0.0435822,-0.0890751,6753.87,-289.874,-5404.71,-5.58683e-06,0.0548136,-71.6878,2340.5,41.3803,-120.394,0.000652579,0.0017428,-69.547,6563.54,323.656,-4102.22,0.0031099,0.035266,-71.9627,3104.11,432.493,-1051.78,0.00573077,0.0143289,-70.2255
7.169,238.225,-65.0347,22.1833,0.23483,3.14152,2.30136,-0.253702,-0.0373445,0.00617444,3755.68,3,0.1763,0,0.08,-0.0541098,-0.0126674,-0.00980142,0.0110761,-0.0285356,-0.0706031,-0.0435765,-0.0890779,6727.03,-320.923,-5123.33,-0.000429234,0.049448,-71.7105,2342.44,-87.1354,-516.676,-0.00129934,0.00824564,-69.5362,6569.48,325.431,-4142.05,0.00314684,0.0357301,-71.9663,3090.43,417.618,-1091.42,0.00557224,0.0150904,-70.2333
7.179,238.288,-65.2474,22.1813,0.233227,2.38267,-0.199963,-0.254634,-0.037343,0.00617497,3755.71,3,0.176095,0,0.08,-0.0535025,-0.012517,-0.00983177,0.0110626,-0.0285737,-0.0705935,-0.043583,-0.0890808,6739.14,-327.97,-5234.97,-0.000458233,0.0514742,-71.6999,2337.87,-59.6302,-446.481,-0.000863047,0.00707138,-69.5404,6569.63,321.588,-4132.16,0.00310698,0.0356045,-71.9639,3090.8,420.343,-1084.35,0.005605,0.0149647,-70.2279
7.189,238.35,-65.4602,22.1812,0.234044,3.99392,-1.1232,-0.253169,-0.0373517,0.00617613,3755.75,3,0.176006,0,0.08,-0.0538089,-0.0126644,-0.00983651,0.011058,-0.0285547,-0.0706046,-0.0435772,-0.0890921,6736.47,-370.421,-5143.61,-0.000911564,0.049749,-71.7041,2338.43,-28.8045,-425.795,-0.000372356,0.00673917,-69.5422,6569.13,335.769,-4134.3,0.00323112,0.0356322,-71.9651,3091.43,410.057,-1084.46,0.00546852,0.0149813,-70.2285
7.199,238.412,-65.6732,22.1825,0.233487,4.85939,0.158322,-0.254211,-0.0373522,0.00617687,3755.77,3,0.176157,0,0.08,-0.053617,-0.0126095,-0.00983899,0.0110642,-0.0285545,-0.0706055,-0.0435808,-0.0890899,6733.12,-394.535,-5096.85,-0.00116857,0.0489182,-71.7071,2338.99,-37.5014,-479.726,-0.000508314,0.00765856,-69.542,6569.74,332.249,-4134.58,0.00320046,0.0356325,-71.9657,3089.38,406.124,-1087.95,0.00542105,0.0150581,-70.2295
7.209,238.473,-65.8863,22.1794,0.234637,6.59294,-2.07487,-0.250865,-0.037371,0.00617834,3755.95,3,0.176788,0,0.08,-0.0545438,-0.013114,-0.00983534,0.0110591,-0.0284996,-0.0706567,-0.0435665,-0.0891124,6724.51,-682.27,-5030.02,-0.00390492,0.0478814,-71.6953,2350.77,32.7521,-422.674,0.000613383,0.00663491,-69.5446,6569.01,356.966,-4128.04,0.00341135,0.0355497,-71.9653,3091.48,407.657,-1084.26,0.00543435,0.0149821,-70.2303
7.219,238.534,-66.0996,22.1815,0.234855,2.06325,-1.14721,-0.252971,-0.0373599,0.00617935,3756.22,3,0.175854,0,0.08,-0.053631,-0.0124983,-0.00981289,0.0110666,-0.0285296,-0.0706104,-0.0435844,-0.0890957,6734.99,-330.755,-5151.6,-0.000519506,0.0498986,-71.7063,2340.41,-46.3911,-469.601,-0.000652932,0.00747311,-69.5447,6570.51,338.127,-4139.51,0.00325295,0.0356888,-71.9668,3090.31,409.167,-1085.87,0.00545975,0.0150125,-70.2304
7.229,238.595,-66.313,22.1823,0.23591,4.88486,-1.31686,-0.25146,-0.0373609,0.00617972,3756.01,3,0.175798,0,0.08,-0.0536542,-0.0127085,-0.00983279,0.0110648,-0.0285468,-0.0706203,-0.0435797,-0.0891064,6738.32,-435.393,-5020.22,-0.00158362,0.0474849,-71.7011,2340.93,6.31608,-406.613,0.000183108,0.0064091,-69.5477,6569.92,333.779,-4142.23,0.00321873,0.035728,-71.9685,3090.98,396.286,-1086.62,0.00528717,0.0150443,-70.2306
7.239,238.654,-66.5266,22.1824,0.234022,5.36077,-1.48538,-0.253685,-0.0373684,0.00618115,3755.99,3,0.175819,0,0.08,-0.0538315,-0.0126159,-0.00983577,0.0110571,-0.0285343,-0.0706226,-0.0435768,-0.0891163,6733.64,-332.907,-5077.52,-0.000577384,0.0485289,-71.7142,2341.19,-46.5049,-446.268,-0.000652101,0.00706946,-69.5442,6569.22,334.454,-4140.41,0.00322329,0.0357094,-71.9684,3091.31,405.78,-1089.94,0.0054151,0.0150816,-70.2323
7.249,238.714,-66.7404,22.1829,0.234656,5.55441,-1.58811,-0.252779,-0.0373645,0.00618176,3756.1,3,0.175637,0,0.08,-0.0536382,-0.0125466,-0.00983699,0.0110564,-0.028547,-0.0706187,-0.0435791,-0.0891179,6737.04,-354.371,-5038.4,-0.000811941,0.0477911,-71.7075,2339.19,-24.7828,-424.981,-0.000309647,0.00672463,-69.5476,6568.49,338.371,-4139.35,0.00325682,0.0357001,-71.9694,3091.83,396.453,-1089.72,0.00529104,0.0150916,-70.2324
7.259,238.772,-66.9543,22.1831,0.232921,5.75934,-1.68203,-0.255541,-0.0373759,0.00618362,3756.07,3,0.175618,0,0.08,-0.0541702,-0.0127461,-0.00983539,0.0110575,-0.0285045,-0.0706335,-0.0435758,-0.0891232,6725.21,-227.362,-5126.44,0.000493224,0.0494766,-71.7268,2345.82,-82.7832,-476.635,-0.00122313,0.00754011,-69.5403,6569.26,325.439,-4141.82,0.00314659,0.0357287,-71.9691,3090.31,411.31,-1091.44,0.00549024,0.0151025,-70.2343
7.269,238.831,-67.1684,22.1864,0.232922,6.57129,0.629163,-0.25552,-0.0373684,0.00618304,3756.29,3,0.175339,0,0.08,-0.0535055,-0.012368,-0.00985153,0.0110296,-0.0285701,-0.0706146,-0.0435784,-0.0891203,6736.23,-349.506,-5058.98,-0.00076111,0.0481688,-71.7073,2335.18,-36.9828,-477.41,-0.00050494,0.00763108,-69.549,6567.81,347.225,-4122.93,0.00332104,0.0354949,-71.9736,3090.01,441.614,-1089.45,0.00588752,0.0150167,-70.2364
7.279,238.888,-67.3826,22.1835,0.233291,5.60854,-1.8482,-0.255312,-0.0373737,0.00618533,3756.19,3,0.175496,0,0.08,-0.053701,-0.0125117,-0.00983791,0.0110609,-0.0285359,-0.0706116,-0.0435811,-0.0891257,6735.17,-182.424,-5101.96,0.000885184,0.0488826,-71.7262,2338.33,-101.418,-461.513,-0.00151813,0.00727311,-69.5432,6568.96,325.791,-4143.49,0.0031504,0.0357519,-71.9712,3090.12,409.377,-1091.94,0.00546639,0.0151153,-70.2355
7.289,238.945,-67.5969,22.183,0.237112,9.73848,-3.01506,-0.249646,-0.0373847,0.00618648,3756.32,3,0.17571,0,0.08,-0.0544448,-0.0131546,-0.00983561,0.0110555,-0.028495,-0.0706551,-0.0435721,-0.0891381,6725.86,-646.372,-4811.68,-0.0035594,0.0441047,-71.7055,2348.16,72.966,-340.394,0.00120844,0.00520366,-69.5518,6569.55,327.172,-4147.48,0.00316744,0.0357986,-71.9727,3090.63,429.013,-1091.37,0.00571691,0.0150681,-70.2343
7.299,239.002,-67.8115,22.1858,0.232348,5.40845,0.653374,-0.255178,-0.0373873,0.00618773,3756.16,3,0.175631,0,0.08,-0.0540788,-0.0126954,-0.00985192,0.0110317,-0.0285223,-0.0706158,-0.0435823,-0.0891323,6737.27,-146.015,-5160.1,0.00129042,0.0499302,-71.725,2331.58,-152.187,-481.537,-0.00230542,0.00754893,-69.5433,6572.2,318.34,-4148.44,0.00308664,0.0357945,-71.9714,3086.88,416.481,-1094.01,0.0055678,0.015155,-70.2361
7.309,239.058,-68.0261,22.1839,0.234334,1.62438,-0.412144,-0.252735,-0.037379,0.00618824,3756.51,3,0.175627,0,0.08,-0.0532253,-0.0123392,-0.00983498,0.0110529,-0.0285778,-0.0705893,-0.0435916,-0.089132,6755.82,-395.614,-5251.55,-0.0011342,0.051637,-71.7,2327.1,-47.9659,-405.472,-0.000681385,0.00641241,-69.5542,6569.25,383.104,-4124.1,0.00362841,0.0354921,-71.9757,3090.14,398.496,-1068.62,0.00531644,0.0147431,-70.2352
7.319,239.113,-68.2409,22.1843,0.2336,6.74705,-1.55439,-0.254249,-0.0373928,0.00619019,3756.29,3,0.175595,0,0.08,-0.0539687,-0.0127203,-0.00983703,0.0110589,-0.0285176,-0.0706248,-0.0435803,-0.0891476,6734.87,-389.614,-5044,-0.00112691,0.0479316,-71.7214,2338.42,-31.7925,-457.603,-0.00041603,0.00728151,-69.5497,6570.59,337.886,-4140.32,0.003252,0.0356986,-71.9743,3089.37,403.874,-1089.66,0.00539334,0.0150906,-70.2365
7.329,239.168,-68.4558,22.1842,0.235024,4.21762,-1.52463,-0.253045,-0.0373932,0.00619091,3756.31,3,0.17546,0,0.08,-0.0538101,-0.0126734,-0.00984258,0.0110679,-0.0285186,-0.0706329,-0.043582,-0.0891473,6737.71,-359.8,-5125.76,-0.000816408,0.049393,-71.7203,2341.86,-40.1313,-432.133,-0.000549265,0.0068308,-69.5502,6570.48,327.533,-4131,0.00315812,0.0355831,-71.9755,3090.08,406.541,-1087.78,0.00542863,0.0150505,-70.2376
7.339,239.223,-68.6709,22.1852,0.235614,4.84517,-0.769336,-0.252568,-0.0373897,0.00619194,3756.4,3,0.175438,0,0.08,-0.0537808,-0.0125645,-0.00984061,0.0110436,-0.0285152,-0.0706349,-0.0435868,-0.0891489,6735.51,-393.261,-5053.1,-0.00117006,0.0480897,-71.7138,2341.27,-22.0271,-425.261,-0.000264846,0.00672433,-69.5539,6570.47,331.255,-4143.08,0.00319605,0.0357356,-71.9766,3089.95,403.966,-1088.43,0.00539289,0.0150666,-70.2377
7.349,239.276,-68.8861,22.1849,0.234152,4.93086,-1.30077,-0.254211,-0.0373929,0.00619319,3756.39,3,0.175393,0,0.08,-0.0538834,-0.0126483,-0.00983341,0.0110585,-0.0284977,-0.0706406,-0.0435824,-0.0891546,6732.66,-343.153,-5120.95,-0.000652467,0.0493511,-71.7202,2345.15,-38.5197,-443.21,-0.000524607,0.00701089,-69.552,6569.84,329.567,-4140.57,0.00318075,0.0357082,-71.976,3090.48,407.39,-1089.78,0.00543857,0.0150804,-70.2383
7.359,239.33,-69.1015,22.1862,0.236408,4.86248,0.247196,-0.251932,-0.0373651,0.00619341,3756.41,3,0.175534,0,0.08,-0.0528561,-0.0120276,-0.00984455,0.011053,-0.0285633,-0.0705832,-0.0436,-0.0891365,6744.88,-417.789,-4955.62,-0.00147041,0.0462763,-71.7023,2328.46,-39.8158,-436.7,-0.000556887,0.00694787,-69.5599,6568.79,340.248,-4146.97,0.00327599,0.0357946,-71.9803,3090.63,405.096,-1096.56,0.0054119,0.0151979,-70.2403
7.369,239.382,-69.317,22.1856,0.235224,6.38773,-0.790263,-0.253034,-0.0373922,0.00619544,3756.48,3,0.175598,0,0.08,-0.0546312,-0.0132446,-0.00983267,0.0110462,-0.0284472,-0.070677,-0.043577,-0.0891675,6713.4,-492.755,-5064.39,-0.00209383,0.0485759,-71.7308,2359.05,5.19322,-469.046,0.000185166,0.00741508,-69.5493,6565.83,344.419,-4132.16,0.00330736,0.0356254,-71.9763,3093.67,401.585,-1087.83,0.00535378,0.0150412,-70.2407
7.379,239.435,-69.5326,22.1865,0.234398,5.45222,-0.570711,-0.254155,-0.0373672,0.00619589,3756.42,3,0.17524,0,0.08,-0.0534325,-0.0123896,-0.00984155,0.0110559,-0.0285238,-0.0706086,-0.0436023,-0.0891474,6733,-302.402,-5067.07,-0.000306342,0.0483286,-71.7161,2338.81,-42.728,-437.598,-0.000597899,0.00693082,-69.5578,6567.5,333.671,-4149.45,0.00321979,0.0358361,-71.9817,3090.82,405.204,-1095.08,0.00541313,0.0151717,-70.2441
7.389,239.486,-69.7483,22.186,0.233942,5.93389,-1.18541,-0.254656,-0.0373763,0.00619742,3756.51,3,0.175325,0,0.08,-0.0541381,-0.0127841,-0.0098381,0.0110566,-0.0284874,-0.0706295,-0.0435962,-0.0891516,6724.12,-321.307,-5096.89,-0.000441546,0.0489855,-71.7279,2347.78,-62.7725,-476.977,-0.000906527,0.00756297,-69.5513,6567.51,332.906,-4140.08,0.00321122,0.0357169,-71.9777,3091.06,403.278,-1092.66,0.00538486,0.0151331,-70.2418
7.399,239.537,-69.9642,22.186,0.230564,11.7021,-3.26131,-0.256693,-0.0373584,0.00619783,3756.36,3,0.175098,0,0.08,-0.0533349,-0.0123056,-0.00983886,0.0110587,-0.0285464,-0.0705866,-0.0436089,-0.0891423,6735.57,-364.425,-4925.32,-0.000961423,0.0458314,-71.7121,2334.15,-22.5805,-430.834,-0.00027738,0.00683938,-69.5615,6567.82,338.559,-4148.63,0.00326319,0.0358226,-71.9793,3089.25,396.27,-1095.01,0.00529626,0.0151946,-70.2404
7.409,239.588,-70.1803,22.1861,0.232932,6.02474,-1.46875,-0.256174,-0.0373774,0.00619961,3756.55,3,0.175271,0,0.08,-0.0540957,-0.0128078,-0.00983946,0.0110552,-0.0284933,-0.0706253,-0.0436012,-0.0891528,6726.63,-236.814,-5130.89,0.000398669,0.0495501,-71.7375,2348.68,-106.039,-503.8,-0.00158733,0.00797082,-69.5486,6568.29,324.442,-4144.76,0.00314007,0.0357728,-71.9789,3090.16,412.276,-1093.87,0.00550555,0.0151424,-70.244
7.419,239.638,-70.3964,22.186,0.238151,5.25768,-1.10199,-0.249257,-0.0373802,0.00620023,3756.71,3,0.175409,0,0.08,-0.0543059,-0.0132336,-0.00983866,0.0110552,-0.0284876,-0.0706477,-0.0435994,-0.0891577,6729.21,-679.069,-5002.88,-0.00387393,0.0473403,-71.7088,2351.17,100.766,-388.541,0.00164446,0.00594409,-69.5625,6567.73,362.226,-4128.99,0.00345711,0.0355691,-71.9809,3091.4,401.881,-1084.87,0.00536111,0.0150026,-70.2417
7.429,239.687,-70.6127,22.1869,0.232571,5.29783,-1.24179,-0.256192,-0.0373738,0.006202,3756.6,3,0.175052,0,0.08,-0.0536256,-0.0123618,-0.00984161,0.0110548,-0.0285245,-0.0705835,-0.0436141,-0.0891478,6737.26,-268.813,-5137.62,7.04606e-05,0.0495757,-71.7246,2334.29,-73.5334,-484.485,-0.00108868,0.00772544,-69.5587,6571.04,323.479,-4146.69,0.00313082,0.0357791,-71.9809,3088.2,414.359,-1094.89,0.00553907,0.0151664,-70.2435
7.439,239.736,-70.8291,22.187,0.235478,9.7857,-2.17171,-0.253042,-0.0373803,0.00620217,3756.66,3,0.175067,0,0.08,-0.0539472,-0.0130231,-0.00983276,0.0110579,-0.0285099,-0.0706241,-0.0436049,-0.0891566,6733.81,-490.918,-4861.21,-0.0021432,0.044814,-71.7145,2345.38,31.6311,-386.083,0.000584342,0.00603521,-69.5611,6572.19,305.414,-4157.04,0.00298263,0.035906,-71.983,3085.63,407.232,-1102.55,0.00544851,0.015322,-70.2427
7.449,239.785,-71.0456,22.1868,0.234035,4.36877,-1.16027,-0.254596,-0.037384,0.0062042,3756.67,3,0.175157,0,0.08,-0.0538472,-0.0125154,-0.00983958,0.0110571,-0.0285066,-0.0705968,-0.0436111,-0.0891592,6737.18,-336.386,-5156.39,-0.000571967,0.0499686,-71.7284,2337.4,-58.6809,-467.543,-0.000848026,0.00743682,-69.5589,6571.11,328.686,-4142.79,0.00317335,0.0357281,-71.9826,3088.69,403.407,-1086.21,0.00538861,0.0150369,-70.2448
7.459,239.832,-71.2623,22.1874,0.2358,5.76286,-1.16974,-0.252348,-0.0373947,0.00620493,3756.55,3,0.175033,0,0.08,-0.0541111,-0.0130998,-0.00983972,0.0110563,-0.0284796,-0.070642,-0.0436032,-0.0891694,6730.37,-471.701,-5061.63,-0.00190531,0.0483317,-71.7242,2348.95,20.6283,-434.137,0.000422033,0.00684401,-69.5608,6570.58,339.484,-4136.62,0.00326371,0.0356514,-71.9836,3088.85,393.968,-1087.34,0.00526303,0.0150716,-70.2451
7.469,239.88,-71.4791,22.1879,0.234702,3.30659,-0.351458,-0.254043,-0.0373903,0.00620625,3756.76,3,0.175019,0,0.08,-0.0537405,-0.0124993,-0.00983607,0.0110558,-0.0285025,-0.0706036,-0.0436119,-0.0891652,6737.4,-326.352,-5185.08,-0.000467211,0.0505129,-71.7263,2337.36,-49.5362,-453.08,-0.000704522,0.00719552,-69.562,6570.72,325.695,-4120.9,0.00313408,0.0354541,-71.9862,3087.56,394.835,-1093.16,0.00528493,0.0151748,-70.2483
7.479,239.926,-71.696,22.1878,0.235203,5.59118,-1.33746,-0.252727,-0.0373965,0.00620713,3756.83,3,0.174899,0,0.08,-0.053971,-0.0128261,-0.00982955,0.0110637,-0.0284866,-0.0706272,-0.0436069,-0.0891718,6734.2,-407.057,-5087.82,-0.00128127,0.0487459,-71.7253,2344.25,-5.35203,-437.633,2.83939e-06,0.00692734,-69.5621,6570.39,342.382,-4124.49,0.00328188,0.0354986,-71.9829,3088.59,412.05,-1090.7,0.00550484,0.0150978,-70.2441
7.489,239.973,-71.913,22.1877,0.234049,6.1478,-1.06433,-0.254011,-0.0373958,0.00620877,3756.89,3,0.175169,0,0.08,-0.0537825,-0.0125634,-0.009838,0.0110557,-0.0284831,-0.070609,-0.0436088,-0.0891748,6732.58,-443.219,-5082.42,-0.00164083,0.0486775,-71.7231,2339.04,-18.498,-456.783,-0.000208578,0.00726963,-69.5642,6570.13,332.517,-4126.61,0.00319735,0.035529,-71.9849,3088.43,406.317,-1092.56,0.00543083,0.01514,-70.2463
7.499,240.018,-72.1301,22.1887,0.235007,5.75234,-1.20237,-0.254069,-0.0374022,0.00620936,3757.09,3,0.174712,0,0.08,-0.0538685,-0.0128568,-0.00984026,0.0110531,-0.0284797,-0.070629,-0.0436065,-0.0891791,6732.98,-335.17,-5076.82,-0.00059353,0.0485244,-71.7336,2345.62,-25.0423,-455.716,-0.000307665,0.00722948,-69.5608,6571.47,331.819,-4143.94,0.00320093,0.0357399,-71.9859,3087.82,403.103,-1089.59,0.00538655,0.0150989,-70.2476
7.509,240.063,-72.3474,22.1888,0.234528,5.40382,-1.30347,-0.254652,-0.0373818,0.00621011,3757.04,3,0.174621,0,0.08,-0.0529347,-0.0120549,-0.00984142,0.0110556,-0.0285445,-0.0705676,-0.0436205,-0.0891681,6749.45,-262.069,-5066.4,5.58354e-05,0.0481213,-71.7254,2328.08,-60.0503,-424.122,-0.000877324,0.00671549,-69.5673,6571,325.26,-4146.25,0.00314495,0.0357735,-71.9876,3088.78,407.017,-1091.35,0.00543901,0.0151165,-70.2474
7.519,240.108,-72.5648,22.1883,0.233374,5.9746,-1.1173,-0.256562,-0.0374191,0.00621205,3756.93,3,0.175011,0,0.08,-0.0545349,-0.013187,-0.00984556,0.011043,-0.0284338,-0.0706539,-0.0435993,-0.0891914,6721.73,-233.499,-5151.07,0.000465038,0.049988,-71.7535,2355.58,-128.025,-532.431,-0.00192552,0.00841604,-69.5482,6571.75,327.856,-4146.66,0.00316835,0.0357732,-71.9858,3086.75,409.32,-1092.56,0.00547217,0.0151438,-70.2506
7.529,240.152,-72.7822,22.1892,0.234445,1.69687,-0.16561,-0.254299,-0.0373885,0.00621265,3757.15,3,0.174729,0,0.08,-0.0530484,-0.0120397,-0.00984264,0.0110522,-0.0285316,-0.0705574,-0.0436204,-0.0891737,6750,-404.071,-5253.29,-0.00121688,0.0517459,-71.7156,2323.3,-15.9032,-410.342,-0.000177346,0.00652296,-69.5732,6570.93,346.838,-4142.94,0.00332719,0.0357279,-71.9894,3088.99,418.242,-1075.8,0.00557896,0.0148343,-70.2478
7.539,240.195,-72.9998,22.1885,0.234524,6.24396,-1.42839,-0.254565,-0.0374199,0.00621425,3757.02,3,0.174933,0,0.08,-0.0544648,-0.0130803,-0.00983929,0.0110537,-0.0284329,-0.0706384,-0.0436009,-0.089197,6724.11,-355.884,-5071.66,-0.000771791,0.0485369,-71.7448,2348.95,-72.4358,-515.606,-0.00105619,0.00822196,-69.5565,6571.44,338.777,-4139.83,0.00325991,0.0356866,-71.9875,3087.55,408.315,-1092.28,0.00545803,0.0151365,-70.2508
7.549,240.238,-73.2176,22.1893,0.238981,3.80255,-3.65873,-0.248963,-0.0374062,0.00621432,3756.98,3,0.173525,0,0.08,-0.0536968,-0.0125399,-0.00984012,0.0110553,-0.0284913,-0.0706033,-0.0436114,-0.089189,6744.07,-184.361,-5034.57,0.000786252,0.0475642,-71.723,2331.29,29.1161,-317.765,0.000528636,0.00493736,-69.5731,6570.51,330.328,-4132.89,0.00318063,0.0356063,-71.9898,3087.22,389.005,-1088.71,0.00520223,0.0151118,-70.2486
7.559,240.28,-73.4354,22.1894,0.232142,7.73152,-0.927743,-0.25726,-0.0374193,0.00621644,3757.02,3,0.174968,0,0.08,-0.0539363,-0.012675,-0.00984061,0.01105,-0.0284539,-0.0706145,-0.0436088,-0.0891946,6728.76,-299.766,-5075.82,-0.000248472,0.0485347,-71.7424,2341.39,-101.585,-518.004,-0.00152888,0.00825311,-69.5589,6573.61,322.922,-4148.15,0.00312511,0.0357806,-71.9891,3083.92,412.536,-1097.58,0.00552171,0.0152382,-70.2512
7.569,240.322,-73.6533,22.1899,0.236052,6.36666,-0.798699,-0.252172,-0.0374168,0.00621694,3757.78,3,0.174729,0,0.08,-0.0539632,-0.0129145,-0.00983985,0.0110536,-0.0284703,-0.070624,-0.0436084,-0.0892008,6736.42,-512.427,-5033.5,-0.00230407,0.0477702,-71.7237,2340.79,49.5845,-408.223,0.00087105,0.00639883,-69.5716,6571.78,352.668,-4139.11,0.00337685,0.0356724,-71.9921,3087,380.261,-1086.22,0.00508427,0.0150866,-70.2508
7.579,240.363,-73.8713,22.1902,0.233633,6.73856,-1.31872,-0.255856,-0.037417,0.00621858,3757.11,3,0.174472,0,0.08,-0.0537043,-0.0124716,-0.00984177,0.0110489,-0.028474,-0.0706012,-0.0436124,-0.0892005,6737.9,-254.519,-5074.72,0.000171488,0.0483927,-71.7405,2336.48,-70.0208,-463.413,-0.00102913,0.00735621,-69.5655,6573.13,318.628,-4149.4,0.00308914,0.0358005,-71.991,3085.48,410.001,-1095.81,0.00548553,0.0152042,-70.2518
7.589,240.404,-74.0895,22.1898,0.235535,7.59313,-2.29791,-0.253431,-0.0374223,0.00621926,3757.2,3,0.174359,0,0.08,-0.0538596,-0.0127784,-0.00983422,0.0110431,-0.0284685,-0.0706318,-0.0436071,-0.089212,6737.85,-383.724,-4959.11,-0.00111234,0.0463983,-71.7336,2343.23,-0.764163,-438.66,7.91875e-05,0.00694713,-69.569,6571.92,330.614,-4141.62,0.00318837,0.0357076,-71.9918,3086.51,401.965,-1097.54,0.00537789,0.0152417,-70.2517
7.599,240.444,-74.3077,22.1906,0.233522,6.66936,-0.337118,-0.255514,-0.0374167,0.00622103,3757.08,3,0.174756,0,0.08,-0.0536263,-0.0124152,-0.00984547,0.011047,-0.0284644,-0.070605,-0.0436154,-0.0892042,6734.65,-323.262,-5080.59,-0.000491168,0.0485694,-71.7387,2337.4,-67.9876,-474.347,-0.000998778,0.00754502,-69.5682,6571.86,318.804,-4143.37,0.00308672,0.0357323,-71.9923,3085.38,404.628,-1092.53,0.00541185,0.0151588,-70.2531
7.609,240.483,-74.5261,22.1908,0.231652,13.2248,-1.53758,-0.256088,-0.0374142,0.00622198,3757.21,3,0.174757,0,0.08,-0.0538103,-0.012781,-0.00983546,0.0110602,-0.0284582,-0.0706186,-0.0436129,-0.089207,6726.24,-419.816,-4883.19,-0.00148883,0.0452305,-71.7322,2341.86,-0.906949,-447.086,7.43585e-05,0.00709491,-69.5709,6571.27,320.938,-4128.2,0.0030997,0.0355438,-71.9949,3083.48,380.899,-1104.12,0.00510518,0.0154057,-70.2547
7.619,240.522,-74.7445,22.1903,0.234452,8.36869,-1.9228,-0.2524,-0.0374015,0.00622257,3757.33,3,0.174491,0,0.08,-0.0535379,-0.0124334,-0.00984039,0.0110008,-0.0284785,-0.0706036,-0.0436341,-0.0891896,6734.72,-379.477,-4966.77,-0.00108631,0.0465591,-71.7334,2336.55,-27.1956,-459.15,-0.000348322,0.00731565,-69.572,6569.22,326.369,-4113.65,0.0031382,0.0353725,-71.9936,3087.57,400.591,-1093.84,0.00535622,0.0151763,-70.2537
7.629,240.561,-74.9631,22.1911,0.235248,5.74725,-0.936591,-0.253982,-0.0374132,0.00622429,3757.3,3,0.174401,0,0.08,-0.0539902,-0.0128346,-0.0098407,0.0110488,-0.0284326,-0.0706299,-0.0436144,-0.0892123,6727.32,-331.865,-5099.99,-0.000550538,0.0490129,-71.7434,2349.13,-39.2007,-451.527,-0.0005317,0.00714058,-69.5679,6569.28,346.034,-4140.74,0.00332309,0.035711,-71.9927,3088.74,392.582,-1090.39,0.00524723,0.0151258,-70.2549
7.639,240.599,-75.1817,22.191,0.236697,6.30104,-0.702269,-0.251946,-0.0374184,0.00622562,3757.01,3,0.174604,0,0.08,-0.0545166,-0.0132943,-0.00984033,0.0110525,-0.0283981,-0.0706552,-0.0436113,-0.0892168,6718.31,-545.26,-5040.12,-0.00260589,0.0480945,-71.7365,2356.67,32.4242,-445.954,0.000612043,0.00701236,-69.5711,6569.1,342.407,-4137.48,0.00329047,0.0356716,-71.9936,3088.83,391.468,-1087.41,0.00522948,0.0150774,-70.2548
7.649,240.636,-75.4005,22.1916,0.233957,5.08005,-0.602679,-0.255562,-0.037398,0.00622643,3757.32,3,0.174353,0,0.08,-0.0533449,-0.0122575,-0.00984442,0.0110494,-0.0284812,-0.0705719,-0.0436335,-0.0891989,6739.53,-280.71,-5122.99,-6.5682e-05,0.0492809,-71.7345,2333.89,-62.4061,-469.432,-0.000914066,0.00747678,-69.5746,6570.84,322.926,-4147.06,0.00312449,0.0357852,-71.9952,3087.17,403.458,-1093.23,0.00539614,0.0151632,-70.2559
7.659,240.673,-75.6193,22.1909,0.236593,5.72759,-1.63259,-0.252366,-0.0374169,0.0062269,3757.39,3,0.174321,0,0.08,-0.054317,-0.0133136,-0.00984024,0.0110516,-0.0284317,-0.0706435,-0.0436168,-0.0892162,6730.65,-436.3,-5069.42,-0.00155855,0.0484586,-71.7416,2354.79,-3.31564,-457.567,4.66616e-05,0.00723461,-69.5671,6569.28,349.962,-4139.24,0.00335612,0.0356912,-71.9947,3088.95,388.364,-1084.63,0.00518947,0.0150353,-70.2562
7.669,240.709,-75.8382,22.1918,0.233941,5.557,-0.967023,-0.255729,-0.037394,0.00622858,3757.31,3,0.174214,0,0.08,-0.0531675,-0.0119506,-0.00984489,0.0110526,-0.0284984,-0.0705432,-0.0436396,-0.0891984,6745.58,-212.48,-5109.09,0.000573354,0.0489187,-71.7393,2325.97,-82.7031,-440.357,-0.00123617,0.00697191,-69.5767,6571.55,320.399,-4149.4,0.00310459,0.0358106,-71.9962,3087.03,406.721,-1094.44,0.00544073,0.0151785,-70.2564
7.679,240.745,-76.0573,22.1918,0.237894,4.60832,-1.18059,-0.251269,-0.037406,0.00622857,3757.42,3,0.174111,0,0.08,-0.053869,-0.0130248,-0.0098434,0.0110581,-0.0284581,-0.0706163,-0.0436266,-0.0892101,6737.57,-403.475,-5047.94,-0.00126822,0.047979,-71.7399,2347.3,3.64988,-425.078,0.000148591,0.00670382,-69.5729,6569.18,331.341,-4136.85,0.00319575,0.0356651,-71.9963,3088.92,394.59,-1090.25,0.00527391,0.0151191,-70.2569
7.689,240.78,-76.2764,22.1916,0.235261,5.26577,-1.09241,-0.2541,-0.0374011,0.00623025,3757.38,3,0.174323,0,0.08,-0.05376,-0.0125029,-0.00983845,0.0110484,-0.0284539,-0.0705811,-0.0436304,-0.0892047,6735.43,-351.652,-5106.91,-0.000752631,0.0490611,-71.7414,2338.25,-41.2156,-446.326,-0.000570235,0.00708305,-69.5758,6569.98,341.105,-4141.2,0.00327946,0.0357131,-71.9933,3088.24,395.354,-1088.94,0.00528554,0.0150994,-70.254
7.699,240.814,-76.4956,22.1929,0.236203,4.90243,-0.396997,-0.25373,-0.0374056,0.00623088,3757.44,3,0.174095,0,0.08,-0.0538576,-0.0127238,-0.00985214,0.0110439,-0.0284503,-0.0706028,-0.0436294,-0.0892114,6733.36,-302.681,-5095.1,-0.000275678,0.0488414,-71.7449,2344.43,-40.86,-444.465,-0.000560802,0.00703305,-69.5737,6570.89,322.458,-4148.18,0.00312292,0.0357991,-71.9972,3087.39,404.598,-1093.78,0.00541066,0.0151691,-70.2582
7.709,240.848,-76.7149,22.1923,0.234445,4.99203,-1.34055,-0.254385,-0.0373897,0.00623174,3757.56,3,0.174008,0,0.08,-0.053315,-0.0123185,-0.00982578,0.011035,-0.028482,-0.0705687,-0.0436524,-0.0891999,6741.85,-287.294,-5149.56,-0.000118137,0.049759,-71.7382,2335.91,-47.947,-403.383,-0.000680674,0.00635309,-69.578,6570.84,309.334,-4148.72,0.00300967,0.0358085,-71.9963,3087.38,419.812,-1091.08,0.00560823,0.0150968,-70.2564
7.719,240.882,-76.9343,22.1928,0.236687,5.25349,-1.15231,-0.252784,-0.0373853,0.00623229,3757.47,3,0.173936,0,0.08,-0.0531922,-0.0123038,-0.00984339,0.0110527,-0.0284897,-0.0705667,-0.0436463,-0.0892059,6743.61,-276.378,-5041.46,-8.83588e-05,0.0477404,-71.742,2335.64,-44.5148,-406.9,-0.000625717,0.00641624,-69.5784,6569.74,325.83,-4145.92,0.00315123,0.0357776,-71.9988,3089.74,398.82,-1093.43,0.00533061,0.0151609,-70.2588
7.729,240.915,-77.1538,22.1926,0.235558,6.141,-0.41165,-0.253775,-0.0373996,0.00623389,3757.55,3,0.17441,0,0.08,-0.0542655,-0.0128937,-0.00984254,0.0110566,-0.0284144,-0.0706155,-0.0436374,-0.0892148,6722.26,-399.469,-5089.08,-0.00119949,0.0488974,-71.7515,2353.1,-39.4977,-468.257,-0.000531499,0.00741441,-69.5732,6569.37,332.033,-4142.83,0.00320362,0.0357396,-71.9977,3089.51,399.524,-1091.39,0.00533802,0.0151265,-70.2606
7.739,240.947,-77.3733,22.1932,0.236323,3.94522,-0.363261,-0.253255,-0.0373924,0.00623419,3757.54,3,0.174069,0,0.08,-0.053833,-0.01279,-0.00984452,0.0110484,-0.0284412,-0.0706063,-0.0436474,-0.0892084,6730.59,-343.114,-5161.41,-0.0006341,0.0501429,-71.7431,2350.81,-27.0887,-436.375,-0.000342609,0.00688369,-69.5774,6570.07,331.752,-4142.86,0.00319996,0.0357355,-71.9994,3088.91,391.341,-1085.61,0.00523006,0.0150468,-70.2607
7.749,240.979,-77.593,22.1932,0.23646,5.13419,-0.904004,-0.253384,-0.0373893,0.00623511,3757.58,3,0.173976,0,0.08,-0.0537659,-0.0125541,-0.00984785,0.0110385,-0.0284589,-0.0705816,-0.0436499,-0.0892074,6734.97,-328.22,-5064.55,-0.000540161,0.0482751,-71.743,2342.23,-37.9786,-436.508,-0.000519444,0.00690546,-69.5801,6570.41,327.889,-4146.33,0.00316854,0.0357778,-71.9993,3088.09,399.436,-1093.14,0.00534104,0.0151636,-70.2605
7.759,241.01,-77.8127,22.1945,0.235431,6.04951,0.30133,-0.254523,-0.0373889,0.00623537,3757.75,3,0.174036,0,0.08,-0.0535864,-0.0125858,-0.00984593,0.0110374,-0.0284744,-0.0705782,-0.0436523,-0.0892058,6736.83,-334.94,-5050.36,-0.000615341,0.0480004,-71.748,2341.93,-47.1843,-472.849,-0.000664052,0.00752384,-69.5784,6570.81,327.129,-4146.61,0.00316298,0.035779,-71.9997,3087.04,402.643,-1091.13,0.00538211,0.0151299,-70.2617
7.769,241.04,-78.0325,22.1944,0.236323,5.06315,0.546138,-0.253715,-0.0373991,0.00623656,3757.71,3,0.174144,0,0.08,-0.0540773,-0.0127638,-0.00984473,0.0110363,-0.0284442,-0.070591,-0.0436469,-0.0892137,6730.93,-366.035,-5088.11,-0.000881349,0.0487694,-71.7513,2345.59,-39.5417,-467.163,-0.000537782,0.00741933,-69.5779,6570.64,329.584,-4144.84,0.00318273,0.0357571,-72.0002,3086.99,402.218,-1091.62,0.00537803,0.0151391,-70.2622
7.779,241.071,-78.2524,22.1945,0.235442,1.16555,0.531529,-0.25452,-0.0373891,0.00623656,3757.98,3,0.173928,0,0.08,-0.053332,-0.0123036,-0.00984175,0.0110285,-0.0284968,-0.0705547,-0.0436534,-0.0892115,6748.81,-327.912,-5250.58,-0.000465559,0.0516688,-71.7406,2332.21,-55.0679,-453.916,-0.000795154,0.00722072,-69.5835,6570.71,329.751,-4157.62,0.00318851,0.0359194,-72.0017,3088.09,419.158,-1078.98,0.00559494,0.0148907,-70.262
7.789,241.1,-78.4723,22.1942,0.234935,5.62859,-0.366444,-0.255064,-0.037409,0.00623796,3757.7,3,0.173963,0,0.08,-0.0541771,-0.0128468,-0.00984425,0.0110473,-0.0284306,-0.0705987,-0.0436471,-0.0892196,6729.74,-273.791,-5118.33,3.4589e-05,0.0493,-71.7591,2347,-71.3235,-489.2,-0.00104148,0.00776854,-69.5754,6571.9,323.613,-4147.82,0.00313228,0.0357876,-72.001,3085.4,403.568,-1092.63,0.00539943,0.0151622,-70.2634
7.799,241.129,-78.6924,22.1944,0.235529,5.57216,-0.831398,-0.254155,-0.0373943,0.00623772,3757.69,3,0.173732,0,0.08,-0.0532235,-0.0123344,-0.00986629,0.0110417,-0.0284912,-0.0705595,-0.0436536,-0.0892146,6746.25,-384.352,-5086.19,-0.00109756,0.0485725,-71.7338,2332.8,-6.19261,-388.435,-2.09882e-05,0.00612769,-69.5876,6571.84,320.032,-4136.5,0.00309285,0.035645,-72.0034,3083.92,418.143,-1091.67,0.00559485,0.0151282,-70.2615
7.809,241.157,-78.9125,22.194,0.235692,5.21578,-0.47664,-0.253464,-0.0374082,0.00623858,3757.68,3,0.174052,0,0.08,-0.0538675,-0.0127274,-0.00984102,0.0110489,-0.0284371,-0.0705927,-0.0436453,-0.0892196,6735.28,-349.273,-5092.97,-0.000730833,0.0488033,-71.7524,2343.39,-55.3074,-466.74,-0.00078894,0.00740724,-69.579,6571.58,328.585,-4143.55,0.0031725,0.0357347,-72.0023,3086.49,402.023,-1090.53,0.0053767,0.0151237,-70.2635
7.819,241.185,-79.1326,22.1944,0.235385,5.37516,-0.801782,-0.253977,-0.0374123,0.00623941,3758,3,0.17381,0,0.08,-0.0539669,-0.0128073,-0.00984535,0.0110489,-0.0284275,-0.0706015,-0.0436483,-0.0892276,6731.12,-363.813,-5081.13,-0.000863096,0.0486372,-71.7515,2345.46,-27.1288,-472.927,-0.000338328,0.00752467,-69.5817,6572.69,315.766,-4165.83,0.00307406,0.0360133,-72.003,3085.57,414.936,-1093.86,0.00554858,0.0151621,-70.2639
7.829,241.213,-79.3529,22.1943,0.236967,5.27656,-1.11278,-0.25191,-0.0374076,0.00623935,3757.95,3,0.173723,0,0.08,-0.0537209,-0.0126108,-0.00984464,0.0110473,-0.0284492,-0.0705843,-0.0436499,-0.0892258,6740.27,-387.462,-5044.61,-0.00112127,0.0478834,-71.7419,2338.51,-6.60435,-418.992,-1.96884e-05,0.00662768,-69.5862,6571.58,327.483,-4134.24,0.00316169,0.0356167,-72.0033,3087.06,388.543,-1088.7,0.00519766,0.0151134,-70.2627
7.839,241.239,-79.5732,22.1946,0.235929,4.73354,-0.658537,-0.25348,-0.0374079,0.00624032,3757.83,3,0.173799,0,0.08,-0.0536873,-0.012557,-0.00984315,0.0110563,-0.0284425,-0.0705833,-0.0436544,-0.0892257,6736.62,-323.337,-5095.26,-0.000478646,0.0488189,-71.7518,2340.61,-42.8516,-459.9,-0.000595307,0.00730781,-69.5834,6572.2,324.526,-4142.38,0.00313738,0.0357164,-72.0046,3086.1,403.253,-1091.47,0.0053937,0.0151395,-70.2656
7.849,241.266,-79.7936,22.1954,0.238008,4.93773,-0.870853,-0.251271,-0.037398,0.00623991,3758.14,3,0.173462,0,0.08,-0.0532624,-0.0124769,-0.00984693,0.0110478,-0.028481,-0.0705769,-0.0436595,-0.0892297,6745.47,-426.202,-5002.9,-0.00151817,0.0470987,-71.7375,2336.62,21.2771,-391.842,0.000419773,0.00616385,-69.5901,6570.79,336.606,-4149.73,0.00324539,0.035817,-72.007,3088.42,392.751,-1085.11,0.00524721,0.0150385,-70.2654
7.859,241.291,-80.0141,22.1945,0.236927,4.89545,-1.84698,-0.253371,-0.0374071,0.00624135,3757.87,3,0.173457,0,0.08,-0.0539049,-0.0126979,-0.00984803,0.0110589,-0.0284257,-0.0705967,-0.0436501,-0.0892388,6733.72,-229.896,-5074.56,0.000404156,0.048421,-71.7596,2344.49,-63.8721,-442.14,-0.000923964,0.00697263,-69.5814,6570.62,310.709,-4145.27,0.00301968,0.035766,-72.0042,3088.8,408.207,-1091.21,0.00545472,0.015112,-70.2661
7.869,241.316,-80.2346,22.1949,0.237817,2.63699,-0.714098,-0.252305,-0.0373917,0.00624181,3757.88,3,0.173673,0,0.08,-0.0534925,-0.012371,-0.00982949,0.0110502,-0.0284459,-0.0705705,-0.0436668,-0.0892185,6735.69,-289.631,-5111.05,-0.000152761,0.0491049,-71.753,2339.8,-52.5603,-442.929,-0.000751586,0.00701116,-69.5864,6570.32,321.648,-4146.39,0.00311479,0.0357804,-72.0051,3088.25,402.71,-1092.15,0.00538398,0.0151404,-70.2663
7.879,241.341,-80.4552,22.1959,0.237309,5.24783,0.131847,-0.252019,-0.0373941,0.00624194,3758.36,3,0.173773,0,0.08,-0.0538099,-0.0128133,-0.0098478,0.0110465,-0.0284419,-0.070601,-0.0436584,-0.0892318,6728.69,-462.039,-5041.69,-0.00183595,0.0479813,-71.7475,2347.68,9.50783,-438.041,0.000242105,0.00692025,-69.5874,6568.28,335.667,-4139.95,0.00323337,0.0357097,-72.0073,3089.4,389.424,-1090.04,0.00520449,0.015122,-70.2682
7.889,241.365,-80.6758,22.1955,0.235147,5.43152,-0.699242,-0.254403,-0.0373934,0.00624289,3757.93,3,0.173664,0,0.08,-0.0538266,-0.0125781,-0.00984777,0.0110486,-0.0284381,-0.0705897,-0.0436622,-0.0892304,6729.78,-296.218,-5114.59,-0.000203455,0.0492403,-71.7602,2345.81,-54.2098,-472.916,-0.000773647,0.00750683,-69.5851,6568.66,327.007,-4138.66,0.00315745,0.0356923,-72.0054,3088.86,399.94,-1088.88,0.00534468,0.0150871,-70.2688
7.899,241.388,-80.8965,22.1964,0.235072,5.41492,0.0420771,-0.254912,-0.0373971,0.00624322,3758.47,3,0.173631,0,0.08,-0.053878,-0.0127851,-0.00984792,0.0110464,-0.0284374,-0.0705994,-0.0436634,-0.0892303,6729.48,-309.716,-5114.62,-0.000329186,0.049251,-71.7588,2350.1,-57.3361,-487.979,-0.000820155,0.00775088,-69.5835,6569.9,326.287,-4150.66,0.00315792,0.0358367,-72.0062,3087.52,408.75,-1084.49,0.00545781,0.0150047,-70.2691
7.909,241.411,-81.1173,22.1979,0.242299,-0.118284,1.72701,-0.248027,-0.0373985,0.00624306,3758.02,3,0.173476,0,0.08,-0.0539737,-0.0126709,-0.00991043,0.010983,-0.028459,-0.0705935,-0.0436625,-0.0892347,6737.7,-396.026,-5056.8,-0.00119316,0.0481349,-71.7478,2340.92,-10.4769,-422.808,-8.14497e-05,0.00668555,-69.5909,6569.76,324.375,-4137.07,0.00313655,0.0356653,-72.0065,3087.51,399.091,-1094.95,0.00534116,0.0151978,-70.2666
7.919,241.433,-81.3382,22.196,0.232114,5.89506,-0.499795,-0.257768,-0.0374026,0.00624475,3757.93,3,0.173645,0,0.08,-0.053667,-0.012379,-0.00984958,0.0110475,-0.0284584,-0.0705618,-0.0436704,-0.0892272,6737.38,-146.617,-5175.91,0.00129361,0.0502326,-71.7644,2337.19,-143.802,-520.271,-0.00219199,0.00823468,-69.5827,6572.95,308.465,-4153.32,0.00300339,0.0358531,-72.005,3083.38,413.679,-1096.09,0.00553954,0.0152136,-70.268
7.929,241.455,-81.5591,22.1969,0.235674,5.93344,-0.399981,-0.253126,-0.0373993,0.00624389,3757.8,3,0.173358,0,0.08,-0.0533465,-0.0125447,-0.0098492,0.0110434,-0.028507,-0.0705557,-0.0436721,-0.0892309,6752.6,-365.344,-5051.88,-0.00091939,0.0478749,-71.7449,2330.62,-4.13803,-423.892,1.81946e-05,0.00673315,-69.5937,6573.75,328.218,-4145.16,0.00317251,0.0357407,-72.0096,3085.57,393.563,-1090.21,0.00526733,0.015138,-70.2679
7.939,241.476,-81.78,22.1968,0.235499,6.1837,0.0575402,-0.254243,-0.0374171,0.00624527,3758.12,3,0.173612,0,0.08,-0.0541053,-0.012753,-0.0098418,0.0110354,-0.0284449,-0.0705858,-0.0436597,-0.0892476,6735.16,-377.216,-5073.94,-0.0009943,0.0484683,-71.7628,2339.21,-27.9389,-461.432,-0.000354097,0.00734653,-69.5874,6571.8,332.846,-4144.09,0.00320991,0.0357393,-72.009,3085.47,395.894,-1089.91,0.00529637,0.0151294,-70.2695
7.949,241.497,-82.001,22.1977,0.239694,0.460269,0.713955,-0.252179,-0.0374122,0.0062449,3758.07,3,0.173325,0,0.08,-0.0536388,-0.0124839,-0.00984374,0.0110375,-0.0284594,-0.0705752,-0.043662,-0.0892436,6746.47,-258.271,-5101.36,0.000130814,0.0487911,-71.756,2332.7,-60.7907,-444.498,-0.000884353,0.00705138,-69.5903,6573.04,317.215,-4152.08,0.00307819,0.0358353,-72.0088,3084.88,402.881,-1093.41,0.00539326,0.0151793,-70.2683
7.959,241.517,-82.2221,22.1967,0.234314,5.62663,-0.56711,-0.255228,-0.0374269,0.00624612,3758.1,3,0.173467,0,0.08,-0.0540162,-0.0127122,-0.00985033,0.0110418,-0.0284295,-0.070601,-0.0436643,-0.0892494,6734.05,-278.217,-5124.24,-1.45841e-05,0.049365,-71.7641,2342.21,-72.6588,-488.59,-0.00106635,0.00777212,-69.5862,6573.87,328.209,-4155.69,0.00316982,0.0358739,-72.0099,3082.6,401.485,-1092.04,0.00537614,0.0151709,-70.2708
7.969,241.536,-82.4432,22.1972,0.235623,4.3877,-0.526498,-0.253704,-0.037423,0.00624562,3758.04,3,0.173264,0,0.08,-0.0535964,-0.012605,-0.00985069,0.0110439,-0.0284648,-0.0705947,-0.0436665,-0.0892501,6744.88,-316.902,-5137.85,-0.000405458,0.0495194,-71.7515,2337.95,-30.4405,-427.449,-0.000399901,0.00676786,-69.5924,6574.05,332.038,-4145.55,0.00320067,0.035743,-72.0117,3083.48,391.811,-1087.14,0.00524778,0.0151006,-70.2695
7.979,241.555,-82.6643,22.1976,0.236035,4.38415,0.123733,-0.253613,-0.037423,0.00624607,3758.17,3,0.173382,0,0.08,-0.0535467,-0.0124898,-0.00984589,0.0110439,-0.0284612,-0.0705921,-0.0436652,-0.0892541,6743.72,-326.648,-5106.86,-0.000514904,0.0489573,-71.7572,2337.36,-41.3119,-434.551,-0.000572855,0.00688423,-69.5918,6572.97,328.467,-4155.56,0.00317669,0.0358781,-72.0125,3084.86,401.91,-1090.5,0.00537804,0.0151322,-70.271
7.989,241.573,-82.8855,22.1971,0.235868,7.10975,-0.52399,-0.253431,-0.0374324,0.00624668,3758.22,3,0.173447,0,0.08,-0.0540746,-0.0128899,-0.00984751,0.0110457,-0.0284231,-0.0706241,-0.0436588,-0.0892638,6732.77,-430.893,-5036.82,-0.00152278,0.0478407,-71.7588,2347.22,7.27414,-424.239,0.000204865,0.00668862,-69.5913,6573.32,307.561,-4148.6,0.0029935,0.0357907,-72.0116,3085.47,410.611,-1088.78,0.00548899,0.0150846,-70.2708
7.999,241.591,-83.1068,22.1985,0.235997,3.53109,0.635245,-0.254225,-0.0374229,0.00624694,3758.39,3,0.173257,0,0.08,-0.0535659,-0.0123952,-0.00985592,0.0110363,-0.0284529,-0.0705858,-0.0436659,-0.0892576,6741.29,-289.933,-5115.45,-0.000154959,0.0491256,-71.7583,2334.65,-56.2725,-464.876,-0.000813264,0.00740147,-69.593,6573.17,328.825,-4168.15,0.0031865,0.0360376,-72.0128,3084.95,405.351,-1089.87,0.00542331,0.0151149,-70.2716
